onset	duration	sample	trial_type	value	object_id	stimulus_id	onset_source	analysis_include
42.895	0.0	42895	response	6	n/a	n/a	trigger	0
42.9	0.0	42900	block_onset	101	n/a	n/a	trigger	0
44.954	0.5	44954	trained	32727	40	memtrain/o_648_2.jpg	photodiode	1
45.704	0.5	45704	trained	32736	31	memtrain/o_465_2.jpg	photodiode	1
46.605	0.5	46605	trained	32747	20	memtrain/o_290_1.jpg	photodiode	1
47.356	0.5	47356	untrained	32692	75	memtrain/o_564_1.jpg	photodiode	1
48.157	0.5	48157	catch	32671	n/a	catch_padded.jpg	photodiode	0
48.515	0.0	48515	response	6	n/a	n/a	trigger	0
50.258	0.5	50258	trained	32723	44	memtrain/so_045_1.jpg	photodiode	1
51.059	0.5	51059	untrained	32719	48	memtrain/o_019_2.jpg	photodiode	1
51.81	0.5	51810	untrained	32690	77	memtrain/o_574_2.jpg	photodiode	1
52.56	0.5	52560	untrained	32694	73	memtrain/o_519_2.jpg	photodiode	1
53.411	0.5	53411	catch	32671	n/a	catch_padded.jpg	photodiode	0
53.75	0.0	53750	response	6	n/a	n/a	trigger	0
55.413	0.5	55413	trained	32735	32	memtrain/o_485_2.jpg	photodiode	1
56.263	0.5	56263	trained	32761	6	memtrain/o_076_1.jpg	photodiode	1
57.164	0.5	57164	untrained	32679	88	memtrain/o_458_1.jpg	photodiode	1
57.956	0.5	57956	catch	32671	n/a	catch_padded.jpg	photodiode	0
58.286	0.0	58286	response	6	n/a	n/a	trigger	0
59.908	0.5	59908	trained	32737	30	memtrain/o_437_2.jpg	photodiode	1
60.809	0.5	60809	untrained	32714	53	memtrain/o_142_2.jpg	photodiode	1
61.76	0.5	61760	trained	32744	23	memtrain/o_338_2.jpg	photodiode	1
62.61	0.5	62610	untrained	32695	72	memtrain/o_490_1.jpg	photodiode	1
63.511	0.5	63511	catch	32671	n/a	catch_padded.jpg	photodiode	0
63.799	0.0	63799	response	6	n/a	n/a	trigger	0
65.463	0.5	65463	untrained	32676	91	memtrain/o_605_1.jpg	photodiode	1
66.314	0.5	66314	trained	32763	4	memtrain/o_042_1.jpg	photodiode	1
67.064	0.5	67064	trained	32766	1	memtrain/o_015_1.jpg	photodiode	1
67.915	0.5	67915	catch	32671	n/a	catch_padded.jpg	photodiode	0
68.294	0.0	68294	response	6	n/a	n/a	trigger	0
69.917	0.5	69917	trained	32745	22	memtrain/o_321_1.jpg	photodiode	1
70.667	0.5	70667	trained	32740	27	memtrain/o_379_2.jpg	photodiode	1
71.518	0.5	71518	untrained	32707	60	memtrain/o_228_2.jpg	photodiode	1
72.269	0.5	72269	untrained	32687	80	memtrain/o_613_1.jpg	photodiode	1
73.169	0.5	73169	catch	32671	n/a	catch_padded.jpg	photodiode	0
73.53	0.0	73530	response	6	n/a	n/a	trigger	0
75.171	0.5	75171	trained	32728	39	memtrain/o_606_1.jpg	photodiode	1
75.922	0.5	75922	untrained	32685	82	memtrain/o_656_1.jpg	photodiode	1
76.672	0.5	76672	trained	32756	11	memtrain/o_117_2.jpg	photodiode	1
77.523	0.5	77523	untrained	32701	66	memtrain/o_342_2.jpg	photodiode	1
78.374	0.5	78374	untrained	32710	57	memtrain/o_171_1.jpg	photodiode	1
79.275	0.5	79275	catch	32671	n/a	catch_padded.jpg	photodiode	0
79.625	0.0	79625	response	6	n/a	n/a	trigger	0
81.326	0.5	81326	trained	32752	15	memtrain/o_195_1.jpg	photodiode	1
82.277	0.5	82277	untrained	32684	83	memtrain/so_105_1.jpg	photodiode	1
83.178	0.5	83178	untrained	32698	69	memtrain/o_464_2.jpg	photodiode	1
83.928	0.5	83928	catch	32671	n/a	catch_padded.jpg	photodiode	0
84.33	0.0	84330	response	6	n/a	n/a	trigger	0
85.88	0.5	85880	trained	32734	33	memtrain/o_536_1.jpg	photodiode	1
86.773	0.5	86773	untrained	32703	64	memtrain/o_334_2.jpg	photodiode	1
87.523	0.5	87523	untrained	32693	74	memtrain/o_550_1.jpg	photodiode	1
88.274	0.5	88274	trained	32726	41	memtrain/o_663_2.jpg	photodiode	1
89.125	0.5	89125	trained	32733	34	memtrain/o_558_2.jpg	photodiode	1
89.925	0.5	89925	catch	32671	n/a	catch_padded.jpg	photodiode	0
90.264	0.0	90264	response	6	n/a	n/a	trigger	0
91.827	0.5	91827	untrained	32705	62	memtrain/o_304_1.jpg	photodiode	1
92.628	0.5	92628	untrained	32696	71	memtrain/o_483_1.jpg	photodiode	1
93.578	0.5	93578	trained	32741	26	memtrain/o_376_1.jpg	photodiode	1
94.329	0.5	94329	untrained	32673	94	memtrain/so_067_1.jpg	photodiode	1
95.08	0.5	95080	untrained	32688	79	memtrain/o_600_1.jpg	photodiode	1
95.93	0.5	95930	catch	32671	n/a	catch_padded.jpg	photodiode	0
96.178	0.0	96178	response	6	n/a	n/a	trigger	0
97.932	0.5	97932	trained	32751	16	memtrain/o_199_2.jpg	photodiode	1
98.683	0.5	98683	trained	32754	13	memtrain/o_136_1.jpg	photodiode	1
99.533	0.5	99533	trained	32760	7	memtrain/o_091_2.jpg	photodiode	1
100.484	0.5	100484	untrained	32716	51	memtrain/o_103_2.jpg	photodiode	1
101.385	0.5	101385	catch	32671	n/a	catch_padded.jpg	photodiode	0
101.743	0.0	101743	response	6	n/a	n/a	trigger	0
103.437	0.5	103437	untrained	32675	92	memtrain/so_033_1.jpg	photodiode	1
104.338	0.5	104338	trained	32743	24	memtrain/o_357_1.jpg	photodiode	1
105.088	0.5	105088	untrained	32704	63	memtrain/o_310_2.jpg	photodiode	1
105.889	0.5	105889	catch	32671	n/a	catch_padded.jpg	photodiode	0
106.216	0.0	106216	response	6	n/a	n/a	trigger	0
107.891	0.5	107891	untrained	32674	93	memtrain/so_035_1.jpg	photodiode	1
108.841	0.5	108841	untrained	32686	81	memtrain/o_655_2.jpg	photodiode	1
109.692	0.5	109692	untrained	32691	76	memtrain/o_570_1.jpg	photodiode	1
110.543	0.5	110543	untrained	32699	68	memtrain/o_393_1.jpg	photodiode	1
111.394	0.5	111394	untrained	32700	67	memtrain/o_378_1.jpg	photodiode	1
112.194	0.5	112194	catch	32671	n/a	catch_padded.jpg	photodiode	0
112.592	0.0	112592	response	6	n/a	n/a	trigger	0
114.196	0.5	114196	untrained	32708	59	memtrain/o_201_2.jpg	photodiode	1
115.147	0.5	115147	trained	32725	42	memtrain/so_034_2.jpg	photodiode	1
115.939	0.5	115939	untrained	32718	49	memtrain/o_054_2.jpg	photodiode	1
116.848	0.5	116848	catch	32671	n/a	catch_padded.jpg	photodiode	0
117.244	0.0	117244	response	6	n/a	n/a	trigger	0
118.942	0.5	118942	untrained	32672	95	memtrain/so_125_1.jpg	photodiode	1
119.692	0.5	119692	trained	32729	38	memtrain/o_603_1.jpg	photodiode	1
120.493	0.5	120493	trained	32765	2	memtrain/o_035_1.jpg	photodiode	1
121.444	0.5	121444	catch	32671	n/a	catch_padded.jpg	photodiode	0
121.789	0.0	121789	response	6	n/a	n/a	trigger	0
123.545	0.5	123545	trained	32755	12	memtrain/o_127_2.jpg	photodiode	1
124.396	0.5	124396	untrained	32697	70	memtrain/o_471_2.jpg	photodiode	1
125.197	0.5	125197	trained	32749	18	memtrain/o_264_2.jpg	photodiode	1
126.006	0.5	126006	catch	32671	n/a	catch_padded.jpg	photodiode	0
126.409	0.0	126409	response	6	n/a	n/a	trigger	0
128.099	0.5	128099	trained	32721	46	memtrain/so_113_1.jpg	photodiode	1
128.85	0.5	128850	untrained	32677	90	memtrain/o_580_1.jpg	photodiode	1
129.751	0.5	129751	trained	32764	3	memtrain/o_040_2.jpg	photodiode	1
130.701	0.5	130701	untrained	32713	54	memtrain/o_145_1.jpg	photodiode	1
131.652	0.5	131652	trained	32759	8	memtrain/o_094_1.jpg	photodiode	1
132.603	0.5	132603	catch	32671	n/a	catch_padded.jpg	photodiode	0
132.906	0.0	132906	response	6	n/a	n/a	trigger	0
134.655	0.5	134655	untrained	32682	85	memtrain/o_218_1.jpg	photodiode	1
135.456	0.5	135456	untrained	32702	65	memtrain/o_337_2.jpg	photodiode	1
136.356	0.5	136356	trained	32739	28	memtrain/o_397_1.jpg	photodiode	1
137.157	0.5	137157	catch	32671	n/a	catch_padded.jpg	photodiode	0
137.518	0.0	137518	response	6	n/a	n/a	trigger	0
139.109	0.5	139109	untrained	32715	52	memtrain/o_141_1.jpg	photodiode	1
139.959	0.5	139959	untrained	32711	56	memtrain/o_163_2.jpg	photodiode	1
140.76	0.5	140760	trained	32732	35	memtrain/o_561_2.jpg	photodiode	1
141.511	0.5	141511	untrained	32683	84	memtrain/so_117_2.jpg	photodiode	1
142.311	0.5	142311	trained	32757	10	memtrain/o_111_2.jpg	photodiode	1
143.254	0.5	143254	catch	32671	n/a	catch_padded.jpg	photodiode	0
143.559	0.0	143559	response	6	n/a	n/a	trigger	0
145.364	0.5	145364	trained	32730	37	memtrain/o_597_1.jpg	photodiode	1
146.306	0.5	146306	untrained	32706	61	memtrain/o_298_2.jpg	photodiode	1
147.266	0.5	147266	trained	32758	9	memtrain/o_101_2.jpg	photodiode	1
148.066	0.5	148066	trained	32767	0	memtrain/o_006_1.jpg	photodiode	1
148.809	0.5	148809	catch	32671	n/a	catch_padded.jpg	photodiode	0
149.182	0.0	149182	response	6	n/a	n/a	trigger	0
150.919	0.5	150919	trained	32720	47	memtrain/so_147_2.jpg	photodiode	1
151.861	0.5	151861	trained	32748	19	memtrain/o_284_2.jpg	photodiode	1
152.662	0.5	152662	trained	32762	5	memtrain/o_067_1.jpg	photodiode	1
153.563	0.5	153563	catch	32671	n/a	catch_padded.jpg	photodiode	0
153.864	0.0	153864	response	6	n/a	n/a	trigger	0
155.464	0.5	155464	trained	32746	21	memtrain/o_319_1.jpg	photodiode	1
156.215	0.5	156215	trained	32731	36	memtrain/o_583_1.jpg	photodiode	1
156.965	0.5	156965	untrained	32689	78	memtrain/o_599_1.jpg	photodiode	1
157.866	0.5	157866	untrained	32717	50	memtrain/o_057_2.jpg	photodiode	1
158.667	0.5	158667	catch	32671	n/a	catch_padded.jpg	photodiode	0
159.017	0.0	159017	response	6	n/a	n/a	trigger	0
160.569	0.5	160569	untrained	32712	55	memtrain/o_153_2.jpg	photodiode	1
161.519	0.5	161519	trained	32722	45	memtrain/so_090_2.jpg	photodiode	1
162.42	0.5	162420	untrained	32678	89	memtrain/o_469_1.jpg	photodiode	1
163.321	0.5	163321	trained	32742	25	memtrain/o_358_2.jpg	photodiode	1
164.172	0.5	164172	catch	32671	n/a	catch_padded.jpg	photodiode	0
164.522	0.0	164522	response	6	n/a	n/a	trigger	0
166.073	0.5	166073	trained	32738	29	memtrain/o_416_1.jpg	photodiode	1
166.974	0.5	166974	untrained	32709	58	memtrain/o_192_1.jpg	photodiode	1
167.825	0.5	167825	trained	32750	17	memtrain/o_232_1.jpg	photodiode	1
168.675	0.5	168675	trained	32753	14	memtrain/o_174_1.jpg	photodiode	1
169.526	0.5	169526	catch	32671	n/a	catch_padded.jpg	photodiode	0
169.763	0.0	169763	response	6	n/a	n/a	trigger	0
171.478	0.5	171478	trained	32724	43	memtrain/so_043_2.jpg	photodiode	1
172.379	0.5	172379	untrained	32680	87	memtrain/o_365_1.jpg	photodiode	1
173.321	0.5	173321	untrained	32681	86	memtrain/o_288_1.jpg	photodiode	1
174.13	0.5	174130	catch	32671	n/a	catch_padded.jpg	photodiode	0
174.64	0.0	174640	response	6	n/a	n/a	trigger	0
176.232	0.5	176232	untrained	32683	84	memtrain/so_117_2.jpg	photodiode	1
176.982	0.5	176982	trained	32743	24	memtrain/o_357_1.jpg	photodiode	1
177.825	0.5	177825	trained	32763	4	memtrain/o_042_1.jpg	photodiode	1
178.675	0.5	178675	untrained	32687	80	memtrain/o_613_1.jpg	photodiode	1
179.626	0.5	179626	catch	32671	n/a	catch_padded.jpg	photodiode	0
179.864	0.0	179864	response	6	n/a	n/a	trigger	0
181.528	0.5	181528	trained	32733	34	memtrain/o_558_2.jpg	photodiode	1
182.479	0.5	182479	trained	32762	5	memtrain/o_067_1.jpg	photodiode	1
183.229	0.5	183229	untrained	32711	56	memtrain/o_163_2.jpg	photodiode	1
184.18	0.5	184180	untrained	32686	81	memtrain/o_655_2.jpg	photodiode	1
185.081	0.5	185081	trained	32761	6	memtrain/o_076_1.jpg	photodiode	1
185.882	0.5	185882	catch	32671	n/a	catch_padded.jpg	photodiode	0
186.258	0.0	186258	response	6	n/a	n/a	trigger	0
187.833	0.5	187833	trained	32745	22	memtrain/o_321_1.jpg	photodiode	1
188.684	0.5	188684	untrained	32689	78	memtrain/o_599_1.jpg	photodiode	1
189.435	0.5	189435	trained	32755	12	memtrain/o_127_2.jpg	photodiode	1
190.335	0.5	190335	untrained	32714	53	memtrain/o_142_2.jpg	photodiode	1
191.136	0.5	191136	untrained	32690	77	memtrain/o_574_2.jpg	photodiode	1
192.037	0.5	192037	catch	32671	n/a	catch_padded.jpg	photodiode	0
192.378	0.0	192378	response	6	n/a	n/a	trigger	0
193.938	0.5	193938	untrained	32709	58	memtrain/o_192_1.jpg	photodiode	1
194.839	0.5	194839	untrained	32718	49	memtrain/o_054_2.jpg	photodiode	1
195.59	0.5	195590	untrained	32708	59	memtrain/o_201_2.jpg	photodiode	1
196.34	0.5	196340	trained	32723	44	memtrain/so_045_1.jpg	photodiode	1
197.291	0.5	197291	untrained	32691	76	memtrain/o_570_1.jpg	photodiode	1
198.242	0.5	198242	catch	32671	n/a	catch_padded.jpg	photodiode	0
198.593	0.0	198593	response	6	n/a	n/a	trigger	0
200.344	0.5	200344	trained	32750	17	memtrain/o_232_1.jpg	photodiode	1
201.145	0.5	201145	untrained	32684	83	memtrain/so_105_1.jpg	photodiode	1
201.945	0.5	201945	trained	32765	2	memtrain/o_035_1.jpg	photodiode	1
202.896	0.5	202896	trained	32759	8	memtrain/o_094_1.jpg	photodiode	1
203.747	0.5	203747	untrained	32693	74	memtrain/o_550_1.jpg	photodiode	1
204.689	0.5	204689	catch	32671	n/a	catch_padded.jpg	photodiode	0
205.049	0.0	205049	response	6	n/a	n/a	trigger	0
206.699	0.5	206699	untrained	32712	55	memtrain/o_153_2.jpg	photodiode	1
207.442	0.5	207442	untrained	32706	61	memtrain/o_298_2.jpg	photodiode	1
208.192	0.5	208192	untrained	32676	91	memtrain/o_605_1.jpg	photodiode	1
209.093	0.5	209093	catch	32671	n/a	catch_padded.jpg	photodiode	0
209.438	0.0	209438	response	6	n/a	n/a	trigger	0
211.095	0.5	211095	trained	32751	16	memtrain/o_199_2.jpg	photodiode	1
212.046	0.5	212046	trained	32739	28	memtrain/o_397_1.jpg	photodiode	1
212.955	0.5	212955	untrained	32701	66	memtrain/o_342_2.jpg	photodiode	1
213.747	0.5	213747	catch	32671	n/a	catch_padded.jpg	photodiode	0
214.061	0.0	214061	response	6	n/a	n/a	trigger	0
215.649	0.5	215649	trained	32722	45	memtrain/so_090_2.jpg	photodiode	1
216.449	0.5	216449	untrained	32704	63	memtrain/o_310_2.jpg	photodiode	1
217.25	0.5	217250	untrained	32705	62	memtrain/o_304_1.jpg	photodiode	1
218.101	0.5	218101	trained	32754	13	memtrain/o_136_1.jpg	photodiode	1
219.051	0.5	219051	catch	32671	n/a	catch_padded.jpg	photodiode	0
219.401	0.0	219401	response	6	n/a	n/a	trigger	0
220.953	0.5	220953	trained	32756	11	memtrain/o_117_2.jpg	photodiode	1
221.854	0.5	221854	trained	32760	7	memtrain/o_091_2.jpg	photodiode	1
222.655	0.5	222655	untrained	32703	64	memtrain/o_334_2.jpg	photodiode	1
223.605	0.5	223605	untrained	32685	82	memtrain/o_656_1.jpg	photodiode	1
224.506	0.5	224506	untrained	32678	89	memtrain/o_469_1.jpg	photodiode	1
225.457	0.5	225457	catch	32671	n/a	catch_padded.jpg	photodiode	0
225.78	0.0	225780	response	6	n/a	n/a	trigger	0
227.509	0.5	227509	untrained	32698	69	memtrain/o_464_2.jpg	photodiode	1
228.459	0.5	228459	trained	32721	46	memtrain/so_113_1.jpg	photodiode	1
229.36	0.5	229360	untrained	32679	88	memtrain/o_458_1.jpg	photodiode	1
230.211	0.5	230211	trained	32742	25	memtrain/o_358_2.jpg	photodiode	1
231.112	0.5	231112	catch	32671	n/a	catch_padded.jpg	photodiode	0
231.43	0.0	231430	response	6	n/a	n/a	trigger	0
233.055	0.5	233055	trained	32747	20	memtrain/o_290_1.jpg	photodiode	1
233.856	0.5	233856	trained	32731	36	memtrain/o_583_1.jpg	photodiode	1
234.765	0.5	234765	trained	32724	43	memtrain/so_043_2.jpg	photodiode	1
235.565	0.5	235565	untrained	32717	50	memtrain/o_057_2.jpg	photodiode	1
236.358	0.5	236358	trained	32728	39	memtrain/o_606_1.jpg	photodiode	1
237.208	0.5	237208	catch	32671	n/a	catch_padded.jpg	photodiode	0
237.585	0.0	237585	response	6	n/a	n/a	trigger	0
239.16	0.5	239160	trained	32746	21	memtrain/o_319_1.jpg	photodiode	1
240.011	0.5	240011	untrained	32692	75	memtrain/o_564_1.jpg	photodiode	1
240.862	0.5	240862	untrained	32710	57	memtrain/o_171_1.jpg	photodiode	1
241.712	0.5	241712	catch	32671	n/a	catch_padded.jpg	photodiode	0
242.237	0.0	242237	response	6	n/a	n/a	trigger	0
243.814	0.5	243814	trained	32735	32	memtrain/o_485_2.jpg	photodiode	1
244.765	0.5	244765	trained	32729	38	memtrain/o_603_1.jpg	photodiode	1
245.666	0.5	245666	untrained	32674	93	memtrain/so_035_1.jpg	photodiode	1
246.466	0.5	246466	trained	32740	27	memtrain/o_379_2.jpg	photodiode	1
247.217	0.5	247217	untrained	32702	65	memtrain/o_337_2.jpg	photodiode	1
248.118	0.5	248118	catch	32671	n/a	catch_padded.jpg	photodiode	0
248.36	0.0	248360	response	6	n/a	n/a	trigger	0
250.119	0.5	250119	untrained	32699	68	memtrain/o_393_1.jpg	photodiode	1
251.02	0.5	251020	trained	32764	3	memtrain/o_040_2.jpg	photodiode	1
251.771	0.5	251771	trained	32758	9	memtrain/o_101_2.jpg	photodiode	1
252.571	0.5	252571	trained	32725	42	memtrain/so_034_2.jpg	photodiode	1
253.322	0.5	253322	catch	32671	n/a	catch_padded.jpg	photodiode	0
253.65	0.0	253650	response	6	n/a	n/a	trigger	0
255.424	0.5	255424	trained	32766	1	memtrain/o_015_1.jpg	photodiode	1
256.325	0.5	256325	untrained	32719	48	memtrain/o_019_2.jpg	photodiode	1
257.125	0.5	257125	untrained	32673	94	memtrain/so_067_1.jpg	photodiode	1
257.926	0.5	257926	trained	32744	23	memtrain/o_338_2.jpg	photodiode	1
258.727	0.5	258727	catch	32671	n/a	catch_padded.jpg	photodiode	0
259.047	0.0	259047	response	6	n/a	n/a	trigger	0
260.728	0.5	260728	untrained	32694	73	memtrain/o_519_2.jpg	photodiode	1
261.679	0.5	261679	trained	32727	40	memtrain/o_648_2.jpg	photodiode	1
262.572	0.5	262572	untrained	32695	72	memtrain/o_490_1.jpg	photodiode	1
263.331	0.5	263331	catch	32671	n/a	catch_padded.jpg	photodiode	0
263.705	0.0	263705	response	6	n/a	n/a	trigger	0
265.232	0.5	265232	trained	32753	14	memtrain/o_174_1.jpg	photodiode	1
266.125	0.5	266125	trained	32741	26	memtrain/o_376_1.jpg	photodiode	1
266.875	0.5	266875	trained	32737	30	memtrain/o_437_2.jpg	photodiode	1
267.676	0.5	267676	untrained	32713	54	memtrain/o_145_1.jpg	photodiode	1
268.577	0.5	268577	catch	32671	n/a	catch_padded.jpg	photodiode	0
268.972	0.0	268972	response	6	n/a	n/a	trigger	0
270.478	0.5	270478	untrained	32682	85	memtrain/o_218_1.jpg	photodiode	1
271.429	0.5	271429	untrained	32681	86	memtrain/o_288_1.jpg	photodiode	1
272.18	0.5	272180	trained	32726	41	memtrain/o_663_2.jpg	photodiode	1
272.981	0.5	272981	untrained	32680	87	memtrain/o_365_1.jpg	photodiode	1
273.931	0.5	273931	untrained	32675	92	memtrain/so_033_1.jpg	photodiode	1
274.732	0.5	274732	catch	32671	n/a	catch_padded.jpg	photodiode	0
275.029	0.0	275029	response	6	n/a	n/a	trigger	0
276.834	0.5	276834	trained	32752	15	memtrain/o_195_1.jpg	photodiode	1
277.735	0.5	277735	untrained	32700	67	memtrain/o_378_1.jpg	photodiode	1
278.585	0.5	278585	trained	32749	18	memtrain/o_264_2.jpg	photodiode	1
279.536	0.5	279536	untrained	32715	52	memtrain/o_141_1.jpg	photodiode	1
280.487	0.5	280487	untrained	32688	79	memtrain/o_600_1.jpg	photodiode	1
281.238	0.5	281238	catch	32671	n/a	catch_padded.jpg	photodiode	0
281.602	0.0	281602	response	6	n/a	n/a	trigger	0
283.139	0.5	283139	untrained	32672	95	memtrain/so_125_1.jpg	photodiode	1
284.09	0.5	284090	trained	32730	37	memtrain/o_597_1.jpg	photodiode	1
284.941	0.5	284941	trained	32720	47	memtrain/so_147_2.jpg	photodiode	1
285.741	0.5	285741	untrained	32697	70	memtrain/o_471_2.jpg	photodiode	1
286.592	0.5	286592	trained	32738	29	memtrain/o_416_1.jpg	photodiode	1
287.543	0.5	287543	catch	32671	n/a	catch_padded.jpg	photodiode	0
287.786	0.0	287786	response	6	n/a	n/a	trigger	0
289.545	0.5	289545	trained	32767	0	memtrain/o_006_1.jpg	photodiode	1
290.395	0.5	290395	untrained	32716	51	memtrain/o_103_2.jpg	photodiode	1
291.246	0.5	291246	trained	32757	10	memtrain/o_111_2.jpg	photodiode	1
292.197	0.5	292197	catch	32671	n/a	catch_padded.jpg	photodiode	0
292.881	0.0	292881	response	6	n/a	n/a	trigger	0
294.09	0.5	294090	untrained	32677	90	memtrain/o_580_1.jpg	photodiode	1
294.991	0.5	294991	untrained	32707	60	memtrain/o_228_2.jpg	photodiode	1
295.892	0.5	295892	trained	32736	31	memtrain/o_465_2.jpg	photodiode	1
296.801	0.5	296801	trained	32748	19	memtrain/o_284_2.jpg	photodiode	1
297.701	0.5	297701	catch	32671	n/a	catch_padded.jpg	photodiode	0
298.062	0.0	298062	response	6	n/a	n/a	trigger	0
299.745	0.5	299745	untrained	32696	71	memtrain/o_483_1.jpg	photodiode	1
300.545	0.5	300545	trained	32734	33	memtrain/o_536_1.jpg	photodiode	1
301.446	0.5	301446	trained	32732	35	memtrain/o_561_2.jpg	photodiode	1
302.297	0.5	302297	catch	32671	n/a	catch_padded.jpg	photodiode	0
302.594	0.0	302594	response	6	n/a	n/a	trigger	0
308.786	0.0	308786	block_end	120	n/a	n/a	trigger	0
319.205	0.0	319205	response	6	n/a	n/a	trigger	0
319.208	0.0	319208	block_onset	102	n/a	n/a	trigger	0
321.263	0.5	321263	trained	32721	46	memtrain/so_113_1.jpg	photodiode	1
322.214	0.5	322214	trained	32727	40	memtrain/o_648_2.jpg	photodiode	1
322.964	0.5	322964	trained	32758	9	memtrain/o_101_2.jpg	photodiode	1
323.815	0.5	323815	trained	32764	3	memtrain/o_040_2.jpg	photodiode	1
324.566	0.5	324566	trained	32740	27	memtrain/o_379_2.jpg	photodiode	1
325.316	0.5	325316	catch	32671	n/a	catch_padded.jpg	photodiode	0
325.704	0.0	325704	response	6	n/a	n/a	trigger	0
327.368	0.5	327368	trained	32750	17	memtrain/o_232_1.jpg	photodiode	1
328.261	0.5	328261	trained	32766	1	memtrain/o_015_1.jpg	photodiode	1
329.22	0.5	329220	trained	32757	10	memtrain/o_111_2.jpg	photodiode	1
330.07	0.5	330070	catch	32671	n/a	catch_padded.jpg	photodiode	0
330.352	0.0	330352	response	6	n/a	n/a	trigger	0
332.122	0.5	332122	untrained	32673	94	memtrain/so_067_1.jpg	photodiode	1
332.873	0.5	332873	untrained	32710	57	memtrain/o_171_1.jpg	photodiode	1
333.665	0.5	333665	untrained	32709	58	memtrain/o_192_1.jpg	photodiode	1
334.516	0.5	334516	trained	32755	12	memtrain/o_127_2.jpg	photodiode	1
335.467	0.5	335467	untrained	32694	73	memtrain/o_519_2.jpg	photodiode	1
336.268	0.5	336268	catch	32671	n/a	catch_padded.jpg	photodiode	0
336.604	0.0	336604	response	6	n/a	n/a	trigger	0
338.369	0.5	338369	untrained	32716	51	memtrain/o_103_2.jpg	photodiode	1
339.22	0.5	339220	trained	32724	43	memtrain/so_043_2.jpg	photodiode	1
340.121	0.5	340121	untrained	32702	65	memtrain/o_337_2.jpg	photodiode	1
340.871	0.5	340871	untrained	32701	66	memtrain/o_342_2.jpg	photodiode	1
341.722	0.5	341722	catch	32671	n/a	catch_padded.jpg	photodiode	0
342.18	0.0	342180	response	6	n/a	n/a	trigger	0
343.724	0.5	343724	untrained	32680	87	memtrain/o_365_1.jpg	photodiode	1
344.474	0.5	344474	untrained	32675	92	memtrain/so_033_1.jpg	photodiode	1
345.325	0.5	345325	trained	32741	26	memtrain/o_376_1.jpg	photodiode	1
346.176	0.5	346176	trained	32731	36	memtrain/o_583_1.jpg	photodiode	1
347.077	0.5	347077	catch	32671	n/a	catch_padded.jpg	photodiode	0
347.447	0.0	347447	response	6	n/a	n/a	trigger	0
349.178	0.5	349178	untrained	32678	89	memtrain/o_469_1.jpg	photodiode	1
350.029	0.5	350029	untrained	32689	78	memtrain/o_599_1.jpg	photodiode	1
350.98	0.5	350980	untrained	32715	52	memtrain/o_141_1.jpg	photodiode	1
351.881	0.5	351881	trained	32763	4	memtrain/o_042_1.jpg	photodiode	1
352.781	0.5	352781	trained	32730	37	memtrain/o_597_1.jpg	photodiode	1
353.632	0.5	353632	catch	32671	n/a	catch_padded.jpg	photodiode	0
353.922	0.0	353922	response	6	n/a	n/a	trigger	0
355.684	0.5	355684	trained	32725	42	memtrain/so_034_2.jpg	photodiode	1
356.485	0.5	356485	trained	32733	34	memtrain/o_558_2.jpg	photodiode	1
357.435	0.5	357435	untrained	32714	53	memtrain/o_142_2.jpg	photodiode	1
358.178	0.5	358178	untrained	32699	68	memtrain/o_393_1.jpg	photodiode	1
359.137	0.5	359137	trained	32749	18	memtrain/o_264_2.jpg	photodiode	1
360.029	0.5	360029	catch	32671	n/a	catch_padded.jpg	photodiode	0
360.398	0.0	360398	response	6	n/a	n/a	trigger	0
362.089	0.5	362089	untrained	32692	75	memtrain/o_564_1.jpg	photodiode	1
362.982	0.5	362982	untrained	32703	64	memtrain/o_334_2.jpg	photodiode	1
363.882	0.5	363882	trained	32752	15	memtrain/o_195_1.jpg	photodiode	1
364.833	0.5	364833	catch	32671	n/a	catch_padded.jpg	photodiode	0
365.28	0.0	365280	response	6	n/a	n/a	trigger	0
366.935	0.5	366935	untrained	32698	69	memtrain/o_464_2.jpg	photodiode	1
367.786	0.5	367786	untrained	32681	86	memtrain/o_288_1.jpg	photodiode	1
368.536	0.5	368536	trained	32744	23	memtrain/o_338_2.jpg	photodiode	1
369.437	0.5	369437	trained	32742	25	memtrain/o_358_2.jpg	photodiode	1
370.288	0.5	370288	untrained	32712	55	memtrain/o_153_2.jpg	photodiode	1
371.189	0.5	371189	catch	32671	n/a	catch_padded.jpg	photodiode	0
371.428	0.0	371428	response	6	n/a	n/a	trigger	0
373.19	0.5	373190	untrained	32717	50	memtrain/o_057_2.jpg	photodiode	1
374.041	0.5	374041	untrained	32677	90	memtrain/o_580_1.jpg	photodiode	1
374.942	0.5	374942	trained	32734	33	memtrain/o_536_1.jpg	photodiode	1
375.893	0.5	375893	trained	32738	29	memtrain/o_416_1.jpg	photodiode	1
376.643	0.5	376643	trained	32753	14	memtrain/o_174_1.jpg	photodiode	1
377.394	0.5	377394	catch	32671	n/a	catch_padded.jpg	photodiode	0
377.724	0.0	377724	response	6	n/a	n/a	trigger	0
379.496	0.5	379496	untrained	32683	84	memtrain/so_117_2.jpg	photodiode	1
380.396	0.5	380396	untrained	32706	61	memtrain/o_298_2.jpg	photodiode	1
381.197	0.5	381197	untrained	32687	80	memtrain/o_613_1.jpg	photodiode	1
381.948	0.5	381948	untrained	32693	74	memtrain/o_550_1.jpg	photodiode	1
382.698	0.5	382698	catch	32671	n/a	catch_padded.jpg	photodiode	0
383.122	0.0	383122	response	6	n/a	n/a	trigger	0
384.65	0.5	384650	trained	32751	16	memtrain/o_199_2.jpg	photodiode	1
385.401	0.5	385401	trained	32735	32	memtrain/o_485_2.jpg	photodiode	1
386.352	0.5	386352	trained	32761	6	memtrain/o_076_1.jpg	photodiode	1
387.202	0.5	387202	untrained	32682	85	memtrain/o_218_1.jpg	photodiode	1
388.103	0.5	388103	catch	32671	n/a	catch_padded.jpg	photodiode	0
388.411	0.0	388411	response	6	n/a	n/a	trigger	0
390.105	0.5	390105	trained	32759	8	memtrain/o_094_1.jpg	photodiode	1
391.047	0.5	391047	untrained	32719	48	memtrain/o_019_2.jpg	photodiode	1
391.798	0.5	391798	trained	32720	47	memtrain/so_147_2.jpg	photodiode	1
392.707	0.5	392707	catch	32671	n/a	catch_padded.jpg	photodiode	0
393.018	0.0	393018	response	6	n/a	n/a	trigger	0
394.7	0.5	394700	trained	32756	11	memtrain/o_117_2.jpg	photodiode	1
395.501	0.5	395501	trained	32760	7	memtrain/o_091_2.jpg	photodiode	1
396.352	0.5	396352	trained	32762	5	memtrain/o_067_1.jpg	photodiode	1
397.253	0.5	397253	untrained	32704	63	memtrain/o_310_2.jpg	photodiode	1
398.003	0.5	398003	catch	32671	n/a	catch_padded.jpg	photodiode	0
398.461	0.0	398461	response	6	n/a	n/a	trigger	0
399.955	0.5	399955	untrained	32690	77	memtrain/o_574_2.jpg	photodiode	1
400.806	0.5	400806	untrained	32685	82	memtrain/o_656_1.jpg	photodiode	1
401.756	0.5	401756	trained	32739	28	memtrain/o_397_1.jpg	photodiode	1
402.607	0.5	402607	catch	32671	n/a	catch_padded.jpg	photodiode	0
403.056	0.0	403056	response	6	n/a	n/a	trigger	0
404.509	0.5	404509	untrained	32684	83	memtrain/so_105_1.jpg	photodiode	1
405.359	0.5	405359	trained	32726	41	memtrain/o_663_2.jpg	photodiode	1
406.26	0.5	406260	trained	32767	0	memtrain/o_006_1.jpg	photodiode	1
407.061	0.5	407061	untrained	32691	76	memtrain/o_570_1.jpg	photodiode	1
407.811	0.5	407811	catch	32671	n/a	catch_padded.jpg	photodiode	0
408.17	0.0	408170	response	6	n/a	n/a	trigger	0
409.763	0.5	409763	untrained	32705	62	memtrain/o_304_1.jpg	photodiode	1
410.664	0.5	410664	untrained	32672	95	memtrain/so_125_1.jpg	photodiode	1
411.465	0.5	411465	untrained	32696	71	memtrain/o_483_1.jpg	photodiode	1
412.265	0.5	412265	untrained	32711	56	memtrain/o_163_2.jpg	photodiode	1
413.066	0.5	413066	trained	32747	20	memtrain/o_290_1.jpg	photodiode	1
413.867	0.5	413867	catch	32671	n/a	catch_padded.jpg	photodiode	0
414.2	0.0	414200	response	6	n/a	n/a	trigger	0
415.818	0.5	415818	untrained	32695	72	memtrain/o_490_1.jpg	photodiode	1
416.619	0.5	416619	trained	32743	24	memtrain/o_357_1.jpg	photodiode	1
417.37	0.5	417370	untrained	32718	49	memtrain/o_054_2.jpg	photodiode	1
418.12	0.5	418120	catch	32671	n/a	catch_padded.jpg	photodiode	0
418.541	0.0	418541	response	6	n/a	n/a	trigger	0
420.172	0.5	420172	untrained	32700	67	memtrain/o_378_1.jpg	photodiode	1
420.964	0.5	420964	untrained	32688	79	memtrain/o_600_1.jpg	photodiode	1
421.765	0.5	421765	trained	32746	21	memtrain/o_319_1.jpg	photodiode	1
422.716	0.5	422716	catch	32671	n/a	catch_padded.jpg	photodiode	0
423.028	0.0	423028	response	6	n/a	n/a	trigger	0
424.817	0.5	424817	trained	32736	31	memtrain/o_465_2.jpg	photodiode	1
425.718	0.5	425718	trained	32748	19	memtrain/o_284_2.jpg	photodiode	1
426.569	0.5	426569	untrained	32713	54	memtrain/o_145_1.jpg	photodiode	1
427.47	0.5	427470	trained	32754	13	memtrain/o_136_1.jpg	photodiode	1
428.371	0.5	428371	untrained	32676	91	memtrain/o_605_1.jpg	photodiode	1
429.171	0.5	429171	catch	32671	n/a	catch_padded.jpg	photodiode	0
429.451	0.0	429451	response	6	n/a	n/a	trigger	0
431.123	0.5	431123	untrained	32707	60	memtrain/o_228_2.jpg	photodiode	1
431.873	0.5	431873	trained	32722	45	memtrain/so_090_2.jpg	photodiode	1
432.824	0.5	432824	trained	32765	2	memtrain/o_035_1.jpg	photodiode	1
433.675	0.5	433675	untrained	32686	81	memtrain/o_655_2.jpg	photodiode	1
434.626	0.5	434626	trained	32729	38	memtrain/o_603_1.jpg	photodiode	1
435.426	0.5	435426	catch	32671	n/a	catch_padded.jpg	photodiode	0
435.763	0.0	435763	response	6	n/a	n/a	trigger	0
437.328	0.5	437328	untrained	32679	88	memtrain/o_458_1.jpg	photodiode	1
438.279	0.5	438279	trained	32745	22	memtrain/o_321_1.jpg	photodiode	1
439.08	0.5	439080	trained	32723	44	memtrain/so_045_1.jpg	photodiode	1
439.88	0.5	439880	untrained	32697	70	memtrain/o_471_2.jpg	photodiode	1
440.631	0.5	440631	trained	32732	35	memtrain/o_561_2.jpg	photodiode	1
441.582	0.5	441582	catch	32671	n/a	catch_padded.jpg	photodiode	0
441.853	0.0	441853	response	6	n/a	n/a	trigger	0
443.483	0.5	443483	trained	32737	30	memtrain/o_437_2.jpg	photodiode	1
444.384	0.5	444384	trained	32728	39	memtrain/o_606_1.jpg	photodiode	1
445.235	0.5	445235	untrained	32708	59	memtrain/o_201_2.jpg	photodiode	1
446.086	0.5	446086	catch	32671	n/a	catch_padded.jpg	photodiode	0
446.483	0.0	446483	response	6	n/a	n/a	trigger	0
448.037	0.5	448037	untrained	32674	93	memtrain/so_035_1.jpg	photodiode	1
448.98	0.5	448980	trained	32732	35	memtrain/o_561_2.jpg	photodiode	1
449.739	0.5	449739	untrained	32693	74	memtrain/o_550_1.jpg	photodiode	1
450.581	0.5	450581	untrained	32692	75	memtrain/o_564_1.jpg	photodiode	1
451.54	0.5	451540	catch	32671	n/a	catch_padded.jpg	photodiode	0
451.829	0.0	451829	response	6	n/a	n/a	trigger	0
453.584	0.5	453584	untrained	32687	80	memtrain/o_613_1.jpg	photodiode	1
454.484	0.5	454484	trained	32741	26	memtrain/o_376_1.jpg	photodiode	1
455.435	0.5	455435	untrained	32673	94	memtrain/so_067_1.jpg	photodiode	1
456.386	0.5	456386	trained	32748	19	memtrain/o_284_2.jpg	photodiode	1
457.237	0.5	457237	catch	32671	n/a	catch_padded.jpg	photodiode	0
457.536	0.0	457536	response	6	n/a	n/a	trigger	0
459.288	0.5	459288	untrained	32706	61	memtrain/o_298_2.jpg	photodiode	1
460.189	0.5	460189	untrained	32678	89	memtrain/o_469_1.jpg	photodiode	1
460.99	0.5	460990	trained	32723	44	memtrain/so_045_1.jpg	photodiode	1
461.891	0.5	461891	untrained	32691	76	memtrain/o_570_1.jpg	photodiode	1
462.691	0.5	462691	trained	32747	20	memtrain/o_290_1.jpg	photodiode	1
463.642	0.5	463642	catch	32671	n/a	catch_padded.jpg	photodiode	0
463.927	0.0	463927	response	6	n/a	n/a	trigger	0
465.644	0.5	465644	trained	32734	33	memtrain/o_536_1.jpg	photodiode	1
466.595	0.5	466595	untrained	32680	87	memtrain/o_365_1.jpg	photodiode	1
467.395	0.5	467395	trained	32739	28	memtrain/o_397_1.jpg	photodiode	1
468.146	0.5	468146	catch	32671	n/a	catch_padded.jpg	photodiode	0
468.523	0.0	468523	response	6	n/a	n/a	trigger	0
470.148	0.5	470148	trained	32752	15	memtrain/o_195_1.jpg	photodiode	1
470.948	0.5	470948	untrained	32714	53	memtrain/o_142_2.jpg	photodiode	1
471.899	0.5	471899	trained	32737	30	memtrain/o_437_2.jpg	photodiode	1
472.75	0.5	472750	trained	32725	42	memtrain/so_034_2.jpg	photodiode	1
473.551	0.5	473551	trained	32736	31	memtrain/o_465_2.jpg	photodiode	1
474.501	0.5	474501	catch	32671	n/a	catch_padded.jpg	photodiode	0
474.82	0.0	474820	response	6	n/a	n/a	trigger	0
476.403	0.5	476403	trained	32727	40	memtrain/o_648_2.jpg	photodiode	1
477.154	0.5	477154	trained	32763	4	memtrain/o_042_1.jpg	photodiode	1
477.896	0.5	477896	untrained	32718	49	memtrain/o_054_2.jpg	photodiode	1
478.705	0.5	478705	catch	32671	n/a	catch_padded.jpg	photodiode	0
479.008	0.0	479008	response	6	n/a	n/a	trigger	0
480.607	0.5	480607	untrained	32702	65	memtrain/o_337_2.jpg	photodiode	1
481.499	0.5	481499	untrained	32697	70	memtrain/o_471_2.jpg	photodiode	1
482.4	0.5	482400	trained	32728	39	memtrain/o_606_1.jpg	photodiode	1
483.15	0.5	483150	untrained	32683	84	memtrain/so_117_2.jpg	photodiode	1
483.901	0.5	483901	catch	32671	n/a	catch_padded.jpg	photodiode	0
484.204	0.0	484204	response	6	n/a	n/a	trigger	0
486.003	0.5	486003	trained	32767	0	memtrain/o_006_1.jpg	photodiode	1
486.953	0.5	486953	untrained	32716	51	memtrain/o_103_2.jpg	photodiode	1
487.854	0.5	487854	trained	32730	37	memtrain/o_597_1.jpg	photodiode	1
488.655	0.5	488655	trained	32749	18	memtrain/o_264_2.jpg	photodiode	1
489.506	0.5	489506	trained	32742	25	memtrain/o_358_2.jpg	photodiode	1
490.456	0.5	490456	catch	32671	n/a	catch_padded.jpg	photodiode	0
490.739	0.0	490739	response	6	n/a	n/a	trigger	0
492.458	0.5	492458	trained	32722	45	memtrain/so_090_2.jpg	photodiode	1
493.409	0.5	493409	trained	32729	38	memtrain/o_603_1.jpg	photodiode	1
494.36	0.5	494360	trained	32756	11	memtrain/o_117_2.jpg	photodiode	1
495.261	0.5	495261	trained	32735	32	memtrain/o_485_2.jpg	photodiode	1
496.061	0.5	496061	catch	32671	n/a	catch_padded.jpg	photodiode	0
496.342	0.0	496342	response	6	n/a	n/a	trigger	0
497.963	0.5	497963	trained	32731	36	memtrain/o_583_1.jpg	photodiode	1
498.764	0.5	498764	untrained	32696	71	memtrain/o_483_1.jpg	photodiode	1
499.614	0.5	499614	untrained	32674	93	memtrain/so_035_1.jpg	photodiode	1
500.515	0.5	500515	untrained	32689	78	memtrain/o_599_1.jpg	photodiode	1
501.416	0.5	501416	untrained	32707	60	memtrain/o_228_2.jpg	photodiode	1
502.216	0.5	502216	catch	32671	n/a	catch_padded.jpg	photodiode	0
502.485	0.0	502485	response	6	n/a	n/a	trigger	0
504.168	0.5	504168	trained	32720	47	memtrain/so_147_2.jpg	photodiode	1
505.069	0.5	505069	untrained	32715	52	memtrain/o_141_1.jpg	photodiode	1
505.819	0.5	505819	trained	32759	8	memtrain/o_094_1.jpg	photodiode	1
506.712	0.5	506712	catch	32671	n/a	catch_padded.jpg	photodiode	0
507.184	0.0	507184	response	6	n/a	n/a	trigger	0
508.772	0.5	508772	trained	32757	10	memtrain/o_111_2.jpg	photodiode	1
509.715	0.5	509715	untrained	32695	72	memtrain/o_490_1.jpg	photodiode	1
510.515	0.5	510515	untrained	32676	91	memtrain/o_605_1.jpg	photodiode	1
511.366	0.5	511366	untrained	32698	69	memtrain/o_464_2.jpg	photodiode	1
512.225	0.5	512225	untrained	32708	59	memtrain/o_201_2.jpg	photodiode	1
513.017	0.5	513017	catch	32671	n/a	catch_padded.jpg	photodiode	0
513.35	0.0	513350	response	6	n/a	n/a	trigger	0
515.069	0.5	515069	trained	32766	1	memtrain/o_015_1.jpg	photodiode	1
516.02	0.5	516020	untrained	32681	86	memtrain/o_288_1.jpg	photodiode	1
516.821	0.5	516821	trained	32753	14	memtrain/o_174_1.jpg	photodiode	1
517.671	0.5	517671	catch	32671	n/a	catch_padded.jpg	photodiode	0
518.041	0.0	518041	response	6	n/a	n/a	trigger	0
519.773	0.5	519773	trained	32764	3	memtrain/o_040_2.jpg	photodiode	1
520.624	0.5	520624	untrained	32690	77	memtrain/o_574_2.jpg	photodiode	1
521.575	0.5	521575	untrained	32677	90	memtrain/o_580_1.jpg	photodiode	1
522.425	0.5	522425	catch	32671	n/a	catch_padded.jpg	photodiode	0
522.712	0.0	522712	response	6	n/a	n/a	trigger	0
524.327	0.5	524327	untrained	32679	88	memtrain/o_458_1.jpg	photodiode	1
525.278	0.5	525278	trained	32744	23	memtrain/o_338_2.jpg	photodiode	1
526.178	0.5	526178	trained	32726	41	memtrain/o_663_2.jpg	photodiode	1
526.979	0.5	526979	untrained	32705	62	memtrain/o_304_1.jpg	photodiode	1
527.73	0.5	527730	catch	32671	n/a	catch_padded.jpg	photodiode	0
528.106	0.0	528106	response	6	n/a	n/a	trigger	0
529.631	0.5	529631	untrained	32709	58	memtrain/o_192_1.jpg	photodiode	1
530.382	0.5	530382	untrained	32719	48	memtrain/o_019_2.jpg	photodiode	1
531.233	0.5	531233	untrained	32712	55	memtrain/o_153_2.jpg	photodiode	1
532.184	0.5	532184	untrained	32675	92	memtrain/so_033_1.jpg	photodiode	1
532.984	0.5	532984	catch	32671	n/a	catch_padded.jpg	photodiode	0
533.276	0.0	533276	response	6	n/a	n/a	trigger	0
535.086	0.5	535086	untrained	32711	56	memtrain/o_163_2.jpg	photodiode	1
535.837	0.5	535837	untrained	32684	83	memtrain/so_105_1.jpg	photodiode	1
536.687	0.5	536687	untrained	32713	54	memtrain/o_145_1.jpg	photodiode	1
537.488	0.5	537488	untrained	32694	73	memtrain/o_519_2.jpg	photodiode	1
538.439	0.5	538439	catch	32671	n/a	catch_padded.jpg	photodiode	0
538.753	0.0	538753	response	6	n/a	n/a	trigger	0
540.441	0.5	540441	trained	32760	7	memtrain/o_091_2.jpg	photodiode	1
541.283	0.5	541283	trained	32738	29	memtrain/o_416_1.jpg	photodiode	1
542.234	0.5	542234	trained	32746	21	memtrain/o_319_1.jpg	photodiode	1
543.034	0.5	543034	catch	32671	n/a	catch_padded.jpg	photodiode	0
543.482	0.0	543482	response	6	n/a	n/a	trigger	0
545.036	0.5	545036	trained	32724	43	memtrain/so_043_2.jpg	photodiode	1
545.937	0.5	545937	untrained	32703	64	memtrain/o_334_2.jpg	photodiode	1
546.888	0.5	546888	trained	32751	16	memtrain/o_199_2.jpg	photodiode	1
547.838	0.5	547838	untrained	32672	95	memtrain/so_125_1.jpg	photodiode	1
548.589	0.5	548589	catch	32671	n/a	catch_padded.jpg	photodiode	0
548.9	0.0	548900	response	6	n/a	n/a	trigger	0
550.491	0.5	550491	trained	32743	24	memtrain/o_357_1.jpg	photodiode	1
551.341	0.5	551341	trained	32761	6	memtrain/o_076_1.jpg	photodiode	1
552.242	0.5	552242	trained	32721	46	memtrain/so_113_1.jpg	photodiode	1
553.043	0.5	553043	trained	32758	9	memtrain/o_101_2.jpg	photodiode	1
553.793	0.5	553793	untrained	32699	68	memtrain/o_393_1.jpg	photodiode	1
554.744	0.5	554744	catch	32671	n/a	catch_padded.jpg	photodiode	0
555.002	0.0	555002	response	6	n/a	n/a	trigger	0
556.646	0.5	556646	untrained	32688	79	memtrain/o_600_1.jpg	photodiode	1
557.497	0.5	557497	trained	32733	34	memtrain/o_558_2.jpg	photodiode	1
558.397	0.5	558397	trained	32750	17	memtrain/o_232_1.jpg	photodiode	1
559.198	0.5	559198	catch	32671	n/a	catch_padded.jpg	photodiode	0
559.582	0.0	559582	response	6	n/a	n/a	trigger	0
561.1	0.5	561100	untrained	32717	50	memtrain/o_057_2.jpg	photodiode	1
561.85	0.5	561850	untrained	32686	81	memtrain/o_655_2.jpg	photodiode	1
562.701	0.5	562701	trained	32755	12	memtrain/o_127_2.jpg	photodiode	1
563.652	0.5	563652	trained	32762	5	memtrain/o_067_1.jpg	photodiode	1
564.603	0.5	564603	catch	32671	n/a	catch_padded.jpg	photodiode	0
564.942	0.0	564942	response	6	n/a	n/a	trigger	0
566.604	0.5	566604	trained	32740	27	memtrain/o_379_2.jpg	photodiode	1
567.405	0.5	567405	trained	32754	13	memtrain/o_136_1.jpg	photodiode	1
568.206	0.5	568206	untrained	32701	66	memtrain/o_342_2.jpg	photodiode	1
569.106	0.5	569106	untrained	32710	57	memtrain/o_171_1.jpg	photodiode	1
569.849	0.5	569849	catch	32671	n/a	catch_padded.jpg	photodiode	0
570.2	0.0	570200	response	6	n/a	n/a	trigger	0
571.801	0.5	571801	trained	32765	2	memtrain/o_035_1.jpg	photodiode	1
572.601	0.5	572601	untrained	32685	82	memtrain/o_656_1.jpg	photodiode	1
573.502	0.5	573502	trained	32745	22	memtrain/o_321_1.jpg	photodiode	1
574.403	0.5	574403	catch	32671	n/a	catch_padded.jpg	photodiode	0
574.827	0.0	574827	response	6	n/a	n/a	trigger	0
576.354	0.5	576354	untrained	32700	67	memtrain/o_378_1.jpg	photodiode	1
577.105	0.5	577105	untrained	32682	85	memtrain/o_218_1.jpg	photodiode	1
577.956	0.5	577956	untrained	32704	63	memtrain/o_310_2.jpg	photodiode	1
578.706	0.5	578706	catch	32671	n/a	catch_padded.jpg	photodiode	0
579.044	0.0	579044	response	6	n/a	n/a	trigger	0
585.185	0.0	585185	block_end	120	n/a	n/a	trigger	0
595.815	0.0	595815	response	6	n/a	n/a	trigger	0
595.826	0.0	595826	block_onset	103	n/a	n/a	trigger	0
597.881	0.5	597881	untrained	32674	93	memtrain/so_035_1.jpg	photodiode	1
598.782	0.5	598782	trained	32754	13	memtrain/o_136_1.jpg	photodiode	1
599.682	0.5	599682	trained	32723	44	memtrain/so_045_1.jpg	photodiode	1
600.483	0.5	600483	catch	32671	n/a	catch_padded.jpg	photodiode	0
600.89	0.0	600890	response	6	n/a	n/a	trigger	0
602.485	0.5	602485	untrained	32700	67	memtrain/o_378_1.jpg	photodiode	1
603.335	0.5	603335	untrained	32686	81	memtrain/o_655_2.jpg	photodiode	1
604.086	0.5	604086	trained	32725	42	memtrain/so_034_2.jpg	photodiode	1
605.037	0.5	605037	trained	32767	0	memtrain/o_006_1.jpg	photodiode	1
605.938	0.5	605938	catch	32671	n/a	catch_padded.jpg	photodiode	0
606.318	0.0	606318	response	6	n/a	n/a	trigger	0
607.989	0.5	607989	trained	32742	25	memtrain/o_358_2.jpg	photodiode	1
608.732	0.5	608732	untrained	32714	53	memtrain/o_142_2.jpg	photodiode	1
609.691	0.5	609691	untrained	32689	78	memtrain/o_599_1.jpg	photodiode	1
610.442	0.5	610442	untrained	32676	91	memtrain/o_605_1.jpg	photodiode	1
611.184	0.5	611184	untrained	32710	57	memtrain/o_171_1.jpg	photodiode	1
612.085	0.5	612085	catch	32671	n/a	catch_padded.jpg	photodiode	0
612.339	0.0	612339	response	6	n/a	n/a	trigger	0
614.186	0.5	614186	trained	32746	21	memtrain/o_319_1.jpg	photodiode	1
614.987	0.5	614987	trained	32762	5	memtrain/o_067_1.jpg	photodiode	1
615.738	0.5	615738	trained	32732	35	memtrain/o_561_2.jpg	photodiode	1
616.639	0.5	616639	catch	32671	n/a	catch_padded.jpg	photodiode	0
617.069	0.0	617069	response	6	n/a	n/a	trigger	0
618.69	0.5	618690	trained	32761	6	memtrain/o_076_1.jpg	photodiode	1
619.591	0.5	619591	trained	32721	46	memtrain/so_113_1.jpg	photodiode	1
620.542	0.5	620542	untrained	32688	79	memtrain/o_600_1.jpg	photodiode	1
621.292	0.5	621292	catch	32671	n/a	catch_padded.jpg	photodiode	0
621.653	0.0	621653	response	6	n/a	n/a	trigger	0
623.244	0.5	623244	untrained	32691	76	memtrain/o_570_1.jpg	photodiode	1
624.045	0.5	624045	trained	32730	37	memtrain/o_597_1.jpg	photodiode	1
624.896	0.5	624896	trained	32749	18	memtrain/o_264_2.jpg	photodiode	1
625.796	0.5	625796	catch	32671	n/a	catch_padded.jpg	photodiode	0
626.162	0.0	626162	response	6	n/a	n/a	trigger	0
627.798	0.5	627798	untrained	32709	58	memtrain/o_192_1.jpg	photodiode	1
628.599	0.5	628599	untrained	32716	51	memtrain/o_103_2.jpg	photodiode	1
629.499	0.5	629499	trained	32760	7	memtrain/o_091_2.jpg	photodiode	1
630.3	0.5	630300	trained	32757	10	memtrain/o_111_2.jpg	photodiode	1
631.151	0.5	631151	catch	32671	n/a	catch_padded.jpg	photodiode	0
631.471	0.0	631471	response	6	n/a	n/a	trigger	0
633.052	0.5	633052	untrained	32702	65	memtrain/o_337_2.jpg	photodiode	1
633.903	0.5	633903	trained	32751	16	memtrain/o_199_2.jpg	photodiode	1
634.704	0.5	634704	trained	32755	12	memtrain/o_127_2.jpg	photodiode	1
635.655	0.5	635655	untrained	32672	95	memtrain/so_125_1.jpg	photodiode	1
636.397	0.5	636397	trained	32729	38	memtrain/o_603_1.jpg	photodiode	1
636.499	0.0	636499	response	6	n/a	n/a	trigger	0
637.356	0.5	637356	catch	32671	n/a	catch_padded.jpg	photodiode	0
637.6	0.0	637600	response	6	n/a	n/a	trigger	0
639.249	0.5	639249	untrained	32675	92	memtrain/so_033_1.jpg	photodiode	1
640.2	0.5	640200	untrained	32711	56	memtrain/o_163_2.jpg	photodiode	1
641.101	0.5	641101	trained	32756	11	memtrain/o_117_2.jpg	photodiode	1
641.91	0.5	641910	catch	32671	n/a	catch_padded.jpg	photodiode	0
642.278	0.0	642278	response	6	n/a	n/a	trigger	0
644.003	0.5	644003	trained	32759	8	memtrain/o_094_1.jpg	photodiode	1
644.854	0.5	644854	trained	32747	20	memtrain/o_290_1.jpg	photodiode	1
645.655	0.5	645655	trained	32744	23	memtrain/o_338_2.jpg	photodiode	1
646.405	0.5	646405	trained	32731	36	memtrain/o_583_1.jpg	photodiode	1
647.206	0.5	647206	catch	32671	n/a	catch_padded.jpg	photodiode	0
647.592	0.0	647592	response	6	n/a	n/a	trigger	0
649.308	0.5	649308	untrained	32717	50	memtrain/o_057_2.jpg	photodiode	1
650.058	0.5	650058	trained	32765	2	memtrain/o_035_1.jpg	photodiode	1
650.909	0.5	650909	untrained	32704	63	memtrain/o_310_2.jpg	photodiode	1
651.71	0.5	651710	catch	32671	n/a	catch_padded.jpg	photodiode	0
652.107	0.0	652107	response	6	n/a	n/a	trigger	0
653.812	0.5	653812	trained	32727	40	memtrain/o_648_2.jpg	photodiode	1
654.712	0.5	654712	untrained	32699	68	memtrain/o_393_1.jpg	photodiode	1
655.663	0.5	655663	untrained	32681	86	memtrain/o_288_1.jpg	photodiode	1
656.514	0.5	656514	untrained	32698	69	memtrain/o_464_2.jpg	photodiode	1
657.265	0.5	657265	catch	32671	n/a	catch_padded.jpg	photodiode	0
657.552	0.0	657552	response	6	n/a	n/a	trigger	0
659.166	0.5	659166	trained	32738	29	memtrain/o_416_1.jpg	photodiode	1
659.967	0.5	659967	untrained	32679	88	memtrain/o_458_1.jpg	photodiode	1
660.818	0.5	660818	untrained	32713	54	memtrain/o_145_1.jpg	photodiode	1
661.768	0.5	661768	trained	32726	41	memtrain/o_663_2.jpg	photodiode	1
662.619	0.5	662619	catch	32671	n/a	catch_padded.jpg	photodiode	0
663.016	0.0	663016	response	6	n/a	n/a	trigger	0
664.571	0.5	664571	untrained	32701	66	memtrain/o_342_2.jpg	photodiode	1
665.371	0.5	665371	untrained	32684	83	memtrain/so_105_1.jpg	photodiode	1
666.264	0.5	666264	trained	32741	26	memtrain/o_376_1.jpg	photodiode	1
667.015	0.5	667015	untrained	32678	89	memtrain/o_469_1.jpg	photodiode	1
667.773	0.5	667773	trained	32735	32	memtrain/o_485_2.jpg	photodiode	1
668.616	0.5	668616	catch	32671	n/a	catch_padded.jpg	photodiode	0
668.963	0.0	668963	response	6	n/a	n/a	trigger	0
670.526	0.5	670526	untrained	32707	60	memtrain/o_228_2.jpg	photodiode	1
671.477	0.5	671477	untrained	32703	64	memtrain/o_334_2.jpg	photodiode	1
672.219	0.5	672219	trained	32722	45	memtrain/so_090_2.jpg	photodiode	1
673.17	0.5	673170	trained	32764	3	memtrain/o_040_2.jpg	photodiode	1
674.071	0.5	674071	catch	32671	n/a	catch_padded.jpg	photodiode	0
674.438	0.0	674438	response	6	n/a	n/a	trigger	0
676.072	0.5	676072	trained	32737	30	memtrain/o_437_2.jpg	photodiode	1
676.873	0.5	676873	trained	32739	28	memtrain/o_397_1.jpg	photodiode	1
677.724	0.5	677724	untrained	32696	71	memtrain/o_483_1.jpg	photodiode	1
678.574	0.5	678574	untrained	32685	82	memtrain/o_656_1.jpg	photodiode	1
679.475	0.5	679475	catch	32671	n/a	catch_padded.jpg	photodiode	0
679.821	0.0	679821	response	6	n/a	n/a	trigger	0
681.527	0.5	681527	untrained	32687	80	memtrain/o_613_1.jpg	photodiode	1
682.278	0.5	682278	untrained	32715	52	memtrain/o_141_1.jpg	photodiode	1
683.078	0.5	683078	untrained	32706	61	memtrain/o_298_2.jpg	photodiode	1
683.929	0.5	683929	catch	32671	n/a	catch_padded.jpg	photodiode	0
684.284	0.0	684284	response	6	n/a	n/a	trigger	0
685.881	0.5	685881	trained	32750	17	memtrain/o_232_1.jpg	photodiode	1
686.731	0.5	686731	untrained	32694	73	memtrain/o_519_2.jpg	photodiode	1
687.532	0.5	687532	untrained	32677	90	memtrain/o_580_1.jpg	photodiode	1
688.433	0.5	688433	catch	32671	n/a	catch_padded.jpg	photodiode	0
688.97	0.0	688970	response	6	n/a	n/a	trigger	0
690.384	0.5	690384	untrained	32697	70	memtrain/o_471_2.jpg	photodiode	1
691.135	0.5	691135	trained	32728	39	memtrain/o_606_1.jpg	photodiode	1
691.886	0.5	691886	trained	32752	15	memtrain/o_195_1.jpg	photodiode	1
692.836	0.5	692836	trained	32724	43	memtrain/so_043_2.jpg	photodiode	1
693.637	0.5	693637	untrained	32693	74	memtrain/o_550_1.jpg	photodiode	1
694.388	0.5	694388	catch	32671	n/a	catch_padded.jpg	photodiode	0
694.791	0.0	694791	response	6	n/a	n/a	trigger	0
696.289	0.5	696289	trained	32758	9	memtrain/o_101_2.jpg	photodiode	1
697.232	0.5	697232	untrained	32695	72	memtrain/o_490_1.jpg	photodiode	1
698.141	0.5	698141	trained	32740	27	memtrain/o_379_2.jpg	photodiode	1
698.992	0.5	698992	catch	32671	n/a	catch_padded.jpg	photodiode	0
699.351	0.0	699351	response	6	n/a	n/a	trigger	0
701.093	0.5	701093	untrained	32680	87	memtrain/o_365_1.jpg	photodiode	1
701.836	0.5	701836	trained	32743	24	memtrain/o_357_1.jpg	photodiode	1
702.786	0.5	702786	trained	32766	1	memtrain/o_015_1.jpg	photodiode	1
703.737	0.5	703737	catch	32671	n/a	catch_padded.jpg	photodiode	0
704.146	0.0	704146	response	6	n/a	n/a	trigger	0
705.839	0.5	705839	untrained	32712	55	memtrain/o_153_2.jpg	photodiode	1
706.74	0.5	706740	untrained	32683	84	memtrain/so_117_2.jpg	photodiode	1
707.541	0.5	707541	untrained	32690	77	memtrain/o_574_2.jpg	photodiode	1
708.291	0.5	708291	trained	32736	31	memtrain/o_465_2.jpg	photodiode	1
709.242	0.5	709242	catch	32671	n/a	catch_padded.jpg	photodiode	0
709.531	0.0	709531	response	6	n/a	n/a	trigger	0
711.344	0.5	711344	untrained	32692	75	memtrain/o_564_1.jpg	photodiode	1
712.194	0.5	712194	untrained	32708	59	memtrain/o_201_2.jpg	photodiode	1
713.145	0.5	713145	untrained	32705	62	memtrain/o_304_1.jpg	photodiode	1
714.096	0.5	714096	catch	32671	n/a	catch_padded.jpg	photodiode	0
714.351	0.0	714351	response	6	n/a	n/a	trigger	0
716.198	0.5	716198	trained	32753	14	memtrain/o_174_1.jpg	photodiode	1
716.999	0.5	716999	untrained	32719	48	memtrain/o_019_2.jpg	photodiode	1
717.949	0.5	717949	trained	32748	19	memtrain/o_284_2.jpg	photodiode	1
718.85	0.5	718850	untrained	32718	49	memtrain/o_054_2.jpg	photodiode	1
719.701	0.5	719701	untrained	32682	85	memtrain/o_218_1.jpg	photodiode	1
720.501	0.5	720501	catch	32671	n/a	catch_padded.jpg	photodiode	0
720.898	0.0	720898	response	6	n/a	n/a	trigger	0
722.503	0.5	722503	trained	32734	33	memtrain/o_536_1.jpg	photodiode	1
723.354	0.5	723354	trained	32720	47	memtrain/so_147_2.jpg	photodiode	1
724.255	0.5	724255	untrained	32673	94	memtrain/so_067_1.jpg	photodiode	1
725.005	0.5	725005	catch	32671	n/a	catch_padded.jpg	photodiode	0
725.459	0.0	725459	response	6	n/a	n/a	trigger	0
727.107	0.5	727107	trained	32763	4	memtrain/o_042_1.jpg	photodiode	1
727.9	0.5	727900	trained	32745	22	memtrain/o_321_1.jpg	photodiode	1
728.809	0.5	728809	trained	32733	34	memtrain/o_558_2.jpg	photodiode	1
729.601	0.5	729601	catch	32671	n/a	catch_padded.jpg	photodiode	0
729.928	0.0	729928	response	6	n/a	n/a	trigger	0
731.653	0.5	731653	trained	32766	1	memtrain/o_015_1.jpg	photodiode	1
732.503	0.5	732503	trained	32746	21	memtrain/o_319_1.jpg	photodiode	1
733.304	0.5	733304	untrained	32679	88	memtrain/o_458_1.jpg	photodiode	1
734.205	0.5	734205	untrained	32716	51	memtrain/o_103_2.jpg	photodiode	1
735.156	0.5	735156	trained	32736	31	memtrain/o_465_2.jpg	photodiode	1
736.056	0.5	736056	catch	32671	n/a	catch_padded.jpg	photodiode	0
736.349	0.0	736349	response	6	n/a	n/a	trigger	0
737.958	0.5	737958	untrained	32686	81	memtrain/o_655_2.jpg	photodiode	1
738.859	0.5	738859	untrained	32715	52	memtrain/o_141_1.jpg	photodiode	1
739.659	0.5	739659	untrained	32709	58	memtrain/o_192_1.jpg	photodiode	1
740.56	0.5	740560	trained	32725	42	memtrain/so_034_2.jpg	photodiode	1
741.311	0.5	741311	trained	32754	13	memtrain/o_136_1.jpg	photodiode	1
742.162	0.5	742162	catch	32671	n/a	catch_padded.jpg	photodiode	0
742.525	0.0	742525	response	6	n/a	n/a	trigger	0
744.163	0.5	744163	trained	32759	8	memtrain/o_094_1.jpg	photodiode	1
745.014	0.5	745014	untrained	32674	93	memtrain/so_035_1.jpg	photodiode	1
745.865	0.5	745865	untrained	32695	72	memtrain/o_490_1.jpg	photodiode	1
746.816	0.5	746816	untrained	32711	56	memtrain/o_163_2.jpg	photodiode	1
747.766	0.5	747766	catch	32671	n/a	catch_padded.jpg	photodiode	0
748.267	0.0	748267	response	6	n/a	n/a	trigger	0
749.818	0.5	749818	untrained	32712	55	memtrain/o_153_2.jpg	photodiode	1
750.619	0.5	750619	trained	32733	34	memtrain/o_558_2.jpg	photodiode	1
751.52	0.5	751520	trained	32762	5	memtrain/o_067_1.jpg	photodiode	1
752.42	0.5	752420	trained	32744	23	memtrain/o_338_2.jpg	photodiode	1
753.221	0.5	753221	trained	32737	30	memtrain/o_437_2.jpg	photodiode	1
754.022	0.5	754022	catch	32671	n/a	catch_padded.jpg	photodiode	0
754.409	0.0	754409	response	6	n/a	n/a	trigger	0
756.073	0.5	756073	trained	32764	3	memtrain/o_040_2.jpg	photodiode	1
756.924	0.5	756924	trained	32751	16	memtrain/o_199_2.jpg	photodiode	1
757.875	0.5	757875	trained	32752	15	memtrain/o_195_1.jpg	photodiode	1
758.667	0.5	758667	catch	32671	n/a	catch_padded.jpg	photodiode	0
758.988	0.0	758988	response	6	n/a	n/a	trigger	0
760.669	0.5	760669	trained	32763	4	memtrain/o_042_1.jpg	photodiode	1
761.47	0.5	761470	trained	32724	43	memtrain/so_043_2.jpg	photodiode	1
762.42	0.5	762420	untrained	32680	87	memtrain/o_365_1.jpg	photodiode	1
763.171	0.5	763171	trained	32722	45	memtrain/so_090_2.jpg	photodiode	1
764.022	0.5	764022	trained	32767	0	memtrain/o_006_1.jpg	photodiode	1
764.108	0.0	764108	response	6	n/a	n/a	trigger	0
764.872	0.5	764872	catch	32671	n/a	catch_padded.jpg	photodiode	0
766.924	0.5	766924	untrained	32684	83	memtrain/so_105_1.jpg	photodiode	1
767.675	0.5	767675	trained	32755	12	memtrain/o_127_2.jpg	photodiode	1
768.576	0.5	768576	untrained	32687	80	memtrain/o_613_1.jpg	photodiode	1
769.476	0.5	769476	untrained	32696	71	memtrain/o_483_1.jpg	photodiode	1
770.277	0.5	770277	untrained	32700	67	memtrain/o_378_1.jpg	photodiode	1
771.036	0.5	771036	catch	32671	n/a	catch_padded.jpg	photodiode	0
771.33	0.0	771330	response	6	n/a	n/a	trigger	0
772.979	0.5	772979	trained	32742	25	memtrain/o_358_2.jpg	photodiode	1
773.88	0.5	773880	trained	32735	32	memtrain/o_485_2.jpg	photodiode	1
774.731	0.5	774731	trained	32738	29	memtrain/o_416_1.jpg	photodiode	1
775.582	0.5	775582	trained	32757	10	memtrain/o_111_2.jpg	photodiode	1
776.432	0.5	776432	catch	32671	n/a	catch_padded.jpg	photodiode	0
776.844	0.0	776844	response	6	n/a	n/a	trigger	0
778.334	0.5	778334	untrained	32675	92	memtrain/so_033_1.jpg	photodiode	1
779.084	0.5	779084	untrained	32676	91	memtrain/o_605_1.jpg	photodiode	1
779.985	0.5	779985	untrained	32703	64	memtrain/o_334_2.jpg	photodiode	1
780.936	0.5	780936	trained	32761	6	memtrain/o_076_1.jpg	photodiode	1
781.737	0.5	781737	untrained	32692	75	memtrain/o_564_1.jpg	photodiode	1
782.487	0.5	782487	catch	32671	n/a	catch_padded.jpg	photodiode	0
782.856	0.0	782856	response	6	n/a	n/a	trigger	0
784.489	0.5	784489	untrained	32708	59	memtrain/o_201_2.jpg	photodiode	1
785.231	0.5	785231	trained	32758	9	memtrain/o_101_2.jpg	photodiode	1
786.032	0.5	786032	untrained	32713	54	memtrain/o_145_1.jpg	photodiode	1
786.783	0.5	786783	untrained	32707	60	memtrain/o_228_2.jpg	photodiode	1
787.592	0.5	787592	trained	32748	19	memtrain/o_284_2.jpg	photodiode	1
788.534	0.5	788534	catch	32671	n/a	catch_padded.jpg	photodiode	0
788.901	0.0	788901	response	6	n/a	n/a	trigger	0
790.544	0.5	790544	trained	32726	41	memtrain/o_663_2.jpg	photodiode	1
791.287	0.5	791287	trained	32760	7	memtrain/o_091_2.jpg	photodiode	1
792.187	0.5	792187	untrained	32681	86	memtrain/o_288_1.jpg	photodiode	1
792.988	0.5	792988	trained	32739	28	memtrain/o_397_1.jpg	photodiode	1
793.939	0.5	793939	catch	32671	n/a	catch_padded.jpg	photodiode	0
794.346	0.0	794346	response	6	n/a	n/a	trigger	0
795.84	0.5	795840	untrained	32718	49	memtrain/o_054_2.jpg	photodiode	1
796.641	0.5	796641	untrained	32705	62	memtrain/o_304_1.jpg	photodiode	1
797.592	0.5	797592	trained	32727	40	memtrain/o_648_2.jpg	photodiode	1
798.543	0.5	798543	untrained	32694	73	memtrain/o_519_2.jpg	photodiode	1
799.343	0.5	799343	catch	32671	n/a	catch_padded.jpg	photodiode	0
799.747	0.0	799747	response	6	n/a	n/a	trigger	0
801.245	0.5	801245	untrained	32698	69	memtrain/o_464_2.jpg	photodiode	1
802.146	0.5	802146	trained	32747	20	memtrain/o_290_1.jpg	photodiode	1
803.097	0.5	803097	untrained	32691	76	memtrain/o_570_1.jpg	photodiode	1
803.897	0.5	803897	trained	32734	33	memtrain/o_536_1.jpg	photodiode	1
804.648	0.5	804648	catch	32671	n/a	catch_padded.jpg	photodiode	0
805.001	0.0	805001	response	6	n/a	n/a	trigger	0
806.7	0.5	806700	untrained	32710	57	memtrain/o_171_1.jpg	photodiode	1
807.45	0.5	807450	untrained	32701	66	memtrain/o_342_2.jpg	photodiode	1
808.351	0.5	808351	trained	32753	14	memtrain/o_174_1.jpg	photodiode	1
809.102	0.5	809102	untrained	32683	84	memtrain/so_117_2.jpg	photodiode	1
809.902	0.5	809902	catch	32671	n/a	catch_padded.jpg	photodiode	0
810.486	0.0	810486	response	6	n/a	n/a	trigger	0
812.004	0.5	812004	untrained	32706	61	memtrain/o_298_2.jpg	photodiode	1
812.855	0.5	812855	trained	32741	26	memtrain/o_376_1.jpg	photodiode	1
813.797	0.5	813797	trained	32729	38	memtrain/o_603_1.jpg	photodiode	1
814.756	0.5	814756	trained	32721	46	memtrain/so_113_1.jpg	photodiode	1
815.549	0.5	815549	untrained	32688	79	memtrain/o_600_1.jpg	photodiode	1
816.408	0.5	816408	catch	32671	n/a	catch_padded.jpg	photodiode	0
816.735	0.0	816735	response	6	n/a	n/a	trigger	0
818.41	0.5	818410	untrained	32689	78	memtrain/o_599_1.jpg	photodiode	1
819.302	0.5	819302	trained	32745	22	memtrain/o_321_1.jpg	photodiode	1
820.153	0.5	820153	untrained	32682	85	memtrain/o_218_1.jpg	photodiode	1
820.953	0.5	820953	catch	32671	n/a	catch_padded.jpg	photodiode	0
821.532	0.0	821532	response	6	n/a	n/a	trigger	0
822.913	0.5	822913	untrained	32693	74	memtrain/o_550_1.jpg	photodiode	1
823.756	0.5	823756	untrained	32672	95	memtrain/so_125_1.jpg	photodiode	1
824.506	0.5	824506	untrained	32677	90	memtrain/o_580_1.jpg	photodiode	1
825.357	0.5	825357	trained	32740	27	memtrain/o_379_2.jpg	photodiode	1
826.208	0.5	826208	catch	32671	n/a	catch_padded.jpg	photodiode	0
826.532	0.0	826532	response	6	n/a	n/a	trigger	0
828.26	0.5	828260	untrained	32717	50	memtrain/o_057_2.jpg	photodiode	1
829.11	0.5	829110	untrained	32673	94	memtrain/so_067_1.jpg	photodiode	1
829.861	0.5	829861	trained	32730	37	memtrain/o_597_1.jpg	photodiode	1
830.662	0.5	830662	trained	32723	44	memtrain/so_045_1.jpg	photodiode	1
831.512	0.5	831512	untrained	32697	70	memtrain/o_471_2.jpg	photodiode	1
832.463	0.5	832463	catch	32671	n/a	catch_padded.jpg	photodiode	0
832.793	0.0	832793	response	6	n/a	n/a	trigger	0
834.565	0.5	834565	untrained	32719	48	memtrain/o_019_2.jpg	photodiode	1
835.516	0.5	835516	trained	32728	39	memtrain/o_606_1.jpg	photodiode	1
836.466	0.5	836466	trained	32732	35	memtrain/o_561_2.jpg	photodiode	1
837.367	0.5	837367	trained	32731	36	memtrain/o_583_1.jpg	photodiode	1
838.268	0.5	838268	untrained	32699	68	memtrain/o_393_1.jpg	photodiode	1
839.019	0.5	839019	catch	32671	n/a	catch_padded.jpg	photodiode	0
839.365	0.0	839365	response	6	n/a	n/a	trigger	0
840.92	0.5	840920	untrained	32702	65	memtrain/o_337_2.jpg	photodiode	1
841.721	0.5	841721	untrained	32690	77	memtrain/o_574_2.jpg	photodiode	1
842.622	0.5	842622	trained	32750	17	memtrain/o_232_1.jpg	photodiode	1
843.573	0.5	843573	trained	32720	47	memtrain/so_147_2.jpg	photodiode	1
844.515	0.5	844515	catch	32671	n/a	catch_padded.jpg	photodiode	0
844.864	0.0	844864	response	6	n/a	n/a	trigger	0
846.417	0.5	846417	trained	32743	24	memtrain/o_357_1.jpg	photodiode	1
847.317	0.5	847317	untrained	32704	63	memtrain/o_310_2.jpg	photodiode	1
848.168	0.5	848168	untrained	32678	89	memtrain/o_469_1.jpg	photodiode	1
849.019	0.5	849019	trained	32765	2	memtrain/o_035_1.jpg	photodiode	1
849.92	0.5	849920	untrained	32714	53	memtrain/o_142_2.jpg	photodiode	1
850.87	0.5	850870	catch	32671	n/a	catch_padded.jpg	photodiode	0
851.137	0.0	851137	response	6	n/a	n/a	trigger	0
852.872	0.5	852872	trained	32749	18	memtrain/o_264_2.jpg	photodiode	1
853.623	0.5	853623	untrained	32685	82	memtrain/o_656_1.jpg	photodiode	1
854.373	0.5	854373	trained	32756	11	memtrain/o_117_2.jpg	photodiode	1
855.174	0.5	855174	catch	32671	n/a	catch_padded.jpg	photodiode	0
855.889	0.0	855889	response	6	n/a	n/a	trigger	0
861.652	0.0	861652	block_end	120	n/a	n/a	trigger	0
875.826	0.0	875826	response	6	n/a	n/a	trigger	0
875.83	0.0	875830	block_onset	104	n/a	n/a	trigger	0
877.885	0.5	877885	trained	32755	12	memtrain/o_127_2.jpg	photodiode	1
878.686	0.5	878686	untrained	32693	74	memtrain/o_550_1.jpg	photodiode	1
879.636	0.5	879636	trained	32745	22	memtrain/o_321_1.jpg	photodiode	1
880.587	0.5	880587	untrained	32712	55	memtrain/o_153_2.jpg	photodiode	1
881.338	0.5	881338	catch	32671	n/a	catch_padded.jpg	photodiode	0
881.752	0.0	881752	response	6	n/a	n/a	trigger	0
883.34	0.5	883340	untrained	32682	85	memtrain/o_218_1.jpg	photodiode	1
884.09	0.5	884090	untrained	32707	60	memtrain/o_228_2.jpg	photodiode	1
884.941	0.5	884941	untrained	32711	56	memtrain/o_163_2.jpg	photodiode	1
885.733	0.5	885733	catch	32671	n/a	catch_padded.jpg	photodiode	0
886.126	0.0	886126	response	6	n/a	n/a	trigger	0
887.785	0.5	887785	trained	32758	9	memtrain/o_101_2.jpg	photodiode	1
888.586	0.5	888586	trained	32747	20	memtrain/o_290_1.jpg	photodiode	1
889.445	0.5	889445	trained	32740	27	memtrain/o_379_2.jpg	photodiode	1
890.245	0.5	890245	trained	32763	4	memtrain/o_042_1.jpg	photodiode	1
891.038	0.5	891038	catch	32671	n/a	catch_padded.jpg	photodiode	0
891.431	0.0	891431	response	6	n/a	n/a	trigger	0
892.989	0.5	892989	untrained	32717	50	memtrain/o_057_2.jpg	photodiode	1
893.74	0.5	893740	trained	32746	21	memtrain/o_319_1.jpg	photodiode	1
894.541	0.5	894541	trained	32757	10	memtrain/o_111_2.jpg	photodiode	1
895.492	0.5	895492	untrained	32703	64	memtrain/o_334_2.jpg	photodiode	1
896.292	0.5	896292	trained	32753	14	memtrain/o_174_1.jpg	photodiode	1
897.093	0.5	897093	catch	32671	n/a	catch_padded.jpg	photodiode	0
897.431	0.0	897431	response	6	n/a	n/a	trigger	0
899.095	0.5	899095	untrained	32715	52	memtrain/o_141_1.jpg	photodiode	1
900.045	0.5	900045	trained	32729	38	memtrain/o_603_1.jpg	photodiode	1
900.846	0.5	900846	untrained	32678	89	memtrain/o_469_1.jpg	photodiode	1
901.697	0.5	901697	untrained	32674	93	memtrain/so_035_1.jpg	photodiode	1
902.498	0.5	902498	untrained	32689	78	memtrain/o_599_1.jpg	photodiode	1
903.248	0.5	903248	catch	32671	n/a	catch_padded.jpg	photodiode	0
903.622	0.0	903622	response	6	n/a	n/a	trigger	0
905.15	0.5	905150	untrained	32691	76	memtrain/o_570_1.jpg	photodiode	1
906.001	0.5	906001	untrained	32713	54	memtrain/o_145_1.jpg	photodiode	1
906.901	0.5	906901	trained	32764	3	memtrain/o_040_2.jpg	photodiode	1
907.802	0.5	907802	trained	32762	5	memtrain/o_067_1.jpg	photodiode	1
908.753	0.5	908753	trained	32767	0	memtrain/o_006_1.jpg	photodiode	1
909.604	0.5	909604	catch	32671	n/a	catch_padded.jpg	photodiode	0
909.918	0.0	909918	response	6	n/a	n/a	trigger	0
911.555	0.5	911555	trained	32765	2	memtrain/o_035_1.jpg	photodiode	1
912.306	0.5	912306	trained	32724	43	memtrain/so_043_2.jpg	photodiode	1
913.107	0.5	913107	trained	32741	26	memtrain/o_376_1.jpg	photodiode	1
913.957	0.5	913957	untrained	32695	72	memtrain/o_490_1.jpg	photodiode	1
914.908	0.5	914908	catch	32671	n/a	catch_padded.jpg	photodiode	0
915.262	0.0	915262	response	6	n/a	n/a	trigger	0
916.81	0.5	916810	trained	32734	33	memtrain/o_536_1.jpg	photodiode	1
917.552	0.5	917552	trained	32761	6	memtrain/o_076_1.jpg	photodiode	1
918.403	0.5	918403	untrained	32677	90	memtrain/o_580_1.jpg	photodiode	1
919.153	0.5	919153	catch	32671	n/a	catch_padded.jpg	photodiode	0
919.578	0.0	919578	response	6	n/a	n/a	trigger	0
921.155	0.5	921155	untrained	32696	71	memtrain/o_483_1.jpg	photodiode	1
922.106	0.5	922106	untrained	32699	68	memtrain/o_393_1.jpg	photodiode	1
922.956	0.5	922956	untrained	32718	49	memtrain/o_054_2.jpg	photodiode	1
923.807	0.5	923807	trained	32737	30	memtrain/o_437_2.jpg	photodiode	1
924.558	0.5	924558	catch	32671	n/a	catch_padded.jpg	photodiode	0
925.012	0.0	925012	response	6	n/a	n/a	trigger	0
926.66	0.5	926660	untrained	32673	94	memtrain/so_067_1.jpg	photodiode	1
927.61	0.5	927610	trained	32738	29	memtrain/o_416_1.jpg	photodiode	1
928.561	0.5	928561	untrained	32672	95	memtrain/so_125_1.jpg	photodiode	1
929.462	0.5	929462	catch	32671	n/a	catch_padded.jpg	photodiode	0
929.849	0.0	929849	response	6	n/a	n/a	trigger	0
931.414	0.5	931414	trained	32725	42	memtrain/so_034_2.jpg	photodiode	1
932.164	0.5	932164	trained	32730	37	memtrain/o_597_1.jpg	photodiode	1
932.965	0.5	932965	trained	32739	28	memtrain/o_397_1.jpg	photodiode	1
933.766	0.5	933766	catch	32671	n/a	catch_padded.jpg	photodiode	0
934.102	0.0	934102	response	6	n/a	n/a	trigger	0
935.667	0.5	935667	trained	32760	7	memtrain/o_091_2.jpg	photodiode	1
936.468	0.5	936468	untrained	32714	53	memtrain/o_142_2.jpg	photodiode	1
937.419	0.5	937419	untrained	32683	84	memtrain/so_117_2.jpg	photodiode	1
938.269	0.5	938269	catch	32671	n/a	catch_padded.jpg	photodiode	0
938.714	0.0	938714	response	6	n/a	n/a	trigger	0
940.171	0.5	940171	trained	32720	47	memtrain/so_147_2.jpg	photodiode	1
941.122	0.5	941122	trained	32759	8	memtrain/o_094_1.jpg	photodiode	1
941.873	0.5	941873	untrained	32686	81	memtrain/o_655_2.jpg	photodiode	1
942.623	0.5	942623	catch	32671	n/a	catch_padded.jpg	photodiode	0
942.958	0.0	942958	response	6	n/a	n/a	trigger	0
944.525	0.5	944525	trained	32735	32	memtrain/o_485_2.jpg	photodiode	1
945.275	0.5	945275	untrained	32710	57	memtrain/o_171_1.jpg	photodiode	1
946.176	0.5	946176	trained	32756	11	memtrain/o_117_2.jpg	photodiode	1
947.077	0.5	947077	untrained	32698	69	memtrain/o_464_2.jpg	photodiode	1
947.869	0.5	947869	trained	32752	15	memtrain/o_195_1.jpg	photodiode	1
948.628	0.5	948628	catch	32671	n/a	catch_padded.jpg	photodiode	0
948.991	0.0	948991	response	6	n/a	n/a	trigger	0
950.73	0.5	950730	untrained	32719	48	memtrain/o_019_2.jpg	photodiode	1
951.623	0.5	951623	untrained	32690	77	memtrain/o_574_2.jpg	photodiode	1
952.381	0.5	952381	untrained	32675	92	memtrain/so_033_1.jpg	photodiode	1
953.124	0.5	953124	trained	32726	41	memtrain/o_663_2.jpg	photodiode	1
954.025	0.5	954025	untrained	32700	67	memtrain/o_378_1.jpg	photodiode	1
954.825	0.5	954825	catch	32671	n/a	catch_padded.jpg	photodiode	0
955.116	0.0	955116	response	6	n/a	n/a	trigger	0
956.827	0.5	956827	untrained	32709	58	memtrain/o_192_1.jpg	photodiode	1
957.728	0.5	957728	trained	32743	24	memtrain/o_357_1.jpg	photodiode	1
958.528	0.5	958528	untrained	32705	62	memtrain/o_304_1.jpg	photodiode	1
959.279	0.5	959279	trained	32731	36	memtrain/o_583_1.jpg	photodiode	1
960.13	0.5	960130	catch	32671	n/a	catch_padded.jpg	photodiode	0
960.519	0.0	960519	response	6	n/a	n/a	trigger	0
962.031	0.5	962031	untrained	32676	91	memtrain/o_605_1.jpg	photodiode	1
962.932	0.5	962932	untrained	32680	87	memtrain/o_365_1.jpg	photodiode	1
963.683	0.5	963683	untrained	32697	70	memtrain/o_471_2.jpg	photodiode	1
964.433	0.5	964433	catch	32671	n/a	catch_padded.jpg	photodiode	0
964.805	0.0	964805	response	6	n/a	n/a	trigger	0
966.385	0.5	966385	untrained	32681	86	memtrain/o_288_1.jpg	photodiode	1
967.286	0.5	967286	untrained	32716	51	memtrain/o_103_2.jpg	photodiode	1
968.137	0.5	968137	trained	32742	25	memtrain/o_358_2.jpg	photodiode	1
968.987	0.5	968987	untrained	32694	73	memtrain/o_519_2.jpg	photodiode	1
969.838	0.5	969838	catch	32671	n/a	catch_padded.jpg	photodiode	0
970.273	0.0	970273	response	6	n/a	n/a	trigger	0
971.89	0.5	971890	trained	32728	39	memtrain/o_606_1.jpg	photodiode	1
972.69	0.5	972690	untrained	32704	63	memtrain/o_310_2.jpg	photodiode	1
973.591	0.5	973591	trained	32748	19	memtrain/o_284_2.jpg	photodiode	1
974.542	0.5	974542	untrained	32702	65	memtrain/o_337_2.jpg	photodiode	1
975.393	0.5	975393	catch	32671	n/a	catch_padded.jpg	photodiode	0
975.805	0.0	975805	response	6	n/a	n/a	trigger	0
977.394	0.5	977394	trained	32733	34	memtrain/o_558_2.jpg	photodiode	1
978.287	0.5	978287	trained	32751	16	memtrain/o_199_2.jpg	photodiode	1
979.037	0.5	979037	untrained	32706	61	memtrain/o_298_2.jpg	photodiode	1
979.788	0.5	979788	trained	32754	13	memtrain/o_136_1.jpg	photodiode	1
980.639	0.5	980639	untrained	32701	66	memtrain/o_342_2.jpg	photodiode	1
981.389	0.5	981389	catch	32671	n/a	catch_padded.jpg	photodiode	0
981.74	0.0	981740	response	6	n/a	n/a	trigger	0
983.291	0.5	983291	trained	32722	45	memtrain/so_090_2.jpg	photodiode	1
984.192	0.5	984192	untrained	32708	59	memtrain/o_201_2.jpg	photodiode	1
984.942	0.5	984942	trained	32736	31	memtrain/o_465_2.jpg	photodiode	1
985.793	0.5	985793	untrained	32688	79	memtrain/o_600_1.jpg	photodiode	1
986.744	0.5	986744	catch	32671	n/a	catch_padded.jpg	photodiode	0
987.105	0.0	987105	response	6	n/a	n/a	trigger	0
988.846	0.5	988846	trained	32750	17	memtrain/o_232_1.jpg	photodiode	1
989.596	0.5	989596	trained	32732	35	memtrain/o_561_2.jpg	photodiode	1
990.447	0.5	990447	untrained	32679	88	memtrain/o_458_1.jpg	photodiode	1
991.198	0.5	991198	catch	32671	n/a	catch_padded.jpg	photodiode	0
991.749	0.0	991749	response	6	n/a	n/a	trigger	0
993.099	0.5	993099	trained	32744	23	memtrain/o_338_2.jpg	photodiode	1
994.0	0.5	994000	trained	32766	1	memtrain/o_015_1.jpg	photodiode	1
994.751	0.5	994751	trained	32723	44	memtrain/so_045_1.jpg	photodiode	1
995.701	0.5	995701	catch	32671	n/a	catch_padded.jpg	photodiode	0
996.077	0.0	996077	response	6	n/a	n/a	trigger	0
997.603	0.5	997603	untrained	32685	82	memtrain/o_656_1.jpg	photodiode	1
998.554	0.5	998554	untrained	32687	80	memtrain/o_613_1.jpg	photodiode	1
999.455	0.5	999455	untrained	32692	75	memtrain/o_564_1.jpg	photodiode	1
1000.355	0.5	1000355	untrained	32684	83	memtrain/so_105_1.jpg	photodiode	1
1001.206	0.5	1001206	trained	32749	18	memtrain/o_264_2.jpg	photodiode	1
1002.157	0.5	1002157	catch	32671	n/a	catch_padded.jpg	photodiode	0
1002.496	0.0	1002496	response	6	n/a	n/a	trigger	0
1004.159	0.5	1004159	trained	32727	40	memtrain/o_648_2.jpg	photodiode	1
1004.901	0.5	1004901	trained	32721	46	memtrain/so_113_1.jpg	photodiode	1
1005.81	0.5	1005810	untrained	32694	73	memtrain/o_519_2.jpg	photodiode	1
1006.753	0.5	1006753	untrained	32686	81	memtrain/o_655_2.jpg	photodiode	1
1007.662	0.5	1007662	untrained	32675	92	memtrain/so_033_1.jpg	photodiode	1
1008.604	0.5	1008604	catch	32671	n/a	catch_padded.jpg	photodiode	0
1009.074	0.0	1009074	response	6	n/a	n/a	trigger	0
1010.656	0.5	1010656	untrained	32699	68	memtrain/o_393_1.jpg	photodiode	1
1011.607	0.5	1011607	trained	32751	16	memtrain/o_199_2.jpg	photodiode	1
1012.407	0.5	1012407	trained	32765	2	memtrain/o_035_1.jpg	photodiode	1
1013.258	0.5	1013258	catch	32671	n/a	catch_padded.jpg	photodiode	0
1013.814	0.0	1013814	response	6	n/a	n/a	trigger	0
1015.21	0.5	1015210	trained	32729	38	memtrain/o_603_1.jpg	photodiode	1
1016.01	0.5	1016010	untrained	32677	90	memtrain/o_580_1.jpg	photodiode	1
1016.861	0.5	1016861	untrained	32704	63	memtrain/o_310_2.jpg	photodiode	1
1017.712	0.5	1017712	untrained	32684	83	memtrain/so_105_1.jpg	photodiode	1
1018.513	0.5	1018513	trained	32745	22	memtrain/o_321_1.jpg	photodiode	1
1019.313	0.5	1019313	catch	32671	n/a	catch_padded.jpg	photodiode	0
1019.63	0.0	1019630	response	6	n/a	n/a	trigger	0
1021.315	0.5	1021315	trained	32746	21	memtrain/o_319_1.jpg	photodiode	1
1022.216	0.5	1022216	trained	32738	29	memtrain/o_416_1.jpg	photodiode	1
1023.066	0.5	1023066	trained	32735	32	memtrain/o_485_2.jpg	photodiode	1
1023.867	0.5	1023867	catch	32671	n/a	catch_padded.jpg	photodiode	0
1024.422	0.0	1024422	response	6	n/a	n/a	trigger	0
1025.969	0.5	1025969	untrained	32688	79	memtrain/o_600_1.jpg	photodiode	1
1026.77	0.5	1026770	trained	32749	18	memtrain/o_264_2.jpg	photodiode	1
1027.57	0.5	1027570	untrained	32709	58	memtrain/o_192_1.jpg	photodiode	1
1028.321	0.5	1028321	untrained	32700	67	memtrain/o_378_1.jpg	photodiode	1
1029.222	0.5	1029222	trained	32762	5	memtrain/o_067_1.jpg	photodiode	1
1030.122	0.5	1030122	catch	32671	n/a	catch_padded.jpg	photodiode	0
1030.542	0.0	1030542	response	6	n/a	n/a	trigger	0
1032.174	0.5	1032174	trained	32755	12	memtrain/o_127_2.jpg	photodiode	1
1033.083	0.5	1033083	trained	32750	17	memtrain/o_232_1.jpg	photodiode	1
1034.026	0.5	1034026	trained	32734	33	memtrain/o_536_1.jpg	photodiode	1
1034.776	0.5	1034776	untrained	32715	52	memtrain/o_141_1.jpg	photodiode	1
1035.619	0.5	1035619	catch	32671	n/a	catch_padded.jpg	photodiode	0
1036.19	0.0	1036190	response	6	n/a	n/a	trigger	0
1037.679	0.5	1037679	trained	32725	42	memtrain/so_034_2.jpg	photodiode	1
1038.621	0.5	1038621	untrained	32702	65	memtrain/o_337_2.jpg	photodiode	1
1039.422	0.5	1039422	trained	32728	39	memtrain/o_606_1.jpg	photodiode	1
1040.373	0.5	1040373	trained	32739	28	memtrain/o_397_1.jpg	photodiode	1
1041.323	0.5	1041323	untrained	32695	72	memtrain/o_490_1.jpg	photodiode	1
1042.274	0.5	1042274	catch	32671	n/a	catch_padded.jpg	photodiode	0
1042.658	0.0	1042658	response	6	n/a	n/a	trigger	0
1044.276	0.5	1044276	untrained	32696	71	memtrain/o_483_1.jpg	photodiode	1
1045.077	0.5	1045077	trained	32732	35	memtrain/o_561_2.jpg	photodiode	1
1046.027	0.5	1046027	untrained	32692	75	memtrain/o_564_1.jpg	photodiode	1
1046.878	0.5	1046878	trained	32730	37	memtrain/o_597_1.jpg	photodiode	1
1047.679	0.5	1047679	catch	32671	n/a	catch_padded.jpg	photodiode	0
1048.394	0.0	1048394	response	6	n/a	n/a	trigger	0
1049.58	0.5	1049580	untrained	32682	85	memtrain/o_218_1.jpg	photodiode	1
1050.531	0.5	1050531	untrained	32710	57	memtrain/o_171_1.jpg	photodiode	1
1051.332	0.5	1051332	trained	32731	36	memtrain/o_583_1.jpg	photodiode	1
1052.233	0.5	1052233	trained	32764	3	memtrain/o_040_2.jpg	photodiode	1
1053.184	0.5	1053184	catch	32671	n/a	catch_padded.jpg	photodiode	0
1053.527	0.0	1053527	response	6	n/a	n/a	trigger	0
1055.235	0.5	1055235	trained	32733	34	memtrain/o_558_2.jpg	photodiode	1
1056.036	0.5	1056036	untrained	32707	60	memtrain/o_228_2.jpg	photodiode	1
1056.987	0.5	1056987	untrained	32678	89	memtrain/o_469_1.jpg	photodiode	1
1057.737	0.5	1057737	catch	32671	n/a	catch_padded.jpg	photodiode	0
1058.228	0.0	1058228	response	6	n/a	n/a	trigger	0
1059.639	0.5	1059639	trained	32727	40	memtrain/o_648_2.jpg	photodiode	1
1060.49	0.5	1060490	trained	32723	44	memtrain/so_045_1.jpg	photodiode	1
1061.39	0.5	1061390	untrained	32711	56	memtrain/o_163_2.jpg	photodiode	1
1062.341	0.5	1062341	trained	32757	10	memtrain/o_111_2.jpg	photodiode	1
1063.084	0.5	1063084	catch	32671	n/a	catch_padded.jpg	photodiode	0
1063.398	0.0	1063398	response	6	n/a	n/a	trigger	0
1065.044	0.5	1065044	trained	32736	31	memtrain/o_465_2.jpg	photodiode	1
1065.886	0.5	1065886	untrained	32676	91	memtrain/o_605_1.jpg	photodiode	1
1066.737	0.5	1066737	untrained	32685	82	memtrain/o_656_1.jpg	photodiode	1
1067.638	0.5	1067638	catch	32671	n/a	catch_padded.jpg	photodiode	0
1068.087	0.0	1068087	response	6	n/a	n/a	trigger	0
1069.689	0.5	1069689	trained	32756	11	memtrain/o_117_2.jpg	photodiode	1
1070.59	0.5	1070590	untrained	32691	76	memtrain/o_570_1.jpg	photodiode	1
1071.341	0.5	1071341	untrained	32716	51	memtrain/o_103_2.jpg	photodiode	1
1072.291	0.5	1072291	trained	32737	30	memtrain/o_437_2.jpg	photodiode	1
1073.092	0.5	1073092	untrained	32679	88	memtrain/o_458_1.jpg	photodiode	1
1074.001	0.5	1074001	catch	32671	n/a	catch_padded.jpg	photodiode	0
1074.337	0.0	1074337	response	6	n/a	n/a	trigger	0
1076.045	0.5	1076045	untrained	32689	78	memtrain/o_599_1.jpg	photodiode	1
1076.895	0.5	1076895	trained	32747	20	memtrain/o_290_1.jpg	photodiode	1
1077.746	0.5	1077746	untrained	32698	69	memtrain/o_464_2.jpg	photodiode	1
1078.647	0.5	1078647	untrained	32701	66	memtrain/o_342_2.jpg	photodiode	1
1079.598	0.5	1079598	trained	32759	8	memtrain/o_094_1.jpg	photodiode	1
1080.348	0.5	1080348	catch	32671	n/a	catch_padded.jpg	photodiode	0
1080.746	0.0	1080746	response	6	n/a	n/a	trigger	0
1082.4	0.5	1082400	trained	32767	0	memtrain/o_006_1.jpg	photodiode	1
1083.351	0.5	1083351	untrained	32706	61	memtrain/o_298_2.jpg	photodiode	1
1084.252	0.5	1084252	untrained	32681	86	memtrain/o_288_1.jpg	photodiode	1
1085.152	0.5	1085152	untrained	32673	94	memtrain/so_067_1.jpg	photodiode	1
1086.103	0.5	1086103	catch	32671	n/a	catch_padded.jpg	photodiode	0
1086.423	0.0	1086423	response	6	n/a	n/a	trigger	0
1088.155	0.5	1088155	untrained	32719	48	memtrain/o_019_2.jpg	photodiode	1
1089.006	0.5	1089006	untrained	32690	77	memtrain/o_574_2.jpg	photodiode	1
1089.956	0.5	1089956	untrained	32680	87	memtrain/o_365_1.jpg	photodiode	1
1090.807	0.5	1090807	catch	32671	n/a	catch_padded.jpg	photodiode	0
1091.249	0.0	1091249	response	6	n/a	n/a	trigger	0
1092.809	0.5	1092809	untrained	32703	64	memtrain/o_334_2.jpg	photodiode	1
1093.61	0.5	1093610	untrained	32718	49	memtrain/o_054_2.jpg	photodiode	1
1094.46	0.5	1094460	trained	32743	24	memtrain/o_357_1.jpg	photodiode	1
1095.411	0.5	1095411	trained	32742	25	memtrain/o_358_2.jpg	photodiode	1
1096.212	0.5	1096212	catch	32671	n/a	catch_padded.jpg	photodiode	0
1096.765	0.0	1096765	response	6	n/a	n/a	trigger	0
1098.105	0.5	1098105	trained	32763	4	memtrain/o_042_1.jpg	photodiode	1
1099.056	0.5	1099056	trained	32766	1	memtrain/o_015_1.jpg	photodiode	1
1099.856	0.5	1099856	trained	32754	13	memtrain/o_136_1.jpg	photodiode	1
1100.757	0.5	1100757	trained	32740	27	memtrain/o_379_2.jpg	photodiode	1
1101.558	0.5	1101558	catch	32671	n/a	catch_padded.jpg	photodiode	0
1101.934	0.0	1101934	response	6	n/a	n/a	trigger	0
1103.61	0.5	1103610	trained	32744	23	memtrain/o_338_2.jpg	photodiode	1
1104.51	0.5	1104510	untrained	32713	54	memtrain/o_145_1.jpg	photodiode	1
1105.461	0.5	1105461	untrained	32714	53	memtrain/o_142_2.jpg	photodiode	1
1106.412	0.5	1106412	catch	32671	n/a	catch_padded.jpg	photodiode	0
1106.791	0.0	1106791	response	6	n/a	n/a	trigger	0
1108.414	0.5	1108414	trained	32748	19	memtrain/o_284_2.jpg	photodiode	1
1109.365	0.5	1109365	trained	32722	45	memtrain/so_090_2.jpg	photodiode	1
1110.165	0.5	1110165	untrained	32672	95	memtrain/so_125_1.jpg	photodiode	1
1111.066	0.5	1111066	untrained	32705	62	memtrain/o_304_1.jpg	photodiode	1
1111.867	0.5	1111867	untrained	32712	55	memtrain/o_153_2.jpg	photodiode	1
1112.617	0.5	1112617	catch	32671	n/a	catch_padded.jpg	photodiode	0
1112.988	0.0	1112988	response	6	n/a	n/a	trigger	0
1114.619	0.5	1114619	trained	32721	46	memtrain/so_113_1.jpg	photodiode	1
1115.57	0.5	1115570	untrained	32717	50	memtrain/o_057_2.jpg	photodiode	1
1116.471	0.5	1116471	untrained	32683	84	memtrain/so_117_2.jpg	photodiode	1
1117.271	0.5	1117271	catch	32671	n/a	catch_padded.jpg	photodiode	0
1117.683	0.0	1117683	response	6	n/a	n/a	trigger	0
1119.223	0.5	1119223	untrained	32693	74	memtrain/o_550_1.jpg	photodiode	1
1120.074	0.5	1120074	trained	32741	26	memtrain/o_376_1.jpg	photodiode	1
1120.966	0.5	1120966	trained	32753	14	memtrain/o_174_1.jpg	photodiode	1
1121.767	0.5	1121767	trained	32726	41	memtrain/o_663_2.jpg	photodiode	1
1122.517	0.5	1122517	untrained	32708	59	memtrain/o_201_2.jpg	photodiode	1
1123.418	0.5	1123418	catch	32671	n/a	catch_padded.jpg	photodiode	0
1123.796	0.0	1123796	response	6	n/a	n/a	trigger	0
1125.52	0.5	1125520	trained	32761	6	memtrain/o_076_1.jpg	photodiode	1
1126.279	0.5	1126279	untrained	32697	70	memtrain/o_471_2.jpg	photodiode	1
1127.221	0.5	1127221	trained	32724	43	memtrain/so_043_2.jpg	photodiode	1
1128.022	0.5	1128022	trained	32720	47	memtrain/so_147_2.jpg	photodiode	1
1128.873	0.5	1128873	trained	32758	9	memtrain/o_101_2.jpg	photodiode	1
1129.623	0.5	1129623	catch	32671	n/a	catch_padded.jpg	photodiode	0
1130.099	0.0	1130099	response	6	n/a	n/a	trigger	0
1131.675	0.5	1131675	untrained	32687	80	memtrain/o_613_1.jpg	photodiode	1
1132.526	0.5	1132526	trained	32760	7	memtrain/o_091_2.jpg	photodiode	1
1133.477	0.5	1133477	untrained	32674	93	memtrain/so_035_1.jpg	photodiode	1
1134.277	0.5	1134277	trained	32752	15	memtrain/o_195_1.jpg	photodiode	1
1135.128	0.5	1135128	catch	32671	n/a	catch_padded.jpg	photodiode	0
1135.656	0.0	1135656	response	6	n/a	n/a	trigger	0
1141.607	0.0	1141607	block_end	120	n/a	n/a	trigger	0
1154.272	0.0	1154272	response	6	n/a	n/a	trigger	0
1154.283	0.0	1154283	block_onset	105	n/a	n/a	trigger	0
1156.338	0.5	1156338	untrained	32719	48	memtrain/o_019_2.jpg	photodiode	1
1157.288	0.5	1157288	untrained	32682	85	memtrain/o_218_1.jpg	photodiode	1
1158.139	0.5	1158139	trained	32754	13	memtrain/o_136_1.jpg	photodiode	1
1159.04	0.5	1159040	trained	32739	28	memtrain/o_397_1.jpg	photodiode	1
1159.991	0.5	1159991	trained	32743	24	memtrain/o_357_1.jpg	photodiode	1
1160.892	0.5	1160892	catch	32671	n/a	catch_padded.jpg	photodiode	0
1161.323	0.0	1161323	response	6	n/a	n/a	trigger	0
1162.993	0.5	1162993	trained	32734	33	memtrain/o_536_1.jpg	photodiode	1
1163.794	0.5	1163794	trained	32738	29	memtrain/o_416_1.jpg	photodiode	1
1164.586	0.5	1164586	untrained	32678	89	memtrain/o_469_1.jpg	photodiode	1
1165.395	0.5	1165395	catch	32671	n/a	catch_padded.jpg	photodiode	0
1165.835	0.0	1165835	response	6	n/a	n/a	trigger	0
1167.289	0.5	1167289	untrained	32710	57	memtrain/o_171_1.jpg	photodiode	1
1168.039	0.5	1168039	trained	32762	5	memtrain/o_067_1.jpg	photodiode	1
1168.948	0.5	1168948	untrained	32711	56	memtrain/o_163_2.jpg	photodiode	1
1169.691	0.5	1169691	catch	32671	n/a	catch_padded.jpg	photodiode	0
1170.213	0.0	1170213	response	6	n/a	n/a	trigger	0
1171.642	0.5	1171642	trained	32740	27	memtrain/o_379_2.jpg	photodiode	1
1172.543	0.5	1172543	trained	32728	39	memtrain/o_606_1.jpg	photodiode	1
1173.394	0.5	1173394	untrained	32709	58	memtrain/o_192_1.jpg	photodiode	1
1174.345	0.5	1174345	catch	32671	n/a	catch_padded.jpg	photodiode	0
1174.72	0.0	1174720	response	6	n/a	n/a	trigger	0
1176.446	0.5	1176446	untrained	32684	83	memtrain/so_105_1.jpg	photodiode	1
1177.247	0.5	1177247	trained	32749	18	memtrain/o_264_2.jpg	photodiode	1
1178.048	0.5	1178048	trained	32720	47	memtrain/so_147_2.jpg	photodiode	1
1178.999	0.5	1178999	catch	32671	n/a	catch_padded.jpg	photodiode	0
1179.374	0.0	1179374	response	6	n/a	n/a	trigger	0
1181.0	0.5	1181000	untrained	32687	80	memtrain/o_613_1.jpg	photodiode	1
1181.801	0.5	1181801	untrained	32693	74	memtrain/o_550_1.jpg	photodiode	1
1182.552	0.5	1182552	trained	32761	6	memtrain/o_076_1.jpg	photodiode	1
1183.452	0.5	1183452	trained	32763	4	memtrain/o_042_1.jpg	photodiode	1
1184.203	0.5	1184203	untrained	32683	84	memtrain/so_117_2.jpg	photodiode	1
1185.054	0.5	1185054	catch	32671	n/a	catch_padded.jpg	photodiode	0
1185.473	0.0	1185473	response	6	n/a	n/a	trigger	0
1187.005	0.5	1187005	untrained	32707	60	memtrain/o_228_2.jpg	photodiode	1
1187.756	0.5	1187756	untrained	32695	72	memtrain/o_490_1.jpg	photodiode	1
1188.557	0.5	1188557	untrained	32701	66	memtrain/o_342_2.jpg	photodiode	1
1189.407	0.5	1189407	catch	32671	n/a	catch_padded.jpg	photodiode	0
1189.776	0.0	1189776	response	6	n/a	n/a	trigger	0
1191.509	0.5	1191509	untrained	32677	90	memtrain/o_580_1.jpg	photodiode	1
1192.301	0.5	1192301	trained	32732	35	memtrain/o_561_2.jpg	photodiode	1
1193.202	0.5	1193202	trained	32758	9	memtrain/o_101_2.jpg	photodiode	1
1194.161	0.5	1194161	trained	32752	15	memtrain/o_195_1.jpg	photodiode	1
1195.004	0.5	1195004	trained	32755	12	memtrain/o_127_2.jpg	photodiode	1
1195.754	0.5	1195754	catch	32671	n/a	catch_padded.jpg	photodiode	0
1196.094	0.0	1196094	response	6	n/a	n/a	trigger	0
1197.756	0.5	1197756	trained	32731	36	memtrain/o_583_1.jpg	photodiode	1
1198.557	0.5	1198557	untrained	32699	68	memtrain/o_393_1.jpg	photodiode	1
1199.508	0.5	1199508	untrained	32700	67	memtrain/o_378_1.jpg	photodiode	1
1200.258	0.5	1200258	catch	32671	n/a	catch_padded.jpg	photodiode	0
1200.66	0.0	1200660	response	6	n/a	n/a	trigger	0
1202.16	0.5	1202160	untrained	32690	77	memtrain/o_574_2.jpg	photodiode	1
1202.961	0.5	1202961	untrained	32676	91	memtrain/o_605_1.jpg	photodiode	1
1203.861	0.5	1203861	trained	32741	26	memtrain/o_376_1.jpg	photodiode	1
1204.712	0.5	1204712	untrained	32692	75	memtrain/o_564_1.jpg	photodiode	1
1205.663	0.5	1205663	catch	32671	n/a	catch_padded.jpg	photodiode	0
1206.021	0.0	1206021	response	6	n/a	n/a	trigger	0
1207.614	0.5	1207614	trained	32747	20	memtrain/o_290_1.jpg	photodiode	1
1208.365	0.5	1208365	untrained	32689	78	memtrain/o_599_1.jpg	photodiode	1
1209.266	0.5	1209266	trained	32736	31	memtrain/o_465_2.jpg	photodiode	1
1210.217	0.5	1210217	untrained	32702	65	memtrain/o_337_2.jpg	photodiode	1
1211.017	0.5	1211017	untrained	32694	73	memtrain/o_519_2.jpg	photodiode	1
1211.818	0.5	1211818	catch	32671	n/a	catch_padded.jpg	photodiode	0
1212.392	0.0	1212392	response	6	n/a	n/a	trigger	0
1213.72	0.5	1213720	untrained	32712	55	memtrain/o_153_2.jpg	photodiode	1
1214.57	0.5	1214570	trained	32727	40	memtrain/o_648_2.jpg	photodiode	1
1215.471	0.5	1215471	trained	32724	43	memtrain/so_043_2.jpg	photodiode	1
1216.372	0.5	1216372	untrained	32713	54	memtrain/o_145_1.jpg	photodiode	1
1217.223	0.5	1217223	trained	32764	3	memtrain/o_040_2.jpg	photodiode	1
1218.123	0.5	1218123	catch	32671	n/a	catch_padded.jpg	photodiode	0
1218.49	0.0	1218490	response	6	n/a	n/a	trigger	0
1220.025	0.5	1220025	untrained	32675	92	memtrain/so_033_1.jpg	photodiode	1
1220.926	0.5	1220926	trained	32757	10	memtrain/o_111_2.jpg	photodiode	1
1221.868	0.5	1221868	untrained	32697	70	memtrain/o_471_2.jpg	photodiode	1
1222.827	0.5	1222827	catch	32671	n/a	catch_padded.jpg	photodiode	0
1223.361	0.0	1223361	response	6	n/a	n/a	trigger	0
1224.929	0.5	1224929	trained	32733	34	memtrain/o_558_2.jpg	photodiode	1
1225.88	0.5	1225880	trained	32742	25	memtrain/o_358_2.jpg	photodiode	1
1226.622	0.5	1226622	untrained	32715	52	memtrain/o_141_1.jpg	photodiode	1
1227.373	0.5	1227373	untrained	32680	87	memtrain/o_365_1.jpg	photodiode	1
1228.224	0.5	1228224	trained	32729	38	memtrain/o_603_1.jpg	photodiode	1
1229.024	0.5	1229024	catch	32671	n/a	catch_padded.jpg	photodiode	0
1229.312	0.0	1229312	response	6	n/a	n/a	trigger	0
1231.076	0.5	1231076	untrained	32674	93	memtrain/so_035_1.jpg	photodiode	1
1231.877	0.5	1231877	untrained	32708	59	memtrain/o_201_2.jpg	photodiode	1
1232.677	0.5	1232677	trained	32726	41	memtrain/o_663_2.jpg	photodiode	1
1233.528	0.5	1233528	trained	32748	19	memtrain/o_284_2.jpg	photodiode	1
1234.279	0.5	1234279	catch	32671	n/a	catch_padded.jpg	photodiode	0
1234.636	0.0	1234636	response	6	n/a	n/a	trigger	0
1236.18	0.5	1236180	untrained	32717	50	memtrain/o_057_2.jpg	photodiode	1
1237.131	0.5	1237131	trained	32721	46	memtrain/so_113_1.jpg	photodiode	1
1238.032	0.5	1238032	untrained	32688	79	memtrain/o_600_1.jpg	photodiode	1
1238.933	0.5	1238933	trained	32744	23	memtrain/o_338_2.jpg	photodiode	1
1239.783	0.5	1239783	untrained	32681	86	memtrain/o_288_1.jpg	photodiode	1
1240.734	0.5	1240734	catch	32671	n/a	catch_padded.jpg	photodiode	0
1241.103	0.0	1241103	response	6	n/a	n/a	trigger	0
1242.786	0.5	1242786	untrained	32696	71	memtrain/o_483_1.jpg	photodiode	1
1243.637	0.5	1243637	untrained	32672	95	memtrain/so_125_1.jpg	photodiode	1
1244.538	0.5	1244538	trained	32756	11	memtrain/o_117_2.jpg	photodiode	1
1245.488	0.5	1245488	catch	32671	n/a	catch_padded.jpg	photodiode	0
1245.898	0.0	1245898	response	6	n/a	n/a	trigger	0
1247.49	0.5	1247490	trained	32730	37	memtrain/o_597_1.jpg	photodiode	1
1248.241	0.5	1248241	untrained	32686	81	memtrain/o_655_2.jpg	photodiode	1
1249.141	0.5	1249141	trained	32737	30	memtrain/o_437_2.jpg	photodiode	1
1250.092	0.5	1250092	trained	32759	8	memtrain/o_094_1.jpg	photodiode	1
1251.043	0.5	1251043	catch	32671	n/a	catch_padded.jpg	photodiode	0
1251.405	0.0	1251405	response	6	n/a	n/a	trigger	0
1253.045	0.5	1253045	trained	32735	32	memtrain/o_485_2.jpg	photodiode	1
1253.895	0.5	1253895	untrained	32714	53	memtrain/o_142_2.jpg	photodiode	1
1254.738	0.5	1254738	untrained	32679	88	memtrain/o_458_1.jpg	photodiode	1
1255.689	0.5	1255689	untrained	32703	64	memtrain/o_334_2.jpg	photodiode	1
1256.439	0.5	1256439	catch	32671	n/a	catch_padded.jpg	photodiode	0
1256.808	0.0	1256808	response	6	n/a	n/a	trigger	0
1258.449	0.5	1258449	untrained	32718	49	memtrain/o_054_2.jpg	photodiode	1
1259.392	0.5	1259392	trained	32722	45	memtrain/so_090_2.jpg	photodiode	1
1260.292	0.5	1260292	trained	32723	44	memtrain/so_045_1.jpg	photodiode	1
1261.093	0.5	1261093	trained	32765	2	memtrain/o_035_1.jpg	photodiode	1
1261.844	0.5	1261844	trained	32751	16	memtrain/o_199_2.jpg	photodiode	1
1262.594	0.5	1262594	catch	32671	n/a	catch_padded.jpg	photodiode	0
1262.931	0.0	1262931	response	6	n/a	n/a	trigger	0
1264.696	0.5	1264696	trained	32725	42	memtrain/so_034_2.jpg	photodiode	1
1265.497	0.5	1265497	untrained	32698	69	memtrain/o_464_2.jpg	photodiode	1
1266.448	0.5	1266448	untrained	32691	76	memtrain/o_570_1.jpg	photodiode	1
1267.198	0.5	1267198	untrained	32673	94	memtrain/so_067_1.jpg	photodiode	1
1267.999	0.5	1267999	catch	32671	n/a	catch_padded.jpg	photodiode	0
1268.457	0.0	1268457	response	6	n/a	n/a	trigger	0
1270.101	0.5	1270101	trained	32760	7	memtrain/o_091_2.jpg	photodiode	1
1271.002	0.5	1271002	untrained	32705	62	memtrain/o_304_1.jpg	photodiode	1
1271.752	0.5	1271752	untrained	32685	82	memtrain/o_656_1.jpg	photodiode	1
1272.503	0.5	1272503	trained	32745	22	memtrain/o_321_1.jpg	photodiode	1
1273.253	0.5	1273253	catch	32671	n/a	catch_padded.jpg	photodiode	0
1273.662	0.0	1273662	response	6	n/a	n/a	trigger	0
1275.255	0.5	1275255	untrained	32704	63	memtrain/o_310_2.jpg	photodiode	1
1276.106	0.5	1276106	trained	32753	14	memtrain/o_174_1.jpg	photodiode	1
1277.057	0.5	1277057	trained	32767	0	memtrain/o_006_1.jpg	photodiode	1
1277.907	0.5	1277907	trained	32746	21	memtrain/o_319_1.jpg	photodiode	1
1278.808	0.5	1278808	catch	32671	n/a	catch_padded.jpg	photodiode	0
1279.316	0.0	1279316	response	6	n/a	n/a	trigger	0
1280.71	0.5	1280710	trained	32766	1	memtrain/o_015_1.jpg	photodiode	1
1281.51	0.5	1281510	trained	32750	17	memtrain/o_232_1.jpg	photodiode	1
1282.361	0.5	1282361	untrained	32716	51	memtrain/o_103_2.jpg	photodiode	1
1283.104	0.5	1283104	untrained	32706	61	memtrain/o_298_2.jpg	photodiode	1
1283.862	0.5	1283862	untrained	32704	63	memtrain/o_310_2.jpg	photodiode	1
1284.805	0.5	1284805	catch	32671	n/a	catch_padded.jpg	photodiode	0
1285.194	0.0	1285194	response	6	n/a	n/a	trigger	0
1286.757	0.5	1286757	untrained	32696	71	memtrain/o_483_1.jpg	photodiode	1
1287.607	0.5	1287607	trained	32760	7	memtrain/o_091_2.jpg	photodiode	1
1288.508	0.5	1288508	untrained	32672	95	memtrain/so_125_1.jpg	photodiode	1
1289.309	0.5	1289309	untrained	32697	70	memtrain/o_471_2.jpg	photodiode	1
1290.059	0.5	1290059	untrained	32709	58	memtrain/o_192_1.jpg	photodiode	1
1290.81	0.5	1290810	catch	32671	n/a	catch_padded.jpg	photodiode	0
1291.156	0.0	1291156	response	6	n/a	n/a	trigger	0
1292.762	0.5	1292762	untrained	32701	66	memtrain/o_342_2.jpg	photodiode	1
1293.663	0.5	1293663	untrained	32700	67	memtrain/o_378_1.jpg	photodiode	1
1294.513	0.5	1294513	trained	32739	28	memtrain/o_397_1.jpg	photodiode	1
1295.364	0.5	1295364	trained	32763	4	memtrain/o_042_1.jpg	photodiode	1
1296.115	0.5	1296115	catch	32671	n/a	catch_padded.jpg	photodiode	0
1296.513	0.0	1296513	response	6	n/a	n/a	trigger	0
1298.066	0.5	1298066	untrained	32689	78	memtrain/o_599_1.jpg	photodiode	1
1298.967	0.5	1298967	trained	32737	30	memtrain/o_437_2.jpg	photodiode	1
1299.918	0.5	1299918	untrained	32703	64	memtrain/o_334_2.jpg	photodiode	1
1300.869	0.5	1300869	untrained	32683	84	memtrain/so_117_2.jpg	photodiode	1
1301.819	0.5	1301819	untrained	32680	87	memtrain/o_365_1.jpg	photodiode	1
1302.67	0.5	1302670	catch	32671	n/a	catch_padded.jpg	photodiode	0
1303.08	0.0	1303080	response	6	n/a	n/a	trigger	0
1304.622	0.5	1304622	trained	32738	29	memtrain/o_416_1.jpg	photodiode	1
1305.422	0.5	1305422	trained	32730	37	memtrain/o_597_1.jpg	photodiode	1
1306.273	0.5	1306273	untrained	32718	49	memtrain/o_054_2.jpg	photodiode	1
1307.074	0.5	1307074	trained	32727	40	memtrain/o_648_2.jpg	photodiode	1
1307.975	0.5	1307975	catch	32671	n/a	catch_padded.jpg	photodiode	0
1308.347	0.0	1308347	response	6	n/a	n/a	trigger	0
1309.926	0.5	1309926	trained	32743	24	memtrain/o_357_1.jpg	photodiode	1
1310.827	0.5	1310827	untrained	32713	54	memtrain/o_145_1.jpg	photodiode	1
1311.578	0.5	1311578	untrained	32702	65	memtrain/o_337_2.jpg	photodiode	1
1312.52	0.5	1312520	catch	32671	n/a	catch_padded.jpg	photodiode	0
1312.992	0.0	1312992	response	6	n/a	n/a	trigger	0
1314.422	0.5	1314422	untrained	32707	60	memtrain/o_228_2.jpg	photodiode	1
1315.172	0.5	1315172	untrained	32682	85	memtrain/o_218_1.jpg	photodiode	1
1315.923	0.5	1315923	untrained	32690	77	memtrain/o_574_2.jpg	photodiode	1
1316.824	0.5	1316824	trained	32723	44	memtrain/so_045_1.jpg	photodiode	1
1317.674	0.5	1317674	catch	32671	n/a	catch_padded.jpg	photodiode	0
1318.198	0.0	1318198	response	6	n/a	n/a	trigger	0
1319.776	0.5	1319776	untrained	32711	56	memtrain/o_163_2.jpg	photodiode	1
1320.627	0.5	1320627	trained	32746	21	memtrain/o_319_1.jpg	photodiode	1
1321.528	0.5	1321528	untrained	32688	79	memtrain/o_600_1.jpg	photodiode	1
1322.378	0.5	1322378	catch	32671	n/a	catch_padded.jpg	photodiode	0
1322.738	0.0	1322738	response	6	n/a	n/a	trigger	0
1324.28	0.5	1324280	untrained	32684	83	memtrain/so_105_1.jpg	photodiode	1
1325.231	0.5	1325231	trained	32725	42	memtrain/so_034_2.jpg	photodiode	1
1326.032	0.5	1326032	untrained	32717	50	memtrain/o_057_2.jpg	photodiode	1
1326.982	0.5	1326982	trained	32755	12	memtrain/o_127_2.jpg	photodiode	1
1327.783	0.5	1327783	catch	32671	n/a	catch_padded.jpg	photodiode	0
1328.171	0.0	1328171	response	6	n/a	n/a	trigger	0
1329.685	0.5	1329685	trained	32735	32	memtrain/o_485_2.jpg	photodiode	1
1330.485	0.5	1330485	trained	32721	46	memtrain/so_113_1.jpg	photodiode	1
1331.236	0.5	1331236	trained	32726	41	memtrain/o_663_2.jpg	photodiode	1
1332.087	0.5	1332087	catch	32671	n/a	catch_padded.jpg	photodiode	0
1332.587	0.0	1332587	response	6	n/a	n/a	trigger	0
1334.188	0.5	1334188	trained	32748	19	memtrain/o_284_2.jpg	photodiode	1
1335.039	0.5	1335039	trained	32740	27	memtrain/o_379_2.jpg	photodiode	1
1335.79	0.5	1335790	untrained	32681	86	memtrain/o_288_1.jpg	photodiode	1
1336.54	0.5	1336540	trained	32722	45	memtrain/so_090_2.jpg	photodiode	1
1337.341	0.5	1337341	catch	32671	n/a	catch_padded.jpg	photodiode	0
1337.635	0.0	1337635	response	6	n/a	n/a	trigger	0
1339.293	0.5	1339293	trained	32765	2	memtrain/o_035_1.jpg	photodiode	1
1340.194	0.5	1340194	untrained	32693	74	memtrain/o_550_1.jpg	photodiode	1
1341.044	0.5	1341044	untrained	32687	80	memtrain/o_613_1.jpg	photodiode	1
1341.887	0.5	1341887	trained	32729	38	memtrain/o_603_1.jpg	photodiode	1
1342.796	0.5	1342796	catch	32671	n/a	catch_padded.jpg	photodiode	0
1343.104	0.0	1343104	response	6	n/a	n/a	trigger	0
1344.697	0.5	1344697	trained	32734	33	memtrain/o_536_1.jpg	photodiode	1
1345.54	0.5	1345540	untrained	32705	62	memtrain/o_304_1.jpg	photodiode	1
1346.341	0.5	1346341	trained	32762	5	memtrain/o_067_1.jpg	photodiode	1
1347.091	0.5	1347091	trained	32751	16	memtrain/o_199_2.jpg	photodiode	1
1347.992	0.5	1347992	catch	32671	n/a	catch_padded.jpg	photodiode	0
1348.604	0.0	1348604	response	6	n/a	n/a	trigger	0
1350.102	0.5	1350102	trained	32731	36	memtrain/o_583_1.jpg	photodiode	1
1350.944	0.5	1350944	untrained	32677	90	memtrain/o_580_1.jpg	photodiode	1
1351.895	0.5	1351895	trained	32744	23	memtrain/o_338_2.jpg	photodiode	1
1352.796	0.5	1352796	trained	32756	11	memtrain/o_117_2.jpg	photodiode	1
1353.547	0.5	1353547	trained	32720	47	memtrain/so_147_2.jpg	photodiode	1
1354.447	0.5	1354447	catch	32671	n/a	catch_padded.jpg	photodiode	0
1354.729	0.0	1354729	response	6	n/a	n/a	trigger	0
1356.349	0.5	1356349	trained	32757	10	memtrain/o_111_2.jpg	photodiode	1
1357.15	0.5	1357150	untrained	32691	76	memtrain/o_570_1.jpg	photodiode	1
1358.0	0.5	1358000	untrained	32699	68	memtrain/o_393_1.jpg	photodiode	1
1358.851	0.5	1358851	catch	32671	n/a	catch_padded.jpg	photodiode	0
1359.281	0.0	1359281	response	6	n/a	n/a	trigger	0
1360.803	0.5	1360803	untrained	32719	48	memtrain/o_019_2.jpg	photodiode	1
1361.603	0.5	1361603	trained	32732	35	memtrain/o_561_2.jpg	photodiode	1
1362.454	0.5	1362454	trained	32767	0	memtrain/o_006_1.jpg	photodiode	1
1363.355	0.5	1363355	trained	32724	43	memtrain/so_043_2.jpg	photodiode	1
1364.306	0.5	1364306	untrained	32679	88	memtrain/o_458_1.jpg	photodiode	1
1365.257	0.5	1365257	catch	32671	n/a	catch_padded.jpg	photodiode	0
1365.566	0.0	1365566	response	6	n/a	n/a	trigger	0
1367.208	0.5	1367208	trained	32753	14	memtrain/o_174_1.jpg	photodiode	1
1368.109	0.5	1368109	untrained	32710	57	memtrain/o_171_1.jpg	photodiode	1
1369.06	0.5	1369060	trained	32766	1	memtrain/o_015_1.jpg	photodiode	1
1369.961	0.5	1369961	catch	32671	n/a	catch_padded.jpg	photodiode	0
1370.402	0.0	1370402	response	6	n/a	n/a	trigger	0
1372.012	0.5	1372012	untrained	32698	69	memtrain/o_464_2.jpg	photodiode	1
1372.955	0.5	1372955	untrained	32675	92	memtrain/so_033_1.jpg	photodiode	1
1373.855	0.5	1373855	trained	32754	13	memtrain/o_136_1.jpg	photodiode	1
1374.706	0.5	1374706	untrained	32676	91	memtrain/o_605_1.jpg	photodiode	1
1375.607	0.5	1375607	trained	32764	3	memtrain/o_040_2.jpg	photodiode	1
1376.558	0.5	1376558	catch	32671	n/a	catch_padded.jpg	photodiode	0
1376.915	0.0	1376915	response	6	n/a	n/a	trigger	0
1378.568	0.5	1378568	untrained	32712	55	memtrain/o_153_2.jpg	photodiode	1
1379.36	0.5	1379360	untrained	32692	75	memtrain/o_564_1.jpg	photodiode	1
1380.161	0.5	1380161	untrained	32708	59	memtrain/o_201_2.jpg	photodiode	1
1381.062	0.5	1381062	untrained	32686	81	memtrain/o_655_2.jpg	photodiode	1
1381.962	0.5	1381962	trained	32752	15	memtrain/o_195_1.jpg	photodiode	1
1382.763	0.5	1382763	catch	32671	n/a	catch_padded.jpg	photodiode	0
1383.076	0.0	1383076	response	6	n/a	n/a	trigger	0
1384.815	0.5	1384815	untrained	32694	73	memtrain/o_519_2.jpg	photodiode	1
1385.766	0.5	1385766	trained	32747	20	memtrain/o_290_1.jpg	photodiode	1
1386.716	0.5	1386716	untrained	32714	53	memtrain/o_142_2.jpg	photodiode	1
1387.667	0.5	1387667	untrained	32716	51	memtrain/o_103_2.jpg	photodiode	1
1388.468	0.5	1388468	catch	32671	n/a	catch_padded.jpg	photodiode	0
1388.877	0.0	1388877	response	6	n/a	n/a	trigger	0
1390.419	0.5	1390419	trained	32759	8	memtrain/o_094_1.jpg	photodiode	1
1391.17	0.5	1391170	untrained	32678	89	memtrain/o_469_1.jpg	photodiode	1
1392.071	0.5	1392071	trained	32758	9	memtrain/o_101_2.jpg	photodiode	1
1392.821	0.5	1392821	catch	32671	n/a	catch_padded.jpg	photodiode	0
1393.312	0.0	1393312	response	6	n/a	n/a	trigger	0
1394.823	0.5	1394823	trained	32742	25	memtrain/o_358_2.jpg	photodiode	1
1395.674	0.5	1395674	untrained	32715	52	memtrain/o_141_1.jpg	photodiode	1
1396.625	0.5	1396625	trained	32741	26	memtrain/o_376_1.jpg	photodiode	1
1397.375	0.5	1397375	catch	32671	n/a	catch_padded.jpg	photodiode	0
1397.836	0.0	1397836	response	6	n/a	n/a	trigger	0
1399.427	0.5	1399427	trained	32761	6	memtrain/o_076_1.jpg	photodiode	1
1400.328	0.5	1400328	trained	32749	18	memtrain/o_264_2.jpg	photodiode	1
1401.078	0.5	1401078	untrained	32673	94	memtrain/so_067_1.jpg	photodiode	1
1401.879	0.5	1401879	trained	32736	31	memtrain/o_465_2.jpg	photodiode	1
1402.772	0.5	1402772	catch	32671	n/a	catch_padded.jpg	photodiode	0
1403.199	0.0	1403199	response	6	n/a	n/a	trigger	0
1404.823	0.5	1404823	trained	32745	22	memtrain/o_321_1.jpg	photodiode	1
1405.674	0.5	1405674	trained	32733	34	memtrain/o_558_2.jpg	photodiode	1
1406.575	0.5	1406575	untrained	32706	61	memtrain/o_298_2.jpg	photodiode	1
1407.376	0.5	1407376	catch	32671	n/a	catch_padded.jpg	photodiode	0
1407.762	0.0	1407762	response	6	n/a	n/a	trigger	0
1409.377	0.5	1409377	untrained	32695	72	memtrain/o_490_1.jpg	photodiode	1
1410.178	0.5	1410178	untrained	32685	82	memtrain/o_656_1.jpg	photodiode	1
1411.129	0.5	1411129	untrained	32674	93	memtrain/so_035_1.jpg	photodiode	1
1412.08	0.5	1412080	trained	32750	17	memtrain/o_232_1.jpg	photodiode	1
1412.83	0.5	1412830	trained	32728	39	memtrain/o_606_1.jpg	photodiode	1
1413.681	0.5	1413681	catch	32671	n/a	catch_padded.jpg	photodiode	0
1414.041	0.0	1414041	response	6	n/a	n/a	trigger	0
1420.169	0.0	1420169	block_end	120	n/a	n/a	trigger	0
1451.204	0.0	1451204	response	6	n/a	n/a	trigger	0
1451.21	0.0	1451210	block_onset	106	n/a	n/a	trigger	0
1453.264	0.5	1453264	trained	32735	32	memtrain/o_485_2.jpg	photodiode	1
1454.115	0.5	1454115	untrained	32680	87	memtrain/o_365_1.jpg	photodiode	1
1454.966	0.5	1454966	trained	32759	8	memtrain/o_094_1.jpg	photodiode	1
1455.717	0.5	1455717	catch	32671	n/a	catch_padded.jpg	photodiode	0
1456.137	0.0	1456137	response	6	n/a	n/a	trigger	0
1457.618	0.5	1457618	trained	32763	4	memtrain/o_042_1.jpg	photodiode	1
1458.469	0.5	1458469	trained	32753	14	memtrain/o_174_1.jpg	photodiode	1
1459.22	0.5	1459220	untrained	32690	77	memtrain/o_574_2.jpg	photodiode	1
1459.97	0.5	1459970	trained	32751	16	memtrain/o_199_2.jpg	photodiode	1
1460.812	0.5	1460812	catch	32671	n/a	catch_padded.jpg	photodiode	0
1461.153	0.0	1461153	response	6	n/a	n/a	trigger	0
1462.723	0.5	1462723	trained	32733	34	memtrain/o_558_2.jpg	photodiode	1
1463.465	0.5	1463465	trained	32727	40	memtrain/o_648_2.jpg	photodiode	1
1464.416	0.5	1464416	trained	32766	1	memtrain/o_015_1.jpg	photodiode	1
1465.316	0.5	1465316	catch	32671	n/a	catch_padded.jpg	photodiode	0
1465.637	0.0	1465637	response	6	n/a	n/a	trigger	0
1467.326	0.5	1467326	trained	32741	26	memtrain/o_376_1.jpg	photodiode	1
1468.069	0.5	1468069	untrained	32683	84	memtrain/so_117_2.jpg	photodiode	1
1468.969	0.5	1468969	untrained	32685	82	memtrain/o_656_1.jpg	photodiode	1
1469.77	0.5	1469770	catch	32671	n/a	catch_padded.jpg	photodiode	0
1470.107	0.0	1470107	response	6	n/a	n/a	trigger	0
1471.872	0.5	1471872	untrained	32716	51	memtrain/o_103_2.jpg	photodiode	1
1472.723	0.5	1472723	trained	32725	42	memtrain/so_034_2.jpg	photodiode	1
1473.523	0.5	1473523	trained	32748	19	memtrain/o_284_2.jpg	photodiode	1
1474.274	0.5	1474274	catch	32671	n/a	catch_padded.jpg	photodiode	0
1474.626	0.0	1474626	response	6	n/a	n/a	trigger	0
1476.226	0.5	1476226	untrained	32682	85	memtrain/o_218_1.jpg	photodiode	1
1477.126	0.5	1477126	trained	32721	46	memtrain/so_113_1.jpg	photodiode	1
1477.927	0.5	1477927	trained	32749	18	memtrain/o_264_2.jpg	photodiode	1
1478.828	0.5	1478828	trained	32738	29	memtrain/o_416_1.jpg	photodiode	1
1479.779	0.5	1479779	catch	32671	n/a	catch_padded.jpg	photodiode	0
1480.075	0.0	1480075	response	6	n/a	n/a	trigger	0
1481.88	0.5	1481880	untrained	32712	55	memtrain/o_153_2.jpg	photodiode	1
1482.831	0.5	1482831	untrained	32679	88	memtrain/o_458_1.jpg	photodiode	1
1483.582	0.5	1483582	untrained	32691	76	memtrain/o_570_1.jpg	photodiode	1
1484.432	0.5	1484432	untrained	32688	79	memtrain/o_600_1.jpg	photodiode	1
1485.383	0.5	1485383	trained	32764	3	memtrain/o_040_2.jpg	photodiode	1
1486.184	0.5	1486184	catch	32671	n/a	catch_padded.jpg	photodiode	0
1486.548	0.0	1486548	response	6	n/a	n/a	trigger	0
1488.186	0.5	1488186	untrained	32702	65	memtrain/o_337_2.jpg	photodiode	1
1488.986	0.5	1488986	untrained	32703	64	memtrain/o_334_2.jpg	photodiode	1
1489.937	0.5	1489937	untrained	32708	59	memtrain/o_201_2.jpg	photodiode	1
1490.88	0.5	1490880	untrained	32695	72	memtrain/o_490_1.jpg	photodiode	1
1491.83	0.5	1491830	catch	32671	n/a	catch_padded.jpg	photodiode	0
1492.245	0.0	1492245	response	6	n/a	n/a	trigger	0
1493.941	0.5	1493941	trained	32756	11	memtrain/o_117_2.jpg	photodiode	1
1494.883	0.5	1494883	untrained	32674	93	memtrain/so_035_1.jpg	photodiode	1
1495.742	0.5	1495742	untrained	32715	52	memtrain/o_141_1.jpg	photodiode	1
1496.534	0.5	1496534	trained	32724	43	memtrain/so_043_2.jpg	photodiode	1
1497.285	0.5	1497285	catch	32671	n/a	catch_padded.jpg	photodiode	0
1497.625	0.0	1497625	response	6	n/a	n/a	trigger	0
1499.237	0.5	1499237	trained	32754	13	memtrain/o_136_1.jpg	photodiode	1
1500.188	0.5	1500188	untrained	32704	63	memtrain/o_310_2.jpg	photodiode	1
1500.938	0.5	1500938	untrained	32681	86	memtrain/o_288_1.jpg	photodiode	1
1501.739	0.5	1501739	trained	32758	9	memtrain/o_101_2.jpg	photodiode	1
1502.59	0.5	1502590	untrained	32687	80	memtrain/o_613_1.jpg	photodiode	1
1503.54	0.5	1503540	catch	32671	n/a	catch_padded.jpg	photodiode	0
1503.963	0.0	1503963	response	6	n/a	n/a	trigger	0
1505.442	0.5	1505442	trained	32736	31	memtrain/o_465_2.jpg	photodiode	1
1506.243	0.5	1506243	untrained	32711	56	memtrain/o_163_2.jpg	photodiode	1
1507.093	0.5	1507093	trained	32745	22	memtrain/o_321_1.jpg	photodiode	1
1507.994	0.5	1507994	trained	32739	28	memtrain/o_397_1.jpg	photodiode	1
1508.895	0.5	1508895	catch	32671	n/a	catch_padded.jpg	photodiode	0
1509.275	0.0	1509275	response	6	n/a	n/a	trigger	0
1510.997	0.5	1510997	untrained	32710	57	memtrain/o_171_1.jpg	photodiode	1
1511.797	0.5	1511797	untrained	32692	75	memtrain/o_564_1.jpg	photodiode	1
1512.648	0.5	1512648	trained	32729	38	memtrain/o_603_1.jpg	photodiode	1
1513.599	0.5	1513599	catch	32671	n/a	catch_padded.jpg	photodiode	0
1514.011	0.0	1514011	response	6	n/a	n/a	trigger	0
1515.601	0.5	1515601	untrained	32706	61	memtrain/o_298_2.jpg	photodiode	1
1516.401	0.5	1516401	untrained	32675	92	memtrain/so_033_1.jpg	photodiode	1
1517.202	0.5	1517202	untrained	32707	60	memtrain/o_228_2.jpg	photodiode	1
1518.103	0.5	1518103	catch	32671	n/a	catch_padded.jpg	photodiode	0
1518.536	0.0	1518536	response	6	n/a	n/a	trigger	0
1520.155	0.5	1520155	trained	32752	15	memtrain/o_195_1.jpg	photodiode	1
1521.055	0.5	1521055	untrained	32686	81	memtrain/o_655_2.jpg	photodiode	1
1521.948	0.5	1521948	untrained	32694	73	memtrain/o_519_2.jpg	photodiode	1
1522.857	0.5	1522857	catch	32671	n/a	catch_padded.jpg	photodiode	0
1523.315	0.0	1523315	response	6	n/a	n/a	trigger	0
1524.8	0.5	1524800	trained	32761	6	memtrain/o_076_1.jpg	photodiode	1
1525.751	0.5	1525751	trained	32726	41	memtrain/o_663_2.jpg	photodiode	1
1526.652	0.5	1526652	trained	32732	35	memtrain/o_561_2.jpg	photodiode	1
1527.402	0.5	1527402	catch	32671	n/a	catch_padded.jpg	photodiode	0
1527.841	0.0	1527841	response	6	n/a	n/a	trigger	0
1529.304	0.5	1529304	trained	32750	17	memtrain/o_232_1.jpg	photodiode	1
1530.205	0.5	1530205	trained	32762	5	memtrain/o_067_1.jpg	photodiode	1
1530.955	0.5	1530955	trained	32737	30	memtrain/o_437_2.jpg	photodiode	1
1531.856	0.5	1531856	untrained	32672	95	memtrain/so_125_1.jpg	photodiode	1
1532.657	0.5	1532657	catch	32671	n/a	catch_padded.jpg	photodiode	0
1533.091	0.0	1533091	response	6	n/a	n/a	trigger	0
1534.658	0.5	1534658	trained	32760	7	memtrain/o_091_2.jpg	photodiode	1
1535.509	0.5	1535509	untrained	32689	78	memtrain/o_599_1.jpg	photodiode	1
1536.41	0.5	1536410	trained	32765	2	memtrain/o_035_1.jpg	photodiode	1
1537.361	0.5	1537361	catch	32671	n/a	catch_padded.jpg	photodiode	0
1537.716	0.0	1537716	response	6	n/a	n/a	trigger	0
1539.362	0.5	1539362	untrained	32700	67	memtrain/o_378_1.jpg	photodiode	1
1540.263	0.5	1540263	untrained	32701	66	memtrain/o_342_2.jpg	photodiode	1
1541.164	0.5	1541164	trained	32722	45	memtrain/so_090_2.jpg	photodiode	1
1542.015	0.5	1542015	untrained	32713	54	memtrain/o_145_1.jpg	photodiode	1
1542.765	0.5	1542765	catch	32671	n/a	catch_padded.jpg	photodiode	0
1543.118	0.0	1543118	response	6	n/a	n/a	trigger	0
1544.717	0.5	1544717	trained	32744	23	memtrain/o_338_2.jpg	photodiode	1
1545.468	0.5	1545468	trained	32720	47	memtrain/so_147_2.jpg	photodiode	1
1546.318	0.5	1546318	untrained	32719	48	memtrain/o_019_2.jpg	photodiode	1
1547.169	0.5	1547169	untrained	32697	70	memtrain/o_471_2.jpg	photodiode	1
1547.92	0.5	1547920	catch	32671	n/a	catch_padded.jpg	photodiode	0
1548.611	0.0	1548611	response	6	n/a	n/a	trigger	0
1550.021	0.5	1550021	trained	32742	25	memtrain/o_358_2.jpg	photodiode	1
1550.772	0.5	1550772	trained	32757	10	memtrain/o_111_2.jpg	photodiode	1
1551.673	0.5	1551673	untrained	32705	62	memtrain/o_304_1.jpg	photodiode	1
1552.415	0.5	1552415	untrained	32699	68	memtrain/o_393_1.jpg	photodiode	1
1553.166	0.5	1553166	trained	32767	0	memtrain/o_006_1.jpg	photodiode	1
1553.916	0.5	1553916	catch	32671	n/a	catch_padded.jpg	photodiode	0
1554.417	0.0	1554417	response	6	n/a	n/a	trigger	0
1555.918	0.5	1555918	untrained	32676	91	memtrain/o_605_1.jpg	photodiode	1
1556.669	0.5	1556669	untrained	32693	74	memtrain/o_550_1.jpg	photodiode	1
1557.57	0.5	1557570	untrained	32717	50	memtrain/o_057_2.jpg	photodiode	1
1558.32	0.5	1558320	catch	32671	n/a	catch_padded.jpg	photodiode	0
1558.889	0.0	1558889	response	6	n/a	n/a	trigger	0
1560.322	0.5	1560322	trained	32730	37	memtrain/o_597_1.jpg	photodiode	1
1561.123	0.5	1561123	untrained	32714	53	memtrain/o_142_2.jpg	photodiode	1
1561.923	0.5	1561923	untrained	32677	90	memtrain/o_580_1.jpg	photodiode	1
1562.824	0.5	1562824	untrained	32678	89	memtrain/o_469_1.jpg	photodiode	1
1563.725	0.5	1563725	trained	32747	20	memtrain/o_290_1.jpg	photodiode	1
1564.576	0.5	1564576	catch	32671	n/a	catch_padded.jpg	photodiode	0
1565.05	0.0	1565050	response	6	n/a	n/a	trigger	0
1566.677	0.5	1566677	trained	32734	33	memtrain/o_536_1.jpg	photodiode	1
1567.578	0.5	1567578	trained	32740	27	memtrain/o_379_2.jpg	photodiode	1
1568.429	0.5	1568429	trained	32728	39	memtrain/o_606_1.jpg	photodiode	1
1569.179	0.5	1569179	trained	32723	44	memtrain/so_045_1.jpg	photodiode	1
1570.13	0.5	1570130	catch	32671	n/a	catch_padded.jpg	photodiode	0
1570.419	0.0	1570419	response	6	n/a	n/a	trigger	0
1572.232	0.5	1572232	trained	32731	36	memtrain/o_583_1.jpg	photodiode	1
1573.033	0.5	1573033	trained	32755	12	memtrain/o_127_2.jpg	photodiode	1
1573.833	0.5	1573833	untrained	32684	83	memtrain/so_105_1.jpg	photodiode	1
1574.634	0.5	1574634	trained	32746	21	memtrain/o_319_1.jpg	photodiode	1
1575.385	0.5	1575385	untrained	32698	69	memtrain/o_464_2.jpg	photodiode	1
1576.335	0.5	1576335	catch	32671	n/a	catch_padded.jpg	photodiode	0
1576.707	0.0	1576707	response	6	n/a	n/a	trigger	0
1578.287	0.5	1578287	untrained	32673	94	memtrain/so_067_1.jpg	photodiode	1
1579.138	0.5	1579138	untrained	32709	58	memtrain/o_192_1.jpg	photodiode	1
1579.889	0.5	1579889	untrained	32696	71	memtrain/o_483_1.jpg	photodiode	1
1580.631	0.5	1580631	untrained	32718	49	memtrain/o_054_2.jpg	photodiode	1
1581.44	0.5	1581440	catch	32671	n/a	catch_padded.jpg	photodiode	0
1581.964	0.0	1581964	response	6	n/a	n/a	trigger	0
1583.433	0.5	1583433	trained	32743	24	memtrain/o_357_1.jpg	photodiode	1
1584.334	0.5	1584334	trained	32758	9	memtrain/o_101_2.jpg	photodiode	1
1585.285	0.5	1585285	untrained	32698	69	memtrain/o_464_2.jpg	photodiode	1
1586.085	0.5	1586085	catch	32671	n/a	catch_padded.jpg	photodiode	0
1586.485	0.0	1586485	response	6	n/a	n/a	trigger	0
1588.037	0.5	1588037	trained	32733	34	memtrain/o_558_2.jpg	photodiode	1
1588.938	0.5	1588938	trained	32750	17	memtrain/o_232_1.jpg	photodiode	1
1589.889	0.5	1589889	untrained	32697	70	memtrain/o_471_2.jpg	photodiode	1
1590.839	0.5	1590839	untrained	32695	72	memtrain/o_490_1.jpg	photodiode	1
1591.64	0.5	1591640	trained	32757	10	memtrain/o_111_2.jpg	photodiode	1
1592.541	0.5	1592541	catch	32671	n/a	catch_padded.jpg	photodiode	0
1592.924	0.0	1592924	response	6	n/a	n/a	trigger	0
1594.593	0.5	1594593	untrained	32704	63	memtrain/o_310_2.jpg	photodiode	1
1595.343	0.5	1595343	untrained	32701	66	memtrain/o_342_2.jpg	photodiode	1
1596.294	0.5	1596294	untrained	32688	79	memtrain/o_600_1.jpg	photodiode	1
1597.045	0.5	1597045	untrained	32675	92	memtrain/so_033_1.jpg	photodiode	1
1597.995	0.5	1597995	trained	32761	6	memtrain/o_076_1.jpg	photodiode	1
1598.896	0.5	1598896	catch	32671	n/a	catch_padded.jpg	photodiode	0
1599.247	0.0	1599247	response	6	n/a	n/a	trigger	0
1600.898	0.5	1600898	trained	32743	24	memtrain/o_357_1.jpg	photodiode	1
1601.649	0.5	1601649	untrained	32672	95	memtrain/so_125_1.jpg	photodiode	1
1602.499	0.5	1602499	untrained	32708	59	memtrain/o_201_2.jpg	photodiode	1
1603.35	0.5	1603350	trained	32764	3	memtrain/o_040_2.jpg	photodiode	1
1604.301	0.5	1604301	untrained	32687	80	memtrain/o_613_1.jpg	photodiode	1
1605.202	0.5	1605202	catch	32671	n/a	catch_padded.jpg	photodiode	0
1605.704	0.0	1605704	response	6	n/a	n/a	trigger	0
1607.153	0.5	1607153	trained	32766	1	memtrain/o_015_1.jpg	photodiode	1
1608.054	0.5	1608054	untrained	32700	67	memtrain/o_378_1.jpg	photodiode	1
1609.005	0.5	1609005	untrained	32716	51	memtrain/o_103_2.jpg	photodiode	1
1609.906	0.5	1609906	untrained	32710	57	memtrain/o_171_1.jpg	photodiode	1
1610.848	0.5	1610848	trained	32737	30	memtrain/o_437_2.jpg	photodiode	1
1611.699	0.5	1611699	catch	32671	n/a	catch_padded.jpg	photodiode	0
1612.054	0.0	1612054	response	6	n/a	n/a	trigger	0
1613.709	0.5	1613709	untrained	32682	85	memtrain/o_218_1.jpg	photodiode	1
1614.651	0.5	1614651	trained	32728	39	memtrain/o_606_1.jpg	photodiode	1
1615.402	0.5	1615402	untrained	32678	89	memtrain/o_469_1.jpg	photodiode	1
1616.303	0.5	1616303	trained	32759	8	memtrain/o_094_1.jpg	photodiode	1
1617.053	0.5	1617053	catch	32671	n/a	catch_padded.jpg	photodiode	0
1617.521	0.0	1617521	response	6	n/a	n/a	trigger	0
1619.055	0.5	1619055	trained	32727	40	memtrain/o_648_2.jpg	photodiode	1
1619.806	0.5	1619806	trained	32725	42	memtrain/so_034_2.jpg	photodiode	1
1620.606	0.5	1620606	trained	32739	28	memtrain/o_397_1.jpg	photodiode	1
1621.557	0.5	1621557	trained	32752	15	memtrain/o_195_1.jpg	photodiode	1
1622.358	0.5	1622358	trained	32731	36	memtrain/o_583_1.jpg	photodiode	1
1623.259	0.5	1623259	catch	32671	n/a	catch_padded.jpg	photodiode	0
1623.65	0.0	1623650	response	6	n/a	n/a	trigger	0
1625.36	0.5	1625360	trained	32763	4	memtrain/o_042_1.jpg	photodiode	1
1626.161	0.5	1626161	untrained	32718	49	memtrain/o_054_2.jpg	photodiode	1
1627.012	0.5	1627012	untrained	32711	56	memtrain/o_163_2.jpg	photodiode	1
1627.812	0.5	1627812	trained	32762	5	memtrain/o_067_1.jpg	photodiode	1
1628.713	0.5	1628713	trained	32749	18	memtrain/o_264_2.jpg	photodiode	1
1629.514	0.5	1629514	catch	32671	n/a	catch_padded.jpg	photodiode	0
1629.863	0.0	1629863	response	6	n/a	n/a	trigger	0
1631.516	0.5	1631516	untrained	32684	83	memtrain/so_105_1.jpg	photodiode	1
1632.416	0.5	1632416	untrained	32702	65	memtrain/o_337_2.jpg	photodiode	1
1633.267	0.5	1633267	trained	32744	23	memtrain/o_338_2.jpg	photodiode	1
1634.018	0.5	1634018	untrained	32683	84	memtrain/so_117_2.jpg	photodiode	1
1634.768	0.5	1634768	catch	32671	n/a	catch_padded.jpg	photodiode	0
1635.115	0.0	1635115	response	6	n/a	n/a	trigger	0
1636.77	0.5	1636770	untrained	32689	78	memtrain/o_599_1.jpg	photodiode	1
1637.712	0.5	1637712	trained	32767	0	memtrain/o_006_1.jpg	photodiode	1
1638.471	0.5	1638471	trained	32738	29	memtrain/o_416_1.jpg	photodiode	1
1639.372	0.5	1639372	untrained	32719	48	memtrain/o_019_2.jpg	photodiode	1
1640.265	0.5	1640265	untrained	32714	53	memtrain/o_142_2.jpg	photodiode	1
1641.215	0.5	1641215	catch	32671	n/a	catch_padded.jpg	photodiode	0
1641.776	0.0	1641776	response	6	n/a	n/a	trigger	0
1643.326	0.5	1643326	untrained	32713	54	memtrain/o_145_1.jpg	photodiode	1
1644.126	0.5	1644126	trained	32724	43	memtrain/so_043_2.jpg	photodiode	1
1645.069	0.5	1645069	trained	32755	12	memtrain/o_127_2.jpg	photodiode	1
1645.969	0.5	1645969	catch	32671	n/a	catch_padded.jpg	photodiode	0
1646.357	0.0	1646357	response	6	n/a	n/a	trigger	0
1647.921	0.5	1647921	trained	32760	7	memtrain/o_091_2.jpg	photodiode	1
1648.822	0.5	1648822	untrained	32676	91	memtrain/o_605_1.jpg	photodiode	1
1649.773	0.5	1649773	untrained	32677	90	memtrain/o_580_1.jpg	photodiode	1
1650.573	0.5	1650573	untrained	32706	61	memtrain/o_298_2.jpg	photodiode	1
1651.424	0.5	1651424	trained	32753	14	memtrain/o_174_1.jpg	photodiode	1
1652.275	0.5	1652275	catch	32671	n/a	catch_padded.jpg	photodiode	0
1652.658	0.0	1652658	response	6	n/a	n/a	trigger	0
1654.176	0.5	1654176	trained	32748	19	memtrain/o_284_2.jpg	photodiode	1
1655.077	0.5	1655077	trained	32746	21	memtrain/o_319_1.jpg	photodiode	1
1655.978	0.5	1655978	untrained	32693	74	memtrain/o_550_1.jpg	photodiode	1
1656.779	0.5	1656779	trained	32754	13	memtrain/o_136_1.jpg	photodiode	1
1657.529	0.5	1657529	trained	32741	26	memtrain/o_376_1.jpg	photodiode	1
1658.38	0.5	1658380	catch	32671	n/a	catch_padded.jpg	photodiode	0
1658.748	0.0	1658748	response	6	n/a	n/a	trigger	0
1660.332	0.5	1660332	untrained	32715	52	memtrain/o_141_1.jpg	photodiode	1
1661.182	0.5	1661182	trained	32720	47	memtrain/so_147_2.jpg	photodiode	1
1662.133	0.5	1662133	untrained	32703	64	memtrain/o_334_2.jpg	photodiode	1
1663.034	0.5	1663034	catch	32671	n/a	catch_padded.jpg	photodiode	0
1663.388	0.0	1663388	response	6	n/a	n/a	trigger	0
1665.136	0.5	1665136	trained	32723	44	memtrain/so_045_1.jpg	photodiode	1
1666.028	0.5	1666028	untrained	32691	76	memtrain/o_570_1.jpg	photodiode	1
1666.879	0.5	1666879	untrained	32717	50	memtrain/o_057_2.jpg	photodiode	1
1667.63	0.5	1667630	catch	32671	n/a	catch_padded.jpg	photodiode	0
1668.095	0.0	1668095	response	6	n/a	n/a	trigger	0
1669.589	0.5	1669589	untrained	32685	82	memtrain/o_656_1.jpg	photodiode	1
1670.382	0.5	1670382	untrained	32707	60	memtrain/o_228_2.jpg	photodiode	1
1671.183	0.5	1671183	untrained	32680	87	memtrain/o_365_1.jpg	photodiode	1
1672.133	0.5	1672133	untrained	32674	93	memtrain/so_035_1.jpg	photodiode	1
1673.042	0.5	1673042	catch	32671	n/a	catch_padded.jpg	photodiode	0
1673.446	0.0	1673446	response	6	n/a	n/a	trigger	0
1674.986	0.5	1674986	untrained	32690	77	memtrain/o_574_2.jpg	photodiode	1
1675.837	0.5	1675837	trained	32729	38	memtrain/o_603_1.jpg	photodiode	1
1676.737	0.5	1676737	untrained	32699	68	memtrain/o_393_1.jpg	photodiode	1
1677.638	0.5	1677638	catch	32671	n/a	catch_padded.jpg	photodiode	0
1677.994	0.0	1677994	response	6	n/a	n/a	trigger	0
1679.74	0.5	1679740	untrained	32686	81	memtrain/o_655_2.jpg	photodiode	1
1680.591	0.5	1680591	trained	32735	32	memtrain/o_485_2.jpg	photodiode	1
1681.341	0.5	1681341	untrained	32705	62	memtrain/o_304_1.jpg	photodiode	1
1682.292	0.5	1682292	trained	32721	46	memtrain/so_113_1.jpg	photodiode	1
1683.093	0.5	1683093	catch	32671	n/a	catch_padded.jpg	photodiode	0
1683.412	0.0	1683412	response	6	n/a	n/a	trigger	0
1685.044	0.5	1685044	untrained	32694	73	memtrain/o_519_2.jpg	photodiode	1
1685.795	0.5	1685795	untrained	32673	94	memtrain/so_067_1.jpg	photodiode	1
1686.596	0.5	1686596	untrained	32696	71	memtrain/o_483_1.jpg	photodiode	1
1687.346	0.5	1687346	trained	32756	11	memtrain/o_117_2.jpg	photodiode	1
1688.147	0.5	1688147	catch	32671	n/a	catch_padded.jpg	photodiode	0
1688.472	0.0	1688472	response	6	n/a	n/a	trigger	0
1690.049	0.5	1690049	trained	32745	22	memtrain/o_321_1.jpg	photodiode	1
1690.999	0.5	1690999	trained	32736	31	memtrain/o_465_2.jpg	photodiode	1
1691.9	0.5	1691900	trained	32742	25	memtrain/o_358_2.jpg	photodiode	1
1692.851	0.5	1692851	trained	32751	16	memtrain/o_199_2.jpg	photodiode	1
1693.802	0.5	1693802	trained	32730	37	memtrain/o_597_1.jpg	photodiode	1
1694.753	0.5	1694753	catch	32671	n/a	catch_padded.jpg	photodiode	0
1695.11	0.0	1695110	response	6	n/a	n/a	trigger	0
1696.704	0.5	1696704	untrained	32679	88	memtrain/o_458_1.jpg	photodiode	1
1697.455	0.5	1697455	trained	32734	33	memtrain/o_536_1.jpg	photodiode	1
1698.297	0.5	1698297	trained	32765	2	memtrain/o_035_1.jpg	photodiode	1
1699.098	0.5	1699098	untrained	32709	58	memtrain/o_192_1.jpg	photodiode	1
1699.949	0.5	1699949	catch	32671	n/a	catch_padded.jpg	photodiode	0
1700.268	0.0	1700268	response	6	n/a	n/a	trigger	0
1702.05	0.5	1702050	untrained	32712	55	memtrain/o_153_2.jpg	photodiode	1
1702.901	0.5	1702901	trained	32732	35	memtrain/o_561_2.jpg	photodiode	1
1703.71	0.5	1703710	trained	32747	20	memtrain/o_290_1.jpg	photodiode	1
1704.452	0.5	1704452	untrained	32681	86	memtrain/o_288_1.jpg	photodiode	1
1705.353	0.5	1705353	untrained	32692	75	memtrain/o_564_1.jpg	photodiode	1
1706.104	0.5	1706104	catch	32671	n/a	catch_padded.jpg	photodiode	0
1706.48	0.0	1706480	response	6	n/a	n/a	trigger	0
1708.156	0.5	1708156	trained	32722	45	memtrain/so_090_2.jpg	photodiode	1
1709.006	0.5	1709006	trained	32726	41	memtrain/o_663_2.jpg	photodiode	1
1709.857	0.5	1709857	trained	32740	27	memtrain/o_379_2.jpg	photodiode	1
1710.708	0.5	1710708	catch	32671	n/a	catch_padded.jpg	photodiode	0
1710.997	0.0	1710997	response	6	n/a	n/a	trigger	0
1717.186	0.0	1717186	block_end	120	n/a	n/a	trigger	0
1736.572	0.0	1736572	response	6	n/a	n/a	trigger	0
1736.577	0.0	1736577	block_onset	107	n/a	n/a	trigger	0
1738.631	0.5	1738631	untrained	32686	81	memtrain/o_655_2.jpg	photodiode	1
1739.532	0.5	1739532	trained	32747	20	memtrain/o_290_1.jpg	photodiode	1
1740.483	0.5	1740483	trained	32744	23	memtrain/o_338_2.jpg	photodiode	1
1741.284	0.5	1741284	untrained	32715	52	memtrain/o_141_1.jpg	photodiode	1
1742.184	0.5	1742184	trained	32753	14	memtrain/o_174_1.jpg	photodiode	1
1743.085	0.5	1743085	catch	32671	n/a	catch_padded.jpg	photodiode	0
1743.603	0.0	1743603	response	6	n/a	n/a	trigger	0
1745.037	0.5	1745037	trained	32746	21	memtrain/o_319_1.jpg	photodiode	1
1745.879	0.5	1745879	trained	32727	40	memtrain/o_648_2.jpg	photodiode	1
1746.788	0.5	1746788	untrained	32677	90	memtrain/o_580_1.jpg	photodiode	1
1747.539	0.5	1747539	trained	32736	31	memtrain/o_465_2.jpg	photodiode	1
1748.29	0.5	1748290	untrained	32685	82	memtrain/o_656_1.jpg	photodiode	1
1749.232	0.5	1749232	catch	32671	n/a	catch_padded.jpg	photodiode	0
1749.6	0.0	1749600	response	6	n/a	n/a	trigger	0
1751.142	0.5	1751142	untrained	32710	57	memtrain/o_171_1.jpg	photodiode	1
1751.984	0.5	1751984	untrained	32714	53	memtrain/o_142_2.jpg	photodiode	1
1752.935	0.5	1752935	untrained	32700	67	memtrain/o_378_1.jpg	photodiode	1
1753.836	0.5	1753836	untrained	32711	56	memtrain/o_163_2.jpg	photodiode	1
1754.737	0.5	1754737	trained	32741	26	memtrain/o_376_1.jpg	photodiode	1
1755.587	0.5	1755587	catch	32671	n/a	catch_padded.jpg	photodiode	0
1755.915	0.0	1755915	response	6	n/a	n/a	trigger	0
1757.489	0.5	1757489	trained	32743	24	memtrain/o_357_1.jpg	photodiode	1
1758.29	0.5	1758290	untrained	32688	79	memtrain/o_600_1.jpg	photodiode	1
1759.09	0.5	1759090	untrained	32684	83	memtrain/so_105_1.jpg	photodiode	1
1760.041	0.5	1760041	trained	32729	38	memtrain/o_603_1.jpg	photodiode	1
1760.992	0.5	1760992	catch	32671	n/a	catch_padded.jpg	photodiode	0
1761.355	0.0	1761355	response	6	n/a	n/a	trigger	0
1762.894	0.5	1762894	untrained	32716	51	memtrain/o_103_2.jpg	photodiode	1
1763.644	0.5	1763644	trained	32764	3	memtrain/o_040_2.jpg	photodiode	1
1764.395	0.5	1764395	trained	32767	0	memtrain/o_006_1.jpg	photodiode	1
1765.246	0.5	1765246	untrained	32701	66	memtrain/o_342_2.jpg	photodiode	1
1766.096	0.5	1766096	untrained	32679	88	memtrain/o_458_1.jpg	photodiode	1
1767.047	0.5	1767047	catch	32671	n/a	catch_padded.jpg	photodiode	0
1767.3	0.0	1767300	response	6	n/a	n/a	trigger	0
1768.949	0.5	1768949	trained	32739	28	memtrain/o_397_1.jpg	photodiode	1
1769.9	0.5	1769900	untrained	32704	63	memtrain/o_310_2.jpg	photodiode	1
1770.85	0.5	1770850	trained	32757	10	memtrain/o_111_2.jpg	photodiode	1
1771.801	0.5	1771801	catch	32671	n/a	catch_padded.jpg	photodiode	0
1772.217	0.0	1772217	response	6	n/a	n/a	trigger	0
1773.803	0.5	1773803	untrained	32693	74	memtrain/o_550_1.jpg	photodiode	1
1774.704	0.5	1774704	trained	32740	27	memtrain/o_379_2.jpg	photodiode	1
1775.554	0.5	1775554	untrained	32697	70	memtrain/o_471_2.jpg	photodiode	1
1776.347	0.5	1776347	trained	32734	33	memtrain/o_536_1.jpg	photodiode	1
1777.097	0.5	1777097	catch	32671	n/a	catch_padded.jpg	photodiode	0
1777.443	0.0	1777443	response	6	n/a	n/a	trigger	0
1779.057	0.5	1779057	untrained	32718	49	memtrain/o_054_2.jpg	photodiode	1
1779.8	0.5	1779800	untrained	32689	78	memtrain/o_599_1.jpg	photodiode	1
1780.659	0.5	1780659	untrained	32702	65	memtrain/o_337_2.jpg	photodiode	1
1781.501	0.5	1781501	untrained	32707	60	memtrain/o_228_2.jpg	photodiode	1
1782.352	0.5	1782352	catch	32671	n/a	catch_padded.jpg	photodiode	0
1782.787	0.0	1782787	response	6	n/a	n/a	trigger	0
1784.303	0.5	1784303	trained	32722	45	memtrain/so_090_2.jpg	photodiode	1
1785.154	0.5	1785154	trained	32737	30	memtrain/o_437_2.jpg	photodiode	1
1786.055	0.5	1786055	untrained	32703	64	memtrain/o_334_2.jpg	photodiode	1
1786.806	0.5	1786806	trained	32765	2	memtrain/o_035_1.jpg	photodiode	1
1787.756	0.5	1787756	trained	32733	34	memtrain/o_558_2.jpg	photodiode	1
1788.707	0.5	1788707	catch	32671	n/a	catch_padded.jpg	photodiode	0
1789.002	0.0	1789002	response	6	n/a	n/a	trigger	0
1790.809	0.5	1790809	untrained	32695	72	memtrain/o_490_1.jpg	photodiode	1
1791.71	0.5	1791710	trained	32731	36	memtrain/o_583_1.jpg	photodiode	1
1792.51	0.5	1792510	trained	32725	42	memtrain/so_034_2.jpg	photodiode	1
1793.461	0.5	1793461	trained	32758	9	memtrain/o_101_2.jpg	photodiode	1
1794.312	0.5	1794312	untrained	32699	68	memtrain/o_393_1.jpg	photodiode	1
1795.213	0.5	1795213	catch	32671	n/a	catch_padded.jpg	photodiode	0
1795.526	0.0	1795526	response	6	n/a	n/a	trigger	0
1797.114	0.5	1797114	trained	32738	29	memtrain/o_416_1.jpg	photodiode	1
1797.965	0.5	1797965	untrained	32708	59	memtrain/o_201_2.jpg	photodiode	1
1798.816	0.5	1798816	trained	32760	7	memtrain/o_091_2.jpg	photodiode	1
1799.566	0.5	1799566	catch	32671	n/a	catch_padded.jpg	photodiode	0
1799.847	0.0	1799847	response	6	n/a	n/a	trigger	0
1801.668	0.5	1801668	trained	32749	18	memtrain/o_264_2.jpg	photodiode	1
1802.569	0.5	1802569	untrained	32692	75	memtrain/o_564_1.jpg	photodiode	1
1803.37	0.5	1803370	untrained	32713	54	memtrain/o_145_1.jpg	photodiode	1
1804.27	0.5	1804270	catch	32671	n/a	catch_padded.jpg	photodiode	0
1804.728	0.0	1804728	response	6	n/a	n/a	trigger	0
1806.222	0.5	1806222	trained	32761	6	memtrain/o_076_1.jpg	photodiode	1
1807.123	0.5	1807123	untrained	32719	48	memtrain/o_019_2.jpg	photodiode	1
1808.024	0.5	1808024	trained	32750	17	memtrain/o_232_1.jpg	photodiode	1
1808.966	0.5	1808966	trained	32720	47	memtrain/so_147_2.jpg	photodiode	1
1809.817	0.5	1809817	catch	32671	n/a	catch_padded.jpg	photodiode	0
1810.114	0.0	1810114	response	6	n/a	n/a	trigger	0
1811.718	0.5	1811718	untrained	32717	50	memtrain/o_057_2.jpg	photodiode	1
1812.469	0.5	1812469	trained	32759	8	memtrain/o_094_1.jpg	photodiode	1
1813.37	0.5	1813370	untrained	32712	55	memtrain/o_153_2.jpg	photodiode	1
1814.22	0.5	1814220	trained	32745	22	memtrain/o_321_1.jpg	photodiode	1
1815.171	0.5	1815171	catch	32671	n/a	catch_padded.jpg	photodiode	0
1815.452	0.0	1815452	response	6	n/a	n/a	trigger	0
1817.073	0.5	1817073	untrained	32681	86	memtrain/o_288_1.jpg	photodiode	1
1817.924	0.5	1817924	trained	32721	46	memtrain/so_113_1.jpg	photodiode	1
1818.724	0.5	1818724	untrained	32674	93	memtrain/so_035_1.jpg	photodiode	1
1819.575	0.5	1819575	catch	32671	n/a	catch_padded.jpg	photodiode	0
1820.202	0.0	1820202	response	6	n/a	n/a	trigger	0
1821.527	0.5	1821527	trained	32762	5	memtrain/o_067_1.jpg	photodiode	1
1822.377	0.5	1822377	untrained	32672	95	memtrain/so_125_1.jpg	photodiode	1
1823.178	0.5	1823178	untrained	32673	94	memtrain/so_067_1.jpg	photodiode	1
1824.129	0.5	1824129	catch	32671	n/a	catch_padded.jpg	photodiode	0
1824.458	0.0	1824458	response	6	n/a	n/a	trigger	0
1826.181	0.5	1826181	untrained	32675	92	memtrain/so_033_1.jpg	photodiode	1
1826.981	0.5	1826981	untrained	32680	87	memtrain/o_365_1.jpg	photodiode	1
1827.882	0.5	1827882	untrained	32676	91	memtrain/o_605_1.jpg	photodiode	1
1828.833	0.5	1828833	trained	32723	44	memtrain/so_045_1.jpg	photodiode	1
1829.634	0.5	1829634	catch	32671	n/a	catch_padded.jpg	photodiode	0
1830.055	0.0	1830055	response	6	n/a	n/a	trigger	0
1831.535	0.5	1831535	untrained	32690	77	memtrain/o_574_2.jpg	photodiode	1
1832.386	0.5	1832386	trained	32751	16	memtrain/o_199_2.jpg	photodiode	1
1833.287	0.5	1833287	trained	32763	4	memtrain/o_042_1.jpg	photodiode	1
1834.187	0.5	1834187	trained	32728	39	memtrain/o_606_1.jpg	photodiode	1
1834.938	0.5	1834938	trained	32726	41	memtrain/o_663_2.jpg	photodiode	1
1835.839	0.5	1835839	catch	32671	n/a	catch_padded.jpg	photodiode	0
1836.218	0.0	1836218	response	6	n/a	n/a	trigger	0
1837.932	0.5	1837932	trained	32732	35	memtrain/o_561_2.jpg	photodiode	1
1838.833	0.5	1838833	untrained	32683	84	memtrain/so_117_2.jpg	photodiode	1
1839.784	0.5	1839784	trained	32748	19	memtrain/o_284_2.jpg	photodiode	1
1840.634	0.5	1840634	trained	32742	25	memtrain/o_358_2.jpg	photodiode	1
1841.435	0.5	1841435	catch	32671	n/a	catch_padded.jpg	photodiode	0
1841.851	0.0	1841851	response	6	n/a	n/a	trigger	0
1843.545	0.5	1843545	untrained	32698	69	memtrain/o_464_2.jpg	photodiode	1
1844.288	0.5	1844288	trained	32735	32	memtrain/o_485_2.jpg	photodiode	1
1845.238	0.5	1845238	untrained	32709	58	memtrain/o_192_1.jpg	photodiode	1
1846.139	0.5	1846139	catch	32671	n/a	catch_padded.jpg	photodiode	0
1846.7	0.0	1846700	response	6	n/a	n/a	trigger	0
1848.191	0.5	1848191	untrained	32705	62	memtrain/o_304_1.jpg	photodiode	1
1849.092	0.5	1849092	trained	32755	12	memtrain/o_127_2.jpg	photodiode	1
1849.892	0.5	1849892	trained	32724	43	memtrain/so_043_2.jpg	photodiode	1
1850.743	0.5	1850743	trained	32752	15	memtrain/o_195_1.jpg	photodiode	1
1851.694	0.5	1851694	catch	32671	n/a	catch_padded.jpg	photodiode	0
1852.104	0.0	1852104	response	6	n/a	n/a	trigger	0
1853.595	0.5	1853595	trained	32766	1	memtrain/o_015_1.jpg	photodiode	1
1854.396	0.5	1854396	trained	32730	37	memtrain/o_597_1.jpg	photodiode	1
1855.247	0.5	1855247	untrained	32691	76	memtrain/o_570_1.jpg	photodiode	1
1856.048	0.5	1856048	untrained	32694	73	memtrain/o_519_2.jpg	photodiode	1
1856.948	0.5	1856948	catch	32671	n/a	catch_padded.jpg	photodiode	0
1857.318	0.0	1857318	response	6	n/a	n/a	trigger	0
1859.05	0.5	1859050	untrained	32706	61	memtrain/o_298_2.jpg	photodiode	1
1859.801	0.5	1859801	trained	32756	11	memtrain/o_117_2.jpg	photodiode	1
1860.702	0.5	1860702	trained	32754	13	memtrain/o_136_1.jpg	photodiode	1
1861.602	0.5	1861602	untrained	32678	89	memtrain/o_469_1.jpg	photodiode	1
1862.553	0.5	1862553	catch	32671	n/a	catch_padded.jpg	photodiode	0
1862.986	0.0	1862986	response	6	n/a	n/a	trigger	0
1864.605	0.5	1864605	untrained	32696	71	memtrain/o_483_1.jpg	photodiode	1
1865.447	0.5	1865447	untrained	32687	80	memtrain/o_613_1.jpg	photodiode	1
1866.298	0.5	1866298	untrained	32682	85	memtrain/o_218_1.jpg	photodiode	1
1867.249	0.5	1867249	catch	32671	n/a	catch_padded.jpg	photodiode	0
1868.081	0.0	1868081	response	6	n/a	n/a	trigger	0
1869.159	0.5	1869159	untrained	32719	48	memtrain/o_019_2.jpg	photodiode	1
1870.101	0.5	1870101	trained	32765	2	memtrain/o_035_1.jpg	photodiode	1
1870.902	0.5	1870902	untrained	32679	88	memtrain/o_458_1.jpg	photodiode	1
1871.703	0.5	1871703	trained	32767	0	memtrain/o_006_1.jpg	photodiode	1
1872.453	0.5	1872453	trained	32724	43	memtrain/so_043_2.jpg	photodiode	1
1873.304	0.5	1873304	catch	32671	n/a	catch_padded.jpg	photodiode	0
1873.543	0.0	1873543	response	6	n/a	n/a	trigger	0
1875.256	0.5	1875256	untrained	32693	74	memtrain/o_550_1.jpg	photodiode	1
1876.106	0.5	1876106	untrained	32683	84	memtrain/so_117_2.jpg	photodiode	1
1876.857	0.5	1876857	untrained	32684	83	memtrain/so_105_1.jpg	photodiode	1
1877.608	0.5	1877608	untrained	32676	91	memtrain/o_605_1.jpg	photodiode	1
1878.408	0.5	1878408	untrained	32711	56	memtrain/o_163_2.jpg	photodiode	1
1879.309	0.5	1879309	catch	32671	n/a	catch_padded.jpg	photodiode	0
1879.684	0.0	1879684	response	6	n/a	n/a	trigger	0
1881.361	0.5	1881361	trained	32748	19	memtrain/o_284_2.jpg	photodiode	1
1882.161	0.5	1882161	untrained	32689	78	memtrain/o_599_1.jpg	photodiode	1
1882.962	0.5	1882962	trained	32742	25	memtrain/o_358_2.jpg	photodiode	1
1883.863	0.5	1883863	trained	32723	44	memtrain/so_045_1.jpg	photodiode	1
1884.664	0.5	1884664	catch	32671	n/a	catch_padded.jpg	photodiode	0
1885.096	0.0	1885096	response	6	n/a	n/a	trigger	0
1886.765	0.5	1886765	trained	32726	41	memtrain/o_663_2.jpg	photodiode	1
1887.566	0.5	1887566	trained	32736	31	memtrain/o_465_2.jpg	photodiode	1
1888.517	0.5	1888517	trained	32739	28	memtrain/o_397_1.jpg	photodiode	1
1889.468	0.5	1889468	trained	32732	35	memtrain/o_561_2.jpg	photodiode	1
1890.318	0.5	1890318	trained	32746	21	memtrain/o_319_1.jpg	photodiode	1
1891.219	0.5	1891219	catch	32671	n/a	catch_padded.jpg	photodiode	0
1891.573	0.0	1891573	response	6	n/a	n/a	trigger	0
1893.221	0.5	1893221	untrained	32708	59	memtrain/o_201_2.jpg	photodiode	1
1894.063	0.5	1894063	trained	32729	38	memtrain/o_603_1.jpg	photodiode	1
1894.814	0.5	1894814	trained	32738	29	memtrain/o_416_1.jpg	photodiode	1
1895.715	0.5	1895715	untrained	32696	71	memtrain/o_483_1.jpg	photodiode	1
1896.524	0.5	1896524	catch	32671	n/a	catch_padded.jpg	photodiode	0
1897.129	0.0	1897129	response	6	n/a	n/a	trigger	0
1898.425	0.5	1898425	untrained	32673	94	memtrain/so_067_1.jpg	photodiode	1
1899.268	0.5	1899268	untrained	32682	85	memtrain/o_218_1.jpg	photodiode	1
1900.068	0.5	1900068	untrained	32714	53	memtrain/o_142_2.jpg	photodiode	1
1900.819	0.5	1900819	catch	32671	n/a	catch_padded.jpg	photodiode	0
1901.144	0.0	1901144	response	6	n/a	n/a	trigger	0
1902.871	0.5	1902871	untrained	32699	68	memtrain/o_393_1.jpg	photodiode	1
1903.771	0.5	1903771	untrained	32718	49	memtrain/o_054_2.jpg	photodiode	1
1904.622	0.5	1904622	untrained	32695	72	memtrain/o_490_1.jpg	photodiode	1
1905.473	0.5	1905473	trained	32733	34	memtrain/o_558_2.jpg	photodiode	1
1906.374	0.5	1906374	catch	32671	n/a	catch_padded.jpg	photodiode	0
1906.669	0.0	1906669	response	6	n/a	n/a	trigger	0
1908.375	0.5	1908375	trained	32744	23	memtrain/o_338_2.jpg	photodiode	1
1909.326	0.5	1909326	trained	32743	24	memtrain/o_357_1.jpg	photodiode	1
1910.077	0.5	1910077	untrained	32710	57	memtrain/o_171_1.jpg	photodiode	1
1910.977	0.5	1910977	trained	32720	47	memtrain/so_147_2.jpg	photodiode	1
1911.828	0.5	1911828	trained	32753	14	memtrain/o_174_1.jpg	photodiode	1
1912.579	0.5	1912579	catch	32671	n/a	catch_padded.jpg	photodiode	0
1912.963	0.0	1912963	response	6	n/a	n/a	trigger	0
1914.53	0.5	1914530	untrained	32685	82	memtrain/o_656_1.jpg	photodiode	1
1915.381	0.5	1915381	trained	32747	20	memtrain/o_290_1.jpg	photodiode	1
1916.132	0.5	1916132	untrained	32717	50	memtrain/o_057_2.jpg	photodiode	1
1916.933	0.5	1916933	catch	32671	n/a	catch_padded.jpg	photodiode	0
1917.383	0.0	1917383	response	6	n/a	n/a	trigger	0
1918.834	0.5	1918834	trained	32750	17	memtrain/o_232_1.jpg	photodiode	1
1919.735	0.5	1919735	untrained	32681	86	memtrain/o_288_1.jpg	photodiode	1
1920.486	0.5	1920486	untrained	32707	60	memtrain/o_228_2.jpg	photodiode	1
1921.236	0.5	1921236	untrained	32677	90	memtrain/o_580_1.jpg	photodiode	1
1922.187	0.5	1922187	untrained	32692	75	memtrain/o_564_1.jpg	photodiode	1
1922.988	0.5	1922988	catch	32671	n/a	catch_padded.jpg	photodiode	0
1923.3	0.0	1923300	response	6	n/a	n/a	trigger	0
1924.939	0.5	1924939	untrained	32716	51	memtrain/o_103_2.jpg	photodiode	1
1925.79	0.5	1925790	trained	32740	27	memtrain/o_379_2.jpg	photodiode	1
1926.541	0.5	1926541	trained	32737	30	memtrain/o_437_2.jpg	photodiode	1
1927.333	0.5	1927333	trained	32751	16	memtrain/o_199_2.jpg	photodiode	1
1928.134	0.5	1928134	trained	32762	5	memtrain/o_067_1.jpg	photodiode	1
1929.085	0.5	1929085	catch	32671	n/a	catch_padded.jpg	photodiode	0
1929.418	0.0	1929418	response	6	n/a	n/a	trigger	0
1931.036	0.5	1931036	untrained	32691	76	memtrain/o_570_1.jpg	photodiode	1
1931.937	0.5	1931937	trained	32756	11	memtrain/o_117_2.jpg	photodiode	1
1932.738	0.5	1932738	untrained	32701	66	memtrain/o_342_2.jpg	photodiode	1
1933.488	0.5	1933488	catch	32671	n/a	catch_padded.jpg	photodiode	0
1934.015	0.0	1934015	response	6	n/a	n/a	trigger	0
1935.49	0.5	1935490	untrained	32678	89	memtrain/o_469_1.jpg	photodiode	1
1936.441	0.5	1936441	untrained	32715	52	memtrain/o_141_1.jpg	photodiode	1
1937.342	0.5	1937342	trained	32728	39	memtrain/o_606_1.jpg	photodiode	1
1938.292	0.5	1938292	catch	32671	n/a	catch_padded.jpg	photodiode	0
1938.678	0.0	1938678	response	6	n/a	n/a	trigger	0
1940.294	0.5	1940294	trained	32764	3	memtrain/o_040_2.jpg	photodiode	1
1941.045	0.5	1941045	trained	32754	13	memtrain/o_136_1.jpg	photodiode	1
1941.945	0.5	1941945	trained	32760	7	memtrain/o_091_2.jpg	photodiode	1
1942.746	0.5	1942746	catch	32671	n/a	catch_padded.jpg	photodiode	0
1943.131	0.0	1943131	response	6	n/a	n/a	trigger	0
1944.648	0.5	1944648	trained	32735	32	memtrain/o_485_2.jpg	photodiode	1
1945.498	0.5	1945498	untrained	32703	64	memtrain/o_334_2.jpg	photodiode	1
1946.249	0.5	1946249	untrained	32697	70	memtrain/o_471_2.jpg	photodiode	1
1947.0	0.5	1947000	catch	32671	n/a	catch_padded.jpg	photodiode	0
1947.41	0.0	1947410	response	6	n/a	n/a	trigger	0
1948.951	0.5	1948951	trained	32749	18	memtrain/o_264_2.jpg	photodiode	1
1949.852	0.5	1949852	untrained	32713	54	memtrain/o_145_1.jpg	photodiode	1
1950.653	0.5	1950653	trained	32755	12	memtrain/o_127_2.jpg	photodiode	1
1951.403	0.5	1951403	untrained	32709	58	memtrain/o_192_1.jpg	photodiode	1
1952.254	0.5	1952254	catch	32671	n/a	catch_padded.jpg	photodiode	0
1952.54	0.0	1952540	response	6	n/a	n/a	trigger	0
1954.256	0.5	1954256	trained	32745	22	memtrain/o_321_1.jpg	photodiode	1
1955.048	0.5	1955048	untrained	32704	63	memtrain/o_310_2.jpg	photodiode	1
1955.807	0.5	1955807	trained	32766	1	memtrain/o_015_1.jpg	photodiode	1
1956.608	0.5	1956608	catch	32671	n/a	catch_padded.jpg	photodiode	0
1957.009	0.0	1957009	response	6	n/a	n/a	trigger	0
1958.701	0.5	1958701	trained	32727	40	memtrain/o_648_2.jpg	photodiode	1
1959.502	0.5	1959502	untrained	32690	77	memtrain/o_574_2.jpg	photodiode	1
1960.453	0.5	1960453	untrained	32675	92	memtrain/so_033_1.jpg	photodiode	1
1961.404	0.5	1961404	untrained	32694	73	memtrain/o_519_2.jpg	photodiode	1
1962.354	0.5	1962354	catch	32671	n/a	catch_padded.jpg	photodiode	0
1962.741	0.0	1962741	response	6	n/a	n/a	trigger	0
1964.306	0.5	1964306	untrained	32705	62	memtrain/o_304_1.jpg	photodiode	1
1965.207	0.5	1965207	untrained	32712	55	memtrain/o_153_2.jpg	photodiode	1
1966.007	0.5	1966007	trained	32731	36	memtrain/o_583_1.jpg	photodiode	1
1966.958	0.5	1966958	catch	32671	n/a	catch_padded.jpg	photodiode	0
1967.36	0.0	1967360	response	6	n/a	n/a	trigger	0
1969.06	0.5	1969060	trained	32758	9	memtrain/o_101_2.jpg	photodiode	1
1969.811	0.5	1969811	untrained	32698	69	memtrain/o_464_2.jpg	photodiode	1
1970.561	0.5	1970561	untrained	32706	61	memtrain/o_298_2.jpg	photodiode	1
1971.362	0.5	1971362	trained	32722	45	memtrain/so_090_2.jpg	photodiode	1
1972.313	0.5	1972313	untrained	32686	81	memtrain/o_655_2.jpg	photodiode	1
1973.164	0.5	1973164	catch	32671	n/a	catch_padded.jpg	photodiode	0
1973.505	0.0	1973505	response	6	n/a	n/a	trigger	0
1975.165	0.5	1975165	untrained	32700	67	memtrain/o_378_1.jpg	photodiode	1
1976.116	0.5	1976116	untrained	32702	65	memtrain/o_337_2.jpg	photodiode	1
1976.967	0.5	1976967	trained	32763	4	memtrain/o_042_1.jpg	photodiode	1
1977.767	0.5	1977767	trained	32757	10	memtrain/o_111_2.jpg	photodiode	1
1978.718	0.5	1978718	catch	32671	n/a	catch_padded.jpg	photodiode	0
1979.21	0.0	1979210	response	6	n/a	n/a	trigger	0
1980.62	0.5	1980620	trained	32759	8	memtrain/o_094_1.jpg	photodiode	1
1981.37	0.5	1981370	untrained	32672	95	memtrain/so_125_1.jpg	photodiode	1
1982.271	0.5	1982271	trained	32752	15	memtrain/o_195_1.jpg	photodiode	1
1983.122	0.5	1983122	catch	32671	n/a	catch_padded.jpg	photodiode	0
1983.472	0.0	1983472	response	6	n/a	n/a	trigger	0
1985.174	0.5	1985174	trained	32734	33	memtrain/o_536_1.jpg	photodiode	1
1985.916	0.5	1985916	trained	32741	26	memtrain/o_376_1.jpg	photodiode	1
1986.867	0.5	1986867	trained	32761	6	memtrain/o_076_1.jpg	photodiode	1
1987.668	0.5	1987668	untrained	32687	80	memtrain/o_613_1.jpg	photodiode	1
1988.518	0.5	1988518	untrained	32688	79	memtrain/o_600_1.jpg	photodiode	1
1989.469	0.5	1989469	catch	32671	n/a	catch_padded.jpg	photodiode	0
1989.835	0.0	1989835	response	6	n/a	n/a	trigger	0
1991.571	0.5	1991571	trained	32721	46	memtrain/so_113_1.jpg	photodiode	1
1992.472	0.5	1992472	trained	32730	37	memtrain/o_597_1.jpg	photodiode	1
1993.322	0.5	1993322	untrained	32680	87	memtrain/o_365_1.jpg	photodiode	1
1994.223	0.5	1994223	untrained	32674	93	memtrain/so_035_1.jpg	photodiode	1
1995.174	0.5	1995174	trained	32725	42	memtrain/so_034_2.jpg	photodiode	1
1996.075	0.5	1996075	catch	32671	n/a	catch_padded.jpg	photodiode	0
1996.472	0.0	1996472	response	6	n/a	n/a	trigger	0
2002.552	0.0	2002552	block_end	120	n/a	n/a	trigger	0
2023.367	0.0	2023367	response	6	n/a	n/a	trigger	0
2023.378	0.0	2023378	block_onset	108	n/a	n/a	trigger	0
2025.424	0.5	2025424	trained	32757	10	memtrain/o_111_2.jpg	photodiode	1
2026.334	0.5	2026334	untrained	32717	50	memtrain/o_057_2.jpg	photodiode	1
2027.234	0.5	2027234	untrained	32687	80	memtrain/o_613_1.jpg	photodiode	1
2028.185	0.5	2028185	catch	32671	n/a	catch_padded.jpg	photodiode	0
2028.536	0.0	2028536	response	6	n/a	n/a	trigger	0
2030.237	0.5	2030237	trained	32724	43	memtrain/so_043_2.jpg	photodiode	1
2031.079	0.5	2031079	untrained	32705	62	memtrain/o_304_1.jpg	photodiode	1
2031.88	0.5	2031880	untrained	32680	87	memtrain/o_365_1.jpg	photodiode	1
2032.839	0.5	2032839	untrained	32697	70	memtrain/o_471_2.jpg	photodiode	1
2033.74	0.5	2033740	trained	32751	16	memtrain/o_199_2.jpg	photodiode	1
2034.541	0.5	2034541	catch	32671	n/a	catch_padded.jpg	photodiode	0
2034.888	0.0	2034888	response	6	n/a	n/a	trigger	0
2036.492	0.5	2036492	trained	32746	21	memtrain/o_319_1.jpg	photodiode	1
2037.243	0.5	2037243	trained	32765	2	memtrain/o_035_1.jpg	photodiode	1
2038.185	0.5	2038185	untrained	32700	67	memtrain/o_378_1.jpg	photodiode	1
2039.044	0.5	2039044	catch	32671	n/a	catch_padded.jpg	photodiode	0
2039.336	0.0	2039336	response	6	n/a	n/a	trigger	0
2041.138	0.5	2041138	trained	32745	22	memtrain/o_321_1.jpg	photodiode	1
2041.989	0.5	2041989	trained	32764	3	memtrain/o_040_2.jpg	photodiode	1
2042.889	0.5	2042889	trained	32762	5	memtrain/o_067_1.jpg	photodiode	1
2043.84	0.5	2043840	untrained	32690	77	memtrain/o_574_2.jpg	photodiode	1
2044.691	0.5	2044691	trained	32750	17	memtrain/o_232_1.jpg	photodiode	1
2045.642	0.5	2045642	catch	32671	n/a	catch_padded.jpg	photodiode	0
2045.969	0.0	2045969	response	6	n/a	n/a	trigger	0
2047.693	0.5	2047693	untrained	32683	84	memtrain/so_117_2.jpg	photodiode	1
2048.444	0.5	2048444	trained	32761	6	memtrain/o_076_1.jpg	photodiode	1
2049.195	0.5	2049195	trained	32743	24	memtrain/o_357_1.jpg	photodiode	1
2049.995	0.5	2049995	untrained	32692	75	memtrain/o_564_1.jpg	photodiode	1
2050.846	0.5	2050846	catch	32671	n/a	catch_padded.jpg	photodiode	0
2051.172	0.0	2051172	response	6	n/a	n/a	trigger	0
2052.848	0.5	2052848	trained	32730	37	memtrain/o_597_1.jpg	photodiode	1
2053.749	0.5	2053749	untrained	32702	65	memtrain/o_337_2.jpg	photodiode	1
2054.599	0.5	2054599	untrained	32714	53	memtrain/o_142_2.jpg	photodiode	1
2055.45	0.5	2055450	trained	32744	23	memtrain/o_338_2.jpg	photodiode	1
2056.301	0.5	2056301	trained	32728	39	memtrain/o_606_1.jpg	photodiode	1
2057.051	0.5	2057051	catch	32671	n/a	catch_padded.jpg	photodiode	0
2057.427	0.0	2057427	response	6	n/a	n/a	trigger	0
2059.053	0.5	2059053	trained	32742	25	memtrain/o_358_2.jpg	photodiode	1
2059.904	0.5	2059904	untrained	32686	81	memtrain/o_655_2.jpg	photodiode	1
2060.654	0.5	2060654	untrained	32712	55	memtrain/o_153_2.jpg	photodiode	1
2061.605	0.5	2061605	untrained	32681	86	memtrain/o_288_1.jpg	photodiode	1
2062.556	0.5	2062556	untrained	32672	95	memtrain/so_125_1.jpg	photodiode	1
2063.398	0.5	2063398	catch	32671	n/a	catch_padded.jpg	photodiode	0
2063.798	0.0	2063798	response	6	n/a	n/a	trigger	0
2065.358	0.5	2065358	untrained	32703	64	memtrain/o_334_2.jpg	photodiode	1
2066.109	0.5	2066109	trained	32734	33	memtrain/o_536_1.jpg	photodiode	1
2067.052	0.5	2067052	trained	32737	30	memtrain/o_437_2.jpg	photodiode	1
2067.852	0.5	2067852	trained	32721	46	memtrain/so_113_1.jpg	photodiode	1
2068.653	0.5	2068653	trained	32740	27	memtrain/o_379_2.jpg	photodiode	1
2069.554	0.5	2069554	catch	32671	n/a	catch_padded.jpg	photodiode	0
2069.915	0.0	2069915	response	6	n/a	n/a	trigger	0
2071.664	0.5	2071664	untrained	32709	58	memtrain/o_192_1.jpg	photodiode	1
2072.514	0.5	2072514	trained	32725	42	memtrain/so_034_2.jpg	photodiode	1
2073.407	0.5	2073407	untrained	32698	69	memtrain/o_464_2.jpg	photodiode	1
2074.358	0.5	2074358	untrained	32710	57	memtrain/o_171_1.jpg	photodiode	1
2075.309	0.5	2075309	catch	32671	n/a	catch_padded.jpg	photodiode	0
2075.682	0.0	2075682	response	6	n/a	n/a	trigger	0
2077.41	0.5	2077410	trained	32729	38	memtrain/o_603_1.jpg	photodiode	1
2078.161	0.5	2078161	trained	32760	7	memtrain/o_091_2.jpg	photodiode	1
2079.062	0.5	2079062	untrained	32719	48	memtrain/o_019_2.jpg	photodiode	1
2079.812	0.5	2079812	catch	32671	n/a	catch_padded.jpg	photodiode	0
2080.214	0.0	2080214	response	6	n/a	n/a	trigger	0
2081.864	0.5	2081864	trained	32720	47	memtrain/so_147_2.jpg	photodiode	1
2082.615	0.5	2082615	trained	32739	28	memtrain/o_397_1.jpg	photodiode	1
2083.365	0.5	2083365	untrained	32699	68	memtrain/o_393_1.jpg	photodiode	1
2084.216	0.5	2084216	untrained	32689	78	memtrain/o_599_1.jpg	photodiode	1
2084.967	0.5	2084967	trained	32747	20	memtrain/o_290_1.jpg	photodiode	1
2085.717	0.5	2085717	catch	32671	n/a	catch_padded.jpg	photodiode	0
2086.103	0.0	2086103	response	6	n/a	n/a	trigger	0
2087.819	0.5	2087819	untrained	32715	52	memtrain/o_141_1.jpg	photodiode	1
2088.62	0.5	2088620	trained	32756	11	memtrain/o_117_2.jpg	photodiode	1
2089.562	0.5	2089562	untrained	32713	54	memtrain/o_145_1.jpg	photodiode	1
2090.521	0.5	2090521	untrained	32716	51	memtrain/o_103_2.jpg	photodiode	1
2091.472	0.5	2091472	catch	32671	n/a	catch_padded.jpg	photodiode	0
2091.839	0.0	2091839	response	6	n/a	n/a	trigger	0
2093.574	0.5	2093574	trained	32726	41	memtrain/o_663_2.jpg	photodiode	1
2094.466	0.5	2094466	trained	32736	31	memtrain/o_465_2.jpg	photodiode	1
2095.317	0.5	2095317	untrained	32695	72	memtrain/o_490_1.jpg	photodiode	1
2096.076	0.5	2096076	untrained	32675	92	memtrain/so_033_1.jpg	photodiode	1
2096.827	0.5	2096827	untrained	32706	61	memtrain/o_298_2.jpg	photodiode	1
2097.669	0.5	2097669	catch	32671	n/a	catch_padded.jpg	photodiode	0
2098.06	0.0	2098060	response	6	n/a	n/a	trigger	0
2099.721	0.5	2099721	untrained	32676	91	memtrain/o_605_1.jpg	photodiode	1
2100.471	0.5	2100471	trained	32755	12	memtrain/o_127_2.jpg	photodiode	1
2101.272	0.5	2101272	trained	32732	35	memtrain/o_561_2.jpg	photodiode	1
2102.073	0.5	2102073	untrained	32674	93	memtrain/so_035_1.jpg	photodiode	1
2102.974	0.5	2102974	trained	32752	15	memtrain/o_195_1.jpg	photodiode	1
2103.824	0.5	2103824	catch	32671	n/a	catch_padded.jpg	photodiode	0
2104.302	0.0	2104302	response	6	n/a	n/a	trigger	0
2105.826	0.5	2105826	trained	32758	9	memtrain/o_101_2.jpg	photodiode	1
2106.777	0.5	2106777	untrained	32707	60	memtrain/o_228_2.jpg	photodiode	1
2107.728	0.5	2107728	trained	32767	0	memtrain/o_006_1.jpg	photodiode	1
2108.478	0.5	2108478	catch	32671	n/a	catch_padded.jpg	photodiode	0
2108.837	0.0	2108837	response	6	n/a	n/a	trigger	0
2110.53	0.5	2110530	untrained	32682	85	memtrain/o_218_1.jpg	photodiode	1
2111.431	0.5	2111431	untrained	32678	89	memtrain/o_469_1.jpg	photodiode	1
2112.181	0.5	2112181	trained	32723	44	memtrain/so_045_1.jpg	photodiode	1
2112.932	0.5	2112932	untrained	32685	82	memtrain/o_656_1.jpg	photodiode	1
2113.733	0.5	2113733	catch	32671	n/a	catch_padded.jpg	photodiode	0
2114.072	0.0	2114072	response	6	n/a	n/a	trigger	0
2115.734	0.5	2115734	untrained	32701	66	memtrain/o_342_2.jpg	photodiode	1
2116.635	0.5	2116635	untrained	32718	49	memtrain/o_054_2.jpg	photodiode	1
2117.436	0.5	2117436	untrained	32708	59	memtrain/o_201_2.jpg	photodiode	1
2118.287	0.5	2118287	untrained	32679	88	memtrain/o_458_1.jpg	photodiode	1
2119.187	0.5	2119187	trained	32722	45	memtrain/so_090_2.jpg	photodiode	1
2120.138	0.5	2120138	catch	32671	n/a	catch_padded.jpg	photodiode	0
2120.433	0.0	2120433	response	6	n/a	n/a	trigger	0
2122.24	0.5	2122240	untrained	32696	71	memtrain/o_483_1.jpg	photodiode	1
2122.982	0.5	2122982	untrained	32691	76	memtrain/o_570_1.jpg	photodiode	1
2123.883	0.5	2123883	trained	32754	13	memtrain/o_136_1.jpg	photodiode	1
2124.784	0.5	2124784	trained	32766	1	memtrain/o_015_1.jpg	photodiode	1
2125.543	0.5	2125543	catch	32671	n/a	catch_padded.jpg	photodiode	0
2125.943	0.0	2125943	response	6	n/a	n/a	trigger	0
2127.494	0.5	2127494	trained	32733	34	memtrain/o_558_2.jpg	photodiode	1
2128.237	0.5	2128237	untrained	32694	73	memtrain/o_519_2.jpg	photodiode	1
2129.037	0.5	2129037	untrained	32711	56	memtrain/o_163_2.jpg	photodiode	1
2129.988	0.5	2129988	untrained	32688	79	memtrain/o_600_1.jpg	photodiode	1
2130.739	0.5	2130739	catch	32671	n/a	catch_padded.jpg	photodiode	0
2131.145	0.0	2131145	response	6	n/a	n/a	trigger	0
2132.741	0.5	2132741	trained	32753	14	memtrain/o_174_1.jpg	photodiode	1
2133.591	0.5	2133591	trained	32731	36	memtrain/o_583_1.jpg	photodiode	1
2134.392	0.5	2134392	untrained	32704	63	memtrain/o_310_2.jpg	photodiode	1
2135.343	0.5	2135343	trained	32735	32	memtrain/o_485_2.jpg	photodiode	1
2136.143	0.5	2136143	catch	32671	n/a	catch_padded.jpg	photodiode	0
2136.533	0.0	2136533	response	6	n/a	n/a	trigger	0
2138.245	0.5	2138245	untrained	32677	90	memtrain/o_580_1.jpg	photodiode	1
2139.046	0.5	2139046	trained	32763	4	memtrain/o_042_1.jpg	photodiode	1
2139.847	0.5	2139847	trained	32741	26	memtrain/o_376_1.jpg	photodiode	1
2140.747	0.5	2140747	catch	32671	n/a	catch_padded.jpg	photodiode	0
2141.752	0.0	2141752	response	6	n/a	n/a	trigger	0
2142.649	0.5	2142649	trained	32738	29	memtrain/o_416_1.jpg	photodiode	1
2143.55	0.5	2143550	trained	32748	19	memtrain/o_284_2.jpg	photodiode	1
2144.3	0.5	2144300	untrained	32693	74	memtrain/o_550_1.jpg	photodiode	1
2145.051	0.5	2145051	untrained	32684	83	memtrain/so_105_1.jpg	photodiode	1
2145.852	0.5	2145852	trained	32759	8	memtrain/o_094_1.jpg	photodiode	1
2146.702	0.5	2146702	catch	32671	n/a	catch_padded.jpg	photodiode	0
2146.976	0.0	2146976	response	6	n/a	n/a	trigger	0
2148.704	0.5	2148704	untrained	32673	94	memtrain/so_067_1.jpg	photodiode	1
2149.505	0.5	2149505	trained	32749	18	memtrain/o_264_2.jpg	photodiode	1
2150.255	0.5	2150255	trained	32727	40	memtrain/o_648_2.jpg	photodiode	1
2151.098	0.5	2151098	untrained	32698	69	memtrain/o_464_2.jpg	photodiode	1
2151.948	0.5	2151948	catch	32671	n/a	catch_padded.jpg	photodiode	0
2152.325	0.0	2152325	response	6	n/a	n/a	trigger	0
2153.95	0.5	2153950	trained	32724	43	memtrain/so_043_2.jpg	photodiode	1
2154.851	0.5	2154851	trained	32734	33	memtrain/o_536_1.jpg	photodiode	1
2155.702	0.5	2155702	trained	32754	13	memtrain/o_136_1.jpg	photodiode	1
2156.452	0.5	2156452	catch	32671	n/a	catch_padded.jpg	photodiode	0
2156.85	0.0	2156850	response	6	n/a	n/a	trigger	0
2158.404	0.5	2158404	untrained	32691	76	memtrain/o_570_1.jpg	photodiode	1
2159.305	0.5	2159305	untrained	32707	60	memtrain/o_228_2.jpg	photodiode	1
2160.255	0.5	2160255	trained	32760	7	memtrain/o_091_2.jpg	photodiode	1
2161.056	0.5	2161056	untrained	32687	80	memtrain/o_613_1.jpg	photodiode	1
2161.857	0.5	2161857	catch	32671	n/a	catch_padded.jpg	photodiode	0
2162.199	0.0	2162199	response	6	n/a	n/a	trigger	0
2163.959	0.5	2163959	trained	32732	35	memtrain/o_561_2.jpg	photodiode	1
2164.759	0.5	2164759	trained	32731	36	memtrain/o_583_1.jpg	photodiode	1
2165.61	0.5	2165610	untrained	32699	68	memtrain/o_393_1.jpg	photodiode	1
2166.411	0.5	2166411	untrained	32712	55	memtrain/o_153_2.jpg	photodiode	1
2167.32	0.5	2167320	trained	32727	40	memtrain/o_648_2.jpg	photodiode	1
2168.162	0.5	2168162	catch	32671	n/a	catch_padded.jpg	photodiode	0
2168.527	0.0	2168527	response	6	n/a	n/a	trigger	0
2170.214	0.5	2170214	trained	32741	26	memtrain/o_376_1.jpg	photodiode	1
2171.165	0.5	2171165	untrained	32719	48	memtrain/o_019_2.jpg	photodiode	1
2171.915	0.5	2171915	trained	32743	24	memtrain/o_357_1.jpg	photodiode	1
2172.816	0.5	2172816	untrained	32690	77	memtrain/o_574_2.jpg	photodiode	1
2173.567	0.5	2173567	catch	32671	n/a	catch_padded.jpg	photodiode	0
2173.894	0.0	2173894	response	6	n/a	n/a	trigger	0
2175.618	0.5	2175618	trained	32730	37	memtrain/o_597_1.jpg	photodiode	1
2176.419	0.5	2176419	untrained	32689	78	memtrain/o_599_1.jpg	photodiode	1
2177.37	0.5	2177370	untrained	32693	74	memtrain/o_550_1.jpg	photodiode	1
2178.221	0.5	2178221	catch	32671	n/a	catch_padded.jpg	photodiode	0
2178.688	0.0	2178688	response	6	n/a	n/a	trigger	0
2180.222	0.5	2180222	trained	32744	23	memtrain/o_338_2.jpg	photodiode	1
2181.165	0.5	2181165	untrained	32717	50	memtrain/o_057_2.jpg	photodiode	1
2182.066	0.5	2182066	untrained	32697	70	memtrain/o_471_2.jpg	photodiode	1
2183.017	0.5	2183017	untrained	32676	91	memtrain/o_605_1.jpg	photodiode	1
2183.976	0.5	2183976	trained	32764	3	memtrain/o_040_2.jpg	photodiode	1
2184.918	0.5	2184918	catch	32671	n/a	catch_padded.jpg	photodiode	0
2185.207	0.0	2185207	response	6	n/a	n/a	trigger	0
2187.02	0.5	2187020	trained	32735	32	memtrain/o_485_2.jpg	photodiode	1
2187.921	0.5	2187921	trained	32726	41	memtrain/o_663_2.jpg	photodiode	1
2188.871	0.5	2188871	untrained	32675	92	memtrain/so_033_1.jpg	photodiode	1
2189.822	0.5	2189822	catch	32671	n/a	catch_padded.jpg	photodiode	0
2190.288	0.0	2190288	response	6	n/a	n/a	trigger	0
2191.874	0.5	2191874	untrained	32682	85	memtrain/o_218_1.jpg	photodiode	1
2192.625	0.5	2192625	trained	32739	28	memtrain/o_397_1.jpg	photodiode	1
2193.575	0.5	2193575	trained	32721	46	memtrain/so_113_1.jpg	photodiode	1
2194.426	0.5	2194426	untrained	32685	82	memtrain/o_656_1.jpg	photodiode	1
2195.177	0.5	2195177	catch	32671	n/a	catch_padded.jpg	photodiode	0
2195.498	0.0	2195498	response	6	n/a	n/a	trigger	0
2197.128	0.5	2197128	untrained	32672	95	memtrain/so_125_1.jpg	photodiode	1
2197.929	0.5	2197929	untrained	32692	75	memtrain/o_564_1.jpg	photodiode	1
2198.73	0.5	2198730	trained	32759	8	memtrain/o_094_1.jpg	photodiode	1
2199.48	0.5	2199480	catch	32671	n/a	catch_padded.jpg	photodiode	0
2199.888	0.0	2199888	response	6	n/a	n/a	trigger	0
2201.532	0.5	2201532	untrained	32706	61	memtrain/o_298_2.jpg	photodiode	1
2202.283	0.5	2202283	trained	32725	42	memtrain/so_034_2.jpg	photodiode	1
2203.234	0.5	2203234	trained	32745	22	memtrain/o_321_1.jpg	photodiode	1
2204.034	0.5	2204034	trained	32749	18	memtrain/o_264_2.jpg	photodiode	1
2204.985	0.5	2204985	catch	32671	n/a	catch_padded.jpg	photodiode	0
2205.355	0.0	2205355	response	6	n/a	n/a	trigger	0
2206.937	0.5	2206937	trained	32728	39	memtrain/o_606_1.jpg	photodiode	1
2207.687	0.5	2207687	untrained	32688	79	memtrain/o_600_1.jpg	photodiode	1
2208.538	0.5	2208538	untrained	32708	59	memtrain/o_201_2.jpg	photodiode	1
2209.439	0.5	2209439	catch	32671	n/a	catch_padded.jpg	photodiode	0
2209.858	0.0	2209858	response	6	n/a	n/a	trigger	0
2211.482	0.5	2211482	untrained	32680	87	memtrain/o_365_1.jpg	photodiode	1
2212.391	0.5	2212391	untrained	32711	56	memtrain/o_163_2.jpg	photodiode	1
2213.334	0.5	2213334	untrained	32681	86	memtrain/o_288_1.jpg	photodiode	1
2214.143	0.5	2214143	catch	32671	n/a	catch_padded.jpg	photodiode	0
2214.521	0.0	2214521	response	6	n/a	n/a	trigger	0
2216.045	0.5	2216045	trained	32729	38	memtrain/o_603_1.jpg	photodiode	1
2216.945	0.5	2216945	untrained	32714	53	memtrain/o_142_2.jpg	photodiode	1
2217.687	0.5	2217687	trained	32750	17	memtrain/o_232_1.jpg	photodiode	1
2218.588	0.5	2218588	untrained	32684	83	memtrain/so_105_1.jpg	photodiode	1
2219.339	0.5	2219339	trained	32722	45	memtrain/so_090_2.jpg	photodiode	1
2220.14	0.5	2220140	catch	32671	n/a	catch_padded.jpg	photodiode	0
2220.46	0.0	2220460	response	6	n/a	n/a	trigger	0
2222.191	0.5	2222191	trained	32736	31	memtrain/o_465_2.jpg	photodiode	1
2223.042	0.5	2223042	trained	32751	16	memtrain/o_199_2.jpg	photodiode	1
2223.843	0.5	2223843	trained	32747	20	memtrain/o_290_1.jpg	photodiode	1
2224.743	0.5	2224743	trained	32762	5	memtrain/o_067_1.jpg	photodiode	1
2225.544	0.5	2225544	catch	32671	n/a	catch_padded.jpg	photodiode	0
2225.891	0.0	2225891	response	6	n/a	n/a	trigger	0
2227.646	0.5	2227646	untrained	32710	57	memtrain/o_171_1.jpg	photodiode	1
2228.497	0.5	2228497	trained	32720	47	memtrain/so_147_2.jpg	photodiode	1
2229.397	0.5	2229397	trained	32756	11	memtrain/o_117_2.jpg	photodiode	1
2230.248	0.5	2230248	catch	32671	n/a	catch_padded.jpg	photodiode	0
2230.783	0.0	2230783	response	6	n/a	n/a	trigger	0
2232.2	0.5	2232200	untrained	32674	93	memtrain/so_035_1.jpg	photodiode	1
2232.95	0.5	2232950	untrained	32705	62	memtrain/o_304_1.jpg	photodiode	1
2233.801	0.5	2233801	trained	32740	27	memtrain/o_379_2.jpg	photodiode	1
2234.602	0.5	2234602	untrained	32677	90	memtrain/o_580_1.jpg	photodiode	1
2235.352	0.5	2235352	catch	32671	n/a	catch_padded.jpg	photodiode	0
2235.779	0.0	2235779	response	6	n/a	n/a	trigger	0
2237.354	0.5	2237354	trained	32763	4	memtrain/o_042_1.jpg	photodiode	1
2238.197	0.5	2238197	trained	32723	44	memtrain/so_045_1.jpg	photodiode	1
2238.997	0.5	2238997	trained	32766	1	memtrain/o_015_1.jpg	photodiode	1
2239.898	0.5	2239898	untrained	32716	51	memtrain/o_103_2.jpg	photodiode	1
2240.699	0.5	2240699	trained	32742	25	memtrain/o_358_2.jpg	photodiode	1
2241.508	0.5	2241508	catch	32671	n/a	catch_padded.jpg	photodiode	0
2241.964	0.0	2241964	response	6	n/a	n/a	trigger	0
2243.509	0.5	2243509	trained	32746	21	memtrain/o_319_1.jpg	photodiode	1
2244.46	0.5	2244460	trained	32755	12	memtrain/o_127_2.jpg	photodiode	1
2245.411	0.5	2245411	untrained	32702	65	memtrain/o_337_2.jpg	photodiode	1
2246.303	0.5	2246303	catch	32671	n/a	catch_padded.jpg	photodiode	0
2246.633	0.0	2246633	response	6	n/a	n/a	trigger	0
2248.364	0.5	2248364	untrained	32694	73	memtrain/o_519_2.jpg	photodiode	1
2249.156	0.5	2249156	trained	32738	29	memtrain/o_416_1.jpg	photodiode	1
2250.057	0.5	2250057	untrained	32673	94	memtrain/so_067_1.jpg	photodiode	1
2250.957	0.5	2250957	untrained	32700	67	memtrain/o_378_1.jpg	photodiode	1
2251.708	0.5	2251708	untrained	32696	71	memtrain/o_483_1.jpg	photodiode	1
2252.559	0.5	2252559	catch	32671	n/a	catch_padded.jpg	photodiode	0
2252.933	0.0	2252933	response	6	n/a	n/a	trigger	0
2254.661	0.5	2254661	untrained	32718	49	memtrain/o_054_2.jpg	photodiode	1
2255.411	0.5	2255411	untrained	32713	54	memtrain/o_145_1.jpg	photodiode	1
2256.212	0.5	2256212	untrained	32715	52	memtrain/o_141_1.jpg	photodiode	1
2257.163	0.5	2257163	catch	32671	n/a	catch_padded.jpg	photodiode	0
2257.671	0.0	2257671	response	6	n/a	n/a	trigger	0
2259.114	0.5	2259114	trained	32733	34	memtrain/o_558_2.jpg	photodiode	1
2259.865	0.5	2259865	trained	32737	30	memtrain/o_437_2.jpg	photodiode	1
2260.666	0.5	2260666	untrained	32701	66	memtrain/o_342_2.jpg	photodiode	1
2261.466	0.5	2261466	catch	32671	n/a	catch_padded.jpg	photodiode	0
2261.961	0.0	2261961	response	6	n/a	n/a	trigger	0
2263.468	0.5	2263468	untrained	32686	81	memtrain/o_655_2.jpg	photodiode	1
2264.319	0.5	2264319	untrained	32678	89	memtrain/o_469_1.jpg	photodiode	1
2265.27	0.5	2265270	untrained	32679	88	memtrain/o_458_1.jpg	photodiode	1
2266.12	0.5	2266120	trained	32752	15	memtrain/o_195_1.jpg	photodiode	1
2267.063	0.5	2267063	trained	32748	19	memtrain/o_284_2.jpg	photodiode	1
2267.922	0.5	2267922	catch	32671	n/a	catch_padded.jpg	photodiode	0
2268.163	0.0	2268163	response	6	n/a	n/a	trigger	0
2269.823	0.5	2269823	untrained	32703	64	memtrain/o_334_2.jpg	photodiode	1
2270.574	0.5	2270574	trained	32757	10	memtrain/o_111_2.jpg	photodiode	1
2271.475	0.5	2271475	trained	32761	6	memtrain/o_076_1.jpg	photodiode	1
2272.225	0.5	2272225	trained	32767	0	memtrain/o_006_1.jpg	photodiode	1
2272.968	0.5	2272968	catch	32671	n/a	catch_padded.jpg	photodiode	0
2273.531	0.0	2273531	response	6	n/a	n/a	trigger	0
2274.928	0.5	2274928	trained	32753	14	memtrain/o_174_1.jpg	photodiode	1
2275.82	0.5	2275820	trained	32765	2	memtrain/o_035_1.jpg	photodiode	1
2276.571	0.5	2276571	untrained	32695	72	memtrain/o_490_1.jpg	photodiode	1
2277.522	0.5	2277522	trained	32758	9	memtrain/o_101_2.jpg	photodiode	1
2278.381	0.5	2278381	catch	32671	n/a	catch_padded.jpg	photodiode	0
2279.043	0.0	2279043	response	6	n/a	n/a	trigger	0
2280.324	0.5	2280324	untrained	32709	58	memtrain/o_192_1.jpg	photodiode	1
2281.225	0.5	2281225	untrained	32704	63	memtrain/o_310_2.jpg	photodiode	1
2282.025	0.5	2282025	untrained	32683	84	memtrain/so_117_2.jpg	photodiode	1
2282.876	0.5	2282876	catch	32671	n/a	catch_padded.jpg	photodiode	0
2283.242	0.0	2283242	response	6	n/a	n/a	trigger	0
2289.354	0.0	2289354	block_end	120	n/a	n/a	trigger	0
2298.293	0.0	2298293	response	6	n/a	n/a	trigger	0
2298.303	0.0	2298303	block_onset	109	n/a	n/a	trigger	0
2300.358	0.5	2300358	trained	32763	4	memtrain/o_042_1.jpg	photodiode	0
2301.158	0.5	2301158	trained	32740	27	memtrain/o_379_2.jpg	photodiode	0
2302.109	0.5	2302109	trained	32739	28	memtrain/o_397_1.jpg	photodiode	0
2303.01	0.5	2303010	trained	32724	43	memtrain/so_043_2.jpg	photodiode	0
2303.961	0.5	2303961	catch	32671	n/a	catch_padded.jpg	photodiode	0
2304.358	0.0	2304358	response	6	n/a	n/a	trigger	0
2305.962	0.5	2305962	untrained	32708	59	memtrain/o_201_2.jpg	photodiode	0
2306.913	0.5	2306913	untrained	32677	90	memtrain/o_580_1.jpg	photodiode	0
2307.664	0.5	2307664	untrained	32706	61	memtrain/o_298_2.jpg	photodiode	0
2308.406	0.5	2308406	catch	32671	n/a	catch_padded.jpg	photodiode	0
2309.013	0.0	2309013	response	6	n/a	n/a	trigger	0
2310.366	0.5	2310366	untrained	32681	86	memtrain/o_288_1.jpg	photodiode	0
2311.259	0.5	2311259	trained	32738	29	memtrain/o_416_1.jpg	photodiode	0
2312.109	0.5	2312109	untrained	32709	58	memtrain/o_192_1.jpg	photodiode	0
2313.01	0.5	2313010	untrained	32676	91	memtrain/o_605_1.jpg	photodiode	0
2313.861	0.5	2313861	catch	32671	n/a	catch_padded.jpg	photodiode	0
2314.213	0.0	2314213	response	6	n/a	n/a	trigger	0
2315.921	0.5	2315921	untrained	32685	82	memtrain/o_656_1.jpg	photodiode	0
2316.863	0.5	2316863	untrained	32694	73	memtrain/o_519_2.jpg	photodiode	0
2317.814	0.5	2317814	untrained	32683	84	memtrain/so_117_2.jpg	photodiode	0
2318.665	0.5	2318665	catch	32671	n/a	catch_padded.jpg	photodiode	0
2318.904	0.0	2318904	response	6	n/a	n/a	trigger	0
2320.617	0.5	2320617	untrained	32675	92	memtrain/so_033_1.jpg	photodiode	0
2321.567	0.5	2321567	trained	32746	21	memtrain/o_319_1.jpg	photodiode	0
2322.368	0.5	2322368	trained	32744	23	memtrain/o_338_2.jpg	photodiode	0
2323.169	0.5	2323169	trained	32761	6	memtrain/o_076_1.jpg	photodiode	0
2323.36	0.0	2323360	response	6	n/a	n/a	trigger	0
2323.969	0.5	2323969	catch	32671	n/a	catch_padded.jpg	photodiode	0
2324.573	0.0	2324573	response	6	n/a	n/a	trigger	0
2325.971	0.5	2325971	untrained	32717	50	memtrain/o_057_2.jpg	photodiode	0
2326.772	0.5	2326772	trained	32755	12	memtrain/o_127_2.jpg	photodiode	0
2327.723	0.5	2327723	untrained	32710	57	memtrain/o_171_1.jpg	photodiode	0
2328.473	0.5	2328473	trained	32733	34	memtrain/o_558_2.jpg	photodiode	0
2329.274	0.5	2329274	trained	32720	47	memtrain/so_147_2.jpg	photodiode	0
2330.125	0.5	2330125	catch	32671	n/a	catch_padded.jpg	photodiode	0
2330.496	0.0	2330496	response	6	n/a	n/a	trigger	0
2332.026	0.5	2332026	trained	32759	8	memtrain/o_094_1.jpg	photodiode	0
2332.927	0.5	2332927	trained	32723	44	memtrain/so_045_1.jpg	photodiode	0
2333.678	0.5	2333678	trained	32751	16	memtrain/o_199_2.jpg	photodiode	0
2334.528	0.5	2334528	catch	32671	n/a	catch_padded.jpg	photodiode	0
2334.948	0.0	2334948	response	6	n/a	n/a	trigger	0
2336.58	0.5	2336580	trained	32757	10	memtrain/o_111_2.jpg	photodiode	0
2337.481	0.5	2337481	untrained	32698	69	memtrain/o_464_2.jpg	photodiode	0
2338.281	0.5	2338281	trained	32762	5	memtrain/o_067_1.jpg	photodiode	0
2339.09	0.5	2339090	untrained	32695	72	memtrain/o_490_1.jpg	photodiode	0
2339.933	0.5	2339933	untrained	32700	67	memtrain/o_378_1.jpg	photodiode	0
2340.784	0.5	2340784	catch	32671	n/a	catch_padded.jpg	photodiode	0
2341.08	0.0	2341080	response	6	n/a	n/a	trigger	0
2342.735	0.5	2342735	trained	32735	32	memtrain/o_485_2.jpg	photodiode	0
2343.628	0.5	2343628	trained	32734	33	memtrain/o_536_1.jpg	photodiode	0
2344.478	0.5	2344478	trained	32737	30	memtrain/o_437_2.jpg	photodiode	0
2345.429	0.5	2345429	trained	32725	42	memtrain/so_034_2.jpg	photodiode	0
2346.18	0.5	2346180	catch	32671	n/a	catch_padded.jpg	photodiode	0
2346.661	0.0	2346661	response	6	n/a	n/a	trigger	0
2348.181	0.5	2348181	trained	32727	40	memtrain/o_648_2.jpg	photodiode	0
2349.132	0.5	2349132	trained	32752	15	memtrain/o_195_1.jpg	photodiode	0
2349.933	0.5	2349933	untrained	32697	70	memtrain/o_471_2.jpg	photodiode	0
2350.784	0.5	2350784	untrained	32703	64	memtrain/o_334_2.jpg	photodiode	0
2351.734	0.5	2351734	catch	32671	n/a	catch_padded.jpg	photodiode	0
2352.051	0.0	2352051	response	6	n/a	n/a	trigger	0
2353.836	0.5	2353836	trained	32753	14	memtrain/o_174_1.jpg	photodiode	0
2354.787	0.5	2354787	trained	32750	17	memtrain/o_232_1.jpg	photodiode	0
2355.538	0.5	2355538	trained	32729	38	memtrain/o_603_1.jpg	photodiode	0
2356.438	0.5	2356438	trained	32745	22	memtrain/o_321_1.jpg	photodiode	0
2357.389	0.5	2357389	catch	32671	n/a	catch_padded.jpg	photodiode	0
2357.69	0.0	2357690	response	6	n/a	n/a	trigger	0
2359.441	0.5	2359441	untrained	32689	78	memtrain/o_599_1.jpg	photodiode	0
2360.242	0.5	2360242	untrained	32674	93	memtrain/so_035_1.jpg	photodiode	0
2361.192	0.5	2361192	untrained	32707	60	memtrain/o_228_2.jpg	photodiode	0
2362.143	0.5	2362143	catch	32671	n/a	catch_padded.jpg	photodiode	0
2362.51	0.0	2362510	response	6	n/a	n/a	trigger	0
2364.195	0.5	2364195	trained	32748	19	memtrain/o_284_2.jpg	photodiode	0
2365.096	0.5	2365096	untrained	32686	81	memtrain/o_655_2.jpg	photodiode	0
2365.997	0.5	2365997	untrained	32692	75	memtrain/o_564_1.jpg	photodiode	0
2366.897	0.5	2366897	untrained	32701	66	memtrain/o_342_2.jpg	photodiode	0
2367.74	0.5	2367740	untrained	32714	53	memtrain/o_142_2.jpg	photodiode	0
2368.691	0.5	2368691	catch	32671	n/a	catch_padded.jpg	photodiode	0
2368.988	0.0	2368988	response	6	n/a	n/a	trigger	0
2370.751	0.5	2370751	untrained	32702	65	memtrain/o_337_2.jpg	photodiode	0
2371.493	0.5	2371493	trained	32743	24	memtrain/o_357_1.jpg	photodiode	0
2372.394	0.5	2372394	untrained	32716	51	memtrain/o_103_2.jpg	photodiode	0
2373.144	0.5	2373144	untrained	32684	83	memtrain/so_105_1.jpg	photodiode	0
2373.995	0.5	2373995	catch	32671	n/a	catch_padded.jpg	photodiode	0
2374.325	0.0	2374325	response	6	n/a	n/a	trigger	0
2375.997	0.5	2375997	trained	32764	3	memtrain/o_040_2.jpg	photodiode	0
2376.747	0.5	2376747	untrained	32687	80	memtrain/o_613_1.jpg	photodiode	0
2377.598	0.5	2377598	untrained	32704	63	memtrain/o_310_2.jpg	photodiode	0
2378.349	0.5	2378349	trained	32758	9	memtrain/o_101_2.jpg	photodiode	0
2379.149	0.5	2379149	untrained	32679	88	memtrain/o_458_1.jpg	photodiode	0
2379.95	0.5	2379950	catch	32671	n/a	catch_padded.jpg	photodiode	0
2380.266	0.0	2380266	response	6	n/a	n/a	trigger	0
2381.952	0.5	2381952	trained	32765	2	memtrain/o_035_1.jpg	photodiode	0
2382.903	0.5	2382903	trained	32731	36	memtrain/o_583_1.jpg	photodiode	0
2383.753	0.5	2383753	untrained	32691	76	memtrain/o_570_1.jpg	photodiode	0
2384.654	0.5	2384654	untrained	32713	54	memtrain/o_145_1.jpg	photodiode	0
2385.555	0.5	2385555	untrained	32699	68	memtrain/o_393_1.jpg	photodiode	0
2386.356	0.5	2386356	catch	32671	n/a	catch_padded.jpg	photodiode	0
2386.871	0.0	2386871	response	6	n/a	n/a	trigger	0
2388.457	0.5	2388457	trained	32722	45	memtrain/so_090_2.jpg	photodiode	0
2389.358	0.5	2389358	untrained	32693	74	memtrain/o_550_1.jpg	photodiode	0
2390.309	0.5	2390309	untrained	32688	79	memtrain/o_600_1.jpg	photodiode	0
2391.11	0.5	2391110	catch	32671	n/a	catch_padded.jpg	photodiode	0
2391.489	0.0	2391489	response	6	n/a	n/a	trigger	0
2393.161	0.5	2393161	untrained	32711	56	memtrain/o_163_2.jpg	photodiode	0
2394.112	0.5	2394112	untrained	32712	55	memtrain/o_153_2.jpg	photodiode	0
2394.863	0.5	2394863	trained	32732	35	memtrain/o_561_2.jpg	photodiode	0
2395.613	0.5	2395613	catch	32671	n/a	catch_padded.jpg	photodiode	0
2396.19	0.0	2396190	response	6	n/a	n/a	trigger	0
2397.515	0.5	2397515	trained	32767	0	memtrain/o_006_1.jpg	photodiode	0
2398.457	0.5	2398457	trained	32749	18	memtrain/o_264_2.jpg	photodiode	0
2399.258	0.5	2399258	untrained	32690	77	memtrain/o_574_2.jpg	photodiode	0
2400.159	0.5	2400159	catch	32671	n/a	catch_padded.jpg	photodiode	0
2400.503	0.0	2400503	response	6	n/a	n/a	trigger	0
2402.169	0.5	2402169	trained	32766	1	memtrain/o_015_1.jpg	photodiode	0
2403.061	0.5	2403061	trained	32754	13	memtrain/o_136_1.jpg	photodiode	0
2403.812	0.5	2403812	trained	32736	31	memtrain/o_465_2.jpg	photodiode	0
2404.763	0.5	2404763	catch	32671	n/a	catch_padded.jpg	photodiode	0
2405.063	0.0	2405063	response	6	n/a	n/a	trigger	0
2406.773	0.5	2406773	untrained	32705	62	memtrain/o_304_1.jpg	photodiode	0
2407.515	0.5	2407515	untrained	32672	95	memtrain/so_125_1.jpg	photodiode	0
2408.266	0.5	2408266	trained	32760	7	memtrain/o_091_2.jpg	photodiode	0
2409.016	0.5	2409016	trained	32730	37	memtrain/o_597_1.jpg	photodiode	0
2409.967	0.5	2409967	catch	32671	n/a	catch_padded.jpg	photodiode	0
2410.276	0.0	2410276	response	6	n/a	n/a	trigger	0
2412.019	0.5	2412019	trained	32756	11	memtrain/o_117_2.jpg	photodiode	0
2412.82	0.5	2412820	untrained	32673	94	memtrain/so_067_1.jpg	photodiode	0
2413.72	0.5	2413720	untrained	32682	85	memtrain/o_218_1.jpg	photodiode	0
2414.671	0.5	2414671	catch	32671	n/a	catch_padded.jpg	photodiode	0
2414.879	0.0	2414879	response	6	n/a	n/a	trigger	0
2416.623	0.5	2416623	untrained	32678	89	memtrain/o_469_1.jpg	photodiode	0
2417.474	0.5	2417474	trained	32742	25	memtrain/o_358_2.jpg	photodiode	0
2418.374	0.5	2418374	untrained	32680	87	memtrain/o_365_1.jpg	photodiode	0
2419.225	0.5	2419225	untrained	32715	52	memtrain/o_141_1.jpg	photodiode	0
2420.126	0.5	2420126	trained	32741	26	memtrain/o_376_1.jpg	photodiode	0
2420.876	0.5	2420876	catch	32671	n/a	catch_padded.jpg	photodiode	0
2421.138	0.0	2421138	response	6	n/a	n/a	trigger	0
2422.978	0.5	2422978	trained	32747	20	memtrain/o_290_1.jpg	photodiode	0
2423.779	0.5	2423779	trained	32721	46	memtrain/so_113_1.jpg	photodiode	0
2424.68	0.5	2424680	trained	32726	41	memtrain/o_663_2.jpg	photodiode	0
2425.58	0.5	2425580	untrained	32718	49	memtrain/o_054_2.jpg	photodiode	0
2426.381	0.5	2426381	catch	32671	n/a	catch_padded.jpg	photodiode	0
2426.598	0.0	2426598	response	6	n/a	n/a	trigger	0
2428.324	0.5	2428324	untrained	32719	48	memtrain/o_019_2.jpg	photodiode	0
2429.125	0.5	2429125	trained	32728	39	memtrain/o_606_1.jpg	photodiode	0
2429.934	0.5	2429934	untrained	32696	71	memtrain/o_483_1.jpg	photodiode	0
2430.877	0.5	2430877	trained	32746	21	memtrain/o_319_1.jpg	photodiode	0
2431.677	0.5	2431677	trained	32765	2	memtrain/o_035_1.jpg	photodiode	0
2432.628	0.5	2432628	catch	32671	n/a	catch_padded.jpg	photodiode	0
2432.928	0.0	2432928	response	6	n/a	n/a	trigger	0
2434.53	0.5	2434530	trained	32744	23	memtrain/o_338_2.jpg	photodiode	0
2435.28	0.5	2435280	untrained	32678	89	memtrain/o_469_1.jpg	photodiode	0
2436.081	0.5	2436081	trained	32734	33	memtrain/o_536_1.jpg	photodiode	0
2437.032	0.5	2437032	untrained	32689	78	memtrain/o_599_1.jpg	photodiode	0
2437.783	0.5	2437783	catch	32671	n/a	catch_padded.jpg	photodiode	0
2438.176	0.0	2438176	response	6	n/a	n/a	trigger	0
2439.784	0.5	2439784	untrained	32676	91	memtrain/o_605_1.jpg	photodiode	0
2440.585	0.5	2440585	trained	32748	19	memtrain/o_284_2.jpg	photodiode	0
2441.436	0.5	2441436	untrained	32705	62	memtrain/o_304_1.jpg	photodiode	0
2442.286	0.5	2442286	untrained	32684	83	memtrain/so_105_1.jpg	photodiode	0
2443.037	0.5	2443037	catch	32671	n/a	catch_padded.jpg	photodiode	0
2443.543	0.0	2443543	response	6	n/a	n/a	trigger	0
2445.039	0.5	2445039	trained	32733	34	memtrain/o_558_2.jpg	photodiode	0
2445.939	0.5	2445939	untrained	32695	72	memtrain/o_490_1.jpg	photodiode	0
2446.79	0.5	2446790	untrained	32675	92	memtrain/so_033_1.jpg	photodiode	0
2447.741	0.5	2447741	untrained	32702	65	memtrain/o_337_2.jpg	photodiode	0
2448.592	0.5	2448592	untrained	32691	76	memtrain/o_570_1.jpg	photodiode	0
2449.492	0.5	2449492	catch	32671	n/a	catch_padded.jpg	photodiode	0
2449.882	0.0	2449882	response	6	n/a	n/a	trigger	0
2451.594	0.5	2451594	trained	32767	0	memtrain/o_006_1.jpg	photodiode	0
2452.395	0.5	2452395	untrained	32692	75	memtrain/o_564_1.jpg	photodiode	0
2453.196	0.5	2453196	trained	32749	18	memtrain/o_264_2.jpg	photodiode	0
2453.946	0.5	2453946	catch	32671	n/a	catch_padded.jpg	photodiode	0
2454.297	0.0	2454297	response	6	n/a	n/a	trigger	0
2455.998	0.5	2455998	untrained	32714	53	memtrain/o_142_2.jpg	photodiode	0
2456.799	0.5	2456799	trained	32738	29	memtrain/o_416_1.jpg	photodiode	0
2457.599	0.5	2457599	trained	32741	26	memtrain/o_376_1.jpg	photodiode	0
2458.35	0.5	2458350	trained	32739	28	memtrain/o_397_1.jpg	photodiode	0
2459.251	0.5	2459251	untrained	32709	58	memtrain/o_192_1.jpg	photodiode	0
2460.093	0.5	2460093	catch	32671	n/a	catch_padded.jpg	photodiode	0
2460.503	0.0	2460503	response	6	n/a	n/a	trigger	0
2462.153	0.5	2462153	trained	32730	37	memtrain/o_597_1.jpg	photodiode	0
2462.995	0.5	2462995	untrained	32718	49	memtrain/o_054_2.jpg	photodiode	0
2463.946	0.5	2463946	untrained	32673	94	memtrain/so_067_1.jpg	photodiode	0
2464.697	0.5	2464697	catch	32671	n/a	catch_padded.jpg	photodiode	0
2465.032	0.0	2465032	response	6	n/a	n/a	trigger	0
2466.649	0.5	2466649	untrained	32716	51	memtrain/o_103_2.jpg	photodiode	0
2467.449	0.5	2467449	trained	32737	30	memtrain/o_437_2.jpg	photodiode	0
2468.3	0.5	2468300	trained	32722	45	memtrain/so_090_2.jpg	photodiode	0
2469.051	0.5	2469051	catch	32671	n/a	catch_padded.jpg	photodiode	0
2469.393	0.0	2469393	response	6	n/a	n/a	trigger	0
2470.952	0.5	2470952	untrained	32680	87	memtrain/o_365_1.jpg	photodiode	0
2471.703	0.5	2471703	untrained	32700	67	memtrain/o_378_1.jpg	photodiode	0
2472.504	0.5	2472504	trained	32752	15	memtrain/o_195_1.jpg	photodiode	0
2473.354	0.5	2473354	trained	32727	40	memtrain/o_648_2.jpg	photodiode	0
2474.255	0.5	2474255	catch	32671	n/a	catch_padded.jpg	photodiode	0
2474.561	0.0	2474561	response	6	n/a	n/a	trigger	0
2476.257	0.5	2476257	trained	32725	42	memtrain/so_034_2.jpg	photodiode	0
2477.208	0.5	2477208	trained	32759	8	memtrain/o_094_1.jpg	photodiode	0
2478.158	0.5	2478158	trained	32760	7	memtrain/o_091_2.jpg	photodiode	0
2478.959	0.5	2478959	catch	32671	n/a	catch_padded.jpg	photodiode	0
2479.263	0.0	2479263	response	6	n/a	n/a	trigger	0
2480.961	0.5	2480961	untrained	32696	71	memtrain/o_483_1.jpg	photodiode	0
2481.711	0.5	2481711	trained	32745	22	memtrain/o_321_1.jpg	photodiode	0
2482.562	0.5	2482562	trained	32726	41	memtrain/o_663_2.jpg	photodiode	0
2483.405	0.5	2483405	trained	32763	4	memtrain/o_042_1.jpg	photodiode	0
2484.364	0.5	2484364	trained	32742	25	memtrain/o_358_2.jpg	photodiode	0
2485.314	0.5	2485314	catch	32671	n/a	catch_padded.jpg	photodiode	0
2485.615	0.0	2485615	response	6	n/a	n/a	trigger	0
2487.416	0.5	2487416	untrained	32712	55	memtrain/o_153_2.jpg	photodiode	0
2488.159	0.5	2488159	untrained	32719	48	memtrain/o_019_2.jpg	photodiode	0
2488.967	0.5	2488967	trained	32764	3	memtrain/o_040_2.jpg	photodiode	0
2489.91	0.5	2489910	untrained	32694	73	memtrain/o_519_2.jpg	photodiode	0
2490.719	0.5	2490719	catch	32671	n/a	catch_padded.jpg	photodiode	0
2491.357	0.0	2491357	response	6	n/a	n/a	trigger	0
2492.812	0.5	2492812	trained	32731	36	memtrain/o_583_1.jpg	photodiode	0
2493.613	0.5	2493613	untrained	32693	74	memtrain/o_550_1.jpg	photodiode	0
2494.514	0.5	2494514	untrained	32708	59	memtrain/o_201_2.jpg	photodiode	0
2495.365	0.5	2495365	catch	32671	n/a	catch_padded.jpg	photodiode	0
2495.887	0.0	2495887	response	6	n/a	n/a	trigger	0
2497.316	0.5	2497316	trained	32756	11	memtrain/o_117_2.jpg	photodiode	0
2498.067	0.5	2498067	untrained	32701	66	memtrain/o_342_2.jpg	photodiode	0
2498.868	0.5	2498868	untrained	32672	95	memtrain/so_125_1.jpg	photodiode	0
2499.818	0.5	2499818	trained	32732	35	memtrain/o_561_2.jpg	photodiode	0
2500.669	0.5	2500669	trained	32735	32	memtrain/o_485_2.jpg	photodiode	0
2501.42	0.5	2501420	catch	32671	n/a	catch_padded.jpg	photodiode	0
2501.687	0.0	2501687	response	6	n/a	n/a	trigger	0
2503.371	0.5	2503371	trained	32751	16	memtrain/o_199_2.jpg	photodiode	0
2504.122	0.5	2504122	untrained	32717	50	memtrain/o_057_2.jpg	photodiode	0
2504.973	0.5	2504973	trained	32761	6	memtrain/o_076_1.jpg	photodiode	0
2505.723	0.5	2505723	untrained	32688	79	memtrain/o_600_1.jpg	photodiode	0
2506.574	0.5	2506574	untrained	32682	85	memtrain/o_218_1.jpg	photodiode	0
2507.325	0.5	2507325	catch	32671	n/a	catch_padded.jpg	photodiode	0
2507.723	0.0	2507723	response	6	n/a	n/a	trigger	0
2509.276	0.5	2509276	untrained	32697	70	memtrain/o_471_2.jpg	photodiode	0
2510.227	0.5	2510227	trained	32762	5	memtrain/o_067_1.jpg	photodiode	0
2510.978	0.5	2510978	untrained	32707	60	memtrain/o_228_2.jpg	photodiode	0
2511.879	0.5	2511879	untrained	32699	68	memtrain/o_393_1.jpg	photodiode	0
2512.729	0.5	2512729	catch	32671	n/a	catch_padded.jpg	photodiode	0
2513.11	0.0	2513110	response	6	n/a	n/a	trigger	0
2514.631	0.5	2514631	untrained	32683	84	memtrain/so_117_2.jpg	photodiode	0
2515.523	0.5	2515523	untrained	32706	61	memtrain/o_298_2.jpg	photodiode	0
2516.274	0.5	2516274	trained	32728	39	memtrain/o_606_1.jpg	photodiode	0
2517.133	0.5	2517133	trained	32753	14	memtrain/o_174_1.jpg	photodiode	0
2517.925	0.5	2517925	catch	32671	n/a	catch_padded.jpg	photodiode	0
2518.259	0.0	2518259	response	6	n/a	n/a	trigger	0
2519.827	0.5	2519827	untrained	32715	52	memtrain/o_141_1.jpg	photodiode	0
2520.778	0.5	2520778	untrained	32687	80	memtrain/o_613_1.jpg	photodiode	0
2521.679	0.5	2521679	trained	32724	43	memtrain/so_043_2.jpg	photodiode	0
2522.429	0.5	2522429	catch	32671	n/a	catch_padded.jpg	photodiode	0
2522.816	0.0	2522816	response	6	n/a	n/a	trigger	0
2524.481	0.5	2524481	trained	32750	17	memtrain/o_232_1.jpg	photodiode	0
2525.432	0.5	2525432	trained	32721	46	memtrain/so_113_1.jpg	photodiode	0
2526.282	0.5	2526282	trained	32747	20	memtrain/o_290_1.jpg	photodiode	0
2527.183	0.5	2527183	untrained	32686	81	memtrain/o_655_2.jpg	photodiode	0
2528.084	0.5	2528084	catch	32671	n/a	catch_padded.jpg	photodiode	0
2528.377	0.0	2528377	response	6	n/a	n/a	trigger	0
2530.186	0.5	2530186	trained	32720	47	memtrain/so_147_2.jpg	photodiode	0
2531.137	0.5	2531137	untrained	32677	90	memtrain/o_580_1.jpg	photodiode	0
2531.937	0.5	2531937	untrained	32679	88	memtrain/o_458_1.jpg	photodiode	0
2532.888	0.5	2532888	untrained	32711	56	memtrain/o_163_2.jpg	photodiode	0
2533.789	0.5	2533789	trained	32736	31	memtrain/o_465_2.jpg	photodiode	0
2534.64	0.5	2534640	catch	32671	n/a	catch_padded.jpg	photodiode	0
2534.897	0.0	2534897	response	6	n/a	n/a	trigger	0
2536.541	0.5	2536541	trained	32723	44	memtrain/so_045_1.jpg	photodiode	0
2537.392	0.5	2537392	untrained	32674	93	memtrain/so_035_1.jpg	photodiode	0
2538.243	0.5	2538243	trained	32729	38	memtrain/o_603_1.jpg	photodiode	0
2539.193	0.5	2539193	untrained	32703	64	memtrain/o_334_2.jpg	photodiode	0
2539.944	0.5	2539944	untrained	32713	54	memtrain/o_145_1.jpg	photodiode	0
2540.745	0.5	2540745	catch	32671	n/a	catch_padded.jpg	photodiode	0
2541.014	0.0	2541014	response	6	n/a	n/a	trigger	0
2542.646	0.5	2542646	trained	32754	13	memtrain/o_136_1.jpg	photodiode	0
2543.547	0.5	2543547	trained	32758	9	memtrain/o_101_2.jpg	photodiode	0
2544.39	0.5	2544390	untrained	32685	82	memtrain/o_656_1.jpg	photodiode	0
2545.24	0.5	2545240	trained	32757	10	memtrain/o_111_2.jpg	photodiode	0
2546.141	0.5	2546141	untrained	32710	57	memtrain/o_171_1.jpg	photodiode	0
2546.892	0.5	2546892	catch	32671	n/a	catch_padded.jpg	photodiode	0
2547.244	0.0	2547244	response	6	n/a	n/a	trigger	0
2548.993	0.5	2548993	trained	32766	1	memtrain/o_015_1.jpg	photodiode	0
2549.794	0.5	2549794	untrained	32690	77	memtrain/o_574_2.jpg	photodiode	0
2550.695	0.5	2550695	untrained	32681	86	memtrain/o_288_1.jpg	photodiode	0
2551.596	0.5	2551596	catch	32671	n/a	catch_padded.jpg	photodiode	0
2551.881	0.0	2551881	response	6	n/a	n/a	trigger	0
2553.647	0.5	2553647	trained	32743	24	memtrain/o_357_1.jpg	photodiode	0
2554.448	0.5	2554448	trained	32755	12	memtrain/o_127_2.jpg	photodiode	0
2555.199	0.5	2555199	untrained	32704	63	memtrain/o_310_2.jpg	photodiode	0
2556.099	0.5	2556099	trained	32740	27	memtrain/o_379_2.jpg	photodiode	0
2557.05	0.5	2557050	untrained	32698	69	memtrain/o_464_2.jpg	photodiode	0
2557.801	0.5	2557801	catch	32671	n/a	catch_padded.jpg	photodiode	0
2558.275	0.0	2558275	response	6	n/a	n/a	trigger	0
2564.289	0.0	2564289	block_end	120	n/a	n/a	trigger	0
2585.243	0.0	2585243	response	6	n/a	n/a	trigger	0
2585.246	0.0	2585246	block_onset	110	n/a	n/a	trigger	0
2587.301	0.5	2587301	trained	32748	19	memtrain/o_284_2.jpg	photodiode	0
2588.102	0.5	2588102	trained	32755	12	memtrain/o_127_2.jpg	photodiode	0
2589.002	0.5	2589002	untrained	32683	84	memtrain/so_117_2.jpg	photodiode	0
2589.853	0.5	2589853	trained	32732	35	memtrain/o_561_2.jpg	photodiode	0
2590.804	0.5	2590804	trained	32747	20	memtrain/o_290_1.jpg	photodiode	0
2591.605	0.5	2591605	catch	32671	n/a	catch_padded.jpg	photodiode	0
2591.93	0.0	2591930	response	6	n/a	n/a	trigger	0
2593.506	0.5	2593506	trained	32729	38	memtrain/o_603_1.jpg	photodiode	0
2594.449	0.5	2594449	untrained	32701	66	memtrain/o_342_2.jpg	photodiode	0
2595.199	0.5	2595199	untrained	32673	94	memtrain/so_067_1.jpg	photodiode	0
2595.95	0.5	2595950	catch	32671	n/a	catch_padded.jpg	photodiode	0
2596.353	0.0	2596353	response	6	n/a	n/a	trigger	0
2597.96	0.5	2597960	untrained	32715	52	memtrain/o_141_1.jpg	photodiode	0
2598.752	0.5	2598752	untrained	32702	65	memtrain/o_337_2.jpg	photodiode	0
2599.503	0.5	2599503	trained	32753	14	memtrain/o_174_1.jpg	photodiode	0
2600.454	0.5	2600454	untrained	32691	76	memtrain/o_570_1.jpg	photodiode	0
2601.204	0.5	2601204	untrained	32693	74	memtrain/o_550_1.jpg	photodiode	0
2602.155	0.5	2602155	catch	32671	n/a	catch_padded.jpg	photodiode	0
2602.468	0.0	2602468	response	6	n/a	n/a	trigger	0
2604.215	0.5	2604215	trained	32757	10	memtrain/o_111_2.jpg	photodiode	0
2604.958	0.5	2604958	untrained	32716	51	memtrain/o_103_2.jpg	photodiode	0
2605.858	0.5	2605858	trained	32721	46	memtrain/so_113_1.jpg	photodiode	0
2606.709	0.5	2606709	catch	32671	n/a	catch_padded.jpg	photodiode	0
2607.025	0.0	2607025	response	6	n/a	n/a	trigger	0
2608.761	0.5	2608761	untrained	32718	49	memtrain/o_054_2.jpg	photodiode	0
2609.612	0.5	2609612	untrained	32687	80	memtrain/o_613_1.jpg	photodiode	0
2610.412	0.5	2610412	untrained	32682	85	memtrain/o_218_1.jpg	photodiode	0
2611.363	0.5	2611363	untrained	32678	89	memtrain/o_469_1.jpg	photodiode	0
2611.546	0.0	2611546	response	6	n/a	n/a	trigger	0
2612.264	0.5	2612264	catch	32671	n/a	catch_padded.jpg	photodiode	0
2614.215	0.5	2614215	untrained	32694	73	memtrain/o_519_2.jpg	photodiode	0
2615.116	0.5	2615116	trained	32722	45	memtrain/so_090_2.jpg	photodiode	0
2615.917	0.5	2615917	untrained	32679	88	memtrain/o_458_1.jpg	photodiode	0
2616.668	0.5	2616668	trained	32758	9	memtrain/o_101_2.jpg	photodiode	0
2617.618	0.5	2617618	untrained	32697	70	memtrain/o_471_2.jpg	photodiode	0
2618.569	0.5	2618569	catch	32671	n/a	catch_padded.jpg	photodiode	0
2618.876	0.0	2618876	response	6	n/a	n/a	trigger	0
2620.471	0.5	2620471	trained	32751	16	memtrain/o_199_2.jpg	photodiode	0
2621.372	0.5	2621372	untrained	32674	93	memtrain/so_035_1.jpg	photodiode	0
2622.172	0.5	2622172	untrained	32704	63	memtrain/o_310_2.jpg	photodiode	0
2622.914	0.5	2622914	catch	32671	n/a	catch_padded.jpg	photodiode	0
2623.275	0.0	2623275	response	6	n/a	n/a	trigger	0
2624.824	0.5	2624824	trained	32740	27	memtrain/o_379_2.jpg	photodiode	0
2625.767	0.5	2625767	untrained	32690	77	memtrain/o_574_2.jpg	photodiode	0
2626.718	0.5	2626718	untrained	32700	67	memtrain/o_378_1.jpg	photodiode	0
2627.518	0.5	2627518	trained	32749	18	memtrain/o_264_2.jpg	photodiode	0
2628.469	0.5	2628469	catch	32671	n/a	catch_padded.jpg	photodiode	0
2628.796	0.0	2628796	response	6	n/a	n/a	trigger	0
2630.379	0.5	2630379	untrained	32684	83	memtrain/so_105_1.jpg	photodiode	0
2631.322	0.5	2631322	untrained	32710	57	memtrain/o_171_1.jpg	photodiode	0
2632.122	0.5	2632122	trained	32725	42	memtrain/so_034_2.jpg	photodiode	0
2632.973	0.5	2632973	untrained	32695	72	memtrain/o_490_1.jpg	photodiode	0
2633.724	0.5	2633724	catch	32671	n/a	catch_padded.jpg	photodiode	0
2633.993	0.0	2633993	response	6	n/a	n/a	trigger	0
2635.675	0.5	2635675	untrained	32696	71	memtrain/o_483_1.jpg	photodiode	0
2636.426	0.5	2636426	untrained	32686	81	memtrain/o_655_2.jpg	photodiode	0
2637.176	0.5	2637176	untrained	32689	78	memtrain/o_599_1.jpg	photodiode	0
2638.127	0.5	2638127	catch	32671	n/a	catch_padded.jpg	photodiode	0
2638.405	0.0	2638405	response	6	n/a	n/a	trigger	0
2640.029	0.5	2640029	untrained	32713	54	memtrain/o_145_1.jpg	photodiode	0
2640.88	0.5	2640880	trained	32724	43	memtrain/so_043_2.jpg	photodiode	0
2641.83	0.5	2641830	trained	32735	32	memtrain/o_485_2.jpg	photodiode	0
2642.681	0.5	2642681	trained	32764	3	memtrain/o_040_2.jpg	photodiode	0
2643.482	0.5	2643482	trained	32720	47	memtrain/so_147_2.jpg	photodiode	0
2644.283	0.5	2644283	catch	32671	n/a	catch_padded.jpg	photodiode	0
2644.645	0.0	2644645	response	6	n/a	n/a	trigger	0
2646.384	0.5	2646384	untrained	32699	68	memtrain/o_393_1.jpg	photodiode	0
2647.235	0.5	2647235	untrained	32712	55	memtrain/o_153_2.jpg	photodiode	0
2648.036	0.5	2648036	trained	32728	39	memtrain/o_606_1.jpg	photodiode	0
2648.886	0.5	2648886	untrained	32707	60	memtrain/o_228_2.jpg	photodiode	0
2649.837	0.5	2649837	trained	32727	40	memtrain/o_648_2.jpg	photodiode	0
2650.738	0.5	2650738	catch	32671	n/a	catch_padded.jpg	photodiode	0
2651.099	0.0	2651099	response	6	n/a	n/a	trigger	0
2652.84	0.5	2652840	untrained	32672	95	memtrain/so_125_1.jpg	photodiode	0
2653.782	0.5	2653782	untrained	32714	53	memtrain/o_142_2.jpg	photodiode	0
2654.741	0.5	2654741	trained	32750	17	memtrain/o_232_1.jpg	photodiode	0
2655.492	0.5	2655492	catch	32671	n/a	catch_padded.jpg	photodiode	0
2656.065	0.0	2656065	response	6	n/a	n/a	trigger	0
2657.394	0.5	2657394	trained	32743	24	memtrain/o_357_1.jpg	photodiode	0
2658.194	0.5	2658194	trained	32739	28	memtrain/o_397_1.jpg	photodiode	0
2659.095	0.5	2659095	untrained	32680	87	memtrain/o_365_1.jpg	photodiode	0
2659.837	0.5	2659837	catch	32671	n/a	catch_padded.jpg	photodiode	0
2660.285	0.0	2660285	response	6	n/a	n/a	trigger	0
2661.739	0.5	2661739	trained	32766	1	memtrain/o_015_1.jpg	photodiode	0
2662.64	0.5	2662640	untrained	32681	86	memtrain/o_288_1.jpg	photodiode	0
2663.441	0.5	2663441	trained	32761	6	memtrain/o_076_1.jpg	photodiode	0
2664.291	0.5	2664291	trained	32765	2	memtrain/o_035_1.jpg	photodiode	0
2665.142	0.5	2665142	catch	32671	n/a	catch_padded.jpg	photodiode	0
2665.586	0.0	2665586	response	6	n/a	n/a	trigger	0
2667.044	0.5	2667044	trained	32759	8	memtrain/o_094_1.jpg	photodiode	0
2667.894	0.5	2667894	untrained	32703	64	memtrain/o_334_2.jpg	photodiode	0
2668.745	0.5	2668745	trained	32745	22	memtrain/o_321_1.jpg	photodiode	0
2669.496	0.5	2669496	untrained	32709	58	memtrain/o_192_1.jpg	photodiode	0
2670.246	0.5	2670246	catch	32671	n/a	catch_padded.jpg	photodiode	0
2670.606	0.0	2670606	response	6	n/a	n/a	trigger	0
2672.248	0.5	2672248	untrained	32698	69	memtrain/o_464_2.jpg	photodiode	0
2673.099	0.5	2673099	untrained	32685	82	memtrain/o_656_1.jpg	photodiode	0
2673.899	0.5	2673899	trained	32736	31	memtrain/o_465_2.jpg	photodiode	0
2674.8	0.5	2674800	catch	32671	n/a	catch_padded.jpg	photodiode	0
2675.281	0.0	2675281	response	6	n/a	n/a	trigger	0
2676.802	0.5	2676802	untrained	32719	48	memtrain/o_019_2.jpg	photodiode	0
2677.603	0.5	2677603	untrained	32692	75	memtrain/o_564_1.jpg	photodiode	0
2678.553	0.5	2678553	untrained	32705	62	memtrain/o_304_1.jpg	photodiode	0
2679.454	0.5	2679454	trained	32726	41	memtrain/o_663_2.jpg	photodiode	0
2680.305	0.5	2680305	trained	32746	21	memtrain/o_319_1.jpg	photodiode	0
2681.105	0.5	2681105	catch	32671	n/a	catch_padded.jpg	photodiode	0
2681.395	0.0	2681395	response	6	n/a	n/a	trigger	0
2683.057	0.5	2683057	untrained	32717	50	memtrain/o_057_2.jpg	photodiode	0
2683.908	0.5	2683908	untrained	32676	91	memtrain/o_605_1.jpg	photodiode	0
2684.859	0.5	2684859	trained	32738	29	memtrain/o_416_1.jpg	photodiode	0
2685.651	0.5	2685651	untrained	32708	59	memtrain/o_201_2.jpg	photodiode	0
2686.61	0.5	2686610	catch	32671	n/a	catch_padded.jpg	photodiode	0
2686.97	0.0	2686970	response	6	n/a	n/a	trigger	0
2688.653	0.5	2688653	trained	32763	4	memtrain/o_042_1.jpg	photodiode	0
2689.504	0.5	2689504	trained	32737	30	memtrain/o_437_2.jpg	photodiode	0
2690.305	0.5	2690305	trained	32754	13	memtrain/o_136_1.jpg	photodiode	0
2691.106	0.5	2691106	catch	32671	n/a	catch_padded.jpg	photodiode	0
2691.394	0.0	2691394	response	6	n/a	n/a	trigger	0
2693.157	0.5	2693157	trained	32741	26	memtrain/o_376_1.jpg	photodiode	0
2694.008	0.5	2694008	trained	32742	25	memtrain/o_358_2.jpg	photodiode	0
2694.809	0.5	2694809	trained	32760	7	memtrain/o_091_2.jpg	photodiode	0
2695.659	0.5	2695659	catch	32671	n/a	catch_padded.jpg	photodiode	0
2696.01	0.0	2696010	response	6	n/a	n/a	trigger	0
2697.711	0.5	2697711	trained	32731	36	memtrain/o_583_1.jpg	photodiode	0
2698.612	0.5	2698612	trained	32752	15	memtrain/o_195_1.jpg	photodiode	0
2699.363	0.5	2699363	untrained	32677	90	memtrain/o_580_1.jpg	photodiode	0
2700.263	0.5	2700263	trained	32767	0	memtrain/o_006_1.jpg	photodiode	0
2701.014	0.5	2701014	catch	32671	n/a	catch_padded.jpg	photodiode	0
2701.438	0.0	2701438	response	6	n/a	n/a	trigger	0
2703.116	0.5	2703116	trained	32744	23	memtrain/o_338_2.jpg	photodiode	0
2703.866	0.5	2703866	trained	32733	34	memtrain/o_558_2.jpg	photodiode	0
2704.717	0.5	2704717	trained	32723	44	memtrain/so_045_1.jpg	photodiode	0
2705.468	0.5	2705468	untrained	32675	92	memtrain/so_033_1.jpg	photodiode	0
2706.268	0.5	2706268	trained	32730	37	memtrain/o_597_1.jpg	photodiode	0
2707.119	0.5	2707119	catch	32671	n/a	catch_padded.jpg	photodiode	0
2707.373	0.0	2707373	response	6	n/a	n/a	trigger	0
2709.071	0.5	2709071	untrained	32706	61	memtrain/o_298_2.jpg	photodiode	0
2710.022	0.5	2710022	trained	32762	5	memtrain/o_067_1.jpg	photodiode	0
2710.822	0.5	2710822	untrained	32688	79	memtrain/o_600_1.jpg	photodiode	0
2711.673	0.5	2711673	trained	32734	33	memtrain/o_536_1.jpg	photodiode	0
2712.424	0.5	2712424	untrained	32711	56	memtrain/o_163_2.jpg	photodiode	0
2713.324	0.5	2713324	catch	32671	n/a	catch_padded.jpg	photodiode	0
2713.642	0.0	2713642	response	6	n/a	n/a	trigger	0
2715.276	0.5	2715276	trained	32756	11	memtrain/o_117_2.jpg	photodiode	0
2716.119	0.5	2716119	untrained	32688	79	memtrain/o_600_1.jpg	photodiode	0
2716.977	0.5	2716977	trained	32756	11	memtrain/o_117_2.jpg	photodiode	0
2717.728	0.5	2717728	catch	32671	n/a	catch_padded.jpg	photodiode	0
2718.225	0.0	2718225	response	6	n/a	n/a	trigger	0
2719.672	0.5	2719672	untrained	32683	84	memtrain/so_117_2.jpg	photodiode	0
2720.472	0.5	2720472	untrained	32676	91	memtrain/o_605_1.jpg	photodiode	0
2721.323	0.5	2721323	untrained	32685	82	memtrain/o_656_1.jpg	photodiode	0
2722.224	0.5	2722224	trained	32745	22	memtrain/o_321_1.jpg	photodiode	0
2723.074	0.5	2723074	untrained	32674	93	memtrain/so_035_1.jpg	photodiode	0
2724.025	0.5	2724025	catch	32671	n/a	catch_padded.jpg	photodiode	0
2724.486	0.0	2724486	response	6	n/a	n/a	trigger	0
2726.077	0.5	2726077	untrained	32681	86	memtrain/o_288_1.jpg	photodiode	0
2726.978	0.5	2726978	trained	32757	10	memtrain/o_111_2.jpg	photodiode	0
2727.929	0.5	2727929	untrained	32710	57	memtrain/o_171_1.jpg	photodiode	0
2728.779	0.5	2728779	trained	32761	6	memtrain/o_076_1.jpg	photodiode	0
2729.63	0.5	2729630	catch	32671	n/a	catch_padded.jpg	photodiode	0
2729.991	0.0	2729991	response	6	n/a	n/a	trigger	0
2731.682	0.5	2731682	untrained	32707	60	memtrain/o_228_2.jpg	photodiode	0
2732.532	0.5	2732532	untrained	32712	55	memtrain/o_153_2.jpg	photodiode	0
2733.433	0.5	2733433	trained	32724	43	memtrain/so_043_2.jpg	photodiode	0
2734.284	0.5	2734284	catch	32671	n/a	catch_padded.jpg	photodiode	0
2734.635	0.0	2734635	response	6	n/a	n/a	trigger	0
2736.286	0.5	2736286	trained	32750	17	memtrain/o_232_1.jpg	photodiode	0
2737.086	0.5	2737086	trained	32746	21	memtrain/o_319_1.jpg	photodiode	0
2737.887	0.5	2737887	trained	32721	46	memtrain/so_113_1.jpg	photodiode	0
2738.838	0.5	2738838	untrained	32691	76	memtrain/o_570_1.jpg	photodiode	0
2739.588	0.5	2739588	catch	32671	n/a	catch_padded.jpg	photodiode	0
2739.965	0.0	2739965	response	6	n/a	n/a	trigger	0
2741.59	0.5	2741590	untrained	32711	56	memtrain/o_163_2.jpg	photodiode	0
2742.382	0.5	2742382	trained	32723	44	memtrain/so_045_1.jpg	photodiode	0
2743.283	0.5	2743283	untrained	32686	81	memtrain/o_655_2.jpg	photodiode	0
2744.192	0.5	2744192	catch	32671	n/a	catch_padded.jpg	photodiode	0
2744.534	0.0	2744534	response	6	n/a	n/a	trigger	0
2746.194	0.5	2746194	untrained	32682	85	memtrain/o_218_1.jpg	photodiode	0
2747.095	0.5	2747095	untrained	32695	72	memtrain/o_490_1.jpg	photodiode	0
2748.037	0.5	2748037	untrained	32706	61	memtrain/o_298_2.jpg	photodiode	0
2748.838	0.5	2748838	trained	32740	27	memtrain/o_379_2.jpg	photodiode	0
2749.588	0.5	2749588	catch	32671	n/a	catch_padded.jpg	photodiode	0
2749.868	0.0	2749868	response	6	n/a	n/a	trigger	0
2751.54	0.5	2751540	untrained	32687	80	memtrain/o_613_1.jpg	photodiode	0
2752.441	0.5	2752441	trained	32763	4	memtrain/o_042_1.jpg	photodiode	0
2753.392	0.5	2753392	untrained	32713	54	memtrain/o_145_1.jpg	photodiode	0
2754.142	0.5	2754142	untrained	32716	51	memtrain/o_103_2.jpg	photodiode	0
2754.943	0.5	2754943	catch	32671	n/a	catch_padded.jpg	photodiode	0
2755.295	0.0	2755295	response	6	n/a	n/a	trigger	0
2756.995	0.5	2756995	trained	32735	32	memtrain/o_485_2.jpg	photodiode	0
2757.745	0.5	2757745	untrained	32704	63	memtrain/o_310_2.jpg	photodiode	0
2758.546	0.5	2758546	trained	32755	12	memtrain/o_127_2.jpg	photodiode	0
2759.397	0.5	2759397	catch	32671	n/a	catch_padded.jpg	photodiode	0
2759.892	0.0	2759892	response	6	n/a	n/a	trigger	0
2761.499	0.5	2761499	untrained	32717	50	memtrain/o_057_2.jpg	photodiode	0
2762.299	0.5	2762299	untrained	32700	67	memtrain/o_378_1.jpg	photodiode	0
2763.15	0.5	2763150	untrained	32697	70	memtrain/o_471_2.jpg	photodiode	0
2764.101	0.5	2764101	catch	32671	n/a	catch_padded.jpg	photodiode	0
2764.583	0.0	2764583	response	6	n/a	n/a	trigger	0
2766.203	0.5	2766203	trained	32744	23	memtrain/o_338_2.jpg	photodiode	0
2767.103	0.5	2767103	trained	32765	2	memtrain/o_035_1.jpg	photodiode	0
2767.854	0.5	2767854	untrained	32672	95	memtrain/so_125_1.jpg	photodiode	0
2768.805	0.5	2768805	trained	32758	9	memtrain/o_101_2.jpg	photodiode	0
2769.555	0.5	2769555	catch	32671	n/a	catch_padded.jpg	photodiode	0
2770.277	0.0	2770277	response	6	n/a	n/a	trigger	0
2771.657	0.5	2771657	untrained	32693	74	memtrain/o_550_1.jpg	photodiode	0
2772.558	0.5	2772558	trained	32751	16	memtrain/o_199_2.jpg	photodiode	0
2773.4	0.5	2773400	trained	32752	15	memtrain/o_195_1.jpg	photodiode	0
2774.351	0.5	2774351	trained	32748	19	memtrain/o_284_2.jpg	photodiode	0
2775.16	0.5	2775160	catch	32671	n/a	catch_padded.jpg	photodiode	0
2775.516	0.0	2775516	response	6	n/a	n/a	trigger	0
2777.254	0.5	2777254	trained	32767	0	memtrain/o_006_1.jpg	photodiode	0
2778.163	0.5	2778163	trained	32759	8	memtrain/o_094_1.jpg	photodiode	0
2779.055	0.5	2779055	trained	32720	47	memtrain/so_147_2.jpg	photodiode	0
2779.856	0.5	2779856	trained	32743	24	memtrain/o_357_1.jpg	photodiode	0
2780.757	0.5	2780757	untrained	32699	68	memtrain/o_393_1.jpg	photodiode	0
2781.607	0.5	2781607	catch	32671	n/a	catch_padded.jpg	photodiode	0
2782.005	0.0	2782005	response	6	n/a	n/a	trigger	0
2783.709	0.5	2783709	trained	32722	45	memtrain/so_090_2.jpg	photodiode	0
2784.46	0.5	2784460	trained	32734	33	memtrain/o_536_1.jpg	photodiode	0
2785.411	0.5	2785411	trained	32725	42	memtrain/so_034_2.jpg	photodiode	0
2786.361	0.5	2786361	trained	32738	29	memtrain/o_416_1.jpg	photodiode	0
2787.162	0.5	2787162	trained	32747	20	memtrain/o_290_1.jpg	photodiode	0
2788.113	0.5	2788113	catch	32671	n/a	catch_padded.jpg	photodiode	0
2788.459	0.0	2788459	response	6	n/a	n/a	trigger	0
2790.014	0.5	2790014	untrained	32678	89	memtrain/o_469_1.jpg	photodiode	0
2790.865	0.5	2790865	trained	32729	38	memtrain/o_603_1.jpg	photodiode	0
2791.666	0.5	2791666	untrained	32673	94	memtrain/so_067_1.jpg	photodiode	0
2792.467	0.5	2792467	trained	32749	18	memtrain/o_264_2.jpg	photodiode	0
2793.267	0.5	2793267	catch	32671	n/a	catch_padded.jpg	photodiode	0
2793.628	0.0	2793628	response	6	n/a	n/a	trigger	0
2795.369	0.5	2795369	untrained	32703	64	memtrain/o_334_2.jpg	photodiode	0
2796.12	0.5	2796120	trained	32764	3	memtrain/o_040_2.jpg	photodiode	0
2797.07	0.5	2797070	untrained	32705	62	memtrain/o_304_1.jpg	photodiode	0
2797.971	0.5	2797971	untrained	32715	52	memtrain/o_141_1.jpg	photodiode	0
2798.872	0.5	2798872	catch	32671	n/a	catch_padded.jpg	photodiode	0
2799.199	0.0	2799199	response	6	n/a	n/a	trigger	0
2800.874	0.5	2800874	trained	32730	37	memtrain/o_597_1.jpg	photodiode	0
2801.816	0.5	2801816	trained	32732	35	memtrain/o_561_2.jpg	photodiode	0
2802.767	0.5	2802767	untrained	32718	49	memtrain/o_054_2.jpg	photodiode	0
2803.718	0.5	2803718	trained	32736	31	memtrain/o_465_2.jpg	photodiode	0
2804.618	0.5	2804618	trained	32728	39	memtrain/o_606_1.jpg	photodiode	0
2805.478	0.5	2805478	catch	32671	n/a	catch_padded.jpg	photodiode	0
2807.373	0.5	2807373	trained	32731	36	memtrain/o_583_1.jpg	photodiode	0
2808.26	0.5	2808260	trained	32727	40	memtrain/o_648_2.jpg	photodiode	0
2809.111	0.5	2809111	untrained	32696	71	memtrain/o_483_1.jpg	photodiode	0
2809.873	0.5	2809873	catch	32671	n/a	catch_padded.jpg	photodiode	0
2811.825	0.5	2811825	trained	32733	34	memtrain/o_558_2.jpg	photodiode	0
2812.725	0.5	2812725	trained	32737	30	memtrain/o_437_2.jpg	photodiode	0
2813.526	0.5	2813526	untrained	32719	48	memtrain/o_019_2.jpg	photodiode	0
2814.277	0.5	2814277	untrained	32675	92	memtrain/so_033_1.jpg	photodiode	0
2815.127	0.5	2815127	catch	32671	n/a	catch_padded.jpg	photodiode	0
2815.554	0.0	2815554	response	6	n/a	n/a	trigger	0
2817.029	0.5	2817029	untrained	32680	87	memtrain/o_365_1.jpg	photodiode	0
2817.78	0.5	2817780	trained	32766	1	memtrain/o_015_1.jpg	photodiode	0
2818.63	0.5	2818630	untrained	32709	58	memtrain/o_192_1.jpg	photodiode	0
2869.942	0.5	2869942	untrained	32709	58	memtrain/o_192_1.jpg	photodiode	0
2888.724	0.5	2888724	untrained	32709	58	memtrain/o_192_1.jpg	photodiode	0
2888.79	0.5	2888790	untrained	32709	58	memtrain/o_192_1.jpg	photodiode	0
2889.749	0.5	2889749	untrained	32709	58	memtrain/o_192_1.jpg	photodiode	0
2896.121	0.5	2896121	untrained	32709	58	memtrain/o_192_1.jpg	photodiode	0
2896.84	0.5	2896840	untrained	32709	58	memtrain/o_192_1.jpg	photodiode	0
2897.089	0.5	2897089	untrained	32709	58	memtrain/o_192_1.jpg	photodiode	0
2949.65	0.0	2949650	response	6	n/a	n/a	trigger	0
2949.656	0.0	2949656	block_onset	109	n/a	n/a	trigger	0
2951.71	0.5	2951710	trained	32763	4	memtrain/o_042_1.jpg	photodiode	1
2952.511	0.5	2952511	trained	32740	27	memtrain/o_379_2.jpg	photodiode	1
2953.461	0.5	2953461	trained	32739	28	memtrain/o_397_1.jpg	photodiode	1
2954.362	0.5	2954362	trained	32724	43	memtrain/so_043_2.jpg	photodiode	1
2955.321	0.5	2955321	catch	32671	n/a	catch_padded.jpg	photodiode	0
2955.745	0.0	2955745	response	6	n/a	n/a	trigger	0
2957.315	0.5	2957315	untrained	32708	59	memtrain/o_201_2.jpg	photodiode	1
2958.265	0.5	2958265	untrained	32677	90	memtrain/o_580_1.jpg	photodiode	1
2959.016	0.5	2959016	untrained	32706	61	memtrain/o_298_2.jpg	photodiode	1
2959.767	0.5	2959767	catch	32671	n/a	catch_padded.jpg	photodiode	0
2960.205	0.0	2960205	response	6	n/a	n/a	trigger	0
2961.718	0.5	2961718	untrained	32681	86	memtrain/o_288_1.jpg	photodiode	1
2962.619	0.5	2962619	trained	32738	29	memtrain/o_416_1.jpg	photodiode	1
2963.462	0.5	2963462	untrained	32709	58	memtrain/o_192_1.jpg	photodiode	1
2964.362	0.5	2964362	untrained	32676	91	memtrain/o_605_1.jpg	photodiode	1
2965.221	0.5	2965221	catch	32671	n/a	catch_padded.jpg	photodiode	0
2965.556	0.0	2965556	response	6	n/a	n/a	trigger	0
2967.265	0.5	2967265	untrained	32685	82	memtrain/o_656_1.jpg	photodiode	1
2968.216	0.5	2968216	untrained	32694	73	memtrain/o_519_2.jpg	photodiode	1
2969.166	0.5	2969166	untrained	32683	84	memtrain/so_117_2.jpg	photodiode	1
2970.017	0.5	2970017	catch	32671	n/a	catch_padded.jpg	photodiode	0
2970.462	0.0	2970462	response	6	n/a	n/a	trigger	0
2971.969	0.5	2971969	untrained	32675	92	memtrain/so_033_1.jpg	photodiode	1
2972.92	0.5	2972920	trained	32746	21	memtrain/o_319_1.jpg	photodiode	1
2973.72	0.5	2973720	trained	32744	23	memtrain/o_338_2.jpg	photodiode	1
2974.521	0.5	2974521	trained	32761	6	memtrain/o_076_1.jpg	photodiode	1
2975.322	0.5	2975322	catch	32671	n/a	catch_padded.jpg	photodiode	0
2975.613	0.0	2975613	response	6	n/a	n/a	trigger	0
2977.332	0.5	2977332	untrained	32717	50	memtrain/o_057_2.jpg	photodiode	1
2978.124	0.5	2978124	trained	32755	12	memtrain/o_127_2.jpg	photodiode	1
2979.075	0.5	2979075	untrained	32710	57	memtrain/o_171_1.jpg	photodiode	1
2979.825	0.5	2979825	trained	32733	34	memtrain/o_558_2.jpg	photodiode	1
2980.626	0.5	2980626	trained	32720	47	memtrain/so_147_2.jpg	photodiode	1
2981.477	0.5	2981477	catch	32671	n/a	catch_padded.jpg	photodiode	0
2981.786	0.0	2981786	response	6	n/a	n/a	trigger	0
2983.378	0.5	2983378	trained	32759	8	memtrain/o_094_1.jpg	photodiode	1
2984.279	0.5	2984279	trained	32723	44	memtrain/so_045_1.jpg	photodiode	1
2985.03	0.5	2985030	trained	32751	16	memtrain/o_199_2.jpg	photodiode	1
2985.881	0.5	2985881	catch	32671	n/a	catch_padded.jpg	photodiode	0
2986.162	0.0	2986162	response	6	n/a	n/a	trigger	0
2987.932	0.5	2987932	trained	32757	10	memtrain/o_111_2.jpg	photodiode	1
2988.833	0.5	2988833	untrained	32698	69	memtrain/o_464_2.jpg	photodiode	1
2989.634	0.5	2989634	trained	32762	5	memtrain/o_067_1.jpg	photodiode	1
2990.426	0.5	2990426	untrained	32695	72	memtrain/o_490_1.jpg	photodiode	1
2991.285	0.5	2991285	untrained	32700	67	memtrain/o_378_1.jpg	photodiode	1
2992.136	0.5	2992136	catch	32671	n/a	catch_padded.jpg	photodiode	0
2992.442	0.0	2992442	response	6	n/a	n/a	trigger	0
2994.088	0.5	2994088	trained	32735	32	memtrain/o_485_2.jpg	photodiode	1
2994.98	0.5	2994980	trained	32734	33	memtrain/o_536_1.jpg	photodiode	1
2995.831	0.5	2995831	trained	32737	30	memtrain/o_437_2.jpg	photodiode	1
2996.79	0.5	2996790	trained	32725	42	memtrain/so_034_2.jpg	photodiode	1
2997.532	0.5	2997532	catch	32671	n/a	catch_padded.jpg	photodiode	0
2997.777	0.0	2997777	response	6	n/a	n/a	trigger	0
2999.534	0.5	2999534	trained	32727	40	memtrain/o_648_2.jpg	photodiode	1
3000.485	0.5	3000485	trained	32752	15	memtrain/o_195_1.jpg	photodiode	1
3001.285	0.5	3001285	untrained	32697	70	memtrain/o_471_2.jpg	photodiode	1
3002.136	0.5	3002136	untrained	32703	64	memtrain/o_334_2.jpg	photodiode	1
3003.087	0.5	3003087	catch	32671	n/a	catch_padded.jpg	photodiode	0
3003.435	0.0	3003435	response	6	n/a	n/a	trigger	0
3005.189	0.5	3005189	trained	32753	14	memtrain/o_174_1.jpg	photodiode	1
3006.139	0.5	3006139	trained	32750	17	memtrain/o_232_1.jpg	photodiode	1
3006.89	0.5	3006890	trained	32729	38	memtrain/o_603_1.jpg	photodiode	1
3007.791	0.5	3007791	trained	32745	22	memtrain/o_321_1.jpg	photodiode	1
3008.742	0.5	3008742	catch	32671	n/a	catch_padded.jpg	photodiode	0
3009.101	0.0	3009101	response	6	n/a	n/a	trigger	0
3010.793	0.5	3010793	untrained	32689	78	memtrain/o_599_1.jpg	photodiode	1
3011.594	0.5	3011594	untrained	32674	93	memtrain/so_035_1.jpg	photodiode	1
3012.545	0.5	3012545	untrained	32707	60	memtrain/o_228_2.jpg	photodiode	1
3013.496	0.5	3013496	catch	32671	n/a	catch_padded.jpg	photodiode	0
3013.863	0.0	3013863	response	6	n/a	n/a	trigger	0
3015.547	0.5	3015547	trained	32748	19	memtrain/o_284_2.jpg	photodiode	1
3016.448	0.5	3016448	untrained	32686	81	memtrain/o_655_2.jpg	photodiode	1
3017.349	0.5	3017349	untrained	32692	75	memtrain/o_564_1.jpg	photodiode	1
3018.25	0.5	3018250	untrained	32701	66	memtrain/o_342_2.jpg	photodiode	1
3019.092	0.5	3019092	untrained	32714	53	memtrain/o_142_2.jpg	photodiode	1
3019.38	0.0	3019380	response	6	n/a	n/a	trigger	0
3020.051	0.5	3020051	catch	32671	n/a	catch_padded.jpg	photodiode	0
3022.103	0.5	3022103	untrained	32702	65	memtrain/o_337_2.jpg	photodiode	1
3022.854	0.5	3022854	trained	32743	24	memtrain/o_357_1.jpg	photodiode	1
3023.754	0.5	3023754	untrained	32716	51	memtrain/o_103_2.jpg	photodiode	1
3024.497	0.5	3024497	untrained	32684	83	memtrain/so_105_1.jpg	photodiode	1
3025.356	0.5	3025356	catch	32671	n/a	catch_padded.jpg	photodiode	0
3025.676	0.0	3025676	response	6	n/a	n/a	trigger	0
3027.349	0.5	3027349	trained	32764	3	memtrain/o_040_2.jpg	photodiode	1
3028.1	0.5	3028100	untrained	32687	80	memtrain/o_613_1.jpg	photodiode	1
3028.95	0.5	3028950	untrained	32704	63	memtrain/o_310_2.jpg	photodiode	1
3029.701	0.5	3029701	trained	32758	9	memtrain/o_101_2.jpg	photodiode	1
3030.502	0.5	3030502	untrained	32679	88	memtrain/o_458_1.jpg	photodiode	1
3031.302	0.5	3031302	catch	32671	n/a	catch_padded.jpg	photodiode	0
3031.676	0.0	3031676	response	6	n/a	n/a	trigger	0
3033.304	0.5	3033304	trained	32765	2	memtrain/o_035_1.jpg	photodiode	1
3034.255	0.5	3034255	trained	32731	36	memtrain/o_583_1.jpg	photodiode	1
3035.106	0.5	3035106	untrained	32691	76	memtrain/o_570_1.jpg	photodiode	1
3036.006	0.5	3036006	untrained	32713	54	memtrain/o_145_1.jpg	photodiode	1
3036.907	0.5	3036907	untrained	32699	68	memtrain/o_393_1.jpg	photodiode	1
3037.708	0.5	3037708	catch	32671	n/a	catch_padded.jpg	photodiode	0
3038.049	0.0	3038049	response	6	n/a	n/a	trigger	0
3039.81	0.5	3039810	trained	32722	45	memtrain/so_090_2.jpg	photodiode	1
3040.71	0.5	3040710	untrained	32693	74	memtrain/o_550_1.jpg	photodiode	1
3041.661	0.5	3041661	untrained	32688	79	memtrain/o_600_1.jpg	photodiode	1
3042.462	0.5	3042462	catch	32671	n/a	catch_padded.jpg	photodiode	0
3042.743	0.0	3042743	response	6	n/a	n/a	trigger	0
3044.514	0.5	3044514	untrained	32711	56	memtrain/o_163_2.jpg	photodiode	1
3045.464	0.5	3045464	untrained	32712	55	memtrain/o_153_2.jpg	photodiode	1
3046.215	0.5	3046215	trained	32732	35	memtrain/o_561_2.jpg	photodiode	1
3046.966	0.5	3046966	catch	32671	n/a	catch_padded.jpg	photodiode	0
3047.351	0.0	3047351	response	6	n/a	n/a	trigger	0
3048.867	0.5	3048867	trained	32767	0	memtrain/o_006_1.jpg	photodiode	1
3049.818	0.5	3049818	trained	32749	18	memtrain/o_264_2.jpg	photodiode	1
3050.619	0.5	3050619	untrained	32690	77	memtrain/o_574_2.jpg	photodiode	1
3051.52	0.5	3051520	catch	32671	n/a	catch_padded.jpg	photodiode	0
3051.864	0.0	3051864	response	6	n/a	n/a	trigger	0
3053.521	0.5	3053521	trained	32766	1	memtrain/o_015_1.jpg	photodiode	1
3054.414	0.5	3054414	trained	32754	13	memtrain/o_136_1.jpg	photodiode	1
3055.173	0.5	3055173	trained	32736	31	memtrain/o_465_2.jpg	photodiode	1
3056.115	0.5	3056115	catch	32671	n/a	catch_padded.jpg	photodiode	0
3056.485	0.0	3056485	response	6	n/a	n/a	trigger	0
3058.117	0.5	3058117	untrained	32705	62	memtrain/o_304_1.jpg	photodiode	1
3058.867	0.5	3058867	untrained	32672	95	memtrain/so_125_1.jpg	photodiode	1
3059.618	0.5	3059618	trained	32760	7	memtrain/o_091_2.jpg	photodiode	1
3060.369	0.5	3060369	trained	32730	37	memtrain/o_597_1.jpg	photodiode	1
3061.319	0.5	3061319	catch	32671	n/a	catch_padded.jpg	photodiode	0
3061.749	0.0	3061749	response	6	n/a	n/a	trigger	0
3063.38	0.5	3063380	trained	32756	11	memtrain/o_117_2.jpg	photodiode	1
3064.172	0.5	3064172	untrained	32673	94	memtrain/so_067_1.jpg	photodiode	1
3065.073	0.5	3065073	untrained	32682	85	memtrain/o_218_1.jpg	photodiode	1
3066.023	0.5	3066023	catch	32671	n/a	catch_padded.jpg	photodiode	0
3066.326	0.0	3066326	response	6	n/a	n/a	trigger	0
3067.975	0.5	3067975	untrained	32678	89	memtrain/o_469_1.jpg	photodiode	1
3068.826	0.5	3068826	trained	32742	25	memtrain/o_358_2.jpg	photodiode	1
3069.727	0.5	3069727	untrained	32680	87	memtrain/o_365_1.jpg	photodiode	1
3070.577	0.5	3070577	untrained	32715	52	memtrain/o_141_1.jpg	photodiode	1
3071.478	0.5	3071478	trained	32741	26	memtrain/o_376_1.jpg	photodiode	1
3072.229	0.5	3072229	catch	32671	n/a	catch_padded.jpg	photodiode	0
3072.54	0.0	3072540	response	6	n/a	n/a	trigger	0
3074.33	0.5	3074330	trained	32747	20	memtrain/o_290_1.jpg	photodiode	1
3075.131	0.5	3075131	trained	32721	46	memtrain/so_113_1.jpg	photodiode	1
3076.032	0.5	3076032	trained	32726	41	memtrain/o_663_2.jpg	photodiode	1
3076.933	0.5	3076933	untrained	32718	49	memtrain/o_054_2.jpg	photodiode	1
3077.733	0.5	3077733	catch	32671	n/a	catch_padded.jpg	photodiode	0
3078.065	0.0	3078065	response	6	n/a	n/a	trigger	0
3079.685	0.5	3079685	untrained	32719	48	memtrain/o_019_2.jpg	photodiode	1
3080.477	0.5	3080477	trained	32728	39	memtrain/o_606_1.jpg	photodiode	1
3081.286	0.5	3081286	untrained	32696	71	memtrain/o_483_1.jpg	photodiode	1
3082.229	0.5	3082229	trained	32746	21	memtrain/o_319_1.jpg	photodiode	1
3083.038	0.5	3083038	trained	32765	2	memtrain/o_035_1.jpg	photodiode	1
3083.98	0.5	3083980	catch	32671	n/a	catch_padded.jpg	photodiode	0
3084.434	0.0	3084434	response	6	n/a	n/a	trigger	0
3085.882	0.5	3085882	trained	32744	23	memtrain/o_338_2.jpg	photodiode	1
3086.633	0.5	3086633	untrained	32678	89	memtrain/o_469_1.jpg	photodiode	1
3087.433	0.5	3087433	trained	32734	33	memtrain/o_536_1.jpg	photodiode	1
3088.384	0.5	3088384	untrained	32689	78	memtrain/o_599_1.jpg	photodiode	1
3089.135	0.5	3089135	catch	32671	n/a	catch_padded.jpg	photodiode	0
3089.461	0.0	3089461	response	6	n/a	n/a	trigger	0
3091.136	0.5	3091136	untrained	32676	91	memtrain/o_605_1.jpg	photodiode	1
3091.937	0.5	3091937	trained	32748	19	memtrain/o_284_2.jpg	photodiode	1
3092.788	0.5	3092788	untrained	32705	62	memtrain/o_304_1.jpg	photodiode	1
3093.639	0.5	3093639	untrained	32684	83	memtrain/so_105_1.jpg	photodiode	1
3094.389	0.5	3094389	catch	32671	n/a	catch_padded.jpg	photodiode	0
3094.797	0.0	3094797	response	6	n/a	n/a	trigger	0
3096.391	0.5	3096391	trained	32733	34	memtrain/o_558_2.jpg	photodiode	1
3097.292	0.5	3097292	untrained	32695	72	memtrain/o_490_1.jpg	photodiode	1
3098.142	0.5	3098142	untrained	32675	92	memtrain/so_033_1.jpg	photodiode	1
3099.093	0.5	3099093	untrained	32702	65	memtrain/o_337_2.jpg	photodiode	1
3099.944	0.5	3099944	untrained	32691	76	memtrain/o_570_1.jpg	photodiode	1
3100.845	0.5	3100845	catch	32671	n/a	catch_padded.jpg	photodiode	0
3101.172	0.0	3101172	response	6	n/a	n/a	trigger	0
3102.946	0.5	3102946	trained	32767	0	memtrain/o_006_1.jpg	photodiode	1
3103.747	0.5	3103747	untrained	32692	75	memtrain/o_564_1.jpg	photodiode	1
3104.548	0.5	3104548	trained	32749	18	memtrain/o_264_2.jpg	photodiode	1
3105.298	0.5	3105298	catch	32671	n/a	catch_padded.jpg	photodiode	0
3105.653	0.0	3105653	response	6	n/a	n/a	trigger	0
3107.35	0.5	3107350	untrained	32714	53	memtrain/o_142_2.jpg	photodiode	1
3108.151	0.5	3108151	trained	32738	29	memtrain/o_416_1.jpg	photodiode	1
3108.952	0.5	3108952	trained	32741	26	memtrain/o_376_1.jpg	photodiode	1
3109.694	0.5	3109694	trained	32739	28	memtrain/o_397_1.jpg	photodiode	1
3110.595	0.5	3110595	untrained	32709	58	memtrain/o_192_1.jpg	photodiode	1
3111.445	0.5	3111445	catch	32671	n/a	catch_padded.jpg	photodiode	0
3111.883	0.0	3111883	response	6	n/a	n/a	trigger	0
3113.497	0.5	3113497	trained	32730	37	memtrain/o_597_1.jpg	photodiode	1
3114.348	0.5	3114348	untrained	32718	49	memtrain/o_054_2.jpg	photodiode	1
3115.299	0.5	3115299	untrained	32673	94	memtrain/so_067_1.jpg	photodiode	1
3116.049	0.5	3116049	catch	32671	n/a	catch_padded.jpg	photodiode	0
3116.362	0.0	3116362	response	6	n/a	n/a	trigger	0
3118.001	0.5	3118001	untrained	32716	51	memtrain/o_103_2.jpg	photodiode	1
3118.802	0.5	3118802	trained	32737	30	memtrain/o_437_2.jpg	photodiode	1
3119.652	0.5	3119652	trained	32722	45	memtrain/so_090_2.jpg	photodiode	1
3120.403	0.5	3120403	catch	32671	n/a	catch_padded.jpg	photodiode	0
3120.91	0.0	3120910	response	6	n/a	n/a	trigger	0
3122.304	0.5	3122304	untrained	32680	87	memtrain/o_365_1.jpg	photodiode	1
3123.055	0.5	3123055	untrained	32700	67	memtrain/o_378_1.jpg	photodiode	1
3123.856	0.5	3123856	trained	32752	15	memtrain/o_195_1.jpg	photodiode	1
3124.707	0.5	3124707	trained	32727	40	memtrain/o_648_2.jpg	photodiode	1
3125.607	0.5	3125607	catch	32671	n/a	catch_padded.jpg	photodiode	0
3125.928	0.0	3125928	response	6	n/a	n/a	trigger	0
3127.609	0.5	3127609	trained	32725	42	memtrain/so_034_2.jpg	photodiode	1
3128.56	0.5	3128560	trained	32759	8	memtrain/o_094_1.jpg	photodiode	1
3129.511	0.5	3129511	trained	32760	7	memtrain/o_091_2.jpg	photodiode	1
3130.311	0.5	3130311	catch	32671	n/a	catch_padded.jpg	photodiode	0
3130.638	0.0	3130638	response	6	n/a	n/a	trigger	0
3132.313	0.5	3132313	untrained	32696	71	memtrain/o_483_1.jpg	photodiode	1
3133.064	0.5	3133064	trained	32745	22	memtrain/o_321_1.jpg	photodiode	1
3133.914	0.5	3133914	trained	32726	41	memtrain/o_663_2.jpg	photodiode	1
3134.765	0.5	3134765	trained	32763	4	memtrain/o_042_1.jpg	photodiode	1
3135.716	0.5	3135716	trained	32742	25	memtrain/o_358_2.jpg	photodiode	1
3136.667	0.5	3136667	catch	32671	n/a	catch_padded.jpg	photodiode	0
3136.969	0.0	3136969	response	6	n/a	n/a	trigger	0
3138.768	0.5	3138768	untrained	32712	55	memtrain/o_153_2.jpg	photodiode	1
3139.519	0.5	3139519	untrained	32719	48	memtrain/o_019_2.jpg	photodiode	1
3140.32	0.5	3140320	trained	32764	3	memtrain/o_040_2.jpg	photodiode	1
3141.262	0.5	3141262	untrained	32694	73	memtrain/o_519_2.jpg	photodiode	1
3142.071	0.5	3142071	catch	32671	n/a	catch_padded.jpg	photodiode	0
3142.525	0.0	3142525	response	6	n/a	n/a	trigger	0
3144.165	0.5	3144165	trained	32731	36	memtrain/o_583_1.jpg	photodiode	1
3144.965	0.5	3144965	untrained	32693	74	memtrain/o_550_1.jpg	photodiode	1
3145.866	0.5	3145866	untrained	32708	59	memtrain/o_201_2.jpg	photodiode	1
3146.717	0.5	3146717	catch	32671	n/a	catch_padded.jpg	photodiode	0
3147.054	0.0	3147054	response	6	n/a	n/a	trigger	0
3148.677	0.5	3148677	trained	32756	11	memtrain/o_117_2.jpg	photodiode	1
3149.419	0.5	3149419	untrained	32701	66	memtrain/o_342_2.jpg	photodiode	1
3150.22	0.5	3150220	untrained	32672	95	memtrain/so_125_1.jpg	photodiode	1
3151.171	0.5	3151171	trained	32732	35	memtrain/o_561_2.jpg	photodiode	1
3152.021	0.5	3152021	trained	32735	32	memtrain/o_485_2.jpg	photodiode	1
3152.772	0.5	3152772	catch	32671	n/a	catch_padded.jpg	photodiode	0
3153.067	0.0	3153067	response	6	n/a	n/a	trigger	0
3154.724	0.5	3154724	trained	32751	16	memtrain/o_199_2.jpg	photodiode	1
3155.474	0.5	3155474	untrained	32717	50	memtrain/o_057_2.jpg	photodiode	1
3156.325	0.5	3156325	trained	32761	6	memtrain/o_076_1.jpg	photodiode	1
3157.076	0.5	3157076	untrained	32688	79	memtrain/o_600_1.jpg	photodiode	1
3157.926	0.5	3157926	untrained	32682	85	memtrain/o_218_1.jpg	photodiode	1
3158.677	0.5	3158677	catch	32671	n/a	catch_padded.jpg	photodiode	0
3158.98	0.0	3158980	response	6	n/a	n/a	trigger	0
3160.629	0.5	3160629	untrained	32697	70	memtrain/o_471_2.jpg	photodiode	1
3161.58	0.5	3161580	trained	32762	5	memtrain/o_067_1.jpg	photodiode	1
3162.33	0.5	3162330	untrained	32707	60	memtrain/o_228_2.jpg	photodiode	1
3163.231	0.5	3163231	untrained	32699	68	memtrain/o_393_1.jpg	photodiode	1
3164.082	0.5	3164082	catch	32671	n/a	catch_padded.jpg	photodiode	0
3164.607	0.0	3164607	response	6	n/a	n/a	trigger	0
3165.983	0.5	3165983	untrained	32683	84	memtrain/so_117_2.jpg	photodiode	1
3166.876	0.5	3166876	untrained	32706	61	memtrain/o_298_2.jpg	photodiode	1
3167.626	0.5	3167626	trained	32728	39	memtrain/o_606_1.jpg	photodiode	1
3168.477	0.5	3168477	trained	32753	14	memtrain/o_174_1.jpg	photodiode	1
3169.278	0.5	3169278	catch	32671	n/a	catch_padded.jpg	photodiode	0
3169.969	0.0	3169969	response	6	n/a	n/a	trigger	0
3171.188	0.5	3171188	untrained	32715	52	memtrain/o_141_1.jpg	photodiode	1
3172.13	0.5	3172130	untrained	32687	80	memtrain/o_613_1.jpg	photodiode	1
3173.031	0.5	3173031	trained	32724	43	memtrain/so_043_2.jpg	photodiode	1
3173.781	0.5	3173781	catch	32671	n/a	catch_padded.jpg	photodiode	0
3174.122	0.0	3174122	response	6	n/a	n/a	trigger	0
3175.842	0.5	3175842	trained	32750	17	memtrain/o_232_1.jpg	photodiode	1
3176.784	0.5	3176784	trained	32721	46	memtrain/so_113_1.jpg	photodiode	1
3177.635	0.5	3177635	trained	32747	20	memtrain/o_290_1.jpg	photodiode	1
3178.536	0.5	3178536	untrained	32686	81	memtrain/o_655_2.jpg	photodiode	1
3179.436	0.5	3179436	catch	32671	n/a	catch_padded.jpg	photodiode	0
3179.741	0.0	3179741	response	6	n/a	n/a	trigger	0
3181.538	0.5	3181538	trained	32720	47	memtrain/so_147_2.jpg	photodiode	1
3182.489	0.5	3182489	untrained	32677	90	memtrain/o_580_1.jpg	photodiode	1
3183.29	0.5	3183290	untrained	32679	88	memtrain/o_458_1.jpg	photodiode	1
3184.24	0.5	3184240	untrained	32711	56	memtrain/o_163_2.jpg	photodiode	1
3185.141	0.5	3185141	trained	32736	31	memtrain/o_465_2.jpg	photodiode	1
3185.992	0.5	3185992	catch	32671	n/a	catch_padded.jpg	photodiode	0
3186.347	0.0	3186347	response	6	n/a	n/a	trigger	0
3187.893	0.5	3187893	trained	32723	44	memtrain/so_045_1.jpg	photodiode	1
3188.744	0.5	3188744	untrained	32674	93	memtrain/so_035_1.jpg	photodiode	1
3189.595	0.5	3189595	trained	32729	38	memtrain/o_603_1.jpg	photodiode	1
3190.546	0.5	3190546	untrained	32703	64	memtrain/o_334_2.jpg	photodiode	1
3191.296	0.5	3191296	untrained	32713	54	memtrain/o_145_1.jpg	photodiode	1
3192.097	0.5	3192097	catch	32671	n/a	catch_padded.jpg	photodiode	0
3192.426	0.0	3192426	response	6	n/a	n/a	trigger	0
3193.999	0.5	3193999	trained	32754	13	memtrain/o_136_1.jpg	photodiode	1
3194.899	0.5	3194899	trained	32758	9	memtrain/o_101_2.jpg	photodiode	1
3195.75	0.5	3195750	untrained	32685	82	memtrain/o_656_1.jpg	photodiode	1
3196.593	0.5	3196593	trained	32757	10	memtrain/o_111_2.jpg	photodiode	1
3197.502	0.5	3197502	untrained	32710	57	memtrain/o_171_1.jpg	photodiode	1
3198.252	0.5	3198252	catch	32671	n/a	catch_padded.jpg	photodiode	0
3198.626	0.0	3198626	response	6	n/a	n/a	trigger	0
3200.354	0.5	3200354	trained	32766	1	memtrain/o_015_1.jpg	photodiode	1
3201.146	0.5	3201146	untrained	32690	77	memtrain/o_574_2.jpg	photodiode	1
3202.047	0.5	3202047	untrained	32681	86	memtrain/o_288_1.jpg	photodiode	1
3202.948	0.5	3202948	catch	32671	n/a	catch_padded.jpg	photodiode	0
3203.288	0.0	3203288	response	6	n/a	n/a	trigger	0
3205.0	0.5	3205000	trained	32743	24	memtrain/o_357_1.jpg	photodiode	1
3205.8	0.5	3205800	trained	32755	12	memtrain/o_127_2.jpg	photodiode	1
3206.551	0.5	3206551	untrained	32704	63	memtrain/o_310_2.jpg	photodiode	1
3207.452	0.5	3207452	trained	32740	27	memtrain/o_379_2.jpg	photodiode	1
3208.403	0.5	3208403	untrained	32698	69	memtrain/o_464_2.jpg	photodiode	1
3209.153	0.5	3209153	catch	32671	n/a	catch_padded.jpg	photodiode	0
3209.552	0.0	3209552	response	6	n/a	n/a	trigger	0
3215.632	0.0	3215632	block_end	120	n/a	n/a	trigger	0
3240.149	0.0	3240149	response	6	n/a	n/a	trigger	0
3240.16	0.0	3240160	block_onset	110	n/a	n/a	trigger	0
3242.215	0.5	3242215	trained	32748	19	memtrain/o_284_2.jpg	photodiode	1
3243.015	0.5	3243015	trained	32755	12	memtrain/o_127_2.jpg	photodiode	1
3243.916	0.5	3243916	untrained	32683	84	memtrain/so_117_2.jpg	photodiode	1
3244.767	0.5	3244767	trained	32732	35	memtrain/o_561_2.jpg	photodiode	1
3245.718	0.5	3245718	trained	32747	20	memtrain/o_290_1.jpg	photodiode	1
3246.518	0.5	3246518	catch	32671	n/a	catch_padded.jpg	photodiode	0
3246.968	0.0	3246968	response	6	n/a	n/a	trigger	0
3248.42	0.5	3248420	trained	32729	38	memtrain/o_603_1.jpg	photodiode	1
3249.371	0.5	3249371	untrained	32701	66	memtrain/o_342_2.jpg	photodiode	1
3250.113	0.5	3250113	untrained	32673	94	memtrain/so_067_1.jpg	photodiode	1
3250.872	0.5	3250872	catch	32671	n/a	catch_padded.jpg	photodiode	0
3251.23	0.0	3251230	response	6	n/a	n/a	trigger	0
3252.874	0.5	3252874	untrained	32715	52	memtrain/o_141_1.jpg	photodiode	1
3253.666	0.5	3253666	untrained	32702	65	memtrain/o_337_2.jpg	photodiode	1
3254.425	0.5	3254425	trained	32753	14	memtrain/o_174_1.jpg	photodiode	1
3255.367	0.5	3255367	untrained	32691	76	memtrain/o_570_1.jpg	photodiode	1
3256.118	0.5	3256118	untrained	32693	74	memtrain/o_550_1.jpg	photodiode	1
3257.069	0.5	3257069	catch	32671	n/a	catch_padded.jpg	photodiode	0
3257.352	0.0	3257352	response	6	n/a	n/a	trigger	0
3259.121	0.5	3259121	trained	32757	10	memtrain/o_111_2.jpg	photodiode	1
3259.871	0.5	3259871	untrained	32716	51	memtrain/o_103_2.jpg	photodiode	1
3260.772	0.5	3260772	trained	32721	46	memtrain/so_113_1.jpg	photodiode	1
3261.623	0.5	3261623	catch	32671	n/a	catch_padded.jpg	photodiode	0
3261.983	0.0	3261983	response	6	n/a	n/a	trigger	0
3263.674	0.5	3263674	untrained	32718	49	memtrain/o_054_2.jpg	photodiode	1
3264.525	0.5	3264525	untrained	32687	80	memtrain/o_613_1.jpg	photodiode	1
3265.326	0.5	3265326	untrained	32682	85	memtrain/o_218_1.jpg	photodiode	1
3266.277	0.5	3266277	untrained	32678	89	memtrain/o_469_1.jpg	photodiode	1
3267.177	0.5	3267177	catch	32671	n/a	catch_padded.jpg	photodiode	0
3267.478	0.0	3267478	response	6	n/a	n/a	trigger	0
3269.129	0.5	3269129	untrained	32694	73	memtrain/o_519_2.jpg	photodiode	1
3270.03	0.5	3270030	trained	32722	45	memtrain/so_090_2.jpg	photodiode	1
3270.83	0.5	3270830	untrained	32679	88	memtrain/o_458_1.jpg	photodiode	1
3271.581	0.5	3271581	trained	32758	9	memtrain/o_101_2.jpg	photodiode	1
3272.532	0.5	3272532	untrained	32697	70	memtrain/o_471_2.jpg	photodiode	1
3273.483	0.5	3273483	catch	32671	n/a	catch_padded.jpg	photodiode	0
3273.804	0.0	3273804	response	6	n/a	n/a	trigger	0
3275.384	0.5	3275384	trained	32751	16	memtrain/o_199_2.jpg	photodiode	1
3276.285	0.5	3276285	untrained	32674	93	memtrain/so_035_1.jpg	photodiode	1
3277.086	0.5	3277086	untrained	32704	63	memtrain/o_310_2.jpg	photodiode	1
3277.836	0.5	3277836	catch	32671	n/a	catch_padded.jpg	photodiode	0
3278.199	0.0	3278199	response	6	n/a	n/a	trigger	0
3279.738	0.5	3279738	trained	32740	27	memtrain/o_379_2.jpg	photodiode	1
3280.689	0.5	3280689	untrained	32690	77	memtrain/o_574_2.jpg	photodiode	1
3281.64	0.5	3281640	untrained	32700	67	memtrain/o_378_1.jpg	photodiode	1
3282.432	0.5	3282432	trained	32749	18	memtrain/o_264_2.jpg	photodiode	1
3283.391	0.5	3283391	catch	32671	n/a	catch_padded.jpg	photodiode	0
3283.723	0.0	3283723	response	6	n/a	n/a	trigger	0
3285.284	0.5	3285284	untrained	32684	83	memtrain/so_105_1.jpg	photodiode	1
3286.235	0.5	3286235	untrained	32710	57	memtrain/o_171_1.jpg	photodiode	1
3287.036	0.5	3287036	trained	32725	42	memtrain/so_034_2.jpg	photodiode	1
3287.887	0.5	3287887	untrained	32695	72	memtrain/o_490_1.jpg	photodiode	1
3288.637	0.5	3288637	catch	32671	n/a	catch_padded.jpg	photodiode	0
3288.993	0.0	3288993	response	6	n/a	n/a	trigger	0
3290.589	0.5	3290589	untrained	32696	71	memtrain/o_483_1.jpg	photodiode	1
3291.34	0.5	3291340	untrained	32686	81	memtrain/o_655_2.jpg	photodiode	1
3292.09	0.5	3292090	untrained	32689	78	memtrain/o_599_1.jpg	photodiode	1
3293.041	0.5	3293041	catch	32671	n/a	catch_padded.jpg	photodiode	0
3293.329	0.0	3293329	response	6	n/a	n/a	trigger	0
3294.943	0.5	3294943	untrained	32713	54	memtrain/o_145_1.jpg	photodiode	1
3295.793	0.5	3295793	trained	32724	43	memtrain/so_043_2.jpg	photodiode	1
3296.744	0.5	3296744	trained	32735	32	memtrain/o_485_2.jpg	photodiode	1
3297.595	0.5	3297595	trained	32764	3	memtrain/o_040_2.jpg	photodiode	1
3298.396	0.5	3298396	trained	32720	47	memtrain/so_147_2.jpg	photodiode	1
3299.196	0.5	3299196	catch	32671	n/a	catch_padded.jpg	photodiode	0
3299.527	0.0	3299527	response	6	n/a	n/a	trigger	0
3301.298	0.5	3301298	untrained	32699	68	memtrain/o_393_1.jpg	photodiode	1
3302.149	0.5	3302149	untrained	32712	55	memtrain/o_153_2.jpg	photodiode	1
3302.949	0.5	3302949	trained	32728	39	memtrain/o_606_1.jpg	photodiode	1
3303.8	0.5	3303800	untrained	32707	60	memtrain/o_228_2.jpg	photodiode	1
3304.751	0.5	3304751	trained	32727	40	memtrain/o_648_2.jpg	photodiode	1
3305.652	0.5	3305652	catch	32671	n/a	catch_padded.jpg	photodiode	0
3305.969	0.0	3305969	response	6	n/a	n/a	trigger	0
3307.753	0.5	3307753	untrained	32672	95	memtrain/so_125_1.jpg	photodiode	1
3308.696	0.5	3308696	untrained	32714	53	memtrain/o_142_2.jpg	photodiode	1
3309.655	0.5	3309655	trained	32750	17	memtrain/o_232_1.jpg	photodiode	1
3310.397	0.5	3310397	catch	32671	n/a	catch_padded.jpg	photodiode	0
3310.726	0.0	3310726	response	6	n/a	n/a	trigger	0
3312.307	0.5	3312307	trained	32743	24	memtrain/o_357_1.jpg	photodiode	1
3313.1	0.5	3313100	trained	32739	28	memtrain/o_397_1.jpg	photodiode	1
3314.0	0.5	3314000	untrained	32680	87	memtrain/o_365_1.jpg	photodiode	1
3314.751	0.5	3314751	catch	32671	n/a	catch_padded.jpg	photodiode	0
3315.063	0.0	3315063	response	6	n/a	n/a	trigger	0
3316.661	0.5	3316661	trained	32766	1	memtrain/o_015_1.jpg	photodiode	1
3317.553	0.5	3317553	untrained	32681	86	memtrain/o_288_1.jpg	photodiode	1
3318.354	0.5	3318354	trained	32761	6	memtrain/o_076_1.jpg	photodiode	1
3319.205	0.5	3319205	trained	32765	2	memtrain/o_035_1.jpg	photodiode	1
3320.056	0.5	3320056	catch	32671	n/a	catch_padded.jpg	photodiode	0
3320.342	0.0	3320342	response	6	n/a	n/a	trigger	0
3321.957	0.5	3321957	trained	32759	8	memtrain/o_094_1.jpg	photodiode	1
3322.808	0.5	3322808	untrained	32703	64	memtrain/o_334_2.jpg	photodiode	1
3323.667	0.5	3323667	trained	32745	22	memtrain/o_321_1.jpg	photodiode	1
3324.409	0.5	3324409	untrained	32709	58	memtrain/o_192_1.jpg	photodiode	1
3325.16	0.5	3325160	catch	32671	n/a	catch_padded.jpg	photodiode	0
3325.517	0.0	3325517	response	6	n/a	n/a	trigger	0
3327.162	0.5	3327162	untrained	32698	69	memtrain/o_464_2.jpg	photodiode	1
3328.012	0.5	3328012	untrained	32685	82	memtrain/o_656_1.jpg	photodiode	1
3328.813	0.5	3328813	trained	32736	31	memtrain/o_465_2.jpg	photodiode	1
3329.714	0.5	3329714	catch	32671	n/a	catch_padded.jpg	photodiode	0
3330.082	0.0	3330082	response	6	n/a	n/a	trigger	0
3331.715	0.5	3331715	untrained	32719	48	memtrain/o_019_2.jpg	photodiode	1
3332.516	0.5	3332516	untrained	32692	75	memtrain/o_564_1.jpg	photodiode	1
3333.467	0.5	3333467	untrained	32705	62	memtrain/o_304_1.jpg	photodiode	1
3334.368	0.5	3334368	trained	32726	41	memtrain/o_663_2.jpg	photodiode	1
3335.218	0.5	3335218	trained	32746	21	memtrain/o_319_1.jpg	photodiode	1
3336.019	0.5	3336019	catch	32671	n/a	catch_padded.jpg	photodiode	0
3336.375	0.0	3336375	response	6	n/a	n/a	trigger	0
3337.971	0.5	3337971	untrained	32717	50	memtrain/o_057_2.jpg	photodiode	1
3338.821	0.5	3338821	untrained	32676	91	memtrain/o_605_1.jpg	photodiode	1
3339.772	0.5	3339772	trained	32738	29	memtrain/o_416_1.jpg	photodiode	1
3340.565	0.5	3340565	untrained	32708	59	memtrain/o_201_2.jpg	photodiode	1
3341.515	0.5	3341515	catch	32671	n/a	catch_padded.jpg	photodiode	0
3342.166	0.0	3342166	response	6	n/a	n/a	trigger	0
3343.575	0.5	3343575	trained	32763	4	memtrain/o_042_1.jpg	photodiode	1
3344.426	0.5	3344426	trained	32737	30	memtrain/o_437_2.jpg	photodiode	1
3345.219	0.5	3345219	trained	32754	13	memtrain/o_136_1.jpg	photodiode	1
3346.019	0.5	3346019	catch	32671	n/a	catch_padded.jpg	photodiode	0
3346.385	0.0	3346385	response	6	n/a	n/a	trigger	0
3348.079	0.5	3348079	trained	32741	26	memtrain/o_376_1.jpg	photodiode	1
3348.922	0.5	3348922	trained	32742	25	memtrain/o_358_2.jpg	photodiode	1
3349.722	0.5	3349722	trained	32760	7	memtrain/o_091_2.jpg	photodiode	1
3350.573	0.5	3350573	catch	32671	n/a	catch_padded.jpg	photodiode	0
3350.956	0.0	3350956	response	6	n/a	n/a	trigger	0
3352.625	0.5	3352625	trained	32731	36	memtrain/o_583_1.jpg	photodiode	1
3353.526	0.5	3353526	trained	32752	15	memtrain/o_195_1.jpg	photodiode	1
3354.276	0.5	3354276	untrained	32677	90	memtrain/o_580_1.jpg	photodiode	1
3355.177	0.5	3355177	trained	32767	0	memtrain/o_006_1.jpg	photodiode	1
3355.928	0.5	3355928	catch	32671	n/a	catch_padded.jpg	photodiode	0
3356.574	0.0	3356574	response	6	n/a	n/a	trigger	0
3358.029	0.5	3358029	trained	32744	23	memtrain/o_338_2.jpg	photodiode	1
3358.78	0.5	3358780	trained	32733	34	memtrain/o_558_2.jpg	photodiode	1
3359.631	0.5	3359631	trained	32723	44	memtrain/so_045_1.jpg	photodiode	1
3360.381	0.5	3360381	untrained	32675	92	memtrain/so_033_1.jpg	photodiode	1
3361.182	0.5	3361182	trained	32730	37	memtrain/o_597_1.jpg	photodiode	1
3362.033	0.5	3362033	catch	32671	n/a	catch_padded.jpg	photodiode	0
3362.266	0.0	3362266	response	6	n/a	n/a	trigger	0
3363.984	0.5	3363984	untrained	32706	61	memtrain/o_298_2.jpg	photodiode	1
3364.935	0.5	3364935	trained	32762	5	memtrain/o_067_1.jpg	photodiode	1
3365.736	0.5	3365736	untrained	32688	79	memtrain/o_600_1.jpg	photodiode	1
3366.578	0.5	3366578	trained	32734	33	memtrain/o_536_1.jpg	photodiode	1
3367.329	0.5	3367329	untrained	32711	56	memtrain/o_163_2.jpg	photodiode	1
3368.238	0.5	3368238	catch	32671	n/a	catch_padded.jpg	photodiode	0
3368.608	0.0	3368608	response	6	n/a	n/a	trigger	0
3370.19	0.5	3370190	trained	32756	11	memtrain/o_117_2.jpg	photodiode	1
3371.032	0.5	3371032	untrained	32688	79	memtrain/o_600_1.jpg	photodiode	1
3371.883	0.5	3371883	trained	32756	11	memtrain/o_117_2.jpg	photodiode	1
3372.633	0.5	3372633	catch	32671	n/a	catch_padded.jpg	photodiode	0
3373.08	0.0	3373080	response	6	n/a	n/a	trigger	0
3374.593	0.5	3374593	untrained	32683	84	memtrain/so_117_2.jpg	photodiode	1
3375.394	0.5	3375394	untrained	32676	91	memtrain/o_605_1.jpg	photodiode	1
3376.236	0.5	3376236	untrained	32685	82	memtrain/o_656_1.jpg	photodiode	1
3377.137	0.5	3377137	trained	32745	22	memtrain/o_321_1.jpg	photodiode	1
3377.988	0.5	3377988	untrained	32674	93	memtrain/so_035_1.jpg	photodiode	1
3378.939	0.5	3378939	catch	32671	n/a	catch_padded.jpg	photodiode	0
3379.267	0.0	3379267	response	6	n/a	n/a	trigger	0
3380.991	0.5	3380991	untrained	32681	86	memtrain/o_288_1.jpg	photodiode	1
3381.891	0.5	3381891	trained	32757	10	memtrain/o_111_2.jpg	photodiode	1
3382.842	0.5	3382842	untrained	32710	57	memtrain/o_171_1.jpg	photodiode	1
3383.693	0.5	3383693	trained	32761	6	memtrain/o_076_1.jpg	photodiode	1
3384.544	0.5	3384544	catch	32671	n/a	catch_padded.jpg	photodiode	0
3384.853	0.0	3384853	response	6	n/a	n/a	trigger	0
3386.595	0.5	3386595	untrained	32707	60	memtrain/o_228_2.jpg	photodiode	1
3387.446	0.5	3387446	untrained	32712	55	memtrain/o_153_2.jpg	photodiode	1
3388.347	0.5	3388347	trained	32724	43	memtrain/so_043_2.jpg	photodiode	1
3389.197	0.5	3389197	catch	32671	n/a	catch_padded.jpg	photodiode	0
3389.621	0.0	3389621	response	6	n/a	n/a	trigger	0
3391.199	0.5	3391199	trained	32750	17	memtrain/o_232_1.jpg	photodiode	1
3392.0	0.5	3392000	trained	32746	21	memtrain/o_319_1.jpg	photodiode	1
3392.801	0.5	3392801	trained	32721	46	memtrain/so_113_1.jpg	photodiode	1
3393.751	0.5	3393751	untrained	32691	76	memtrain/o_570_1.jpg	photodiode	1
3394.502	0.5	3394502	catch	32671	n/a	catch_padded.jpg	photodiode	0
3394.843	0.0	3394843	response	6	n/a	n/a	trigger	0
3396.504	0.5	3396504	untrained	32711	56	memtrain/o_163_2.jpg	photodiode	1
3397.304	0.5	3397304	trained	32723	44	memtrain/so_045_1.jpg	photodiode	1
3398.205	0.5	3398205	untrained	32686	81	memtrain/o_655_2.jpg	photodiode	1
3399.106	0.5	3399106	catch	32671	n/a	catch_padded.jpg	photodiode	0
3399.44	0.0	3399440	response	6	n/a	n/a	trigger	0
3401.099	0.5	3401099	untrained	32682	85	memtrain/o_218_1.jpg	photodiode	1
3402.008	0.5	3402008	untrained	32695	72	memtrain/o_490_1.jpg	photodiode	1
3402.959	0.5	3402959	untrained	32706	61	memtrain/o_298_2.jpg	photodiode	1
3403.752	0.5	3403752	trained	32740	27	memtrain/o_379_2.jpg	photodiode	1
3404.502	0.5	3404502	catch	32671	n/a	catch_padded.jpg	photodiode	0
3404.808	0.0	3404808	response	6	n/a	n/a	trigger	0
3406.462	0.5	3406462	untrained	32687	80	memtrain/o_613_1.jpg	photodiode	1
3407.355	0.5	3407355	trained	32763	4	memtrain/o_042_1.jpg	photodiode	1
3408.305	0.5	3408305	untrained	32713	54	memtrain/o_145_1.jpg	photodiode	1
3409.056	0.5	3409056	untrained	32716	51	memtrain/o_103_2.jpg	photodiode	1
3409.857	0.5	3409857	catch	32671	n/a	catch_padded.jpg	photodiode	0
3410.167	0.0	3410167	response	6	n/a	n/a	trigger	0
3411.908	0.5	3411908	trained	32735	32	memtrain/o_485_2.jpg	photodiode	1
3412.659	0.5	3412659	untrained	32704	63	memtrain/o_310_2.jpg	photodiode	1
3413.46	0.5	3413460	trained	32755	12	memtrain/o_127_2.jpg	photodiode	1
3414.311	0.5	3414311	catch	32671	n/a	catch_padded.jpg	photodiode	0
3414.618	0.0	3414618	response	6	n/a	n/a	trigger	0
3416.412	0.5	3416412	untrained	32717	50	memtrain/o_057_2.jpg	photodiode	1
3417.213	0.5	3417213	untrained	32700	67	memtrain/o_378_1.jpg	photodiode	1
3418.064	0.5	3418064	untrained	32697	70	memtrain/o_471_2.jpg	photodiode	1
3419.014	0.5	3419014	catch	32671	n/a	catch_padded.jpg	photodiode	0
3419.39	0.0	3419390	response	6	n/a	n/a	trigger	0
3421.116	0.5	3421116	trained	32744	23	memtrain/o_338_2.jpg	photodiode	1
3422.017	0.5	3422017	trained	32765	2	memtrain/o_035_1.jpg	photodiode	1
3422.768	0.5	3422768	untrained	32672	95	memtrain/so_125_1.jpg	photodiode	1
3423.718	0.5	3423718	trained	32758	9	memtrain/o_101_2.jpg	photodiode	1
3424.469	0.5	3424469	catch	32671	n/a	catch_padded.jpg	photodiode	0
3424.797	0.0	3424797	response	6	n/a	n/a	trigger	0
3426.571	0.5	3426571	untrained	32693	74	memtrain/o_550_1.jpg	photodiode	1
3427.463	0.5	3427463	trained	32751	16	memtrain/o_199_2.jpg	photodiode	1
3428.322	0.5	3428322	trained	32752	15	memtrain/o_195_1.jpg	photodiode	1
3429.273	0.5	3429273	trained	32748	19	memtrain/o_284_2.jpg	photodiode	1
3430.065	0.5	3430065	catch	32671	n/a	catch_padded.jpg	photodiode	0
3430.406	0.0	3430406	response	6	n/a	n/a	trigger	0
3432.167	0.5	3432167	trained	32767	0	memtrain/o_006_1.jpg	photodiode	1
3433.068	0.5	3433068	trained	32759	8	memtrain/o_094_1.jpg	photodiode	1
3433.969	0.5	3433969	trained	32720	47	memtrain/so_147_2.jpg	photodiode	1
3434.769	0.5	3434769	trained	32743	24	memtrain/o_357_1.jpg	photodiode	1
3435.67	0.5	3435670	untrained	32699	68	memtrain/o_393_1.jpg	photodiode	1
3436.521	0.5	3436521	catch	32671	n/a	catch_padded.jpg	photodiode	0
3436.982	0.0	3436982	response	6	n/a	n/a	trigger	0
3438.623	0.5	3438623	trained	32722	45	memtrain/so_090_2.jpg	photodiode	1
3439.373	0.5	3439373	trained	32734	33	memtrain/o_536_1.jpg	photodiode	1
3440.324	0.5	3440324	trained	32725	42	memtrain/so_034_2.jpg	photodiode	1
3441.275	0.5	3441275	trained	32738	29	memtrain/o_416_1.jpg	photodiode	1
3442.076	0.5	3442076	trained	32747	20	memtrain/o_290_1.jpg	photodiode	1
3443.026	0.5	3443026	catch	32671	n/a	catch_padded.jpg	photodiode	0
3443.385	0.0	3443385	response	6	n/a	n/a	trigger	0
3444.928	0.5	3444928	untrained	32678	89	memtrain/o_469_1.jpg	photodiode	1
3445.779	0.5	3445779	trained	32729	38	memtrain/o_603_1.jpg	photodiode	1
3446.579	0.5	3446579	untrained	32673	94	memtrain/so_067_1.jpg	photodiode	1
3447.38	0.5	3447380	trained	32749	18	memtrain/o_264_2.jpg	photodiode	1
3448.181	0.5	3448181	catch	32671	n/a	catch_padded.jpg	photodiode	0
3448.501	0.0	3448501	response	6	n/a	n/a	trigger	0
3450.283	0.5	3450283	untrained	32703	64	memtrain/o_334_2.jpg	photodiode	1
3451.033	0.5	3451033	trained	32764	3	memtrain/o_040_2.jpg	photodiode	1
3451.984	0.5	3451984	untrained	32705	62	memtrain/o_304_1.jpg	photodiode	1
3452.885	0.5	3452885	untrained	32715	52	memtrain/o_141_1.jpg	photodiode	1
3453.786	0.5	3453786	catch	32671	n/a	catch_padded.jpg	photodiode	0
3454.122	0.0	3454122	response	6	n/a	n/a	trigger	0
3455.787	0.5	3455787	trained	32730	37	memtrain/o_597_1.jpg	photodiode	1
3456.738	0.5	3456738	trained	32732	35	memtrain/o_561_2.jpg	photodiode	1
3457.689	0.5	3457689	untrained	32718	49	memtrain/o_054_2.jpg	photodiode	1
3458.64	0.5	3458640	trained	32736	31	memtrain/o_465_2.jpg	photodiode	1
3459.532	0.5	3459532	trained	32728	39	memtrain/o_606_1.jpg	photodiode	1
3460.383	0.5	3460383	catch	32671	n/a	catch_padded.jpg	photodiode	0
3460.701	0.0	3460701	response	6	n/a	n/a	trigger	0
3462.293	0.5	3462293	trained	32731	36	memtrain/o_583_1.jpg	photodiode	1
3463.185	0.5	3463185	trained	32727	40	memtrain/o_648_2.jpg	photodiode	1
3464.036	0.5	3464036	untrained	32696	71	memtrain/o_483_1.jpg	photodiode	1
3464.787	0.5	3464787	catch	32671	n/a	catch_padded.jpg	photodiode	0
3465.252	0.0	3465252	response	6	n/a	n/a	trigger	0
3466.738	0.5	3466738	trained	32733	34	memtrain/o_558_2.jpg	photodiode	1
3467.639	0.5	3467639	trained	32737	30	memtrain/o_437_2.jpg	photodiode	1
3468.44	0.5	3468440	untrained	32719	48	memtrain/o_019_2.jpg	photodiode	1
3469.19	0.5	3469190	untrained	32675	92	memtrain/so_033_1.jpg	photodiode	1
3470.041	0.5	3470041	catch	32671	n/a	catch_padded.jpg	photodiode	0
3470.318	0.0	3470318	response	6	n/a	n/a	trigger	0
3471.943	0.5	3471943	untrained	32680	87	memtrain/o_365_1.jpg	photodiode	1
3472.693	0.5	3472693	trained	32766	1	memtrain/o_015_1.jpg	photodiode	1
3473.544	0.5	3473544	untrained	32709	58	memtrain/o_192_1.jpg	photodiode	1
3474.295	0.5	3474295	trained	32741	26	memtrain/o_376_1.jpg	photodiode	1
3475.045	0.5	3475045	untrained	32694	73	memtrain/o_519_2.jpg	photodiode	1
3475.896	0.5	3475896	catch	32671	n/a	catch_padded.jpg	photodiode	0
3476.31	0.0	3476310	response	6	n/a	n/a	trigger	0
3477.948	0.5	3477948	untrained	32689	78	memtrain/o_599_1.jpg	photodiode	1
3478.799	0.5	3478799	untrained	32679	88	memtrain/o_458_1.jpg	photodiode	1
3479.699	0.5	3479699	trained	32762	5	memtrain/o_067_1.jpg	photodiode	1
3480.5	0.5	3480500	untrained	32702	65	memtrain/o_337_2.jpg	photodiode	1
3481.301	0.5	3481301	untrained	32714	53	memtrain/o_142_2.jpg	photodiode	1
3482.201	0.5	3482201	catch	32671	n/a	catch_padded.jpg	photodiode	0
3482.499	0.0	3482499	response	6	n/a	n/a	trigger	0
3484.103	0.5	3484103	untrained	32708	59	memtrain/o_201_2.jpg	photodiode	1
3485.054	0.5	3485054	untrained	32684	83	memtrain/so_105_1.jpg	photodiode	1
3485.946	0.5	3485946	trained	32739	28	memtrain/o_397_1.jpg	photodiode	1
3486.755	0.5	3486755	catch	32671	n/a	catch_padded.jpg	photodiode	0
3487.268	0.0	3487268	response	6	n/a	n/a	trigger	0
3488.807	0.5	3488807	untrained	32690	77	memtrain/o_574_2.jpg	photodiode	1
3489.649	0.5	3489649	trained	32760	7	memtrain/o_091_2.jpg	photodiode	1
3490.55	0.5	3490550	trained	32742	25	memtrain/o_358_2.jpg	photodiode	1
3491.301	0.5	3491301	untrained	32692	75	memtrain/o_564_1.jpg	photodiode	1
3492.051	0.5	3492051	untrained	32677	90	memtrain/o_580_1.jpg	photodiode	1
3493.002	0.5	3493002	catch	32671	n/a	catch_padded.jpg	photodiode	0
3493.207	0.0	3493207	response	6	n/a	n/a	trigger	0
3494.904	0.5	3494904	trained	32753	14	memtrain/o_174_1.jpg	photodiode	1
3495.805	0.5	3495805	untrained	32701	66	memtrain/o_342_2.jpg	photodiode	1
3496.705	0.5	3496705	trained	32726	41	memtrain/o_663_2.jpg	photodiode	1
3497.614	0.5	3497614	untrained	32698	69	memtrain/o_464_2.jpg	photodiode	1
3498.507	0.5	3498507	trained	32754	13	memtrain/o_136_1.jpg	photodiode	1
3499.458	0.5	3499458	catch	32671	n/a	catch_padded.jpg	photodiode	0
3499.677	0.0	3499677	response	6	n/a	n/a	trigger	0
3505.946	0.0	3505946	block_end	120	n/a	n/a	trigger	0
3538.709	0.0	3538709	response	6	n/a	n/a	trigger	0
3538.713	0.0	3538713	block_onset	111	n/a	n/a	trigger	0
3540.768	0.5	3540768	trained	32759	8	memtrain/o_094_1.jpg	photodiode	1
3541.568	0.5	3541568	trained	32724	43	memtrain/so_043_2.jpg	photodiode	1
3542.469	0.5	3542469	untrained	32675	92	memtrain/so_033_1.jpg	photodiode	1
3543.27	0.5	3543270	catch	32671	n/a	catch_padded.jpg	photodiode	0
3543.794	0.0	3543794	response	6	n/a	n/a	trigger	0
3545.372	0.5	3545372	trained	32745	22	memtrain/o_321_1.jpg	photodiode	1
3546.122	0.5	3546122	trained	32720	47	memtrain/so_147_2.jpg	photodiode	1
3547.015	0.5	3547015	untrained	32705	62	memtrain/o_304_1.jpg	photodiode	1
3547.765	0.5	3547765	catch	32671	n/a	catch_padded.jpg	photodiode	0
3548.325	0.0	3548325	response	6	n/a	n/a	trigger	0
3549.825	0.5	3549825	trained	32762	5	memtrain/o_067_1.jpg	photodiode	1
3550.618	0.5	3550618	trained	32765	2	memtrain/o_035_1.jpg	photodiode	1
3551.527	0.5	3551527	untrained	32690	77	memtrain/o_574_2.jpg	photodiode	1
3552.469	0.5	3552469	untrained	32718	49	memtrain/o_054_2.jpg	photodiode	1
3553.378	0.5	3553378	untrained	32700	67	memtrain/o_378_1.jpg	photodiode	1
3554.321	0.5	3554321	catch	32671	n/a	catch_padded.jpg	photodiode	0
3554.633	0.0	3554633	response	6	n/a	n/a	trigger	0
3556.323	0.5	3556323	untrained	32679	88	memtrain/o_458_1.jpg	photodiode	1
3557.073	0.5	3557073	untrained	32672	95	memtrain/so_125_1.jpg	photodiode	1
3557.924	0.5	3557924	trained	32751	16	memtrain/o_199_2.jpg	photodiode	1
3558.825	0.5	3558825	untrained	32685	82	memtrain/o_656_1.jpg	photodiode	1
3559.675	0.5	3559675	catch	32671	n/a	catch_padded.jpg	photodiode	0
3560.014	0.0	3560014	response	6	n/a	n/a	trigger	0
3561.677	0.5	3561677	trained	32766	1	memtrain/o_015_1.jpg	photodiode	1
3562.428	0.5	3562428	untrained	32717	50	memtrain/o_057_2.jpg	photodiode	1
3563.278	0.5	3563278	untrained	32694	73	memtrain/o_519_2.jpg	photodiode	1
3564.029	0.5	3564029	untrained	32706	61	memtrain/o_298_2.jpg	photodiode	1
3564.93	0.5	3564930	catch	32671	n/a	catch_padded.jpg	photodiode	0
3565.247	0.0	3565247	response	6	n/a	n/a	trigger	0
3566.831	0.5	3566831	trained	32733	34	memtrain/o_558_2.jpg	photodiode	1
3567.582	0.5	3567582	trained	32744	23	memtrain/o_338_2.jpg	photodiode	1
3568.383	0.5	3568383	untrained	32676	91	memtrain/o_605_1.jpg	photodiode	1
3569.292	0.5	3569292	trained	32739	28	memtrain/o_397_1.jpg	photodiode	1
3570.134	0.5	3570134	catch	32671	n/a	catch_padded.jpg	photodiode	0
3570.458	0.0	3570458	response	6	n/a	n/a	trigger	0
3572.236	0.5	3572236	trained	32763	4	memtrain/o_042_1.jpg	photodiode	1
3573.087	0.5	3573087	untrained	32699	68	memtrain/o_393_1.jpg	photodiode	1
3574.038	0.5	3574038	trained	32760	7	memtrain/o_091_2.jpg	photodiode	1
3574.838	0.5	3574838	trained	32749	18	memtrain/o_264_2.jpg	photodiode	1
3575.739	0.5	3575739	catch	32671	n/a	catch_padded.jpg	photodiode	0
3576.034	0.0	3576034	response	6	n/a	n/a	trigger	0
3577.791	0.5	3577791	trained	32757	10	memtrain/o_111_2.jpg	photodiode	1
3578.533	0.5	3578533	trained	32725	42	memtrain/so_034_2.jpg	photodiode	1
3579.442	0.5	3579442	untrained	32684	83	memtrain/so_105_1.jpg	photodiode	1
3580.335	0.5	3580335	catch	32671	n/a	catch_padded.jpg	photodiode	0
3580.883	0.0	3580883	response	6	n/a	n/a	trigger	0
3582.236	0.5	3582236	untrained	32715	52	memtrain/o_141_1.jpg	photodiode	1
3583.095	0.5	3583095	trained	32738	29	memtrain/o_416_1.jpg	photodiode	1
3583.988	0.5	3583988	untrained	32673	94	memtrain/so_067_1.jpg	photodiode	1
3584.738	0.5	3584738	untrained	32674	93	memtrain/so_035_1.jpg	photodiode	1
3585.639	0.5	3585639	untrained	32704	63	memtrain/o_310_2.jpg	photodiode	1
3586.49	0.5	3586490	catch	32671	n/a	catch_padded.jpg	photodiode	0
3586.884	0.0	3586884	response	6	n/a	n/a	trigger	0
3588.492	0.5	3588492	untrained	32677	90	memtrain/o_580_1.jpg	photodiode	1
3589.442	0.5	3589442	trained	32746	21	memtrain/o_319_1.jpg	photodiode	1
3590.193	0.5	3590193	trained	32723	44	memtrain/so_045_1.jpg	photodiode	1
3590.994	0.5	3590994	catch	32671	n/a	catch_padded.jpg	photodiode	0
3591.295	0.0	3591295	response	6	n/a	n/a	trigger	0
3592.895	0.5	3592895	untrained	32696	71	memtrain/o_483_1.jpg	photodiode	1
3593.746	0.5	3593746	untrained	32686	81	memtrain/o_655_2.jpg	photodiode	1
3594.497	0.5	3594497	untrained	32691	76	memtrain/o_570_1.jpg	photodiode	1
3595.397	0.5	3595397	catch	32671	n/a	catch_padded.jpg	photodiode	0
3595.868	0.0	3595868	response	6	n/a	n/a	trigger	0
3597.399	0.5	3597399	untrained	32682	85	memtrain/o_218_1.jpg	photodiode	1
3598.15	0.5	3598150	untrained	32698	69	memtrain/o_464_2.jpg	photodiode	1
3599.05	0.5	3599050	untrained	32692	75	memtrain/o_564_1.jpg	photodiode	1
3599.801	0.5	3599801	trained	32754	13	memtrain/o_136_1.jpg	photodiode	1
3600.752	0.5	3600752	catch	32671	n/a	catch_padded.jpg	photodiode	0
3600.991	0.0	3600991	response	6	n/a	n/a	trigger	0
3602.654	0.5	3602654	untrained	32719	48	memtrain/o_019_2.jpg	photodiode	1
3603.554	0.5	3603554	trained	32748	19	memtrain/o_284_2.jpg	photodiode	1
3604.505	0.5	3604505	trained	32755	12	memtrain/o_127_2.jpg	photodiode	1
3605.306	0.5	3605306	untrained	32702	65	memtrain/o_337_2.jpg	photodiode	1
3606.207	0.5	3606207	catch	32671	n/a	catch_padded.jpg	photodiode	0
3606.531	0.0	3606531	response	6	n/a	n/a	trigger	0
3608.108	0.5	3608108	trained	32741	26	memtrain/o_376_1.jpg	photodiode	1
3609.051	0.5	3609051	trained	32761	6	memtrain/o_076_1.jpg	photodiode	1
3609.901	0.5	3609901	trained	32722	45	memtrain/so_090_2.jpg	photodiode	1
3610.802	0.5	3610802	untrained	32701	66	memtrain/o_342_2.jpg	photodiode	1
3611.703	0.5	3611703	catch	32671	n/a	catch_padded.jpg	photodiode	0
3612.016	0.0	3612016	response	6	n/a	n/a	trigger	0
3613.654	0.5	3613654	trained	32729	38	memtrain/o_603_1.jpg	photodiode	1
3614.405	0.5	3614405	trained	32758	9	memtrain/o_101_2.jpg	photodiode	1
3615.156	0.5	3615156	untrained	32708	59	memtrain/o_201_2.jpg	photodiode	1
3616.006	0.5	3616006	catch	32671	n/a	catch_padded.jpg	photodiode	0
3616.408	0.0	3616408	response	6	n/a	n/a	trigger	0
3618.108	0.5	3618108	untrained	32712	55	memtrain/o_153_2.jpg	photodiode	1
3618.909	0.5	3618909	untrained	32713	54	memtrain/o_145_1.jpg	photodiode	1
3619.71	0.5	3619710	trained	32752	15	memtrain/o_195_1.jpg	photodiode	1
3620.56	0.5	3620560	trained	32727	40	memtrain/o_648_2.jpg	photodiode	1
3621.311	0.5	3621311	untrained	32689	78	memtrain/o_599_1.jpg	photodiode	1
3622.262	0.5	3622262	catch	32671	n/a	catch_padded.jpg	photodiode	0
3622.772	0.0	3622772	response	6	n/a	n/a	trigger	0
3624.263	0.5	3624263	trained	32732	35	memtrain/o_561_2.jpg	photodiode	1
3625.114	0.5	3625114	trained	32726	41	memtrain/o_663_2.jpg	photodiode	1
3626.065	0.5	3626065	trained	32753	14	memtrain/o_174_1.jpg	photodiode	1
3627.016	0.5	3627016	catch	32671	n/a	catch_padded.jpg	photodiode	0
3627.403	0.0	3627403	response	6	n/a	n/a	trigger	0
3628.917	0.5	3628917	trained	32747	20	memtrain/o_290_1.jpg	photodiode	1
3629.818	0.5	3629818	trained	32735	32	memtrain/o_485_2.jpg	photodiode	1
3630.719	0.5	3630719	trained	32740	27	memtrain/o_379_2.jpg	photodiode	1
3631.62	0.5	3631620	untrained	32714	53	memtrain/o_142_2.jpg	photodiode	1
3632.57	0.5	3632570	trained	32728	39	memtrain/o_606_1.jpg	photodiode	1
3633.471	0.5	3633471	catch	32671	n/a	catch_padded.jpg	photodiode	0
3633.935	0.0	3633935	response	6	n/a	n/a	trigger	0
3635.523	0.5	3635523	trained	32743	24	memtrain/o_357_1.jpg	photodiode	1
3636.265	0.5	3636265	untrained	32695	72	memtrain/o_490_1.jpg	photodiode	1
3637.224	0.5	3637224	untrained	32710	57	memtrain/o_171_1.jpg	photodiode	1
3638.075	0.5	3638075	untrained	32709	58	memtrain/o_192_1.jpg	photodiode	1
3638.918	0.5	3638918	catch	32671	n/a	catch_padded.jpg	photodiode	0
3639.321	0.0	3639321	response	6	n/a	n/a	trigger	0
3640.978	0.5	3640978	trained	32767	0	memtrain/o_006_1.jpg	photodiode	1
3641.77	0.5	3641770	trained	32737	30	memtrain/o_437_2.jpg	photodiode	1
3642.521	0.5	3642521	untrained	32683	84	memtrain/so_117_2.jpg	photodiode	1
3643.421	0.5	3643421	trained	32764	3	memtrain/o_040_2.jpg	photodiode	1
3644.372	0.5	3644372	untrained	32678	89	memtrain/o_469_1.jpg	photodiode	1
3645.223	0.5	3645223	catch	32671	n/a	catch_padded.jpg	photodiode	0
3645.603	0.0	3645603	response	6	n/a	n/a	trigger	0
3647.225	0.5	3647225	trained	32756	11	memtrain/o_117_2.jpg	photodiode	1
3647.975	0.5	3647975	untrained	32681	86	memtrain/o_288_1.jpg	photodiode	1
3648.826	0.5	3648826	trained	32731	36	memtrain/o_583_1.jpg	photodiode	1
3649.777	0.5	3649777	trained	32734	33	memtrain/o_536_1.jpg	photodiode	1
3650.527	0.5	3650527	catch	32671	n/a	catch_padded.jpg	photodiode	0
3650.845	0.0	3650845	response	6	n/a	n/a	trigger	0
3652.579	0.5	3652579	untrained	32697	70	memtrain/o_471_2.jpg	photodiode	1
3653.33	0.5	3653330	untrained	32711	56	memtrain/o_163_2.jpg	photodiode	1
3654.08	0.5	3654080	untrained	32703	64	memtrain/o_334_2.jpg	photodiode	1
3654.831	0.5	3654831	catch	32671	n/a	catch_padded.jpg	photodiode	0
3655.254	0.0	3655254	response	6	n/a	n/a	trigger	0
3656.783	0.5	3656783	untrained	32707	60	memtrain/o_228_2.jpg	photodiode	1
3657.633	0.5	3657633	trained	32730	37	memtrain/o_597_1.jpg	photodiode	1
3658.484	0.5	3658484	untrained	32680	87	memtrain/o_365_1.jpg	photodiode	1
3659.435	0.5	3659435	trained	32721	46	memtrain/so_113_1.jpg	photodiode	1
3660.336	0.5	3660336	catch	32671	n/a	catch_padded.jpg	photodiode	0
3660.671	0.0	3660671	response	6	n/a	n/a	trigger	0
3662.287	0.5	3662287	untrained	32693	74	memtrain/o_550_1.jpg	photodiode	1
3663.138	0.5	3663138	untrained	32688	79	memtrain/o_600_1.jpg	photodiode	1
3664.089	0.5	3664089	trained	32736	31	memtrain/o_465_2.jpg	photodiode	1
3664.89	0.5	3664890	trained	32750	17	memtrain/o_232_1.jpg	photodiode	1
3665.84	0.5	3665840	catch	32671	n/a	catch_padded.jpg	photodiode	0
3666.158	0.0	3666158	response	6	n/a	n/a	trigger	0
3667.842	0.5	3667842	trained	32742	25	memtrain/o_358_2.jpg	photodiode	1
3668.684	0.5	3668684	untrained	32716	51	memtrain/o_103_2.jpg	photodiode	1
3669.443	0.5	3669443	untrained	32687	80	memtrain/o_613_1.jpg	photodiode	1
3670.286	0.5	3670286	catch	32671	n/a	catch_padded.jpg	photodiode	0
3670.848	0.0	3670848	response	6	n/a	n/a	trigger	0
3672.396	0.5	3672396	trained	32744	23	memtrain/o_338_2.jpg	photodiode	1
3673.188	0.5	3673188	untrained	32690	77	memtrain/o_574_2.jpg	photodiode	1
3673.989	0.5	3673989	trained	32749	18	memtrain/o_264_2.jpg	photodiode	1
3674.84	0.5	3674840	catch	32671	n/a	catch_padded.jpg	photodiode	0
3675.252	0.0	3675252	response	6	n/a	n/a	trigger	0
3676.941	0.5	3676941	trained	32760	7	memtrain/o_091_2.jpg	photodiode	1
3677.742	0.5	3677742	trained	32766	1	memtrain/o_015_1.jpg	photodiode	1
3678.693	0.5	3678693	untrained	32691	76	memtrain/o_570_1.jpg	photodiode	1
3679.494	0.5	3679494	trained	32738	29	memtrain/o_416_1.jpg	photodiode	1
3680.244	0.5	3680244	trained	32748	19	memtrain/o_284_2.jpg	photodiode	1
3681.045	0.5	3681045	catch	32671	n/a	catch_padded.jpg	photodiode	0
3681.457	0.0	3681457	response	6	n/a	n/a	trigger	0
3682.947	0.5	3682947	trained	32745	22	memtrain/o_321_1.jpg	photodiode	1
3683.747	0.5	3683747	untrained	32718	49	memtrain/o_054_2.jpg	photodiode	1
3684.648	0.5	3684648	trained	32743	24	memtrain/o_357_1.jpg	photodiode	1
3685.449	0.5	3685449	catch	32671	n/a	catch_padded.jpg	photodiode	0
3685.868	0.0	3685868	response	6	n/a	n/a	trigger	0
3687.35	0.5	3687350	untrained	32703	64	memtrain/o_334_2.jpg	photodiode	1
3688.101	0.5	3688101	trained	32726	41	memtrain/o_663_2.jpg	photodiode	1
3689.052	0.5	3689052	untrained	32711	56	memtrain/o_163_2.jpg	photodiode	1
3689.902	0.5	3689902	untrained	32709	58	memtrain/o_192_1.jpg	photodiode	1
3690.803	0.5	3690803	catch	32671	n/a	catch_padded.jpg	photodiode	0
3691.033	0.0	3691033	response	6	n/a	n/a	trigger	0
3692.905	0.5	3692905	trained	32767	0	memtrain/o_006_1.jpg	photodiode	1
3693.656	0.5	3693656	untrained	32714	53	memtrain/o_142_2.jpg	photodiode	1
3694.598	0.5	3694598	untrained	32689	78	memtrain/o_599_1.jpg	photodiode	1
3695.449	0.5	3695449	catch	32671	n/a	catch_padded.jpg	photodiode	0
3696.232	0.0	3696232	response	6	n/a	n/a	trigger	0
3697.459	0.5	3697459	trained	32741	26	memtrain/o_376_1.jpg	photodiode	1
3698.401	0.5	3698401	trained	32729	38	memtrain/o_603_1.jpg	photodiode	1
3699.31	0.5	3699310	untrained	32705	62	memtrain/o_304_1.jpg	photodiode	1
3700.111	0.5	3700111	trained	32735	32	memtrain/o_485_2.jpg	photodiode	1
3700.903	0.5	3700903	trained	32751	16	memtrain/o_199_2.jpg	photodiode	1
3701.704	0.5	3701704	catch	32671	n/a	catch_padded.jpg	photodiode	0
3702.001	0.0	3702001	response	6	n/a	n/a	trigger	0
3703.806	0.5	3703806	trained	32765	2	memtrain/o_035_1.jpg	photodiode	1
3704.557	0.5	3704557	untrained	32692	75	memtrain/o_564_1.jpg	photodiode	1
3705.357	0.5	3705357	untrained	32712	55	memtrain/o_153_2.jpg	photodiode	1
3706.258	0.5	3706258	trained	32736	31	memtrain/o_465_2.jpg	photodiode	1
3707.159	0.5	3707159	catch	32671	n/a	catch_padded.jpg	photodiode	0
3707.404	0.0	3707404	response	6	n/a	n/a	trigger	0
3709.11	0.5	3709110	trained	32757	10	memtrain/o_111_2.jpg	photodiode	1
3709.911	0.5	3709911	untrained	32672	95	memtrain/so_125_1.jpg	photodiode	1
3710.712	0.5	3710712	untrained	32676	91	memtrain/o_605_1.jpg	photodiode	1
3711.663	0.5	3711663	untrained	32719	48	memtrain/o_019_2.jpg	photodiode	1
3712.563	0.5	3712563	trained	32764	3	memtrain/o_040_2.jpg	photodiode	1
3713.414	0.5	3713414	catch	32671	n/a	catch_padded.jpg	photodiode	0
3714.027	0.0	3714027	response	6	n/a	n/a	trigger	0
3715.466	0.5	3715466	untrained	32678	89	memtrain/o_469_1.jpg	photodiode	1
3716.267	0.5	3716267	untrained	32683	84	memtrain/so_117_2.jpg	photodiode	1
3717.117	0.5	3717117	untrained	32694	73	memtrain/o_519_2.jpg	photodiode	1
3717.968	0.5	3717968	untrained	32715	52	memtrain/o_141_1.jpg	photodiode	1
3718.719	0.5	3718719	untrained	32717	50	memtrain/o_057_2.jpg	photodiode	1
3719.519	0.5	3719519	catch	32671	n/a	catch_padded.jpg	photodiode	0
3719.893	0.0	3719893	response	6	n/a	n/a	trigger	0
3721.621	0.5	3721621	untrained	32675	92	memtrain/so_033_1.jpg	photodiode	1
3722.422	0.5	3722422	untrained	32695	72	memtrain/o_490_1.jpg	photodiode	1
3723.373	0.5	3723373	untrained	32686	81	memtrain/o_655_2.jpg	photodiode	1
3724.123	0.5	3724123	trained	32753	14	memtrain/o_174_1.jpg	photodiode	1
3725.066	0.5	3725066	trained	32754	13	memtrain/o_136_1.jpg	photodiode	1
3725.925	0.5	3725925	catch	32671	n/a	catch_padded.jpg	photodiode	0
3726.233	0.0	3726233	response	6	n/a	n/a	trigger	0
3727.926	0.5	3727926	untrained	32708	59	memtrain/o_201_2.jpg	photodiode	1
3728.669	0.5	3728669	trained	32762	5	memtrain/o_067_1.jpg	photodiode	1
3729.469	0.5	3729469	untrained	32701	66	memtrain/o_342_2.jpg	photodiode	1
3730.378	0.5	3730378	catch	32671	n/a	catch_padded.jpg	photodiode	0
3730.729	0.0	3730729	response	6	n/a	n/a	trigger	0
3732.322	0.5	3732322	trained	32763	4	memtrain/o_042_1.jpg	photodiode	1
3733.273	0.5	3733273	untrained	32702	65	memtrain/o_337_2.jpg	photodiode	1
3734.223	0.5	3734223	untrained	32699	68	memtrain/o_393_1.jpg	photodiode	1
3734.974	0.5	3734974	catch	32671	n/a	catch_padded.jpg	photodiode	0
3735.374	0.0	3735374	response	6	n/a	n/a	trigger	0
3736.976	0.5	3736976	untrained	32698	69	memtrain/o_464_2.jpg	photodiode	1
3737.776	0.5	3737776	untrained	32682	85	memtrain/o_218_1.jpg	photodiode	1
3738.727	0.5	3738727	trained	32747	20	memtrain/o_290_1.jpg	photodiode	1
3739.578	0.5	3739578	untrained	32684	83	memtrain/so_105_1.jpg	photodiode	1
3740.429	0.5	3740429	untrained	32685	82	memtrain/o_656_1.jpg	photodiode	1
3741.279	0.5	3741279	catch	32671	n/a	catch_padded.jpg	photodiode	0
3741.708	0.0	3741708	response	6	n/a	n/a	trigger	0
3743.381	0.5	3743381	untrained	32687	80	memtrain/o_613_1.jpg	photodiode	1
3744.332	0.5	3744332	trained	32758	9	memtrain/o_101_2.jpg	photodiode	1
3745.233	0.5	3745233	untrained	32677	90	memtrain/o_580_1.jpg	photodiode	1
3746.033	0.5	3746033	trained	32742	25	memtrain/o_358_2.jpg	photodiode	1
3746.984	0.5	3746984	untrained	32688	79	memtrain/o_600_1.jpg	photodiode	1
3747.785	0.5	3747785	catch	32671	n/a	catch_padded.jpg	photodiode	0
3748.166	0.0	3748166	response	6	n/a	n/a	trigger	0
3749.686	0.5	3749686	untrained	32710	57	memtrain/o_171_1.jpg	photodiode	1
3750.487	0.5	3750487	trained	32725	42	memtrain/so_034_2.jpg	photodiode	1
3751.238	0.5	3751238	trained	32740	27	memtrain/o_379_2.jpg	photodiode	1
3752.139	0.5	3752139	trained	32721	46	memtrain/so_113_1.jpg	photodiode	1
3753.089	0.5	3753089	trained	32750	17	memtrain/o_232_1.jpg	photodiode	1
3753.99	0.5	3753990	catch	32671	n/a	catch_padded.jpg	photodiode	0
3754.323	0.0	3754323	response	6	n/a	n/a	trigger	0
3755.942	0.5	3755942	untrained	32697	70	memtrain/o_471_2.jpg	photodiode	1
3756.893	0.5	3756893	untrained	32700	67	memtrain/o_378_1.jpg	photodiode	1
3757.743	0.5	3757743	untrained	32704	63	memtrain/o_310_2.jpg	photodiode	1
3758.694	0.5	3758694	trained	32727	40	memtrain/o_648_2.jpg	photodiode	1
3759.587	0.5	3759587	trained	32724	43	memtrain/so_043_2.jpg	photodiode	1
3760.437	0.5	3760437	catch	32671	n/a	catch_padded.jpg	photodiode	0
3761.072	0.0	3761072	response	6	n/a	n/a	trigger	0
3762.397	0.5	3762397	untrained	32707	60	memtrain/o_228_2.jpg	photodiode	1
3763.34	0.5	3763340	untrained	32673	94	memtrain/so_067_1.jpg	photodiode	1
3764.14	0.5	3764140	untrained	32713	54	memtrain/o_145_1.jpg	photodiode	1
3764.941	0.5	3764941	trained	32755	12	memtrain/o_127_2.jpg	photodiode	1
3765.742	0.5	3765742	trained	32734	33	memtrain/o_536_1.jpg	photodiode	1
3766.542	0.5	3766542	catch	32671	n/a	catch_padded.jpg	photodiode	0
3767.02	0.0	3767020	response	6	n/a	n/a	trigger	0
3768.594	0.5	3768594	trained	32722	45	memtrain/so_090_2.jpg	photodiode	1
3769.345	0.5	3769345	untrained	32706	61	memtrain/o_298_2.jpg	photodiode	1
3770.296	0.5	3770296	trained	32756	11	memtrain/o_117_2.jpg	photodiode	1
3771.096	0.5	3771096	trained	32720	47	memtrain/so_147_2.jpg	photodiode	1
3771.393	0.0	3771393	response	6	n/a	n/a	trigger	0
3771.847	0.5	3771847	trained	32761	6	memtrain/o_076_1.jpg	photodiode	1
3772.748	0.5	3772748	catch	32671	n/a	catch_padded.jpg	photodiode	0
3774.649	0.5	3774649	untrained	32679	88	memtrain/o_458_1.jpg	photodiode	1
3775.45	0.5	3775450	trained	32732	35	memtrain/o_561_2.jpg	photodiode	1
3776.351	0.5	3776351	untrained	32696	71	memtrain/o_483_1.jpg	photodiode	1
3777.101	0.5	3777101	untrained	32716	51	memtrain/o_103_2.jpg	photodiode	1
3778.052	0.5	3778052	catch	32671	n/a	catch_padded.jpg	photodiode	0
3778.301	0.0	3778301	response	6	n/a	n/a	trigger	0
3780.104	0.5	3780104	trained	32733	34	memtrain/o_558_2.jpg	photodiode	1
3781.005	0.5	3781005	trained	32737	30	memtrain/o_437_2.jpg	photodiode	1
3781.956	0.5	3781956	untrained	32674	93	memtrain/so_035_1.jpg	photodiode	1
3782.806	0.5	3782806	catch	32671	n/a	catch_padded.jpg	photodiode	0
3783.248	0.0	3783248	response	6	n/a	n/a	trigger	0
3784.908	0.5	3784908	trained	32752	15	memtrain/o_195_1.jpg	photodiode	1
3785.759	0.5	3785759	trained	32746	21	memtrain/o_319_1.jpg	photodiode	1
3786.71	0.5	3786710	trained	32723	44	memtrain/so_045_1.jpg	photodiode	1
3787.51	0.5	3787510	trained	32739	28	memtrain/o_397_1.jpg	photodiode	1
3788.453	0.5	3788453	catch	32671	n/a	catch_padded.jpg	photodiode	0
3788.756	0.0	3788756	response	6	n/a	n/a	trigger	0
3790.463	0.5	3790463	trained	32731	36	memtrain/o_583_1.jpg	photodiode	1
3791.255	0.5	3791255	untrained	32693	74	memtrain/o_550_1.jpg	photodiode	1
3792.156	0.5	3792156	untrained	32681	86	memtrain/o_288_1.jpg	photodiode	1
3793.057	0.5	3793057	catch	32671	n/a	catch_padded.jpg	photodiode	0
3793.385	0.0	3793385	response	6	n/a	n/a	trigger	0
3795.008	0.5	3795008	trained	32759	8	memtrain/o_094_1.jpg	photodiode	1
3795.759	0.5	3795759	trained	32728	39	memtrain/o_606_1.jpg	photodiode	1
3796.509	0.5	3796509	trained	32730	37	memtrain/o_597_1.jpg	photodiode	1
3797.36	0.5	3797360	untrained	32680	87	memtrain/o_365_1.jpg	photodiode	1
3798.211	0.5	3798211	catch	32671	n/a	catch_padded.jpg	photodiode	0
3798.573	0.0	3798573	response	6	n/a	n/a	trigger	0
3804.69	0.0	3804690	block_end	120	n/a	n/a	trigger	0
3822.031	0.0	3822031	response	6	n/a	n/a	trigger	0
3822.037	0.0	3822037	block_onset	112	n/a	n/a	trigger	0
3824.091	0.5	3824091	trained	32745	22	memtrain/o_321_1.jpg	photodiode	1
3824.992	0.5	3824992	trained	32738	29	memtrain/o_416_1.jpg	photodiode	1
3825.793	0.5	3825793	trained	32762	5	memtrain/o_067_1.jpg	photodiode	1
3826.693	0.5	3826693	trained	32734	33	memtrain/o_536_1.jpg	photodiode	1
3827.444	0.5	3827444	catch	32671	n/a	catch_padded.jpg	photodiode	0
3827.944	0.0	3827944	response	6	n/a	n/a	trigger	0
3829.546	0.5	3829546	trained	32725	42	memtrain/so_034_2.jpg	photodiode	1
3830.397	0.5	3830397	untrained	32681	86	memtrain/o_288_1.jpg	photodiode	1
3831.189	0.5	3831189	trained	32759	8	memtrain/o_094_1.jpg	photodiode	1
3832.148	0.5	3832148	trained	32721	46	memtrain/so_113_1.jpg	photodiode	1
3833.04	0.5	3833040	trained	32754	13	memtrain/o_136_1.jpg	photodiode	1
3833.841	0.5	3833841	catch	32671	n/a	catch_padded.jpg	photodiode	0
3834.147	0.0	3834147	response	6	n/a	n/a	trigger	0
3835.893	0.5	3835893	trained	32765	2	memtrain/o_035_1.jpg	photodiode	1
3836.744	0.5	3836744	untrained	32700	67	memtrain/o_378_1.jpg	photodiode	1
3837.703	0.5	3837703	untrained	32677	90	memtrain/o_580_1.jpg	photodiode	1
3838.595	0.5	3838595	catch	32671	n/a	catch_padded.jpg	photodiode	0
3839.047	0.0	3839047	response	6	n/a	n/a	trigger	0
3840.497	0.5	3840497	trained	32746	21	memtrain/o_319_1.jpg	photodiode	1
3841.247	0.5	3841247	trained	32748	19	memtrain/o_284_2.jpg	photodiode	1
3842.098	0.5	3842098	trained	32749	18	memtrain/o_264_2.jpg	photodiode	1
3842.899	0.5	3842899	catch	32671	n/a	catch_padded.jpg	photodiode	0
3843.274	0.0	3843274	response	6	n/a	n/a	trigger	0
3845.001	0.5	3845001	trained	32747	20	memtrain/o_290_1.jpg	photodiode	1
3845.751	0.5	3845751	untrained	32679	88	memtrain/o_458_1.jpg	photodiode	1
3846.502	0.5	3846502	untrained	32674	93	memtrain/so_035_1.jpg	photodiode	1
3847.403	0.5	3847403	untrained	32687	80	memtrain/o_613_1.jpg	photodiode	1
3848.153	0.5	3848153	trained	32735	32	memtrain/o_485_2.jpg	photodiode	1
3849.104	0.5	3849104	catch	32671	n/a	catch_padded.jpg	photodiode	0
3849.588	0.0	3849588	response	6	n/a	n/a	trigger	0
3851.056	0.5	3851056	untrained	32680	87	memtrain/o_365_1.jpg	photodiode	1
3851.906	0.5	3851906	untrained	32686	81	memtrain/o_655_2.jpg	photodiode	1
3852.757	0.5	3852757	untrained	32673	94	memtrain/so_067_1.jpg	photodiode	1
3853.558	0.5	3853558	untrained	32696	71	memtrain/o_483_1.jpg	photodiode	1
3854.509	0.5	3854509	catch	32671	n/a	catch_padded.jpg	photodiode	0
3854.93	0.0	3854930	response	6	n/a	n/a	trigger	0
3856.61	0.5	3856610	untrained	32706	61	memtrain/o_298_2.jpg	photodiode	1
3857.461	0.5	3857461	untrained	32719	48	memtrain/o_019_2.jpg	photodiode	1
3858.262	0.5	3858262	trained	32760	7	memtrain/o_091_2.jpg	photodiode	1
3859.163	0.5	3859163	untrained	32714	53	memtrain/o_142_2.jpg	photodiode	1
3860.013	0.5	3860013	catch	32671	n/a	catch_padded.jpg	photodiode	0
3860.326	0.0	3860326	response	6	n/a	n/a	trigger	0
3861.915	0.5	3861915	untrained	32672	95	memtrain/so_125_1.jpg	photodiode	1
3862.807	0.5	3862807	untrained	32703	64	memtrain/o_334_2.jpg	photodiode	1
3863.666	0.5	3863666	trained	32720	47	memtrain/so_147_2.jpg	photodiode	1
3864.459	0.5	3864459	catch	32671	n/a	catch_padded.jpg	photodiode	0
3864.896	0.0	3864896	response	6	n/a	n/a	trigger	0
3866.469	0.5	3866469	trained	32723	44	memtrain/so_045_1.jpg	photodiode	1
3867.411	0.5	3867411	trained	32750	17	memtrain/o_232_1.jpg	photodiode	1
3868.362	0.5	3868362	trained	32753	14	memtrain/o_174_1.jpg	photodiode	1
3869.313	0.5	3869313	trained	32752	15	memtrain/o_195_1.jpg	photodiode	1
3870.164	0.5	3870164	catch	32671	n/a	catch_padded.jpg	photodiode	0
3870.513	0.0	3870513	response	6	n/a	n/a	trigger	0
3872.165	0.5	3872165	untrained	32715	52	memtrain/o_141_1.jpg	photodiode	1
3872.966	0.5	3872966	untrained	32694	73	memtrain/o_519_2.jpg	photodiode	1
3873.817	0.5	3873817	untrained	32698	69	memtrain/o_464_2.jpg	photodiode	1
3874.718	0.5	3874718	catch	32671	n/a	catch_padded.jpg	photodiode	0
3875.318	0.0	3875318	response	6	n/a	n/a	trigger	0
3876.819	0.5	3876819	untrained	32711	56	memtrain/o_163_2.jpg	photodiode	1
3877.57	0.5	3877570	trained	32766	1	memtrain/o_015_1.jpg	photodiode	1
3878.471	0.5	3878471	trained	32757	10	memtrain/o_111_2.jpg	photodiode	1
3879.221	0.5	3879221	untrained	32683	84	memtrain/so_117_2.jpg	photodiode	1
3879.972	0.5	3879972	trained	32736	31	memtrain/o_465_2.jpg	photodiode	1
3880.773	0.5	3880773	catch	32671	n/a	catch_padded.jpg	photodiode	0
3881.12	0.0	3881120	response	6	n/a	n/a	trigger	0
3882.674	0.5	3882674	trained	32729	38	memtrain/o_603_1.jpg	photodiode	1
3883.525	0.5	3883525	untrained	32678	89	memtrain/o_469_1.jpg	photodiode	1
3884.326	0.5	3884326	untrained	32685	82	memtrain/o_656_1.jpg	photodiode	1
3885.076	0.5	3885076	trained	32767	0	memtrain/o_006_1.jpg	photodiode	1
3885.877	0.5	3885877	trained	32743	24	memtrain/o_357_1.jpg	photodiode	1
3886.828	0.5	3886828	catch	32671	n/a	catch_padded.jpg	photodiode	0
3887.154	0.0	3887154	response	6	n/a	n/a	trigger	0
3888.83	0.5	3888830	trained	32758	9	memtrain/o_101_2.jpg	photodiode	1
3889.73	0.5	3889730	trained	32731	36	memtrain/o_583_1.jpg	photodiode	1
3890.481	0.5	3890481	untrained	32718	49	memtrain/o_054_2.jpg	photodiode	1
3891.423	0.5	3891423	catch	32671	n/a	catch_padded.jpg	photodiode	0
3891.76	0.0	3891760	response	6	n/a	n/a	trigger	0
3893.433	0.5	3893433	trained	32742	25	memtrain/o_358_2.jpg	photodiode	1
3894.176	0.5	3894176	untrained	32717	50	memtrain/o_057_2.jpg	photodiode	1
3894.976	0.5	3894976	untrained	32709	58	memtrain/o_192_1.jpg	photodiode	1
3895.735	0.5	3895735	catch	32671	n/a	catch_padded.jpg	photodiode	0
3896.165	0.0	3896165	response	6	n/a	n/a	trigger	0
3897.829	0.5	3897829	untrained	32676	91	memtrain/o_605_1.jpg	photodiode	1
3898.679	0.5	3898679	untrained	32675	92	memtrain/so_033_1.jpg	photodiode	1
3899.43	0.5	3899430	untrained	32691	76	memtrain/o_570_1.jpg	photodiode	1
3900.381	0.5	3900381	untrained	32692	75	memtrain/o_564_1.jpg	photodiode	1
3901.282	0.5	3901282	trained	32727	40	memtrain/o_648_2.jpg	photodiode	1
3902.132	0.5	3902132	catch	32671	n/a	catch_padded.jpg	photodiode	0
3902.47	0.0	3902470	response	6	n/a	n/a	trigger	0
3904.034	0.5	3904034	trained	32722	45	memtrain/so_090_2.jpg	photodiode	1
3904.835	0.5	3904835	untrained	32688	79	memtrain/o_600_1.jpg	photodiode	1
3905.635	0.5	3905635	untrained	32699	68	memtrain/o_393_1.jpg	photodiode	1
3906.586	0.5	3906586	untrained	32690	77	memtrain/o_574_2.jpg	photodiode	1
3907.437	0.5	3907437	catch	32671	n/a	catch_padded.jpg	photodiode	0
3907.769	0.0	3907769	response	6	n/a	n/a	trigger	0
3909.489	0.5	3909489	trained	32756	11	memtrain/o_117_2.jpg	photodiode	1
3910.298	0.5	3910298	untrained	32704	63	memtrain/o_310_2.jpg	photodiode	1
3911.14	0.5	3911140	trained	32724	43	memtrain/so_043_2.jpg	photodiode	1
3912.041	0.5	3912041	trained	32739	28	memtrain/o_397_1.jpg	photodiode	1
3912.892	0.5	3912892	untrained	32705	62	memtrain/o_304_1.jpg	photodiode	1
3913.692	0.5	3913692	catch	32671	n/a	catch_padded.jpg	photodiode	0
3914.052	0.0	3914052	response	6	n/a	n/a	trigger	0
3915.794	0.5	3915794	untrained	32716	51	memtrain/o_103_2.jpg	photodiode	1
3916.545	0.5	3916545	trained	32764	3	memtrain/o_040_2.jpg	photodiode	1
3917.295	0.5	3917295	trained	32755	12	memtrain/o_127_2.jpg	photodiode	1
3918.196	0.5	3918196	catch	32671	n/a	catch_padded.jpg	photodiode	0
3918.622	0.0	3918622	response	6	n/a	n/a	trigger	0
3920.198	0.5	3920198	untrained	32702	65	memtrain/o_337_2.jpg	photodiode	1
3921.048	0.5	3921048	untrained	32707	60	memtrain/o_228_2.jpg	photodiode	1
3921.849	0.5	3921849	untrained	32708	59	memtrain/o_201_2.jpg	photodiode	1
3922.65	0.5	3922650	trained	32732	35	memtrain/o_561_2.jpg	photodiode	1
3923.442	0.5	3923442	catch	32671	n/a	catch_padded.jpg	photodiode	0
3923.829	0.0	3923829	response	6	n/a	n/a	trigger	0
3925.352	0.5	3925352	untrained	32682	85	memtrain/o_218_1.jpg	photodiode	1
3926.094	0.5	3926094	untrained	32693	74	memtrain/o_550_1.jpg	photodiode	1
3927.045	0.5	3927045	untrained	32712	55	memtrain/o_153_2.jpg	photodiode	1
3927.946	0.5	3927946	catch	32671	n/a	catch_padded.jpg	photodiode	0
3928.289	0.0	3928289	response	6	n/a	n/a	trigger	0
3929.848	0.5	3929848	trained	32763	4	memtrain/o_042_1.jpg	photodiode	1
3930.798	0.5	3930798	trained	32741	26	memtrain/o_376_1.jpg	photodiode	1
3931.649	0.5	3931649	trained	32733	34	memtrain/o_558_2.jpg	photodiode	1
3932.45	0.5	3932450	trained	32730	37	memtrain/o_597_1.jpg	photodiode	1
3933.351	0.5	3933351	catch	32671	n/a	catch_padded.jpg	photodiode	0
3933.784	0.0	3933784	response	6	n/a	n/a	trigger	0
3935.352	0.5	3935352	untrained	32701	66	memtrain/o_342_2.jpg	photodiode	1
3936.303	0.5	3936303	untrained	32695	72	memtrain/o_490_1.jpg	photodiode	1
3937.054	0.5	3937054	untrained	32713	54	memtrain/o_145_1.jpg	photodiode	1
3937.854	0.5	3937854	untrained	32684	83	memtrain/so_105_1.jpg	photodiode	1
3938.755	0.5	3938755	trained	32751	16	memtrain/o_199_2.jpg	photodiode	1
3939.506	0.5	3939506	catch	32671	n/a	catch_padded.jpg	photodiode	0
3939.827	0.0	3939827	response	6	n/a	n/a	trigger	0
3941.407	0.5	3941407	untrained	32689	78	memtrain/o_599_1.jpg	photodiode	1
3942.208	0.5	3942208	trained	32726	41	memtrain/o_663_2.jpg	photodiode	1
3943.059	0.5	3943059	trained	32744	23	memtrain/o_338_2.jpg	photodiode	1
3943.96	0.5	3943960	trained	32737	30	memtrain/o_437_2.jpg	photodiode	1
3944.91	0.5	3944910	catch	32671	n/a	catch_padded.jpg	photodiode	0
3945.215	0.0	3945215	response	6	n/a	n/a	trigger	0
3946.912	0.5	3946912	trained	32728	39	memtrain/o_606_1.jpg	photodiode	1
3947.713	0.5	3947713	trained	32761	6	memtrain/o_076_1.jpg	photodiode	1
3948.563	0.5	3948563	trained	32740	27	memtrain/o_379_2.jpg	photodiode	1
3949.506	0.5	3949506	catch	32671	n/a	catch_padded.jpg	photodiode	0
3949.876	0.0	3949876	response	6	n/a	n/a	trigger	0
3951.466	0.5	3951466	untrained	32710	57	memtrain/o_171_1.jpg	photodiode	1
3952.358	0.5	3952358	untrained	32697	70	memtrain/o_471_2.jpg	photodiode	1
3953.159	0.5	3953159	trained	32726	41	memtrain/o_663_2.jpg	photodiode	1
3953.96	0.5	3953960	trained	32760	7	memtrain/o_091_2.jpg	photodiode	1
3954.86	0.5	3954860	trained	32729	38	memtrain/o_603_1.jpg	photodiode	1
3955.67	0.5	3955670	catch	32671	n/a	catch_padded.jpg	photodiode	0
3956.005	0.0	3956005	response	6	n/a	n/a	trigger	0
3957.713	0.5	3957713	untrained	32718	49	memtrain/o_054_2.jpg	photodiode	1
3958.664	0.5	3958664	untrained	32715	52	memtrain/o_141_1.jpg	photodiode	1
3959.464	0.5	3959464	trained	32764	3	memtrain/o_040_2.jpg	photodiode	1
3960.315	0.5	3960315	untrained	32684	83	memtrain/so_105_1.jpg	photodiode	1
3961.216	0.5	3961216	catch	32671	n/a	catch_padded.jpg	photodiode	0
3961.606	0.0	3961606	response	6	n/a	n/a	trigger	0
3963.167	0.5	3963167	untrained	32683	84	memtrain/so_117_2.jpg	photodiode	1
3964.118	0.5	3964118	trained	32758	9	memtrain/o_101_2.jpg	photodiode	1
3965.019	0.5	3965019	untrained	32705	62	memtrain/o_304_1.jpg	photodiode	1
3965.77	0.5	3965770	untrained	32704	63	memtrain/o_310_2.jpg	photodiode	1
3966.72	0.5	3966720	catch	32671	n/a	catch_padded.jpg	photodiode	0
3967.109	0.0	3967109	response	6	n/a	n/a	trigger	0
3968.822	0.5	3968822	trained	32757	10	memtrain/o_111_2.jpg	photodiode	1
3969.573	0.5	3969573	trained	32753	14	memtrain/o_174_1.jpg	photodiode	1
3970.524	0.5	3970524	untrained	32703	64	memtrain/o_334_2.jpg	photodiode	1
3971.324	0.5	3971324	trained	32762	5	memtrain/o_067_1.jpg	photodiode	1
3972.075	0.5	3972075	catch	32671	n/a	catch_padded.jpg	photodiode	0
3972.444	0.0	3972444	response	6	n/a	n/a	trigger	0
3973.977	0.5	3973977	untrained	32697	70	memtrain/o_471_2.jpg	photodiode	1
3974.777	0.5	3974777	trained	32723	44	memtrain/so_045_1.jpg	photodiode	1
3975.678	0.5	3975678	untrained	32678	89	memtrain/o_469_1.jpg	photodiode	1
3976.629	0.5	3976629	trained	32744	23	memtrain/o_338_2.jpg	photodiode	1
3977.38	0.5	3977380	catch	32671	n/a	catch_padded.jpg	photodiode	0
3977.706	0.0	3977706	response	6	n/a	n/a	trigger	0
3979.431	0.5	3979431	trained	32731	36	memtrain/o_583_1.jpg	photodiode	1
3980.324	0.5	3980324	untrained	32702	65	memtrain/o_337_2.jpg	photodiode	1
3981.083	0.5	3981083	untrained	32711	56	memtrain/o_163_2.jpg	photodiode	1
3981.875	0.5	3981875	untrained	32719	48	memtrain/o_019_2.jpg	photodiode	1
3982.784	0.5	3982784	untrained	32698	69	memtrain/o_464_2.jpg	photodiode	1
3983.685	0.5	3983685	catch	32671	n/a	catch_padded.jpg	photodiode	0
3984.216	0.0	3984216	response	6	n/a	n/a	trigger	0
3985.687	0.5	3985687	trained	32754	13	memtrain/o_136_1.jpg	photodiode	1
3986.579	0.5	3986579	trained	32743	24	memtrain/o_357_1.jpg	photodiode	1
3987.43	0.5	3987430	untrained	32693	74	memtrain/o_550_1.jpg	photodiode	1
3988.28	0.5	3988280	untrained	32685	82	memtrain/o_656_1.jpg	photodiode	1
3989.231	0.5	3989231	untrained	32712	55	memtrain/o_153_2.jpg	photodiode	1
3990.082	0.5	3990082	catch	32671	n/a	catch_padded.jpg	photodiode	0
3990.427	0.0	3990427	response	6	n/a	n/a	trigger	0
3992.034	0.5	3992034	untrained	32691	76	memtrain/o_570_1.jpg	photodiode	1
3992.784	0.5	3992784	trained	32751	16	memtrain/o_199_2.jpg	photodiode	1
3993.685	0.5	3993685	untrained	32686	81	memtrain/o_655_2.jpg	photodiode	1
3994.436	0.5	3994436	catch	32671	n/a	catch_padded.jpg	photodiode	0
3994.863	0.0	3994863	response	6	n/a	n/a	trigger	0
3996.487	0.5	3996487	trained	32724	43	memtrain/so_043_2.jpg	photodiode	1
3997.288	0.5	3997288	untrained	32677	90	memtrain/o_580_1.jpg	photodiode	1
3998.039	0.5	3998039	trained	32761	6	memtrain/o_076_1.jpg	photodiode	1
3998.789	0.5	3998789	untrained	32682	85	memtrain/o_218_1.jpg	photodiode	1
3999.64	0.5	3999640	trained	32725	42	memtrain/so_034_2.jpg	photodiode	1
4000.591	0.5	4000591	catch	32671	n/a	catch_padded.jpg	photodiode	0
4000.996	0.0	4000996	response	6	n/a	n/a	trigger	0
4002.593	0.5	4002593	trained	32730	37	memtrain/o_597_1.jpg	photodiode	1
4003.393	0.5	4003393	untrained	32690	77	memtrain/o_574_2.jpg	photodiode	1
4004.294	0.5	4004294	trained	32735	32	memtrain/o_485_2.jpg	photodiode	1
4005.245	0.5	4005245	trained	32765	2	memtrain/o_035_1.jpg	photodiode	1
4005.996	0.5	4005996	trained	32742	25	memtrain/o_358_2.jpg	photodiode	1
4006.896	0.5	4006896	catch	32671	n/a	catch_padded.jpg	photodiode	0
4007.337	0.0	4007337	response	6	n/a	n/a	trigger	0
4008.848	0.5	4008848	trained	32741	26	memtrain/o_376_1.jpg	photodiode	1
4009.799	0.5	4009799	trained	32756	11	memtrain/o_117_2.jpg	photodiode	1
4010.641	0.5	4010641	untrained	32674	93	memtrain/so_035_1.jpg	photodiode	1
4011.492	0.5	4011492	catch	32671	n/a	catch_padded.jpg	photodiode	0
4011.889	0.0	4011889	response	6	n/a	n/a	trigger	0
4013.402	0.5	4013402	untrained	32706	61	memtrain/o_298_2.jpg	photodiode	1
4014.344	0.5	4014344	trained	32728	39	memtrain/o_606_1.jpg	photodiode	1
4015.245	0.5	4015245	trained	32755	12	memtrain/o_127_2.jpg	photodiode	1
4015.996	0.5	4015996	untrained	32694	73	memtrain/o_519_2.jpg	photodiode	1
4016.896	0.5	4016896	catch	32671	n/a	catch_padded.jpg	photodiode	0
4017.239	0.0	4017239	response	6	n/a	n/a	trigger	0
4018.848	0.5	4018848	trained	32722	45	memtrain/so_090_2.jpg	photodiode	1
4019.799	0.5	4019799	trained	32748	19	memtrain/o_284_2.jpg	photodiode	1
4020.75	0.5	4020750	trained	32763	4	memtrain/o_042_1.jpg	photodiode	1
4021.6	0.5	4021600	trained	32737	30	memtrain/o_437_2.jpg	photodiode	1
4022.551	0.5	4022551	trained	32734	33	memtrain/o_536_1.jpg	photodiode	1
4023.402	0.5	4023402	catch	32671	n/a	catch_padded.jpg	photodiode	0
4023.71	0.0	4023710	response	6	n/a	n/a	trigger	0
4025.504	0.5	4025504	untrained	32681	86	memtrain/o_288_1.jpg	photodiode	1
4026.454	0.5	4026454	trained	32746	21	memtrain/o_319_1.jpg	photodiode	1
4027.355	0.5	4027355	untrained	32707	60	memtrain/o_228_2.jpg	photodiode	1
4028.306	0.5	4028306	catch	32671	n/a	catch_padded.jpg	photodiode	0
4028.75	0.0	4028750	response	6	n/a	n/a	trigger	0
4030.308	0.5	4030308	untrained	32717	50	memtrain/o_057_2.jpg	photodiode	1
4031.058	0.5	4031058	untrained	32676	91	memtrain/o_605_1.jpg	photodiode	1
4032.009	0.5	4032009	untrained	32714	53	memtrain/o_142_2.jpg	photodiode	1
4032.86	0.5	4032860	catch	32671	n/a	catch_padded.jpg	photodiode	0
4033.205	0.0	4033205	response	6	n/a	n/a	trigger	0
4034.812	0.5	4034812	untrained	32708	59	memtrain/o_201_2.jpg	photodiode	1
4035.712	0.5	4035712	untrained	32716	51	memtrain/o_103_2.jpg	photodiode	1
4036.513	0.5	4036513	untrained	32700	67	memtrain/o_378_1.jpg	photodiode	1
4037.264	0.5	4037264	catch	32671	n/a	catch_padded.jpg	photodiode	0
4037.638	0.0	4037638	response	6	n/a	n/a	trigger	0
4039.265	0.5	4039265	trained	32759	8	memtrain/o_094_1.jpg	photodiode	1
4040.166	0.5	4040166	trained	32739	28	memtrain/o_397_1.jpg	photodiode	1
4041.109	0.5	4041109	trained	32740	27	memtrain/o_379_2.jpg	photodiode	1
4042.059	0.5	4042059	untrained	32687	80	memtrain/o_613_1.jpg	photodiode	1
4042.91	0.5	4042910	untrained	32701	66	memtrain/o_342_2.jpg	photodiode	1
4043.861	0.5	4043861	catch	32671	n/a	catch_padded.jpg	photodiode	0
4044.218	0.0	4044218	response	6	n/a	n/a	trigger	0
4045.863	0.5	4045863	trained	32736	31	memtrain/o_465_2.jpg	photodiode	1
4046.663	0.5	4046663	untrained	32689	78	memtrain/o_599_1.jpg	photodiode	1
4047.564	0.5	4047564	trained	32732	35	memtrain/o_561_2.jpg	photodiode	1
4048.365	0.5	4048365	untrained	32710	57	memtrain/o_171_1.jpg	photodiode	1
4049.165	0.5	4049165	trained	32752	15	memtrain/o_195_1.jpg	photodiode	1
4049.916	0.5	4049916	catch	32671	n/a	catch_padded.jpg	photodiode	0
4050.311	0.0	4050311	response	6	n/a	n/a	trigger	0
4051.868	0.5	4051868	untrained	32675	92	memtrain/so_033_1.jpg	photodiode	1
4052.819	0.5	4052819	trained	32767	0	memtrain/o_006_1.jpg	photodiode	1
4053.669	0.5	4053669	trained	32733	34	memtrain/o_558_2.jpg	photodiode	1
4054.42	0.5	4054420	catch	32671	n/a	catch_padded.jpg	photodiode	0
4054.967	0.0	4054967	response	6	n/a	n/a	trigger	0
4056.522	0.5	4056522	trained	32727	40	memtrain/o_648_2.jpg	photodiode	1
4057.422	0.5	4057422	untrained	32709	58	memtrain/o_192_1.jpg	photodiode	1
4058.373	0.5	4058373	trained	32750	17	memtrain/o_232_1.jpg	photodiode	1
4059.274	0.5	4059274	catch	32671	n/a	catch_padded.jpg	photodiode	0
4059.642	0.0	4059642	response	6	n/a	n/a	trigger	0
4061.326	0.5	4061326	untrained	32673	94	memtrain/so_067_1.jpg	photodiode	1
4062.243	0.5	4062243	trained	32747	20	memtrain/o_290_1.jpg	photodiode	1
4063.077	0.5	4063077	trained	32745	22	memtrain/o_321_1.jpg	photodiode	1
4063.828	0.5	4063828	untrained	32696	71	memtrain/o_483_1.jpg	photodiode	1
4064.679	0.5	4064679	untrained	32692	75	memtrain/o_564_1.jpg	photodiode	1
4065.579	0.5	4065579	catch	32671	n/a	catch_padded.jpg	photodiode	0
4065.948	0.0	4065948	response	6	n/a	n/a	trigger	0
4067.681	0.5	4067681	untrained	32695	72	memtrain/o_490_1.jpg	photodiode	1
4068.482	0.5	4068482	trained	32738	29	memtrain/o_416_1.jpg	photodiode	1
4069.224	0.5	4069224	trained	32720	47	memtrain/so_147_2.jpg	photodiode	1
4070.025	0.5	4070025	untrained	32699	68	memtrain/o_393_1.jpg	photodiode	1
4070.875	0.5	4070875	catch	32671	n/a	catch_padded.jpg	photodiode	0
4071.244	0.0	4071244	response	6	n/a	n/a	trigger	0
4072.986	0.5	4072986	trained	32766	1	memtrain/o_015_1.jpg	photodiode	1
4073.828	0.5	4073828	trained	32721	46	memtrain/so_113_1.jpg	photodiode	1
4074.629	0.5	4074629	untrained	32680	87	memtrain/o_365_1.jpg	photodiode	1
4075.379	0.5	4075379	trained	32749	18	memtrain/o_264_2.jpg	photodiode	1
4076.28	0.5	4076280	catch	32671	n/a	catch_padded.jpg	photodiode	0
4076.555	0.0	4076555	response	6	n/a	n/a	trigger	0
4078.182	0.5	4078182	untrained	32679	88	memtrain/o_458_1.jpg	photodiode	1
4078.932	0.5	4078932	untrained	32672	95	memtrain/so_125_1.jpg	photodiode	1
4079.683	0.5	4079683	untrained	32688	79	memtrain/o_600_1.jpg	photodiode	1
4080.584	0.5	4080584	untrained	32713	54	memtrain/o_145_1.jpg	photodiode	1
4081.384	0.5	4081384	catch	32671	n/a	catch_padded.jpg	photodiode	0
4081.715	0.0	4081715	response	6	n/a	n/a	trigger	0
4087.863	0.0	4087863	block_end	120	n/a	n/a	trigger	0
4123.12	0.0	4123120	response	6	n/a	n/a	trigger	0
4123.125	0.0	4123125	block_onset	113	n/a	n/a	trigger	0
4125.171	0.5	4125171	trained	32725	42	memtrain/so_034_2.jpg	photodiode	1
4125.931	0.5	4125931	untrained	32683	84	memtrain/so_117_2.jpg	photodiode	1
4126.881	0.5	4126881	trained	32728	39	memtrain/o_606_1.jpg	photodiode	1
4127.782	0.5	4127782	trained	32730	37	memtrain/o_597_1.jpg	photodiode	1
4128.633	0.5	4128633	catch	32671	n/a	catch_padded.jpg	photodiode	0
4129.157	0.0	4129157	response	6	n/a	n/a	trigger	0
4130.534	0.5	4130534	trained	32745	22	memtrain/o_321_1.jpg	photodiode	1
4131.485	0.5	4131485	untrained	32715	52	memtrain/o_141_1.jpg	photodiode	1
4132.286	0.5	4132286	untrained	32712	55	memtrain/o_153_2.jpg	photodiode	1
4133.237	0.5	4133237	trained	32763	4	memtrain/o_042_1.jpg	photodiode	1
4134.029	0.5	4134029	catch	32671	n/a	catch_padded.jpg	photodiode	0
4134.349	0.0	4134349	response	6	n/a	n/a	trigger	0
4136.139	0.5	4136139	trained	32750	17	memtrain/o_232_1.jpg	photodiode	1
4136.981	0.5	4136981	untrained	32693	74	memtrain/o_550_1.jpg	photodiode	1
4137.932	0.5	4137932	untrained	32710	57	memtrain/o_171_1.jpg	photodiode	1
4138.833	0.5	4138833	catch	32671	n/a	catch_padded.jpg	photodiode	0
4139.319	0.0	4139319	response	6	n/a	n/a	trigger	0
4140.735	0.5	4140735	trained	32731	36	memtrain/o_583_1.jpg	photodiode	1
4141.635	0.5	4141635	trained	32744	23	memtrain/o_338_2.jpg	photodiode	1
4142.386	0.5	4142386	untrained	32705	62	memtrain/o_304_1.jpg	photodiode	1
4143.287	0.5	4143287	catch	32671	n/a	catch_padded.jpg	photodiode	0
4143.725	0.0	4143725	response	6	n/a	n/a	trigger	0
4145.389	0.5	4145389	trained	32720	47	memtrain/so_147_2.jpg	photodiode	1
4146.139	0.5	4146139	untrained	32681	86	memtrain/o_288_1.jpg	photodiode	1
4147.09	0.5	4147090	trained	32743	24	memtrain/o_357_1.jpg	photodiode	1
4147.991	0.5	4147991	trained	32748	19	memtrain/o_284_2.jpg	photodiode	1
4148.892	0.5	4148892	trained	32737	30	memtrain/o_437_2.jpg	photodiode	1
4149.792	0.5	4149792	catch	32671	n/a	catch_padded.jpg	photodiode	0
4150.174	0.0	4150174	response	6	n/a	n/a	trigger	0
4151.844	0.5	4151844	untrained	32687	80	memtrain/o_613_1.jpg	photodiode	1
4152.745	0.5	4152745	untrained	32698	69	memtrain/o_464_2.jpg	photodiode	1
4153.696	0.5	4153696	trained	32767	0	memtrain/o_006_1.jpg	photodiode	1
4154.496	0.5	4154496	catch	32671	n/a	catch_padded.jpg	photodiode	0
4154.848	0.0	4154848	response	6	n/a	n/a	trigger	0
4156.448	0.5	4156448	untrained	32714	53	memtrain/o_142_2.jpg	photodiode	1
4157.199	0.5	4157199	untrained	32696	71	memtrain/o_483_1.jpg	photodiode	1
4157.999	0.5	4157999	trained	32736	31	memtrain/o_465_2.jpg	photodiode	1
4158.9	0.5	4158900	catch	32671	n/a	catch_padded.jpg	photodiode	0
4159.194	0.0	4159194	response	6	n/a	n/a	trigger	0
4160.852	0.5	4160852	untrained	32700	67	memtrain/o_378_1.jpg	photodiode	1
4161.702	0.5	4161702	untrained	32694	73	memtrain/o_519_2.jpg	photodiode	1
4162.503	0.5	4162503	trained	32739	28	memtrain/o_397_1.jpg	photodiode	1
4163.304	0.5	4163304	trained	32751	16	memtrain/o_199_2.jpg	photodiode	1
4164.146	0.5	4164146	trained	32746	21	memtrain/o_319_1.jpg	photodiode	1
4165.005	0.5	4165005	catch	32671	n/a	catch_padded.jpg	photodiode	0
4165.324	0.0	4165324	response	6	n/a	n/a	trigger	0
4167.099	0.5	4167099	trained	32756	11	memtrain/o_117_2.jpg	photodiode	1
4168.05	0.5	4168050	trained	32747	20	memtrain/o_290_1.jpg	photodiode	1
4168.85	0.5	4168850	untrained	32703	64	memtrain/o_334_2.jpg	photodiode	1
4169.801	0.5	4169801	untrained	32708	59	memtrain/o_201_2.jpg	photodiode	1
4170.702	0.5	4170702	catch	32671	n/a	catch_padded.jpg	photodiode	0
4171.011	0.0	4171011	response	6	n/a	n/a	trigger	0
4172.754	0.5	4172754	trained	32726	41	memtrain/o_663_2.jpg	photodiode	1
4173.504	0.5	4173504	untrained	32711	56	memtrain/o_163_2.jpg	photodiode	1
4174.355	0.5	4174355	untrained	32690	77	memtrain/o_574_2.jpg	photodiode	1
4175.306	0.5	4175306	untrained	32677	90	memtrain/o_580_1.jpg	photodiode	1
4176.056	0.5	4176056	catch	32671	n/a	catch_padded.jpg	photodiode	0
4176.376	0.0	4176376	response	6	n/a	n/a	trigger	0
4178.158	0.5	4178158	untrained	32704	63	memtrain/o_310_2.jpg	photodiode	1
4179.009	0.5	4179009	untrained	32676	91	memtrain/o_605_1.jpg	photodiode	1
4179.81	0.5	4179810	untrained	32706	61	memtrain/o_298_2.jpg	photodiode	1
4180.71	0.5	4180710	untrained	32719	48	memtrain/o_019_2.jpg	photodiode	1
4181.511	0.5	4181511	catch	32671	n/a	catch_padded.jpg	photodiode	0
4182.019	0.0	4182019	response	6	n/a	n/a	trigger	0
4183.613	0.5	4183613	trained	32758	9	memtrain/o_101_2.jpg	photodiode	1
4184.363	0.5	4184363	untrained	32699	68	memtrain/o_393_1.jpg	photodiode	1
4185.214	0.5	4185214	untrained	32686	81	memtrain/o_655_2.jpg	photodiode	1
4186.165	0.5	4186165	trained	32732	35	memtrain/o_561_2.jpg	photodiode	1
4187.066	0.5	4187066	catch	32671	n/a	catch_padded.jpg	photodiode	0
4187.598	0.0	4187598	response	6	n/a	n/a	trigger	0
4188.967	0.5	4188967	trained	32757	10	memtrain/o_111_2.jpg	photodiode	1
4189.768	0.5	4189768	trained	32752	15	memtrain/o_195_1.jpg	photodiode	1
4190.719	0.5	4190719	untrained	32682	85	memtrain/o_218_1.jpg	photodiode	1
4191.461	0.5	4191461	catch	32671	n/a	catch_padded.jpg	photodiode	0
4191.768	0.0	4191768	response	6	n/a	n/a	trigger	0
4193.471	0.5	4193471	untrained	32679	88	memtrain/o_458_1.jpg	photodiode	1
4194.414	0.5	4194414	untrained	32675	92	memtrain/so_033_1.jpg	photodiode	1
4195.214	0.5	4195214	untrained	32709	58	memtrain/o_192_1.jpg	photodiode	1
4195.965	0.5	4195965	untrained	32672	95	memtrain/so_125_1.jpg	photodiode	1
4196.916	0.5	4196916	catch	32671	n/a	catch_padded.jpg	photodiode	0
4197.169	0.0	4197169	response	6	n/a	n/a	trigger	0
4198.976	0.5	4198976	untrained	32680	87	memtrain/o_365_1.jpg	photodiode	1
4199.818	0.5	4199818	untrained	32692	75	memtrain/o_564_1.jpg	photodiode	1
4200.619	0.5	4200619	trained	32762	5	memtrain/o_067_1.jpg	photodiode	1
4201.52	0.5	4201520	catch	32671	n/a	catch_padded.jpg	photodiode	0
4201.867	0.0	4201867	response	6	n/a	n/a	trigger	0
4203.471	0.5	4203471	untrained	32688	79	memtrain/o_600_1.jpg	photodiode	1
4204.322	0.5	4204322	untrained	32717	50	memtrain/o_057_2.jpg	photodiode	1
4205.273	0.5	4205273	untrained	32691	76	memtrain/o_570_1.jpg	photodiode	1
4206.073	0.5	4206073	catch	32671	n/a	catch_padded.jpg	photodiode	0
4206.506	0.0	4206506	response	6	n/a	n/a	trigger	0
4208.184	0.5	4208184	untrained	32702	65	memtrain/o_337_2.jpg	photodiode	1
4208.976	0.5	4208976	trained	32765	2	memtrain/o_035_1.jpg	photodiode	1
4209.727	0.5	4209727	trained	32734	33	memtrain/o_536_1.jpg	photodiode	1
4210.477	0.5	4210477	untrained	32713	54	memtrain/o_145_1.jpg	photodiode	1
4211.378	0.5	4211378	trained	32724	43	memtrain/so_043_2.jpg	photodiode	1
4212.279	0.5	4212279	catch	32671	n/a	catch_padded.jpg	photodiode	0
4212.571	0.0	4212571	response	6	n/a	n/a	trigger	0
4214.23	0.5	4214230	untrained	32697	70	memtrain/o_471_2.jpg	photodiode	1
4215.181	0.5	4215181	trained	32749	18	memtrain/o_264_2.jpg	photodiode	1
4216.032	0.5	4216032	trained	32740	27	memtrain/o_379_2.jpg	photodiode	1
4216.833	0.5	4216833	catch	32671	n/a	catch_padded.jpg	photodiode	0
4217.145	0.0	4217145	response	6	n/a	n/a	trigger	0
4218.834	0.5	4218834	trained	32761	6	memtrain/o_076_1.jpg	photodiode	1
4219.735	0.5	4219735	trained	32753	14	memtrain/o_174_1.jpg	photodiode	1
4220.536	0.5	4220536	untrained	32701	66	memtrain/o_342_2.jpg	photodiode	1
4221.436	0.5	4221436	trained	32727	40	memtrain/o_648_2.jpg	photodiode	1
4222.287	0.5	4222287	catch	32671	n/a	catch_padded.jpg	photodiode	0
4222.599	0.0	4222599	response	6	n/a	n/a	trigger	0
4224.281	0.5	4224281	untrained	32718	49	memtrain/o_054_2.jpg	photodiode	1
4225.031	0.5	4225031	trained	32742	25	memtrain/o_358_2.jpg	photodiode	1
4225.832	0.5	4225832	untrained	32716	51	memtrain/o_103_2.jpg	photodiode	1
4226.783	0.5	4226783	trained	32741	26	memtrain/o_376_1.jpg	photodiode	1
4227.633	0.5	4227633	trained	32755	12	memtrain/o_127_2.jpg	photodiode	1
4228.484	0.5	4228484	catch	32671	n/a	catch_padded.jpg	photodiode	0
4228.753	0.0	4228753	response	6	n/a	n/a	trigger	0
4230.536	0.5	4230536	untrained	32707	60	memtrain/o_228_2.jpg	photodiode	1
4231.387	0.5	4231387	trained	32738	29	memtrain/o_416_1.jpg	photodiode	1
4232.337	0.5	4232337	untrained	32684	83	memtrain/so_105_1.jpg	photodiode	1
4233.088	0.5	4233088	trained	32723	44	memtrain/so_045_1.jpg	photodiode	1
4233.939	0.5	4233939	trained	32721	46	memtrain/so_113_1.jpg	photodiode	1
4234.689	0.5	4234689	catch	32671	n/a	catch_padded.jpg	photodiode	0
4235.069	0.0	4235069	response	6	n/a	n/a	trigger	0
4236.591	0.5	4236591	trained	32733	34	memtrain/o_558_2.jpg	photodiode	1
4237.392	0.5	4237392	untrained	32685	82	memtrain/o_656_1.jpg	photodiode	1
4238.242	0.5	4238242	trained	32759	8	memtrain/o_094_1.jpg	photodiode	1
4239.043	0.5	4239043	catch	32671	n/a	catch_padded.jpg	photodiode	0
4239.4	0.0	4239400	response	6	n/a	n/a	trigger	0
4241.095	0.5	4241095	trained	32729	38	memtrain/o_603_1.jpg	photodiode	1
4241.946	0.5	4241946	trained	32764	3	memtrain/o_040_2.jpg	photodiode	1
4242.696	0.5	4242696	untrained	32695	72	memtrain/o_490_1.jpg	photodiode	1
4243.647	0.5	4243647	catch	32671	n/a	catch_padded.jpg	photodiode	0
4243.94	0.0	4243940	response	6	n/a	n/a	trigger	0
4245.549	0.5	4245549	untrained	32673	94	memtrain/so_067_1.jpg	photodiode	1
4246.399	0.5	4246399	trained	32735	32	memtrain/o_485_2.jpg	photodiode	1
4247.35	0.5	4247350	untrained	32689	78	memtrain/o_599_1.jpg	photodiode	1
4248.101	0.5	4248101	trained	32754	13	memtrain/o_136_1.jpg	photodiode	1
4248.901	0.5	4248901	catch	32671	n/a	catch_padded.jpg	photodiode	0
4249.223	0.0	4249223	response	6	n/a	n/a	trigger	0
4250.903	0.5	4250903	untrained	32678	89	memtrain/o_469_1.jpg	photodiode	1
4251.804	0.5	4251804	trained	32766	1	memtrain/o_015_1.jpg	photodiode	1
4252.705	0.5	4252705	trained	32760	7	memtrain/o_091_2.jpg	photodiode	1
4253.497	0.5	4253497	trained	32722	45	memtrain/so_090_2.jpg	photodiode	1
4254.406	0.5	4254406	untrained	32674	93	memtrain/so_035_1.jpg	photodiode	1
4255.298	0.5	4255298	catch	32671	n/a	catch_padded.jpg	photodiode	0
4255.712	0.0	4255712	response	6	n/a	n/a	trigger	0
4257.4	0.5	4257400	untrained	32695	72	memtrain/o_490_1.jpg	photodiode	1
4258.351	0.5	4258351	untrained	32714	53	memtrain/o_142_2.jpg	photodiode	1
4259.152	0.5	4259152	untrained	32678	89	memtrain/o_469_1.jpg	photodiode	1
4260.053	0.5	4260053	untrained	32683	84	memtrain/so_117_2.jpg	photodiode	1
4260.953	0.5	4260953	catch	32671	n/a	catch_padded.jpg	photodiode	0
4261.291	0.0	4261291	response	6	n/a	n/a	trigger	0
4262.955	0.5	4262955	trained	32721	46	memtrain/so_113_1.jpg	photodiode	1
4263.756	0.5	4263756	trained	32751	16	memtrain/o_199_2.jpg	photodiode	1
4264.606	0.5	4264606	trained	32734	33	memtrain/o_536_1.jpg	photodiode	1
4265.457	0.5	4265457	trained	32742	25	memtrain/o_358_2.jpg	photodiode	1
4266.408	0.5	4266408	catch	32671	n/a	catch_padded.jpg	photodiode	0
4266.766	0.0	4266766	response	6	n/a	n/a	trigger	0
4268.36	0.5	4268360	untrained	32682	85	memtrain/o_218_1.jpg	photodiode	1
4269.26	0.5	4269260	trained	32762	5	memtrain/o_067_1.jpg	photodiode	1
4270.011	0.5	4270011	trained	32736	31	memtrain/o_465_2.jpg	photodiode	1
4270.812	0.5	4270812	trained	32725	42	memtrain/so_034_2.jpg	photodiode	1
4271.562	0.5	4271562	trained	32759	8	memtrain/o_094_1.jpg	photodiode	1
4272.313	0.5	4272313	catch	32671	n/a	catch_padded.jpg	photodiode	0
4272.666	0.0	4272666	response	6	n/a	n/a	trigger	0
4274.215	0.5	4274215	untrained	32672	95	memtrain/so_125_1.jpg	photodiode	1
4275.165	0.5	4275165	untrained	32716	51	memtrain/o_103_2.jpg	photodiode	1
4275.966	0.5	4275966	trained	32754	13	memtrain/o_136_1.jpg	photodiode	1
4276.717	0.5	4276717	catch	32671	n/a	catch_padded.jpg	photodiode	0
4277.16	0.0	4277160	response	6	n/a	n/a	trigger	0
4278.768	0.5	4278768	untrained	32685	82	memtrain/o_656_1.jpg	photodiode	1
4279.619	0.5	4279619	trained	32720	47	memtrain/so_147_2.jpg	photodiode	1
4280.37	0.5	4280370	trained	32737	30	memtrain/o_437_2.jpg	photodiode	1
4281.22	0.5	4281220	untrained	32692	75	memtrain/o_564_1.jpg	photodiode	1
4282.113	0.5	4282113	untrained	32700	67	memtrain/o_378_1.jpg	photodiode	1
4282.864	0.5	4282864	catch	32671	n/a	catch_padded.jpg	photodiode	0
4283.193	0.0	4283193	response	6	n/a	n/a	trigger	0
4284.965	0.5	4284965	untrained	32704	63	memtrain/o_310_2.jpg	photodiode	1
4285.866	0.5	4285866	untrained	32697	70	memtrain/o_471_2.jpg	photodiode	1
4286.617	0.5	4286617	trained	32746	21	memtrain/o_319_1.jpg	photodiode	1
4287.568	0.5	4287568	untrained	32680	87	memtrain/o_365_1.jpg	photodiode	1
4288.468	0.5	4288468	untrained	32693	74	memtrain/o_550_1.jpg	photodiode	1
4289.269	0.5	4289269	catch	32671	n/a	catch_padded.jpg	photodiode	0
4289.746	0.0	4289746	response	6	n/a	n/a	trigger	0
4291.321	0.5	4291321	trained	32744	23	memtrain/o_338_2.jpg	photodiode	1
4292.272	0.5	4292272	untrained	32702	65	memtrain/o_337_2.jpg	photodiode	1
4293.172	0.5	4293172	trained	32761	6	memtrain/o_076_1.jpg	photodiode	1
4294.073	0.5	4294073	trained	32758	9	memtrain/o_101_2.jpg	photodiode	1
4294.924	0.5	4294924	catch	32671	n/a	catch_padded.jpg	photodiode	0
4295.449	0.0	4295449	response	6	n/a	n/a	trigger	0
4296.825	0.5	4296825	trained	32738	29	memtrain/o_416_1.jpg	photodiode	1
4297.576	0.5	4297576	untrained	32689	78	memtrain/o_599_1.jpg	photodiode	1
4298.327	0.5	4298327	untrained	32701	66	memtrain/o_342_2.jpg	photodiode	1
4299.127	0.5	4299127	catch	32671	n/a	catch_padded.jpg	photodiode	0
4299.569	0.0	4299569	response	6	n/a	n/a	trigger	0
4301.029	0.5	4301029	trained	32763	4	memtrain/o_042_1.jpg	photodiode	1
4301.93	0.5	4301930	untrained	32706	61	memtrain/o_298_2.jpg	photodiode	1
4302.78	0.5	4302780	trained	32753	14	memtrain/o_174_1.jpg	photodiode	1
4303.631	0.5	4303631	untrained	32708	59	memtrain/o_201_2.jpg	photodiode	1
4304.482	0.5	4304482	catch	32671	n/a	catch_padded.jpg	photodiode	0
4305.014	0.0	4305014	response	6	n/a	n/a	trigger	0
4306.534	0.5	4306534	untrained	32715	52	memtrain/o_141_1.jpg	photodiode	1
4307.484	0.5	4307484	untrained	32684	83	memtrain/so_105_1.jpg	photodiode	1
4308.235	0.5	4308235	untrained	32707	60	memtrain/o_228_2.jpg	photodiode	1
4308.986	0.5	4308986	catch	32671	n/a	catch_padded.jpg	photodiode	0
4310.987	0.5	4310987	untrained	32718	49	memtrain/o_054_2.jpg	photodiode	1
4311.73	0.5	4311730	trained	32723	44	memtrain/so_045_1.jpg	photodiode	1
4312.68	0.5	4312680	untrained	32712	55	memtrain/o_153_2.jpg	photodiode	1
4313.49	0.5	4313490	trained	32728	39	memtrain/o_606_1.jpg	photodiode	1
4314.432	0.5	4314432	trained	32752	15	memtrain/o_195_1.jpg	photodiode	1
4315.283	0.5	4315283	catch	32671	n/a	catch_padded.jpg	photodiode	0
4315.603	0.0	4315603	response	6	n/a	n/a	trigger	0
4317.393	0.5	4317393	untrained	32676	91	memtrain/o_605_1.jpg	photodiode	1
4318.235	0.5	4318235	untrained	32713	54	memtrain/o_145_1.jpg	photodiode	1
4319.186	0.5	4319186	trained	32756	11	memtrain/o_117_2.jpg	photodiode	1
4320.037	0.5	4320037	trained	32722	45	memtrain/so_090_2.jpg	photodiode	1
4320.937	0.5	4320937	untrained	32690	77	memtrain/o_574_2.jpg	photodiode	1
4321.738	0.5	4321738	catch	32671	n/a	catch_padded.jpg	photodiode	0
4322.084	0.0	4322084	response	6	n/a	n/a	trigger	0
4323.79	0.5	4323790	trained	32732	35	memtrain/o_561_2.jpg	photodiode	1
4324.591	0.5	4324591	untrained	32679	88	memtrain/o_458_1.jpg	photodiode	1
4325.391	0.5	4325391	untrained	32709	58	memtrain/o_192_1.jpg	photodiode	1
4326.342	0.5	4326342	catch	32671	n/a	catch_padded.jpg	photodiode	0
4326.73	0.0	4326730	response	6	n/a	n/a	trigger	0
4328.244	0.5	4328244	untrained	32677	90	memtrain/o_580_1.jpg	photodiode	1
4329.194	0.5	4329194	untrained	32699	68	memtrain/o_393_1.jpg	photodiode	1
4329.945	0.5	4329945	untrained	32719	48	memtrain/o_019_2.jpg	photodiode	1
4330.896	0.5	4330896	untrained	32686	81	memtrain/o_655_2.jpg	photodiode	1
4331.697	0.5	4331697	trained	32760	7	memtrain/o_091_2.jpg	photodiode	1
4332.447	0.5	4332447	catch	32671	n/a	catch_padded.jpg	photodiode	0
4332.78	0.0	4332780	response	6	n/a	n/a	trigger	0
4334.499	0.5	4334499	trained	32733	34	memtrain/o_558_2.jpg	photodiode	1
4335.45	0.5	4335450	untrained	32698	69	memtrain/o_464_2.jpg	photodiode	1
4336.2	0.5	4336200	trained	32729	38	memtrain/o_603_1.jpg	photodiode	1
4336.951	0.5	4336951	untrained	32688	79	memtrain/o_600_1.jpg	photodiode	1
4337.894	0.5	4337894	catch	32671	n/a	catch_padded.jpg	photodiode	0
4338.229	0.0	4338229	response	6	n/a	n/a	trigger	0
4339.954	0.5	4339954	trained	32766	1	memtrain/o_015_1.jpg	photodiode	1
4340.796	0.5	4340796	untrained	32710	57	memtrain/o_171_1.jpg	photodiode	1
4341.755	0.5	4341755	trained	32739	28	memtrain/o_397_1.jpg	photodiode	1
4342.497	0.5	4342497	catch	32671	n/a	catch_padded.jpg	photodiode	0
4342.906	0.0	4342906	response	6	n/a	n/a	trigger	0
4344.449	0.5	4344449	untrained	32691	76	memtrain/o_570_1.jpg	photodiode	1
4345.3	0.5	4345300	trained	32757	10	memtrain/o_111_2.jpg	photodiode	1
4346.05	0.5	4346050	trained	32740	27	memtrain/o_379_2.jpg	photodiode	1
4346.951	0.5	4346951	catch	32671	n/a	catch_padded.jpg	photodiode	0
4347.348	0.0	4347348	response	6	n/a	n/a	trigger	0
4348.953	0.5	4348953	trained	32765	2	memtrain/o_035_1.jpg	photodiode	1
4349.704	0.5	4349704	trained	32747	20	memtrain/o_290_1.jpg	photodiode	1
4350.604	0.5	4350604	untrained	32717	50	memtrain/o_057_2.jpg	photodiode	1
4351.555	0.5	4351555	untrained	32711	56	memtrain/o_163_2.jpg	photodiode	1
4352.506	0.5	4352506	untrained	32703	64	memtrain/o_334_2.jpg	photodiode	1
4353.307	0.5	4353307	catch	32671	n/a	catch_padded.jpg	photodiode	0
4353.571	0.0	4353571	response	6	n/a	n/a	trigger	0
4355.308	0.5	4355308	trained	32735	32	memtrain/o_485_2.jpg	photodiode	1
4356.176	0.5	4356176	untrained	32674	93	memtrain/so_035_1.jpg	photodiode	1
4356.96	0.5	4356960	trained	32745	22	memtrain/o_321_1.jpg	photodiode	1
4357.76	0.5	4357760	trained	32731	36	memtrain/o_583_1.jpg	photodiode	1
4358.561	0.5	4358561	catch	32671	n/a	catch_padded.jpg	photodiode	0
4358.874	0.0	4358874	response	6	n/a	n/a	trigger	0
4360.613	0.5	4360613	untrained	32681	86	memtrain/o_288_1.jpg	photodiode	1
4361.414	0.5	4361414	untrained	32696	71	memtrain/o_483_1.jpg	photodiode	1
4362.364	0.5	4362364	trained	32727	40	memtrain/o_648_2.jpg	photodiode	1
4363.165	0.5	4363165	trained	32767	0	memtrain/o_006_1.jpg	photodiode	1
4364.116	0.5	4364116	catch	32671	n/a	catch_padded.jpg	photodiode	0
4364.488	0.0	4364488	response	6	n/a	n/a	trigger	0
4366.118	0.5	4366118	trained	32749	18	memtrain/o_264_2.jpg	photodiode	1
4366.96	0.5	4366960	trained	32764	3	memtrain/o_040_2.jpg	photodiode	1
4367.719	0.5	4367719	untrained	32687	80	memtrain/o_613_1.jpg	photodiode	1
4368.52	0.5	4368520	untrained	32694	73	memtrain/o_519_2.jpg	photodiode	1
4369.42	0.5	4369420	untrained	32675	92	memtrain/so_033_1.jpg	photodiode	1
4370.213	0.5	4370213	catch	32671	n/a	catch_padded.jpg	photodiode	0
4370.55	0.0	4370550	response	6	n/a	n/a	trigger	0
4372.223	0.5	4372223	trained	32743	24	memtrain/o_357_1.jpg	photodiode	1
4372.973	0.5	4372973	trained	32741	26	memtrain/o_376_1.jpg	photodiode	1
4373.816	0.5	4373816	trained	32724	43	memtrain/so_043_2.jpg	photodiode	1
4374.566	0.5	4374566	trained	32748	19	memtrain/o_284_2.jpg	photodiode	1
4375.367	0.5	4375367	trained	32726	41	memtrain/o_663_2.jpg	photodiode	1
4376.168	0.5	4376168	catch	32671	n/a	catch_padded.jpg	photodiode	0
4376.51	0.0	4376510	response	6	n/a	n/a	trigger	0
4378.219	0.5	4378219	untrained	32705	62	memtrain/o_304_1.jpg	photodiode	1
4379.07	0.5	4379070	trained	32755	12	memtrain/o_127_2.jpg	photodiode	1
4380.021	0.5	4380021	trained	32750	17	memtrain/o_232_1.jpg	photodiode	1
4380.772	0.5	4380772	untrained	32673	94	memtrain/so_067_1.jpg	photodiode	1
4381.622	0.5	4381622	trained	32730	37	memtrain/o_597_1.jpg	photodiode	1
4382.473	0.5	4382473	catch	32671	n/a	catch_padded.jpg	photodiode	0
4382.871	0.0	4382871	response	6	n/a	n/a	trigger	0
4388.951	0.0	4388951	block_end	120	n/a	n/a	trigger	0
4403.094	0.0	4403094	response	6	n/a	n/a	trigger	0
4403.104	0.0	4403104	block_onset	114	n/a	n/a	trigger	0
4405.159	0.5	4405159	untrained	32672	95	memtrain/so_125_1.jpg	photodiode	1
4405.91	0.5	4405910	untrained	32697	70	memtrain/o_471_2.jpg	photodiode	1
4406.66	0.5	4406660	untrained	32710	57	memtrain/o_171_1.jpg	photodiode	1
4407.461	0.5	4407461	trained	32736	31	memtrain/o_465_2.jpg	photodiode	1
4408.211	0.5	4408211	catch	32671	n/a	catch_padded.jpg	photodiode	0
4408.619	0.0	4408619	response	6	n/a	n/a	trigger	0
4410.163	0.5	4410163	untrained	32702	65	memtrain/o_337_2.jpg	photodiode	1
4411.006	0.5	4411006	trained	32761	6	memtrain/o_076_1.jpg	photodiode	1
4411.915	0.5	4411915	trained	32730	37	memtrain/o_597_1.jpg	photodiode	1
4412.657	0.5	4412657	untrained	32706	61	memtrain/o_298_2.jpg	photodiode	1
4413.508	0.5	4413508	trained	32746	21	memtrain/o_319_1.jpg	photodiode	1
4414.317	0.5	4414317	catch	32671	n/a	catch_padded.jpg	photodiode	0
4414.645	0.0	4414645	response	6	n/a	n/a	trigger	0
4416.41	0.5	4416410	trained	32739	28	memtrain/o_397_1.jpg	photodiode	1
4417.311	0.5	4417311	untrained	32692	75	memtrain/o_564_1.jpg	photodiode	1
4418.112	0.5	4418112	trained	32724	43	memtrain/so_043_2.jpg	photodiode	1
4419.062	0.5	4419062	trained	32729	38	memtrain/o_603_1.jpg	photodiode	1
4419.913	0.5	4419913	catch	32671	n/a	catch_padded.jpg	photodiode	0
4420.281	0.0	4420281	response	6	n/a	n/a	trigger	0
4421.915	0.5	4421915	untrained	32716	51	memtrain/o_103_2.jpg	photodiode	1
4422.715	0.5	4422715	untrained	32715	52	memtrain/o_141_1.jpg	photodiode	1
4423.566	0.5	4423566	trained	32752	15	memtrain/o_195_1.jpg	photodiode	1
4424.417	0.5	4424417	untrained	32691	76	memtrain/o_570_1.jpg	photodiode	1
4425.218	0.5	4425218	trained	32765	2	memtrain/o_035_1.jpg	photodiode	1
4426.127	0.5	4426127	catch	32671	n/a	catch_padded.jpg	photodiode	0
4426.335	0.0	4426335	response	6	n/a	n/a	trigger	0
4428.02	0.5	4428020	trained	32762	5	memtrain/o_067_1.jpg	photodiode	1
4428.871	0.5	4428871	trained	32744	23	memtrain/o_338_2.jpg	photodiode	1
4429.771	0.5	4429771	trained	32763	4	memtrain/o_042_1.jpg	photodiode	1
4430.622	0.5	4430622	trained	32735	32	memtrain/o_485_2.jpg	photodiode	1
4431.373	0.5	4431373	catch	32671	n/a	catch_padded.jpg	photodiode	0
4431.703	0.0	4431703	response	6	n/a	n/a	trigger	0
4433.274	0.5	4433274	trained	32741	26	memtrain/o_376_1.jpg	photodiode	1
4434.175	0.5	4434175	untrained	32695	72	memtrain/o_490_1.jpg	photodiode	1
4434.926	0.5	4434926	untrained	32677	90	memtrain/o_580_1.jpg	photodiode	1
4435.827	0.5	4435827	catch	32671	n/a	catch_padded.jpg	photodiode	0
4436.2	0.0	4436200	response	6	n/a	n/a	trigger	0
4437.778	0.5	4437778	trained	32757	10	memtrain/o_111_2.jpg	photodiode	1
4438.529	0.5	4438529	untrained	32703	64	memtrain/o_334_2.jpg	photodiode	1
4439.38	0.5	4439380	trained	32753	14	memtrain/o_174_1.jpg	photodiode	1
4440.23	0.5	4440230	trained	32751	16	memtrain/o_199_2.jpg	photodiode	1
4441.173	0.5	4441173	catch	32671	n/a	catch_padded.jpg	photodiode	0
4441.547	0.0	4441547	response	6	n/a	n/a	trigger	0
4443.283	0.5	4443283	trained	32742	25	memtrain/o_358_2.jpg	photodiode	1
4444.125	0.5	4444125	untrained	32693	74	memtrain/o_550_1.jpg	photodiode	1
4444.934	0.5	4444934	trained	32737	30	memtrain/o_437_2.jpg	photodiode	1
4445.777	0.5	4445777	trained	32758	9	memtrain/o_101_2.jpg	photodiode	1
4446.627	0.5	4446627	trained	32734	33	memtrain/o_536_1.jpg	photodiode	1
4447.578	0.5	4447578	catch	32671	n/a	catch_padded.jpg	photodiode	0
4447.902	0.0	4447902	response	6	n/a	n/a	trigger	0
4449.63	0.5	4449630	untrained	32673	94	memtrain/so_067_1.jpg	photodiode	1
4450.381	0.5	4450381	untrained	32714	53	memtrain/o_142_2.jpg	photodiode	1
4451.231	0.5	4451231	untrained	32674	93	memtrain/so_035_1.jpg	photodiode	1
4452.132	0.5	4452132	trained	32749	18	memtrain/o_264_2.jpg	photodiode	1
4452.883	0.5	4452883	catch	32671	n/a	catch_padded.jpg	photodiode	0
4453.264	0.0	4453264	response	6	n/a	n/a	trigger	0
4454.984	0.5	4454984	untrained	32689	78	memtrain/o_599_1.jpg	photodiode	1
4455.885	0.5	4455885	untrained	32687	80	memtrain/o_613_1.jpg	photodiode	1
4456.786	0.5	4456786	untrained	32678	89	memtrain/o_469_1.jpg	photodiode	1
4457.537	0.5	4457537	untrained	32688	79	memtrain/o_600_1.jpg	photodiode	1
4458.337	0.5	4458337	trained	32733	34	memtrain/o_558_2.jpg	photodiode	1
4459.188	0.5	4459188	catch	32671	n/a	catch_padded.jpg	photodiode	0
4459.513	0.0	4459513	response	6	n/a	n/a	trigger	0
4461.29	0.5	4461290	trained	32726	41	memtrain/o_663_2.jpg	photodiode	1
4462.241	0.5	4462241	untrained	32680	87	memtrain/o_365_1.jpg	photodiode	1
4463.191	0.5	4463191	untrained	32709	58	memtrain/o_192_1.jpg	photodiode	1
4464.142	0.5	4464142	untrained	32718	49	memtrain/o_054_2.jpg	photodiode	1
4465.093	0.5	4465093	catch	32671	n/a	catch_padded.jpg	photodiode	0
4465.655	0.0	4465655	response	6	n/a	n/a	trigger	0
4467.045	0.5	4467045	untrained	32696	71	memtrain/o_483_1.jpg	photodiode	1
4467.795	0.5	4467795	trained	32755	12	memtrain/o_127_2.jpg	photodiode	1
4468.688	0.5	4468688	trained	32764	3	memtrain/o_040_2.jpg	photodiode	1
4469.647	0.5	4469647	catch	32671	n/a	catch_padded.jpg	photodiode	0
4470.111	0.0	4470111	response	6	n/a	n/a	trigger	0
4471.699	0.5	4471699	trained	32745	22	memtrain/o_321_1.jpg	photodiode	1
4472.649	0.5	4472649	untrained	32713	54	memtrain/o_145_1.jpg	photodiode	1
4473.45	0.5	4473450	untrained	32676	91	memtrain/o_605_1.jpg	photodiode	1
4474.351	0.5	4474351	catch	32671	n/a	catch_padded.jpg	photodiode	0
4474.658	0.0	4474658	response	6	n/a	n/a	trigger	0
4476.394	0.5	4476394	untrained	32717	50	memtrain/o_057_2.jpg	photodiode	1
4477.195	0.5	4477195	untrained	32704	63	memtrain/o_310_2.jpg	photodiode	1
4478.146	0.5	4478146	trained	32748	19	memtrain/o_284_2.jpg	photodiode	1
4478.896	0.5	4478896	catch	32671	n/a	catch_padded.jpg	photodiode	0
4479.209	0.0	4479209	response	6	n/a	n/a	trigger	0
4480.906	0.5	4480906	untrained	32686	81	memtrain/o_655_2.jpg	photodiode	1
4481.749	0.5	4481749	trained	32722	45	memtrain/so_090_2.jpg	photodiode	1
4482.608	0.5	4482608	trained	32756	11	memtrain/o_117_2.jpg	photodiode	1
4483.5	0.5	4483500	trained	32725	42	memtrain/so_034_2.jpg	photodiode	1
4484.401	0.5	4484401	catch	32671	n/a	catch_padded.jpg	photodiode	0
4484.757	0.0	4484757	response	6	n/a	n/a	trigger	0
4486.503	0.5	4486503	trained	32740	27	memtrain/o_379_2.jpg	photodiode	1
4487.454	0.5	4487454	trained	32754	13	memtrain/o_136_1.jpg	photodiode	1
4488.354	0.5	4488354	untrained	32683	84	memtrain/so_117_2.jpg	photodiode	1
4489.155	0.5	4489155	trained	32766	1	memtrain/o_015_1.jpg	photodiode	1
4489.956	0.5	4489956	catch	32671	n/a	catch_padded.jpg	photodiode	0
4490.311	0.0	4490311	response	6	n/a	n/a	trigger	0
4492.058	0.5	4492058	untrained	32711	56	memtrain/o_163_2.jpg	photodiode	1
4492.858	0.5	4492858	untrained	32708	59	memtrain/o_201_2.jpg	photodiode	1
4493.659	0.5	4493659	trained	32720	47	memtrain/so_147_2.jpg	photodiode	1
4494.41	0.5	4494410	trained	32732	35	memtrain/o_561_2.jpg	photodiode	1
4495.16	0.5	4495160	trained	32743	24	memtrain/o_357_1.jpg	photodiode	1
4495.911	0.5	4495911	catch	32671	n/a	catch_padded.jpg	photodiode	0
4496.276	0.0	4496276	response	6	n/a	n/a	trigger	0
4497.813	0.5	4497813	untrained	32699	68	memtrain/o_393_1.jpg	photodiode	1
4498.763	0.5	4498763	trained	32731	36	memtrain/o_583_1.jpg	photodiode	1
4499.614	0.5	4499614	untrained	32675	92	memtrain/so_033_1.jpg	photodiode	1
4500.565	0.5	4500565	catch	32671	n/a	catch_padded.jpg	photodiode	0
4500.975	0.0	4500975	response	6	n/a	n/a	trigger	0
4502.667	0.5	4502667	untrained	32705	62	memtrain/o_304_1.jpg	photodiode	1
4503.509	0.5	4503509	untrained	32690	77	memtrain/o_574_2.jpg	photodiode	1
4504.26	0.5	4504260	untrained	32694	73	memtrain/o_519_2.jpg	photodiode	1
4505.01	0.5	4505010	catch	32671	n/a	catch_padded.jpg	photodiode	0
4505.339	0.0	4505339	response	6	n/a	n/a	trigger	0
4507.07	0.5	4507070	untrained	32712	55	memtrain/o_153_2.jpg	photodiode	1
4507.863	0.5	4507863	untrained	32698	69	memtrain/o_464_2.jpg	photodiode	1
4508.663	0.5	4508663	trained	32750	17	memtrain/o_232_1.jpg	photodiode	1
4509.564	0.5	4509564	untrained	32681	86	memtrain/o_288_1.jpg	photodiode	1
4510.365	0.5	4510365	untrained	32685	82	memtrain/o_656_1.jpg	photodiode	1
4511.165	0.5	4511165	catch	32671	n/a	catch_padded.jpg	photodiode	0
4511.596	0.0	4511596	response	6	n/a	n/a	trigger	0
4513.217	0.5	4513217	untrained	32707	60	memtrain/o_228_2.jpg	photodiode	1
4514.068	0.5	4514068	trained	32760	7	memtrain/o_091_2.jpg	photodiode	1
4514.819	0.5	4514819	untrained	32679	88	memtrain/o_458_1.jpg	photodiode	1
4515.669	0.5	4515669	untrained	32719	48	memtrain/o_019_2.jpg	photodiode	1
4516.62	0.5	4516620	catch	32671	n/a	catch_padded.jpg	photodiode	0
4516.923	0.0	4516923	response	6	n/a	n/a	trigger	0
4518.672	0.5	4518672	untrained	32682	85	memtrain/o_218_1.jpg	photodiode	1
4519.472	0.5	4519472	untrained	32684	83	memtrain/so_105_1.jpg	photodiode	1
4520.273	0.5	4520273	trained	32723	44	memtrain/so_045_1.jpg	photodiode	1
4521.124	0.5	4521124	catch	32671	n/a	catch_padded.jpg	photodiode	0
4521.448	0.0	4521448	response	6	n/a	n/a	trigger	0
4523.226	0.5	4523226	trained	32747	20	memtrain/o_290_1.jpg	photodiode	1
4524.126	0.5	4524126	trained	32738	29	memtrain/o_416_1.jpg	photodiode	1
4525.077	0.5	4525077	trained	32767	0	memtrain/o_006_1.jpg	photodiode	1
4525.928	0.5	4525928	trained	32759	8	memtrain/o_094_1.jpg	photodiode	1
4526.679	0.5	4526679	untrained	32700	67	memtrain/o_378_1.jpg	photodiode	1
4527.479	0.5	4527479	catch	32671	n/a	catch_padded.jpg	photodiode	0
4527.84	0.0	4527840	response	6	n/a	n/a	trigger	0
4529.381	0.5	4529381	untrained	32701	66	memtrain/o_342_2.jpg	photodiode	1
4530.332	0.5	4530332	trained	32727	40	memtrain/o_648_2.jpg	photodiode	1
4531.132	0.5	4531132	trained	32721	46	memtrain/so_113_1.jpg	photodiode	1
4531.925	0.5	4531925	trained	32728	39	memtrain/o_606_1.jpg	photodiode	1
4532.684	0.5	4532684	trained	32738	29	memtrain/o_416_1.jpg	photodiode	1
4533.626	0.5	4533626	catch	32671	n/a	catch_padded.jpg	photodiode	0
4533.935	0.0	4533935	response	6	n/a	n/a	trigger	0
4535.528	0.5	4535528	trained	32761	6	memtrain/o_076_1.jpg	photodiode	1
4536.479	0.5	4536479	untrained	32692	75	memtrain/o_564_1.jpg	photodiode	1
4537.329	0.5	4537329	untrained	32710	57	memtrain/o_171_1.jpg	photodiode	1
4538.13	0.5	4538130	trained	32748	19	memtrain/o_284_2.jpg	photodiode	1
4538.931	0.5	4538931	trained	32726	41	memtrain/o_663_2.jpg	photodiode	1
4539.681	0.5	4539681	catch	32671	n/a	catch_padded.jpg	photodiode	0
4540.032	0.0	4540032	response	6	n/a	n/a	trigger	0
4541.691	0.5	4541691	trained	32720	47	memtrain/so_147_2.jpg	photodiode	1
4542.584	0.5	4542584	untrained	32691	76	memtrain/o_570_1.jpg	photodiode	1
4543.535	0.5	4543535	untrained	32716	51	memtrain/o_103_2.jpg	photodiode	1
4544.385	0.5	4544385	catch	32671	n/a	catch_padded.jpg	photodiode	0
4544.715	0.0	4544715	response	6	n/a	n/a	trigger	0
4546.337	0.5	4546337	trained	32739	28	memtrain/o_397_1.jpg	photodiode	1
4547.238	0.5	4547238	trained	32730	37	memtrain/o_597_1.jpg	photodiode	1
4547.988	0.5	4547988	untrained	32699	68	memtrain/o_393_1.jpg	photodiode	1
4548.739	0.5	4548739	trained	32764	3	memtrain/o_040_2.jpg	photodiode	1
4549.69	0.5	4549690	catch	32671	n/a	catch_padded.jpg	photodiode	0
4549.972	0.0	4549972	response	6	n/a	n/a	trigger	0
4551.742	0.5	4551742	untrained	32705	62	memtrain/o_304_1.jpg	photodiode	1
4552.642	0.5	4552642	trained	32760	7	memtrain/o_091_2.jpg	photodiode	1
4553.443	0.5	4553443	untrained	32688	79	memtrain/o_600_1.jpg	photodiode	1
4554.194	0.5	4554194	catch	32671	n/a	catch_padded.jpg	photodiode	0
4554.516	0.0	4554516	response	6	n/a	n/a	trigger	0
4556.195	0.5	4556195	trained	32729	38	memtrain/o_603_1.jpg	photodiode	1
4556.946	0.5	4556946	untrained	32687	80	memtrain/o_613_1.jpg	photodiode	1
4557.797	0.5	4557797	trained	32756	11	memtrain/o_117_2.jpg	photodiode	1
4558.597	0.5	4558597	untrained	32675	92	memtrain/so_033_1.jpg	photodiode	1
4559.548	0.5	4559548	catch	32671	n/a	catch_padded.jpg	photodiode	0
4559.827	0.0	4559827	response	6	n/a	n/a	trigger	0
4561.65	0.5	4561650	untrained	32714	53	memtrain/o_142_2.jpg	photodiode	1
4562.551	0.5	4562551	trained	32766	1	memtrain/o_015_1.jpg	photodiode	1
4563.443	0.5	4563443	trained	32727	40	memtrain/o_648_2.jpg	photodiode	1
4564.344	0.5	4564344	untrained	32683	84	memtrain/so_117_2.jpg	photodiode	1
4565.253	0.5	4565253	trained	32722	45	memtrain/so_090_2.jpg	photodiode	1
4565.995	0.5	4565995	catch	32671	n/a	catch_padded.jpg	photodiode	0
4566.318	0.0	4566318	response	6	n/a	n/a	trigger	0
4567.897	0.5	4567897	trained	32745	22	memtrain/o_321_1.jpg	photodiode	1
4568.848	0.5	4568848	untrained	32703	64	memtrain/o_334_2.jpg	photodiode	1
4569.598	0.5	4569598	trained	32755	12	memtrain/o_127_2.jpg	photodiode	1
4570.449	0.5	4570449	untrained	32715	52	memtrain/o_141_1.jpg	photodiode	1
4571.3	0.5	4571300	untrained	32713	54	memtrain/o_145_1.jpg	photodiode	1
4572.05	0.5	4572050	catch	32671	n/a	catch_padded.jpg	photodiode	0
4572.447	0.0	4572447	response	6	n/a	n/a	trigger	0
4574.102	0.5	4574102	untrained	32701	66	memtrain/o_342_2.jpg	photodiode	1
4575.053	0.5	4575053	trained	32731	36	memtrain/o_583_1.jpg	photodiode	1
4575.904	0.5	4575904	untrained	32676	91	memtrain/o_605_1.jpg	photodiode	1
4576.854	0.5	4576854	trained	32754	13	memtrain/o_136_1.jpg	photodiode	1
4577.805	0.5	4577805	catch	32671	n/a	catch_padded.jpg	photodiode	0
4578.154	0.0	4578154	response	6	n/a	n/a	trigger	0
4579.807	0.5	4579807	untrained	32689	78	memtrain/o_599_1.jpg	photodiode	1
4580.758	0.5	4580758	trained	32752	15	memtrain/o_195_1.jpg	photodiode	1
4581.709	0.5	4581709	untrained	32706	61	memtrain/o_298_2.jpg	photodiode	1
4582.559	0.5	4582559	catch	32671	n/a	catch_padded.jpg	photodiode	0
4582.961	0.0	4582961	response	6	n/a	n/a	trigger	0
4584.611	0.5	4584611	untrained	32709	58	memtrain/o_192_1.jpg	photodiode	1
4585.412	0.5	4585412	untrained	32700	67	memtrain/o_378_1.jpg	photodiode	1
4586.262	0.5	4586262	untrained	32704	63	memtrain/o_310_2.jpg	photodiode	1
4587.063	0.5	4587063	catch	32671	n/a	catch_padded.jpg	photodiode	0
4587.467	0.0	4587467	response	6	n/a	n/a	trigger	0
4589.115	0.5	4589115	trained	32746	21	memtrain/o_319_1.jpg	photodiode	1
4589.857	0.5	4589857	trained	32757	10	memtrain/o_111_2.jpg	photodiode	1
4590.708	0.5	4590708	untrained	32678	89	memtrain/o_469_1.jpg	photodiode	1
4591.617	0.5	4591617	untrained	32708	59	memtrain/o_201_2.jpg	photodiode	1
4592.359	0.5	4592359	catch	32671	n/a	catch_padded.jpg	photodiode	0
4592.714	0.0	4592714	response	6	n/a	n/a	trigger	0
4594.269	0.5	4594269	trained	32759	8	memtrain/o_094_1.jpg	photodiode	1
4595.012	0.5	4595012	untrained	32685	82	memtrain/o_656_1.jpg	photodiode	1
4595.971	0.5	4595971	trained	32724	43	memtrain/so_043_2.jpg	photodiode	1
4596.913	0.5	4596913	catch	32671	n/a	catch_padded.jpg	photodiode	0
4597.257	0.0	4597257	response	6	n/a	n/a	trigger	0
4598.865	0.5	4598865	trained	32751	16	memtrain/o_199_2.jpg	photodiode	1
4599.766	0.5	4599766	untrained	32677	90	memtrain/o_580_1.jpg	photodiode	1
4600.566	0.5	4600566	trained	32723	44	memtrain/so_045_1.jpg	photodiode	1
4601.317	0.5	4601317	trained	32758	9	memtrain/o_101_2.jpg	photodiode	1
4602.218	0.5	4602218	catch	32671	n/a	catch_padded.jpg	photodiode	0
4602.542	0.0	4602542	response	6	n/a	n/a	trigger	0
4604.269	0.5	4604269	untrained	32694	73	memtrain/o_519_2.jpg	photodiode	1
4605.12	0.5	4605120	trained	32747	20	memtrain/o_290_1.jpg	photodiode	1
4605.971	0.5	4605971	untrained	32681	86	memtrain/o_288_1.jpg	photodiode	1
4606.772	0.5	4606772	untrained	32684	83	memtrain/so_105_1.jpg	photodiode	1
4607.722	0.5	4607722	untrained	32696	71	memtrain/o_483_1.jpg	photodiode	1
4608.523	0.5	4608523	catch	32671	n/a	catch_padded.jpg	photodiode	0
4608.91	0.0	4608910	response	6	n/a	n/a	trigger	0
4610.525	0.5	4610525	trained	32753	14	memtrain/o_174_1.jpg	photodiode	1
4611.325	0.5	4611325	trained	32725	42	memtrain/so_034_2.jpg	photodiode	1
4612.176	0.5	4612176	trained	32736	31	memtrain/o_465_2.jpg	photodiode	1
4613.027	0.5	4613027	trained	32765	2	memtrain/o_035_1.jpg	photodiode	1
4613.928	0.5	4613928	catch	32671	n/a	catch_padded.jpg	photodiode	0
4614.224	0.0	4614224	response	6	n/a	n/a	trigger	0
4615.929	0.5	4615929	trained	32744	23	memtrain/o_338_2.jpg	photodiode	1
4616.83	0.5	4616830	trained	32737	30	memtrain/o_437_2.jpg	photodiode	1
4617.731	0.5	4617731	trained	32740	27	memtrain/o_379_2.jpg	photodiode	1
4618.523	0.5	4618523	catch	32671	n/a	catch_padded.jpg	photodiode	0
4618.875	0.0	4618875	response	6	n/a	n/a	trigger	0
4620.583	0.5	4620583	untrained	32680	87	memtrain/o_365_1.jpg	photodiode	1
4621.426	0.5	4621426	untrained	32711	56	memtrain/o_163_2.jpg	photodiode	1
4622.226	0.5	4622226	untrained	32690	77	memtrain/o_574_2.jpg	photodiode	1
4623.027	0.5	4623027	untrained	32679	88	memtrain/o_458_1.jpg	photodiode	1
4623.828	0.0	4623828	response	6	n/a	n/a	trigger	0
4623.836	0.5	4623836	untrained	32682	85	memtrain/o_218_1.jpg	photodiode	1
4624.728	0.5	4624728	catch	32671	n/a	catch_padded.jpg	photodiode	0
4626.738	0.5	4626738	trained	32749	18	memtrain/o_264_2.jpg	photodiode	1
4627.631	0.5	4627631	untrained	32674	93	memtrain/so_035_1.jpg	photodiode	1
4628.432	0.5	4628432	trained	32743	24	memtrain/o_357_1.jpg	photodiode	1
4629.232	0.5	4629232	catch	32671	n/a	catch_padded.jpg	photodiode	0
4629.711	0.0	4629711	response	6	n/a	n/a	trigger	0
4631.334	0.5	4631334	untrained	32686	81	memtrain/o_655_2.jpg	photodiode	1
4632.285	0.5	4632285	untrained	32698	69	memtrain/o_464_2.jpg	photodiode	1
4633.135	0.5	4633135	untrained	32697	70	memtrain/o_471_2.jpg	photodiode	1
4633.886	0.5	4633886	trained	32728	39	memtrain/o_606_1.jpg	photodiode	1
4634.637	0.5	4634637	catch	32671	n/a	catch_padded.jpg	photodiode	0
4635.143	0.0	4635143	response	6	n/a	n/a	trigger	0
4636.538	0.5	4636538	untrained	32717	50	memtrain/o_057_2.jpg	photodiode	1
4637.289	0.5	4637289	trained	32762	5	memtrain/o_067_1.jpg	photodiode	1
4638.24	0.5	4638240	trained	32767	0	memtrain/o_006_1.jpg	photodiode	1
4639.091	0.5	4639091	untrained	32702	65	memtrain/o_337_2.jpg	photodiode	1
4639.941	0.5	4639941	trained	32733	34	memtrain/o_558_2.jpg	photodiode	1
4640.892	0.5	4640892	catch	32671	n/a	catch_padded.jpg	photodiode	0
4641.278	0.0	4641278	response	6	n/a	n/a	trigger	0
4642.844	0.5	4642844	trained	32732	35	memtrain/o_561_2.jpg	photodiode	1
4643.744	0.5	4643744	untrained	32719	48	memtrain/o_019_2.jpg	photodiode	1
4644.545	0.5	4644545	trained	32742	25	memtrain/o_358_2.jpg	photodiode	1
4645.346	0.5	4645346	catch	32671	n/a	catch_padded.jpg	photodiode	0
4645.73	0.0	4645730	response	6	n/a	n/a	trigger	0
4647.298	0.5	4647298	trained	32741	26	memtrain/o_376_1.jpg	photodiode	1
4648.048	0.5	4648048	untrained	32695	72	memtrain/o_490_1.jpg	photodiode	1
4648.949	0.5	4648949	untrained	32707	60	memtrain/o_228_2.jpg	photodiode	1
4649.9	0.5	4649900	trained	32763	4	memtrain/o_042_1.jpg	photodiode	1
4650.792	0.5	4650792	untrained	32718	49	memtrain/o_054_2.jpg	photodiode	1
4651.543	0.5	4651543	catch	32671	n/a	catch_padded.jpg	photodiode	0
4651.924	0.0	4651924	response	6	n/a	n/a	trigger	0
4653.653	0.5	4653653	trained	32750	17	memtrain/o_232_1.jpg	photodiode	1
4654.395	0.5	4654395	untrained	32693	74	memtrain/o_550_1.jpg	photodiode	1
4655.154	0.5	4655154	untrained	32712	55	memtrain/o_153_2.jpg	photodiode	1
4656.105	0.5	4656105	untrained	32672	95	memtrain/so_125_1.jpg	photodiode	1
4656.947	0.5	4656947	untrained	32673	94	memtrain/so_067_1.jpg	photodiode	1
4657.898	0.5	4657898	catch	32671	n/a	catch_padded.jpg	photodiode	0
4658.381	0.0	4658381	response	6	n/a	n/a	trigger	0
4659.85	0.5	4659850	trained	32734	33	memtrain/o_536_1.jpg	photodiode	1
4660.601	0.5	4660601	trained	32735	32	memtrain/o_485_2.jpg	photodiode	1
4661.551	0.5	4661551	trained	32721	46	memtrain/so_113_1.jpg	photodiode	1
4662.452	0.5	4662452	catch	32671	n/a	catch_padded.jpg	photodiode	0
4662.85	0.0	4662850	response	6	n/a	n/a	trigger	0
4668.93	0.0	4668930	block_end	120	n/a	n/a	trigger	0
4693.81	0.0	4693810	response	6	n/a	n/a	trigger	0
4693.817	0.0	4693817	block_onset	115	n/a	n/a	trigger	0
4695.872	0.5	4695872	trained	32727	40	memtrain/o_648_2.jpg	photodiode	1
4696.623	0.5	4696623	untrained	32692	75	memtrain/o_564_1.jpg	photodiode	1
4697.473	0.5	4697473	untrained	32689	78	memtrain/o_599_1.jpg	photodiode	1
4698.424	0.5	4698424	catch	32671	n/a	catch_padded.jpg	photodiode	0
4698.843	0.0	4698843	response	6	n/a	n/a	trigger	0
4700.426	0.5	4700426	trained	32754	13	memtrain/o_136_1.jpg	photodiode	1
4701.327	0.5	4701327	untrained	32696	71	memtrain/o_483_1.jpg	photodiode	1
4702.127	0.5	4702127	trained	32742	25	memtrain/o_358_2.jpg	photodiode	1
4703.078	0.5	4703078	untrained	32714	53	memtrain/o_142_2.jpg	photodiode	1
4704.029	0.5	4704029	trained	32726	41	memtrain/o_663_2.jpg	photodiode	1
4704.971	0.5	4704971	catch	32671	n/a	catch_padded.jpg	photodiode	0
4705.367	0.0	4705367	response	6	n/a	n/a	trigger	0
4706.981	0.5	4706981	untrained	32687	80	memtrain/o_613_1.jpg	photodiode	1
4707.724	0.5	4707724	untrained	32690	77	memtrain/o_574_2.jpg	photodiode	1
4708.675	0.5	4708675	trained	32745	22	memtrain/o_321_1.jpg	photodiode	1
4709.625	0.5	4709625	catch	32671	n/a	catch_padded.jpg	photodiode	0
4709.93	0.0	4709930	response	6	n/a	n/a	trigger	0
4711.535	0.5	4711535	untrained	32675	92	memtrain/so_033_1.jpg	photodiode	1
4712.378	0.5	4712378	untrained	32704	63	memtrain/o_310_2.jpg	photodiode	1
4713.329	0.5	4713329	untrained	32710	57	memtrain/o_171_1.jpg	photodiode	1
4714.129	0.5	4714129	untrained	32695	72	memtrain/o_490_1.jpg	photodiode	1
4715.03	0.5	4715030	untrained	32688	79	memtrain/o_600_1.jpg	photodiode	1
4715.781	0.5	4715781	catch	32671	n/a	catch_padded.jpg	photodiode	0
4715.993	0.0	4715993	response	6	n/a	n/a	trigger	0
4717.782	0.5	4717782	trained	32744	23	memtrain/o_338_2.jpg	photodiode	1
4718.533	0.5	4718533	untrained	32703	64	memtrain/o_334_2.jpg	photodiode	1
4719.334	0.5	4719334	trained	32748	19	memtrain/o_284_2.jpg	photodiode	1
4720.234	0.5	4720234	untrained	32712	55	memtrain/o_153_2.jpg	photodiode	1
4721.185	0.5	4721185	catch	32671	n/a	catch_padded.jpg	photodiode	0
4721.541	0.0	4721541	response	6	n/a	n/a	trigger	0
4723.287	0.5	4723287	untrained	32708	59	memtrain/o_201_2.jpg	photodiode	1
4724.088	0.5	4724088	untrained	32674	93	memtrain/so_035_1.jpg	photodiode	1
4724.888	0.5	4724888	trained	32739	28	memtrain/o_397_1.jpg	photodiode	1
4725.739	0.5	4725739	trained	32762	5	memtrain/o_067_1.jpg	photodiode	1
4726.54	0.5	4726540	catch	32671	n/a	catch_padded.jpg	photodiode	0
4726.909	0.0	4726909	response	6	n/a	n/a	trigger	0
4728.642	0.5	4728642	untrained	32705	62	memtrain/o_304_1.jpg	photodiode	1
4729.542	0.5	4729542	trained	32766	1	memtrain/o_015_1.jpg	photodiode	1
4730.393	0.5	4730393	trained	32751	16	memtrain/o_199_2.jpg	photodiode	1
4731.344	0.5	4731344	untrained	32709	58	memtrain/o_192_1.jpg	photodiode	1
4731.595	0.0	4731595	response	6	n/a	n/a	trigger	0
4732.094	0.5	4732094	catch	32671	n/a	catch_padded.jpg	photodiode	0
4733.996	0.5	4733996	trained	32752	15	memtrain/o_195_1.jpg	photodiode	1
4734.738	0.5	4734738	trained	32761	6	memtrain/o_076_1.jpg	photodiode	1
4735.547	0.5	4735547	untrained	32681	86	memtrain/o_288_1.jpg	photodiode	1
4736.29	0.5	4736290	catch	32671	n/a	catch_padded.jpg	photodiode	0
4736.689	0.0	4736689	response	6	n/a	n/a	trigger	0
4738.341	0.5	4738341	trained	32757	10	memtrain/o_111_2.jpg	photodiode	1
4739.192	0.5	4739192	untrained	32691	76	memtrain/o_570_1.jpg	photodiode	1
4739.943	0.5	4739943	trained	32736	31	memtrain/o_465_2.jpg	photodiode	1
4740.702	0.5	4740702	untrained	32706	61	memtrain/o_298_2.jpg	photodiode	1
4741.594	0.5	4741594	catch	32671	n/a	catch_padded.jpg	photodiode	0
4741.881	0.0	4741881	response	6	n/a	n/a	trigger	0
4743.496	0.5	4743496	trained	32759	8	memtrain/o_094_1.jpg	photodiode	1
4744.397	0.5	4744397	untrained	32682	85	memtrain/o_218_1.jpg	photodiode	1
4745.347	0.5	4745347	trained	32728	39	memtrain/o_606_1.jpg	photodiode	1
4746.248	0.5	4746248	trained	32767	0	memtrain/o_006_1.jpg	photodiode	1
4747.149	0.5	4747149	catch	32671	n/a	catch_padded.jpg	photodiode	0
4747.444	0.0	4747444	response	6	n/a	n/a	trigger	0
4749.251	0.5	4749251	untrained	32700	67	memtrain/o_378_1.jpg	photodiode	1
4750.101	0.5	4750101	trained	32756	11	memtrain/o_117_2.jpg	photodiode	1
4751.052	0.5	4751052	untrained	32718	49	memtrain/o_054_2.jpg	photodiode	1
4752.003	0.5	4752003	trained	32765	2	memtrain/o_035_1.jpg	photodiode	1
4752.754	0.5	4752754	untrained	32686	81	memtrain/o_655_2.jpg	photodiode	1
4753.504	0.5	4753504	catch	32671	n/a	catch_padded.jpg	photodiode	0
4753.882	0.0	4753882	response	6	n/a	n/a	trigger	0
4755.456	0.5	4755456	untrained	32702	65	memtrain/o_337_2.jpg	photodiode	1
4756.307	0.5	4756307	trained	32734	33	memtrain/o_536_1.jpg	photodiode	1
4757.107	0.5	4757107	untrained	32680	87	memtrain/o_365_1.jpg	photodiode	1
4758.058	0.5	4758058	trained	32758	9	memtrain/o_101_2.jpg	photodiode	1
4758.909	0.5	4758909	catch	32671	n/a	catch_padded.jpg	photodiode	0
4759.391	0.0	4759391	response	6	n/a	n/a	trigger	0
4760.86	0.5	4760860	untrained	32707	60	memtrain/o_228_2.jpg	photodiode	1
4761.811	0.5	4761811	trained	32725	42	memtrain/so_034_2.jpg	photodiode	1
4762.604	0.5	4762604	untrained	32717	50	memtrain/o_057_2.jpg	photodiode	1
4763.404	0.5	4763404	trained	32763	4	memtrain/o_042_1.jpg	photodiode	1
4764.255	0.5	4764255	catch	32671	n/a	catch_padded.jpg	photodiode	0
4764.59	0.0	4764590	response	6	n/a	n/a	trigger	0
4766.157	0.5	4766157	untrained	32673	94	memtrain/so_067_1.jpg	photodiode	1
4766.957	0.5	4766957	trained	32750	17	memtrain/o_232_1.jpg	photodiode	1
4767.858	0.5	4767858	trained	32737	30	memtrain/o_437_2.jpg	photodiode	1
4768.659	0.5	4768659	trained	32753	14	memtrain/o_174_1.jpg	photodiode	1
4769.409	0.5	4769409	untrained	32684	83	memtrain/so_105_1.jpg	photodiode	1
4770.21	0.5	4770210	catch	32671	n/a	catch_padded.jpg	photodiode	0
4770.507	0.0	4770507	response	6	n/a	n/a	trigger	0
4772.262	0.5	4772262	trained	32723	44	memtrain/so_045_1.jpg	photodiode	1
4773.012	0.5	4773012	untrained	32719	48	memtrain/o_019_2.jpg	photodiode	1
4773.813	0.5	4773813	untrained	32693	74	memtrain/o_550_1.jpg	photodiode	1
4774.664	0.5	4774664	catch	32671	n/a	catch_padded.jpg	photodiode	0
4775.069	0.0	4775069	response	6	n/a	n/a	trigger	0
4776.616	0.5	4776616	trained	32733	34	memtrain/o_558_2.jpg	photodiode	1
4777.566	0.5	4777566	untrained	32713	54	memtrain/o_145_1.jpg	photodiode	1
4778.517	0.5	4778517	trained	32741	26	memtrain/o_376_1.jpg	photodiode	1
4779.418	0.5	4779418	trained	32722	45	memtrain/so_090_2.jpg	photodiode	1
4780.319	0.5	4780319	trained	32732	35	memtrain/o_561_2.jpg	photodiode	1
4781.119	0.5	4781119	catch	32671	n/a	catch_padded.jpg	photodiode	0
4781.41	0.0	4781410	response	6	n/a	n/a	trigger	0
4783.171	0.5	4783171	untrained	32676	91	memtrain/o_605_1.jpg	photodiode	1
4783.922	0.5	4783922	trained	32729	38	memtrain/o_603_1.jpg	photodiode	1
4784.873	0.5	4784873	trained	32760	7	memtrain/o_091_2.jpg	photodiode	1
4785.723	0.5	4785723	catch	32671	n/a	catch_padded.jpg	photodiode	0
4786.058	0.0	4786058	response	6	n/a	n/a	trigger	0
4787.625	0.5	4787625	trained	32724	43	memtrain/so_043_2.jpg	photodiode	1
4788.526	0.5	4788526	trained	32747	20	memtrain/o_290_1.jpg	photodiode	1
4789.476	0.5	4789476	trained	32740	27	memtrain/o_379_2.jpg	photodiode	1
4790.227	0.5	4790227	trained	32735	32	memtrain/o_485_2.jpg	photodiode	1
4791.178	0.5	4791178	untrained	32716	51	memtrain/o_103_2.jpg	photodiode	1
4792.029	0.5	4792029	catch	32671	n/a	catch_padded.jpg	photodiode	0
4792.375	0.0	4792375	response	6	n/a	n/a	trigger	0
4794.072	0.5	4794072	untrained	32679	88	memtrain/o_458_1.jpg	photodiode	1
4794.823	0.5	4794823	untrained	32677	90	memtrain/o_580_1.jpg	photodiode	1
4795.723	0.5	4795723	untrained	32699	68	memtrain/o_393_1.jpg	photodiode	1
4796.474	0.5	4796474	trained	32755	12	memtrain/o_127_2.jpg	photodiode	1
4797.375	0.5	4797375	catch	32671	n/a	catch_padded.jpg	photodiode	0
4797.673	0.0	4797673	response	6	n/a	n/a	trigger	0
4799.376	0.5	4799376	trained	32746	21	memtrain/o_319_1.jpg	photodiode	1
4800.277	0.5	4800277	trained	32720	47	memtrain/so_147_2.jpg	photodiode	1
4801.128	0.5	4801128	untrained	32678	89	memtrain/o_469_1.jpg	photodiode	1
4801.979	0.5	4801979	trained	32730	37	memtrain/o_597_1.jpg	photodiode	1
4802.929	0.5	4802929	trained	32749	18	memtrain/o_264_2.jpg	photodiode	1
4803.68	0.5	4803680	catch	32671	n/a	catch_padded.jpg	photodiode	0
4804.095	0.0	4804095	response	6	n/a	n/a	trigger	0
4805.782	0.5	4805782	trained	32721	46	memtrain/so_113_1.jpg	photodiode	1
4806.633	0.5	4806633	trained	32738	29	memtrain/o_416_1.jpg	photodiode	1
4807.533	0.5	4807533	trained	32743	24	memtrain/o_357_1.jpg	photodiode	1
4808.334	0.5	4808334	catch	32671	n/a	catch_padded.jpg	photodiode	0
4808.863	0.0	4808863	response	6	n/a	n/a	trigger	0
4810.336	0.5	4810336	untrained	32672	95	memtrain/so_125_1.jpg	photodiode	1
4811.136	0.5	4811136	untrained	32683	84	memtrain/so_117_2.jpg	photodiode	1
4812.037	0.5	4812037	untrained	32715	52	memtrain/o_141_1.jpg	photodiode	1
4812.838	0.5	4812838	catch	32671	n/a	catch_padded.jpg	photodiode	0
4813.184	0.0	4813184	response	6	n/a	n/a	trigger	0
4814.79	0.5	4814790	untrained	32685	82	memtrain/o_656_1.jpg	photodiode	1
4815.69	0.5	4815690	trained	32731	36	memtrain/o_583_1.jpg	photodiode	1
4816.591	0.5	4816591	untrained	32701	66	memtrain/o_342_2.jpg	photodiode	1
4817.492	0.5	4817492	untrained	32697	70	memtrain/o_471_2.jpg	photodiode	1
4818.393	0.5	4818393	untrained	32694	73	memtrain/o_519_2.jpg	photodiode	1
4819.335	0.5	4819335	catch	32671	n/a	catch_padded.jpg	photodiode	0
4819.647	0.0	4819647	response	6	n/a	n/a	trigger	0
4821.237	0.5	4821237	untrained	32698	69	memtrain/o_464_2.jpg	photodiode	1
4822.196	0.5	4822196	trained	32764	3	memtrain/o_040_2.jpg	photodiode	1
4822.988	0.5	4822988	untrained	32711	56	memtrain/o_163_2.jpg	photodiode	1
4823.947	0.5	4823947	untrained	32679	88	memtrain/o_458_1.jpg	photodiode	1
4824.69	0.5	4824690	trained	32763	4	memtrain/o_042_1.jpg	photodiode	1
4825.449	0.5	4825449	catch	32671	n/a	catch_padded.jpg	photodiode	0
4825.823	0.0	4825823	response	6	n/a	n/a	trigger	0
4827.35	0.5	4827350	trained	32742	25	memtrain/o_358_2.jpg	photodiode	1
4828.143	0.5	4828143	trained	32754	13	memtrain/o_136_1.jpg	photodiode	1
4829.093	0.5	4829093	trained	32761	6	memtrain/o_076_1.jpg	photodiode	1
4829.844	0.5	4829844	trained	32727	40	memtrain/o_648_2.jpg	photodiode	1
4830.795	0.5	4830795	catch	32671	n/a	catch_padded.jpg	photodiode	0
4831.145	0.0	4831145	response	6	n/a	n/a	trigger	0
4832.897	0.5	4832897	untrained	32696	71	memtrain/o_483_1.jpg	photodiode	1
4833.747	0.5	4833747	untrained	32712	55	memtrain/o_153_2.jpg	photodiode	1
4834.498	0.5	4834498	untrained	32684	83	memtrain/so_105_1.jpg	photodiode	1
4835.249	0.5	4835249	catch	32671	n/a	catch_padded.jpg	photodiode	0
4835.737	0.0	4835737	response	6	n/a	n/a	trigger	0
4837.2	0.5	4837200	untrained	32708	59	memtrain/o_201_2.jpg	photodiode	1
4838.001	0.5	4838001	trained	32755	12	memtrain/o_127_2.jpg	photodiode	1
4838.802	0.5	4838802	untrained	32700	67	memtrain/o_378_1.jpg	photodiode	1
4839.752	0.5	4839752	trained	32752	15	memtrain/o_195_1.jpg	photodiode	1
4840.603	0.5	4840603	catch	32671	n/a	catch_padded.jpg	photodiode	0
4840.947	0.0	4840947	response	6	n/a	n/a	trigger	0
4842.605	0.5	4842605	trained	32757	10	memtrain/o_111_2.jpg	photodiode	1
4843.506	0.5	4843506	trained	32750	17	memtrain/o_232_1.jpg	photodiode	1
4844.456	0.5	4844456	trained	32738	29	memtrain/o_416_1.jpg	photodiode	1
4845.307	0.5	4845307	catch	32671	n/a	catch_padded.jpg	photodiode	0
4845.659	0.0	4845659	response	6	n/a	n/a	trigger	0
4847.209	0.5	4847209	trained	32730	37	memtrain/o_597_1.jpg	photodiode	1
4848.009	0.5	4848009	trained	32728	39	memtrain/o_606_1.jpg	photodiode	1
4848.86	0.5	4848860	untrained	32698	69	memtrain/o_464_2.jpg	photodiode	1
4849.711	0.5	4849711	catch	32671	n/a	catch_padded.jpg	photodiode	0
4850.018	0.0	4850018	response	6	n/a	n/a	trigger	0
4851.763	0.5	4851763	untrained	32706	61	memtrain/o_298_2.jpg	photodiode	1
4852.505	0.5	4852505	untrained	32704	63	memtrain/o_310_2.jpg	photodiode	1
4853.456	0.5	4853456	trained	32745	22	memtrain/o_321_1.jpg	photodiode	1
4854.356	0.5	4854356	catch	32671	n/a	catch_padded.jpg	photodiode	0
4854.746	0.0	4854746	response	6	n/a	n/a	trigger	0
4856.358	0.5	4856358	trained	32764	3	memtrain/o_040_2.jpg	photodiode	1
4857.159	0.5	4857159	trained	32767	0	memtrain/o_006_1.jpg	photodiode	1
4858.018	0.5	4858018	trained	32747	20	memtrain/o_290_1.jpg	photodiode	1
4858.86	0.5	4858860	trained	32759	8	memtrain/o_094_1.jpg	photodiode	1
4859.761	0.5	4859761	trained	32732	35	memtrain/o_561_2.jpg	photodiode	1
4859.958	0.0	4859958	response	6	n/a	n/a	trigger	0
4860.512	0.5	4860512	catch	32671	n/a	catch_padded.jpg	photodiode	0
4862.613	0.5	4862613	untrained	32716	51	memtrain/o_103_2.jpg	photodiode	1
4863.464	0.5	4863464	untrained	32692	75	memtrain/o_564_1.jpg	photodiode	1
4864.315	0.5	4864315	trained	32725	42	memtrain/so_034_2.jpg	photodiode	1
4865.216	0.5	4865216	catch	32671	n/a	catch_padded.jpg	photodiode	0
4865.55	0.0	4865550	response	6	n/a	n/a	trigger	0
4867.317	0.5	4867317	trained	32722	45	memtrain/so_090_2.jpg	photodiode	1
4868.218	0.5	4868218	trained	32751	16	memtrain/o_199_2.jpg	photodiode	1
4869.019	0.5	4869019	untrained	32703	64	memtrain/o_334_2.jpg	photodiode	1
4869.97	0.5	4869970	trained	32729	38	memtrain/o_603_1.jpg	photodiode	1
4870.87	0.5	4870870	untrained	32681	86	memtrain/o_288_1.jpg	photodiode	1
4871.771	0.5	4871771	catch	32671	n/a	catch_padded.jpg	photodiode	0
4872.052	0.0	4872052	response	6	n/a	n/a	trigger	0
4873.773	0.5	4873773	trained	32723	44	memtrain/so_045_1.jpg	photodiode	1
4874.523	0.5	4874523	untrained	32673	94	memtrain/so_067_1.jpg	photodiode	1
4875.324	0.5	4875324	trained	32765	2	memtrain/o_035_1.jpg	photodiode	1
4876.225	0.5	4876225	untrained	32702	65	memtrain/o_337_2.jpg	photodiode	1
4877.126	0.5	4877126	untrained	32714	53	memtrain/o_142_2.jpg	photodiode	1
4877.926	0.5	4877926	catch	32671	n/a	catch_padded.jpg	photodiode	0
4878.295	0.0	4878295	response	6	n/a	n/a	trigger	0
4879.878	0.5	4879878	trained	32756	11	memtrain/o_117_2.jpg	photodiode	1
4880.67	0.5	4880670	trained	32758	9	memtrain/o_101_2.jpg	photodiode	1
4881.521	0.5	4881521	trained	32741	26	memtrain/o_376_1.jpg	photodiode	1
4882.38	0.5	4882380	untrained	32675	92	memtrain/so_033_1.jpg	photodiode	1
4883.173	0.5	4883173	untrained	32678	89	memtrain/o_469_1.jpg	photodiode	1
4883.931	0.5	4883931	catch	32671	n/a	catch_padded.jpg	photodiode	0
4884.306	0.0	4884306	response	6	n/a	n/a	trigger	0
4885.925	0.5	4885925	untrained	32677	90	memtrain/o_580_1.jpg	photodiode	1
4886.876	0.5	4886876	trained	32749	18	memtrain/o_264_2.jpg	photodiode	1
4887.676	0.5	4887676	trained	32748	19	memtrain/o_284_2.jpg	photodiode	1
4888.477	0.5	4888477	untrained	32713	54	memtrain/o_145_1.jpg	photodiode	1
4889.228	0.5	4889228	catch	32671	n/a	catch_padded.jpg	photodiode	0
4889.534	0.0	4889534	response	6	n/a	n/a	trigger	0
4891.279	0.5	4891279	trained	32720	47	memtrain/so_147_2.jpg	photodiode	1
4892.03	0.5	4892030	trained	32736	31	memtrain/o_465_2.jpg	photodiode	1
4892.931	0.5	4892931	untrained	32710	57	memtrain/o_171_1.jpg	photodiode	1
4893.832	0.5	4893832	untrained	32689	78	memtrain/o_599_1.jpg	photodiode	1
4894.632	0.5	4894632	catch	32671	n/a	catch_padded.jpg	photodiode	0
4895.035	0.0	4895035	response	6	n/a	n/a	trigger	0
4896.634	0.5	4896634	trained	32726	41	memtrain/o_663_2.jpg	photodiode	1
4897.585	0.5	4897585	trained	32733	34	memtrain/o_558_2.jpg	photodiode	1
4898.486	0.5	4898486	untrained	32690	77	memtrain/o_574_2.jpg	photodiode	1
4899.286	0.5	4899286	catch	32671	n/a	catch_padded.jpg	photodiode	0
4899.865	0.0	4899865	response	6	n/a	n/a	trigger	0
4901.388	0.5	4901388	trained	32737	30	memtrain/o_437_2.jpg	photodiode	1
4902.339	0.5	4902339	trained	32740	27	memtrain/o_379_2.jpg	photodiode	1
4903.14	0.5	4903140	trained	32744	23	memtrain/o_338_2.jpg	photodiode	1
4903.89	0.5	4903890	untrained	32685	82	memtrain/o_656_1.jpg	photodiode	1
4904.841	0.5	4904841	catch	32671	n/a	catch_padded.jpg	photodiode	0
4905.123	0.0	4905123	response	6	n/a	n/a	trigger	0
4906.843	0.5	4906843	untrained	32680	87	memtrain/o_365_1.jpg	photodiode	1
4907.643	0.5	4907643	untrained	32674	93	memtrain/so_035_1.jpg	photodiode	1
4908.394	0.5	4908394	trained	32731	36	memtrain/o_583_1.jpg	photodiode	1
4909.145	0.5	4909145	untrained	32707	60	memtrain/o_228_2.jpg	photodiode	1
4909.895	0.5	4909895	catch	32671	n/a	catch_padded.jpg	photodiode	0
4910.253	0.0	4910253	response	6	n/a	n/a	trigger	0
4911.947	0.5	4911947	untrained	32676	91	memtrain/o_605_1.jpg	photodiode	1
4912.798	0.5	4912798	untrained	32686	81	memtrain/o_655_2.jpg	photodiode	1
4913.74	0.5	4913740	untrained	32709	58	memtrain/o_192_1.jpg	photodiode	1
4914.591	0.5	4914591	catch	32671	n/a	catch_padded.jpg	photodiode	0
4914.904	0.0	4914904	response	6	n/a	n/a	trigger	0
4916.492	0.5	4916492	untrained	32715	52	memtrain/o_141_1.jpg	photodiode	1
4917.343	0.5	4917343	untrained	32695	72	memtrain/o_490_1.jpg	photodiode	1
4918.252	0.5	4918252	trained	32760	7	memtrain/o_091_2.jpg	photodiode	1
4919.095	0.5	4919095	untrained	32694	73	memtrain/o_519_2.jpg	photodiode	1
4919.845	0.5	4919845	untrained	32687	80	memtrain/o_613_1.jpg	photodiode	1
4920.746	0.5	4920746	catch	32671	n/a	catch_padded.jpg	photodiode	0
4921.064	0.0	4921064	response	6	n/a	n/a	trigger	0
4922.848	0.5	4922848	untrained	32672	95	memtrain/so_125_1.jpg	photodiode	1
4923.648	0.5	4923648	trained	32739	28	memtrain/o_397_1.jpg	photodiode	1
4924.449	0.5	4924449	untrained	32701	66	memtrain/o_342_2.jpg	photodiode	1
4925.3	0.5	4925300	untrained	32718	49	memtrain/o_054_2.jpg	photodiode	1
4926.201	0.5	4926201	untrained	32699	68	memtrain/o_393_1.jpg	photodiode	1
4927.051	0.5	4927051	catch	32671	n/a	catch_padded.jpg	photodiode	0
4927.359	0.0	4927359	response	6	n/a	n/a	trigger	0
4928.953	0.5	4928953	trained	32735	32	memtrain/o_485_2.jpg	photodiode	1
4929.804	0.5	4929804	untrained	32697	70	memtrain/o_471_2.jpg	photodiode	1
4930.755	0.5	4930755	trained	32753	14	memtrain/o_174_1.jpg	photodiode	1
4931.505	0.5	4931505	catch	32671	n/a	catch_padded.jpg	photodiode	0
4931.83	0.0	4931830	response	6	n/a	n/a	trigger	0
4933.557	0.5	4933557	trained	32724	43	memtrain/so_043_2.jpg	photodiode	1
4934.308	0.5	4934308	untrained	32719	48	memtrain/o_019_2.jpg	photodiode	1
4935.108	0.5	4935108	untrained	32693	74	memtrain/o_550_1.jpg	photodiode	1
4936.059	0.5	4936059	untrained	32691	76	memtrain/o_570_1.jpg	photodiode	1
4937.01	0.5	4937010	trained	32762	5	memtrain/o_067_1.jpg	photodiode	1
4937.81	0.5	4937810	catch	32671	n/a	catch_padded.jpg	photodiode	0
4938.178	0.0	4938178	response	6	n/a	n/a	trigger	0
4939.812	0.5	4939812	untrained	32683	84	memtrain/so_117_2.jpg	photodiode	1
4940.763	0.5	4940763	trained	32721	46	memtrain/so_113_1.jpg	photodiode	1
4941.664	0.5	4941664	untrained	32705	62	memtrain/o_304_1.jpg	photodiode	1
4942.456	0.5	4942456	untrained	32711	56	memtrain/o_163_2.jpg	photodiode	1
4943.365	0.5	4943365	catch	32671	n/a	catch_padded.jpg	photodiode	0
4943.687	0.0	4943687	response	6	n/a	n/a	trigger	0
4945.359	0.5	4945359	untrained	32682	85	memtrain/o_218_1.jpg	photodiode	1
4946.159	0.5	4946159	trained	32746	21	memtrain/o_319_1.jpg	photodiode	1
4947.06	0.5	4947060	trained	32743	24	memtrain/o_357_1.jpg	photodiode	1
4947.911	0.5	4947911	catch	32671	n/a	catch_padded.jpg	photodiode	0
4948.401	0.0	4948401	response	6	n/a	n/a	trigger	0
4949.963	0.5	4949963	untrained	32717	50	memtrain/o_057_2.jpg	photodiode	1
4950.763	0.5	4950763	untrained	32688	79	memtrain/o_600_1.jpg	photodiode	1
4951.614	0.5	4951614	trained	32766	1	memtrain/o_015_1.jpg	photodiode	1
4952.365	0.5	4952365	trained	32734	33	memtrain/o_536_1.jpg	photodiode	1
4953.315	0.5	4953315	catch	32671	n/a	catch_padded.jpg	photodiode	0
4953.59	0.0	4953590	response	6	n/a	n/a	trigger	0
4959.793	0.0	4959793	block_end	120	n/a	n/a	trigger	0
