onset	duration	sample	trial_type	value	object_id	stimulus_id	onset_source	analysis_include
20.122	0.0	20122	response	7	n/a	n/a	trigger	0
20.132	0.0	20132	block_onset	101	n/a	n/a	trigger	0
22.188	0.5	22188	trained	32737	30	memtrain/o_437_2.jpg	photodiode	1
22.938	0.5	22938	untrained	32706	61	memtrain/o_298_2.jpg	photodiode	1
23.889	0.5	23889	trained	32744	23	memtrain/o_338_2.jpg	photodiode	1
24.79	0.5	24790	trained	32723	44	memtrain/so_045_1.jpg	photodiode	1
25.64	0.5	25640	trained	32731	36	memtrain/o_583_1.jpg	photodiode	1
26.441	0.5	26441	catch	32671	n/a	catch_padded.jpg	photodiode	0
26.807	0.0	26807	response	7	n/a	n/a	trigger	0
28.493	0.5	28493	untrained	32703	64	memtrain/o_334_2.jpg	photodiode	1
29.294	0.5	29294	untrained	32692	75	memtrain/o_564_1.jpg	photodiode	1
30.036	0.5	30036	trained	32746	21	memtrain/o_319_1.jpg	photodiode	1
30.936	0.5	30936	untrained	32672	95	memtrain/so_125_1.jpg	photodiode	1
31.737	0.5	31737	trained	32725	42	memtrain/so_034_2.jpg	photodiode	1
32.538	0.5	32538	catch	32671	n/a	catch_padded.jpg	photodiode	0
32.901	0.0	32901	response	7	n/a	n/a	trigger	0
34.439	0.5	34439	trained	32732	35	memtrain/o_561_2.jpg	photodiode	1
35.39	0.5	35390	trained	32748	19	memtrain/o_284_2.jpg	photodiode	1
36.341	0.5	36341	untrained	32697	70	memtrain/o_471_2.jpg	photodiode	1
37.092	0.5	37092	catch	32671	n/a	catch_padded.jpg	photodiode	0
37.506	0.0	37506	response	7	n/a	n/a	trigger	0
39.093	0.5	39093	trained	32745	22	memtrain/o_321_1.jpg	photodiode	1
39.994	0.5	39994	trained	32749	18	memtrain/o_264_2.jpg	photodiode	1
40.795	0.5	40795	trained	32752	15	memtrain/o_195_1.jpg	photodiode	1
41.645	0.5	41645	catch	32671	n/a	catch_padded.jpg	photodiode	0
42.021	0.0	42021	response	7	n/a	n/a	trigger	0
43.547	0.5	43547	untrained	32712	55	memtrain/o_153_2.jpg	photodiode	1
44.348	0.5	44348	untrained	32696	71	memtrain/o_483_1.jpg	photodiode	1
45.249	0.5	45249	untrained	32679	88	memtrain/o_458_1.jpg	photodiode	1
46.049	0.5	46049	untrained	32713	54	memtrain/o_145_1.jpg	photodiode	1
46.9	0.5	46900	catch	32671	n/a	catch_padded.jpg	photodiode	0
47.288	0.0	47288	response	7	n/a	n/a	trigger	0
48.952	0.5	48952	untrained	32717	50	memtrain/o_057_2.jpg	photodiode	1
49.852	0.5	49852	untrained	32680	87	memtrain/o_365_1.jpg	photodiode	1
50.653	0.5	50653	trained	32750	17	memtrain/o_232_1.jpg	photodiode	1
51.604	0.5	51604	untrained	32686	81	memtrain/o_655_2.jpg	photodiode	1
52.405	0.5	52405	trained	32747	20	memtrain/o_290_1.jpg	photodiode	1
53.355	0.5	53355	catch	32671	n/a	catch_padded.jpg	photodiode	0
53.754	0.0	53754	response	7	n/a	n/a	trigger	0
55.357	0.5	55357	trained	32759	8	memtrain/o_094_1.jpg	photodiode	1
56.108	0.5	56108	untrained	32699	68	memtrain/o_393_1.jpg	photodiode	1
56.958	0.5	56958	untrained	32682	85	memtrain/o_218_1.jpg	photodiode	1
57.759	0.5	57759	catch	32671	n/a	catch_padded.jpg	photodiode	0
58.169	0.0	58169	response	7	n/a	n/a	trigger	0
59.661	0.5	59661	trained	32742	25	memtrain/o_358_2.jpg	photodiode	1
60.503	0.5	60503	trained	32739	28	memtrain/o_397_1.jpg	photodiode	1
61.254	0.5	61254	untrained	32714	53	memtrain/o_142_2.jpg	photodiode	1
62.163	0.5	62163	trained	32743	24	memtrain/o_357_1.jpg	photodiode	1
62.905	0.5	62905	catch	32671	n/a	catch_padded.jpg	photodiode	0
63.262	0.0	63262	response	7	n/a	n/a	trigger	0
64.907	0.5	64907	untrained	32674	93	memtrain/so_035_1.jpg	photodiode	1
65.708	0.5	65708	untrained	32709	58	memtrain/o_192_1.jpg	photodiode	1
66.508	0.5	66508	trained	32730	37	memtrain/o_597_1.jpg	photodiode	1
67.259	0.5	67259	untrained	32715	52	memtrain/o_141_1.jpg	photodiode	1
68.16	0.5	68160	catch	32671	n/a	catch_padded.jpg	photodiode	0
68.506	0.0	68506	response	7	n/a	n/a	trigger	0
70.162	0.5	70162	trained	32728	39	memtrain/o_606_1.jpg	photodiode	1
70.962	0.5	70962	trained	32753	14	memtrain/o_174_1.jpg	photodiode	1
71.763	0.5	71763	trained	32751	16	memtrain/o_199_2.jpg	photodiode	1
72.614	0.5	72614	trained	32722	45	memtrain/so_090_2.jpg	photodiode	1
73.364	0.5	73364	trained	32720	47	memtrain/so_147_2.jpg	photodiode	1
74.265	0.5	74265	catch	32671	n/a	catch_padded.jpg	photodiode	0
74.583	0.0	74583	response	7	n/a	n/a	trigger	0
76.267	0.5	76267	untrained	32688	79	memtrain/o_600_1.jpg	photodiode	1
77.218	0.5	77218	untrained	32678	89	memtrain/o_469_1.jpg	photodiode	1
78.018	0.5	78018	untrained	32675	92	memtrain/so_033_1.jpg	photodiode	1
78.869	0.5	78869	untrained	32695	72	memtrain/o_490_1.jpg	photodiode	1
79.67	0.5	79670	catch	32671	n/a	catch_padded.jpg	photodiode	0
80.03	0.0	80030	response	7	n/a	n/a	trigger	0
81.621	0.5	81621	trained	32726	41	memtrain/o_663_2.jpg	photodiode	1
82.422	0.5	82422	untrained	32687	80	memtrain/o_613_1.jpg	photodiode	1
83.373	0.5	83373	untrained	32700	67	memtrain/o_378_1.jpg	photodiode	1
84.223	0.5	84223	untrained	32676	91	memtrain/o_605_1.jpg	photodiode	1
84.974	0.5	84974	untrained	32693	74	memtrain/o_550_1.jpg	photodiode	1
85.925	0.5	85925	catch	32671	n/a	catch_padded.jpg	photodiode	0
86.195	0.0	86195	response	7	n/a	n/a	trigger	0
87.977	0.5	87977	untrained	32681	86	memtrain/o_288_1.jpg	photodiode	1
88.869	0.5	88869	untrained	32711	56	memtrain/o_163_2.jpg	photodiode	1
89.619	0.5	89619	untrained	32707	60	memtrain/o_228_2.jpg	photodiode	1
90.37	0.5	90370	untrained	32718	49	memtrain/o_054_2.jpg	photodiode	1
91.121	0.5	91121	catch	32671	n/a	catch_padded.jpg	photodiode	0
91.506	0.0	91506	response	7	n/a	n/a	trigger	0
93.181	0.5	93181	trained	32756	11	memtrain/o_117_2.jpg	photodiode	1
94.123	0.5	94123	trained	32735	32	memtrain/o_485_2.jpg	photodiode	1
94.924	0.5	94924	untrained	32684	83	memtrain/so_105_1.jpg	photodiode	1
95.825	0.5	95825	catch	32671	n/a	catch_padded.jpg	photodiode	0
96.221	0.0	96221	response	7	n/a	n/a	trigger	0
97.927	0.5	97927	trained	32727	40	memtrain/o_648_2.jpg	photodiode	1
98.777	0.5	98777	trained	32764	3	memtrain/o_040_2.jpg	photodiode	1
99.628	0.5	99628	trained	32740	27	memtrain/o_379_2.jpg	photodiode	1
100.479	0.5	100479	untrained	32698	69	memtrain/o_464_2.jpg	photodiode	1
101.279	0.5	101279	catch	32671	n/a	catch_padded.jpg	photodiode	0
101.634	0.0	101634	response	7	n/a	n/a	trigger	0
103.231	0.5	103231	untrained	32716	51	memtrain/o_103_2.jpg	photodiode	1
103.982	0.5	103982	trained	32757	10	memtrain/o_111_2.jpg	photodiode	1
104.832	0.5	104832	untrained	32690	77	memtrain/o_574_2.jpg	photodiode	1
105.783	0.5	105783	untrained	32701	66	memtrain/o_342_2.jpg	photodiode	1
106.734	0.5	106734	catch	32671	n/a	catch_padded.jpg	photodiode	0
107.111	0.0	107111	response	7	n/a	n/a	trigger	0
108.786	0.5	108786	trained	32724	43	memtrain/so_043_2.jpg	photodiode	1
109.586	0.5	109586	trained	32758	9	memtrain/o_101_2.jpg	photodiode	1
110.387	0.5	110387	trained	32760	7	memtrain/o_091_2.jpg	photodiode	1
111.138	0.5	111138	trained	32762	5	memtrain/o_067_1.jpg	photodiode	1
112.089	0.5	112089	catch	32671	n/a	catch_padded.jpg	photodiode	0
112.421	0.0	112421	response	7	n/a	n/a	trigger	0
114.14	0.5	114140	trained	32755	12	memtrain/o_127_2.jpg	photodiode	1
114.941	0.5	114941	trained	32765	2	memtrain/o_035_1.jpg	photodiode	1
115.792	0.5	115792	untrained	32694	73	memtrain/o_519_2.jpg	photodiode	1
116.692	0.5	116692	catch	32671	n/a	catch_padded.jpg	photodiode	0
117.049	0.0	117049	response	7	n/a	n/a	trigger	0
118.686	0.5	118686	trained	32766	1	memtrain/o_015_1.jpg	photodiode	1
119.545	0.5	119545	trained	32733	34	memtrain/o_558_2.jpg	photodiode	1
120.346	0.5	120346	untrained	32710	57	memtrain/o_171_1.jpg	photodiode	1
121.288	0.5	121288	trained	32734	33	memtrain/o_536_1.jpg	photodiode	1
122.089	0.5	122089	trained	32761	6	memtrain/o_076_1.jpg	photodiode	1
122.84	0.5	122840	catch	32671	n/a	catch_padded.jpg	photodiode	0
123.243	0.0	123243	response	7	n/a	n/a	trigger	0
124.741	0.5	124741	trained	32763	4	memtrain/o_042_1.jpg	photodiode	1
125.592	0.5	125592	untrained	32704	63	memtrain/o_310_2.jpg	photodiode	1
126.443	0.5	126443	trained	32721	46	memtrain/so_113_1.jpg	photodiode	1
127.343	0.5	127343	catch	32671	n/a	catch_padded.jpg	photodiode	0
127.686	0.0	127686	response	7	n/a	n/a	trigger	0
129.445	0.5	129445	untrained	32705	62	memtrain/o_304_1.jpg	photodiode	1
130.346	0.5	130346	untrained	32691	76	memtrain/o_570_1.jpg	photodiode	1
131.297	0.5	131297	trained	32736	31	memtrain/o_465_2.jpg	photodiode	1
132.197	0.5	132197	catch	32671	n/a	catch_padded.jpg	photodiode	0
132.569	0.0	132569	response	7	n/a	n/a	trigger	0
134.199	0.5	134199	untrained	32708	59	memtrain/o_201_2.jpg	photodiode	1
135.15	0.5	135150	trained	32754	13	memtrain/o_136_1.jpg	photodiode	1
135.951	0.5	135951	untrained	32685	82	memtrain/o_656_1.jpg	photodiode	1
136.701	0.5	136701	catch	32671	n/a	catch_padded.jpg	photodiode	0
137.039	0.0	137039	response	7	n/a	n/a	trigger	0
138.703	0.5	138703	untrained	32702	65	memtrain/o_337_2.jpg	photodiode	1
139.604	0.5	139604	trained	32741	26	memtrain/o_376_1.jpg	photodiode	1
140.354	0.5	140354	untrained	32673	94	memtrain/so_067_1.jpg	photodiode	1
141.305	0.5	141305	untrained	32689	78	memtrain/o_599_1.jpg	photodiode	1
142.206	0.5	142206	trained	32729	38	memtrain/o_603_1.jpg	photodiode	1
143.057	0.5	143057	catch	32671	n/a	catch_padded.jpg	photodiode	0
143.458	0.0	143458	response	7	n/a	n/a	trigger	0
145.058	0.5	145058	untrained	32719	48	memtrain/o_019_2.jpg	photodiode	1
145.809	0.5	145809	untrained	32677	90	memtrain/o_580_1.jpg	photodiode	1
146.71	0.5	146710	untrained	32683	84	memtrain/so_117_2.jpg	photodiode	1
147.661	0.5	147661	trained	32738	29	memtrain/o_416_1.jpg	photodiode	1
148.511	0.5	148511	trained	32767	0	memtrain/o_006_1.jpg	photodiode	1
149.412	0.5	149412	catch	32671	n/a	catch_padded.jpg	photodiode	0
149.798	0.0	149798	response	7	n/a	n/a	trigger	0
151.505	0.5	151505	untrained	32703	64	memtrain/o_334_2.jpg	photodiode	1
152.264	0.5	152264	untrained	32673	94	memtrain/so_067_1.jpg	photodiode	1
153.007	0.5	153007	untrained	32687	80	memtrain/o_613_1.jpg	photodiode	1
153.857	0.5	153857	catch	32671	n/a	catch_padded.jpg	photodiode	0
154.231	0.0	154231	response	7	n/a	n/a	trigger	0
155.909	0.5	155909	untrained	32678	89	memtrain/o_469_1.jpg	photodiode	1
156.71	0.5	156710	trained	32739	28	memtrain/o_397_1.jpg	photodiode	1
157.66	0.5	157660	trained	32752	15	memtrain/o_195_1.jpg	photodiode	1
158.461	0.5	158461	trained	32734	33	memtrain/o_536_1.jpg	photodiode	1
159.412	0.5	159412	trained	32732	35	memtrain/o_561_2.jpg	photodiode	1
160.163	0.5	160163	catch	32671	n/a	catch_padded.jpg	photodiode	0
160.61	0.0	160610	response	7	n/a	n/a	trigger	0
162.264	0.5	162264	untrained	32694	73	memtrain/o_519_2.jpg	photodiode	1
163.115	0.5	163115	untrained	32712	55	memtrain/o_153_2.jpg	photodiode	1
163.866	0.5	163866	untrained	32711	56	memtrain/o_163_2.jpg	photodiode	1
164.666	0.5	164666	trained	32727	40	memtrain/o_648_2.jpg	photodiode	1
165.567	0.5	165567	trained	32751	16	memtrain/o_199_2.jpg	photodiode	1
166.368	0.5	166368	catch	32671	n/a	catch_padded.jpg	photodiode	0
166.699	0.0	166699	response	7	n/a	n/a	trigger	0
168.37	0.5	168370	untrained	32691	76	memtrain/o_570_1.jpg	photodiode	1
169.22	0.5	169220	trained	32760	7	memtrain/o_091_2.jpg	photodiode	1
170.121	0.5	170121	untrained	32715	52	memtrain/o_141_1.jpg	photodiode	1
170.922	0.5	170922	trained	32766	1	memtrain/o_015_1.jpg	photodiode	1
171.822	0.5	171822	catch	32671	n/a	catch_padded.jpg	photodiode	0
172.188	0.0	172188	response	7	n/a	n/a	trigger	0
173.924	0.5	173924	trained	32724	43	memtrain/so_043_2.jpg	photodiode	1
174.875	0.5	174875	trained	32736	31	memtrain/o_465_2.jpg	photodiode	1
175.676	0.5	175676	untrained	32702	65	memtrain/o_337_2.jpg	photodiode	1
176.476	0.5	176476	catch	32671	n/a	catch_padded.jpg	photodiode	0
176.86	0.0	176860	response	7	n/a	n/a	trigger	0
178.428	0.5	178428	trained	32731	36	memtrain/o_583_1.jpg	photodiode	1
179.171	0.5	179171	untrained	32684	83	memtrain/so_105_1.jpg	photodiode	1
179.921	0.5	179921	untrained	32701	66	memtrain/o_342_2.jpg	photodiode	1
180.822	0.5	180822	untrained	32710	57	memtrain/o_171_1.jpg	photodiode	1
181.723	0.5	181723	catch	32671	n/a	catch_padded.jpg	photodiode	0
182.035	0.0	182035	response	7	n/a	n/a	trigger	0
183.674	0.5	183674	untrained	32708	59	memtrain/o_201_2.jpg	photodiode	1
184.625	0.5	184625	trained	32759	8	memtrain/o_094_1.jpg	photodiode	1
185.376	0.5	185376	untrained	32679	88	memtrain/o_458_1.jpg	photodiode	1
186.327	0.5	186327	trained	32730	37	memtrain/o_597_1.jpg	photodiode	1
187.277	0.5	187277	catch	32671	n/a	catch_padded.jpg	photodiode	0
187.673	0.0	187673	response	7	n/a	n/a	trigger	0
189.279	0.5	189279	untrained	32705	62	memtrain/o_304_1.jpg	photodiode	1
190.03	0.5	190030	untrained	32690	77	memtrain/o_574_2.jpg	photodiode	1
190.78	0.5	190780	untrained	32692	75	memtrain/o_564_1.jpg	photodiode	1
191.581	0.5	191581	trained	32761	6	memtrain/o_076_1.jpg	photodiode	1
192.532	0.5	192532	untrained	32718	49	memtrain/o_054_2.jpg	photodiode	1
193.383	0.5	193383	catch	32671	n/a	catch_padded.jpg	photodiode	0
193.699	0.0	193699	response	7	n/a	n/a	trigger	0
195.484	0.5	195484	untrained	32709	58	memtrain/o_192_1.jpg	photodiode	1
196.235	0.5	196235	trained	32750	17	memtrain/o_232_1.jpg	photodiode	1
197.186	0.5	197186	untrained	32674	93	memtrain/so_035_1.jpg	photodiode	1
198.137	0.5	198137	trained	32757	10	memtrain/o_111_2.jpg	photodiode	1
198.887	0.5	198887	catch	32671	n/a	catch_padded.jpg	photodiode	0
199.296	0.0	199296	response	7	n/a	n/a	trigger	0
200.839	0.5	200839	untrained	32688	79	memtrain/o_600_1.jpg	photodiode	1
201.79	0.5	201790	trained	32735	32	memtrain/o_485_2.jpg	photodiode	1
202.59	0.5	202590	trained	32748	19	memtrain/o_284_2.jpg	photodiode	1
203.541	0.5	203541	trained	32728	39	memtrain/o_606_1.jpg	photodiode	1
204.342	0.5	204342	catch	32671	n/a	catch_padded.jpg	photodiode	0
204.732	0.0	204732	response	7	n/a	n/a	trigger	0
206.394	0.5	206394	untrained	32677	90	memtrain/o_580_1.jpg	photodiode	1
207.336	0.5	207336	trained	32721	46	memtrain/so_113_1.jpg	photodiode	1
208.087	0.5	208087	untrained	32693	74	memtrain/o_550_1.jpg	photodiode	1
208.987	0.5	208987	catch	32671	n/a	catch_padded.jpg	photodiode	0
209.392	0.0	209392	response	7	n/a	n/a	trigger	0
210.939	0.5	210939	trained	32738	29	memtrain/o_416_1.jpg	photodiode	1
211.79	0.5	211790	trained	32743	24	memtrain/o_357_1.jpg	photodiode	1
212.74	0.5	212740	untrained	32695	72	memtrain/o_490_1.jpg	photodiode	1
213.641	0.5	213641	trained	32740	27	memtrain/o_379_2.jpg	photodiode	1
214.392	0.5	214392	catch	32671	n/a	catch_padded.jpg	photodiode	0
214.795	0.0	214795	response	7	n/a	n/a	trigger	0
216.293	0.5	216293	untrained	32689	78	memtrain/o_599_1.jpg	photodiode	1
217.044	0.5	217044	trained	32765	2	memtrain/o_035_1.jpg	photodiode	1
217.845	0.5	217845	trained	32726	41	memtrain/o_663_2.jpg	photodiode	1
218.696	0.5	218696	catch	32671	n/a	catch_padded.jpg	photodiode	0
219.103	0.0	219103	response	7	n/a	n/a	trigger	0
220.647	0.5	220647	untrained	32685	82	memtrain/o_656_1.jpg	photodiode	1
221.398	0.5	221398	trained	32763	4	memtrain/o_042_1.jpg	photodiode	1
222.349	0.5	222349	trained	32746	21	memtrain/o_319_1.jpg	photodiode	1
223.299	0.5	223299	catch	32671	n/a	catch_padded.jpg	photodiode	0
223.638	0.0	223638	response	7	n/a	n/a	trigger	0
225.201	0.5	225201	trained	32747	20	memtrain/o_290_1.jpg	photodiode	1
225.952	0.5	225952	untrained	32672	95	memtrain/so_125_1.jpg	photodiode	1
226.802	0.5	226802	trained	32764	3	memtrain/o_040_2.jpg	photodiode	1
227.653	0.5	227653	catch	32671	n/a	catch_padded.jpg	photodiode	0
227.985	0.0	227985	response	7	n/a	n/a	trigger	0
229.655	0.5	229655	trained	32720	47	memtrain/so_147_2.jpg	photodiode	1
230.556	0.5	230556	untrained	32686	81	memtrain/o_655_2.jpg	photodiode	1
231.506	0.5	231506	untrained	32717	50	memtrain/o_057_2.jpg	photodiode	1
232.357	0.5	232357	catch	32671	n/a	catch_padded.jpg	photodiode	0
232.728	0.0	232728	response	7	n/a	n/a	trigger	0
234.309	0.5	234309	trained	32755	12	memtrain/o_127_2.jpg	photodiode	1
235.159	0.5	235159	trained	32741	26	memtrain/o_376_1.jpg	photodiode	1
236.052	0.5	236052	untrained	32682	85	memtrain/o_218_1.jpg	photodiode	1
236.903	0.5	236903	untrained	32675	92	memtrain/so_033_1.jpg	photodiode	1
237.654	0.5	237654	catch	32671	n/a	catch_padded.jpg	photodiode	0
238.028	0.0	238028	response	7	n/a	n/a	trigger	0
239.755	0.5	239755	untrained	32707	60	memtrain/o_228_2.jpg	photodiode	1
240.506	0.5	240506	trained	32762	5	memtrain/o_067_1.jpg	photodiode	1
241.357	0.5	241357	trained	32745	22	memtrain/o_321_1.jpg	photodiode	1
242.307	0.5	242307	trained	32753	14	memtrain/o_174_1.jpg	photodiode	1
243.158	0.5	243158	catch	32671	n/a	catch_padded.jpg	photodiode	0
243.512	0.0	243512	response	7	n/a	n/a	trigger	0
245.06	0.5	245060	untrained	32713	54	memtrain/o_145_1.jpg	photodiode	1
245.961	0.5	245961	untrained	32676	91	memtrain/o_605_1.jpg	photodiode	1
246.861	0.5	246861	trained	32723	44	memtrain/so_045_1.jpg	photodiode	1
247.612	0.5	247612	untrained	32681	86	memtrain/o_288_1.jpg	photodiode	1
248.513	0.5	248513	trained	32758	9	memtrain/o_101_2.jpg	photodiode	1
249.413	0.5	249413	catch	32671	n/a	catch_padded.jpg	photodiode	0
249.754	0.0	249754	response	7	n/a	n/a	trigger	0
251.465	0.5	251465	untrained	32697	70	memtrain/o_471_2.jpg	photodiode	1
252.316	0.5	252316	trained	32742	25	memtrain/o_358_2.jpg	photodiode	1
253.067	0.5	253067	trained	32749	18	memtrain/o_264_2.jpg	photodiode	1
253.867	0.5	253867	trained	32722	45	memtrain/so_090_2.jpg	photodiode	1
254.668	0.5	254668	untrained	32714	53	memtrain/o_142_2.jpg	photodiode	1
255.619	0.5	255619	catch	32671	n/a	catch_padded.jpg	photodiode	0
255.959	0.0	255959	response	7	n/a	n/a	trigger	0
257.67	0.5	257670	trained	32729	38	memtrain/o_603_1.jpg	photodiode	1
258.571	0.5	258571	trained	32744	23	memtrain/o_338_2.jpg	photodiode	1
259.472	0.5	259472	untrained	32699	68	memtrain/o_393_1.jpg	photodiode	1
260.373	0.5	260373	untrained	32696	71	memtrain/o_483_1.jpg	photodiode	1
261.123	0.5	261123	untrained	32719	48	memtrain/o_019_2.jpg	photodiode	1
261.974	0.5	261974	catch	32671	n/a	catch_padded.jpg	photodiode	0
262.367	0.0	262367	response	7	n/a	n/a	trigger	0
263.876	0.5	263876	untrained	32716	51	memtrain/o_103_2.jpg	photodiode	1
264.777	0.5	264777	untrained	32700	67	memtrain/o_378_1.jpg	photodiode	1
265.669	0.5	265669	trained	32733	34	memtrain/o_558_2.jpg	photodiode	1
266.619	0.5	266619	untrained	32683	84	memtrain/so_117_2.jpg	photodiode	1
267.57	0.5	267570	untrained	32698	69	memtrain/o_464_2.jpg	photodiode	1
268.471	0.5	268471	catch	32671	n/a	catch_padded.jpg	photodiode	0
268.815	0.0	268815	response	7	n/a	n/a	trigger	0
270.373	0.5	270373	untrained	32704	63	memtrain/o_310_2.jpg	photodiode	1
271.173	0.5	271173	trained	32725	42	memtrain/so_034_2.jpg	photodiode	1
271.974	0.5	271974	trained	32754	13	memtrain/o_136_1.jpg	photodiode	1
272.925	0.5	272925	catch	32671	n/a	catch_padded.jpg	photodiode	0
273.348	0.0	273348	response	7	n/a	n/a	trigger	0
275.027	0.5	275027	untrained	32706	61	memtrain/o_298_2.jpg	photodiode	1
275.977	0.5	275977	untrained	32680	87	memtrain/o_365_1.jpg	photodiode	1
276.828	0.5	276828	trained	32756	11	memtrain/o_117_2.jpg	photodiode	1
277.729	0.5	277729	trained	32767	0	memtrain/o_006_1.jpg	photodiode	1
278.68	0.5	278680	trained	32737	30	memtrain/o_437_2.jpg	photodiode	1
279.53	0.5	279530	catch	32671	n/a	catch_padded.jpg	photodiode	0
279.886	0.0	279886	response	7	n/a	n/a	trigger	0
282.005	0.0	282005	block_end	120	n/a	n/a	trigger	0
290.534	0.0	290534	response	7	n/a	n/a	trigger	0
290.545	0.0	290545	block_onset	102	n/a	n/a	trigger	0
292.6	0.5	292600	trained	32738	29	memtrain/o_416_1.jpg	photodiode	1
293.551	0.5	293551	trained	32750	17	memtrain/o_232_1.jpg	photodiode	1
294.502	0.5	294502	trained	32733	34	memtrain/o_558_2.jpg	photodiode	1
295.352	0.5	295352	catch	32671	n/a	catch_padded.jpg	photodiode	0
295.725	0.0	295725	response	7	n/a	n/a	trigger	0
297.254	0.5	297254	untrained	32706	61	memtrain/o_298_2.jpg	photodiode	1
298.205	0.5	298205	trained	32743	24	memtrain/o_357_1.jpg	photodiode	1
298.997	0.5	298997	trained	32737	30	memtrain/o_437_2.jpg	photodiode	1
299.806	0.5	299806	untrained	32685	82	memtrain/o_656_1.jpg	photodiode	1
300.698	0.5	300698	catch	32671	n/a	catch_padded.jpg	photodiode	0
301.034	0.0	301034	response	7	n/a	n/a	trigger	0
302.75	0.5	302750	untrained	32714	53	memtrain/o_142_2.jpg	photodiode	1
303.651	0.5	303651	untrained	32702	65	memtrain/o_337_2.jpg	photodiode	1
304.552	0.5	304552	trained	32749	18	memtrain/o_264_2.jpg	photodiode	1
305.302	0.5	305302	catch	32671	n/a	catch_padded.jpg	photodiode	0
305.686	0.0	305686	response	7	n/a	n/a	trigger	0
307.304	0.5	307304	untrained	32688	79	memtrain/o_600_1.jpg	photodiode	1
308.205	0.5	308205	trained	32723	44	memtrain/so_045_1.jpg	photodiode	1
308.955	0.5	308955	untrained	32694	73	memtrain/o_519_2.jpg	photodiode	1
309.806	0.5	309806	untrained	32707	60	memtrain/o_228_2.jpg	photodiode	1
310.765	0.5	310765	trained	32762	5	memtrain/o_067_1.jpg	photodiode	1
311.608	0.5	311608	catch	32671	n/a	catch_padded.jpg	photodiode	0
311.948	0.0	311948	response	7	n/a	n/a	trigger	0
313.609	0.5	313609	untrained	32689	78	memtrain/o_599_1.jpg	photodiode	1
314.51	0.5	314510	untrained	32698	69	memtrain/o_464_2.jpg	photodiode	1
315.361	0.5	315361	untrained	32712	55	memtrain/o_153_2.jpg	photodiode	1
316.161	0.5	316161	untrained	32672	95	memtrain/so_125_1.jpg	photodiode	1
317.012	0.5	317012	trained	32759	8	memtrain/o_094_1.jpg	photodiode	1
317.813	0.5	317813	catch	32671	n/a	catch_padded.jpg	photodiode	0
318.198	0.0	318198	response	7	n/a	n/a	trigger	0
319.765	0.5	319765	trained	32720	47	memtrain/so_147_2.jpg	photodiode	1
320.515	0.5	320515	untrained	32715	52	memtrain/o_141_1.jpg	photodiode	1
321.366	0.5	321366	trained	32761	6	memtrain/o_076_1.jpg	photodiode	1
322.117	0.5	322117	trained	32747	20	memtrain/o_290_1.jpg	photodiode	1
322.967	0.5	322967	trained	32744	23	memtrain/o_338_2.jpg	photodiode	1
323.768	0.5	323768	catch	32671	n/a	catch_padded.jpg	photodiode	0
324.116	0.0	324116	response	7	n/a	n/a	trigger	0
325.82	0.5	325820	untrained	32696	71	memtrain/o_483_1.jpg	photodiode	1
326.77	0.5	326770	untrained	32675	92	memtrain/so_033_1.jpg	photodiode	1
327.621	0.5	327621	trained	32728	39	memtrain/o_606_1.jpg	photodiode	1
328.514	0.5	328514	catch	32671	n/a	catch_padded.jpg	photodiode	0
328.916	0.0	328916	response	7	n/a	n/a	trigger	0
330.415	0.5	330415	trained	32756	11	memtrain/o_117_2.jpg	photodiode	1
331.266	0.5	331266	untrained	32687	80	memtrain/o_613_1.jpg	photodiode	1
332.217	0.5	332217	trained	32721	46	memtrain/so_113_1.jpg	photodiode	1
332.968	0.5	332968	trained	32757	10	memtrain/o_111_2.jpg	photodiode	1
333.818	0.5	333818	catch	32671	n/a	catch_padded.jpg	photodiode	0
334.257	0.0	334257	response	7	n/a	n/a	trigger	0
335.72	0.5	335720	trained	32725	42	memtrain/so_034_2.jpg	photodiode	1
336.571	0.5	336571	untrained	32709	58	memtrain/o_192_1.jpg	photodiode	1
337.421	0.5	337421	untrained	32683	84	memtrain/so_117_2.jpg	photodiode	1
338.372	0.5	338372	untrained	32710	57	memtrain/o_171_1.jpg	photodiode	1
339.223	0.5	339223	catch	32671	n/a	catch_padded.jpg	photodiode	0
339.529	0.0	339529	response	7	n/a	n/a	trigger	0
341.325	0.5	341325	trained	32722	45	memtrain/so_090_2.jpg	photodiode	1
342.175	0.5	342175	untrained	32674	93	memtrain/so_035_1.jpg	photodiode	1
342.976	0.5	342976	trained	32760	7	memtrain/o_091_2.jpg	photodiode	1
343.727	0.5	343727	untrained	32697	70	memtrain/o_471_2.jpg	photodiode	1
344.628	0.5	344628	catch	32671	n/a	catch_padded.jpg	photodiode	0
344.946	0.0	344946	response	7	n/a	n/a	trigger	0
346.679	0.5	346679	untrained	32684	83	memtrain/so_105_1.jpg	photodiode	1
347.48	0.5	347480	untrained	32686	81	memtrain/o_655_2.jpg	photodiode	1
348.431	0.5	348431	trained	32763	4	memtrain/o_042_1.jpg	photodiode	1
349.231	0.5	349231	trained	32734	33	memtrain/o_536_1.jpg	photodiode	1
350.132	0.5	350132	trained	32729	38	memtrain/o_603_1.jpg	photodiode	1
350.883	0.5	350883	catch	32671	n/a	catch_padded.jpg	photodiode	0
351.226	0.0	351226	response	7	n/a	n/a	trigger	0
352.935	0.5	352935	trained	32741	26	memtrain/o_376_1.jpg	photodiode	1
353.685	0.5	353685	untrained	32680	87	memtrain/o_365_1.jpg	photodiode	1
354.486	0.5	354486	untrained	32719	48	memtrain/o_019_2.jpg	photodiode	1
355.287	0.5	355287	untrained	32718	49	memtrain/o_054_2.jpg	photodiode	1
356.037	0.5	356037	catch	32671	n/a	catch_padded.jpg	photodiode	0
356.406	0.0	356406	response	7	n/a	n/a	trigger	0
358.08	0.5	358080	untrained	32703	64	memtrain/o_334_2.jpg	photodiode	1
358.84	0.5	358840	untrained	32717	50	memtrain/o_057_2.jpg	photodiode	1
359.64	0.5	359640	trained	32736	31	memtrain/o_465_2.jpg	photodiode	1
360.449	0.5	360449	untrained	32676	91	memtrain/o_605_1.jpg	photodiode	1
361.183	0.5	361183	catch	32671	n/a	catch_padded.jpg	photodiode	0
361.553	0.0	361553	response	7	n/a	n/a	trigger	0
363.193	0.5	363193	untrained	32705	62	memtrain/o_304_1.jpg	photodiode	1
363.985	0.5	363985	untrained	32679	88	memtrain/o_458_1.jpg	photodiode	1
364.886	0.5	364886	trained	32753	14	memtrain/o_174_1.jpg	photodiode	1
365.837	0.5	365837	catch	32671	n/a	catch_padded.jpg	photodiode	0
366.167	0.0	366167	response	7	n/a	n/a	trigger	0
367.739	0.5	367739	trained	32758	9	memtrain/o_101_2.jpg	photodiode	1
368.598	0.5	368598	trained	32755	12	memtrain/o_127_2.jpg	photodiode	1
369.399	0.5	369399	untrained	32673	94	memtrain/so_067_1.jpg	photodiode	1
370.191	0.5	370191	trained	32731	36	memtrain/o_583_1.jpg	photodiode	1
371.091	0.5	371091	untrained	32678	89	memtrain/o_469_1.jpg	photodiode	1
372.042	0.5	372042	catch	32671	n/a	catch_padded.jpg	photodiode	0
372.342	0.0	372342	response	7	n/a	n/a	trigger	0
374.144	0.5	374144	untrained	32701	66	memtrain/o_342_2.jpg	photodiode	1
374.945	0.5	374945	trained	32752	15	memtrain/o_195_1.jpg	photodiode	1
375.795	0.5	375795	trained	32766	1	memtrain/o_015_1.jpg	photodiode	1
376.646	0.5	376646	untrained	32704	63	memtrain/o_310_2.jpg	photodiode	1
377.397	0.5	377397	trained	32765	2	memtrain/o_035_1.jpg	photodiode	1
378.348	0.5	378348	catch	32671	n/a	catch_padded.jpg	photodiode	0
378.683	0.0	378683	response	7	n/a	n/a	trigger	0
380.249	0.5	380249	trained	32727	40	memtrain/o_648_2.jpg	photodiode	1
381.2	0.5	381200	trained	32739	28	memtrain/o_397_1.jpg	photodiode	1
381.951	0.5	381951	untrained	32695	72	memtrain/o_490_1.jpg	photodiode	1
382.751	0.5	382751	catch	32671	n/a	catch_padded.jpg	photodiode	0
383.173	0.0	383173	response	7	n/a	n/a	trigger	0
384.653	0.5	384653	untrained	32708	59	memtrain/o_201_2.jpg	photodiode	1
385.604	0.5	385604	untrained	32691	76	memtrain/o_570_1.jpg	photodiode	1
386.504	0.5	386504	trained	32748	19	memtrain/o_284_2.jpg	photodiode	1
387.305	0.5	387305	trained	32742	25	memtrain/o_358_2.jpg	photodiode	1
388.156	0.5	388156	catch	32671	n/a	catch_padded.jpg	photodiode	0
388.407	0.0	388407	response	7	n/a	n/a	trigger	0
390.208	0.5	390208	untrained	32699	68	memtrain/o_393_1.jpg	photodiode	1
390.95	0.5	390950	untrained	32692	75	memtrain/o_564_1.jpg	photodiode	1
391.801	0.5	391801	trained	32724	43	memtrain/so_043_2.jpg	photodiode	1
392.551	0.5	392551	trained	32767	0	memtrain/o_006_1.jpg	photodiode	1
393.302	0.5	393302	catch	32671	n/a	catch_padded.jpg	photodiode	0
393.671	0.0	393671	response	7	n/a	n/a	trigger	0
395.354	0.5	395354	untrained	32690	77	memtrain/o_574_2.jpg	photodiode	1
396.104	0.5	396104	untrained	32693	74	memtrain/o_550_1.jpg	photodiode	1
397.055	0.5	397055	untrained	32713	54	memtrain/o_145_1.jpg	photodiode	1
397.856	0.5	397856	trained	32740	27	memtrain/o_379_2.jpg	photodiode	1
398.657	0.5	398657	trained	32730	37	memtrain/o_597_1.jpg	photodiode	1
399.557	0.5	399557	catch	32671	n/a	catch_padded.jpg	photodiode	0
399.921	0.0	399921	response	7	n/a	n/a	trigger	0
401.509	0.5	401509	trained	32726	41	memtrain/o_663_2.jpg	photodiode	1
402.36	0.5	402360	trained	32764	3	memtrain/o_040_2.jpg	photodiode	1
403.311	0.5	403311	trained	32732	35	memtrain/o_561_2.jpg	photodiode	1
404.111	0.5	404111	catch	32671	n/a	catch_padded.jpg	photodiode	0
404.46	0.0	404460	response	7	n/a	n/a	trigger	0
406.163	0.5	406163	untrained	32716	51	memtrain/o_103_2.jpg	photodiode	1
407.064	0.5	407064	untrained	32681	86	memtrain/o_288_1.jpg	photodiode	1
407.914	0.5	407914	trained	32754	13	memtrain/o_136_1.jpg	photodiode	1
408.715	0.5	408715	catch	32671	n/a	catch_padded.jpg	photodiode	0
409.057	0.0	409057	response	7	n/a	n/a	trigger	0
410.717	0.5	410717	trained	32745	22	memtrain/o_321_1.jpg	photodiode	1
411.668	0.5	411668	untrained	32682	85	memtrain/o_218_1.jpg	photodiode	1
412.618	0.5	412618	untrained	32677	90	memtrain/o_580_1.jpg	photodiode	1
413.419	0.5	413419	trained	32751	16	memtrain/o_199_2.jpg	photodiode	1
414.27	0.5	414270	untrained	32700	67	memtrain/o_378_1.jpg	photodiode	1
415.221	0.5	415221	catch	32671	n/a	catch_padded.jpg	photodiode	0
415.558	0.0	415558	response	7	n/a	n/a	trigger	0
417.272	0.5	417272	untrained	32711	56	memtrain/o_163_2.jpg	photodiode	1
418.173	0.5	418173	trained	32746	21	memtrain/o_319_1.jpg	photodiode	1
418.932	0.5	418932	trained	32735	32	memtrain/o_485_2.jpg	photodiode	1
419.666	0.5	419666	trained	32766	1	memtrain/o_015_1.jpg	photodiode	1
420.425	0.5	420425	trained	32754	13	memtrain/o_136_1.jpg	photodiode	1
421.367	0.5	421367	catch	32671	n/a	catch_padded.jpg	photodiode	0
421.814	0.0	421814	response	7	n/a	n/a	trigger	0
423.369	0.5	423369	untrained	32713	54	memtrain/o_145_1.jpg	photodiode	1
424.27	0.5	424270	trained	32730	37	memtrain/o_597_1.jpg	photodiode	1
425.07	0.5	425070	untrained	32705	62	memtrain/o_304_1.jpg	photodiode	1
426.021	0.5	426021	untrained	32683	84	memtrain/so_117_2.jpg	photodiode	1
426.972	0.5	426972	catch	32671	n/a	catch_padded.jpg	photodiode	0
427.736	0.0	427736	response	7	n/a	n/a	trigger	0
428.874	0.5	428874	untrained	32675	92	memtrain/so_033_1.jpg	photodiode	1
429.724	0.5	429724	trained	32759	8	memtrain/o_094_1.jpg	photodiode	1
430.675	0.5	430675	untrained	32694	73	memtrain/o_519_2.jpg	photodiode	1
431.576	0.5	431576	trained	32755	12	memtrain/o_127_2.jpg	photodiode	1
432.427	0.5	432427	untrained	32685	82	memtrain/o_656_1.jpg	photodiode	1
433.177	0.5	433177	catch	32671	n/a	catch_padded.jpg	photodiode	0
433.559	0.0	433559	response	7	n/a	n/a	trigger	0
435.079	0.5	435079	untrained	32709	58	memtrain/o_192_1.jpg	photodiode	1
435.93	0.5	435930	untrained	32716	51	memtrain/o_103_2.jpg	photodiode	1
436.68	0.5	436680	trained	32740	27	memtrain/o_379_2.jpg	photodiode	1
437.431	0.5	437431	trained	32737	30	memtrain/o_437_2.jpg	photodiode	1
438.332	0.5	438332	catch	32671	n/a	catch_padded.jpg	photodiode	0
438.634	0.0	438634	response	7	n/a	n/a	trigger	0
440.433	0.5	440433	untrained	32672	95	memtrain/so_125_1.jpg	photodiode	1
441.184	0.5	441184	untrained	32695	72	memtrain/o_490_1.jpg	photodiode	1
442.085	0.5	442085	trained	32763	4	memtrain/o_042_1.jpg	photodiode	1
442.836	0.5	442836	catch	32671	n/a	catch_padded.jpg	photodiode	0
443.213	0.0	443213	response	7	n/a	n/a	trigger	0
444.837	0.5	444837	trained	32736	31	memtrain/o_465_2.jpg	photodiode	1
445.788	0.5	445788	untrained	32718	49	memtrain/o_054_2.jpg	photodiode	1
446.739	0.5	446739	trained	32728	39	memtrain/o_606_1.jpg	photodiode	1
447.539	0.5	447539	catch	32671	n/a	catch_padded.jpg	photodiode	0
447.881	0.0	447881	response	7	n/a	n/a	trigger	0
449.483	0.5	449483	trained	32721	46	memtrain/so_113_1.jpg	photodiode	1
450.334	0.5	450334	trained	32741	26	memtrain/o_376_1.jpg	photodiode	1
451.243	0.5	451243	untrained	32690	77	memtrain/o_574_2.jpg	photodiode	1
452.185	0.5	452185	trained	32745	22	memtrain/o_321_1.jpg	photodiode	1
453.136	0.5	453136	catch	32671	n/a	catch_padded.jpg	photodiode	0
453.481	0.0	453481	response	7	n/a	n/a	trigger	0
455.188	0.5	455188	untrained	32717	50	memtrain/o_057_2.jpg	photodiode	1
456.089	0.5	456089	trained	32752	15	memtrain/o_195_1.jpg	photodiode	1
456.889	0.5	456889	untrained	32674	93	memtrain/so_035_1.jpg	photodiode	1
457.74	0.5	457740	trained	32760	7	memtrain/o_091_2.jpg	photodiode	1
458.591	0.5	458591	untrained	32702	65	memtrain/o_337_2.jpg	photodiode	1
459.542	0.5	459542	catch	32671	n/a	catch_padded.jpg	photodiode	0
459.86	0.0	459860	response	7	n/a	n/a	trigger	0
461.493	0.5	461493	trained	32757	10	memtrain/o_111_2.jpg	photodiode	1
462.344	0.5	462344	trained	32722	45	memtrain/so_090_2.jpg	photodiode	1
463.095	0.5	463095	trained	32734	33	memtrain/o_536_1.jpg	photodiode	1
463.945	0.5	463945	trained	32767	0	memtrain/o_006_1.jpg	photodiode	1
464.846	0.5	464846	catch	32671	n/a	catch_padded.jpg	photodiode	0
465.153	0.0	465153	response	7	n/a	n/a	trigger	0
466.748	0.5	466748	untrained	32712	55	memtrain/o_153_2.jpg	photodiode	1
467.648	0.5	467648	trained	32732	35	memtrain/o_561_2.jpg	photodiode	1
468.449	0.5	468449	untrained	32691	76	memtrain/o_570_1.jpg	photodiode	1
469.25	0.5	469250	catch	32671	n/a	catch_padded.jpg	photodiode	0
469.644	0.0	469644	response	7	n/a	n/a	trigger	0
471.201	0.5	471201	trained	32753	14	memtrain/o_174_1.jpg	photodiode	1
472.102	0.5	472102	trained	32738	29	memtrain/o_416_1.jpg	photodiode	1
472.853	0.5	472853	untrained	32677	90	memtrain/o_580_1.jpg	photodiode	1
473.804	0.5	473804	trained	32750	17	memtrain/o_232_1.jpg	photodiode	1
474.754	0.5	474754	untrained	32682	85	memtrain/o_218_1.jpg	photodiode	1
475.655	0.5	475655	catch	32671	n/a	catch_padded.jpg	photodiode	0
476.032	0.0	476032	response	7	n/a	n/a	trigger	0
477.707	0.5	477707	untrained	32689	78	memtrain/o_599_1.jpg	photodiode	1
478.449	0.5	478449	untrained	32719	48	memtrain/o_019_2.jpg	photodiode	1
479.3	0.5	479300	trained	32720	47	memtrain/so_147_2.jpg	photodiode	1
480.201	0.5	480201	catch	32671	n/a	catch_padded.jpg	photodiode	0
480.576	0.0	480576	response	7	n/a	n/a	trigger	0
482.302	0.5	482302	trained	32724	43	memtrain/so_043_2.jpg	photodiode	1
483.153	0.5	483153	trained	32729	38	memtrain/o_603_1.jpg	photodiode	1
484.104	0.5	484104	untrained	32678	89	memtrain/o_469_1.jpg	photodiode	1
484.904	0.5	484904	untrained	32715	52	memtrain/o_141_1.jpg	photodiode	1
485.855	0.5	485855	untrained	32699	68	memtrain/o_393_1.jpg	photodiode	1
486.806	0.5	486806	catch	32671	n/a	catch_padded.jpg	photodiode	0
487.114	0.0	487114	response	7	n/a	n/a	trigger	0
488.708	0.5	488708	trained	32725	42	memtrain/so_034_2.jpg	photodiode	1
489.508	0.5	489508	trained	32761	6	memtrain/o_076_1.jpg	photodiode	1
490.309	0.5	490309	untrained	32704	63	memtrain/o_310_2.jpg	photodiode	1
491.21	0.5	491210	catch	32671	n/a	catch_padded.jpg	photodiode	0
491.56	0.0	491560	response	7	n/a	n/a	trigger	0
493.162	0.5	493162	untrained	32673	94	memtrain/so_067_1.jpg	photodiode	1
494.062	0.5	494062	untrained	32684	83	memtrain/so_105_1.jpg	photodiode	1
494.963	0.5	494963	trained	32751	16	memtrain/o_199_2.jpg	photodiode	1
495.914	0.5	495914	trained	32735	32	memtrain/o_485_2.jpg	photodiode	1
496.664	0.5	496664	catch	32671	n/a	catch_padded.jpg	photodiode	0
497.034	0.0	497034	response	7	n/a	n/a	trigger	0
498.716	0.5	498716	untrained	32687	80	memtrain/o_613_1.jpg	photodiode	1
499.617	0.5	499617	untrained	32696	71	memtrain/o_483_1.jpg	photodiode	1
500.518	0.5	500518	trained	32731	36	memtrain/o_583_1.jpg	photodiode	1
501.318	0.5	501318	untrained	32681	86	memtrain/o_288_1.jpg	photodiode	1
502.219	0.5	502219	untrained	32707	60	memtrain/o_228_2.jpg	photodiode	1
503.17	0.5	503170	catch	32671	n/a	catch_padded.jpg	photodiode	0
503.438	0.0	503438	response	7	n/a	n/a	trigger	0
505.072	0.5	505072	trained	32764	3	memtrain/o_040_2.jpg	photodiode	1
505.922	0.5	505922	trained	32743	24	memtrain/o_357_1.jpg	photodiode	1
506.715	0.5	506715	trained	32739	28	memtrain/o_397_1.jpg	photodiode	1
507.616	0.5	507616	catch	32671	n/a	catch_padded.jpg	photodiode	0
508.0	0.0	508000	response	7	n/a	n/a	trigger	0
509.717	0.5	509717	trained	32749	18	memtrain/o_264_2.jpg	photodiode	1
510.518	0.5	510518	untrained	32710	57	memtrain/o_171_1.jpg	photodiode	1
511.469	0.5	511469	untrained	32701	66	memtrain/o_342_2.jpg	photodiode	1
512.42	0.5	512420	untrained	32703	64	memtrain/o_334_2.jpg	photodiode	1
513.27	0.5	513270	untrained	32708	59	memtrain/o_201_2.jpg	photodiode	1
514.071	0.5	514071	catch	32671	n/a	catch_padded.jpg	photodiode	0
514.392	0.0	514392	response	7	n/a	n/a	trigger	0
516.123	0.5	516123	untrained	32686	81	memtrain/o_655_2.jpg	photodiode	1
516.974	0.5	516974	untrained	32700	67	memtrain/o_378_1.jpg	photodiode	1
517.924	0.5	517924	trained	32747	20	memtrain/o_290_1.jpg	photodiode	1
518.775	0.5	518775	catch	32671	n/a	catch_padded.jpg	photodiode	0
519.037	0.0	519037	response	7	n/a	n/a	trigger	0
520.777	0.5	520777	trained	32727	40	memtrain/o_648_2.jpg	photodiode	1
521.577	0.5	521577	untrained	32679	88	memtrain/o_458_1.jpg	photodiode	1
522.328	0.5	522328	untrained	32676	91	memtrain/o_605_1.jpg	photodiode	1
523.129	0.5	523129	catch	32671	n/a	catch_padded.jpg	photodiode	0
523.518	0.0	523518	response	7	n/a	n/a	trigger	0
525.231	0.5	525231	trained	32744	23	memtrain/o_338_2.jpg	photodiode	1
526.031	0.5	526031	trained	32756	11	memtrain/o_117_2.jpg	photodiode	1
526.832	0.5	526832	trained	32748	19	memtrain/o_284_2.jpg	photodiode	1
527.583	0.5	527583	trained	32762	5	memtrain/o_067_1.jpg	photodiode	1
528.533	0.5	528533	catch	32671	n/a	catch_padded.jpg	photodiode	0
528.818	0.0	528818	response	7	n/a	n/a	trigger	0
530.535	0.5	530535	untrained	32706	61	memtrain/o_298_2.jpg	photodiode	1
531.486	0.5	531486	untrained	32697	70	memtrain/o_471_2.jpg	photodiode	1
532.337	0.5	532337	trained	32726	41	memtrain/o_663_2.jpg	photodiode	1
533.137	0.5	533137	catch	32671	n/a	catch_padded.jpg	photodiode	0
533.551	0.0	533551	response	7	n/a	n/a	trigger	0
535.139	0.5	535139	trained	32742	25	memtrain/o_358_2.jpg	photodiode	1
535.89	0.5	535890	untrained	32680	87	memtrain/o_365_1.jpg	photodiode	1
536.84	0.5	536840	untrained	32714	53	memtrain/o_142_2.jpg	photodiode	1
537.582	0.5	537582	untrained	32688	79	memtrain/o_600_1.jpg	photodiode	1
538.483	0.5	538483	catch	32671	n/a	catch_padded.jpg	photodiode	0
538.766	0.0	538766	response	7	n/a	n/a	trigger	0
540.385	0.5	540385	untrained	32692	75	memtrain/o_564_1.jpg	photodiode	1
541.286	0.5	541286	trained	32758	9	memtrain/o_101_2.jpg	photodiode	1
542.186	0.5	542186	trained	32723	44	memtrain/so_045_1.jpg	photodiode	1
542.987	0.5	542987	untrained	32693	74	memtrain/o_550_1.jpg	photodiode	1
543.938	0.5	543938	catch	32671	n/a	catch_padded.jpg	photodiode	0
544.233	0.0	544233	response	7	n/a	n/a	trigger	0
545.839	0.5	545839	trained	32746	21	memtrain/o_319_1.jpg	photodiode	1
546.69	0.5	546690	untrained	32711	56	memtrain/o_163_2.jpg	photodiode	1
547.491	0.5	547491	trained	32733	34	memtrain/o_558_2.jpg	photodiode	1
548.242	0.5	548242	untrained	32698	69	memtrain/o_464_2.jpg	photodiode	1
549.192	0.5	549192	trained	32765	2	memtrain/o_035_1.jpg	photodiode	1
550.043	0.5	550043	catch	32671	n/a	catch_padded.jpg	photodiode	0
550.375	0.0	550375	response	7	n/a	n/a	trigger	0
552.518	0.0	552518	block_end	120	n/a	n/a	trigger	0
558.777	0.0	558777	response	7	n/a	n/a	trigger	0
558.78	0.0	558780	block_onset	103	n/a	n/a	trigger	0
560.827	0.5	560827	untrained	32682	85	memtrain/o_218_1.jpg	photodiode	1
561.586	0.5	561586	untrained	32672	95	memtrain/so_125_1.jpg	photodiode	1
562.387	0.5	562387	untrained	32692	75	memtrain/o_564_1.jpg	photodiode	1
563.229	0.5	563229	catch	32671	n/a	catch_padded.jpg	photodiode	0
563.556	0.0	563556	response	7	n/a	n/a	trigger	0
565.189	0.5	565189	trained	32748	19	memtrain/o_284_2.jpg	photodiode	1
566.032	0.5	566032	trained	32759	8	memtrain/o_094_1.jpg	photodiode	1
566.933	0.5	566933	trained	32723	44	memtrain/so_045_1.jpg	photodiode	1
567.683	0.5	567683	catch	32671	n/a	catch_padded.jpg	photodiode	0
568.027	0.0	568027	response	7	n/a	n/a	trigger	0
569.685	0.5	569685	untrained	32695	72	memtrain/o_490_1.jpg	photodiode	1
570.486	0.5	570486	trained	32740	27	memtrain/o_379_2.jpg	photodiode	1
571.336	0.5	571336	trained	32754	13	memtrain/o_136_1.jpg	photodiode	1
572.187	0.5	572187	untrained	32703	64	memtrain/o_334_2.jpg	photodiode	1
573.088	0.5	573088	trained	32739	28	memtrain/o_397_1.jpg	photodiode	1
573.989	0.5	573989	catch	32671	n/a	catch_padded.jpg	photodiode	0
574.344	0.0	574344	response	7	n/a	n/a	trigger	0
576.09	0.5	576090	trained	32734	33	memtrain/o_536_1.jpg	photodiode	1
576.991	0.5	576991	untrained	32706	61	memtrain/o_298_2.jpg	photodiode	1
577.742	0.5	577742	trained	32727	40	memtrain/o_648_2.jpg	photodiode	1
578.592	0.5	578592	trained	32761	6	memtrain/o_076_1.jpg	photodiode	1
579.343	0.5	579343	untrained	32708	59	memtrain/o_201_2.jpg	photodiode	1
580.094	0.5	580094	catch	32671	n/a	catch_padded.jpg	photodiode	0
580.406	0.0	580406	response	7	n/a	n/a	trigger	0
582.146	0.5	582146	trained	32742	25	memtrain/o_358_2.jpg	photodiode	1
582.946	0.5	582946	untrained	32714	53	memtrain/o_142_2.jpg	photodiode	1
583.697	0.5	583697	untrained	32718	49	memtrain/o_054_2.jpg	photodiode	1
584.548	0.5	584548	untrained	32684	83	memtrain/so_105_1.jpg	photodiode	1
585.398	0.5	585398	catch	32671	n/a	catch_padded.jpg	photodiode	0
585.758	0.0	585758	response	7	n/a	n/a	trigger	0
587.4	0.5	587400	trained	32750	17	memtrain/o_232_1.jpg	photodiode	1
588.351	0.5	588351	trained	32765	2	memtrain/o_035_1.jpg	photodiode	1
589.151	0.5	589151	trained	32731	36	memtrain/o_583_1.jpg	photodiode	1
590.052	0.5	590052	untrained	32711	56	memtrain/o_163_2.jpg	photodiode	1
591.003	0.5	591003	catch	32671	n/a	catch_padded.jpg	photodiode	0
591.256	0.0	591256	response	7	n/a	n/a	trigger	0
592.955	0.5	592955	untrained	32691	76	memtrain/o_570_1.jpg	photodiode	1
593.897	0.5	593897	trained	32726	41	memtrain/o_663_2.jpg	photodiode	1
594.798	0.5	594798	untrained	32698	69	memtrain/o_464_2.jpg	photodiode	1
595.657	0.5	595657	trained	32756	11	memtrain/o_117_2.jpg	photodiode	1
596.499	0.5	596499	trained	32746	21	memtrain/o_319_1.jpg	photodiode	1
597.3	0.5	597300	catch	32671	n/a	catch_padded.jpg	photodiode	0
597.635	0.0	597635	response	7	n/a	n/a	trigger	0
599.201	0.5	599201	untrained	32694	73	memtrain/o_519_2.jpg	photodiode	1
600.102	0.5	600102	untrained	32675	92	memtrain/so_033_1.jpg	photodiode	1
601.053	0.5	601053	trained	32738	29	memtrain/o_416_1.jpg	photodiode	1
601.804	0.5	601804	untrained	32678	89	memtrain/o_469_1.jpg	photodiode	1
602.754	0.5	602754	catch	32671	n/a	catch_padded.jpg	photodiode	0
603.088	0.0	603088	response	7	n/a	n/a	trigger	0
604.756	0.5	604756	untrained	32687	80	memtrain/o_613_1.jpg	photodiode	1
605.657	0.5	605657	trained	32767	0	memtrain/o_006_1.jpg	photodiode	1
606.608	0.5	606608	trained	32722	45	memtrain/so_090_2.jpg	photodiode	1
607.358	0.5	607358	catch	32671	n/a	catch_padded.jpg	photodiode	0
607.72	0.0	607720	response	7	n/a	n/a	trigger	0
609.46	0.5	609460	untrained	32710	57	memtrain/o_171_1.jpg	photodiode	1
610.261	0.5	610261	trained	32766	1	memtrain/o_015_1.jpg	photodiode	1
611.162	0.5	611162	trained	32743	24	memtrain/o_357_1.jpg	photodiode	1
612.112	0.5	612112	untrained	32677	90	memtrain/o_580_1.jpg	photodiode	1
613.063	0.5	613063	untrained	32716	51	memtrain/o_103_2.jpg	photodiode	1
613.964	0.5	613964	catch	32671	n/a	catch_padded.jpg	photodiode	0
614.253	0.0	614253	response	7	n/a	n/a	trigger	0
616.066	0.5	616066	trained	32728	39	memtrain/o_606_1.jpg	photodiode	1
616.816	0.5	616816	trained	32762	5	memtrain/o_067_1.jpg	photodiode	1
617.767	0.5	617767	untrained	32704	63	memtrain/o_310_2.jpg	photodiode	1
618.518	0.5	618518	catch	32671	n/a	catch_padded.jpg	photodiode	0
618.945	0.0	618945	response	7	n/a	n/a	trigger	0
620.62	0.5	620620	trained	32729	38	memtrain/o_603_1.jpg	photodiode	1
621.42	0.5	621420	trained	32760	7	memtrain/o_091_2.jpg	photodiode	1
622.171	0.5	622171	trained	32724	43	memtrain/so_043_2.jpg	photodiode	1
623.114	0.5	623114	catch	32671	n/a	catch_padded.jpg	photodiode	0
623.485	0.0	623485	response	7	n/a	n/a	trigger	0
625.123	0.5	625123	untrained	32690	77	memtrain/o_574_2.jpg	photodiode	1
625.866	0.5	625866	untrained	32697	70	memtrain/o_471_2.jpg	photodiode	1
626.817	0.5	626817	untrained	32685	82	memtrain/o_656_1.jpg	photodiode	1
627.667	0.5	627667	catch	32671	n/a	catch_padded.jpg	photodiode	0
628.043	0.0	628043	response	7	n/a	n/a	trigger	0
629.669	0.5	629669	untrained	32715	52	memtrain/o_141_1.jpg	photodiode	1
630.42	0.5	630420	untrained	32719	48	memtrain/o_019_2.jpg	photodiode	1
631.27	0.5	631270	untrained	32701	66	memtrain/o_342_2.jpg	photodiode	1
632.121	0.5	632121	catch	32671	n/a	catch_padded.jpg	photodiode	0
632.484	0.0	632484	response	7	n/a	n/a	trigger	0
634.073	0.5	634073	trained	32757	10	memtrain/o_111_2.jpg	photodiode	1
634.924	0.5	634924	untrained	32700	67	memtrain/o_378_1.jpg	photodiode	1
635.724	0.5	635724	untrained	32702	65	memtrain/o_337_2.jpg	photodiode	1
636.675	0.5	636675	catch	32671	n/a	catch_padded.jpg	photodiode	0
637.029	0.0	637029	response	7	n/a	n/a	trigger	0
638.627	0.5	638627	untrained	32699	68	memtrain/o_393_1.jpg	photodiode	1
639.477	0.5	639477	untrained	32712	55	memtrain/o_153_2.jpg	photodiode	1
640.328	0.5	640328	trained	32764	3	memtrain/o_040_2.jpg	photodiode	1
641.279	0.5	641279	untrained	32688	79	memtrain/o_600_1.jpg	photodiode	1
642.08	0.5	642080	untrained	32686	81	memtrain/o_655_2.jpg	photodiode	1
643.03	0.5	643030	catch	32671	n/a	catch_padded.jpg	photodiode	0
643.375	0.0	643375	response	7	n/a	n/a	trigger	0
645.082	0.5	645082	trained	32763	4	memtrain/o_042_1.jpg	photodiode	1
646.033	0.5	646033	untrained	32679	88	memtrain/o_458_1.jpg	photodiode	1
646.934	0.5	646934	trained	32755	12	memtrain/o_127_2.jpg	photodiode	1
647.784	0.5	647784	catch	32671	n/a	catch_padded.jpg	photodiode	0
648.233	0.0	648233	response	7	n/a	n/a	trigger	0
649.786	0.5	649786	trained	32730	37	memtrain/o_597_1.jpg	photodiode	1
650.637	0.5	650637	trained	32736	31	memtrain/o_465_2.jpg	photodiode	1
651.488	0.5	651488	trained	32751	16	memtrain/o_199_2.jpg	photodiode	1
652.43	0.5	652430	untrained	32674	93	memtrain/so_035_1.jpg	photodiode	1
653.189	0.5	653189	untrained	32696	71	memtrain/o_483_1.jpg	photodiode	1
654.14	0.5	654140	catch	32671	n/a	catch_padded.jpg	photodiode	0
654.486	0.0	654486	response	7	n/a	n/a	trigger	0
656.033	0.5	656033	trained	32735	32	memtrain/o_485_2.jpg	photodiode	1
656.783	0.5	656783	trained	32749	18	memtrain/o_264_2.jpg	photodiode	1
657.543	0.5	657543	trained	32737	30	memtrain/o_437_2.jpg	photodiode	1
658.335	0.5	658335	untrained	32673	94	memtrain/so_067_1.jpg	photodiode	1
659.085	0.5	659085	catch	32671	n/a	catch_padded.jpg	photodiode	0
659.455	0.0	659455	response	7	n/a	n/a	trigger	0
661.187	0.5	661187	trained	32745	22	memtrain/o_321_1.jpg	photodiode	1
661.938	0.5	661938	untrained	32689	78	memtrain/o_599_1.jpg	photodiode	1
662.889	0.5	662889	trained	32733	34	memtrain/o_558_2.jpg	photodiode	1
663.639	0.5	663639	untrained	32709	58	memtrain/o_192_1.jpg	photodiode	1
664.39	0.5	664390	catch	32671	n/a	catch_padded.jpg	photodiode	0
664.76	0.0	664760	response	7	n/a	n/a	trigger	0
666.492	0.5	666492	untrained	32680	87	memtrain/o_365_1.jpg	photodiode	1
667.292	0.5	667292	untrained	32713	54	memtrain/o_145_1.jpg	photodiode	1
668.093	0.5	668093	trained	32720	47	memtrain/so_147_2.jpg	photodiode	1
668.844	0.5	668844	trained	32753	14	memtrain/o_174_1.jpg	photodiode	1
669.694	0.5	669694	catch	32671	n/a	catch_padded.jpg	photodiode	0
670.044	0.0	670044	response	7	n/a	n/a	trigger	0
671.596	0.5	671596	untrained	32683	84	memtrain/so_117_2.jpg	photodiode	1
672.447	0.5	672447	untrained	32681	86	memtrain/o_288_1.jpg	photodiode	1
673.247	0.5	673247	untrained	32676	91	memtrain/o_605_1.jpg	photodiode	1
674.098	0.5	674098	catch	32671	n/a	catch_padded.jpg	photodiode	0
674.47	0.0	674470	response	7	n/a	n/a	trigger	0
676.0	0.5	676000	trained	32741	26	memtrain/o_376_1.jpg	photodiode	1
676.951	0.5	676951	trained	32758	9	memtrain/o_101_2.jpg	photodiode	1
677.701	0.5	677701	trained	32744	23	memtrain/o_338_2.jpg	photodiode	1
678.602	0.5	678602	untrained	32717	50	memtrain/o_057_2.jpg	photodiode	1
679.503	0.5	679503	catch	32671	n/a	catch_padded.jpg	photodiode	0
679.906	0.0	679906	response	7	n/a	n/a	trigger	0
681.404	0.5	681404	untrained	32707	60	memtrain/o_228_2.jpg	photodiode	1
682.155	0.5	682155	trained	32732	35	memtrain/o_561_2.jpg	photodiode	1
682.906	0.5	682906	trained	32752	15	memtrain/o_195_1.jpg	photodiode	1
683.656	0.5	683656	trained	32721	46	memtrain/so_113_1.jpg	photodiode	1
684.407	0.5	684407	trained	32725	42	memtrain/so_034_2.jpg	photodiode	1
685.2	0.5	685200	catch	32671	n/a	catch_padded.jpg	photodiode	0
685.557	0.0	685557	response	7	n/a	n/a	trigger	0
687.301	0.5	687301	untrained	32705	62	memtrain/o_304_1.jpg	photodiode	1
688.252	0.5	688252	trained	32747	20	memtrain/o_290_1.jpg	photodiode	1
689.203	0.5	689203	untrained	32693	74	memtrain/o_550_1.jpg	photodiode	1
689.954	0.5	689954	catch	32671	n/a	catch_padded.jpg	photodiode	0
690.373	0.0	690373	response	7	n/a	n/a	trigger	0
691.913	0.5	691913	trained	32760	7	memtrain/o_091_2.jpg	photodiode	1
692.706	0.5	692706	untrained	32693	74	memtrain/o_550_1.jpg	photodiode	1
693.607	0.5	693607	trained	32750	17	memtrain/o_232_1.jpg	photodiode	1
694.407	0.5	694407	catch	32671	n/a	catch_padded.jpg	photodiode	0
694.843	0.0	694843	response	7	n/a	n/a	trigger	0
696.459	0.5	696459	trained	32754	13	memtrain/o_136_1.jpg	photodiode	1
697.21	0.5	697210	untrained	32689	78	memtrain/o_599_1.jpg	photodiode	1
697.96	0.5	697960	trained	32724	43	memtrain/so_043_2.jpg	photodiode	1
698.811	0.5	698811	catch	32671	n/a	catch_padded.jpg	photodiode	0
699.148	0.0	699148	response	7	n/a	n/a	trigger	0
700.863	0.5	700863	trained	32731	36	memtrain/o_583_1.jpg	photodiode	1
701.613	0.5	701613	untrained	32675	92	memtrain/so_033_1.jpg	photodiode	1
702.514	0.5	702514	untrained	32719	48	memtrain/o_019_2.jpg	photodiode	1
703.365	0.5	703365	trained	32752	15	memtrain/o_195_1.jpg	photodiode	1
704.316	0.5	704316	catch	32671	n/a	catch_padded.jpg	photodiode	0
704.65	0.0	704650	response	7	n/a	n/a	trigger	0
706.267	0.5	706267	untrained	32712	55	memtrain/o_153_2.jpg	photodiode	1
707.218	0.5	707218	untrained	32685	82	memtrain/o_656_1.jpg	photodiode	1
708.119	0.5	708119	untrained	32713	54	memtrain/o_145_1.jpg	photodiode	1
709.02	0.5	709020	trained	32762	5	memtrain/o_067_1.jpg	photodiode	1
709.92	0.5	709920	catch	32671	n/a	catch_padded.jpg	photodiode	0
710.285	0.0	710285	response	7	n/a	n/a	trigger	0
711.872	0.5	711872	untrained	32679	88	memtrain/o_458_1.jpg	photodiode	1
712.664	0.5	712664	untrained	32690	77	memtrain/o_574_2.jpg	photodiode	1
713.565	0.5	713565	untrained	32686	81	memtrain/o_655_2.jpg	photodiode	1
714.516	0.5	714516	trained	32763	4	memtrain/o_042_1.jpg	photodiode	1
715.266	0.5	715266	catch	32671	n/a	catch_padded.jpg	photodiode	0
715.627	0.0	715627	response	7	n/a	n/a	trigger	0
717.218	0.5	717218	untrained	32696	71	memtrain/o_483_1.jpg	photodiode	1
718.119	0.5	718119	untrained	32682	85	memtrain/o_218_1.jpg	photodiode	1
718.92	0.5	718920	untrained	32716	51	memtrain/o_103_2.jpg	photodiode	1
719.72	0.5	719720	trained	32739	28	memtrain/o_397_1.jpg	photodiode	1
720.521	0.5	720521	catch	32671	n/a	catch_padded.jpg	photodiode	0
720.891	0.0	720891	response	7	n/a	n/a	trigger	0
722.473	0.5	722473	trained	32729	38	memtrain/o_603_1.jpg	photodiode	1
723.323	0.5	723323	untrained	32694	73	memtrain/o_519_2.jpg	photodiode	1
724.174	0.5	724174	untrained	32709	58	memtrain/o_192_1.jpg	photodiode	1
725.075	0.5	725075	trained	32740	27	memtrain/o_379_2.jpg	photodiode	1
725.975	0.5	725975	trained	32743	24	memtrain/o_357_1.jpg	photodiode	1
726.876	0.5	726876	catch	32671	n/a	catch_padded.jpg	photodiode	0
727.216	0.0	727216	response	7	n/a	n/a	trigger	0
728.828	0.5	728828	untrained	32674	93	memtrain/so_035_1.jpg	photodiode	1
729.629	0.5	729629	untrained	32697	70	memtrain/o_471_2.jpg	photodiode	1
730.379	0.5	730379	untrained	32680	87	memtrain/o_365_1.jpg	photodiode	1
731.18	0.5	731180	trained	32734	33	memtrain/o_536_1.jpg	photodiode	1
732.081	0.5	732081	untrained	32711	56	memtrain/o_163_2.jpg	photodiode	1
732.931	0.5	732931	catch	32671	n/a	catch_padded.jpg	photodiode	0
733.374	0.0	733374	response	7	n/a	n/a	trigger	0
735.033	0.5	735033	trained	32728	39	memtrain/o_606_1.jpg	photodiode	1
735.934	0.5	735934	trained	32725	42	memtrain/so_034_2.jpg	photodiode	1
736.785	0.5	736785	untrained	32678	89	memtrain/o_469_1.jpg	photodiode	1
737.685	0.5	737685	untrained	32717	50	memtrain/o_057_2.jpg	photodiode	1
738.486	0.5	738486	trained	32765	2	memtrain/o_035_1.jpg	photodiode	1
739.287	0.5	739287	catch	32671	n/a	catch_padded.jpg	photodiode	0
739.656	0.0	739656	response	7	n/a	n/a	trigger	0
741.339	0.5	741339	untrained	32684	83	memtrain/so_105_1.jpg	photodiode	1
742.081	0.5	742081	untrained	32677	90	memtrain/o_580_1.jpg	photodiode	1
742.882	0.5	742882	untrained	32698	69	memtrain/o_464_2.jpg	photodiode	1
743.833	0.5	743833	trained	32761	6	memtrain/o_076_1.jpg	photodiode	1
744.783	0.5	744783	trained	32751	16	memtrain/o_199_2.jpg	photodiode	1
745.684	0.5	745684	catch	32671	n/a	catch_padded.jpg	photodiode	0
746.017	0.0	746017	response	7	n/a	n/a	trigger	0
747.594	0.5	747594	untrained	32692	75	memtrain/o_564_1.jpg	photodiode	1
748.537	0.5	748537	trained	32735	32	memtrain/o_485_2.jpg	photodiode	1
749.395	0.5	749395	trained	32722	45	memtrain/so_090_2.jpg	photodiode	1
750.188	0.5	750188	trained	32766	1	memtrain/o_015_1.jpg	photodiode	1
750.939	0.5	750939	untrained	32708	59	memtrain/o_201_2.jpg	photodiode	1
751.839	0.5	751839	catch	32671	n/a	catch_padded.jpg	photodiode	0
752.226	0.0	752226	response	7	n/a	n/a	trigger	0
753.941	0.5	753941	untrained	32701	66	memtrain/o_342_2.jpg	photodiode	1
754.892	0.5	754892	trained	32759	8	memtrain/o_094_1.jpg	photodiode	1
755.743	0.5	755743	trained	32737	30	memtrain/o_437_2.jpg	photodiode	1
756.693	0.5	756693	trained	32721	46	memtrain/so_113_1.jpg	photodiode	1
757.444	0.5	757444	catch	32671	n/a	catch_padded.jpg	photodiode	0
757.858	0.0	757858	response	7	n/a	n/a	trigger	0
759.496	0.5	759496	untrained	32702	65	memtrain/o_337_2.jpg	photodiode	1
760.297	0.5	760297	untrained	32687	80	memtrain/o_613_1.jpg	photodiode	1
761.147	0.5	761147	untrained	32673	94	memtrain/so_067_1.jpg	photodiode	1
761.998	0.5	761998	trained	32744	23	memtrain/o_338_2.jpg	photodiode	1
762.899	0.5	762899	untrained	32707	60	memtrain/o_228_2.jpg	photodiode	1
763.649	0.5	763649	catch	32671	n/a	catch_padded.jpg	photodiode	0
764.065	0.0	764065	response	7	n/a	n/a	trigger	0
765.751	0.5	765751	trained	32748	19	memtrain/o_284_2.jpg	photodiode	1
766.652	0.5	766652	untrained	32706	61	memtrain/o_298_2.jpg	photodiode	1
767.453	0.5	767453	trained	32727	40	memtrain/o_648_2.jpg	photodiode	1
768.353	0.5	768353	trained	32746	21	memtrain/o_319_1.jpg	photodiode	1
769.254	0.5	769254	catch	32671	n/a	catch_padded.jpg	photodiode	0
769.591	0.0	769591	response	7	n/a	n/a	trigger	0
771.306	0.5	771306	untrained	32691	76	memtrain/o_570_1.jpg	photodiode	1
772.148	0.5	772148	untrained	32695	72	memtrain/o_490_1.jpg	photodiode	1
773.049	0.5	773049	untrained	32676	91	memtrain/o_605_1.jpg	photodiode	1
773.899	0.5	773899	trained	32742	25	memtrain/o_358_2.jpg	photodiode	1
774.75	0.5	774750	catch	32671	n/a	catch_padded.jpg	photodiode	0
775.14	0.0	775140	response	7	n/a	n/a	trigger	0
776.702	0.5	776702	trained	32730	37	memtrain/o_597_1.jpg	photodiode	1
777.503	0.5	777503	trained	32755	12	memtrain/o_127_2.jpg	photodiode	1
778.403	0.5	778403	trained	32764	3	memtrain/o_040_2.jpg	photodiode	1
779.304	0.5	779304	trained	32747	20	memtrain/o_290_1.jpg	photodiode	1
780.105	0.5	780105	untrained	32672	95	memtrain/so_125_1.jpg	photodiode	1
781.056	0.5	781056	catch	32671	n/a	catch_padded.jpg	photodiode	0
781.395	0.0	781395	response	7	n/a	n/a	trigger	0
783.107	0.5	783107	trained	32733	34	memtrain/o_558_2.jpg	photodiode	1
783.908	0.5	783908	untrained	32705	62	memtrain/o_304_1.jpg	photodiode	1
784.659	0.5	784659	untrained	32704	63	memtrain/o_310_2.jpg	photodiode	1
785.509	0.5	785509	trained	32753	14	memtrain/o_174_1.jpg	photodiode	1
786.46	0.5	786460	trained	32720	47	memtrain/so_147_2.jpg	photodiode	1
787.361	0.5	787361	catch	32671	n/a	catch_padded.jpg	photodiode	0
787.712	0.0	787712	response	7	n/a	n/a	trigger	0
789.313	0.5	789313	trained	32745	22	memtrain/o_321_1.jpg	photodiode	1
790.213	0.5	790213	untrained	32688	79	memtrain/o_600_1.jpg	photodiode	1
791.164	0.5	791164	trained	32736	31	memtrain/o_465_2.jpg	photodiode	1
792.015	0.5	792015	trained	32726	41	memtrain/o_663_2.jpg	photodiode	1
792.866	0.5	792866	trained	32749	18	memtrain/o_264_2.jpg	photodiode	1
793.716	0.5	793716	catch	32671	n/a	catch_padded.jpg	photodiode	0
794.062	0.0	794062	response	7	n/a	n/a	trigger	0
795.818	0.5	795818	untrained	32681	86	memtrain/o_288_1.jpg	photodiode	1
796.569	0.5	796569	untrained	32718	49	memtrain/o_054_2.jpg	photodiode	1
797.419	0.5	797419	untrained	32683	84	memtrain/so_117_2.jpg	photodiode	1
798.37	0.5	798370	catch	32671	n/a	catch_padded.jpg	photodiode	0
798.75	0.0	798750	response	7	n/a	n/a	trigger	0
800.272	0.5	800272	untrained	32700	67	memtrain/o_378_1.jpg	photodiode	1
801.215	0.5	801215	untrained	32714	53	memtrain/o_142_2.jpg	photodiode	1
802.065	0.5	802065	trained	32738	29	memtrain/o_416_1.jpg	photodiode	1
802.866	0.5	802866	catch	32671	n/a	catch_padded.jpg	photodiode	0
803.272	0.0	803272	response	7	n/a	n/a	trigger	0
804.768	0.5	804768	trained	32757	10	memtrain/o_111_2.jpg	photodiode	1
805.568	0.5	805568	trained	32767	0	memtrain/o_006_1.jpg	photodiode	1
806.419	0.5	806419	untrained	32710	57	memtrain/o_171_1.jpg	photodiode	1
807.32	0.5	807320	catch	32671	n/a	catch_padded.jpg	photodiode	0
807.668	0.0	807668	response	7	n/a	n/a	trigger	0
809.271	0.5	809271	trained	32723	44	memtrain/so_045_1.jpg	photodiode	1
810.072	0.5	810072	trained	32756	11	memtrain/o_117_2.jpg	photodiode	1
811.023	0.5	811023	untrained	32715	52	memtrain/o_141_1.jpg	photodiode	1
811.924	0.5	811924	trained	32741	26	memtrain/o_376_1.jpg	photodiode	1
812.874	0.5	812874	catch	32671	n/a	catch_padded.jpg	photodiode	0
813.229	0.0	813229	response	7	n/a	n/a	trigger	0
814.826	0.5	814826	untrained	32703	64	memtrain/o_334_2.jpg	photodiode	1
815.577	0.5	815577	trained	32758	9	memtrain/o_101_2.jpg	photodiode	1
816.527	0.5	816527	trained	32732	35	memtrain/o_561_2.jpg	photodiode	1
817.378	0.5	817378	untrained	32699	68	memtrain/o_393_1.jpg	photodiode	1
818.279	0.5	818279	catch	32671	n/a	catch_padded.jpg	photodiode	0
818.742	0.0	818742	response	7	n/a	n/a	trigger	0
820.753	0.0	820753	block_end	120	n/a	n/a	trigger	0
827.674	0.0	827674	response	7	n/a	n/a	trigger	0
827.683	0.0	827683	block_onset	104	n/a	n/a	trigger	0
829.739	0.5	829739	untrained	32711	56	memtrain/o_163_2.jpg	photodiode	1
830.589	0.5	830589	trained	32760	7	memtrain/o_091_2.jpg	photodiode	1
831.49	0.5	831490	untrained	32678	89	memtrain/o_469_1.jpg	photodiode	1
832.391	0.5	832391	untrained	32672	95	memtrain/so_125_1.jpg	photodiode	1
833.242	0.5	833242	trained	32737	30	memtrain/o_437_2.jpg	photodiode	1
834.092	0.5	834092	catch	32671	n/a	catch_padded.jpg	photodiode	0
834.399	0.0	834399	response	7	n/a	n/a	trigger	0
835.994	0.5	835994	untrained	32692	75	memtrain/o_564_1.jpg	photodiode	1
836.936	0.5	836936	trained	32722	45	memtrain/so_090_2.jpg	photodiode	1
837.787	0.5	837787	trained	32725	42	memtrain/so_034_2.jpg	photodiode	1
838.538	0.5	838538	trained	32733	34	memtrain/o_558_2.jpg	photodiode	1
839.388	0.5	839388	catch	32671	n/a	catch_padded.jpg	photodiode	0
839.724	0.0	839724	response	7	n/a	n/a	trigger	0
841.29	0.5	841290	trained	32754	13	memtrain/o_136_1.jpg	photodiode	1
842.091	0.5	842091	untrained	32677	90	memtrain/o_580_1.jpg	photodiode	1
842.891	0.5	842891	untrained	32689	78	memtrain/o_599_1.jpg	photodiode	1
843.792	0.5	843792	trained	32727	40	memtrain/o_648_2.jpg	photodiode	1
844.543	0.5	844543	untrained	32679	88	memtrain/o_458_1.jpg	photodiode	1
845.343	0.5	845343	catch	32671	n/a	catch_padded.jpg	photodiode	0
845.759	0.0	845759	response	7	n/a	n/a	trigger	0
847.245	0.5	847245	untrained	32682	85	memtrain/o_218_1.jpg	photodiode	1
848.046	0.5	848046	trained	32729	38	memtrain/o_603_1.jpg	photodiode	1
848.996	0.5	848996	untrained	32680	87	memtrain/o_365_1.jpg	photodiode	1
849.947	0.5	849947	catch	32671	n/a	catch_padded.jpg	photodiode	0
850.281	0.0	850281	response	7	n/a	n/a	trigger	0
851.999	0.5	851999	untrained	32687	80	memtrain/o_613_1.jpg	photodiode	1
852.75	0.5	852750	trained	32767	0	memtrain/o_006_1.jpg	photodiode	1
853.5	0.5	853500	trained	32765	2	memtrain/o_035_1.jpg	photodiode	1
854.351	0.5	854351	catch	32671	n/a	catch_padded.jpg	photodiode	0
854.668	0.0	854668	response	7	n/a	n/a	trigger	0
856.303	0.5	856303	trained	32730	37	memtrain/o_597_1.jpg	photodiode	1
857.103	0.5	857103	untrained	32699	68	memtrain/o_393_1.jpg	photodiode	1
857.854	0.5	857854	untrained	32698	69	memtrain/o_464_2.jpg	photodiode	1
858.805	0.5	858805	trained	32744	23	memtrain/o_338_2.jpg	photodiode	1
859.605	0.5	859605	untrained	32673	94	memtrain/so_067_1.jpg	photodiode	1
860.456	0.5	860456	catch	32671	n/a	catch_padded.jpg	photodiode	0
860.856	0.0	860856	response	7	n/a	n/a	trigger	0
862.558	0.5	862558	untrained	32691	76	memtrain/o_570_1.jpg	photodiode	1
863.451	0.5	863451	trained	32741	26	memtrain/o_376_1.jpg	photodiode	1
864.401	0.5	864401	untrained	32718	49	memtrain/o_054_2.jpg	photodiode	1
865.352	0.5	865352	trained	32764	3	memtrain/o_040_2.jpg	photodiode	1
866.203	0.5	866203	untrained	32715	52	memtrain/o_141_1.jpg	photodiode	1
867.054	0.5	867054	catch	32671	n/a	catch_padded.jpg	photodiode	0
867.424	0.0	867424	response	7	n/a	n/a	trigger	0
869.155	0.5	869155	trained	32731	36	memtrain/o_583_1.jpg	photodiode	1
870.056	0.5	870056	untrained	32690	77	memtrain/o_574_2.jpg	photodiode	1
870.807	0.5	870807	trained	32745	22	memtrain/o_321_1.jpg	photodiode	1
871.608	0.5	871608	trained	32751	16	memtrain/o_199_2.jpg	photodiode	1
872.358	0.5	872358	untrained	32707	60	memtrain/o_228_2.jpg	photodiode	1
873.109	0.5	873109	catch	32671	n/a	catch_padded.jpg	photodiode	0
873.567	0.0	873567	response	7	n/a	n/a	trigger	0
875.161	0.5	875161	untrained	32694	73	memtrain/o_519_2.jpg	photodiode	1
876.011	0.5	876011	trained	32724	43	memtrain/so_043_2.jpg	photodiode	1
876.912	0.5	876912	trained	32739	28	memtrain/o_397_1.jpg	photodiode	1
877.663	0.5	877663	catch	32671	n/a	catch_padded.jpg	photodiode	0
878.1	0.0	878100	response	7	n/a	n/a	trigger	0
879.564	0.5	879564	untrained	32701	66	memtrain/o_342_2.jpg	photodiode	1
880.315	0.5	880315	trained	32759	8	memtrain/o_094_1.jpg	photodiode	1
881.266	0.5	881266	trained	32735	32	memtrain/o_485_2.jpg	photodiode	1
882.116	0.5	882116	trained	32732	35	memtrain/o_561_2.jpg	photodiode	1
882.867	0.5	882867	catch	32671	n/a	catch_padded.jpg	photodiode	0
883.3	0.0	883300	response	7	n/a	n/a	trigger	0
884.819	0.5	884819	trained	32720	47	memtrain/so_147_2.jpg	photodiode	1
885.569	0.5	885569	trained	32743	24	memtrain/o_357_1.jpg	photodiode	1
886.37	0.5	886370	untrained	32704	63	memtrain/o_310_2.jpg	photodiode	1
887.321	0.5	887321	trained	32763	4	memtrain/o_042_1.jpg	photodiode	1
888.172	0.5	888172	catch	32671	n/a	catch_padded.jpg	photodiode	0
888.559	0.0	888559	response	7	n/a	n/a	trigger	0
890.173	0.5	890173	untrained	32716	51	memtrain/o_103_2.jpg	photodiode	1
890.924	0.5	890924	trained	32747	20	memtrain/o_290_1.jpg	photodiode	1
891.825	0.5	891825	untrained	32695	72	memtrain/o_490_1.jpg	photodiode	1
892.625	0.5	892625	catch	32671	n/a	catch_padded.jpg	photodiode	0
893.021	0.0	893021	response	7	n/a	n/a	trigger	0
894.527	0.5	894527	untrained	32675	92	memtrain/so_033_1.jpg	photodiode	1
895.369	0.5	895369	trained	32746	21	memtrain/o_319_1.jpg	photodiode	1
896.17	0.5	896170	untrained	32708	59	memtrain/o_201_2.jpg	photodiode	1
896.929	0.5	896929	untrained	32688	79	memtrain/o_600_1.jpg	photodiode	1
897.821	0.5	897821	trained	32734	33	memtrain/o_536_1.jpg	photodiode	1
898.672	0.5	898672	catch	32671	n/a	catch_padded.jpg	photodiode	0
899.036	0.0	899036	response	7	n/a	n/a	trigger	0
900.674	0.5	900674	untrained	32719	48	memtrain/o_019_2.jpg	photodiode	1
901.474	0.5	901474	trained	32728	39	memtrain/o_606_1.jpg	photodiode	1
902.325	0.5	902325	trained	32757	10	memtrain/o_111_2.jpg	photodiode	1
903.276	0.5	903276	trained	32723	44	memtrain/so_045_1.jpg	photodiode	1
904.076	0.5	904076	trained	32762	5	memtrain/o_067_1.jpg	photodiode	1
904.927	0.5	904927	catch	32671	n/a	catch_padded.jpg	photodiode	0
905.313	0.0	905313	response	7	n/a	n/a	trigger	0
906.979	0.5	906979	untrained	32703	64	memtrain/o_334_2.jpg	photodiode	1
907.88	0.5	907880	untrained	32712	55	memtrain/o_153_2.jpg	photodiode	1
908.83	0.5	908830	trained	32766	1	memtrain/o_015_1.jpg	photodiode	1
909.681	0.5	909681	catch	32671	n/a	catch_padded.jpg	photodiode	0
910.013	0.0	910013	response	7	n/a	n/a	trigger	0
911.633	0.5	911633	untrained	32685	82	memtrain/o_656_1.jpg	photodiode	1
912.484	0.5	912484	trained	32721	46	memtrain/so_113_1.jpg	photodiode	1
913.234	0.5	913234	trained	32738	29	memtrain/o_416_1.jpg	photodiode	1
914.135	0.5	914135	catch	32671	n/a	catch_padded.jpg	photodiode	0
914.637	0.0	914637	response	7	n/a	n/a	trigger	0
916.187	0.5	916187	trained	32755	12	memtrain/o_127_2.jpg	photodiode	1
917.138	0.5	917138	untrained	32702	65	memtrain/o_337_2.jpg	photodiode	1
917.988	0.5	917988	untrained	32710	57	memtrain/o_171_1.jpg	photodiode	1
918.939	0.5	918939	catch	32671	n/a	catch_padded.jpg	photodiode	0
919.281	0.0	919281	response	7	n/a	n/a	trigger	0
921.041	0.5	921041	untrained	32696	71	memtrain/o_483_1.jpg	photodiode	1
921.842	0.5	921842	untrained	32713	54	memtrain/o_145_1.jpg	photodiode	1
922.592	0.5	922592	trained	32742	25	memtrain/o_358_2.jpg	photodiode	1
923.493	0.5	923493	trained	32756	11	memtrain/o_117_2.jpg	photodiode	1
924.344	0.5	924344	untrained	32709	58	memtrain/o_192_1.jpg	photodiode	1
925.136	0.5	925136	catch	32671	n/a	catch_padded.jpg	photodiode	0
925.472	0.0	925472	response	7	n/a	n/a	trigger	0
927.138	0.5	927138	untrained	32681	86	memtrain/o_288_1.jpg	photodiode	1
928.089	0.5	928089	untrained	32676	91	memtrain/o_605_1.jpg	photodiode	1
928.839	0.5	928839	untrained	32700	67	memtrain/o_378_1.jpg	photodiode	1
929.69	0.5	929690	trained	32749	18	memtrain/o_264_2.jpg	photodiode	1
930.641	0.5	930641	catch	32671	n/a	catch_padded.jpg	photodiode	0
930.961	0.0	930961	response	7	n/a	n/a	trigger	0
932.601	0.5	932601	trained	32753	14	memtrain/o_174_1.jpg	photodiode	1
933.543	0.5	933543	trained	32736	31	memtrain/o_465_2.jpg	photodiode	1
934.394	0.5	934394	trained	32761	6	memtrain/o_076_1.jpg	photodiode	1
935.145	0.5	935145	untrained	32674	93	memtrain/so_035_1.jpg	photodiode	1
936.096	0.5	936096	catch	32671	n/a	catch_padded.jpg	photodiode	0
936.477	0.0	936477	response	7	n/a	n/a	trigger	0
938.047	0.5	938047	trained	32740	27	memtrain/o_379_2.jpg	photodiode	1
938.898	0.5	938898	trained	32726	41	memtrain/o_663_2.jpg	photodiode	1
939.699	0.5	939699	untrained	32714	53	memtrain/o_142_2.jpg	photodiode	1
940.499	0.5	940499	untrained	32705	62	memtrain/o_304_1.jpg	photodiode	1
941.45	0.5	941450	catch	32671	n/a	catch_padded.jpg	photodiode	0
941.896	0.0	941896	response	7	n/a	n/a	trigger	0
943.452	0.5	943452	untrained	32706	61	memtrain/o_298_2.jpg	photodiode	1
944.353	0.5	944353	untrained	32697	70	memtrain/o_471_2.jpg	photodiode	1
945.303	0.5	945303	untrained	32717	50	memtrain/o_057_2.jpg	photodiode	1
946.204	0.5	946204	catch	32671	n/a	catch_padded.jpg	photodiode	0
946.677	0.0	946677	response	7	n/a	n/a	trigger	0
948.306	0.5	948306	untrained	32683	84	memtrain/so_117_2.jpg	photodiode	1
949.056	0.5	949056	trained	32750	17	memtrain/o_232_1.jpg	photodiode	1
949.957	0.5	949957	trained	32758	9	memtrain/o_101_2.jpg	photodiode	1
950.858	0.5	950858	trained	32752	15	memtrain/o_195_1.jpg	photodiode	1
951.809	0.5	951809	catch	32671	n/a	catch_padded.jpg	photodiode	0
952.253	0.0	952253	response	7	n/a	n/a	trigger	0
953.76	0.5	953760	untrained	32693	74	memtrain/o_550_1.jpg	photodiode	1
954.503	0.5	954503	untrained	32684	83	memtrain/so_105_1.jpg	photodiode	1
955.303	0.5	955303	trained	32748	19	memtrain/o_284_2.jpg	photodiode	1
956.254	0.5	956254	untrained	32686	81	memtrain/o_655_2.jpg	photodiode	1
957.063	0.5	957063	untrained	32709	58	memtrain/o_192_1.jpg	photodiode	1
957.955	0.5	957955	catch	32671	n/a	catch_padded.jpg	photodiode	0
958.352	0.0	958352	response	7	n/a	n/a	trigger	0
959.857	0.5	959857	untrained	32695	72	memtrain/o_490_1.jpg	photodiode	1
960.808	0.5	960808	untrained	32718	49	memtrain/o_054_2.jpg	photodiode	1
961.609	0.5	961609	trained	32748	19	memtrain/o_284_2.jpg	photodiode	1
962.409	0.5	962409	trained	32741	26	memtrain/o_376_1.jpg	photodiode	1
963.31	0.5	963310	catch	32671	n/a	catch_padded.jpg	photodiode	0
963.682	0.0	963682	response	7	n/a	n/a	trigger	0
965.312	0.5	965312	untrained	32694	73	memtrain/o_519_2.jpg	photodiode	1
966.262	0.5	966262	untrained	32673	94	memtrain/so_067_1.jpg	photodiode	1
967.063	0.5	967063	trained	32746	21	memtrain/o_319_1.jpg	photodiode	1
967.964	0.5	967964	catch	32671	n/a	catch_padded.jpg	photodiode	0
968.321	0.0	968321	response	7	n/a	n/a	trigger	0
969.966	0.5	969966	untrained	32699	68	memtrain/o_393_1.jpg	photodiode	1
970.816	0.5	970816	trained	32726	41	memtrain/o_663_2.jpg	photodiode	1
971.717	0.5	971717	untrained	32700	67	memtrain/o_378_1.jpg	photodiode	1
972.668	0.5	972668	untrained	32697	70	memtrain/o_471_2.jpg	photodiode	1
973.619	0.5	973619	trained	32764	3	memtrain/o_040_2.jpg	photodiode	1
974.369	0.5	974369	catch	32671	n/a	catch_padded.jpg	photodiode	0
974.748	0.0	974748	response	7	n/a	n/a	trigger	0
976.421	0.5	976421	untrained	32689	78	memtrain/o_599_1.jpg	photodiode	1
977.322	0.5	977322	trained	32724	43	memtrain/so_043_2.jpg	photodiode	1
978.123	0.5	978123	untrained	32717	50	memtrain/o_057_2.jpg	photodiode	1
978.923	0.5	978923	trained	32763	4	memtrain/o_042_1.jpg	photodiode	1
979.674	0.5	979674	catch	32671	n/a	catch_padded.jpg	photodiode	0
980.088	0.0	980088	response	7	n/a	n/a	trigger	0
981.626	0.5	981626	trained	32762	5	memtrain/o_067_1.jpg	photodiode	1
982.376	0.5	982376	trained	32759	8	memtrain/o_094_1.jpg	photodiode	1
983.327	0.5	983327	trained	32722	45	memtrain/so_090_2.jpg	photodiode	1
984.178	0.5	984178	untrained	32704	63	memtrain/o_310_2.jpg	photodiode	1
985.12	0.5	985120	catch	32671	n/a	catch_padded.jpg	photodiode	0
985.678	0.0	985678	response	7	n/a	n/a	trigger	0
987.222	0.5	987222	untrained	32698	69	memtrain/o_464_2.jpg	photodiode	1
987.973	0.5	987973	trained	32733	34	memtrain/o_558_2.jpg	photodiode	1
988.874	0.5	988874	trained	32734	33	memtrain/o_536_1.jpg	photodiode	1
989.824	0.5	989824	catch	32671	n/a	catch_padded.jpg	photodiode	0
990.226	0.0	990226	response	7	n/a	n/a	trigger	0
991.776	0.5	991776	untrained	32706	61	memtrain/o_298_2.jpg	photodiode	1
992.627	0.5	992627	trained	32755	12	memtrain/o_127_2.jpg	photodiode	1
993.427	0.5	993427	untrained	32714	53	memtrain/o_142_2.jpg	photodiode	1
994.278	0.5	994278	untrained	32707	60	memtrain/o_228_2.jpg	photodiode	1
995.179	0.5	995179	untrained	32683	84	memtrain/so_117_2.jpg	photodiode	1
995.98	0.5	995980	catch	32671	n/a	catch_padded.jpg	photodiode	0
996.436	0.0	996436	response	7	n/a	n/a	trigger	0
998.031	0.5	998031	trained	32752	15	memtrain/o_195_1.jpg	photodiode	1
998.832	0.5	998832	untrained	32676	91	memtrain/o_605_1.jpg	photodiode	1
999.583	0.5	999583	trained	32761	6	memtrain/o_076_1.jpg	photodiode	1
1000.483	0.5	1000483	catch	32671	n/a	catch_padded.jpg	photodiode	0
1000.837	0.0	1000837	response	7	n/a	n/a	trigger	0
1002.585	0.5	1002585	untrained	32690	77	memtrain/o_574_2.jpg	photodiode	1
1003.386	0.5	1003386	untrained	32708	59	memtrain/o_201_2.jpg	photodiode	1
1004.287	0.5	1004287	trained	32744	23	memtrain/o_338_2.jpg	photodiode	1
1005.087	0.5	1005087	untrained	32702	65	memtrain/o_337_2.jpg	photodiode	1
1005.938	0.5	1005938	untrained	32705	62	memtrain/o_304_1.jpg	photodiode	1
1006.889	0.5	1006889	catch	32671	n/a	catch_padded.jpg	photodiode	0
1007.241	0.0	1007241	response	7	n/a	n/a	trigger	0
1008.991	0.5	1008991	trained	32765	2	memtrain/o_035_1.jpg	photodiode	1
1009.841	0.5	1009841	untrained	32711	56	memtrain/o_163_2.jpg	photodiode	1
1010.592	0.5	1010592	trained	32729	38	memtrain/o_603_1.jpg	photodiode	1
1011.343	0.5	1011343	catch	32671	n/a	catch_padded.jpg	photodiode	0
1011.704	0.0	1011704	response	7	n/a	n/a	trigger	0
1013.294	0.5	1013294	untrained	32703	64	memtrain/o_334_2.jpg	photodiode	1
1014.186	0.5	1014186	trained	32727	40	memtrain/o_648_2.jpg	photodiode	1
1014.937	0.5	1014937	trained	32735	32	memtrain/o_485_2.jpg	photodiode	1
1015.838	0.5	1015838	trained	32736	31	memtrain/o_465_2.jpg	photodiode	1
1016.639	0.5	1016639	untrained	32715	52	memtrain/o_141_1.jpg	photodiode	1
1017.589	0.5	1017589	catch	32671	n/a	catch_padded.jpg	photodiode	0
1017.992	0.0	1017992	response	7	n/a	n/a	trigger	0
1019.691	0.5	1019691	trained	32750	17	memtrain/o_232_1.jpg	photodiode	1
1020.592	0.5	1020592	trained	32760	7	memtrain/o_091_2.jpg	photodiode	1
1021.493	0.5	1021493	untrained	32712	55	memtrain/o_153_2.jpg	photodiode	1
1022.343	0.5	1022343	untrained	32677	90	memtrain/o_580_1.jpg	photodiode	1
1023.153	0.5	1023153	trained	32740	27	memtrain/o_379_2.jpg	photodiode	1
1024.095	0.5	1024095	catch	32671	n/a	catch_padded.jpg	photodiode	0
1024.554	0.0	1024554	response	7	n/a	n/a	trigger	0
1025.996	0.5	1025996	trained	32728	39	memtrain/o_606_1.jpg	photodiode	1
1026.897	0.5	1026897	trained	32767	0	memtrain/o_006_1.jpg	photodiode	1
1027.748	0.5	1027748	untrained	32684	83	memtrain/so_105_1.jpg	photodiode	1
1028.499	0.5	1028499	catch	32671	n/a	catch_padded.jpg	photodiode	0
1028.898	0.0	1028898	response	7	n/a	n/a	trigger	0
1030.4	0.5	1030400	untrained	32693	74	memtrain/o_550_1.jpg	photodiode	1
1031.151	0.5	1031151	trained	32757	10	memtrain/o_111_2.jpg	photodiode	1
1031.951	0.5	1031951	trained	32758	9	memtrain/o_101_2.jpg	photodiode	1
1032.852	0.5	1032852	untrained	32672	95	memtrain/so_125_1.jpg	photodiode	1
1033.753	0.5	1033753	catch	32671	n/a	catch_padded.jpg	photodiode	0
1034.138	0.0	1034138	response	7	n/a	n/a	trigger	0
1035.805	0.5	1035805	trained	32720	47	memtrain/so_147_2.jpg	photodiode	1
1036.605	0.5	1036605	untrained	32719	48	memtrain/o_019_2.jpg	photodiode	1
1037.406	0.5	1037406	untrained	32686	81	memtrain/o_655_2.jpg	photodiode	1
1038.357	0.5	1038357	untrained	32713	54	memtrain/o_145_1.jpg	photodiode	1
1039.258	0.5	1039258	catch	32671	n/a	catch_padded.jpg	photodiode	0
1039.648	0.0	1039648	response	7	n/a	n/a	trigger	0
1041.309	0.5	1041309	trained	32766	1	memtrain/o_015_1.jpg	photodiode	1
1042.152	0.5	1042152	trained	32749	18	memtrain/o_264_2.jpg	photodiode	1
1043.003	0.5	1043003	trained	32745	22	memtrain/o_321_1.jpg	photodiode	1
1043.954	0.5	1043954	catch	32671	n/a	catch_padded.jpg	photodiode	0
1044.455	0.0	1044455	response	7	n/a	n/a	trigger	0
1046.063	0.5	1046063	trained	32737	30	memtrain/o_437_2.jpg	photodiode	1
1046.806	0.5	1046806	untrained	32710	57	memtrain/o_171_1.jpg	photodiode	1
1047.757	0.5	1047757	untrained	32681	86	memtrain/o_288_1.jpg	photodiode	1
1048.658	0.5	1048658	trained	32732	35	memtrain/o_561_2.jpg	photodiode	1
1049.608	0.5	1049608	catch	32671	n/a	catch_padded.jpg	photodiode	0
1049.945	0.0	1049945	response	7	n/a	n/a	trigger	0
1051.66	0.5	1051660	untrained	32691	76	memtrain/o_570_1.jpg	photodiode	1
1052.561	0.5	1052561	trained	32747	20	memtrain/o_290_1.jpg	photodiode	1
1053.412	0.5	1053412	trained	32731	36	memtrain/o_583_1.jpg	photodiode	1
1054.362	0.5	1054362	untrained	32687	80	memtrain/o_613_1.jpg	photodiode	1
1055.113	0.5	1055113	untrained	32679	88	memtrain/o_458_1.jpg	photodiode	1
1055.914	0.5	1055914	catch	32671	n/a	catch_padded.jpg	photodiode	0
1056.302	0.0	1056302	response	7	n/a	n/a	trigger	0
1057.815	0.5	1057815	trained	32754	13	memtrain/o_136_1.jpg	photodiode	1
1058.666	0.5	1058666	trained	32738	29	memtrain/o_416_1.jpg	photodiode	1
1059.417	0.5	1059417	untrained	32680	87	memtrain/o_365_1.jpg	photodiode	1
1060.217	0.5	1060217	untrained	32682	85	memtrain/o_218_1.jpg	photodiode	1
1061.018	0.5	1061018	catch	32671	n/a	catch_padded.jpg	photodiode	0
1061.444	0.0	1061444	response	7	n/a	n/a	trigger	0
1063.02	0.5	1063020	trained	32742	25	memtrain/o_358_2.jpg	photodiode	1
1063.921	0.5	1063921	trained	32721	46	memtrain/so_113_1.jpg	photodiode	1
1064.721	0.5	1064721	trained	32730	37	memtrain/o_597_1.jpg	photodiode	1
1065.622	0.5	1065622	trained	32756	11	memtrain/o_117_2.jpg	photodiode	1
1066.373	0.5	1066373	catch	32671	n/a	catch_padded.jpg	photodiode	0
1066.83	0.0	1066830	response	7	n/a	n/a	trigger	0
1068.374	0.5	1068374	untrained	32696	71	memtrain/o_483_1.jpg	photodiode	1
1069.225	0.5	1069225	trained	32725	42	memtrain/so_034_2.jpg	photodiode	1
1069.976	0.5	1069976	untrained	32674	93	memtrain/so_035_1.jpg	photodiode	1
1070.826	0.5	1070826	trained	32739	28	memtrain/o_397_1.jpg	photodiode	1
1071.727	0.5	1071727	untrained	32716	51	memtrain/o_103_2.jpg	photodiode	1
1072.578	0.5	1072578	catch	32671	n/a	catch_padded.jpg	photodiode	0
1072.916	0.0	1072916	response	7	n/a	n/a	trigger	0
1074.621	0.5	1074621	untrained	32685	82	memtrain/o_656_1.jpg	photodiode	1
1075.372	0.5	1075372	trained	32751	16	memtrain/o_199_2.jpg	photodiode	1
1076.322	0.5	1076322	untrained	32701	66	memtrain/o_342_2.jpg	photodiode	1
1077.173	0.5	1077173	catch	32671	n/a	catch_padded.jpg	photodiode	0
1077.677	0.0	1077677	response	7	n/a	n/a	trigger	0
1079.225	0.5	1079225	trained	32753	14	memtrain/o_174_1.jpg	photodiode	1
1080.076	0.5	1080076	untrained	32678	89	memtrain/o_469_1.jpg	photodiode	1
1080.876	0.5	1080876	untrained	32688	79	memtrain/o_600_1.jpg	photodiode	1
1081.827	0.5	1081827	untrained	32675	92	memtrain/so_033_1.jpg	photodiode	1
1082.778	0.5	1082778	catch	32671	n/a	catch_padded.jpg	photodiode	0
1083.183	0.0	1083183	response	7	n/a	n/a	trigger	0
1084.68	0.5	1084680	trained	32743	24	memtrain/o_357_1.jpg	photodiode	1
1085.43	0.5	1085430	untrained	32692	75	memtrain/o_564_1.jpg	photodiode	1
1086.231	0.5	1086231	trained	32723	44	memtrain/so_045_1.jpg	photodiode	1
1087.182	0.5	1087182	catch	32671	n/a	catch_padded.jpg	photodiode	0
1087.582	0.0	1087582	response	7	n/a	n/a	trigger	0
1089.656	0.0	1089656	block_end	120	n/a	n/a	trigger	0
1096.876	0.0	1096876	response	7	n/a	n/a	trigger	0
1096.886	0.0	1096886	block_onset	105	n/a	n/a	trigger	0
1098.934	0.5	1098934	untrained	32696	71	memtrain/o_483_1.jpg	photodiode	1
1099.692	0.5	1099692	trained	32721	46	memtrain/so_113_1.jpg	photodiode	1
1100.493	0.5	1100493	trained	32727	40	memtrain/o_648_2.jpg	photodiode	1
1101.444	0.5	1101444	trained	32731	36	memtrain/o_583_1.jpg	photodiode	1
1102.244	0.5	1102244	trained	32767	0	memtrain/o_006_1.jpg	photodiode	1
1103.145	0.5	1103145	catch	32671	n/a	catch_padded.jpg	photodiode	0
1103.666	0.0	1103666	response	7	n/a	n/a	trigger	0
1105.047	0.5	1105047	trained	32743	24	memtrain/o_357_1.jpg	photodiode	1
1105.939	0.5	1105939	untrained	32702	65	memtrain/o_337_2.jpg	photodiode	1
1106.84	0.5	1106840	trained	32730	37	memtrain/o_597_1.jpg	photodiode	1
1107.749	0.5	1107749	untrained	32683	84	memtrain/so_117_2.jpg	photodiode	1
1108.592	0.5	1108592	catch	32671	n/a	catch_padded.jpg	photodiode	0
1109.076	0.0	1109076	response	7	n/a	n/a	trigger	0
1110.543	0.5	1110543	trained	32762	5	memtrain/o_067_1.jpg	photodiode	1
1111.494	0.5	1111494	untrained	32697	70	memtrain/o_471_2.jpg	photodiode	1
1112.445	0.5	1112445	trained	32720	47	memtrain/so_147_2.jpg	photodiode	1
1113.196	0.5	1113196	trained	32752	15	memtrain/o_195_1.jpg	photodiode	1
1113.996	0.5	1113996	catch	32671	n/a	catch_padded.jpg	photodiode	0
1114.425	0.0	1114425	response	7	n/a	n/a	trigger	0
1115.998	0.5	1115998	trained	32748	19	memtrain/o_284_2.jpg	photodiode	1
1116.849	0.5	1116849	trained	32766	1	memtrain/o_015_1.jpg	photodiode	1
1117.699	0.5	1117699	trained	32740	27	memtrain/o_379_2.jpg	photodiode	1
1118.5	0.5	1118500	trained	32759	8	memtrain/o_094_1.jpg	photodiode	1
1119.401	0.5	1119401	catch	32671	n/a	catch_padded.jpg	photodiode	0
1119.765	0.0	1119765	response	7	n/a	n/a	trigger	0
1121.403	0.5	1121403	trained	32751	16	memtrain/o_199_2.jpg	photodiode	1
1122.353	0.5	1122353	untrained	32704	63	memtrain/o_310_2.jpg	photodiode	1
1123.104	0.5	1123104	untrained	32675	92	memtrain/so_033_1.jpg	photodiode	1
1124.055	0.5	1124055	catch	32671	n/a	catch_padded.jpg	photodiode	0
1124.421	0.0	1124421	response	7	n/a	n/a	trigger	0
1126.006	0.5	1126006	untrained	32676	91	memtrain/o_605_1.jpg	photodiode	1
1126.957	0.5	1126957	trained	32724	43	memtrain/so_043_2.jpg	photodiode	1
1127.808	0.5	1127808	untrained	32706	61	memtrain/o_298_2.jpg	photodiode	1
1128.709	0.5	1128709	untrained	32681	86	memtrain/o_288_1.jpg	photodiode	1
1129.61	0.5	1129610	catch	32671	n/a	catch_padded.jpg	photodiode	0
1129.962	0.0	1129962	response	7	n/a	n/a	trigger	0
1131.611	0.5	1131611	trained	32733	34	memtrain/o_558_2.jpg	photodiode	1
1132.512	0.5	1132512	trained	32761	6	memtrain/o_076_1.jpg	photodiode	1
1133.363	0.5	1133363	untrained	32679	88	memtrain/o_458_1.jpg	photodiode	1
1134.163	0.5	1134163	untrained	32703	64	memtrain/o_334_2.jpg	photodiode	1
1134.964	0.5	1134964	trained	32758	9	memtrain/o_101_2.jpg	photodiode	1
1135.906	0.5	1135906	catch	32671	n/a	catch_padded.jpg	photodiode	0
1136.179	0.0	1136179	response	7	n/a	n/a	trigger	0
1138.008	0.5	1138008	untrained	32709	58	memtrain/o_192_1.jpg	photodiode	1
1138.767	0.5	1138767	trained	32746	21	memtrain/o_319_1.jpg	photodiode	1
1139.71	0.5	1139710	trained	32729	38	memtrain/o_603_1.jpg	photodiode	1
1140.66	0.5	1140660	untrained	32690	77	memtrain/o_574_2.jpg	photodiode	1
1141.611	0.5	1141611	untrained	32715	52	memtrain/o_141_1.jpg	photodiode	1
1142.462	0.5	1142462	catch	32671	n/a	catch_padded.jpg	photodiode	0
1142.846	0.0	1142846	response	7	n/a	n/a	trigger	0
1144.564	0.5	1144564	trained	32760	7	memtrain/o_091_2.jpg	photodiode	1
1145.314	0.5	1145314	untrained	32714	53	memtrain/o_142_2.jpg	photodiode	1
1146.165	0.5	1146165	trained	32732	35	memtrain/o_561_2.jpg	photodiode	1
1147.116	0.5	1147116	catch	32671	n/a	catch_padded.jpg	photodiode	0
1147.484	0.0	1147484	response	7	n/a	n/a	trigger	0
1149.168	0.5	1149168	untrained	32708	59	memtrain/o_201_2.jpg	photodiode	1
1150.118	0.5	1150118	untrained	32707	60	memtrain/o_228_2.jpg	photodiode	1
1150.869	0.5	1150869	untrained	32701	66	memtrain/o_342_2.jpg	photodiode	1
1151.62	0.5	1151620	trained	32755	12	memtrain/o_127_2.jpg	photodiode	1
1152.52	0.5	1152520	trained	32737	30	memtrain/o_437_2.jpg	photodiode	1
1153.371	0.5	1153371	catch	32671	n/a	catch_padded.jpg	photodiode	0
1153.672	0.0	1153672	response	7	n/a	n/a	trigger	0
1155.273	0.5	1155273	trained	32741	26	memtrain/o_376_1.jpg	photodiode	1
1156.123	0.5	1156123	trained	32763	4	memtrain/o_042_1.jpg	photodiode	1
1156.974	0.5	1156974	trained	32742	25	memtrain/o_358_2.jpg	photodiode	1
1157.825	0.5	1157825	catch	32671	n/a	catch_padded.jpg	photodiode	0
1158.216	0.0	1158216	response	7	n/a	n/a	trigger	0
1159.777	0.5	1159777	untrained	32712	55	memtrain/o_153_2.jpg	photodiode	1
1160.577	0.5	1160577	untrained	32716	51	memtrain/o_103_2.jpg	photodiode	1
1161.328	0.5	1161328	trained	32736	31	memtrain/o_465_2.jpg	photodiode	1
1162.129	0.5	1162129	untrained	32699	68	memtrain/o_393_1.jpg	photodiode	1
1162.979	0.5	1162979	untrained	32692	75	memtrain/o_564_1.jpg	photodiode	1
1163.772	0.5	1163772	catch	32671	n/a	catch_padded.jpg	photodiode	0
1164.269	0.0	1164269	response	7	n/a	n/a	trigger	0
1165.673	0.5	1165673	untrained	32680	87	memtrain/o_365_1.jpg	photodiode	1
1166.624	0.5	1166624	trained	32728	39	memtrain/o_606_1.jpg	photodiode	1
1167.525	0.5	1167525	trained	32756	11	memtrain/o_117_2.jpg	photodiode	1
1168.276	0.5	1168276	untrained	32710	57	memtrain/o_171_1.jpg	photodiode	1
1169.126	0.5	1169126	catch	32671	n/a	catch_padded.jpg	photodiode	0
1169.649	0.0	1169649	response	7	n/a	n/a	trigger	0
1171.078	0.5	1171078	untrained	32678	89	memtrain/o_469_1.jpg	photodiode	1
1171.929	0.5	1171929	trained	32738	29	memtrain/o_416_1.jpg	photodiode	1
1172.83	0.5	1172830	untrained	32672	95	memtrain/so_125_1.jpg	photodiode	1
1173.63	0.5	1173630	catch	32671	n/a	catch_padded.jpg	photodiode	0
1174.051	0.0	1174051	response	7	n/a	n/a	trigger	0
1175.54	0.5	1175540	untrained	32685	82	memtrain/o_656_1.jpg	photodiode	1
1176.433	0.5	1176433	trained	32734	33	memtrain/o_536_1.jpg	photodiode	1
1177.233	0.5	1177233	trained	32722	45	memtrain/so_090_2.jpg	photodiode	1
1178.184	0.5	1178184	trained	32747	20	memtrain/o_290_1.jpg	photodiode	1
1179.035	0.5	1179035	catch	32671	n/a	catch_padded.jpg	photodiode	0
1179.394	0.0	1179394	response	7	n/a	n/a	trigger	0
1181.087	0.5	1181087	untrained	32693	74	memtrain/o_550_1.jpg	photodiode	1
1182.037	0.5	1182037	untrained	32687	80	memtrain/o_613_1.jpg	photodiode	1
1182.938	0.5	1182938	trained	32735	32	memtrain/o_485_2.jpg	photodiode	1
1183.689	0.5	1183689	trained	32745	22	memtrain/o_321_1.jpg	photodiode	1
1184.439	0.5	1184439	catch	32671	n/a	catch_padded.jpg	photodiode	0
1184.79	0.0	1184790	response	7	n/a	n/a	trigger	0
1186.07	0.0	1186070	response	7	n/a	n/a	trigger	0
1186.341	0.5	1186341	trained	32764	3	memtrain/o_040_2.jpg	photodiode	1
1187.142	0.5	1187142	trained	32744	23	memtrain/o_338_2.jpg	photodiode	1
1188.042	0.5	1188042	untrained	32682	85	memtrain/o_218_1.jpg	photodiode	1
1188.793	0.5	1188793	untrained	32674	93	memtrain/so_035_1.jpg	photodiode	1
1189.544	0.5	1189544	catch	32671	n/a	catch_padded.jpg	photodiode	0
1189.977	0.0	1189977	response	7	n/a	n/a	trigger	0
1191.595	0.5	1191595	untrained	32698	69	memtrain/o_464_2.jpg	photodiode	1
1192.546	0.5	1192546	trained	32754	13	memtrain/o_136_1.jpg	photodiode	1
1193.388	0.5	1193388	untrained	32705	62	memtrain/o_304_1.jpg	photodiode	1
1194.139	0.5	1194139	untrained	32695	72	memtrain/o_490_1.jpg	photodiode	1
1195.09	0.5	1195090	catch	32671	n/a	catch_padded.jpg	photodiode	0
1195.425	0.0	1195425	response	7	n/a	n/a	trigger	0
1197.2	0.5	1197200	trained	32753	14	memtrain/o_174_1.jpg	photodiode	1
1198.092	0.5	1198092	trained	32750	17	memtrain/o_232_1.jpg	photodiode	1
1198.843	0.5	1198843	trained	32725	42	memtrain/so_034_2.jpg	photodiode	1
1199.644	0.5	1199644	untrained	32717	50	memtrain/o_057_2.jpg	photodiode	1
1200.544	0.5	1200544	untrained	32711	56	memtrain/o_163_2.jpg	photodiode	1
1201.345	0.5	1201345	catch	32671	n/a	catch_padded.jpg	photodiode	0
1201.712	0.0	1201712	response	7	n/a	n/a	trigger	0
1203.247	0.5	1203247	trained	32723	44	memtrain/so_045_1.jpg	photodiode	1
1203.997	0.5	1203997	untrained	32688	79	memtrain/o_600_1.jpg	photodiode	1
1204.898	0.5	1204898	untrained	32691	76	memtrain/o_570_1.jpg	photodiode	1
1205.749	0.5	1205749	untrained	32673	94	memtrain/so_067_1.jpg	photodiode	1
1206.549	0.5	1206549	trained	32749	18	memtrain/o_264_2.jpg	photodiode	1
1207.5	0.5	1207500	catch	32671	n/a	catch_padded.jpg	photodiode	0
1207.877	0.0	1207877	response	7	n/a	n/a	trigger	0
1209.502	0.5	1209502	trained	32765	2	memtrain/o_035_1.jpg	photodiode	1
1210.253	0.5	1210253	trained	32739	28	memtrain/o_397_1.jpg	photodiode	1
1211.053	0.5	1211053	untrained	32719	48	memtrain/o_019_2.jpg	photodiode	1
1211.904	0.5	1211904	untrained	32686	81	memtrain/o_655_2.jpg	photodiode	1
1212.855	0.5	1212855	catch	32671	n/a	catch_padded.jpg	photodiode	0
1213.254	0.0	1213254	response	7	n/a	n/a	trigger	0
1214.957	0.5	1214957	untrained	32689	78	memtrain/o_599_1.jpg	photodiode	1
1215.707	0.5	1215707	untrained	32700	67	memtrain/o_378_1.jpg	photodiode	1
1216.608	0.5	1216608	untrained	32694	73	memtrain/o_519_2.jpg	photodiode	1
1217.509	0.5	1217509	untrained	32713	54	memtrain/o_145_1.jpg	photodiode	1
1218.259	0.5	1218259	catch	32671	n/a	catch_padded.jpg	photodiode	0
1218.573	0.0	1218573	response	7	n/a	n/a	trigger	0
1220.311	0.5	1220311	untrained	32677	90	memtrain/o_580_1.jpg	photodiode	1
1221.112	0.5	1221112	untrained	32684	83	memtrain/so_105_1.jpg	photodiode	1
1221.913	0.5	1221913	trained	32726	41	memtrain/o_663_2.jpg	photodiode	1
1222.855	0.5	1222855	catch	32671	n/a	catch_padded.jpg	photodiode	0
1223.12	0.0	1223120	response	7	n/a	n/a	trigger	0
1224.815	0.5	1224815	trained	32757	10	memtrain/o_111_2.jpg	photodiode	1
1225.716	0.5	1225716	untrained	32718	49	memtrain/o_054_2.jpg	photodiode	1
1226.558	0.5	1226558	untrained	32695	72	memtrain/o_490_1.jpg	photodiode	1
1227.509	0.5	1227509	untrained	32714	53	memtrain/o_142_2.jpg	photodiode	1
1228.31	0.5	1228310	trained	32750	17	memtrain/o_232_1.jpg	photodiode	1
1229.161	0.5	1229161	catch	32671	n/a	catch_padded.jpg	photodiode	0
1229.647	0.0	1229647	response	7	n/a	n/a	trigger	0
1231.112	0.5	1231112	untrained	32711	56	memtrain/o_163_2.jpg	photodiode	1
1232.013	0.5	1232013	trained	32760	7	memtrain/o_091_2.jpg	photodiode	1
1232.814	0.5	1232814	untrained	32676	91	memtrain/o_605_1.jpg	photodiode	1
1233.764	0.5	1233764	trained	32730	37	memtrain/o_597_1.jpg	photodiode	1
1234.665	0.5	1234665	catch	32671	n/a	catch_padded.jpg	photodiode	0
1234.999	0.0	1234999	response	7	n/a	n/a	trigger	0
1236.667	0.5	1236667	trained	32742	25	memtrain/o_358_2.jpg	photodiode	1
1237.418	0.5	1237418	untrained	32703	64	memtrain/o_334_2.jpg	photodiode	1
1238.368	0.5	1238368	trained	32728	39	memtrain/o_606_1.jpg	photodiode	1
1239.219	0.5	1239219	trained	32739	28	memtrain/o_397_1.jpg	photodiode	1
1239.97	0.5	1239970	catch	32671	n/a	catch_padded.jpg	photodiode	0
1240.277	0.0	1240277	response	7	n/a	n/a	trigger	0
1242.072	0.5	1242072	untrained	32692	75	memtrain/o_564_1.jpg	photodiode	1
1242.822	0.5	1242822	trained	32736	31	memtrain/o_465_2.jpg	photodiode	1
1243.773	0.5	1243773	trained	32759	8	memtrain/o_094_1.jpg	photodiode	1
1244.574	0.5	1244574	catch	32671	n/a	catch_padded.jpg	photodiode	0
1244.885	0.0	1244885	response	7	n/a	n/a	trigger	0
1246.675	0.5	1246675	trained	32729	38	memtrain/o_603_1.jpg	photodiode	1
1247.526	0.5	1247526	trained	32751	16	memtrain/o_199_2.jpg	photodiode	1
1248.277	0.5	1248277	trained	32726	41	memtrain/o_663_2.jpg	photodiode	1
1249.027	0.5	1249027	catch	32671	n/a	catch_padded.jpg	photodiode	0
1249.456	0.0	1249456	response	7	n/a	n/a	trigger	0
1250.929	0.5	1250929	trained	32735	32	memtrain/o_485_2.jpg	photodiode	1
1251.78	0.5	1251780	trained	32758	9	memtrain/o_101_2.jpg	photodiode	1
1252.681	0.5	1252681	trained	32747	20	memtrain/o_290_1.jpg	photodiode	1
1253.631	0.5	1253631	catch	32671	n/a	catch_padded.jpg	photodiode	0
1253.99	0.0	1253990	response	7	n/a	n/a	trigger	0
1255.533	0.5	1255533	untrained	32681	86	memtrain/o_288_1.jpg	photodiode	1
1256.425	0.5	1256425	untrained	32715	52	memtrain/o_141_1.jpg	photodiode	1
1257.326	0.5	1257326	untrained	32687	80	memtrain/o_613_1.jpg	photodiode	1
1258.177	0.5	1258177	catch	32671	n/a	catch_padded.jpg	photodiode	0
1258.627	0.0	1258627	response	7	n/a	n/a	trigger	0
1260.078	0.5	1260078	untrained	32684	83	memtrain/so_105_1.jpg	photodiode	1
1260.879	0.5	1260879	trained	32732	35	memtrain/o_561_2.jpg	photodiode	1
1261.83	0.5	1261830	trained	32723	44	memtrain/so_045_1.jpg	photodiode	1
1262.68	0.5	1262680	trained	32720	47	memtrain/so_147_2.jpg	photodiode	1
1263.581	0.5	1263581	untrained	32707	60	memtrain/o_228_2.jpg	photodiode	1
1264.482	0.5	1264482	catch	32671	n/a	catch_padded.jpg	photodiode	0
1264.917	0.0	1264917	response	7	n/a	n/a	trigger	0
1266.434	0.5	1266434	trained	32743	24	memtrain/o_357_1.jpg	photodiode	1
1267.234	0.5	1267234	untrained	32710	57	memtrain/o_171_1.jpg	photodiode	1
1268.035	0.5	1268035	untrained	32709	58	memtrain/o_192_1.jpg	photodiode	1
1268.936	0.5	1268936	untrained	32685	82	memtrain/o_656_1.jpg	photodiode	1
1269.836	0.5	1269836	catch	32671	n/a	catch_padded.jpg	photodiode	0
1270.233	0.0	1270233	response	7	n/a	n/a	trigger	0
1271.838	0.5	1271838	untrained	32705	62	memtrain/o_304_1.jpg	photodiode	1
1272.639	0.5	1272639	untrained	32672	95	memtrain/so_125_1.jpg	photodiode	1
1273.59	0.5	1273590	untrained	32718	49	memtrain/o_054_2.jpg	photodiode	1
1274.34	0.5	1274340	catch	32671	n/a	catch_padded.jpg	photodiode	0
1274.756	0.0	1274756	response	7	n/a	n/a	trigger	0
1276.442	0.5	1276442	trained	32724	43	memtrain/so_043_2.jpg	photodiode	1
1277.343	0.5	1277343	trained	32725	42	memtrain/so_034_2.jpg	photodiode	1
1278.194	0.5	1278194	trained	32767	0	memtrain/o_006_1.jpg	photodiode	1
1279.044	0.5	1279044	untrained	32700	67	memtrain/o_378_1.jpg	photodiode	1
1279.995	0.5	1279995	catch	32671	n/a	catch_padded.jpg	photodiode	0
1280.385	0.0	1280385	response	7	n/a	n/a	trigger	0
1281.947	0.5	1281947	untrained	32691	76	memtrain/o_570_1.jpg	photodiode	1
1282.697	0.5	1282697	untrained	32683	84	memtrain/so_117_2.jpg	photodiode	1
1283.598	0.5	1283598	trained	32738	29	memtrain/o_416_1.jpg	photodiode	1
1284.441	0.5	1284441	catch	32671	n/a	catch_padded.jpg	photodiode	0
1285.154	0.0	1285154	response	7	n/a	n/a	trigger	0
1286.543	0.5	1286543	trained	32749	18	memtrain/o_264_2.jpg	photodiode	1
1287.393	0.5	1287393	untrained	32716	51	memtrain/o_103_2.jpg	photodiode	1
1288.294	0.5	1288294	trained	32727	40	memtrain/o_648_2.jpg	photodiode	1
1289.095	0.5	1289095	trained	32721	46	memtrain/so_113_1.jpg	photodiode	1
1289.945	0.5	1289945	untrained	32693	74	memtrain/o_550_1.jpg	photodiode	1
1290.796	0.5	1290796	catch	32671	n/a	catch_padded.jpg	photodiode	0
1291.158	0.0	1291158	response	7	n/a	n/a	trigger	0
1292.898	0.5	1292898	untrained	32673	94	memtrain/so_067_1.jpg	photodiode	1
1293.699	0.5	1293699	trained	32737	30	memtrain/o_437_2.jpg	photodiode	1
1294.499	0.5	1294499	trained	32731	36	memtrain/o_583_1.jpg	photodiode	1
1295.4	0.5	1295400	catch	32671	n/a	catch_padded.jpg	photodiode	0
1295.811	0.0	1295811	response	7	n/a	n/a	trigger	0
1297.502	0.5	1297502	trained	32754	13	memtrain/o_136_1.jpg	photodiode	1
1298.403	0.5	1298403	trained	32764	3	memtrain/o_040_2.jpg	photodiode	1
1299.353	0.5	1299353	trained	32755	12	memtrain/o_127_2.jpg	photodiode	1
1300.254	0.5	1300254	trained	32722	45	memtrain/so_090_2.jpg	photodiode	1
1301.205	0.5	1301205	untrained	32708	59	memtrain/o_201_2.jpg	photodiode	1
1302.006	0.5	1302006	catch	32671	n/a	catch_padded.jpg	photodiode	0
1302.394	0.0	1302394	response	7	n/a	n/a	trigger	0
1304.057	0.5	1304057	untrained	32690	77	memtrain/o_574_2.jpg	photodiode	1
1304.958	0.5	1304958	trained	32746	21	memtrain/o_319_1.jpg	photodiode	1
1305.809	0.5	1305809	trained	32733	34	memtrain/o_558_2.jpg	photodiode	1
1306.71	0.5	1306710	catch	32671	n/a	catch_padded.jpg	photodiode	0
1307.185	0.0	1307185	response	7	n/a	n/a	trigger	0
1308.661	0.5	1308661	untrained	32675	92	memtrain/so_033_1.jpg	photodiode	1
1309.562	0.5	1309562	untrained	32719	48	memtrain/o_019_2.jpg	photodiode	1
1310.413	0.5	1310413	untrained	32706	61	memtrain/o_298_2.jpg	photodiode	1
1311.163	0.5	1311163	catch	32671	n/a	catch_padded.jpg	photodiode	0
1311.525	0.0	1311525	response	7	n/a	n/a	trigger	0
1313.065	0.5	1313065	untrained	32702	65	memtrain/o_337_2.jpg	photodiode	1
1313.816	0.5	1313816	untrained	32699	68	memtrain/o_393_1.jpg	photodiode	1
1314.616	0.5	1314616	trained	32745	22	memtrain/o_321_1.jpg	photodiode	1
1315.559	0.5	1315559	untrained	32713	54	memtrain/o_145_1.jpg	photodiode	1
1316.359	0.5	1316359	untrained	32674	93	memtrain/so_035_1.jpg	photodiode	1
1317.16	0.5	1317160	catch	32671	n/a	catch_padded.jpg	photodiode	0
1317.484	0.0	1317484	response	7	n/a	n/a	trigger	0
1319.262	0.5	1319262	untrained	32682	85	memtrain/o_218_1.jpg	photodiode	1
1320.162	0.5	1320162	trained	32766	1	memtrain/o_015_1.jpg	photodiode	1
1321.013	0.5	1321013	trained	32740	27	memtrain/o_379_2.jpg	photodiode	1
1321.964	0.5	1321964	trained	32734	33	memtrain/o_536_1.jpg	photodiode	1
1322.815	0.5	1322815	catch	32671	n/a	catch_padded.jpg	photodiode	0
1323.155	0.0	1323155	response	7	n/a	n/a	trigger	0
1324.816	0.5	1324816	untrained	32712	55	memtrain/o_153_2.jpg	photodiode	1
1325.717	0.5	1325717	trained	32748	19	memtrain/o_284_2.jpg	photodiode	1
1326.468	0.5	1326468	untrained	32717	50	memtrain/o_057_2.jpg	photodiode	1
1327.319	0.5	1327319	trained	32753	14	memtrain/o_174_1.jpg	photodiode	1
1328.169	0.5	1328169	untrained	32677	90	memtrain/o_580_1.jpg	photodiode	1
1328.97	0.5	1328970	catch	32671	n/a	catch_padded.jpg	photodiode	0
1329.36	0.0	1329360	response	7	n/a	n/a	trigger	0
1330.872	0.5	1330872	trained	32752	15	memtrain/o_195_1.jpg	photodiode	1
1331.622	0.5	1331622	untrained	32680	87	memtrain/o_365_1.jpg	photodiode	1
1332.373	0.5	1332373	untrained	32696	71	memtrain/o_483_1.jpg	photodiode	1
1333.123	0.5	1333123	trained	32762	5	memtrain/o_067_1.jpg	photodiode	1
1333.924	0.5	1333924	untrained	32697	70	memtrain/o_471_2.jpg	photodiode	1
1334.725	0.5	1334725	catch	32671	n/a	catch_padded.jpg	photodiode	0
1335.282	0.0	1335282	response	7	n/a	n/a	trigger	0
1336.676	0.5	1336676	untrained	32686	81	memtrain/o_655_2.jpg	photodiode	1
1337.427	0.5	1337427	untrained	32701	66	memtrain/o_342_2.jpg	photodiode	1
1338.178	0.5	1338178	trained	32744	23	memtrain/o_338_2.jpg	photodiode	1
1338.978	0.5	1338978	trained	32763	4	memtrain/o_042_1.jpg	photodiode	1
1339.729	0.5	1339729	untrained	32678	89	memtrain/o_469_1.jpg	photodiode	1
1340.68	0.5	1340680	catch	32671	n/a	catch_padded.jpg	photodiode	0
1341.008	0.0	1341008	response	7	n/a	n/a	trigger	0
1342.673	0.5	1342673	trained	32741	26	memtrain/o_376_1.jpg	photodiode	1
1343.524	0.5	1343524	untrained	32704	63	memtrain/o_310_2.jpg	photodiode	1
1344.425	0.5	1344425	trained	32756	11	memtrain/o_117_2.jpg	photodiode	1
1345.376	0.5	1345376	catch	32671	n/a	catch_padded.jpg	photodiode	0
1345.719	0.0	1345719	response	7	n/a	n/a	trigger	0
1347.427	0.5	1347427	untrained	32698	69	memtrain/o_464_2.jpg	photodiode	1
1348.278	0.5	1348278	trained	32757	10	memtrain/o_111_2.jpg	photodiode	1
1349.229	0.5	1349229	untrained	32689	78	memtrain/o_599_1.jpg	photodiode	1
1350.08	0.5	1350080	catch	32671	n/a	catch_padded.jpg	photodiode	0
1350.407	0.0	1350407	response	7	n/a	n/a	trigger	0
1352.19	0.5	1352190	untrained	32679	88	memtrain/o_458_1.jpg	photodiode	1
1352.932	0.5	1352932	trained	32761	6	memtrain/o_076_1.jpg	photodiode	1
1353.683	0.5	1353683	untrained	32688	79	memtrain/o_600_1.jpg	photodiode	1
1354.634	0.5	1354634	trained	32765	2	memtrain/o_035_1.jpg	photodiode	1
1355.434	0.5	1355434	untrained	32694	73	memtrain/o_519_2.jpg	photodiode	1
1356.235	0.5	1356235	catch	32671	n/a	catch_padded.jpg	photodiode	0
1356.566	0.0	1356566	response	7	n/a	n/a	trigger	0
1358.709	0.0	1358709	block_end	120	n/a	n/a	trigger	0
1385.769	0.0	1385769	response	7	n/a	n/a	trigger	0
1385.772	0.0	1385772	block_onset	106	n/a	n/a	trigger	0
1387.82	0.5	1387820	untrained	32696	71	memtrain/o_483_1.jpg	photodiode	1
1388.779	0.5	1388779	untrained	32706	61	memtrain/o_298_2.jpg	photodiode	1
1389.58	0.5	1389580	trained	32731	36	memtrain/o_583_1.jpg	photodiode	1
1390.481	0.5	1390481	untrained	32704	63	memtrain/o_310_2.jpg	photodiode	1
1391.423	0.5	1391423	catch	32671	n/a	catch_padded.jpg	photodiode	0
1391.779	0.0	1391779	response	7	n/a	n/a	trigger	0
1393.324	0.5	1393324	untrained	32685	82	memtrain/o_656_1.jpg	photodiode	1
1394.175	0.5	1394175	untrained	32686	81	memtrain/o_655_2.jpg	photodiode	1
1394.976	0.5	1394976	trained	32750	17	memtrain/o_232_1.jpg	photodiode	1
1395.927	0.5	1395927	catch	32671	n/a	catch_padded.jpg	photodiode	0
1396.254	0.0	1396254	response	7	n/a	n/a	trigger	0
1397.928	0.5	1397928	trained	32764	3	memtrain/o_040_2.jpg	photodiode	1
1398.729	0.5	1398729	trained	32765	2	memtrain/o_035_1.jpg	photodiode	1
1399.48	0.5	1399480	untrained	32701	66	memtrain/o_342_2.jpg	photodiode	1
1400.43	0.5	1400430	catch	32671	n/a	catch_padded.jpg	photodiode	0
1400.661	0.0	1400661	response	7	n/a	n/a	trigger	0
1402.482	0.5	1402482	untrained	32700	67	memtrain/o_378_1.jpg	photodiode	1
1403.433	0.5	1403433	trained	32743	24	memtrain/o_357_1.jpg	photodiode	1
1404.284	0.5	1404284	trained	32763	4	memtrain/o_042_1.jpg	photodiode	1
1405.185	0.5	1405185	catch	32671	n/a	catch_padded.jpg	photodiode	0
1405.413	0.0	1405413	response	7	n/a	n/a	trigger	0
1407.236	0.5	1407236	untrained	32693	74	memtrain/o_550_1.jpg	photodiode	1
1407.987	0.5	1407987	untrained	32710	57	memtrain/o_171_1.jpg	photodiode	1
1408.838	0.5	1408838	untrained	32711	56	memtrain/o_163_2.jpg	photodiode	1
1409.688	0.5	1409688	trained	32752	15	memtrain/o_195_1.jpg	photodiode	1
1410.489	0.5	1410489	catch	32671	n/a	catch_padded.jpg	photodiode	0
1410.82	0.0	1410820	response	7	n/a	n/a	trigger	0
1412.491	0.5	1412491	untrained	32707	60	memtrain/o_228_2.jpg	photodiode	1
1413.391	0.5	1413391	trained	32766	1	memtrain/o_015_1.jpg	photodiode	1
1414.342	0.5	1414342	untrained	32676	91	memtrain/o_605_1.jpg	photodiode	1
1415.193	0.5	1415193	trained	32757	10	memtrain/o_111_2.jpg	photodiode	1
1416.044	0.5	1416044	catch	32671	n/a	catch_padded.jpg	photodiode	0
1416.343	0.0	1416343	response	7	n/a	n/a	trigger	0
1417.995	0.5	1417995	trained	32723	44	memtrain/so_045_1.jpg	photodiode	1
1418.946	0.5	1418946	trained	32735	32	memtrain/o_485_2.jpg	photodiode	1
1419.847	0.5	1419847	untrained	32712	55	memtrain/o_153_2.jpg	photodiode	1
1420.598	0.5	1420598	trained	32761	6	memtrain/o_076_1.jpg	photodiode	1
1421.348	0.5	1421348	catch	32671	n/a	catch_padded.jpg	photodiode	0
1421.676	0.0	1421676	response	7	n/a	n/a	trigger	0
1423.242	0.5	1423242	trained	32721	46	memtrain/so_113_1.jpg	photodiode	1
1424.143	0.5	1424143	trained	32725	42	memtrain/so_034_2.jpg	photodiode	1
1425.043	0.5	1425043	trained	32748	19	memtrain/o_284_2.jpg	photodiode	1
1426.002	0.5	1426002	untrained	32703	64	memtrain/o_334_2.jpg	photodiode	1
1426.795	0.5	1426795	catch	32671	n/a	catch_padded.jpg	photodiode	0
1427.163	0.0	1427163	response	7	n/a	n/a	trigger	0
1428.796	0.5	1428796	trained	32722	45	memtrain/so_090_2.jpg	photodiode	1
1429.597	0.5	1429597	trained	32760	7	memtrain/o_091_2.jpg	photodiode	1
1430.398	0.5	1430398	trained	32753	14	memtrain/o_174_1.jpg	photodiode	1
1431.199	0.5	1431199	catch	32671	n/a	catch_padded.jpg	photodiode	0
1431.643	0.0	1431643	response	7	n/a	n/a	trigger	0
1433.15	0.5	1433150	untrained	32677	90	memtrain/o_580_1.jpg	photodiode	1
1433.901	0.5	1433901	untrained	32699	68	memtrain/o_393_1.jpg	photodiode	1
1434.701	0.5	1434701	untrained	32682	85	memtrain/o_218_1.jpg	photodiode	1
1435.502	0.5	1435502	trained	32747	20	memtrain/o_290_1.jpg	photodiode	1
1436.403	0.5	1436403	catch	32671	n/a	catch_padded.jpg	photodiode	0
1436.687	0.0	1436687	response	7	n/a	n/a	trigger	0
1438.405	0.5	1438405	untrained	32678	89	memtrain/o_469_1.jpg	photodiode	1
1439.355	0.5	1439355	untrained	32687	80	memtrain/o_613_1.jpg	photodiode	1
1440.106	0.5	1440106	untrained	32683	84	memtrain/so_117_2.jpg	photodiode	1
1440.857	0.5	1440857	untrained	32713	54	memtrain/o_145_1.jpg	photodiode	1
1441.807	0.5	1441807	catch	32671	n/a	catch_padded.jpg	photodiode	0
1442.142	0.0	1442142	response	7	n/a	n/a	trigger	0
1443.909	0.5	1443909	untrained	32689	78	memtrain/o_599_1.jpg	photodiode	1
1444.71	0.5	1444710	untrained	32672	95	memtrain/so_125_1.jpg	photodiode	1
1445.561	0.5	1445561	untrained	32674	93	memtrain/so_035_1.jpg	photodiode	1
1446.511	0.5	1446511	untrained	32709	58	memtrain/o_192_1.jpg	photodiode	1
1447.262	0.5	1447262	catch	32671	n/a	catch_padded.jpg	photodiode	0
1447.609	0.0	1447609	response	7	n/a	n/a	trigger	0
1449.314	0.5	1449314	untrained	32690	77	memtrain/o_574_2.jpg	photodiode	1
1450.056	0.5	1450056	trained	32758	9	memtrain/o_101_2.jpg	photodiode	1
1450.857	0.5	1450857	trained	32733	34	memtrain/o_558_2.jpg	photodiode	1
1451.757	0.5	1451757	catch	32671	n/a	catch_padded.jpg	photodiode	0
1452.201	0.0	1452201	response	7	n/a	n/a	trigger	0
1453.768	0.5	1453768	trained	32749	18	memtrain/o_264_2.jpg	photodiode	1
1454.66	0.5	1454660	trained	32727	40	memtrain/o_648_2.jpg	photodiode	1
1455.611	0.5	1455611	untrained	32675	92	memtrain/so_033_1.jpg	photodiode	1
1456.411	0.5	1456411	untrained	32714	53	memtrain/o_142_2.jpg	photodiode	1
1457.371	0.5	1457371	trained	32726	41	memtrain/o_663_2.jpg	photodiode	1
1458.113	0.5	1458113	catch	32671	n/a	catch_padded.jpg	photodiode	0
1458.553	0.0	1458553	response	7	n/a	n/a	trigger	0
1460.215	0.5	1460215	untrained	32684	83	memtrain/so_105_1.jpg	photodiode	1
1461.115	0.5	1461115	trained	32756	11	memtrain/o_117_2.jpg	photodiode	1
1461.966	0.5	1461966	untrained	32691	76	memtrain/o_570_1.jpg	photodiode	1
1462.917	0.5	1462917	trained	32762	5	memtrain/o_067_1.jpg	photodiode	1
1463.868	0.5	1463868	trained	32754	13	memtrain/o_136_1.jpg	photodiode	1
1464.768	0.5	1464768	catch	32671	n/a	catch_padded.jpg	photodiode	0
1465.108	0.0	1465108	response	7	n/a	n/a	trigger	0
1466.72	0.5	1466720	trained	32759	8	memtrain/o_094_1.jpg	photodiode	1
1467.621	0.5	1467621	untrained	32718	49	memtrain/o_054_2.jpg	photodiode	1
1468.371	0.5	1468371	trained	32740	27	memtrain/o_379_2.jpg	photodiode	1
1469.222	0.5	1469222	trained	32728	39	memtrain/o_606_1.jpg	photodiode	1
1470.023	0.5	1470023	catch	32671	n/a	catch_padded.jpg	photodiode	0
1470.37	0.0	1470370	response	7	n/a	n/a	trigger	0
1472.025	0.5	1472025	untrained	32708	59	memtrain/o_201_2.jpg	photodiode	1
1472.975	0.5	1472975	untrained	32680	87	memtrain/o_365_1.jpg	photodiode	1
1473.876	0.5	1473876	untrained	32695	72	memtrain/o_490_1.jpg	photodiode	1
1474.627	0.5	1474627	untrained	32715	52	memtrain/o_141_1.jpg	photodiode	1
1475.377	0.5	1475377	untrained	32679	88	memtrain/o_458_1.jpg	photodiode	1
1476.328	0.5	1476328	catch	32671	n/a	catch_padded.jpg	photodiode	0
1476.632	0.0	1476632	response	7	n/a	n/a	trigger	0
1478.38	0.5	1478380	untrained	32681	86	memtrain/o_288_1.jpg	photodiode	1
1479.223	0.5	1479223	trained	32741	26	memtrain/o_376_1.jpg	photodiode	1
1480.023	0.5	1480023	trained	32738	29	memtrain/o_416_1.jpg	photodiode	1
1480.874	0.5	1480874	untrained	32692	75	memtrain/o_564_1.jpg	photodiode	1
1481.633	0.5	1481633	trained	32732	35	memtrain/o_561_2.jpg	photodiode	1
1482.575	0.5	1482575	catch	32671	n/a	catch_padded.jpg	photodiode	0
1482.91	0.0	1482910	response	7	n/a	n/a	trigger	0
1484.585	0.5	1484585	trained	32744	23	memtrain/o_338_2.jpg	photodiode	1
1485.378	0.5	1485378	trained	32739	28	memtrain/o_397_1.jpg	photodiode	1
1486.128	0.5	1486128	untrained	32705	62	memtrain/o_304_1.jpg	photodiode	1
1486.929	0.5	1486929	catch	32671	n/a	catch_padded.jpg	photodiode	0
1487.35	0.0	1487350	response	7	n/a	n/a	trigger	0
1488.881	0.5	1488881	untrained	32702	65	memtrain/o_337_2.jpg	photodiode	1
1489.631	0.5	1489631	untrained	32717	50	memtrain/o_057_2.jpg	photodiode	1
1490.382	0.5	1490382	untrained	32694	73	memtrain/o_519_2.jpg	photodiode	1
1491.183	0.5	1491183	trained	32724	43	memtrain/so_043_2.jpg	photodiode	1
1492.133	0.5	1492133	catch	32671	n/a	catch_padded.jpg	photodiode	0
1492.47	0.0	1492470	response	7	n/a	n/a	trigger	0
1494.035	0.5	1494035	trained	32767	0	memtrain/o_006_1.jpg	photodiode	1
1494.936	0.5	1494936	trained	32745	22	memtrain/o_321_1.jpg	photodiode	1
1495.686	0.5	1495686	trained	32734	33	memtrain/o_536_1.jpg	photodiode	1
1496.537	0.5	1496537	catch	32671	n/a	catch_padded.jpg	photodiode	0
1496.926	0.0	1496926	response	7	n/a	n/a	trigger	0
1498.589	0.5	1498589	untrained	32688	79	memtrain/o_600_1.jpg	photodiode	1
1499.34	0.5	1499340	trained	32751	16	memtrain/o_199_2.jpg	photodiode	1
1500.14	0.5	1500140	trained	32720	47	memtrain/so_147_2.jpg	photodiode	1
1501.091	0.5	1501091	catch	32671	n/a	catch_padded.jpg	photodiode	0
1501.538	0.0	1501538	response	7	n/a	n/a	trigger	0
1503.093	0.5	1503093	trained	32729	38	memtrain/o_603_1.jpg	photodiode	1
1503.994	0.5	1503994	untrained	32673	94	memtrain/so_067_1.jpg	photodiode	1
1504.744	0.5	1504744	untrained	32716	51	memtrain/o_103_2.jpg	photodiode	1
1505.595	0.5	1505595	untrained	32719	48	memtrain/o_019_2.jpg	photodiode	1
1506.546	0.5	1506546	trained	32746	21	memtrain/o_319_1.jpg	photodiode	1
1507.396	0.5	1507396	catch	32671	n/a	catch_padded.jpg	photodiode	0
1507.74	0.0	1507740	response	7	n/a	n/a	trigger	0
1509.448	0.5	1509448	trained	32742	25	memtrain/o_358_2.jpg	photodiode	1
1510.399	0.5	1510399	trained	32755	12	memtrain/o_127_2.jpg	photodiode	1
1511.341	0.5	1511341	trained	32730	37	memtrain/o_597_1.jpg	photodiode	1
1512.242	0.5	1512242	trained	32737	30	memtrain/o_437_2.jpg	photodiode	1
1513.193	0.5	1513193	catch	32671	n/a	catch_padded.jpg	photodiode	0
1513.483	0.0	1513483	response	7	n/a	n/a	trigger	0
1515.094	0.5	1515094	trained	32736	31	memtrain/o_465_2.jpg	photodiode	1
1515.895	0.5	1515895	untrained	32698	69	memtrain/o_464_2.jpg	photodiode	1
1516.746	0.5	1516746	untrained	32697	70	memtrain/o_471_2.jpg	photodiode	1
1517.546	0.5	1517546	untrained	32680	87	memtrain/o_365_1.jpg	photodiode	1
1518.447	0.5	1518447	trained	32757	10	memtrain/o_111_2.jpg	photodiode	1
1519.398	0.5	1519398	catch	32671	n/a	catch_padded.jpg	photodiode	0
1519.741	0.0	1519741	response	7	n/a	n/a	trigger	0
1521.35	0.5	1521350	untrained	32673	94	memtrain/so_067_1.jpg	photodiode	1
1522.1	0.5	1522100	trained	32736	31	memtrain/o_465_2.jpg	photodiode	1
1522.901	0.5	1522901	trained	32737	30	memtrain/o_437_2.jpg	photodiode	1
1523.652	0.5	1523652	trained	32735	32	memtrain/o_485_2.jpg	photodiode	1
1524.452	0.5	1524452	untrained	32703	64	memtrain/o_334_2.jpg	photodiode	1
1525.403	0.5	1525403	catch	32671	n/a	catch_padded.jpg	photodiode	0
1525.898	0.0	1525898	response	7	n/a	n/a	trigger	0
1527.305	0.5	1527305	trained	32729	38	memtrain/o_603_1.jpg	photodiode	1
1528.155	0.5	1528155	untrained	32676	91	memtrain/o_605_1.jpg	photodiode	1
1528.915	0.5	1528915	untrained	32675	92	memtrain/so_033_1.jpg	photodiode	1
1529.857	0.5	1529857	untrained	32717	50	memtrain/o_057_2.jpg	photodiode	1
1530.607	0.5	1530607	catch	32671	n/a	catch_padded.jpg	photodiode	0
1530.97	0.0	1530970	response	7	n/a	n/a	trigger	0
1532.709	0.5	1532709	untrained	32681	86	memtrain/o_288_1.jpg	photodiode	1
1533.66	0.5	1533660	untrained	32716	51	memtrain/o_103_2.jpg	photodiode	1
1534.511	0.5	1534511	untrained	32710	57	memtrain/o_171_1.jpg	photodiode	1
1535.37	0.5	1535370	catch	32671	n/a	catch_padded.jpg	photodiode	0
1535.702	0.0	1535702	response	7	n/a	n/a	trigger	0
1537.463	0.5	1537463	untrained	32707	60	memtrain/o_228_2.jpg	photodiode	1
1538.364	0.5	1538364	untrained	32706	61	memtrain/o_298_2.jpg	photodiode	1
1539.165	0.5	1539165	untrained	32689	78	memtrain/o_599_1.jpg	photodiode	1
1539.915	0.5	1539915	catch	32671	n/a	catch_padded.jpg	photodiode	0
1540.285	0.0	1540285	response	7	n/a	n/a	trigger	0
1541.967	0.5	1541967	untrained	32711	56	memtrain/o_163_2.jpg	photodiode	1
1542.868	0.5	1542868	untrained	32696	71	memtrain/o_483_1.jpg	photodiode	1
1543.761	0.5	1543761	untrained	32691	76	memtrain/o_570_1.jpg	photodiode	1
1544.611	0.5	1544611	untrained	32687	80	memtrain/o_613_1.jpg	photodiode	1
1545.412	0.5	1545412	catch	32671	n/a	catch_padded.jpg	photodiode	0
1545.778	0.0	1545778	response	7	n/a	n/a	trigger	0
1547.314	0.5	1547314	trained	32743	24	memtrain/o_357_1.jpg	photodiode	1
1548.214	0.5	1548214	trained	32750	17	memtrain/o_232_1.jpg	photodiode	1
1549.165	0.5	1549165	trained	32734	33	memtrain/o_536_1.jpg	photodiode	1
1550.016	0.5	1550016	untrained	32695	72	memtrain/o_490_1.jpg	photodiode	1
1550.967	0.5	1550967	catch	32671	n/a	catch_padded.jpg	photodiode	0
1551.333	0.0	1551333	response	7	n/a	n/a	trigger	0
1552.868	0.5	1552868	trained	32756	11	memtrain/o_117_2.jpg	photodiode	1
1553.719	0.5	1553719	untrained	32679	88	memtrain/o_458_1.jpg	photodiode	1
1554.57	0.5	1554570	trained	32742	25	memtrain/o_358_2.jpg	photodiode	1
1555.32	0.5	1555320	untrained	32712	55	memtrain/o_153_2.jpg	photodiode	1
1556.171	0.5	1556171	untrained	32682	85	memtrain/o_218_1.jpg	photodiode	1
1557.022	0.5	1557022	catch	32671	n/a	catch_padded.jpg	photodiode	0
1557.44	0.0	1557440	response	7	n/a	n/a	trigger	0
1558.923	0.5	1558923	untrained	32697	70	memtrain/o_471_2.jpg	photodiode	1
1559.874	0.5	1559874	trained	32759	8	memtrain/o_094_1.jpg	photodiode	1
1560.675	0.5	1560675	trained	32726	41	memtrain/o_663_2.jpg	photodiode	1
1561.426	0.5	1561426	catch	32671	n/a	catch_padded.jpg	photodiode	0
1561.804	0.0	1561804	response	7	n/a	n/a	trigger	0
1563.377	0.5	1563377	untrained	32674	93	memtrain/so_035_1.jpg	photodiode	1
1564.278	0.5	1564278	trained	32724	43	memtrain/so_043_2.jpg	photodiode	1
1565.179	0.5	1565179	trained	32755	12	memtrain/o_127_2.jpg	photodiode	1
1565.929	0.5	1565929	untrained	32702	65	memtrain/o_337_2.jpg	photodiode	1
1566.78	0.5	1566780	trained	32763	4	memtrain/o_042_1.jpg	photodiode	1
1567.531	0.5	1567531	catch	32671	n/a	catch_padded.jpg	photodiode	0
1568.095	0.0	1568095	response	7	n/a	n/a	trigger	0
1569.482	0.5	1569482	untrained	32698	69	memtrain/o_464_2.jpg	photodiode	1
1570.375	0.5	1570375	untrained	32693	74	memtrain/o_550_1.jpg	photodiode	1
1571.275	0.5	1571275	trained	32746	21	memtrain/o_319_1.jpg	photodiode	1
1572.076	0.5	1572076	untrained	32713	54	memtrain/o_145_1.jpg	photodiode	1
1572.927	0.5	1572927	catch	32671	n/a	catch_padded.jpg	photodiode	0
1573.422	0.0	1573422	response	7	n/a	n/a	trigger	0
1574.928	0.5	1574928	untrained	32694	73	memtrain/o_519_2.jpg	photodiode	1
1575.679	0.5	1575679	trained	32720	47	memtrain/so_147_2.jpg	photodiode	1
1576.43	0.5	1576430	trained	32731	36	memtrain/o_583_1.jpg	photodiode	1
1577.18	0.5	1577180	untrained	32705	62	memtrain/o_304_1.jpg	photodiode	1
1577.981	0.5	1577981	untrained	32692	75	memtrain/o_564_1.jpg	photodiode	1
1578.832	0.5	1578832	catch	32671	n/a	catch_padded.jpg	photodiode	0
1579.256	0.0	1579256	response	7	n/a	n/a	trigger	0
1580.783	0.5	1580783	trained	32764	3	memtrain/o_040_2.jpg	photodiode	1
1581.684	0.5	1581684	trained	32732	35	memtrain/o_561_2.jpg	photodiode	1
1582.535	0.5	1582535	untrained	32701	66	memtrain/o_342_2.jpg	photodiode	1
1583.336	0.5	1583336	catch	32671	n/a	catch_padded.jpg	photodiode	0
1583.896	0.0	1583896	response	7	n/a	n/a	trigger	0
1585.437	0.5	1585437	trained	32758	9	memtrain/o_101_2.jpg	photodiode	1
1586.238	0.5	1586238	untrained	32699	68	memtrain/o_393_1.jpg	photodiode	1
1587.189	0.5	1587189	trained	32748	19	memtrain/o_284_2.jpg	photodiode	1
1587.939	0.5	1587939	catch	32671	n/a	catch_padded.jpg	photodiode	0
1588.286	0.0	1588286	response	7	n/a	n/a	trigger	0
1589.941	0.5	1589941	untrained	32684	83	memtrain/so_105_1.jpg	photodiode	1
1590.742	0.5	1590742	trained	32745	22	memtrain/o_321_1.jpg	photodiode	1
1591.593	0.5	1591593	trained	32728	39	memtrain/o_606_1.jpg	photodiode	1
1592.343	0.5	1592343	untrained	32708	59	memtrain/o_201_2.jpg	photodiode	1
1593.144	0.5	1593144	trained	32760	7	memtrain/o_091_2.jpg	photodiode	1
1594.045	0.5	1594045	catch	32671	n/a	catch_padded.jpg	photodiode	0
1594.453	0.0	1594453	response	7	n/a	n/a	trigger	0
1596.146	0.5	1596146	trained	32721	46	memtrain/so_113_1.jpg	photodiode	1
1596.997	0.5	1596997	trained	32722	45	memtrain/so_090_2.jpg	photodiode	1
1597.848	0.5	1597848	untrained	32678	89	memtrain/o_469_1.jpg	photodiode	1
1598.59	0.5	1598590	untrained	32719	48	memtrain/o_019_2.jpg	photodiode	1
1599.491	0.5	1599491	trained	32740	27	memtrain/o_379_2.jpg	photodiode	1
1600.392	0.5	1600392	catch	32671	n/a	catch_padded.jpg	photodiode	0
1600.778	0.0	1600778	response	7	n/a	n/a	trigger	0
1602.394	0.5	1602394	trained	32738	29	memtrain/o_416_1.jpg	photodiode	1
1603.244	0.5	1603244	trained	32751	16	memtrain/o_199_2.jpg	photodiode	1
1603.995	0.5	1603995	trained	32739	28	memtrain/o_397_1.jpg	photodiode	1
1604.946	0.5	1604946	untrained	32686	81	memtrain/o_655_2.jpg	photodiode	1
1605.746	0.5	1605746	untrained	32715	52	memtrain/o_141_1.jpg	photodiode	1
1606.547	0.5	1606547	catch	32671	n/a	catch_padded.jpg	photodiode	0
1606.978	0.0	1606978	response	7	n/a	n/a	trigger	0
1608.549	0.5	1608549	trained	32762	5	memtrain/o_067_1.jpg	photodiode	1
1609.4	0.5	1609400	untrained	32688	79	memtrain/o_600_1.jpg	photodiode	1
1610.2	0.5	1610200	untrained	32683	84	memtrain/so_117_2.jpg	photodiode	1
1611.151	0.5	1611151	trained	32730	37	memtrain/o_597_1.jpg	photodiode	1
1612.102	0.5	1612102	trained	32765	2	memtrain/o_035_1.jpg	photodiode	1
1613.003	0.5	1613003	catch	32671	n/a	catch_padded.jpg	photodiode	0
1613.257	0.0	1613257	response	7	n/a	n/a	trigger	0
1614.954	0.5	1614954	trained	32761	6	memtrain/o_076_1.jpg	photodiode	1
1615.855	0.5	1615855	untrained	32704	63	memtrain/o_310_2.jpg	photodiode	1
1616.656	0.5	1616656	trained	32749	18	memtrain/o_264_2.jpg	photodiode	1
1617.406	0.5	1617406	trained	32725	42	memtrain/so_034_2.jpg	photodiode	1
1618.157	0.5	1618157	trained	32754	13	memtrain/o_136_1.jpg	photodiode	1
1619.058	0.5	1619058	catch	32671	n/a	catch_padded.jpg	photodiode	0
1619.4	0.0	1619400	response	7	n/a	n/a	trigger	0
1621.109	0.5	1621109	trained	32741	26	memtrain/o_376_1.jpg	photodiode	1
1622.01	0.5	1622010	untrained	32690	77	memtrain/o_574_2.jpg	photodiode	1
1622.911	0.5	1622911	trained	32733	34	memtrain/o_558_2.jpg	photodiode	1
1623.862	0.5	1623862	catch	32671	n/a	catch_padded.jpg	photodiode	0
1624.471	0.0	1624471	response	7	n/a	n/a	trigger	0
1625.914	0.5	1625914	untrained	32677	90	memtrain/o_580_1.jpg	photodiode	1
1626.764	0.5	1626764	untrained	32709	58	memtrain/o_192_1.jpg	photodiode	1
1627.615	0.5	1627615	trained	32752	15	memtrain/o_195_1.jpg	photodiode	1
1628.507	0.5	1628507	catch	32671	n/a	catch_padded.jpg	photodiode	0
1628.846	0.0	1628846	response	7	n/a	n/a	trigger	0
1630.467	0.5	1630467	untrained	32685	82	memtrain/o_656_1.jpg	photodiode	1
1631.41	0.5	1631410	trained	32723	44	memtrain/so_045_1.jpg	photodiode	1
1632.36	0.5	1632360	untrained	32714	53	memtrain/o_142_2.jpg	photodiode	1
1633.261	0.5	1633261	catch	32671	n/a	catch_padded.jpg	photodiode	0
1633.62	0.0	1633620	response	7	n/a	n/a	trigger	0
1635.313	0.5	1635313	trained	32766	1	memtrain/o_015_1.jpg	photodiode	1
1636.164	0.5	1636164	untrained	32700	67	memtrain/o_378_1.jpg	photodiode	1
1636.964	0.5	1636964	trained	32747	20	memtrain/o_290_1.jpg	photodiode	1
1637.915	0.5	1637915	trained	32727	40	memtrain/o_648_2.jpg	photodiode	1
1638.866	0.5	1638866	catch	32671	n/a	catch_padded.jpg	photodiode	0
1639.207	0.0	1639207	response	7	n/a	n/a	trigger	0
1640.768	0.5	1640768	trained	32767	0	memtrain/o_006_1.jpg	photodiode	1
1641.718	0.5	1641718	trained	32744	23	memtrain/o_338_2.jpg	photodiode	1
1642.519	0.5	1642519	untrained	32672	95	memtrain/so_125_1.jpg	photodiode	1
1643.47	0.5	1643470	untrained	32718	49	memtrain/o_054_2.jpg	photodiode	1
1644.371	0.5	1644371	trained	32753	14	memtrain/o_174_1.jpg	photodiode	1
1645.121	0.5	1645121	catch	32671	n/a	catch_padded.jpg	photodiode	0
1645.614	0.0	1645614	response	7	n/a	n/a	trigger	0
1647.595	0.0	1647595	block_end	120	n/a	n/a	trigger	0
1660.395	0.0	1660395	response	7	n/a	n/a	trigger	0
1660.405	0.0	1660405	block_onset	107	n/a	n/a	trigger	0
1662.461	0.5	1662461	trained	32742	25	memtrain/o_358_2.jpg	photodiode	1
1663.412	0.5	1663412	untrained	32691	76	memtrain/o_570_1.jpg	photodiode	1
1664.163	0.5	1664163	trained	32721	46	memtrain/so_113_1.jpg	photodiode	1
1665.113	0.5	1665113	untrained	32696	71	memtrain/o_483_1.jpg	photodiode	1
1665.914	0.5	1665914	trained	32743	24	memtrain/o_357_1.jpg	photodiode	1
1666.865	0.5	1666865	catch	32671	n/a	catch_padded.jpg	photodiode	0
1667.201	0.0	1667201	response	7	n/a	n/a	trigger	0
1668.867	0.5	1668867	trained	32731	36	memtrain/o_583_1.jpg	photodiode	1
1669.759	0.5	1669759	trained	32746	21	memtrain/o_319_1.jpg	photodiode	1
1670.509	0.5	1670509	trained	32732	35	memtrain/o_561_2.jpg	photodiode	1
1671.31	0.5	1671310	catch	32671	n/a	catch_padded.jpg	photodiode	0
1671.699	0.0	1671699	response	7	n/a	n/a	trigger	0
1673.42	0.5	1673420	untrained	32711	56	memtrain/o_163_2.jpg	photodiode	1
1674.213	0.5	1674213	untrained	32685	82	memtrain/o_656_1.jpg	photodiode	1
1675.113	0.5	1675113	trained	32756	11	memtrain/o_117_2.jpg	photodiode	1
1675.964	0.5	1675964	catch	32671	n/a	catch_padded.jpg	photodiode	0
1676.266	0.0	1676266	response	7	n/a	n/a	trigger	0
1678.066	0.5	1678066	untrained	32672	95	memtrain/so_125_1.jpg	photodiode	1
1678.967	0.5	1678967	untrained	32687	80	memtrain/o_613_1.jpg	photodiode	1
1679.767	0.5	1679767	untrained	32706	61	memtrain/o_298_2.jpg	photodiode	1
1680.518	0.5	1680518	untrained	32673	94	memtrain/so_067_1.jpg	photodiode	1
1681.319	0.5	1681319	trained	32762	5	memtrain/o_067_1.jpg	photodiode	1
1682.219	0.5	1682219	catch	32671	n/a	catch_padded.jpg	photodiode	0
1682.559	0.0	1682559	response	7	n/a	n/a	trigger	0
1684.121	0.5	1684121	untrained	32705	62	memtrain/o_304_1.jpg	photodiode	1
1684.922	0.5	1684922	trained	32741	26	memtrain/o_376_1.jpg	photodiode	1
1685.772	0.5	1685772	trained	32730	37	memtrain/o_597_1.jpg	photodiode	1
1686.723	0.5	1686723	catch	32671	n/a	catch_padded.jpg	photodiode	0
1687.108	0.0	1687108	response	7	n/a	n/a	trigger	0
1688.625	0.5	1688625	untrained	32692	75	memtrain/o_564_1.jpg	photodiode	1
1689.526	0.5	1689526	trained	32760	7	memtrain/o_091_2.jpg	photodiode	1
1690.276	0.5	1690276	trained	32734	33	memtrain/o_536_1.jpg	photodiode	1
1691.027	0.5	1691027	untrained	32708	59	memtrain/o_201_2.jpg	photodiode	1
1691.928	0.5	1691928	catch	32671	n/a	catch_padded.jpg	photodiode	0
1692.312	0.0	1692312	response	7	n/a	n/a	trigger	0
1694.029	0.5	1694029	trained	32754	13	memtrain/o_136_1.jpg	photodiode	1
1694.78	0.5	1694780	untrained	32679	88	memtrain/o_458_1.jpg	photodiode	1
1695.631	0.5	1695631	untrained	32689	78	memtrain/o_599_1.jpg	photodiode	1
1696.582	0.5	1696582	trained	32751	16	memtrain/o_199_2.jpg	photodiode	1
1697.532	0.5	1697532	catch	32671	n/a	catch_padded.jpg	photodiode	0
1697.89	0.0	1697890	response	7	n/a	n/a	trigger	0
1699.534	0.5	1699534	trained	32752	15	memtrain/o_195_1.jpg	photodiode	1
1700.485	0.5	1700485	untrained	32678	89	memtrain/o_469_1.jpg	photodiode	1
1701.285	0.5	1701285	untrained	32675	92	memtrain/so_033_1.jpg	photodiode	1
1702.178	0.5	1702178	trained	32735	32	memtrain/o_485_2.jpg	photodiode	1
1703.037	0.5	1703037	untrained	32676	91	memtrain/o_605_1.jpg	photodiode	1
1703.98	0.5	1703980	catch	32671	n/a	catch_padded.jpg	photodiode	0
1704.305	0.0	1704305	response	7	n/a	n/a	trigger	0
1706.031	0.5	1706031	untrained	32693	74	memtrain/o_550_1.jpg	photodiode	1
1706.782	0.5	1706782	trained	32761	6	memtrain/o_076_1.jpg	photodiode	1
1707.533	0.5	1707533	untrained	32683	84	memtrain/so_117_2.jpg	photodiode	1
1708.484	0.5	1708484	trained	32758	9	memtrain/o_101_2.jpg	photodiode	1
1709.434	0.5	1709434	trained	32723	44	memtrain/so_045_1.jpg	photodiode	1
1710.335	0.5	1710335	catch	32671	n/a	catch_padded.jpg	photodiode	0
1710.688	0.0	1710688	response	7	n/a	n/a	trigger	0
1712.287	0.5	1712287	trained	32738	29	memtrain/o_416_1.jpg	photodiode	1
1713.037	0.5	1713037	untrained	32717	50	memtrain/o_057_2.jpg	photodiode	1
1713.888	0.5	1713888	trained	32767	0	memtrain/o_006_1.jpg	photodiode	1
1714.789	0.5	1714789	catch	32671	n/a	catch_padded.jpg	photodiode	0
1715.256	0.0	1715256	response	7	n/a	n/a	trigger	0
1716.841	0.5	1716841	untrained	32718	49	memtrain/o_054_2.jpg	photodiode	1
1717.791	0.5	1717791	untrained	32713	54	memtrain/o_145_1.jpg	photodiode	1
1718.742	0.5	1718742	untrained	32704	63	memtrain/o_310_2.jpg	photodiode	1
1719.493	0.5	1719493	trained	32750	17	memtrain/o_232_1.jpg	photodiode	1
1720.394	0.5	1720394	trained	32724	43	memtrain/so_043_2.jpg	photodiode	1
1721.294	0.5	1721294	catch	32671	n/a	catch_padded.jpg	photodiode	0
1721.658	0.0	1721658	response	7	n/a	n/a	trigger	0
1723.296	0.5	1723296	untrained	32715	52	memtrain/o_141_1.jpg	photodiode	1
1724.147	0.5	1724147	untrained	32688	79	memtrain/o_600_1.jpg	photodiode	1
1724.897	0.5	1724897	trained	32740	27	memtrain/o_379_2.jpg	photodiode	1
1725.798	0.5	1725798	untrained	32712	55	memtrain/o_153_2.jpg	photodiode	1
1726.649	0.5	1726649	catch	32671	n/a	catch_padded.jpg	photodiode	0
1727.093	0.0	1727093	response	7	n/a	n/a	trigger	0
1728.601	0.5	1728601	untrained	32677	90	memtrain/o_580_1.jpg	photodiode	1
1729.551	0.5	1729551	trained	32722	45	memtrain/so_090_2.jpg	photodiode	1
1730.293	0.5	1730293	trained	32757	10	memtrain/o_111_2.jpg	photodiode	1
1731.094	0.5	1731094	catch	32671	n/a	catch_padded.jpg	photodiode	0
1731.634	0.0	1731634	response	7	n/a	n/a	trigger	0
1732.996	0.5	1732996	untrained	32690	77	memtrain/o_574_2.jpg	photodiode	1
1733.796	0.5	1733796	untrained	32699	68	memtrain/o_393_1.jpg	photodiode	1
1734.747	0.5	1734747	trained	32766	1	memtrain/o_015_1.jpg	photodiode	1
1735.698	0.5	1735698	catch	32671	n/a	catch_padded.jpg	photodiode	0
1736.036	0.0	1736036	response	7	n/a	n/a	trigger	0
1737.8	0.5	1737800	untrained	32674	93	memtrain/so_035_1.jpg	photodiode	1
1738.6	0.5	1738600	trained	32739	28	memtrain/o_397_1.jpg	photodiode	1
1739.351	0.5	1739351	trained	32764	3	memtrain/o_040_2.jpg	photodiode	1
1740.252	0.5	1740252	catch	32671	n/a	catch_padded.jpg	photodiode	0
1740.615	0.0	1740615	response	7	n/a	n/a	trigger	0
1742.204	0.5	1742204	untrained	32716	51	memtrain/o_103_2.jpg	photodiode	1
1742.954	0.5	1742954	trained	32744	23	memtrain/o_338_2.jpg	photodiode	1
1743.755	0.5	1743755	untrained	32710	57	memtrain/o_171_1.jpg	photodiode	1
1744.606	0.5	1744606	untrained	32694	73	memtrain/o_519_2.jpg	photodiode	1
1745.356	0.5	1745356	catch	32671	n/a	catch_padded.jpg	photodiode	0
1745.733	0.0	1745733	response	7	n/a	n/a	trigger	0
1747.308	0.5	1747308	untrained	32703	64	memtrain/o_334_2.jpg	photodiode	1
1748.259	0.5	1748259	trained	32727	40	memtrain/o_648_2.jpg	photodiode	1
1749.209	0.5	1749209	trained	32720	47	memtrain/so_147_2.jpg	photodiode	1
1750.01	0.5	1750010	trained	32726	41	memtrain/o_663_2.jpg	photodiode	1
1750.811	0.5	1750811	untrained	32686	81	memtrain/o_655_2.jpg	photodiode	1
1751.561	0.5	1751561	catch	32671	n/a	catch_padded.jpg	photodiode	0
1751.869	0.0	1751869	response	7	n/a	n/a	trigger	0
1753.513	0.5	1753513	trained	32728	39	memtrain/o_606_1.jpg	photodiode	1
1754.264	0.5	1754264	untrained	32681	86	memtrain/o_288_1.jpg	photodiode	1
1755.215	0.5	1755215	untrained	32701	66	memtrain/o_342_2.jpg	photodiode	1
1756.065	0.5	1756065	trained	32747	20	memtrain/o_290_1.jpg	photodiode	1
1756.916	0.5	1756916	untrained	32698	69	memtrain/o_464_2.jpg	photodiode	1
1757.817	0.5	1757817	catch	32671	n/a	catch_padded.jpg	photodiode	0
1758.124	0.0	1758124	response	7	n/a	n/a	trigger	0
1759.81	0.5	1759810	trained	32753	14	memtrain/o_174_1.jpg	photodiode	1
1760.561	0.5	1760561	untrained	32707	60	memtrain/o_228_2.jpg	photodiode	1
1761.412	0.5	1761412	trained	32763	4	memtrain/o_042_1.jpg	photodiode	1
1762.312	0.5	1762312	trained	32749	18	memtrain/o_264_2.jpg	photodiode	1
1763.263	0.5	1763263	untrained	32714	53	memtrain/o_142_2.jpg	photodiode	1
1764.114	0.5	1764114	catch	32671	n/a	catch_padded.jpg	photodiode	0
1764.441	0.0	1764441	response	7	n/a	n/a	trigger	0
1766.016	0.5	1766016	untrained	32719	48	memtrain/o_019_2.jpg	photodiode	1
1766.966	0.5	1766966	untrained	32682	85	memtrain/o_218_1.jpg	photodiode	1
1767.867	0.5	1767867	trained	32736	31	memtrain/o_465_2.jpg	photodiode	1
1768.668	0.5	1768668	trained	32748	19	memtrain/o_284_2.jpg	photodiode	1
1769.419	0.5	1769419	catch	32671	n/a	catch_padded.jpg	photodiode	0
1769.772	0.0	1769772	response	7	n/a	n/a	trigger	0
1771.37	0.5	1771370	trained	32759	8	memtrain/o_094_1.jpg	photodiode	1
1772.271	0.5	1772271	untrained	32684	83	memtrain/so_105_1.jpg	photodiode	1
1773.222	0.5	1773222	trained	32737	30	memtrain/o_437_2.jpg	photodiode	1
1773.972	0.5	1773972	trained	32765	2	memtrain/o_035_1.jpg	photodiode	1
1774.923	0.5	1774923	catch	32671	n/a	catch_padded.jpg	photodiode	0
1775.269	0.0	1775269	response	7	n/a	n/a	trigger	0
1776.925	0.5	1776925	untrained	32700	67	memtrain/o_378_1.jpg	photodiode	1
1777.726	0.5	1777726	untrained	32697	70	memtrain/o_471_2.jpg	photodiode	1
1778.626	0.5	1778626	trained	32725	42	memtrain/so_034_2.jpg	photodiode	1
1779.527	0.5	1779527	catch	32671	n/a	catch_padded.jpg	photodiode	0
1779.876	0.0	1779876	response	7	n/a	n/a	trigger	0
1781.579	0.5	1781579	untrained	32695	72	memtrain/o_490_1.jpg	photodiode	1
1782.379	0.5	1782379	trained	32733	34	memtrain/o_558_2.jpg	photodiode	1
1783.23	0.5	1783230	untrained	32709	58	memtrain/o_192_1.jpg	photodiode	1
1784.181	0.5	1784181	catch	32671	n/a	catch_padded.jpg	photodiode	0
1784.474	0.0	1784474	response	7	n/a	n/a	trigger	0
1786.083	0.5	1786083	trained	32729	38	memtrain/o_603_1.jpg	photodiode	1
1786.983	0.5	1786983	trained	32755	12	memtrain/o_127_2.jpg	photodiode	1
1787.834	0.5	1787834	untrained	32702	65	memtrain/o_337_2.jpg	photodiode	1
1788.676	0.5	1788676	untrained	32680	87	memtrain/o_365_1.jpg	photodiode	1
1789.527	0.5	1789527	trained	32745	22	memtrain/o_321_1.jpg	photodiode	1
1790.378	0.5	1790378	catch	32671	n/a	catch_padded.jpg	photodiode	0
1790.715	0.0	1790715	response	7	n/a	n/a	trigger	0
1792.329	0.5	1792329	trained	32737	30	memtrain/o_437_2.jpg	photodiode	1
1793.08	0.5	1793080	untrained	32686	81	memtrain/o_655_2.jpg	photodiode	1
1793.881	0.5	1793881	untrained	32705	62	memtrain/o_304_1.jpg	photodiode	1
1794.681	0.5	1794681	trained	32731	36	memtrain/o_583_1.jpg	photodiode	1
1795.432	0.5	1795432	catch	32671	n/a	catch_padded.jpg	photodiode	0
1795.801	0.0	1795801	response	7	n/a	n/a	trigger	0
1797.384	0.5	1797384	untrained	32675	92	memtrain/so_033_1.jpg	photodiode	1
1798.134	0.5	1798134	untrained	32678	89	memtrain/o_469_1.jpg	photodiode	1
1798.885	0.5	1798885	untrained	32685	82	memtrain/o_656_1.jpg	photodiode	1
1799.786	0.5	1799786	catch	32671	n/a	catch_padded.jpg	photodiode	0
1800.359	0.0	1800359	response	7	n/a	n/a	trigger	0
1801.787	0.5	1801787	trained	32744	23	memtrain/o_338_2.jpg	photodiode	1
1802.688	0.5	1802688	trained	32743	24	memtrain/o_357_1.jpg	photodiode	1
1803.639	0.5	1803639	trained	32747	20	memtrain/o_290_1.jpg	photodiode	1
1804.54	0.5	1804540	trained	32748	19	memtrain/o_284_2.jpg	photodiode	1
1805.34	0.5	1805340	catch	32671	n/a	catch_padded.jpg	photodiode	0
1805.759	0.0	1805759	response	7	n/a	n/a	trigger	0
1807.342	0.5	1807342	trained	32754	13	memtrain/o_136_1.jpg	photodiode	1
1808.093	0.5	1808093	trained	32723	44	memtrain/so_045_1.jpg	photodiode	1
1808.993	0.5	1808993	trained	32734	33	memtrain/o_536_1.jpg	photodiode	1
1809.844	0.5	1809844	catch	32671	n/a	catch_padded.jpg	photodiode	0
1810.179	0.0	1810179	response	7	n/a	n/a	trigger	0
1811.946	0.5	1811946	trained	32765	2	memtrain/o_035_1.jpg	photodiode	1
1812.697	0.5	1812697	trained	32753	14	memtrain/o_174_1.jpg	photodiode	1
1813.497	0.5	1813497	trained	32730	37	memtrain/o_597_1.jpg	photodiode	1
1814.448	0.5	1814448	untrained	32719	48	memtrain/o_019_2.jpg	photodiode	1
1815.299	0.5	1815299	catch	32671	n/a	catch_padded.jpg	photodiode	0
1815.632	0.0	1815632	response	7	n/a	n/a	trigger	0
1817.393	0.5	1817393	untrained	32679	88	memtrain/o_458_1.jpg	photodiode	1
1818.293	0.5	1818293	untrained	32704	63	memtrain/o_310_2.jpg	photodiode	1
1819.194	0.5	1819194	untrained	32698	69	memtrain/o_464_2.jpg	photodiode	1
1820.045	0.5	1820045	trained	32749	18	memtrain/o_264_2.jpg	photodiode	1
1820.895	0.5	1820895	untrained	32709	58	memtrain/o_192_1.jpg	photodiode	1
1821.646	0.5	1821646	catch	32671	n/a	catch_padded.jpg	photodiode	0
1821.964	0.0	1821964	response	7	n/a	n/a	trigger	0
1823.598	0.5	1823598	untrained	32690	77	memtrain/o_574_2.jpg	photodiode	1
1824.448	0.5	1824448	trained	32732	35	memtrain/o_561_2.jpg	photodiode	1
1825.199	0.5	1825199	trained	32742	25	memtrain/o_358_2.jpg	photodiode	1
1826.15	0.5	1826150	untrained	32702	65	memtrain/o_337_2.jpg	photodiode	1
1826.951	0.5	1826951	catch	32671	n/a	catch_padded.jpg	photodiode	0
1827.276	0.0	1827276	response	7	n/a	n/a	trigger	0
1829.052	0.5	1829052	untrained	32717	50	memtrain/o_057_2.jpg	photodiode	1
1829.803	0.5	1829803	untrained	32703	64	memtrain/o_334_2.jpg	photodiode	1
1830.704	0.5	1830704	trained	32741	26	memtrain/o_376_1.jpg	photodiode	1
1831.555	0.5	1831555	trained	32759	8	memtrain/o_094_1.jpg	photodiode	1
1832.405	0.5	1832405	untrained	32712	55	memtrain/o_153_2.jpg	photodiode	1
1833.256	0.5	1833256	catch	32671	n/a	catch_padded.jpg	photodiode	0
1833.597	0.0	1833597	response	7	n/a	n/a	trigger	0
1835.208	0.5	1835208	untrained	32714	53	memtrain/o_142_2.jpg	photodiode	1
1836.058	0.5	1836058	trained	32761	6	memtrain/o_076_1.jpg	photodiode	1
1837.009	0.5	1837009	trained	32751	16	memtrain/o_199_2.jpg	photodiode	1
1837.91	0.5	1837910	catch	32671	n/a	catch_padded.jpg	photodiode	0
1838.239	0.0	1838239	response	7	n/a	n/a	trigger	0
1840.012	0.5	1840012	untrained	32699	68	memtrain/o_393_1.jpg	photodiode	1
1840.962	0.5	1840962	trained	32720	47	memtrain/so_147_2.jpg	photodiode	1
1841.863	0.5	1841863	trained	32733	34	memtrain/o_558_2.jpg	photodiode	1
1842.764	0.5	1842764	trained	32728	39	memtrain/o_606_1.jpg	photodiode	1
1843.515	0.5	1843515	catch	32671	n/a	catch_padded.jpg	photodiode	0
1843.848	0.0	1843848	response	7	n/a	n/a	trigger	0
1845.616	0.5	1845616	untrained	32677	90	memtrain/o_580_1.jpg	photodiode	1
1846.509	0.5	1846509	untrained	32697	70	memtrain/o_471_2.jpg	photodiode	1
1847.309	0.5	1847309	trained	32767	0	memtrain/o_006_1.jpg	photodiode	1
1848.06	0.5	1848060	untrained	32684	83	memtrain/so_105_1.jpg	photodiode	1
1848.961	0.5	1848961	catch	32671	n/a	catch_padded.jpg	photodiode	0
1849.291	0.0	1849291	response	7	n/a	n/a	trigger	0
1850.912	0.5	1850912	trained	32727	40	memtrain/o_648_2.jpg	photodiode	1
1851.713	0.5	1851713	untrained	32693	74	memtrain/o_550_1.jpg	photodiode	1
1852.514	0.5	1852514	trained	32740	27	memtrain/o_379_2.jpg	photodiode	1
1853.414	0.5	1853414	untrained	32681	86	memtrain/o_288_1.jpg	photodiode	1
1854.165	0.5	1854165	untrained	32692	75	memtrain/o_564_1.jpg	photodiode	1
1855.016	0.5	1855016	catch	32671	n/a	catch_padded.jpg	photodiode	0
1855.345	0.0	1855345	response	7	n/a	n/a	trigger	0
1856.917	0.5	1856917	untrained	32695	72	memtrain/o_490_1.jpg	photodiode	1
1857.668	0.5	1857668	trained	32729	38	memtrain/o_603_1.jpg	photodiode	1
1858.419	0.5	1858419	untrained	32688	79	memtrain/o_600_1.jpg	photodiode	1
1859.319	0.5	1859319	untrained	32680	87	memtrain/o_365_1.jpg	photodiode	1
1860.22	0.5	1860220	catch	32671	n/a	catch_padded.jpg	photodiode	0
1860.603	0.0	1860603	response	7	n/a	n/a	trigger	0
1862.222	0.5	1862222	trained	32721	46	memtrain/so_113_1.jpg	photodiode	1
1863.023	0.5	1863023	untrained	32706	61	memtrain/o_298_2.jpg	photodiode	1
1863.873	0.5	1863873	untrained	32713	54	memtrain/o_145_1.jpg	photodiode	1
1864.824	0.5	1864824	catch	32671	n/a	catch_padded.jpg	photodiode	0
1865.251	0.0	1865251	response	7	n/a	n/a	trigger	0
1866.726	0.5	1866726	trained	32755	12	memtrain/o_127_2.jpg	photodiode	1
1867.526	0.5	1867526	untrained	32718	49	memtrain/o_054_2.jpg	photodiode	1
1868.427	0.5	1868427	untrained	32673	94	memtrain/so_067_1.jpg	photodiode	1
1869.228	0.5	1869228	catch	32671	n/a	catch_padded.jpg	photodiode	0
1869.623	0.0	1869623	response	7	n/a	n/a	trigger	0
1871.33	0.5	1871330	trained	32746	21	memtrain/o_319_1.jpg	photodiode	1
1872.28	0.5	1872280	untrained	32700	67	memtrain/o_378_1.jpg	photodiode	1
1873.081	0.5	1873081	untrained	32716	51	memtrain/o_103_2.jpg	photodiode	1
1873.932	0.5	1873932	untrained	32694	73	memtrain/o_519_2.jpg	photodiode	1
1874.833	0.5	1874833	untrained	32708	59	memtrain/o_201_2.jpg	photodiode	1
1875.675	0.5	1875675	catch	32671	n/a	catch_padded.jpg	photodiode	0
1876.018	0.0	1876018	response	7	n/a	n/a	trigger	0
1877.635	0.5	1877635	trained	32724	43	memtrain/so_043_2.jpg	photodiode	1
1878.486	0.5	1878486	untrained	32701	66	memtrain/o_342_2.jpg	photodiode	1
1879.328	0.5	1879328	untrained	32672	95	memtrain/so_125_1.jpg	photodiode	1
1880.079	0.5	1880079	untrained	32707	60	memtrain/o_228_2.jpg	photodiode	1
1880.93	0.5	1880930	trained	32745	22	memtrain/o_321_1.jpg	photodiode	1
1881.83	0.5	1881830	catch	32671	n/a	catch_padded.jpg	photodiode	0
1882.168	0.0	1882168	response	7	n/a	n/a	trigger	0
1883.732	0.5	1883732	trained	32739	28	memtrain/o_397_1.jpg	photodiode	1
1884.483	0.5	1884483	trained	32722	45	memtrain/so_090_2.jpg	photodiode	1
1885.333	0.5	1885333	untrained	32710	57	memtrain/o_171_1.jpg	photodiode	1
1886.184	0.5	1886184	trained	32758	9	memtrain/o_101_2.jpg	photodiode	1
1887.135	0.5	1887135	trained	32757	10	memtrain/o_111_2.jpg	photodiode	1
1887.986	0.5	1887986	catch	32671	n/a	catch_padded.jpg	photodiode	0
1888.357	0.0	1888357	response	7	n/a	n/a	trigger	0
1889.887	0.5	1889887	trained	32756	11	memtrain/o_117_2.jpg	photodiode	1
1890.838	0.5	1890838	untrained	32676	91	memtrain/o_605_1.jpg	photodiode	1
1891.739	0.5	1891739	untrained	32683	84	memtrain/so_117_2.jpg	photodiode	1
1892.59	0.5	1892590	catch	32671	n/a	catch_padded.jpg	photodiode	0
1892.951	0.0	1892951	response	7	n/a	n/a	trigger	0
1894.491	0.5	1894491	untrained	32674	93	memtrain/so_035_1.jpg	photodiode	1
1895.442	0.5	1895442	trained	32736	31	memtrain/o_465_2.jpg	photodiode	1
1896.293	0.5	1896293	trained	32750	17	memtrain/o_232_1.jpg	photodiode	1
1897.193	0.5	1897193	trained	32764	3	memtrain/o_040_2.jpg	photodiode	1
1897.994	0.5	1897994	catch	32671	n/a	catch_padded.jpg	photodiode	0
1898.307	0.0	1898307	response	7	n/a	n/a	trigger	0
1899.946	0.5	1899946	trained	32763	4	memtrain/o_042_1.jpg	photodiode	1
1900.847	0.5	1900847	trained	32760	7	memtrain/o_091_2.jpg	photodiode	1
1901.647	0.5	1901647	trained	32766	1	memtrain/o_015_1.jpg	photodiode	1
1902.598	0.5	1902598	trained	32752	15	memtrain/o_195_1.jpg	photodiode	1
1903.399	0.5	1903399	catch	32671	n/a	catch_padded.jpg	photodiode	0
1903.712	0.0	1903712	response	7	n/a	n/a	trigger	0
1905.45	0.5	1905450	trained	32762	5	memtrain/o_067_1.jpg	photodiode	1
1906.251	0.5	1906251	trained	32738	29	memtrain/o_416_1.jpg	photodiode	1
1907.093	0.5	1907093	untrained	32691	76	memtrain/o_570_1.jpg	photodiode	1
1908.044	0.5	1908044	catch	32671	n/a	catch_padded.jpg	photodiode	0
1908.339	0.0	1908339	response	7	n/a	n/a	trigger	0
1909.996	0.5	1909996	untrained	32711	56	memtrain/o_163_2.jpg	photodiode	1
1910.897	0.5	1910897	trained	32725	42	memtrain/so_034_2.jpg	photodiode	1
1911.706	0.5	1911706	untrained	32682	85	memtrain/o_218_1.jpg	photodiode	1
1912.648	0.5	1912648	trained	32726	41	memtrain/o_663_2.jpg	photodiode	1
1913.399	0.5	1913399	untrained	32696	71	memtrain/o_483_1.jpg	photodiode	1
1914.349	0.5	1914349	catch	32671	n/a	catch_padded.jpg	photodiode	0
1914.72	0.0	1914720	response	7	n/a	n/a	trigger	0
1916.401	0.5	1916401	untrained	32687	80	memtrain/o_613_1.jpg	photodiode	1
1917.252	0.5	1917252	untrained	32689	78	memtrain/o_599_1.jpg	photodiode	1
1918.203	0.5	1918203	trained	32735	32	memtrain/o_485_2.jpg	photodiode	1
1919.003	0.5	1919003	untrained	32715	52	memtrain/o_141_1.jpg	photodiode	1
1919.904	0.5	1919904	catch	32671	n/a	catch_padded.jpg	photodiode	0
1920.238	0.0	1920238	response	7	n/a	n/a	trigger	0
1922.378	0.0	1922378	block_end	120	n/a	n/a	trigger	0
1929.278	0.0	1929278	response	7	n/a	n/a	trigger	0
1929.283	0.0	1929283	block_onset	108	n/a	n/a	trigger	0
1931.33	0.5	1931330	untrained	32697	70	memtrain/o_471_2.jpg	photodiode	1
1932.29	0.5	1932290	trained	32723	44	memtrain/so_045_1.jpg	photodiode	1
1933.041	0.5	1933041	untrained	32718	49	memtrain/o_054_2.jpg	photodiode	1
1933.941	0.5	1933941	untrained	32686	81	memtrain/o_655_2.jpg	photodiode	1
1934.692	0.5	1934692	trained	32729	38	memtrain/o_603_1.jpg	photodiode	1
1935.493	0.5	1935493	catch	32671	n/a	catch_padded.jpg	photodiode	0
1935.833	0.0	1935833	response	7	n/a	n/a	trigger	0
1937.494	0.5	1937494	trained	32750	17	memtrain/o_232_1.jpg	photodiode	1
1938.336	0.5	1938336	trained	32747	20	memtrain/o_290_1.jpg	photodiode	1
1939.137	0.5	1939137	trained	32728	39	memtrain/o_606_1.jpg	photodiode	1
1939.896	0.5	1939896	catch	32671	n/a	catch_padded.jpg	photodiode	0
1940.282	0.0	1940282	response	7	n/a	n/a	trigger	0
1941.939	0.5	1941939	trained	32748	19	memtrain/o_284_2.jpg	photodiode	1
1942.84	0.5	1942840	trained	32763	4	memtrain/o_042_1.jpg	photodiode	1
1943.641	0.5	1943641	untrained	32692	75	memtrain/o_564_1.jpg	photodiode	1
1944.492	0.5	1944492	trained	32764	3	memtrain/o_040_2.jpg	photodiode	1
1945.392	0.5	1945392	catch	32671	n/a	catch_padded.jpg	photodiode	0
1945.756	0.0	1945756	response	7	n/a	n/a	trigger	0
1947.494	0.5	1947494	trained	32756	11	memtrain/o_117_2.jpg	photodiode	1
1948.445	0.5	1948445	trained	32730	37	memtrain/o_597_1.jpg	photodiode	1
1949.196	0.5	1949196	untrained	32695	72	memtrain/o_490_1.jpg	photodiode	1
1950.146	0.5	1950146	trained	32749	18	memtrain/o_264_2.jpg	photodiode	1
1951.097	0.5	1951097	catch	32671	n/a	catch_padded.jpg	photodiode	0
1951.4	0.0	1951400	response	7	n/a	n/a	trigger	0
1953.049	0.5	1953049	trained	32746	21	memtrain/o_319_1.jpg	photodiode	1
1953.95	0.5	1953950	trained	32721	46	memtrain/so_113_1.jpg	photodiode	1
1954.75	0.5	1954750	untrained	32715	52	memtrain/o_141_1.jpg	photodiode	1
1955.601	0.5	1955601	catch	32671	n/a	catch_padded.jpg	photodiode	0
1955.907	0.0	1955907	response	7	n/a	n/a	trigger	0
1957.553	0.5	1957553	untrained	32698	69	memtrain/o_464_2.jpg	photodiode	1
1958.453	0.5	1958453	trained	32757	10	memtrain/o_111_2.jpg	photodiode	1
1959.304	0.5	1959304	trained	32745	22	memtrain/o_321_1.jpg	photodiode	1
1960.105	0.5	1960105	untrained	32714	53	memtrain/o_142_2.jpg	photodiode	1
1960.906	0.5	1960906	catch	32671	n/a	catch_padded.jpg	photodiode	0
1961.263	0.0	1961263	response	7	n/a	n/a	trigger	0
1962.857	0.5	1962857	trained	32732	35	memtrain/o_561_2.jpg	photodiode	1
1963.808	0.5	1963808	untrained	32688	79	memtrain/o_600_1.jpg	photodiode	1
1964.609	0.5	1964609	untrained	32700	67	memtrain/o_378_1.jpg	photodiode	1
1965.359	0.5	1965359	untrained	32713	54	memtrain/o_145_1.jpg	photodiode	1
1966.152	0.5	1966152	catch	32671	n/a	catch_padded.jpg	photodiode	0
1966.49	0.0	1966490	response	7	n/a	n/a	trigger	0
1968.104	0.5	1968104	untrained	32674	93	memtrain/so_035_1.jpg	photodiode	1
1968.854	0.5	1968854	untrained	32717	50	memtrain/o_057_2.jpg	photodiode	1
1969.713	0.5	1969713	trained	32767	0	memtrain/o_006_1.jpg	photodiode	1
1970.606	0.5	1970606	trained	32731	36	memtrain/o_583_1.jpg	photodiode	1
1971.356	0.5	1971356	catch	32671	n/a	catch_padded.jpg	photodiode	0
1971.717	0.0	1971717	response	7	n/a	n/a	trigger	0
1973.258	0.5	1973258	trained	32734	33	memtrain/o_536_1.jpg	photodiode	1
1974.059	0.5	1974059	trained	32736	31	memtrain/o_465_2.jpg	photodiode	1
1975.009	0.5	1975009	trained	32743	24	memtrain/o_357_1.jpg	photodiode	1
1975.768	0.5	1975768	untrained	32689	78	memtrain/o_599_1.jpg	photodiode	1
1976.711	0.5	1976711	catch	32671	n/a	catch_padded.jpg	photodiode	0
1977.12	0.0	1977120	response	7	n/a	n/a	trigger	0
1978.763	0.5	1978763	untrained	32685	82	memtrain/o_656_1.jpg	photodiode	1
1979.513	0.5	1979513	untrained	32673	94	memtrain/so_067_1.jpg	photodiode	1
1980.464	0.5	1980464	trained	32760	7	memtrain/o_091_2.jpg	photodiode	1
1981.365	0.5	1981365	catch	32671	n/a	catch_padded.jpg	photodiode	0
1981.729	0.0	1981729	response	7	n/a	n/a	trigger	0
1983.316	0.5	1983316	untrained	32683	84	memtrain/so_117_2.jpg	photodiode	1
1984.067	0.5	1984067	trained	32766	1	memtrain/o_015_1.jpg	photodiode	1
1984.868	0.5	1984868	trained	32742	25	memtrain/o_358_2.jpg	photodiode	1
1985.618	0.5	1985618	catch	32671	n/a	catch_padded.jpg	photodiode	0
1986.098	0.0	1986098	response	7	n/a	n/a	trigger	0
1987.57	0.5	1987570	untrained	32676	91	memtrain/o_605_1.jpg	photodiode	1
1988.421	0.5	1988421	trained	32762	5	memtrain/o_067_1.jpg	photodiode	1
1989.272	0.5	1989272	untrained	32705	62	memtrain/o_304_1.jpg	photodiode	1
1990.022	0.5	1990022	untrained	32682	85	memtrain/o_218_1.jpg	photodiode	1
1990.823	0.5	1990823	catch	32671	n/a	catch_padded.jpg	photodiode	0
1991.147	0.0	1991147	response	7	n/a	n/a	trigger	0
1992.875	0.5	1992875	trained	32727	40	memtrain/o_648_2.jpg	photodiode	1
1993.675	0.5	1993675	untrained	32703	64	memtrain/o_334_2.jpg	photodiode	1
1994.526	0.5	1994526	untrained	32699	68	memtrain/o_393_1.jpg	photodiode	1
1995.418	0.5	1995418	trained	32725	42	memtrain/so_034_2.jpg	photodiode	1
1996.369	0.5	1996369	untrained	32712	55	memtrain/o_153_2.jpg	photodiode	1
1997.17	0.5	1997170	catch	32671	n/a	catch_padded.jpg	photodiode	0
1997.507	0.0	1997507	response	7	n/a	n/a	trigger	0
1999.28	0.5	1999280	trained	32740	27	memtrain/o_379_2.jpg	photodiode	1
2000.022	0.5	2000022	untrained	32672	95	memtrain/so_125_1.jpg	photodiode	1
2000.973	0.5	2000973	untrained	32679	88	memtrain/o_458_1.jpg	photodiode	1
2001.774	0.5	2001774	catch	32671	n/a	catch_padded.jpg	photodiode	0
2002.226	0.0	2002226	response	7	n/a	n/a	trigger	0
2003.784	0.5	2003784	trained	32755	12	memtrain/o_127_2.jpg	photodiode	1
2004.576	0.5	2004576	trained	32720	47	memtrain/so_147_2.jpg	photodiode	1
2005.527	0.5	2005527	trained	32765	2	memtrain/o_035_1.jpg	photodiode	1
2006.478	0.5	2006478	trained	32759	8	memtrain/o_094_1.jpg	photodiode	1
2007.328	0.5	2007328	catch	32671	n/a	catch_padded.jpg	photodiode	0
2007.682	0.0	2007682	response	7	n/a	n/a	trigger	0
2009.33	0.5	2009330	trained	32738	29	memtrain/o_416_1.jpg	photodiode	1
2010.081	0.5	2010081	untrained	32690	77	memtrain/o_574_2.jpg	photodiode	1
2010.981	0.5	2010981	trained	32761	6	memtrain/o_076_1.jpg	photodiode	1
2011.782	0.5	2011782	untrained	32677	90	memtrain/o_580_1.jpg	photodiode	1
2012.633	0.5	2012633	trained	32741	26	memtrain/o_376_1.jpg	photodiode	1
2013.483	0.5	2013483	catch	32671	n/a	catch_padded.jpg	photodiode	0
2013.841	0.0	2013841	response	7	n/a	n/a	trigger	0
2015.435	0.5	2015435	trained	32726	41	memtrain/o_663_2.jpg	photodiode	1
2016.336	0.5	2016336	trained	32739	28	memtrain/o_397_1.jpg	photodiode	1
2017.237	0.5	2017237	trained	32724	43	memtrain/so_043_2.jpg	photodiode	1
2018.137	0.5	2018137	trained	32751	16	memtrain/o_199_2.jpg	photodiode	1
2019.038	0.5	2019038	untrained	32678	89	memtrain/o_469_1.jpg	photodiode	1
2019.989	0.5	2019989	catch	32671	n/a	catch_padded.jpg	photodiode	0
2020.511	0.0	2020511	response	7	n/a	n/a	trigger	0
2021.941	0.5	2021941	untrained	32694	73	memtrain/o_519_2.jpg	photodiode	1
2022.9	0.5	2022900	trained	32744	23	memtrain/o_338_2.jpg	photodiode	1
2023.842	0.5	2023842	untrained	32706	61	memtrain/o_298_2.jpg	photodiode	1
2024.693	0.5	2024693	untrained	32693	74	memtrain/o_550_1.jpg	photodiode	1
2025.644	0.5	2025644	untrained	32710	57	memtrain/o_171_1.jpg	photodiode	1
2026.436	0.5	2026436	catch	32671	n/a	catch_padded.jpg	photodiode	0
2026.788	0.0	2026788	response	7	n/a	n/a	trigger	0
2028.388	0.5	2028388	trained	32737	30	memtrain/o_437_2.jpg	photodiode	1
2029.239	0.5	2029239	trained	32758	9	memtrain/o_101_2.jpg	photodiode	1
2029.989	0.5	2029989	trained	32722	45	memtrain/so_090_2.jpg	photodiode	1
2030.74	0.5	2030740	untrained	32675	92	memtrain/so_033_1.jpg	photodiode	1
2031.691	0.5	2031691	untrained	32696	71	memtrain/o_483_1.jpg	photodiode	1
2032.592	0.5	2032592	catch	32671	n/a	catch_padded.jpg	photodiode	0
2032.912	0.0	2032912	response	7	n/a	n/a	trigger	0
2034.493	0.5	2034493	untrained	32691	76	memtrain/o_570_1.jpg	photodiode	1
2035.444	0.5	2035444	untrained	32701	66	memtrain/o_342_2.jpg	photodiode	1
2036.295	0.5	2036295	trained	32752	15	memtrain/o_195_1.jpg	photodiode	1
2037.045	0.5	2037045	untrained	32719	48	memtrain/o_019_2.jpg	photodiode	1
2037.896	0.5	2037896	trained	32735	32	memtrain/o_485_2.jpg	photodiode	1
2038.847	0.5	2038847	catch	32671	n/a	catch_padded.jpg	photodiode	0
2039.173	0.0	2039173	response	7	n/a	n/a	trigger	0
2040.949	0.5	2040949	untrained	32707	60	memtrain/o_228_2.jpg	photodiode	1
2041.749	0.5	2041749	trained	32753	14	memtrain/o_174_1.jpg	photodiode	1
2042.7	0.5	2042700	untrained	32681	86	memtrain/o_288_1.jpg	photodiode	1
2043.651	0.5	2043651	catch	32671	n/a	catch_padded.jpg	photodiode	0
2044.117	0.0	2044117	response	7	n/a	n/a	trigger	0
2045.603	0.5	2045603	untrained	32684	83	memtrain/so_105_1.jpg	photodiode	1
2046.353	0.5	2046353	untrained	32709	58	memtrain/o_192_1.jpg	photodiode	1
2047.104	0.5	2047104	untrained	32680	87	memtrain/o_365_1.jpg	photodiode	1
2047.955	0.5	2047955	catch	32671	n/a	catch_padded.jpg	photodiode	0
2048.284	0.0	2048284	response	7	n/a	n/a	trigger	0
2050.056	0.5	2050056	untrained	32687	80	memtrain/o_613_1.jpg	photodiode	1
2051.007	0.5	2051007	untrained	32716	51	memtrain/o_103_2.jpg	photodiode	1
2051.858	0.5	2051858	untrained	32702	65	memtrain/o_337_2.jpg	photodiode	1
2052.659	0.5	2052659	untrained	32704	63	memtrain/o_310_2.jpg	photodiode	1
2053.609	0.5	2053609	trained	32754	13	memtrain/o_136_1.jpg	photodiode	1
2054.56	0.5	2054560	catch	32671	n/a	catch_padded.jpg	photodiode	0
2054.85	0.0	2054850	response	7	n/a	n/a	trigger	0
2056.562	0.5	2056562	trained	32733	34	memtrain/o_558_2.jpg	photodiode	1
2057.504	0.5	2057504	untrained	32711	56	memtrain/o_163_2.jpg	photodiode	1
2058.305	0.5	2058305	untrained	32708	59	memtrain/o_201_2.jpg	photodiode	1
2059.055	0.5	2059055	trained	32724	43	memtrain/so_043_2.jpg	photodiode	1
2060.006	0.5	2060006	trained	32761	6	memtrain/o_076_1.jpg	photodiode	1
2060.957	0.5	2060957	catch	32671	n/a	catch_padded.jpg	photodiode	0
2061.279	0.0	2061279	response	7	n/a	n/a	trigger	0
2062.909	0.5	2062909	untrained	32684	83	memtrain/so_105_1.jpg	photodiode	1
2063.809	0.5	2063809	untrained	32687	80	memtrain/o_613_1.jpg	photodiode	1
2064.66	0.5	2064660	untrained	32698	69	memtrain/o_464_2.jpg	photodiode	1
2065.411	0.5	2065411	catch	32671	n/a	catch_padded.jpg	photodiode	0
2065.748	0.0	2065748	response	7	n/a	n/a	trigger	0
2067.362	0.5	2067362	untrained	32714	53	memtrain/o_142_2.jpg	photodiode	1
2068.163	0.5	2068163	trained	32766	1	memtrain/o_015_1.jpg	photodiode	1
2068.964	0.5	2068964	untrained	32690	77	memtrain/o_574_2.jpg	photodiode	1
2069.815	0.5	2069815	catch	32671	n/a	catch_padded.jpg	photodiode	0
2070.117	0.0	2070117	response	7	n/a	n/a	trigger	0
2071.816	0.5	2071816	trained	32721	46	memtrain/so_113_1.jpg	photodiode	1
2072.717	0.5	2072717	untrained	32681	86	memtrain/o_288_1.jpg	photodiode	1
2073.468	0.5	2073468	trained	32744	23	memtrain/o_338_2.jpg	photodiode	1
2074.268	0.5	2074268	untrained	32695	72	memtrain/o_490_1.jpg	photodiode	1
2075.119	0.5	2075119	catch	32671	n/a	catch_padded.jpg	photodiode	0
2075.439	0.0	2075439	response	7	n/a	n/a	trigger	0
2077.021	0.5	2077021	trained	32763	4	memtrain/o_042_1.jpg	photodiode	1
2077.771	0.5	2077771	trained	32760	7	memtrain/o_091_2.jpg	photodiode	1
2078.672	0.5	2078672	trained	32767	0	memtrain/o_006_1.jpg	photodiode	1
2079.573	0.5	2079573	catch	32671	n/a	catch_padded.jpg	photodiode	0
2079.903	0.0	2079903	response	7	n/a	n/a	trigger	0
2081.625	0.5	2081625	trained	32736	31	memtrain/o_465_2.jpg	photodiode	1
2082.475	0.5	2082475	untrained	32717	50	memtrain/o_057_2.jpg	photodiode	1
2083.376	0.5	2083376	trained	32754	13	memtrain/o_136_1.jpg	photodiode	1
2084.127	0.5	2084127	catch	32671	n/a	catch_padded.jpg	photodiode	0
2084.438	0.0	2084438	response	7	n/a	n/a	trigger	0
2086.028	0.5	2086028	untrained	32708	59	memtrain/o_201_2.jpg	photodiode	1
2086.921	0.5	2086921	trained	32729	38	memtrain/o_603_1.jpg	photodiode	1
2087.73	0.5	2087730	trained	32752	15	memtrain/o_195_1.jpg	photodiode	1
2088.522	0.5	2088522	untrained	32719	48	memtrain/o_019_2.jpg	photodiode	1
2089.473	0.5	2089473	trained	32764	3	memtrain/o_040_2.jpg	photodiode	1
2090.374	0.5	2090374	catch	32671	n/a	catch_padded.jpg	photodiode	0
2090.714	0.0	2090714	response	7	n/a	n/a	trigger	0
2092.376	0.5	2092376	trained	32737	30	memtrain/o_437_2.jpg	photodiode	1
2093.134	0.5	2093134	untrained	32693	74	memtrain/o_550_1.jpg	photodiode	1
2093.877	0.5	2093877	trained	32722	45	memtrain/so_090_2.jpg	photodiode	1
2094.728	0.5	2094728	trained	32727	40	memtrain/o_648_2.jpg	photodiode	1
2095.578	0.5	2095578	trained	32738	29	memtrain/o_416_1.jpg	photodiode	1
2096.379	0.5	2096379	catch	32671	n/a	catch_padded.jpg	photodiode	0
2096.802	0.0	2096802	response	7	n/a	n/a	trigger	0
2098.331	0.5	2098331	trained	32726	41	memtrain/o_663_2.jpg	photodiode	1
2099.231	0.5	2099231	trained	32723	44	memtrain/so_045_1.jpg	photodiode	1
2100.032	0.5	2100032	untrained	32685	82	memtrain/o_656_1.jpg	photodiode	1
2100.883	0.5	2100883	untrained	32712	55	memtrain/o_153_2.jpg	photodiode	1
2101.734	0.5	2101734	trained	32732	35	memtrain/o_561_2.jpg	photodiode	1
2102.484	0.5	2102484	catch	32671	n/a	catch_padded.jpg	photodiode	0
2102.833	0.0	2102833	response	7	n/a	n/a	trigger	0
2104.486	0.5	2104486	untrained	32676	91	memtrain/o_605_1.jpg	photodiode	1
2105.387	0.5	2105387	untrained	32673	94	memtrain/so_067_1.jpg	photodiode	1
2106.137	0.5	2106137	untrained	32678	89	memtrain/o_469_1.jpg	photodiode	1
2107.038	0.5	2107038	trained	32731	36	memtrain/o_583_1.jpg	photodiode	1
2107.789	0.5	2107789	untrained	32702	65	memtrain/o_337_2.jpg	photodiode	1
2108.639	0.5	2108639	catch	32671	n/a	catch_padded.jpg	photodiode	0
2108.98	0.0	2108980	response	7	n/a	n/a	trigger	0
2110.541	0.5	2110541	untrained	32686	81	memtrain/o_655_2.jpg	photodiode	1
2111.442	0.5	2111442	untrained	32675	92	memtrain/so_033_1.jpg	photodiode	1
2112.343	0.5	2112343	trained	32740	27	memtrain/o_379_2.jpg	photodiode	1
2113.193	0.5	2113193	untrained	32718	49	memtrain/o_054_2.jpg	photodiode	1
2114.085	0.5	2114085	trained	32730	37	memtrain/o_597_1.jpg	photodiode	1
2114.995	0.5	2114995	catch	32671	n/a	catch_padded.jpg	photodiode	0
2115.354	0.0	2115354	response	7	n/a	n/a	trigger	0
2117.038	0.5	2117038	trained	32759	8	memtrain/o_094_1.jpg	photodiode	1
2117.939	0.5	2117939	trained	32746	21	memtrain/o_319_1.jpg	photodiode	1
2118.739	0.5	2118739	trained	32739	28	memtrain/o_397_1.jpg	photodiode	1
2119.64	0.5	2119640	catch	32671	n/a	catch_padded.jpg	photodiode	0
2120.032	0.0	2120032	response	7	n/a	n/a	trigger	0
2121.592	0.5	2121592	untrained	32701	66	memtrain/o_342_2.jpg	photodiode	1
2122.392	0.5	2122392	untrained	32694	73	memtrain/o_519_2.jpg	photodiode	1
2123.143	0.5	2123143	untrained	32689	78	memtrain/o_599_1.jpg	photodiode	1
2123.994	0.5	2123994	untrained	32692	75	memtrain/o_564_1.jpg	photodiode	1
2124.744	0.5	2124744	catch	32671	n/a	catch_padded.jpg	photodiode	0
2125.082	0.0	2125082	response	7	n/a	n/a	trigger	0
2126.796	0.5	2126796	untrained	32672	95	memtrain/so_125_1.jpg	photodiode	1
2127.647	0.5	2127647	untrained	32683	84	memtrain/so_117_2.jpg	photodiode	1
2128.598	0.5	2128598	untrained	32674	93	memtrain/so_035_1.jpg	photodiode	1
2129.549	0.5	2129549	untrained	32677	90	memtrain/o_580_1.jpg	photodiode	1
2130.399	0.5	2130399	untrained	32709	58	memtrain/o_192_1.jpg	photodiode	1
2131.35	0.5	2131350	catch	32671	n/a	catch_padded.jpg	photodiode	0
2131.673	0.0	2131673	response	7	n/a	n/a	trigger	0
2133.452	0.5	2133452	untrained	32682	85	memtrain/o_218_1.jpg	photodiode	1
2134.252	0.5	2134252	untrained	32715	52	memtrain/o_141_1.jpg	photodiode	1
2135.103	0.5	2135103	untrained	32688	79	memtrain/o_600_1.jpg	photodiode	1
2136.054	0.5	2136054	untrained	32699	68	memtrain/o_393_1.jpg	photodiode	1
2136.955	0.5	2136955	catch	32671	n/a	catch_padded.jpg	photodiode	0
2137.296	0.0	2137296	response	7	n/a	n/a	trigger	0
2139.057	0.5	2139057	trained	32751	16	memtrain/o_199_2.jpg	photodiode	1
2140.007	0.5	2140007	trained	32765	2	memtrain/o_035_1.jpg	photodiode	1
2140.958	0.5	2140958	untrained	32716	51	memtrain/o_103_2.jpg	photodiode	1
2141.809	0.5	2141809	trained	32720	47	memtrain/so_147_2.jpg	photodiode	1
2142.66	0.5	2142660	catch	32671	n/a	catch_padded.jpg	photodiode	0
2143.014	0.0	2143014	response	7	n/a	n/a	trigger	0
2144.703	0.5	2144703	untrained	32706	61	memtrain/o_298_2.jpg	photodiode	1
2145.604	0.5	2145604	untrained	32707	60	memtrain/o_228_2.jpg	photodiode	1
2146.355	0.5	2146355	untrained	32704	63	memtrain/o_310_2.jpg	photodiode	1
2147.105	0.5	2147105	trained	32725	42	memtrain/so_034_2.jpg	photodiode	1
2147.956	0.5	2147956	catch	32671	n/a	catch_padded.jpg	photodiode	0
2148.284	0.0	2148284	response	7	n/a	n/a	trigger	0
2149.958	0.5	2149958	trained	32734	33	memtrain/o_536_1.jpg	photodiode	1
2150.858	0.5	2150858	trained	32741	26	memtrain/o_376_1.jpg	photodiode	1
2151.609	0.5	2151609	untrained	32713	54	memtrain/o_145_1.jpg	photodiode	1
2152.56	0.5	2152560	catch	32671	n/a	catch_padded.jpg	photodiode	0
2152.845	0.0	2152845	response	7	n/a	n/a	trigger	0
2154.462	0.5	2154462	untrained	32691	76	memtrain/o_570_1.jpg	photodiode	1
2155.412	0.5	2155412	trained	32742	25	memtrain/o_358_2.jpg	photodiode	1
2156.313	0.5	2156313	trained	32733	34	memtrain/o_558_2.jpg	photodiode	1
2157.164	0.5	2157164	trained	32747	20	memtrain/o_290_1.jpg	photodiode	1
2158.115	0.5	2158115	catch	32671	n/a	catch_padded.jpg	photodiode	0
2158.505	0.0	2158505	response	7	n/a	n/a	trigger	0
2160.166	0.5	2160166	trained	32755	12	memtrain/o_127_2.jpg	photodiode	1
2161.117	0.5	2161117	trained	32750	17	memtrain/o_232_1.jpg	photodiode	1
2161.868	0.5	2161868	trained	32762	5	memtrain/o_067_1.jpg	photodiode	1
2162.769	0.5	2162769	untrained	32710	57	memtrain/o_171_1.jpg	photodiode	1
2163.669	0.5	2163669	catch	32671	n/a	catch_padded.jpg	photodiode	0
2164.051	0.0	2164051	response	7	n/a	n/a	trigger	0
2165.571	0.5	2165571	untrained	32700	67	memtrain/o_378_1.jpg	photodiode	1
2166.322	0.5	2166322	trained	32743	24	memtrain/o_357_1.jpg	photodiode	1
2167.072	0.5	2167072	trained	32735	32	memtrain/o_485_2.jpg	photodiode	1
2167.973	0.5	2167973	trained	32757	10	memtrain/o_111_2.jpg	photodiode	1
2168.874	0.5	2168874	trained	32749	18	memtrain/o_264_2.jpg	photodiode	1
2169.825	0.5	2169825	catch	32671	n/a	catch_padded.jpg	photodiode	0
2170.135	0.0	2170135	response	7	n/a	n/a	trigger	0
2171.776	0.5	2171776	trained	32745	22	memtrain/o_321_1.jpg	photodiode	1
2172.568	0.5	2172568	trained	32756	11	memtrain/o_117_2.jpg	photodiode	1
2173.428	0.5	2173428	trained	32748	19	memtrain/o_284_2.jpg	photodiode	1
2174.17	0.5	2174170	catch	32671	n/a	catch_padded.jpg	photodiode	0
2174.694	0.0	2174694	response	7	n/a	n/a	trigger	0
2176.071	0.5	2176071	trained	32753	14	memtrain/o_174_1.jpg	photodiode	1
2176.872	0.5	2176872	untrained	32711	56	memtrain/o_163_2.jpg	photodiode	1
2177.773	0.5	2177773	untrained	32696	71	memtrain/o_483_1.jpg	photodiode	1
2178.623	0.5	2178623	catch	32671	n/a	catch_padded.jpg	photodiode	0
2179.103	0.0	2179103	response	7	n/a	n/a	trigger	0
2180.575	0.5	2180575	untrained	32679	88	memtrain/o_458_1.jpg	photodiode	1
2181.526	0.5	2181526	untrained	32680	87	memtrain/o_365_1.jpg	photodiode	1
2182.277	0.5	2182277	trained	32728	39	memtrain/o_606_1.jpg	photodiode	1
2183.127	0.5	2183127	catch	32671	n/a	catch_padded.jpg	photodiode	0
2183.426	0.0	2183426	response	7	n/a	n/a	trigger	0
2185.129	0.5	2185129	untrained	32697	70	memtrain/o_471_2.jpg	photodiode	1
2186.03	0.5	2186030	untrained	32705	62	memtrain/o_304_1.jpg	photodiode	1
2186.981	0.5	2186981	untrained	32703	64	memtrain/o_334_2.jpg	photodiode	1
2187.731	0.5	2187731	trained	32758	9	memtrain/o_101_2.jpg	photodiode	1
2188.582	0.5	2188582	catch	32671	n/a	catch_padded.jpg	photodiode	0
2188.92	0.0	2188920	response	7	n/a	n/a	trigger	0
2191.056	0.0	2191056	block_end	120	n/a	n/a	trigger	0
2196.178	0.0	2196178	response	7	n/a	n/a	trigger	0
2196.184	0.0	2196184	block_onset	109	n/a	n/a	trigger	0
2198.232	0.5	2198232	untrained	32687	80	memtrain/o_613_1.jpg	photodiode	1
2198.991	0.5	2198991	untrained	32689	78	memtrain/o_599_1.jpg	photodiode	1
2199.942	0.5	2199942	untrained	32679	88	memtrain/o_458_1.jpg	photodiode	1
2200.742	0.5	2200742	catch	32671	n/a	catch_padded.jpg	photodiode	0
2201.062	0.0	2201062	response	7	n/a	n/a	trigger	0
2202.794	0.5	2202794	trained	32743	24	memtrain/o_357_1.jpg	photodiode	1
2203.695	0.5	2203695	untrained	32692	75	memtrain/o_564_1.jpg	photodiode	1
2204.595	0.5	2204595	untrained	32672	95	memtrain/so_125_1.jpg	photodiode	1
2205.488	0.5	2205488	untrained	32718	49	memtrain/o_054_2.jpg	photodiode	1
2206.439	0.5	2206439	untrained	32711	56	memtrain/o_163_2.jpg	photodiode	1
2207.24	0.5	2207240	catch	32671	n/a	catch_padded.jpg	photodiode	0
2207.595	0.0	2207595	response	7	n/a	n/a	trigger	0
2209.291	0.5	2209291	untrained	32705	62	memtrain/o_304_1.jpg	photodiode	1
2210.092	0.5	2210092	trained	32753	14	memtrain/o_174_1.jpg	photodiode	1
2210.893	0.5	2210893	trained	32752	15	memtrain/o_195_1.jpg	photodiode	1
2211.743	0.5	2211743	catch	32671	n/a	catch_padded.jpg	photodiode	0
2212.228	0.0	2212228	response	7	n/a	n/a	trigger	0
2213.845	0.5	2213845	trained	32734	33	memtrain/o_536_1.jpg	photodiode	1
2214.746	0.5	2214746	untrained	32680	87	memtrain/o_365_1.jpg	photodiode	1
2215.497	0.5	2215497	untrained	32682	85	memtrain/o_218_1.jpg	photodiode	1
2216.247	0.5	2216247	untrained	32677	90	memtrain/o_580_1.jpg	photodiode	1
2217.048	0.5	2217048	catch	32671	n/a	catch_padded.jpg	photodiode	0
2217.397	0.0	2217397	response	7	n/a	n/a	trigger	0
2219.05	0.5	2219050	trained	32766	1	memtrain/o_015_1.jpg	photodiode	1
2219.85	0.5	2219850	untrained	32696	71	memtrain/o_483_1.jpg	photodiode	1
2220.801	0.5	2220801	untrained	32699	68	memtrain/o_393_1.jpg	photodiode	1
2221.552	0.5	2221552	untrained	32717	50	memtrain/o_057_2.jpg	photodiode	1
2222.402	0.5	2222402	catch	32671	n/a	catch_padded.jpg	photodiode	0
2222.807	0.0	2222807	response	7	n/a	n/a	trigger	0
2224.354	0.5	2224354	trained	32749	18	memtrain/o_264_2.jpg	photodiode	1
2225.205	0.5	2225205	untrained	32690	77	memtrain/o_574_2.jpg	photodiode	1
2226.106	0.5	2226106	untrained	32698	69	memtrain/o_464_2.jpg	photodiode	1
2227.056	0.5	2227056	catch	32671	n/a	catch_padded.jpg	photodiode	0
2227.396	0.0	2227396	response	7	n/a	n/a	trigger	0
2229.108	0.5	2229108	untrained	32706	61	memtrain/o_298_2.jpg	photodiode	1
2229.959	0.5	2229959	untrained	32697	70	memtrain/o_471_2.jpg	photodiode	1
2230.91	0.5	2230910	trained	32761	6	memtrain/o_076_1.jpg	photodiode	1
2231.76	0.5	2231760	catch	32671	n/a	catch_padded.jpg	photodiode	0
2232.067	0.0	2232067	response	7	n/a	n/a	trigger	0
2233.862	0.5	2233862	untrained	32676	91	memtrain/o_605_1.jpg	photodiode	1
2234.654	0.5	2234654	trained	32758	9	memtrain/o_101_2.jpg	photodiode	1
2235.555	0.5	2235555	trained	32744	23	memtrain/o_338_2.jpg	photodiode	1
2236.356	0.5	2236356	trained	32741	26	memtrain/o_376_1.jpg	photodiode	1
2237.307	0.5	2237307	catch	32671	n/a	catch_padded.jpg	photodiode	0
2237.754	0.0	2237754	response	7	n/a	n/a	trigger	0
2239.258	0.5	2239258	trained	32747	20	memtrain/o_290_1.jpg	photodiode	1
2240.009	0.5	2240009	trained	32760	7	memtrain/o_091_2.jpg	photodiode	1
2240.91	0.5	2240910	untrained	32712	55	memtrain/o_153_2.jpg	photodiode	1
2241.86	0.5	2241860	untrained	32714	53	memtrain/o_142_2.jpg	photodiode	1
2242.661	0.5	2242661	trained	32757	10	memtrain/o_111_2.jpg	photodiode	1
2243.462	0.5	2243462	catch	32671	n/a	catch_padded.jpg	photodiode	0
2243.846	0.0	2243846	response	7	n/a	n/a	trigger	0
2245.513	0.5	2245513	untrained	32688	79	memtrain/o_600_1.jpg	photodiode	1
2246.264	0.5	2246264	untrained	32683	84	memtrain/so_117_2.jpg	photodiode	1
2247.173	0.5	2247173	trained	32723	44	memtrain/so_045_1.jpg	photodiode	1
2247.966	0.5	2247966	trained	32759	8	memtrain/o_094_1.jpg	photodiode	1
2248.816	0.5	2248816	trained	32748	19	memtrain/o_284_2.jpg	photodiode	1
2249.667	0.5	2249667	catch	32671	n/a	catch_padded.jpg	photodiode	0
2249.999	0.0	2249999	response	7	n/a	n/a	trigger	0
2251.569	0.5	2251569	untrained	32678	89	memtrain/o_469_1.jpg	photodiode	1
2252.319	0.5	2252319	untrained	32673	94	memtrain/so_067_1.jpg	photodiode	1
2253.22	0.5	2253220	untrained	32715	52	memtrain/o_141_1.jpg	photodiode	1
2254.071	0.5	2254071	trained	32762	5	memtrain/o_067_1.jpg	photodiode	1
2254.871	0.5	2254871	catch	32671	n/a	catch_padded.jpg	photodiode	0
2255.268	0.0	2255268	response	7	n/a	n/a	trigger	0
2256.923	0.5	2256923	untrained	32713	54	memtrain/o_145_1.jpg	photodiode	1
2257.724	0.5	2257724	trained	32751	16	memtrain/o_199_2.jpg	photodiode	1
2258.524	0.5	2258524	trained	32765	2	memtrain/o_035_1.jpg	photodiode	1
2259.475	0.5	2259475	catch	32671	n/a	catch_padded.jpg	photodiode	0
2259.811	0.0	2259811	response	7	n/a	n/a	trigger	0
2261.527	0.5	2261527	trained	32742	25	memtrain/o_358_2.jpg	photodiode	1
2262.37	0.5	2262370	untrained	32693	74	memtrain/o_550_1.jpg	photodiode	1
2263.12	0.5	2263120	trained	32739	28	memtrain/o_397_1.jpg	photodiode	1
2263.921	0.5	2263921	untrained	32681	86	memtrain/o_288_1.jpg	photodiode	1
2264.722	0.5	2264722	untrained	32704	63	memtrain/o_310_2.jpg	photodiode	1
2265.472	0.5	2265472	catch	32671	n/a	catch_padded.jpg	photodiode	0
2265.834	0.0	2265834	response	7	n/a	n/a	trigger	0
2267.424	0.5	2267424	trained	32728	39	memtrain/o_606_1.jpg	photodiode	1
2268.175	0.5	2268175	trained	32764	3	memtrain/o_040_2.jpg	photodiode	1
2269.075	0.5	2269075	trained	32750	17	memtrain/o_232_1.jpg	photodiode	1
2269.826	0.5	2269826	untrained	32695	72	memtrain/o_490_1.jpg	photodiode	1
2270.677	0.5	2270677	untrained	32691	76	memtrain/o_570_1.jpg	photodiode	1
2271.477	0.5	2271477	catch	32671	n/a	catch_padded.jpg	photodiode	0
2271.916	0.0	2271916	response	7	n/a	n/a	trigger	0
2273.379	0.5	2273379	trained	32736	31	memtrain/o_465_2.jpg	photodiode	1
2274.28	0.5	2274280	trained	32733	34	memtrain/o_558_2.jpg	photodiode	1
2275.03	0.5	2275030	trained	32731	36	memtrain/o_583_1.jpg	photodiode	1
2275.781	0.5	2275781	catch	32671	n/a	catch_padded.jpg	photodiode	0
2276.179	0.0	2276179	response	7	n/a	n/a	trigger	0
2277.733	0.5	2277733	untrained	32675	92	memtrain/so_033_1.jpg	photodiode	1
2278.583	0.5	2278583	trained	32730	37	memtrain/o_597_1.jpg	photodiode	1
2279.334	0.5	2279334	trained	32720	47	memtrain/so_147_2.jpg	photodiode	1
2280.135	0.5	2280135	catch	32671	n/a	catch_padded.jpg	photodiode	0
2280.538	0.0	2280538	response	7	n/a	n/a	trigger	0
2282.036	0.5	2282036	trained	32738	29	memtrain/o_416_1.jpg	photodiode	1
2282.787	0.5	2282787	untrained	32710	57	memtrain/o_171_1.jpg	photodiode	1
2283.638	0.5	2283638	untrained	32707	60	memtrain/o_228_2.jpg	photodiode	1
2284.538	0.5	2284538	untrained	32674	93	memtrain/so_035_1.jpg	photodiode	1
2285.489	0.5	2285489	untrained	32694	73	memtrain/o_519_2.jpg	photodiode	1
2286.29	0.5	2286290	catch	32671	n/a	catch_padded.jpg	photodiode	0
2286.6	0.0	2286600	response	7	n/a	n/a	trigger	0
2288.192	0.5	2288192	untrained	32716	51	memtrain/o_103_2.jpg	photodiode	1
2289.042	0.5	2289042	trained	32735	32	memtrain/o_485_2.jpg	photodiode	1
2289.843	0.5	2289843	untrained	32685	82	memtrain/o_656_1.jpg	photodiode	1
2290.644	0.5	2290644	catch	32671	n/a	catch_padded.jpg	photodiode	0
2291.093	0.0	2291093	response	7	n/a	n/a	trigger	0
2292.545	0.5	2292545	trained	32740	27	memtrain/o_379_2.jpg	photodiode	1
2293.346	0.5	2293346	untrained	32701	66	memtrain/o_342_2.jpg	photodiode	1
2294.088	0.5	2294088	untrained	32709	58	memtrain/o_192_1.jpg	photodiode	1
2295.039	0.5	2295039	trained	32725	42	memtrain/so_034_2.jpg	photodiode	1
2295.889	0.5	2295889	catch	32671	n/a	catch_padded.jpg	photodiode	0
2296.251	0.0	2296251	response	7	n/a	n/a	trigger	0
2297.891	0.5	2297891	untrained	32703	64	memtrain/o_334_2.jpg	photodiode	1
2298.692	0.5	2298692	trained	32745	22	memtrain/o_321_1.jpg	photodiode	1
2299.543	0.5	2299543	trained	32727	40	memtrain/o_648_2.jpg	photodiode	1
2300.402	0.5	2300402	trained	32722	45	memtrain/so_090_2.jpg	photodiode	1
2301.294	0.5	2301294	catch	32671	n/a	catch_padded.jpg	photodiode	0
2301.664	0.0	2301664	response	7	n/a	n/a	trigger	0
2303.296	0.5	2303296	trained	32732	35	memtrain/o_561_2.jpg	photodiode	1
2304.197	0.5	2304197	trained	32754	13	memtrain/o_136_1.jpg	photodiode	1
2304.997	0.5	2304997	untrained	32700	67	memtrain/o_378_1.jpg	photodiode	1
2305.948	0.5	2305948	untrained	32684	83	memtrain/so_105_1.jpg	photodiode	1
2306.849	0.5	2306849	trained	32737	30	memtrain/o_437_2.jpg	photodiode	1
2307.75	0.5	2307750	catch	32671	n/a	catch_padded.jpg	photodiode	0
2308.083	0.0	2308083	response	7	n/a	n/a	trigger	0
2309.851	0.5	2309851	trained	32746	21	memtrain/o_319_1.jpg	photodiode	1
2310.652	0.5	2310652	trained	32726	41	memtrain/o_663_2.jpg	photodiode	1
2311.603	0.5	2311603	trained	32756	11	memtrain/o_117_2.jpg	photodiode	1
2312.504	0.5	2312504	untrained	32719	48	memtrain/o_019_2.jpg	photodiode	1
2313.304	0.5	2313304	untrained	32708	59	memtrain/o_201_2.jpg	photodiode	1
2314.055	0.5	2314055	catch	32671	n/a	catch_padded.jpg	photodiode	0
2314.469	0.0	2314469	response	7	n/a	n/a	trigger	0
2316.057	0.5	2316057	trained	32721	46	memtrain/so_113_1.jpg	photodiode	1
2316.907	0.5	2316907	trained	32724	43	memtrain/so_043_2.jpg	photodiode	1
2317.658	0.5	2317658	trained	32755	12	memtrain/o_127_2.jpg	photodiode	1
2318.509	0.5	2318509	catch	32671	n/a	catch_padded.jpg	photodiode	0
2318.829	0.0	2318829	response	7	n/a	n/a	trigger	0
2320.56	0.5	2320560	trained	32729	38	memtrain/o_603_1.jpg	photodiode	1
2321.511	0.5	2321511	untrained	32702	65	memtrain/o_337_2.jpg	photodiode	1
2322.362	0.5	2322362	untrained	32686	81	memtrain/o_655_2.jpg	photodiode	1
2323.205	0.5	2323205	catch	32671	n/a	catch_padded.jpg	photodiode	0
2323.562	0.0	2323562	response	7	n/a	n/a	trigger	0
2325.214	0.5	2325214	trained	32763	4	memtrain/o_042_1.jpg	photodiode	1
2326.057	0.5	2326057	trained	32767	0	memtrain/o_006_1.jpg	photodiode	1
2326.858	0.5	2326858	trained	32734	33	memtrain/o_536_1.jpg	photodiode	1
2327.808	0.5	2327808	untrained	32712	55	memtrain/o_153_2.jpg	photodiode	1
2328.559	0.5	2328559	catch	32671	n/a	catch_padded.jpg	photodiode	0
2329.078	0.0	2329078	response	7	n/a	n/a	trigger	0
2330.561	0.5	2330561	trained	32731	36	memtrain/o_583_1.jpg	photodiode	1
2331.361	0.5	2331361	untrained	32687	80	memtrain/o_613_1.jpg	photodiode	1
2332.262	0.5	2332262	trained	32729	38	memtrain/o_603_1.jpg	photodiode	1
2333.163	0.5	2333163	catch	32671	n/a	catch_padded.jpg	photodiode	0
2333.524	0.0	2333524	response	7	n/a	n/a	trigger	0
2335.065	0.5	2335065	untrained	32717	50	memtrain/o_057_2.jpg	photodiode	1
2335.965	0.5	2335965	untrained	32676	91	memtrain/o_605_1.jpg	photodiode	1
2336.816	0.5	2336816	untrained	32702	65	memtrain/o_337_2.jpg	photodiode	1
2337.767	0.5	2337767	untrained	32683	84	memtrain/so_117_2.jpg	photodiode	1
2338.668	0.5	2338668	catch	32671	n/a	catch_padded.jpg	photodiode	0
2339.006	0.0	2339006	response	7	n/a	n/a	trigger	0
2340.569	0.5	2340569	untrained	32678	89	memtrain/o_469_1.jpg	photodiode	1
2341.32	0.5	2341320	trained	32724	43	memtrain/so_043_2.jpg	photodiode	1
2342.271	0.5	2342271	untrained	32713	54	memtrain/o_145_1.jpg	photodiode	1
2343.222	0.5	2343222	trained	32721	46	memtrain/so_113_1.jpg	photodiode	1
2343.972	0.5	2343972	catch	32671	n/a	catch_padded.jpg	photodiode	0
2344.316	0.0	2344316	response	7	n/a	n/a	trigger	0
2345.974	0.5	2345974	trained	32730	37	memtrain/o_597_1.jpg	photodiode	1
2346.925	0.5	2346925	untrained	32699	68	memtrain/o_393_1.jpg	photodiode	1
2347.775	0.5	2347775	untrained	32707	60	memtrain/o_228_2.jpg	photodiode	1
2348.676	0.5	2348676	untrained	32698	69	memtrain/o_464_2.jpg	photodiode	1
2349.577	0.5	2349577	catch	32671	n/a	catch_padded.jpg	photodiode	0
2349.881	0.0	2349881	response	7	n/a	n/a	trigger	0
2351.529	0.5	2351529	trained	32755	12	memtrain/o_127_2.jpg	photodiode	1
2352.279	0.5	2352279	trained	32742	25	memtrain/o_358_2.jpg	photodiode	1
2353.221	0.5	2353221	trained	32727	40	memtrain/o_648_2.jpg	photodiode	1
2354.172	0.5	2354172	untrained	32714	53	memtrain/o_142_2.jpg	photodiode	1
2355.123	0.5	2355123	untrained	32689	78	memtrain/o_599_1.jpg	photodiode	1
2355.974	0.5	2355974	catch	32671	n/a	catch_padded.jpg	photodiode	0
2356.345	0.0	2356345	response	7	n/a	n/a	trigger	0
2357.925	0.5	2357925	untrained	32696	71	memtrain/o_483_1.jpg	photodiode	1
2358.826	0.5	2358826	trained	32749	18	memtrain/o_264_2.jpg	photodiode	1
2359.585	0.5	2359585	trained	32761	6	memtrain/o_076_1.jpg	photodiode	1
2360.528	0.5	2360528	untrained	32684	83	memtrain/so_105_1.jpg	photodiode	1
2361.428	0.5	2361428	untrained	32703	64	memtrain/o_334_2.jpg	photodiode	1
2362.279	0.5	2362279	catch	32671	n/a	catch_padded.jpg	photodiode	0
2362.675	0.0	2362675	response	7	n/a	n/a	trigger	0
2364.281	0.5	2364281	trained	32725	42	memtrain/so_034_2.jpg	photodiode	1
2365.031	0.5	2365031	untrained	32718	49	memtrain/o_054_2.jpg	photodiode	1
2365.882	0.5	2365882	trained	32757	10	memtrain/o_111_2.jpg	photodiode	1
2366.633	0.5	2366633	catch	32671	n/a	catch_padded.jpg	photodiode	0
2367.12	0.0	2367120	response	7	n/a	n/a	trigger	0
2368.534	0.5	2368534	untrained	32679	88	memtrain/o_458_1.jpg	photodiode	1
2369.435	0.5	2369435	untrained	32704	63	memtrain/o_310_2.jpg	photodiode	1
2370.186	0.5	2370186	untrained	32706	61	memtrain/o_298_2.jpg	photodiode	1
2371.037	0.5	2371037	trained	32737	30	memtrain/o_437_2.jpg	photodiode	1
2371.787	0.5	2371787	catch	32671	n/a	catch_padded.jpg	photodiode	0
2372.116	0.0	2372116	response	7	n/a	n/a	trigger	0
2373.739	0.5	2373739	trained	32751	16	memtrain/o_199_2.jpg	photodiode	1
2374.69	0.5	2374690	trained	32745	22	memtrain/o_321_1.jpg	photodiode	1
2375.54	0.5	2375540	trained	32746	21	memtrain/o_319_1.jpg	photodiode	1
2376.491	0.5	2376491	trained	32765	2	memtrain/o_035_1.jpg	photodiode	1
2377.442	0.5	2377442	untrained	32672	95	memtrain/so_125_1.jpg	photodiode	1
2378.393	0.5	2378393	catch	32671	n/a	catch_padded.jpg	photodiode	0
2378.722	0.0	2378722	response	7	n/a	n/a	trigger	0
2380.294	0.5	2380294	untrained	32705	62	memtrain/o_304_1.jpg	photodiode	1
2381.045	0.5	2381045	untrained	32719	48	memtrain/o_019_2.jpg	photodiode	1
2381.938	0.5	2381938	trained	32739	28	memtrain/o_397_1.jpg	photodiode	1
2382.696	0.5	2382696	untrained	32690	77	memtrain/o_574_2.jpg	photodiode	1
2383.539	0.5	2383539	trained	32764	3	memtrain/o_040_2.jpg	photodiode	1
2384.34	0.5	2384340	catch	32671	n/a	catch_padded.jpg	photodiode	0
2384.651	0.0	2384651	response	7	n/a	n/a	trigger	0
2386.341	0.5	2386341	untrained	32715	52	memtrain/o_141_1.jpg	photodiode	1
2387.242	0.5	2387242	trained	32756	11	memtrain/o_117_2.jpg	photodiode	1
2388.143	0.5	2388143	trained	32753	14	memtrain/o_174_1.jpg	photodiode	1
2389.094	0.5	2389094	trained	32760	7	memtrain/o_091_2.jpg	photodiode	1
2389.995	0.5	2389995	catch	32671	n/a	catch_padded.jpg	photodiode	0
2390.504	0.0	2390504	response	7	n/a	n/a	trigger	0
2391.896	0.5	2391896	untrained	32700	67	memtrain/o_378_1.jpg	photodiode	1
2392.647	0.5	2392647	untrained	32697	70	memtrain/o_471_2.jpg	photodiode	1
2393.598	0.5	2393598	trained	32762	5	memtrain/o_067_1.jpg	photodiode	1
2394.548	0.5	2394548	trained	32744	23	memtrain/o_338_2.jpg	photodiode	1
2395.499	0.5	2395499	catch	32671	n/a	catch_padded.jpg	photodiode	0
2395.823	0.0	2395823	response	7	n/a	n/a	trigger	0
2397.501	0.5	2397501	untrained	32682	85	memtrain/o_218_1.jpg	photodiode	1
2398.302	0.5	2398302	trained	32732	35	memtrain/o_561_2.jpg	photodiode	1
2399.052	0.5	2399052	trained	32763	4	memtrain/o_042_1.jpg	photodiode	1
2399.953	0.5	2399953	catch	32671	n/a	catch_padded.jpg	photodiode	0
2400.241	0.0	2400241	response	7	n/a	n/a	trigger	0
2401.955	0.5	2401955	trained	32735	32	memtrain/o_485_2.jpg	photodiode	1
2402.705	0.5	2402705	untrained	32681	86	memtrain/o_288_1.jpg	photodiode	1
2403.606	0.5	2403606	trained	32750	17	memtrain/o_232_1.jpg	photodiode	1
2404.457	0.5	2404457	untrained	32680	87	memtrain/o_365_1.jpg	photodiode	1
2405.408	0.5	2405408	untrained	32695	72	memtrain/o_490_1.jpg	photodiode	1
2406.358	0.5	2406358	catch	32671	n/a	catch_padded.jpg	photodiode	0
2406.863	0.0	2406863	response	7	n/a	n/a	trigger	0
2408.46	0.5	2408460	untrained	32709	58	memtrain/o_192_1.jpg	photodiode	1
2409.311	0.5	2409311	trained	32740	27	memtrain/o_379_2.jpg	photodiode	1
2410.212	0.5	2410212	untrained	32716	51	memtrain/o_103_2.jpg	photodiode	1
2411.004	0.5	2411004	untrained	32686	81	memtrain/o_655_2.jpg	photodiode	1
2411.863	0.5	2411863	untrained	32694	73	memtrain/o_519_2.jpg	photodiode	1
2412.805	0.5	2412805	catch	32671	n/a	catch_padded.jpg	photodiode	0
2413.128	0.0	2413128	response	7	n/a	n/a	trigger	0
2414.757	0.5	2414757	untrained	32692	75	memtrain/o_564_1.jpg	photodiode	1
2415.708	0.5	2415708	trained	32733	34	memtrain/o_558_2.jpg	photodiode	1
2416.558	0.5	2416558	trained	32736	31	memtrain/o_465_2.jpg	photodiode	1
2417.509	0.5	2417509	untrained	32685	82	memtrain/o_656_1.jpg	photodiode	1
2418.36	0.5	2418360	catch	32671	n/a	catch_padded.jpg	photodiode	0
2418.685	0.0	2418685	response	7	n/a	n/a	trigger	0
2420.462	0.5	2420462	untrained	32710	57	memtrain/o_171_1.jpg	photodiode	1
2421.363	0.5	2421363	untrained	32711	56	memtrain/o_163_2.jpg	photodiode	1
2422.213	0.5	2422213	trained	32726	41	memtrain/o_663_2.jpg	photodiode	1
2423.064	0.5	2423064	catch	32671	n/a	catch_padded.jpg	photodiode	0
2423.461	0.0	2423461	response	7	n/a	n/a	trigger	0
2425.166	0.5	2425166	trained	32759	8	memtrain/o_094_1.jpg	photodiode	1
2425.916	0.5	2425916	untrained	32677	90	memtrain/o_580_1.jpg	photodiode	1
2426.667	0.5	2426667	trained	32766	1	memtrain/o_015_1.jpg	photodiode	1
2427.568	0.5	2427568	untrained	32673	94	memtrain/so_067_1.jpg	photodiode	1
2428.368	0.5	2428368	trained	32720	47	memtrain/so_147_2.jpg	photodiode	1
2429.319	0.5	2429319	catch	32671	n/a	catch_padded.jpg	photodiode	0
2429.634	0.0	2429634	response	7	n/a	n/a	trigger	0
2431.371	0.5	2431371	trained	32722	45	memtrain/so_090_2.jpg	photodiode	1
2432.322	0.5	2432322	untrained	32674	93	memtrain/so_035_1.jpg	photodiode	1
2433.072	0.5	2433072	trained	32738	29	memtrain/o_416_1.jpg	photodiode	1
2433.823	0.5	2433823	catch	32671	n/a	catch_padded.jpg	photodiode	0
2434.228	0.0	2434228	response	7	n/a	n/a	trigger	0
2435.825	0.5	2435825	trained	32741	26	memtrain/o_376_1.jpg	photodiode	1
2436.625	0.5	2436625	untrained	32688	79	memtrain/o_600_1.jpg	photodiode	1
2437.576	0.5	2437576	trained	32723	44	memtrain/so_045_1.jpg	photodiode	1
2438.477	0.5	2438477	trained	32767	0	memtrain/o_006_1.jpg	photodiode	1
2439.428	0.5	2439428	catch	32671	n/a	catch_padded.jpg	photodiode	0
2439.974	0.0	2439974	response	7	n/a	n/a	trigger	0
2441.371	0.5	2441371	untrained	32708	59	memtrain/o_201_2.jpg	photodiode	1
2442.122	0.5	2442122	trained	32758	9	memtrain/o_101_2.jpg	photodiode	1
2443.023	0.5	2443023	trained	32743	24	memtrain/o_357_1.jpg	photodiode	1
2443.974	0.5	2443974	trained	32752	15	memtrain/o_195_1.jpg	photodiode	1
2444.774	0.5	2444774	catch	32671	n/a	catch_padded.jpg	photodiode	0
2445.122	0.0	2445122	response	7	n/a	n/a	trigger	0
2446.826	0.5	2446826	trained	32748	19	memtrain/o_284_2.jpg	photodiode	1
2447.627	0.5	2447627	untrained	32701	66	memtrain/o_342_2.jpg	photodiode	1
2448.578	0.5	2448578	trained	32747	20	memtrain/o_290_1.jpg	photodiode	1
2449.328	0.5	2449328	trained	32728	39	memtrain/o_606_1.jpg	photodiode	1
2450.129	0.5	2450129	untrained	32691	76	memtrain/o_570_1.jpg	photodiode	1
2450.93	0.5	2450930	catch	32671	n/a	catch_padded.jpg	photodiode	0
2451.252	0.0	2451252	response	7	n/a	n/a	trigger	0
2452.981	0.5	2452981	trained	32754	13	memtrain/o_136_1.jpg	photodiode	1
2453.782	0.5	2453782	untrained	32675	92	memtrain/so_033_1.jpg	photodiode	1
2454.733	0.5	2454733	untrained	32693	74	memtrain/o_550_1.jpg	photodiode	1
2455.533	0.5	2455533	catch	32671	n/a	catch_padded.jpg	photodiode	0
2455.948	0.0	2455948	response	7	n/a	n/a	trigger	0
2458.007	0.0	2458007	block_end	120	n/a	n/a	trigger	0
2461.685	0.0	2461685	response	7	n/a	n/a	trigger	0
2461.693	0.0	2461693	block_onset	110	n/a	n/a	trigger	0
2463.748	0.5	2463748	untrained	32719	48	memtrain/o_019_2.jpg	photodiode	1
2464.649	0.5	2464649	trained	32764	3	memtrain/o_040_2.jpg	photodiode	1
2465.6	0.5	2465600	trained	32723	44	memtrain/so_045_1.jpg	photodiode	1
2466.551	0.5	2466551	trained	32724	43	memtrain/so_043_2.jpg	photodiode	1
2467.502	0.5	2467502	trained	32745	22	memtrain/o_321_1.jpg	photodiode	1
2468.402	0.5	2468402	catch	32671	n/a	catch_padded.jpg	photodiode	0
2468.715	0.0	2468715	response	7	n/a	n/a	trigger	0
2470.346	0.5	2470346	trained	32758	9	memtrain/o_101_2.jpg	photodiode	1
2471.205	0.5	2471205	trained	32765	2	memtrain/o_035_1.jpg	photodiode	1
2472.097	0.5	2472097	untrained	32701	66	memtrain/o_342_2.jpg	photodiode	1
2473.048	0.5	2473048	untrained	32702	65	memtrain/o_337_2.jpg	photodiode	1
2473.949	0.5	2473949	trained	32753	14	memtrain/o_174_1.jpg	photodiode	1
2474.85	0.5	2474850	catch	32671	n/a	catch_padded.jpg	photodiode	0
2475.087	0.0	2475087	response	7	n/a	n/a	trigger	0
2476.952	0.5	2476952	trained	32766	1	memtrain/o_015_1.jpg	photodiode	1
2477.752	0.5	2477752	untrained	32708	59	memtrain/o_201_2.jpg	photodiode	1
2478.703	0.5	2478703	untrained	32675	92	memtrain/so_033_1.jpg	photodiode	1
2479.504	0.5	2479504	untrained	32679	88	memtrain/o_458_1.jpg	photodiode	1
2480.312	0.5	2480312	trained	32748	19	memtrain/o_284_2.jpg	photodiode	1
2481.155	0.5	2481155	catch	32671	n/a	catch_padded.jpg	photodiode	0
2481.465	0.0	2481465	response	7	n/a	n/a	trigger	0
2483.157	0.5	2483157	untrained	32688	79	memtrain/o_600_1.jpg	photodiode	1
2484.058	0.5	2484058	untrained	32718	49	memtrain/o_054_2.jpg	photodiode	1
2484.958	0.5	2484958	untrained	32697	70	memtrain/o_471_2.jpg	photodiode	1
2485.859	0.5	2485859	catch	32671	n/a	catch_padded.jpg	photodiode	0
2486.371	0.0	2486371	response	7	n/a	n/a	trigger	0
2487.969	0.5	2487969	untrained	32705	62	memtrain/o_304_1.jpg	photodiode	1
2488.712	0.5	2488712	untrained	32676	91	memtrain/o_605_1.jpg	photodiode	1
2489.612	0.5	2489612	trained	32743	24	memtrain/o_357_1.jpg	photodiode	1
2490.363	0.5	2490363	untrained	32672	95	memtrain/so_125_1.jpg	photodiode	1
2491.114	0.5	2491114	trained	32755	12	memtrain/o_127_2.jpg	photodiode	1
2492.064	0.5	2492064	catch	32671	n/a	catch_padded.jpg	photodiode	0
2492.353	0.0	2492353	response	7	n/a	n/a	trigger	0
2494.116	0.5	2494116	untrained	32693	74	memtrain/o_550_1.jpg	photodiode	1
2495.067	0.5	2495067	untrained	32686	81	memtrain/o_655_2.jpg	photodiode	1
2495.918	0.5	2495918	untrained	32677	90	memtrain/o_580_1.jpg	photodiode	1
2496.818	0.5	2496818	untrained	32715	52	memtrain/o_141_1.jpg	photodiode	1
2497.769	0.5	2497769	catch	32671	n/a	catch_padded.jpg	photodiode	0
2498.188	0.0	2498188	response	7	n/a	n/a	trigger	0
2499.771	0.5	2499771	trained	32741	26	memtrain/o_376_1.jpg	photodiode	1
2500.572	0.5	2500572	untrained	32678	89	memtrain/o_469_1.jpg	photodiode	1
2501.514	0.5	2501514	trained	32734	33	memtrain/o_536_1.jpg	photodiode	1
2502.264	0.5	2502264	trained	32729	38	memtrain/o_603_1.jpg	photodiode	1
2503.015	0.5	2503015	catch	32671	n/a	catch_padded.jpg	photodiode	0
2503.325	0.0	2503325	response	7	n/a	n/a	trigger	0
2505.067	0.5	2505067	untrained	32713	54	memtrain/o_145_1.jpg	photodiode	1
2505.918	0.5	2505918	untrained	32709	58	memtrain/o_192_1.jpg	photodiode	1
2506.718	0.5	2506718	trained	32722	45	memtrain/so_090_2.jpg	photodiode	1
2507.619	0.5	2507619	trained	32746	21	memtrain/o_319_1.jpg	photodiode	1
2508.42	0.5	2508420	catch	32671	n/a	catch_padded.jpg	photodiode	0
2508.753	0.0	2508753	response	7	n/a	n/a	trigger	0
2510.421	0.5	2510421	trained	32721	46	memtrain/so_113_1.jpg	photodiode	1
2511.172	0.5	2511172	untrained	32695	72	memtrain/o_490_1.jpg	photodiode	1
2512.023	0.5	2512023	trained	32736	31	memtrain/o_465_2.jpg	photodiode	1
2512.823	0.5	2512823	trained	32737	30	memtrain/o_437_2.jpg	photodiode	1
2513.774	0.5	2513774	catch	32671	n/a	catch_padded.jpg	photodiode	0
2514.086	0.0	2514086	response	7	n/a	n/a	trigger	0
2515.676	0.5	2515676	trained	32760	7	memtrain/o_091_2.jpg	photodiode	1
2516.426	0.5	2516426	trained	32740	27	memtrain/o_379_2.jpg	photodiode	1
2517.327	0.5	2517327	untrained	32707	60	memtrain/o_228_2.jpg	photodiode	1
2518.128	0.5	2518128	trained	32727	40	memtrain/o_648_2.jpg	photodiode	1
2518.979	0.5	2518979	catch	32671	n/a	catch_padded.jpg	photodiode	0
2519.303	0.0	2519303	response	7	n/a	n/a	trigger	0
2521.03	0.5	2521030	trained	32762	5	memtrain/o_067_1.jpg	photodiode	1
2521.831	0.5	2521831	untrained	32710	57	memtrain/o_171_1.jpg	photodiode	1
2522.682	0.5	2522682	trained	32763	4	memtrain/o_042_1.jpg	photodiode	1
2523.532	0.5	2523532	trained	32767	0	memtrain/o_006_1.jpg	photodiode	1
2524.333	0.5	2524333	catch	32671	n/a	catch_padded.jpg	photodiode	0
2524.664	0.0	2524664	response	7	n/a	n/a	trigger	0
2526.335	0.5	2526335	trained	32754	13	memtrain/o_136_1.jpg	photodiode	1
2527.186	0.5	2527186	untrained	32694	73	memtrain/o_519_2.jpg	photodiode	1
2528.136	0.5	2528136	trained	32751	16	memtrain/o_199_2.jpg	photodiode	1
2528.937	0.5	2528937	trained	32747	20	memtrain/o_290_1.jpg	photodiode	1
2529.688	0.5	2529688	trained	32744	23	memtrain/o_338_2.jpg	photodiode	1
2530.63	0.5	2530630	catch	32671	n/a	catch_padded.jpg	photodiode	0
2531.009	0.0	2531009	response	7	n/a	n/a	trigger	0
2532.74	0.5	2532740	untrained	32687	80	memtrain/o_613_1.jpg	photodiode	1
2533.583	0.5	2533583	untrained	32674	93	memtrain/so_035_1.jpg	photodiode	1
2534.334	0.5	2534334	untrained	32704	63	memtrain/o_310_2.jpg	photodiode	1
2535.184	0.5	2535184	trained	32739	28	memtrain/o_397_1.jpg	photodiode	1
2536.135	0.5	2536135	catch	32671	n/a	catch_padded.jpg	photodiode	0
2536.475	0.0	2536475	response	7	n/a	n/a	trigger	0
2538.137	0.5	2538137	untrained	32692	75	memtrain/o_564_1.jpg	photodiode	1
2539.038	0.5	2539038	trained	32738	29	memtrain/o_416_1.jpg	photodiode	1
2539.788	0.5	2539788	trained	32720	47	memtrain/so_147_2.jpg	photodiode	1
2540.739	0.5	2540739	catch	32671	n/a	catch_padded.jpg	photodiode	0
2541.421	0.0	2541421	response	7	n/a	n/a	trigger	0
2542.741	0.5	2542741	untrained	32673	94	memtrain/so_067_1.jpg	photodiode	1
2543.591	0.5	2543591	untrained	32706	61	memtrain/o_298_2.jpg	photodiode	1
2544.392	0.5	2544392	trained	32761	6	memtrain/o_076_1.jpg	photodiode	1
2545.343	0.5	2545343	untrained	32711	56	memtrain/o_163_2.jpg	photodiode	1
2546.094	0.5	2546094	untrained	32682	85	memtrain/o_218_1.jpg	photodiode	1
2546.844	0.5	2546844	catch	32671	n/a	catch_padded.jpg	photodiode	0
2547.263	0.0	2547263	response	7	n/a	n/a	trigger	0
2548.796	0.5	2548796	untrained	32699	68	memtrain/o_393_1.jpg	photodiode	1
2549.647	0.5	2549647	untrained	32684	83	memtrain/so_105_1.jpg	photodiode	1
2550.447	0.5	2550447	untrained	32717	50	memtrain/o_057_2.jpg	photodiode	1
2551.398	0.5	2551398	untrained	32685	82	memtrain/o_656_1.jpg	photodiode	1
2552.199	0.5	2552199	catch	32671	n/a	catch_padded.jpg	photodiode	0
2552.574	0.0	2552574	response	7	n/a	n/a	trigger	0
2554.1	0.5	2554100	untrained	32700	67	memtrain/o_378_1.jpg	photodiode	1
2555.001	0.5	2555001	untrained	32690	77	memtrain/o_574_2.jpg	photodiode	1
2555.752	0.5	2555752	trained	32735	32	memtrain/o_485_2.jpg	photodiode	1
2556.702	0.5	2556702	trained	32726	41	memtrain/o_663_2.jpg	photodiode	1
2557.503	0.5	2557503	trained	32756	11	memtrain/o_117_2.jpg	photodiode	1
2558.304	0.5	2558304	catch	32671	n/a	catch_padded.jpg	photodiode	0
2558.669	0.0	2558669	response	7	n/a	n/a	trigger	0
2560.347	0.5	2560347	trained	32752	15	memtrain/o_195_1.jpg	photodiode	1
2561.098	0.5	2561098	untrained	32691	76	memtrain/o_570_1.jpg	photodiode	1
2561.848	0.5	2561848	trained	32742	25	memtrain/o_358_2.jpg	photodiode	1
2562.749	0.5	2562749	untrained	32696	71	memtrain/o_483_1.jpg	photodiode	1
2563.5	0.5	2563500	untrained	32698	69	memtrain/o_464_2.jpg	photodiode	1
2564.35	0.5	2564350	catch	32671	n/a	catch_padded.jpg	photodiode	0
2564.782	0.0	2564782	response	7	n/a	n/a	trigger	0
2566.302	0.5	2566302	untrained	32716	51	memtrain/o_103_2.jpg	photodiode	1
2567.253	0.5	2567253	trained	32750	17	memtrain/o_232_1.jpg	photodiode	1
2568.003	0.5	2568003	trained	32730	37	memtrain/o_597_1.jpg	photodiode	1
2568.954	0.5	2568954	catch	32671	n/a	catch_padded.jpg	photodiode	0
2569.375	0.0	2569375	response	7	n/a	n/a	trigger	0
2571.006	0.5	2571006	untrained	32680	87	memtrain/o_365_1.jpg	photodiode	1
2571.907	0.5	2571907	untrained	32703	64	memtrain/o_334_2.jpg	photodiode	1
2572.858	0.5	2572858	untrained	32683	84	memtrain/so_117_2.jpg	photodiode	1
2573.758	0.5	2573758	trained	32731	36	memtrain/o_583_1.jpg	photodiode	1
2574.609	0.5	2574609	catch	32671	n/a	catch_padded.jpg	photodiode	0
2575.021	0.0	2575021	response	7	n/a	n/a	trigger	0
2576.611	0.5	2576611	trained	32733	34	memtrain/o_558_2.jpg	photodiode	1
2577.562	0.5	2577562	trained	32732	35	memtrain/o_561_2.jpg	photodiode	1
2578.362	0.5	2578362	untrained	32712	55	memtrain/o_153_2.jpg	photodiode	1
2579.263	0.5	2579263	trained	32759	8	memtrain/o_094_1.jpg	photodiode	1
2580.014	0.5	2580014	catch	32671	n/a	catch_padded.jpg	photodiode	0
2580.294	0.0	2580294	response	7	n/a	n/a	trigger	0
2581.965	0.5	2581965	trained	32757	10	memtrain/o_111_2.jpg	photodiode	1
2582.916	0.5	2582916	trained	32749	18	memtrain/o_264_2.jpg	photodiode	1
2583.717	0.5	2583717	untrained	32689	78	memtrain/o_599_1.jpg	photodiode	1
2584.467	0.5	2584467	untrained	32681	86	memtrain/o_288_1.jpg	photodiode	1
2585.318	0.5	2585318	untrained	32714	53	memtrain/o_142_2.jpg	photodiode	1
2586.269	0.5	2586269	catch	32671	n/a	catch_padded.jpg	photodiode	0
2586.593	0.0	2586593	response	7	n/a	n/a	trigger	0
2588.321	0.5	2588321	trained	32728	39	memtrain/o_606_1.jpg	photodiode	1
2589.113	0.5	2589113	trained	32725	42	memtrain/so_034_2.jpg	photodiode	1
2590.014	0.5	2590014	trained	32736	31	memtrain/o_465_2.jpg	photodiode	1
2590.815	0.5	2590815	catch	32671	n/a	catch_padded.jpg	photodiode	0
2591.124	0.0	2591124	response	7	n/a	n/a	trigger	0
2592.925	0.5	2592925	untrained	32708	59	memtrain/o_201_2.jpg	photodiode	1
2593.667	0.5	2593667	trained	32750	17	memtrain/o_232_1.jpg	photodiode	1
2594.618	0.5	2594618	untrained	32694	73	memtrain/o_519_2.jpg	photodiode	1
2595.519	0.5	2595519	catch	32671	n/a	catch_padded.jpg	photodiode	0
2595.885	0.0	2595885	response	7	n/a	n/a	trigger	0
2597.47	0.5	2597470	trained	32752	15	memtrain/o_195_1.jpg	photodiode	1
2598.321	0.5	2598321	trained	32722	45	memtrain/so_090_2.jpg	photodiode	1
2599.172	0.5	2599172	trained	32721	46	memtrain/so_113_1.jpg	photodiode	1
2600.073	0.5	2600073	trained	32762	5	memtrain/o_067_1.jpg	photodiode	1
2600.823	0.5	2600823	trained	32725	42	memtrain/so_034_2.jpg	photodiode	1
2601.774	0.5	2601774	catch	32671	n/a	catch_padded.jpg	photodiode	0
2602.135	0.0	2602135	response	7	n/a	n/a	trigger	0
2603.776	0.5	2603776	untrained	32697	70	memtrain/o_471_2.jpg	photodiode	1
2604.526	0.5	2604526	trained	32738	29	memtrain/o_416_1.jpg	photodiode	1
2605.377	0.5	2605377	untrained	32705	62	memtrain/o_304_1.jpg	photodiode	1
2606.178	0.5	2606178	catch	32671	n/a	catch_padded.jpg	photodiode	0
2606.587	0.0	2606587	response	7	n/a	n/a	trigger	0
2608.079	0.5	2608079	trained	32723	44	memtrain/so_045_1.jpg	photodiode	1
2608.83	0.5	2608830	trained	32754	13	memtrain/o_136_1.jpg	photodiode	1
2609.781	0.5	2609781	trained	32737	30	memtrain/o_437_2.jpg	photodiode	1
2610.682	0.5	2610682	trained	32753	14	memtrain/o_174_1.jpg	photodiode	1
2611.632	0.5	2611632	trained	32748	19	memtrain/o_284_2.jpg	photodiode	1
2612.583	0.5	2612583	catch	32671	n/a	catch_padded.jpg	photodiode	0
2612.899	0.0	2612899	response	7	n/a	n/a	trigger	0
2614.685	0.5	2614685	untrained	32688	79	memtrain/o_600_1.jpg	photodiode	1
2615.436	0.5	2615436	untrained	32699	68	memtrain/o_393_1.jpg	photodiode	1
2616.386	0.5	2616386	untrained	32683	84	memtrain/so_117_2.jpg	photodiode	1
2617.187	0.5	2617187	trained	32727	40	memtrain/o_648_2.jpg	photodiode	1
2618.079	0.5	2618079	catch	32671	n/a	catch_padded.jpg	photodiode	0
2618.43	0.0	2618430	response	7	n/a	n/a	trigger	0
2620.131	0.5	2620131	untrained	32691	76	memtrain/o_570_1.jpg	photodiode	1
2621.09	0.5	2621090	trained	32734	33	memtrain/o_536_1.jpg	photodiode	1
2621.832	0.5	2621832	trained	32757	10	memtrain/o_111_2.jpg	photodiode	1
2622.633	0.5	2622633	catch	32671	n/a	catch_padded.jpg	photodiode	0
2622.897	0.0	2622897	response	7	n/a	n/a	trigger	0
2624.685	0.5	2624685	untrained	32679	88	memtrain/o_458_1.jpg	photodiode	1
2625.486	0.5	2625486	untrained	32714	53	memtrain/o_142_2.jpg	photodiode	1
2626.236	0.5	2626236	untrained	32711	56	memtrain/o_163_2.jpg	photodiode	1
2627.137	0.5	2627137	untrained	32682	85	memtrain/o_218_1.jpg	photodiode	1
2628.088	0.5	2628088	catch	32671	n/a	catch_padded.jpg	photodiode	0
2628.345	0.0	2628345	response	7	n/a	n/a	trigger	0
2629.989	0.5	2629989	untrained	32672	95	memtrain/so_125_1.jpg	photodiode	1
2630.94	0.5	2630940	trained	32726	41	memtrain/o_663_2.jpg	photodiode	1
2631.741	0.5	2631741	trained	32728	39	memtrain/o_606_1.jpg	photodiode	1
2632.692	0.5	2632692	untrained	32681	86	memtrain/o_288_1.jpg	photodiode	1
2633.542	0.5	2633542	catch	32671	n/a	catch_padded.jpg	photodiode	0
2633.858	0.0	2633858	response	7	n/a	n/a	trigger	0
2635.494	0.5	2635494	trained	32724	43	memtrain/so_043_2.jpg	photodiode	1
2636.345	0.5	2636345	untrained	32715	52	memtrain/o_141_1.jpg	photodiode	1
2637.145	0.5	2637145	trained	32739	28	memtrain/o_397_1.jpg	photodiode	1
2638.046	0.5	2638046	catch	32671	n/a	catch_padded.jpg	photodiode	0
2638.549	0.0	2638549	response	7	n/a	n/a	trigger	0
2640.048	0.5	2640048	untrained	32702	65	memtrain/o_337_2.jpg	photodiode	1
2640.849	0.5	2640849	trained	32763	4	memtrain/o_042_1.jpg	photodiode	1
2641.699	0.5	2641699	trained	32749	18	memtrain/o_264_2.jpg	photodiode	1
2642.65	0.5	2642650	catch	32671	n/a	catch_padded.jpg	photodiode	0
2642.997	0.0	2642997	response	7	n/a	n/a	trigger	0
2644.752	0.5	2644752	untrained	32710	57	memtrain/o_171_1.jpg	photodiode	1
2645.503	0.5	2645503	untrained	32692	75	memtrain/o_564_1.jpg	photodiode	1
2646.253	0.5	2646253	untrained	32680	87	memtrain/o_365_1.jpg	photodiode	1
2647.046	0.5	2647046	trained	32758	9	memtrain/o_101_2.jpg	photodiode	1
2647.854	0.5	2647854	catch	32671	n/a	catch_padded.jpg	photodiode	0
2648.171	0.0	2648171	response	7	n/a	n/a	trigger	0
2649.756	0.5	2649756	trained	32740	27	memtrain/o_379_2.jpg	photodiode	1
2650.499	0.5	2650499	untrained	32712	55	memtrain/o_153_2.jpg	photodiode	1
2651.349	0.5	2651349	untrained	32674	93	memtrain/so_035_1.jpg	photodiode	1
2652.1	0.5	2652100	untrained	32695	72	memtrain/o_490_1.jpg	photodiode	1
2653.001	0.5	2653001	catch	32671	n/a	catch_padded.jpg	photodiode	0
2653.308	0.0	2653308	response	7	n/a	n/a	trigger	0
2655.002	0.5	2655002	untrained	32678	89	memtrain/o_469_1.jpg	photodiode	1
2655.853	0.5	2655853	trained	32730	37	memtrain/o_597_1.jpg	photodiode	1
2656.754	0.5	2656754	untrained	32719	48	memtrain/o_019_2.jpg	photodiode	1
2657.605	0.5	2657605	catch	32671	n/a	catch_padded.jpg	photodiode	0
2657.991	0.0	2657991	response	7	n/a	n/a	trigger	0
2659.556	0.5	2659556	untrained	32707	60	memtrain/o_228_2.jpg	photodiode	1
2660.307	0.5	2660307	trained	32742	25	memtrain/o_358_2.jpg	photodiode	1
2661.158	0.5	2661158	untrained	32676	91	memtrain/o_605_1.jpg	photodiode	1
2661.908	0.5	2661908	trained	32760	7	memtrain/o_091_2.jpg	photodiode	1
2662.709	0.5	2662709	untrained	32689	78	memtrain/o_599_1.jpg	photodiode	1
2663.46	0.5	2663460	catch	32671	n/a	catch_padded.jpg	photodiode	0
2663.903	0.0	2663903	response	7	n/a	n/a	trigger	0
2665.511	0.5	2665511	untrained	32673	94	memtrain/so_067_1.jpg	photodiode	1
2666.412	0.5	2666412	trained	32765	2	memtrain/o_035_1.jpg	photodiode	1
2667.263	0.5	2667263	untrained	32686	81	memtrain/o_655_2.jpg	photodiode	1
2668.114	0.5	2668114	catch	32671	n/a	catch_padded.jpg	photodiode	0
2668.571	0.0	2668571	response	7	n/a	n/a	trigger	0
2670.065	0.5	2670065	untrained	32718	49	memtrain/o_054_2.jpg	photodiode	1
2670.916	0.5	2670916	trained	32735	32	memtrain/o_485_2.jpg	photodiode	1
2671.717	0.5	2671717	trained	32720	47	memtrain/so_147_2.jpg	photodiode	1
2672.617	0.5	2672617	trained	32759	8	memtrain/o_094_1.jpg	photodiode	1
2673.418	0.5	2673418	catch	32671	n/a	catch_padded.jpg	photodiode	0
2673.728	0.0	2673728	response	7	n/a	n/a	trigger	0
2675.37	0.5	2675370	untrained	32700	67	memtrain/o_378_1.jpg	photodiode	1
2676.22	0.5	2676220	trained	32741	26	memtrain/o_376_1.jpg	photodiode	1
2677.163	0.5	2677163	untrained	32717	50	memtrain/o_057_2.jpg	photodiode	1
2677.963	0.5	2677963	catch	32671	n/a	catch_padded.jpg	photodiode	0
2678.27	0.0	2678270	response	7	n/a	n/a	trigger	0
2680.024	0.5	2680024	trained	32733	34	memtrain/o_558_2.jpg	photodiode	1
2680.866	0.5	2680866	untrained	32698	69	memtrain/o_464_2.jpg	photodiode	1
2681.717	0.5	2681717	trained	32747	20	memtrain/o_290_1.jpg	photodiode	1
2682.567	0.5	2682567	catch	32671	n/a	catch_padded.jpg	photodiode	0
2682.923	0.0	2682923	response	7	n/a	n/a	trigger	0
2684.469	0.5	2684469	trained	32764	3	memtrain/o_040_2.jpg	photodiode	1
2685.219	0.5	2685219	trained	32761	6	memtrain/o_076_1.jpg	photodiode	1
2685.97	0.5	2685970	trained	32756	11	memtrain/o_117_2.jpg	photodiode	1
2686.821	0.5	2686821	catch	32671	n/a	catch_padded.jpg	photodiode	0
2687.09	0.0	2687090	response	7	n/a	n/a	trigger	0
2688.923	0.5	2688923	untrained	32687	80	memtrain/o_613_1.jpg	photodiode	1
2689.673	0.5	2689673	trained	32746	21	memtrain/o_319_1.jpg	photodiode	1
2690.574	0.5	2690574	trained	32767	0	memtrain/o_006_1.jpg	photodiode	1
2691.475	0.5	2691475	trained	32743	24	memtrain/o_357_1.jpg	photodiode	1
2692.426	0.5	2692426	trained	32744	23	memtrain/o_338_2.jpg	photodiode	1
2693.176	0.5	2693176	catch	32671	n/a	catch_padded.jpg	photodiode	0
2693.484	0.0	2693484	response	7	n/a	n/a	trigger	0
2695.128	0.5	2695128	trained	32755	12	memtrain/o_127_2.jpg	photodiode	1
2696.029	0.5	2696029	untrained	32716	51	memtrain/o_103_2.jpg	photodiode	1
2696.829	0.5	2696829	trained	32729	38	memtrain/o_603_1.jpg	photodiode	1
2697.68	0.5	2697680	catch	32671	n/a	catch_padded.jpg	photodiode	0
2697.982	0.0	2697982	response	7	n/a	n/a	trigger	0
2699.632	0.5	2699632	untrained	32704	63	memtrain/o_310_2.jpg	photodiode	1
2700.532	0.5	2700532	untrained	32690	77	memtrain/o_574_2.jpg	photodiode	1
2701.383	0.5	2701383	trained	32731	36	memtrain/o_583_1.jpg	photodiode	1
2702.134	0.5	2702134	untrained	32685	82	memtrain/o_656_1.jpg	photodiode	1
2702.884	0.5	2702884	untrained	32693	74	memtrain/o_550_1.jpg	photodiode	1
2703.685	0.5	2703685	catch	32671	n/a	catch_padded.jpg	photodiode	0
2704.121	0.0	2704121	response	7	n/a	n/a	trigger	0
2705.737	0.5	2705737	untrained	32684	83	memtrain/so_105_1.jpg	photodiode	1
2706.638	0.5	2706638	untrained	32709	58	memtrain/o_192_1.jpg	photodiode	1
2707.43	0.5	2707430	trained	32732	35	memtrain/o_561_2.jpg	photodiode	1
2708.331	0.5	2708331	catch	32671	n/a	catch_padded.jpg	photodiode	0
2708.66	0.0	2708660	response	7	n/a	n/a	trigger	0
2710.383	0.5	2710383	untrained	32703	64	memtrain/o_334_2.jpg	photodiode	1
2711.133	0.5	2711133	untrained	32713	54	memtrain/o_145_1.jpg	photodiode	1
2712.084	0.5	2712084	trained	32766	1	memtrain/o_015_1.jpg	photodiode	1
2712.835	0.5	2712835	trained	32751	16	memtrain/o_199_2.jpg	photodiode	1
2713.686	0.5	2713686	untrained	32675	92	memtrain/so_033_1.jpg	photodiode	1
2714.486	0.5	2714486	catch	32671	n/a	catch_padded.jpg	photodiode	0
2714.73	0.0	2714730	response	7	n/a	n/a	trigger	0
2716.538	0.5	2716538	untrained	32677	90	memtrain/o_580_1.jpg	photodiode	1
2717.489	0.5	2717489	trained	32745	22	memtrain/o_321_1.jpg	photodiode	1
2718.44	0.5	2718440	untrained	32701	66	memtrain/o_342_2.jpg	photodiode	1
2719.39	0.5	2719390	untrained	32696	71	memtrain/o_483_1.jpg	photodiode	1
2720.141	0.5	2720141	untrained	32706	61	memtrain/o_298_2.jpg	photodiode	1
2721.092	0.5	2721092	catch	32671	n/a	catch_padded.jpg	photodiode	0
2721.418	0.0	2721418	response	7	n/a	n/a	trigger	0
2723.566	0.0	2723566	block_end	120	n/a	n/a	trigger	0
2753.528	0.0	2753528	response	7	n/a	n/a	trigger	0
2753.532	0.0	2753532	block_onset	111	n/a	n/a	trigger	0
2755.579	0.5	2755579	trained	32732	35	memtrain/o_561_2.jpg	photodiode	1
2756.438	0.5	2756438	trained	32762	5	memtrain/o_067_1.jpg	photodiode	1
2757.289	0.5	2757289	untrained	32686	81	memtrain/o_655_2.jpg	photodiode	1
2758.031	0.5	2758031	untrained	32714	53	memtrain/o_142_2.jpg	photodiode	1
2758.932	0.5	2758932	catch	32671	n/a	catch_padded.jpg	photodiode	0
2759.252	0.0	2759252	response	7	n/a	n/a	trigger	0
2760.934	0.5	2760934	trained	32747	20	memtrain/o_290_1.jpg	photodiode	1
2761.684	0.5	2761684	trained	32748	19	memtrain/o_284_2.jpg	photodiode	1
2762.635	0.5	2762635	untrained	32694	73	memtrain/o_519_2.jpg	photodiode	1
2763.536	0.5	2763536	trained	32731	36	memtrain/o_583_1.jpg	photodiode	1
2764.437	0.5	2764437	untrained	32690	77	memtrain/o_574_2.jpg	photodiode	1
2765.187	0.5	2765187	catch	32671	n/a	catch_padded.jpg	photodiode	0
2765.536	0.0	2765536	response	7	n/a	n/a	trigger	0
2767.139	0.5	2767139	trained	32725	42	memtrain/so_034_2.jpg	photodiode	1
2768.04	0.5	2768040	trained	32721	46	memtrain/so_113_1.jpg	photodiode	1
2768.84	0.5	2768840	trained	32763	4	memtrain/o_042_1.jpg	photodiode	1
2769.641	0.5	2769641	untrained	32692	75	memtrain/o_564_1.jpg	photodiode	1
2770.592	0.5	2770592	catch	32671	n/a	catch_padded.jpg	photodiode	0
2770.913	0.0	2770913	response	7	n/a	n/a	trigger	0
2772.544	0.5	2772544	untrained	32706	61	memtrain/o_298_2.jpg	photodiode	1
2773.344	0.5	2773344	trained	32746	21	memtrain/o_319_1.jpg	photodiode	1
2774.245	0.5	2774245	trained	32752	15	memtrain/o_195_1.jpg	photodiode	1
2775.146	0.5	2775146	trained	32737	30	memtrain/o_437_2.jpg	photodiode	1
2776.046	0.5	2776046	untrained	32680	87	memtrain/o_365_1.jpg	photodiode	1
2776.797	0.5	2776797	catch	32671	n/a	catch_padded.jpg	photodiode	0
2777.143	0.0	2777143	response	7	n/a	n/a	trigger	0
2778.899	0.5	2778899	untrained	32682	85	memtrain/o_218_1.jpg	photodiode	1
2779.8	0.5	2779800	trained	32756	11	memtrain/o_117_2.jpg	photodiode	1
2780.7	0.5	2780700	untrained	32679	88	memtrain/o_458_1.jpg	photodiode	1
2781.451	0.5	2781451	untrained	32698	69	memtrain/o_464_2.jpg	photodiode	1
2782.352	0.5	2782352	untrained	32704	63	memtrain/o_310_2.jpg	photodiode	1
2783.153	0.5	2783153	catch	32671	n/a	catch_padded.jpg	photodiode	0
2783.496	0.0	2783496	response	7	n/a	n/a	trigger	0
2785.204	0.5	2785204	untrained	32674	93	memtrain/so_035_1.jpg	photodiode	1
2786.147	0.5	2786147	trained	32738	29	memtrain/o_416_1.jpg	photodiode	1
2787.048	0.5	2787048	trained	32761	6	memtrain/o_076_1.jpg	photodiode	1
2787.798	0.5	2787798	trained	32742	25	memtrain/o_358_2.jpg	photodiode	1
2788.649	0.5	2788649	trained	32733	34	memtrain/o_558_2.jpg	photodiode	1
2789.608	0.5	2789608	catch	32671	n/a	catch_padded.jpg	photodiode	0
2790.038	0.0	2790038	response	7	n/a	n/a	trigger	0
2791.702	0.5	2791702	untrained	32675	92	memtrain/so_033_1.jpg	photodiode	1
2792.602	0.5	2792602	trained	32765	2	memtrain/o_035_1.jpg	photodiode	1
2793.403	0.5	2793403	trained	32745	22	memtrain/o_321_1.jpg	photodiode	1
2794.304	0.5	2794304	trained	32740	27	memtrain/o_379_2.jpg	photodiode	1
2795.255	0.5	2795255	catch	32671	n/a	catch_padded.jpg	photodiode	0
2795.661	0.0	2795661	response	7	n/a	n/a	trigger	0
2797.356	0.5	2797356	untrained	32717	50	memtrain/o_057_2.jpg	photodiode	1
2798.307	0.5	2798307	trained	32735	32	memtrain/o_485_2.jpg	photodiode	1
2799.258	0.5	2799258	trained	32730	37	memtrain/o_597_1.jpg	photodiode	1
2800.059	0.5	2800059	catch	32671	n/a	catch_padded.jpg	photodiode	0
2800.4	0.0	2800400	response	7	n/a	n/a	trigger	0
2801.96	0.5	2801960	untrained	32695	72	memtrain/o_490_1.jpg	photodiode	1
2802.811	0.5	2802811	trained	32722	45	memtrain/so_090_2.jpg	photodiode	1
2803.612	0.5	2803612	untrained	32693	74	memtrain/o_550_1.jpg	photodiode	1
2804.462	0.5	2804462	catch	32671	n/a	catch_padded.jpg	photodiode	0
2804.867	0.0	2804867	response	7	n/a	n/a	trigger	0
2806.464	0.5	2806464	untrained	32687	80	memtrain/o_613_1.jpg	photodiode	1
2807.265	0.5	2807265	untrained	32702	65	memtrain/o_337_2.jpg	photodiode	1
2808.116	0.5	2808116	trained	32726	41	memtrain/o_663_2.jpg	photodiode	1
2808.966	0.5	2808966	trained	32759	8	memtrain/o_094_1.jpg	photodiode	1
2809.767	0.5	2809767	catch	32671	n/a	catch_padded.jpg	photodiode	0
2810.084	0.0	2810084	response	7	n/a	n/a	trigger	0
2811.669	0.5	2811669	trained	32760	7	memtrain/o_091_2.jpg	photodiode	1
2812.469	0.5	2812469	untrained	32705	62	memtrain/o_304_1.jpg	photodiode	1
2813.37	0.5	2813370	trained	32755	12	memtrain/o_127_2.jpg	photodiode	1
2814.271	0.5	2814271	catch	32671	n/a	catch_padded.jpg	photodiode	0
2814.666	0.0	2814666	response	7	n/a	n/a	trigger	0
2816.314	0.5	2816314	untrained	32700	67	memtrain/o_378_1.jpg	photodiode	1
2817.123	0.5	2817123	trained	32757	10	memtrain/o_111_2.jpg	photodiode	1
2818.074	0.5	2818074	trained	32751	16	memtrain/o_199_2.jpg	photodiode	1
2818.916	0.5	2818916	trained	32749	18	memtrain/o_264_2.jpg	photodiode	1
2819.775	0.5	2819775	catch	32671	n/a	catch_padded.jpg	photodiode	0
2820.097	0.0	2820097	response	7	n/a	n/a	trigger	0
2821.668	0.5	2821668	untrained	32712	55	memtrain/o_153_2.jpg	photodiode	1
2822.569	0.5	2822569	untrained	32676	91	memtrain/o_605_1.jpg	photodiode	1
2823.42	0.5	2823420	trained	32767	0	memtrain/o_006_1.jpg	photodiode	1
2824.271	0.5	2824271	catch	32671	n/a	catch_padded.jpg	photodiode	0
2824.625	0.0	2824625	response	7	n/a	n/a	trigger	0
2826.172	0.5	2826172	untrained	32716	51	memtrain/o_103_2.jpg	photodiode	1
2826.973	0.5	2826973	trained	32758	9	memtrain/o_101_2.jpg	photodiode	1
2827.924	0.5	2827924	trained	32734	33	memtrain/o_536_1.jpg	photodiode	1
2828.724	0.5	2828724	untrained	32678	89	memtrain/o_469_1.jpg	photodiode	1
2829.475	0.5	2829475	untrained	32681	86	memtrain/o_288_1.jpg	photodiode	1
2830.376	0.5	2830376	catch	32671	n/a	catch_padded.jpg	photodiode	0
2830.74	0.0	2830740	response	7	n/a	n/a	trigger	0
2832.428	0.5	2832428	untrained	32683	84	memtrain/so_117_2.jpg	photodiode	1
2833.178	0.5	2833178	trained	32739	28	memtrain/o_397_1.jpg	photodiode	1
2833.929	0.5	2833929	untrained	32677	90	memtrain/o_580_1.jpg	photodiode	1
2834.68	0.5	2834680	catch	32671	n/a	catch_padded.jpg	photodiode	0
2835.029	0.0	2835029	response	7	n/a	n/a	trigger	0
2836.781	0.5	2836781	trained	32736	31	memtrain/o_465_2.jpg	photodiode	1
2837.632	0.5	2837632	untrained	32713	54	memtrain/o_145_1.jpg	photodiode	1
2838.433	0.5	2838433	trained	32750	17	memtrain/o_232_1.jpg	photodiode	1
2839.183	0.5	2839183	untrained	32672	95	memtrain/so_125_1.jpg	photodiode	1
2840.134	0.5	2840134	catch	32671	n/a	catch_padded.jpg	photodiode	0
2840.59	0.0	2840590	response	7	n/a	n/a	trigger	0
2842.186	0.5	2842186	untrained	32696	71	memtrain/o_483_1.jpg	photodiode	1
2843.137	0.5	2843137	untrained	32715	52	memtrain/o_141_1.jpg	photodiode	1
2843.887	0.5	2843887	trained	32754	13	memtrain/o_136_1.jpg	photodiode	1
2844.78	0.5	2844780	untrained	32688	79	memtrain/o_600_1.jpg	photodiode	1
2845.539	0.5	2845539	catch	32671	n/a	catch_padded.jpg	photodiode	0
2845.881	0.0	2845881	response	7	n/a	n/a	trigger	0
2847.54	0.5	2847540	untrained	32689	78	memtrain/o_599_1.jpg	photodiode	1
2848.491	0.5	2848491	untrained	32685	82	memtrain/o_656_1.jpg	photodiode	1
2849.434	0.5	2849434	untrained	32691	76	memtrain/o_570_1.jpg	photodiode	1
2850.285	0.5	2850285	trained	32723	44	memtrain/so_045_1.jpg	photodiode	1
2851.085	0.5	2851085	catch	32671	n/a	catch_padded.jpg	photodiode	0
2851.469	0.0	2851469	response	7	n/a	n/a	trigger	0
2852.987	0.5	2852987	trained	32727	40	memtrain/o_648_2.jpg	photodiode	1
2853.888	0.5	2853888	untrained	32684	83	memtrain/so_105_1.jpg	photodiode	1
2854.839	0.5	2854839	trained	32720	47	memtrain/so_147_2.jpg	photodiode	1
2855.639	0.5	2855639	untrained	32710	57	memtrain/o_171_1.jpg	photodiode	1
2856.49	0.5	2856490	untrained	32703	64	memtrain/o_334_2.jpg	photodiode	1
2857.241	0.5	2857241	catch	32671	n/a	catch_padded.jpg	photodiode	0
2857.58	0.0	2857580	response	7	n/a	n/a	trigger	0
2859.192	0.5	2859192	trained	32728	39	memtrain/o_606_1.jpg	photodiode	1
2860.093	0.5	2860093	trained	32743	24	memtrain/o_357_1.jpg	photodiode	1
2860.844	0.5	2860844	trained	32744	23	memtrain/o_338_2.jpg	photodiode	1
2861.694	0.5	2861694	catch	32671	n/a	catch_padded.jpg	photodiode	0
2862.067	0.0	2862067	response	7	n/a	n/a	trigger	0
2863.646	0.5	2863646	trained	32766	1	memtrain/o_015_1.jpg	photodiode	1
2864.597	0.5	2864597	untrained	32709	58	memtrain/o_192_1.jpg	photodiode	1
2865.548	0.5	2865548	untrained	32719	48	memtrain/o_019_2.jpg	photodiode	1
2866.298	0.5	2866298	untrained	32701	66	memtrain/o_342_2.jpg	photodiode	1
2867.049	0.5	2867049	catch	32671	n/a	catch_padded.jpg	photodiode	0
2867.424	0.0	2867424	response	7	n/a	n/a	trigger	0
2869.001	0.5	2869001	trained	32724	43	memtrain/so_043_2.jpg	photodiode	1
2869.801	0.5	2869801	untrained	32673	94	memtrain/so_067_1.jpg	photodiode	1
2870.602	0.5	2870602	trained	32753	14	memtrain/o_174_1.jpg	photodiode	1
2871.453	0.5	2871453	untrained	32707	60	memtrain/o_228_2.jpg	photodiode	1
2872.353	0.5	2872353	catch	32671	n/a	catch_padded.jpg	photodiode	0
2872.662	0.0	2872662	response	7	n/a	n/a	trigger	0
2874.255	0.5	2874255	trained	32741	26	memtrain/o_376_1.jpg	photodiode	1
2875.056	0.5	2875056	trained	32729	38	memtrain/o_603_1.jpg	photodiode	1
2875.856	0.5	2875856	untrained	32697	70	memtrain/o_471_2.jpg	photodiode	1
2876.648	0.5	2876648	catch	32671	n/a	catch_padded.jpg	photodiode	0
2876.959	0.0	2876959	response	7	n/a	n/a	trigger	0
2878.559	0.5	2878559	untrained	32711	56	memtrain/o_163_2.jpg	photodiode	1
2879.501	0.5	2879501	untrained	32699	68	memtrain/o_393_1.jpg	photodiode	1
2880.452	0.5	2880452	untrained	32708	59	memtrain/o_201_2.jpg	photodiode	1
2881.352	0.5	2881352	trained	32764	3	memtrain/o_040_2.jpg	photodiode	1
2882.203	0.5	2882203	catch	32671	n/a	catch_padded.jpg	photodiode	0
2882.532	0.0	2882532	response	7	n/a	n/a	trigger	0
2884.105	0.5	2884105	untrained	32718	49	memtrain/o_054_2.jpg	photodiode	1
2884.855	0.5	2884855	untrained	32674	93	memtrain/so_035_1.jpg	photodiode	1
2885.606	0.5	2885606	untrained	32695	72	memtrain/o_490_1.jpg	photodiode	1
2886.407	0.5	2886407	catch	32671	n/a	catch_padded.jpg	photodiode	0
2886.731	0.0	2886731	response	7	n/a	n/a	trigger	0
2888.458	0.5	2888458	trained	32728	39	memtrain/o_606_1.jpg	photodiode	1
2889.309	0.5	2889309	untrained	32689	78	memtrain/o_599_1.jpg	photodiode	1
2890.21	0.5	2890210	trained	32756	11	memtrain/o_117_2.jpg	photodiode	1
2891.161	0.5	2891161	catch	32671	n/a	catch_padded.jpg	photodiode	0
2891.558	0.0	2891558	response	7	n/a	n/a	trigger	0
2893.212	0.5	2893212	trained	32731	36	memtrain/o_583_1.jpg	photodiode	1
2894.013	0.5	2894013	untrained	32713	54	memtrain/o_145_1.jpg	photodiode	1
2894.764	0.5	2894764	untrained	32682	85	memtrain/o_218_1.jpg	photodiode	1
2895.564	0.5	2895564	untrained	32677	90	memtrain/o_580_1.jpg	photodiode	1
2896.465	0.5	2896465	catch	32671	n/a	catch_padded.jpg	photodiode	0
2896.767	0.0	2896767	response	7	n/a	n/a	trigger	0
2898.367	0.5	2898367	untrained	32707	60	memtrain/o_228_2.jpg	photodiode	1
2899.117	0.5	2899117	untrained	32701	66	memtrain/o_342_2.jpg	photodiode	1
2900.018	0.5	2900018	untrained	32679	88	memtrain/o_458_1.jpg	photodiode	1
2900.769	0.5	2900769	catch	32671	n/a	catch_padded.jpg	photodiode	0
2901.23	0.0	2901230	response	7	n/a	n/a	trigger	0
2902.771	0.5	2902771	trained	32765	2	memtrain/o_035_1.jpg	photodiode	1
2903.621	0.5	2903621	trained	32726	41	memtrain/o_663_2.jpg	photodiode	1
2904.572	0.5	2904572	untrained	32673	94	memtrain/so_067_1.jpg	photodiode	1
2905.323	0.5	2905323	untrained	32678	89	memtrain/o_469_1.jpg	photodiode	1
2906.165	0.5	2906165	trained	32737	30	memtrain/o_437_2.jpg	photodiode	1
2907.116	0.5	2907116	catch	32671	n/a	catch_padded.jpg	photodiode	0
2907.51	0.0	2907510	response	7	n/a	n/a	trigger	0
2909.118	0.5	2909118	trained	32732	35	memtrain/o_561_2.jpg	photodiode	1
2909.869	0.5	2909869	trained	32729	38	memtrain/o_603_1.jpg	photodiode	1
2910.719	0.5	2910719	trained	32760	7	memtrain/o_091_2.jpg	photodiode	1
2911.62	0.5	2911620	trained	32740	27	memtrain/o_379_2.jpg	photodiode	1
2912.471	0.5	2912471	untrained	32706	61	memtrain/o_298_2.jpg	photodiode	1
2913.271	0.5	2913271	catch	32671	n/a	catch_padded.jpg	photodiode	0
2913.617	0.0	2913617	response	7	n/a	n/a	trigger	0
2915.273	0.5	2915273	untrained	32683	84	memtrain/so_117_2.jpg	photodiode	1
2916.174	0.5	2916174	untrained	32672	95	memtrain/so_125_1.jpg	photodiode	1
2916.975	0.5	2916975	untrained	32693	74	memtrain/o_550_1.jpg	photodiode	1
2917.775	0.5	2917775	trained	32738	29	memtrain/o_416_1.jpg	photodiode	1
2918.726	0.5	2918726	untrained	32698	69	memtrain/o_464_2.jpg	photodiode	1
2919.677	0.5	2919677	catch	32671	n/a	catch_padded.jpg	photodiode	0
2920.054	0.0	2920054	response	7	n/a	n/a	trigger	0
2921.679	0.5	2921679	trained	32721	46	memtrain/so_113_1.jpg	photodiode	1
2922.579	0.5	2922579	trained	32763	4	memtrain/o_042_1.jpg	photodiode	1
2923.53	0.5	2923530	untrained	32704	63	memtrain/o_310_2.jpg	photodiode	1
2924.281	0.5	2924281	catch	32671	n/a	catch_padded.jpg	photodiode	0
2924.655	0.0	2924655	response	7	n/a	n/a	trigger	0
2926.182	0.5	2926182	trained	32747	20	memtrain/o_290_1.jpg	photodiode	1
2927.133	0.5	2927133	trained	32766	1	memtrain/o_015_1.jpg	photodiode	1
2928.034	0.5	2928034	trained	32720	47	memtrain/so_147_2.jpg	photodiode	1
2928.835	0.5	2928835	trained	32733	34	memtrain/o_558_2.jpg	photodiode	1
2929.685	0.5	2929685	catch	32671	n/a	catch_padded.jpg	photodiode	0
2931.637	0.5	2931637	untrained	32719	48	memtrain/o_019_2.jpg	photodiode	1
2932.538	0.5	2932538	untrained	32692	75	memtrain/o_564_1.jpg	photodiode	1
2933.489	0.5	2933489	untrained	32686	81	memtrain/o_655_2.jpg	photodiode	1
2934.389	0.5	2934389	trained	32767	0	memtrain/o_006_1.jpg	photodiode	1
2935.19	0.5	2935190	trained	32741	26	memtrain/o_376_1.jpg	photodiode	1
2936.082	0.5	2936082	catch	32671	n/a	catch_padded.jpg	photodiode	0
2936.557	0.0	2936557	response	7	n/a	n/a	trigger	0
2937.984	0.5	2937984	untrained	32708	59	memtrain/o_201_2.jpg	photodiode	1
2938.885	0.5	2938885	trained	32755	12	memtrain/o_127_2.jpg	photodiode	1
2939.694	0.5	2939694	untrained	32718	49	memtrain/o_054_2.jpg	photodiode	1
2940.636	0.5	2940636	trained	32743	24	memtrain/o_357_1.jpg	photodiode	1
2941.487	0.5	2941487	trained	32758	9	memtrain/o_101_2.jpg	photodiode	1
2942.237	0.5	2942237	catch	32671	n/a	catch_padded.jpg	photodiode	0
2942.548	0.0	2942548	response	7	n/a	n/a	trigger	0
2944.139	0.5	2944139	untrained	32680	87	memtrain/o_365_1.jpg	photodiode	1
2944.89	0.5	2944890	untrained	32702	65	memtrain/o_337_2.jpg	photodiode	1
2945.69	0.5	2945690	trained	32757	10	memtrain/o_111_2.jpg	photodiode	1
2946.641	0.5	2946641	catch	32671	n/a	catch_padded.jpg	photodiode	0
2947.013	0.0	2947013	response	7	n/a	n/a	trigger	0
2948.743	0.5	2948743	trained	32761	6	memtrain/o_076_1.jpg	photodiode	1
2949.594	0.5	2949594	trained	32736	31	memtrain/o_465_2.jpg	photodiode	1
2950.394	0.5	2950394	trained	32739	28	memtrain/o_397_1.jpg	photodiode	1
2951.195	0.5	2951195	catch	32671	n/a	catch_padded.jpg	photodiode	0
2951.544	0.0	2951544	response	7	n/a	n/a	trigger	0
2953.097	0.5	2953097	trained	32722	45	memtrain/so_090_2.jpg	photodiode	1
2953.997	0.5	2953997	untrained	32696	71	memtrain/o_483_1.jpg	photodiode	1
2954.798	0.5	2954798	trained	32730	37	memtrain/o_597_1.jpg	photodiode	1
2955.649	0.5	2955649	catch	32671	n/a	catch_padded.jpg	photodiode	0
2956.064	0.0	2956064	response	7	n/a	n/a	trigger	0
2957.751	0.5	2957751	trained	32764	3	memtrain/o_040_2.jpg	photodiode	1
2958.601	0.5	2958601	trained	32752	15	memtrain/o_195_1.jpg	photodiode	1
2959.402	0.5	2959402	trained	32745	22	memtrain/o_321_1.jpg	photodiode	1
2960.353	0.5	2960353	untrained	32705	62	memtrain/o_304_1.jpg	photodiode	1
2961.153	0.5	2961153	catch	32671	n/a	catch_padded.jpg	photodiode	0
2961.5	0.0	2961500	response	7	n/a	n/a	trigger	0
2963.155	0.5	2963155	untrained	32694	73	memtrain/o_519_2.jpg	photodiode	1
2963.906	0.5	2963906	trained	32724	43	memtrain/so_043_2.jpg	photodiode	1
2964.698	0.5	2964698	untrained	32675	92	memtrain/so_033_1.jpg	photodiode	1
2965.549	0.5	2965549	untrained	32717	50	memtrain/o_057_2.jpg	photodiode	1
2966.35	0.5	2966350	untrained	32684	83	memtrain/so_105_1.jpg	photodiode	1
2967.301	0.5	2967301	catch	32671	n/a	catch_padded.jpg	photodiode	0
2967.632	0.0	2967632	response	7	n/a	n/a	trigger	0
2969.402	0.5	2969402	untrained	32691	76	memtrain/o_570_1.jpg	photodiode	1
2970.203	0.5	2970203	untrained	32681	86	memtrain/o_288_1.jpg	photodiode	1
2971.104	0.5	2971104	untrained	32700	67	memtrain/o_378_1.jpg	photodiode	1
2971.954	0.5	2971954	trained	32751	16	memtrain/o_199_2.jpg	photodiode	1
2972.805	0.5	2972805	catch	32671	n/a	catch_padded.jpg	photodiode	0
2973.141	0.0	2973141	response	7	n/a	n/a	trigger	0
2974.857	0.5	2974857	untrained	32711	56	memtrain/o_163_2.jpg	photodiode	1
2975.808	0.5	2975808	trained	32750	17	memtrain/o_232_1.jpg	photodiode	1
2976.708	0.5	2976708	trained	32759	8	memtrain/o_094_1.jpg	photodiode	1
2977.559	0.5	2977559	trained	32748	19	memtrain/o_284_2.jpg	photodiode	1
2978.41	0.5	2978410	untrained	32699	68	memtrain/o_393_1.jpg	photodiode	1
2979.361	0.5	2979361	catch	32671	n/a	catch_padded.jpg	photodiode	0
2979.692	0.0	2979692	response	7	n/a	n/a	trigger	0
2981.463	0.5	2981463	trained	32727	40	memtrain/o_648_2.jpg	photodiode	1
2982.413	0.5	2982413	untrained	32709	58	memtrain/o_192_1.jpg	photodiode	1
2983.264	0.5	2983264	untrained	32676	91	memtrain/o_605_1.jpg	photodiode	1
2984.115	0.5	2984115	catch	32671	n/a	catch_padded.jpg	photodiode	0
2984.426	0.0	2984426	response	7	n/a	n/a	trigger	0
2986.016	0.5	2986016	trained	32735	32	memtrain/o_485_2.jpg	photodiode	1
2986.917	0.5	2986917	trained	32762	5	memtrain/o_067_1.jpg	photodiode	1
2987.768	0.5	2987768	trained	32754	13	memtrain/o_136_1.jpg	photodiode	1
2988.619	0.5	2988619	untrained	32703	64	memtrain/o_334_2.jpg	photodiode	1
2989.419	0.5	2989419	trained	32744	23	memtrain/o_338_2.jpg	photodiode	1
2990.17	0.5	2990170	catch	32671	n/a	catch_padded.jpg	photodiode	0
2990.495	0.0	2990495	response	7	n/a	n/a	trigger	0
2992.272	0.5	2992272	untrained	32715	52	memtrain/o_141_1.jpg	photodiode	1
2993.222	0.5	2993222	untrained	32688	79	memtrain/o_600_1.jpg	photodiode	1
2993.973	0.5	2993973	trained	32753	14	memtrain/o_174_1.jpg	photodiode	1
2994.874	0.5	2994874	catch	32671	n/a	catch_padded.jpg	photodiode	0
2995.119	0.0	2995119	response	7	n/a	n/a	trigger	0
2996.776	0.5	2996776	trained	32746	21	memtrain/o_319_1.jpg	photodiode	1
2997.668	0.5	2997668	untrained	32697	70	memtrain/o_471_2.jpg	photodiode	1
2998.418	0.5	2998418	untrained	32710	57	memtrain/o_171_1.jpg	photodiode	1
2999.169	0.5	2999169	untrained	32690	77	memtrain/o_574_2.jpg	photodiode	1
3000.02	0.5	3000020	catch	32671	n/a	catch_padded.jpg	photodiode	0
3000.555	0.0	3000555	response	7	n/a	n/a	trigger	0
3002.021	0.5	3002021	trained	32742	25	memtrain/o_358_2.jpg	photodiode	1
3002.972	0.5	3002972	untrained	32714	53	memtrain/o_142_2.jpg	photodiode	1
3003.873	0.5	3003873	trained	32725	42	memtrain/so_034_2.jpg	photodiode	1
3004.724	0.5	3004724	trained	32734	33	memtrain/o_536_1.jpg	photodiode	1
3005.624	0.5	3005624	untrained	32712	55	memtrain/o_153_2.jpg	photodiode	1
3006.575	0.5	3006575	catch	32671	n/a	catch_padded.jpg	photodiode	0
3006.894	0.0	3006894	response	7	n/a	n/a	trigger	0
3008.677	0.5	3008677	untrained	32716	51	memtrain/o_103_2.jpg	photodiode	1
3009.428	0.5	3009428	trained	32723	44	memtrain/so_045_1.jpg	photodiode	1
3010.228	0.5	3010228	trained	32749	18	memtrain/o_264_2.jpg	photodiode	1
3011.179	0.5	3011179	untrained	32685	82	memtrain/o_656_1.jpg	photodiode	1
3011.98	0.5	3011980	untrained	32687	80	memtrain/o_613_1.jpg	photodiode	1
3012.831	0.5	3012831	catch	32671	n/a	catch_padded.jpg	photodiode	0
3013.2	0.0	3013200	response	7	n/a	n/a	trigger	0
3015.305	0.0	3015305	block_end	120	n/a	n/a	trigger	0
3019.119	0.0	3019119	response	7	n/a	n/a	trigger	0
3019.124	0.0	3019124	block_onset	112	n/a	n/a	trigger	0
3021.18	0.5	3021180	trained	32760	7	memtrain/o_091_2.jpg	photodiode	1
3022.13	0.5	3022130	untrained	32700	67	memtrain/o_378_1.jpg	photodiode	1
3023.081	0.5	3023081	trained	32752	15	memtrain/o_195_1.jpg	photodiode	1
3023.882	0.5	3023882	catch	32671	n/a	catch_padded.jpg	photodiode	0
3024.2	0.0	3024200	response	7	n/a	n/a	trigger	0
3025.833	0.5	3025833	trained	32765	2	memtrain/o_035_1.jpg	photodiode	1
3026.726	0.5	3026726	trained	32749	18	memtrain/o_264_2.jpg	photodiode	1
3027.626	0.5	3027626	trained	32758	9	memtrain/o_101_2.jpg	photodiode	1
3028.577	0.5	3028577	untrained	32693	74	memtrain/o_550_1.jpg	photodiode	1
3029.378	0.5	3029378	trained	32740	27	memtrain/o_379_2.jpg	photodiode	1
3030.179	0.5	3030179	catch	32671	n/a	catch_padded.jpg	photodiode	0
3030.467	0.0	3030467	response	7	n/a	n/a	trigger	0
3032.23	0.5	3032230	trained	32729	38	memtrain/o_603_1.jpg	photodiode	1
3033.181	0.5	3033181	untrained	32687	80	memtrain/o_613_1.jpg	photodiode	1
3033.932	0.5	3033932	untrained	32677	90	memtrain/o_580_1.jpg	photodiode	1
3034.883	0.5	3034883	untrained	32716	51	memtrain/o_103_2.jpg	photodiode	1
3035.733	0.5	3035733	catch	32671	n/a	catch_padded.jpg	photodiode	0
3036.238	0.0	3036238	response	7	n/a	n/a	trigger	0
3037.785	0.5	3037785	untrained	32708	59	memtrain/o_201_2.jpg	photodiode	1
3038.636	0.5	3038636	trained	32726	41	memtrain/o_663_2.jpg	photodiode	1
3039.386	0.5	3039386	trained	32739	28	memtrain/o_397_1.jpg	photodiode	1
3040.137	0.5	3040137	untrained	32711	56	memtrain/o_163_2.jpg	photodiode	1
3040.938	0.5	3040938	untrained	32680	87	memtrain/o_365_1.jpg	photodiode	1
3041.888	0.5	3041888	catch	32671	n/a	catch_padded.jpg	photodiode	0
3042.141	0.0	3042141	response	7	n/a	n/a	trigger	0
3043.89	0.5	3043890	trained	32744	23	memtrain/o_338_2.jpg	photodiode	1
3044.791	0.5	3044791	trained	32743	24	memtrain/o_357_1.jpg	photodiode	1
3045.542	0.5	3045542	untrained	32689	78	memtrain/o_599_1.jpg	photodiode	1
3046.492	0.5	3046492	untrained	32685	82	memtrain/o_656_1.jpg	photodiode	1
3047.443	0.5	3047443	catch	32671	n/a	catch_padded.jpg	photodiode	0
3047.828	0.0	3047828	response	7	n/a	n/a	trigger	0
3049.395	0.5	3049395	trained	32727	40	memtrain/o_648_2.jpg	photodiode	1
3050.296	0.5	3050296	untrained	32683	84	memtrain/so_117_2.jpg	photodiode	1
3051.096	0.5	3051096	trained	32755	12	memtrain/o_127_2.jpg	photodiode	1
3051.897	0.5	3051897	catch	32671	n/a	catch_padded.jpg	photodiode	0
3052.271	0.0	3052271	response	7	n/a	n/a	trigger	0
3053.999	0.5	3053999	trained	32759	8	memtrain/o_094_1.jpg	photodiode	1
3054.799	0.5	3054799	trained	32741	26	memtrain/o_376_1.jpg	photodiode	1
3055.55	0.5	3055550	trained	32731	36	memtrain/o_583_1.jpg	photodiode	1
3056.393	0.5	3056393	untrained	32710	57	memtrain/o_171_1.jpg	photodiode	1
3057.151	0.5	3057151	catch	32671	n/a	catch_padded.jpg	photodiode	0
3057.678	0.0	3057678	response	7	n/a	n/a	trigger	0
3059.153	0.5	3059153	trained	32748	19	memtrain/o_284_2.jpg	photodiode	1
3059.996	0.5	3059996	untrained	32681	86	memtrain/o_288_1.jpg	photodiode	1
3060.846	0.5	3060846	untrained	32706	61	memtrain/o_298_2.jpg	photodiode	1
3061.647	0.5	3061647	untrained	32675	92	memtrain/so_033_1.jpg	photodiode	1
3062.598	0.5	3062598	trained	32724	43	memtrain/so_043_2.jpg	photodiode	1
3063.449	0.5	3063449	catch	32671	n/a	catch_padded.jpg	photodiode	0
3063.911	0.0	3063911	response	7	n/a	n/a	trigger	0
3065.35	0.5	3065350	untrained	32715	52	memtrain/o_141_1.jpg	photodiode	1
3066.101	0.5	3066101	trained	32730	37	memtrain/o_597_1.jpg	photodiode	1
3067.052	0.5	3067052	untrained	32674	93	memtrain/so_035_1.jpg	photodiode	1
3068.003	0.5	3068003	untrained	32678	89	memtrain/o_469_1.jpg	photodiode	1
3068.753	0.5	3068753	untrained	32692	75	memtrain/o_564_1.jpg	photodiode	1
3069.504	0.5	3069504	catch	32671	n/a	catch_padded.jpg	photodiode	0
3069.861	0.0	3069861	response	7	n/a	n/a	trigger	0
3071.606	0.5	3071606	untrained	32672	95	memtrain/so_125_1.jpg	photodiode	1
3072.556	0.5	3072556	untrained	32703	64	memtrain/o_334_2.jpg	photodiode	1
3073.357	0.5	3073357	trained	32747	20	memtrain/o_290_1.jpg	photodiode	1
3074.258	0.5	3074258	trained	32742	25	memtrain/o_358_2.jpg	photodiode	1
3075.159	0.5	3075159	trained	32753	14	memtrain/o_174_1.jpg	photodiode	1
3076.109	0.5	3076109	catch	32671	n/a	catch_padded.jpg	photodiode	0
3076.435	0.0	3076435	response	7	n/a	n/a	trigger	0
3078.011	0.5	3078011	untrained	32702	65	memtrain/o_337_2.jpg	photodiode	1
3078.912	0.5	3078912	trained	32733	34	memtrain/o_558_2.jpg	photodiode	1
3079.712	0.5	3079712	trained	32762	5	memtrain/o_067_1.jpg	photodiode	1
3080.613	0.5	3080613	catch	32671	n/a	catch_padded.jpg	photodiode	0
3081.046	0.0	3081046	response	7	n/a	n/a	trigger	0
3082.515	0.5	3082515	trained	32722	45	memtrain/so_090_2.jpg	photodiode	1
3083.416	0.5	3083416	untrained	32701	66	memtrain/o_342_2.jpg	photodiode	1
3084.316	0.5	3084316	untrained	32704	63	memtrain/o_310_2.jpg	photodiode	1
3085.217	0.5	3085217	catch	32671	n/a	catch_padded.jpg	photodiode	0
3085.581	0.0	3085581	response	7	n/a	n/a	trigger	0
3087.319	0.5	3087319	trained	32720	47	memtrain/so_147_2.jpg	photodiode	1
3088.261	0.5	3088261	trained	32736	31	memtrain/o_465_2.jpg	photodiode	1
3089.112	0.5	3089112	untrained	32694	73	memtrain/o_519_2.jpg	photodiode	1
3089.913	0.5	3089913	catch	32671	n/a	catch_padded.jpg	photodiode	0
3090.567	0.0	3090567	response	7	n/a	n/a	trigger	0
3091.814	0.5	3091814	untrained	32684	83	memtrain/so_105_1.jpg	photodiode	1
3092.715	0.5	3092715	untrained	32717	50	memtrain/o_057_2.jpg	photodiode	1
3093.566	0.5	3093566	untrained	32682	85	memtrain/o_218_1.jpg	photodiode	1
3094.416	0.5	3094416	catch	32671	n/a	catch_padded.jpg	photodiode	0
3094.92	0.0	3094920	response	7	n/a	n/a	trigger	0
3096.418	0.5	3096418	untrained	32714	53	memtrain/o_142_2.jpg	photodiode	1
3097.369	0.5	3097369	untrained	32712	55	memtrain/o_153_2.jpg	photodiode	1
3098.17	0.5	3098170	untrained	32718	49	memtrain/o_054_2.jpg	photodiode	1
3099.02	0.5	3099020	catch	32671	n/a	catch_padded.jpg	photodiode	0
3099.537	0.0	3099537	response	7	n/a	n/a	trigger	0
3101.072	0.5	3101072	trained	32725	42	memtrain/so_034_2.jpg	photodiode	1
3101.823	0.5	3101823	untrained	32713	54	memtrain/o_145_1.jpg	photodiode	1
3102.723	0.5	3102723	untrained	32719	48	memtrain/o_019_2.jpg	photodiode	1
3103.524	0.5	3103524	catch	32671	n/a	catch_padded.jpg	photodiode	0
3103.886	0.0	3103886	response	7	n/a	n/a	trigger	0
3105.476	0.5	3105476	trained	32751	16	memtrain/o_199_2.jpg	photodiode	1
3106.376	0.5	3106376	untrained	32676	91	memtrain/o_605_1.jpg	photodiode	1
3107.327	0.5	3107327	trained	32746	21	memtrain/o_319_1.jpg	photodiode	1
3108.278	0.5	3108278	catch	32671	n/a	catch_padded.jpg	photodiode	0
3108.586	0.0	3108586	response	7	n/a	n/a	trigger	0
3110.23	0.5	3110230	trained	32763	4	memtrain/o_042_1.jpg	photodiode	1
3110.98	0.5	3110980	untrained	32695	72	memtrain/o_490_1.jpg	photodiode	1
3111.79	0.5	3111790	trained	32732	35	memtrain/o_561_2.jpg	photodiode	1
3112.732	0.5	3112732	catch	32671	n/a	catch_padded.jpg	photodiode	0
3113.07	0.0	3113070	response	7	n/a	n/a	trigger	0
3114.784	0.5	3114784	trained	32728	39	memtrain/o_606_1.jpg	photodiode	1
3115.584	0.5	3115584	untrained	32705	62	memtrain/o_304_1.jpg	photodiode	1
3116.335	0.5	3116335	untrained	32697	70	memtrain/o_471_2.jpg	photodiode	1
3117.278	0.5	3117278	catch	32671	n/a	catch_padded.jpg	photodiode	0
3117.721	0.0	3117721	response	7	n/a	n/a	trigger	0
3119.279	0.5	3119279	trained	32738	29	memtrain/o_416_1.jpg	photodiode	1
3120.08	0.5	3120080	trained	32761	6	memtrain/o_076_1.jpg	photodiode	1
3120.981	0.5	3120981	trained	32745	22	memtrain/o_321_1.jpg	photodiode	1
3121.731	0.5	3121731	catch	32671	n/a	catch_padded.jpg	photodiode	0
3122.051	0.0	3122051	response	7	n/a	n/a	trigger	0
3123.833	0.5	3123833	untrained	32707	60	memtrain/o_228_2.jpg	photodiode	1
3124.684	0.5	3124684	untrained	32699	68	memtrain/o_393_1.jpg	photodiode	1
3125.535	0.5	3125535	trained	32754	13	memtrain/o_136_1.jpg	photodiode	1
3126.385	0.5	3126385	untrained	32673	94	memtrain/so_067_1.jpg	photodiode	1
3127.286	0.5	3127286	trained	32750	17	memtrain/o_232_1.jpg	photodiode	1
3128.037	0.5	3128037	catch	32671	n/a	catch_padded.jpg	photodiode	0
3128.338	0.0	3128338	response	7	n/a	n/a	trigger	0
3130.038	0.5	3130038	trained	32721	46	memtrain/so_113_1.jpg	photodiode	1
3130.839	0.5	3130839	trained	32735	32	memtrain/o_485_2.jpg	photodiode	1
3131.79	0.5	3131790	trained	32764	3	memtrain/o_040_2.jpg	photodiode	1
3132.691	0.5	3132691	untrained	32709	58	memtrain/o_192_1.jpg	photodiode	1
3133.591	0.5	3133591	catch	32671	n/a	catch_padded.jpg	photodiode	0
3133.85	0.0	3133850	response	7	n/a	n/a	trigger	0
3135.693	0.5	3135693	trained	32766	1	memtrain/o_015_1.jpg	photodiode	1
3136.544	0.5	3136544	trained	32757	10	memtrain/o_111_2.jpg	photodiode	1
3137.495	0.5	3137495	trained	32737	30	memtrain/o_437_2.jpg	photodiode	1
3138.346	0.5	3138346	untrained	32691	76	memtrain/o_570_1.jpg	photodiode	1
3139.146	0.5	3139146	catch	32671	n/a	catch_padded.jpg	photodiode	0
3139.529	0.0	3139529	response	7	n/a	n/a	trigger	0
3141.198	0.5	3141198	trained	32756	11	memtrain/o_117_2.jpg	photodiode	1
3142.049	0.5	3142049	trained	32723	44	memtrain/so_045_1.jpg	photodiode	1
3142.949	0.5	3142949	untrained	32698	69	memtrain/o_464_2.jpg	photodiode	1
3143.8	0.5	3143800	untrained	32696	71	memtrain/o_483_1.jpg	photodiode	1
3144.601	0.5	3144601	catch	32671	n/a	catch_padded.jpg	photodiode	0
3144.943	0.0	3144943	response	7	n/a	n/a	trigger	0
3146.603	0.5	3146603	untrained	32688	79	memtrain/o_600_1.jpg	photodiode	1
3147.395	0.5	3147395	trained	32767	0	memtrain/o_006_1.jpg	photodiode	1
3148.304	0.5	3148304	untrained	32686	81	memtrain/o_655_2.jpg	photodiode	1
3149.096	0.5	3149096	untrained	32679	88	memtrain/o_458_1.jpg	photodiode	1
3149.847	0.5	3149847	untrained	32690	77	memtrain/o_574_2.jpg	photodiode	1
3150.647	0.5	3150647	catch	32671	n/a	catch_padded.jpg	photodiode	0
3151.172	0.0	3151172	response	7	n/a	n/a	trigger	0
3152.649	0.5	3152649	trained	32734	33	memtrain/o_536_1.jpg	photodiode	1
3153.45	0.5	3153450	untrained	32718	49	memtrain/o_054_2.jpg	photodiode	1
3154.25	0.5	3154250	untrained	32682	85	memtrain/o_218_1.jpg	photodiode	1
3155.001	0.5	3155001	untrained	32687	80	memtrain/o_613_1.jpg	photodiode	1
3155.852	0.5	3155852	trained	32742	25	memtrain/o_358_2.jpg	photodiode	1
3156.652	0.5	3156652	catch	32671	n/a	catch_padded.jpg	photodiode	0
3157.011	0.0	3157011	response	7	n/a	n/a	trigger	0
3158.754	0.5	3158754	trained	32739	28	memtrain/o_397_1.jpg	photodiode	1
3159.655	0.5	3159655	trained	32744	23	memtrain/o_338_2.jpg	photodiode	1
3160.556	0.5	3160556	untrained	32680	87	memtrain/o_365_1.jpg	photodiode	1
3161.306	0.5	3161306	untrained	32699	68	memtrain/o_393_1.jpg	photodiode	1
3162.207	0.5	3162207	catch	32671	n/a	catch_padded.jpg	photodiode	0
3162.59	0.0	3162590	response	7	n/a	n/a	trigger	0
3164.159	0.5	3164159	untrained	32703	64	memtrain/o_334_2.jpg	photodiode	1
3165.11	0.5	3165110	untrained	32710	57	memtrain/o_171_1.jpg	photodiode	1
3165.96	0.5	3165960	untrained	32684	83	memtrain/so_105_1.jpg	photodiode	1
3166.861	0.5	3166861	untrained	32712	55	memtrain/o_153_2.jpg	photodiode	1
3167.712	0.5	3167712	catch	32671	n/a	catch_padded.jpg	photodiode	0
3168.094	0.0	3168094	response	7	n/a	n/a	trigger	0
3169.613	0.5	3169613	untrained	32713	54	memtrain/o_145_1.jpg	photodiode	1
3170.364	0.5	3170364	untrained	32673	94	memtrain/so_067_1.jpg	photodiode	1
3171.265	0.5	3171265	untrained	32698	69	memtrain/o_464_2.jpg	photodiode	1
3172.166	0.5	3172166	trained	32764	3	memtrain/o_040_2.jpg	photodiode	1
3173.116	0.5	3173116	trained	32727	40	memtrain/o_648_2.jpg	photodiode	1
3173.967	0.5	3173967	catch	32671	n/a	catch_padded.jpg	photodiode	0
3174.248	0.0	3174248	response	7	n/a	n/a	trigger	0
3175.919	0.5	3175919	trained	32745	22	memtrain/o_321_1.jpg	photodiode	1
3176.761	0.5	3176761	trained	32753	14	memtrain/o_174_1.jpg	photodiode	1
3177.612	0.5	3177612	untrained	32717	50	memtrain/o_057_2.jpg	photodiode	1
3178.563	0.5	3178563	trained	32763	4	memtrain/o_042_1.jpg	photodiode	1
3179.514	0.5	3179514	trained	32723	44	memtrain/so_045_1.jpg	photodiode	1
3180.364	0.5	3180364	catch	32671	n/a	catch_padded.jpg	photodiode	0
3180.843	0.0	3180843	response	7	n/a	n/a	trigger	0
3182.416	0.5	3182416	untrained	32685	82	memtrain/o_656_1.jpg	photodiode	1
3183.375	0.5	3183375	untrained	32688	79	memtrain/o_600_1.jpg	photodiode	1
3184.268	0.5	3184268	trained	32729	38	memtrain/o_603_1.jpg	photodiode	1
3185.169	0.5	3185169	untrained	32696	71	memtrain/o_483_1.jpg	photodiode	1
3185.919	0.5	3185919	catch	32671	n/a	catch_padded.jpg	photodiode	0
3186.29	0.0	3186290	response	7	n/a	n/a	trigger	0
3187.971	0.5	3187971	trained	32722	45	memtrain/so_090_2.jpg	photodiode	1
3188.872	0.5	3188872	trained	32760	7	memtrain/o_091_2.jpg	photodiode	1
3189.672	0.5	3189672	trained	32741	26	memtrain/o_376_1.jpg	photodiode	1
3190.423	0.5	3190423	untrained	32693	74	memtrain/o_550_1.jpg	photodiode	1
3191.224	0.5	3191224	catch	32671	n/a	catch_padded.jpg	photodiode	0
3191.493	0.0	3191493	response	7	n/a	n/a	trigger	0
3193.125	0.5	3193125	untrained	32706	61	memtrain/o_298_2.jpg	photodiode	1
3193.976	0.5	3193976	trained	32748	19	memtrain/o_284_2.jpg	photodiode	1
3194.827	0.5	3194827	untrained	32708	59	memtrain/o_201_2.jpg	photodiode	1
3195.778	0.5	3195778	catch	32671	n/a	catch_padded.jpg	photodiode	0
3196.107	0.0	3196107	response	7	n/a	n/a	trigger	0
3197.779	0.5	3197779	untrained	32692	75	memtrain/o_564_1.jpg	photodiode	1
3198.58	0.5	3198580	untrained	32675	92	memtrain/so_033_1.jpg	photodiode	1
3199.431	0.5	3199431	untrained	32686	81	memtrain/o_655_2.jpg	photodiode	1
3200.231	0.5	3200231	trained	32751	16	memtrain/o_199_2.jpg	photodiode	1
3200.982	0.5	3200982	trained	32747	20	memtrain/o_290_1.jpg	photodiode	1
3201.783	0.5	3201783	catch	32671	n/a	catch_padded.jpg	photodiode	0
3202.061	0.0	3202061	response	7	n/a	n/a	trigger	0
3203.834	0.5	3203834	untrained	32697	70	memtrain/o_471_2.jpg	photodiode	1
3204.576	0.5	3204576	trained	32758	9	memtrain/o_101_2.jpg	photodiode	1
3205.436	0.5	3205436	trained	32733	34	memtrain/o_558_2.jpg	photodiode	1
3206.278	0.5	3206278	untrained	32683	84	memtrain/so_117_2.jpg	photodiode	1
3207.129	0.5	3207129	catch	32671	n/a	catch_padded.jpg	photodiode	0
3207.513	0.0	3207513	response	7	n/a	n/a	trigger	0
3209.08	0.5	3209080	untrained	32689	78	memtrain/o_599_1.jpg	photodiode	1
3210.04	0.5	3210040	untrained	32677	90	memtrain/o_580_1.jpg	photodiode	1
3210.932	0.5	3210932	untrained	32679	88	memtrain/o_458_1.jpg	photodiode	1
3211.782	0.5	3211782	catch	32671	n/a	catch_padded.jpg	photodiode	0
3212.1	0.0	3212100	response	7	n/a	n/a	trigger	0
3213.834	0.5	3213834	trained	32740	27	memtrain/o_379_2.jpg	photodiode	1
3214.685	0.5	3214685	untrained	32690	77	memtrain/o_574_2.jpg	photodiode	1
3215.536	0.5	3215536	untrained	32714	53	memtrain/o_142_2.jpg	photodiode	1
3216.286	0.5	3216286	trained	32766	1	memtrain/o_015_1.jpg	photodiode	1
3217.187	0.5	3217187	trained	32736	31	memtrain/o_465_2.jpg	photodiode	1
3218.138	0.5	3218138	catch	32671	n/a	catch_padded.jpg	photodiode	0
3218.751	0.0	3218751	response	7	n/a	n/a	trigger	0
3220.039	0.5	3220039	trained	32765	2	memtrain/o_035_1.jpg	photodiode	1
3220.84	0.5	3220840	untrained	32716	51	memtrain/o_103_2.jpg	photodiode	1
3221.591	0.5	3221591	untrained	32702	65	memtrain/o_337_2.jpg	photodiode	1
3222.442	0.5	3222442	untrained	32711	56	memtrain/o_163_2.jpg	photodiode	1
3223.192	0.5	3223192	catch	32671	n/a	catch_padded.jpg	photodiode	0
3223.616	0.0	3223616	response	7	n/a	n/a	trigger	0
3225.244	0.5	3225244	trained	32762	5	memtrain/o_067_1.jpg	photodiode	1
3226.045	0.5	3226045	trained	32757	10	memtrain/o_111_2.jpg	photodiode	1
3226.895	0.5	3226895	trained	32735	32	memtrain/o_485_2.jpg	photodiode	1
3227.696	0.5	3227696	trained	32761	6	memtrain/o_076_1.jpg	photodiode	1
3228.497	0.5	3228497	catch	32671	n/a	catch_padded.jpg	photodiode	0
3228.894	0.0	3228894	response	7	n/a	n/a	trigger	0
3230.398	0.5	3230398	untrained	32691	76	memtrain/o_570_1.jpg	photodiode	1
3231.149	0.5	3231149	trained	32752	15	memtrain/o_195_1.jpg	photodiode	1
3231.9	0.5	3231900	trained	32728	39	memtrain/o_606_1.jpg	photodiode	1
3232.7	0.5	3232700	untrained	32704	63	memtrain/o_310_2.jpg	photodiode	1
3233.451	0.5	3233451	catch	32671	n/a	catch_padded.jpg	photodiode	0
3233.789	0.0	3233789	response	7	n/a	n/a	trigger	0
3235.503	0.5	3235503	untrained	32681	86	memtrain/o_288_1.jpg	photodiode	1
3236.353	0.5	3236353	trained	32720	47	memtrain/so_147_2.jpg	photodiode	1
3237.096	0.5	3237096	trained	32749	18	memtrain/o_264_2.jpg	photodiode	1
3237.847	0.5	3237847	catch	32671	n/a	catch_padded.jpg	photodiode	0
3238.22	0.0	3238220	response	7	n/a	n/a	trigger	0
3239.948	0.5	3239948	trained	32726	41	memtrain/o_663_2.jpg	photodiode	1
3240.699	0.5	3240699	trained	32746	21	memtrain/o_319_1.jpg	photodiode	1
3241.55	0.5	3241550	untrained	32674	93	memtrain/so_035_1.jpg	photodiode	1
3242.45	0.5	3242450	trained	32738	29	memtrain/o_416_1.jpg	photodiode	1
3243.251	0.5	3243251	trained	32754	13	memtrain/o_136_1.jpg	photodiode	1
3244.002	0.5	3244002	catch	32671	n/a	catch_padded.jpg	photodiode	0
3244.392	0.0	3244392	response	7	n/a	n/a	trigger	0
3246.104	0.5	3246104	untrained	32719	48	memtrain/o_019_2.jpg	photodiode	1
3246.904	0.5	3246904	trained	32721	46	memtrain/so_113_1.jpg	photodiode	1
3247.855	0.5	3247855	trained	32756	11	memtrain/o_117_2.jpg	photodiode	1
3248.606	0.5	3248606	trained	32743	24	memtrain/o_357_1.jpg	photodiode	1
3249.556	0.5	3249556	trained	32737	30	memtrain/o_437_2.jpg	photodiode	1
3250.507	0.5	3250507	catch	32671	n/a	catch_padded.jpg	photodiode	0
3250.915	0.0	3250915	response	7	n/a	n/a	trigger	0
3252.409	0.5	3252409	trained	32732	35	memtrain/o_561_2.jpg	photodiode	1
3253.31	0.5	3253310	trained	32759	8	memtrain/o_094_1.jpg	photodiode	1
3254.21	0.5	3254210	untrained	32700	67	memtrain/o_378_1.jpg	photodiode	1
3255.161	0.5	3255161	trained	32730	37	memtrain/o_597_1.jpg	photodiode	1
3256.012	0.5	3256012	untrained	32676	91	memtrain/o_605_1.jpg	photodiode	1
3256.763	0.5	3256763	catch	32671	n/a	catch_padded.jpg	photodiode	0
3257.128	0.0	3257128	response	7	n/a	n/a	trigger	0
3258.864	0.5	3258864	trained	32767	0	memtrain/o_006_1.jpg	photodiode	1
3259.765	0.5	3259765	untrained	32672	95	memtrain/so_125_1.jpg	photodiode	1
3260.566	0.5	3260566	trained	32755	12	memtrain/o_127_2.jpg	photodiode	1
3261.366	0.5	3261366	trained	32734	33	memtrain/o_536_1.jpg	photodiode	1
3262.117	0.5	3262117	catch	32671	n/a	catch_padded.jpg	photodiode	0
3262.958	0.0	3262958	response	7	n/a	n/a	trigger	0
3264.069	0.5	3264069	trained	32731	36	memtrain/o_583_1.jpg	photodiode	1
3265.02	0.5	3265020	trained	32725	42	memtrain/so_034_2.jpg	photodiode	1
3265.82	0.5	3265820	untrained	32709	58	memtrain/o_192_1.jpg	photodiode	1
3266.762	0.5	3266762	catch	32671	n/a	catch_padded.jpg	photodiode	0
3267.093	0.0	3267093	response	7	n/a	n/a	trigger	0
3268.664	0.5	3268664	untrained	32695	72	memtrain/o_490_1.jpg	photodiode	1
3269.615	0.5	3269615	untrained	32701	66	memtrain/o_342_2.jpg	photodiode	1
3270.516	0.5	3270516	untrained	32678	89	memtrain/o_469_1.jpg	photodiode	1
3271.366	0.5	3271366	untrained	32715	52	memtrain/o_141_1.jpg	photodiode	1
3272.117	0.5	3272117	catch	32671	n/a	catch_padded.jpg	photodiode	0
3272.444	0.0	3272444	response	7	n/a	n/a	trigger	0
3274.119	0.5	3274119	trained	32724	43	memtrain/so_043_2.jpg	photodiode	1
3274.869	0.5	3274869	trained	32750	17	memtrain/o_232_1.jpg	photodiode	1
3275.82	0.5	3275820	untrained	32694	73	memtrain/o_519_2.jpg	photodiode	1
3276.571	0.5	3276571	untrained	32705	62	memtrain/o_304_1.jpg	photodiode	1
3277.471	0.5	3277471	untrained	32707	60	memtrain/o_228_2.jpg	photodiode	1
3278.422	0.5	3278422	catch	32671	n/a	catch_padded.jpg	photodiode	0
3278.739	0.0	3278739	response	7	n/a	n/a	trigger	0
3280.897	0.0	3280897	block_end	120	n/a	n/a	trigger	0
3284.954	0.0	3284954	response	7	n/a	n/a	trigger	0
3284.957	0.0	3284957	block_onset	113	n/a	n/a	trigger	0
3287.005	0.5	3287005	untrained	32714	53	memtrain/o_142_2.jpg	photodiode	1
3287.806	0.5	3287806	trained	32759	8	memtrain/o_094_1.jpg	photodiode	1
3288.714	0.5	3288714	trained	32765	2	memtrain/o_035_1.jpg	photodiode	1
3289.665	0.5	3289665	trained	32736	31	memtrain/o_465_2.jpg	photodiode	1
3290.466	0.5	3290466	trained	32747	20	memtrain/o_290_1.jpg	photodiode	1
3291.359	0.5	3291359	catch	32671	n/a	catch_padded.jpg	photodiode	0
3291.641	0.0	3291641	response	7	n/a	n/a	trigger	0
3293.31	0.5	3293310	untrained	32689	78	memtrain/o_599_1.jpg	photodiode	1
3294.211	0.5	3294211	trained	32727	40	memtrain/o_648_2.jpg	photodiode	1
3295.17	0.5	3295170	untrained	32696	71	memtrain/o_483_1.jpg	photodiode	1
3295.962	0.5	3295962	untrained	32712	55	memtrain/o_153_2.jpg	photodiode	1
3296.763	0.5	3296763	catch	32671	n/a	catch_padded.jpg	photodiode	0
3297.068	0.0	3297068	response	7	n/a	n/a	trigger	0
3298.765	0.5	3298765	untrained	32713	54	memtrain/o_145_1.jpg	photodiode	1
3299.616	0.5	3299616	untrained	32697	70	memtrain/o_471_2.jpg	photodiode	1
3300.466	0.5	3300466	untrained	32695	72	memtrain/o_490_1.jpg	photodiode	1
3301.317	0.5	3301317	trained	32758	9	memtrain/o_101_2.jpg	photodiode	1
3302.218	0.5	3302218	untrained	32698	69	memtrain/o_464_2.jpg	photodiode	1
3302.968	0.5	3302968	catch	32671	n/a	catch_padded.jpg	photodiode	0
3303.306	0.0	3303306	response	7	n/a	n/a	trigger	0
3304.87	0.5	3304870	untrained	32679	88	memtrain/o_458_1.jpg	photodiode	1
3305.621	0.5	3305621	trained	32755	12	memtrain/o_127_2.jpg	photodiode	1
3306.521	0.5	3306521	trained	32763	4	memtrain/o_042_1.jpg	photodiode	1
3307.322	0.5	3307322	catch	32671	n/a	catch_padded.jpg	photodiode	0
3307.68	0.0	3307680	response	7	n/a	n/a	trigger	0
3309.324	0.5	3309324	trained	32730	37	memtrain/o_597_1.jpg	photodiode	1
3310.225	0.5	3310225	untrained	32693	74	memtrain/o_550_1.jpg	photodiode	1
3311.025	0.5	3311025	untrained	32686	81	memtrain/o_655_2.jpg	photodiode	1
3311.826	0.5	3311826	trained	32740	27	memtrain/o_379_2.jpg	photodiode	1
3312.677	0.5	3312677	catch	32671	n/a	catch_padded.jpg	photodiode	0
3313.337	0.0	3313337	response	7	n/a	n/a	trigger	0
3314.678	0.5	3314678	trained	32744	23	memtrain/o_338_2.jpg	photodiode	1
3315.529	0.5	3315529	untrained	32680	87	memtrain/o_365_1.jpg	photodiode	1
3316.48	0.5	3316480	trained	32753	14	memtrain/o_174_1.jpg	photodiode	1
3317.331	0.5	3317331	trained	32745	22	memtrain/o_321_1.jpg	photodiode	1
3318.081	0.5	3318081	catch	32671	n/a	catch_padded.jpg	photodiode	0
3318.421	0.0	3318421	response	7	n/a	n/a	trigger	0
3320.033	0.5	3320033	untrained	32715	52	memtrain/o_141_1.jpg	photodiode	1
3320.875	0.5	3320875	trained	32754	13	memtrain/o_136_1.jpg	photodiode	1
3321.834	0.5	3321834	trained	32761	6	memtrain/o_076_1.jpg	photodiode	1
3322.576	0.5	3322576	catch	32671	n/a	catch_padded.jpg	photodiode	0
3322.912	0.0	3322912	response	7	n/a	n/a	trigger	0
3324.578	0.5	3324578	untrained	32706	61	memtrain/o_298_2.jpg	photodiode	1
3325.479	0.5	3325479	trained	32728	39	memtrain/o_606_1.jpg	photodiode	1
3326.229	0.5	3326229	untrained	32690	77	memtrain/o_574_2.jpg	photodiode	1
3327.13	0.5	3327130	untrained	32678	89	memtrain/o_469_1.jpg	photodiode	1
3327.881	0.5	3327881	trained	32731	36	memtrain/o_583_1.jpg	photodiode	1
3328.632	0.5	3328632	catch	32671	n/a	catch_padded.jpg	photodiode	0
3328.966	0.0	3328966	response	7	n/a	n/a	trigger	0
3330.533	0.5	3330533	trained	32723	44	memtrain/so_045_1.jpg	photodiode	1
3331.434	0.5	3331434	untrained	32687	80	memtrain/o_613_1.jpg	photodiode	1
3332.285	0.5	3332285	trained	32746	21	memtrain/o_319_1.jpg	photodiode	1
3333.235	0.5	3333235	catch	32671	n/a	catch_padded.jpg	photodiode	0
3333.569	0.0	3333569	response	7	n/a	n/a	trigger	0
3335.237	0.5	3335237	untrained	32718	49	memtrain/o_054_2.jpg	photodiode	1
3336.088	0.5	3336088	trained	32742	25	memtrain/o_358_2.jpg	photodiode	1
3336.838	0.5	3336838	trained	32743	24	memtrain/o_357_1.jpg	photodiode	1
3337.589	0.5	3337589	catch	32671	n/a	catch_padded.jpg	photodiode	0
3337.954	0.0	3337954	response	7	n/a	n/a	trigger	0
3339.491	0.5	3339491	untrained	32711	56	memtrain/o_163_2.jpg	photodiode	1
3340.291	0.5	3340291	untrained	32691	76	memtrain/o_570_1.jpg	photodiode	1
3341.042	0.5	3341042	trained	32762	5	memtrain/o_067_1.jpg	photodiode	1
3341.993	0.5	3341993	trained	32766	1	memtrain/o_015_1.jpg	photodiode	1
3342.894	0.5	3342894	trained	32748	19	memtrain/o_284_2.jpg	photodiode	1
3343.694	0.5	3343694	catch	32671	n/a	catch_padded.jpg	photodiode	0
3344.016	0.0	3344016	response	7	n/a	n/a	trigger	0
3345.796	0.5	3345796	untrained	32677	90	memtrain/o_580_1.jpg	photodiode	1
3346.697	0.5	3346697	untrained	32694	73	memtrain/o_519_2.jpg	photodiode	1
3347.498	0.5	3347498	untrained	32688	79	memtrain/o_600_1.jpg	photodiode	1
3348.448	0.5	3348448	trained	32720	47	memtrain/so_147_2.jpg	photodiode	1
3349.249	0.5	3349249	catch	32671	n/a	catch_padded.jpg	photodiode	0
3349.586	0.0	3349586	response	7	n/a	n/a	trigger	0
3351.151	0.5	3351151	trained	32752	15	memtrain/o_195_1.jpg	photodiode	1
3351.993	0.5	3351993	untrained	32710	57	memtrain/o_171_1.jpg	photodiode	1
3352.894	0.5	3352894	untrained	32699	68	memtrain/o_393_1.jpg	photodiode	1
3353.795	0.5	3353795	catch	32671	n/a	catch_padded.jpg	photodiode	0
3354.144	0.0	3354144	response	7	n/a	n/a	trigger	0
3355.897	0.5	3355897	untrained	32703	64	memtrain/o_334_2.jpg	photodiode	1
3356.647	0.5	3356647	trained	32729	38	memtrain/o_603_1.jpg	photodiode	1
3357.498	0.5	3357498	untrained	32676	91	memtrain/o_605_1.jpg	photodiode	1
3358.349	0.5	3358349	untrained	32674	93	memtrain/so_035_1.jpg	photodiode	1
3359.299	0.5	3359299	catch	32671	n/a	catch_padded.jpg	photodiode	0
3359.696	0.0	3359696	response	7	n/a	n/a	trigger	0
3361.301	0.5	3361301	untrained	32705	62	memtrain/o_304_1.jpg	photodiode	1
3362.202	0.5	3362202	trained	32738	29	memtrain/o_416_1.jpg	photodiode	1
3363.153	0.5	3363153	trained	32750	17	memtrain/o_232_1.jpg	photodiode	1
3364.104	0.5	3364104	untrained	32685	82	memtrain/o_656_1.jpg	photodiode	1
3365.004	0.5	3365004	trained	32724	43	memtrain/so_043_2.jpg	photodiode	1
3365.805	0.5	3365805	catch	32671	n/a	catch_padded.jpg	photodiode	0
3366.074	0.0	3366074	response	7	n/a	n/a	trigger	0
3367.857	0.5	3367857	trained	32757	10	memtrain/o_111_2.jpg	photodiode	1
3368.808	0.5	3368808	untrained	32716	51	memtrain/o_103_2.jpg	photodiode	1
3369.758	0.5	3369758	trained	32734	33	memtrain/o_536_1.jpg	photodiode	1
3370.709	0.5	3370709	trained	32741	26	memtrain/o_376_1.jpg	photodiode	1
3371.61	0.5	3371610	catch	32671	n/a	catch_padded.jpg	photodiode	0
3372.052	0.0	3372052	response	7	n/a	n/a	trigger	0
3373.562	0.5	3373562	untrained	32702	65	memtrain/o_337_2.jpg	photodiode	1
3374.412	0.5	3374412	trained	32751	16	memtrain/o_199_2.jpg	photodiode	1
3375.263	0.5	3375263	untrained	32719	48	memtrain/o_019_2.jpg	photodiode	1
3376.164	0.5	3376164	trained	32733	34	memtrain/o_558_2.jpg	photodiode	1
3377.115	0.5	3377115	trained	32721	46	memtrain/so_113_1.jpg	photodiode	1
3377.857	0.5	3377857	catch	32671	n/a	catch_padded.jpg	photodiode	0
3378.154	0.0	3378154	response	7	n/a	n/a	trigger	0
3379.808	0.5	3379808	untrained	32709	58	memtrain/o_192_1.jpg	photodiode	1
3380.609	0.5	3380609	untrained	32672	95	memtrain/so_125_1.jpg	photodiode	1
3381.468	0.5	3381468	trained	32737	30	memtrain/o_437_2.jpg	photodiode	1
3382.41	0.5	3382410	untrained	32700	67	memtrain/o_378_1.jpg	photodiode	1
3383.211	0.5	3383211	trained	32749	18	memtrain/o_264_2.jpg	photodiode	1
3384.012	0.5	3384012	catch	32671	n/a	catch_padded.jpg	photodiode	0
3384.336	0.0	3384336	response	7	n/a	n/a	trigger	0
3386.064	0.5	3386064	trained	32722	45	memtrain/so_090_2.jpg	photodiode	1
3386.914	0.5	3386914	untrained	32682	85	memtrain/o_218_1.jpg	photodiode	1
3387.724	0.5	3387724	untrained	32717	50	memtrain/o_057_2.jpg	photodiode	1
3388.666	0.5	3388666	trained	32764	3	memtrain/o_040_2.jpg	photodiode	1
3389.466	0.5	3389466	catch	32671	n/a	catch_padded.jpg	photodiode	0
3389.967	0.0	3389967	response	7	n/a	n/a	trigger	0
3391.518	0.5	3391518	untrained	32683	84	memtrain/so_117_2.jpg	photodiode	1
3392.419	0.5	3392419	untrained	32704	63	memtrain/o_310_2.jpg	photodiode	1
3393.32	0.5	3393320	trained	32726	41	memtrain/o_663_2.jpg	photodiode	1
3394.07	0.5	3394070	untrained	32707	60	memtrain/o_228_2.jpg	photodiode	1
3394.821	0.5	3394821	catch	32671	n/a	catch_padded.jpg	photodiode	0
3395.224	0.0	3395224	response	7	n/a	n/a	trigger	0
3396.923	0.5	3396923	trained	32732	35	memtrain/o_561_2.jpg	photodiode	1
3397.673	0.5	3397673	untrained	32692	75	memtrain/o_564_1.jpg	photodiode	1
3398.424	0.5	3398424	trained	32739	28	memtrain/o_397_1.jpg	photodiode	1
3399.275	0.5	3399275	trained	32760	7	memtrain/o_091_2.jpg	photodiode	1
3400.176	0.5	3400176	untrained	32675	92	memtrain/so_033_1.jpg	photodiode	1
3401.026	0.5	3401026	catch	32671	n/a	catch_padded.jpg	photodiode	0
3401.304	0.0	3401304	response	7	n/a	n/a	trigger	0
3403.128	0.5	3403128	trained	32735	32	memtrain/o_485_2.jpg	photodiode	1
3403.879	0.5	3403879	untrained	32681	86	memtrain/o_288_1.jpg	photodiode	1
3404.679	0.5	3404679	trained	32725	42	memtrain/so_034_2.jpg	photodiode	1
3405.53	0.5	3405530	untrained	32673	94	memtrain/so_067_1.jpg	photodiode	1
3406.331	0.5	3406331	catch	32671	n/a	catch_padded.jpg	photodiode	0
3406.673	0.0	3406673	response	7	n/a	n/a	trigger	0
3408.324	0.5	3408324	untrained	32708	59	memtrain/o_201_2.jpg	photodiode	1
3409.175	0.5	3409175	trained	32756	11	memtrain/o_117_2.jpg	photodiode	1
3410.126	0.5	3410126	untrained	32701	66	memtrain/o_342_2.jpg	photodiode	1
3410.977	0.5	3410977	catch	32671	n/a	catch_padded.jpg	photodiode	0
3411.294	0.0	3411294	response	7	n/a	n/a	trigger	0
3412.878	0.5	3412878	trained	32767	0	memtrain/o_006_1.jpg	photodiode	1
3413.629	0.5	3413629	untrained	32684	83	memtrain/so_105_1.jpg	photodiode	1
3414.488	0.5	3414488	trained	32757	10	memtrain/o_111_2.jpg	photodiode	1
3415.28	0.5	3415280	untrained	32694	73	memtrain/o_519_2.jpg	photodiode	1
3416.231	0.5	3416231	trained	32743	24	memtrain/o_357_1.jpg	photodiode	1
3417.032	0.5	3417032	catch	32671	n/a	catch_padded.jpg	photodiode	0
3417.369	0.0	3417369	response	7	n/a	n/a	trigger	0
3418.933	0.5	3418933	untrained	32715	52	memtrain/o_141_1.jpg	photodiode	1
3419.884	0.5	3419884	trained	32747	20	memtrain/o_290_1.jpg	photodiode	1
3420.635	0.5	3420635	untrained	32688	79	memtrain/o_600_1.jpg	photodiode	1
3421.435	0.5	3421435	catch	32671	n/a	catch_padded.jpg	photodiode	0
3421.783	0.0	3421783	response	7	n/a	n/a	trigger	0
3423.537	0.5	3423537	untrained	32685	82	memtrain/o_656_1.jpg	photodiode	1
3424.488	0.5	3424488	trained	32745	22	memtrain/o_321_1.jpg	photodiode	1
3425.239	0.5	3425239	untrained	32700	67	memtrain/o_378_1.jpg	photodiode	1
3426.039	0.5	3426039	catch	32671	n/a	catch_padded.jpg	photodiode	0
3426.432	0.0	3426432	response	7	n/a	n/a	trigger	0
3427.991	0.5	3427991	trained	32749	18	memtrain/o_264_2.jpg	photodiode	1
3428.742	0.5	3428742	untrained	32687	80	memtrain/o_613_1.jpg	photodiode	1
3429.642	0.5	3429642	trained	32742	25	memtrain/o_358_2.jpg	photodiode	1
3430.393	0.5	3430393	catch	32671	n/a	catch_padded.jpg	photodiode	0
3430.785	0.0	3430785	response	7	n/a	n/a	trigger	0
3432.345	0.5	3432345	untrained	32707	60	memtrain/o_228_2.jpg	photodiode	1
3433.145	0.5	3433145	untrained	32674	93	memtrain/so_035_1.jpg	photodiode	1
3433.896	0.5	3433896	untrained	32709	58	memtrain/o_192_1.jpg	photodiode	1
3434.797	0.5	3434797	catch	32671	n/a	catch_padded.jpg	photodiode	0
3435.102	0.0	3435102	response	7	n/a	n/a	trigger	0
3436.899	0.5	3436899	trained	32759	8	memtrain/o_094_1.jpg	photodiode	1
3437.691	0.5	3437691	untrained	32717	50	memtrain/o_057_2.jpg	photodiode	1
3438.541	0.5	3438541	untrained	32712	55	memtrain/o_153_2.jpg	photodiode	1
3439.301	0.5	3439301	trained	32733	34	memtrain/o_558_2.jpg	photodiode	1
3440.243	0.5	3440243	trained	32738	29	memtrain/o_416_1.jpg	photodiode	1
3441.194	0.5	3441194	catch	32671	n/a	catch_padded.jpg	photodiode	0
3441.507	0.0	3441507	response	7	n/a	n/a	trigger	0
3443.095	0.5	3443095	trained	32755	12	memtrain/o_127_2.jpg	photodiode	1
3443.996	0.5	3443996	untrained	32696	71	memtrain/o_483_1.jpg	photodiode	1
3444.797	0.5	3444797	untrained	32683	84	memtrain/so_117_2.jpg	photodiode	1
3445.697	0.5	3445697	trained	32758	9	memtrain/o_101_2.jpg	photodiode	1
3446.548	0.5	3446548	catch	32671	n/a	catch_padded.jpg	photodiode	0
3446.919	0.0	3446919	response	7	n/a	n/a	trigger	0
3448.6	0.5	3448600	untrained	32695	72	memtrain/o_490_1.jpg	photodiode	1
3449.351	0.5	3449351	trained	32724	43	memtrain/so_043_2.jpg	photodiode	1
3450.301	0.5	3450301	untrained	32703	64	memtrain/o_334_2.jpg	photodiode	1
3451.252	0.5	3451252	catch	32671	n/a	catch_padded.jpg	photodiode	0
3451.612	0.0	3451612	response	7	n/a	n/a	trigger	0
3453.354	0.5	3453354	untrained	32711	56	memtrain/o_163_2.jpg	photodiode	1
3454.155	0.5	3454155	trained	32732	35	memtrain/o_561_2.jpg	photodiode	1
3455.055	0.5	3455055	untrained	32672	95	memtrain/so_125_1.jpg	photodiode	1
3455.906	0.5	3455906	catch	32671	n/a	catch_padded.jpg	photodiode	0
3456.241	0.0	3456241	response	7	n/a	n/a	trigger	0
3457.908	0.5	3457908	trained	32723	44	memtrain/so_045_1.jpg	photodiode	1
3458.658	0.5	3458658	trained	32727	40	memtrain/o_648_2.jpg	photodiode	1
3459.459	0.5	3459459	trained	32722	45	memtrain/so_090_2.jpg	photodiode	1
3460.26	0.5	3460260	trained	32735	32	memtrain/o_485_2.jpg	photodiode	1
3461.06	0.5	3461060	untrained	32708	59	memtrain/o_201_2.jpg	photodiode	1
3461.861	0.5	3461861	catch	32671	n/a	catch_padded.jpg	photodiode	0
3462.263	0.0	3462263	response	7	n/a	n/a	trigger	0
3463.863	0.5	3463863	trained	32728	39	memtrain/o_606_1.jpg	photodiode	1
3464.814	0.5	3464814	untrained	32699	68	memtrain/o_393_1.jpg	photodiode	1
3465.714	0.5	3465714	untrained	32704	63	memtrain/o_310_2.jpg	photodiode	1
3466.457	0.5	3466457	trained	32751	16	memtrain/o_199_2.jpg	photodiode	1
3467.216	0.5	3467216	untrained	32678	89	memtrain/o_469_1.jpg	photodiode	1
3468.116	0.5	3468116	catch	32671	n/a	catch_padded.jpg	photodiode	0
3468.399	0.0	3468399	response	7	n/a	n/a	trigger	0
3470.21	0.5	3470210	untrained	32680	87	memtrain/o_365_1.jpg	photodiode	1
3471.011	0.5	3471011	untrained	32716	51	memtrain/o_103_2.jpg	photodiode	1
3471.912	0.5	3471912	untrained	32698	69	memtrain/o_464_2.jpg	photodiode	1
3472.812	0.5	3472812	catch	32671	n/a	catch_padded.jpg	photodiode	0
3473.118	0.0	3473118	response	7	n/a	n/a	trigger	0
3474.914	0.5	3474914	untrained	32686	81	memtrain/o_655_2.jpg	photodiode	1
3475.665	0.5	3475665	trained	32760	7	memtrain/o_091_2.jpg	photodiode	1
3476.515	0.5	3476515	trained	32766	1	memtrain/o_015_1.jpg	photodiode	1
3477.366	0.5	3477366	untrained	32676	91	memtrain/o_605_1.jpg	photodiode	1
3478.267	0.5	3478267	trained	32753	14	memtrain/o_174_1.jpg	photodiode	1
3479.068	0.5	3479068	catch	32671	n/a	catch_padded.jpg	photodiode	0
3479.435	0.0	3479435	response	7	n/a	n/a	trigger	0
3480.969	0.5	3480969	trained	32734	33	memtrain/o_536_1.jpg	photodiode	1
3481.82	0.5	3481820	untrained	32679	88	memtrain/o_458_1.jpg	photodiode	1
3482.571	0.5	3482571	trained	32731	36	memtrain/o_583_1.jpg	photodiode	1
3483.471	0.5	3483471	trained	32767	0	memtrain/o_006_1.jpg	photodiode	1
3484.422	0.5	3484422	catch	32671	n/a	catch_padded.jpg	photodiode	0
3484.757	0.0	3484757	response	7	n/a	n/a	trigger	0
3486.524	0.5	3486524	trained	32741	26	memtrain/o_376_1.jpg	photodiode	1
3487.275	0.5	3487275	trained	32744	23	memtrain/o_338_2.jpg	photodiode	1
3488.075	0.5	3488075	untrained	32690	77	memtrain/o_574_2.jpg	photodiode	1
3488.926	0.5	3488926	untrained	32701	66	memtrain/o_342_2.jpg	photodiode	1
3489.677	0.5	3489677	catch	32671	n/a	catch_padded.jpg	photodiode	0
3490.001	0.0	3490001	response	7	n/a	n/a	trigger	0
3491.678	0.5	3491678	untrained	32705	62	memtrain/o_304_1.jpg	photodiode	1
3492.529	0.5	3492529	trained	32748	19	memtrain/o_284_2.jpg	photodiode	1
3493.48	0.5	3493480	trained	32740	27	memtrain/o_379_2.jpg	photodiode	1
3494.331	0.5	3494331	trained	32730	37	memtrain/o_597_1.jpg	photodiode	1
3495.281	0.5	3495281	catch	32671	n/a	catch_padded.jpg	photodiode	0
3495.579	0.0	3495579	response	7	n/a	n/a	trigger	0
3497.383	0.5	3497383	untrained	32682	85	memtrain/o_218_1.jpg	photodiode	1
3498.325	0.5	3498325	trained	32762	5	memtrain/o_067_1.jpg	photodiode	1
3499.126	0.5	3499126	trained	32764	3	memtrain/o_040_2.jpg	photodiode	1
3500.027	0.5	3500027	trained	32756	11	memtrain/o_117_2.jpg	photodiode	1
3500.978	0.5	3500978	catch	32671	n/a	catch_padded.jpg	photodiode	0
3501.298	0.0	3501298	response	7	n/a	n/a	trigger	0
3503.029	0.5	3503029	trained	32720	47	memtrain/so_147_2.jpg	photodiode	1
3503.93	0.5	3503930	untrained	32702	65	memtrain/o_337_2.jpg	photodiode	1
3504.681	0.5	3504681	untrained	32684	83	memtrain/so_105_1.jpg	photodiode	1
3505.582	0.5	3505582	catch	32671	n/a	catch_padded.jpg	photodiode	0
3505.96	0.0	3505960	response	7	n/a	n/a	trigger	0
3507.633	0.5	3507633	untrained	32719	48	memtrain/o_019_2.jpg	photodiode	1
3508.584	0.5	3508584	untrained	32718	49	memtrain/o_054_2.jpg	photodiode	1
3509.535	0.5	3509535	untrained	32692	75	memtrain/o_564_1.jpg	photodiode	1
3510.285	0.5	3510285	untrained	32691	76	memtrain/o_570_1.jpg	photodiode	1
3511.136	0.5	3511136	trained	32721	46	memtrain/so_113_1.jpg	photodiode	1
3511.887	0.5	3511887	catch	32671	n/a	catch_padded.jpg	photodiode	0
3512.242	0.0	3512242	response	7	n/a	n/a	trigger	0
3513.989	0.5	3513989	untrained	32677	90	memtrain/o_580_1.jpg	photodiode	1
3514.739	0.5	3514739	untrained	32697	70	memtrain/o_471_2.jpg	photodiode	1
3515.64	0.5	3515640	trained	32763	4	memtrain/o_042_1.jpg	photodiode	1
3516.491	0.5	3516491	untrained	32714	53	memtrain/o_142_2.jpg	photodiode	1
3517.241	0.5	3517241	trained	32726	41	memtrain/o_663_2.jpg	photodiode	1
3517.992	0.5	3517992	catch	32671	n/a	catch_padded.jpg	photodiode	0
3518.215	0.0	3518215	response	7	n/a	n/a	trigger	0
3520.044	0.5	3520044	trained	32746	21	memtrain/o_319_1.jpg	photodiode	1
3520.894	0.5	3520894	trained	32750	17	memtrain/o_232_1.jpg	photodiode	1
3521.645	0.5	3521645	trained	32754	13	memtrain/o_136_1.jpg	photodiode	1
3522.446	0.5	3522446	catch	32671	n/a	catch_padded.jpg	photodiode	0
3522.755	0.0	3522755	response	7	n/a	n/a	trigger	0
3524.397	0.5	3524397	untrained	32693	74	memtrain/o_550_1.jpg	photodiode	1
3525.298	0.5	3525298	untrained	32710	57	memtrain/o_171_1.jpg	photodiode	1
3526.249	0.5	3526249	trained	32739	28	memtrain/o_397_1.jpg	photodiode	1
3527.092	0.5	3527092	untrained	32681	86	memtrain/o_288_1.jpg	photodiode	1
3528.042	0.5	3528042	untrained	32675	92	memtrain/so_033_1.jpg	photodiode	1
3528.893	0.5	3528893	catch	32671	n/a	catch_padded.jpg	photodiode	0
3529.228	0.0	3529228	response	7	n/a	n/a	trigger	0
3530.795	0.5	3530795	trained	32761	6	memtrain/o_076_1.jpg	photodiode	1
3531.595	0.5	3531595	trained	32737	30	memtrain/o_437_2.jpg	photodiode	1
3532.396	0.5	3532396	trained	32736	31	memtrain/o_465_2.jpg	photodiode	1
3533.297	0.5	3533297	catch	32671	n/a	catch_padded.jpg	photodiode	0
3533.625	0.0	3533625	response	7	n/a	n/a	trigger	0
3535.299	0.5	3535299	untrained	32673	94	memtrain/so_067_1.jpg	photodiode	1
3536.199	0.5	3536199	trained	32729	38	memtrain/o_603_1.jpg	photodiode	1
3537.0	0.5	3537000	untrained	32706	61	memtrain/o_298_2.jpg	photodiode	1
3537.951	0.5	3537951	untrained	32689	78	memtrain/o_599_1.jpg	photodiode	1
3538.852	0.5	3538852	catch	32671	n/a	catch_padded.jpg	photodiode	0
3539.165	0.0	3539165	response	7	n/a	n/a	trigger	0
3540.803	0.5	3540803	trained	32765	2	memtrain/o_035_1.jpg	photodiode	1
3541.604	0.5	3541604	trained	32752	15	memtrain/o_195_1.jpg	photodiode	1
3542.463	0.5	3542463	trained	32725	42	memtrain/so_034_2.jpg	photodiode	1
3543.355	0.5	3543355	untrained	32713	54	memtrain/o_145_1.jpg	photodiode	1
3544.256	0.5	3544256	catch	32671	n/a	catch_padded.jpg	photodiode	0
3544.486	0.0	3544486	response	7	n/a	n/a	trigger	0
3546.73	0.0	3546730	block_end	120	n/a	n/a	trigger	0
3550.316	0.0	3550316	response	7	n/a	n/a	trigger	0
3550.324	0.0	3550324	block_onset	114	n/a	n/a	trigger	0
3552.38	0.5	3552380	untrained	32690	77	memtrain/o_574_2.jpg	photodiode	1
3553.13	0.5	3553130	trained	32727	40	memtrain/o_648_2.jpg	photodiode	1
3553.881	0.5	3553881	untrained	32683	84	memtrain/so_117_2.jpg	photodiode	1
3554.732	0.5	3554732	trained	32732	35	memtrain/o_561_2.jpg	photodiode	1
3555.683	0.5	3555683	untrained	32677	90	memtrain/o_580_1.jpg	photodiode	1
3556.483	0.5	3556483	catch	32671	n/a	catch_padded.jpg	photodiode	0
3556.794	0.0	3556794	response	7	n/a	n/a	trigger	0
3558.385	0.5	3558385	trained	32745	22	memtrain/o_321_1.jpg	photodiode	1
3559.336	0.5	3559336	trained	32744	23	memtrain/o_338_2.jpg	photodiode	1
3560.136	0.5	3560136	trained	32723	44	memtrain/so_045_1.jpg	photodiode	1
3560.928	0.5	3560928	untrained	32695	72	memtrain/o_490_1.jpg	photodiode	1
3561.779	0.5	3561779	catch	32671	n/a	catch_padded.jpg	photodiode	0
3562.035	0.0	3562035	response	7	n/a	n/a	trigger	0
3563.731	0.5	3563731	untrained	32672	95	memtrain/so_125_1.jpg	photodiode	1
3564.632	0.5	3564632	untrained	32716	51	memtrain/o_103_2.jpg	photodiode	1
3565.582	0.5	3565582	trained	32746	21	memtrain/o_319_1.jpg	photodiode	1
3566.483	0.5	3566483	untrained	32689	78	memtrain/o_599_1.jpg	photodiode	1
3567.384	0.5	3567384	catch	32671	n/a	catch_padded.jpg	photodiode	0
3567.713	0.0	3567713	response	7	n/a	n/a	trigger	0
3569.436	0.5	3569436	untrained	32678	89	memtrain/o_469_1.jpg	photodiode	1
3570.186	0.5	3570186	untrained	32692	75	memtrain/o_564_1.jpg	photodiode	1
3570.987	0.5	3570987	untrained	32675	92	memtrain/so_033_1.jpg	photodiode	1
3571.938	0.5	3571938	catch	32671	n/a	catch_padded.jpg	photodiode	0
3572.573	0.0	3572573	response	7	n/a	n/a	trigger	0
3573.939	0.5	3573939	trained	32738	29	memtrain/o_416_1.jpg	photodiode	1
3574.89	0.5	3574890	trained	32766	1	memtrain/o_015_1.jpg	photodiode	1
3575.741	0.5	3575741	untrained	32704	63	memtrain/o_310_2.jpg	photodiode	1
3576.492	0.5	3576492	trained	32733	34	memtrain/o_558_2.jpg	photodiode	1
3577.442	0.5	3577442	trained	32731	36	memtrain/o_583_1.jpg	photodiode	1
3578.243	0.5	3578243	catch	32671	n/a	catch_padded.jpg	photodiode	0
3578.659	0.0	3578659	response	7	n/a	n/a	trigger	0
3580.195	0.5	3580195	untrained	32693	74	memtrain/o_550_1.jpg	photodiode	1
3581.045	0.5	3581045	trained	32722	45	memtrain/so_090_2.jpg	photodiode	1
3581.846	0.5	3581846	untrained	32673	94	memtrain/so_067_1.jpg	photodiode	1
3582.747	0.5	3582747	trained	32758	9	memtrain/o_101_2.jpg	photodiode	1
3583.648	0.5	3583648	trained	32764	3	memtrain/o_040_2.jpg	photodiode	1
3584.398	0.5	3584398	catch	32671	n/a	catch_padded.jpg	photodiode	0
3584.801	0.0	3584801	response	7	n/a	n/a	trigger	0
3586.45	0.5	3586450	trained	32734	33	memtrain/o_536_1.jpg	photodiode	1
3587.401	0.5	3587401	untrained	32706	61	memtrain/o_298_2.jpg	photodiode	1
3588.152	0.5	3588152	trained	32760	7	memtrain/o_091_2.jpg	photodiode	1
3588.894	0.5	3588894	trained	32759	8	memtrain/o_094_1.jpg	photodiode	1
3589.853	0.5	3589853	catch	32671	n/a	catch_padded.jpg	photodiode	0
3590.368	0.0	3590368	response	7	n/a	n/a	trigger	0
3591.746	0.5	3591746	trained	32743	24	memtrain/o_357_1.jpg	photodiode	1
3592.597	0.5	3592597	trained	32753	14	memtrain/o_174_1.jpg	photodiode	1
3593.498	0.5	3593498	trained	32730	37	memtrain/o_597_1.jpg	photodiode	1
3594.399	0.5	3594399	catch	32671	n/a	catch_padded.jpg	photodiode	0
3594.741	0.0	3594741	response	7	n/a	n/a	trigger	0
3596.35	0.5	3596350	untrained	32680	87	memtrain/o_365_1.jpg	photodiode	1
3597.101	0.5	3597101	untrained	32701	66	memtrain/o_342_2.jpg	photodiode	1
3598.052	0.5	3598052	untrained	32687	80	memtrain/o_613_1.jpg	photodiode	1
3598.953	0.5	3598953	catch	32671	n/a	catch_padded.jpg	photodiode	0
3599.309	0.0	3599309	response	7	n/a	n/a	trigger	0
3600.954	0.5	3600954	untrained	32681	86	memtrain/o_288_1.jpg	photodiode	1
3601.905	0.5	3601905	trained	32765	2	memtrain/o_035_1.jpg	photodiode	1
3602.656	0.5	3602656	trained	32736	31	memtrain/o_465_2.jpg	photodiode	1
3603.607	0.5	3603607	catch	32671	n/a	catch_padded.jpg	photodiode	0
3604.051	0.0	3604051	response	7	n/a	n/a	trigger	0
3605.558	0.5	3605558	trained	32748	19	memtrain/o_284_2.jpg	photodiode	1
3606.309	0.5	3606309	trained	32747	20	memtrain/o_290_1.jpg	photodiode	1
3607.21	0.5	3607210	untrained	32691	76	memtrain/o_570_1.jpg	photodiode	1
3608.11	0.5	3608110	catch	32671	n/a	catch_padded.jpg	photodiode	0
3608.472	0.0	3608472	response	7	n/a	n/a	trigger	0
3610.162	0.5	3610162	untrained	32682	85	memtrain/o_218_1.jpg	photodiode	1
3610.963	0.5	3610963	untrained	32707	60	memtrain/o_228_2.jpg	photodiode	1
3611.763	0.5	3611763	trained	32755	12	memtrain/o_127_2.jpg	photodiode	1
3612.564	0.5	3612564	trained	32720	47	memtrain/so_147_2.jpg	photodiode	1
3613.365	0.5	3613365	catch	32671	n/a	catch_padded.jpg	photodiode	0
3613.71	0.0	3613710	response	7	n/a	n/a	trigger	0
3615.366	0.5	3615366	trained	32737	30	memtrain/o_437_2.jpg	photodiode	1
3616.167	0.5	3616167	untrained	32703	64	memtrain/o_334_2.jpg	photodiode	1
3616.918	0.5	3616918	trained	32757	10	memtrain/o_111_2.jpg	photodiode	1
3617.769	0.5	3617769	untrained	32715	52	memtrain/o_141_1.jpg	photodiode	1
3618.611	0.5	3618611	trained	32742	25	memtrain/o_358_2.jpg	photodiode	1
3619.52	0.5	3619520	catch	32671	n/a	catch_padded.jpg	photodiode	0
3619.788	0.0	3619788	response	7	n/a	n/a	trigger	0
3621.563	0.5	3621563	trained	32729	38	memtrain/o_603_1.jpg	photodiode	1
3622.414	0.5	3622414	untrained	32717	50	memtrain/o_057_2.jpg	photodiode	1
3623.365	0.5	3623365	untrained	32711	56	memtrain/o_163_2.jpg	photodiode	1
3624.265	0.5	3624265	untrained	32698	69	memtrain/o_464_2.jpg	photodiode	1
3625.216	0.5	3625216	catch	32671	n/a	catch_padded.jpg	photodiode	0
3625.583	0.0	3625583	response	7	n/a	n/a	trigger	0
3627.218	0.5	3627218	trained	32739	28	memtrain/o_397_1.jpg	photodiode	1
3628.119	0.5	3628119	trained	32752	15	memtrain/o_195_1.jpg	photodiode	1
3628.969	0.5	3628969	untrained	32709	58	memtrain/o_192_1.jpg	photodiode	1
3629.87	0.5	3629870	untrained	32697	70	memtrain/o_471_2.jpg	photodiode	1
3630.621	0.5	3630621	untrained	32702	65	memtrain/o_337_2.jpg	photodiode	1
3631.472	0.5	3631472	catch	32671	n/a	catch_padded.jpg	photodiode	0
3631.836	0.0	3631836	response	7	n/a	n/a	trigger	0
3633.573	0.5	3633573	trained	32750	17	memtrain/o_232_1.jpg	photodiode	1
3634.524	0.5	3634524	trained	32767	0	memtrain/o_006_1.jpg	photodiode	1
3635.475	0.5	3635475	trained	32749	18	memtrain/o_264_2.jpg	photodiode	1
3636.276	0.5	3636276	untrained	32712	55	memtrain/o_153_2.jpg	photodiode	1
3637.076	0.5	3637076	catch	32671	n/a	catch_padded.jpg	photodiode	0
3637.416	0.0	3637416	response	7	n/a	n/a	trigger	0
3639.028	0.5	3639028	trained	32762	5	memtrain/o_067_1.jpg	photodiode	1
3639.979	0.5	3639979	trained	32725	42	memtrain/so_034_2.jpg	photodiode	1
3640.93	0.5	3640930	untrained	32685	82	memtrain/o_656_1.jpg	photodiode	1
3641.83	0.5	3641830	catch	32671	n/a	catch_padded.jpg	photodiode	0
3642.298	0.0	3642298	response	7	n/a	n/a	trigger	0
3643.882	0.5	3643882	untrained	32718	49	memtrain/o_054_2.jpg	photodiode	1
3644.733	0.5	3644733	trained	32735	32	memtrain/o_485_2.jpg	photodiode	1
3645.483	0.5	3645483	trained	32761	6	memtrain/o_076_1.jpg	photodiode	1
3646.234	0.5	3646234	untrained	32688	79	memtrain/o_600_1.jpg	photodiode	1
3647.185	0.5	3647185	catch	32671	n/a	catch_padded.jpg	photodiode	0
3647.384	0.0	3647384	response	7	n/a	n/a	trigger	0
3649.128	0.5	3649128	untrained	32676	91	memtrain/o_605_1.jpg	photodiode	1
3650.029	0.5	3650029	untrained	32674	93	memtrain/so_035_1.jpg	photodiode	1
3650.88	0.5	3650880	untrained	32719	48	memtrain/o_019_2.jpg	photodiode	1
3651.731	0.5	3651731	trained	32728	39	memtrain/o_606_1.jpg	photodiode	1
3652.531	0.5	3652531	untrained	32694	73	memtrain/o_519_2.jpg	photodiode	1
3653.382	0.5	3653382	catch	32671	n/a	catch_padded.jpg	photodiode	0
3653.674	0.0	3653674	response	7	n/a	n/a	trigger	0
3655.334	0.5	3655334	untrained	32684	83	memtrain/so_105_1.jpg	photodiode	1
3656.084	0.5	3656084	trained	32721	46	memtrain/so_113_1.jpg	photodiode	1
3656.985	0.5	3656985	trained	32751	16	memtrain/o_199_2.jpg	photodiode	1
3657.936	0.5	3657936	trained	32740	27	memtrain/o_379_2.jpg	photodiode	1
3658.687	0.5	3658687	catch	32671	n/a	catch_padded.jpg	photodiode	0
3658.995	0.0	3658995	response	7	n/a	n/a	trigger	0
3660.638	0.5	3660638	untrained	32699	68	memtrain/o_393_1.jpg	photodiode	1
3661.439	0.5	3661439	untrained	32705	62	memtrain/o_304_1.jpg	photodiode	1
3662.29	0.5	3662290	untrained	32686	81	memtrain/o_655_2.jpg	photodiode	1
3663.24	0.5	3663240	untrained	32679	88	memtrain/o_458_1.jpg	photodiode	1
3663.991	0.5	3663991	catch	32671	n/a	catch_padded.jpg	photodiode	0
3664.369	0.0	3664369	response	7	n/a	n/a	trigger	0
3666.093	0.5	3666093	trained	32763	4	memtrain/o_042_1.jpg	photodiode	1
3666.944	0.5	3666944	trained	32756	11	memtrain/o_117_2.jpg	photodiode	1
3667.694	0.5	3667694	untrained	32708	59	memtrain/o_201_2.jpg	photodiode	1
3668.545	0.5	3668545	untrained	32696	71	memtrain/o_483_1.jpg	photodiode	1
3669.296	0.5	3669296	catch	32671	n/a	catch_padded.jpg	photodiode	0
3669.625	0.0	3669625	response	7	n/a	n/a	trigger	0
3671.397	0.5	3671397	trained	32754	13	memtrain/o_136_1.jpg	photodiode	1
3672.148	0.5	3672148	untrained	32714	53	memtrain/o_142_2.jpg	photodiode	1
3672.999	0.5	3672999	untrained	32713	54	memtrain/o_145_1.jpg	photodiode	1
3673.899	0.5	3673899	trained	32741	26	memtrain/o_376_1.jpg	photodiode	1
3674.7	0.5	3674700	trained	32724	43	memtrain/so_043_2.jpg	photodiode	1
3675.451	0.5	3675451	catch	32671	n/a	catch_padded.jpg	photodiode	0
3675.712	0.0	3675712	response	7	n/a	n/a	trigger	0
3677.553	0.5	3677553	untrained	32710	57	memtrain/o_171_1.jpg	photodiode	1
3678.295	0.5	3678295	untrained	32700	67	memtrain/o_378_1.jpg	photodiode	1
3679.045	0.5	3679045	trained	32726	41	memtrain/o_663_2.jpg	photodiode	1
3679.896	0.5	3679896	trained	32761	6	memtrain/o_076_1.jpg	photodiode	1
3680.797	0.5	3680797	untrained	32701	66	memtrain/o_342_2.jpg	photodiode	1
3681.748	0.5	3681748	catch	32671	n/a	catch_padded.jpg	photodiode	0
3682.086	0.0	3682086	response	7	n/a	n/a	trigger	0
3683.849	0.5	3683849	untrained	32707	60	memtrain/o_228_2.jpg	photodiode	1
3684.65	0.5	3684650	trained	32736	31	memtrain/o_465_2.jpg	photodiode	1
3685.551	0.5	3685551	trained	32762	5	memtrain/o_067_1.jpg	photodiode	1
3686.301	0.5	3686301	trained	32729	38	memtrain/o_603_1.jpg	photodiode	1
3687.102	0.5	3687102	untrained	32673	94	memtrain/so_067_1.jpg	photodiode	1
3688.011	0.5	3688011	catch	32671	n/a	catch_padded.jpg	photodiode	0
3688.273	0.0	3688273	response	7	n/a	n/a	trigger	0
3690.105	0.5	3690105	untrained	32710	57	memtrain/o_171_1.jpg	photodiode	1
3691.055	0.5	3691055	trained	32740	27	memtrain/o_379_2.jpg	photodiode	1
3691.856	0.5	3691856	untrained	32697	70	memtrain/o_471_2.jpg	photodiode	1
3692.657	0.5	3692657	trained	32752	15	memtrain/o_195_1.jpg	photodiode	1
3693.608	0.5	3693608	trained	32741	26	memtrain/o_376_1.jpg	photodiode	1
3694.358	0.5	3694358	catch	32671	n/a	catch_padded.jpg	photodiode	0
3694.683	0.0	3694683	response	7	n/a	n/a	trigger	0
3696.36	0.5	3696360	trained	32756	11	memtrain/o_117_2.jpg	photodiode	1
3697.161	0.5	3697161	untrained	32679	88	memtrain/o_458_1.jpg	photodiode	1
3697.911	0.5	3697911	untrained	32698	69	memtrain/o_464_2.jpg	photodiode	1
3698.762	0.5	3698762	catch	32671	n/a	catch_padded.jpg	photodiode	0
3699.067	0.0	3699067	response	7	n/a	n/a	trigger	0
3700.814	0.5	3700814	untrained	32687	80	memtrain/o_613_1.jpg	photodiode	1
3701.764	0.5	3701764	untrained	32688	79	memtrain/o_600_1.jpg	photodiode	1
3702.715	0.5	3702715	untrained	32716	51	memtrain/o_103_2.jpg	photodiode	1
3703.566	0.5	3703566	trained	32723	44	memtrain/so_045_1.jpg	photodiode	1
3704.417	0.5	3704417	untrained	32692	75	memtrain/o_564_1.jpg	photodiode	1
3705.368	0.5	3705368	catch	32671	n/a	catch_padded.jpg	photodiode	0
3705.74	0.0	3705740	response	7	n/a	n/a	trigger	0
3707.369	0.5	3707369	trained	32747	20	memtrain/o_290_1.jpg	photodiode	1
3708.112	0.5	3708112	trained	32744	23	memtrain/o_338_2.jpg	photodiode	1
3709.013	0.5	3709013	trained	32730	37	memtrain/o_597_1.jpg	photodiode	1
3709.763	0.5	3709763	catch	32671	n/a	catch_padded.jpg	photodiode	0
3710.09	0.0	3710090	response	7	n/a	n/a	trigger	0
3711.823	0.5	3711823	trained	32754	13	memtrain/o_136_1.jpg	photodiode	1
3712.666	0.5	3712666	trained	32724	43	memtrain/so_043_2.jpg	photodiode	1
3713.416	0.5	3713416	trained	32731	36	memtrain/o_583_1.jpg	photodiode	1
3714.167	0.5	3714167	catch	32671	n/a	catch_padded.jpg	photodiode	0
3714.57	0.0	3714570	response	7	n/a	n/a	trigger	0
3716.119	0.5	3716119	trained	32746	21	memtrain/o_319_1.jpg	photodiode	1
3717.069	0.5	3717069	untrained	32719	48	memtrain/o_019_2.jpg	photodiode	1
3717.82	0.5	3717820	trained	32766	1	memtrain/o_015_1.jpg	photodiode	1
3718.671	0.5	3718671	untrained	32686	81	memtrain/o_655_2.jpg	photodiode	1
3719.471	0.5	3719471	catch	32671	n/a	catch_padded.jpg	photodiode	0
3719.826	0.0	3719826	response	7	n/a	n/a	trigger	0
3721.373	0.5	3721373	trained	32748	19	memtrain/o_284_2.jpg	photodiode	1
3722.174	0.5	3722174	untrained	32681	86	memtrain/o_288_1.jpg	photodiode	1
3722.924	0.5	3722924	untrained	32704	63	memtrain/o_310_2.jpg	photodiode	1
3723.825	0.5	3723825	catch	32671	n/a	catch_padded.jpg	photodiode	0
3724.179	0.0	3724179	response	7	n/a	n/a	trigger	0
3725.927	0.5	3725927	untrained	32696	71	memtrain/o_483_1.jpg	photodiode	1
3726.678	0.5	3726678	trained	32767	0	memtrain/o_006_1.jpg	photodiode	1
3727.428	0.5	3727428	trained	32763	4	memtrain/o_042_1.jpg	photodiode	1
3728.279	0.5	3728279	untrained	32703	64	memtrain/o_334_2.jpg	photodiode	1
3729.18	0.5	3729180	trained	32745	22	memtrain/o_321_1.jpg	photodiode	1
3730.03	0.5	3730030	catch	32671	n/a	catch_padded.jpg	photodiode	0
3730.365	0.0	3730365	response	7	n/a	n/a	trigger	0
3732.132	0.5	3732132	untrained	32689	78	memtrain/o_599_1.jpg	photodiode	1
3732.883	0.5	3732883	untrained	32680	87	memtrain/o_365_1.jpg	photodiode	1
3733.633	0.5	3733633	trained	32755	12	memtrain/o_127_2.jpg	photodiode	1
3734.584	0.5	3734584	trained	32726	41	memtrain/o_663_2.jpg	photodiode	1
3735.435	0.5	3735435	untrained	32700	67	memtrain/o_378_1.jpg	photodiode	1
3736.286	0.5	3736286	catch	32671	n/a	catch_padded.jpg	photodiode	0
3736.699	0.0	3736699	response	7	n/a	n/a	trigger	0
3738.237	0.5	3738237	trained	32758	9	memtrain/o_101_2.jpg	photodiode	1
3739.129	0.5	3739129	untrained	32690	77	memtrain/o_574_2.jpg	photodiode	1
3739.98	0.5	3739980	trained	32735	32	memtrain/o_485_2.jpg	photodiode	1
3740.731	0.5	3740731	untrained	32672	95	memtrain/so_125_1.jpg	photodiode	1
3741.532	0.5	3741532	catch	32671	n/a	catch_padded.jpg	photodiode	0
3741.864	0.0	3741864	response	7	n/a	n/a	trigger	0
3743.483	0.5	3743483	trained	32720	47	memtrain/so_147_2.jpg	photodiode	1
3744.284	0.5	3744284	untrained	32684	83	memtrain/so_105_1.jpg	photodiode	1
3745.034	0.5	3745034	trained	32738	29	memtrain/o_416_1.jpg	photodiode	1
3745.835	0.5	3745835	catch	32671	n/a	catch_padded.jpg	photodiode	0
3746.183	0.0	3746183	response	7	n/a	n/a	trigger	0
3747.737	0.5	3747737	untrained	32691	76	memtrain/o_570_1.jpg	photodiode	1
3748.487	0.5	3748487	trained	32764	3	memtrain/o_040_2.jpg	photodiode	1
3749.238	0.5	3749238	trained	32727	40	memtrain/o_648_2.jpg	photodiode	1
3750.189	0.5	3750189	catch	32671	n/a	catch_padded.jpg	photodiode	0
3750.548	0.0	3750548	response	7	n/a	n/a	trigger	0
3752.241	0.5	3752241	untrained	32702	65	memtrain/o_337_2.jpg	photodiode	1
3753.041	0.5	3753041	trained	32759	8	memtrain/o_094_1.jpg	photodiode	1
3753.892	0.5	3753892	trained	32728	39	memtrain/o_606_1.jpg	photodiode	1
3754.743	0.5	3754743	catch	32671	n/a	catch_padded.jpg	photodiode	0
3755.018	0.0	3755018	response	7	n/a	n/a	trigger	0
3756.794	0.5	3756794	trained	32765	2	memtrain/o_035_1.jpg	photodiode	1
3757.745	0.5	3757745	trained	32743	24	memtrain/o_357_1.jpg	photodiode	1
3758.546	0.5	3758546	trained	32721	46	memtrain/so_113_1.jpg	photodiode	1
3759.497	0.5	3759497	catch	32671	n/a	catch_padded.jpg	photodiode	0
3759.805	0.0	3759805	response	7	n/a	n/a	trigger	0
3761.398	0.5	3761398	untrained	32711	56	memtrain/o_163_2.jpg	photodiode	1
3762.299	0.5	3762299	untrained	32718	49	memtrain/o_054_2.jpg	photodiode	1
3763.05	0.5	3763050	untrained	32676	91	memtrain/o_605_1.jpg	photodiode	1
3764.001	0.5	3764001	catch	32671	n/a	catch_padded.jpg	photodiode	0
3764.24	0.0	3764240	response	7	n/a	n/a	trigger	0
3766.002	0.5	3766002	trained	32757	10	memtrain/o_111_2.jpg	photodiode	1
3766.803	0.5	3766803	trained	32734	33	memtrain/o_536_1.jpg	photodiode	1
3767.646	0.5	3767646	trained	32750	17	memtrain/o_232_1.jpg	photodiode	1
3768.546	0.5	3768546	untrained	32674	93	memtrain/so_035_1.jpg	photodiode	1
3769.397	0.5	3769397	trained	32725	42	memtrain/so_034_2.jpg	photodiode	1
3770.248	0.5	3770248	catch	32671	n/a	catch_padded.jpg	photodiode	0
3770.525	0.0	3770525	response	7	n/a	n/a	trigger	0
3772.3	0.5	3772300	untrained	32677	90	memtrain/o_580_1.jpg	photodiode	1
3773.15	0.5	3773150	untrained	32685	82	memtrain/o_656_1.jpg	photodiode	1
3773.951	0.5	3773951	trained	32749	18	memtrain/o_264_2.jpg	photodiode	1
3774.802	0.5	3774802	untrained	32715	52	memtrain/o_141_1.jpg	photodiode	1
3775.602	0.5	3775602	catch	32671	n/a	catch_padded.jpg	photodiode	0
3775.928	0.0	3775928	response	7	n/a	n/a	trigger	0
3777.654	0.5	3777654	trained	32732	35	memtrain/o_561_2.jpg	photodiode	1
3778.505	0.5	3778505	untrained	32709	58	memtrain/o_192_1.jpg	photodiode	1
3779.305	0.5	3779305	untrained	32706	61	memtrain/o_298_2.jpg	photodiode	1
3780.206	0.5	3780206	untrained	32713	54	memtrain/o_145_1.jpg	photodiode	1
3781.157	0.5	3781157	catch	32671	n/a	catch_padded.jpg	photodiode	0
3781.518	0.0	3781518	response	7	n/a	n/a	trigger	0
3783.209	0.5	3783209	untrained	32694	73	memtrain/o_519_2.jpg	photodiode	1
3784.11	0.5	3784110	untrained	32714	53	memtrain/o_142_2.jpg	photodiode	1
3785.01	0.5	3785010	untrained	32682	85	memtrain/o_218_1.jpg	photodiode	1
3785.811	0.5	3785811	untrained	32705	62	memtrain/o_304_1.jpg	photodiode	1
3786.762	0.5	3786762	untrained	32678	89	memtrain/o_469_1.jpg	photodiode	1
3787.612	0.5	3787612	catch	32671	n/a	catch_padded.jpg	photodiode	0
3788.051	0.0	3788051	response	7	n/a	n/a	trigger	0
3789.514	0.5	3789514	untrained	32693	74	memtrain/o_550_1.jpg	photodiode	1
3790.415	0.5	3790415	trained	32737	30	memtrain/o_437_2.jpg	photodiode	1
3791.366	0.5	3791366	untrained	32708	59	memtrain/o_201_2.jpg	photodiode	1
3792.316	0.5	3792316	catch	32671	n/a	catch_padded.jpg	photodiode	0
3792.774	0.0	3792774	response	7	n/a	n/a	trigger	0
3794.268	0.5	3794268	untrained	32699	68	memtrain/o_393_1.jpg	photodiode	1
3795.219	0.5	3795219	trained	32751	16	memtrain/o_199_2.jpg	photodiode	1
3796.061	0.5	3796061	untrained	32683	84	memtrain/so_117_2.jpg	photodiode	1
3796.912	0.5	3796912	trained	32753	14	memtrain/o_174_1.jpg	photodiode	1
3797.813	0.5	3797813	trained	32739	28	memtrain/o_397_1.jpg	photodiode	1
3798.763	0.5	3798763	catch	32671	n/a	catch_padded.jpg	photodiode	0
3799.375	0.0	3799375	response	7	n/a	n/a	trigger	0
3800.815	0.5	3800815	untrained	32675	92	memtrain/so_033_1.jpg	photodiode	1
3801.616	0.5	3801616	trained	32733	34	memtrain/o_558_2.jpg	photodiode	1
3802.366	0.5	3802366	trained	32722	45	memtrain/so_090_2.jpg	photodiode	1
3803.267	0.5	3803267	untrained	32717	50	memtrain/o_057_2.jpg	photodiode	1
3804.068	0.5	3804068	catch	32671	n/a	catch_padded.jpg	photodiode	0
3804.385	0.0	3804385	response	7	n/a	n/a	trigger	0
3806.17	0.5	3806170	untrained	32695	72	memtrain/o_490_1.jpg	photodiode	1
3807.12	0.5	3807120	trained	32742	25	memtrain/o_358_2.jpg	photodiode	1
3808.021	0.5	3808021	untrained	32712	55	memtrain/o_153_2.jpg	photodiode	1
3808.922	0.5	3808922	trained	32760	7	memtrain/o_091_2.jpg	photodiode	1
3809.723	0.5	3809723	catch	32671	n/a	catch_padded.jpg	photodiode	0
3810.033	0.0	3810033	response	7	n/a	n/a	trigger	0
3812.197	0.0	3812197	block_end	120	n/a	n/a	trigger	0
3815.844	0.0	3815844	response	7	n/a	n/a	trigger	0
3815.849	0.0	3815849	block_onset	115	n/a	n/a	trigger	0
3817.896	0.5	3817896	trained	32738	29	memtrain/o_416_1.jpg	photodiode	1
3818.706	0.5	3818706	trained	32760	7	memtrain/o_091_2.jpg	photodiode	1
3819.556	0.5	3819556	trained	32734	33	memtrain/o_536_1.jpg	photodiode	1
3820.298	0.5	3820298	catch	32671	n/a	catch_padded.jpg	photodiode	0
3820.632	0.0	3820632	response	7	n/a	n/a	trigger	0
3822.259	0.5	3822259	untrained	32678	89	memtrain/o_469_1.jpg	photodiode	1
3823.151	0.5	3823151	untrained	32713	54	memtrain/o_145_1.jpg	photodiode	1
3823.901	0.5	3823901	untrained	32691	76	memtrain/o_570_1.jpg	photodiode	1
3824.852	0.5	3824852	untrained	32684	83	memtrain/so_105_1.jpg	photodiode	1
3825.603	0.5	3825603	catch	32671	n/a	catch_padded.jpg	photodiode	0
3825.923	0.0	3825923	response	7	n/a	n/a	trigger	0
3827.705	0.5	3827705	untrained	32710	57	memtrain/o_171_1.jpg	photodiode	1
3828.655	0.5	3828655	trained	32720	47	memtrain/so_147_2.jpg	photodiode	1
3829.406	0.5	3829406	trained	32733	34	memtrain/o_558_2.jpg	photodiode	1
3830.207	0.5	3830207	catch	32671	n/a	catch_padded.jpg	photodiode	0
3830.651	0.0	3830651	response	7	n/a	n/a	trigger	0
3832.308	0.5	3832308	trained	32737	30	memtrain/o_437_2.jpg	photodiode	1
3833.259	0.5	3833259	untrained	32703	64	memtrain/o_334_2.jpg	photodiode	1
3834.01	0.5	3834010	trained	32766	1	memtrain/o_015_1.jpg	photodiode	1
3834.961	0.5	3834961	catch	32671	n/a	catch_padded.jpg	photodiode	0
3835.284	0.0	3835284	response	7	n/a	n/a	trigger	0
3836.912	0.5	3836912	trained	32726	41	memtrain/o_663_2.jpg	photodiode	1
3837.663	0.5	3837663	trained	32746	21	memtrain/o_319_1.jpg	photodiode	1
3838.514	0.5	3838514	untrained	32675	92	memtrain/so_033_1.jpg	photodiode	1
3839.465	0.5	3839465	catch	32671	n/a	catch_padded.jpg	photodiode	0
3839.797	0.0	3839797	response	7	n/a	n/a	trigger	0
3841.566	0.5	3841566	untrained	32685	82	memtrain/o_656_1.jpg	photodiode	1
3842.367	0.5	3842367	untrained	32704	63	memtrain/o_310_2.jpg	photodiode	1
3843.318	0.5	3843318	trained	32721	46	memtrain/so_113_1.jpg	photodiode	1
3844.168	0.5	3844168	trained	32764	3	memtrain/o_040_2.jpg	photodiode	1
3845.019	0.5	3845019	catch	32671	n/a	catch_padded.jpg	photodiode	0
3845.283	0.0	3845283	response	7	n/a	n/a	trigger	0
3847.121	0.5	3847121	trained	32762	5	memtrain/o_067_1.jpg	photodiode	1
3848.072	0.5	3848072	trained	32745	22	memtrain/o_321_1.jpg	photodiode	1
3848.923	0.5	3848923	trained	32765	2	memtrain/o_035_1.jpg	photodiode	1
3849.723	0.5	3849723	catch	32671	n/a	catch_padded.jpg	photodiode	0
3850.163	0.0	3850163	response	7	n/a	n/a	trigger	0
3851.725	0.5	3851725	untrained	32696	71	memtrain/o_483_1.jpg	photodiode	1
3852.618	0.5	3852618	trained	32761	6	memtrain/o_076_1.jpg	photodiode	1
3853.418	0.5	3853418	trained	32750	17	memtrain/o_232_1.jpg	photodiode	1
3854.319	0.5	3854319	trained	32763	4	memtrain/o_042_1.jpg	photodiode	1
3855.27	0.5	3855270	catch	32671	n/a	catch_padded.jpg	photodiode	0
3855.604	0.0	3855604	response	7	n/a	n/a	trigger	0
3857.23	0.5	3857230	untrained	32718	49	memtrain/o_054_2.jpg	photodiode	1
3858.022	0.5	3858022	trained	32758	9	memtrain/o_101_2.jpg	photodiode	1
3858.923	0.5	3858923	untrained	32712	55	memtrain/o_153_2.jpg	photodiode	1
3859.824	0.5	3859824	catch	32671	n/a	catch_padded.jpg	photodiode	0
3860.252	0.0	3860252	response	7	n/a	n/a	trigger	0
3861.725	0.5	3861725	untrained	32695	72	memtrain/o_490_1.jpg	photodiode	1
3862.476	0.5	3862476	trained	32741	26	memtrain/o_376_1.jpg	photodiode	1
3863.377	0.5	3863377	trained	32754	13	memtrain/o_136_1.jpg	photodiode	1
3864.277	0.5	3864277	catch	32671	n/a	catch_padded.jpg	photodiode	0
3864.712	0.0	3864712	response	7	n/a	n/a	trigger	0
3866.279	0.5	3866279	untrained	32709	58	memtrain/o_192_1.jpg	photodiode	1
3867.03	0.5	3867030	untrained	32705	62	memtrain/o_304_1.jpg	photodiode	1
3867.78	0.5	3867780	untrained	32717	50	memtrain/o_057_2.jpg	photodiode	1
3868.581	0.5	3868581	untrained	32699	68	memtrain/o_393_1.jpg	photodiode	1
3869.332	0.5	3869332	catch	32671	n/a	catch_padded.jpg	photodiode	0
3869.644	0.0	3869644	response	7	n/a	n/a	trigger	0
3871.383	0.5	3871383	untrained	32690	77	memtrain/o_574_2.jpg	photodiode	1
3872.334	0.5	3872334	trained	32748	19	memtrain/o_284_2.jpg	photodiode	1
3873.185	0.5	3873185	trained	32723	44	memtrain/so_045_1.jpg	photodiode	1
3873.986	0.5	3873986	untrained	32698	69	memtrain/o_464_2.jpg	photodiode	1
3874.305	0.0	3874305	response	7	n/a	n/a	trigger	0
3874.937	0.5	3874937	catch	32671	n/a	catch_padded.jpg	photodiode	0
3876.938	0.5	3876938	trained	32728	39	memtrain/o_606_1.jpg	photodiode	1
3877.789	0.5	3877789	trained	32739	28	memtrain/o_397_1.jpg	photodiode	1
3878.74	0.5	3878740	trained	32735	32	memtrain/o_485_2.jpg	photodiode	1
3879.691	0.5	3879691	trained	32724	43	memtrain/so_043_2.jpg	photodiode	1
3880.491	0.5	3880491	trained	32757	10	memtrain/o_111_2.jpg	photodiode	1
3881.292	0.5	3881292	catch	32671	n/a	catch_padded.jpg	photodiode	0
3881.637	0.0	3881637	response	7	n/a	n/a	trigger	0
3883.385	0.5	3883385	untrained	32694	73	memtrain/o_519_2.jpg	photodiode	1
3884.144	0.5	3884144	untrained	32702	65	memtrain/o_337_2.jpg	photodiode	1
3884.886	0.5	3884886	trained	32731	36	memtrain/o_583_1.jpg	photodiode	1
3885.837	0.5	3885837	trained	32751	16	memtrain/o_199_2.jpg	photodiode	1
3886.638	0.5	3886638	untrained	32679	88	memtrain/o_458_1.jpg	photodiode	1
3887.539	0.5	3887539	catch	32671	n/a	catch_padded.jpg	photodiode	0
3887.877	0.0	3887877	response	7	n/a	n/a	trigger	0
3889.54	0.5	3889540	trained	32753	14	memtrain/o_174_1.jpg	photodiode	1
3890.491	0.5	3890491	trained	32747	20	memtrain/o_290_1.jpg	photodiode	1
3891.292	0.5	3891292	trained	32722	45	memtrain/so_090_2.jpg	photodiode	1
3892.042	0.5	3892042	catch	32671	n/a	catch_padded.jpg	photodiode	0
3892.377	0.0	3892377	response	7	n/a	n/a	trigger	0
3893.994	0.5	3893994	untrained	32687	80	memtrain/o_613_1.jpg	photodiode	1
3894.945	0.5	3894945	trained	32744	23	memtrain/o_338_2.jpg	photodiode	1
3895.796	0.5	3895796	untrained	32686	81	memtrain/o_655_2.jpg	photodiode	1
3896.596	0.5	3896596	trained	32736	31	memtrain/o_465_2.jpg	photodiode	1
3897.447	0.5	3897447	catch	32671	n/a	catch_padded.jpg	photodiode	0
3897.781	0.0	3897781	response	7	n/a	n/a	trigger	0
3899.449	0.5	3899449	untrained	32674	93	memtrain/so_035_1.jpg	photodiode	1
3900.199	0.5	3900199	trained	32756	11	memtrain/o_117_2.jpg	photodiode	1
3900.95	0.5	3900950	trained	32725	42	memtrain/so_034_2.jpg	photodiode	1
3901.751	0.5	3901751	untrained	32697	70	memtrain/o_471_2.jpg	photodiode	1
3902.551	0.5	3902551	catch	32671	n/a	catch_padded.jpg	photodiode	0
3902.846	0.0	3902846	response	7	n/a	n/a	trigger	0
3904.653	0.5	3904653	untrained	32683	84	memtrain/so_117_2.jpg	photodiode	1
3905.504	0.5	3905504	untrained	32719	48	memtrain/o_019_2.jpg	photodiode	1
3906.405	0.5	3906405	untrained	32716	51	memtrain/o_103_2.jpg	photodiode	1
3907.155	0.5	3907155	trained	32729	38	memtrain/o_603_1.jpg	photodiode	1
3907.906	0.5	3907906	catch	32671	n/a	catch_padded.jpg	photodiode	0
3908.248	0.0	3908248	response	7	n/a	n/a	trigger	0
3909.858	0.5	3909858	untrained	32681	86	memtrain/o_288_1.jpg	photodiode	1
3910.75	0.5	3910750	trained	32752	15	memtrain/o_195_1.jpg	photodiode	1
3911.601	0.5	3911601	untrained	32689	78	memtrain/o_599_1.jpg	photodiode	1
3912.552	0.5	3912552	untrained	32708	59	memtrain/o_201_2.jpg	photodiode	1
3913.503	0.5	3913503	trained	32732	35	memtrain/o_561_2.jpg	photodiode	1
3914.403	0.5	3914403	catch	32671	n/a	catch_padded.jpg	photodiode	0
3914.823	0.0	3914823	response	7	n/a	n/a	trigger	0
3916.355	0.5	3916355	trained	32755	12	memtrain/o_127_2.jpg	photodiode	1
3917.206	0.5	3917206	untrained	32682	85	memtrain/o_218_1.jpg	photodiode	1
3917.956	0.5	3917956	untrained	32673	94	memtrain/so_067_1.jpg	photodiode	1
3918.857	0.5	3918857	trained	32749	18	memtrain/o_264_2.jpg	photodiode	1
3919.808	0.5	3919808	untrained	32707	60	memtrain/o_228_2.jpg	photodiode	1
3920.609	0.5	3920609	catch	32671	n/a	catch_padded.jpg	photodiode	0
3920.938	0.0	3920938	response	7	n/a	n/a	trigger	0
3922.56	0.5	3922560	untrained	32680	87	memtrain/o_365_1.jpg	photodiode	1
3923.411	0.5	3923411	trained	32730	37	memtrain/o_597_1.jpg	photodiode	1
3924.362	0.5	3924362	trained	32727	40	memtrain/o_648_2.jpg	photodiode	1
3925.313	0.5	3925313	untrained	32700	67	memtrain/o_378_1.jpg	photodiode	1
3926.213	0.5	3926213	catch	32671	n/a	catch_padded.jpg	photodiode	0
3926.577	0.0	3926577	response	7	n/a	n/a	trigger	0
3928.165	0.5	3928165	untrained	32692	75	memtrain/o_564_1.jpg	photodiode	1
3929.016	0.5	3929016	trained	32759	8	memtrain/o_094_1.jpg	photodiode	1
3929.916	0.5	3929916	untrained	32688	79	memtrain/o_600_1.jpg	photodiode	1
3930.667	0.5	3930667	catch	32671	n/a	catch_padded.jpg	photodiode	0
3931.072	0.0	3931072	response	7	n/a	n/a	trigger	0
3932.619	0.5	3932619	untrained	32715	52	memtrain/o_141_1.jpg	photodiode	1
3933.469	0.5	3933469	untrained	32711	56	memtrain/o_163_2.jpg	photodiode	1
3934.42	0.5	3934420	untrained	32706	61	memtrain/o_298_2.jpg	photodiode	1
3935.271	0.5	3935271	trained	32742	25	memtrain/o_358_2.jpg	photodiode	1
3936.172	0.5	3936172	untrained	32714	53	memtrain/o_142_2.jpg	photodiode	1
3937.073	0.5	3937073	catch	32671	n/a	catch_padded.jpg	photodiode	0
3937.384	0.0	3937384	response	7	n/a	n/a	trigger	0
3939.174	0.5	3939174	trained	32740	27	memtrain/o_379_2.jpg	photodiode	1
3940.125	0.5	3940125	untrained	32693	74	memtrain/o_550_1.jpg	photodiode	1
3940.967	0.5	3940967	trained	32743	24	memtrain/o_357_1.jpg	photodiode	1
3941.868	0.5	3941868	untrained	32677	90	memtrain/o_580_1.jpg	photodiode	1
3942.619	0.5	3942619	catch	32671	n/a	catch_padded.jpg	photodiode	0
3942.98	0.0	3942980	response	7	n/a	n/a	trigger	0
3944.62	0.5	3944620	untrained	32701	66	memtrain/o_342_2.jpg	photodiode	1
3945.521	0.5	3945521	untrained	32672	95	memtrain/so_125_1.jpg	photodiode	1
3946.372	0.5	3946372	untrained	32676	91	memtrain/o_605_1.jpg	photodiode	1
3947.172	0.5	3947172	trained	32767	0	memtrain/o_006_1.jpg	photodiode	1
3947.923	0.5	3947923	trained	32733	34	memtrain/o_558_2.jpg	photodiode	1
3948.874	0.5	3948874	catch	32671	n/a	catch_padded.jpg	photodiode	0
3949.241	0.0	3949241	response	7	n/a	n/a	trigger	0
3950.876	0.5	3950876	untrained	32679	88	memtrain/o_458_1.jpg	photodiode	1
3951.726	0.5	3951726	untrained	32678	89	memtrain/o_469_1.jpg	photodiode	1
3952.627	0.5	3952627	untrained	32698	69	memtrain/o_464_2.jpg	photodiode	1
3953.578	0.5	3953578	catch	32671	n/a	catch_padded.jpg	photodiode	0
3954.009	0.0	3954009	response	7	n/a	n/a	trigger	0
3955.58	0.5	3955580	untrained	32687	80	memtrain/o_613_1.jpg	photodiode	1
3956.33	0.5	3956330	trained	32761	6	memtrain/o_076_1.jpg	photodiode	1
3957.081	0.5	3957081	trained	32756	11	memtrain/o_117_2.jpg	photodiode	1
3957.832	0.5	3957832	untrained	32706	61	memtrain/o_298_2.jpg	photodiode	1
3958.782	0.5	3958782	catch	32671	n/a	catch_padded.jpg	photodiode	0
3959.149	0.0	3959149	response	7	n/a	n/a	trigger	0
3960.734	0.5	3960734	untrained	32690	77	memtrain/o_574_2.jpg	photodiode	1
3961.485	0.5	3961485	trained	32726	41	memtrain/o_663_2.jpg	photodiode	1
3962.235	0.5	3962235	trained	32720	47	memtrain/so_147_2.jpg	photodiode	1
3963.086	0.5	3963086	catch	32671	n/a	catch_padded.jpg	photodiode	0
3963.394	0.0	3963394	response	7	n/a	n/a	trigger	0
3965.188	0.5	3965188	trained	32743	24	memtrain/o_357_1.jpg	photodiode	1
3966.089	0.5	3966089	untrained	32694	73	memtrain/o_519_2.jpg	photodiode	1
3966.989	0.5	3966989	trained	32739	28	memtrain/o_397_1.jpg	photodiode	1
3967.832	0.5	3967832	untrained	32703	64	memtrain/o_334_2.jpg	photodiode	1
3968.583	0.5	3968583	untrained	32677	90	memtrain/o_580_1.jpg	photodiode	1
3969.333	0.5	3969333	catch	32671	n/a	catch_padded.jpg	photodiode	0
3969.652	0.0	3969652	response	7	n/a	n/a	trigger	0
3971.385	0.5	3971385	trained	32753	14	memtrain/o_174_1.jpg	photodiode	1
3972.186	0.5	3972186	untrained	32686	81	memtrain/o_655_2.jpg	photodiode	1
3972.986	0.5	3972986	trained	32734	33	memtrain/o_536_1.jpg	photodiode	1
3973.837	0.5	3973837	untrained	32704	63	memtrain/o_310_2.jpg	photodiode	1
3974.788	0.5	3974788	untrained	32681	86	memtrain/o_288_1.jpg	photodiode	1
3975.588	0.5	3975588	catch	32671	n/a	catch_padded.jpg	photodiode	0
3975.93	0.0	3975930	response	7	n/a	n/a	trigger	0
3977.54	0.5	3977540	trained	32724	43	memtrain/so_043_2.jpg	photodiode	1
3978.441	0.5	3978441	untrained	32692	75	memtrain/o_564_1.jpg	photodiode	1
3979.192	0.5	3979192	trained	32760	7	memtrain/o_091_2.jpg	photodiode	1
3980.1	0.5	3980100	trained	32735	32	memtrain/o_485_2.jpg	photodiode	1
3980.943	0.5	3980943	untrained	32674	93	memtrain/so_035_1.jpg	photodiode	1
3981.794	0.5	3981794	catch	32671	n/a	catch_padded.jpg	photodiode	0
3982.128	0.0	3982128	response	7	n/a	n/a	trigger	0
3983.795	0.5	3983795	untrained	32719	48	memtrain/o_019_2.jpg	photodiode	1
3984.596	0.5	3984596	untrained	32717	50	memtrain/o_057_2.jpg	photodiode	1
3985.547	0.5	3985547	untrained	32684	83	memtrain/so_105_1.jpg	photodiode	1
3986.448	0.5	3986448	trained	32738	29	memtrain/o_416_1.jpg	photodiode	1
3987.348	0.5	3987348	trained	32749	18	memtrain/o_264_2.jpg	photodiode	1
3988.299	0.5	3988299	catch	32671	n/a	catch_padded.jpg	photodiode	0
3988.642	0.0	3988642	response	7	n/a	n/a	trigger	0
3990.251	0.5	3990251	trained	32747	20	memtrain/o_290_1.jpg	photodiode	1
3991.202	0.5	3991202	trained	32741	26	memtrain/o_376_1.jpg	photodiode	1
3992.052	0.5	3992052	untrained	32707	60	memtrain/o_228_2.jpg	photodiode	1
3992.803	0.5	3992803	catch	32671	n/a	catch_padded.jpg	photodiode	0
3993.178	0.0	3993178	response	7	n/a	n/a	trigger	0
3994.855	0.5	3994855	trained	32742	25	memtrain/o_358_2.jpg	photodiode	1
3995.756	0.5	3995756	trained	32755	12	memtrain/o_127_2.jpg	photodiode	1
3996.556	0.5	3996556	untrained	32713	54	memtrain/o_145_1.jpg	photodiode	1
3997.448	0.5	3997448	catch	32671	n/a	catch_padded.jpg	photodiode	0
3997.923	0.0	3997923	response	7	n/a	n/a	trigger	0
3999.559	0.5	3999559	untrained	32688	79	memtrain/o_600_1.jpg	photodiode	1
4000.301	0.5	4000301	trained	32737	30	memtrain/o_437_2.jpg	photodiode	1
4001.202	0.5	4001202	untrained	32714	53	memtrain/o_142_2.jpg	photodiode	1
4002.102	0.5	4002102	untrained	32715	52	memtrain/o_141_1.jpg	photodiode	1
4002.862	0.5	4002862	untrained	32682	85	memtrain/o_218_1.jpg	photodiode	1
4003.654	0.5	4003654	catch	32671	n/a	catch_padded.jpg	photodiode	0
4003.972	0.0	4003972	response	7	n/a	n/a	trigger	0
4005.555	0.5	4005555	untrained	32702	65	memtrain/o_337_2.jpg	photodiode	1
4006.456	0.5	4006456	untrained	32697	70	memtrain/o_471_2.jpg	photodiode	1
4007.357	0.5	4007357	untrained	32700	67	memtrain/o_378_1.jpg	photodiode	1
4008.208	0.5	4008208	trained	32754	13	memtrain/o_136_1.jpg	photodiode	1
4009.108	0.5	4009108	trained	32764	3	memtrain/o_040_2.jpg	photodiode	1
4009.859	0.5	4009859	catch	32671	n/a	catch_padded.jpg	photodiode	0
4010.212	0.0	4010212	response	7	n/a	n/a	trigger	0
4011.761	0.5	4011761	trained	32763	4	memtrain/o_042_1.jpg	photodiode	1
4012.611	0.5	4012611	untrained	32709	58	memtrain/o_192_1.jpg	photodiode	1
4013.412	0.5	4013412	trained	32767	0	memtrain/o_006_1.jpg	photodiode	1
4014.363	0.5	4014363	trained	32765	2	memtrain/o_035_1.jpg	photodiode	1
4015.264	0.5	4015264	trained	32723	44	memtrain/so_045_1.jpg	photodiode	1
4016.014	0.5	4016014	catch	32671	n/a	catch_padded.jpg	photodiode	0
4016.349	0.0	4016349	response	7	n/a	n/a	trigger	0
4017.916	0.5	4017916	trained	32727	40	memtrain/o_648_2.jpg	photodiode	1
4018.666	0.5	4018666	untrained	32685	82	memtrain/o_656_1.jpg	photodiode	1
4019.417	0.5	4019417	trained	32757	10	memtrain/o_111_2.jpg	photodiode	1
4020.218	0.5	4020218	trained	32731	36	memtrain/o_583_1.jpg	photodiode	1
4021.118	0.5	4021118	untrained	32712	55	memtrain/o_153_2.jpg	photodiode	1
4021.919	0.5	4021919	catch	32671	n/a	catch_padded.jpg	photodiode	0
4022.22	0.0	4022220	response	7	n/a	n/a	trigger	0
4024.021	0.5	4024021	trained	32766	1	memtrain/o_015_1.jpg	photodiode	1
4024.822	0.5	4024822	trained	32751	16	memtrain/o_199_2.jpg	photodiode	1
4025.722	0.5	4025722	trained	32758	9	memtrain/o_101_2.jpg	photodiode	1
4026.673	0.5	4026673	catch	32671	n/a	catch_padded.jpg	photodiode	0
4027.1	0.0	4027100	response	7	n/a	n/a	trigger	0
4028.625	0.5	4028625	untrained	32701	66	memtrain/o_342_2.jpg	photodiode	1
4029.467	0.5	4029467	trained	32762	5	memtrain/o_067_1.jpg	photodiode	1
4030.418	0.5	4030418	untrained	32695	72	memtrain/o_490_1.jpg	photodiode	1
4031.219	0.5	4031219	catch	32671	n/a	catch_padded.jpg	photodiode	0
4031.551	0.0	4031551	response	7	n/a	n/a	trigger	0
4033.221	0.5	4033221	trained	32745	22	memtrain/o_321_1.jpg	photodiode	1
4034.071	0.5	4034071	untrained	32699	68	memtrain/o_393_1.jpg	photodiode	1
4034.922	0.5	4034922	trained	32721	46	memtrain/so_113_1.jpg	photodiode	1
4035.823	0.5	4035823	untrained	32673	94	memtrain/so_067_1.jpg	photodiode	1
4036.724	0.5	4036724	catch	32671	n/a	catch_padded.jpg	photodiode	0
4036.994	0.0	4036994	response	7	n/a	n/a	trigger	0
4038.725	0.5	4038725	untrained	32705	62	memtrain/o_304_1.jpg	photodiode	1
4039.626	0.5	4039626	trained	32736	31	memtrain/o_465_2.jpg	photodiode	1
4040.527	0.5	4040527	untrained	32696	71	memtrain/o_483_1.jpg	photodiode	1
4041.277	0.5	4041277	untrained	32693	74	memtrain/o_550_1.jpg	photodiode	1
4042.028	0.5	4042028	catch	32671	n/a	catch_padded.jpg	photodiode	0
4042.361	0.0	4042361	response	7	n/a	n/a	trigger	0
4044.03	0.5	4044030	untrained	32676	91	memtrain/o_605_1.jpg	photodiode	1
4044.931	0.5	4044931	untrained	32680	87	memtrain/o_365_1.jpg	photodiode	1
4045.731	0.5	4045731	trained	32725	42	memtrain/so_034_2.jpg	photodiode	1
4046.482	0.5	4046482	catch	32671	n/a	catch_padded.jpg	photodiode	0
4048.484	0.5	4048484	untrained	32672	95	memtrain/so_125_1.jpg	photodiode	1
4049.334	0.5	4049334	trained	32748	19	memtrain/o_284_2.jpg	photodiode	1
4050.085	0.5	4050085	trained	32732	35	memtrain/o_561_2.jpg	photodiode	1
4050.986	0.5	4050986	trained	32744	23	memtrain/o_338_2.jpg	photodiode	1
4051.736	0.5	4051736	catch	32671	n/a	catch_padded.jpg	photodiode	0
4052.198	0.0	4052198	response	7	n/a	n/a	trigger	0
4053.838	0.5	4053838	untrained	32683	84	memtrain/so_117_2.jpg	photodiode	1
4054.589	0.5	4054589	untrained	32675	92	memtrain/so_033_1.jpg	photodiode	1
4055.44	0.5	4055440	trained	32746	21	memtrain/o_319_1.jpg	photodiode	1
4056.29	0.5	4056290	untrained	32691	76	memtrain/o_570_1.jpg	photodiode	1
4057.041	0.5	4057041	untrained	32708	59	memtrain/o_201_2.jpg	photodiode	1
4057.942	0.5	4057942	catch	32671	n/a	catch_padded.jpg	photodiode	0
4058.272	0.0	4058272	response	7	n/a	n/a	trigger	0
4059.893	0.5	4059893	untrained	32710	57	memtrain/o_171_1.jpg	photodiode	1
4060.844	0.5	4060844	trained	32722	45	memtrain/so_090_2.jpg	photodiode	1
4061.636	0.5	4061636	untrained	32718	49	memtrain/o_054_2.jpg	photodiode	1
4062.587	0.5	4062587	trained	32750	17	memtrain/o_232_1.jpg	photodiode	1
4063.338	0.5	4063338	trained	32759	8	memtrain/o_094_1.jpg	photodiode	1
4064.238	0.5	4064238	catch	32671	n/a	catch_padded.jpg	photodiode	0
4064.489	0.0	4064489	response	7	n/a	n/a	trigger	0
4066.19	0.5	4066190	untrained	32711	56	memtrain/o_163_2.jpg	photodiode	1
4067.141	0.5	4067141	trained	32730	37	memtrain/o_597_1.jpg	photodiode	1
4068.092	0.5	4068092	trained	32752	15	memtrain/o_195_1.jpg	photodiode	1
4068.892	0.5	4068892	trained	32740	27	memtrain/o_379_2.jpg	photodiode	1
4069.743	0.5	4069743	catch	32671	n/a	catch_padded.jpg	photodiode	0
4070.064	0.0	4070064	response	7	n/a	n/a	trigger	0
4071.745	0.5	4071745	trained	32729	38	memtrain/o_603_1.jpg	photodiode	1
4072.545	0.5	4072545	trained	32728	39	memtrain/o_606_1.jpg	photodiode	1
4073.446	0.5	4073446	untrained	32716	51	memtrain/o_103_2.jpg	photodiode	1
4074.397	0.5	4074397	untrained	32689	78	memtrain/o_599_1.jpg	photodiode	1
4075.198	0.5	4075198	catch	32671	n/a	catch_padded.jpg	photodiode	0
4075.573	0.0	4075573	response	7	n/a	n/a	trigger	0
4077.672	0.0	4077672	block_end	120	n/a	n/a	trigger	0
