onset	duration	sample	trial_type	value	object_id	stimulus_id	onset_source	analysis_include
56.604	0.0	56604	response	6	n/a	n/a	trigger	0
56.61	0.0	56610	block_onset	101	n/a	n/a	trigger	0
58.664	0.5	58664	trained	32766	1	memtrain/o_015_1.jpg	photodiode	1
59.415	0.5	59415	untrained	32714	53	memtrain/o_142_2.jpg	photodiode	1
60.315	0.5	60315	trained	32732	35	memtrain/o_561_2.jpg	photodiode	1
61.166	0.5	61166	untrained	32680	87	memtrain/o_365_1.jpg	photodiode	1
61.967	0.5	61967	catch	32671	n/a	catch_padded.jpg	photodiode	0
62.308	0.0	62308	response	6	n/a	n/a	trigger	0
64.068	0.5	64068	trained	32745	22	memtrain/o_321_1.jpg	photodiode	1
64.869	0.5	64869	trained	32767	0	memtrain/o_006_1.jpg	photodiode	1
65.762	0.5	65762	trained	32734	33	memtrain/o_536_1.jpg	photodiode	1
66.662	0.5	66662	untrained	32674	93	memtrain/so_035_1.jpg	photodiode	1
67.513	0.5	67513	catch	32671	n/a	catch_padded.jpg	photodiode	0
67.837	0.0	67837	response	6	n/a	n/a	trigger	0
69.415	0.5	69415	trained	32724	43	memtrain/so_043_2.jpg	photodiode	1
70.265	0.5	70265	untrained	32689	78	memtrain/o_599_1.jpg	photodiode	1
71.166	0.5	71166	trained	32748	19	memtrain/o_284_2.jpg	photodiode	1
71.917	0.5	71917	untrained	32705	62	memtrain/o_304_1.jpg	photodiode	1
72.768	0.5	72768	untrained	32711	56	memtrain/o_163_2.jpg	photodiode	1
73.718	0.5	73718	catch	32671	n/a	catch_padded.jpg	photodiode	0
74.076	0.0	74076	response	6	n/a	n/a	trigger	0
75.77	0.5	75770	trained	32751	16	memtrain/o_199_2.jpg	photodiode	1
76.621	0.5	76621	untrained	32706	61	memtrain/o_298_2.jpg	photodiode	1
77.472	0.5	77472	trained	32738	29	memtrain/o_416_1.jpg	photodiode	1
78.372	0.5	78372	untrained	32684	83	memtrain/so_105_1.jpg	photodiode	1
79.173	0.5	79173	catch	32671	n/a	catch_padded.jpg	photodiode	0
79.483	0.0	79483	response	6	n/a	n/a	trigger	0
81.125	0.5	81125	untrained	32712	55	memtrain/o_153_2.jpg	photodiode	1
81.925	0.5	81925	trained	32728	39	memtrain/o_606_1.jpg	photodiode	1
82.776	0.5	82776	untrained	32716	51	memtrain/o_103_2.jpg	photodiode	1
83.577	0.5	83577	catch	32671	n/a	catch_padded.jpg	photodiode	0
83.919	0.0	83919	response	6	n/a	n/a	trigger	0
85.478	0.5	85478	untrained	32685	82	memtrain/o_656_1.jpg	photodiode	1
86.279	0.5	86279	trained	32757	10	memtrain/o_111_2.jpg	photodiode	1
87.03	0.5	87030	untrained	32676	91	memtrain/o_605_1.jpg	photodiode	1
87.83	0.5	87830	untrained	32692	75	memtrain/o_564_1.jpg	photodiode	1
88.631	0.5	88631	catch	32671	n/a	catch_padded.jpg	photodiode	0
88.842	0.0	88842	response	6	n/a	n/a	trigger	0
90.633	0.5	90633	untrained	32709	58	memtrain/o_192_1.jpg	photodiode	1
91.534	0.5	91534	trained	32725	42	memtrain/so_034_2.jpg	photodiode	1
92.384	0.5	92384	trained	32746	21	memtrain/o_319_1.jpg	photodiode	1
93.285	0.5	93285	trained	32744	23	memtrain/o_338_2.jpg	photodiode	1
94.236	0.5	94236	catch	32671	n/a	catch_padded.jpg	photodiode	0
94.506	0.0	94506	response	6	n/a	n/a	trigger	0
96.187	0.5	96187	trained	32736	31	memtrain/o_465_2.jpg	photodiode	1
96.93	0.5	96930	untrained	32696	71	memtrain/o_483_1.jpg	photodiode	1
97.88	0.5	97880	untrained	32698	69	memtrain/o_464_2.jpg	photodiode	1
98.681	0.5	98681	catch	32671	n/a	catch_padded.jpg	photodiode	0
99.002	0.0	99002	response	6	n/a	n/a	trigger	0
100.783	0.5	100783	trained	32753	14	memtrain/o_174_1.jpg	photodiode	1
101.534	0.5	101534	untrained	32697	70	memtrain/o_471_2.jpg	photodiode	1
102.284	0.5	102284	trained	32762	5	memtrain/o_067_1.jpg	photodiode	1
103.235	0.5	103235	catch	32671	n/a	catch_padded.jpg	photodiode	0
103.556	0.0	103556	response	6	n/a	n/a	trigger	0
105.337	0.5	105337	trained	32741	26	memtrain/o_376_1.jpg	photodiode	1
106.188	0.5	106188	untrained	32702	65	memtrain/o_337_2.jpg	photodiode	1
107.038	0.5	107038	untrained	32707	60	memtrain/o_228_2.jpg	photodiode	1
107.839	0.5	107839	untrained	32701	66	memtrain/o_342_2.jpg	photodiode	1
108.74	0.5	108740	untrained	32682	85	memtrain/o_218_1.jpg	photodiode	1
109.54	0.5	109540	catch	32671	n/a	catch_padded.jpg	photodiode	0
109.923	0.0	109923	response	6	n/a	n/a	trigger	0
111.542	0.5	111542	trained	32743	24	memtrain/o_357_1.jpg	photodiode	1
112.493	0.5	112493	trained	32722	45	memtrain/so_090_2.jpg	photodiode	1
113.394	0.5	113394	trained	32733	34	memtrain/o_558_2.jpg	photodiode	1
114.194	0.5	114194	trained	32760	7	memtrain/o_091_2.jpg	photodiode	1
115.045	0.5	115045	untrained	32710	57	memtrain/o_171_1.jpg	photodiode	1
115.796	0.5	115796	catch	32671	n/a	catch_padded.jpg	photodiode	0
116.065	0.0	116065	response	6	n/a	n/a	trigger	0
117.797	0.5	117797	trained	32763	4	memtrain/o_042_1.jpg	photodiode	1
118.698	0.5	118698	untrained	32677	90	memtrain/o_580_1.jpg	photodiode	1
119.549	0.5	119549	untrained	32678	89	memtrain/o_469_1.jpg	photodiode	1
120.45	0.5	120450	trained	32731	36	memtrain/o_583_1.jpg	photodiode	1
121.2	0.5	121200	trained	32749	18	memtrain/o_264_2.jpg	photodiode	1
122.101	0.5	122101	catch	32671	n/a	catch_padded.jpg	photodiode	0
122.384	0.0	122384	response	6	n/a	n/a	trigger	0
124.053	0.5	124053	untrained	32703	64	memtrain/o_334_2.jpg	photodiode	1
124.845	0.5	124845	untrained	32718	49	memtrain/o_054_2.jpg	photodiode	1
125.746	0.5	125746	untrained	32686	81	memtrain/o_655_2.jpg	photodiode	1
126.496	0.5	126496	catch	32671	n/a	catch_padded.jpg	photodiode	0
126.844	0.0	126844	response	6	n/a	n/a	trigger	0
128.398	0.5	128398	untrained	32690	77	memtrain/o_574_2.jpg	photodiode	1
129.299	0.5	129299	untrained	32693	74	memtrain/o_550_1.jpg	photodiode	1
130.1	0.5	130100	trained	32720	47	memtrain/so_147_2.jpg	photodiode	1
131.05	0.5	131050	trained	32740	27	memtrain/o_379_2.jpg	photodiode	1
132.001	0.5	132001	untrained	32687	80	memtrain/o_613_1.jpg	photodiode	1
132.952	0.5	132952	catch	32671	n/a	catch_padded.jpg	photodiode	0
133.179	0.0	133179	response	6	n/a	n/a	trigger	0
134.904	0.5	134904	untrained	32688	79	memtrain/o_600_1.jpg	photodiode	1
135.804	0.5	135804	untrained	32675	92	memtrain/so_033_1.jpg	photodiode	1
136.605	0.5	136605	trained	32726	41	memtrain/o_663_2.jpg	photodiode	1
137.506	0.5	137506	catch	32671	n/a	catch_padded.jpg	photodiode	0
137.816	0.0	137816	response	6	n/a	n/a	trigger	0
139.558	0.5	139558	trained	32730	37	memtrain/o_597_1.jpg	photodiode	1
140.358	0.5	140358	untrained	32683	84	memtrain/so_117_2.jpg	photodiode	1
141.159	0.5	141159	untrained	32715	52	memtrain/o_141_1.jpg	photodiode	1
142.06	0.5	142060	catch	32671	n/a	catch_padded.jpg	photodiode	0
142.36	0.0	142360	response	6	n/a	n/a	trigger	0
144.161	0.5	144161	trained	32742	25	memtrain/o_358_2.jpg	photodiode	1
144.912	0.5	144912	untrained	32672	95	memtrain/so_125_1.jpg	photodiode	1
145.713	0.5	145713	untrained	32708	59	memtrain/o_201_2.jpg	photodiode	1
146.614	0.5	146614	trained	32737	30	memtrain/o_437_2.jpg	photodiode	1
147.464	0.5	147464	catch	32671	n/a	catch_padded.jpg	photodiode	0
147.719	0.0	147719	response	6	n/a	n/a	trigger	0
149.566	0.5	149566	trained	32756	11	memtrain/o_117_2.jpg	photodiode	1
150.417	0.5	150417	trained	32765	2	memtrain/o_035_1.jpg	photodiode	1
151.267	0.5	151267	untrained	32691	76	memtrain/o_570_1.jpg	photodiode	1
152.018	0.5	152018	trained	32750	17	memtrain/o_232_1.jpg	photodiode	1
152.919	0.5	152919	trained	32729	38	memtrain/o_603_1.jpg	photodiode	1
153.711	0.5	153711	catch	32671	n/a	catch_padded.jpg	photodiode	0
153.992	0.0	153992	response	6	n/a	n/a	trigger	0
155.713	0.5	155713	untrained	32699	68	memtrain/o_393_1.jpg	photodiode	1
156.463	0.5	156463	trained	32752	15	memtrain/o_195_1.jpg	photodiode	1
157.314	0.5	157314	trained	32764	3	memtrain/o_040_2.jpg	photodiode	1
158.165	0.5	158165	untrained	32704	63	memtrain/o_310_2.jpg	photodiode	1
159.116	0.5	159116	untrained	32679	88	memtrain/o_458_1.jpg	photodiode	1
159.916	0.5	159916	catch	32671	n/a	catch_padded.jpg	photodiode	0
160.308	0.0	160308	response	6	n/a	n/a	trigger	0
161.818	0.5	161818	untrained	32694	73	memtrain/o_519_2.jpg	photodiode	1
162.619	0.5	162619	trained	32735	32	memtrain/o_485_2.jpg	photodiode	1
163.369	0.5	163369	untrained	32700	67	memtrain/o_378_1.jpg	photodiode	1
164.22	0.5	164220	trained	32755	12	memtrain/o_127_2.jpg	photodiode	1
165.021	0.5	165021	trained	32723	44	memtrain/so_045_1.jpg	photodiode	1
165.821	0.5	165821	catch	32671	n/a	catch_padded.jpg	photodiode	0
166.179	0.0	166179	response	6	n/a	n/a	trigger	0
167.823	0.5	167823	untrained	32681	86	memtrain/o_288_1.jpg	photodiode	1
168.724	0.5	168724	untrained	32673	94	memtrain/so_067_1.jpg	photodiode	1
169.575	0.5	169575	trained	32758	9	memtrain/o_101_2.jpg	photodiode	1
170.525	0.5	170525	catch	32671	n/a	catch_padded.jpg	photodiode	0
170.903	0.0	170903	response	6	n/a	n/a	trigger	0
172.577	0.5	172577	trained	32761	6	memtrain/o_076_1.jpg	photodiode	1
173.528	0.5	173528	trained	32739	28	memtrain/o_397_1.jpg	photodiode	1
174.479	0.5	174479	trained	32747	20	memtrain/o_290_1.jpg	photodiode	1
175.279	0.5	175279	untrained	32713	54	memtrain/o_145_1.jpg	photodiode	1
176.03	0.5	176030	catch	32671	n/a	catch_padded.jpg	photodiode	0
176.439	0.0	176439	response	6	n/a	n/a	trigger	0
177.932	0.5	177932	untrained	32695	72	memtrain/o_490_1.jpg	photodiode	1
178.682	0.5	178682	trained	32754	13	memtrain/o_136_1.jpg	photodiode	1
179.433	0.5	179433	trained	32727	40	memtrain/o_648_2.jpg	photodiode	1
180.384	0.5	180384	catch	32671	n/a	catch_padded.jpg	photodiode	0
180.791	0.0	180791	response	6	n/a	n/a	trigger	0
182.285	0.5	182285	untrained	32717	50	memtrain/o_057_2.jpg	photodiode	1
183.228	0.5	183228	trained	32721	46	memtrain/so_113_1.jpg	photodiode	1
184.179	0.5	184179	untrained	32719	48	memtrain/o_019_2.jpg	photodiode	1
185.029	0.5	185029	catch	32671	n/a	catch_padded.jpg	photodiode	0
185.651	0.0	185651	response	6	n/a	n/a	trigger	0
187.14	0.5	187140	trained	32759	8	memtrain/o_094_1.jpg	photodiode	1
187.932	0.5	187932	untrained	32682	85	memtrain/o_218_1.jpg	photodiode	1
188.683	0.5	188683	trained	32748	19	memtrain/o_284_2.jpg	photodiode	1
189.583	0.5	189583	untrained	32692	75	memtrain/o_564_1.jpg	photodiode	1
190.534	0.5	190534	untrained	32701	66	memtrain/o_342_2.jpg	photodiode	1
191.435	0.5	191435	catch	32671	n/a	catch_padded.jpg	photodiode	0
191.76	0.0	191760	response	6	n/a	n/a	trigger	0
193.437	0.5	193437	trained	32727	40	memtrain/o_648_2.jpg	photodiode	1
194.387	0.5	194387	untrained	32711	56	memtrain/o_163_2.jpg	photodiode	1
195.288	0.5	195288	untrained	32680	87	memtrain/o_365_1.jpg	photodiode	1
196.089	0.5	196089	catch	32671	n/a	catch_padded.jpg	photodiode	0
196.409	0.0	196409	response	6	n/a	n/a	trigger	0
198.141	0.5	198141	trained	32753	14	memtrain/o_174_1.jpg	photodiode	1
199.041	0.5	199041	trained	32744	23	memtrain/o_338_2.jpg	photodiode	1
199.992	0.5	199992	trained	32729	38	memtrain/o_603_1.jpg	photodiode	1
200.943	0.5	200943	untrained	32685	82	memtrain/o_656_1.jpg	photodiode	1
201.794	0.5	201794	untrained	32676	91	memtrain/o_605_1.jpg	photodiode	1
202.744	0.5	202744	catch	32671	n/a	catch_padded.jpg	photodiode	0
203.038	0.0	203038	response	6	n/a	n/a	trigger	0
204.796	0.5	204796	untrained	32707	60	memtrain/o_228_2.jpg	photodiode	1
205.747	0.5	205747	untrained	32700	67	memtrain/o_378_1.jpg	photodiode	1
206.698	0.5	206698	untrained	32684	83	memtrain/so_105_1.jpg	photodiode	1
207.448	0.5	207448	catch	32671	n/a	catch_padded.jpg	photodiode	0
207.793	0.0	207793	response	6	n/a	n/a	trigger	0
209.45	0.5	209450	trained	32755	12	memtrain/o_127_2.jpg	photodiode	1
210.201	0.5	210201	untrained	32719	48	memtrain/o_019_2.jpg	photodiode	1
211.001	0.5	211001	untrained	32712	55	memtrain/o_153_2.jpg	photodiode	1
211.752	0.5	211752	catch	32671	n/a	catch_padded.jpg	photodiode	0
212.17	0.0	212170	response	6	n/a	n/a	trigger	0
213.804	0.5	213804	untrained	32675	92	memtrain/so_033_1.jpg	photodiode	1
214.596	0.5	214596	untrained	32710	57	memtrain/o_171_1.jpg	photodiode	1
215.497	0.5	215497	trained	32733	34	memtrain/o_558_2.jpg	photodiode	1
216.398	0.5	216398	catch	32671	n/a	catch_padded.jpg	photodiode	0
216.692	0.0	216692	response	6	n/a	n/a	trigger	0
218.449	0.5	218449	untrained	32693	74	memtrain/o_550_1.jpg	photodiode	1
219.4	0.5	219400	untrained	32697	70	memtrain/o_471_2.jpg	photodiode	1
220.351	0.5	220351	untrained	32677	90	memtrain/o_580_1.jpg	photodiode	1
221.102	0.5	221102	trained	32728	39	memtrain/o_606_1.jpg	photodiode	1
222.002	0.5	222002	untrained	32681	86	memtrain/o_288_1.jpg	photodiode	1
222.853	0.5	222853	catch	32671	n/a	catch_padded.jpg	photodiode	0
223.159	0.0	223159	response	6	n/a	n/a	trigger	0
224.805	0.5	224805	trained	32734	33	memtrain/o_536_1.jpg	photodiode	1
225.655	0.5	225655	trained	32751	16	memtrain/o_199_2.jpg	photodiode	1
226.606	0.5	226606	trained	32750	17	memtrain/o_232_1.jpg	photodiode	1
227.407	0.5	227407	untrained	32673	94	memtrain/so_067_1.jpg	photodiode	1
228.258	0.5	228258	catch	32671	n/a	catch_padded.jpg	photodiode	0
228.564	0.0	228564	response	6	n/a	n/a	trigger	0
230.259	0.5	230259	trained	32761	6	memtrain/o_076_1.jpg	photodiode	1
231.06	0.5	231060	trained	32738	29	memtrain/o_416_1.jpg	photodiode	1
232.011	0.5	232011	trained	32730	37	memtrain/o_597_1.jpg	photodiode	1
232.912	0.5	232912	trained	32743	24	memtrain/o_357_1.jpg	photodiode	1
233.762	0.5	233762	catch	32671	n/a	catch_padded.jpg	photodiode	0
234.101	0.0	234101	response	6	n/a	n/a	trigger	0
235.864	0.5	235864	untrained	32672	95	memtrain/so_125_1.jpg	photodiode	1
236.615	0.5	236615	untrained	32694	73	memtrain/o_519_2.jpg	photodiode	1
237.466	0.5	237466	trained	32725	42	memtrain/so_034_2.jpg	photodiode	1
238.416	0.5	238416	untrained	32679	88	memtrain/o_458_1.jpg	photodiode	1
239.267	0.5	239267	catch	32671	n/a	catch_padded.jpg	photodiode	0
239.622	0.0	239622	response	6	n/a	n/a	trigger	0
241.169	0.5	241169	trained	32720	47	memtrain/so_147_2.jpg	photodiode	1
242.111	0.5	242111	trained	32766	1	memtrain/o_015_1.jpg	photodiode	1
242.862	0.5	242862	trained	32767	0	memtrain/o_006_1.jpg	photodiode	1
243.763	0.5	243763	untrained	32703	64	memtrain/o_334_2.jpg	photodiode	1
244.513	0.5	244513	trained	32754	13	memtrain/o_136_1.jpg	photodiode	1
245.414	0.5	245414	catch	32671	n/a	catch_padded.jpg	photodiode	0
245.771	0.0	245771	response	6	n/a	n/a	trigger	0
247.416	0.5	247416	untrained	32716	51	memtrain/o_103_2.jpg	photodiode	1
248.166	0.5	248166	trained	32745	22	memtrain/o_321_1.jpg	photodiode	1
248.917	0.5	248917	untrained	32702	65	memtrain/o_337_2.jpg	photodiode	1
249.818	0.5	249818	trained	32765	2	memtrain/o_035_1.jpg	photodiode	1
250.769	0.5	250769	catch	32671	n/a	catch_padded.jpg	photodiode	0
251.126	0.0	251126	response	6	n/a	n/a	trigger	0
252.82	0.5	252820	trained	32759	8	memtrain/o_094_1.jpg	photodiode	1
253.571	0.5	253571	trained	32760	7	memtrain/o_091_2.jpg	photodiode	1
254.522	0.5	254522	untrained	32678	89	memtrain/o_469_1.jpg	photodiode	1
255.372	0.5	255372	trained	32749	18	memtrain/o_264_2.jpg	photodiode	1
256.173	0.5	256173	catch	32671	n/a	catch_padded.jpg	photodiode	0
256.548	0.0	256548	response	6	n/a	n/a	trigger	0
258.175	0.5	258175	untrained	32690	77	memtrain/o_574_2.jpg	photodiode	1
258.975	0.5	258975	trained	32758	9	memtrain/o_101_2.jpg	photodiode	1
259.826	0.5	259826	trained	32741	26	memtrain/o_376_1.jpg	photodiode	1
260.727	0.5	260727	trained	32723	44	memtrain/so_045_1.jpg	photodiode	1
261.478	0.5	261478	catch	32671	n/a	catch_padded.jpg	photodiode	0
261.82	0.0	261820	response	6	n/a	n/a	trigger	0
263.379	0.5	263379	untrained	32698	69	memtrain/o_464_2.jpg	photodiode	1
264.13	0.5	264130	untrained	32708	59	memtrain/o_201_2.jpg	photodiode	1
265.081	0.5	265081	trained	32722	45	memtrain/so_090_2.jpg	photodiode	1
265.881	0.5	265881	trained	32732	35	memtrain/o_561_2.jpg	photodiode	1
266.782	0.5	266782	trained	32756	11	memtrain/o_117_2.jpg	photodiode	1
267.533	0.5	267533	catch	32671	n/a	catch_padded.jpg	photodiode	0
267.863	0.0	267863	response	6	n/a	n/a	trigger	0
269.434	0.5	269434	untrained	32699	68	memtrain/o_393_1.jpg	photodiode	1
270.177	0.5	270177	untrained	32718	49	memtrain/o_054_2.jpg	photodiode	1
270.927	0.5	270927	untrained	32705	62	memtrain/o_304_1.jpg	photodiode	1
271.728	0.5	271728	trained	32736	31	memtrain/o_465_2.jpg	photodiode	1
272.537	0.5	272537	trained	32762	5	memtrain/o_067_1.jpg	photodiode	1
273.379	0.5	273379	catch	32671	n/a	catch_padded.jpg	photodiode	0
273.728	0.0	273728	response	6	n/a	n/a	trigger	0
275.431	0.5	275431	untrained	32696	71	memtrain/o_483_1.jpg	photodiode	1
276.232	0.5	276232	trained	32747	20	memtrain/o_290_1.jpg	photodiode	1
277.032	0.5	277032	untrained	32683	84	memtrain/so_117_2.jpg	photodiode	1
277.983	0.5	277983	trained	32737	30	memtrain/o_437_2.jpg	photodiode	1
278.834	0.5	278834	catch	32671	n/a	catch_padded.jpg	photodiode	0
279.157	0.0	279157	response	6	n/a	n/a	trigger	0
280.886	0.5	280886	untrained	32709	58	memtrain/o_192_1.jpg	photodiode	1
281.686	0.5	281686	untrained	32689	78	memtrain/o_599_1.jpg	photodiode	1
282.587	0.5	282587	untrained	32704	63	memtrain/o_310_2.jpg	photodiode	1
283.388	0.5	283388	catch	32671	n/a	catch_padded.jpg	photodiode	0
283.727	0.0	283727	response	6	n/a	n/a	trigger	0
285.49	0.5	285490	trained	32752	15	memtrain/o_195_1.jpg	photodiode	1
286.39	0.5	286390	untrained	32717	50	memtrain/o_057_2.jpg	photodiode	1
287.291	0.5	287291	untrained	32674	93	memtrain/so_035_1.jpg	photodiode	1
288.242	0.5	288242	trained	32764	3	memtrain/o_040_2.jpg	photodiode	1
289.043	0.5	289043	untrained	32706	61	memtrain/o_298_2.jpg	photodiode	1
289.943	0.5	289943	catch	32671	n/a	catch_padded.jpg	photodiode	0
290.27	0.0	290270	response	6	n/a	n/a	trigger	0
291.945	0.5	291945	trained	32735	32	memtrain/o_485_2.jpg	photodiode	1
292.696	0.5	292696	untrained	32713	54	memtrain/o_145_1.jpg	photodiode	1
293.446	0.5	293446	untrained	32715	52	memtrain/o_141_1.jpg	photodiode	1
294.297	0.5	294297	catch	32671	n/a	catch_padded.jpg	photodiode	0
294.676	0.0	294676	response	6	n/a	n/a	trigger	0
296.199	0.5	296199	untrained	32687	80	memtrain/o_613_1.jpg	photodiode	1
296.999	0.5	296999	untrained	32691	76	memtrain/o_570_1.jpg	photodiode	1
297.95	0.5	297950	trained	32731	36	memtrain/o_583_1.jpg	photodiode	1
298.851	0.5	298851	untrained	32695	72	memtrain/o_490_1.jpg	photodiode	1
299.643	0.5	299643	trained	32721	46	memtrain/so_113_1.jpg	photodiode	1
300.502	0.5	300502	catch	32671	n/a	catch_padded.jpg	photodiode	0
300.888	0.0	300888	response	6	n/a	n/a	trigger	0
302.496	0.5	302496	trained	32726	41	memtrain/o_663_2.jpg	photodiode	1
303.246	0.5	303246	untrained	32686	81	memtrain/o_655_2.jpg	photodiode	1
303.997	0.5	303997	untrained	32688	79	memtrain/o_600_1.jpg	photodiode	1
304.948	0.5	304948	catch	32671	n/a	catch_padded.jpg	photodiode	0
305.302	0.0	305302	response	6	n/a	n/a	trigger	0
307.05	0.5	307050	untrained	32714	53	memtrain/o_142_2.jpg	photodiode	1
308.0	0.5	308000	trained	32739	28	memtrain/o_397_1.jpg	photodiode	1
308.951	0.5	308951	trained	32763	4	memtrain/o_042_1.jpg	photodiode	1
309.752	0.5	309752	trained	32746	21	memtrain/o_319_1.jpg	photodiode	1
310.603	0.5	310603	catch	32671	n/a	catch_padded.jpg	photodiode	0
310.948	0.0	310948	response	6	n/a	n/a	trigger	0
312.604	0.5	312604	trained	32742	25	memtrain/o_358_2.jpg	photodiode	1
313.555	0.5	313555	trained	32724	43	memtrain/so_043_2.jpg	photodiode	1
314.406	0.5	314406	trained	32740	27	memtrain/o_379_2.jpg	photodiode	1
315.156	0.5	315156	trained	32757	10	memtrain/o_111_2.jpg	photodiode	1
316.107	0.5	316107	catch	32671	n/a	catch_padded.jpg	photodiode	0
316.424	0.0	316424	response	6	n/a	n/a	trigger	0
322.585	0.0	322585	block_end	120	n/a	n/a	trigger	0
328.499	0.0	328499	response	6	n/a	n/a	trigger	0
328.507	0.0	328507	block_onset	102	n/a	n/a	trigger	0
330.561	0.5	330561	trained	32741	26	memtrain/o_376_1.jpg	photodiode	1
331.512	0.5	331512	trained	32724	43	memtrain/so_043_2.jpg	photodiode	1
332.313	0.5	332313	untrained	32706	61	memtrain/o_298_2.jpg	photodiode	1
333.113	0.5	333113	catch	32671	n/a	catch_padded.jpg	photodiode	0
333.528	0.0	333528	response	6	n/a	n/a	trigger	0
335.157	0.5	335157	trained	32740	27	memtrain/o_379_2.jpg	photodiode	1
336.058	0.5	336058	trained	32761	6	memtrain/o_076_1.jpg	photodiode	1
337.017	0.5	337017	trained	32723	44	memtrain/so_045_1.jpg	photodiode	1
337.909	0.5	337909	untrained	32703	64	memtrain/o_334_2.jpg	photodiode	1
338.71	0.5	338710	catch	32671	n/a	catch_padded.jpg	photodiode	0
339.064	0.0	339064	response	6	n/a	n/a	trigger	0
340.761	0.5	340761	trained	32747	20	memtrain/o_290_1.jpg	photodiode	1
341.662	0.5	341662	trained	32758	9	memtrain/o_101_2.jpg	photodiode	1
342.563	0.5	342563	trained	32762	5	memtrain/o_067_1.jpg	photodiode	1
343.514	0.5	343514	catch	32671	n/a	catch_padded.jpg	photodiode	0
343.877	0.0	343877	response	6	n/a	n/a	trigger	0
345.465	0.5	345465	untrained	32709	58	memtrain/o_192_1.jpg	photodiode	1
346.416	0.5	346416	trained	32736	31	memtrain/o_465_2.jpg	photodiode	1
347.217	0.5	347217	untrained	32679	88	memtrain/o_458_1.jpg	photodiode	1
348.118	0.5	348118	untrained	32714	53	memtrain/o_142_2.jpg	photodiode	1
349.018	0.5	349018	trained	32753	14	memtrain/o_174_1.jpg	photodiode	1
349.969	0.5	349969	catch	32671	n/a	catch_padded.jpg	photodiode	0
350.361	0.0	350361	response	6	n/a	n/a	trigger	0
351.971	0.5	351971	trained	32731	36	memtrain/o_583_1.jpg	photodiode	1
352.872	0.5	352872	untrained	32719	48	memtrain/o_019_2.jpg	photodiode	1
353.722	0.5	353722	untrained	32690	77	memtrain/o_574_2.jpg	photodiode	1
354.573	0.5	354573	trained	32760	7	memtrain/o_091_2.jpg	photodiode	1
355.424	0.5	355424	catch	32671	n/a	catch_padded.jpg	photodiode	0
355.825	0.0	355825	response	6	n/a	n/a	trigger	0
357.426	0.5	357426	trained	32739	28	memtrain/o_397_1.jpg	photodiode	1
358.276	0.5	358276	trained	32765	2	memtrain/o_035_1.jpg	photodiode	1
359.227	0.5	359227	untrained	32713	54	memtrain/o_145_1.jpg	photodiode	1
360.178	0.5	360178	untrained	32688	79	memtrain/o_600_1.jpg	photodiode	1
360.929	0.5	360929	trained	32720	47	memtrain/so_147_2.jpg	photodiode	1
361.829	0.5	361829	catch	32671	n/a	catch_padded.jpg	photodiode	0
362.153	0.0	362153	response	6	n/a	n/a	trigger	0
363.731	0.5	363731	untrained	32685	82	memtrain/o_656_1.jpg	photodiode	1
364.523	0.5	364523	trained	32764	3	memtrain/o_040_2.jpg	photodiode	1
365.324	0.5	365324	untrained	32695	72	memtrain/o_490_1.jpg	photodiode	1
366.175	0.5	366175	catch	32671	n/a	catch_padded.jpg	photodiode	0
366.551	0.0	366551	response	6	n/a	n/a	trigger	0
368.226	0.5	368226	untrained	32672	95	memtrain/so_125_1.jpg	photodiode	1
369.177	0.5	369177	untrained	32689	78	memtrain/o_599_1.jpg	photodiode	1
369.978	0.5	369978	untrained	32675	92	memtrain/so_033_1.jpg	photodiode	1
370.737	0.5	370737	untrained	32705	62	memtrain/o_304_1.jpg	photodiode	1
371.479	0.5	371479	catch	32671	n/a	catch_padded.jpg	photodiode	0
371.84	0.0	371840	response	6	n/a	n/a	trigger	0
373.581	0.5	373581	trained	32750	17	memtrain/o_232_1.jpg	photodiode	1
374.332	0.5	374332	untrained	32698	69	memtrain/o_464_2.jpg	photodiode	1
375.132	0.5	375132	untrained	32692	75	memtrain/o_564_1.jpg	photodiode	1
376.083	0.5	376083	catch	32671	n/a	catch_padded.jpg	photodiode	0
376.487	0.0	376487	response	6	n/a	n/a	trigger	0
378.035	0.5	378035	trained	32755	12	memtrain/o_127_2.jpg	photodiode	1
378.785	0.5	378785	trained	32743	24	memtrain/o_357_1.jpg	photodiode	1
379.536	0.5	379536	trained	32767	0	memtrain/o_006_1.jpg	photodiode	1
380.337	0.5	380337	trained	32729	38	memtrain/o_603_1.jpg	photodiode	1
381.187	0.5	381187	untrained	32696	71	memtrain/o_483_1.jpg	photodiode	1
381.938	0.5	381938	catch	32671	n/a	catch_padded.jpg	photodiode	0
382.394	0.0	382394	response	6	n/a	n/a	trigger	0
384.04	0.5	384040	trained	32733	34	memtrain/o_558_2.jpg	photodiode	1
384.84	0.5	384840	trained	32728	39	memtrain/o_606_1.jpg	photodiode	1
385.591	0.5	385591	trained	32721	46	memtrain/so_113_1.jpg	photodiode	1
386.492	0.5	386492	trained	32749	18	memtrain/o_264_2.jpg	photodiode	1
387.343	0.5	387343	catch	32671	n/a	catch_padded.jpg	photodiode	0
387.602	0.0	387602	response	6	n/a	n/a	trigger	0
389.344	0.5	389344	trained	32745	22	memtrain/o_321_1.jpg	photodiode	1
390.145	0.5	390145	untrained	32717	50	memtrain/o_057_2.jpg	photodiode	1
390.996	0.5	390996	trained	32746	21	memtrain/o_319_1.jpg	photodiode	1
391.796	0.5	391796	untrained	32691	76	memtrain/o_570_1.jpg	photodiode	1
392.697	0.5	392697	untrained	32701	66	memtrain/o_342_2.jpg	photodiode	1
393.64	0.5	393640	catch	32671	n/a	catch_padded.jpg	photodiode	0
393.984	0.0	393984	response	6	n/a	n/a	trigger	0
395.75	0.5	395750	untrained	32684	83	memtrain/so_105_1.jpg	photodiode	1
396.642	0.5	396642	untrained	32712	55	memtrain/o_153_2.jpg	photodiode	1
397.593	0.5	397593	untrained	32700	67	memtrain/o_378_1.jpg	photodiode	1
398.394	0.5	398394	trained	32738	29	memtrain/o_416_1.jpg	photodiode	1
399.144	0.5	399144	untrained	32711	56	memtrain/o_163_2.jpg	photodiode	1
399.995	0.5	399995	catch	32671	n/a	catch_padded.jpg	photodiode	0
400.338	0.0	400338	response	6	n/a	n/a	trigger	0
401.997	0.5	401997	trained	32756	11	memtrain/o_117_2.jpg	photodiode	1
402.797	0.5	402797	untrained	32694	73	memtrain/o_519_2.jpg	photodiode	1
403.648	0.5	403648	trained	32732	35	memtrain/o_561_2.jpg	photodiode	1
404.599	0.5	404599	catch	32671	n/a	catch_padded.jpg	photodiode	0
405.033	0.0	405033	response	6	n/a	n/a	trigger	0
406.651	0.5	406651	trained	32725	42	memtrain/so_034_2.jpg	photodiode	1
407.501	0.5	407501	trained	32754	13	memtrain/o_136_1.jpg	photodiode	1
408.252	0.5	408252	untrained	32682	85	memtrain/o_218_1.jpg	photodiode	1
409.103	0.5	409103	trained	32737	30	memtrain/o_437_2.jpg	photodiode	1
410.054	0.5	410054	untrained	32686	81	memtrain/o_655_2.jpg	photodiode	1
410.954	0.5	410954	catch	32671	n/a	catch_padded.jpg	photodiode	0
411.346	0.0	411346	response	6	n/a	n/a	trigger	0
413.056	0.5	413056	trained	32748	19	memtrain/o_284_2.jpg	photodiode	1
414.007	0.5	414007	untrained	32681	86	memtrain/o_288_1.jpg	photodiode	1
414.758	0.5	414758	trained	32734	33	memtrain/o_536_1.jpg	photodiode	1
415.508	0.5	415508	trained	32742	25	memtrain/o_358_2.jpg	photodiode	1
416.309	0.5	416309	catch	32671	n/a	catch_padded.jpg	photodiode	0
416.709	0.0	416709	response	6	n/a	n/a	trigger	0
418.311	0.5	418311	untrained	32718	49	memtrain/o_054_2.jpg	photodiode	1
419.111	0.5	419111	trained	32751	16	memtrain/o_199_2.jpg	photodiode	1
420.012	0.5	420012	trained	32763	4	memtrain/o_042_1.jpg	photodiode	1
420.863	0.5	420863	catch	32671	n/a	catch_padded.jpg	photodiode	0
421.273	0.0	421273	response	6	n/a	n/a	trigger	0
422.956	0.5	422956	untrained	32676	91	memtrain/o_605_1.jpg	photodiode	1
423.715	0.5	423715	untrained	32693	74	memtrain/o_550_1.jpg	photodiode	1
424.466	0.5	424466	trained	32735	32	memtrain/o_485_2.jpg	photodiode	1
425.408	0.5	425408	catch	32671	n/a	catch_padded.jpg	photodiode	0
425.814	0.0	425814	response	6	n/a	n/a	trigger	0
427.51	0.5	427510	trained	32759	8	memtrain/o_094_1.jpg	photodiode	1
428.311	0.5	428311	untrained	32680	87	memtrain/o_365_1.jpg	photodiode	1
429.22	0.5	429220	untrained	32708	59	memtrain/o_201_2.jpg	photodiode	1
430.112	0.5	430112	catch	32671	n/a	catch_padded.jpg	photodiode	0
430.461	0.0	430461	response	6	n/a	n/a	trigger	0
432.064	0.5	432064	untrained	32673	94	memtrain/so_067_1.jpg	photodiode	1
432.814	0.5	432814	untrained	32697	70	memtrain/o_471_2.jpg	photodiode	1
433.615	0.5	433615	trained	32744	23	memtrain/o_338_2.jpg	photodiode	1
434.516	0.5	434516	trained	32727	40	memtrain/o_648_2.jpg	photodiode	1
435.317	0.5	435317	trained	32766	1	memtrain/o_015_1.jpg	photodiode	1
436.167	0.5	436167	catch	32671	n/a	catch_padded.jpg	photodiode	0
436.534	0.0	436534	response	6	n/a	n/a	trigger	0
438.169	0.5	438169	untrained	32704	63	memtrain/o_310_2.jpg	photodiode	1
438.92	0.5	438920	trained	32730	37	memtrain/o_597_1.jpg	photodiode	1
439.82	0.5	439820	trained	32757	10	memtrain/o_111_2.jpg	photodiode	1
440.621	0.5	440621	untrained	32707	60	memtrain/o_228_2.jpg	photodiode	1
441.372	0.5	441372	untrained	32716	51	memtrain/o_103_2.jpg	photodiode	1
442.272	0.5	442272	catch	32671	n/a	catch_padded.jpg	photodiode	0
442.669	0.0	442669	response	6	n/a	n/a	trigger	0
444.324	0.5	444324	untrained	32687	80	memtrain/o_613_1.jpg	photodiode	1
445.075	0.5	445075	trained	32726	41	memtrain/o_663_2.jpg	photodiode	1
445.825	0.5	445825	untrained	32674	93	memtrain/so_035_1.jpg	photodiode	1
446.776	0.5	446776	catch	32671	n/a	catch_padded.jpg	photodiode	0
447.33	0.0	447330	response	6	n/a	n/a	trigger	0
448.728	0.5	448728	untrained	32710	57	memtrain/o_171_1.jpg	photodiode	1
449.629	0.5	449629	untrained	32683	84	memtrain/so_117_2.jpg	photodiode	1
450.479	0.5	450479	untrained	32678	89	memtrain/o_469_1.jpg	photodiode	1
451.28	0.5	451280	trained	32752	15	memtrain/o_195_1.jpg	photodiode	1
452.181	0.5	452181	catch	32671	n/a	catch_padded.jpg	photodiode	0
452.585	0.0	452585	response	6	n/a	n/a	trigger	0
454.233	0.5	454233	untrained	32699	68	memtrain/o_393_1.jpg	photodiode	1
454.975	0.5	454975	trained	32722	45	memtrain/so_090_2.jpg	photodiode	1
455.726	0.5	455726	untrained	32677	90	memtrain/o_580_1.jpg	photodiode	1
456.526	0.5	456526	untrained	32715	52	memtrain/o_141_1.jpg	photodiode	1
457.477	0.5	457477	untrained	32702	65	memtrain/o_337_2.jpg	photodiode	1
458.228	0.5	458228	catch	32671	n/a	catch_padded.jpg	photodiode	0
458.61	0.0	458610	response	6	n/a	n/a	trigger	0
460.33	0.5	460330	trained	32749	18	memtrain/o_264_2.jpg	photodiode	1
461.08	0.5	461080	trained	32723	44	memtrain/so_045_1.jpg	photodiode	1
461.831	0.5	461831	untrained	32689	78	memtrain/o_599_1.jpg	photodiode	1
462.732	0.5	462732	untrained	32713	54	memtrain/o_145_1.jpg	photodiode	1
463.582	0.5	463582	catch	32671	n/a	catch_padded.jpg	photodiode	0
463.98	0.0	463980	response	6	n/a	n/a	trigger	0
465.634	0.5	465634	untrained	32699	68	memtrain/o_393_1.jpg	photodiode	1
466.485	0.5	466485	trained	32744	23	memtrain/o_338_2.jpg	photodiode	1
467.235	0.5	467235	untrained	32709	58	memtrain/o_192_1.jpg	photodiode	1
468.036	0.5	468036	untrained	32700	67	memtrain/o_378_1.jpg	photodiode	1
468.887	0.5	468887	catch	32671	n/a	catch_padded.jpg	photodiode	0
469.217	0.0	469217	response	6	n/a	n/a	trigger	0
470.989	0.5	470989	untrained	32710	57	memtrain/o_171_1.jpg	photodiode	1
471.889	0.5	471889	trained	32721	46	memtrain/so_113_1.jpg	photodiode	1
472.79	0.5	472790	trained	32738	29	memtrain/o_416_1.jpg	photodiode	1
473.741	0.5	473741	catch	32671	n/a	catch_padded.jpg	photodiode	0
474.127	0.0	474127	response	6	n/a	n/a	trigger	0
475.643	0.5	475643	untrained	32685	82	memtrain/o_656_1.jpg	photodiode	1
476.593	0.5	476593	untrained	32696	71	memtrain/o_483_1.jpg	photodiode	1
477.344	0.5	477344	trained	32739	28	memtrain/o_397_1.jpg	photodiode	1
478.245	0.5	478245	catch	32671	n/a	catch_padded.jpg	photodiode	0
478.651	0.0	478651	response	6	n/a	n/a	trigger	0
480.296	0.5	480296	untrained	32674	93	memtrain/so_035_1.jpg	photodiode	1
481.147	0.5	481147	untrained	32697	70	memtrain/o_471_2.jpg	photodiode	1
482.098	0.5	482098	untrained	32679	88	memtrain/o_458_1.jpg	photodiode	1
482.899	0.5	482899	untrained	32688	79	memtrain/o_600_1.jpg	photodiode	1
483.841	0.5	483841	catch	32671	n/a	catch_padded.jpg	photodiode	0
484.248	0.0	484248	response	6	n/a	n/a	trigger	0
485.951	0.5	485951	trained	32766	1	memtrain/o_015_1.jpg	photodiode	1
486.794	0.5	486794	untrained	32705	62	memtrain/o_304_1.jpg	photodiode	1
487.744	0.5	487744	untrained	32708	59	memtrain/o_201_2.jpg	photodiode	1
488.595	0.5	488595	untrained	32715	52	memtrain/o_141_1.jpg	photodiode	1
489.496	0.5	489496	catch	32671	n/a	catch_padded.jpg	photodiode	0
489.867	0.0	489867	response	6	n/a	n/a	trigger	0
491.448	0.5	491448	untrained	32690	77	memtrain/o_574_2.jpg	photodiode	1
492.248	0.5	492248	untrained	32711	56	memtrain/o_163_2.jpg	photodiode	1
493.099	0.5	493099	untrained	32680	87	memtrain/o_365_1.jpg	photodiode	1
493.95	0.5	493950	untrained	32684	83	memtrain/so_105_1.jpg	photodiode	1
494.9	0.5	494900	untrained	32683	84	memtrain/so_117_2.jpg	photodiode	1
495.651	0.5	495651	catch	32671	n/a	catch_padded.jpg	photodiode	0
496.054	0.0	496054	response	6	n/a	n/a	trigger	0
497.653	0.5	497653	trained	32729	38	memtrain/o_603_1.jpg	photodiode	1
498.604	0.5	498604	untrained	32676	91	memtrain/o_605_1.jpg	photodiode	1
499.504	0.5	499504	trained	32764	3	memtrain/o_040_2.jpg	photodiode	1
500.255	0.5	500255	trained	32755	12	memtrain/o_127_2.jpg	photodiode	1
501.006	0.5	501006	catch	32671	n/a	catch_padded.jpg	photodiode	0
501.358	0.0	501358	response	6	n/a	n/a	trigger	0
502.907	0.5	502907	trained	32733	34	memtrain/o_558_2.jpg	photodiode	1
503.658	0.5	503658	untrained	32698	69	memtrain/o_464_2.jpg	photodiode	1
504.509	0.5	504509	trained	32760	7	memtrain/o_091_2.jpg	photodiode	1
505.309	0.5	505309	trained	32726	41	memtrain/o_663_2.jpg	photodiode	1
506.11	0.5	506110	catch	32671	n/a	catch_padded.jpg	photodiode	0
506.523	0.0	506523	response	6	n/a	n/a	trigger	0
508.012	0.5	508012	trained	32753	14	memtrain/o_174_1.jpg	photodiode	1
508.812	0.5	508812	trained	32743	24	memtrain/o_357_1.jpg	photodiode	1
509.563	0.5	509563	trained	32727	40	memtrain/o_648_2.jpg	photodiode	1
510.364	0.5	510364	trained	32762	5	memtrain/o_067_1.jpg	photodiode	1
511.314	0.5	511314	catch	32671	n/a	catch_padded.jpg	photodiode	0
511.719	0.0	511719	response	6	n/a	n/a	trigger	0
513.308	0.5	513308	untrained	32672	95	memtrain/so_125_1.jpg	photodiode	1
514.175	0.5	514175	untrained	32694	73	memtrain/o_519_2.jpg	photodiode	1
515.109	0.5	515109	trained	32731	36	memtrain/o_583_1.jpg	photodiode	1
515.96	0.5	515960	catch	32671	n/a	catch_padded.jpg	photodiode	0
516.539	0.0	516539	response	6	n/a	n/a	trigger	0
517.862	0.5	517862	trained	32767	0	memtrain/o_006_1.jpg	photodiode	1
518.762	0.5	518762	untrained	32686	81	memtrain/o_655_2.jpg	photodiode	1
519.613	0.5	519613	trained	32765	2	memtrain/o_035_1.jpg	photodiode	1
520.514	0.5	520514	trained	32761	6	memtrain/o_076_1.jpg	photodiode	1
521.365	0.5	521365	trained	32740	27	memtrain/o_379_2.jpg	photodiode	1
522.215	0.5	522215	catch	32671	n/a	catch_padded.jpg	photodiode	0
522.874	0.0	522874	response	6	n/a	n/a	trigger	0
524.117	0.5	524117	trained	32741	26	memtrain/o_376_1.jpg	photodiode	1
524.968	0.5	524968	trained	32757	10	memtrain/o_111_2.jpg	photodiode	1
525.718	0.5	525718	trained	32746	21	memtrain/o_319_1.jpg	photodiode	1
526.519	0.5	526519	catch	32671	n/a	catch_padded.jpg	photodiode	0
527.168	0.0	527168	response	6	n/a	n/a	trigger	0
528.471	0.5	528471	untrained	32704	63	memtrain/o_310_2.jpg	photodiode	1
529.421	0.5	529421	trained	32756	11	memtrain/o_117_2.jpg	photodiode	1
530.272	0.5	530272	untrained	32681	86	memtrain/o_288_1.jpg	photodiode	1
531.123	0.5	531123	untrained	32702	65	memtrain/o_337_2.jpg	photodiode	1
532.074	0.5	532074	catch	32671	n/a	catch_padded.jpg	photodiode	0
532.55	0.0	532550	response	6	n/a	n/a	trigger	0
534.125	0.5	534125	trained	32758	9	memtrain/o_101_2.jpg	photodiode	1
534.926	0.5	534926	untrained	32692	75	memtrain/o_564_1.jpg	photodiode	1
535.827	0.5	535827	trained	32748	19	memtrain/o_284_2.jpg	photodiode	1
536.578	0.5	536578	trained	32722	45	memtrain/so_090_2.jpg	photodiode	1
537.528	0.5	537528	untrained	32719	48	memtrain/o_019_2.jpg	photodiode	1
538.479	0.5	538479	catch	32671	n/a	catch_padded.jpg	photodiode	0
538.948	0.0	538948	response	6	n/a	n/a	trigger	0
540.381	0.5	540381	untrained	32717	50	memtrain/o_057_2.jpg	photodiode	1
541.323	0.5	541323	trained	32725	42	memtrain/so_034_2.jpg	photodiode	1
542.124	0.5	542124	trained	32754	13	memtrain/o_136_1.jpg	photodiode	1
543.025	0.5	543025	trained	32759	8	memtrain/o_094_1.jpg	photodiode	1
543.975	0.5	543975	catch	32671	n/a	catch_padded.jpg	photodiode	0
544.274	0.0	544274	response	6	n/a	n/a	trigger	0
545.877	0.5	545877	trained	32763	4	memtrain/o_042_1.jpg	photodiode	1
546.828	0.5	546828	untrained	32673	94	memtrain/so_067_1.jpg	photodiode	1
547.628	0.5	547628	untrained	32682	85	memtrain/o_218_1.jpg	photodiode	1
548.529	0.5	548529	catch	32671	n/a	catch_padded.jpg	photodiode	0
548.923	0.0	548923	response	6	n/a	n/a	trigger	0
550.481	0.5	550481	trained	32735	32	memtrain/o_485_2.jpg	photodiode	1
551.382	0.5	551382	trained	32747	20	memtrain/o_290_1.jpg	photodiode	1
552.332	0.5	552332	trained	32752	15	memtrain/o_195_1.jpg	photodiode	1
553.183	0.5	553183	trained	32750	17	memtrain/o_232_1.jpg	photodiode	1
553.934	0.5	553934	trained	32742	25	memtrain/o_358_2.jpg	photodiode	1
554.684	0.5	554684	catch	32671	n/a	catch_padded.jpg	photodiode	0
555.121	0.0	555121	response	6	n/a	n/a	trigger	0
556.736	0.5	556736	untrained	32677	90	memtrain/o_580_1.jpg	photodiode	1
557.537	0.5	557537	trained	32728	39	memtrain/o_606_1.jpg	photodiode	1
558.388	0.5	558388	trained	32734	33	memtrain/o_536_1.jpg	photodiode	1
559.288	0.5	559288	trained	32724	43	memtrain/so_043_2.jpg	photodiode	1
560.239	0.5	560239	untrained	32687	80	memtrain/o_613_1.jpg	photodiode	1
561.19	0.5	561190	catch	32671	n/a	catch_padded.jpg	photodiode	0
561.594	0.0	561594	response	6	n/a	n/a	trigger	0
563.292	0.5	563292	untrained	32706	61	memtrain/o_298_2.jpg	photodiode	1
564.142	0.5	564142	trained	32732	35	memtrain/o_561_2.jpg	photodiode	1
565.043	0.5	565043	untrained	32703	64	memtrain/o_334_2.jpg	photodiode	1
565.844	0.5	565844	trained	32720	47	memtrain/so_147_2.jpg	photodiode	1
566.595	0.5	566595	untrained	32695	72	memtrain/o_490_1.jpg	photodiode	1
567.345	0.5	567345	catch	32671	n/a	catch_padded.jpg	photodiode	0
567.664	0.0	567664	response	6	n/a	n/a	trigger	0
569.397	0.5	569397	untrained	32678	89	memtrain/o_469_1.jpg	photodiode	1
570.248	0.5	570248	trained	32745	22	memtrain/o_321_1.jpg	photodiode	1
571.148	0.5	571148	untrained	32714	53	memtrain/o_142_2.jpg	photodiode	1
572.041	0.5	572041	catch	32671	n/a	catch_padded.jpg	photodiode	0
572.545	0.0	572545	response	6	n/a	n/a	trigger	0
574.001	0.5	574001	untrained	32701	66	memtrain/o_342_2.jpg	photodiode	1
574.843	0.5	574843	trained	32751	16	memtrain/o_199_2.jpg	photodiode	1
575.644	0.5	575644	untrained	32691	76	memtrain/o_570_1.jpg	photodiode	1
576.445	0.5	576445	trained	32730	37	memtrain/o_597_1.jpg	photodiode	1
577.245	0.5	577245	trained	32737	30	memtrain/o_437_2.jpg	photodiode	1
578.196	0.5	578196	catch	32671	n/a	catch_padded.jpg	photodiode	0
578.543	0.0	578543	response	6	n/a	n/a	trigger	0
580.098	0.5	580098	untrained	32693	74	memtrain/o_550_1.jpg	photodiode	1
580.948	0.5	580948	untrained	32718	49	memtrain/o_054_2.jpg	photodiode	1
581.699	0.5	581699	untrained	32712	55	memtrain/o_153_2.jpg	photodiode	1
582.65	0.5	582650	untrained	32675	92	memtrain/so_033_1.jpg	photodiode	1
583.551	0.5	583551	catch	32671	n/a	catch_padded.jpg	photodiode	0
584.073	0.0	584073	response	6	n/a	n/a	trigger	0
585.502	0.5	585502	untrained	32716	51	memtrain/o_103_2.jpg	photodiode	1
586.253	0.5	586253	untrained	32707	60	memtrain/o_228_2.jpg	photodiode	1
587.104	0.5	587104	trained	32736	31	memtrain/o_465_2.jpg	photodiode	1
587.954	0.5	587954	catch	32671	n/a	catch_padded.jpg	photodiode	0
588.541	0.0	588541	response	6	n/a	n/a	trigger	0
594.432	0.0	594432	block_end	120	n/a	n/a	trigger	0
603.801	0.0	603801	response	6	n/a	n/a	trigger	0
603.806	0.0	603806	block_onset	103	n/a	n/a	trigger	0
605.861	0.5	605861	trained	32742	25	memtrain/o_358_2.jpg	photodiode	1
606.612	0.5	606612	untrained	32713	54	memtrain/o_145_1.jpg	photodiode	1
607.463	0.5	607463	untrained	32700	67	memtrain/o_378_1.jpg	photodiode	1
608.263	0.5	608263	untrained	32712	55	memtrain/o_153_2.jpg	photodiode	1
609.206	0.5	609206	catch	32671	n/a	catch_padded.jpg	photodiode	0
609.532	0.0	609532	response	6	n/a	n/a	trigger	0
611.308	0.5	611308	untrained	32697	70	memtrain/o_471_2.jpg	photodiode	1
612.058	0.5	612058	trained	32741	26	memtrain/o_376_1.jpg	photodiode	1
612.909	0.5	612909	trained	32765	2	memtrain/o_035_1.jpg	photodiode	1
613.86	0.5	613860	untrained	32716	51	memtrain/o_103_2.jpg	photodiode	1
614.811	0.5	614811	trained	32725	42	memtrain/so_034_2.jpg	photodiode	1
615.661	0.5	615661	catch	32671	n/a	catch_padded.jpg	photodiode	0
615.972	0.0	615972	response	6	n/a	n/a	trigger	0
617.713	0.5	617713	trained	32740	27	memtrain/o_379_2.jpg	photodiode	1
618.464	0.5	618464	trained	32739	28	memtrain/o_397_1.jpg	photodiode	1
619.264	0.5	619264	trained	32759	8	memtrain/o_094_1.jpg	photodiode	1
620.115	0.5	620115	trained	32737	30	memtrain/o_437_2.jpg	photodiode	1
620.916	0.5	620916	catch	32671	n/a	catch_padded.jpg	photodiode	0
621.261	0.0	621261	response	6	n/a	n/a	trigger	0
622.817	0.5	622817	untrained	32683	84	memtrain/so_117_2.jpg	photodiode	1
623.618	0.5	623618	trained	32755	12	memtrain/o_127_2.jpg	photodiode	1
624.469	0.5	624469	trained	32766	1	memtrain/o_015_1.jpg	photodiode	1
625.219	0.5	625219	catch	32671	n/a	catch_padded.jpg	photodiode	0
625.66	0.0	625660	response	6	n/a	n/a	trigger	0
627.321	0.5	627321	untrained	32676	91	memtrain/o_605_1.jpg	photodiode	1
628.172	0.5	628172	untrained	32675	92	memtrain/so_033_1.jpg	photodiode	1
629.023	0.5	629023	untrained	32705	62	memtrain/o_304_1.jpg	photodiode	1
629.923	0.5	629923	untrained	32677	90	memtrain/o_580_1.jpg	photodiode	1
630.724	0.5	630724	trained	32733	34	memtrain/o_558_2.jpg	photodiode	1
631.575	0.5	631575	catch	32671	n/a	catch_padded.jpg	photodiode	0
632.12	0.0	632120	response	6	n/a	n/a	trigger	0
633.676	0.5	633676	untrained	32707	60	memtrain/o_228_2.jpg	photodiode	1
634.527	0.5	634527	trained	32746	21	memtrain/o_319_1.jpg	photodiode	1
635.278	0.5	635278	untrained	32672	95	memtrain/so_125_1.jpg	photodiode	1
636.229	0.5	636229	catch	32671	n/a	catch_padded.jpg	photodiode	0
636.737	0.0	636737	response	6	n/a	n/a	trigger	0
638.28	0.5	638280	trained	32738	29	memtrain/o_416_1.jpg	photodiode	1
639.131	0.5	639131	trained	32747	20	memtrain/o_290_1.jpg	photodiode	1
640.074	0.5	640074	trained	32722	45	memtrain/so_090_2.jpg	photodiode	1
640.883	0.5	640883	catch	32671	n/a	catch_padded.jpg	photodiode	0
641.414	0.0	641414	response	6	n/a	n/a	trigger	0
642.926	0.5	642926	trained	32764	3	memtrain/o_040_2.jpg	photodiode	1
643.777	0.5	643777	trained	32727	40	memtrain/o_648_2.jpg	photodiode	1
644.527	0.5	644527	untrained	32704	63	memtrain/o_310_2.jpg	photodiode	1
645.378	0.5	645378	catch	32671	n/a	catch_padded.jpg	photodiode	0
645.837	0.0	645837	response	6	n/a	n/a	trigger	0
647.33	0.5	647330	untrained	32674	93	memtrain/so_035_1.jpg	photodiode	1
648.23	0.5	648230	untrained	32709	58	memtrain/o_192_1.jpg	photodiode	1
649.131	0.5	649131	untrained	32686	81	memtrain/o_655_2.jpg	photodiode	1
649.982	0.5	649982	catch	32671	n/a	catch_padded.jpg	photodiode	0
650.428	0.0	650428	response	6	n/a	n/a	trigger	0
651.984	0.5	651984	untrained	32718	49	memtrain/o_054_2.jpg	photodiode	1
652.834	0.5	652834	untrained	32714	53	memtrain/o_142_2.jpg	photodiode	1
653.785	0.5	653785	trained	32760	7	memtrain/o_091_2.jpg	photodiode	1
654.536	0.5	654536	untrained	32688	79	memtrain/o_600_1.jpg	photodiode	1
655.336	0.5	655336	trained	32728	39	memtrain/o_606_1.jpg	photodiode	1
656.137	0.5	656137	catch	32671	n/a	catch_padded.jpg	photodiode	0
656.6	0.0	656600	response	6	n/a	n/a	trigger	0
658.139	0.5	658139	trained	32730	37	memtrain/o_597_1.jpg	photodiode	1
658.998	0.5	658998	untrained	32695	72	memtrain/o_490_1.jpg	photodiode	1
659.94	0.5	659940	untrained	32701	66	memtrain/o_342_2.jpg	photodiode	1
660.891	0.5	660891	untrained	32692	75	memtrain/o_564_1.jpg	photodiode	1
661.792	0.5	661792	catch	32671	n/a	catch_padded.jpg	photodiode	0
662.209	0.0	662209	response	6	n/a	n/a	trigger	0
663.894	0.5	663894	untrained	32684	83	memtrain/so_105_1.jpg	photodiode	1
664.794	0.5	664794	trained	32763	4	memtrain/o_042_1.jpg	photodiode	1
665.645	0.5	665645	untrained	32687	80	memtrain/o_613_1.jpg	photodiode	1
666.396	0.5	666396	catch	32671	n/a	catch_padded.jpg	photodiode	0
666.834	0.0	666834	response	6	n/a	n/a	trigger	0
668.448	0.5	668448	trained	32751	16	memtrain/o_199_2.jpg	photodiode	1
669.19	0.5	669190	trained	32752	15	memtrain/o_195_1.jpg	photodiode	1
670.041	0.5	670041	trained	32754	13	memtrain/o_136_1.jpg	photodiode	1
670.841	0.5	670841	trained	32743	24	memtrain/o_357_1.jpg	photodiode	1
671.592	0.5	671592	catch	32671	n/a	catch_padded.jpg	photodiode	0
672.003	0.0	672003	response	6	n/a	n/a	trigger	0
673.644	0.5	673644	untrained	32708	59	memtrain/o_201_2.jpg	photodiode	1
674.494	0.5	674494	trained	32744	23	memtrain/o_338_2.jpg	photodiode	1
675.345	0.5	675345	untrained	32702	65	memtrain/o_337_2.jpg	photodiode	1
676.296	0.5	676296	untrained	32703	64	memtrain/o_334_2.jpg	photodiode	1
677.047	0.5	677047	catch	32671	n/a	catch_padded.jpg	photodiode	0
677.525	0.0	677525	response	6	n/a	n/a	trigger	0
678.948	0.5	678948	trained	32724	43	memtrain/so_043_2.jpg	photodiode	1
679.749	0.5	679749	trained	32761	6	memtrain/o_076_1.jpg	photodiode	1
680.65	0.5	680650	trained	32750	17	memtrain/o_232_1.jpg	photodiode	1
681.6	0.5	681600	catch	32671	n/a	catch_padded.jpg	photodiode	0
682.237	0.0	682237	response	6	n/a	n/a	trigger	0
683.502	0.5	683502	untrained	32694	73	memtrain/o_519_2.jpg	photodiode	1
684.353	0.5	684353	trained	32726	41	memtrain/o_663_2.jpg	photodiode	1
685.153	0.5	685153	trained	32756	11	memtrain/o_117_2.jpg	photodiode	1
686.004	0.5	686004	untrained	32679	88	memtrain/o_458_1.jpg	photodiode	1
686.955	0.5	686955	catch	32671	n/a	catch_padded.jpg	photodiode	0
687.372	0.0	687372	response	6	n/a	n/a	trigger	0
689.007	0.5	689007	untrained	32682	85	memtrain/o_218_1.jpg	photodiode	1
689.857	0.5	689857	untrained	32698	69	memtrain/o_464_2.jpg	photodiode	1
690.658	0.5	690658	untrained	32690	77	memtrain/o_574_2.jpg	photodiode	1
691.609	0.5	691609	catch	32671	n/a	catch_padded.jpg	photodiode	0
692.076	0.0	692076	response	6	n/a	n/a	trigger	0
693.611	0.5	693611	untrained	32699	68	memtrain/o_393_1.jpg	photodiode	1
694.511	0.5	694511	trained	32767	0	memtrain/o_006_1.jpg	photodiode	1
695.412	0.5	695412	trained	32757	10	memtrain/o_111_2.jpg	photodiode	1
696.313	0.5	696313	trained	32748	19	memtrain/o_284_2.jpg	photodiode	1
697.264	0.5	697264	untrained	32696	71	memtrain/o_483_1.jpg	photodiode	1
698.106	0.5	698106	catch	32671	n/a	catch_padded.jpg	photodiode	0
698.535	0.0	698535	response	6	n/a	n/a	trigger	0
700.008	0.5	700008	trained	32753	14	memtrain/o_174_1.jpg	photodiode	1
700.808	0.5	700808	untrained	32685	82	memtrain/o_656_1.jpg	photodiode	1
701.709	0.5	701709	untrained	32717	50	memtrain/o_057_2.jpg	photodiode	1
702.46	0.5	702460	trained	32729	38	memtrain/o_603_1.jpg	photodiode	1
703.411	0.5	703411	trained	32734	33	memtrain/o_536_1.jpg	photodiode	1
704.161	0.5	704161	catch	32671	n/a	catch_padded.jpg	photodiode	0
704.615	0.0	704615	response	6	n/a	n/a	trigger	0
706.063	0.5	706063	trained	32735	32	memtrain/o_485_2.jpg	photodiode	1
706.964	0.5	706964	trained	32745	22	memtrain/o_321_1.jpg	photodiode	1
707.764	0.5	707764	untrained	32691	76	memtrain/o_570_1.jpg	photodiode	1
708.715	0.5	708715	trained	32736	31	memtrain/o_465_2.jpg	photodiode	1
709.566	0.5	709566	untrained	32715	52	memtrain/o_141_1.jpg	photodiode	1
710.366	0.5	710366	catch	32671	n/a	catch_padded.jpg	photodiode	0
710.949	0.0	710949	response	6	n/a	n/a	trigger	0
712.368	0.5	712368	trained	32749	18	memtrain/o_264_2.jpg	photodiode	1
713.219	0.5	713219	untrained	32681	86	memtrain/o_288_1.jpg	photodiode	1
714.12	0.5	714120	trained	32762	5	memtrain/o_067_1.jpg	photodiode	1
714.97	0.5	714970	untrained	32719	48	memtrain/o_019_2.jpg	photodiode	1
715.871	0.5	715871	untrained	32711	56	memtrain/o_163_2.jpg	photodiode	1
716.772	0.5	716772	catch	32671	n/a	catch_padded.jpg	photodiode	0
718.673	0.5	718673	untrained	32710	57	memtrain/o_171_1.jpg	photodiode	1
718.734	0.0	718734	response	6	n/a	n/a	trigger	0
719.624	0.5	719624	untrained	32673	94	memtrain/so_067_1.jpg	photodiode	1
720.375	0.5	720375	trained	32721	46	memtrain/so_113_1.jpg	photodiode	1
721.176	0.5	721176	trained	32731	36	memtrain/o_583_1.jpg	photodiode	1
721.926	0.5	721926	trained	32732	35	memtrain/o_561_2.jpg	photodiode	1
722.827	0.5	722827	catch	32671	n/a	catch_padded.jpg	photodiode	0
723.207	0.0	723207	response	6	n/a	n/a	trigger	0
724.829	0.5	724829	trained	32723	44	memtrain/so_045_1.jpg	photodiode	1
725.679	0.5	725679	untrained	32706	61	memtrain/o_298_2.jpg	photodiode	1
726.622	0.5	726622	trained	32720	47	memtrain/so_147_2.jpg	photodiode	1
727.373	0.5	727373	untrained	32693	74	memtrain/o_550_1.jpg	photodiode	1
728.282	0.5	728282	untrained	32678	89	memtrain/o_469_1.jpg	photodiode	1
729.224	0.5	729224	catch	32671	n/a	catch_padded.jpg	photodiode	0
729.572	0.0	729572	response	6	n/a	n/a	trigger	0
731.176	0.5	731176	untrained	32689	78	memtrain/o_599_1.jpg	photodiode	1
732.027	0.5	732027	trained	32758	9	memtrain/o_101_2.jpg	photodiode	1
732.777	0.5	732777	untrained	32680	87	memtrain/o_365_1.jpg	photodiode	1
733.728	0.5	733728	untrained	32688	79	memtrain/o_600_1.jpg	photodiode	1
734.529	0.5	734529	trained	32725	42	memtrain/so_034_2.jpg	photodiode	1
735.479	0.5	735479	catch	32671	n/a	catch_padded.jpg	photodiode	0
735.872	0.0	735872	response	6	n/a	n/a	trigger	0
737.481	0.5	737481	untrained	32680	87	memtrain/o_365_1.jpg	photodiode	1
738.382	0.5	738382	trained	32739	28	memtrain/o_397_1.jpg	photodiode	1
739.183	0.5	739183	untrained	32699	68	memtrain/o_393_1.jpg	photodiode	1
739.983	0.5	739983	trained	32745	22	memtrain/o_321_1.jpg	photodiode	1
740.784	0.5	740784	catch	32671	n/a	catch_padded.jpg	photodiode	0
741.165	0.0	741165	response	6	n/a	n/a	trigger	0
742.786	0.5	742786	trained	32757	10	memtrain/o_111_2.jpg	photodiode	1
743.736	0.5	743736	untrained	32675	92	memtrain/so_033_1.jpg	photodiode	1
744.537	0.5	744537	untrained	32712	55	memtrain/o_153_2.jpg	photodiode	1
745.438	0.5	745438	catch	32671	n/a	catch_padded.jpg	photodiode	0
745.816	0.0	745816	response	6	n/a	n/a	trigger	0
747.44	0.5	747440	trained	32720	47	memtrain/so_147_2.jpg	photodiode	1
748.39	0.5	748390	untrained	32676	91	memtrain/o_605_1.jpg	photodiode	1
749.241	0.5	749241	trained	32761	6	memtrain/o_076_1.jpg	photodiode	1
749.992	0.5	749992	catch	32671	n/a	catch_padded.jpg	photodiode	0
750.4	0.0	750400	response	6	n/a	n/a	trigger	0
751.893	0.5	751893	untrained	32677	90	memtrain/o_580_1.jpg	photodiode	1
752.844	0.5	752844	untrained	32695	72	memtrain/o_490_1.jpg	photodiode	1
753.745	0.5	753745	untrained	32700	67	memtrain/o_378_1.jpg	photodiode	1
754.646	0.5	754646	catch	32671	n/a	catch_padded.jpg	photodiode	0
755.479	0.0	755479	response	6	n/a	n/a	trigger	0
756.739	0.5	756739	untrained	32715	52	memtrain/o_141_1.jpg	photodiode	1
757.69	0.5	757690	untrained	32689	78	memtrain/o_599_1.jpg	photodiode	1
758.641	0.5	758641	untrained	32681	86	memtrain/o_288_1.jpg	photodiode	1
759.541	0.5	759541	trained	32754	13	memtrain/o_136_1.jpg	photodiode	1
760.442	0.5	760442	trained	32721	46	memtrain/so_113_1.jpg	photodiode	1
761.293	0.5	761293	catch	32671	n/a	catch_padded.jpg	photodiode	0
761.701	0.0	761701	response	6	n/a	n/a	trigger	0
763.195	0.5	763195	untrained	32674	93	memtrain/so_035_1.jpg	photodiode	1
763.945	0.5	763945	trained	32744	23	memtrain/o_338_2.jpg	photodiode	1
764.846	0.5	764846	trained	32763	4	memtrain/o_042_1.jpg	photodiode	1
765.597	0.5	765597	trained	32723	44	memtrain/so_045_1.jpg	photodiode	1
766.497	0.5	766497	catch	32671	n/a	catch_padded.jpg	photodiode	0
766.967	0.0	766967	response	6	n/a	n/a	trigger	0
768.599	0.5	768599	untrained	32684	83	memtrain/so_105_1.jpg	photodiode	1
769.4	0.5	769400	untrained	32702	65	memtrain/o_337_2.jpg	photodiode	1
770.251	0.5	770251	untrained	32703	64	memtrain/o_334_2.jpg	photodiode	1
771.001	0.5	771001	catch	32671	n/a	catch_padded.jpg	photodiode	0
771.581	0.0	771581	response	6	n/a	n/a	trigger	0
773.053	0.5	773053	untrained	32682	85	memtrain/o_218_1.jpg	photodiode	1
773.854	0.5	773854	trained	32749	18	memtrain/o_264_2.jpg	photodiode	1
774.654	0.5	774654	trained	32736	31	memtrain/o_465_2.jpg	photodiode	1
775.605	0.5	775605	untrained	32714	53	memtrain/o_142_2.jpg	photodiode	1
776.456	0.5	776456	catch	32671	n/a	catch_padded.jpg	photodiode	0
776.842	0.0	776842	response	6	n/a	n/a	trigger	0
778.508	0.5	778508	untrained	32705	62	memtrain/o_304_1.jpg	photodiode	1
779.258	0.5	779258	untrained	32709	58	memtrain/o_192_1.jpg	photodiode	1
780.159	0.5	780159	trained	32735	32	memtrain/o_485_2.jpg	photodiode	1
780.96	0.5	780960	catch	32671	n/a	catch_padded.jpg	photodiode	0
781.346	0.0	781346	response	6	n/a	n/a	trigger	0
783.011	0.5	783011	untrained	32713	54	memtrain/o_145_1.jpg	photodiode	1
783.812	0.5	783812	trained	32734	33	memtrain/o_536_1.jpg	photodiode	1
784.554	0.5	784554	trained	32759	8	memtrain/o_094_1.jpg	photodiode	1
785.505	0.5	785505	untrained	32708	59	memtrain/o_201_2.jpg	photodiode	1
786.314	0.5	786314	catch	32671	n/a	catch_padded.jpg	photodiode	0
786.741	0.0	786741	response	6	n/a	n/a	trigger	0
788.358	0.5	788358	untrained	32707	60	memtrain/o_228_2.jpg	photodiode	1
789.108	0.5	789108	untrained	32711	56	memtrain/o_163_2.jpg	photodiode	1
789.909	0.5	789909	trained	32733	34	memtrain/o_558_2.jpg	photodiode	1
790.81	0.5	790810	catch	32671	n/a	catch_padded.jpg	photodiode	0
791.241	0.0	791241	response	6	n/a	n/a	trigger	0
792.711	0.5	792711	untrained	32717	50	memtrain/o_057_2.jpg	photodiode	1
793.462	0.5	793462	untrained	32672	95	memtrain/so_125_1.jpg	photodiode	1
794.313	0.5	794313	trained	32765	2	memtrain/o_035_1.jpg	photodiode	1
795.163	0.5	795163	trained	32724	43	memtrain/so_043_2.jpg	photodiode	1
795.964	0.5	795964	catch	32671	n/a	catch_padded.jpg	photodiode	0
796.427	0.0	796427	response	6	n/a	n/a	trigger	0
798.016	0.5	798016	trained	32732	35	memtrain/o_561_2.jpg	photodiode	1
798.817	0.5	798817	untrained	32693	74	memtrain/o_550_1.jpg	photodiode	1
799.567	0.5	799567	untrained	32685	82	memtrain/o_656_1.jpg	photodiode	1
800.368	0.5	800368	untrained	32686	81	memtrain/o_655_2.jpg	photodiode	1
801.118	0.5	801118	trained	32738	29	memtrain/o_416_1.jpg	photodiode	1
802.069	0.5	802069	catch	32671	n/a	catch_padded.jpg	photodiode	0
802.921	0.0	802921	response	6	n/a	n/a	trigger	0
804.171	0.5	804171	trained	32756	11	memtrain/o_117_2.jpg	photodiode	1
804.972	0.5	804972	trained	32727	40	memtrain/o_648_2.jpg	photodiode	1
805.822	0.5	805822	trained	32729	38	memtrain/o_603_1.jpg	photodiode	1
806.773	0.5	806773	trained	32764	3	memtrain/o_040_2.jpg	photodiode	1
807.674	0.5	807674	trained	32731	36	memtrain/o_583_1.jpg	photodiode	1
808.425	0.5	808425	catch	32671	n/a	catch_padded.jpg	photodiode	0
810.169	0.0	810169	response	6	n/a	n/a	trigger	0
810.476	0.5	810476	untrained	32679	88	memtrain/o_458_1.jpg	photodiode	1
811.277	0.5	811277	untrained	32701	66	memtrain/o_342_2.jpg	photodiode	1
812.078	0.5	812078	trained	32753	14	memtrain/o_174_1.jpg	photodiode	1
812.979	0.5	812979	trained	32760	7	memtrain/o_091_2.jpg	photodiode	1
813.729	0.5	813729	untrained	32691	76	memtrain/o_570_1.jpg	photodiode	1
814.63	0.5	814630	catch	32671	n/a	catch_padded.jpg	photodiode	0
814.989	0.0	814989	response	6	n/a	n/a	trigger	0
816.732	0.5	816732	trained	32746	21	memtrain/o_319_1.jpg	photodiode	1
817.474	0.5	817474	untrained	32710	57	memtrain/o_171_1.jpg	photodiode	1
818.275	0.5	818275	trained	32737	30	memtrain/o_437_2.jpg	photodiode	1
819.025	0.5	819025	untrained	32673	94	memtrain/so_067_1.jpg	photodiode	1
819.826	0.5	819826	catch	32671	n/a	catch_padded.jpg	photodiode	0
820.221	0.0	820221	response	6	n/a	n/a	trigger	0
821.728	0.5	821728	untrained	32692	75	memtrain/o_564_1.jpg	photodiode	1
822.628	0.5	822628	trained	32762	5	memtrain/o_067_1.jpg	photodiode	1
823.429	0.5	823429	trained	32748	19	memtrain/o_284_2.jpg	photodiode	1
824.23	0.5	824230	catch	32671	n/a	catch_padded.jpg	photodiode	0
824.574	0.0	824574	response	6	n/a	n/a	trigger	0
826.281	0.5	826281	trained	32755	12	memtrain/o_127_2.jpg	photodiode	1
827.032	0.5	827032	untrained	32690	77	memtrain/o_574_2.jpg	photodiode	1
827.883	0.5	827883	trained	32750	17	memtrain/o_232_1.jpg	photodiode	1
828.633	0.5	828633	untrained	32698	69	memtrain/o_464_2.jpg	photodiode	1
829.434	0.5	829434	catch	32671	n/a	catch_padded.jpg	photodiode	0
829.798	0.0	829798	response	6	n/a	n/a	trigger	0
831.336	0.5	831336	trained	32728	39	memtrain/o_606_1.jpg	photodiode	1
832.136	0.5	832136	trained	32726	41	memtrain/o_663_2.jpg	photodiode	1
832.937	0.5	832937	untrained	32683	84	memtrain/so_117_2.jpg	photodiode	1
833.888	0.5	833888	trained	32767	0	memtrain/o_006_1.jpg	photodiode	1
834.839	0.5	834839	catch	32671	n/a	catch_padded.jpg	photodiode	0
835.193	0.0	835193	response	6	n/a	n/a	trigger	0
836.74	0.5	836740	trained	32766	1	memtrain/o_015_1.jpg	photodiode	1
837.641	0.5	837641	untrained	32687	80	memtrain/o_613_1.jpg	photodiode	1
838.392	0.5	838392	untrained	32706	61	memtrain/o_298_2.jpg	photodiode	1
839.342	0.5	839342	trained	32752	15	memtrain/o_195_1.jpg	photodiode	1
840.243	0.5	840243	trained	32751	16	memtrain/o_199_2.jpg	photodiode	1
840.994	0.5	840994	catch	32671	n/a	catch_padded.jpg	photodiode	0
841.43	0.0	841430	response	6	n/a	n/a	trigger	0
843.096	0.5	843096	trained	32730	37	memtrain/o_597_1.jpg	photodiode	1
844.046	0.5	844046	trained	32741	26	memtrain/o_376_1.jpg	photodiode	1
844.989	0.5	844989	untrained	32719	48	memtrain/o_019_2.jpg	photodiode	1
845.84	0.5	845840	untrained	32718	49	memtrain/o_054_2.jpg	photodiode	1
846.64	0.5	846640	catch	32671	n/a	catch_padded.jpg	photodiode	0
847.162	0.0	847162	response	6	n/a	n/a	trigger	0
848.692	0.5	848692	untrained	32694	73	memtrain/o_519_2.jpg	photodiode	1
849.643	0.5	849643	untrained	32678	89	memtrain/o_469_1.jpg	photodiode	1
850.444	0.5	850444	untrained	32704	63	memtrain/o_310_2.jpg	photodiode	1
851.244	0.5	851244	catch	32671	n/a	catch_padded.jpg	photodiode	0
851.728	0.0	851728	response	6	n/a	n/a	trigger	0
853.246	0.5	853246	trained	32747	20	memtrain/o_290_1.jpg	photodiode	1
853.997	0.5	853997	untrained	32697	70	memtrain/o_471_2.jpg	photodiode	1
854.947	0.5	854947	trained	32758	9	memtrain/o_101_2.jpg	photodiode	1
855.798	0.5	855798	trained	32743	24	memtrain/o_357_1.jpg	photodiode	1
856.649	0.5	856649	catch	32671	n/a	catch_padded.jpg	photodiode	0
856.986	0.0	856986	response	6	n/a	n/a	trigger	0
858.701	0.5	858701	trained	32722	45	memtrain/so_090_2.jpg	photodiode	1
859.651	0.5	859651	trained	32742	25	memtrain/o_358_2.jpg	photodiode	1
860.452	0.5	860452	untrained	32696	71	memtrain/o_483_1.jpg	photodiode	1
861.403	0.5	861403	trained	32740	27	memtrain/o_379_2.jpg	photodiode	1
862.354	0.5	862354	untrained	32716	51	memtrain/o_103_2.jpg	photodiode	1
863.154	0.5	863154	catch	32671	n/a	catch_padded.jpg	photodiode	0
863.582	0.0	863582	response	6	n/a	n/a	trigger	0
869.632	0.0	869632	block_end	120	n/a	n/a	trigger	0
886.952	0.0	886952	response	6	n/a	n/a	trigger	0
886.963	0.0	886963	block_onset	104	n/a	n/a	trigger	0
889.018	0.5	889018	trained	32725	42	memtrain/so_034_2.jpg	photodiode	1
889.869	0.5	889869	trained	32728	39	memtrain/o_606_1.jpg	photodiode	1
890.619	0.5	890619	trained	32746	21	memtrain/o_319_1.jpg	photodiode	1
891.37	0.5	891370	catch	32671	n/a	catch_padded.jpg	photodiode	0
891.709	0.0	891709	response	6	n/a	n/a	trigger	0
893.372	0.5	893372	trained	32729	38	memtrain/o_603_1.jpg	photodiode	1
894.222	0.5	894222	trained	32732	35	memtrain/o_561_2.jpg	photodiode	1
895.173	0.5	895173	untrained	32674	93	memtrain/so_035_1.jpg	photodiode	1
896.116	0.5	896116	trained	32742	25	memtrain/o_358_2.jpg	photodiode	1
896.916	0.5	896916	catch	32671	n/a	catch_padded.jpg	photodiode	0
897.286	0.0	897286	response	6	n/a	n/a	trigger	0
898.968	0.5	898968	trained	32734	33	memtrain/o_536_1.jpg	photodiode	1
899.819	0.5	899819	trained	32740	27	memtrain/o_379_2.jpg	photodiode	1
900.72	0.5	900720	untrained	32687	80	memtrain/o_613_1.jpg	photodiode	1
901.47	0.5	901470	trained	32763	4	memtrain/o_042_1.jpg	photodiode	1
902.421	0.5	902421	catch	32671	n/a	catch_padded.jpg	photodiode	0
902.826	0.0	902826	response	6	n/a	n/a	trigger	0
904.373	0.5	904373	trained	32752	15	memtrain/o_195_1.jpg	photodiode	1
905.123	0.5	905123	untrained	32707	60	memtrain/o_228_2.jpg	photodiode	1
905.924	0.5	905924	trained	32737	30	memtrain/o_437_2.jpg	photodiode	1
906.725	0.5	906725	untrained	32710	57	memtrain/o_171_1.jpg	photodiode	1
907.675	0.5	907675	untrained	32715	52	memtrain/o_141_1.jpg	photodiode	1
908.476	0.5	908476	catch	32671	n/a	catch_padded.jpg	photodiode	0
908.999	0.0	908999	response	6	n/a	n/a	trigger	0
910.428	0.5	910428	untrained	32705	62	memtrain/o_304_1.jpg	photodiode	1
911.178	0.5	911178	trained	32743	24	memtrain/o_357_1.jpg	photodiode	1
912.029	0.5	912029	trained	32730	37	memtrain/o_597_1.jpg	photodiode	1
912.93	0.5	912930	untrained	32683	84	memtrain/so_117_2.jpg	photodiode	1
913.681	0.5	913681	catch	32671	n/a	catch_padded.jpg	photodiode	0
914.154	0.0	914154	response	6	n/a	n/a	trigger	0
915.782	0.5	915782	untrained	32685	82	memtrain/o_656_1.jpg	photodiode	1
916.683	0.5	916683	untrained	32693	74	memtrain/o_550_1.jpg	photodiode	1
917.434	0.5	917434	trained	32745	22	memtrain/o_321_1.jpg	photodiode	1
918.184	0.5	918184	trained	32749	18	memtrain/o_264_2.jpg	photodiode	1
918.985	0.5	918985	catch	32671	n/a	catch_padded.jpg	photodiode	0
919.372	0.0	919372	response	6	n/a	n/a	trigger	0
921.037	0.5	921037	untrained	32686	81	memtrain/o_655_2.jpg	photodiode	1
921.888	0.5	921888	trained	32727	40	memtrain/o_648_2.jpg	photodiode	1
922.738	0.5	922738	trained	32726	41	memtrain/o_663_2.jpg	photodiode	1
923.489	0.5	923489	untrained	32708	59	memtrain/o_201_2.jpg	photodiode	1
924.331	0.5	924331	untrained	32691	76	memtrain/o_570_1.jpg	photodiode	1
925.24	0.5	925240	catch	32671	n/a	catch_padded.jpg	photodiode	0
925.719	0.0	925719	response	6	n/a	n/a	trigger	0
927.342	0.5	927342	untrained	32675	92	memtrain/so_033_1.jpg	photodiode	1
928.084	0.5	928084	trained	32722	45	memtrain/so_090_2.jpg	photodiode	1
928.835	0.5	928835	trained	32751	16	memtrain/o_199_2.jpg	photodiode	1
929.636	0.5	929636	untrained	32698	69	memtrain/o_464_2.jpg	photodiode	1
930.587	0.5	930587	trained	32738	29	memtrain/o_416_1.jpg	photodiode	1
931.437	0.5	931437	catch	32671	n/a	catch_padded.jpg	photodiode	0
931.905	0.0	931905	response	6	n/a	n/a	trigger	0
933.339	0.5	933339	untrained	32689	78	memtrain/o_599_1.jpg	photodiode	1
934.14	0.5	934140	trained	32744	23	memtrain/o_338_2.jpg	photodiode	1
934.89	0.5	934890	trained	32750	17	memtrain/o_232_1.jpg	photodiode	1
935.691	0.5	935691	trained	32761	6	memtrain/o_076_1.jpg	photodiode	1
936.542	0.5	936542	untrained	32713	54	memtrain/o_145_1.jpg	photodiode	1
937.442	0.5	937442	catch	32671	n/a	catch_padded.jpg	photodiode	0
937.833	0.0	937833	response	6	n/a	n/a	trigger	0
939.444	0.5	939444	trained	32765	2	memtrain/o_035_1.jpg	photodiode	1
940.295	0.5	940295	trained	32741	26	memtrain/o_376_1.jpg	photodiode	1
941.045	0.5	941045	untrained	32703	64	memtrain/o_334_2.jpg	photodiode	1
941.996	0.5	941996	untrained	32696	71	memtrain/o_483_1.jpg	photodiode	1
942.947	0.5	942947	catch	32671	n/a	catch_padded.jpg	photodiode	0
943.318	0.0	943318	response	6	n/a	n/a	trigger	0
944.849	0.5	944849	untrained	32684	83	memtrain/so_105_1.jpg	photodiode	1
945.649	0.5	945649	trained	32724	43	memtrain/so_043_2.jpg	photodiode	1
946.6	0.5	946600	trained	32762	5	memtrain/o_067_1.jpg	photodiode	1
947.551	0.5	947551	catch	32671	n/a	catch_padded.jpg	photodiode	0
947.909	0.0	947909	response	6	n/a	n/a	trigger	0
949.603	0.5	949603	untrained	32711	56	memtrain/o_163_2.jpg	photodiode	1
950.503	0.5	950503	untrained	32681	86	memtrain/o_288_1.jpg	photodiode	1
951.254	0.5	951254	untrained	32706	61	memtrain/o_298_2.jpg	photodiode	1
952.205	0.5	952205	untrained	32704	63	memtrain/o_310_2.jpg	photodiode	1
953.106	0.5	953106	untrained	32699	68	memtrain/o_393_1.jpg	photodiode	1
953.856	0.5	953856	catch	32671	n/a	catch_padded.jpg	photodiode	0
954.224	0.0	954224	response	6	n/a	n/a	trigger	0
955.858	0.5	955858	untrained	32718	49	memtrain/o_054_2.jpg	photodiode	1
956.8	0.5	956800	trained	32723	44	memtrain/so_045_1.jpg	photodiode	1
957.551	0.5	957551	untrained	32701	66	memtrain/o_342_2.jpg	photodiode	1
958.302	0.5	958302	trained	32760	7	memtrain/o_091_2.jpg	photodiode	1
959.203	0.5	959203	catch	32671	n/a	catch_padded.jpg	photodiode	0
959.561	0.0	959561	response	6	n/a	n/a	trigger	0
961.154	0.5	961154	untrained	32697	70	memtrain/o_471_2.jpg	photodiode	1
961.955	0.5	961955	trained	32767	0	memtrain/o_006_1.jpg	photodiode	1
962.806	0.5	962806	untrained	32714	53	memtrain/o_142_2.jpg	photodiode	1
963.606	0.5	963606	untrained	32677	90	memtrain/o_580_1.jpg	photodiode	1
964.357	0.5	964357	untrained	32676	91	memtrain/o_605_1.jpg	photodiode	1
965.308	0.5	965308	catch	32671	n/a	catch_padded.jpg	photodiode	0
965.824	0.0	965824	response	6	n/a	n/a	trigger	0
967.359	0.5	967359	untrained	32680	87	memtrain/o_365_1.jpg	photodiode	1
968.31	0.5	968310	trained	32721	46	memtrain/so_113_1.jpg	photodiode	1
969.261	0.5	969261	trained	32754	13	memtrain/o_136_1.jpg	photodiode	1
970.212	0.5	970212	catch	32671	n/a	catch_padded.jpg	photodiode	0
970.613	0.0	970613	response	6	n/a	n/a	trigger	0
972.264	0.5	972264	untrained	32694	73	memtrain/o_519_2.jpg	photodiode	1
973.114	0.5	973114	untrained	32712	55	memtrain/o_153_2.jpg	photodiode	1
974.065	0.5	974065	untrained	32692	75	memtrain/o_564_1.jpg	photodiode	1
974.816	0.5	974816	trained	32735	32	memtrain/o_485_2.jpg	photodiode	1
975.767	0.5	975767	untrained	32719	48	memtrain/o_019_2.jpg	photodiode	1
976.717	0.5	976717	catch	32671	n/a	catch_padded.jpg	photodiode	0
977.237	0.0	977237	response	6	n/a	n/a	trigger	0
978.669	0.5	978669	trained	32747	20	memtrain/o_290_1.jpg	photodiode	1
979.62	0.5	979620	untrained	32717	50	memtrain/o_057_2.jpg	photodiode	1
980.521	0.5	980521	trained	32753	14	memtrain/o_174_1.jpg	photodiode	1
981.271	0.5	981271	untrained	32688	79	memtrain/o_600_1.jpg	photodiode	1
982.172	0.5	982172	trained	32764	3	memtrain/o_040_2.jpg	photodiode	1
982.964	0.5	982964	catch	32671	n/a	catch_padded.jpg	photodiode	0
983.522	0.0	983522	response	6	n/a	n/a	trigger	0
984.966	0.5	984966	trained	32748	19	memtrain/o_284_2.jpg	photodiode	1
985.717	0.5	985717	untrained	32690	77	memtrain/o_574_2.jpg	photodiode	1
986.617	0.5	986617	untrained	32678	89	memtrain/o_469_1.jpg	photodiode	1
987.368	0.5	987368	trained	32759	8	memtrain/o_094_1.jpg	photodiode	1
988.269	0.5	988269	catch	32671	n/a	catch_padded.jpg	photodiode	0
990.27	0.5	990270	trained	32757	10	memtrain/o_111_2.jpg	photodiode	1
990.376	0.0	990376	response	6	n/a	n/a	trigger	0
991.071	0.5	991071	untrained	32673	94	memtrain/so_067_1.jpg	photodiode	1
991.922	0.5	991922	trained	32731	36	memtrain/o_583_1.jpg	photodiode	1
992.873	0.5	992873	untrained	32716	51	memtrain/o_103_2.jpg	photodiode	1
993.773	0.5	993773	untrained	32702	65	memtrain/o_337_2.jpg	photodiode	1
994.524	0.5	994524	catch	32671	n/a	catch_padded.jpg	photodiode	0
994.852	0.0	994852	response	6	n/a	n/a	trigger	0
996.526	0.5	996526	untrained	32682	85	memtrain/o_218_1.jpg	photodiode	1
997.326	0.5	997326	trained	32766	1	memtrain/o_015_1.jpg	photodiode	1
998.127	0.5	998127	trained	32755	12	memtrain/o_127_2.jpg	photodiode	1
999.028	0.5	999028	untrained	32709	58	memtrain/o_192_1.jpg	photodiode	1
999.929	0.5	999929	catch	32671	n/a	catch_padded.jpg	photodiode	0
1000.315	0.0	1000315	response	6	n/a	n/a	trigger	0
1001.83	0.5	1001830	untrained	32672	95	memtrain/so_125_1.jpg	photodiode	1
1002.631	0.5	1002631	trained	32758	9	memtrain/o_101_2.jpg	photodiode	1
1003.532	0.5	1003532	trained	32739	28	memtrain/o_397_1.jpg	photodiode	1
1004.332	0.5	1004332	catch	32671	n/a	catch_padded.jpg	photodiode	0
1004.741	0.0	1004741	response	6	n/a	n/a	trigger	0
1006.284	0.5	1006284	trained	32733	34	memtrain/o_558_2.jpg	photodiode	1
1007.035	0.5	1007035	trained	32736	31	memtrain/o_465_2.jpg	photodiode	1
1007.985	0.5	1007985	trained	32756	11	memtrain/o_117_2.jpg	photodiode	1
1008.836	0.5	1008836	untrained	32695	72	memtrain/o_490_1.jpg	photodiode	1
1009.587	0.5	1009587	catch	32671	n/a	catch_padded.jpg	photodiode	0
1009.958	0.0	1009958	response	6	n/a	n/a	trigger	0
1011.538	0.5	1011538	untrained	32700	67	memtrain/o_378_1.jpg	photodiode	1
1012.381	0.5	1012381	trained	32720	47	memtrain/so_147_2.jpg	photodiode	1
1013.34	0.5	1013340	untrained	32679	88	memtrain/o_458_1.jpg	photodiode	1
1014.182	0.5	1014182	catch	32671	n/a	catch_padded.jpg	photodiode	0
1014.963	0.0	1014963	response	6	n/a	n/a	trigger	0
1016.134	0.5	1016134	trained	32732	35	memtrain/o_561_2.jpg	photodiode	1
1017.085	0.5	1017085	trained	32745	22	memtrain/o_321_1.jpg	photodiode	1
1017.836	0.5	1017836	untrained	32691	76	memtrain/o_570_1.jpg	photodiode	1
1018.786	0.5	1018786	trained	32759	8	memtrain/o_094_1.jpg	photodiode	1
1019.737	0.5	1019737	catch	32671	n/a	catch_padded.jpg	photodiode	0
1020.097	0.0	1020097	response	6	n/a	n/a	trigger	0
1021.839	0.5	1021839	trained	32758	9	memtrain/o_101_2.jpg	photodiode	1
1022.64	0.5	1022640	untrained	32716	51	memtrain/o_103_2.jpg	photodiode	1
1023.49	0.5	1023490	untrained	32699	68	memtrain/o_393_1.jpg	photodiode	1
1024.441	0.5	1024441	catch	32671	n/a	catch_padded.jpg	photodiode	0
1025.105	0.0	1025105	response	6	n/a	n/a	trigger	0
1026.443	0.5	1026443	untrained	32674	93	memtrain/so_035_1.jpg	photodiode	1
1027.193	0.5	1027193	untrained	32710	57	memtrain/o_171_1.jpg	photodiode	1
1027.944	0.5	1027944	trained	32726	41	memtrain/o_663_2.jpg	photodiode	1
1028.745	0.5	1028745	catch	32671	n/a	catch_padded.jpg	photodiode	0
1029.162	0.0	1029162	response	6	n/a	n/a	trigger	0
1030.797	0.5	1030797	trained	32739	28	memtrain/o_397_1.jpg	photodiode	1
1031.597	0.5	1031597	trained	32760	7	memtrain/o_091_2.jpg	photodiode	1
1032.548	0.5	1032548	untrained	32694	73	memtrain/o_519_2.jpg	photodiode	1
1033.499	0.5	1033499	trained	32747	20	memtrain/o_290_1.jpg	photodiode	1
1034.249	0.5	1034249	trained	32721	46	memtrain/so_113_1.jpg	photodiode	1
1035.15	0.5	1035150	catch	32671	n/a	catch_padded.jpg	photodiode	0
1035.589	0.0	1035589	response	6	n/a	n/a	trigger	0
1037.202	0.5	1037202	untrained	32672	95	memtrain/so_125_1.jpg	photodiode	1
1038.053	0.5	1038053	trained	32763	4	memtrain/o_042_1.jpg	photodiode	1
1038.853	0.5	1038853	untrained	32682	85	memtrain/o_218_1.jpg	photodiode	1
1039.754	0.5	1039754	trained	32733	34	memtrain/o_558_2.jpg	photodiode	1
1040.655	0.5	1040655	catch	32671	n/a	catch_padded.jpg	photodiode	0
1041.082	0.0	1041082	response	6	n/a	n/a	trigger	0
1042.748	0.5	1042748	untrained	32676	91	memtrain/o_605_1.jpg	photodiode	1
1043.607	0.5	1043607	untrained	32683	84	memtrain/so_117_2.jpg	photodiode	1
1044.55	0.5	1044550	untrained	32702	65	memtrain/o_337_2.jpg	photodiode	1
1045.359	0.5	1045359	catch	32671	n/a	catch_padded.jpg	photodiode	0
1045.761	0.0	1045761	response	6	n/a	n/a	trigger	0
1047.452	0.5	1047452	untrained	32701	66	memtrain/o_342_2.jpg	photodiode	1
1048.403	0.5	1048403	untrained	32714	53	memtrain/o_142_2.jpg	photodiode	1
1049.204	0.5	1049204	trained	32757	10	memtrain/o_111_2.jpg	photodiode	1
1050.004	0.5	1050004	untrained	32698	69	memtrain/o_464_2.jpg	photodiode	1
1050.955	0.5	1050955	catch	32671	n/a	catch_padded.jpg	photodiode	0
1051.415	0.0	1051415	response	6	n/a	n/a	trigger	0
1052.857	0.5	1052857	untrained	32705	62	memtrain/o_304_1.jpg	photodiode	1
1053.658	0.5	1053658	untrained	32675	92	memtrain/so_033_1.jpg	photodiode	1
1054.508	0.5	1054508	untrained	32707	60	memtrain/o_228_2.jpg	photodiode	1
1055.459	0.5	1055459	catch	32671	n/a	catch_padded.jpg	photodiode	0
1055.906	0.0	1055906	response	6	n/a	n/a	trigger	0
1057.511	0.5	1057511	trained	32724	43	memtrain/so_043_2.jpg	photodiode	1
1058.311	0.5	1058311	trained	32752	15	memtrain/o_195_1.jpg	photodiode	1
1059.212	0.5	1059212	trained	32740	27	memtrain/o_379_2.jpg	photodiode	1
1060.063	0.5	1060063	catch	32671	n/a	catch_padded.jpg	photodiode	0
1060.464	0.0	1060464	response	6	n/a	n/a	trigger	0
1062.065	0.5	1062065	trained	32764	3	memtrain/o_040_2.jpg	photodiode	1
1062.915	0.5	1062915	untrained	32708	59	memtrain/o_201_2.jpg	photodiode	1
1063.716	0.5	1063716	untrained	32686	81	memtrain/o_655_2.jpg	photodiode	1
1064.617	0.5	1064617	trained	32750	17	memtrain/o_232_1.jpg	photodiode	1
1065.367	0.5	1065367	catch	32671	n/a	catch_padded.jpg	photodiode	0
1065.705	0.0	1065705	response	6	n/a	n/a	trigger	0
1067.319	0.5	1067319	untrained	32704	63	memtrain/o_310_2.jpg	photodiode	1
1068.17	0.5	1068170	trained	32735	32	memtrain/o_485_2.jpg	photodiode	1
1068.92	0.5	1068920	untrained	32697	70	memtrain/o_471_2.jpg	photodiode	1
1069.713	0.5	1069713	untrained	32690	77	memtrain/o_574_2.jpg	photodiode	1
1070.572	0.5	1070572	untrained	32685	82	memtrain/o_656_1.jpg	photodiode	1
1071.414	0.5	1071414	catch	32671	n/a	catch_padded.jpg	photodiode	0
1071.794	0.0	1071794	response	6	n/a	n/a	trigger	0
1073.374	0.5	1073374	trained	32743	24	memtrain/o_357_1.jpg	photodiode	1
1074.117	0.5	1074117	untrained	32719	48	memtrain/o_019_2.jpg	photodiode	1
1074.967	0.5	1074967	untrained	32711	56	memtrain/o_163_2.jpg	photodiode	1
1075.918	0.5	1075918	trained	32749	18	memtrain/o_264_2.jpg	photodiode	1
1076.869	0.5	1076869	catch	32671	n/a	catch_padded.jpg	photodiode	0
1077.169	0.0	1077169	response	6	n/a	n/a	trigger	0
1078.821	0.5	1078821	untrained	32687	80	memtrain/o_613_1.jpg	photodiode	1
1079.771	0.5	1079771	untrained	32712	55	memtrain/o_153_2.jpg	photodiode	1
1080.672	0.5	1080672	untrained	32717	50	memtrain/o_057_2.jpg	photodiode	1
1081.423	0.5	1081423	catch	32671	n/a	catch_padded.jpg	photodiode	0
1081.917	0.0	1081917	response	6	n/a	n/a	trigger	0
1083.374	0.5	1083374	untrained	32692	75	memtrain/o_564_1.jpg	photodiode	1
1084.275	0.5	1084275	untrained	32718	49	memtrain/o_054_2.jpg	photodiode	1
1085.126	0.5	1085126	trained	32765	2	memtrain/o_035_1.jpg	photodiode	1
1086.027	0.5	1086027	trained	32741	26	memtrain/o_376_1.jpg	photodiode	1
1086.877	0.5	1086877	untrained	32679	88	memtrain/o_458_1.jpg	photodiode	1
1087.778	0.5	1087778	catch	32671	n/a	catch_padded.jpg	photodiode	0
1088.115	0.0	1088115	response	6	n/a	n/a	trigger	0
1089.73	0.5	1089730	trained	32742	25	memtrain/o_358_2.jpg	photodiode	1
1090.48	0.5	1090480	trained	32738	29	memtrain/o_416_1.jpg	photodiode	1
1091.231	0.5	1091231	trained	32737	30	memtrain/o_437_2.jpg	photodiode	1
1092.182	0.5	1092182	catch	32671	n/a	catch_padded.jpg	photodiode	0
1092.807	0.0	1092807	response	6	n/a	n/a	trigger	0
1094.234	0.5	1094234	untrained	32700	67	memtrain/o_378_1.jpg	photodiode	1
1095.134	0.5	1095134	trained	32734	33	memtrain/o_536_1.jpg	photodiode	1
1095.985	0.5	1095985	untrained	32706	61	memtrain/o_298_2.jpg	photodiode	1
1096.886	0.5	1096886	trained	32744	23	memtrain/o_338_2.jpg	photodiode	1
1097.787	0.5	1097787	untrained	32703	64	memtrain/o_334_2.jpg	photodiode	1
1098.637	0.5	1098637	catch	32671	n/a	catch_padded.jpg	photodiode	0
1098.985	0.0	1098985	response	6	n/a	n/a	trigger	0
1100.639	0.5	1100639	trained	32731	36	memtrain/o_583_1.jpg	photodiode	1
1101.431	0.5	1101431	trained	32722	45	memtrain/so_090_2.jpg	photodiode	1
1102.182	0.5	1102182	untrained	32684	83	memtrain/so_105_1.jpg	photodiode	1
1103.133	0.5	1103133	trained	32767	0	memtrain/o_006_1.jpg	photodiode	1
1103.984	0.5	1103984	catch	32671	n/a	catch_padded.jpg	photodiode	0
1104.674	0.0	1104674	response	6	n/a	n/a	trigger	0
1105.885	0.5	1105885	trained	32766	1	memtrain/o_015_1.jpg	photodiode	1
1106.786	0.5	1106786	trained	32736	31	memtrain/o_465_2.jpg	photodiode	1
1107.687	0.5	1107687	trained	32728	39	memtrain/o_606_1.jpg	photodiode	1
1108.646	0.5	1108646	untrained	32680	87	memtrain/o_365_1.jpg	photodiode	1
1109.438	0.5	1109438	untrained	32677	90	memtrain/o_580_1.jpg	photodiode	1
1110.339	0.5	1110339	catch	32671	n/a	catch_padded.jpg	photodiode	0
1111.056	0.0	1111056	response	6	n/a	n/a	trigger	0
1112.341	0.5	1112341	untrained	32689	78	memtrain/o_599_1.jpg	photodiode	1
1113.141	0.5	1113141	trained	32729	38	memtrain/o_603_1.jpg	photodiode	1
1113.992	0.5	1113992	untrained	32696	71	memtrain/o_483_1.jpg	photodiode	1
1114.843	0.5	1114843	trained	32723	44	memtrain/so_045_1.jpg	photodiode	1
1115.744	0.5	1115744	catch	32671	n/a	catch_padded.jpg	photodiode	0
1116.143	0.0	1116143	response	6	n/a	n/a	trigger	0
1117.645	0.5	1117645	untrained	32715	52	memtrain/o_141_1.jpg	photodiode	1
1118.396	0.5	1118396	trained	32753	14	memtrain/o_174_1.jpg	photodiode	1
1119.246	0.5	1119246	trained	32761	6	memtrain/o_076_1.jpg	photodiode	1
1119.997	0.5	1119997	trained	32762	5	memtrain/o_067_1.jpg	photodiode	1
1120.798	0.5	1120798	trained	32748	19	memtrain/o_284_2.jpg	photodiode	1
1121.699	0.5	1121699	catch	32671	n/a	catch_padded.jpg	photodiode	0
1122.129	0.0	1122129	response	6	n/a	n/a	trigger	0
1123.75	0.5	1123750	untrained	32681	86	memtrain/o_288_1.jpg	photodiode	1
1124.601	0.5	1124601	trained	32727	40	memtrain/o_648_2.jpg	photodiode	1
1125.402	0.5	1125402	trained	32756	11	memtrain/o_117_2.jpg	photodiode	1
1126.302	0.5	1126302	catch	32671	n/a	catch_padded.jpg	photodiode	0
1126.73	0.0	1126730	response	6	n/a	n/a	trigger	0
1128.304	0.5	1128304	trained	32746	21	memtrain/o_319_1.jpg	photodiode	1
1129.155	0.5	1129155	untrained	32693	74	memtrain/o_550_1.jpg	photodiode	1
1130.056	0.5	1130056	untrained	32695	72	memtrain/o_490_1.jpg	photodiode	1
1130.856	0.5	1130856	catch	32671	n/a	catch_padded.jpg	photodiode	0
1131.315	0.0	1131315	response	6	n/a	n/a	trigger	0
1132.908	0.5	1132908	untrained	32709	58	memtrain/o_192_1.jpg	photodiode	1
1133.851	0.5	1133851	trained	32730	37	memtrain/o_597_1.jpg	photodiode	1
1134.751	0.5	1134751	trained	32720	47	memtrain/so_147_2.jpg	photodiode	1
1135.702	0.5	1135702	untrained	32678	89	memtrain/o_469_1.jpg	photodiode	1
1136.653	0.5	1136653	untrained	32688	79	memtrain/o_600_1.jpg	photodiode	1
1137.504	0.5	1137504	catch	32671	n/a	catch_padded.jpg	photodiode	0
1137.898	0.0	1137898	response	6	n/a	n/a	trigger	0
1139.614	0.5	1139614	untrained	32713	54	memtrain/o_145_1.jpg	photodiode	1
1140.406	0.5	1140406	trained	32754	13	memtrain/o_136_1.jpg	photodiode	1
1141.157	0.5	1141157	untrained	32673	94	memtrain/so_067_1.jpg	photodiode	1
1141.957	0.5	1141957	catch	32671	n/a	catch_padded.jpg	photodiode	0
1142.513	0.0	1142513	response	6	n/a	n/a	trigger	0
1144.059	0.5	1144059	trained	32751	16	memtrain/o_199_2.jpg	photodiode	1
1144.81	0.5	1144810	trained	32755	12	memtrain/o_127_2.jpg	photodiode	1
1145.561	0.5	1145561	trained	32725	42	memtrain/so_034_2.jpg	photodiode	1
1146.311	0.5	1146311	catch	32671	n/a	catch_padded.jpg	photodiode	0
1146.997	0.0	1146997	response	6	n/a	n/a	trigger	0
1152.789	0.0	1152789	block_end	120	n/a	n/a	trigger	0
1165.776	0.0	1165776	response	6	n/a	n/a	trigger	0
1165.783	0.0	1165783	block_onset	105	n/a	n/a	trigger	0
1167.838	0.5	1167838	untrained	32707	60	memtrain/o_228_2.jpg	photodiode	1
1168.738	0.5	1168738	trained	32764	3	memtrain/o_040_2.jpg	photodiode	1
1169.489	0.5	1169489	trained	32726	41	memtrain/o_663_2.jpg	photodiode	1
1170.39	0.5	1170390	catch	32671	n/a	catch_padded.jpg	photodiode	0
1170.839	0.0	1170839	response	6	n/a	n/a	trigger	0
1172.392	0.5	1172392	trained	32731	36	memtrain/o_583_1.jpg	photodiode	1
1173.142	0.5	1173142	trained	32765	2	memtrain/o_035_1.jpg	photodiode	1
1173.935	0.5	1173935	trained	32736	31	memtrain/o_465_2.jpg	photodiode	1
1174.894	0.5	1174894	trained	32721	46	memtrain/so_113_1.jpg	photodiode	1
1175.744	0.5	1175744	catch	32671	n/a	catch_padded.jpg	photodiode	0
1176.05	0.0	1176050	response	6	n/a	n/a	trigger	0
1177.646	0.5	1177646	untrained	32696	71	memtrain/o_483_1.jpg	photodiode	1
1178.589	0.5	1178589	untrained	32709	58	memtrain/o_192_1.jpg	photodiode	1
1179.389	0.5	1179389	trained	32763	4	memtrain/o_042_1.jpg	photodiode	1
1180.14	0.5	1180140	untrained	32681	86	memtrain/o_288_1.jpg	photodiode	1
1181.041	0.5	1181041	catch	32671	n/a	catch_padded.jpg	photodiode	0
1181.443	0.0	1181443	response	6	n/a	n/a	trigger	0
1183.042	0.5	1183042	untrained	32692	75	memtrain/o_564_1.jpg	photodiode	1
1183.943	0.5	1183943	trained	32758	9	memtrain/o_101_2.jpg	photodiode	1
1184.744	0.5	1184744	untrained	32680	87	memtrain/o_365_1.jpg	photodiode	1
1185.695	0.5	1185695	catch	32671	n/a	catch_padded.jpg	photodiode	0
1186.249	0.0	1186249	response	6	n/a	n/a	trigger	0
1187.796	0.5	1187796	untrained	32713	54	memtrain/o_145_1.jpg	photodiode	1
1188.547	0.5	1188547	untrained	32710	57	memtrain/o_171_1.jpg	photodiode	1
1189.398	0.5	1189398	untrained	32716	51	memtrain/o_103_2.jpg	photodiode	1
1190.298	0.5	1190298	catch	32671	n/a	catch_padded.jpg	photodiode	0
1192.204	0.0	1192204	response	6	n/a	n/a	trigger	0
1192.35	0.5	1192350	untrained	32717	50	memtrain/o_057_2.jpg	photodiode	1
1193.151	0.5	1193151	untrained	32691	76	memtrain/o_570_1.jpg	photodiode	1
1193.901	0.5	1193901	trained	32732	35	memtrain/o_561_2.jpg	photodiode	1
1194.752	0.5	1194752	catch	32671	n/a	catch_padded.jpg	photodiode	0
1195.086	0.0	1195086	response	6	n/a	n/a	trigger	0
1196.754	0.5	1196754	trained	32724	43	memtrain/so_043_2.jpg	photodiode	1
1197.605	0.5	1197605	trained	32738	29	memtrain/o_416_1.jpg	photodiode	1
1198.405	0.5	1198405	trained	32747	20	memtrain/o_290_1.jpg	photodiode	1
1199.156	0.5	1199156	trained	32729	38	memtrain/o_603_1.jpg	photodiode	1
1199.907	0.5	1199907	untrained	32686	81	memtrain/o_655_2.jpg	photodiode	1
1200.657	0.5	1200657	catch	32671	n/a	catch_padded.jpg	photodiode	0
1201.039	0.0	1201039	response	6	n/a	n/a	trigger	0
1202.609	0.5	1202609	trained	32759	8	memtrain/o_094_1.jpg	photodiode	1
1203.501	0.5	1203501	untrained	32689	78	memtrain/o_599_1.jpg	photodiode	1
1204.252	0.5	1204252	trained	32723	44	memtrain/so_045_1.jpg	photodiode	1
1205.003	0.5	1205003	untrained	32708	59	memtrain/o_201_2.jpg	photodiode	1
1205.803	0.5	1205803	untrained	32675	92	memtrain/so_033_1.jpg	photodiode	1
1206.754	0.5	1206754	catch	32671	n/a	catch_padded.jpg	photodiode	0
1207.044	0.0	1207044	response	6	n/a	n/a	trigger	0
1208.714	0.5	1208714	trained	32722	45	memtrain/so_090_2.jpg	photodiode	1
1209.556	0.5	1209556	untrained	32682	85	memtrain/o_218_1.jpg	photodiode	1
1210.307	0.5	1210307	untrained	32715	52	memtrain/o_141_1.jpg	photodiode	1
1211.158	0.5	1211158	catch	32671	n/a	catch_padded.jpg	photodiode	0
1211.647	0.0	1211647	response	6	n/a	n/a	trigger	0
1213.159	0.5	1213159	trained	32750	17	memtrain/o_232_1.jpg	photodiode	1
1213.96	0.5	1213960	untrained	32705	62	memtrain/o_304_1.jpg	photodiode	1
1214.811	0.5	1214811	trained	32734	33	memtrain/o_536_1.jpg	photodiode	1
1215.612	0.5	1215612	catch	32671	n/a	catch_padded.jpg	photodiode	0
1215.959	0.0	1215959	response	6	n/a	n/a	trigger	0
1217.513	0.5	1217513	untrained	32718	49	memtrain/o_054_2.jpg	photodiode	1
1218.414	0.5	1218414	untrained	32678	89	memtrain/o_469_1.jpg	photodiode	1
1219.165	0.5	1219165	trained	32725	42	memtrain/so_034_2.jpg	photodiode	1
1220.065	0.5	1220065	catch	32671	n/a	catch_padded.jpg	photodiode	0
1220.399	0.0	1220399	response	6	n/a	n/a	trigger	0
1221.967	0.5	1221967	untrained	32683	84	memtrain/so_117_2.jpg	photodiode	1
1222.818	0.5	1222818	untrained	32703	64	memtrain/o_334_2.jpg	photodiode	1
1223.668	0.5	1223668	trained	32752	15	memtrain/o_195_1.jpg	photodiode	1
1224.519	0.5	1224519	trained	32744	23	memtrain/o_338_2.jpg	photodiode	1
1225.42	0.5	1225420	catch	32671	n/a	catch_padded.jpg	photodiode	0
1225.75	0.0	1225750	response	6	n/a	n/a	trigger	0
1227.522	0.5	1227522	trained	32755	12	memtrain/o_127_2.jpg	photodiode	1
1228.472	0.5	1228472	untrained	32712	55	memtrain/o_153_2.jpg	photodiode	1
1229.423	0.5	1229423	trained	32746	21	memtrain/o_319_1.jpg	photodiode	1
1230.324	0.5	1230324	untrained	32719	48	memtrain/o_019_2.jpg	photodiode	1
1231.225	0.5	1231225	untrained	32714	53	memtrain/o_142_2.jpg	photodiode	1
1232.176	0.5	1232176	catch	32671	n/a	catch_padded.jpg	photodiode	0
1232.551	0.0	1232551	response	6	n/a	n/a	trigger	0
1234.119	0.5	1234119	untrained	32688	79	memtrain/o_600_1.jpg	photodiode	1
1234.92	0.5	1234920	untrained	32706	61	memtrain/o_298_2.jpg	photodiode	1
1235.679	0.5	1235679	untrained	32694	73	memtrain/o_519_2.jpg	photodiode	1
1236.471	0.5	1236471	trained	32737	30	memtrain/o_437_2.jpg	photodiode	1
1237.422	0.5	1237422	trained	32766	1	memtrain/o_015_1.jpg	photodiode	1
1238.222	0.5	1238222	catch	32671	n/a	catch_padded.jpg	photodiode	0
1238.67	0.0	1238670	response	6	n/a	n/a	trigger	0
1240.174	0.5	1240174	trained	32742	25	memtrain/o_358_2.jpg	photodiode	1
1240.975	0.5	1240975	untrained	32684	83	memtrain/so_105_1.jpg	photodiode	1
1241.876	0.5	1241876	trained	32743	24	memtrain/o_357_1.jpg	photodiode	1
1242.626	0.5	1242626	catch	32671	n/a	catch_padded.jpg	photodiode	0
1243.083	0.0	1243083	response	6	n/a	n/a	trigger	0
1244.728	0.5	1244728	untrained	32697	70	memtrain/o_471_2.jpg	photodiode	1
1245.529	0.5	1245529	trained	32749	18	memtrain/o_264_2.jpg	photodiode	1
1246.429	0.5	1246429	trained	32748	19	memtrain/o_284_2.jpg	photodiode	1
1247.38	0.5	1247380	trained	32739	28	memtrain/o_397_1.jpg	photodiode	1
1248.131	0.5	1248131	untrained	32693	74	memtrain/o_550_1.jpg	photodiode	1
1248.932	0.5	1248932	catch	32671	n/a	catch_padded.jpg	photodiode	0
1249.385	0.0	1249385	response	6	n/a	n/a	trigger	0
1250.883	0.5	1250883	untrained	32701	66	memtrain/o_342_2.jpg	photodiode	1
1251.784	0.5	1251784	trained	32727	40	memtrain/o_648_2.jpg	photodiode	1
1252.685	0.5	1252685	trained	32720	47	memtrain/so_147_2.jpg	photodiode	1
1253.485	0.5	1253485	untrained	32672	95	memtrain/so_125_1.jpg	photodiode	1
1254.286	0.5	1254286	catch	32671	n/a	catch_padded.jpg	photodiode	0
1254.723	0.0	1254723	response	6	n/a	n/a	trigger	0
1256.188	0.5	1256188	trained	32735	32	memtrain/o_485_2.jpg	photodiode	1
1257.088	0.5	1257088	trained	32754	13	memtrain/o_136_1.jpg	photodiode	1
1258.039	0.5	1258039	trained	32751	16	memtrain/o_199_2.jpg	photodiode	1
1258.84	0.5	1258840	untrained	32676	91	memtrain/o_605_1.jpg	photodiode	1
1259.791	0.5	1259791	catch	32671	n/a	catch_padded.jpg	photodiode	0
1260.118	0.0	1260118	response	6	n/a	n/a	trigger	0
1261.692	0.5	1261692	untrained	32704	63	memtrain/o_310_2.jpg	photodiode	1
1262.435	0.5	1262435	untrained	32690	77	memtrain/o_574_2.jpg	photodiode	1
1263.385	0.5	1263385	untrained	32673	94	memtrain/so_067_1.jpg	photodiode	1
1264.186	0.5	1264186	untrained	32687	80	memtrain/o_613_1.jpg	photodiode	1
1265.137	0.5	1265137	trained	32728	39	memtrain/o_606_1.jpg	photodiode	1
1265.937	0.5	1265937	catch	32671	n/a	catch_padded.jpg	photodiode	0
1266.298	0.0	1266298	response	6	n/a	n/a	trigger	0
1267.889	0.5	1267889	trained	32760	7	memtrain/o_091_2.jpg	photodiode	1
1268.84	0.5	1268840	trained	32733	34	memtrain/o_558_2.jpg	photodiode	1
1269.791	0.5	1269791	untrained	32700	67	memtrain/o_378_1.jpg	photodiode	1
1270.641	0.5	1270641	untrained	32677	90	memtrain/o_580_1.jpg	photodiode	1
1271.442	0.5	1271442	untrained	32698	69	memtrain/o_464_2.jpg	photodiode	1
1272.393	0.5	1272393	catch	32671	n/a	catch_padded.jpg	photodiode	0
1272.746	0.0	1272746	response	6	n/a	n/a	trigger	0
1274.395	0.5	1274395	trained	32757	10	memtrain/o_111_2.jpg	photodiode	1
1275.295	0.5	1275295	trained	32756	11	memtrain/o_117_2.jpg	photodiode	1
1276.246	0.5	1276246	trained	32730	37	memtrain/o_597_1.jpg	photodiode	1
1277.097	0.5	1277097	catch	32671	n/a	catch_padded.jpg	photodiode	0
1277.573	0.0	1277573	response	6	n/a	n/a	trigger	0
1279.149	0.5	1279149	trained	32753	14	memtrain/o_174_1.jpg	photodiode	1
1280.049	0.5	1280049	trained	32745	22	memtrain/o_321_1.jpg	photodiode	1
1280.8	0.5	1280800	untrained	32702	65	memtrain/o_337_2.jpg	photodiode	1
1281.601	0.5	1281601	catch	32671	n/a	catch_padded.jpg	photodiode	0
1281.994	0.0	1281994	response	6	n/a	n/a	trigger	0
1283.703	0.5	1283703	untrained	32685	82	memtrain/o_656_1.jpg	photodiode	1
1284.503	0.5	1284503	trained	32761	6	memtrain/o_076_1.jpg	photodiode	1
1285.254	0.5	1285254	untrained	32711	56	memtrain/o_163_2.jpg	photodiode	1
1286.105	0.5	1286105	catch	32671	n/a	catch_padded.jpg	photodiode	0
1286.593	0.0	1286593	response	6	n/a	n/a	trigger	0
1288.206	0.5	1288206	untrained	32674	93	memtrain/so_035_1.jpg	photodiode	1
1289.107	0.5	1289107	trained	32741	26	memtrain/o_376_1.jpg	photodiode	1
1290.0	0.5	1290000	trained	32740	27	memtrain/o_379_2.jpg	photodiode	1
1290.75	0.5	1290750	untrained	32695	72	memtrain/o_490_1.jpg	photodiode	1
1291.651	0.5	1291651	catch	32671	n/a	catch_padded.jpg	photodiode	0
1291.993	0.0	1291993	response	6	n/a	n/a	trigger	0
1293.661	0.5	1293661	untrained	32699	68	memtrain/o_393_1.jpg	photodiode	1
1294.604	0.5	1294604	trained	32767	0	memtrain/o_006_1.jpg	photodiode	1
1295.404	0.5	1295404	trained	32762	5	memtrain/o_067_1.jpg	photodiode	1
1296.255	0.5	1296255	catch	32671	n/a	catch_padded.jpg	photodiode	0
1296.598	0.0	1296598	response	6	n/a	n/a	trigger	0
1298.357	0.5	1298357	untrained	32679	88	memtrain/o_458_1.jpg	photodiode	1
1299.316	0.5	1299316	untrained	32699	68	memtrain/o_393_1.jpg	photodiode	1
1300.158	0.5	1300158	untrained	32679	88	memtrain/o_458_1.jpg	photodiode	1
1301.059	0.5	1301059	catch	32671	n/a	catch_padded.jpg	photodiode	0
1301.412	0.0	1301412	response	6	n/a	n/a	trigger	0
1303.111	0.5	1303111	untrained	32717	50	memtrain/o_057_2.jpg	photodiode	1
1303.961	0.5	1303961	trained	32733	34	memtrain/o_558_2.jpg	photodiode	1
1304.862	0.5	1304862	trained	32742	25	memtrain/o_358_2.jpg	photodiode	1
1305.713	0.5	1305713	catch	32671	n/a	catch_padded.jpg	photodiode	0
1306.024	0.0	1306024	response	6	n/a	n/a	trigger	0
1307.815	0.5	1307815	untrained	32713	54	memtrain/o_145_1.jpg	photodiode	1
1308.716	0.5	1308716	untrained	32689	78	memtrain/o_599_1.jpg	photodiode	1
1309.566	0.5	1309566	untrained	32674	93	memtrain/so_035_1.jpg	photodiode	1
1310.417	0.5	1310417	catch	32671	n/a	catch_padded.jpg	photodiode	0
1310.78	0.0	1310780	response	6	n/a	n/a	trigger	0
1312.319	0.5	1312319	untrained	32707	60	memtrain/o_228_2.jpg	photodiode	1
1313.269	0.5	1313269	untrained	32676	91	memtrain/o_605_1.jpg	photodiode	1
1314.12	0.5	1314120	untrained	32700	67	memtrain/o_378_1.jpg	photodiode	1
1314.871	0.5	1314871	trained	32739	28	memtrain/o_397_1.jpg	photodiode	1
1315.772	0.5	1315772	untrained	32678	89	memtrain/o_469_1.jpg	photodiode	1
1316.622	0.5	1316622	catch	32671	n/a	catch_padded.jpg	photodiode	0
1317.016	0.0	1317016	response	6	n/a	n/a	trigger	0
1318.624	0.5	1318624	trained	32763	4	memtrain/o_042_1.jpg	photodiode	1
1319.416	0.5	1319416	trained	32740	27	memtrain/o_379_2.jpg	photodiode	1
1320.267	0.5	1320267	untrained	32715	52	memtrain/o_141_1.jpg	photodiode	1
1321.018	0.5	1321018	trained	32721	46	memtrain/so_113_1.jpg	photodiode	1
1321.868	0.5	1321868	untrained	32690	77	memtrain/o_574_2.jpg	photodiode	1
1322.669	0.5	1322669	catch	32671	n/a	catch_padded.jpg	photodiode	0
1323.128	0.0	1323128	response	6	n/a	n/a	trigger	0
1324.629	0.5	1324629	trained	32749	18	memtrain/o_264_2.jpg	photodiode	1
1325.521	0.5	1325521	untrained	32696	71	memtrain/o_483_1.jpg	photodiode	1
1326.472	0.5	1326472	trained	32736	31	memtrain/o_465_2.jpg	photodiode	1
1327.223	0.5	1327223	trained	32738	29	memtrain/o_416_1.jpg	photodiode	1
1328.174	0.5	1328174	catch	32671	n/a	catch_padded.jpg	photodiode	0
1328.754	0.0	1328754	response	6	n/a	n/a	trigger	0
1330.225	0.5	1330225	trained	32722	45	memtrain/so_090_2.jpg	photodiode	1
1331.076	0.5	1331076	trained	32728	39	memtrain/o_606_1.jpg	photodiode	1
1331.877	0.5	1331877	trained	32762	5	memtrain/o_067_1.jpg	photodiode	1
1332.677	0.5	1332677	untrained	32680	87	memtrain/o_365_1.jpg	photodiode	1
1333.478	0.5	1333478	catch	32671	n/a	catch_padded.jpg	photodiode	0
1333.911	0.0	1333911	response	6	n/a	n/a	trigger	0
1335.53	0.5	1335530	untrained	32686	81	memtrain/o_655_2.jpg	photodiode	1
1336.331	0.5	1336331	trained	32724	43	memtrain/so_043_2.jpg	photodiode	1
1337.131	0.5	1337131	trained	32746	21	memtrain/o_319_1.jpg	photodiode	1
1337.882	0.5	1337882	trained	32745	22	memtrain/o_321_1.jpg	photodiode	1
1338.833	0.5	1338833	untrained	32709	58	memtrain/o_192_1.jpg	photodiode	1
1339.733	0.5	1339733	catch	32671	n/a	catch_padded.jpg	photodiode	0
1340.155	0.0	1340155	response	6	n/a	n/a	trigger	0
1341.735	0.5	1341735	untrained	32708	59	memtrain/o_201_2.jpg	photodiode	1
1342.536	0.5	1342536	trained	32752	15	memtrain/o_195_1.jpg	photodiode	1
1343.437	0.5	1343437	untrained	32684	83	memtrain/so_105_1.jpg	photodiode	1
1344.237	0.5	1344237	catch	32671	n/a	catch_padded.jpg	photodiode	0
1344.563	0.0	1344563	response	6	n/a	n/a	trigger	0
1346.139	0.5	1346139	trained	32732	35	memtrain/o_561_2.jpg	photodiode	1
1346.889	0.5	1346889	untrained	32703	64	memtrain/o_334_2.jpg	photodiode	1
1347.74	0.5	1347740	trained	32766	1	memtrain/o_015_1.jpg	photodiode	1
1348.591	0.5	1348591	trained	32725	42	memtrain/so_034_2.jpg	photodiode	1
1349.333	0.5	1349333	catch	32671	n/a	catch_padded.jpg	photodiode	0
1349.657	0.0	1349657	response	6	n/a	n/a	trigger	0
1351.385	0.5	1351385	trained	32737	30	memtrain/o_437_2.jpg	photodiode	1
1352.344	0.5	1352344	untrained	32688	79	memtrain/o_600_1.jpg	photodiode	1
1353.086	0.5	1353086	untrained	32672	95	memtrain/so_125_1.jpg	photodiode	1
1353.895	0.5	1353895	untrained	32692	75	memtrain/o_564_1.jpg	photodiode	1
1354.638	0.5	1354638	trained	32753	14	memtrain/o_174_1.jpg	photodiode	1
1355.539	0.5	1355539	catch	32671	n/a	catch_padded.jpg	photodiode	0
1355.842	0.0	1355842	response	6	n/a	n/a	trigger	0
1357.59	0.5	1357590	untrained	32681	86	memtrain/o_288_1.jpg	photodiode	1
1358.391	0.5	1358391	trained	32731	36	memtrain/o_583_1.jpg	photodiode	1
1359.292	0.5	1359292	untrained	32694	73	memtrain/o_519_2.jpg	photodiode	1
1360.243	0.5	1360243	untrained	32691	76	memtrain/o_570_1.jpg	photodiode	1
1361.093	0.5	1361093	trained	32727	40	memtrain/o_648_2.jpg	photodiode	1
1361.994	0.5	1361994	catch	32671	n/a	catch_padded.jpg	photodiode	0
1362.305	0.0	1362305	response	6	n/a	n/a	trigger	0
1363.896	0.5	1363896	trained	32743	24	memtrain/o_357_1.jpg	photodiode	1
1364.796	0.5	1364796	untrained	32683	84	memtrain/so_117_2.jpg	photodiode	1
1365.697	0.5	1365697	untrained	32704	63	memtrain/o_310_2.jpg	photodiode	1
1366.598	0.5	1366598	trained	32754	13	memtrain/o_136_1.jpg	photodiode	1
1367.449	0.5	1367449	catch	32671	n/a	catch_padded.jpg	photodiode	0
1367.861	0.0	1367861	response	6	n/a	n/a	trigger	0
1369.4	0.5	1369400	untrained	32711	56	memtrain/o_163_2.jpg	photodiode	1
1370.151	0.5	1370151	untrained	32693	74	memtrain/o_550_1.jpg	photodiode	1
1371.052	0.5	1371052	trained	32750	17	memtrain/o_232_1.jpg	photodiode	1
1371.802	0.5	1371802	trained	32758	9	memtrain/o_101_2.jpg	photodiode	1
1372.653	0.5	1372653	catch	32671	n/a	catch_padded.jpg	photodiode	0
1372.984	0.0	1372984	response	6	n/a	n/a	trigger	0
1374.655	0.5	1374655	trained	32757	10	memtrain/o_111_2.jpg	photodiode	1
1375.455	0.5	1375455	trained	32761	6	memtrain/o_076_1.jpg	photodiode	1
1376.406	0.5	1376406	untrained	32718	49	memtrain/o_054_2.jpg	photodiode	1
1377.199	0.5	1377199	untrained	32675	92	memtrain/so_033_1.jpg	photodiode	1
1378.058	0.5	1378058	trained	32748	19	memtrain/o_284_2.jpg	photodiode	1
1378.808	0.5	1378808	catch	32671	n/a	catch_padded.jpg	photodiode	0
1379.146	0.0	1379146	response	6	n/a	n/a	trigger	0
1380.71	0.5	1380710	untrained	32682	85	memtrain/o_218_1.jpg	photodiode	1
1381.652	0.5	1381652	untrained	32716	51	memtrain/o_103_2.jpg	photodiode	1
1382.403	0.5	1382403	untrained	32677	90	memtrain/o_580_1.jpg	photodiode	1
1383.354	0.5	1383354	trained	32729	38	memtrain/o_603_1.jpg	photodiode	1
1384.104	0.5	1384104	catch	32671	n/a	catch_padded.jpg	photodiode	0
1384.398	0.0	1384398	response	6	n/a	n/a	trigger	0
1386.206	0.5	1386206	trained	32767	0	memtrain/o_006_1.jpg	photodiode	1
1387.157	0.5	1387157	trained	32735	32	memtrain/o_485_2.jpg	photodiode	1
1388.008	0.5	1388008	trained	32765	2	memtrain/o_035_1.jpg	photodiode	1
1388.958	0.5	1388958	untrained	32685	82	memtrain/o_656_1.jpg	photodiode	1
1389.909	0.5	1389909	trained	32747	20	memtrain/o_290_1.jpg	photodiode	1
1390.71	0.5	1390710	catch	32671	n/a	catch_padded.jpg	photodiode	0
1391.115	0.0	1391115	response	6	n/a	n/a	trigger	0
1392.762	0.5	1392762	trained	32751	16	memtrain/o_199_2.jpg	photodiode	1
1393.662	0.5	1393662	untrained	32706	61	memtrain/o_298_2.jpg	photodiode	1
1394.613	0.5	1394613	untrained	32702	65	memtrain/o_337_2.jpg	photodiode	1
1395.564	0.5	1395564	trained	32759	8	memtrain/o_094_1.jpg	photodiode	1
1396.315	0.5	1396315	catch	32671	n/a	catch_padded.jpg	photodiode	0
1396.636	0.0	1396636	response	6	n/a	n/a	trigger	0
1398.216	0.5	1398216	untrained	32697	70	memtrain/o_471_2.jpg	photodiode	1
1399.067	0.5	1399067	untrained	32714	53	memtrain/o_142_2.jpg	photodiode	1
1399.968	0.5	1399968	trained	32726	41	memtrain/o_663_2.jpg	photodiode	1
1400.768	0.5	1400768	untrained	32719	48	memtrain/o_019_2.jpg	photodiode	1
1401.719	0.5	1401719	catch	32671	n/a	catch_padded.jpg	photodiode	0
1402.047	0.0	1402047	response	6	n/a	n/a	trigger	0
1403.721	0.5	1403721	untrained	32712	55	memtrain/o_153_2.jpg	photodiode	1
1404.522	0.5	1404522	trained	32744	23	memtrain/o_338_2.jpg	photodiode	1
1405.372	0.5	1405372	trained	32760	7	memtrain/o_091_2.jpg	photodiode	1
1406.223	0.5	1406223	untrained	32701	66	memtrain/o_342_2.jpg	photodiode	1
1406.974	0.5	1406974	trained	32755	12	memtrain/o_127_2.jpg	photodiode	1
1407.916	0.5	1407916	catch	32671	n/a	catch_padded.jpg	photodiode	0
1408.125	0.0	1408125	response	6	n/a	n/a	trigger	0
1410.018	0.5	1410018	untrained	32705	62	memtrain/o_304_1.jpg	photodiode	1
1410.769	0.5	1410769	untrained	32687	80	memtrain/o_613_1.jpg	photodiode	1
1411.678	0.5	1411678	trained	32741	26	memtrain/o_376_1.jpg	photodiode	1
1412.52	0.5	1412520	untrained	32695	72	memtrain/o_490_1.jpg	photodiode	1
1413.471	0.5	1413471	trained	32720	47	memtrain/so_147_2.jpg	photodiode	1
1414.322	0.5	1414322	catch	32671	n/a	catch_padded.jpg	photodiode	0
1414.673	0.0	1414673	response	6	n/a	n/a	trigger	0
1416.424	0.5	1416424	untrained	32698	69	memtrain/o_464_2.jpg	photodiode	1
1417.274	0.5	1417274	untrained	32710	57	memtrain/o_171_1.jpg	photodiode	1
1418.025	0.5	1418025	trained	32756	11	memtrain/o_117_2.jpg	photodiode	1
1418.976	0.5	1418976	trained	32734	33	memtrain/o_536_1.jpg	photodiode	1
1419.876	0.5	1419876	catch	32671	n/a	catch_padded.jpg	photodiode	0
1420.303	0.0	1420303	response	6	n/a	n/a	trigger	0
1421.778	0.5	1421778	trained	32764	3	memtrain/o_040_2.jpg	photodiode	1
1422.687	0.5	1422687	trained	32730	37	memtrain/o_597_1.jpg	photodiode	1
1423.53	0.5	1423530	trained	32723	44	memtrain/so_045_1.jpg	photodiode	1
1424.28	0.5	1424280	untrained	32673	94	memtrain/so_067_1.jpg	photodiode	1
1425.231	0.5	1425231	catch	32671	n/a	catch_padded.jpg	photodiode	0
1425.673	0.0	1425673	response	6	n/a	n/a	trigger	0
1431.708	0.0	1431708	block_end	120	n/a	n/a	trigger	0
1571.181	0.0	1571181	response	6	n/a	n/a	trigger	0
1571.185	0.0	1571185	block_onset	106	n/a	n/a	trigger	0
1573.24	0.5	1573240	trained	32765	2	memtrain/o_035_1.jpg	photodiode	1
1574.141	0.5	1574141	untrained	32678	89	memtrain/o_469_1.jpg	photodiode	1
1574.991	0.5	1574991	trained	32731	36	memtrain/o_583_1.jpg	photodiode	1
1575.792	0.5	1575792	catch	32671	n/a	catch_padded.jpg	photodiode	0
1576.157	0.0	1576157	response	6	n/a	n/a	trigger	0
1577.744	0.5	1577744	trained	32732	35	memtrain/o_561_2.jpg	photodiode	1
1578.544	0.5	1578544	untrained	32681	86	memtrain/o_288_1.jpg	photodiode	1
1579.287	0.5	1579287	untrained	32673	94	memtrain/so_067_1.jpg	photodiode	1
1580.187	0.5	1580187	trained	32750	17	memtrain/o_232_1.jpg	photodiode	1
1581.138	0.5	1581138	catch	32671	n/a	catch_padded.jpg	photodiode	0
1581.427	0.0	1581427	response	6	n/a	n/a	trigger	0
1583.24	0.5	1583240	untrained	32690	77	memtrain/o_574_2.jpg	photodiode	1
1584.141	0.5	1584141	trained	32727	40	memtrain/o_648_2.jpg	photodiode	1
1584.891	0.5	1584891	untrained	32676	91	memtrain/o_605_1.jpg	photodiode	1
1585.642	0.5	1585642	untrained	32680	87	memtrain/o_365_1.jpg	photodiode	1
1586.443	0.5	1586443	untrained	32704	63	memtrain/o_310_2.jpg	photodiode	1
1587.393	0.5	1587393	catch	32671	n/a	catch_padded.jpg	photodiode	0
1587.719	0.0	1587719	response	6	n/a	n/a	trigger	0
1589.495	0.5	1589495	trained	32746	21	memtrain/o_319_1.jpg	photodiode	1
1590.446	0.5	1590446	trained	32733	34	memtrain/o_558_2.jpg	photodiode	1
1591.247	0.5	1591247	untrained	32684	83	memtrain/so_105_1.jpg	photodiode	1
1592.197	0.5	1592197	catch	32671	n/a	catch_padded.jpg	photodiode	0
1592.554	0.0	1592554	response	6	n/a	n/a	trigger	0
1594.199	0.5	1594199	untrained	32717	50	memtrain/o_057_2.jpg	photodiode	1
1595.05	0.5	1595050	trained	32744	23	memtrain/o_338_2.jpg	photodiode	1
1596.001	0.5	1596001	untrained	32692	75	memtrain/o_564_1.jpg	photodiode	1
1596.952	0.5	1596952	catch	32671	n/a	catch_padded.jpg	photodiode	0
1597.211	0.0	1597211	response	6	n/a	n/a	trigger	0
1599.003	0.5	1599003	untrained	32701	66	memtrain/o_342_2.jpg	photodiode	1
1599.804	0.5	1599804	trained	32761	6	memtrain/o_076_1.jpg	photodiode	1
1600.555	0.5	1600555	trained	32758	9	memtrain/o_101_2.jpg	photodiode	1
1601.355	0.5	1601355	trained	32729	38	memtrain/o_603_1.jpg	photodiode	1
1602.106	0.5	1602106	untrained	32685	82	memtrain/o_656_1.jpg	photodiode	1
1603.057	0.5	1603057	catch	32671	n/a	catch_padded.jpg	photodiode	0
1603.337	0.0	1603337	response	6	n/a	n/a	trigger	0
1605.008	0.5	1605008	trained	32735	32	memtrain/o_485_2.jpg	photodiode	1
1605.801	0.5	1605801	untrained	32702	65	memtrain/o_337_2.jpg	photodiode	1
1606.601	0.5	1606601	trained	32745	22	memtrain/o_321_1.jpg	photodiode	1
1607.452	0.5	1607452	catch	32671	n/a	catch_padded.jpg	photodiode	0
1607.817	0.0	1607817	response	6	n/a	n/a	trigger	0
1609.354	0.5	1609354	trained	32736	31	memtrain/o_465_2.jpg	photodiode	1
1610.113	0.5	1610113	untrained	32710	57	memtrain/o_171_1.jpg	photodiode	1
1611.013	0.5	1611013	untrained	32707	60	memtrain/o_228_2.jpg	photodiode	1
1611.756	0.5	1611756	untrained	32693	74	memtrain/o_550_1.jpg	photodiode	1
1612.657	0.5	1612657	untrained	32683	84	memtrain/so_117_2.jpg	photodiode	1
1613.407	0.5	1613407	catch	32671	n/a	catch_padded.jpg	photodiode	0
1613.686	0.0	1613686	response	6	n/a	n/a	trigger	0
1615.409	0.5	1615409	untrained	32674	93	memtrain/so_035_1.jpg	photodiode	1
1616.26	0.5	1616260	untrained	32700	67	memtrain/o_378_1.jpg	photodiode	1
1617.21	0.5	1617210	trained	32752	15	memtrain/o_195_1.jpg	photodiode	1
1618.161	0.5	1618161	trained	32740	27	memtrain/o_379_2.jpg	photodiode	1
1618.962	0.5	1618962	catch	32671	n/a	catch_padded.jpg	photodiode	0
1619.223	0.0	1619223	response	6	n/a	n/a	trigger	0
1621.064	0.5	1621064	trained	32737	30	memtrain/o_437_2.jpg	photodiode	1
1621.814	0.5	1621814	untrained	32718	49	memtrain/o_054_2.jpg	photodiode	1
1622.615	0.5	1622615	untrained	32699	68	memtrain/o_393_1.jpg	photodiode	1
1623.366	0.5	1623366	trained	32738	29	memtrain/o_416_1.jpg	photodiode	1
1624.166	0.5	1624166	catch	32671	n/a	catch_padded.jpg	photodiode	0
1624.417	0.0	1624417	response	6	n/a	n/a	trigger	0
1626.068	0.5	1626068	trained	32720	47	memtrain/so_147_2.jpg	photodiode	1
1626.919	0.5	1626919	untrained	32672	95	memtrain/so_125_1.jpg	photodiode	1
1627.869	0.5	1627869	trained	32762	5	memtrain/o_067_1.jpg	photodiode	1
1628.72	0.5	1628720	trained	32755	12	memtrain/o_127_2.jpg	photodiode	1
1629.571	0.5	1629571	catch	32671	n/a	catch_padded.jpg	photodiode	0
1629.899	0.0	1629899	response	6	n/a	n/a	trigger	0
1631.673	0.5	1631673	trained	32760	7	memtrain/o_091_2.jpg	photodiode	1
1632.573	0.5	1632573	trained	32728	39	memtrain/o_606_1.jpg	photodiode	1
1633.324	0.5	1633324	trained	32767	0	memtrain/o_006_1.jpg	photodiode	1
1634.266	0.5	1634266	trained	32766	1	memtrain/o_015_1.jpg	photodiode	1
1635.017	0.5	1635017	trained	32741	26	memtrain/o_376_1.jpg	photodiode	1
1635.768	0.5	1635768	catch	32671	n/a	catch_padded.jpg	photodiode	0
1636.062	0.0	1636062	response	6	n/a	n/a	trigger	0
1637.728	0.5	1637728	untrained	32682	85	memtrain/o_218_1.jpg	photodiode	1
1638.62	0.5	1638620	untrained	32691	76	memtrain/o_570_1.jpg	photodiode	1
1639.371	0.5	1639371	untrained	32695	72	memtrain/o_490_1.jpg	photodiode	1
1640.272	0.5	1640272	catch	32671	n/a	catch_padded.jpg	photodiode	0
1640.625	0.0	1640625	response	6	n/a	n/a	trigger	0
1642.373	0.5	1642373	untrained	32679	88	memtrain/o_458_1.jpg	photodiode	1
1643.274	0.5	1643274	trained	32721	46	memtrain/so_113_1.jpg	photodiode	1
1644.175	0.5	1644175	untrained	32719	48	memtrain/o_019_2.jpg	photodiode	1
1645.026	0.5	1645026	trained	32724	43	memtrain/so_043_2.jpg	photodiode	1
1645.976	0.5	1645976	trained	32739	28	memtrain/o_397_1.jpg	photodiode	1
1646.727	0.5	1646727	catch	32671	n/a	catch_padded.jpg	photodiode	0
1647.025	0.0	1647025	response	6	n/a	n/a	trigger	0
1648.629	0.5	1648629	untrained	32688	79	memtrain/o_600_1.jpg	photodiode	1
1649.379	0.5	1649379	trained	32753	14	memtrain/o_174_1.jpg	photodiode	1
1650.33	0.5	1650330	trained	32749	18	memtrain/o_264_2.jpg	photodiode	1
1651.131	0.5	1651131	trained	32748	19	memtrain/o_284_2.jpg	photodiode	1
1651.931	0.5	1651931	catch	32671	n/a	catch_padded.jpg	photodiode	0
1652.267	0.0	1652267	response	6	n/a	n/a	trigger	0
1653.983	0.5	1653983	untrained	32698	69	memtrain/o_464_2.jpg	photodiode	1
1654.934	0.5	1654934	untrained	32712	55	memtrain/o_153_2.jpg	photodiode	1
1655.735	0.5	1655735	untrained	32713	54	memtrain/o_145_1.jpg	photodiode	1
1656.585	0.5	1656585	catch	32671	n/a	catch_padded.jpg	photodiode	0
1656.969	0.0	1656969	response	6	n/a	n/a	trigger	0
1658.687	0.5	1658687	untrained	32687	80	memtrain/o_613_1.jpg	photodiode	1
1659.488	0.5	1659488	untrained	32711	56	memtrain/o_163_2.jpg	photodiode	1
1660.238	0.5	1660238	trained	32751	16	memtrain/o_199_2.jpg	photodiode	1
1661.039	0.5	1661039	trained	32764	3	memtrain/o_040_2.jpg	photodiode	1
1661.94	0.5	1661940	catch	32671	n/a	catch_padded.jpg	photodiode	0
1662.245	0.0	1662245	response	6	n/a	n/a	trigger	0
1663.892	0.5	1663892	untrained	32696	71	memtrain/o_483_1.jpg	photodiode	1
1664.734	0.5	1664734	untrained	32703	64	memtrain/o_334_2.jpg	photodiode	1
1665.493	0.5	1665493	trained	32763	4	memtrain/o_042_1.jpg	photodiode	1
1666.344	0.5	1666344	catch	32671	n/a	catch_padded.jpg	photodiode	0
1666.683	0.0	1666683	response	6	n/a	n/a	trigger	0
1668.337	0.5	1668337	trained	32722	45	memtrain/so_090_2.jpg	photodiode	1
1669.288	0.5	1669288	untrained	32714	53	memtrain/o_142_2.jpg	photodiode	1
1670.097	0.5	1670097	trained	32734	33	memtrain/o_536_1.jpg	photodiode	1
1670.889	0.5	1670889	trained	32754	13	memtrain/o_136_1.jpg	photodiode	1
1671.84	0.5	1671840	untrained	32689	78	memtrain/o_599_1.jpg	photodiode	1
1672.591	0.5	1672591	catch	32671	n/a	catch_padded.jpg	photodiode	0
1672.906	0.0	1672906	response	6	n/a	n/a	trigger	0
1674.492	0.5	1674492	trained	32743	24	memtrain/o_357_1.jpg	photodiode	1
1675.393	0.5	1675393	untrained	32686	81	memtrain/o_655_2.jpg	photodiode	1
1676.294	0.5	1676294	trained	32723	44	memtrain/so_045_1.jpg	photodiode	1
1677.195	0.5	1677195	untrained	32705	62	memtrain/o_304_1.jpg	photodiode	1
1678.145	0.5	1678145	catch	32671	n/a	catch_padded.jpg	photodiode	0
1678.495	0.0	1678495	response	6	n/a	n/a	trigger	0
1680.047	0.5	1680047	untrained	32677	90	memtrain/o_580_1.jpg	photodiode	1
1680.798	0.5	1680798	untrained	32675	92	memtrain/so_033_1.jpg	photodiode	1
1681.548	0.5	1681548	trained	32725	42	memtrain/so_034_2.jpg	photodiode	1
1682.399	0.5	1682399	catch	32671	n/a	catch_padded.jpg	photodiode	0
1682.694	0.0	1682694	response	6	n/a	n/a	trigger	0
1684.301	0.5	1684301	untrained	32715	52	memtrain/o_141_1.jpg	photodiode	1
1685.101	0.5	1685101	untrained	32697	70	memtrain/o_471_2.jpg	photodiode	1
1685.902	0.5	1685902	trained	32742	25	memtrain/o_358_2.jpg	photodiode	1
1686.753	0.5	1686753	trained	32726	41	memtrain/o_663_2.jpg	photodiode	1
1687.704	0.5	1687704	catch	32671	n/a	catch_padded.jpg	photodiode	0
1687.945	0.0	1687945	response	6	n/a	n/a	trigger	0
1689.755	0.5	1689755	trained	32759	8	memtrain/o_094_1.jpg	photodiode	1
1690.606	0.5	1690606	trained	32747	20	memtrain/o_290_1.jpg	photodiode	1
1691.457	0.5	1691457	untrained	32716	51	memtrain/o_103_2.jpg	photodiode	1
1692.249	0.5	1692249	catch	32671	n/a	catch_padded.jpg	photodiode	0
1692.671	0.0	1692671	response	6	n/a	n/a	trigger	0
1694.209	0.5	1694209	untrained	32708	59	memtrain/o_201_2.jpg	photodiode	1
1695.101	0.5	1695101	trained	32756	11	memtrain/o_117_2.jpg	photodiode	1
1695.961	0.5	1695961	trained	32730	37	memtrain/o_597_1.jpg	photodiode	1
1696.803	0.5	1696803	untrained	32709	58	memtrain/o_192_1.jpg	photodiode	1
1697.654	0.5	1697654	catch	32671	n/a	catch_padded.jpg	photodiode	0
1698.051	0.0	1698051	response	6	n/a	n/a	trigger	0
1699.655	0.5	1699655	trained	32757	10	memtrain/o_111_2.jpg	photodiode	1
1700.556	0.5	1700556	untrained	32694	73	memtrain/o_519_2.jpg	photodiode	1
1701.407	0.5	1701407	untrained	32706	61	memtrain/o_298_2.jpg	photodiode	1
1702.307	0.5	1702307	untrained	32682	85	memtrain/o_218_1.jpg	photodiode	1
1703.258	0.5	1703258	catch	32671	n/a	catch_padded.jpg	photodiode	0
1703.549	0.0	1703549	response	6	n/a	n/a	trigger	0
1705.36	0.5	1705360	untrained	32684	83	memtrain/so_105_1.jpg	photodiode	1
1706.211	0.5	1706211	untrained	32691	76	memtrain/o_570_1.jpg	photodiode	1
1707.062	0.5	1707062	untrained	32701	66	memtrain/o_342_2.jpg	photodiode	1
1707.862	0.5	1707862	untrained	32703	64	memtrain/o_334_2.jpg	photodiode	1
1708.713	0.5	1708713	trained	32743	24	memtrain/o_357_1.jpg	photodiode	1
1709.514	0.5	1709514	catch	32671	n/a	catch_padded.jpg	photodiode	0
1709.907	0.0	1709907	response	6	n/a	n/a	trigger	0
1711.615	0.5	1711615	untrained	32709	58	memtrain/o_192_1.jpg	photodiode	1
1712.366	0.5	1712366	untrained	32687	80	memtrain/o_613_1.jpg	photodiode	1
1713.217	0.5	1713217	trained	32733	34	memtrain/o_558_2.jpg	photodiode	1
1714.067	0.5	1714067	trained	32760	7	memtrain/o_091_2.jpg	photodiode	1
1714.868	0.5	1714868	trained	32759	8	memtrain/o_094_1.jpg	photodiode	1
1715.669	0.5	1715669	catch	32671	n/a	catch_padded.jpg	photodiode	0
1715.959	0.0	1715959	response	6	n/a	n/a	trigger	0
1717.721	0.5	1717721	trained	32753	14	memtrain/o_174_1.jpg	photodiode	1
1718.621	0.5	1718621	untrained	32698	69	memtrain/o_464_2.jpg	photodiode	1
1719.522	0.5	1719522	trained	32740	27	memtrain/o_379_2.jpg	photodiode	1
1720.323	0.5	1720323	trained	32741	26	memtrain/o_376_1.jpg	photodiode	1
1721.274	0.5	1721274	catch	32671	n/a	catch_padded.jpg	photodiode	0
1721.551	0.0	1721551	response	6	n/a	n/a	trigger	0
1723.275	0.5	1723275	trained	32765	2	memtrain/o_035_1.jpg	photodiode	1
1724.018	0.5	1724018	trained	32721	46	memtrain/so_113_1.jpg	photodiode	1
1724.968	0.5	1724968	trained	32758	9	memtrain/o_101_2.jpg	photodiode	1
1725.877	0.5	1725877	catch	32671	n/a	catch_padded.jpg	photodiode	0
1726.295	0.0	1726295	response	6	n/a	n/a	trigger	0
1727.771	0.5	1727771	trained	32735	32	memtrain/o_485_2.jpg	photodiode	1
1728.571	0.5	1728571	trained	32727	40	memtrain/o_648_2.jpg	photodiode	1
1729.372	0.5	1729372	untrained	32685	82	memtrain/o_656_1.jpg	photodiode	1
1730.323	0.5	1730323	untrained	32686	81	memtrain/o_655_2.jpg	photodiode	1
1731.124	0.5	1731124	catch	32671	n/a	catch_padded.jpg	photodiode	0
1731.536	0.0	1731536	response	6	n/a	n/a	trigger	0
1733.125	0.5	1733125	trained	32754	13	memtrain/o_136_1.jpg	photodiode	1
1734.026	0.5	1734026	untrained	32697	70	memtrain/o_471_2.jpg	photodiode	1
1734.827	0.5	1734827	untrained	32718	49	memtrain/o_054_2.jpg	photodiode	1
1735.577	0.5	1735577	untrained	32681	86	memtrain/o_288_1.jpg	photodiode	1
1736.328	0.5	1736328	catch	32671	n/a	catch_padded.jpg	photodiode	0
1736.625	0.0	1736625	response	6	n/a	n/a	trigger	0
1738.23	0.5	1738230	trained	32751	16	memtrain/o_199_2.jpg	photodiode	1
1739.08	0.5	1739080	trained	32724	43	memtrain/so_043_2.jpg	photodiode	1
1739.981	0.5	1739981	untrained	32679	88	memtrain/o_458_1.jpg	photodiode	1
1740.882	0.5	1740882	catch	32671	n/a	catch_padded.jpg	photodiode	0
1741.277	0.0	1741277	response	6	n/a	n/a	trigger	0
1742.884	0.5	1742884	trained	32761	6	memtrain/o_076_1.jpg	photodiode	1
1743.784	0.5	1743784	trained	32752	15	memtrain/o_195_1.jpg	photodiode	1
1744.735	0.5	1744735	untrained	32714	53	memtrain/o_142_2.jpg	photodiode	1
1745.486	0.5	1745486	catch	32671	n/a	catch_padded.jpg	photodiode	0
1745.897	0.0	1745897	response	6	n/a	n/a	trigger	0
1747.488	0.5	1747488	untrained	32689	78	memtrain/o_599_1.jpg	photodiode	1
1748.388	0.5	1748388	untrained	32707	60	memtrain/o_228_2.jpg	photodiode	1
1749.189	0.5	1749189	trained	32748	19	memtrain/o_284_2.jpg	photodiode	1
1750.09	0.5	1750090	untrained	32705	62	memtrain/o_304_1.jpg	photodiode	1
1751.041	0.5	1751041	untrained	32696	71	memtrain/o_483_1.jpg	photodiode	1
1751.991	0.5	1751991	catch	32671	n/a	catch_padded.jpg	photodiode	0
1752.299	0.0	1752299	response	6	n/a	n/a	trigger	0
1753.943	0.5	1753943	untrained	32710	57	memtrain/o_171_1.jpg	photodiode	1
1754.744	0.5	1754744	trained	32729	38	memtrain/o_603_1.jpg	photodiode	1
1755.636	0.5	1755636	untrained	32704	63	memtrain/o_310_2.jpg	photodiode	1
1756.487	0.5	1756487	catch	32671	n/a	catch_padded.jpg	photodiode	0
1756.84	0.0	1756840	response	6	n/a	n/a	trigger	0
1758.539	0.5	1758539	trained	32734	33	memtrain/o_536_1.jpg	photodiode	1
1759.439	0.5	1759439	untrained	32673	94	memtrain/so_067_1.jpg	photodiode	1
1760.24	0.5	1760240	trained	32730	37	memtrain/o_597_1.jpg	photodiode	1
1761.141	0.5	1761141	trained	32762	5	memtrain/o_067_1.jpg	photodiode	1
1762.041	0.5	1762041	trained	32739	28	memtrain/o_397_1.jpg	photodiode	1
1762.892	0.5	1762892	catch	32671	n/a	catch_padded.jpg	photodiode	0
1763.233	0.0	1763233	response	6	n/a	n/a	trigger	0
1764.994	0.5	1764994	untrained	32674	93	memtrain/so_035_1.jpg	photodiode	1
1765.945	0.5	1765945	trained	32738	29	memtrain/o_416_1.jpg	photodiode	1
1766.695	0.5	1766695	trained	32745	22	memtrain/o_321_1.jpg	photodiode	1
1767.646	0.5	1767646	untrained	32680	87	memtrain/o_365_1.jpg	photodiode	1
1768.497	0.5	1768497	catch	32671	n/a	catch_padded.jpg	photodiode	0
1768.841	0.0	1768841	response	6	n/a	n/a	trigger	0
1770.499	0.5	1770499	untrained	32672	95	memtrain/so_125_1.jpg	photodiode	1
1771.399	0.5	1771399	trained	32742	25	memtrain/o_358_2.jpg	photodiode	1
1772.25	0.5	1772250	untrained	32693	74	memtrain/o_550_1.jpg	photodiode	1
1773.051	0.5	1773051	trained	32728	39	memtrain/o_606_1.jpg	photodiode	1
1773.801	0.5	1773801	catch	32671	n/a	catch_padded.jpg	photodiode	0
1774.182	0.0	1774182	response	6	n/a	n/a	trigger	0
1775.853	0.5	1775853	trained	32746	21	memtrain/o_319_1.jpg	photodiode	1
1776.804	0.5	1776804	untrained	32675	92	memtrain/so_033_1.jpg	photodiode	1
1777.605	0.5	1777605	trained	32726	41	memtrain/o_663_2.jpg	photodiode	1
1778.505	0.5	1778505	untrained	32717	50	memtrain/o_057_2.jpg	photodiode	1
1779.356	0.5	1779356	untrained	32677	90	memtrain/o_580_1.jpg	photodiode	1
1780.207	0.5	1780207	catch	32671	n/a	catch_padded.jpg	photodiode	0
1780.736	0.0	1780736	response	6	n/a	n/a	trigger	0
1782.159	0.5	1782159	untrained	32716	51	memtrain/o_103_2.jpg	photodiode	1
1782.901	0.5	1782901	untrained	32719	48	memtrain/o_019_2.jpg	photodiode	1
1783.802	0.5	1783802	untrained	32695	72	memtrain/o_490_1.jpg	photodiode	1
1784.652	0.5	1784652	trained	32764	3	memtrain/o_040_2.jpg	photodiode	1
1785.553	0.5	1785553	trained	32732	35	memtrain/o_561_2.jpg	photodiode	1
1786.454	0.5	1786454	catch	32671	n/a	catch_padded.jpg	photodiode	0
1786.907	0.0	1786907	response	6	n/a	n/a	trigger	0
1788.506	0.5	1788506	untrained	32713	54	memtrain/o_145_1.jpg	photodiode	1
1789.256	0.5	1789256	trained	32744	23	memtrain/o_338_2.jpg	photodiode	1
1790.207	0.5	1790207	trained	32731	36	memtrain/o_583_1.jpg	photodiode	1
1790.958	0.5	1790958	catch	32671	n/a	catch_padded.jpg	photodiode	0
1791.32	0.0	1791320	response	6	n/a	n/a	trigger	0
1793.06	0.5	1793060	trained	32766	1	memtrain/o_015_1.jpg	photodiode	1
1794.01	0.5	1794010	trained	32749	18	memtrain/o_264_2.jpg	photodiode	1
1794.761	0.5	1794761	trained	32720	47	memtrain/so_147_2.jpg	photodiode	1
1795.712	0.5	1795712	untrained	32712	55	memtrain/o_153_2.jpg	photodiode	1
1796.462	0.5	1796462	trained	32722	45	memtrain/so_090_2.jpg	photodiode	1
1797.213	0.5	1797213	catch	32671	n/a	catch_padded.jpg	photodiode	0
1797.607	0.0	1797607	response	6	n/a	n/a	trigger	0
1799.315	0.5	1799315	untrained	32692	75	memtrain/o_564_1.jpg	photodiode	1
1800.216	0.5	1800216	untrained	32708	59	memtrain/o_201_2.jpg	photodiode	1
1801.016	0.5	1801016	untrained	32683	84	memtrain/so_117_2.jpg	photodiode	1
1801.867	0.5	1801867	trained	32747	20	memtrain/o_290_1.jpg	photodiode	1
1802.273	0.0	1802273	response	6	n/a	n/a	trigger	0
1802.818	0.5	1802818	untrained	32702	65	memtrain/o_337_2.jpg	photodiode	1
1803.669	0.5	1803669	catch	32671	n/a	catch_padded.jpg	photodiode	0
1803.98	0.0	1803980	response	6	n/a	n/a	trigger	0
1805.72	0.5	1805720	trained	32767	0	memtrain/o_006_1.jpg	photodiode	1
1806.621	0.5	1806621	untrained	32694	73	memtrain/o_519_2.jpg	photodiode	1
1807.472	0.5	1807472	untrained	32700	67	memtrain/o_378_1.jpg	photodiode	1
1808.423	0.5	1808423	catch	32671	n/a	catch_padded.jpg	photodiode	0
1808.781	0.0	1808781	response	6	n/a	n/a	trigger	0
1810.374	0.5	1810374	trained	32737	30	memtrain/o_437_2.jpg	photodiode	1
1811.175	0.5	1811175	trained	32723	44	memtrain/so_045_1.jpg	photodiode	1
1812.017	0.5	1812017	untrained	32678	89	memtrain/o_469_1.jpg	photodiode	1
1812.918	0.5	1812918	untrained	32690	77	memtrain/o_574_2.jpg	photodiode	1
1813.869	0.5	1813869	catch	32671	n/a	catch_padded.jpg	photodiode	0
1814.202	0.0	1814202	response	6	n/a	n/a	trigger	0
1815.92	0.5	1815920	untrained	32706	61	memtrain/o_298_2.jpg	photodiode	1
1816.671	0.5	1816671	untrained	32715	52	memtrain/o_141_1.jpg	photodiode	1
1817.622	0.5	1817622	trained	32756	11	memtrain/o_117_2.jpg	photodiode	1
1818.573	0.5	1818573	trained	32755	12	memtrain/o_127_2.jpg	photodiode	1
1819.474	0.5	1819474	trained	32736	31	memtrain/o_465_2.jpg	photodiode	1
1820.274	0.5	1820274	catch	32671	n/a	catch_padded.jpg	photodiode	0
1820.682	0.0	1820682	response	6	n/a	n/a	trigger	0
1822.376	0.5	1822376	untrained	32676	91	memtrain/o_605_1.jpg	photodiode	1
1823.227	0.5	1823227	trained	32757	10	memtrain/o_111_2.jpg	photodiode	1
1823.977	0.5	1823977	trained	32750	17	memtrain/o_232_1.jpg	photodiode	1
1824.728	0.5	1824728	catch	32671	n/a	catch_padded.jpg	photodiode	0
1825.054	0.0	1825054	response	6	n/a	n/a	trigger	0
1826.68	0.5	1826680	trained	32725	42	memtrain/so_034_2.jpg	photodiode	1
1827.43	0.5	1827430	untrained	32699	68	memtrain/o_393_1.jpg	photodiode	1
1828.281	0.5	1828281	untrained	32711	56	memtrain/o_163_2.jpg	photodiode	1
1829.132	0.5	1829132	trained	32763	4	memtrain/o_042_1.jpg	photodiode	1
1829.882	0.5	1829882	untrained	32688	79	memtrain/o_600_1.jpg	photodiode	1
1830.633	0.5	1830633	catch	32671	n/a	catch_padded.jpg	photodiode	0
1831.099	0.0	1831099	response	6	n/a	n/a	trigger	0
1837.11	0.0	1837110	block_end	120	n/a	n/a	trigger	0
1847.387	0.0	1847387	response	6	n/a	n/a	trigger	0
1847.394	0.0	1847394	block_onset	107	n/a	n/a	trigger	0
1849.449	0.5	1849449	trained	32739	28	memtrain/o_397_1.jpg	photodiode	1
1850.2	0.5	1850200	untrained	32706	61	memtrain/o_298_2.jpg	photodiode	1
1851.1	0.5	1851100	trained	32760	7	memtrain/o_091_2.jpg	photodiode	1
1851.951	0.5	1851951	trained	32727	40	memtrain/o_648_2.jpg	photodiode	1
1852.793	0.5	1852793	catch	32671	n/a	catch_padded.jpg	photodiode	0
1853.148	0.0	1853148	response	6	n/a	n/a	trigger	0
1854.803	0.5	1854803	untrained	32695	72	memtrain/o_490_1.jpg	photodiode	1
1855.596	0.5	1855596	untrained	32678	89	memtrain/o_469_1.jpg	photodiode	1
1856.347	0.5	1856347	trained	32735	32	memtrain/o_485_2.jpg	photodiode	1
1857.197	0.5	1857197	untrained	32676	91	memtrain/o_605_1.jpg	photodiode	1
1858.048	0.5	1858048	catch	32671	n/a	catch_padded.jpg	photodiode	0
1858.363	0.0	1858363	response	6	n/a	n/a	trigger	0
1860.05	0.5	1860050	untrained	32710	57	memtrain/o_171_1.jpg	photodiode	1
1861.0	0.5	1861000	untrained	32703	64	memtrain/o_334_2.jpg	photodiode	1
1861.801	0.5	1861801	untrained	32694	73	memtrain/o_519_2.jpg	photodiode	1
1862.752	0.5	1862752	untrained	32716	51	memtrain/o_103_2.jpg	photodiode	1
1863.503	0.5	1863503	untrained	32702	65	memtrain/o_337_2.jpg	photodiode	1
1864.303	0.5	1864303	catch	32671	n/a	catch_padded.jpg	photodiode	0
1864.862	0.0	1864862	response	6	n/a	n/a	trigger	0
1866.255	0.5	1866255	untrained	32714	53	memtrain/o_142_2.jpg	photodiode	1
1867.156	0.5	1867156	trained	32744	23	memtrain/o_338_2.jpg	photodiode	1
1868.106	0.5	1868106	untrained	32675	92	memtrain/so_033_1.jpg	photodiode	1
1868.907	0.5	1868907	trained	32766	1	memtrain/o_015_1.jpg	photodiode	1
1869.758	0.5	1869758	catch	32671	n/a	catch_padded.jpg	photodiode	0
1870.141	0.0	1870141	response	6	n/a	n/a	trigger	0
1871.71	0.5	1871710	trained	32742	25	memtrain/o_358_2.jpg	photodiode	1
1872.56	0.5	1872560	untrained	32680	87	memtrain/o_365_1.jpg	photodiode	1
1873.411	0.5	1873411	trained	32732	35	memtrain/o_561_2.jpg	photodiode	1
1874.212	0.5	1874212	catch	32671	n/a	catch_padded.jpg	photodiode	0
1874.661	0.0	1874661	response	6	n/a	n/a	trigger	0
1876.313	0.5	1876313	trained	32746	21	memtrain/o_319_1.jpg	photodiode	1
1877.114	0.5	1877114	trained	32743	24	memtrain/o_357_1.jpg	photodiode	1
1878.065	0.5	1878065	trained	32751	16	memtrain/o_199_2.jpg	photodiode	1
1878.966	0.5	1878966	catch	32671	n/a	catch_padded.jpg	photodiode	0
1880.693	0.0	1880693	response	6	n/a	n/a	trigger	0
1880.867	0.5	1880867	trained	32764	3	memtrain/o_040_2.jpg	photodiode	1
1881.818	0.5	1881818	untrained	32690	77	memtrain/o_574_2.jpg	photodiode	1
1882.56	0.5	1882560	untrained	32707	60	memtrain/o_228_2.jpg	photodiode	1
1883.319	0.5	1883319	catch	32671	n/a	catch_padded.jpg	photodiode	0
1883.633	0.0	1883633	response	6	n/a	n/a	trigger	0
1885.271	0.5	1885271	trained	32765	2	memtrain/o_035_1.jpg	photodiode	1
1886.172	0.5	1886172	trained	32759	8	memtrain/o_094_1.jpg	photodiode	1
1886.914	0.5	1886914	untrained	32709	58	memtrain/o_192_1.jpg	photodiode	1
1887.765	0.5	1887765	catch	32671	n/a	catch_padded.jpg	photodiode	0
1888.011	0.0	1888011	response	6	n/a	n/a	trigger	0
1889.766	0.5	1889766	trained	32761	6	memtrain/o_076_1.jpg	photodiode	1
1890.667	0.5	1890667	untrained	32696	71	memtrain/o_483_1.jpg	photodiode	1
1891.418	0.5	1891418	trained	32721	46	memtrain/so_113_1.jpg	photodiode	1
1892.168	0.5	1892168	untrained	32691	76	memtrain/o_570_1.jpg	photodiode	1
1893.069	0.5	1893069	catch	32671	n/a	catch_padded.jpg	photodiode	0
1893.411	0.0	1893411	response	6	n/a	n/a	trigger	0
1895.071	0.5	1895071	untrained	32684	83	memtrain/so_105_1.jpg	photodiode	1
1895.922	0.5	1895922	untrained	32677	90	memtrain/o_580_1.jpg	photodiode	1
1896.772	0.5	1896772	trained	32737	30	memtrain/o_437_2.jpg	photodiode	1
1897.523	0.5	1897523	trained	32733	34	memtrain/o_558_2.jpg	photodiode	1
1898.374	0.5	1898374	untrained	32711	56	memtrain/o_163_2.jpg	photodiode	1
1899.124	0.5	1899124	catch	32671	n/a	catch_padded.jpg	photodiode	0
1899.404	0.0	1899404	response	6	n/a	n/a	trigger	0
1901.176	0.5	1901176	untrained	32679	88	memtrain/o_458_1.jpg	photodiode	1
1902.127	0.5	1902127	untrained	32674	93	memtrain/so_035_1.jpg	photodiode	1
1903.028	0.5	1903028	untrained	32700	67	memtrain/o_378_1.jpg	photodiode	1
1903.828	0.5	1903828	trained	32731	36	memtrain/o_583_1.jpg	photodiode	1
1904.579	0.5	1904579	catch	32671	n/a	catch_padded.jpg	photodiode	0
1904.93	0.0	1904930	response	6	n/a	n/a	trigger	0
1906.481	0.5	1906481	trained	32740	27	memtrain/o_379_2.jpg	photodiode	1
1907.431	0.5	1907431	untrained	32673	94	memtrain/so_067_1.jpg	photodiode	1
1908.182	0.5	1908182	untrained	32704	63	memtrain/o_310_2.jpg	photodiode	1
1909.083	0.5	1909083	trained	32767	0	memtrain/o_006_1.jpg	photodiode	1
1909.984	0.5	1909984	trained	32748	19	memtrain/o_284_2.jpg	photodiode	1
1910.826	0.5	1910826	catch	32671	n/a	catch_padded.jpg	photodiode	0
1911.215	0.0	1911215	response	6	n/a	n/a	trigger	0
1912.936	0.5	1912936	untrained	32712	55	memtrain/o_153_2.jpg	photodiode	1
1913.887	0.5	1913887	untrained	32686	81	memtrain/o_655_2.jpg	photodiode	1
1914.679	0.5	1914679	untrained	32697	70	memtrain/o_471_2.jpg	photodiode	1
1915.53	0.5	1915530	trained	32749	18	memtrain/o_264_2.jpg	photodiode	1
1916.481	0.5	1916481	untrained	32701	66	memtrain/o_342_2.jpg	photodiode	1
1917.332	0.5	1917332	catch	32671	n/a	catch_padded.jpg	photodiode	0
1917.644	0.0	1917644	response	6	n/a	n/a	trigger	0
1919.233	0.5	1919233	trained	32729	38	memtrain/o_603_1.jpg	photodiode	1
1919.984	0.5	1919984	trained	32734	33	memtrain/o_536_1.jpg	photodiode	1
1920.935	0.5	1920935	untrained	32689	78	memtrain/o_599_1.jpg	photodiode	1
1921.785	0.5	1921785	catch	32671	n/a	catch_padded.jpg	photodiode	0
1922.199	0.0	1922199	response	6	n/a	n/a	trigger	0
1923.737	0.5	1923737	trained	32722	45	memtrain/so_090_2.jpg	photodiode	1
1924.488	0.5	1924488	trained	32750	17	memtrain/o_232_1.jpg	photodiode	1
1925.288	0.5	1925288	untrained	32708	59	memtrain/o_201_2.jpg	photodiode	1
1926.189	0.5	1926189	untrained	32719	48	memtrain/o_019_2.jpg	photodiode	1
1927.04	0.5	1927040	untrained	32683	84	memtrain/so_117_2.jpg	photodiode	1
1927.891	0.5	1927891	catch	32671	n/a	catch_padded.jpg	photodiode	0
1928.258	0.0	1928258	response	6	n/a	n/a	trigger	0
1929.942	0.5	1929942	trained	32762	5	memtrain/o_067_1.jpg	photodiode	1
1930.893	0.5	1930893	untrained	32692	75	memtrain/o_564_1.jpg	photodiode	1
1931.744	0.5	1931744	trained	32747	20	memtrain/o_290_1.jpg	photodiode	1
1932.695	0.5	1932695	untrained	32672	95	memtrain/so_125_1.jpg	photodiode	1
1933.645	0.5	1933645	untrained	32715	52	memtrain/o_141_1.jpg	photodiode	1
1934.546	0.5	1934546	catch	32671	n/a	catch_padded.jpg	photodiode	0
1934.986	0.0	1934986	response	6	n/a	n/a	trigger	0
1936.498	0.5	1936498	trained	32756	11	memtrain/o_117_2.jpg	photodiode	1
1937.298	0.5	1937298	trained	32738	29	memtrain/o_416_1.jpg	photodiode	1
1938.099	0.5	1938099	trained	32754	13	memtrain/o_136_1.jpg	photodiode	1
1938.85	0.5	1938850	untrained	32698	69	memtrain/o_464_2.jpg	photodiode	1
1939.751	0.5	1939751	untrained	32718	49	memtrain/o_054_2.jpg	photodiode	1
1940.701	0.5	1940701	catch	32671	n/a	catch_padded.jpg	photodiode	0
1941.395	0.0	1941395	response	6	n/a	n/a	trigger	0
1942.803	0.5	1942803	untrained	32717	50	memtrain/o_057_2.jpg	photodiode	1
1943.595	0.5	1943595	trained	32763	4	memtrain/o_042_1.jpg	photodiode	1
1944.405	0.5	1944405	trained	32720	47	memtrain/so_147_2.jpg	photodiode	1
1945.247	0.5	1945247	untrained	32688	79	memtrain/o_600_1.jpg	photodiode	1
1946.098	0.5	1946098	catch	32671	n/a	catch_padded.jpg	photodiode	0
1946.577	0.0	1946577	response	6	n/a	n/a	trigger	0
1948.099	0.5	1948099	trained	32755	12	memtrain/o_127_2.jpg	photodiode	1
1948.95	0.5	1948950	trained	32726	41	memtrain/o_663_2.jpg	photodiode	1
1949.851	0.5	1949851	untrained	32685	82	memtrain/o_656_1.jpg	photodiode	1
1950.701	0.5	1950701	untrained	32681	86	memtrain/o_288_1.jpg	photodiode	1
1951.502	0.5	1951502	catch	32671	n/a	catch_padded.jpg	photodiode	0
1951.857	0.0	1951857	response	6	n/a	n/a	trigger	0
1953.554	0.5	1953554	untrained	32699	68	memtrain/o_393_1.jpg	photodiode	1
1954.505	0.5	1954505	untrained	32713	54	memtrain/o_145_1.jpg	photodiode	1
1955.455	0.5	1955455	trained	32730	37	memtrain/o_597_1.jpg	photodiode	1
1956.306	0.5	1956306	catch	32671	n/a	catch_padded.jpg	photodiode	0
1956.608	0.0	1956608	response	6	n/a	n/a	trigger	0
1958.408	0.5	1958408	untrained	32705	62	memtrain/o_304_1.jpg	photodiode	1
1959.259	0.5	1959259	trained	32724	43	memtrain/so_043_2.jpg	photodiode	1
1960.109	0.5	1960109	untrained	32687	80	memtrain/o_613_1.jpg	photodiode	1
1961.01	0.5	1961010	untrained	32682	85	memtrain/o_218_1.jpg	photodiode	1
1961.911	0.5	1961911	trained	32723	44	memtrain/so_045_1.jpg	photodiode	1
1962.762	0.5	1962762	catch	32671	n/a	catch_padded.jpg	photodiode	0
1963.11	0.0	1963110	response	6	n/a	n/a	trigger	0
1964.813	0.5	1964813	trained	32752	15	memtrain/o_195_1.jpg	photodiode	1
1965.564	0.5	1965564	trained	32728	39	memtrain/o_606_1.jpg	photodiode	1
1966.465	0.5	1966465	trained	32753	14	memtrain/o_174_1.jpg	photodiode	1
1967.416	0.5	1967416	trained	32725	42	memtrain/so_034_2.jpg	photodiode	1
1968.166	0.5	1968166	untrained	32693	74	memtrain/o_550_1.jpg	photodiode	1
1968.967	0.5	1968967	catch	32671	n/a	catch_padded.jpg	photodiode	0
1969.309	0.0	1969309	response	6	n/a	n/a	trigger	0
1971.019	0.5	1971019	trained	32757	10	memtrain/o_111_2.jpg	photodiode	1
1971.819	0.5	1971819	trained	32758	9	memtrain/o_101_2.jpg	photodiode	1
1972.712	0.5	1972712	trained	32745	22	memtrain/o_321_1.jpg	photodiode	1
1973.563	0.5	1973563	catch	32671	n/a	catch_padded.jpg	photodiode	0
1974.03	0.0	1974030	response	6	n/a	n/a	trigger	0
1975.664	0.5	1975664	trained	32736	31	memtrain/o_465_2.jpg	photodiode	1
1976.565	0.5	1976565	trained	32741	26	memtrain/o_376_1.jpg	photodiode	1
1977.366	0.5	1977366	trained	32737	30	memtrain/o_437_2.jpg	photodiode	1
1978.116	0.5	1978116	untrained	32678	89	memtrain/o_469_1.jpg	photodiode	1
1978.967	0.5	1978967	catch	32671	n/a	catch_padded.jpg	photodiode	0
1979.302	0.0	1979302	response	6	n/a	n/a	trigger	0
1980.869	0.5	1980869	untrained	32690	77	memtrain/o_574_2.jpg	photodiode	1
1981.719	0.5	1981719	trained	32720	47	memtrain/so_147_2.jpg	photodiode	1
1982.47	0.5	1982470	untrained	32697	70	memtrain/o_471_2.jpg	photodiode	1
1983.421	0.5	1983421	untrained	32709	58	memtrain/o_192_1.jpg	photodiode	1
1984.272	0.5	1984272	untrained	32700	67	memtrain/o_378_1.jpg	photodiode	1
1985.022	0.5	1985022	catch	32671	n/a	catch_padded.jpg	photodiode	0
1985.367	0.0	1985367	response	6	n/a	n/a	trigger	0
1986.974	0.5	1986974	trained	32730	37	memtrain/o_597_1.jpg	photodiode	1
1987.725	0.5	1987725	untrained	32693	74	memtrain/o_550_1.jpg	photodiode	1
1988.675	0.5	1988675	trained	32739	28	memtrain/o_397_1.jpg	photodiode	1
1989.626	0.5	1989626	untrained	32704	63	memtrain/o_310_2.jpg	photodiode	1
1990.577	0.5	1990577	untrained	32680	87	memtrain/o_365_1.jpg	photodiode	1
1991.328	0.5	1991328	catch	32671	n/a	catch_padded.jpg	photodiode	0
1991.682	0.0	1991682	response	6	n/a	n/a	trigger	0
1993.379	0.5	1993379	untrained	32711	56	memtrain/o_163_2.jpg	photodiode	1
1994.33	0.5	1994330	untrained	32710	57	memtrain/o_171_1.jpg	photodiode	1
1995.231	0.5	1995231	untrained	32719	48	memtrain/o_019_2.jpg	photodiode	1
1996.132	0.5	1996132	catch	32671	n/a	catch_padded.jpg	photodiode	0
1996.509	0.0	1996509	response	6	n/a	n/a	trigger	0
1998.033	0.5	1998033	trained	32735	32	memtrain/o_485_2.jpg	photodiode	1
1998.934	0.5	1998934	untrained	32696	71	memtrain/o_483_1.jpg	photodiode	1
1999.735	0.5	1999735	trained	32760	7	memtrain/o_091_2.jpg	photodiode	1
2000.677	0.5	2000677	catch	32671	n/a	catch_padded.jpg	photodiode	0
2001.02	0.0	2001020	response	6	n/a	n/a	trigger	0
2002.587	0.5	2002587	untrained	32675	92	memtrain/so_033_1.jpg	photodiode	1
2003.379	0.5	2003379	untrained	32701	66	memtrain/o_342_2.jpg	photodiode	1
2004.28	0.5	2004280	untrained	32683	84	memtrain/so_117_2.jpg	photodiode	1
2005.081	0.5	2005081	untrained	32676	91	memtrain/o_605_1.jpg	photodiode	1
2005.982	0.5	2005982	catch	32671	n/a	catch_padded.jpg	photodiode	0
2006.273	0.0	2006273	response	6	n/a	n/a	trigger	0
2007.883	0.5	2007883	trained	32764	3	memtrain/o_040_2.jpg	photodiode	1
2008.734	0.5	2008734	untrained	32718	49	memtrain/o_054_2.jpg	photodiode	1
2009.585	0.5	2009585	trained	32766	1	memtrain/o_015_1.jpg	photodiode	1
2010.485	0.5	2010485	untrained	32674	93	memtrain/so_035_1.jpg	photodiode	1
2011.286	0.5	2011286	catch	32671	n/a	catch_padded.jpg	photodiode	0
2011.623	0.0	2011623	response	6	n/a	n/a	trigger	0
2013.338	0.5	2013338	trained	32758	9	memtrain/o_101_2.jpg	photodiode	1
2014.189	0.5	2014189	trained	32755	12	memtrain/o_127_2.jpg	photodiode	1
2014.989	0.5	2014989	trained	32723	44	memtrain/so_045_1.jpg	photodiode	1
2015.84	0.5	2015840	trained	32724	43	memtrain/so_043_2.jpg	photodiode	1
2016.791	0.5	2016791	catch	32671	n/a	catch_padded.jpg	photodiode	0
2017.036	0.0	2017036	response	6	n/a	n/a	trigger	0
2018.692	0.5	2018692	trained	32765	2	memtrain/o_035_1.jpg	photodiode	1
2019.493	0.5	2019493	trained	32744	23	memtrain/o_338_2.jpg	photodiode	1
2020.294	0.5	2020294	untrained	32707	60	memtrain/o_228_2.jpg	photodiode	1
2021.094	0.5	2021094	untrained	32708	59	memtrain/o_201_2.jpg	photodiode	1
2021.995	0.5	2021995	untrained	32677	90	memtrain/o_580_1.jpg	photodiode	1
2022.896	0.5	2022896	catch	32671	n/a	catch_padded.jpg	photodiode	0
2023.196	0.0	2023196	response	6	n/a	n/a	trigger	0
2024.798	0.5	2024798	trained	32759	8	memtrain/o_094_1.jpg	photodiode	1
2025.648	0.5	2025648	untrained	32714	53	memtrain/o_142_2.jpg	photodiode	1
2026.499	0.5	2026499	trained	32736	31	memtrain/o_465_2.jpg	photodiode	1
2027.45	0.5	2027450	trained	32722	45	memtrain/so_090_2.jpg	photodiode	1
2028.251	0.5	2028251	untrained	32688	79	memtrain/o_600_1.jpg	photodiode	1
2029.201	0.5	2029201	catch	32671	n/a	catch_padded.jpg	photodiode	0
2029.546	0.0	2029546	response	6	n/a	n/a	trigger	0
2031.253	0.5	2031253	untrained	32679	88	memtrain/o_458_1.jpg	photodiode	1
2032.096	0.5	2032096	trained	32761	6	memtrain/o_076_1.jpg	photodiode	1
2032.846	0.5	2032846	trained	32756	11	memtrain/o_117_2.jpg	photodiode	1
2033.697	0.5	2033697	untrained	32715	52	memtrain/o_141_1.jpg	photodiode	1
2034.498	0.5	2034498	untrained	32694	73	memtrain/o_519_2.jpg	photodiode	1
2035.448	0.5	2035448	catch	32671	n/a	catch_padded.jpg	photodiode	0
2035.844	0.0	2035844	response	6	n/a	n/a	trigger	0
2037.4	0.5	2037400	trained	32750	17	memtrain/o_232_1.jpg	photodiode	1
2038.351	0.5	2038351	untrained	32685	82	memtrain/o_656_1.jpg	photodiode	1
2039.302	0.5	2039302	trained	32753	14	memtrain/o_174_1.jpg	photodiode	1
2040.052	0.5	2040052	catch	32671	n/a	catch_padded.jpg	photodiode	0
2040.457	0.0	2040457	response	6	n/a	n/a	trigger	0
2042.104	0.5	2042104	trained	32767	0	memtrain/o_006_1.jpg	photodiode	1
2042.855	0.5	2042855	trained	32748	19	memtrain/o_284_2.jpg	photodiode	1
2043.755	0.5	2043755	untrained	32698	69	memtrain/o_464_2.jpg	photodiode	1
2044.656	0.5	2044656	catch	32671	n/a	catch_padded.jpg	photodiode	0
2044.997	0.0	2044997	response	6	n/a	n/a	trigger	0
2046.558	0.5	2046558	trained	32763	4	memtrain/o_042_1.jpg	photodiode	1
2047.459	0.5	2047459	trained	32742	25	memtrain/o_358_2.jpg	photodiode	1
2048.259	0.5	2048259	untrained	32695	72	memtrain/o_490_1.jpg	photodiode	1
2049.21	0.5	2049210	trained	32754	13	memtrain/o_136_1.jpg	photodiode	1
2050.161	0.5	2050161	catch	32671	n/a	catch_padded.jpg	photodiode	0
2050.528	0.0	2050528	response	6	n/a	n/a	trigger	0
2052.213	0.5	2052213	untrained	32716	51	memtrain/o_103_2.jpg	photodiode	1
2053.113	0.5	2053113	trained	32734	33	memtrain/o_536_1.jpg	photodiode	1
2053.914	0.5	2053914	untrained	32712	55	memtrain/o_153_2.jpg	photodiode	1
2054.665	0.5	2054665	trained	32726	41	memtrain/o_663_2.jpg	photodiode	1
2055.465	0.5	2055465	untrained	32682	85	memtrain/o_218_1.jpg	photodiode	1
2056.216	0.5	2056216	catch	32671	n/a	catch_padded.jpg	photodiode	0
2056.727	0.0	2056727	response	6	n/a	n/a	trigger	0
2058.168	0.5	2058168	trained	32738	29	memtrain/o_416_1.jpg	photodiode	1
2059.018	0.5	2059018	trained	32745	22	memtrain/o_321_1.jpg	photodiode	1
2059.769	0.5	2059769	untrained	32703	64	memtrain/o_334_2.jpg	photodiode	1
2060.511	0.5	2060511	catch	32671	n/a	catch_padded.jpg	photodiode	0
2060.907	0.0	2060907	response	6	n/a	n/a	trigger	0
2062.463	0.5	2062463	trained	32741	26	memtrain/o_376_1.jpg	photodiode	1
2063.364	0.5	2063364	untrained	32705	62	memtrain/o_304_1.jpg	photodiode	1
2064.314	0.5	2064314	trained	32740	27	memtrain/o_379_2.jpg	photodiode	1
2065.215	0.5	2065215	untrained	32686	81	memtrain/o_655_2.jpg	photodiode	1
2065.966	0.5	2065966	untrained	32681	86	memtrain/o_288_1.jpg	photodiode	1
2066.767	0.5	2066767	catch	32671	n/a	catch_padded.jpg	photodiode	0
2067.213	0.0	2067213	response	6	n/a	n/a	trigger	0
2068.718	0.5	2068718	untrained	32713	54	memtrain/o_145_1.jpg	photodiode	1
2069.569	0.5	2069569	trained	32743	24	memtrain/o_357_1.jpg	photodiode	1
2070.37	0.5	2070370	trained	32729	38	memtrain/o_603_1.jpg	photodiode	1
2071.27	0.5	2071270	untrained	32687	80	memtrain/o_613_1.jpg	photodiode	1
2072.221	0.5	2072221	catch	32671	n/a	catch_padded.jpg	photodiode	0
2072.52	0.0	2072520	response	6	n/a	n/a	trigger	0
2074.173	0.5	2074173	untrained	32699	68	memtrain/o_393_1.jpg	photodiode	1
2075.124	0.5	2075124	trained	32746	21	memtrain/o_319_1.jpg	photodiode	1
2075.974	0.5	2075974	trained	32721	46	memtrain/so_113_1.jpg	photodiode	1
2076.725	0.5	2076725	catch	32671	n/a	catch_padded.jpg	photodiode	0
2077.083	0.0	2077083	response	6	n/a	n/a	trigger	0
2078.827	0.5	2078827	untrained	32692	75	memtrain/o_564_1.jpg	photodiode	1
2079.728	0.5	2079728	untrained	32673	94	memtrain/so_067_1.jpg	photodiode	1
2080.678	0.5	2080678	untrained	32691	76	memtrain/o_570_1.jpg	photodiode	1
2081.579	0.5	2081579	catch	32671	n/a	catch_padded.jpg	photodiode	0
2081.957	0.0	2081957	response	6	n/a	n/a	trigger	0
2083.481	0.5	2083481	trained	32733	34	memtrain/o_558_2.jpg	photodiode	1
2084.231	0.5	2084231	trained	32751	16	memtrain/o_199_2.jpg	photodiode	1
2085.182	0.5	2085182	trained	32727	40	memtrain/o_648_2.jpg	photodiode	1
2086.133	0.5	2086133	catch	32671	n/a	catch_padded.jpg	photodiode	0
2086.482	0.0	2086482	response	6	n/a	n/a	trigger	0
2088.035	0.5	2088035	trained	32747	20	memtrain/o_290_1.jpg	photodiode	1
2088.885	0.5	2088885	untrained	32706	61	memtrain/o_298_2.jpg	photodiode	1
2089.628	0.5	2089628	untrained	32717	50	memtrain/o_057_2.jpg	photodiode	1
2090.378	0.5	2090378	trained	32728	39	memtrain/o_606_1.jpg	photodiode	1
2091.329	0.5	2091329	catch	32671	n/a	catch_padded.jpg	photodiode	0
2091.737	0.0	2091737	response	6	n/a	n/a	trigger	0
2093.231	0.5	2093231	untrained	32684	83	memtrain/so_105_1.jpg	photodiode	1
2094.182	0.5	2094182	untrained	32689	78	memtrain/o_599_1.jpg	photodiode	1
2094.982	0.5	2094982	trained	32762	5	memtrain/o_067_1.jpg	photodiode	1
2095.883	0.5	2095883	trained	32749	18	memtrain/o_264_2.jpg	photodiode	1
2096.684	0.5	2096684	catch	32671	n/a	catch_padded.jpg	photodiode	0
2097.053	0.0	2097053	response	6	n/a	n/a	trigger	0
2098.685	0.5	2098685	trained	32757	10	memtrain/o_111_2.jpg	photodiode	1
2099.636	0.5	2099636	untrained	32672	95	memtrain/so_125_1.jpg	photodiode	1
2100.437	0.5	2100437	trained	32731	36	memtrain/o_583_1.jpg	photodiode	1
2101.187	0.5	2101187	catch	32671	n/a	catch_padded.jpg	photodiode	0
2101.547	0.0	2101547	response	6	n/a	n/a	trigger	0
2103.139	0.5	2103139	trained	32725	42	memtrain/so_034_2.jpg	photodiode	1
2104.04	0.5	2104040	trained	32752	15	memtrain/o_195_1.jpg	photodiode	1
2104.991	0.5	2104991	untrained	32702	65	memtrain/o_337_2.jpg	photodiode	1
2105.891	0.5	2105891	trained	32732	35	memtrain/o_561_2.jpg	photodiode	1
2106.692	0.5	2106692	catch	32671	n/a	catch_padded.jpg	photodiode	0
2106.996	0.0	2106996	response	6	n/a	n/a	trigger	0
2113.169	0.0	2113169	block_end	120	n/a	n/a	trigger	0
2136.383	0.0	2136383	response	6	n/a	n/a	trigger	0
2136.389	0.0	2136389	block_onset	108	n/a	n/a	trigger	0
2138.444	0.5	2138444	trained	32755	12	memtrain/o_127_2.jpg	photodiode	1
2139.195	0.5	2139195	untrained	32673	94	memtrain/so_067_1.jpg	photodiode	1
2140.045	0.5	2140045	untrained	32689	78	memtrain/o_599_1.jpg	photodiode	1
2140.796	0.5	2140796	catch	32671	n/a	catch_padded.jpg	photodiode	0
2141.139	0.0	2141139	response	6	n/a	n/a	trigger	0
2142.848	0.5	2142848	trained	32753	14	memtrain/o_174_1.jpg	photodiode	1
2143.648	0.5	2143648	trained	32765	2	memtrain/o_035_1.jpg	photodiode	1
2144.549	0.5	2144549	untrained	32709	58	memtrain/o_192_1.jpg	photodiode	1
2145.35	0.5	2145350	untrained	32685	82	memtrain/o_656_1.jpg	photodiode	1
2146.242	0.5	2146242	catch	32671	n/a	catch_padded.jpg	photodiode	0
2146.625	0.0	2146625	response	6	n/a	n/a	trigger	0
2148.294	0.5	2148294	untrained	32695	72	memtrain/o_490_1.jpg	photodiode	1
2149.095	0.5	2149095	untrained	32707	60	memtrain/o_228_2.jpg	photodiode	1
2150.046	0.5	2150046	trained	32724	43	memtrain/so_043_2.jpg	photodiode	1
2150.896	0.5	2150896	untrained	32705	62	memtrain/o_304_1.jpg	photodiode	1
2151.747	0.5	2151747	untrained	32675	92	memtrain/so_033_1.jpg	photodiode	1
2152.598	0.5	2152598	catch	32671	n/a	catch_padded.jpg	photodiode	0
2152.971	0.0	2152971	response	6	n/a	n/a	trigger	0
2154.499	0.5	2154499	trained	32722	45	memtrain/so_090_2.jpg	photodiode	1
2155.3	0.5	2155300	untrained	32715	52	memtrain/o_141_1.jpg	photodiode	1
2156.151	0.5	2156151	untrained	32717	50	memtrain/o_057_2.jpg	photodiode	1
2157.001	0.5	2157001	catch	32671	n/a	catch_padded.jpg	photodiode	0
2157.446	0.0	2157446	response	6	n/a	n/a	trigger	0
2158.953	0.5	2158953	trained	32743	24	memtrain/o_357_1.jpg	photodiode	1
2159.904	0.5	2159904	untrained	32700	67	memtrain/o_378_1.jpg	photodiode	1
2160.755	0.5	2160755	trained	32757	10	memtrain/o_111_2.jpg	photodiode	1
2161.555	0.5	2161555	catch	32671	n/a	catch_padded.jpg	photodiode	0
2162.599	0.0	2162599	response	6	n/a	n/a	trigger	0
2163.457	0.5	2163457	trained	32737	30	memtrain/o_437_2.jpg	photodiode	1
2164.208	0.5	2164208	trained	32729	38	memtrain/o_603_1.jpg	photodiode	1
2164.958	0.5	2164958	untrained	32714	53	memtrain/o_142_2.jpg	photodiode	1
2165.759	0.5	2165759	untrained	32706	61	memtrain/o_298_2.jpg	photodiode	1
2166.51	0.5	2166510	catch	32671	n/a	catch_padded.jpg	photodiode	0
2166.874	0.0	2166874	response	6	n/a	n/a	trigger	0
2168.611	0.5	2168611	trained	32720	47	memtrain/so_147_2.jpg	photodiode	1
2169.562	0.5	2169562	trained	32762	5	memtrain/o_067_1.jpg	photodiode	1
2170.363	0.5	2170363	untrained	32677	90	memtrain/o_580_1.jpg	photodiode	1
2171.163	0.5	2171163	trained	32750	17	memtrain/o_232_1.jpg	photodiode	1
2172.014	0.5	2172014	catch	32671	n/a	catch_padded.jpg	photodiode	0
2172.389	0.0	2172389	response	6	n/a	n/a	trigger	0
2173.916	0.5	2173916	trained	32752	15	memtrain/o_195_1.jpg	photodiode	1
2174.658	0.5	2174658	untrained	32711	56	memtrain/o_163_2.jpg	photodiode	1
2175.609	0.5	2175609	untrained	32680	87	memtrain/o_365_1.jpg	photodiode	1
2176.568	0.5	2176568	catch	32671	n/a	catch_padded.jpg	photodiode	0
2177.025	0.0	2177025	response	6	n/a	n/a	trigger	0
2178.461	0.5	2178461	trained	32739	28	memtrain/o_397_1.jpg	photodiode	1
2179.412	0.5	2179412	trained	32740	27	memtrain/o_379_2.jpg	photodiode	1
2180.313	0.5	2180313	trained	32758	9	memtrain/o_101_2.jpg	photodiode	1
2181.113	0.5	2181113	trained	32748	19	memtrain/o_284_2.jpg	photodiode	1
2181.964	0.5	2181964	catch	32671	n/a	catch_padded.jpg	photodiode	0
2182.281	0.0	2182281	response	6	n/a	n/a	trigger	0
2184.016	0.5	2184016	untrained	32692	75	memtrain/o_564_1.jpg	photodiode	1
2184.917	0.5	2184917	untrained	32674	93	memtrain/so_035_1.jpg	photodiode	1
2185.717	0.5	2185717	trained	32741	26	memtrain/o_376_1.jpg	photodiode	1
2186.568	0.5	2186568	trained	32733	34	memtrain/o_558_2.jpg	photodiode	1
2187.319	0.5	2187319	catch	32671	n/a	catch_padded.jpg	photodiode	0
2187.607	0.0	2187607	response	6	n/a	n/a	trigger	0
2189.37	0.5	2189370	trained	32723	44	memtrain/so_045_1.jpg	photodiode	1
2190.171	0.5	2190171	trained	32730	37	memtrain/o_597_1.jpg	photodiode	1
2190.922	0.5	2190922	untrained	32708	59	memtrain/o_201_2.jpg	photodiode	1
2191.722	0.5	2191722	catch	32671	n/a	catch_padded.jpg	photodiode	0
2192.147	0.0	2192147	response	6	n/a	n/a	trigger	0
2193.824	0.5	2193824	trained	32731	36	memtrain/o_583_1.jpg	photodiode	1
2194.675	0.5	2194675	untrained	32683	84	memtrain/so_117_2.jpg	photodiode	1
2195.526	0.5	2195526	untrained	32691	76	memtrain/o_570_1.jpg	photodiode	1
2196.326	0.5	2196326	untrained	32693	74	memtrain/o_550_1.jpg	photodiode	1
2197.177	0.5	2197177	trained	32764	3	memtrain/o_040_2.jpg	photodiode	1
2197.928	0.5	2197928	catch	32671	n/a	catch_padded.jpg	photodiode	0
2198.237	0.0	2198237	response	6	n/a	n/a	trigger	0
2199.979	0.5	2199979	untrained	32718	49	memtrain/o_054_2.jpg	photodiode	1
2200.73	0.5	2200730	untrained	32687	80	memtrain/o_613_1.jpg	photodiode	1
2201.581	0.5	2201581	untrained	32698	69	memtrain/o_464_2.jpg	photodiode	1
2202.432	0.5	2202432	untrained	32679	88	memtrain/o_458_1.jpg	photodiode	1
2203.382	0.5	2203382	trained	32745	22	memtrain/o_321_1.jpg	photodiode	1
2204.233	0.5	2204233	catch	32671	n/a	catch_padded.jpg	photodiode	0
2204.546	0.0	2204546	response	6	n/a	n/a	trigger	0
2206.327	0.5	2206327	trained	32756	11	memtrain/o_117_2.jpg	photodiode	1
2207.077	0.5	2207077	trained	32721	46	memtrain/so_113_1.jpg	photodiode	1
2207.928	0.5	2207928	trained	32760	7	memtrain/o_091_2.jpg	photodiode	1
2208.879	0.5	2208879	untrained	32694	73	memtrain/o_519_2.jpg	photodiode	1
2209.78	0.5	2209780	catch	32671	n/a	catch_padded.jpg	photodiode	0
2210.043	0.0	2210043	response	6	n/a	n/a	trigger	0
2211.681	0.5	2211681	trained	32754	13	memtrain/o_136_1.jpg	photodiode	1
2212.482	0.5	2212482	untrained	32699	68	memtrain/o_393_1.jpg	photodiode	1
2213.333	0.5	2213333	trained	32751	16	memtrain/o_199_2.jpg	photodiode	1
2214.183	0.5	2214183	untrained	32710	57	memtrain/o_171_1.jpg	photodiode	1
2215.034	0.5	2215034	catch	32671	n/a	catch_padded.jpg	photodiode	0
2215.366	0.0	2215366	response	6	n/a	n/a	trigger	0
2217.136	0.5	2217136	trained	32732	35	memtrain/o_561_2.jpg	photodiode	1
2218.037	0.5	2218037	untrained	32678	89	memtrain/o_469_1.jpg	photodiode	1
2218.837	0.5	2218837	untrained	32703	64	memtrain/o_334_2.jpg	photodiode	1
2219.788	0.5	2219788	trained	32763	4	memtrain/o_042_1.jpg	photodiode	1
2220.539	0.5	2220539	untrained	32719	48	memtrain/o_019_2.jpg	photodiode	1
2221.289	0.5	2221289	catch	32671	n/a	catch_padded.jpg	photodiode	0
2221.64	0.0	2221640	response	6	n/a	n/a	trigger	0
2223.191	0.5	2223191	trained	32725	42	memtrain/so_034_2.jpg	photodiode	1
2224.092	0.5	2224092	untrained	32688	79	memtrain/o_600_1.jpg	photodiode	1
2224.842	0.5	2224842	trained	32742	25	memtrain/o_358_2.jpg	photodiode	1
2225.593	0.5	2225593	trained	32726	41	memtrain/o_663_2.jpg	photodiode	1
2226.544	0.5	2226544	untrained	32686	81	memtrain/o_655_2.jpg	photodiode	1
2227.294	0.5	2227294	catch	32671	n/a	catch_padded.jpg	photodiode	0
2227.705	0.0	2227705	response	6	n/a	n/a	trigger	0
2229.196	0.5	2229196	untrained	32696	71	memtrain/o_483_1.jpg	photodiode	1
2229.997	0.5	2229997	trained	32738	29	memtrain/o_416_1.jpg	photodiode	1
2230.947	0.5	2230947	untrained	32716	51	memtrain/o_103_2.jpg	photodiode	1
2231.898	0.5	2231898	untrained	32676	91	memtrain/o_605_1.jpg	photodiode	1
2232.649	0.5	2232649	catch	32671	n/a	catch_padded.jpg	photodiode	0
2233.003	0.0	2233003	response	6	n/a	n/a	trigger	0
2234.692	0.5	2234692	trained	32761	6	memtrain/o_076_1.jpg	photodiode	1
2235.593	0.5	2235593	untrained	32713	54	memtrain/o_145_1.jpg	photodiode	1
2236.544	0.5	2236544	untrained	32712	55	memtrain/o_153_2.jpg	photodiode	1
2237.344	0.5	2237344	catch	32671	n/a	catch_padded.jpg	photodiode	0
2237.74	0.0	2237740	response	6	n/a	n/a	trigger	0
2239.455	0.5	2239455	trained	32728	39	memtrain/o_606_1.jpg	photodiode	1
2240.197	0.5	2240197	untrained	32701	66	memtrain/o_342_2.jpg	photodiode	1
2241.098	0.5	2241098	untrained	32684	83	memtrain/so_105_1.jpg	photodiode	1
2241.998	0.5	2241998	trained	32744	23	memtrain/o_338_2.jpg	photodiode	1
2242.799	0.5	2242799	catch	32671	n/a	catch_padded.jpg	photodiode	0
2243.172	0.0	2243172	response	6	n/a	n/a	trigger	0
2244.901	0.5	2244901	trained	32736	31	memtrain/o_465_2.jpg	photodiode	1
2245.752	0.5	2245752	untrained	32702	65	memtrain/o_337_2.jpg	photodiode	1
2246.702	0.5	2246702	untrained	32672	95	memtrain/so_125_1.jpg	photodiode	1
2247.653	0.5	2247653	catch	32671	n/a	catch_padded.jpg	photodiode	0
2248.053	0.0	2248053	response	6	n/a	n/a	trigger	0
2249.755	0.5	2249755	untrained	32682	85	memtrain/o_218_1.jpg	photodiode	1
2250.706	0.5	2250706	trained	32767	0	memtrain/o_006_1.jpg	photodiode	1
2251.507	0.5	2251507	trained	32766	1	memtrain/o_015_1.jpg	photodiode	1
2252.457	0.5	2252457	trained	32747	20	memtrain/o_290_1.jpg	photodiode	1
2253.358	0.5	2253358	catch	32671	n/a	catch_padded.jpg	photodiode	0
2253.624	0.0	2253624	response	6	n/a	n/a	trigger	0
2255.36	0.5	2255360	trained	32727	40	memtrain/o_648_2.jpg	photodiode	1
2256.261	0.5	2256261	untrained	32704	63	memtrain/o_310_2.jpg	photodiode	1
2257.011	0.5	2257011	untrained	32690	77	memtrain/o_574_2.jpg	photodiode	1
2257.862	0.5	2257862	catch	32671	n/a	catch_padded.jpg	photodiode	0
2258.26	0.0	2258260	response	6	n/a	n/a	trigger	0
2259.814	0.5	2259814	trained	32759	8	memtrain/o_094_1.jpg	photodiode	1
2260.614	0.5	2260614	trained	32735	32	memtrain/o_485_2.jpg	photodiode	1
2261.465	0.5	2261465	trained	32746	21	memtrain/o_319_1.jpg	photodiode	1
2262.407	0.5	2262407	untrained	32681	86	memtrain/o_288_1.jpg	photodiode	1
2263.208	0.5	2263208	trained	32749	18	memtrain/o_264_2.jpg	photodiode	1
2264.159	0.5	2264159	catch	32671	n/a	catch_padded.jpg	photodiode	0
2264.573	0.0	2264573	response	6	n/a	n/a	trigger	0
2266.161	0.5	2266161	trained	32734	33	memtrain/o_536_1.jpg	photodiode	1
2267.12	0.5	2267120	untrained	32697	70	memtrain/o_471_2.jpg	photodiode	1
2267.97	0.5	2267970	untrained	32679	88	memtrain/o_458_1.jpg	photodiode	1
2268.871	0.5	2268871	untrained	32688	79	memtrain/o_600_1.jpg	photodiode	1
2269.764	0.5	2269764	catch	32671	n/a	catch_padded.jpg	photodiode	0
2270.003	0.0	2270003	response	6	n/a	n/a	trigger	0
2271.715	0.5	2271715	trained	32747	20	memtrain/o_290_1.jpg	photodiode	1
2272.666	0.5	2272666	trained	32751	16	memtrain/o_199_2.jpg	photodiode	1
2273.467	0.5	2273467	trained	32742	25	memtrain/o_358_2.jpg	photodiode	1
2274.318	0.5	2274318	catch	32671	n/a	catch_padded.jpg	photodiode	0
2274.786	0.0	2274786	response	6	n/a	n/a	trigger	0
2276.419	0.5	2276419	trained	32746	21	memtrain/o_319_1.jpg	photodiode	1
2277.32	0.5	2277320	trained	32754	13	memtrain/o_136_1.jpg	photodiode	1
2278.171	0.5	2278171	trained	32730	37	memtrain/o_597_1.jpg	photodiode	1
2279.072	0.5	2279072	untrained	32714	53	memtrain/o_142_2.jpg	photodiode	1
2280.022	0.5	2280022	untrained	32715	52	memtrain/o_141_1.jpg	photodiode	1
2280.923	0.5	2280923	catch	32671	n/a	catch_padded.jpg	photodiode	0
2281.393	0.0	2281393	response	6	n/a	n/a	trigger	0
2282.875	0.5	2282875	untrained	32680	87	memtrain/o_365_1.jpg	photodiode	1
2283.625	0.5	2283625	trained	32758	9	memtrain/o_101_2.jpg	photodiode	1
2284.576	0.5	2284576	trained	32752	15	memtrain/o_195_1.jpg	photodiode	1
2285.527	0.5	2285527	untrained	32699	68	memtrain/o_393_1.jpg	photodiode	1
2286.278	0.5	2286278	catch	32671	n/a	catch_padded.jpg	photodiode	0
2286.722	0.0	2286722	response	6	n/a	n/a	trigger	0
2288.379	0.5	2288379	trained	32743	24	memtrain/o_357_1.jpg	photodiode	1
2289.33	0.5	2289330	untrained	32706	61	memtrain/o_298_2.jpg	photodiode	1
2290.131	0.5	2290131	trained	32763	4	memtrain/o_042_1.jpg	photodiode	1
2291.032	0.5	2291032	catch	32671	n/a	catch_padded.jpg	photodiode	0
2291.503	0.0	2291503	response	6	n/a	n/a	trigger	0
2293.125	0.5	2293125	untrained	32681	86	memtrain/o_288_1.jpg	photodiode	1
2294.026	0.5	2294026	trained	32761	6	memtrain/o_076_1.jpg	photodiode	1
2294.777	0.5	2294777	untrained	32697	70	memtrain/o_471_2.jpg	photodiode	1
2295.677	0.5	2295677	catch	32671	n/a	catch_padded.jpg	photodiode	0
2296.244	0.0	2296244	response	6	n/a	n/a	trigger	0
2297.737	0.5	2297737	trained	32731	36	memtrain/o_583_1.jpg	photodiode	1
2298.63	0.5	2298630	untrained	32700	67	memtrain/o_378_1.jpg	photodiode	1
2299.43	0.5	2299430	trained	32740	27	memtrain/o_379_2.jpg	photodiode	1
2300.331	0.5	2300331	trained	32720	47	memtrain/so_147_2.jpg	photodiode	1
2301.282	0.5	2301282	trained	32737	30	memtrain/o_437_2.jpg	photodiode	1
2302.233	0.5	2302233	catch	32671	n/a	catch_padded.jpg	photodiode	0
2302.596	0.0	2302596	response	6	n/a	n/a	trigger	0
2304.134	0.5	2304134	untrained	32716	51	memtrain/o_103_2.jpg	photodiode	1
2304.885	0.5	2304885	trained	32756	11	memtrain/o_117_2.jpg	photodiode	1
2305.636	0.5	2305636	untrained	32718	49	memtrain/o_054_2.jpg	photodiode	1
2306.436	0.5	2306436	untrained	32687	80	memtrain/o_613_1.jpg	photodiode	1
2307.237	0.5	2307237	trained	32745	22	memtrain/o_321_1.jpg	photodiode	1
2308.038	0.5	2308038	catch	32671	n/a	catch_padded.jpg	photodiode	0
2308.396	0.0	2308396	response	6	n/a	n/a	trigger	0
2309.939	0.5	2309939	trained	32733	34	memtrain/o_558_2.jpg	photodiode	1
2310.89	0.5	2310890	trained	32766	1	memtrain/o_015_1.jpg	photodiode	1
2311.691	0.5	2311691	trained	32722	45	memtrain/so_090_2.jpg	photodiode	1
2312.492	0.5	2312492	catch	32671	n/a	catch_padded.jpg	photodiode	0
2312.808	0.0	2312808	response	6	n/a	n/a	trigger	0
2314.543	0.5	2314543	trained	32748	19	memtrain/o_284_2.jpg	photodiode	1
2315.294	0.5	2315294	trained	32727	40	memtrain/o_648_2.jpg	photodiode	1
2316.245	0.5	2316245	trained	32750	17	memtrain/o_232_1.jpg	photodiode	1
2316.995	0.5	2316995	trained	32724	43	memtrain/so_043_2.jpg	photodiode	1
2317.796	0.5	2317796	catch	32671	n/a	catch_padded.jpg	photodiode	0
2318.302	0.0	2318302	response	6	n/a	n/a	trigger	0
2319.848	0.5	2319848	untrained	32708	59	memtrain/o_201_2.jpg	photodiode	1
2320.69	0.5	2320690	untrained	32703	64	memtrain/o_334_2.jpg	photodiode	1
2321.491	0.5	2321491	trained	32726	41	memtrain/o_663_2.jpg	photodiode	1
2322.35	0.5	2322350	untrained	32717	50	memtrain/o_057_2.jpg	photodiode	1
2323.192	0.5	2323192	untrained	32713	54	memtrain/o_145_1.jpg	photodiode	1
2324.093	0.5	2324093	catch	32671	n/a	catch_padded.jpg	photodiode	0
2324.386	0.0	2324386	response	6	n/a	n/a	trigger	0
2325.995	0.5	2325995	untrained	32677	90	memtrain/o_580_1.jpg	photodiode	1
2326.745	0.5	2326745	trained	32728	39	memtrain/o_606_1.jpg	photodiode	1
2327.496	0.5	2327496	untrained	32684	83	memtrain/so_105_1.jpg	photodiode	1
2328.247	0.5	2328247	untrained	32676	91	memtrain/o_605_1.jpg	photodiode	1
2328.997	0.5	2328997	trained	32755	12	memtrain/o_127_2.jpg	photodiode	1
2329.898	0.5	2329898	catch	32671	n/a	catch_padded.jpg	photodiode	0
2330.168	0.0	2330168	response	6	n/a	n/a	trigger	0
2331.95	0.5	2331950	trained	32757	10	memtrain/o_111_2.jpg	photodiode	1
2332.8	0.5	2332800	untrained	32691	76	memtrain/o_570_1.jpg	photodiode	1
2333.701	0.5	2333701	trained	32721	46	memtrain/so_113_1.jpg	photodiode	1
2334.502	0.5	2334502	catch	32671	n/a	catch_padded.jpg	photodiode	0
2334.923	0.0	2334923	response	6	n/a	n/a	trigger	0
2336.604	0.5	2336604	trained	32735	32	memtrain/o_485_2.jpg	photodiode	1
2337.404	0.5	2337404	trained	32723	44	memtrain/so_045_1.jpg	photodiode	1
2338.305	0.5	2338305	trained	32741	26	memtrain/o_376_1.jpg	photodiode	1
2339.256	0.5	2339256	untrained	32682	85	memtrain/o_218_1.jpg	photodiode	1
2340.157	0.5	2340157	trained	32762	5	memtrain/o_067_1.jpg	photodiode	1
2341.007	0.5	2341007	catch	32671	n/a	catch_padded.jpg	photodiode	0
2341.455	0.0	2341455	response	6	n/a	n/a	trigger	0
2342.959	0.5	2342959	untrained	32674	93	memtrain/so_035_1.jpg	photodiode	1
2343.91	0.5	2343910	untrained	32710	57	memtrain/o_171_1.jpg	photodiode	1
2344.761	0.5	2344761	untrained	32675	92	memtrain/so_033_1.jpg	photodiode	1
2345.561	0.5	2345561	catch	32671	n/a	catch_padded.jpg	photodiode	0
2345.982	0.0	2345982	response	6	n/a	n/a	trigger	0
2347.563	0.5	2347563	trained	32738	29	memtrain/o_416_1.jpg	photodiode	1
2348.314	0.5	2348314	untrained	32683	84	memtrain/so_117_2.jpg	photodiode	1
2349.064	0.5	2349064	untrained	32678	89	memtrain/o_469_1.jpg	photodiode	1
2350.007	0.5	2350007	trained	32732	35	memtrain/o_561_2.jpg	photodiode	1
2350.866	0.5	2350866	untrained	32694	73	memtrain/o_519_2.jpg	photodiode	1
2351.758	0.5	2351758	catch	32671	n/a	catch_padded.jpg	photodiode	0
2352.072	0.0	2352072	response	6	n/a	n/a	trigger	0
2353.86	0.5	2353860	untrained	32696	71	memtrain/o_483_1.jpg	photodiode	1
2354.761	0.5	2354761	untrained	32673	94	memtrain/so_067_1.jpg	photodiode	1
2355.561	0.5	2355561	trained	32725	42	memtrain/so_034_2.jpg	photodiode	1
2356.462	0.5	2356462	trained	32729	38	memtrain/o_603_1.jpg	photodiode	1
2357.263	0.5	2357263	untrained	32719	48	memtrain/o_019_2.jpg	photodiode	1
2358.013	0.5	2358013	catch	32671	n/a	catch_padded.jpg	photodiode	0
2358.416	0.0	2358416	response	6	n/a	n/a	trigger	0
2360.065	0.5	2360065	trained	32765	2	memtrain/o_035_1.jpg	photodiode	1
2360.866	0.5	2360866	untrained	32712	55	memtrain/o_153_2.jpg	photodiode	1
2361.717	0.5	2361717	untrained	32686	81	memtrain/o_655_2.jpg	photodiode	1
2362.617	0.5	2362617	trained	32753	14	memtrain/o_174_1.jpg	photodiode	1
2363.468	0.5	2363468	catch	32671	n/a	catch_padded.jpg	photodiode	0
2363.992	0.0	2363992	response	6	n/a	n/a	trigger	0
2365.37	0.5	2365370	trained	32749	18	memtrain/o_264_2.jpg	photodiode	1
2366.27	0.5	2366270	trained	32744	23	memtrain/o_338_2.jpg	photodiode	1
2367.021	0.5	2367021	trained	32759	8	memtrain/o_094_1.jpg	photodiode	1
2367.822	0.5	2367822	catch	32671	n/a	catch_padded.jpg	photodiode	0
2368.111	0.0	2368111	response	6	n/a	n/a	trigger	0
2369.874	0.5	2369874	untrained	32690	77	memtrain/o_574_2.jpg	photodiode	1
2370.624	0.5	2370624	untrained	32707	60	memtrain/o_228_2.jpg	photodiode	1
2371.475	0.5	2371475	untrained	32692	75	memtrain/o_564_1.jpg	photodiode	1
2372.326	0.5	2372326	untrained	32711	56	memtrain/o_163_2.jpg	photodiode	1
2373.226	0.5	2373226	catch	32671	n/a	catch_padded.jpg	photodiode	0
2373.523	0.0	2373523	response	6	n/a	n/a	trigger	0
2375.178	0.5	2375178	untrained	32672	95	memtrain/so_125_1.jpg	photodiode	1
2375.929	0.5	2375929	untrained	32709	58	memtrain/o_192_1.jpg	photodiode	1
2376.829	0.5	2376829	untrained	32705	62	memtrain/o_304_1.jpg	photodiode	1
2377.63	0.5	2377630	untrained	32704	63	memtrain/o_310_2.jpg	photodiode	1
2378.381	0.5	2378381	trained	32764	3	memtrain/o_040_2.jpg	photodiode	1
2379.231	0.5	2379231	catch	32671	n/a	catch_padded.jpg	photodiode	0
2379.481	0.0	2379481	response	6	n/a	n/a	trigger	0
2381.333	0.5	2381333	trained	32739	28	memtrain/o_397_1.jpg	photodiode	1
2382.176	0.5	2382176	untrained	32698	69	memtrain/o_464_2.jpg	photodiode	1
2383.035	0.5	2383035	untrained	32695	72	memtrain/o_490_1.jpg	photodiode	1
2383.977	0.5	2383977	catch	32671	n/a	catch_padded.jpg	photodiode	0
2384.422	0.0	2384422	response	6	n/a	n/a	trigger	0
2386.029	0.5	2386029	trained	32734	33	memtrain/o_536_1.jpg	photodiode	1
2386.83	0.5	2386830	untrained	32685	82	memtrain/o_656_1.jpg	photodiode	1
2387.68	0.5	2387680	untrained	32701	66	memtrain/o_342_2.jpg	photodiode	1
2388.631	0.5	2388631	trained	32767	0	memtrain/o_006_1.jpg	photodiode	1
2389.432	0.5	2389432	untrained	32693	74	memtrain/o_550_1.jpg	photodiode	1
2390.333	0.5	2390333	catch	32671	n/a	catch_padded.jpg	photodiode	0
2390.624	0.0	2390624	response	6	n/a	n/a	trigger	0
2392.334	0.5	2392334	trained	32760	7	memtrain/o_091_2.jpg	photodiode	1
2393.285	0.5	2393285	trained	32736	31	memtrain/o_465_2.jpg	photodiode	1
2394.086	0.5	2394086	untrained	32689	78	memtrain/o_599_1.jpg	photodiode	1
2394.548	0.0	2394548	response	6	n/a	n/a	trigger	0
2394.937	0.5	2394937	untrained	32702	65	memtrain/o_337_2.jpg	photodiode	1
2395.787	0.5	2395787	catch	32671	n/a	catch_padded.jpg	photodiode	0
2396.08	0.0	2396080	response	6	n/a	n/a	trigger	0
2402.264	0.0	2402264	block_end	120	n/a	n/a	trigger	0
2414.227	0.0	2414227	response	6	n/a	n/a	trigger	0
2414.233	0.0	2414233	block_onset	109	n/a	n/a	trigger	0
2416.288	0.5	2416288	trained	32736	31	memtrain/o_465_2.jpg	photodiode	1
2417.239	0.5	2417239	trained	32738	29	memtrain/o_416_1.jpg	photodiode	1
2418.039	0.5	2418039	trained	32764	3	memtrain/o_040_2.jpg	photodiode	1
2418.94	0.5	2418940	catch	32671	n/a	catch_padded.jpg	photodiode	0
2419.25	0.0	2419250	response	6	n/a	n/a	trigger	0
2420.842	0.5	2420842	trained	32721	46	memtrain/so_113_1.jpg	photodiode	1
2421.584	0.5	2421584	untrained	32701	66	memtrain/o_342_2.jpg	photodiode	1
2422.385	0.5	2422385	untrained	32714	53	memtrain/o_142_2.jpg	photodiode	1
2423.336	0.5	2423336	untrained	32715	52	memtrain/o_141_1.jpg	photodiode	1
2424.195	0.5	2424195	untrained	32706	61	memtrain/o_298_2.jpg	photodiode	1
2424.995	0.5	2424995	catch	32671	n/a	catch_padded.jpg	photodiode	0
2425.43	0.0	2425430	response	6	n/a	n/a	trigger	0
2426.889	0.5	2426889	untrained	32680	87	memtrain/o_365_1.jpg	photodiode	1
2427.798	0.5	2427798	trained	32761	6	memtrain/o_076_1.jpg	photodiode	1
2428.69	0.5	2428690	trained	32757	10	memtrain/o_111_2.jpg	photodiode	1
2429.591	0.5	2429591	catch	32671	n/a	catch_padded.jpg	photodiode	0
2429.989	0.0	2429989	response	6	n/a	n/a	trigger	0
2431.542	0.5	2431542	trained	32728	39	memtrain/o_606_1.jpg	photodiode	1
2432.452	0.5	2432452	trained	32755	12	memtrain/o_127_2.jpg	photodiode	1
2433.244	0.5	2433244	trained	32734	33	memtrain/o_536_1.jpg	photodiode	1
2433.995	0.5	2433995	untrained	32673	94	memtrain/so_067_1.jpg	photodiode	1
2434.895	0.5	2434895	trained	32759	8	memtrain/o_094_1.jpg	photodiode	1
2435.646	0.5	2435646	catch	32671	n/a	catch_padded.jpg	photodiode	0
2435.959	0.0	2435959	response	6	n/a	n/a	trigger	0
2437.698	0.5	2437698	trained	32725	42	memtrain/so_034_2.jpg	photodiode	1
2438.649	0.5	2438649	trained	32762	5	memtrain/o_067_1.jpg	photodiode	1
2439.549	0.5	2439549	trained	32748	19	memtrain/o_284_2.jpg	photodiode	1
2440.35	0.5	2440350	untrained	32676	91	memtrain/o_605_1.jpg	photodiode	1
2441.151	0.5	2441151	untrained	32688	79	memtrain/o_600_1.jpg	photodiode	1
2442.101	0.5	2442101	catch	32671	n/a	catch_padded.jpg	photodiode	0
2442.366	0.0	2442366	response	6	n/a	n/a	trigger	0
2444.053	0.5	2444053	trained	32744	23	memtrain/o_338_2.jpg	photodiode	1
2444.854	0.5	2444854	untrained	32704	63	memtrain/o_310_2.jpg	photodiode	1
2445.604	0.5	2445604	trained	32741	26	memtrain/o_376_1.jpg	photodiode	1
2446.505	0.5	2446505	untrained	32678	89	memtrain/o_469_1.jpg	photodiode	1
2447.256	0.5	2447256	catch	32671	n/a	catch_padded.jpg	photodiode	0
2447.68	0.0	2447680	response	6	n/a	n/a	trigger	0
2449.258	0.5	2449258	trained	32753	14	memtrain/o_174_1.jpg	photodiode	1
2450.108	0.5	2450108	untrained	32709	58	memtrain/o_192_1.jpg	photodiode	1
2451.059	0.5	2451059	trained	32765	2	memtrain/o_035_1.jpg	photodiode	1
2451.81	0.5	2451810	catch	32671	n/a	catch_padded.jpg	photodiode	0
2452.327	0.0	2452327	response	6	n/a	n/a	trigger	0
2453.761	0.5	2453761	untrained	32684	83	memtrain/so_105_1.jpg	photodiode	1
2454.662	0.5	2454662	untrained	32700	67	memtrain/o_378_1.jpg	photodiode	1
2455.513	0.5	2455513	trained	32720	47	memtrain/so_147_2.jpg	photodiode	1
2456.355	0.5	2456355	catch	32671	n/a	catch_padded.jpg	photodiode	0
2456.657	0.0	2456657	response	6	n/a	n/a	trigger	0
2458.307	0.5	2458307	trained	32746	21	memtrain/o_319_1.jpg	photodiode	1
2459.158	0.5	2459158	trained	32731	36	memtrain/o_583_1.jpg	photodiode	1
2460.008	0.5	2460008	trained	32726	41	memtrain/o_663_2.jpg	photodiode	1
2460.759	0.5	2460759	untrained	32694	73	memtrain/o_519_2.jpg	photodiode	1
2461.51	0.5	2461510	catch	32671	n/a	catch_padded.jpg	photodiode	0
2462.171	0.0	2462171	response	6	n/a	n/a	trigger	0
2463.411	0.5	2463411	trained	32767	0	memtrain/o_006_1.jpg	photodiode	1
2464.162	0.5	2464162	untrained	32696	71	memtrain/o_483_1.jpg	photodiode	1
2465.063	0.5	2465063	untrained	32693	74	memtrain/o_550_1.jpg	photodiode	1
2465.963	0.5	2465963	untrained	32711	56	memtrain/o_163_2.jpg	photodiode	1
2466.764	0.5	2466764	catch	32671	n/a	catch_padded.jpg	photodiode	0
2467.139	0.0	2467139	response	6	n/a	n/a	trigger	0
2468.716	0.5	2468716	untrained	32681	86	memtrain/o_288_1.jpg	photodiode	1
2469.667	0.5	2469667	untrained	32679	88	memtrain/o_458_1.jpg	photodiode	1
2470.567	0.5	2470567	untrained	32687	80	memtrain/o_613_1.jpg	photodiode	1
2471.418	0.5	2471418	trained	32730	37	memtrain/o_597_1.jpg	photodiode	1
2472.319	0.5	2472319	untrained	32712	55	memtrain/o_153_2.jpg	photodiode	1
2473.17	0.5	2473170	catch	32671	n/a	catch_padded.jpg	photodiode	0
2473.476	0.0	2473476	response	6	n/a	n/a	trigger	0
2475.271	0.5	2475271	untrained	32685	82	memtrain/o_656_1.jpg	photodiode	1
2476.022	0.5	2476022	trained	32739	28	memtrain/o_397_1.jpg	photodiode	1
2476.773	0.5	2476773	trained	32722	45	memtrain/so_090_2.jpg	photodiode	1
2477.623	0.5	2477623	trained	32737	30	memtrain/o_437_2.jpg	photodiode	1
2478.424	0.5	2478424	catch	32671	n/a	catch_padded.jpg	photodiode	0
2478.777	0.0	2478777	response	6	n/a	n/a	trigger	0
2480.376	0.5	2480376	untrained	32699	68	memtrain/o_393_1.jpg	photodiode	1
2481.176	0.5	2481176	untrained	32677	90	memtrain/o_580_1.jpg	photodiode	1
2482.077	0.5	2482077	untrained	32702	65	memtrain/o_337_2.jpg	photodiode	1
2482.969	0.5	2482969	trained	32749	18	memtrain/o_264_2.jpg	photodiode	1
2483.92	0.5	2483920	trained	32760	7	memtrain/o_091_2.jpg	photodiode	1
2484.721	0.5	2484721	catch	32671	n/a	catch_padded.jpg	photodiode	0
2485.03	0.0	2485030	response	6	n/a	n/a	trigger	0
2486.823	0.5	2486823	untrained	32683	84	memtrain/so_117_2.jpg	photodiode	1
2487.623	0.5	2487623	trained	32743	24	memtrain/o_357_1.jpg	photodiode	1
2488.574	0.5	2488574	untrained	32698	69	memtrain/o_464_2.jpg	photodiode	1
2489.425	0.5	2489425	untrained	32689	78	memtrain/o_599_1.jpg	photodiode	1
2490.226	0.5	2490226	untrained	32710	57	memtrain/o_171_1.jpg	photodiode	1
2491.076	0.5	2491076	catch	32671	n/a	catch_padded.jpg	photodiode	0
2491.703	0.0	2491703	response	6	n/a	n/a	trigger	0
2493.128	0.5	2493128	trained	32756	11	memtrain/o_117_2.jpg	photodiode	1
2494.079	0.5	2494079	untrained	32674	93	memtrain/so_035_1.jpg	photodiode	1
2495.03	0.5	2495030	untrained	32707	60	memtrain/o_228_2.jpg	photodiode	1
2495.93	0.5	2495930	trained	32727	40	memtrain/o_648_2.jpg	photodiode	1
2496.831	0.5	2496831	trained	32758	9	memtrain/o_101_2.jpg	photodiode	1
2497.582	0.5	2497582	catch	32671	n/a	catch_padded.jpg	photodiode	0
2498.027	0.0	2498027	response	6	n/a	n/a	trigger	0
2499.634	0.5	2499634	trained	32723	44	memtrain/so_045_1.jpg	photodiode	1
2500.534	0.5	2500534	trained	32750	17	memtrain/o_232_1.jpg	photodiode	1
2501.285	0.5	2501285	untrained	32719	48	memtrain/o_019_2.jpg	photodiode	1
2502.236	0.5	2502236	trained	32740	27	memtrain/o_379_2.jpg	photodiode	1
2503.137	0.5	2503137	catch	32671	n/a	catch_padded.jpg	photodiode	0
2503.619	0.0	2503619	response	6	n/a	n/a	trigger	0
2505.088	0.5	2505088	trained	32732	35	memtrain/o_561_2.jpg	photodiode	1
2505.939	0.5	2505939	untrained	32697	70	memtrain/o_471_2.jpg	photodiode	1
2506.89	0.5	2506890	trained	32745	22	memtrain/o_321_1.jpg	photodiode	1
2507.69	0.5	2507690	untrained	32686	81	memtrain/o_655_2.jpg	photodiode	1
2508.541	0.5	2508541	untrained	32718	49	memtrain/o_054_2.jpg	photodiode	1
2509.484	0.5	2509484	catch	32671	n/a	catch_padded.jpg	photodiode	0
2509.838	0.0	2509838	response	6	n/a	n/a	trigger	0
2511.544	0.5	2511544	trained	32747	20	memtrain/o_290_1.jpg	photodiode	1
2512.294	0.5	2512294	untrained	32713	54	memtrain/o_145_1.jpg	photodiode	1
2513.087	0.5	2513087	trained	32754	13	memtrain/o_136_1.jpg	photodiode	1
2513.837	0.5	2513837	untrained	32716	51	memtrain/o_103_2.jpg	photodiode	1
2514.788	0.5	2514788	catch	32671	n/a	catch_padded.jpg	photodiode	0
2515.193	0.0	2515193	response	6	n/a	n/a	trigger	0
2516.84	0.5	2516840	untrained	32691	76	memtrain/o_570_1.jpg	photodiode	1
2517.791	0.5	2517791	trained	32742	25	memtrain/o_358_2.jpg	photodiode	1
2518.591	0.5	2518591	untrained	32708	59	memtrain/o_201_2.jpg	photodiode	1
2519.492	0.5	2519492	untrained	32695	72	memtrain/o_490_1.jpg	photodiode	1
2520.243	0.5	2520243	catch	32671	n/a	catch_padded.jpg	photodiode	0
2520.615	0.0	2520615	response	6	n/a	n/a	trigger	0
2522.345	0.5	2522345	untrained	32672	95	memtrain/so_125_1.jpg	photodiode	1
2523.095	0.5	2523095	trained	32766	1	memtrain/o_015_1.jpg	photodiode	1
2524.046	0.5	2524046	untrained	32692	75	memtrain/o_564_1.jpg	photodiode	1
2524.847	0.5	2524847	catch	32671	n/a	catch_padded.jpg	photodiode	0
2525.286	0.0	2525286	response	6	n/a	n/a	trigger	0
2526.898	0.5	2526898	untrained	32717	50	memtrain/o_057_2.jpg	photodiode	1
2527.649	0.5	2527649	untrained	32682	85	memtrain/o_218_1.jpg	photodiode	1
2528.5	0.5	2528500	trained	32724	43	memtrain/so_043_2.jpg	photodiode	1
2529.451	0.5	2529451	catch	32671	n/a	catch_padded.jpg	photodiode	0
2530.005	0.0	2530005	response	6	n/a	n/a	trigger	0
2531.552	0.5	2531552	untrained	32690	77	memtrain/o_574_2.jpg	photodiode	1
2532.353	0.5	2532353	trained	32735	32	memtrain/o_485_2.jpg	photodiode	1
2533.254	0.5	2533254	untrained	32705	62	memtrain/o_304_1.jpg	photodiode	1
2534.205	0.5	2534205	untrained	32703	64	memtrain/o_334_2.jpg	photodiode	1
2535.055	0.5	2535055	catch	32671	n/a	catch_padded.jpg	photodiode	0
2535.445	0.0	2535445	response	6	n/a	n/a	trigger	0
2537.107	0.5	2537107	trained	32729	38	memtrain/o_603_1.jpg	photodiode	1
2537.949	0.5	2537949	trained	32751	16	memtrain/o_199_2.jpg	photodiode	1
2538.758	0.5	2538758	untrained	32675	92	memtrain/so_033_1.jpg	photodiode	1
2539.709	0.5	2539709	trained	32763	4	memtrain/o_042_1.jpg	photodiode	1
2540.46	0.5	2540460	trained	32733	34	memtrain/o_558_2.jpg	photodiode	1
2541.402	0.5	2541402	catch	32671	n/a	catch_padded.jpg	photodiode	0
2542.151	0.0	2542151	response	6	n/a	n/a	trigger	0
2543.454	0.5	2543454	trained	32752	15	memtrain/o_195_1.jpg	photodiode	1
2544.205	0.5	2544205	untrained	32680	87	memtrain/o_365_1.jpg	photodiode	1
2545.164	0.5	2545164	untrained	32700	67	memtrain/o_378_1.jpg	photodiode	1
2545.906	0.5	2545906	untrained	32675	92	memtrain/so_033_1.jpg	photodiode	1
2546.807	0.5	2546807	untrained	32689	78	memtrain/o_599_1.jpg	photodiode	1
2547.558	0.5	2547558	catch	32671	n/a	catch_padded.jpg	photodiode	0
2548.084	0.0	2548084	response	6	n/a	n/a	trigger	0
2549.609	0.5	2549609	untrained	32674	93	memtrain/so_035_1.jpg	photodiode	1
2550.36	0.5	2550360	trained	32731	36	memtrain/o_583_1.jpg	photodiode	1
2551.111	0.5	2551111	trained	32735	32	memtrain/o_485_2.jpg	photodiode	1
2552.011	0.5	2552011	untrained	32692	75	memtrain/o_564_1.jpg	photodiode	1
2552.962	0.5	2552962	catch	32671	n/a	catch_padded.jpg	photodiode	0
2553.401	0.0	2553401	response	6	n/a	n/a	trigger	0
2554.964	0.5	2554964	trained	32740	27	memtrain/o_379_2.jpg	photodiode	1
2555.865	0.5	2555865	trained	32764	3	memtrain/o_040_2.jpg	photodiode	1
2556.615	0.5	2556615	trained	32733	34	memtrain/o_558_2.jpg	photodiode	1
2557.566	0.5	2557566	catch	32671	n/a	catch_padded.jpg	photodiode	0
2559.078	0.0	2559078	response	6	n/a	n/a	trigger	0
2559.468	0.5	2559468	trained	32734	33	memtrain/o_536_1.jpg	photodiode	1
2560.418	0.5	2560418	trained	32753	14	memtrain/o_174_1.jpg	photodiode	1
2561.219	0.5	2561219	trained	32736	31	memtrain/o_465_2.jpg	photodiode	1
2562.12	0.5	2562120	untrained	32696	71	memtrain/o_483_1.jpg	photodiode	1
2562.921	0.5	2562921	catch	32671	n/a	catch_padded.jpg	photodiode	0
2563.271	0.0	2563271	response	6	n/a	n/a	trigger	0
2564.922	0.5	2564922	untrained	32715	52	memtrain/o_141_1.jpg	photodiode	1
2565.873	0.5	2565873	trained	32760	7	memtrain/o_091_2.jpg	photodiode	1
2566.774	0.5	2566774	trained	32762	5	memtrain/o_067_1.jpg	photodiode	1
2567.725	0.5	2567725	catch	32671	n/a	catch_padded.jpg	photodiode	0
2568.334	0.0	2568334	response	6	n/a	n/a	trigger	0
2569.626	0.5	2569626	untrained	32699	68	memtrain/o_393_1.jpg	photodiode	1
2570.477	0.5	2570477	untrained	32718	49	memtrain/o_054_2.jpg	photodiode	1
2571.269	0.5	2571269	trained	32724	43	memtrain/so_043_2.jpg	photodiode	1
2572.078	0.5	2572078	untrained	32717	50	memtrain/o_057_2.jpg	photodiode	1
2572.921	0.5	2572921	untrained	32690	77	memtrain/o_574_2.jpg	photodiode	1
2573.671	0.5	2573671	catch	32671	n/a	catch_padded.jpg	photodiode	0
2574.032	0.0	2574032	response	6	n/a	n/a	trigger	0
2575.581	0.5	2575581	trained	32755	12	memtrain/o_127_2.jpg	photodiode	1
2576.474	0.5	2576474	trained	32763	4	memtrain/o_042_1.jpg	photodiode	1
2577.274	0.5	2577274	trained	32743	24	memtrain/o_357_1.jpg	photodiode	1
2578.225	0.5	2578225	untrained	32707	60	memtrain/o_228_2.jpg	photodiode	1
2579.176	0.5	2579176	catch	32671	n/a	catch_padded.jpg	photodiode	0
2579.528	0.0	2579528	response	6	n/a	n/a	trigger	0
2581.278	0.5	2581278	trained	32761	6	memtrain/o_076_1.jpg	photodiode	1
2582.229	0.5	2582229	untrained	32681	86	memtrain/o_288_1.jpg	photodiode	1
2583.129	0.5	2583129	untrained	32679	88	memtrain/o_458_1.jpg	photodiode	1
2583.98	0.5	2583980	catch	32671	n/a	catch_padded.jpg	photodiode	0
2584.341	0.0	2584341	response	6	n/a	n/a	trigger	0
2585.982	0.5	2585982	trained	32750	17	memtrain/o_232_1.jpg	photodiode	1
2586.883	0.5	2586883	untrained	32706	61	memtrain/o_298_2.jpg	photodiode	1
2587.783	0.5	2587783	trained	32722	45	memtrain/so_090_2.jpg	photodiode	1
2588.584	0.5	2588584	catch	32671	n/a	catch_padded.jpg	photodiode	0
2588.918	0.0	2588918	response	6	n/a	n/a	trigger	0
2590.586	0.5	2590586	untrained	32702	65	memtrain/o_337_2.jpg	photodiode	1
2591.336	0.5	2591336	trained	32726	41	memtrain/o_663_2.jpg	photodiode	1
2592.137	0.5	2592137	untrained	32678	89	memtrain/o_469_1.jpg	photodiode	1
2592.938	0.5	2592938	trained	32721	46	memtrain/so_113_1.jpg	photodiode	1
2593.788	0.5	2593788	untrained	32688	79	memtrain/o_600_1.jpg	photodiode	1
2594.689	0.5	2594689	catch	32671	n/a	catch_padded.jpg	photodiode	0
2595.14	0.0	2595140	response	6	n/a	n/a	trigger	0
2596.641	0.5	2596641	trained	32749	18	memtrain/o_264_2.jpg	photodiode	1
2597.442	0.5	2597442	untrained	32716	51	memtrain/o_103_2.jpg	photodiode	1
2598.292	0.5	2598292	trained	32759	8	memtrain/o_094_1.jpg	photodiode	1
2599.043	0.5	2599043	trained	32730	37	memtrain/o_597_1.jpg	photodiode	1
2599.844	0.5	2599844	catch	32671	n/a	catch_padded.jpg	photodiode	0
2600.189	0.0	2600189	response	6	n/a	n/a	trigger	0
2601.795	0.5	2601795	untrained	32714	53	memtrain/o_142_2.jpg	photodiode	1
2602.638	0.5	2602638	trained	32752	15	memtrain/o_195_1.jpg	photodiode	1
2603.588	0.5	2603588	trained	32756	11	memtrain/o_117_2.jpg	photodiode	1
2604.539	0.5	2604539	catch	32671	n/a	catch_padded.jpg	photodiode	0
2604.972	0.0	2604972	response	6	n/a	n/a	trigger	0
2606.541	0.5	2606541	untrained	32676	91	memtrain/o_605_1.jpg	photodiode	1
2607.442	0.5	2607442	untrained	32682	85	memtrain/o_218_1.jpg	photodiode	1
2608.292	0.5	2608292	trained	32745	22	memtrain/o_321_1.jpg	photodiode	1
2609.043	0.5	2609043	catch	32671	n/a	catch_padded.jpg	photodiode	0
2609.33	0.0	2609330	response	6	n/a	n/a	trigger	0
2610.953	0.5	2610953	untrained	32677	90	memtrain/o_580_1.jpg	photodiode	1
2611.895	0.5	2611895	trained	32751	16	memtrain/o_199_2.jpg	photodiode	1
2612.746	0.5	2612746	untrained	32705	62	memtrain/o_304_1.jpg	photodiode	1
2613.697	0.5	2613697	trained	32741	26	memtrain/o_376_1.jpg	photodiode	1
2614.598	0.5	2614598	trained	32728	39	memtrain/o_606_1.jpg	photodiode	1
2614.961	0.0	2614961	response	6	n/a	n/a	trigger	0
2615.448	0.5	2615448	catch	32671	n/a	catch_padded.jpg	photodiode	0
2615.702	0.0	2615702	response	6	n/a	n/a	trigger	0
2617.45	0.5	2617450	trained	32742	25	memtrain/o_358_2.jpg	photodiode	1
2618.251	0.5	2618251	trained	32748	19	memtrain/o_284_2.jpg	photodiode	1
2619.051	0.5	2619051	untrained	32711	56	memtrain/o_163_2.jpg	photodiode	1
2619.802	0.5	2619802	untrained	32710	57	memtrain/o_171_1.jpg	photodiode	1
2620.653	0.5	2620653	catch	32671	n/a	catch_padded.jpg	photodiode	0
2620.972	0.0	2620972	response	6	n/a	n/a	trigger	0
2622.655	0.5	2622655	untrained	32695	72	memtrain/o_490_1.jpg	photodiode	1
2623.605	0.5	2623605	untrained	32687	80	memtrain/o_613_1.jpg	photodiode	1
2624.456	0.5	2624456	untrained	32709	58	memtrain/o_192_1.jpg	photodiode	1
2625.307	0.5	2625307	catch	32671	n/a	catch_padded.jpg	photodiode	0
2625.611	0.0	2625611	response	6	n/a	n/a	trigger	0
2627.308	0.5	2627308	untrained	32698	69	memtrain/o_464_2.jpg	photodiode	1
2628.109	0.5	2628109	untrained	32697	70	memtrain/o_471_2.jpg	photodiode	1
2628.86	0.5	2628860	untrained	32673	94	memtrain/so_067_1.jpg	photodiode	1
2629.711	0.5	2629711	untrained	32704	63	memtrain/o_310_2.jpg	photodiode	1
2630.453	0.5	2630453	catch	32671	n/a	catch_padded.jpg	photodiode	0
2630.832	0.0	2630832	response	6	n/a	n/a	trigger	0
2632.455	0.5	2632455	trained	32747	20	memtrain/o_290_1.jpg	photodiode	1
2633.405	0.5	2633405	trained	32754	13	memtrain/o_136_1.jpg	photodiode	1
2634.306	0.5	2634306	trained	32739	28	memtrain/o_397_1.jpg	photodiode	1
2635.057	0.5	2635057	trained	32738	29	memtrain/o_416_1.jpg	photodiode	1
2636.008	0.5	2636008	trained	32737	30	memtrain/o_437_2.jpg	photodiode	1
2636.858	0.5	2636858	catch	32671	n/a	catch_padded.jpg	photodiode	0
2637.188	0.0	2637188	response	6	n/a	n/a	trigger	0
2638.76	0.5	2638760	trained	32758	9	memtrain/o_101_2.jpg	photodiode	1
2639.511	0.5	2639511	untrained	32713	54	memtrain/o_145_1.jpg	photodiode	1
2640.261	0.5	2640261	trained	32723	44	memtrain/so_045_1.jpg	photodiode	1
2641.212	0.5	2641212	catch	32671	n/a	catch_padded.jpg	photodiode	0
2641.671	0.0	2641671	response	6	n/a	n/a	trigger	0
2643.172	0.5	2643172	untrained	32694	73	memtrain/o_519_2.jpg	photodiode	1
2643.914	0.5	2643914	untrained	32708	59	memtrain/o_201_2.jpg	photodiode	1
2644.715	0.5	2644715	untrained	32685	82	memtrain/o_656_1.jpg	photodiode	1
2645.616	0.5	2645616	untrained	32703	64	memtrain/o_334_2.jpg	photodiode	1
2646.517	0.5	2646517	untrained	32686	81	memtrain/o_655_2.jpg	photodiode	1
2647.417	0.5	2647417	catch	32671	n/a	catch_padded.jpg	photodiode	0
2647.789	0.0	2647789	response	6	n/a	n/a	trigger	0
2649.419	0.5	2649419	untrained	32693	74	memtrain/o_550_1.jpg	photodiode	1
2650.37	0.5	2650370	trained	32757	10	memtrain/o_111_2.jpg	photodiode	1
2651.12	0.5	2651120	trained	32729	38	memtrain/o_603_1.jpg	photodiode	1
2651.921	0.5	2651921	catch	32671	n/a	catch_padded.jpg	photodiode	0
2652.207	0.0	2652207	response	6	n/a	n/a	trigger	0
2654.023	0.5	2654023	trained	32766	1	memtrain/o_015_1.jpg	photodiode	1
2654.874	0.5	2654874	trained	32732	35	memtrain/o_561_2.jpg	photodiode	1
2655.724	0.5	2655724	trained	32720	47	memtrain/so_147_2.jpg	photodiode	1
2656.575	0.5	2656575	untrained	32712	55	memtrain/o_153_2.jpg	photodiode	1
2657.326	0.5	2657326	catch	32671	n/a	catch_padded.jpg	photodiode	0
2657.572	0.0	2657572	response	6	n/a	n/a	trigger	0
2659.327	0.5	2659327	untrained	32672	95	memtrain/so_125_1.jpg	photodiode	1
2660.07	0.5	2660070	trained	32746	21	memtrain/o_319_1.jpg	photodiode	1
2660.929	0.5	2660929	trained	32765	2	memtrain/o_035_1.jpg	photodiode	1
2661.729	0.5	2661729	untrained	32683	84	memtrain/so_117_2.jpg	photodiode	1
2662.622	0.5	2662622	catch	32671	n/a	catch_padded.jpg	photodiode	0
2662.949	0.0	2662949	response	6	n/a	n/a	trigger	0
2664.623	0.5	2664623	untrained	32719	48	memtrain/o_019_2.jpg	photodiode	1
2665.374	0.5	2665374	trained	32767	0	memtrain/o_006_1.jpg	photodiode	1
2666.225	0.5	2666225	untrained	32684	83	memtrain/so_105_1.jpg	photodiode	1
2667.025	0.5	2667025	untrained	32691	76	memtrain/o_570_1.jpg	photodiode	1
2667.826	0.5	2667826	trained	32727	40	memtrain/o_648_2.jpg	photodiode	1
2668.727	0.5	2668727	catch	32671	n/a	catch_padded.jpg	photodiode	0
2669.01	0.0	2669010	response	6	n/a	n/a	trigger	0
2670.679	0.5	2670679	untrained	32701	66	memtrain/o_342_2.jpg	photodiode	1
2671.629	0.5	2671629	trained	32744	23	memtrain/o_338_2.jpg	photodiode	1
2672.58	0.5	2672580	trained	32725	42	memtrain/so_034_2.jpg	photodiode	1
2673.531	0.5	2673531	catch	32671	n/a	catch_padded.jpg	photodiode	0
2674.039	0.0	2674039	response	6	n/a	n/a	trigger	0
2680.009	0.0	2680009	block_end	120	n/a	n/a	trigger	0
2693.747	0.0	2693747	response	6	n/a	n/a	trigger	0
2693.754	0.0	2693754	block_onset	110	n/a	n/a	trigger	0
2695.808	0.5	2695808	trained	32756	11	memtrain/o_117_2.jpg	photodiode	1
2696.759	0.5	2696759	untrained	32705	62	memtrain/o_304_1.jpg	photodiode	1
2697.66	0.5	2697660	trained	32754	13	memtrain/o_136_1.jpg	photodiode	1
2698.561	0.5	2698561	trained	32744	23	memtrain/o_338_2.jpg	photodiode	1
2699.461	0.5	2699461	catch	32671	n/a	catch_padded.jpg	photodiode	0
2699.933	0.0	2699933	response	6	n/a	n/a	trigger	0
2701.463	0.5	2701463	untrained	32712	55	memtrain/o_153_2.jpg	photodiode	1
2702.364	0.5	2702364	trained	32741	26	memtrain/o_376_1.jpg	photodiode	1
2703.215	0.5	2703215	trained	32734	33	memtrain/o_536_1.jpg	photodiode	1
2704.065	0.5	2704065	untrained	32691	76	memtrain/o_570_1.jpg	photodiode	1
2704.908	0.5	2704908	catch	32671	n/a	catch_padded.jpg	photodiode	0
2705.381	0.0	2705381	response	6	n/a	n/a	trigger	0
2706.809	0.5	2706809	trained	32748	19	memtrain/o_284_2.jpg	photodiode	1
2707.76	0.5	2707760	untrained	32707	60	memtrain/o_228_2.jpg	photodiode	1
2708.611	0.5	2708611	trained	32723	44	memtrain/so_045_1.jpg	photodiode	1
2709.562	0.5	2709562	untrained	32719	48	memtrain/o_019_2.jpg	photodiode	1
2710.312	0.5	2710312	catch	32671	n/a	catch_padded.jpg	photodiode	0
2710.66	0.0	2710660	response	6	n/a	n/a	trigger	0
2712.414	0.5	2712414	untrained	32702	65	memtrain/o_337_2.jpg	photodiode	1
2713.365	0.5	2713365	untrained	32710	57	memtrain/o_171_1.jpg	photodiode	1
2714.316	0.5	2714316	untrained	32703	64	memtrain/o_334_2.jpg	photodiode	1
2715.216	0.5	2715216	catch	32671	n/a	catch_padded.jpg	photodiode	0
2715.639	0.0	2715639	response	6	n/a	n/a	trigger	0
2717.118	0.5	2717118	untrained	32687	80	memtrain/o_613_1.jpg	photodiode	1
2718.019	0.5	2718019	untrained	32701	66	memtrain/o_342_2.jpg	photodiode	1
2718.769	0.5	2718769	untrained	32677	90	memtrain/o_580_1.jpg	photodiode	1
2719.57	0.5	2719570	untrained	32684	83	memtrain/so_105_1.jpg	photodiode	1
2720.521	0.5	2720521	trained	32738	29	memtrain/o_416_1.jpg	photodiode	1
2721.372	0.5	2721372	catch	32671	n/a	catch_padded.jpg	photodiode	0
2721.65	0.0	2721650	response	6	n/a	n/a	trigger	0
2723.473	0.5	2723473	trained	32762	5	memtrain/o_067_1.jpg	photodiode	1
2724.324	0.5	2724324	trained	32725	42	memtrain/so_034_2.jpg	photodiode	1
2725.125	0.5	2725125	untrained	32690	77	memtrain/o_574_2.jpg	photodiode	1
2725.875	0.5	2725875	trained	32760	7	memtrain/o_091_2.jpg	photodiode	1
2726.726	0.5	2726726	catch	32671	n/a	catch_padded.jpg	photodiode	0
2727.058	0.0	2727058	response	6	n/a	n/a	trigger	0
2728.628	0.5	2728628	untrained	32672	95	memtrain/so_125_1.jpg	photodiode	1
2729.478	0.5	2729478	untrained	32696	71	memtrain/o_483_1.jpg	photodiode	1
2730.229	0.5	2730229	trained	32743	24	memtrain/o_357_1.jpg	photodiode	1
2731.08	0.5	2731080	trained	32726	41	memtrain/o_663_2.jpg	photodiode	1
2731.981	0.5	2731981	trained	32724	43	memtrain/so_043_2.jpg	photodiode	1
2732.823	0.5	2732823	catch	32671	n/a	catch_padded.jpg	photodiode	0
2733.245	0.0	2733245	response	6	n/a	n/a	trigger	0
2734.875	0.5	2734875	untrained	32718	49	memtrain/o_054_2.jpg	photodiode	1
2735.625	0.5	2735625	trained	32720	47	memtrain/so_147_2.jpg	photodiode	1
2736.376	0.5	2736376	untrained	32708	59	memtrain/o_201_2.jpg	photodiode	1
2737.177	0.5	2737177	catch	32671	n/a	catch_padded.jpg	photodiode	0
2737.526	0.0	2737526	response	6	n/a	n/a	trigger	0
2739.278	0.5	2739278	trained	32746	21	memtrain/o_319_1.jpg	photodiode	1
2740.179	0.5	2740179	untrained	32680	87	memtrain/o_365_1.jpg	photodiode	1
2741.03	0.5	2741030	trained	32722	45	memtrain/so_090_2.jpg	photodiode	1
2741.981	0.5	2741981	trained	32727	40	memtrain/o_648_2.jpg	photodiode	1
2742.731	0.5	2742731	catch	32671	n/a	catch_padded.jpg	photodiode	0
2743.096	0.0	2743096	response	6	n/a	n/a	trigger	0
2744.733	0.5	2744733	untrained	32709	58	memtrain/o_192_1.jpg	photodiode	1
2745.484	0.5	2745484	trained	32763	4	memtrain/o_042_1.jpg	photodiode	1
2746.234	0.5	2746234	untrained	32695	72	memtrain/o_490_1.jpg	photodiode	1
2747.135	0.5	2747135	untrained	32683	84	memtrain/so_117_2.jpg	photodiode	1
2747.886	0.5	2747886	trained	32745	22	memtrain/o_321_1.jpg	photodiode	1
2748.686	0.5	2748686	catch	32671	n/a	catch_padded.jpg	photodiode	0
2749.152	0.0	2749152	response	6	n/a	n/a	trigger	0
2750.788	0.5	2750788	untrained	32706	61	memtrain/o_298_2.jpg	photodiode	1
2751.589	0.5	2751589	untrained	32704	63	memtrain/o_310_2.jpg	photodiode	1
2752.44	0.5	2752440	untrained	32716	51	memtrain/o_103_2.jpg	photodiode	1
2753.29	0.5	2753290	catch	32671	n/a	catch_padded.jpg	photodiode	0
2753.839	0.0	2753839	response	6	n/a	n/a	trigger	0
2755.192	0.5	2755192	untrained	32693	74	memtrain/o_550_1.jpg	photodiode	1
2756.143	0.5	2756143	trained	32764	3	memtrain/o_040_2.jpg	photodiode	1
2756.994	0.5	2756994	untrained	32673	94	memtrain/so_067_1.jpg	photodiode	1
2757.844	0.5	2757844	catch	32671	n/a	catch_padded.jpg	photodiode	0
2758.096	0.0	2758096	response	6	n/a	n/a	trigger	0
2759.846	0.5	2759846	trained	32767	0	memtrain/o_006_1.jpg	photodiode	1
2760.588	0.5	2760588	trained	32740	27	memtrain/o_379_2.jpg	photodiode	1
2761.539	0.5	2761539	untrained	32711	56	memtrain/o_163_2.jpg	photodiode	1
2762.498	0.5	2762498	untrained	32688	79	memtrain/o_600_1.jpg	photodiode	1
2763.29	0.5	2763290	untrained	32714	53	memtrain/o_142_2.jpg	photodiode	1
2764.141	0.5	2764141	catch	32671	n/a	catch_padded.jpg	photodiode	0
2764.452	0.0	2764452	response	6	n/a	n/a	trigger	0
2766.093	0.5	2766093	trained	32749	18	memtrain/o_264_2.jpg	photodiode	1
2766.893	0.5	2766893	trained	32721	46	memtrain/so_113_1.jpg	photodiode	1
2767.744	0.5	2767744	trained	32750	17	memtrain/o_232_1.jpg	photodiode	1
2768.545	0.5	2768545	trained	32753	14	memtrain/o_174_1.jpg	photodiode	1
2769.296	0.5	2769296	untrained	32697	70	memtrain/o_471_2.jpg	photodiode	1
2770.146	0.5	2770146	catch	32671	n/a	catch_padded.jpg	photodiode	0
2770.479	0.0	2770479	response	6	n/a	n/a	trigger	0
2772.098	0.5	2772098	untrained	32689	78	memtrain/o_599_1.jpg	photodiode	1
2773.049	0.5	2773049	trained	32731	36	memtrain/o_583_1.jpg	photodiode	1
2774.0	0.5	2774000	untrained	32698	69	memtrain/o_464_2.jpg	photodiode	1
2774.95	0.5	2774950	trained	32736	31	memtrain/o_465_2.jpg	photodiode	1
2775.901	0.5	2775901	untrained	32685	82	memtrain/o_656_1.jpg	photodiode	1
2776.802	0.5	2776802	catch	32671	n/a	catch_padded.jpg	photodiode	0
2777.142	0.0	2777142	response	6	n/a	n/a	trigger	0
2778.904	0.5	2778904	trained	32747	20	memtrain/o_290_1.jpg	photodiode	1
2779.854	0.5	2779854	trained	32755	12	memtrain/o_127_2.jpg	photodiode	1
2780.655	0.5	2780655	untrained	32700	67	memtrain/o_378_1.jpg	photodiode	1
2781.506	0.5	2781506	untrained	32699	68	memtrain/o_393_1.jpg	photodiode	1
2782.407	0.5	2782407	catch	32671	n/a	catch_padded.jpg	photodiode	0
2782.766	0.0	2782766	response	6	n/a	n/a	trigger	0
2784.308	0.5	2784308	untrained	32713	54	memtrain/o_145_1.jpg	photodiode	1
2785.109	0.5	2785109	untrained	32675	92	memtrain/so_033_1.jpg	photodiode	1
2785.86	0.5	2785860	trained	32729	38	memtrain/o_603_1.jpg	photodiode	1
2786.66	0.5	2786660	catch	32671	n/a	catch_padded.jpg	photodiode	0
2787.081	0.0	2787081	response	6	n/a	n/a	trigger	0
2788.562	0.5	2788562	trained	32757	10	memtrain/o_111_2.jpg	photodiode	1
2789.513	0.5	2789513	untrained	32694	73	memtrain/o_519_2.jpg	photodiode	1
2790.313	0.5	2790313	trained	32735	32	memtrain/o_485_2.jpg	photodiode	1
2791.106	0.5	2791106	catch	32671	n/a	catch_padded.jpg	photodiode	0
2791.411	0.0	2791411	response	6	n/a	n/a	trigger	0
2793.116	0.5	2793116	trained	32737	30	memtrain/o_437_2.jpg	photodiode	1
2794.008	0.5	2794008	trained	32730	37	memtrain/o_597_1.jpg	photodiode	1
2794.909	0.5	2794909	trained	32766	1	memtrain/o_015_1.jpg	photodiode	1
2795.81	0.5	2795810	catch	32671	n/a	catch_padded.jpg	photodiode	0
2796.131	0.0	2796131	response	6	n/a	n/a	trigger	0
2797.711	0.5	2797711	untrained	32715	52	memtrain/o_141_1.jpg	photodiode	1
2798.512	0.5	2798512	trained	32751	16	memtrain/o_199_2.jpg	photodiode	1
2799.313	0.5	2799313	trained	32758	9	memtrain/o_101_2.jpg	photodiode	1
2800.163	0.5	2800163	trained	32765	2	memtrain/o_035_1.jpg	photodiode	1
2801.064	0.5	2801064	untrained	32717	50	memtrain/o_057_2.jpg	photodiode	1
2801.274	0.0	2801274	response	6	n/a	n/a	trigger	0
2801.865	0.5	2801865	catch	32671	n/a	catch_padded.jpg	photodiode	0
2803.867	0.5	2803867	trained	32761	6	memtrain/o_076_1.jpg	photodiode	1
2804.767	0.5	2804767	untrained	32674	93	memtrain/so_035_1.jpg	photodiode	1
2805.518	0.5	2805518	untrained	32692	75	memtrain/o_564_1.jpg	photodiode	1
2806.419	0.5	2806419	trained	32728	39	memtrain/o_606_1.jpg	photodiode	1
2807.219	0.5	2807219	catch	32671	n/a	catch_padded.jpg	photodiode	0
2807.497	0.0	2807497	response	6	n/a	n/a	trigger	0
2809.321	0.5	2809321	untrained	32686	81	memtrain/o_655_2.jpg	photodiode	1
2810.222	0.5	2810222	untrained	32676	91	memtrain/o_605_1.jpg	photodiode	1
2811.173	0.5	2811173	trained	32739	28	memtrain/o_397_1.jpg	photodiode	1
2811.973	0.5	2811973	trained	32733	34	memtrain/o_558_2.jpg	photodiode	1
2812.824	0.5	2812824	untrained	32679	88	memtrain/o_458_1.jpg	photodiode	1
2813.775	0.5	2813775	catch	32671	n/a	catch_padded.jpg	photodiode	0
2814.114	0.0	2814114	response	6	n/a	n/a	trigger	0
2815.677	0.5	2815677	trained	32759	8	memtrain/o_094_1.jpg	photodiode	1
2816.527	0.5	2816527	trained	32742	25	memtrain/o_358_2.jpg	photodiode	1
2817.478	0.5	2817478	trained	32752	15	memtrain/o_195_1.jpg	photodiode	1
2818.429	0.5	2818429	untrained	32681	86	memtrain/o_288_1.jpg	photodiode	1
2819.23	0.5	2819230	catch	32671	n/a	catch_padded.jpg	photodiode	0
2819.758	0.0	2819758	response	6	n/a	n/a	trigger	0
2821.173	0.5	2821173	untrained	32678	89	memtrain/o_469_1.jpg	photodiode	1
2821.923	0.5	2821923	trained	32732	35	memtrain/o_561_2.jpg	photodiode	1
2822.674	0.5	2822674	untrained	32682	85	memtrain/o_218_1.jpg	photodiode	1
2823.575	0.5	2823575	untrained	32697	70	memtrain/o_471_2.jpg	photodiode	1
2824.376	0.5	2824376	untrained	32683	84	memtrain/so_117_2.jpg	photodiode	1
2825.135	0.5	2825135	catch	32671	n/a	catch_padded.jpg	photodiode	0
2825.554	0.0	2825554	response	6	n/a	n/a	trigger	0
2827.178	0.5	2827178	untrained	32699	68	memtrain/o_393_1.jpg	photodiode	1
2827.979	0.5	2827979	untrained	32714	53	memtrain/o_142_2.jpg	photodiode	1
2828.779	0.5	2828779	trained	32726	41	memtrain/o_663_2.jpg	photodiode	1
2829.73	0.5	2829730	catch	32671	n/a	catch_padded.jpg	photodiode	0
2830.047	0.0	2830047	response	6	n/a	n/a	trigger	0
2831.682	0.5	2831682	untrained	32690	77	memtrain/o_574_2.jpg	photodiode	1
2832.482	0.5	2832482	untrained	32713	54	memtrain/o_145_1.jpg	photodiode	1
2833.383	0.5	2833383	trained	32734	33	memtrain/o_536_1.jpg	photodiode	1
2834.284	0.5	2834284	untrained	32718	49	memtrain/o_054_2.jpg	photodiode	1
2835.035	0.5	2835035	catch	32671	n/a	catch_padded.jpg	photodiode	0
2835.433	0.0	2835433	response	6	n/a	n/a	trigger	0
2837.045	0.5	2837045	trained	32731	36	memtrain/o_583_1.jpg	photodiode	1
2837.837	0.5	2837837	trained	32757	10	memtrain/o_111_2.jpg	photodiode	1
2838.638	0.5	2838638	untrained	32676	91	memtrain/o_605_1.jpg	photodiode	1
2839.488	0.5	2839488	untrained	32698	69	memtrain/o_464_2.jpg	photodiode	1
2840.289	0.5	2840289	untrained	32673	94	memtrain/so_067_1.jpg	photodiode	1
2841.19	0.5	2841190	catch	32671	n/a	catch_padded.jpg	photodiode	0
2841.561	0.0	2841561	response	6	n/a	n/a	trigger	0
2843.192	0.5	2843192	trained	32748	19	memtrain/o_284_2.jpg	photodiode	1
2843.992	0.5	2843992	trained	32747	20	memtrain/o_290_1.jpg	photodiode	1
2844.893	0.5	2844893	trained	32767	0	memtrain/o_006_1.jpg	photodiode	1
2845.844	0.5	2845844	untrained	32708	59	memtrain/o_201_2.jpg	photodiode	1
2846.644	0.5	2846644	catch	32671	n/a	catch_padded.jpg	photodiode	0
2846.947	0.0	2846947	response	6	n/a	n/a	trigger	0
2848.546	0.5	2848546	untrained	32716	51	memtrain/o_103_2.jpg	photodiode	1
2849.338	0.5	2849338	trained	32720	47	memtrain/so_147_2.jpg	photodiode	1
2850.139	0.5	2850139	untrained	32694	73	memtrain/o_519_2.jpg	photodiode	1
2851.04	0.5	2851040	trained	32764	3	memtrain/o_040_2.jpg	photodiode	1
2851.799	0.5	2851799	untrained	32700	67	memtrain/o_378_1.jpg	photodiode	1
2852.641	0.5	2852641	catch	32671	n/a	catch_padded.jpg	photodiode	0
2852.949	0.0	2852949	response	6	n/a	n/a	trigger	0
2854.551	0.5	2854551	trained	32739	28	memtrain/o_397_1.jpg	photodiode	1
2855.394	0.5	2855394	untrained	32706	61	memtrain/o_298_2.jpg	photodiode	1
2856.244	0.5	2856244	untrained	32712	55	memtrain/o_153_2.jpg	photodiode	1
2857.145	0.5	2857145	catch	32671	n/a	catch_padded.jpg	photodiode	0
2857.471	0.0	2857471	response	6	n/a	n/a	trigger	0
2859.147	0.5	2859147	trained	32750	17	memtrain/o_232_1.jpg	photodiode	1
2859.897	0.5	2859897	trained	32765	2	memtrain/o_035_1.jpg	photodiode	1
2860.798	0.5	2860798	trained	32760	7	memtrain/o_091_2.jpg	photodiode	1
2861.549	0.5	2861549	catch	32671	n/a	catch_padded.jpg	photodiode	0
2861.85	0.0	2861850	response	6	n/a	n/a	trigger	0
2863.45	0.5	2863450	trained	32738	29	memtrain/o_416_1.jpg	photodiode	1
2864.301	0.5	2864301	trained	32732	35	memtrain/o_561_2.jpg	photodiode	1
2865.152	0.5	2865152	trained	32743	24	memtrain/o_357_1.jpg	photodiode	1
2865.903	0.5	2865903	catch	32671	n/a	catch_padded.jpg	photodiode	0
2866.211	0.0	2866211	response	6	n/a	n/a	trigger	0
2867.904	0.5	2867904	trained	32723	44	memtrain/so_045_1.jpg	photodiode	1
2868.705	0.5	2868705	untrained	32687	80	memtrain/o_613_1.jpg	photodiode	1
2869.456	0.5	2869456	untrained	32715	52	memtrain/o_141_1.jpg	photodiode	1
2870.256	0.5	2870256	untrained	32696	71	memtrain/o_483_1.jpg	photodiode	1
2871.157	0.5	2871157	catch	32671	n/a	catch_padded.jpg	photodiode	0
2871.555	0.0	2871555	response	6	n/a	n/a	trigger	0
2873.059	0.5	2873059	untrained	32693	74	memtrain/o_550_1.jpg	photodiode	1
2873.959	0.5	2873959	untrained	32703	64	memtrain/o_334_2.jpg	photodiode	1
2874.81	0.5	2874810	trained	32737	30	memtrain/o_437_2.jpg	photodiode	1
2875.611	0.5	2875611	trained	32762	5	memtrain/o_067_1.jpg	photodiode	1
2875.988	0.0	2875988	response	6	n/a	n/a	trigger	0
2876.461	0.5	2876461	catch	32671	n/a	catch_padded.jpg	photodiode	0
2876.876	0.0	2876876	response	6	n/a	n/a	trigger	0
2878.563	0.5	2878563	trained	32758	9	memtrain/o_101_2.jpg	photodiode	1
2879.406	0.5	2879406	trained	32733	34	memtrain/o_558_2.jpg	photodiode	1
2880.206	0.5	2880206	trained	32745	22	memtrain/o_321_1.jpg	photodiode	1
2881.057	0.5	2881057	trained	32722	45	memtrain/so_090_2.jpg	photodiode	1
2881.958	0.5	2881958	untrained	32705	62	memtrain/o_304_1.jpg	photodiode	1
2882.758	0.5	2882758	catch	32671	n/a	catch_padded.jpg	photodiode	0
2883.03	0.0	2883030	response	6	n/a	n/a	trigger	0
2884.81	0.5	2884810	untrained	32707	60	memtrain/o_228_2.jpg	photodiode	1
2885.561	0.5	2885561	untrained	32691	76	memtrain/o_570_1.jpg	photodiode	1
2886.462	0.5	2886462	trained	32746	21	memtrain/o_319_1.jpg	photodiode	1
2887.412	0.5	2887412	untrained	32710	57	memtrain/o_171_1.jpg	photodiode	1
2888.313	0.5	2888313	trained	32740	27	memtrain/o_379_2.jpg	photodiode	1
2889.114	0.5	2889114	catch	32671	n/a	catch_padded.jpg	photodiode	0
2889.502	0.0	2889502	response	6	n/a	n/a	trigger	0
2891.216	0.5	2891216	trained	32736	31	memtrain/o_465_2.jpg	photodiode	1
2892.166	0.5	2892166	untrained	32711	56	memtrain/o_163_2.jpg	photodiode	1
2893.117	0.5	2893117	trained	32721	46	memtrain/so_113_1.jpg	photodiode	1
2893.868	0.5	2893868	catch	32671	n/a	catch_padded.jpg	photodiode	0
2894.426	0.0	2894426	response	6	n/a	n/a	trigger	0
2895.769	0.5	2895769	untrained	32686	81	memtrain/o_655_2.jpg	photodiode	1
2896.57	0.5	2896570	untrained	32701	66	memtrain/o_342_2.jpg	photodiode	1
2897.471	0.5	2897471	trained	32761	6	memtrain/o_076_1.jpg	photodiode	1
2898.322	0.5	2898322	untrained	32692	75	memtrain/o_564_1.jpg	photodiode	1
2899.222	0.5	2899222	catch	32671	n/a	catch_padded.jpg	photodiode	0
2899.571	0.0	2899571	response	6	n/a	n/a	trigger	0
2901.124	0.5	2901124	trained	32730	37	memtrain/o_597_1.jpg	photodiode	1
2902.025	0.5	2902025	trained	32751	16	memtrain/o_199_2.jpg	photodiode	1
2902.976	0.5	2902976	untrained	32678	89	memtrain/o_469_1.jpg	photodiode	1
2903.776	0.5	2903776	catch	32671	n/a	catch_padded.jpg	photodiode	0
2904.14	0.0	2904140	response	6	n/a	n/a	trigger	0
2905.728	0.5	2905728	trained	32752	15	memtrain/o_195_1.jpg	photodiode	1
2906.479	0.5	2906479	trained	32749	18	memtrain/o_264_2.jpg	photodiode	1
2907.238	0.5	2907238	untrained	32684	83	memtrain/so_105_1.jpg	photodiode	1
2908.18	0.5	2908180	trained	32753	14	memtrain/o_174_1.jpg	photodiode	1
2909.031	0.5	2909031	catch	32671	n/a	catch_padded.jpg	photodiode	0
2909.383	0.0	2909383	response	6	n/a	n/a	trigger	0
2910.924	0.5	2910924	trained	32741	26	memtrain/o_376_1.jpg	photodiode	1
2911.725	0.5	2911725	untrained	32679	88	memtrain/o_458_1.jpg	photodiode	1
2912.625	0.5	2912625	untrained	32719	48	memtrain/o_019_2.jpg	photodiode	1
2913.576	0.5	2913576	catch	32671	n/a	catch_padded.jpg	photodiode	0
2914.094	0.0	2914094	response	6	n/a	n/a	trigger	0
2915.636	0.5	2915636	untrained	32682	85	memtrain/o_218_1.jpg	photodiode	1
2916.579	0.5	2916579	trained	32756	11	memtrain/o_117_2.jpg	photodiode	1
2917.53	0.5	2917530	untrained	32689	78	memtrain/o_599_1.jpg	photodiode	1
2918.33	0.5	2918330	catch	32671	n/a	catch_padded.jpg	photodiode	0
2918.69	0.0	2918690	response	6	n/a	n/a	trigger	0
2920.332	0.5	2920332	untrained	32685	82	memtrain/o_656_1.jpg	photodiode	1
2921.133	0.5	2921133	trained	32744	23	memtrain/o_338_2.jpg	photodiode	1
2921.883	0.5	2921883	untrained	32680	87	memtrain/o_365_1.jpg	photodiode	1
2922.834	0.5	2922834	trained	32763	4	memtrain/o_042_1.jpg	photodiode	1
2923.685	0.5	2923685	trained	32754	13	memtrain/o_136_1.jpg	photodiode	1
2924.435	0.5	2924435	catch	32671	n/a	catch_padded.jpg	photodiode	0
2924.811	0.0	2924811	response	6	n/a	n/a	trigger	0
2926.537	0.5	2926537	untrained	32677	90	memtrain/o_580_1.jpg	photodiode	1
2927.288	0.5	2927288	trained	32725	42	memtrain/so_034_2.jpg	photodiode	1
2928.189	0.5	2928189	trained	32766	1	memtrain/o_015_1.jpg	photodiode	1
2929.139	0.5	2929139	trained	32735	32	memtrain/o_485_2.jpg	photodiode	1
2930.09	0.5	2930090	trained	32729	38	memtrain/o_603_1.jpg	photodiode	1
2930.991	0.5	2930991	catch	32671	n/a	catch_padded.jpg	photodiode	0
2931.375	0.0	2931375	response	6	n/a	n/a	trigger	0
2932.893	0.5	2932893	trained	32759	8	memtrain/o_094_1.jpg	photodiode	1
2933.843	0.5	2933843	untrained	32674	93	memtrain/so_035_1.jpg	photodiode	1
2934.744	0.5	2934744	trained	32728	39	memtrain/o_606_1.jpg	photodiode	1
2935.645	0.5	2935645	trained	32727	40	memtrain/o_648_2.jpg	photodiode	1
2936.387	0.5	2936387	catch	32671	n/a	catch_padded.jpg	photodiode	0
2936.702	0.0	2936702	response	6	n/a	n/a	trigger	0
2938.389	0.5	2938389	untrained	32704	63	memtrain/o_310_2.jpg	photodiode	1
2939.29	0.5	2939290	untrained	32672	95	memtrain/so_125_1.jpg	photodiode	1
2940.14	0.5	2940140	untrained	32717	50	memtrain/o_057_2.jpg	photodiode	1
2940.941	0.5	2940941	untrained	32675	92	memtrain/so_033_1.jpg	photodiode	1
2941.9	0.5	2941900	catch	32671	n/a	catch_padded.jpg	photodiode	0
2942.433	0.0	2942433	response	6	n/a	n/a	trigger	0
2943.994	0.5	2943994	trained	32724	43	memtrain/so_043_2.jpg	photodiode	1
2944.844	0.5	2944844	untrained	32709	58	memtrain/o_192_1.jpg	photodiode	1
2945.745	0.5	2945745	trained	32755	12	memtrain/o_127_2.jpg	photodiode	1
2946.696	0.5	2946696	catch	32671	n/a	catch_padded.jpg	photodiode	0
2947.004	0.0	2947004	response	6	n/a	n/a	trigger	0
2948.798	0.5	2948798	trained	32742	25	memtrain/o_358_2.jpg	photodiode	1
2949.749	0.5	2949749	untrained	32702	65	memtrain/o_337_2.jpg	photodiode	1
2950.499	0.5	2950499	untrained	32688	79	memtrain/o_600_1.jpg	photodiode	1
2951.4	0.5	2951400	untrained	32695	72	memtrain/o_490_1.jpg	photodiode	1
2952.201	0.5	2952201	untrained	32681	86	memtrain/o_288_1.jpg	photodiode	1
2953.101	0.5	2953101	catch	32671	n/a	catch_padded.jpg	photodiode	0
2953.467	0.0	2953467	response	6	n/a	n/a	trigger	0
2959.579	0.0	2959579	block_end	120	n/a	n/a	trigger	0
3023.942	0.0	3023942	response	6	n/a	n/a	trigger	0
3023.95	0.0	3023950	block_onset	111	n/a	n/a	trigger	0
3025.997	0.5	3025997	trained	32752	15	memtrain/o_195_1.jpg	photodiode	1
3026.956	0.5	3026956	untrained	32686	81	memtrain/o_655_2.jpg	photodiode	1
3027.856	0.5	3027856	trained	32748	19	memtrain/o_284_2.jpg	photodiode	1
3028.799	0.5	3028799	catch	32671	n/a	catch_padded.jpg	photodiode	0
3029.166	0.0	3029166	response	6	n/a	n/a	trigger	0
3030.859	0.5	3030859	untrained	32713	54	memtrain/o_145_1.jpg	photodiode	1
3031.801	0.5	3031801	untrained	32674	93	memtrain/so_035_1.jpg	photodiode	1
3032.611	0.5	3032611	untrained	32673	94	memtrain/so_067_1.jpg	photodiode	1
3033.503	0.5	3033503	trained	32753	14	memtrain/o_174_1.jpg	photodiode	1
3034.412	0.5	3034412	catch	32671	n/a	catch_padded.jpg	photodiode	0
3034.713	0.0	3034713	response	6	n/a	n/a	trigger	0
3036.505	0.5	3036505	untrained	32701	66	memtrain/o_342_2.jpg	photodiode	1
3037.365	0.5	3037365	trained	32761	6	memtrain/o_076_1.jpg	photodiode	1
3038.207	0.5	3038207	untrained	32687	80	memtrain/o_613_1.jpg	photodiode	1
3038.958	0.5	3038958	catch	32671	n/a	catch_padded.jpg	photodiode	0
3039.35	0.0	3039350	response	6	n/a	n/a	trigger	0
3041.059	0.5	3041059	trained	32739	28	memtrain/o_397_1.jpg	photodiode	1
3041.81	0.5	3041810	trained	32763	4	memtrain/o_042_1.jpg	photodiode	1
3042.661	0.5	3042661	untrained	32709	58	memtrain/o_192_1.jpg	photodiode	1
3043.611	0.5	3043611	trained	32750	17	memtrain/o_232_1.jpg	photodiode	1
3044.512	0.5	3044512	trained	32741	26	memtrain/o_376_1.jpg	photodiode	1
3045.363	0.5	3045363	catch	32671	n/a	catch_padded.jpg	photodiode	0
3045.704	0.0	3045704	response	6	n/a	n/a	trigger	0
3047.415	0.5	3047415	trained	32726	41	memtrain/o_663_2.jpg	photodiode	1
3048.165	0.5	3048165	untrained	32708	59	memtrain/o_201_2.jpg	photodiode	1
3049.066	0.5	3049066	untrained	32681	86	memtrain/o_288_1.jpg	photodiode	1
3049.967	0.5	3049967	catch	32671	n/a	catch_padded.jpg	photodiode	0
3050.385	0.0	3050385	response	6	n/a	n/a	trigger	0
3051.918	0.5	3051918	untrained	32710	57	memtrain/o_171_1.jpg	photodiode	1
3052.669	0.5	3052669	trained	32732	35	memtrain/o_561_2.jpg	photodiode	1
3053.47	0.5	3053470	trained	32759	8	memtrain/o_094_1.jpg	photodiode	1
3054.421	0.5	3054421	untrained	32711	56	memtrain/o_163_2.jpg	photodiode	1
3055.221	0.5	3055221	trained	32728	39	memtrain/o_606_1.jpg	photodiode	1
3056.122	0.5	3056122	catch	32671	n/a	catch_padded.jpg	photodiode	0
3056.443	0.0	3056443	response	6	n/a	n/a	trigger	0
3058.224	0.5	3058224	untrained	32696	71	memtrain/o_483_1.jpg	photodiode	1
3059.025	0.5	3059025	trained	32746	21	memtrain/o_319_1.jpg	photodiode	1
3059.775	0.5	3059775	trained	32755	12	memtrain/o_127_2.jpg	photodiode	1
3060.626	0.5	3060626	untrained	32707	60	memtrain/o_228_2.jpg	photodiode	1
3061.377	0.5	3061377	untrained	32676	91	memtrain/o_605_1.jpg	photodiode	1
3062.219	0.5	3062219	catch	32671	n/a	catch_padded.jpg	photodiode	0
3062.558	0.0	3062558	response	6	n/a	n/a	trigger	0
3064.129	0.5	3064129	untrained	32675	92	memtrain/so_033_1.jpg	photodiode	1
3064.879	0.5	3064879	trained	32742	25	memtrain/o_358_2.jpg	photodiode	1
3065.672	0.5	3065672	trained	32745	22	memtrain/o_321_1.jpg	photodiode	1
3066.481	0.5	3066481	untrained	32691	76	memtrain/o_570_1.jpg	photodiode	1
3067.323	0.5	3067323	catch	32671	n/a	catch_padded.jpg	photodiode	0
3067.729	0.0	3067729	response	6	n/a	n/a	trigger	0
3069.375	0.5	3069375	trained	32731	36	memtrain/o_583_1.jpg	photodiode	1
3070.176	0.5	3070176	trained	32744	23	memtrain/o_338_2.jpg	photodiode	1
3071.026	0.5	3071026	trained	32725	42	memtrain/so_034_2.jpg	photodiode	1
3071.877	0.5	3071877	trained	32730	37	memtrain/o_597_1.jpg	photodiode	1
3072.828	0.5	3072828	catch	32671	n/a	catch_padded.jpg	photodiode	0
3073.175	0.0	3073175	response	6	n/a	n/a	trigger	0
3074.78	0.5	3074780	untrained	32697	70	memtrain/o_471_2.jpg	photodiode	1
3075.63	0.5	3075630	untrained	32706	61	memtrain/o_298_2.jpg	photodiode	1
3076.581	0.5	3076581	trained	32751	16	memtrain/o_199_2.jpg	photodiode	1
3077.382	0.5	3077382	untrained	32688	79	memtrain/o_600_1.jpg	photodiode	1
3078.283	0.5	3078283	catch	32671	n/a	catch_padded.jpg	photodiode	0
3078.636	0.0	3078636	response	6	n/a	n/a	trigger	0
3080.384	0.5	3080384	untrained	32700	67	memtrain/o_378_1.jpg	photodiode	1
3081.185	0.5	3081185	trained	32733	34	memtrain/o_558_2.jpg	photodiode	1
3082.086	0.5	3082086	untrained	32719	48	memtrain/o_019_2.jpg	photodiode	1
3083.037	0.5	3083037	trained	32764	3	memtrain/o_040_2.jpg	photodiode	1
3083.987	0.5	3083987	untrained	32712	55	memtrain/o_153_2.jpg	photodiode	1
3084.788	0.5	3084788	catch	32671	n/a	catch_padded.jpg	photodiode	0
3085.249	0.0	3085249	response	6	n/a	n/a	trigger	0
3086.89	0.5	3086890	trained	32720	47	memtrain/so_147_2.jpg	photodiode	1
3087.641	0.5	3087641	untrained	32714	53	memtrain/o_142_2.jpg	photodiode	1
3088.541	0.5	3088541	untrained	32684	83	memtrain/so_105_1.jpg	photodiode	1
3089.392	0.5	3089392	catch	32671	n/a	catch_padded.jpg	photodiode	0
3089.811	0.0	3089811	response	6	n/a	n/a	trigger	0
3091.344	0.5	3091344	trained	32724	43	memtrain/so_043_2.jpg	photodiode	1
3092.186	0.5	3092186	untrained	32680	87	memtrain/o_365_1.jpg	photodiode	1
3092.937	0.5	3092937	trained	32722	45	memtrain/so_090_2.jpg	photodiode	1
3093.737	0.5	3093737	catch	32671	n/a	catch_padded.jpg	photodiode	0
3094.037	0.0	3094037	response	6	n/a	n/a	trigger	0
3095.747	0.5	3095747	trained	32758	9	memtrain/o_101_2.jpg	photodiode	1
3096.54	0.5	3096540	untrained	32677	90	memtrain/o_580_1.jpg	photodiode	1
3097.39	0.5	3097390	trained	32766	1	memtrain/o_015_1.jpg	photodiode	1
3098.341	0.5	3098341	untrained	32717	50	memtrain/o_057_2.jpg	photodiode	1
3099.242	0.5	3099242	catch	32671	n/a	catch_padded.jpg	photodiode	0
3099.48	0.0	3099480	response	6	n/a	n/a	trigger	0
3101.294	0.5	3101294	untrained	32689	78	memtrain/o_599_1.jpg	photodiode	1
3102.094	0.5	3102094	untrained	32682	85	memtrain/o_218_1.jpg	photodiode	1
3102.895	0.5	3102895	untrained	32690	77	memtrain/o_574_2.jpg	photodiode	1
3103.696	0.5	3103696	catch	32671	n/a	catch_padded.jpg	photodiode	0
3104.044	0.0	3104044	response	6	n/a	n/a	trigger	0
3105.697	0.5	3105697	untrained	32693	74	memtrain/o_550_1.jpg	photodiode	1
3106.648	0.5	3106648	untrained	32679	88	memtrain/o_458_1.jpg	photodiode	1
3107.599	0.5	3107599	trained	32760	7	memtrain/o_091_2.jpg	photodiode	1
3108.55	0.5	3108550	catch	32671	n/a	catch_padded.jpg	photodiode	0
3108.96	0.0	3108960	response	6	n/a	n/a	trigger	0
3110.451	0.5	3110451	trained	32765	2	memtrain/o_035_1.jpg	photodiode	1
3111.252	0.5	3111252	untrained	32678	89	memtrain/o_469_1.jpg	photodiode	1
3112.103	0.5	3112103	trained	32729	38	memtrain/o_603_1.jpg	photodiode	1
3112.854	0.5	3112854	trained	32754	13	memtrain/o_136_1.jpg	photodiode	1
3113.704	0.5	3113704	catch	32671	n/a	catch_padded.jpg	photodiode	0
3114.055	0.0	3114055	response	6	n/a	n/a	trigger	0
3115.706	0.5	3115706	untrained	32694	73	memtrain/o_519_2.jpg	photodiode	1
3116.607	0.5	3116607	untrained	32715	52	memtrain/o_141_1.jpg	photodiode	1
3117.457	0.5	3117457	untrained	32702	65	memtrain/o_337_2.jpg	photodiode	1
3118.25	0.5	3118250	trained	32734	33	memtrain/o_536_1.jpg	photodiode	1
3119.201	0.5	3119201	catch	32671	n/a	catch_padded.jpg	photodiode	0
3119.418	0.0	3119418	response	6	n/a	n/a	trigger	0
3121.252	0.5	3121252	trained	32743	24	memtrain/o_357_1.jpg	photodiode	1
3122.003	0.5	3122003	untrained	32699	68	memtrain/o_393_1.jpg	photodiode	1
3122.904	0.5	3122904	untrained	32703	64	memtrain/o_334_2.jpg	photodiode	1
3123.805	0.5	3123805	untrained	32698	69	memtrain/o_464_2.jpg	photodiode	1
3124.655	0.5	3124655	trained	32735	32	memtrain/o_485_2.jpg	photodiode	1
3125.556	0.5	3125556	catch	32671	n/a	catch_padded.jpg	photodiode	0
3125.864	0.0	3125864	response	6	n/a	n/a	trigger	0
3127.658	0.5	3127658	untrained	32716	51	memtrain/o_103_2.jpg	photodiode	1
3128.509	0.5	3128509	untrained	32683	84	memtrain/so_117_2.jpg	photodiode	1
3129.359	0.5	3129359	untrained	32695	72	memtrain/o_490_1.jpg	photodiode	1
3130.26	0.5	3130260	untrained	32705	62	memtrain/o_304_1.jpg	photodiode	1
3131.011	0.5	3131011	catch	32671	n/a	catch_padded.jpg	photodiode	0
3131.333	0.0	3131333	response	6	n/a	n/a	trigger	0
3133.012	0.5	3133012	untrained	32672	95	memtrain/so_125_1.jpg	photodiode	1
3133.813	0.5	3133813	trained	32727	40	memtrain/o_648_2.jpg	photodiode	1
3134.564	0.5	3134564	untrained	32704	63	memtrain/o_310_2.jpg	photodiode	1
3135.414	0.5	3135414	trained	32749	18	memtrain/o_264_2.jpg	photodiode	1
3136.365	0.5	3136365	untrained	32718	49	memtrain/o_054_2.jpg	photodiode	1
3137.316	0.5	3137316	catch	32671	n/a	catch_padded.jpg	photodiode	0
3137.867	0.0	3137867	response	6	n/a	n/a	trigger	0
3139.418	0.5	3139418	trained	32767	0	memtrain/o_006_1.jpg	photodiode	1
3140.319	0.5	3140319	trained	32736	31	memtrain/o_465_2.jpg	photodiode	1
3141.169	0.5	3141169	trained	32747	20	memtrain/o_290_1.jpg	photodiode	1
3142.02	0.5	3142020	trained	32757	10	memtrain/o_111_2.jpg	photodiode	1
3142.921	0.5	3142921	trained	32738	29	memtrain/o_416_1.jpg	photodiode	1
3143.822	0.5	3143822	catch	32671	n/a	catch_padded.jpg	photodiode	0
3144.14	0.0	3144140	response	6	n/a	n/a	trigger	0
3145.773	0.5	3145773	trained	32740	27	memtrain/o_379_2.jpg	photodiode	1
3146.574	0.5	3146574	trained	32762	5	memtrain/o_067_1.jpg	photodiode	1
3147.375	0.5	3147375	trained	32721	46	memtrain/so_113_1.jpg	photodiode	1
3148.175	0.5	3148175	catch	32671	n/a	catch_padded.jpg	photodiode	0
3148.467	0.0	3148467	response	6	n/a	n/a	trigger	0
3150.227	0.5	3150227	untrained	32685	82	memtrain/o_656_1.jpg	photodiode	1
3151.019	0.5	3151019	trained	32723	44	memtrain/so_045_1.jpg	photodiode	1
3151.87	0.5	3151870	trained	32737	30	memtrain/o_437_2.jpg	photodiode	1
3152.721	0.5	3152721	untrained	32692	75	memtrain/o_564_1.jpg	photodiode	1
3153.53	0.5	3153530	catch	32671	n/a	catch_padded.jpg	photodiode	0
3153.835	0.0	3153835	response	6	n/a	n/a	trigger	0
3155.473	0.5	3155473	trained	32756	11	memtrain/o_117_2.jpg	photodiode	1
3156.324	0.5	3156324	untrained	32698	69	memtrain/o_464_2.jpg	photodiode	1
3157.274	0.5	3157274	untrained	32710	57	memtrain/o_171_1.jpg	photodiode	1
3158.225	0.5	3158225	trained	32757	10	memtrain/o_111_2.jpg	photodiode	1
3159.126	0.5	3159126	catch	32671	n/a	catch_padded.jpg	photodiode	0
3159.472	0.0	3159472	response	6	n/a	n/a	trigger	0
3161.028	0.5	3161028	untrained	32707	60	memtrain/o_228_2.jpg	photodiode	1
3161.878	0.5	3161878	untrained	32713	54	memtrain/o_145_1.jpg	photodiode	1
3162.779	0.5	3162779	untrained	32684	83	memtrain/so_105_1.jpg	photodiode	1
3163.73	0.5	3163730	trained	32743	24	memtrain/o_357_1.jpg	photodiode	1
3164.531	0.5	3164531	catch	32671	n/a	catch_padded.jpg	photodiode	0
3164.896	0.0	3164896	response	6	n/a	n/a	trigger	0
3166.632	0.5	3166632	untrained	32703	64	memtrain/o_334_2.jpg	photodiode	1
3167.383	0.5	3167383	untrained	32692	75	memtrain/o_564_1.jpg	photodiode	1
3168.284	0.5	3168284	trained	32766	1	memtrain/o_015_1.jpg	photodiode	1
3169.185	0.5	3169185	catch	32671	n/a	catch_padded.jpg	photodiode	0
3169.442	0.0	3169442	response	6	n/a	n/a	trigger	0
3171.086	0.5	3171086	trained	32747	20	memtrain/o_290_1.jpg	photodiode	1
3171.887	0.5	3171887	untrained	32674	93	memtrain/so_035_1.jpg	photodiode	1
3172.638	0.5	3172638	trained	32749	18	memtrain/o_264_2.jpg	photodiode	1
3173.438	0.5	3173438	catch	32671	n/a	catch_padded.jpg	photodiode	0
3173.747	0.0	3173747	response	6	n/a	n/a	trigger	0
3175.44	0.5	3175440	untrained	32673	94	memtrain/so_067_1.jpg	photodiode	1
3176.391	0.5	3176391	untrained	32712	55	memtrain/o_153_2.jpg	photodiode	1
3177.241	0.5	3177241	trained	32760	7	memtrain/o_091_2.jpg	photodiode	1
3178.034	0.5	3178034	untrained	32716	51	memtrain/o_103_2.jpg	photodiode	1
3178.835	0.5	3178835	untrained	32685	82	memtrain/o_656_1.jpg	photodiode	1
3179.735	0.5	3179735	catch	32671	n/a	catch_padded.jpg	photodiode	0
3180.073	0.0	3180073	response	6	n/a	n/a	trigger	0
3181.787	0.5	3181787	trained	32752	15	memtrain/o_195_1.jpg	photodiode	1
3182.588	0.5	3182588	untrained	32718	49	memtrain/o_054_2.jpg	photodiode	1
3183.338	0.5	3183338	untrained	32709	58	memtrain/o_192_1.jpg	photodiode	1
3184.289	0.5	3184289	catch	32671	n/a	catch_padded.jpg	photodiode	0
3184.705	0.0	3184705	response	6	n/a	n/a	trigger	0
3186.391	0.5	3186391	trained	32728	39	memtrain/o_606_1.jpg	photodiode	1
3187.142	0.5	3187142	trained	32763	4	memtrain/o_042_1.jpg	photodiode	1
3187.892	0.5	3187892	untrained	32708	59	memtrain/o_201_2.jpg	photodiode	1
3188.643	0.5	3188643	untrained	32695	72	memtrain/o_490_1.jpg	photodiode	1
3189.594	0.5	3189594	catch	32671	n/a	catch_padded.jpg	photodiode	0
3189.838	0.0	3189838	response	6	n/a	n/a	trigger	0
3191.495	0.5	3191495	trained	32750	17	memtrain/o_232_1.jpg	photodiode	1
3192.396	0.5	3192396	trained	32765	2	memtrain/o_035_1.jpg	photodiode	1
3193.197	0.5	3193197	trained	32758	9	memtrain/o_101_2.jpg	photodiode	1
3193.947	0.5	3193947	trained	32739	28	memtrain/o_397_1.jpg	photodiode	1
3194.698	0.5	3194698	catch	32671	n/a	catch_padded.jpg	photodiode	0
3195.046	0.0	3195046	response	6	n/a	n/a	trigger	0
3196.65	0.5	3196650	trained	32740	27	memtrain/o_379_2.jpg	photodiode	1
3197.55	0.5	3197550	untrained	32688	79	memtrain/o_600_1.jpg	photodiode	1
3198.501	0.5	3198501	untrained	32694	73	memtrain/o_519_2.jpg	photodiode	1
3199.302	0.5	3199302	catch	32671	n/a	catch_padded.jpg	photodiode	0
3199.711	0.0	3199711	response	6	n/a	n/a	trigger	0
3201.203	0.5	3201203	trained	32764	3	memtrain/o_040_2.jpg	photodiode	1
3202.004	0.5	3202004	trained	32737	30	memtrain/o_437_2.jpg	photodiode	1
3202.905	0.5	3202905	trained	32755	12	memtrain/o_127_2.jpg	photodiode	1
3203.656	0.5	3203656	catch	32671	n/a	catch_padded.jpg	photodiode	0
3204.06	0.0	3204060	response	6	n/a	n/a	trigger	0
3205.707	0.5	3205707	untrained	32702	65	memtrain/o_337_2.jpg	photodiode	1
3206.6	0.5	3206600	untrained	32699	68	memtrain/o_393_1.jpg	photodiode	1
3207.55	0.5	3207550	untrained	32691	76	memtrain/o_570_1.jpg	photodiode	1
3208.401	0.5	3208401	untrained	32706	61	memtrain/o_298_2.jpg	photodiode	1
3209.252	0.5	3209252	catch	32671	n/a	catch_padded.jpg	photodiode	0
3209.61	0.0	3209610	response	6	n/a	n/a	trigger	0
3211.254	0.5	3211254	untrained	32689	78	memtrain/o_599_1.jpg	photodiode	1
3212.104	0.5	3212104	trained	32731	36	memtrain/o_583_1.jpg	photodiode	1
3212.905	0.5	3212905	untrained	32686	81	memtrain/o_655_2.jpg	photodiode	1
3213.656	0.5	3213656	catch	32671	n/a	catch_padded.jpg	photodiode	0
3214.352	0.0	3214352	response	6	n/a	n/a	trigger	0
3215.757	0.5	3215757	untrained	32677	90	memtrain/o_580_1.jpg	photodiode	1
3216.508	0.5	3216508	trained	32720	47	memtrain/so_147_2.jpg	photodiode	1
3217.259	0.5	3217259	trained	32734	33	memtrain/o_536_1.jpg	photodiode	1
3218.159	0.5	3218159	untrained	32697	70	memtrain/o_471_2.jpg	photodiode	1
3218.91	0.5	3218910	catch	32671	n/a	catch_padded.jpg	photodiode	0
3219.324	0.0	3219324	response	6	n/a	n/a	trigger	0
3220.862	0.5	3220862	untrained	32715	52	memtrain/o_141_1.jpg	photodiode	1
3221.712	0.5	3221712	untrained	32682	85	memtrain/o_218_1.jpg	photodiode	1
3222.463	0.5	3222463	trained	32744	23	memtrain/o_338_2.jpg	photodiode	1
3223.264	0.5	3223264	untrained	32675	92	memtrain/so_033_1.jpg	photodiode	1
3224.064	0.5	3224064	trained	32746	21	memtrain/o_319_1.jpg	photodiode	1
3224.815	0.5	3224815	catch	32671	n/a	catch_padded.jpg	photodiode	0
3225.106	0.0	3225106	response	6	n/a	n/a	trigger	0
3226.817	0.5	3226817	trained	32721	46	memtrain/so_113_1.jpg	photodiode	1
3227.768	0.5	3227768	trained	32732	35	memtrain/o_561_2.jpg	photodiode	1
3228.568	0.5	3228568	untrained	32714	53	memtrain/o_142_2.jpg	photodiode	1
3229.319	0.5	3229319	untrained	32678	89	memtrain/o_469_1.jpg	photodiode	1
3230.07	0.5	3230070	catch	32671	n/a	catch_padded.jpg	photodiode	0
3230.349	0.0	3230349	response	6	n/a	n/a	trigger	0
3232.071	0.5	3232071	trained	32741	26	memtrain/o_376_1.jpg	photodiode	1
3232.972	0.5	3232972	trained	32736	31	memtrain/o_465_2.jpg	photodiode	1
3233.923	0.5	3233923	untrained	32693	74	memtrain/o_550_1.jpg	photodiode	1
3234.774	0.5	3234774	trained	32761	6	memtrain/o_076_1.jpg	photodiode	1
3235.566	0.5	3235566	trained	32735	32	memtrain/o_485_2.jpg	photodiode	1
3236.467	0.5	3236467	catch	32671	n/a	catch_padded.jpg	photodiode	0
3236.729	0.0	3236729	response	6	n/a	n/a	trigger	0
3238.377	0.5	3238377	trained	32745	22	memtrain/o_321_1.jpg	photodiode	1
3239.319	0.5	3239319	trained	32722	45	memtrain/so_090_2.jpg	photodiode	1
3240.12	0.5	3240120	trained	32756	11	memtrain/o_117_2.jpg	photodiode	1
3240.971	0.5	3240971	catch	32671	n/a	catch_padded.jpg	photodiode	0
3241.262	0.0	3241262	response	6	n/a	n/a	trigger	0
3243.072	0.5	3243072	trained	32753	14	memtrain/o_174_1.jpg	photodiode	1
3243.923	0.5	3243923	untrained	32683	84	memtrain/so_117_2.jpg	photodiode	1
3244.824	0.5	3244824	untrained	32672	95	memtrain/so_125_1.jpg	photodiode	1
3245.675	0.5	3245675	trained	32751	16	memtrain/o_199_2.jpg	photodiode	1
3246.425	0.5	3246425	untrained	32687	80	memtrain/o_613_1.jpg	photodiode	1
3247.376	0.5	3247376	catch	32671	n/a	catch_padded.jpg	photodiode	0
3247.734	0.0	3247734	response	6	n/a	n/a	trigger	0
3249.278	0.5	3249278	untrained	32676	91	memtrain/o_605_1.jpg	photodiode	1
3250.228	0.5	3250228	trained	32726	41	memtrain/o_663_2.jpg	photodiode	1
3251.079	0.5	3251079	untrained	32690	77	memtrain/o_574_2.jpg	photodiode	1
3251.83	0.5	3251830	untrained	32700	67	memtrain/o_378_1.jpg	photodiode	1
3252.68	0.5	3252680	trained	32733	34	memtrain/o_558_2.jpg	photodiode	1
3253.431	0.5	3253431	catch	32671	n/a	catch_padded.jpg	photodiode	0
3253.75	0.0	3253750	response	6	n/a	n/a	trigger	0
3255.533	0.5	3255533	untrained	32704	63	memtrain/o_310_2.jpg	photodiode	1
3256.434	0.5	3256434	trained	32730	37	memtrain/o_597_1.jpg	photodiode	1
3257.384	0.5	3257384	trained	32762	5	memtrain/o_067_1.jpg	photodiode	1
3258.335	0.5	3258335	trained	32742	25	memtrain/o_358_2.jpg	photodiode	1
3259.236	0.5	3259236	untrained	32681	86	memtrain/o_288_1.jpg	photodiode	1
3260.187	0.5	3260187	catch	32671	n/a	catch_padded.jpg	photodiode	0
3260.551	0.0	3260551	response	6	n/a	n/a	trigger	0
3262.088	0.5	3262088	untrained	32696	71	memtrain/o_483_1.jpg	photodiode	1
3262.989	0.5	3262989	untrained	32705	62	memtrain/o_304_1.jpg	photodiode	1
3263.89	0.5	3263890	trained	32767	0	memtrain/o_006_1.jpg	photodiode	1
3264.632	0.5	3264632	trained	32738	29	memtrain/o_416_1.jpg	photodiode	1
3265.391	0.5	3265391	trained	32723	44	memtrain/so_045_1.jpg	photodiode	1
3266.292	0.5	3266292	catch	32671	n/a	catch_padded.jpg	photodiode	0
3266.611	0.0	3266611	response	6	n/a	n/a	trigger	0
3268.235	0.5	3268235	trained	32725	42	memtrain/so_034_2.jpg	photodiode	1
3269.086	0.5	3269086	trained	32729	38	memtrain/o_603_1.jpg	photodiode	1
3270.037	0.5	3270037	untrained	32679	88	memtrain/o_458_1.jpg	photodiode	1
3270.837	0.5	3270837	trained	32724	43	memtrain/so_043_2.jpg	photodiode	1
3271.738	0.5	3271738	trained	32759	8	memtrain/o_094_1.jpg	photodiode	1
3272.639	0.5	3272639	catch	32671	n/a	catch_padded.jpg	photodiode	0
3272.921	0.0	3272921	response	6	n/a	n/a	trigger	0
3274.591	0.5	3274591	trained	32727	40	memtrain/o_648_2.jpg	photodiode	1
3275.441	0.5	3275441	untrained	32680	87	memtrain/o_365_1.jpg	photodiode	1
3276.392	0.5	3276392	untrained	32711	56	memtrain/o_163_2.jpg	photodiode	1
3277.243	0.5	3277243	catch	32671	n/a	catch_padded.jpg	photodiode	0
3277.555	0.0	3277555	response	6	n/a	n/a	trigger	0
3279.144	0.5	3279144	untrained	32719	48	memtrain/o_019_2.jpg	photodiode	1
3279.895	0.5	3279895	trained	32748	19	memtrain/o_284_2.jpg	photodiode	1
3280.646	0.5	3280646	untrained	32701	66	memtrain/o_342_2.jpg	photodiode	1
3281.547	0.5	3281547	trained	32754	13	memtrain/o_136_1.jpg	photodiode	1
3282.497	0.5	3282497	untrained	32717	50	memtrain/o_057_2.jpg	photodiode	1
3283.448	0.5	3283448	catch	32671	n/a	catch_padded.jpg	photodiode	0
3283.735	0.0	3283735	response	6	n/a	n/a	trigger	0
3289.936	0.0	3289936	block_end	120	n/a	n/a	trigger	0
3299.016	0.0	3299016	response	6	n/a	n/a	trigger	0
3299.025	0.0	3299025	block_onset	112	n/a	n/a	trigger	0
3301.08	0.5	3301080	untrained	32682	85	memtrain/o_218_1.jpg	photodiode	1
3301.88	0.5	3301880	untrained	32696	71	memtrain/o_483_1.jpg	photodiode	1
3302.731	0.5	3302731	trained	32743	24	memtrain/o_357_1.jpg	photodiode	1
3303.482	0.5	3303482	trained	32757	10	memtrain/o_111_2.jpg	photodiode	1
3304.383	0.5	3304383	untrained	32708	59	memtrain/o_201_2.jpg	photodiode	1
3305.183	0.5	3305183	catch	32671	n/a	catch_padded.jpg	photodiode	0
3305.736	0.0	3305736	response	6	n/a	n/a	trigger	0
3307.177	0.5	3307177	untrained	32714	53	memtrain/o_142_2.jpg	photodiode	1
3307.977	0.5	3307977	untrained	32675	92	memtrain/so_033_1.jpg	photodiode	1
3308.836	0.5	3308836	trained	32722	45	memtrain/so_090_2.jpg	photodiode	1
3309.629	0.5	3309629	catch	32671	n/a	catch_padded.jpg	photodiode	0
3309.978	0.0	3309978	response	6	n/a	n/a	trigger	0
3311.53	0.5	3311530	trained	32744	23	memtrain/o_338_2.jpg	photodiode	1
3312.431	0.5	3312431	untrained	32688	79	memtrain/o_600_1.jpg	photodiode	1
3313.282	0.5	3313282	untrained	32706	61	memtrain/o_298_2.jpg	photodiode	1
3314.083	0.5	3314083	trained	32748	19	memtrain/o_284_2.jpg	photodiode	1
3314.933	0.5	3314933	catch	32671	n/a	catch_padded.jpg	photodiode	0
3315.303	0.0	3315303	response	6	n/a	n/a	trigger	0
3316.985	0.5	3316985	untrained	32690	77	memtrain/o_574_2.jpg	photodiode	1
3317.736	0.5	3317736	trained	32734	33	memtrain/o_536_1.jpg	photodiode	1
3318.536	0.5	3318536	trained	32754	13	memtrain/o_136_1.jpg	photodiode	1
3319.337	0.5	3319337	untrained	32677	90	memtrain/o_580_1.jpg	photodiode	1
3320.288	0.5	3320288	catch	32671	n/a	catch_padded.jpg	photodiode	0
3320.666	0.0	3320666	response	6	n/a	n/a	trigger	0
3322.189	0.5	3322189	untrained	32673	94	memtrain/so_067_1.jpg	photodiode	1
3323.14	0.5	3323140	trained	32729	38	memtrain/o_603_1.jpg	photodiode	1
3324.091	0.5	3324091	untrained	32683	84	memtrain/so_117_2.jpg	photodiode	1
3324.992	0.5	3324992	catch	32671	n/a	catch_padded.jpg	photodiode	0
3325.255	0.0	3325255	response	6	n/a	n/a	trigger	0
3326.893	0.5	3326893	trained	32760	7	memtrain/o_091_2.jpg	photodiode	1
3327.844	0.5	3327844	trained	32726	41	memtrain/o_663_2.jpg	photodiode	1
3328.695	0.5	3328695	trained	32759	8	memtrain/o_094_1.jpg	photodiode	1
3329.446	0.5	3329446	trained	32746	21	memtrain/o_319_1.jpg	photodiode	1
3330.246	0.5	3330246	untrained	32680	87	memtrain/o_365_1.jpg	photodiode	1
3331.097	0.5	3331097	catch	32671	n/a	catch_padded.jpg	photodiode	0
3331.459	0.0	3331459	response	6	n/a	n/a	trigger	0
3333.049	0.5	3333049	trained	32736	31	memtrain/o_465_2.jpg	photodiode	1
3333.799	0.5	3333799	untrained	32712	55	memtrain/o_153_2.jpg	photodiode	1
3334.65	0.5	3334650	untrained	32692	75	memtrain/o_564_1.jpg	photodiode	1
3335.392	0.5	3335392	catch	32671	n/a	catch_padded.jpg	photodiode	0
3335.79	0.0	3335790	response	6	n/a	n/a	trigger	0
3337.402	0.5	3337402	trained	32762	5	memtrain/o_067_1.jpg	photodiode	1
3338.345	0.5	3338345	trained	32728	39	memtrain/o_606_1.jpg	photodiode	1
3339.195	0.5	3339195	untrained	32693	74	memtrain/o_550_1.jpg	photodiode	1
3340.146	0.5	3340146	catch	32671	n/a	catch_padded.jpg	photodiode	0
3340.43	0.0	3340430	response	6	n/a	n/a	trigger	0
3342.248	0.5	3342248	trained	32756	11	memtrain/o_117_2.jpg	photodiode	1
3343.049	0.5	3343049	trained	32740	27	memtrain/o_379_2.jpg	photodiode	1
3343.849	0.5	3343849	trained	32742	25	memtrain/o_358_2.jpg	photodiode	1
3344.75	0.5	3344750	catch	32671	n/a	catch_padded.jpg	photodiode	0
3345.117	0.0	3345117	response	6	n/a	n/a	trigger	0
3346.852	0.5	3346852	untrained	32699	68	memtrain/o_393_1.jpg	photodiode	1
3347.803	0.5	3347803	untrained	32719	48	memtrain/o_019_2.jpg	photodiode	1
3348.703	0.5	3348703	untrained	32685	82	memtrain/o_656_1.jpg	photodiode	1
3349.554	0.5	3349554	untrained	32705	62	memtrain/o_304_1.jpg	photodiode	1
3350.505	0.5	3350505	trained	32751	16	memtrain/o_199_2.jpg	photodiode	1
3351.306	0.5	3351306	catch	32671	n/a	catch_padded.jpg	photodiode	0
3351.573	0.0	3351573	response	6	n/a	n/a	trigger	0
3353.416	0.5	3353416	trained	32763	4	memtrain/o_042_1.jpg	photodiode	1
3354.158	0.5	3354158	trained	32755	12	memtrain/o_127_2.jpg	photodiode	1
3354.959	0.5	3354959	untrained	32704	63	memtrain/o_310_2.jpg	photodiode	1
3355.91	0.5	3355910	trained	32741	26	memtrain/o_376_1.jpg	photodiode	1
3356.66	0.5	3356660	untrained	32681	86	memtrain/o_288_1.jpg	photodiode	1
3357.411	0.5	3357411	catch	32671	n/a	catch_padded.jpg	photodiode	0
3357.75	0.0	3357750	response	6	n/a	n/a	trigger	0
3359.312	0.5	3359312	trained	32733	34	memtrain/o_558_2.jpg	photodiode	1
3360.213	0.5	3360213	untrained	32710	57	memtrain/o_171_1.jpg	photodiode	1
3361.114	0.5	3361114	trained	32738	29	memtrain/o_416_1.jpg	photodiode	1
3361.965	0.5	3361965	catch	32671	n/a	catch_padded.jpg	photodiode	0
3362.343	0.0	3362343	response	6	n/a	n/a	trigger	0
3364.016	0.5	3364016	untrained	32672	95	memtrain/so_125_1.jpg	photodiode	1
3364.917	0.5	3364917	trained	32737	30	memtrain/o_437_2.jpg	photodiode	1
3365.868	0.5	3365868	trained	32727	40	memtrain/o_648_2.jpg	photodiode	1
3366.669	0.5	3366669	catch	32671	n/a	catch_padded.jpg	photodiode	0
3367.114	0.0	3367114	response	6	n/a	n/a	trigger	0
3368.57	0.5	3368570	untrained	32715	52	memtrain/o_141_1.jpg	photodiode	1
3369.521	0.5	3369521	untrained	32698	69	memtrain/o_464_2.jpg	photodiode	1
3370.472	0.5	3370472	trained	32739	28	memtrain/o_397_1.jpg	photodiode	1
3371.364	0.5	3371364	untrained	32703	64	memtrain/o_334_2.jpg	photodiode	1
3372.273	0.5	3372273	untrained	32679	88	memtrain/o_458_1.jpg	photodiode	1
3373.016	0.5	3373016	catch	32671	n/a	catch_padded.jpg	photodiode	0
3373.333	0.0	3373333	response	6	n/a	n/a	trigger	0
3375.018	0.5	3375018	trained	32747	20	memtrain/o_290_1.jpg	photodiode	1
3375.918	0.5	3375918	trained	32767	0	memtrain/o_006_1.jpg	photodiode	1
3376.769	0.5	3376769	untrained	32709	58	memtrain/o_192_1.jpg	photodiode	1
3377.57	0.5	3377570	trained	32731	36	memtrain/o_583_1.jpg	photodiode	1
3378.32	0.5	3378320	untrained	32717	50	memtrain/o_057_2.jpg	photodiode	1
3379.271	0.5	3379271	catch	32671	n/a	catch_padded.jpg	photodiode	0
3379.566	0.0	3379566	response	6	n/a	n/a	trigger	0
3381.323	0.5	3381323	untrained	32686	81	memtrain/o_655_2.jpg	photodiode	1
3382.174	0.5	3382174	untrained	32684	83	memtrain/so_105_1.jpg	photodiode	1
3383.074	0.5	3383074	trained	32745	22	memtrain/o_321_1.jpg	photodiode	1
3383.925	0.5	3383925	untrained	32711	56	memtrain/o_163_2.jpg	photodiode	1
3384.876	0.5	3384876	untrained	32694	73	memtrain/o_519_2.jpg	photodiode	1
3385.727	0.5	3385727	catch	32671	n/a	catch_padded.jpg	photodiode	0
3386.183	0.0	3386183	response	6	n/a	n/a	trigger	0
3387.778	0.5	3387778	untrained	32700	67	memtrain/o_378_1.jpg	photodiode	1
3388.579	0.5	3388579	untrained	32687	80	memtrain/o_613_1.jpg	photodiode	1
3389.43	0.5	3389430	trained	32730	37	memtrain/o_597_1.jpg	photodiode	1
3390.381	0.5	3390381	catch	32671	n/a	catch_padded.jpg	photodiode	0
3390.725	0.0	3390725	response	6	n/a	n/a	trigger	0
3392.432	0.5	3392432	untrained	32701	66	memtrain/o_342_2.jpg	photodiode	1
3393.333	0.5	3393333	trained	32764	3	memtrain/o_040_2.jpg	photodiode	1
3394.134	0.5	3394134	trained	32749	18	memtrain/o_264_2.jpg	photodiode	1
3394.884	0.5	3394884	untrained	32713	54	memtrain/o_145_1.jpg	photodiode	1
3395.785	0.5	3395785	catch	32671	n/a	catch_padded.jpg	photodiode	0
3396.255	0.0	3396255	response	6	n/a	n/a	trigger	0
3397.837	0.5	3397837	trained	32761	6	memtrain/o_076_1.jpg	photodiode	1
3398.788	0.5	3398788	trained	32723	44	memtrain/so_045_1.jpg	photodiode	1
3399.538	0.5	3399538	untrained	32695	72	memtrain/o_490_1.jpg	photodiode	1
3400.289	0.5	3400289	untrained	32718	49	memtrain/o_054_2.jpg	photodiode	1
3401.19	0.5	3401190	catch	32671	n/a	catch_padded.jpg	photodiode	0
3401.509	0.0	3401509	response	6	n/a	n/a	trigger	0
3403.241	0.5	3403241	untrained	32689	78	memtrain/o_599_1.jpg	photodiode	1
3404.034	0.5	3404034	trained	32725	42	memtrain/so_034_2.jpg	photodiode	1
3404.935	0.5	3404935	trained	32753	14	memtrain/o_174_1.jpg	photodiode	1
3405.835	0.5	3405835	trained	32766	1	memtrain/o_015_1.jpg	photodiode	1
3406.586	0.5	3406586	catch	32671	n/a	catch_padded.jpg	photodiode	0
3406.972	0.0	3406972	response	6	n/a	n/a	trigger	0
3408.588	0.5	3408588	untrained	32697	70	memtrain/o_471_2.jpg	photodiode	1
3409.538	0.5	3409538	trained	32758	9	memtrain/o_101_2.jpg	photodiode	1
3410.339	0.5	3410339	untrained	32707	60	memtrain/o_228_2.jpg	photodiode	1
3411.14	0.5	3411140	untrained	32676	91	memtrain/o_605_1.jpg	photodiode	1
3411.94	0.5	3411940	catch	32671	n/a	catch_padded.jpg	photodiode	0
3412.277	0.0	3412277	response	6	n/a	n/a	trigger	0
3414.042	0.5	3414042	trained	32735	32	memtrain/o_485_2.jpg	photodiode	1
3414.993	0.5	3414993	untrained	32674	93	memtrain/so_035_1.jpg	photodiode	1
3415.794	0.5	3415794	trained	32752	15	memtrain/o_195_1.jpg	photodiode	1
3416.594	0.5	3416594	untrained	32678	89	memtrain/o_469_1.jpg	photodiode	1
3417.345	0.5	3417345	catch	32671	n/a	catch_padded.jpg	photodiode	0
3417.738	0.0	3417738	response	6	n/a	n/a	trigger	0
3419.247	0.5	3419247	untrained	32702	65	memtrain/o_337_2.jpg	photodiode	1
3420.197	0.5	3420197	trained	32765	2	memtrain/o_035_1.jpg	photodiode	1
3421.148	0.5	3421148	trained	32724	43	memtrain/so_043_2.jpg	photodiode	1
3421.999	0.5	3421999	trained	32732	35	memtrain/o_561_2.jpg	photodiode	1
3422.85	0.5	3422850	trained	32750	17	memtrain/o_232_1.jpg	photodiode	1
3423.6	0.5	3423600	catch	32671	n/a	catch_padded.jpg	photodiode	0
3423.989	0.0	3423989	response	6	n/a	n/a	trigger	0
3425.652	0.5	3425652	trained	32721	46	memtrain/so_113_1.jpg	photodiode	1
3426.453	0.5	3426453	trained	32720	47	memtrain/so_147_2.jpg	photodiode	1
3427.404	0.5	3427404	untrained	32716	51	memtrain/o_103_2.jpg	photodiode	1
3428.354	0.5	3428354	untrained	32691	76	memtrain/o_570_1.jpg	photodiode	1
3429.105	0.5	3429105	catch	32671	n/a	catch_padded.jpg	photodiode	0
3429.431	0.0	3429431	response	6	n/a	n/a	trigger	0
3431.157	0.5	3431157	trained	32757	10	memtrain/o_111_2.jpg	photodiode	1
3432.049	0.5	3432049	trained	32749	18	memtrain/o_264_2.jpg	photodiode	1
3432.85	0.5	3432850	trained	32766	1	memtrain/o_015_1.jpg	photodiode	1
3433.601	0.5	3433601	trained	32758	9	memtrain/o_101_2.jpg	photodiode	1
3434.401	0.5	3434401	untrained	32683	84	memtrain/so_117_2.jpg	photodiode	1
3435.202	0.5	3435202	catch	32671	n/a	catch_padded.jpg	photodiode	0
3435.687	0.0	3435687	response	6	n/a	n/a	trigger	0
3437.212	0.5	3437212	untrained	32676	91	memtrain/o_605_1.jpg	photodiode	1
3438.104	0.5	3438104	untrained	32707	60	memtrain/o_228_2.jpg	photodiode	1
3438.905	0.5	3438905	untrained	32701	66	memtrain/o_342_2.jpg	photodiode	1
3439.756	0.5	3439756	catch	32671	n/a	catch_padded.jpg	photodiode	0
3440.127	0.0	3440127	response	6	n/a	n/a	trigger	0
3441.657	0.5	3441657	untrained	32715	52	memtrain/o_141_1.jpg	photodiode	1
3442.508	0.5	3442508	trained	32747	20	memtrain/o_290_1.jpg	photodiode	1
3443.409	0.5	3443409	untrained	32713	54	memtrain/o_145_1.jpg	photodiode	1
3444.159	0.5	3444159	catch	32671	n/a	catch_padded.jpg	photodiode	0
3444.482	0.0	3444482	response	6	n/a	n/a	trigger	0
3446.061	0.5	3446061	trained	32755	12	memtrain/o_127_2.jpg	photodiode	1
3446.912	0.5	3446912	untrained	32718	49	memtrain/o_054_2.jpg	photodiode	1
3447.813	0.5	3447813	untrained	32684	83	memtrain/so_105_1.jpg	photodiode	1
3448.563	0.5	3448563	catch	32671	n/a	catch_padded.jpg	photodiode	0
3448.87	0.0	3448870	response	6	n/a	n/a	trigger	0
3450.465	0.5	3450465	trained	32723	44	memtrain/so_045_1.jpg	photodiode	1
3451.416	0.5	3451416	trained	32739	28	memtrain/o_397_1.jpg	photodiode	1
3452.216	0.5	3452216	untrained	32690	77	memtrain/o_574_2.jpg	photodiode	1
3453.117	0.5	3453117	untrained	32678	89	memtrain/o_469_1.jpg	photodiode	1
3453.968	0.5	3453968	catch	32671	n/a	catch_padded.jpg	photodiode	0
3454.312	0.0	3454312	response	6	n/a	n/a	trigger	0
3456.07	0.5	3456070	untrained	32714	53	memtrain/o_142_2.jpg	photodiode	1
3456.92	0.5	3456920	trained	32748	19	memtrain/o_284_2.jpg	photodiode	1
3457.871	0.5	3457871	untrained	32673	94	memtrain/so_067_1.jpg	photodiode	1
3458.663	0.5	3458663	catch	32671	n/a	catch_padded.jpg	photodiode	0
3459.098	0.0	3459098	response	6	n/a	n/a	trigger	0
3460.623	0.5	3460623	untrained	32692	75	memtrain/o_564_1.jpg	photodiode	1
3461.466	0.5	3461466	trained	32751	16	memtrain/o_199_2.jpg	photodiode	1
3462.425	0.5	3462425	untrained	32691	76	memtrain/o_570_1.jpg	photodiode	1
3463.267	0.5	3463267	catch	32671	n/a	catch_padded.jpg	photodiode	0
3463.625	0.0	3463625	response	6	n/a	n/a	trigger	0
3465.319	0.5	3465319	untrained	32680	87	memtrain/o_365_1.jpg	photodiode	1
3466.27	0.5	3466270	trained	32721	46	memtrain/so_113_1.jpg	photodiode	1
3467.221	0.5	3467221	untrained	32675	92	memtrain/so_033_1.jpg	photodiode	1
3468.121	0.5	3468121	catch	32671	n/a	catch_padded.jpg	photodiode	0
3468.652	0.0	3468652	response	6	n/a	n/a	trigger	0
3470.223	0.5	3470223	untrained	32681	86	memtrain/o_288_1.jpg	photodiode	1
3471.174	0.5	3471174	trained	32767	0	memtrain/o_006_1.jpg	photodiode	1
3472.125	0.5	3472125	untrained	32710	57	memtrain/o_171_1.jpg	photodiode	1
3472.925	0.5	3472925	trained	32722	45	memtrain/so_090_2.jpg	photodiode	1
3473.776	0.5	3473776	catch	32671	n/a	catch_padded.jpg	photodiode	0
3474.412	0.0	3474412	response	6	n/a	n/a	trigger	0
3475.828	0.5	3475828	untrained	32712	55	memtrain/o_153_2.jpg	photodiode	1
3476.579	0.5	3476579	trained	32737	30	memtrain/o_437_2.jpg	photodiode	1
3477.479	0.5	3477479	untrained	32704	63	memtrain/o_310_2.jpg	photodiode	1
3478.38	0.5	3478380	catch	32671	n/a	catch_padded.jpg	photodiode	0
3479.412	0.0	3479412	response	6	n/a	n/a	trigger	0
3480.432	0.5	3480432	trained	32741	26	memtrain/o_376_1.jpg	photodiode	1
3481.283	0.5	3481283	trained	32752	15	memtrain/o_195_1.jpg	photodiode	1
3482.233	0.5	3482233	trained	32734	33	memtrain/o_536_1.jpg	photodiode	1
3483.034	0.5	3483034	catch	32671	n/a	catch_padded.jpg	photodiode	0
3484.986	0.5	3484986	trained	32727	40	memtrain/o_648_2.jpg	photodiode	1
3485.937	0.5	3485937	trained	32738	29	memtrain/o_416_1.jpg	photodiode	1
3486.787	0.5	3486787	untrained	32682	85	memtrain/o_218_1.jpg	photodiode	1
3487.538	0.5	3487538	untrained	32677	90	memtrain/o_580_1.jpg	photodiode	1
3488.48	0.5	3488480	trained	32736	31	memtrain/o_465_2.jpg	photodiode	1
3489.339	0.5	3489339	catch	32671	n/a	catch_padded.jpg	photodiode	0
3489.631	0.0	3489631	response	6	n/a	n/a	trigger	0
3491.341	0.5	3491341	untrained	32696	71	memtrain/o_483_1.jpg	photodiode	1
3492.134	0.5	3492134	untrained	32711	56	memtrain/o_163_2.jpg	photodiode	1
3492.934	0.5	3492934	untrained	32702	65	memtrain/o_337_2.jpg	photodiode	1
3493.735	0.5	3493735	untrained	32687	80	memtrain/o_613_1.jpg	photodiode	1
3494.586	0.5	3494586	trained	32726	41	memtrain/o_663_2.jpg	photodiode	1
3495.386	0.5	3495386	catch	32671	n/a	catch_padded.jpg	photodiode	0
3495.835	0.0	3495835	response	6	n/a	n/a	trigger	0
3497.288	0.5	3497288	untrained	32693	74	memtrain/o_550_1.jpg	photodiode	1
3498.139	0.5	3498139	trained	32765	2	memtrain/o_035_1.jpg	photodiode	1
3498.989	0.5	3498989	trained	32743	24	memtrain/o_357_1.jpg	photodiode	1
3499.84	0.5	3499840	trained	32733	34	memtrain/o_558_2.jpg	photodiode	1
3500.791	0.5	3500791	catch	32671	n/a	catch_padded.jpg	photodiode	0
3501.328	0.0	3501328	response	6	n/a	n/a	trigger	0
3502.692	0.5	3502692	trained	32756	11	memtrain/o_117_2.jpg	photodiode	1
3503.443	0.5	3503443	untrained	32698	69	memtrain/o_464_2.jpg	photodiode	1
3504.194	0.5	3504194	untrained	32700	67	memtrain/o_378_1.jpg	photodiode	1
3505.145	0.5	3505145	untrained	32688	79	memtrain/o_600_1.jpg	photodiode	1
3506.095	0.5	3506095	catch	32671	n/a	catch_padded.jpg	photodiode	0
3506.415	0.0	3506415	response	6	n/a	n/a	trigger	0
3508.097	0.5	3508097	untrained	32685	82	memtrain/o_656_1.jpg	photodiode	1
3508.948	0.5	3508948	untrained	32717	50	memtrain/o_057_2.jpg	photodiode	1
3509.698	0.5	3509698	trained	32754	13	memtrain/o_136_1.jpg	photodiode	1
3510.449	0.5	3510449	trained	32742	25	memtrain/o_358_2.jpg	photodiode	1
3511.2	0.5	3511200	catch	32671	n/a	catch_padded.jpg	photodiode	0
3511.489	0.0	3511489	response	6	n/a	n/a	trigger	0
3513.101	0.5	3513101	untrained	32679	88	memtrain/o_458_1.jpg	photodiode	1
3514.052	0.5	3514052	trained	32745	22	memtrain/o_321_1.jpg	photodiode	1
3514.853	0.5	3514853	trained	32725	42	memtrain/so_034_2.jpg	photodiode	1
3515.754	0.5	3515754	untrained	32719	48	memtrain/o_019_2.jpg	photodiode	1
3516.646	0.5	3516646	trained	32744	23	memtrain/o_338_2.jpg	photodiode	1
3517.405	0.5	3517405	catch	32671	n/a	catch_padded.jpg	photodiode	0
3517.862	0.0	3517862	response	6	n/a	n/a	trigger	0
3519.407	0.5	3519407	untrained	32708	59	memtrain/o_201_2.jpg	photodiode	1
3520.199	0.5	3520199	trained	32760	7	memtrain/o_091_2.jpg	photodiode	1
3521.0	0.5	3521000	untrained	32706	61	memtrain/o_298_2.jpg	photodiode	1
3521.9	0.5	3521900	trained	32746	21	memtrain/o_319_1.jpg	photodiode	1
3522.701	0.5	3522701	catch	32671	n/a	catch_padded.jpg	photodiode	0
3523.042	0.0	3523042	response	6	n/a	n/a	trigger	0
3524.761	0.5	3524761	untrained	32697	70	memtrain/o_471_2.jpg	photodiode	1
3525.603	0.5	3525603	trained	32735	32	memtrain/o_485_2.jpg	photodiode	1
3526.504	0.5	3526504	untrained	32686	81	memtrain/o_655_2.jpg	photodiode	1
3527.455	0.5	3527455	untrained	32672	95	memtrain/so_125_1.jpg	photodiode	1
3528.206	0.5	3528206	untrained	32674	93	memtrain/so_035_1.jpg	photodiode	1
3528.956	0.5	3528956	catch	32671	n/a	catch_padded.jpg	photodiode	0
3529.327	0.0	3529327	response	6	n/a	n/a	trigger	0
3530.908	0.5	3530908	trained	32729	38	memtrain/o_603_1.jpg	photodiode	1
3531.709	0.5	3531709	untrained	32705	62	memtrain/o_304_1.jpg	photodiode	1
3532.509	0.5	3532509	trained	32720	47	memtrain/so_147_2.jpg	photodiode	1
3533.46	0.5	3533460	untrained	32703	64	memtrain/o_334_2.jpg	photodiode	1
3534.361	0.5	3534361	trained	32732	35	memtrain/o_561_2.jpg	photodiode	1
3535.212	0.5	3535212	catch	32671	n/a	catch_padded.jpg	photodiode	0
3535.555	0.0	3535555	response	6	n/a	n/a	trigger	0
3537.313	0.5	3537313	trained	32750	17	memtrain/o_232_1.jpg	photodiode	1
3538.264	0.5	3538264	untrained	32716	51	memtrain/o_103_2.jpg	photodiode	1
3539.215	0.5	3539215	trained	32761	6	memtrain/o_076_1.jpg	photodiode	1
3540.166	0.5	3540166	untrained	32699	68	memtrain/o_393_1.jpg	photodiode	1
3540.967	0.5	3540967	trained	32731	36	memtrain/o_583_1.jpg	photodiode	1
3541.717	0.5	3541717	catch	32671	n/a	catch_padded.jpg	photodiode	0
3542.053	0.0	3542053	response	6	n/a	n/a	trigger	0
3543.619	0.5	3543619	trained	32728	39	memtrain/o_606_1.jpg	photodiode	1
3544.52	0.5	3544520	trained	32730	37	memtrain/o_597_1.jpg	photodiode	1
3545.37	0.5	3545370	trained	32763	4	memtrain/o_042_1.jpg	photodiode	1
3546.271	0.5	3546271	untrained	32689	78	memtrain/o_599_1.jpg	photodiode	1
3547.013	0.5	3547013	catch	32671	n/a	catch_padded.jpg	photodiode	0
3547.345	0.0	3547345	response	6	n/a	n/a	trigger	0
3549.073	0.5	3549073	trained	32724	43	memtrain/so_043_2.jpg	photodiode	1
3549.816	0.5	3549816	trained	32740	27	memtrain/o_379_2.jpg	photodiode	1
3550.566	0.5	3550566	trained	32764	3	memtrain/o_040_2.jpg	photodiode	1
3551.467	0.5	3551467	untrained	32694	73	memtrain/o_519_2.jpg	photodiode	1
3552.318	0.5	3552318	catch	32671	n/a	catch_padded.jpg	photodiode	0
3552.673	0.0	3552673	response	6	n/a	n/a	trigger	0
3554.378	0.5	3554378	trained	32759	8	memtrain/o_094_1.jpg	photodiode	1
3555.22	0.5	3555220	trained	32753	14	memtrain/o_174_1.jpg	photodiode	1
3556.021	0.5	3556021	trained	32762	5	memtrain/o_067_1.jpg	photodiode	1
3556.872	0.5	3556872	untrained	32695	72	memtrain/o_490_1.jpg	photodiode	1
3557.672	0.5	3557672	untrained	32709	58	memtrain/o_192_1.jpg	photodiode	1
3558.523	0.5	3558523	catch	32671	n/a	catch_padded.jpg	photodiode	0
3558.885	0.0	3558885	response	6	n/a	n/a	trigger	0
3565.01	0.0	3565010	block_end	120	n/a	n/a	trigger	0
3578.624	0.0	3578624	response	6	n/a	n/a	trigger	0
3578.629	0.0	3578629	block_onset	113	n/a	n/a	trigger	0
3580.684	0.5	3580684	untrained	32697	70	memtrain/o_471_2.jpg	photodiode	1
3581.634	0.5	3581634	untrained	32683	84	memtrain/so_117_2.jpg	photodiode	1
3582.585	0.5	3582585	untrained	32672	95	memtrain/so_125_1.jpg	photodiode	1
3583.378	0.5	3583378	trained	32736	31	memtrain/o_465_2.jpg	photodiode	1
3584.128	0.5	3584128	catch	32671	n/a	catch_padded.jpg	photodiode	0
3584.465	0.0	3584465	response	6	n/a	n/a	trigger	0
3586.18	0.5	3586180	untrained	32699	68	memtrain/o_393_1.jpg	photodiode	1
3587.031	0.5	3587031	untrained	32673	94	memtrain/so_067_1.jpg	photodiode	1
3587.781	0.5	3587781	untrained	32707	60	memtrain/o_228_2.jpg	photodiode	1
3588.682	0.5	3588682	trained	32762	5	memtrain/o_067_1.jpg	photodiode	1
3589.583	0.5	3589583	catch	32671	n/a	catch_padded.jpg	photodiode	0
3589.902	0.0	3589902	response	6	n/a	n/a	trigger	0
3591.585	0.5	3591585	trained	32758	9	memtrain/o_101_2.jpg	photodiode	1
3592.335	0.5	3592335	trained	32742	25	memtrain/o_358_2.jpg	photodiode	1
3593.236	0.5	3593236	trained	32751	16	memtrain/o_199_2.jpg	photodiode	1
3593.987	0.5	3593987	catch	32671	n/a	catch_padded.jpg	photodiode	0
3594.353	0.0	3594353	response	6	n/a	n/a	trigger	0
3595.938	0.5	3595938	untrained	32682	85	memtrain/o_218_1.jpg	photodiode	1
3596.739	0.5	3596739	untrained	32674	93	memtrain/so_035_1.jpg	photodiode	1
3597.49	0.5	3597490	trained	32725	42	memtrain/so_034_2.jpg	photodiode	1
3598.24	0.5	3598240	catch	32671	n/a	catch_padded.jpg	photodiode	0
3598.837	0.0	3598837	response	6	n/a	n/a	trigger	0
3600.342	0.5	3600342	untrained	32684	83	memtrain/so_105_1.jpg	photodiode	1
3601.243	0.5	3601243	trained	32728	39	memtrain/o_606_1.jpg	photodiode	1
3602.143	0.5	3602143	trained	32749	18	memtrain/o_264_2.jpg	photodiode	1
3602.894	0.5	3602894	catch	32671	n/a	catch_padded.jpg	photodiode	0
3603.268	0.0	3603268	response	6	n/a	n/a	trigger	0
3604.946	0.5	3604946	trained	32756	11	memtrain/o_117_2.jpg	photodiode	1
3605.897	0.5	3605897	untrained	32696	71	memtrain/o_483_1.jpg	photodiode	1
3606.647	0.5	3606647	untrained	32676	91	memtrain/o_605_1.jpg	photodiode	1
3607.448	0.5	3607448	trained	32737	30	memtrain/o_437_2.jpg	photodiode	1
3608.349	0.5	3608349	trained	32745	22	memtrain/o_321_1.jpg	photodiode	1
3609.3	0.5	3609300	catch	32671	n/a	catch_padded.jpg	photodiode	0
3609.643	0.0	3609643	response	6	n/a	n/a	trigger	0
3611.251	0.5	3611251	trained	32733	34	memtrain/o_558_2.jpg	photodiode	1
3612.052	0.5	3612052	untrained	32693	74	memtrain/o_550_1.jpg	photodiode	1
3612.802	0.5	3612802	trained	32734	33	memtrain/o_536_1.jpg	photodiode	1
3613.645	0.5	3613645	untrained	32719	48	memtrain/o_019_2.jpg	photodiode	1
3614.496	0.5	3614496	untrained	32713	54	memtrain/o_145_1.jpg	photodiode	1
3615.396	0.5	3615396	catch	32671	n/a	catch_padded.jpg	photodiode	0
3615.86	0.0	3615860	response	6	n/a	n/a	trigger	0
3617.406	0.5	3617406	untrained	32698	69	memtrain/o_464_2.jpg	photodiode	1
3618.149	0.5	3618149	trained	32723	44	memtrain/so_045_1.jpg	photodiode	1
3618.949	0.5	3618949	untrained	32680	87	memtrain/o_365_1.jpg	photodiode	1
3619.75	0.5	3619750	untrained	32718	49	memtrain/o_054_2.jpg	photodiode	1
3620.701	0.5	3620701	trained	32722	45	memtrain/so_090_2.jpg	photodiode	1
3621.552	0.5	3621552	catch	32671	n/a	catch_padded.jpg	photodiode	0
3621.915	0.0	3621915	response	6	n/a	n/a	trigger	0
3623.453	0.5	3623453	untrained	32690	77	memtrain/o_574_2.jpg	photodiode	1
3624.404	0.5	3624404	untrained	32716	51	memtrain/o_103_2.jpg	photodiode	1
3625.205	0.5	3625205	untrained	32705	62	memtrain/o_304_1.jpg	photodiode	1
3626.105	0.5	3626105	trained	32767	0	memtrain/o_006_1.jpg	photodiode	1
3626.906	0.5	3626906	untrained	32712	55	memtrain/o_153_2.jpg	photodiode	1
3627.757	0.5	3627757	catch	32671	n/a	catch_padded.jpg	photodiode	0
3628.06	0.0	3628060	response	6	n/a	n/a	trigger	0
3629.658	0.5	3629658	untrained	32678	89	memtrain/o_469_1.jpg	photodiode	1
3630.509	0.5	3630509	untrained	32706	61	memtrain/o_298_2.jpg	photodiode	1
3631.46	0.5	3631460	untrained	32704	63	memtrain/o_310_2.jpg	photodiode	1
3632.361	0.5	3632361	trained	32747	20	memtrain/o_290_1.jpg	photodiode	1
3633.211	0.5	3633211	untrained	32701	66	memtrain/o_342_2.jpg	photodiode	1
3634.062	0.5	3634062	catch	32671	n/a	catch_padded.jpg	photodiode	0
3634.482	0.0	3634482	response	6	n/a	n/a	trigger	0
3635.964	0.5	3635964	trained	32765	2	memtrain/o_035_1.jpg	photodiode	1
3636.814	0.5	3636814	untrained	32710	57	memtrain/o_171_1.jpg	photodiode	1
3637.565	0.5	3637565	trained	32738	29	memtrain/o_416_1.jpg	photodiode	1
3638.416	0.5	3638416	trained	32721	46	memtrain/so_113_1.jpg	photodiode	1
3639.267	0.5	3639267	catch	32671	n/a	catch_padded.jpg	photodiode	0
3639.54	0.0	3639540	response	6	n/a	n/a	trigger	0
3641.168	0.5	3641168	trained	32754	13	memtrain/o_136_1.jpg	photodiode	1
3641.919	0.5	3641919	trained	32731	36	memtrain/o_583_1.jpg	photodiode	1
3642.761	0.5	3642761	untrained	32685	82	memtrain/o_656_1.jpg	photodiode	1
3643.662	0.5	3643662	trained	32748	19	memtrain/o_284_2.jpg	photodiode	1
3644.563	0.5	3644563	trained	32727	40	memtrain/o_648_2.jpg	photodiode	1
3645.363	0.5	3645363	catch	32671	n/a	catch_padded.jpg	photodiode	0
3645.681	0.0	3645681	response	6	n/a	n/a	trigger	0
3647.315	0.5	3647315	trained	32740	27	memtrain/o_379_2.jpg	photodiode	1
3648.166	0.5	3648166	trained	32735	32	memtrain/o_485_2.jpg	photodiode	1
3648.966	0.5	3648966	trained	32766	1	memtrain/o_015_1.jpg	photodiode	1
3649.817	0.5	3649817	catch	32671	n/a	catch_padded.jpg	photodiode	0
3650.193	0.0	3650193	response	6	n/a	n/a	trigger	0
3651.869	0.5	3651869	untrained	32711	56	memtrain/o_163_2.jpg	photodiode	1
3652.62	0.5	3652620	trained	32757	10	memtrain/o_111_2.jpg	photodiode	1
3653.37	0.5	3653370	untrained	32686	81	memtrain/o_655_2.jpg	photodiode	1
3654.271	0.5	3654271	trained	32761	6	memtrain/o_076_1.jpg	photodiode	1
3655.172	0.5	3655172	catch	32671	n/a	catch_padded.jpg	photodiode	0
3655.507	0.0	3655507	response	6	n/a	n/a	trigger	0
3657.173	0.5	3657173	trained	32753	14	memtrain/o_174_1.jpg	photodiode	1
3657.924	0.5	3657924	untrained	32717	50	memtrain/o_057_2.jpg	photodiode	1
3658.675	0.5	3658675	untrained	32681	86	memtrain/o_288_1.jpg	photodiode	1
3659.575	0.5	3659575	untrained	32703	64	memtrain/o_334_2.jpg	photodiode	1
3660.526	0.5	3660526	trained	32741	26	memtrain/o_376_1.jpg	photodiode	1
3661.377	0.5	3661377	catch	32671	n/a	catch_padded.jpg	photodiode	0
3661.707	0.0	3661707	response	6	n/a	n/a	trigger	0
3663.329	0.5	3663329	untrained	32715	52	memtrain/o_141_1.jpg	photodiode	1
3664.129	0.5	3664129	trained	32744	23	memtrain/o_338_2.jpg	photodiode	1
3664.88	0.5	3664880	untrained	32692	75	memtrain/o_564_1.jpg	photodiode	1
3665.781	0.5	3665781	catch	32671	n/a	catch_padded.jpg	photodiode	0
3666.133	0.0	3666133	response	6	n/a	n/a	trigger	0
3667.782	0.5	3667782	trained	32724	43	memtrain/so_043_2.jpg	photodiode	1
3668.583	0.5	3668583	untrained	32675	92	memtrain/so_033_1.jpg	photodiode	1
3669.334	0.5	3669334	trained	32746	21	memtrain/o_319_1.jpg	photodiode	1
3670.134	0.5	3670134	catch	32671	n/a	catch_padded.jpg	photodiode	0
3670.492	0.0	3670492	response	6	n/a	n/a	trigger	0
3672.228	0.5	3672228	trained	32720	47	memtrain/so_147_2.jpg	photodiode	1
3673.079	0.5	3673079	trained	32750	17	memtrain/o_232_1.jpg	photodiode	1
3673.988	0.5	3673988	trained	32764	3	memtrain/o_040_2.jpg	photodiode	1
3674.78	0.5	3674780	trained	32739	28	memtrain/o_397_1.jpg	photodiode	1
3675.589	0.5	3675589	trained	32729	38	memtrain/o_603_1.jpg	photodiode	1
3676.481	0.5	3676481	catch	32671	n/a	catch_padded.jpg	photodiode	0
3676.92	0.0	3676920	response	6	n/a	n/a	trigger	0
3678.583	0.5	3678583	untrained	32687	80	memtrain/o_613_1.jpg	photodiode	1
3679.434	0.5	3679434	trained	32759	8	memtrain/o_094_1.jpg	photodiode	1
3680.385	0.5	3680385	untrained	32702	65	memtrain/o_337_2.jpg	photodiode	1
3681.135	0.5	3681135	trained	32755	12	memtrain/o_127_2.jpg	photodiode	1
3681.886	0.5	3681886	catch	32671	n/a	catch_padded.jpg	photodiode	0
3682.371	0.0	3682371	response	6	n/a	n/a	trigger	0
3683.988	0.5	3683988	untrained	32709	58	memtrain/o_192_1.jpg	photodiode	1
3684.788	0.5	3684788	trained	32730	37	memtrain/o_597_1.jpg	photodiode	1
3685.739	0.5	3685739	untrained	32695	72	memtrain/o_490_1.jpg	photodiode	1
3686.69	0.5	3686690	trained	32743	24	memtrain/o_357_1.jpg	photodiode	1
3687.541	0.5	3687541	catch	32671	n/a	catch_padded.jpg	photodiode	0
3687.883	0.0	3687883	response	6	n/a	n/a	trigger	0
3689.643	0.5	3689643	trained	32763	4	memtrain/o_042_1.jpg	photodiode	1
3690.493	0.5	3690493	untrained	32694	73	memtrain/o_519_2.jpg	photodiode	1
3691.344	0.5	3691344	untrained	32688	79	memtrain/o_600_1.jpg	photodiode	1
3692.245	0.5	3692245	trained	32760	7	memtrain/o_091_2.jpg	photodiode	1
3693.095	0.5	3693095	catch	32671	n/a	catch_padded.jpg	photodiode	0
3693.542	0.0	3693542	response	6	n/a	n/a	trigger	0
3695.047	0.5	3695047	untrained	32677	90	memtrain/o_580_1.jpg	photodiode	1
3695.848	0.5	3695848	trained	32732	35	memtrain/o_561_2.jpg	photodiode	1
3696.598	0.5	3696598	trained	32726	41	memtrain/o_663_2.jpg	photodiode	1
3697.499	0.5	3697499	untrained	32691	76	memtrain/o_570_1.jpg	photodiode	1
3698.4	0.5	3698400	catch	32671	n/a	catch_padded.jpg	photodiode	0
3698.979	0.0	3698979	response	6	n/a	n/a	trigger	0
3700.402	0.5	3700402	untrained	32714	53	memtrain/o_142_2.jpg	photodiode	1
3701.344	0.5	3701344	untrained	32679	88	memtrain/o_458_1.jpg	photodiode	1
3702.303	0.5	3702303	untrained	32689	78	memtrain/o_599_1.jpg	photodiode	1
3703.046	0.5	3703046	untrained	32708	59	memtrain/o_201_2.jpg	photodiode	1
3703.896	0.5	3703896	catch	32671	n/a	catch_padded.jpg	photodiode	0
3704.29	0.0	3704290	response	6	n/a	n/a	trigger	0
3705.898	0.5	3705898	untrained	32700	67	memtrain/o_378_1.jpg	photodiode	1
3706.749	0.5	3706749	trained	32752	15	memtrain/o_195_1.jpg	photodiode	1
3707.608	0.5	3707608	untrained	32718	49	memtrain/o_054_2.jpg	photodiode	1
3708.55	0.5	3708550	catch	32671	n/a	catch_padded.jpg	photodiode	0
3709.038	0.0	3709038	response	6	n/a	n/a	trigger	0
3710.502	0.5	3710502	untrained	32676	91	memtrain/o_605_1.jpg	photodiode	1
3711.453	0.5	3711453	untrained	32699	68	memtrain/o_393_1.jpg	photodiode	1
3712.404	0.5	3712404	untrained	32677	90	memtrain/o_580_1.jpg	photodiode	1
3713.304	0.5	3713304	trained	32720	47	memtrain/so_147_2.jpg	photodiode	1
3714.055	0.5	3714055	trained	32743	24	memtrain/o_357_1.jpg	photodiode	1
3714.856	0.5	3714856	catch	32671	n/a	catch_padded.jpg	photodiode	0
3715.641	0.0	3715641	response	6	n/a	n/a	trigger	0
3716.957	0.5	3716957	untrained	32712	55	memtrain/o_153_2.jpg	photodiode	1
3717.808	0.5	3717808	untrained	32688	79	memtrain/o_600_1.jpg	photodiode	1
3718.559	0.5	3718559	untrained	32673	94	memtrain/so_067_1.jpg	photodiode	1
3719.46	0.5	3719460	trained	32734	33	memtrain/o_536_1.jpg	photodiode	1
3720.26	0.5	3720260	untrained	32687	80	memtrain/o_613_1.jpg	photodiode	1
3721.061	0.5	3721061	catch	32671	n/a	catch_padded.jpg	photodiode	0
3721.517	0.0	3721517	response	6	n/a	n/a	trigger	0
3723.013	0.5	3723013	trained	32758	9	memtrain/o_101_2.jpg	photodiode	1
3723.963	0.5	3723963	trained	32749	18	memtrain/o_264_2.jpg	photodiode	1
3724.814	0.5	3724814	untrained	32696	71	memtrain/o_483_1.jpg	photodiode	1
3725.715	0.5	3725715	untrained	32679	88	memtrain/o_458_1.jpg	photodiode	1
3726.566	0.5	3726566	trained	32724	43	memtrain/so_043_2.jpg	photodiode	1
3727.516	0.5	3727516	catch	32671	n/a	catch_padded.jpg	photodiode	0
3728.122	0.0	3728122	response	6	n/a	n/a	trigger	0
3729.418	0.5	3729418	trained	32729	38	memtrain/o_603_1.jpg	photodiode	1
3730.26	0.5	3730260	untrained	32717	50	memtrain/o_057_2.jpg	photodiode	1
3731.17	0.5	3731170	trained	32750	17	memtrain/o_232_1.jpg	photodiode	1
3732.112	0.5	3732112	untrained	32691	76	memtrain/o_570_1.jpg	photodiode	1
3732.971	0.5	3732971	catch	32671	n/a	catch_padded.jpg	photodiode	0
3733.356	0.0	3733356	response	6	n/a	n/a	trigger	0
3735.014	0.5	3735014	trained	32757	10	memtrain/o_111_2.jpg	photodiode	1
3735.915	0.5	3735915	untrained	32705	62	memtrain/o_304_1.jpg	photodiode	1
3736.716	0.5	3736716	trained	32736	31	memtrain/o_465_2.jpg	photodiode	1
3737.525	0.5	3737525	catch	32671	n/a	catch_padded.jpg	photodiode	0
3738.007	0.0	3738007	response	6	n/a	n/a	trigger	0
3739.568	0.5	3739568	trained	32766	1	memtrain/o_015_1.jpg	photodiode	1
3740.369	0.5	3740369	untrained	32704	63	memtrain/o_310_2.jpg	photodiode	1
3741.17	0.5	3741170	trained	32737	30	memtrain/o_437_2.jpg	photodiode	1
3742.02	0.5	3742020	untrained	32700	67	memtrain/o_378_1.jpg	photodiode	1
3742.921	0.5	3742921	catch	32671	n/a	catch_padded.jpg	photodiode	0
3743.282	0.0	3743282	response	6	n/a	n/a	trigger	0
3744.873	0.5	3744873	untrained	32702	65	memtrain/o_337_2.jpg	photodiode	1
3745.824	0.5	3745824	trained	32739	28	memtrain/o_397_1.jpg	photodiode	1
3746.774	0.5	3746774	untrained	32686	81	memtrain/o_655_2.jpg	photodiode	1
3747.725	0.5	3747725	catch	32671	n/a	catch_padded.jpg	photodiode	0
3748.318	0.0	3748318	response	6	n/a	n/a	trigger	0
3749.777	0.5	3749777	trained	32726	41	memtrain/o_663_2.jpg	photodiode	1
3750.678	0.5	3750678	trained	32727	40	memtrain/o_648_2.jpg	photodiode	1
3751.578	0.5	3751578	trained	32735	32	memtrain/o_485_2.jpg	photodiode	1
3752.429	0.5	3752429	trained	32755	12	memtrain/o_127_2.jpg	photodiode	1
3753.38	0.5	3753380	catch	32671	n/a	catch_padded.jpg	photodiode	0
3753.829	0.0	3753829	response	6	n/a	n/a	trigger	0
3755.282	0.5	3755282	untrained	32674	93	memtrain/so_035_1.jpg	photodiode	1
3756.032	0.5	3756032	untrained	32698	69	memtrain/o_464_2.jpg	photodiode	1
3756.883	0.5	3756883	trained	32767	0	memtrain/o_006_1.jpg	photodiode	1
3757.634	0.5	3757634	catch	32671	n/a	catch_padded.jpg	photodiode	0
3758.909	0.0	3758909	response	6	n/a	n/a	trigger	0
3759.585	0.5	3759585	trained	32728	39	memtrain/o_606_1.jpg	photodiode	1
3760.386	0.5	3760386	untrained	32693	74	memtrain/o_550_1.jpg	photodiode	1
3761.178	0.5	3761178	untrained	32680	87	memtrain/o_365_1.jpg	photodiode	1
3762.129	0.5	3762129	catch	32671	n/a	catch_padded.jpg	photodiode	0
3762.406	0.0	3762406	response	6	n/a	n/a	trigger	0
3764.181	0.5	3764181	untrained	32685	82	memtrain/o_656_1.jpg	photodiode	1
3764.931	0.5	3764931	trained	32745	22	memtrain/o_321_1.jpg	photodiode	1
3765.882	0.5	3765882	untrained	32690	77	memtrain/o_574_2.jpg	photodiode	1
3766.833	0.5	3766833	catch	32671	n/a	catch_padded.jpg	photodiode	0
3767.199	0.0	3767199	response	6	n/a	n/a	trigger	0
3768.885	0.5	3768885	untrained	32689	78	memtrain/o_599_1.jpg	photodiode	1
3769.736	0.5	3769736	trained	32765	2	memtrain/o_035_1.jpg	photodiode	1
3770.536	0.5	3770536	trained	32746	21	memtrain/o_319_1.jpg	photodiode	1
3771.487	0.5	3771487	untrained	32716	51	memtrain/o_103_2.jpg	photodiode	1
3772.238	0.5	3772238	catch	32671	n/a	catch_padded.jpg	photodiode	0
3772.602	0.0	3772602	response	6	n/a	n/a	trigger	0
3774.139	0.5	3774139	trained	32747	20	memtrain/o_290_1.jpg	photodiode	1
3774.99	0.5	3774990	trained	32742	25	memtrain/o_358_2.jpg	photodiode	1
3775.741	0.5	3775741	untrained	32672	95	memtrain/so_125_1.jpg	photodiode	1
3776.591	0.5	3776591	catch	32671	n/a	catch_padded.jpg	photodiode	0
3777.014	0.0	3777014	response	6	n/a	n/a	trigger	0
3778.643	0.5	3778643	untrained	32708	59	memtrain/o_201_2.jpg	photodiode	1
3779.394	0.5	3779394	untrained	32681	86	memtrain/o_288_1.jpg	photodiode	1
3780.144	0.5	3780144	untrained	32695	72	memtrain/o_490_1.jpg	photodiode	1
3780.945	0.5	3780945	catch	32671	n/a	catch_padded.jpg	photodiode	0
3781.298	0.0	3781298	response	6	n/a	n/a	trigger	0
3782.947	0.5	3782947	untrained	32701	66	memtrain/o_342_2.jpg	photodiode	1
3783.898	0.5	3783898	untrained	32675	92	memtrain/so_033_1.jpg	photodiode	1
3784.648	0.5	3784648	untrained	32694	73	memtrain/o_519_2.jpg	photodiode	1
3785.499	0.5	3785499	untrained	32692	75	memtrain/o_564_1.jpg	photodiode	1
3786.4	0.5	3786400	trained	32721	46	memtrain/so_113_1.jpg	photodiode	1
3787.242	0.5	3787242	catch	32671	n/a	catch_padded.jpg	photodiode	0
3787.81	0.0	3787810	response	6	n/a	n/a	trigger	0
3789.302	0.5	3789302	trained	32761	6	memtrain/o_076_1.jpg	photodiode	1
3790.153	0.5	3790153	trained	32741	26	memtrain/o_376_1.jpg	photodiode	1
3791.054	0.5	3791054	trained	32722	45	memtrain/so_090_2.jpg	photodiode	1
3791.996	0.5	3791996	untrained	32706	61	memtrain/o_298_2.jpg	photodiode	1
3792.747	0.5	3792747	trained	32764	3	memtrain/o_040_2.jpg	photodiode	1
3793.697	0.5	3793697	catch	32671	n/a	catch_padded.jpg	photodiode	0
3794.144	0.0	3794144	response	6	n/a	n/a	trigger	0
3795.799	0.5	3795799	trained	32760	7	memtrain/o_091_2.jpg	photodiode	1
3796.7	0.5	3796700	trained	32732	35	memtrain/o_561_2.jpg	photodiode	1
3797.551	0.5	3797551	trained	32752	15	memtrain/o_195_1.jpg	photodiode	1
3798.301	0.5	3798301	trained	32748	19	memtrain/o_284_2.jpg	photodiode	1
3799.252	0.5	3799252	untrained	32684	83	memtrain/so_105_1.jpg	photodiode	1
3800.203	0.5	3800203	catch	32671	n/a	catch_padded.jpg	photodiode	0
3800.551	0.0	3800551	response	6	n/a	n/a	trigger	0
3802.255	0.5	3802255	trained	32759	8	memtrain/o_094_1.jpg	photodiode	1
3803.005	0.5	3803005	untrained	32703	64	memtrain/o_334_2.jpg	photodiode	1
3803.956	0.5	3803956	trained	32756	11	memtrain/o_117_2.jpg	photodiode	1
3804.757	0.5	3804757	untrained	32707	60	memtrain/o_228_2.jpg	photodiode	1
3805.507	0.5	3805507	catch	32671	n/a	catch_padded.jpg	photodiode	0
3805.852	0.0	3805852	response	6	n/a	n/a	trigger	0
3807.459	0.5	3807459	trained	32751	16	memtrain/o_199_2.jpg	photodiode	1
3808.26	0.5	3808260	trained	32733	34	memtrain/o_558_2.jpg	photodiode	1
3809.211	0.5	3809211	untrained	32709	58	memtrain/o_192_1.jpg	photodiode	1
3810.061	0.5	3810061	trained	32731	36	memtrain/o_583_1.jpg	photodiode	1
3810.862	0.5	3810862	catch	32671	n/a	catch_padded.jpg	photodiode	0
3811.273	0.0	3811273	response	6	n/a	n/a	trigger	0
3812.764	0.5	3812764	untrained	32710	57	memtrain/o_171_1.jpg	photodiode	1
3813.564	0.5	3813564	untrained	32683	84	memtrain/so_117_2.jpg	photodiode	1
3814.515	0.5	3814515	trained	32744	23	memtrain/o_338_2.jpg	photodiode	1
3815.366	0.5	3815366	trained	32740	27	memtrain/o_379_2.jpg	photodiode	1
3816.167	0.5	3816167	trained	32753	14	memtrain/o_174_1.jpg	photodiode	1
3816.967	0.5	3816967	catch	32671	n/a	catch_padded.jpg	photodiode	0
3817.266	0.0	3817266	response	6	n/a	n/a	trigger	0
3819.019	0.5	3819019	trained	32754	13	memtrain/o_136_1.jpg	photodiode	1
3819.761	0.5	3819761	trained	32723	44	memtrain/so_045_1.jpg	photodiode	1
3820.57	0.5	3820570	untrained	32678	89	memtrain/o_469_1.jpg	photodiode	1
3821.313	0.5	3821313	catch	32671	n/a	catch_padded.jpg	photodiode	0
3821.683	0.0	3821683	response	6	n/a	n/a	trigger	0
3823.264	0.5	3823264	trained	32725	42	memtrain/so_034_2.jpg	photodiode	1
3824.165	0.5	3824165	untrained	32719	48	memtrain/o_019_2.jpg	photodiode	1
3824.966	0.5	3824966	trained	32730	37	memtrain/o_597_1.jpg	photodiode	1
3825.866	0.5	3825866	catch	32671	n/a	catch_padded.jpg	photodiode	0
3826.2	0.0	3826200	response	6	n/a	n/a	trigger	0
3827.918	0.5	3827918	untrained	32713	54	memtrain/o_145_1.jpg	photodiode	1
3828.869	0.5	3828869	trained	32762	5	memtrain/o_067_1.jpg	photodiode	1
3829.82	0.5	3829820	untrained	32715	52	memtrain/o_141_1.jpg	photodiode	1
3830.771	0.5	3830771	trained	32738	29	memtrain/o_416_1.jpg	photodiode	1
3831.521	0.5	3831521	catch	32671	n/a	catch_padded.jpg	photodiode	0
3831.835	0.0	3831835	response	6	n/a	n/a	trigger	0
3833.423	0.5	3833423	untrained	32697	70	memtrain/o_471_2.jpg	photodiode	1
3834.374	0.5	3834374	untrained	32682	85	memtrain/o_218_1.jpg	photodiode	1
3835.174	0.5	3835174	untrained	32711	56	memtrain/o_163_2.jpg	photodiode	1
3836.075	0.5	3836075	trained	32763	4	memtrain/o_042_1.jpg	photodiode	1
3837.026	0.5	3837026	untrained	32714	53	memtrain/o_142_2.jpg	photodiode	1
3837.927	0.5	3837927	catch	32671	n/a	catch_padded.jpg	photodiode	0
3838.282	0.0	3838282	response	6	n/a	n/a	trigger	0
3844.404	0.0	3844404	block_end	120	n/a	n/a	trigger	0
3857.479	0.0	3857479	response	6	n/a	n/a	trigger	0
3857.49	0.0	3857490	block_onset	114	n/a	n/a	trigger	0
3859.545	0.5	3859545	trained	32737	30	memtrain/o_437_2.jpg	photodiode	1
3860.446	0.5	3860446	trained	32744	23	memtrain/o_338_2.jpg	photodiode	1
3861.297	0.5	3861297	trained	32760	7	memtrain/o_091_2.jpg	photodiode	1
3862.097	0.5	3862097	catch	32671	n/a	catch_padded.jpg	photodiode	0
3862.46	0.0	3862460	response	6	n/a	n/a	trigger	0
3864.149	0.5	3864149	trained	32753	14	memtrain/o_174_1.jpg	photodiode	1
3864.9	0.5	3864900	trained	32751	16	memtrain/o_199_2.jpg	photodiode	1
3865.7	0.5	3865700	trained	32722	45	memtrain/so_090_2.jpg	photodiode	1
3866.643	0.5	3866643	catch	32671	n/a	catch_padded.jpg	photodiode	0
3866.939	0.0	3866939	response	6	n/a	n/a	trigger	0
3868.594	0.5	3868594	trained	32726	41	memtrain/o_663_2.jpg	photodiode	1
3869.445	0.5	3869445	trained	32754	13	memtrain/o_136_1.jpg	photodiode	1
3870.296	0.5	3870296	untrained	32683	84	memtrain/so_117_2.jpg	photodiode	1
3871.247	0.5	3871247	untrained	32676	91	memtrain/o_605_1.jpg	photodiode	1
3872.097	0.5	3872097	catch	32671	n/a	catch_padded.jpg	photodiode	0
3872.325	0.0	3872325	response	6	n/a	n/a	trigger	0
3874.149	0.5	3874149	untrained	32690	77	memtrain/o_574_2.jpg	photodiode	1
3874.9	0.5	3874900	untrained	32694	73	memtrain/o_519_2.jpg	photodiode	1
3875.65	0.5	3875650	untrained	32711	56	memtrain/o_163_2.jpg	photodiode	1
3876.401	0.5	3876401	trained	32759	8	memtrain/o_094_1.jpg	photodiode	1
3877.252	0.5	3877252	catch	32671	n/a	catch_padded.jpg	photodiode	0
3877.553	0.0	3877553	response	6	n/a	n/a	trigger	0
3879.353	0.5	3879353	trained	32761	6	memtrain/o_076_1.jpg	photodiode	1
3880.254	0.5	3880254	untrained	32681	86	memtrain/o_288_1.jpg	photodiode	1
3881.005	0.5	3881005	trained	32723	44	memtrain/so_045_1.jpg	photodiode	1
3881.806	0.5	3881806	trained	32757	10	memtrain/o_111_2.jpg	photodiode	1
3882.556	0.5	3882556	trained	32740	27	memtrain/o_379_2.jpg	photodiode	1
3883.507	0.5	3883507	catch	32671	n/a	catch_padded.jpg	photodiode	0
3883.89	0.0	3883890	response	6	n/a	n/a	trigger	0
3885.459	0.5	3885459	trained	32745	22	memtrain/o_321_1.jpg	photodiode	1
3886.409	0.5	3886409	untrained	32697	70	memtrain/o_471_2.jpg	photodiode	1
3887.31	0.5	3887310	untrained	32692	75	memtrain/o_564_1.jpg	photodiode	1
3888.211	0.5	3888211	trained	32724	43	memtrain/so_043_2.jpg	photodiode	1
3888.962	0.5	3888962	catch	32671	n/a	catch_padded.jpg	photodiode	0
3889.385	0.0	3889385	response	6	n/a	n/a	trigger	0
3891.013	0.5	3891013	trained	32758	9	memtrain/o_101_2.jpg	photodiode	1
3891.964	0.5	3891964	trained	32742	25	memtrain/o_358_2.jpg	photodiode	1
3892.915	0.5	3892915	trained	32729	38	memtrain/o_603_1.jpg	photodiode	1
3893.666	0.5	3893666	trained	32733	34	memtrain/o_558_2.jpg	photodiode	1
3894.408	0.5	3894408	catch	32671	n/a	catch_padded.jpg	photodiode	0
3894.743	0.0	3894743	response	6	n/a	n/a	trigger	0
3896.36	0.5	3896360	untrained	32675	92	memtrain/so_033_1.jpg	photodiode	1
3897.31	0.5	3897310	trained	32721	46	memtrain/so_113_1.jpg	photodiode	1
3898.161	0.5	3898161	untrained	32717	50	memtrain/o_057_2.jpg	photodiode	1
3899.012	0.5	3899012	untrained	32713	54	memtrain/o_145_1.jpg	photodiode	1
3899.404	0.0	3899404	response	6	n/a	n/a	trigger	0
3899.813	0.5	3899813	untrained	32688	79	memtrain/o_600_1.jpg	photodiode	1
3900.713	0.5	3900713	catch	32671	n/a	catch_padded.jpg	photodiode	0
3901.065	0.0	3901065	response	6	n/a	n/a	trigger	0
3902.765	0.5	3902765	untrained	32689	78	memtrain/o_599_1.jpg	photodiode	1
3903.616	0.5	3903616	trained	32755	12	memtrain/o_127_2.jpg	photodiode	1
3904.466	0.5	3904466	untrained	32682	85	memtrain/o_218_1.jpg	photodiode	1
3905.267	0.5	3905267	trained	32731	36	memtrain/o_583_1.jpg	photodiode	1
3906.018	0.5	3906018	catch	32671	n/a	catch_padded.jpg	photodiode	0
3906.329	0.0	3906329	response	6	n/a	n/a	trigger	0
3908.019	0.5	3908019	trained	32762	5	memtrain/o_067_1.jpg	photodiode	1
3908.77	0.5	3908770	untrained	32710	57	memtrain/o_171_1.jpg	photodiode	1
3909.671	0.5	3909671	untrained	32674	93	memtrain/so_035_1.jpg	photodiode	1
3910.472	0.5	3910472	trained	32748	19	memtrain/o_284_2.jpg	photodiode	1
3911.322	0.5	3911322	untrained	32715	52	memtrain/o_141_1.jpg	photodiode	1
3912.073	0.5	3912073	catch	32671	n/a	catch_padded.jpg	photodiode	0
3912.418	0.0	3912418	response	6	n/a	n/a	trigger	0
3914.075	0.5	3914075	untrained	32698	69	memtrain/o_464_2.jpg	photodiode	1
3914.925	0.5	3914925	untrained	32677	90	memtrain/o_580_1.jpg	photodiode	1
3915.676	0.5	3915676	trained	32732	35	memtrain/o_561_2.jpg	photodiode	1
3916.577	0.5	3916577	untrained	32696	71	memtrain/o_483_1.jpg	photodiode	1
3917.427	0.5	3917427	catch	32671	n/a	catch_padded.jpg	photodiode	0
3917.783	0.0	3917783	response	6	n/a	n/a	trigger	0
3919.429	0.5	3919429	trained	32741	26	memtrain/o_376_1.jpg	photodiode	1
3920.33	0.5	3920330	untrained	32703	64	memtrain/o_334_2.jpg	photodiode	1
3921.231	0.5	3921231	untrained	32718	49	memtrain/o_054_2.jpg	photodiode	1
3922.031	0.5	3922031	catch	32671	n/a	catch_padded.jpg	photodiode	0
3922.357	0.0	3922357	response	6	n/a	n/a	trigger	0
3924.033	0.5	3924033	untrained	32691	76	memtrain/o_570_1.jpg	photodiode	1
3924.875	0.5	3924875	untrained	32704	63	memtrain/o_310_2.jpg	photodiode	1
3925.826	0.5	3925826	untrained	32679	88	memtrain/o_458_1.jpg	photodiode	1
3926.577	0.5	3926577	untrained	32678	89	memtrain/o_469_1.jpg	photodiode	1
3927.377	0.5	3927377	untrained	32701	66	memtrain/o_342_2.jpg	photodiode	1
3928.328	0.5	3928328	catch	32671	n/a	catch_padded.jpg	photodiode	0
3928.756	0.0	3928756	response	6	n/a	n/a	trigger	0
3930.43	0.5	3930430	trained	32766	1	memtrain/o_015_1.jpg	photodiode	1
3931.181	0.5	3931181	untrained	32695	72	memtrain/o_490_1.jpg	photodiode	1
3931.981	0.5	3931981	untrained	32686	81	memtrain/o_655_2.jpg	photodiode	1
3932.932	0.5	3932932	untrained	32672	95	memtrain/so_125_1.jpg	photodiode	1
3933.783	0.5	3933783	catch	32671	n/a	catch_padded.jpg	photodiode	0
3934.179	0.0	3934179	response	6	n/a	n/a	trigger	0
3935.735	0.5	3935735	untrained	32680	87	memtrain/o_365_1.jpg	photodiode	1
3936.685	0.5	3936685	untrained	32708	59	memtrain/o_201_2.jpg	photodiode	1
3937.436	0.5	3937436	trained	32728	39	memtrain/o_606_1.jpg	photodiode	1
3938.387	0.5	3938387	catch	32671	n/a	catch_padded.jpg	photodiode	0
3938.832	0.0	3938832	response	6	n/a	n/a	trigger	0
3940.389	0.5	3940389	trained	32727	40	memtrain/o_648_2.jpg	photodiode	1
3941.239	0.5	3941239	trained	32739	28	memtrain/o_397_1.jpg	photodiode	1
3941.99	0.5	3941990	trained	32747	20	memtrain/o_290_1.jpg	photodiode	1
3942.841	0.5	3942841	catch	32671	n/a	catch_padded.jpg	photodiode	0
3943.211	0.0	3943211	response	6	n/a	n/a	trigger	0
3944.942	0.5	3944942	untrained	32706	61	memtrain/o_298_2.jpg	photodiode	1
3945.843	0.5	3945843	trained	32752	15	memtrain/o_195_1.jpg	photodiode	1
3946.644	0.5	3946644	untrained	32712	55	memtrain/o_153_2.jpg	photodiode	1
3947.495	0.5	3947495	untrained	32700	67	memtrain/o_378_1.jpg	photodiode	1
3948.395	0.5	3948395	catch	32671	n/a	catch_padded.jpg	photodiode	0
3948.702	0.0	3948702	response	6	n/a	n/a	trigger	0
3950.347	0.5	3950347	trained	32738	29	memtrain/o_416_1.jpg	photodiode	1
3951.298	0.5	3951298	untrained	32685	82	memtrain/o_656_1.jpg	photodiode	1
3952.098	0.5	3952098	untrained	32707	60	memtrain/o_228_2.jpg	photodiode	1
3952.841	0.5	3952841	trained	32749	18	memtrain/o_264_2.jpg	photodiode	1
3953.6	0.5	3953600	catch	32671	n/a	catch_padded.jpg	photodiode	0
3953.904	0.0	3953904	response	6	n/a	n/a	trigger	0
3955.501	0.5	3955501	trained	32763	4	memtrain/o_042_1.jpg	photodiode	1
3956.244	0.5	3956244	trained	32730	37	memtrain/o_597_1.jpg	photodiode	1
3957.003	0.5	3957003	trained	32750	17	memtrain/o_232_1.jpg	photodiode	1
3957.895	0.5	3957895	untrained	32719	48	memtrain/o_019_2.jpg	photodiode	1
3958.796	0.5	3958796	untrained	32684	83	memtrain/so_105_1.jpg	photodiode	1
3959.747	0.5	3959747	catch	32671	n/a	catch_padded.jpg	photodiode	0
3960.171	0.0	3960171	response	6	n/a	n/a	trigger	0
3961.748	0.5	3961748	trained	32734	33	memtrain/o_536_1.jpg	photodiode	1
3962.499	0.5	3962499	untrained	32702	65	memtrain/o_337_2.jpg	photodiode	1
3963.3	0.5	3963300	untrained	32699	68	memtrain/o_393_1.jpg	photodiode	1
3964.109	0.5	3964109	trained	32746	21	memtrain/o_319_1.jpg	photodiode	1
3965.001	0.5	3965001	catch	32671	n/a	catch_padded.jpg	photodiode	0
3965.33	0.0	3965330	response	6	n/a	n/a	trigger	0
3966.903	0.5	3966903	trained	32756	11	memtrain/o_117_2.jpg	photodiode	1
3967.653	0.5	3967653	untrained	32714	53	memtrain/o_142_2.jpg	photodiode	1
3968.454	0.5	3968454	untrained	32693	74	memtrain/o_550_1.jpg	photodiode	1
3969.255	0.5	3969255	trained	32743	24	memtrain/o_357_1.jpg	photodiode	1
3970.055	0.5	3970055	catch	32671	n/a	catch_padded.jpg	photodiode	0
3970.47	0.0	3970470	response	6	n/a	n/a	trigger	0
3972.107	0.5	3972107	trained	32767	0	memtrain/o_006_1.jpg	photodiode	1
3972.958	0.5	3972958	trained	32720	47	memtrain/so_147_2.jpg	photodiode	1
3973.709	0.5	3973709	untrained	32705	62	memtrain/o_304_1.jpg	photodiode	1
3974.509	0.5	3974509	catch	32671	n/a	catch_padded.jpg	photodiode	0
3974.826	0.0	3974826	response	6	n/a	n/a	trigger	0
3976.561	0.5	3976561	trained	32765	2	memtrain/o_035_1.jpg	photodiode	1
3977.412	0.5	3977412	untrained	32709	58	memtrain/o_192_1.jpg	photodiode	1
3978.212	0.5	3978212	trained	32764	3	memtrain/o_040_2.jpg	photodiode	1
3979.163	0.5	3979163	catch	32671	n/a	catch_padded.jpg	photodiode	0
3979.615	0.0	3979615	response	6	n/a	n/a	trigger	0
3981.115	0.5	3981115	trained	32725	42	memtrain/so_034_2.jpg	photodiode	1
3981.915	0.5	3981915	untrained	32673	94	memtrain/so_067_1.jpg	photodiode	1
3982.758	0.5	3982758	untrained	32716	51	memtrain/o_103_2.jpg	photodiode	1
3983.617	0.5	3983617	trained	32735	32	memtrain/o_485_2.jpg	photodiode	1
3984.518	0.5	3984518	catch	32671	n/a	catch_padded.jpg	photodiode	0
3984.857	0.0	3984857	response	6	n/a	n/a	trigger	0
3986.619	0.5	3986619	trained	32736	31	memtrain/o_465_2.jpg	photodiode	1
3987.562	0.5	3987562	untrained	32687	80	memtrain/o_613_1.jpg	photodiode	1
3988.521	0.5	3988521	trained	32746	21	memtrain/o_319_1.jpg	photodiode	1
3989.322	0.5	3989322	trained	32752	15	memtrain/o_195_1.jpg	photodiode	1
3990.264	0.5	3990264	trained	32737	30	memtrain/o_437_2.jpg	photodiode	1
3991.215	0.5	3991215	catch	32671	n/a	catch_padded.jpg	photodiode	0
3991.609	0.0	3991609	response	6	n/a	n/a	trigger	0
3993.225	0.5	3993225	untrained	32678	89	memtrain/o_469_1.jpg	photodiode	1
3994.067	0.5	3994067	untrained	32673	94	memtrain/so_067_1.jpg	photodiode	1
3994.918	0.5	3994918	untrained	32716	51	memtrain/o_103_2.jpg	photodiode	1
3995.819	0.5	3995819	untrained	32682	85	memtrain/o_218_1.jpg	photodiode	1
3996.72	0.5	3996720	catch	32671	n/a	catch_padded.jpg	photodiode	0
3997.11	0.0	3997110	response	6	n/a	n/a	trigger	0
3998.671	0.5	3998671	untrained	32684	83	memtrain/so_105_1.jpg	photodiode	1
3999.622	0.5	3999622	untrained	32681	86	memtrain/o_288_1.jpg	photodiode	1
4000.573	0.5	4000573	untrained	32713	54	memtrain/o_145_1.jpg	photodiode	1
4001.324	0.5	4001324	catch	32671	n/a	catch_padded.jpg	photodiode	0
4001.937	0.0	4001937	response	6	n/a	n/a	trigger	0
4003.375	0.5	4003375	trained	32733	34	memtrain/o_558_2.jpg	photodiode	1
4004.176	0.5	4004176	trained	32739	28	memtrain/o_397_1.jpg	photodiode	1
4005.127	0.5	4005127	trained	32740	27	memtrain/o_379_2.jpg	photodiode	1
4005.877	0.5	4005877	untrained	32696	71	memtrain/o_483_1.jpg	photodiode	1
4006.778	0.5	4006778	trained	32753	14	memtrain/o_174_1.jpg	photodiode	1
4007.629	0.5	4007629	catch	32671	n/a	catch_padded.jpg	photodiode	0
4008.115	0.0	4008115	response	6	n/a	n/a	trigger	0
4009.53	0.5	4009530	untrained	32695	72	memtrain/o_490_1.jpg	photodiode	1
4010.381	0.5	4010381	trained	32726	41	memtrain/o_663_2.jpg	photodiode	1
4011.132	0.5	4011132	untrained	32701	66	memtrain/o_342_2.jpg	photodiode	1
4012.083	0.5	4012083	catch	32671	n/a	catch_padded.jpg	photodiode	0
4012.449	0.0	4012449	response	6	n/a	n/a	trigger	0
4014.184	0.5	4014184	trained	32764	3	memtrain/o_040_2.jpg	photodiode	1
4015.027	0.5	4015027	trained	32742	25	memtrain/o_358_2.jpg	photodiode	1
4015.928	0.5	4015928	untrained	32679	88	memtrain/o_458_1.jpg	photodiode	1
4016.728	0.5	4016728	catch	32671	n/a	catch_padded.jpg	photodiode	0
4017.095	0.0	4017095	response	6	n/a	n/a	trigger	0
4018.83	0.5	4018830	trained	32762	5	memtrain/o_067_1.jpg	photodiode	1
4019.631	0.5	4019631	trained	32765	2	memtrain/o_035_1.jpg	photodiode	1
4020.532	0.5	4020532	untrained	32688	79	memtrain/o_600_1.jpg	photodiode	1
4021.282	0.5	4021282	untrained	32710	57	memtrain/o_171_1.jpg	photodiode	1
4022.083	0.5	4022083	untrained	32698	69	memtrain/o_464_2.jpg	photodiode	1
4023.034	0.5	4023034	catch	32671	n/a	catch_padded.jpg	photodiode	0
4023.422	0.0	4023422	response	6	n/a	n/a	trigger	0
4025.085	0.5	4025085	trained	32760	7	memtrain/o_091_2.jpg	photodiode	1
4025.836	0.5	4025836	trained	32723	44	memtrain/so_045_1.jpg	photodiode	1
4026.687	0.5	4026687	trained	32741	26	memtrain/o_376_1.jpg	photodiode	1
4027.588	0.5	4027588	trained	32729	38	memtrain/o_603_1.jpg	photodiode	1
4028.488	0.5	4028488	untrained	32690	77	memtrain/o_574_2.jpg	photodiode	1
4029.339	0.5	4029339	catch	32671	n/a	catch_padded.jpg	photodiode	0
4029.712	0.0	4029712	response	6	n/a	n/a	trigger	0
4031.341	0.5	4031341	trained	32748	19	memtrain/o_284_2.jpg	photodiode	1
4032.141	0.5	4032141	trained	32751	16	memtrain/o_199_2.jpg	photodiode	1
4033.042	0.5	4033042	trained	32763	4	memtrain/o_042_1.jpg	photodiode	1
4033.993	0.5	4033993	untrained	32719	48	memtrain/o_019_2.jpg	photodiode	1
4034.944	0.5	4034944	trained	32727	40	memtrain/o_648_2.jpg	photodiode	1
4035.845	0.5	4035845	catch	32671	n/a	catch_padded.jpg	photodiode	0
4036.2	0.0	4036200	response	6	n/a	n/a	trigger	0
4037.896	0.5	4037896	untrained	32675	92	memtrain/so_033_1.jpg	photodiode	1
4038.697	0.5	4038697	trained	32730	37	memtrain/o_597_1.jpg	photodiode	1
4039.548	0.5	4039548	trained	32725	42	memtrain/so_034_2.jpg	photodiode	1
4040.448	0.5	4040448	catch	32671	n/a	catch_padded.jpg	photodiode	0
4040.961	0.0	4040961	response	6	n/a	n/a	trigger	0
4042.45	0.5	4042450	untrained	32694	73	memtrain/o_519_2.jpg	photodiode	1
4043.242	0.5	4043242	trained	32757	10	memtrain/o_111_2.jpg	photodiode	1
4043.993	0.5	4043993	untrained	32680	87	memtrain/o_365_1.jpg	photodiode	1
4044.744	0.5	4044744	untrained	32676	91	memtrain/o_605_1.jpg	photodiode	1
4045.644	0.5	4045644	catch	32671	n/a	catch_padded.jpg	photodiode	0
4045.956	0.0	4045956	response	6	n/a	n/a	trigger	0
4047.696	0.5	4047696	trained	32743	24	memtrain/o_357_1.jpg	photodiode	1
4048.547	0.5	4048547	trained	32720	47	memtrain/so_147_2.jpg	photodiode	1
4049.448	0.5	4049448	untrained	32689	78	memtrain/o_599_1.jpg	photodiode	1
4050.248	0.5	4050248	untrained	32672	95	memtrain/so_125_1.jpg	photodiode	1
4051.199	0.5	4051199	trained	32749	18	memtrain/o_264_2.jpg	photodiode	1
4052.15	0.5	4052150	catch	32671	n/a	catch_padded.jpg	photodiode	0
4052.519	0.0	4052519	response	6	n/a	n/a	trigger	0
4054.202	0.5	4054202	untrained	32717	50	memtrain/o_057_2.jpg	photodiode	1
4054.952	0.5	4054952	trained	32721	46	memtrain/so_113_1.jpg	photodiode	1
4055.803	0.5	4055803	untrained	32702	65	memtrain/o_337_2.jpg	photodiode	1
4056.754	0.5	4056754	untrained	32712	55	memtrain/o_153_2.jpg	photodiode	1
4057.504	0.5	4057504	trained	32738	29	memtrain/o_416_1.jpg	photodiode	1
4058.255	0.5	4058255	catch	32671	n/a	catch_padded.jpg	photodiode	0
4058.57	0.0	4058570	response	6	n/a	n/a	trigger	0
4060.207	0.5	4060207	trained	32728	39	memtrain/o_606_1.jpg	photodiode	1
4061.007	0.5	4061007	untrained	32677	90	memtrain/o_580_1.jpg	photodiode	1
4061.908	0.5	4061908	trained	32747	20	memtrain/o_290_1.jpg	photodiode	1
4062.709	0.5	4062709	untrained	32709	58	memtrain/o_192_1.jpg	photodiode	1
4063.61	0.5	4063610	untrained	32703	64	memtrain/o_334_2.jpg	photodiode	1
4064.56	0.5	4064560	catch	32671	n/a	catch_padded.jpg	photodiode	0
4064.867	0.0	4064867	response	6	n/a	n/a	trigger	0
4066.462	0.5	4066462	untrained	32691	76	memtrain/o_570_1.jpg	photodiode	1
4067.413	0.5	4067413	trained	32755	12	memtrain/o_127_2.jpg	photodiode	1
4068.214	0.5	4068214	untrained	32706	61	memtrain/o_298_2.jpg	photodiode	1
4069.164	0.5	4069164	untrained	32711	56	memtrain/o_163_2.jpg	photodiode	1
4070.115	0.5	4070115	trained	32731	36	memtrain/o_583_1.jpg	photodiode	1
4071.016	0.5	4071016	catch	32671	n/a	catch_padded.jpg	photodiode	0
4071.405	0.0	4071405	response	6	n/a	n/a	trigger	0
4072.968	0.5	4072968	trained	32761	6	memtrain/o_076_1.jpg	photodiode	1
4073.91	0.5	4073910	trained	32759	8	memtrain/o_094_1.jpg	photodiode	1
4074.861	0.5	4074861	untrained	32708	59	memtrain/o_201_2.jpg	photodiode	1
4075.712	0.5	4075712	trained	32754	13	memtrain/o_136_1.jpg	photodiode	1
4076.512	0.5	4076512	trained	32735	32	memtrain/o_485_2.jpg	photodiode	1
4077.463	0.5	4077463	catch	32671	n/a	catch_padded.jpg	photodiode	0
4077.802	0.0	4077802	response	6	n/a	n/a	trigger	0
4079.415	0.5	4079415	untrained	32692	75	memtrain/o_564_1.jpg	photodiode	1
4080.374	0.5	4080374	untrained	32699	68	memtrain/o_393_1.jpg	photodiode	1
4081.266	0.5	4081266	trained	32756	11	memtrain/o_117_2.jpg	photodiode	1
4082.117	0.5	4082117	catch	32671	n/a	catch_padded.jpg	photodiode	0
4082.523	0.0	4082523	response	6	n/a	n/a	trigger	0
4084.219	0.5	4084219	untrained	32715	52	memtrain/o_141_1.jpg	photodiode	1
4084.97	0.5	4084970	trained	32736	31	memtrain/o_465_2.jpg	photodiode	1
4085.77	0.5	4085770	trained	32744	23	memtrain/o_338_2.jpg	photodiode	1
4086.521	0.5	4086521	catch	32671	n/a	catch_padded.jpg	photodiode	0
4086.896	0.0	4086896	response	6	n/a	n/a	trigger	0
4088.422	0.5	4088422	untrained	32714	53	memtrain/o_142_2.jpg	photodiode	1
4089.273	0.5	4089273	untrained	32705	62	memtrain/o_304_1.jpg	photodiode	1
4090.174	0.5	4090174	trained	32750	17	memtrain/o_232_1.jpg	photodiode	1
4091.025	0.5	4091025	trained	32722	45	memtrain/so_090_2.jpg	photodiode	1
4091.875	0.5	4091875	untrained	32704	63	memtrain/o_310_2.jpg	photodiode	1
4092.626	0.5	4092626	catch	32671	n/a	catch_padded.jpg	photodiode	0
4092.963	0.0	4092963	response	6	n/a	n/a	trigger	0
4094.628	0.5	4094628	trained	32767	0	memtrain/o_006_1.jpg	photodiode	1
4095.528	0.5	4095528	trained	32724	43	memtrain/so_043_2.jpg	photodiode	1
4096.329	0.5	4096329	trained	32734	33	memtrain/o_536_1.jpg	photodiode	1
4097.08	0.5	4097080	untrained	32693	74	memtrain/o_550_1.jpg	photodiode	1
4097.981	0.5	4097981	catch	32671	n/a	catch_padded.jpg	photodiode	0
4098.293	0.0	4098293	response	6	n/a	n/a	trigger	0
4100.082	0.5	4100082	untrained	32707	60	memtrain/o_228_2.jpg	photodiode	1
4100.933	0.5	4100933	untrained	32683	84	memtrain/so_117_2.jpg	photodiode	1
4101.834	0.5	4101834	untrained	32718	49	memtrain/o_054_2.jpg	photodiode	1
4102.576	0.5	4102576	catch	32671	n/a	catch_padded.jpg	photodiode	0
4102.943	0.0	4102943	response	6	n/a	n/a	trigger	0
4104.478	0.5	4104478	untrained	32697	70	memtrain/o_471_2.jpg	photodiode	1
4105.278	0.5	4105278	untrained	32674	93	memtrain/so_035_1.jpg	photodiode	1
4106.229	0.5	4106229	trained	32758	9	memtrain/o_101_2.jpg	photodiode	1
4107.03	0.5	4107030	untrained	32686	81	memtrain/o_655_2.jpg	photodiode	1
4107.981	0.5	4107981	catch	32671	n/a	catch_padded.jpg	photodiode	0
4108.391	0.0	4108391	response	6	n/a	n/a	trigger	0
4109.882	0.5	4109882	untrained	32685	82	memtrain/o_656_1.jpg	photodiode	1
4110.733	0.5	4110733	untrained	32687	80	memtrain/o_613_1.jpg	photodiode	1
4111.534	0.5	4111534	trained	32732	35	memtrain/o_561_2.jpg	photodiode	1
4112.284	0.5	4112284	catch	32671	n/a	catch_padded.jpg	photodiode	0
4112.835	0.0	4112835	response	6	n/a	n/a	trigger	0
4114.386	0.5	4114386	trained	32766	1	memtrain/o_015_1.jpg	photodiode	1
4115.137	0.5	4115137	untrained	32700	67	memtrain/o_378_1.jpg	photodiode	1
4115.937	0.5	4115937	trained	32745	22	memtrain/o_321_1.jpg	photodiode	1
4116.838	0.5	4116838	catch	32671	n/a	catch_padded.jpg	photodiode	0
4117.465	0.0	4117465	response	6	n/a	n/a	trigger	0
4123.316	0.0	4123316	block_end	120	n/a	n/a	trigger	0
4138.399	0.0	4138399	response	6	n/a	n/a	trigger	0
4138.403	0.0	4138403	block_onset	115	n/a	n/a	trigger	0
4140.458	0.5	4140458	trained	32767	0	memtrain/o_006_1.jpg	photodiode	1
4141.309	0.5	4141309	untrained	32698	69	memtrain/o_464_2.jpg	photodiode	1
4142.251	0.5	4142251	trained	32741	26	memtrain/o_376_1.jpg	photodiode	1
4143.052	0.5	4143052	untrained	32688	79	memtrain/o_600_1.jpg	photodiode	1
4143.803	0.5	4143803	catch	32671	n/a	catch_padded.jpg	photodiode	0
4144.12	0.0	4144120	response	6	n/a	n/a	trigger	0
4145.763	0.5	4145763	untrained	32691	76	memtrain/o_570_1.jpg	photodiode	1
4146.605	0.5	4146605	trained	32730	37	memtrain/o_597_1.jpg	photodiode	1
4147.356	0.5	4147356	trained	32720	47	memtrain/so_147_2.jpg	photodiode	1
4148.156	0.5	4148156	untrained	32676	91	memtrain/o_605_1.jpg	photodiode	1
4149.057	0.5	4149057	untrained	32686	81	memtrain/o_655_2.jpg	photodiode	1
4149.858	0.5	4149858	catch	32671	n/a	catch_padded.jpg	photodiode	0
4150.176	0.0	4150176	response	6	n/a	n/a	trigger	0
4151.86	0.5	4151860	trained	32758	9	memtrain/o_101_2.jpg	photodiode	1
4152.81	0.5	4152810	trained	32735	32	memtrain/o_485_2.jpg	photodiode	1
4153.711	0.5	4153711	trained	32748	19	memtrain/o_284_2.jpg	photodiode	1
4154.562	0.5	4154562	catch	32671	n/a	catch_padded.jpg	photodiode	0
4154.894	0.0	4154894	response	6	n/a	n/a	trigger	0
4156.664	0.5	4156664	untrained	32692	75	memtrain/o_564_1.jpg	photodiode	1
4157.564	0.5	4157564	untrained	32710	57	memtrain/o_171_1.jpg	photodiode	1
4158.415	0.5	4158415	untrained	32687	80	memtrain/o_613_1.jpg	photodiode	1
4159.216	0.5	4159216	trained	32736	31	memtrain/o_465_2.jpg	photodiode	1
4160.016	0.5	4160016	untrained	32674	93	memtrain/so_035_1.jpg	photodiode	1
4160.817	0.5	4160817	catch	32671	n/a	catch_padded.jpg	photodiode	0
4161.081	0.0	4161081	response	6	n/a	n/a	trigger	0
4162.869	0.5	4162869	untrained	32684	83	memtrain/so_105_1.jpg	photodiode	1
4163.77	0.5	4163770	trained	32756	11	memtrain/o_117_2.jpg	photodiode	1
4164.67	0.5	4164670	untrained	32690	77	memtrain/o_574_2.jpg	photodiode	1
4165.471	0.5	4165471	untrained	32713	54	memtrain/o_145_1.jpg	photodiode	1
4166.422	0.5	4166422	catch	32671	n/a	catch_padded.jpg	photodiode	0
4166.704	0.0	4166704	response	6	n/a	n/a	trigger	0
4168.374	0.5	4168374	untrained	32680	87	memtrain/o_365_1.jpg	photodiode	1
4169.174	0.5	4169174	trained	32760	7	memtrain/o_091_2.jpg	photodiode	1
4169.925	0.5	4169925	trained	32743	24	memtrain/o_357_1.jpg	photodiode	1
4170.676	0.5	4170676	trained	32733	34	memtrain/o_558_2.jpg	photodiode	1
4171.476	0.5	4171476	catch	32671	n/a	catch_padded.jpg	photodiode	0
4171.871	0.0	4171871	response	6	n/a	n/a	trigger	0
4173.469	0.5	4173469	untrained	32716	51	memtrain/o_103_2.jpg	photodiode	1
4174.229	0.5	4174229	untrained	32714	53	memtrain/o_142_2.jpg	photodiode	1
4175.021	0.5	4175021	trained	32739	28	memtrain/o_397_1.jpg	photodiode	1
4175.922	0.5	4175922	untrained	32699	68	memtrain/o_393_1.jpg	photodiode	1
4176.722	0.5	4176722	trained	32732	35	memtrain/o_561_2.jpg	photodiode	1
4177.573	0.5	4177573	catch	32671	n/a	catch_padded.jpg	photodiode	0
4178.023	0.0	4178023	response	6	n/a	n/a	trigger	0
4179.475	0.5	4179475	untrained	32694	73	memtrain/o_519_2.jpg	photodiode	1
4180.225	0.5	4180225	trained	32750	17	memtrain/o_232_1.jpg	photodiode	1
4181.176	0.5	4181176	trained	32734	33	memtrain/o_536_1.jpg	photodiode	1
4182.127	0.5	4182127	trained	32722	45	memtrain/so_090_2.jpg	photodiode	1
4182.978	0.5	4182978	trained	32749	18	memtrain/o_264_2.jpg	photodiode	1
4183.928	0.5	4183928	catch	32671	n/a	catch_padded.jpg	photodiode	0
4184.215	0.0	4184215	response	6	n/a	n/a	trigger	0
4186.03	0.5	4186030	trained	32725	42	memtrain/so_034_2.jpg	photodiode	1
4186.881	0.5	4186881	trained	32728	39	memtrain/o_606_1.jpg	photodiode	1
4187.832	0.5	4187832	trained	32724	43	memtrain/so_043_2.jpg	photodiode	1
4188.732	0.5	4188732	untrained	32685	82	memtrain/o_656_1.jpg	photodiode	1
4189.533	0.5	4189533	untrained	32678	89	memtrain/o_469_1.jpg	photodiode	1
4190.384	0.5	4190384	catch	32671	n/a	catch_padded.jpg	photodiode	0
4190.757	0.0	4190757	response	6	n/a	n/a	trigger	0
4192.285	0.5	4192285	untrained	32673	94	memtrain/so_067_1.jpg	photodiode	1
4193.036	0.5	4193036	untrained	32681	86	memtrain/o_288_1.jpg	photodiode	1
4193.787	0.5	4193787	trained	32738	29	memtrain/o_416_1.jpg	photodiode	1
4194.537	0.5	4194537	catch	32671	n/a	catch_padded.jpg	photodiode	0
4194.991	0.0	4194991	response	6	n/a	n/a	trigger	0
4196.639	0.5	4196639	untrained	32708	59	memtrain/o_201_2.jpg	photodiode	1
4197.59	0.5	4197590	untrained	32715	52	memtrain/o_141_1.jpg	photodiode	1
4198.391	0.5	4198391	trained	32727	40	memtrain/o_648_2.jpg	photodiode	1
4199.241	0.5	4199241	untrained	32697	70	memtrain/o_471_2.jpg	photodiode	1
4199.992	0.5	4199992	catch	32671	n/a	catch_padded.jpg	photodiode	0
4200.33	0.0	4200330	response	6	n/a	n/a	trigger	0
4202.094	0.5	4202094	untrained	32711	56	memtrain/o_163_2.jpg	photodiode	1
4202.995	0.5	4202995	trained	32731	36	memtrain/o_583_1.jpg	photodiode	1
4203.937	0.5	4203937	untrained	32705	62	memtrain/o_304_1.jpg	photodiode	1
4204.788	0.5	4204788	untrained	32702	65	memtrain/o_337_2.jpg	photodiode	1
4205.739	0.5	4205739	catch	32671	n/a	catch_padded.jpg	photodiode	0
4206.111	0.0	4206111	response	6	n/a	n/a	trigger	0
4207.84	0.5	4207840	trained	32726	41	memtrain/o_663_2.jpg	photodiode	1
4208.691	0.5	4208691	trained	32755	12	memtrain/o_127_2.jpg	photodiode	1
4209.592	0.5	4209592	trained	32764	3	memtrain/o_040_2.jpg	photodiode	1
4210.443	0.5	4210443	untrained	32679	88	memtrain/o_458_1.jpg	photodiode	1
4211.393	0.5	4211393	catch	32671	n/a	catch_padded.jpg	photodiode	0
4211.717	0.0	4211717	response	6	n/a	n/a	trigger	0
4213.345	0.5	4213345	untrained	32719	48	memtrain/o_019_2.jpg	photodiode	1
4214.246	0.5	4214246	trained	32763	4	memtrain/o_042_1.jpg	photodiode	1
4215.147	0.5	4215147	trained	32762	5	memtrain/o_067_1.jpg	photodiode	1
4216.097	0.5	4216097	trained	32745	22	memtrain/o_321_1.jpg	photodiode	1
4217.048	0.5	4217048	catch	32671	n/a	catch_padded.jpg	photodiode	0
4217.51	0.0	4217510	response	6	n/a	n/a	trigger	0
4219.15	0.5	4219150	untrained	32712	55	memtrain/o_153_2.jpg	photodiode	1
4219.951	0.5	4219951	trained	32765	2	memtrain/o_035_1.jpg	photodiode	1
4220.851	0.5	4220851	trained	32751	16	memtrain/o_199_2.jpg	photodiode	1
4221.602	0.5	4221602	untrained	32672	95	memtrain/so_125_1.jpg	photodiode	1
4222.553	0.5	4222553	catch	32671	n/a	catch_padded.jpg	photodiode	0
4222.888	0.0	4222888	response	6	n/a	n/a	trigger	0
4224.555	0.5	4224555	untrained	32704	63	memtrain/o_310_2.jpg	photodiode	1
4225.505	0.5	4225505	untrained	32689	78	memtrain/o_599_1.jpg	photodiode	1
4226.356	0.5	4226356	trained	32766	1	memtrain/o_015_1.jpg	photodiode	1
4227.107	0.5	4227107	trained	32759	8	memtrain/o_094_1.jpg	photodiode	1
4227.857	0.5	4227857	trained	32753	14	memtrain/o_174_1.jpg	photodiode	1
4228.708	0.5	4228708	catch	32671	n/a	catch_padded.jpg	photodiode	0
4229.107	0.0	4229107	response	6	n/a	n/a	trigger	0
4230.66	0.5	4230660	trained	32761	6	memtrain/o_076_1.jpg	photodiode	1
4231.611	0.5	4231611	untrained	32703	64	memtrain/o_334_2.jpg	photodiode	1
4232.453	0.5	4232453	trained	32747	20	memtrain/o_290_1.jpg	photodiode	1
4233.304	0.5	4233304	trained	32754	13	memtrain/o_136_1.jpg	photodiode	1
4234.154	0.5	4234154	catch	32671	n/a	catch_padded.jpg	photodiode	0
4234.442	0.0	4234442	response	6	n/a	n/a	trigger	0
4236.256	0.5	4236256	trained	32723	44	memtrain/so_045_1.jpg	photodiode	1
4237.057	0.5	4237057	trained	32740	27	memtrain/o_379_2.jpg	photodiode	1
4238.008	0.5	4238008	trained	32752	15	memtrain/o_195_1.jpg	photodiode	1
4238.758	0.5	4238758	trained	32737	30	memtrain/o_437_2.jpg	photodiode	1
4239.559	0.5	4239559	untrained	32701	66	memtrain/o_342_2.jpg	photodiode	1
4240.309	0.5	4240309	catch	32671	n/a	catch_padded.jpg	photodiode	0
4240.649	0.0	4240649	response	6	n/a	n/a	trigger	0
4242.411	0.5	4242411	untrained	32675	92	memtrain/so_033_1.jpg	photodiode	1
4243.162	0.5	4243162	untrained	32677	90	memtrain/o_580_1.jpg	photodiode	1
4244.013	0.5	4244013	trained	32757	10	memtrain/o_111_2.jpg	photodiode	1
4244.813	0.5	4244813	catch	32671	n/a	catch_padded.jpg	photodiode	0
4245.156	0.0	4245156	response	6	n/a	n/a	trigger	0
4246.715	0.5	4246715	untrained	32706	61	memtrain/o_298_2.jpg	photodiode	1
4247.616	0.5	4247616	untrained	32696	71	memtrain/o_483_1.jpg	photodiode	1
4248.366	0.5	4248366	untrained	32682	85	memtrain/o_218_1.jpg	photodiode	1
4249.167	0.5	4249167	untrained	32700	67	memtrain/o_378_1.jpg	photodiode	1
4249.918	0.5	4249918	catch	32671	n/a	catch_padded.jpg	photodiode	0
4250.26	0.0	4250260	response	6	n/a	n/a	trigger	0
4251.919	0.5	4251919	untrained	32718	49	memtrain/o_054_2.jpg	photodiode	1
4252.87	0.5	4252870	untrained	32693	74	memtrain/o_550_1.jpg	photodiode	1
4253.621	0.5	4253621	untrained	32683	84	memtrain/so_117_2.jpg	photodiode	1
4254.572	0.5	4254572	untrained	32695	72	memtrain/o_490_1.jpg	photodiode	1
4255.422	0.5	4255422	catch	32671	n/a	catch_padded.jpg	photodiode	0
4255.828	0.0	4255828	response	6	n/a	n/a	trigger	0
4257.474	0.5	4257474	untrained	32709	58	memtrain/o_192_1.jpg	photodiode	1
4258.275	0.5	4258275	trained	32746	21	memtrain/o_319_1.jpg	photodiode	1
4259.226	0.5	4259226	trained	32744	23	memtrain/o_338_2.jpg	photodiode	1
4260.076	0.5	4260076	catch	32671	n/a	catch_padded.jpg	photodiode	0
4261.978	0.5	4261978	untrained	32707	60	memtrain/o_228_2.jpg	photodiode	1
4262.72	0.5	4262720	trained	32721	46	memtrain/so_113_1.jpg	photodiode	1
4263.579	0.5	4263579	trained	32729	38	memtrain/o_603_1.jpg	photodiode	1
4264.522	0.5	4264522	catch	32671	n/a	catch_padded.jpg	photodiode	0
4264.825	0.0	4264825	response	6	n/a	n/a	trigger	0
4266.423	0.5	4266423	untrained	32717	50	memtrain/o_057_2.jpg	photodiode	1
4267.182	0.5	4267182	trained	32742	25	memtrain/o_358_2.jpg	photodiode	1
4267.925	0.5	4267925	trained	32746	21	memtrain/o_319_1.jpg	photodiode	1
4268.775	0.5	4268775	catch	32671	n/a	catch_padded.jpg	photodiode	0
4269.087	0.0	4269087	response	6	n/a	n/a	trigger	0
4270.727	0.5	4270727	trained	32757	10	memtrain/o_111_2.jpg	photodiode	1
4271.478	0.5	4271478	trained	32720	47	memtrain/so_147_2.jpg	photodiode	1
4272.378	0.5	4272378	untrained	32704	63	memtrain/o_310_2.jpg	photodiode	1
4273.179	0.5	4273179	untrained	32684	83	memtrain/so_105_1.jpg	photodiode	1
4274.13	0.5	4274130	catch	32671	n/a	catch_padded.jpg	photodiode	0
4274.414	0.0	4274414	response	6	n/a	n/a	trigger	0
4276.032	0.5	4276032	untrained	32705	62	memtrain/o_304_1.jpg	photodiode	1
4276.782	0.5	4276782	untrained	32717	50	memtrain/o_057_2.jpg	photodiode	1
4277.733	0.5	4277733	trained	32752	15	memtrain/o_195_1.jpg	photodiode	1
4278.534	0.5	4278534	untrained	32675	92	memtrain/so_033_1.jpg	photodiode	1
4279.434	0.5	4279434	trained	32724	43	memtrain/so_043_2.jpg	photodiode	1
4280.385	0.5	4280385	catch	32671	n/a	catch_padded.jpg	photodiode	0
4280.673	0.0	4280673	response	6	n/a	n/a	trigger	0
4282.387	0.5	4282387	untrained	32719	48	memtrain/o_019_2.jpg	photodiode	1
4283.338	0.5	4283338	trained	32743	24	memtrain/o_357_1.jpg	photodiode	1
4284.138	0.5	4284138	untrained	32701	66	memtrain/o_342_2.jpg	photodiode	1
4285.039	0.5	4285039	untrained	32700	67	memtrain/o_378_1.jpg	photodiode	1
4285.94	0.5	4285940	trained	32740	27	memtrain/o_379_2.jpg	photodiode	1
4286.791	0.5	4286791	catch	32671	n/a	catch_padded.jpg	photodiode	0
4287.026	0.0	4287026	response	6	n/a	n/a	trigger	0
4288.892	0.5	4288892	trained	32737	30	memtrain/o_437_2.jpg	photodiode	1
4289.793	0.5	4289793	untrained	32715	52	memtrain/o_141_1.jpg	photodiode	1
4290.686	0.5	4290686	untrained	32716	51	memtrain/o_103_2.jpg	photodiode	1
4291.586	0.5	4291586	trained	32747	20	memtrain/o_290_1.jpg	photodiode	1
4292.337	0.5	4292337	untrained	32685	82	memtrain/o_656_1.jpg	photodiode	1
4293.188	0.5	4293188	catch	32671	n/a	catch_padded.jpg	photodiode	0
4293.493	0.0	4293493	response	6	n/a	n/a	trigger	0
4295.139	0.5	4295139	trained	32750	17	memtrain/o_232_1.jpg	photodiode	1
4295.948	0.5	4295948	untrained	32676	91	memtrain/o_605_1.jpg	photodiode	1
4296.891	0.5	4296891	trained	32758	9	memtrain/o_101_2.jpg	photodiode	1
4297.641	0.5	4297641	catch	32671	n/a	catch_padded.jpg	photodiode	0
4297.959	0.0	4297959	response	6	n/a	n/a	trigger	0
4299.543	0.5	4299543	trained	32764	3	memtrain/o_040_2.jpg	photodiode	1
4300.444	0.5	4300444	trained	32765	2	memtrain/o_035_1.jpg	photodiode	1
4301.395	0.5	4301395	untrained	32714	53	memtrain/o_142_2.jpg	photodiode	1
4302.345	0.5	4302345	catch	32671	n/a	catch_padded.jpg	photodiode	0
4302.674	0.0	4302674	response	6	n/a	n/a	trigger	0
4304.447	0.5	4304447	trained	32755	12	memtrain/o_127_2.jpg	photodiode	1
4305.398	0.5	4305398	trained	32732	35	memtrain/o_561_2.jpg	photodiode	1
4306.299	0.5	4306299	untrained	32690	77	memtrain/o_574_2.jpg	photodiode	1
4307.25	0.5	4307250	untrained	32673	94	memtrain/so_067_1.jpg	photodiode	1
4308.0	0.5	4308000	catch	32671	n/a	catch_padded.jpg	photodiode	0
4308.883	0.0	4308883	response	6	n/a	n/a	trigger	0
4310.102	0.5	4310102	untrained	32707	60	memtrain/o_228_2.jpg	photodiode	1
4311.053	0.5	4311053	trained	32766	1	memtrain/o_015_1.jpg	photodiode	1
4311.803	0.5	4311803	untrained	32672	95	memtrain/so_125_1.jpg	photodiode	1
4312.604	0.5	4312604	untrained	32713	54	memtrain/o_145_1.jpg	photodiode	1
4313.505	0.5	4313505	trained	32744	23	memtrain/o_338_2.jpg	photodiode	1
4314.456	0.5	4314456	catch	32671	n/a	catch_padded.jpg	photodiode	0
4314.735	0.0	4314735	response	6	n/a	n/a	trigger	0
4316.457	0.5	4316457	untrained	32682	85	memtrain/o_218_1.jpg	photodiode	1
4317.258	0.5	4317258	untrained	32696	71	memtrain/o_483_1.jpg	photodiode	1
4318.009	0.5	4318009	trained	32753	14	memtrain/o_174_1.jpg	photodiode	1
4318.809	0.5	4318809	trained	32763	4	memtrain/o_042_1.jpg	photodiode	1
4319.76	0.5	4319760	untrained	32693	74	memtrain/o_550_1.jpg	photodiode	1
4320.553	0.5	4320553	catch	32671	n/a	catch_padded.jpg	photodiode	0
4320.852	0.0	4320852	response	6	n/a	n/a	trigger	0
4322.454	0.5	4322454	trained	32730	37	memtrain/o_597_1.jpg	photodiode	1
4323.305	0.5	4323305	trained	32728	39	memtrain/o_606_1.jpg	photodiode	1
4324.156	0.5	4324156	trained	32759	8	memtrain/o_094_1.jpg	photodiode	1
4324.956	0.5	4324956	catch	32671	n/a	catch_padded.jpg	photodiode	0
4325.395	0.0	4325395	response	6	n/a	n/a	trigger	0
4326.958	0.5	4326958	trained	32741	26	memtrain/o_376_1.jpg	photodiode	1
4327.909	0.5	4327909	trained	32731	36	memtrain/o_583_1.jpg	photodiode	1
4328.76	0.5	4328760	untrained	32697	70	memtrain/o_471_2.jpg	photodiode	1
4329.56	0.5	4329560	trained	32738	29	memtrain/o_416_1.jpg	photodiode	1
4330.411	0.5	4330411	untrained	32708	59	memtrain/o_201_2.jpg	photodiode	1
4331.262	0.5	4331262	catch	32671	n/a	catch_padded.jpg	photodiode	0
4331.553	0.0	4331553	response	6	n/a	n/a	trigger	0
4333.163	0.5	4333163	untrained	32695	72	memtrain/o_490_1.jpg	photodiode	1
4334.114	0.5	4334114	trained	32722	45	memtrain/so_090_2.jpg	photodiode	1
4334.965	0.5	4334965	trained	32751	16	memtrain/o_199_2.jpg	photodiode	1
4335.866	0.5	4335866	catch	32671	n/a	catch_padded.jpg	photodiode	0
4336.222	0.0	4336222	response	6	n/a	n/a	trigger	0
4337.867	0.5	4337867	trained	32739	28	memtrain/o_397_1.jpg	photodiode	1
4338.818	0.5	4338818	untrained	32688	79	memtrain/o_600_1.jpg	photodiode	1
4339.619	0.5	4339619	untrained	32692	75	memtrain/o_564_1.jpg	photodiode	1
4340.469	0.5	4340469	catch	32671	n/a	catch_padded.jpg	photodiode	0
4340.856	0.0	4340856	response	6	n/a	n/a	trigger	0
4342.521	0.5	4342521	trained	32726	41	memtrain/o_663_2.jpg	photodiode	1
4343.272	0.5	4343272	trained	32742	25	memtrain/o_358_2.jpg	photodiode	1
4344.173	0.5	4344173	untrained	32710	57	memtrain/o_171_1.jpg	photodiode	1
4345.073	0.5	4345073	untrained	32674	93	memtrain/so_035_1.jpg	photodiode	1
4345.974	0.5	4345974	trained	32721	46	memtrain/so_113_1.jpg	photodiode	1
4346.825	0.5	4346825	catch	32671	n/a	catch_padded.jpg	photodiode	0
4347.206	0.0	4347206	response	6	n/a	n/a	trigger	0
4348.777	0.5	4348777	trained	32733	34	memtrain/o_558_2.jpg	photodiode	1
4349.669	0.5	4349669	untrained	32687	80	memtrain/o_613_1.jpg	photodiode	1
4350.42	0.5	4350420	untrained	32691	76	memtrain/o_570_1.jpg	photodiode	1
4351.27	0.5	4351270	trained	32762	5	memtrain/o_067_1.jpg	photodiode	1
4352.171	0.5	4352171	untrained	32703	64	memtrain/o_334_2.jpg	photodiode	1
4352.922	0.5	4352922	catch	32671	n/a	catch_padded.jpg	photodiode	0
4353.374	0.0	4353374	response	6	n/a	n/a	trigger	0
4354.973	0.5	4354973	untrained	32694	73	memtrain/o_519_2.jpg	photodiode	1
4355.874	0.5	4355874	trained	32723	44	memtrain/so_045_1.jpg	photodiode	1
4356.725	0.5	4356725	untrained	32689	78	memtrain/o_599_1.jpg	photodiode	1
4357.626	0.5	4357626	catch	32671	n/a	catch_padded.jpg	photodiode	0
4358.083	0.0	4358083	response	6	n/a	n/a	trigger	0
4359.727	0.5	4359727	untrained	32681	86	memtrain/o_288_1.jpg	photodiode	1
4360.628	0.5	4360628	trained	32736	31	memtrain/o_465_2.jpg	photodiode	1
4361.379	0.5	4361379	trained	32754	13	memtrain/o_136_1.jpg	photodiode	1
4362.129	0.5	4362129	catch	32671	n/a	catch_padded.jpg	photodiode	0
4362.525	0.0	4362525	response	6	n/a	n/a	trigger	0
4364.181	0.5	4364181	untrained	32677	90	memtrain/o_580_1.jpg	photodiode	1
4365.082	0.5	4365082	trained	32761	6	memtrain/o_076_1.jpg	photodiode	1
4365.983	0.5	4365983	untrained	32680	87	memtrain/o_365_1.jpg	photodiode	1
4366.833	0.5	4366833	catch	32671	n/a	catch_padded.jpg	photodiode	0
4367.175	0.0	4367175	response	6	n/a	n/a	trigger	0
4368.785	0.5	4368785	trained	32727	40	memtrain/o_648_2.jpg	photodiode	1
4369.636	0.5	4369636	trained	32756	11	memtrain/o_117_2.jpg	photodiode	1
4370.436	0.5	4370436	untrained	32683	84	memtrain/so_117_2.jpg	photodiode	1
4371.337	0.5	4371337	catch	32671	n/a	catch_padded.jpg	photodiode	0
4371.686	0.0	4371686	response	6	n/a	n/a	trigger	0
4373.389	0.5	4373389	trained	32735	32	memtrain/o_485_2.jpg	photodiode	1
4374.29	0.5	4374290	untrained	32678	89	memtrain/o_469_1.jpg	photodiode	1
4375.09	0.5	4375090	trained	32767	0	memtrain/o_006_1.jpg	photodiode	1
4375.891	0.5	4375891	catch	32671	n/a	catch_padded.jpg	photodiode	0
4376.151	0.0	4376151	response	6	n/a	n/a	trigger	0
4377.793	0.5	4377793	untrained	32702	65	memtrain/o_337_2.jpg	photodiode	1
4378.585	0.5	4378585	trained	32748	19	memtrain/o_284_2.jpg	photodiode	1
4379.386	0.5	4379386	trained	32760	7	memtrain/o_091_2.jpg	photodiode	1
4380.187	0.5	4380187	trained	32745	22	memtrain/o_321_1.jpg	photodiode	1
4380.937	0.5	4380937	catch	32671	n/a	catch_padded.jpg	photodiode	0
4381.284	0.0	4381284	response	6	n/a	n/a	trigger	0
4382.989	0.5	4382989	untrained	32709	58	memtrain/o_192_1.jpg	photodiode	1
4383.74	0.5	4383740	untrained	32718	49	memtrain/o_054_2.jpg	photodiode	1
4384.64	0.5	4384640	trained	32734	33	memtrain/o_536_1.jpg	photodiode	1
4385.391	0.5	4385391	untrained	32712	55	memtrain/o_153_2.jpg	photodiode	1
4386.192	0.5	4386192	trained	32729	38	memtrain/o_603_1.jpg	photodiode	1
4387.092	0.5	4387092	catch	32671	n/a	catch_padded.jpg	photodiode	0
4387.433	0.0	4387433	response	6	n/a	n/a	trigger	0
4389.044	0.5	4389044	untrained	32679	88	memtrain/o_458_1.jpg	photodiode	1
4389.795	0.5	4389795	untrained	32686	81	memtrain/o_655_2.jpg	photodiode	1
4390.695	0.5	4390695	untrained	32706	61	memtrain/o_298_2.jpg	photodiode	1
4391.546	0.5	4391546	trained	32725	42	memtrain/so_034_2.jpg	photodiode	1
4392.397	0.5	4392397	catch	32671	n/a	catch_padded.jpg	photodiode	0
4392.784	0.0	4392784	response	6	n/a	n/a	trigger	0
4394.349	0.5	4394349	untrained	32699	68	memtrain/o_393_1.jpg	photodiode	1
4395.249	0.5	4395249	trained	32749	18	memtrain/o_264_2.jpg	photodiode	1
4396.05	0.5	4396050	untrained	32711	56	memtrain/o_163_2.jpg	photodiode	1
4396.951	0.5	4396951	untrained	32698	69	memtrain/o_464_2.jpg	photodiode	1
4397.801	0.5	4397801	catch	32671	n/a	catch_padded.jpg	photodiode	0
4398.194	0.0	4398194	response	6	n/a	n/a	trigger	0
4404.279	0.0	4404279	block_end	120	n/a	n/a	trigger	0
