onset	duration	sample	trial_type	value	object_id	stimulus_id	onset_source	analysis_include
23.012	0.0	23012	response	6	n/a	n/a	trigger	0
23.018	0.0	23018	block_onset	101	n/a	n/a	trigger	0
25.074	0.5	25074	trained	32739	28	memtrain/o_397_1.jpg	photodiode	1
25.824	0.5	25824	untrained	32711	56	memtrain/o_163_2.jpg	photodiode	1
26.675	0.5	26675	trained	32734	33	memtrain/o_536_1.jpg	photodiode	1
27.476	0.5	27476	catch	32671	n/a	catch_padded.jpg	photodiode	0
27.877	0.0	27877	response	6	n/a	n/a	trigger	0
29.427	0.5	29427	untrained	32686	81	memtrain/o_655_2.jpg	photodiode	1
30.328	0.5	30328	untrained	32673	94	memtrain/so_067_1.jpg	photodiode	1
31.22	0.5	31220	untrained	32695	72	memtrain/o_490_1.jpg	photodiode	1
32.071	0.5	32071	trained	32748	19	memtrain/o_284_2.jpg	photodiode	1
32.922	0.5	32922	trained	32732	35	memtrain/o_561_2.jpg	photodiode	1
33.672	0.5	33672	catch	32671	n/a	catch_padded.jpg	photodiode	0
33.978	0.0	33978	response	6	n/a	n/a	trigger	0
35.683	0.5	35683	trained	32749	18	memtrain/o_264_2.jpg	photodiode	1
36.425	0.5	36425	trained	32720	47	memtrain/so_147_2.jpg	photodiode	1
37.376	0.5	37376	untrained	32682	85	memtrain/o_218_1.jpg	photodiode	1
38.276	0.5	38276	untrained	32690	77	memtrain/o_574_2.jpg	photodiode	1
39.077	0.5	39077	catch	32671	n/a	catch_padded.jpg	photodiode	0
39.377	0.0	39377	response	6	n/a	n/a	trigger	0
40.979	0.5	40979	untrained	32672	95	memtrain/so_125_1.jpg	photodiode	1
41.729	0.5	41729	untrained	32698	69	memtrain/o_464_2.jpg	photodiode	1
42.48	0.5	42480	untrained	32678	89	memtrain/o_469_1.jpg	photodiode	1
43.281	0.5	43281	untrained	32709	58	memtrain/o_192_1.jpg	photodiode	1
44.081	0.5	44081	catch	32671	n/a	catch_padded.jpg	photodiode	0
44.366	0.0	44366	response	6	n/a	n/a	trigger	0
46.183	0.5	46183	trained	32731	36	memtrain/o_583_1.jpg	photodiode	1
46.934	0.5	46934	untrained	32718	49	memtrain/o_054_2.jpg	photodiode	1
47.834	0.5	47834	untrained	32702	65	memtrain/o_337_2.jpg	photodiode	1
48.735	0.5	48735	untrained	32710	57	memtrain/o_171_1.jpg	photodiode	1
49.686	0.5	49686	trained	32761	6	memtrain/o_076_1.jpg	photodiode	1
50.637	0.5	50637	catch	32671	n/a	catch_padded.jpg	photodiode	0
50.957	0.0	50957	response	6	n/a	n/a	trigger	0
52.739	0.5	52739	untrained	32696	71	memtrain/o_483_1.jpg	photodiode	1
53.689	0.5	53689	trained	32756	11	memtrain/o_117_2.jpg	photodiode	1
54.59	0.5	54590	trained	32730	37	memtrain/o_597_1.jpg	photodiode	1
55.341	0.5	55341	untrained	32692	75	memtrain/o_564_1.jpg	photodiode	1
56.292	0.5	56292	trained	32758	9	memtrain/o_101_2.jpg	photodiode	1
57.242	0.5	57242	catch	32671	n/a	catch_padded.jpg	photodiode	0
57.588	0.0	57588	response	6	n/a	n/a	trigger	0
59.294	0.5	59294	untrained	32683	84	memtrain/so_117_2.jpg	photodiode	1
60.137	0.5	60137	untrained	32674	93	memtrain/so_035_1.jpg	photodiode	1
60.887	0.5	60887	untrained	32714	53	memtrain/o_142_2.jpg	photodiode	1
61.838	0.5	61838	trained	32765	2	memtrain/o_035_1.jpg	photodiode	1
62.639	0.5	62639	untrained	32699	68	memtrain/o_393_1.jpg	photodiode	1
63.439	0.5	63439	catch	32671	n/a	catch_padded.jpg	photodiode	0
63.87	0.0	63870	response	6	n/a	n/a	trigger	0
65.491	0.5	65491	trained	32752	15	memtrain/o_195_1.jpg	photodiode	1
66.242	0.5	66242	untrained	32701	66	memtrain/o_342_2.jpg	photodiode	1
67.093	0.5	67093	trained	32745	22	memtrain/o_321_1.jpg	photodiode	1
67.893	0.5	67893	trained	32744	23	memtrain/o_338_2.jpg	photodiode	1
68.694	0.5	68694	catch	32671	n/a	catch_padded.jpg	photodiode	0
68.948	0.0	68948	response	6	n/a	n/a	trigger	0
70.596	0.5	70596	trained	32767	0	memtrain/o_006_1.jpg	photodiode	1
71.496	0.5	71496	trained	32721	46	memtrain/so_113_1.jpg	photodiode	1
72.397	0.5	72397	untrained	32681	86	memtrain/o_288_1.jpg	photodiode	1
73.298	0.5	73298	catch	32671	n/a	catch_padded.jpg	photodiode	0
73.67	0.0	73670	response	6	n/a	n/a	trigger	0
75.199	0.5	75199	untrained	32675	92	memtrain/so_033_1.jpg	photodiode	1
75.95	0.5	75950	untrained	32712	55	memtrain/o_153_2.jpg	photodiode	1
76.701	0.5	76701	trained	32735	32	memtrain/o_485_2.jpg	photodiode	1
77.601	0.5	77601	untrained	32703	64	memtrain/o_334_2.jpg	photodiode	1
78.552	0.5	78552	untrained	32705	62	memtrain/o_304_1.jpg	photodiode	1
79.403	0.5	79403	catch	32671	n/a	catch_padded.jpg	photodiode	0
79.747	0.0	79747	response	6	n/a	n/a	trigger	0
81.405	0.5	81405	untrained	32708	59	memtrain/o_201_2.jpg	photodiode	1
82.205	0.5	82205	trained	32742	25	memtrain/o_358_2.jpg	photodiode	1
83.006	0.5	83006	trained	32766	1	memtrain/o_015_1.jpg	photodiode	1
83.807	0.5	83807	catch	32671	n/a	catch_padded.jpg	photodiode	0
84.211	0.0	84211	response	6	n/a	n/a	trigger	0
85.909	0.5	85909	trained	32725	42	memtrain/so_034_2.jpg	photodiode	1
86.801	0.5	86801	trained	32764	3	memtrain/o_040_2.jpg	photodiode	1
87.66	0.5	87660	untrained	32704	63	memtrain/o_310_2.jpg	photodiode	1
88.561	0.5	88561	untrained	32676	91	memtrain/o_605_1.jpg	photodiode	1
89.503	0.5	89503	catch	32671	n/a	catch_padded.jpg	photodiode	0
89.703	0.0	89703	response	6	n/a	n/a	trigger	0
91.405	0.5	91405	trained	32722	45	memtrain/so_090_2.jpg	photodiode	1
92.155	0.5	92155	trained	32733	34	memtrain/o_558_2.jpg	photodiode	1
92.906	0.5	92906	trained	32754	13	memtrain/o_136_1.jpg	photodiode	1
93.757	0.5	93757	trained	32757	10	memtrain/o_111_2.jpg	photodiode	1
94.557	0.5	94557	trained	32750	17	memtrain/o_232_1.jpg	photodiode	1
94.777	0.0	94777	response	6	n/a	n/a	trigger	0
95.508	0.5	95508	catch	32671	n/a	catch_padded.jpg	photodiode	0
95.879	0.0	95879	response	6	n/a	n/a	trigger	0
97.41	0.5	97410	untrained	32687	80	memtrain/o_613_1.jpg	photodiode	1
98.211	0.5	98211	untrained	32685	82	memtrain/o_656_1.jpg	photodiode	1
99.161	0.5	99161	trained	32743	24	memtrain/o_357_1.jpg	photodiode	1
99.912	0.5	99912	untrained	32684	83	memtrain/so_105_1.jpg	photodiode	1
100.813	0.5	100813	catch	32671	n/a	catch_padded.jpg	photodiode	0
101.176	0.0	101176	response	6	n/a	n/a	trigger	0
102.814	0.5	102814	trained	32737	30	memtrain/o_437_2.jpg	photodiode	1
103.565	0.5	103565	untrained	32707	60	memtrain/o_228_2.jpg	photodiode	1
104.516	0.5	104516	trained	32762	5	memtrain/o_067_1.jpg	photodiode	1
105.417	0.5	105417	trained	32724	43	memtrain/so_043_2.jpg	photodiode	1
106.317	0.5	106317	catch	32671	n/a	catch_padded.jpg	photodiode	0
106.663	0.0	106663	response	6	n/a	n/a	trigger	0
108.419	0.5	108419	trained	32759	8	memtrain/o_094_1.jpg	photodiode	1
109.37	0.5	109370	trained	32729	38	memtrain/o_603_1.jpg	photodiode	1
110.121	0.5	110121	untrained	32680	87	memtrain/o_365_1.jpg	photodiode	1
111.071	0.5	111071	catch	32671	n/a	catch_padded.jpg	photodiode	0
111.472	0.0	111472	response	6	n/a	n/a	trigger	0
113.123	0.5	113123	trained	32746	21	memtrain/o_319_1.jpg	photodiode	1
113.924	0.5	113924	trained	32736	31	memtrain/o_465_2.jpg	photodiode	1
114.775	0.5	114775	trained	32740	27	memtrain/o_379_2.jpg	photodiode	1
115.667	0.5	115667	trained	32738	29	memtrain/o_416_1.jpg	photodiode	1
116.418	0.5	116418	catch	32671	n/a	catch_padded.jpg	photodiode	0
116.73	0.0	116730	response	6	n/a	n/a	trigger	0
118.378	0.5	118378	trained	32728	39	memtrain/o_606_1.jpg	photodiode	1
119.17	0.5	119170	untrained	32688	79	memtrain/o_600_1.jpg	photodiode	1
119.979	0.5	119979	untrained	32694	73	memtrain/o_519_2.jpg	photodiode	1
120.821	0.5	120821	catch	32671	n/a	catch_padded.jpg	photodiode	0
121.226	0.0	121226	response	6	n/a	n/a	trigger	0
122.773	0.5	122773	trained	32727	40	memtrain/o_648_2.jpg	photodiode	1
123.724	0.5	123724	trained	32751	16	memtrain/o_199_2.jpg	photodiode	1
124.575	0.5	124575	trained	32755	12	memtrain/o_127_2.jpg	photodiode	1
125.425	0.5	125425	catch	32671	n/a	catch_padded.jpg	photodiode	0
125.746	0.0	125746	response	6	n/a	n/a	trigger	0
127.327	0.5	127327	untrained	32700	67	memtrain/o_378_1.jpg	photodiode	1
128.228	0.5	128228	untrained	32716	51	memtrain/o_103_2.jpg	photodiode	1
129.179	0.5	129179	untrained	32717	50	memtrain/o_057_2.jpg	photodiode	1
129.929	0.5	129929	catch	32671	n/a	catch_padded.jpg	photodiode	0
130.306	0.0	130306	response	6	n/a	n/a	trigger	0
131.931	0.5	131931	untrained	32689	78	memtrain/o_599_1.jpg	photodiode	1
132.782	0.5	132782	untrained	32679	88	memtrain/o_458_1.jpg	photodiode	1
133.632	0.5	133632	trained	32753	14	memtrain/o_174_1.jpg	photodiode	1
134.583	0.5	134583	trained	32723	44	memtrain/so_045_1.jpg	photodiode	1
135.484	0.5	135484	trained	32760	7	memtrain/o_091_2.jpg	photodiode	1
136.435	0.5	136435	catch	32671	n/a	catch_padded.jpg	photodiode	0
136.704	0.0	136704	response	6	n/a	n/a	trigger	0
138.486	0.5	138486	trained	32741	26	memtrain/o_376_1.jpg	photodiode	1
139.287	0.5	139287	untrained	32706	61	memtrain/o_298_2.jpg	photodiode	1
140.088	0.5	140088	untrained	32715	52	memtrain/o_141_1.jpg	photodiode	1
140.989	0.5	140989	trained	32726	41	memtrain/o_663_2.jpg	photodiode	1
141.839	0.5	141839	catch	32671	n/a	catch_padded.jpg	photodiode	0
142.158	0.0	142158	response	6	n/a	n/a	trigger	0
143.891	0.5	143891	trained	32763	4	memtrain/o_042_1.jpg	photodiode	1
144.683	0.5	144683	untrained	32691	76	memtrain/o_570_1.jpg	photodiode	1
145.534	0.5	145534	untrained	32693	74	memtrain/o_550_1.jpg	photodiode	1
146.343	0.5	146343	catch	32671	n/a	catch_padded.jpg	photodiode	0
146.731	0.0	146731	response	6	n/a	n/a	trigger	0
148.336	0.5	148336	untrained	32713	54	memtrain/o_145_1.jpg	photodiode	1
149.187	0.5	149187	trained	32747	20	memtrain/o_290_1.jpg	photodiode	1
150.146	0.5	150146	untrained	32677	90	memtrain/o_580_1.jpg	photodiode	1
150.989	0.5	150989	untrained	32719	48	memtrain/o_019_2.jpg	photodiode	1
151.789	0.5	151789	catch	32671	n/a	catch_padded.jpg	photodiode	0
152.083	0.0	152083	response	6	n/a	n/a	trigger	0
153.891	0.5	153891	untrained	32697	70	memtrain/o_471_2.jpg	photodiode	1
154.692	0.5	154692	trained	32733	34	memtrain/o_558_2.jpg	photodiode	1
155.442	0.5	155442	trained	32741	26	memtrain/o_376_1.jpg	photodiode	1
156.393	0.5	156393	catch	32671	n/a	catch_padded.jpg	photodiode	0
156.644	0.0	156644	response	6	n/a	n/a	trigger	0
158.495	0.5	158495	trained	32750	17	memtrain/o_232_1.jpg	photodiode	1
159.246	0.5	159246	untrained	32694	73	memtrain/o_519_2.jpg	photodiode	1
160.046	0.5	160046	trained	32751	16	memtrain/o_199_2.jpg	photodiode	1
160.947	0.5	160947	catch	32671	n/a	catch_padded.jpg	photodiode	0
161.242	0.0	161242	response	6	n/a	n/a	trigger	0
163.049	0.5	163049	trained	32744	23	memtrain/o_338_2.jpg	photodiode	1
163.95	0.5	163950	untrained	32675	92	memtrain/so_033_1.jpg	photodiode	1
164.8	0.5	164800	untrained	32688	79	memtrain/o_600_1.jpg	photodiode	1
165.751	0.5	165751	trained	32735	32	memtrain/o_485_2.jpg	photodiode	1
166.502	0.5	166502	catch	32671	n/a	catch_padded.jpg	photodiode	0
166.744	0.0	166744	response	6	n/a	n/a	trigger	0
168.553	0.5	168553	untrained	32705	62	memtrain/o_304_1.jpg	photodiode	1
169.354	0.5	169354	untrained	32709	58	memtrain/o_192_1.jpg	photodiode	1
170.155	0.5	170155	untrained	32712	55	memtrain/o_153_2.jpg	photodiode	1
171.006	0.5	171006	trained	32728	39	memtrain/o_606_1.jpg	photodiode	1
171.856	0.5	171856	trained	32763	4	memtrain/o_042_1.jpg	photodiode	1
172.607	0.5	172607	catch	32671	n/a	catch_padded.jpg	photodiode	0
172.936	0.0	172936	response	6	n/a	n/a	trigger	0
174.6	0.5	174600	untrained	32686	81	memtrain/o_655_2.jpg	photodiode	1
175.559	0.5	175559	trained	32748	19	memtrain/o_284_2.jpg	photodiode	1
176.51	0.5	176510	trained	32722	45	memtrain/so_090_2.jpg	photodiode	1
177.353	0.5	177353	trained	32755	12	memtrain/o_127_2.jpg	photodiode	1
178.153	0.5	178153	catch	32671	n/a	catch_padded.jpg	photodiode	0
178.409	0.0	178409	response	6	n/a	n/a	trigger	0
180.055	0.5	180055	trained	32746	21	memtrain/o_319_1.jpg	photodiode	1
180.856	0.5	180856	trained	32752	15	memtrain/o_195_1.jpg	photodiode	1
181.606	0.5	181606	untrained	32691	76	memtrain/o_570_1.jpg	photodiode	1
182.357	0.5	182357	untrained	32673	94	memtrain/so_067_1.jpg	photodiode	1
183.208	0.5	183208	catch	32671	n/a	catch_padded.jpg	photodiode	0
183.47	0.0	183470	response	6	n/a	n/a	trigger	0
185.259	0.5	185259	trained	32736	31	memtrain/o_465_2.jpg	photodiode	1
186.21	0.5	186210	trained	32731	36	memtrain/o_583_1.jpg	photodiode	1
187.161	0.5	187161	untrained	32704	63	memtrain/o_310_2.jpg	photodiode	1
188.062	0.5	188062	catch	32671	n/a	catch_padded.jpg	photodiode	0
188.439	0.0	188439	response	6	n/a	n/a	trigger	0
190.164	0.5	190164	untrained	32715	52	memtrain/o_141_1.jpg	photodiode	1
190.914	0.5	190914	untrained	32699	68	memtrain/o_393_1.jpg	photodiode	1
191.665	0.5	191665	trained	32749	18	memtrain/o_264_2.jpg	photodiode	1
192.516	0.5	192516	untrained	32698	69	memtrain/o_464_2.jpg	photodiode	1
193.366	0.5	193366	untrained	32710	57	memtrain/o_171_1.jpg	photodiode	1
194.317	0.5	194317	catch	32671	n/a	catch_padded.jpg	photodiode	0
194.534	0.0	194534	response	6	n/a	n/a	trigger	0
196.319	0.5	196319	untrained	32689	78	memtrain/o_599_1.jpg	photodiode	1
197.119	0.5	197119	trained	32765	2	memtrain/o_035_1.jpg	photodiode	1
197.92	0.5	197920	trained	32742	25	memtrain/o_358_2.jpg	photodiode	1
198.771	0.5	198771	trained	32726	41	memtrain/o_663_2.jpg	photodiode	1
199.672	0.5	199672	untrained	32684	83	memtrain/so_105_1.jpg	photodiode	1
200.572	0.5	200572	catch	32671	n/a	catch_padded.jpg	photodiode	0
200.832	0.0	200832	response	6	n/a	n/a	trigger	0
202.524	0.5	202524	trained	32732	35	memtrain/o_561_2.jpg	photodiode	1
203.425	0.5	203425	untrained	32700	67	memtrain/o_378_1.jpg	photodiode	1
204.167	0.5	204167	trained	32737	30	memtrain/o_437_2.jpg	photodiode	1
204.918	0.5	204918	trained	32740	27	memtrain/o_379_2.jpg	photodiode	1
205.868	0.5	205868	trained	32720	47	memtrain/so_147_2.jpg	photodiode	1
206.091	0.0	206091	response	6	n/a	n/a	trigger	0
206.619	0.5	206619	catch	32671	n/a	catch_padded.jpg	photodiode	0
207.231	0.0	207231	response	6	n/a	n/a	trigger	0
208.529	0.5	208529	trained	32753	14	memtrain/o_174_1.jpg	photodiode	1
209.371	0.5	209371	trained	32725	42	memtrain/so_034_2.jpg	photodiode	1
210.122	0.5	210122	trained	32729	38	memtrain/o_603_1.jpg	photodiode	1
211.023	0.5	211023	catch	32671	n/a	catch_padded.jpg	photodiode	0
211.444	0.0	211444	response	6	n/a	n/a	trigger	0
213.125	0.5	213125	trained	32730	37	memtrain/o_597_1.jpg	photodiode	1
213.975	0.5	213975	trained	32738	29	memtrain/o_416_1.jpg	photodiode	1
214.776	0.5	214776	untrained	32672	95	memtrain/so_125_1.jpg	photodiode	1
215.577	0.5	215577	untrained	32693	74	memtrain/o_550_1.jpg	photodiode	1
216.477	0.5	216477	trained	32764	3	memtrain/o_040_2.jpg	photodiode	1
217.278	0.5	217278	catch	32671	n/a	catch_padded.jpg	photodiode	0
217.587	0.0	217587	response	6	n/a	n/a	trigger	0
219.28	0.5	219280	trained	32759	8	memtrain/o_094_1.jpg	photodiode	1
220.03	0.5	220030	trained	32747	20	memtrain/o_290_1.jpg	photodiode	1
220.831	0.5	220831	trained	32721	46	memtrain/so_113_1.jpg	photodiode	1
221.732	0.5	221732	untrained	32695	72	memtrain/o_490_1.jpg	photodiode	1
222.583	0.5	222583	catch	32671	n/a	catch_padded.jpg	photodiode	0
222.986	0.0	222986	response	6	n/a	n/a	trigger	0
224.684	0.5	224684	trained	32761	6	memtrain/o_076_1.jpg	photodiode	1
225.585	0.5	225585	untrained	32677	90	memtrain/o_580_1.jpg	photodiode	1
226.436	0.5	226436	untrained	32678	89	memtrain/o_469_1.jpg	photodiode	1
227.387	0.5	227387	untrained	32687	80	memtrain/o_613_1.jpg	photodiode	1
228.137	0.5	228137	catch	32671	n/a	catch_padded.jpg	photodiode	0
228.469	0.0	228469	response	6	n/a	n/a	trigger	0
230.089	0.5	230089	untrained	32703	64	memtrain/o_334_2.jpg	photodiode	1
231.04	0.5	231040	untrained	32674	93	memtrain/so_035_1.jpg	photodiode	1
231.982	0.5	231982	untrained	32680	87	memtrain/o_365_1.jpg	photodiode	1
232.783	0.5	232783	catch	32671	n/a	catch_padded.jpg	photodiode	0
233.166	0.0	233166	response	6	n/a	n/a	trigger	0
234.885	0.5	234885	untrained	32676	91	memtrain/o_605_1.jpg	photodiode	1
235.786	0.5	235786	untrained	32683	84	memtrain/so_117_2.jpg	photodiode	1
236.736	0.5	236736	untrained	32706	61	memtrain/o_298_2.jpg	photodiode	1
237.537	0.5	237537	untrained	32697	70	memtrain/o_471_2.jpg	photodiode	1
238.438	0.5	238438	catch	32671	n/a	catch_padded.jpg	photodiode	0
238.71	0.0	238710	response	6	n/a	n/a	trigger	0
240.49	0.5	240490	trained	32723	44	memtrain/so_045_1.jpg	photodiode	1
241.34	0.5	241340	trained	32745	22	memtrain/o_321_1.jpg	photodiode	1
242.191	0.5	242191	untrained	32707	60	memtrain/o_228_2.jpg	photodiode	1
243.092	0.5	243092	trained	32727	40	memtrain/o_648_2.jpg	photodiode	1
243.842	0.5	243842	untrained	32692	75	memtrain/o_564_1.jpg	photodiode	1
244.793	0.5	244793	catch	32671	n/a	catch_padded.jpg	photodiode	0
245.008	0.0	245008	response	6	n/a	n/a	trigger	0
246.845	0.5	246845	untrained	32682	85	memtrain/o_218_1.jpg	photodiode	1
247.746	0.5	247746	trained	32756	11	memtrain/o_117_2.jpg	photodiode	1
248.546	0.5	248546	untrained	32717	50	memtrain/o_057_2.jpg	photodiode	1
249.497	0.5	249497	catch	32671	n/a	catch_padded.jpg	photodiode	0
249.877	0.0	249877	response	6	n/a	n/a	trigger	0
251.549	0.5	251549	trained	32734	33	memtrain/o_536_1.jpg	photodiode	1
252.3	0.5	252300	untrained	32713	54	memtrain/o_145_1.jpg	photodiode	1
253.25	0.5	253250	trained	32739	28	memtrain/o_397_1.jpg	photodiode	1
254.001	0.5	254001	catch	32671	n/a	catch_padded.jpg	photodiode	0
254.339	0.0	254339	response	6	n/a	n/a	trigger	0
256.103	0.5	256103	trained	32766	1	memtrain/o_015_1.jpg	photodiode	1
256.954	0.5	256954	untrained	32679	88	memtrain/o_458_1.jpg	photodiode	1
257.854	0.5	257854	trained	32758	9	memtrain/o_101_2.jpg	photodiode	1
258.705	0.5	258705	untrained	32714	53	memtrain/o_142_2.jpg	photodiode	1
259.456	0.5	259456	untrained	32702	65	memtrain/o_337_2.jpg	photodiode	1
260.206	0.5	260206	catch	32671	n/a	catch_padded.jpg	photodiode	0
260.546	0.0	260546	response	6	n/a	n/a	trigger	0
262.15	0.5	262150	trained	32743	24	memtrain/o_357_1.jpg	photodiode	1
263.059	0.5	263059	untrained	32696	71	memtrain/o_483_1.jpg	photodiode	1
263.859	0.5	263859	trained	32767	0	memtrain/o_006_1.jpg	photodiode	1
264.752	0.5	264752	trained	32757	10	memtrain/o_111_2.jpg	photodiode	1
265.602	0.5	265602	trained	32762	5	memtrain/o_067_1.jpg	photodiode	1
266.503	0.5	266503	catch	32671	n/a	catch_padded.jpg	photodiode	0
267.031	0.0	267031	response	6	n/a	n/a	trigger	0
268.505	0.5	268505	untrained	32711	56	memtrain/o_163_2.jpg	photodiode	1
269.256	0.5	269256	untrained	32719	48	memtrain/o_019_2.jpg	photodiode	1
270.106	0.5	270106	untrained	32716	51	memtrain/o_103_2.jpg	photodiode	1
270.907	0.5	270907	untrained	32690	77	memtrain/o_574_2.jpg	photodiode	1
271.858	0.5	271858	untrained	32708	59	memtrain/o_201_2.jpg	photodiode	1
272.708	0.5	272708	catch	32671	n/a	catch_padded.jpg	photodiode	0
273.019	0.0	273019	response	6	n/a	n/a	trigger	0
274.66	0.5	274660	untrained	32701	66	memtrain/o_342_2.jpg	photodiode	1
275.611	0.5	275611	untrained	32718	49	memtrain/o_054_2.jpg	photodiode	1
276.462	0.5	276462	untrained	32685	82	memtrain/o_656_1.jpg	photodiode	1
277.212	0.5	277212	trained	32724	43	memtrain/so_043_2.jpg	photodiode	1
278.013	0.5	278013	catch	32671	n/a	catch_padded.jpg	photodiode	0
278.377	0.0	278377	response	6	n/a	n/a	trigger	0
279.965	0.5	279965	trained	32760	7	memtrain/o_091_2.jpg	photodiode	1
280.715	0.5	280715	untrained	32681	86	memtrain/o_288_1.jpg	photodiode	1
281.516	0.5	281516	trained	32754	13	memtrain/o_136_1.jpg	photodiode	1
282.367	0.5	282367	catch	32671	n/a	catch_padded.jpg	photodiode	0
282.668	0.0	282668	response	6	n/a	n/a	trigger	0
284.841	0.0	284841	block_end	120	n/a	n/a	trigger	0
287.151	0.0	287151	response	6	n/a	n/a	trigger	0
291.867	0.0	291867	response	6	n/a	n/a	trigger	0
291.871	0.0	291871	block_onset	102	n/a	n/a	trigger	0
293.926	0.5	293926	trained	32744	23	memtrain/o_338_2.jpg	photodiode	1
294.827	0.5	294827	trained	32756	11	memtrain/o_117_2.jpg	photodiode	1
295.728	0.5	295728	trained	32747	20	memtrain/o_290_1.jpg	photodiode	1
296.629	0.5	296629	untrained	32710	57	memtrain/o_171_1.jpg	photodiode	1
297.379	0.5	297379	trained	32727	40	memtrain/o_648_2.jpg	photodiode	1
298.13	0.5	298130	catch	32671	n/a	catch_padded.jpg	photodiode	0
298.414	0.0	298414	response	6	n/a	n/a	trigger	0
300.224	0.5	300224	trained	32738	29	memtrain/o_416_1.jpg	photodiode	1
300.982	0.5	300982	trained	32764	3	memtrain/o_040_2.jpg	photodiode	1
301.875	0.5	301875	untrained	32692	75	memtrain/o_564_1.jpg	photodiode	1
302.776	0.5	302776	catch	32671	n/a	catch_padded.jpg	photodiode	0
303.143	0.0	303143	response	6	n/a	n/a	trigger	0
304.786	0.5	304786	untrained	32686	81	memtrain/o_655_2.jpg	photodiode	1
305.678	0.5	305678	untrained	32695	72	memtrain/o_490_1.jpg	photodiode	1
306.529	0.5	306529	trained	32754	13	memtrain/o_136_1.jpg	photodiode	1
307.43	0.5	307430	trained	32726	41	memtrain/o_663_2.jpg	photodiode	1
308.18	0.5	308180	untrained	32716	51	memtrain/o_103_2.jpg	photodiode	1
308.981	0.5	308981	catch	32671	n/a	catch_padded.jpg	photodiode	0
309.165	0.0	309165	response	6	n/a	n/a	trigger	0
311.083	0.5	311083	trained	32729	38	memtrain/o_603_1.jpg	photodiode	1
312.034	0.5	312034	trained	32762	5	memtrain/o_067_1.jpg	photodiode	1
312.884	0.5	312884	untrained	32678	89	memtrain/o_469_1.jpg	photodiode	1
313.685	0.5	313685	untrained	32677	90	memtrain/o_580_1.jpg	photodiode	1
314.486	0.5	314486	untrained	32706	61	memtrain/o_298_2.jpg	photodiode	1
315.286	0.5	315286	catch	32671	n/a	catch_padded.jpg	photodiode	0
315.555	0.0	315555	response	6	n/a	n/a	trigger	0
317.238	0.5	317238	untrained	32696	71	memtrain/o_483_1.jpg	photodiode	1
318.139	0.5	318139	trained	32746	21	memtrain/o_319_1.jpg	photodiode	1
318.939	0.5	318939	trained	32758	9	memtrain/o_101_2.jpg	photodiode	1
319.84	0.5	319840	untrained	32708	59	memtrain/o_201_2.jpg	photodiode	1
320.641	0.5	320641	catch	32671	n/a	catch_padded.jpg	photodiode	0
321.028	0.0	321028	response	6	n/a	n/a	trigger	0
322.743	0.5	322743	untrained	32674	93	memtrain/so_035_1.jpg	photodiode	1
323.693	0.5	323693	untrained	32690	77	memtrain/o_574_2.jpg	photodiode	1
324.644	0.5	324644	untrained	32699	68	memtrain/o_393_1.jpg	photodiode	1
325.445	0.5	325445	catch	32671	n/a	catch_padded.jpg	photodiode	0
325.83	0.0	325830	response	6	n/a	n/a	trigger	0
327.347	0.5	327347	trained	32743	24	memtrain/o_357_1.jpg	photodiode	1
328.297	0.5	328297	trained	32752	15	memtrain/o_195_1.jpg	photodiode	1
329.048	0.5	329048	untrained	32701	66	memtrain/o_342_2.jpg	photodiode	1
329.79	0.5	329790	catch	32671	n/a	catch_padded.jpg	photodiode	0
330.19	0.0	330190	response	6	n/a	n/a	trigger	0
331.742	0.5	331742	trained	32742	25	memtrain/o_358_2.jpg	photodiode	1
332.543	0.5	332543	untrained	32675	92	memtrain/so_033_1.jpg	photodiode	1
333.443	0.5	333443	trained	32749	18	memtrain/o_264_2.jpg	photodiode	1
334.194	0.5	334194	trained	32741	26	memtrain/o_376_1.jpg	photodiode	1
335.145	0.5	335145	catch	32671	n/a	catch_padded.jpg	photodiode	0
335.472	0.0	335472	response	6	n/a	n/a	trigger	0
337.096	0.5	337096	trained	32735	32	memtrain/o_485_2.jpg	photodiode	1
337.947	0.5	337947	untrained	32704	63	memtrain/o_310_2.jpg	photodiode	1
338.698	0.5	338698	trained	32728	39	memtrain/o_606_1.jpg	photodiode	1
339.548	0.5	339548	catch	32671	n/a	catch_padded.jpg	photodiode	0
339.903	0.0	339903	response	6	n/a	n/a	trigger	0
341.45	0.5	341450	trained	32765	2	memtrain/o_035_1.jpg	photodiode	1
342.351	0.5	342351	untrained	32700	67	memtrain/o_378_1.jpg	photodiode	1
343.252	0.5	343252	trained	32766	1	memtrain/o_015_1.jpg	photodiode	1
344.102	0.5	344102	untrained	32676	91	memtrain/o_605_1.jpg	photodiode	1
344.853	0.5	344853	catch	32671	n/a	catch_padded.jpg	photodiode	0
345.114	0.0	345114	response	6	n/a	n/a	trigger	0
346.755	0.5	346755	trained	32751	16	memtrain/o_199_2.jpg	photodiode	1
347.605	0.5	347605	untrained	32697	70	memtrain/o_471_2.jpg	photodiode	1
348.406	0.5	348406	untrained	32714	53	memtrain/o_142_2.jpg	photodiode	1
349.257	0.5	349257	trained	32753	14	memtrain/o_174_1.jpg	photodiode	1
350.007	0.5	350007	catch	32671	n/a	catch_padded.jpg	photodiode	0
350.347	0.0	350347	response	6	n/a	n/a	trigger	0
352.109	0.5	352109	untrained	32707	60	memtrain/o_228_2.jpg	photodiode	1
352.91	0.5	352910	untrained	32703	64	memtrain/o_334_2.jpg	photodiode	1
353.761	0.5	353761	trained	32732	35	memtrain/o_561_2.jpg	photodiode	1
354.511	0.5	354511	untrained	32718	49	memtrain/o_054_2.jpg	photodiode	1
355.462	0.5	355462	catch	32671	n/a	catch_padded.jpg	photodiode	0
355.808	0.0	355808	response	6	n/a	n/a	trigger	0
357.364	0.5	357364	trained	32722	45	memtrain/so_090_2.jpg	photodiode	1
358.256	0.5	358256	trained	32767	0	memtrain/o_006_1.jpg	photodiode	1
359.057	0.5	359057	trained	32763	4	memtrain/o_042_1.jpg	photodiode	1
359.857	0.5	359857	catch	32671	n/a	catch_padded.jpg	photodiode	0
360.418	0.0	360418	response	6	n/a	n/a	trigger	0
361.859	0.5	361859	untrained	32717	50	memtrain/o_057_2.jpg	photodiode	1
362.71	0.5	362710	untrained	32709	58	memtrain/o_192_1.jpg	photodiode	1
363.561	0.5	363561	trained	32759	8	memtrain/o_094_1.jpg	photodiode	1
364.461	0.5	364461	untrained	32673	94	memtrain/so_067_1.jpg	photodiode	1
365.262	0.5	365262	trained	32750	17	memtrain/o_232_1.jpg	photodiode	1
366.163	0.5	366163	catch	32671	n/a	catch_padded.jpg	photodiode	0
366.465	0.0	366465	response	6	n/a	n/a	trigger	0
368.165	0.5	368165	untrained	32705	62	memtrain/o_304_1.jpg	photodiode	1
369.065	0.5	369065	untrained	32693	74	memtrain/o_550_1.jpg	photodiode	1
370.016	0.5	370016	untrained	32719	48	memtrain/o_019_2.jpg	photodiode	1
370.817	0.5	370817	trained	32731	36	memtrain/o_583_1.jpg	photodiode	1
371.617	0.5	371617	catch	32671	n/a	catch_padded.jpg	photodiode	0
371.982	0.0	371982	response	6	n/a	n/a	trigger	0
373.619	0.5	373619	trained	32720	47	memtrain/so_147_2.jpg	photodiode	1
374.57	0.5	374570	untrained	32685	82	memtrain/o_656_1.jpg	photodiode	1
375.471	0.5	375471	trained	32737	30	memtrain/o_437_2.jpg	photodiode	1
376.271	0.5	376271	catch	32671	n/a	catch_padded.jpg	photodiode	0
376.697	0.0	376697	response	6	n/a	n/a	trigger	0
378.273	0.5	378273	untrained	32672	95	memtrain/so_125_1.jpg	photodiode	1
379.174	0.5	379174	untrained	32698	69	memtrain/o_464_2.jpg	photodiode	1
380.125	0.5	380125	trained	32745	22	memtrain/o_321_1.jpg	photodiode	1
381.025	0.5	381025	untrained	32681	86	memtrain/o_288_1.jpg	photodiode	1
381.926	0.5	381926	untrained	32688	79	memtrain/o_600_1.jpg	photodiode	1
382.727	0.5	382727	catch	32671	n/a	catch_padded.jpg	photodiode	0
383.048	0.0	383048	response	6	n/a	n/a	trigger	0
384.628	0.5	384628	untrained	32702	65	memtrain/o_337_2.jpg	photodiode	1
385.479	0.5	385479	trained	32757	10	memtrain/o_111_2.jpg	photodiode	1
386.221	0.5	386221	trained	32733	34	memtrain/o_558_2.jpg	photodiode	1
387.172	0.5	387172	untrained	32691	76	memtrain/o_570_1.jpg	photodiode	1
387.973	0.5	387973	catch	32671	n/a	catch_padded.jpg	photodiode	0
388.266	0.0	388266	response	6	n/a	n/a	trigger	0
390.075	0.5	390075	trained	32736	31	memtrain/o_465_2.jpg	photodiode	1
390.925	0.5	390925	trained	32739	28	memtrain/o_397_1.jpg	photodiode	1
391.876	0.5	391876	untrained	32689	78	memtrain/o_599_1.jpg	photodiode	1
392.677	0.5	392677	catch	32671	n/a	catch_padded.jpg	photodiode	0
393.035	0.0	393035	response	6	n/a	n/a	trigger	0
394.779	0.5	394779	untrained	32680	87	memtrain/o_365_1.jpg	photodiode	1
395.629	0.5	395629	trained	32755	12	memtrain/o_127_2.jpg	photodiode	1
396.43	0.5	396430	untrained	32711	56	memtrain/o_163_2.jpg	photodiode	1
397.331	0.5	397331	trained	32721	46	memtrain/so_113_1.jpg	photodiode	1
398.131	0.5	398131	trained	32734	33	memtrain/o_536_1.jpg	photodiode	1
398.982	0.5	398982	catch	32671	n/a	catch_padded.jpg	photodiode	0
399.266	0.0	399266	response	6	n/a	n/a	trigger	0
401.034	0.5	401034	trained	32723	44	memtrain/so_045_1.jpg	photodiode	1
401.985	0.5	401985	untrained	32694	73	memtrain/o_519_2.jpg	photodiode	1
402.936	0.5	402936	trained	32760	7	memtrain/o_091_2.jpg	photodiode	1
403.736	0.5	403736	trained	32730	37	memtrain/o_597_1.jpg	photodiode	1
404.537	0.5	404537	untrained	32682	85	memtrain/o_218_1.jpg	photodiode	1
405.288	0.5	405288	catch	32671	n/a	catch_padded.jpg	photodiode	0
405.515	0.0	405515	response	6	n/a	n/a	trigger	0
407.189	0.5	407189	trained	32748	19	memtrain/o_284_2.jpg	photodiode	1
407.99	0.5	407990	trained	32724	43	memtrain/so_043_2.jpg	photodiode	1
408.791	0.5	408791	untrained	32683	84	memtrain/so_117_2.jpg	photodiode	1
409.741	0.5	409741	trained	32725	42	memtrain/so_034_2.jpg	photodiode	1
410.542	0.5	410542	untrained	32684	83	memtrain/so_105_1.jpg	photodiode	1
411.443	0.5	411443	catch	32671	n/a	catch_padded.jpg	photodiode	0
411.715	0.0	411715	response	6	n/a	n/a	trigger	0
413.545	0.5	413545	untrained	32687	80	memtrain/o_613_1.jpg	photodiode	1
414.445	0.5	414445	trained	32740	27	memtrain/o_379_2.jpg	photodiode	1
415.238	0.5	415238	trained	32761	6	memtrain/o_076_1.jpg	photodiode	1
416.189	0.5	416189	untrained	32712	55	memtrain/o_153_2.jpg	photodiode	1
417.039	0.5	417039	catch	32671	n/a	catch_padded.jpg	photodiode	0
417.35	0.0	417350	response	6	n/a	n/a	trigger	0
419.091	0.5	419091	untrained	32715	52	memtrain/o_141_1.jpg	photodiode	1
420.042	0.5	420042	untrained	32679	88	memtrain/o_458_1.jpg	photodiode	1
420.792	0.5	420792	untrained	32713	54	memtrain/o_145_1.jpg	photodiode	1
421.643	0.5	421643	trained	32733	34	memtrain/o_558_2.jpg	photodiode	1
422.394	0.5	422394	catch	32671	n/a	catch_padded.jpg	photodiode	0
422.676	0.0	422676	response	6	n/a	n/a	trigger	0
424.446	0.5	424446	untrained	32704	63	memtrain/o_310_2.jpg	photodiode	1
425.296	0.5	425296	trained	32751	16	memtrain/o_199_2.jpg	photodiode	1
426.047	0.5	426047	trained	32724	43	memtrain/so_043_2.jpg	photodiode	1
426.898	0.5	426898	catch	32671	n/a	catch_padded.jpg	photodiode	0
427.285	0.0	427285	response	6	n/a	n/a	trigger	0
428.849	0.5	428849	trained	32722	45	memtrain/so_090_2.jpg	photodiode	1
429.7	0.5	429700	trained	32745	22	memtrain/o_321_1.jpg	photodiode	1
430.601	0.5	430601	untrained	32705	62	memtrain/o_304_1.jpg	photodiode	1
431.351	0.5	431351	catch	32671	n/a	catch_padded.jpg	photodiode	0
431.756	0.0	431756	response	6	n/a	n/a	trigger	0
433.303	0.5	433303	trained	32759	8	memtrain/o_094_1.jpg	photodiode	1
434.104	0.5	434104	trained	32739	28	memtrain/o_397_1.jpg	photodiode	1
435.005	0.5	435005	untrained	32697	70	memtrain/o_471_2.jpg	photodiode	1
435.755	0.5	435755	catch	32671	n/a	catch_padded.jpg	photodiode	0
436.13	0.0	436130	response	6	n/a	n/a	trigger	0
437.857	0.5	437857	trained	32743	24	memtrain/o_357_1.jpg	photodiode	1
438.808	0.5	438808	trained	32754	13	memtrain/o_136_1.jpg	photodiode	1
439.558	0.5	439558	trained	32760	7	memtrain/o_091_2.jpg	photodiode	1
440.409	0.5	440409	catch	32671	n/a	catch_padded.jpg	photodiode	0
440.704	0.0	440704	response	6	n/a	n/a	trigger	0
442.411	0.5	442411	trained	32763	4	memtrain/o_042_1.jpg	photodiode	1
443.161	0.5	443161	untrained	32719	48	memtrain/o_019_2.jpg	photodiode	1
443.962	0.5	443962	untrained	32693	74	memtrain/o_550_1.jpg	photodiode	1
444.813	0.5	444813	catch	32671	n/a	catch_padded.jpg	photodiode	0
445.237	0.0	445237	response	6	n/a	n/a	trigger	0
446.806	0.5	446806	trained	32750	17	memtrain/o_232_1.jpg	photodiode	1
447.557	0.5	447557	untrained	32680	87	memtrain/o_365_1.jpg	photodiode	1
448.508	0.5	448508	trained	32737	30	memtrain/o_437_2.jpg	photodiode	1
449.458	0.5	449458	trained	32753	14	memtrain/o_174_1.jpg	photodiode	1
450.359	0.5	450359	catch	32671	n/a	catch_padded.jpg	photodiode	0
450.647	0.0	450647	response	6	n/a	n/a	trigger	0
452.411	0.5	452411	untrained	32676	91	memtrain/o_605_1.jpg	photodiode	1
453.312	0.5	453312	trained	32749	18	memtrain/o_264_2.jpg	photodiode	1
454.112	0.5	454112	trained	32740	27	memtrain/o_379_2.jpg	photodiode	1
454.913	0.5	454913	trained	32767	0	memtrain/o_006_1.jpg	photodiode	1
455.814	0.5	455814	catch	32671	n/a	catch_padded.jpg	photodiode	0
456.118	0.0	456118	response	6	n/a	n/a	trigger	0
457.865	0.5	457865	trained	32764	3	memtrain/o_040_2.jpg	photodiode	1
458.616	0.5	458616	untrained	32703	64	memtrain/o_334_2.jpg	photodiode	1
459.367	0.5	459367	untrained	32686	81	memtrain/o_655_2.jpg	photodiode	1
460.267	0.5	460267	untrained	32682	85	memtrain/o_218_1.jpg	photodiode	1
461.118	0.5	461118	catch	32671	n/a	catch_padded.jpg	photodiode	0
461.416	0.0	461416	response	6	n/a	n/a	trigger	0
463.17	0.5	463170	trained	32747	20	memtrain/o_290_1.jpg	photodiode	1
464.121	0.5	464121	trained	32762	5	memtrain/o_067_1.jpg	photodiode	1
464.871	0.5	464871	trained	32721	46	memtrain/so_113_1.jpg	photodiode	1
465.672	0.5	465672	untrained	32715	52	memtrain/o_141_1.jpg	photodiode	1
466.423	0.5	466423	catch	32671	n/a	catch_padded.jpg	photodiode	0
466.702	0.0	466702	response	6	n/a	n/a	trigger	0
468.424	0.5	468424	untrained	32698	69	memtrain/o_464_2.jpg	photodiode	1
469.375	0.5	469375	untrained	32685	82	memtrain/o_656_1.jpg	photodiode	1
470.276	0.5	470276	untrained	32694	73	memtrain/o_519_2.jpg	photodiode	1
471.077	0.5	471077	untrained	32711	56	memtrain/o_163_2.jpg	photodiode	1
471.977	0.5	471977	untrained	32692	75	memtrain/o_564_1.jpg	photodiode	1
472.928	0.5	472928	catch	32671	n/a	catch_padded.jpg	photodiode	0
473.206	0.0	473206	response	6	n/a	n/a	trigger	0
475.03	0.5	475030	untrained	32717	50	memtrain/o_057_2.jpg	photodiode	1
475.772	0.5	475772	untrained	32681	86	memtrain/o_288_1.jpg	photodiode	1
476.531	0.5	476531	trained	32741	26	memtrain/o_376_1.jpg	photodiode	1
477.374	0.5	477374	trained	32720	47	memtrain/so_147_2.jpg	photodiode	1
478.124	0.5	478124	trained	32735	32	memtrain/o_485_2.jpg	photodiode	1
478.975	0.5	478975	catch	32671	n/a	catch_padded.jpg	photodiode	0
479.294	0.0	479294	response	6	n/a	n/a	trigger	0
480.977	0.5	480977	untrained	32695	72	memtrain/o_490_1.jpg	photodiode	1
481.878	0.5	481878	untrained	32674	93	memtrain/so_035_1.jpg	photodiode	1
482.728	0.5	482728	untrained	32696	71	memtrain/o_483_1.jpg	photodiode	1
483.529	0.5	483529	trained	32761	6	memtrain/o_076_1.jpg	photodiode	1
484.28	0.5	484280	catch	32671	n/a	catch_padded.jpg	photodiode	0
484.596	0.0	484596	response	6	n/a	n/a	trigger	0
486.181	0.5	486181	trained	32732	35	memtrain/o_561_2.jpg	photodiode	1
486.932	0.5	486932	trained	32726	41	memtrain/o_663_2.jpg	photodiode	1
487.833	0.5	487833	trained	32736	31	memtrain/o_465_2.jpg	photodiode	1
488.683	0.5	488683	trained	32727	40	memtrain/o_648_2.jpg	photodiode	1
489.534	0.5	489534	untrained	32672	95	memtrain/so_125_1.jpg	photodiode	1
490.285	0.5	490285	catch	32671	n/a	catch_padded.jpg	photodiode	0
490.506	0.0	490506	response	6	n/a	n/a	trigger	0
492.236	0.5	492236	trained	32730	37	memtrain/o_597_1.jpg	photodiode	1
492.987	0.5	492987	untrained	32690	77	memtrain/o_574_2.jpg	photodiode	1
493.938	0.5	493938	untrained	32699	68	memtrain/o_393_1.jpg	photodiode	1
494.688	0.5	494688	catch	32671	n/a	catch_padded.jpg	photodiode	0
495.164	0.0	495164	response	6	n/a	n/a	trigger	0
496.69	0.5	496690	untrained	32684	83	memtrain/so_105_1.jpg	photodiode	1
497.541	0.5	497541	untrained	32701	66	memtrain/o_342_2.jpg	photodiode	1
498.492	0.5	498492	trained	32758	9	memtrain/o_101_2.jpg	photodiode	1
499.392	0.5	499392	catch	32671	n/a	catch_padded.jpg	photodiode	0
499.673	0.0	499673	response	6	n/a	n/a	trigger	0
501.494	0.5	501494	untrained	32712	55	memtrain/o_153_2.jpg	photodiode	1
502.395	0.5	502395	untrained	32673	94	memtrain/so_067_1.jpg	photodiode	1
503.237	0.5	503237	untrained	32678	89	memtrain/o_469_1.jpg	photodiode	1
504.188	0.5	504188	untrained	32702	65	memtrain/o_337_2.jpg	photodiode	1
505.089	0.5	505089	untrained	32687	80	memtrain/o_613_1.jpg	photodiode	1
505.889	0.5	505889	catch	32671	n/a	catch_padded.jpg	photodiode	0
506.18	0.0	506180	response	6	n/a	n/a	trigger	0
507.991	0.5	507991	trained	32725	42	memtrain/so_034_2.jpg	photodiode	1
508.942	0.5	508942	trained	32757	10	memtrain/o_111_2.jpg	photodiode	1
509.743	0.5	509743	trained	32752	15	memtrain/o_195_1.jpg	photodiode	1
510.694	0.5	510694	catch	32671	n/a	catch_padded.jpg	photodiode	0
511.022	0.0	511022	response	6	n/a	n/a	trigger	0
512.745	0.5	512745	untrained	32700	67	memtrain/o_378_1.jpg	photodiode	1
513.696	0.5	513696	trained	32734	33	memtrain/o_536_1.jpg	photodiode	1
514.547	0.5	514547	untrained	32710	57	memtrain/o_171_1.jpg	photodiode	1
515.398	0.5	515398	catch	32671	n/a	catch_padded.jpg	photodiode	0
515.793	0.0	515793	response	6	n/a	n/a	trigger	0
517.449	0.5	517449	untrained	32708	59	memtrain/o_201_2.jpg	photodiode	1
518.35	0.5	518350	trained	32728	39	memtrain/o_606_1.jpg	photodiode	1
519.151	0.5	519151	trained	32746	21	memtrain/o_319_1.jpg	photodiode	1
519.901	0.5	519901	trained	32755	12	memtrain/o_127_2.jpg	photodiode	1
520.752	0.5	520752	trained	32742	25	memtrain/o_358_2.jpg	photodiode	1
521.553	0.5	521553	catch	32671	n/a	catch_padded.jpg	photodiode	0
523.655	0.5	523655	trained	32731	36	memtrain/o_583_1.jpg	photodiode	1
524.605	0.5	524605	untrained	32688	79	memtrain/o_600_1.jpg	photodiode	1
525.356	0.5	525356	untrained	32675	92	memtrain/so_033_1.jpg	photodiode	1
526.157	0.5	526157	untrained	32713	54	memtrain/o_145_1.jpg	photodiode	1
526.907	0.5	526907	untrained	32706	61	memtrain/o_298_2.jpg	photodiode	1
527.808	0.5	527808	catch	32671	n/a	catch_padded.jpg	photodiode	0
528.107	0.0	528107	response	6	n/a	n/a	trigger	0
529.76	0.5	529760	untrained	32677	90	memtrain/o_580_1.jpg	photodiode	1
530.61	0.5	530610	trained	32756	11	memtrain/o_117_2.jpg	photodiode	1
531.461	0.5	531461	untrained	32718	49	memtrain/o_054_2.jpg	photodiode	1
532.404	0.5	532404	untrained	32707	60	memtrain/o_228_2.jpg	photodiode	1
533.355	0.5	533355	trained	32766	1	memtrain/o_015_1.jpg	photodiode	1
534.105	0.5	534105	catch	32671	n/a	catch_padded.jpg	photodiode	0
534.371	0.0	534371	response	6	n/a	n/a	trigger	0
536.207	0.5	536207	untrained	32689	78	memtrain/o_599_1.jpg	photodiode	1
537.008	0.5	537008	trained	32729	38	memtrain/o_603_1.jpg	photodiode	1
537.908	0.5	537908	untrained	32679	88	memtrain/o_458_1.jpg	photodiode	1
538.859	0.5	538859	untrained	32683	84	memtrain/so_117_2.jpg	photodiode	1
539.61	0.5	539610	trained	32744	23	memtrain/o_338_2.jpg	photodiode	1
540.411	0.5	540411	catch	32671	n/a	catch_padded.jpg	photodiode	0
540.666	0.0	540666	response	6	n/a	n/a	trigger	0
542.412	0.5	542412	trained	32765	2	memtrain/o_035_1.jpg	photodiode	1
543.363	0.5	543363	trained	32748	19	memtrain/o_284_2.jpg	photodiode	1
544.264	0.5	544264	trained	32738	29	memtrain/o_416_1.jpg	photodiode	1
545.014	0.5	545014	untrained	32691	76	memtrain/o_570_1.jpg	photodiode	1
545.865	0.5	545865	catch	32671	n/a	catch_padded.jpg	photodiode	0
546.165	0.0	546165	response	6	n/a	n/a	trigger	0
547.867	0.5	547867	trained	32723	44	memtrain/so_045_1.jpg	photodiode	1
548.718	0.5	548718	untrained	32709	58	memtrain/o_192_1.jpg	photodiode	1
549.468	0.5	549468	untrained	32714	53	memtrain/o_142_2.jpg	photodiode	1
550.419	0.5	550419	untrained	32716	51	memtrain/o_103_2.jpg	photodiode	1
551.17	0.5	551170	catch	32671	n/a	catch_padded.jpg	photodiode	0
551.421	0.0	551421	response	6	n/a	n/a	trigger	0
553.654	0.0	553654	block_end	120	n/a	n/a	trigger	0
563.746	0.0	563746	response	6	n/a	n/a	trigger	0
563.751	0.0	563751	block_onset	103	n/a	n/a	trigger	0
565.807	0.5	565807	untrained	32716	51	memtrain/o_103_2.jpg	photodiode	1
566.708	0.5	566708	untrained	32695	72	memtrain/o_490_1.jpg	photodiode	1
567.608	0.5	567608	untrained	32689	78	memtrain/o_599_1.jpg	photodiode	1
568.409	0.5	568409	catch	32671	n/a	catch_padded.jpg	photodiode	0
568.766	0.0	568766	response	6	n/a	n/a	trigger	0
570.461	0.5	570461	untrained	32692	75	memtrain/o_564_1.jpg	photodiode	1
571.203	0.5	571203	trained	32722	45	memtrain/so_090_2.jpg	photodiode	1
572.054	0.5	572054	untrained	32714	53	memtrain/o_142_2.jpg	photodiode	1
572.855	0.5	572855	trained	32734	33	memtrain/o_536_1.jpg	photodiode	1
573.755	0.5	573755	untrained	32705	62	memtrain/o_304_1.jpg	photodiode	1
574.514	0.5	574514	catch	32671	n/a	catch_padded.jpg	photodiode	0
574.805	0.0	574805	response	6	n/a	n/a	trigger	0
576.408	0.5	576408	untrained	32698	69	memtrain/o_464_2.jpg	photodiode	1
577.158	0.5	577158	untrained	32687	80	memtrain/o_613_1.jpg	photodiode	1
578.109	0.5	578109	untrained	32707	60	memtrain/o_228_2.jpg	photodiode	1
579.01	0.5	579010	catch	32671	n/a	catch_padded.jpg	photodiode	0
579.41	0.0	579410	response	6	n/a	n/a	trigger	0
581.012	0.5	581012	trained	32735	32	memtrain/o_485_2.jpg	photodiode	1
581.812	0.5	581812	trained	32753	14	memtrain/o_174_1.jpg	photodiode	1
582.663	0.5	582663	untrained	32674	93	memtrain/so_035_1.jpg	photodiode	1
583.514	0.5	583514	untrained	32713	54	memtrain/o_145_1.jpg	photodiode	1
584.415	0.5	584415	trained	32742	25	memtrain/o_358_2.jpg	photodiode	1
585.265	0.5	585265	catch	32671	n/a	catch_padded.jpg	photodiode	0
585.587	0.0	585587	response	6	n/a	n/a	trigger	0
587.217	0.5	587217	trained	32763	4	memtrain/o_042_1.jpg	photodiode	1
588.168	0.5	588168	trained	32725	42	memtrain/so_034_2.jpg	photodiode	1
588.918	0.5	588918	trained	32755	12	memtrain/o_127_2.jpg	photodiode	1
589.869	0.5	589869	untrained	32697	70	memtrain/o_471_2.jpg	photodiode	1
590.77	0.5	590770	trained	32761	6	memtrain/o_076_1.jpg	photodiode	1
591.521	0.5	591521	catch	32671	n/a	catch_padded.jpg	photodiode	0
593.622	0.5	593622	untrained	32675	92	memtrain/so_033_1.jpg	photodiode	1
594.373	0.5	594373	trained	32766	1	memtrain/o_015_1.jpg	photodiode	1
595.124	0.5	595124	untrained	32718	49	memtrain/o_054_2.jpg	photodiode	1
595.874	0.5	595874	untrained	32682	85	memtrain/o_218_1.jpg	photodiode	1
596.675	0.5	596675	trained	32731	36	memtrain/o_583_1.jpg	photodiode	1
597.476	0.5	597476	catch	32671	n/a	catch_padded.jpg	photodiode	0
597.821	0.0	597821	response	6	n/a	n/a	trigger	0
599.519	0.5	599519	trained	32732	35	memtrain/o_561_2.jpg	photodiode	1
600.27	0.5	600270	trained	32736	31	memtrain/o_465_2.jpg	photodiode	1
601.22	0.5	601220	trained	32750	17	memtrain/o_232_1.jpg	photodiode	1
602.13	0.5	602130	trained	32729	38	memtrain/o_603_1.jpg	photodiode	1
602.972	0.5	602972	untrained	32715	52	memtrain/o_141_1.jpg	photodiode	1
603.722	0.5	603722	catch	32671	n/a	catch_padded.jpg	photodiode	0
605.774	0.5	605774	untrained	32700	67	memtrain/o_378_1.jpg	photodiode	1
606.725	0.5	606725	trained	32733	34	memtrain/o_558_2.jpg	photodiode	1
607.526	0.5	607526	trained	32751	16	memtrain/o_199_2.jpg	photodiode	1
608.426	0.5	608426	catch	32671	n/a	catch_padded.jpg	photodiode	0
608.684	0.0	608684	response	6	n/a	n/a	trigger	0
610.328	0.5	610328	untrained	32679	88	memtrain/o_458_1.jpg	photodiode	1
611.279	0.5	611279	trained	32737	30	memtrain/o_437_2.jpg	photodiode	1
612.08	0.5	612080	trained	32758	9	memtrain/o_101_2.jpg	photodiode	1
613.03	0.5	613030	untrained	32678	89	memtrain/o_469_1.jpg	photodiode	1
613.781	0.5	613781	untrained	32699	68	memtrain/o_393_1.jpg	photodiode	1
614.632	0.5	614632	catch	32671	n/a	catch_padded.jpg	photodiode	0
615.062	0.0	615062	response	6	n/a	n/a	trigger	0
616.633	0.5	616633	untrained	32694	73	memtrain/o_519_2.jpg	photodiode	1
617.584	0.5	617584	untrained	32686	81	memtrain/o_655_2.jpg	photodiode	1
618.535	0.5	618535	trained	32746	21	memtrain/o_319_1.jpg	photodiode	1
619.486	0.5	619486	untrained	32719	48	memtrain/o_019_2.jpg	photodiode	1
620.337	0.5	620337	untrained	32710	57	memtrain/o_171_1.jpg	photodiode	1
621.087	0.5	621087	catch	32671	n/a	catch_padded.jpg	photodiode	0
621.391	0.0	621391	response	6	n/a	n/a	trigger	0
623.039	0.5	623039	untrained	32684	83	memtrain/so_105_1.jpg	photodiode	1
623.94	0.5	623940	untrained	32702	65	memtrain/o_337_2.jpg	photodiode	1
624.74	0.5	624740	untrained	32676	91	memtrain/o_605_1.jpg	photodiode	1
625.491	0.5	625491	catch	32671	n/a	catch_padded.jpg	photodiode	0
625.927	0.0	625927	response	6	n/a	n/a	trigger	0
627.392	0.5	627392	trained	32765	2	memtrain/o_035_1.jpg	photodiode	1
628.135	0.5	628135	untrained	32677	90	memtrain/o_580_1.jpg	photodiode	1
629.036	0.5	629036	trained	32727	40	memtrain/o_648_2.jpg	photodiode	1
629.886	0.5	629886	trained	32767	0	memtrain/o_006_1.jpg	photodiode	1
630.687	0.5	630687	untrained	32673	94	memtrain/so_067_1.jpg	photodiode	1
631.638	0.5	631638	catch	32671	n/a	catch_padded.jpg	photodiode	0
633.74	0.5	633740	trained	32745	22	memtrain/o_321_1.jpg	photodiode	1
634.49	0.5	634490	untrained	32703	64	memtrain/o_334_2.jpg	photodiode	1
635.441	0.5	635441	trained	32748	19	memtrain/o_284_2.jpg	photodiode	1
636.292	0.5	636292	catch	32671	n/a	catch_padded.jpg	photodiode	0
636.568	0.0	636568	response	6	n/a	n/a	trigger	0
638.243	0.5	638243	untrained	32701	66	memtrain/o_342_2.jpg	photodiode	1
639.144	0.5	639144	trained	32757	10	memtrain/o_111_2.jpg	photodiode	1
640.095	0.5	640095	trained	32754	13	memtrain/o_136_1.jpg	photodiode	1
640.954	0.5	640954	catch	32671	n/a	catch_padded.jpg	photodiode	0
641.336	0.0	641336	response	6	n/a	n/a	trigger	0
642.947	0.5	642947	trained	32728	39	memtrain/o_606_1.jpg	photodiode	1
643.798	0.5	643798	untrained	32685	82	memtrain/o_656_1.jpg	photodiode	1
644.749	0.5	644749	untrained	32706	61	memtrain/o_298_2.jpg	photodiode	1
645.55	0.5	645550	trained	32720	47	memtrain/so_147_2.jpg	photodiode	1
646.3	0.5	646300	catch	32671	n/a	catch_padded.jpg	photodiode	0
646.615	0.0	646615	response	6	n/a	n/a	trigger	0
648.202	0.5	648202	trained	32762	5	memtrain/o_067_1.jpg	photodiode	1
649.053	0.5	649053	trained	32756	11	memtrain/o_117_2.jpg	photodiode	1
649.953	0.5	649953	trained	32741	26	memtrain/o_376_1.jpg	photodiode	1
650.804	0.5	650804	catch	32671	n/a	catch_padded.jpg	photodiode	0
651.107	0.0	651107	response	6	n/a	n/a	trigger	0
652.806	0.5	652806	untrained	32688	79	memtrain/o_600_1.jpg	photodiode	1
653.606	0.5	653606	trained	32760	7	memtrain/o_091_2.jpg	photodiode	1
654.407	0.5	654407	trained	32738	29	memtrain/o_416_1.jpg	photodiode	1
655.308	0.5	655308	trained	32740	27	memtrain/o_379_2.jpg	photodiode	1
656.159	0.5	656159	catch	32671	n/a	catch_padded.jpg	photodiode	0
656.62	0.0	656620	response	6	n/a	n/a	trigger	0
658.202	0.5	658202	trained	32764	3	memtrain/o_040_2.jpg	photodiode	1
659.053	0.5	659053	untrained	32712	55	memtrain/o_153_2.jpg	photodiode	1
659.953	0.5	659953	untrained	32672	95	memtrain/so_125_1.jpg	photodiode	1
660.854	0.5	660854	trained	32744	23	memtrain/o_338_2.jpg	photodiode	1
661.655	0.5	661655	catch	32671	n/a	catch_padded.jpg	photodiode	0
661.943	0.0	661943	response	6	n/a	n/a	trigger	0
663.757	0.5	663757	trained	32726	41	memtrain/o_663_2.jpg	photodiode	1
664.507	0.5	664507	untrained	32693	74	memtrain/o_550_1.jpg	photodiode	1
665.458	0.5	665458	trained	32739	28	memtrain/o_397_1.jpg	photodiode	1
666.359	0.5	666359	untrained	32681	86	memtrain/o_288_1.jpg	photodiode	1
667.31	0.5	667310	trained	32759	8	memtrain/o_094_1.jpg	photodiode	1
668.21	0.5	668210	catch	32671	n/a	catch_padded.jpg	photodiode	0
670.112	0.5	670112	trained	32721	46	memtrain/so_113_1.jpg	photodiode	1
671.013	0.5	671013	trained	32749	18	memtrain/o_264_2.jpg	photodiode	1
671.864	0.5	671864	untrained	32690	77	memtrain/o_574_2.jpg	photodiode	1
672.764	0.5	672764	trained	32724	43	memtrain/so_043_2.jpg	photodiode	1
673.515	0.5	673515	untrained	32696	71	memtrain/o_483_1.jpg	photodiode	1
674.366	0.5	674366	catch	32671	n/a	catch_padded.jpg	photodiode	0
674.669	0.0	674669	response	6	n/a	n/a	trigger	0
676.367	0.5	676367	untrained	32711	56	memtrain/o_163_2.jpg	photodiode	1
677.218	0.5	677218	trained	32730	37	memtrain/o_597_1.jpg	photodiode	1
678.119	0.5	678119	untrained	32717	50	memtrain/o_057_2.jpg	photodiode	1
678.869	0.5	678869	catch	32671	n/a	catch_padded.jpg	photodiode	0
680.971	0.5	680971	untrained	32683	84	memtrain/so_117_2.jpg	photodiode	1
681.266	0.0	681266	response	6	n/a	n/a	trigger	0
681.822	0.5	681822	untrained	32704	63	memtrain/o_310_2.jpg	photodiode	1
682.723	0.5	682723	trained	32752	15	memtrain/o_195_1.jpg	photodiode	1
683.473	0.5	683473	catch	32671	n/a	catch_padded.jpg	photodiode	0
683.829	0.0	683829	response	6	n/a	n/a	trigger	0
685.425	0.5	685425	untrained	32708	59	memtrain/o_201_2.jpg	photodiode	1
686.368	0.5	686368	trained	32723	44	memtrain/so_045_1.jpg	photodiode	1
687.218	0.5	687218	trained	32747	20	memtrain/o_290_1.jpg	photodiode	1
687.977	0.5	687977	untrained	32709	58	memtrain/o_192_1.jpg	photodiode	1
688.87	0.5	688870	catch	32671	n/a	catch_padded.jpg	photodiode	0
689.23	0.0	689230	response	6	n/a	n/a	trigger	0
690.821	0.5	690821	untrained	32680	87	memtrain/o_365_1.jpg	photodiode	1
691.672	0.5	691672	trained	32743	24	memtrain/o_357_1.jpg	photodiode	1
692.423	0.5	692423	untrained	32691	76	memtrain/o_570_1.jpg	photodiode	1
693.173	0.5	693173	untrained	32692	75	memtrain/o_564_1.jpg	photodiode	1
694.024	0.5	694024	catch	32671	n/a	catch_padded.jpg	photodiode	0
696.076	0.5	696076	untrained	32718	49	memtrain/o_054_2.jpg	photodiode	1
697.027	0.5	697027	untrained	32719	48	memtrain/o_019_2.jpg	photodiode	1
697.927	0.5	697927	trained	32767	0	memtrain/o_006_1.jpg	photodiode	1
698.778	0.5	698778	untrained	32704	63	memtrain/o_310_2.jpg	photodiode	1
699.579	0.5	699579	catch	32671	n/a	catch_padded.jpg	photodiode	0
701.639	0.5	701639	untrained	32697	70	memtrain/o_471_2.jpg	photodiode	1
702.431	0.5	702431	trained	32744	23	memtrain/o_338_2.jpg	photodiode	1
703.382	0.5	703382	trained	32734	33	memtrain/o_536_1.jpg	photodiode	1
704.283	0.5	704283	untrained	32688	79	memtrain/o_600_1.jpg	photodiode	1
705.083	0.5	705083	trained	32750	17	memtrain/o_232_1.jpg	photodiode	1
705.834	0.5	705834	catch	32671	n/a	catch_padded.jpg	photodiode	0
706.125	0.0	706125	response	6	n/a	n/a	trigger	0
707.886	0.5	707886	untrained	32703	64	memtrain/o_334_2.jpg	photodiode	1
708.837	0.5	708837	untrained	32706	61	memtrain/o_298_2.jpg	photodiode	1
709.787	0.5	709787	untrained	32680	87	memtrain/o_365_1.jpg	photodiode	1
710.588	0.5	710588	catch	32671	n/a	catch_padded.jpg	photodiode	0
710.995	0.0	710995	response	6	n/a	n/a	trigger	0
712.64	0.5	712640	untrained	32714	53	memtrain/o_142_2.jpg	photodiode	1
713.441	0.5	713441	untrained	32682	85	memtrain/o_218_1.jpg	photodiode	1
714.191	0.5	714191	untrained	32711	56	memtrain/o_163_2.jpg	photodiode	1
715.042	0.5	715042	untrained	32716	51	memtrain/o_103_2.jpg	photodiode	1
715.934	0.5	715934	catch	32671	n/a	catch_padded.jpg	photodiode	0
717.886	0.5	717886	trained	32753	14	memtrain/o_174_1.jpg	photodiode	1
718.787	0.5	718787	untrained	32687	80	memtrain/o_613_1.jpg	photodiode	1
719.587	0.5	719587	trained	32746	21	memtrain/o_319_1.jpg	photodiode	1
720.396	0.5	720396	untrained	32683	84	memtrain/so_117_2.jpg	photodiode	1
721.139	0.5	721139	trained	32726	41	memtrain/o_663_2.jpg	photodiode	1
721.989	0.5	721989	catch	32671	n/a	catch_padded.jpg	photodiode	0
723.941	0.5	723941	trained	32752	15	memtrain/o_195_1.jpg	photodiode	1
724.842	0.5	724842	trained	32751	16	memtrain/o_199_2.jpg	photodiode	1
725.693	0.5	725693	untrained	32691	76	memtrain/o_570_1.jpg	photodiode	1
726.543	0.5	726543	catch	32671	n/a	catch_padded.jpg	photodiode	0
726.836	0.0	726836	response	6	n/a	n/a	trigger	0
728.495	0.5	728495	untrained	32698	69	memtrain/o_464_2.jpg	photodiode	1
729.246	0.5	729246	trained	32755	12	memtrain/o_127_2.jpg	photodiode	1
730.146	0.5	730146	trained	32724	43	memtrain/so_043_2.jpg	photodiode	1
731.097	0.5	731097	catch	32671	n/a	catch_padded.jpg	photodiode	0
731.515	0.0	731515	response	6	n/a	n/a	trigger	0
733.149	0.5	733149	trained	32738	29	memtrain/o_416_1.jpg	photodiode	1
734.0	0.5	734000	trained	32742	25	memtrain/o_358_2.jpg	photodiode	1
734.95	0.5	734950	trained	32758	9	memtrain/o_101_2.jpg	photodiode	1
735.901	0.5	735901	trained	32739	28	memtrain/o_397_1.jpg	photodiode	1
736.652	0.5	736652	catch	32671	n/a	catch_padded.jpg	photodiode	0
738.754	0.5	738754	untrained	32690	77	memtrain/o_574_2.jpg	photodiode	1
739.704	0.5	739704	untrained	32696	71	memtrain/o_483_1.jpg	photodiode	1
740.605	0.5	740605	untrained	32689	78	memtrain/o_599_1.jpg	photodiode	1
741.406	0.5	741406	catch	32671	n/a	catch_padded.jpg	photodiode	0
741.728	0.0	741728	response	6	n/a	n/a	trigger	0
743.307	0.5	743307	trained	32730	37	memtrain/o_597_1.jpg	photodiode	1
744.108	0.5	744108	trained	32760	7	memtrain/o_091_2.jpg	photodiode	1
744.951	0.5	744951	untrained	32709	58	memtrain/o_192_1.jpg	photodiode	1
745.901	0.5	745901	untrained	32684	83	memtrain/so_105_1.jpg	photodiode	1
746.652	0.5	746652	untrained	32678	89	memtrain/o_469_1.jpg	photodiode	1
747.553	0.5	747553	catch	32671	n/a	catch_padded.jpg	photodiode	0
749.454	0.5	749454	untrained	32695	72	memtrain/o_490_1.jpg	photodiode	1
750.205	0.5	750205	untrained	32700	67	memtrain/o_378_1.jpg	photodiode	1
751.006	0.5	751006	trained	32721	46	memtrain/so_113_1.jpg	photodiode	1
751.856	0.5	751856	trained	32759	8	memtrain/o_094_1.jpg	photodiode	1
752.757	0.5	752757	catch	32671	n/a	catch_padded.jpg	photodiode	0
754.859	0.5	754859	trained	32747	20	memtrain/o_290_1.jpg	photodiode	1
755.71	0.5	755710	untrained	32673	94	memtrain/so_067_1.jpg	photodiode	1
756.56	0.5	756560	trained	32754	13	memtrain/o_136_1.jpg	photodiode	1
757.411	0.5	757411	trained	32725	42	memtrain/so_034_2.jpg	photodiode	1
758.362	0.5	758362	catch	32671	n/a	catch_padded.jpg	photodiode	0
758.734	0.0	758734	response	6	n/a	n/a	trigger	0
760.464	0.5	760464	trained	32722	45	memtrain/so_090_2.jpg	photodiode	1
761.415	0.5	761415	trained	32756	11	memtrain/o_117_2.jpg	photodiode	1
762.315	0.5	762315	trained	32741	26	memtrain/o_376_1.jpg	photodiode	1
763.166	0.5	763166	trained	32727	40	memtrain/o_648_2.jpg	photodiode	1
763.967	0.5	763967	untrained	32712	55	memtrain/o_153_2.jpg	photodiode	1
764.249	0.0	764249	response	6	n/a	n/a	trigger	0
764.717	0.5	764717	catch	32671	n/a	catch_padded.jpg	photodiode	0
765.511	0.0	765511	response	6	n/a	n/a	trigger	0
766.719	0.5	766719	trained	32720	47	memtrain/so_147_2.jpg	photodiode	1
767.47	0.5	767470	untrained	32717	50	memtrain/o_057_2.jpg	photodiode	1
768.27	0.5	768270	trained	32764	3	memtrain/o_040_2.jpg	photodiode	1
769.071	0.5	769071	untrained	32686	81	memtrain/o_655_2.jpg	photodiode	1
770.022	0.5	770022	catch	32671	n/a	catch_padded.jpg	photodiode	0
770.38	0.0	770380	response	6	n/a	n/a	trigger	0
771.915	0.5	771915	untrained	32708	59	memtrain/o_201_2.jpg	photodiode	1
772.874	0.5	772874	untrained	32677	90	memtrain/o_580_1.jpg	photodiode	1
773.717	0.5	773717	untrained	32713	54	memtrain/o_145_1.jpg	photodiode	1
774.517	0.5	774517	untrained	32679	88	memtrain/o_458_1.jpg	photodiode	1
775.318	0.5	775318	untrained	32672	95	memtrain/so_125_1.jpg	photodiode	1
776.169	0.5	776169	catch	32671	n/a	catch_padded.jpg	photodiode	0
776.543	0.0	776543	response	6	n/a	n/a	trigger	0
778.12	0.5	778120	trained	32736	31	memtrain/o_465_2.jpg	photodiode	1
779.021	0.5	779021	trained	32732	35	memtrain/o_561_2.jpg	photodiode	1
779.772	0.5	779772	trained	32723	44	memtrain/so_045_1.jpg	photodiode	1
780.672	0.5	780672	catch	32671	n/a	catch_padded.jpg	photodiode	0
781.105	0.0	781105	response	6	n/a	n/a	trigger	0
782.574	0.5	782574	trained	32762	5	memtrain/o_067_1.jpg	photodiode	1
783.375	0.5	783375	trained	32761	6	memtrain/o_076_1.jpg	photodiode	1
784.225	0.5	784225	trained	32749	18	memtrain/o_264_2.jpg	photodiode	1
785.126	0.5	785126	trained	32740	27	memtrain/o_379_2.jpg	photodiode	1
786.077	0.5	786077	catch	32671	n/a	catch_padded.jpg	photodiode	0
788.029	0.5	788029	untrained	32675	92	memtrain/so_033_1.jpg	photodiode	1
788.979	0.5	788979	trained	32729	38	memtrain/o_603_1.jpg	photodiode	1
789.73	0.5	789730	untrained	32710	57	memtrain/o_171_1.jpg	photodiode	1
790.581	0.5	790581	untrained	32693	74	memtrain/o_550_1.jpg	photodiode	1
791.432	0.5	791432	catch	32671	n/a	catch_padded.jpg	photodiode	0
793.483	0.5	793483	untrained	32707	60	memtrain/o_228_2.jpg	photodiode	1
794.234	0.5	794234	untrained	32676	91	memtrain/o_605_1.jpg	photodiode	1
795.185	0.5	795185	trained	32763	4	memtrain/o_042_1.jpg	photodiode	1
795.985	0.5	795985	trained	32737	30	memtrain/o_437_2.jpg	photodiode	1
796.786	0.5	796786	catch	32671	n/a	catch_padded.jpg	photodiode	0
797.561	0.0	797561	response	6	n/a	n/a	trigger	0
798.688	0.5	798688	untrained	32705	62	memtrain/o_304_1.jpg	photodiode	1
799.538	0.5	799538	untrained	32694	73	memtrain/o_519_2.jpg	photodiode	1
800.331	0.5	800331	untrained	32715	52	memtrain/o_141_1.jpg	photodiode	1
801.282	0.5	801282	trained	32735	32	memtrain/o_485_2.jpg	photodiode	1
802.241	0.5	802241	untrained	32699	68	memtrain/o_393_1.jpg	photodiode	1
803.033	0.5	803033	catch	32671	n/a	catch_padded.jpg	photodiode	0
803.309	0.0	803309	response	6	n/a	n/a	trigger	0
805.135	0.5	805135	trained	32728	39	memtrain/o_606_1.jpg	photodiode	1
805.886	0.5	805886	untrained	32701	66	memtrain/o_342_2.jpg	photodiode	1
806.786	0.5	806786	untrained	32674	93	memtrain/so_035_1.jpg	photodiode	1
807.737	0.5	807737	untrained	32681	86	memtrain/o_288_1.jpg	photodiode	1
808.638	0.5	808638	catch	32671	n/a	catch_padded.jpg	photodiode	0
809.027	0.0	809027	response	6	n/a	n/a	trigger	0
810.59	0.5	810590	untrained	32702	65	memtrain/o_337_2.jpg	photodiode	1
811.39	0.5	811390	trained	32743	24	memtrain/o_357_1.jpg	photodiode	1
812.341	0.5	812341	trained	32748	19	memtrain/o_284_2.jpg	photodiode	1
813.142	0.5	813142	catch	32671	n/a	catch_padded.jpg	photodiode	0
813.534	0.0	813534	response	6	n/a	n/a	trigger	0
815.143	0.5	815143	trained	32745	22	memtrain/o_321_1.jpg	photodiode	1
815.944	0.5	815944	trained	32757	10	memtrain/o_111_2.jpg	photodiode	1
816.695	0.5	816695	trained	32731	36	memtrain/o_583_1.jpg	photodiode	1
817.596	0.5	817596	trained	32733	34	memtrain/o_558_2.jpg	photodiode	1
818.346	0.5	818346	catch	32671	n/a	catch_padded.jpg	photodiode	0
820.448	0.5	820448	untrained	32685	82	memtrain/o_656_1.jpg	photodiode	1
821.249	0.5	821249	trained	32766	1	memtrain/o_015_1.jpg	photodiode	1
822.099	0.5	822099	trained	32765	2	memtrain/o_035_1.jpg	photodiode	1
823.05	0.5	823050	catch	32671	n/a	catch_padded.jpg	photodiode	0
825.526	0.0	825526	block_end	120	n/a	n/a	trigger	0
834.66	0.0	834660	response	6	n/a	n/a	trigger	0
834.665	0.0	834665	block_onset	104	n/a	n/a	trigger	0
836.72	0.5	836720	trained	32733	34	memtrain/o_558_2.jpg	photodiode	1
837.521	0.5	837521	trained	32749	18	memtrain/o_264_2.jpg	photodiode	1
838.471	0.5	838471	untrained	32697	70	memtrain/o_471_2.jpg	photodiode	1
839.422	0.5	839422	trained	32721	46	memtrain/so_113_1.jpg	photodiode	1
840.315	0.5	840315	trained	32722	45	memtrain/so_090_2.jpg	photodiode	1
841.266	0.5	841266	catch	32671	n/a	catch_padded.jpg	photodiode	0
841.467	0.0	841467	response	6	n/a	n/a	trigger	0
843.317	0.5	843317	untrained	32681	86	memtrain/o_288_1.jpg	photodiode	1
844.118	0.5	844118	trained	32758	9	memtrain/o_101_2.jpg	photodiode	1
844.969	0.5	844969	trained	32766	1	memtrain/o_015_1.jpg	photodiode	1
845.87	0.5	845870	catch	32671	n/a	catch_padded.jpg	photodiode	0
846.25	0.0	846250	response	6	n/a	n/a	trigger	0
847.771	0.5	847771	trained	32720	47	memtrain/so_147_2.jpg	photodiode	1
848.522	0.5	848522	trained	32760	7	memtrain/o_091_2.jpg	photodiode	1
849.272	0.5	849272	untrained	32691	76	memtrain/o_570_1.jpg	photodiode	1
850.023	0.5	850023	catch	32671	n/a	catch_padded.jpg	photodiode	0
850.359	0.0	850359	response	6	n/a	n/a	trigger	0
852.025	0.5	852025	trained	32739	28	memtrain/o_397_1.jpg	photodiode	1
852.976	0.5	852976	trained	32755	12	memtrain/o_127_2.jpg	photodiode	1
853.876	0.5	853876	trained	32754	13	memtrain/o_136_1.jpg	photodiode	1
854.827	0.5	854827	trained	32727	40	memtrain/o_648_2.jpg	photodiode	1
855.778	0.5	855778	catch	32671	n/a	catch_padded.jpg	photodiode	0
857.83	0.5	857830	untrained	32676	91	memtrain/o_605_1.jpg	photodiode	1
858.68	0.5	858680	trained	32743	24	memtrain/o_357_1.jpg	photodiode	1
859.531	0.5	859531	trained	32763	4	memtrain/o_042_1.jpg	photodiode	1
860.332	0.5	860332	untrained	32698	69	memtrain/o_464_2.jpg	photodiode	1
861.182	0.5	861182	untrained	32672	95	memtrain/so_125_1.jpg	photodiode	1
861.983	0.5	861983	catch	32671	n/a	catch_padded.jpg	photodiode	0
862.473	0.0	862473	response	6	n/a	n/a	trigger	0
863.935	0.5	863935	untrained	32702	65	memtrain/o_337_2.jpg	photodiode	1
864.786	0.5	864786	trained	32728	39	memtrain/o_606_1.jpg	photodiode	1
865.536	0.5	865536	untrained	32689	78	memtrain/o_599_1.jpg	photodiode	1
866.437	0.5	866437	untrained	32718	49	memtrain/o_054_2.jpg	photodiode	1
867.338	0.5	867338	untrained	32713	54	memtrain/o_145_1.jpg	photodiode	1
868.088	0.5	868088	catch	32671	n/a	catch_padded.jpg	photodiode	0
868.429	0.0	868429	response	6	n/a	n/a	trigger	0
870.132	0.5	870132	trained	32737	30	memtrain/o_437_2.jpg	photodiode	1
871.032	0.5	871032	untrained	32715	52	memtrain/o_141_1.jpg	photodiode	1
871.883	0.5	871883	trained	32736	31	memtrain/o_465_2.jpg	photodiode	1
872.834	0.5	872834	untrained	32716	51	memtrain/o_103_2.jpg	photodiode	1
873.685	0.5	873685	catch	32671	n/a	catch_padded.jpg	photodiode	0
875.686	0.5	875686	trained	32745	22	memtrain/o_321_1.jpg	photodiode	1
876.537	0.5	876537	untrained	32700	67	memtrain/o_378_1.jpg	photodiode	1
877.288	0.5	877288	untrained	32712	55	memtrain/o_153_2.jpg	photodiode	1
878.088	0.5	878088	catch	32671	n/a	catch_padded.jpg	photodiode	0
878.416	0.0	878416	response	6	n/a	n/a	trigger	0
880.09	0.5	880090	untrained	32703	64	memtrain/o_334_2.jpg	photodiode	1
881.041	0.5	881041	trained	32738	29	memtrain/o_416_1.jpg	photodiode	1
881.892	0.5	881892	untrained	32701	66	memtrain/o_342_2.jpg	photodiode	1
882.842	0.5	882842	untrained	32673	94	memtrain/so_067_1.jpg	photodiode	1
883.643	0.5	883643	catch	32671	n/a	catch_padded.jpg	photodiode	0
885.645	0.5	885645	untrained	32685	82	memtrain/o_656_1.jpg	photodiode	1
886.546	0.5	886546	trained	32751	16	memtrain/o_199_2.jpg	photodiode	1
887.446	0.5	887446	untrained	32710	57	memtrain/o_171_1.jpg	photodiode	1
888.297	0.5	888297	catch	32671	n/a	catch_padded.jpg	photodiode	0
888.873	0.0	888873	response	6	n/a	n/a	trigger	0
890.399	0.5	890399	trained	32759	8	memtrain/o_094_1.jpg	photodiode	1
891.199	0.5	891199	untrained	32686	81	memtrain/o_655_2.jpg	photodiode	1
892.0	0.5	892000	trained	32729	38	memtrain/o_603_1.jpg	photodiode	1
892.751	0.5	892751	untrained	32687	80	memtrain/o_613_1.jpg	photodiode	1
893.551	0.5	893551	trained	32724	43	memtrain/so_043_2.jpg	photodiode	1
894.352	0.5	894352	catch	32671	n/a	catch_padded.jpg	photodiode	0
894.723	0.0	894723	response	6	n/a	n/a	trigger	0
896.304	0.5	896304	trained	32740	27	memtrain/o_379_2.jpg	photodiode	1
897.096	0.5	897096	untrained	32680	87	memtrain/o_365_1.jpg	photodiode	1
897.955	0.5	897955	untrained	32711	56	memtrain/o_163_2.jpg	photodiode	1
898.698	0.5	898698	trained	32732	35	memtrain/o_561_2.jpg	photodiode	1
899.448	0.5	899448	untrained	32694	73	memtrain/o_519_2.jpg	photodiode	1
900.199	0.5	900199	catch	32671	n/a	catch_padded.jpg	photodiode	0
902.301	0.5	902301	trained	32747	20	memtrain/o_290_1.jpg	photodiode	1
903.251	0.5	903251	untrained	32717	50	memtrain/o_057_2.jpg	photodiode	1
904.002	0.5	904002	untrained	32678	89	memtrain/o_469_1.jpg	photodiode	1
904.753	0.5	904753	trained	32741	26	memtrain/o_376_1.jpg	photodiode	1
905.553	0.5	905553	catch	32671	n/a	catch_padded.jpg	photodiode	0
907.655	0.5	907655	trained	32752	15	memtrain/o_195_1.jpg	photodiode	1
908.556	0.5	908556	trained	32744	23	memtrain/o_338_2.jpg	photodiode	1
909.307	0.5	909307	untrained	32677	90	memtrain/o_580_1.jpg	photodiode	1
910.257	0.5	910257	catch	32671	n/a	catch_padded.jpg	photodiode	0
912.159	0.5	912159	untrained	32695	72	memtrain/o_490_1.jpg	photodiode	1
913.06	0.5	913060	untrained	32707	60	memtrain/o_228_2.jpg	photodiode	1
913.911	0.5	913911	trained	32761	6	memtrain/o_076_1.jpg	photodiode	1
914.761	0.5	914761	catch	32671	n/a	catch_padded.jpg	photodiode	0
916.763	0.5	916763	untrained	32682	85	memtrain/o_218_1.jpg	photodiode	1
917.614	0.5	917614	untrained	32690	77	memtrain/o_574_2.jpg	photodiode	1
918.564	0.5	918564	untrained	32709	58	memtrain/o_192_1.jpg	photodiode	1
919.465	0.5	919465	catch	32671	n/a	catch_padded.jpg	photodiode	0
921.417	0.5	921417	trained	32730	37	memtrain/o_597_1.jpg	photodiode	1
922.168	0.5	922168	untrained	32699	68	memtrain/o_393_1.jpg	photodiode	1
922.968	0.5	922968	untrained	32705	62	memtrain/o_304_1.jpg	photodiode	1
923.769	0.5	923769	catch	32671	n/a	catch_padded.jpg	photodiode	0
925.821	0.5	925821	untrained	32674	93	memtrain/so_035_1.jpg	photodiode	1
926.721	0.5	926721	trained	32735	32	memtrain/o_485_2.jpg	photodiode	1
927.564	0.5	927564	untrained	32719	48	memtrain/o_019_2.jpg	photodiode	1
928.464	0.5	928464	trained	32731	36	memtrain/o_583_1.jpg	photodiode	1
929.365	0.5	929365	catch	32671	n/a	catch_padded.jpg	photodiode	0
929.889	0.0	929889	response	6	n/a	n/a	trigger	0
931.467	0.5	931467	untrained	32692	75	memtrain/o_564_1.jpg	photodiode	1
932.268	0.5	932268	untrained	32706	61	memtrain/o_298_2.jpg	photodiode	1
933.018	0.5	933018	untrained	32708	59	memtrain/o_201_2.jpg	photodiode	1
933.869	0.5	933869	trained	32753	14	memtrain/o_174_1.jpg	photodiode	1
934.82	0.5	934820	catch	32671	n/a	catch_padded.jpg	photodiode	0
935.183	0.0	935183	response	6	n/a	n/a	trigger	0
936.872	0.5	936872	trained	32726	41	memtrain/o_663_2.jpg	photodiode	1
937.622	0.5	937622	trained	32764	3	memtrain/o_040_2.jpg	photodiode	1
938.373	0.5	938373	untrained	32683	84	memtrain/so_117_2.jpg	photodiode	1
939.123	0.5	939123	untrained	32679	88	memtrain/o_458_1.jpg	photodiode	1
939.974	0.5	939974	catch	32671	n/a	catch_padded.jpg	photodiode	0
940.312	0.0	940312	response	6	n/a	n/a	trigger	0
941.976	0.5	941976	trained	32723	44	memtrain/so_045_1.jpg	photodiode	1
942.927	0.5	942927	trained	32757	10	memtrain/o_111_2.jpg	photodiode	1
943.877	0.5	943877	trained	32734	33	memtrain/o_536_1.jpg	photodiode	1
944.778	0.5	944778	catch	32671	n/a	catch_padded.jpg	photodiode	0
945.068	0.0	945068	response	6	n/a	n/a	trigger	0
946.78	0.5	946780	untrained	32675	92	memtrain/so_033_1.jpg	photodiode	1
947.581	0.5	947581	untrained	32688	79	memtrain/o_600_1.jpg	photodiode	1
948.531	0.5	948531	trained	32748	19	memtrain/o_284_2.jpg	photodiode	1
949.482	0.5	949482	untrained	32684	83	memtrain/so_105_1.jpg	photodiode	1
950.233	0.5	950233	trained	32746	21	memtrain/o_319_1.jpg	photodiode	1
951.034	0.5	951034	catch	32671	n/a	catch_padded.jpg	photodiode	0
953.035	0.5	953035	trained	32750	17	memtrain/o_232_1.jpg	photodiode	1
953.836	0.5	953836	untrained	32693	74	memtrain/o_550_1.jpg	photodiode	1
954.787	0.5	954787	trained	32725	42	memtrain/so_034_2.jpg	photodiode	1
955.537	0.5	955537	untrained	32696	71	memtrain/o_483_1.jpg	photodiode	1
956.43	0.5	956430	catch	32671	n/a	catch_padded.jpg	photodiode	0
956.761	0.0	956761	response	6	n/a	n/a	trigger	0
958.482	0.5	958482	trained	32742	25	memtrain/o_358_2.jpg	photodiode	1
959.432	0.5	959432	trained	32767	0	memtrain/o_006_1.jpg	photodiode	1
960.283	0.5	960283	untrained	32704	63	memtrain/o_310_2.jpg	photodiode	1
961.084	0.5	961084	catch	32671	n/a	catch_padded.jpg	photodiode	0
961.446	0.0	961446	response	6	n/a	n/a	trigger	0
963.136	0.5	963136	trained	32762	5	memtrain/o_067_1.jpg	photodiode	1
963.986	0.5	963986	trained	32765	2	memtrain/o_035_1.jpg	photodiode	1
964.787	0.5	964787	trained	32756	11	memtrain/o_117_2.jpg	photodiode	1
965.538	0.5	965538	untrained	32714	53	memtrain/o_142_2.jpg	photodiode	1
966.438	0.5	966438	untrained	32712	55	memtrain/o_153_2.jpg	photodiode	1
967.239	0.5	967239	catch	32671	n/a	catch_padded.jpg	photodiode	0
967.584	0.0	967584	response	6	n/a	n/a	trigger	0
969.191	0.5	969191	untrained	32716	51	memtrain/o_103_2.jpg	photodiode	1
970.091	0.5	970091	trained	32725	42	memtrain/so_034_2.jpg	photodiode	1
971.042	0.5	971042	untrained	32699	68	memtrain/o_393_1.jpg	photodiode	1
971.943	0.5	971943	untrained	32704	63	memtrain/o_310_2.jpg	photodiode	1
972.894	0.5	972894	catch	32671	n/a	catch_padded.jpg	photodiode	0
974.795	0.5	974795	trained	32745	22	memtrain/o_321_1.jpg	photodiode	1
975.546	0.5	975546	trained	32765	2	memtrain/o_035_1.jpg	photodiode	1
976.347	0.5	976347	untrained	32682	85	memtrain/o_218_1.jpg	photodiode	1
977.248	0.5	977248	trained	32741	26	memtrain/o_376_1.jpg	photodiode	1
978.098	0.5	978098	trained	32723	44	memtrain/so_045_1.jpg	photodiode	1
978.949	0.5	978949	catch	32671	n/a	catch_padded.jpg	photodiode	0
980.851	0.5	980851	trained	32736	31	memtrain/o_465_2.jpg	photodiode	1
981.651	0.5	981651	untrained	32710	57	memtrain/o_171_1.jpg	photodiode	1
982.452	0.5	982452	trained	32727	40	memtrain/o_648_2.jpg	photodiode	1
983.253	0.5	983253	trained	32766	1	memtrain/o_015_1.jpg	photodiode	1
983.46	0.0	983460	response	6	n/a	n/a	trigger	0
984.203	0.5	984203	untrained	32698	69	memtrain/o_464_2.jpg	photodiode	1
985.104	0.5	985104	catch	32671	n/a	catch_padded.jpg	photodiode	0
985.452	0.0	985452	response	6	n/a	n/a	trigger	0
987.156	0.5	987156	trained	32758	9	memtrain/o_101_2.jpg	photodiode	1
987.948	0.5	987948	untrained	32705	62	memtrain/o_304_1.jpg	photodiode	1
988.699	0.5	988699	untrained	32691	76	memtrain/o_570_1.jpg	photodiode	1
989.449	0.5	989449	untrained	32702	65	memtrain/o_337_2.jpg	photodiode	1
990.35	0.5	990350	trained	32762	5	memtrain/o_067_1.jpg	photodiode	1
991.151	0.5	991151	catch	32671	n/a	catch_padded.jpg	photodiode	0
991.539	0.0	991539	response	6	n/a	n/a	trigger	0
993.053	0.5	993053	untrained	32689	78	memtrain/o_599_1.jpg	photodiode	1
993.853	0.5	993853	trained	32752	15	memtrain/o_195_1.jpg	photodiode	1
994.804	0.5	994804	untrained	32690	77	memtrain/o_574_2.jpg	photodiode	1
995.705	0.5	995705	trained	32743	24	memtrain/o_357_1.jpg	photodiode	1
996.606	0.5	996606	trained	32755	12	memtrain/o_127_2.jpg	photodiode	1
997.506	0.5	997506	catch	32671	n/a	catch_padded.jpg	photodiode	0
999.408	0.5	999408	trained	32747	20	memtrain/o_290_1.jpg	photodiode	1
1000.209	0.5	1000209	trained	32735	32	memtrain/o_485_2.jpg	photodiode	1
1001.109	0.5	1001109	untrained	32718	49	memtrain/o_054_2.jpg	photodiode	1
1002.01	0.5	1002010	catch	32671	n/a	catch_padded.jpg	photodiode	0
1004.112	0.5	1004112	trained	32750	17	memtrain/o_232_1.jpg	photodiode	1
1005.063	0.5	1005063	trained	32744	23	memtrain/o_338_2.jpg	photodiode	1
1005.913	0.5	1005913	untrained	32681	86	memtrain/o_288_1.jpg	photodiode	1
1006.764	0.5	1006764	catch	32671	n/a	catch_padded.jpg	photodiode	0
1007.031	0.0	1007031	response	6	n/a	n/a	trigger	0
1008.766	0.5	1008766	untrained	32679	88	memtrain/o_458_1.jpg	photodiode	1
1009.566	0.5	1009566	untrained	32676	91	memtrain/o_605_1.jpg	photodiode	1
1010.367	0.5	1010367	trained	32748	19	memtrain/o_284_2.jpg	photodiode	1
1011.118	0.5	1011118	trained	32753	14	memtrain/o_174_1.jpg	photodiode	1
1011.969	0.5	1011969	catch	32671	n/a	catch_padded.jpg	photodiode	0
1013.97	0.5	1013970	untrained	32673	94	memtrain/so_067_1.jpg	photodiode	1
1014.713	0.5	1014713	trained	32749	18	memtrain/o_264_2.jpg	photodiode	1
1015.663	0.5	1015663	untrained	32678	89	memtrain/o_469_1.jpg	photodiode	1
1016.514	0.5	1016514	catch	32671	n/a	catch_padded.jpg	photodiode	0
1016.782	0.0	1016782	response	6	n/a	n/a	trigger	0
1018.624	0.5	1018624	untrained	32677	90	memtrain/o_580_1.jpg	photodiode	1
1019.567	0.5	1019567	trained	32737	30	memtrain/o_437_2.jpg	photodiode	1
1020.476	0.5	1020476	untrained	32675	92	memtrain/so_033_1.jpg	photodiode	1
1021.318	0.5	1021318	catch	32671	n/a	catch_padded.jpg	photodiode	0
1023.22	0.5	1023220	trained	32742	25	memtrain/o_358_2.jpg	photodiode	1
1024.171	0.5	1024171	untrained	32697	70	memtrain/o_471_2.jpg	photodiode	1
1025.121	0.5	1025121	untrained	32713	54	memtrain/o_145_1.jpg	photodiode	1
1025.872	0.5	1025872	untrained	32711	56	memtrain/o_163_2.jpg	photodiode	1
1026.823	0.5	1026823	catch	32671	n/a	catch_padded.jpg	photodiode	0
1027.196	0.0	1027196	response	6	n/a	n/a	trigger	0
1028.775	0.5	1028775	trained	32729	38	memtrain/o_603_1.jpg	photodiode	1
1029.625	0.5	1029625	untrained	32700	67	memtrain/o_378_1.jpg	photodiode	1
1030.526	0.5	1030526	trained	32740	27	memtrain/o_379_2.jpg	photodiode	1
1031.377	0.5	1031377	trained	32764	3	memtrain/o_040_2.jpg	photodiode	1
1032.328	0.5	1032328	untrained	32687	80	memtrain/o_613_1.jpg	photodiode	1
1033.178	0.5	1033178	catch	32671	n/a	catch_padded.jpg	photodiode	0
1035.08	0.5	1035080	trained	32759	8	memtrain/o_094_1.jpg	photodiode	1
1035.981	0.5	1035981	untrained	32706	61	memtrain/o_298_2.jpg	photodiode	1
1036.731	0.5	1036731	untrained	32708	59	memtrain/o_201_2.jpg	photodiode	1
1037.682	0.5	1037682	untrained	32685	82	memtrain/o_656_1.jpg	photodiode	1
1038.433	0.5	1038433	catch	32671	n/a	catch_padded.jpg	photodiode	0
1040.485	0.5	1040485	untrained	32684	83	memtrain/so_105_1.jpg	photodiode	1
1041.285	0.5	1041285	untrained	32717	50	memtrain/o_057_2.jpg	photodiode	1
1042.136	0.5	1042136	trained	32726	41	memtrain/o_663_2.jpg	photodiode	1
1043.037	0.5	1043037	trained	32730	37	memtrain/o_597_1.jpg	photodiode	1
1043.879	0.5	1043879	trained	32761	6	memtrain/o_076_1.jpg	photodiode	1
1044.838	0.5	1044838	catch	32671	n/a	catch_padded.jpg	photodiode	0
1046.881	0.5	1046881	untrained	32714	53	memtrain/o_142_2.jpg	photodiode	1
1047.782	0.5	1047782	untrained	32694	73	memtrain/o_519_2.jpg	photodiode	1
1048.533	0.5	1048533	untrained	32680	87	memtrain/o_365_1.jpg	photodiode	1
1049.492	0.5	1049492	trained	32739	28	memtrain/o_397_1.jpg	photodiode	1
1050.234	0.5	1050234	trained	32720	47	memtrain/so_147_2.jpg	photodiode	1
1051.035	0.5	1051035	catch	32671	n/a	catch_padded.jpg	photodiode	0
1053.145	0.5	1053145	trained	32760	7	memtrain/o_091_2.jpg	photodiode	1
1054.038	0.5	1054038	untrained	32688	79	memtrain/o_600_1.jpg	photodiode	1
1054.938	0.5	1054938	trained	32763	4	memtrain/o_042_1.jpg	photodiode	1
1055.689	0.5	1055689	trained	32722	45	memtrain/so_090_2.jpg	photodiode	1
1056.64	0.5	1056640	trained	32754	13	memtrain/o_136_1.jpg	photodiode	1
1057.44	0.5	1057440	catch	32671	n/a	catch_padded.jpg	photodiode	0
1059.392	0.5	1059392	untrained	32695	72	memtrain/o_490_1.jpg	photodiode	1
1060.143	0.5	1060143	untrained	32692	75	memtrain/o_564_1.jpg	photodiode	1
1060.943	0.5	1060943	untrained	32696	71	memtrain/o_483_1.jpg	photodiode	1
1061.794	0.5	1061794	trained	32757	10	memtrain/o_111_2.jpg	photodiode	1
1062.545	0.5	1062545	catch	32671	n/a	catch_padded.jpg	photodiode	0
1062.99	0.0	1062990	response	6	n/a	n/a	trigger	0
1064.496	0.5	1064496	untrained	32683	84	memtrain/so_117_2.jpg	photodiode	1
1065.297	0.5	1065297	untrained	32674	93	memtrain/so_035_1.jpg	photodiode	1
1066.248	0.5	1066248	trained	32746	21	memtrain/o_319_1.jpg	photodiode	1
1066.999	0.5	1066999	untrained	32719	48	memtrain/o_019_2.jpg	photodiode	1
1067.949	0.5	1067949	catch	32671	n/a	catch_padded.jpg	photodiode	0
1068.305	0.0	1068305	response	6	n/a	n/a	trigger	0
1069.901	0.5	1069901	untrained	32715	52	memtrain/o_141_1.jpg	photodiode	1
1070.752	0.5	1070752	untrained	32672	95	memtrain/so_125_1.jpg	photodiode	1
1071.502	0.5	1071502	trained	32728	39	memtrain/o_606_1.jpg	photodiode	1
1072.353	0.5	1072353	trained	32734	33	memtrain/o_536_1.jpg	photodiode	1
1073.204	0.5	1073204	catch	32671	n/a	catch_padded.jpg	photodiode	0
1073.609	0.0	1073609	response	6	n/a	n/a	trigger	0
1075.155	0.5	1075155	trained	32731	36	memtrain/o_583_1.jpg	photodiode	1
1076.048	0.5	1076048	untrained	32693	74	memtrain/o_550_1.jpg	photodiode	1
1076.799	0.5	1076799	untrained	32707	60	memtrain/o_228_2.jpg	photodiode	1
1077.749	0.5	1077749	catch	32671	n/a	catch_padded.jpg	photodiode	0
1079.801	0.5	1079801	untrained	32686	81	memtrain/o_655_2.jpg	photodiode	1
1080.652	0.5	1080652	trained	32733	34	memtrain/o_558_2.jpg	photodiode	1
1081.403	0.5	1081403	trained	32721	46	memtrain/so_113_1.jpg	photodiode	1
1082.253	0.5	1082253	trained	32767	0	memtrain/o_006_1.jpg	photodiode	1
1083.054	0.5	1083054	catch	32671	n/a	catch_padded.jpg	photodiode	0
1085.106	0.5	1085106	trained	32732	35	memtrain/o_561_2.jpg	photodiode	1
1085.856	0.5	1085856	untrained	32703	64	memtrain/o_334_2.jpg	photodiode	1
1086.807	0.5	1086807	trained	32738	29	memtrain/o_416_1.jpg	photodiode	1
1087.708	0.5	1087708	trained	32751	16	memtrain/o_199_2.jpg	photodiode	1
1088.458	0.5	1088458	untrained	32709	58	memtrain/o_192_1.jpg	photodiode	1
1089.409	0.5	1089409	catch	32671	n/a	catch_padded.jpg	photodiode	0
1091.511	0.5	1091511	trained	32756	11	memtrain/o_117_2.jpg	photodiode	1
1092.362	0.5	1092362	trained	32724	43	memtrain/so_043_2.jpg	photodiode	1
1093.162	0.5	1093162	untrained	32701	66	memtrain/o_342_2.jpg	photodiode	1
1093.963	0.5	1093963	catch	32671	n/a	catch_padded.jpg	photodiode	0
1096.438	0.0	1096438	block_end	120	n/a	n/a	trigger	0
1121.757	0.0	1121757	response	6	n/a	n/a	trigger	0
1121.766	0.0	1121766	block_onset	105	n/a	n/a	trigger	0
1123.822	0.5	1123822	trained	32728	39	memtrain/o_606_1.jpg	photodiode	1
1124.673	0.5	1124673	untrained	32693	74	memtrain/o_550_1.jpg	photodiode	1
1125.473	0.5	1125473	untrained	32691	76	memtrain/o_570_1.jpg	photodiode	1
1126.324	0.5	1126324	trained	32762	5	memtrain/o_067_1.jpg	photodiode	1
1127.275	0.5	1127275	untrained	32680	87	memtrain/o_365_1.jpg	photodiode	1
1128.025	0.5	1128025	catch	32671	n/a	catch_padded.jpg	photodiode	0
1128.347	0.0	1128347	response	6	n/a	n/a	trigger	0
1130.027	0.5	1130027	trained	32761	6	memtrain/o_076_1.jpg	photodiode	1
1130.919	0.5	1130919	untrained	32673	94	memtrain/so_067_1.jpg	photodiode	1
1131.72	0.5	1131720	trained	32747	20	memtrain/o_290_1.jpg	photodiode	1
1132.579	0.5	1132579	trained	32764	3	memtrain/o_040_2.jpg	photodiode	1
1133.422	0.5	1133422	trained	32751	16	memtrain/o_199_2.jpg	photodiode	1
1134.381	0.5	1134381	catch	32671	n/a	catch_padded.jpg	photodiode	0
1134.71	0.0	1134710	response	6	n/a	n/a	trigger	0
1136.324	0.5	1136324	untrained	32697	70	memtrain/o_471_2.jpg	photodiode	1
1137.075	0.5	1137075	trained	32727	40	memtrain/o_648_2.jpg	photodiode	1
1138.034	0.5	1138034	trained	32756	11	memtrain/o_117_2.jpg	photodiode	1
1138.976	0.5	1138976	untrained	32708	59	memtrain/o_201_2.jpg	photodiode	1
1139.777	0.5	1139777	catch	32671	n/a	catch_padded.jpg	photodiode	0
1140.145	0.0	1140145	response	6	n/a	n/a	trigger	0
1141.879	0.5	1141879	untrained	32696	71	memtrain/o_483_1.jpg	photodiode	1
1142.629	0.5	1142629	untrained	32694	73	memtrain/o_519_2.jpg	photodiode	1
1143.53	0.5	1143530	untrained	32705	62	memtrain/o_304_1.jpg	photodiode	1
1144.381	0.5	1144381	trained	32725	42	memtrain/so_034_2.jpg	photodiode	1
1145.332	0.5	1145332	catch	32671	n/a	catch_padded.jpg	photodiode	0
1145.618	0.0	1145618	response	6	n/a	n/a	trigger	0
1147.383	0.5	1147383	untrained	32713	54	memtrain/o_145_1.jpg	photodiode	1
1148.184	0.5	1148184	trained	32745	22	memtrain/o_321_1.jpg	photodiode	1
1149.135	0.5	1149135	trained	32757	10	memtrain/o_111_2.jpg	photodiode	1
1149.936	0.5	1149936	untrained	32702	65	memtrain/o_337_2.jpg	photodiode	1
1150.786	0.5	1150786	catch	32671	n/a	catch_padded.jpg	photodiode	0
1151.176	0.0	1151176	response	6	n/a	n/a	trigger	0
1152.838	0.5	1152838	untrained	32707	60	memtrain/o_228_2.jpg	photodiode	1
1153.789	0.5	1153789	untrained	32715	52	memtrain/o_141_1.jpg	photodiode	1
1154.589	0.5	1154589	untrained	32683	84	memtrain/so_117_2.jpg	photodiode	1
1155.39	0.5	1155390	trained	32759	8	memtrain/o_094_1.jpg	photodiode	1
1156.241	0.5	1156241	catch	32671	n/a	catch_padded.jpg	photodiode	0
1158.243	0.5	1158243	untrained	32679	88	memtrain/o_458_1.jpg	photodiode	1
1159.085	0.5	1159085	trained	32738	29	memtrain/o_416_1.jpg	photodiode	1
1159.936	0.5	1159936	trained	32734	33	memtrain/o_536_1.jpg	photodiode	1
1160.786	0.5	1160786	trained	32743	24	memtrain/o_357_1.jpg	photodiode	1
1161.687	0.5	1161687	trained	32730	37	memtrain/o_597_1.jpg	photodiode	1
1162.488	0.5	1162488	catch	32671	n/a	catch_padded.jpg	photodiode	0
1162.855	0.0	1162855	response	6	n/a	n/a	trigger	0
1164.44	0.5	1164440	trained	32766	1	memtrain/o_015_1.jpg	photodiode	1
1165.19	0.5	1165190	untrained	32699	68	memtrain/o_393_1.jpg	photodiode	1
1165.941	0.5	1165941	trained	32733	34	memtrain/o_558_2.jpg	photodiode	1
1166.742	0.5	1166742	trained	32750	17	memtrain/o_232_1.jpg	photodiode	1
1167.642	0.5	1167642	trained	32763	4	memtrain/o_042_1.jpg	photodiode	1
1168.393	0.5	1168393	catch	32671	n/a	catch_padded.jpg	photodiode	0
1170.395	0.5	1170395	trained	32748	19	memtrain/o_284_2.jpg	photodiode	1
1171.245	0.5	1171245	trained	32744	23	memtrain/o_338_2.jpg	photodiode	1
1171.996	0.5	1171996	untrained	32686	81	memtrain/o_655_2.jpg	photodiode	1
1172.797	0.5	1172797	catch	32671	n/a	catch_padded.jpg	photodiode	0
1174.848	0.5	1174848	untrained	32678	89	memtrain/o_469_1.jpg	photodiode	1
1175.599	0.5	1175599	trained	32720	47	memtrain/so_147_2.jpg	photodiode	1
1176.45	0.5	1176450	untrained	32714	53	memtrain/o_142_2.jpg	photodiode	1
1177.401	0.5	1177401	untrained	32692	75	memtrain/o_564_1.jpg	photodiode	1
1178.151	0.5	1178151	untrained	32677	90	memtrain/o_580_1.jpg	photodiode	1
1179.002	0.5	1179002	catch	32671	n/a	catch_padded.jpg	photodiode	0
1179.403	0.0	1179403	response	6	n/a	n/a	trigger	0
1181.104	0.5	1181104	trained	32721	46	memtrain/so_113_1.jpg	photodiode	1
1182.055	0.5	1182055	untrained	32684	83	memtrain/so_105_1.jpg	photodiode	1
1182.955	0.5	1182955	untrained	32675	92	memtrain/so_033_1.jpg	photodiode	1
1183.756	0.5	1183756	trained	32724	43	memtrain/so_043_2.jpg	photodiode	1
1184.557	0.5	1184557	trained	32754	13	memtrain/o_136_1.jpg	photodiode	1
1185.307	0.5	1185307	catch	32671	n/a	catch_padded.jpg	photodiode	0
1185.772	0.0	1185772	response	6	n/a	n/a	trigger	0
1187.359	0.5	1187359	trained	32753	14	memtrain/o_174_1.jpg	photodiode	1
1188.301	0.5	1188301	trained	32752	15	memtrain/o_195_1.jpg	photodiode	1
1189.202	0.5	1189202	untrained	32717	50	memtrain/o_057_2.jpg	photodiode	1
1190.003	0.5	1190003	trained	32758	9	memtrain/o_101_2.jpg	photodiode	1
1190.904	0.5	1190904	catch	32671	n/a	catch_padded.jpg	photodiode	0
1193.005	0.5	1193005	trained	32723	44	memtrain/so_045_1.jpg	photodiode	1
1193.906	0.5	1193906	untrained	32687	80	memtrain/o_613_1.jpg	photodiode	1
1194.757	0.5	1194757	untrained	32674	93	memtrain/so_035_1.jpg	photodiode	1
1195.708	0.5	1195708	trained	32767	0	memtrain/o_006_1.jpg	photodiode	1
1196.508	0.5	1196508	catch	32671	n/a	catch_padded.jpg	photodiode	0
1198.51	0.5	1198510	untrained	32710	57	memtrain/o_171_1.jpg	photodiode	1
1199.361	0.5	1199361	trained	32746	21	memtrain/o_319_1.jpg	photodiode	1
1200.111	0.5	1200111	trained	32740	27	memtrain/o_379_2.jpg	photodiode	1
1200.862	0.5	1200862	catch	32671	n/a	catch_padded.jpg	photodiode	0
1201.183	0.0	1201183	response	6	n/a	n/a	trigger	0
1202.914	0.5	1202914	trained	32749	18	memtrain/o_264_2.jpg	photodiode	1
1203.664	0.5	1203664	untrained	32685	82	memtrain/o_656_1.jpg	photodiode	1
1204.565	0.5	1204565	untrained	32709	58	memtrain/o_192_1.jpg	photodiode	1
1205.366	0.5	1205366	trained	32722	45	memtrain/so_090_2.jpg	photodiode	1
1206.167	0.5	1206167	catch	32671	n/a	catch_padded.jpg	photodiode	0
1206.553	0.0	1206553	response	6	n/a	n/a	trigger	0
1208.218	0.5	1208218	untrained	32712	55	memtrain/o_153_2.jpg	photodiode	1
1208.969	0.5	1208969	trained	32755	12	memtrain/o_127_2.jpg	photodiode	1
1209.82	0.5	1209820	trained	32732	35	memtrain/o_561_2.jpg	photodiode	1
1210.77	0.5	1210770	catch	32671	n/a	catch_padded.jpg	photodiode	0
1212.722	0.5	1212722	trained	32739	28	memtrain/o_397_1.jpg	photodiode	1
1213.673	0.5	1213673	untrained	32690	77	memtrain/o_574_2.jpg	photodiode	1
1214.524	0.5	1214524	untrained	32700	67	memtrain/o_378_1.jpg	photodiode	1
1215.374	0.5	1215374	untrained	32704	63	memtrain/o_310_2.jpg	photodiode	1
1216.225	0.5	1216225	untrained	32706	61	memtrain/o_298_2.jpg	photodiode	1
1217.017	0.5	1217017	catch	32671	n/a	catch_padded.jpg	photodiode	0
1217.391	0.0	1217391	response	6	n/a	n/a	trigger	0
1218.969	0.5	1218969	untrained	32695	72	memtrain/o_490_1.jpg	photodiode	1
1219.92	0.5	1219920	untrained	32719	48	memtrain/o_019_2.jpg	photodiode	1
1220.771	0.5	1220771	trained	32726	41	memtrain/o_663_2.jpg	photodiode	1
1221.621	0.5	1221621	trained	32741	26	memtrain/o_376_1.jpg	photodiode	1
1222.522	0.5	1222522	untrained	32682	85	memtrain/o_218_1.jpg	photodiode	1
1223.473	0.5	1223473	catch	32671	n/a	catch_padded.jpg	photodiode	0
1225.525	0.5	1225525	trained	32737	30	memtrain/o_437_2.jpg	photodiode	1
1226.375	0.5	1226375	untrained	32716	51	memtrain/o_103_2.jpg	photodiode	1
1227.276	0.5	1227276	trained	32736	31	memtrain/o_465_2.jpg	photodiode	1
1228.077	0.5	1228077	catch	32671	n/a	catch_padded.jpg	photodiode	0
1230.129	0.5	1230129	trained	32731	36	memtrain/o_583_1.jpg	photodiode	1
1231.079	0.5	1231079	trained	32742	25	memtrain/o_358_2.jpg	photodiode	1
1231.88	0.5	1231880	untrained	32681	86	memtrain/o_288_1.jpg	photodiode	1
1232.731	0.5	1232731	catch	32671	n/a	catch_padded.jpg	photodiode	0
1233.214	0.0	1233214	response	6	n/a	n/a	trigger	0
1234.632	0.5	1234632	untrained	32689	78	memtrain/o_599_1.jpg	photodiode	1
1235.483	0.5	1235483	untrained	32672	95	memtrain/so_125_1.jpg	photodiode	1
1236.434	0.5	1236434	untrained	32703	64	memtrain/o_334_2.jpg	photodiode	1
1237.235	0.5	1237235	trained	32760	7	memtrain/o_091_2.jpg	photodiode	1
1237.985	0.5	1237985	catch	32671	n/a	catch_padded.jpg	photodiode	0
1238.344	0.0	1238344	response	6	n/a	n/a	trigger	0
1239.937	0.5	1239937	untrained	32718	49	memtrain/o_054_2.jpg	photodiode	1
1240.738	0.5	1240738	trained	32729	38	memtrain/o_603_1.jpg	photodiode	1
1241.638	0.5	1241638	untrained	32688	79	memtrain/o_600_1.jpg	photodiode	1
1242.589	0.5	1242589	catch	32671	n/a	catch_padded.jpg	photodiode	0
1244.541	0.5	1244541	untrained	32701	66	memtrain/o_342_2.jpg	photodiode	1
1245.291	0.5	1245291	trained	32765	2	memtrain/o_035_1.jpg	photodiode	1
1246.234	0.5	1246234	untrained	32698	69	memtrain/o_464_2.jpg	photodiode	1
1247.135	0.5	1247135	untrained	32676	91	memtrain/o_605_1.jpg	photodiode	1
1247.894	0.5	1247894	catch	32671	n/a	catch_padded.jpg	photodiode	0
1249.937	0.5	1249937	untrained	32711	56	memtrain/o_163_2.jpg	photodiode	1
1250.738	0.5	1250738	trained	32735	32	memtrain/o_485_2.jpg	photodiode	1
1251.688	0.5	1251688	untrained	32672	95	memtrain/so_125_1.jpg	photodiode	1
1252.439	0.5	1252439	trained	32748	19	memtrain/o_284_2.jpg	photodiode	1
1253.29	0.5	1253290	trained	32758	9	memtrain/o_101_2.jpg	photodiode	1
1254.241	0.5	1254241	catch	32671	n/a	catch_padded.jpg	photodiode	0
1254.582	0.0	1254582	response	6	n/a	n/a	trigger	0
1256.142	0.5	1256142	trained	32725	42	memtrain/so_034_2.jpg	photodiode	1
1256.893	0.5	1256893	trained	32741	26	memtrain/o_376_1.jpg	photodiode	1
1257.643	0.5	1257643	trained	32726	41	memtrain/o_663_2.jpg	photodiode	1
1258.394	0.5	1258394	trained	32767	0	memtrain/o_006_1.jpg	photodiode	1
1259.345	0.5	1259345	untrained	32710	57	memtrain/o_171_1.jpg	photodiode	1
1260.296	0.5	1260296	catch	32671	n/a	catch_padded.jpg	photodiode	0
1260.626	0.0	1260626	response	6	n/a	n/a	trigger	0
1262.197	0.5	1262197	untrained	32716	51	memtrain/o_103_2.jpg	photodiode	1
1263.098	0.5	1263098	untrained	32702	65	memtrain/o_337_2.jpg	photodiode	1
1263.949	0.5	1263949	trained	32738	29	memtrain/o_416_1.jpg	photodiode	1
1264.75	0.5	1264750	trained	32721	46	memtrain/so_113_1.jpg	photodiode	1
1265.55	0.5	1265550	catch	32671	n/a	catch_padded.jpg	photodiode	0
1265.899	0.0	1265899	response	6	n/a	n/a	trigger	0
1267.452	0.5	1267452	trained	32763	4	memtrain/o_042_1.jpg	photodiode	1
1268.353	0.5	1268353	trained	32753	14	memtrain/o_174_1.jpg	photodiode	1
1269.153	0.5	1269153	untrained	32719	48	memtrain/o_019_2.jpg	photodiode	1
1270.004	0.5	1270004	trained	32754	13	memtrain/o_136_1.jpg	photodiode	1
1270.905	0.5	1270905	trained	32745	22	memtrain/o_321_1.jpg	photodiode	1
1271.847	0.5	1271847	catch	32671	n/a	catch_padded.jpg	photodiode	0
1273.907	0.5	1273907	untrained	32693	74	memtrain/o_550_1.jpg	photodiode	1
1274.8	0.5	1274800	untrained	32706	61	memtrain/o_298_2.jpg	photodiode	1
1275.6	0.5	1275600	untrained	32705	62	memtrain/o_304_1.jpg	photodiode	1
1276.359	0.5	1276359	catch	32671	n/a	catch_padded.jpg	photodiode	0
1277.154	0.0	1277154	response	6	n/a	n/a	trigger	0
1278.453	0.5	1278453	untrained	32675	92	memtrain/so_033_1.jpg	photodiode	1
1279.204	0.5	1279204	untrained	32707	60	memtrain/o_228_2.jpg	photodiode	1
1280.004	0.5	1280004	trained	32746	21	memtrain/o_319_1.jpg	photodiode	1
1280.955	0.5	1280955	catch	32671	n/a	catch_padded.jpg	photodiode	0
1281.315	0.0	1281315	response	6	n/a	n/a	trigger	0
1282.957	0.5	1282957	untrained	32682	85	memtrain/o_218_1.jpg	photodiode	1
1283.757	0.5	1283757	untrained	32691	76	memtrain/o_570_1.jpg	photodiode	1
1284.508	0.5	1284508	untrained	32678	89	memtrain/o_469_1.jpg	photodiode	1
1285.367	0.5	1285367	untrained	32692	75	memtrain/o_564_1.jpg	photodiode	1
1286.31	0.5	1286310	catch	32671	n/a	catch_padded.jpg	photodiode	0
1288.361	0.5	1288361	untrained	32676	91	memtrain/o_605_1.jpg	photodiode	1
1289.312	0.5	1289312	untrained	32711	56	memtrain/o_163_2.jpg	photodiode	1
1290.263	0.5	1290263	untrained	32695	72	memtrain/o_490_1.jpg	photodiode	1
1291.114	0.5	1291114	catch	32671	n/a	catch_padded.jpg	photodiode	0
1293.165	0.5	1293165	trained	32762	5	memtrain/o_067_1.jpg	photodiode	1
1293.916	0.5	1293916	trained	32724	43	memtrain/so_043_2.jpg	photodiode	1
1294.667	0.5	1294667	untrained	32708	59	memtrain/o_201_2.jpg	photodiode	1
1295.417	0.5	1295417	catch	32671	n/a	catch_padded.jpg	photodiode	0
1295.724	0.0	1295724	response	6	n/a	n/a	trigger	0
1297.519	0.5	1297519	trained	32737	30	memtrain/o_437_2.jpg	photodiode	1
1298.27	0.5	1298270	trained	32766	1	memtrain/o_015_1.jpg	photodiode	1
1299.221	0.5	1299221	trained	32764	3	memtrain/o_040_2.jpg	photodiode	1
1299.971	0.5	1299971	untrained	32703	64	memtrain/o_334_2.jpg	photodiode	1
1300.822	0.5	1300822	trained	32756	11	memtrain/o_117_2.jpg	photodiode	1
1301.714	0.5	1301714	catch	32671	n/a	catch_padded.jpg	photodiode	0
1301.967	0.0	1301967	response	6	n/a	n/a	trigger	0
1303.724	0.5	1303724	trained	32722	45	memtrain/so_090_2.jpg	photodiode	1
1304.467	0.5	1304467	untrained	32673	94	memtrain/so_067_1.jpg	photodiode	1
1305.217	0.5	1305217	untrained	32701	66	memtrain/o_342_2.jpg	photodiode	1
1306.068	0.5	1306068	trained	32752	15	memtrain/o_195_1.jpg	photodiode	1
1306.977	0.5	1306977	trained	32730	37	memtrain/o_597_1.jpg	photodiode	1
1307.719	0.5	1307719	catch	32671	n/a	catch_padded.jpg	photodiode	0
1309.621	0.5	1309621	untrained	32712	55	memtrain/o_153_2.jpg	photodiode	1
1310.572	0.5	1310572	trained	32743	24	memtrain/o_357_1.jpg	photodiode	1
1311.322	0.5	1311322	trained	32747	20	memtrain/o_290_1.jpg	photodiode	1
1312.073	0.5	1312073	untrained	32700	67	memtrain/o_378_1.jpg	photodiode	1
1313.024	0.5	1313024	catch	32671	n/a	catch_padded.jpg	photodiode	0
1315.076	0.5	1315076	untrained	32681	86	memtrain/o_288_1.jpg	photodiode	1
1315.926	0.5	1315926	untrained	32685	82	memtrain/o_656_1.jpg	photodiode	1
1316.877	0.5	1316877	untrained	32715	52	memtrain/o_141_1.jpg	photodiode	1
1317.628	0.5	1317628	trained	32759	8	memtrain/o_094_1.jpg	photodiode	1
1318.528	0.5	1318528	catch	32671	n/a	catch_padded.jpg	photodiode	0
1320.63	0.5	1320630	untrained	32713	54	memtrain/o_145_1.jpg	photodiode	1
1321.531	0.5	1321531	trained	32720	47	memtrain/so_147_2.jpg	photodiode	1
1322.332	0.5	1322332	untrained	32687	80	memtrain/o_613_1.jpg	photodiode	1
1323.182	0.5	1323182	catch	32671	n/a	catch_padded.jpg	photodiode	0
1325.084	0.5	1325084	untrained	32690	77	memtrain/o_574_2.jpg	photodiode	1
1325.885	0.5	1325885	trained	32749	18	memtrain/o_264_2.jpg	photodiode	1
1326.635	0.5	1326635	untrained	32674	93	memtrain/so_035_1.jpg	photodiode	1
1327.586	0.5	1327586	trained	32727	40	memtrain/o_648_2.jpg	photodiode	1
1328.387	0.5	1328387	catch	32671	n/a	catch_padded.jpg	photodiode	0
1328.727	0.0	1328727	response	6	n/a	n/a	trigger	0
1330.48	0.5	1330480	trained	32734	33	memtrain/o_536_1.jpg	photodiode	1
1331.281	0.5	1331281	trained	32757	10	memtrain/o_111_2.jpg	photodiode	1
1332.09	0.5	1332090	trained	32728	39	memtrain/o_606_1.jpg	photodiode	1
1332.882	0.5	1332882	trained	32761	6	memtrain/o_076_1.jpg	photodiode	1
1333.733	0.5	1333733	catch	32671	n/a	catch_padded.jpg	photodiode	0
1334.12	0.0	1334120	response	6	n/a	n/a	trigger	0
1335.635	0.5	1335635	untrained	32694	73	memtrain/o_519_2.jpg	photodiode	1
1336.535	0.5	1336535	untrained	32717	50	memtrain/o_057_2.jpg	photodiode	1
1337.444	0.5	1337444	untrained	32697	70	memtrain/o_471_2.jpg	photodiode	1
1338.237	0.5	1338237	untrained	32680	87	memtrain/o_365_1.jpg	photodiode	1
1339.138	0.5	1339138	untrained	32709	58	memtrain/o_192_1.jpg	photodiode	1
1340.038	0.5	1340038	catch	32671	n/a	catch_padded.jpg	photodiode	0
1342.04	0.5	1342040	trained	32765	2	memtrain/o_035_1.jpg	photodiode	1
1342.941	0.5	1342941	trained	32760	7	memtrain/o_091_2.jpg	photodiode	1
1343.842	0.5	1343842	untrained	32698	69	memtrain/o_464_2.jpg	photodiode	1
1344.792	0.5	1344792	trained	32735	32	memtrain/o_485_2.jpg	photodiode	1
1345.543	0.5	1345543	catch	32671	n/a	catch_padded.jpg	photodiode	0
1347.495	0.5	1347495	untrained	32683	84	memtrain/so_117_2.jpg	photodiode	1
1348.245	0.5	1348245	trained	32729	38	memtrain/o_603_1.jpg	photodiode	1
1349.196	0.5	1349196	trained	32732	35	memtrain/o_561_2.jpg	photodiode	1
1350.097	0.5	1350097	catch	32671	n/a	catch_padded.jpg	photodiode	0
1350.437	0.0	1350437	response	6	n/a	n/a	trigger	0
1352.049	0.5	1352049	untrained	32699	68	memtrain/o_393_1.jpg	photodiode	1
1352.999	0.5	1352999	untrained	32679	88	memtrain/o_458_1.jpg	photodiode	1
1353.9	0.5	1353900	trained	32739	28	memtrain/o_397_1.jpg	photodiode	1
1354.651	0.5	1354651	trained	32744	23	memtrain/o_338_2.jpg	photodiode	1
1355.602	0.5	1355602	trained	32740	27	memtrain/o_379_2.jpg	photodiode	1
1356.452	0.5	1356452	catch	32671	n/a	catch_padded.jpg	photodiode	0
1356.735	0.0	1356735	response	6	n/a	n/a	trigger	0
1358.404	0.5	1358404	trained	32731	36	memtrain/o_583_1.jpg	photodiode	1
1359.355	0.5	1359355	untrained	32696	71	memtrain/o_483_1.jpg	photodiode	1
1360.147	0.5	1360147	untrained	32714	53	memtrain/o_142_2.jpg	photodiode	1
1360.948	0.5	1360948	catch	32671	n/a	catch_padded.jpg	photodiode	0
1361.306	0.0	1361306	response	6	n/a	n/a	trigger	0
1362.999	0.5	1362999	untrained	32684	83	memtrain/so_105_1.jpg	photodiode	1
1363.9	0.5	1363900	untrained	32704	63	memtrain/o_310_2.jpg	photodiode	1
1364.801	0.5	1364801	trained	32723	44	memtrain/so_045_1.jpg	photodiode	1
1365.66	0.5	1365660	trained	32742	25	memtrain/o_358_2.jpg	photodiode	1
1366.511	0.5	1366511	trained	32751	16	memtrain/o_199_2.jpg	photodiode	1
1367.453	0.5	1367453	catch	32671	n/a	catch_padded.jpg	photodiode	0
1367.758	0.0	1367758	response	6	n/a	n/a	trigger	0
1369.505	0.5	1369505	trained	32733	34	memtrain/o_558_2.jpg	photodiode	1
1370.456	0.5	1370456	untrained	32718	49	memtrain/o_054_2.jpg	photodiode	1
1371.357	0.5	1371357	untrained	32689	78	memtrain/o_599_1.jpg	photodiode	1
1372.107	0.5	1372107	catch	32671	n/a	catch_padded.jpg	photodiode	0
1372.688	0.0	1372688	response	6	n/a	n/a	trigger	0
1374.109	0.5	1374109	untrained	32686	81	memtrain/o_655_2.jpg	photodiode	1
1374.91	0.5	1374910	trained	32736	31	memtrain/o_465_2.jpg	photodiode	1
1375.76	0.5	1375760	untrained	32688	79	memtrain/o_600_1.jpg	photodiode	1
1376.661	0.5	1376661	catch	32671	n/a	catch_padded.jpg	photodiode	0
1378.663	0.5	1378663	trained	32750	17	memtrain/o_232_1.jpg	photodiode	1
1379.413	0.5	1379413	untrained	32677	90	memtrain/o_580_1.jpg	photodiode	1
1380.214	0.5	1380214	trained	32755	12	memtrain/o_127_2.jpg	photodiode	1
1381.065	0.5	1381065	catch	32671	n/a	catch_padded.jpg	photodiode	0
1381.381	0.0	1381381	response	6	n/a	n/a	trigger	0
1383.539	0.0	1383539	block_end	120	n/a	n/a	trigger	0
1417.367	0.0	1417367	response	6	n/a	n/a	trigger	0
1417.375	0.0	1417375	block_onset	106	n/a	n/a	trigger	0
1419.431	0.5	1419431	trained	32751	16	memtrain/o_199_2.jpg	photodiode	1
1420.281	0.5	1420281	trained	32733	34	memtrain/o_558_2.jpg	photodiode	1
1421.182	0.5	1421182	trained	32743	24	memtrain/o_357_1.jpg	photodiode	1
1421.933	0.5	1421933	catch	32671	n/a	catch_padded.jpg	photodiode	0
1423.146	0.0	1423146	response	6	n/a	n/a	trigger	0
1423.985	0.5	1423985	trained	32749	18	memtrain/o_264_2.jpg	photodiode	1
1424.827	0.5	1424827	untrained	32706	61	memtrain/o_298_2.jpg	photodiode	1
1425.728	0.5	1425728	trained	32748	19	memtrain/o_284_2.jpg	photodiode	1
1426.487	0.5	1426487	catch	32671	n/a	catch_padded.jpg	photodiode	0
1426.791	0.0	1426791	response	6	n/a	n/a	trigger	0
1428.48	0.5	1428480	untrained	32677	90	memtrain/o_580_1.jpg	photodiode	1
1429.281	0.5	1429281	untrained	32708	59	memtrain/o_201_2.jpg	photodiode	1
1430.132	0.5	1430132	trained	32753	14	memtrain/o_174_1.jpg	photodiode	1
1430.932	0.5	1430932	trained	32739	28	memtrain/o_397_1.jpg	photodiode	1
1431.783	0.5	1431783	catch	32671	n/a	catch_padded.jpg	photodiode	0
1432.063	0.0	1432063	response	6	n/a	n/a	trigger	0
1433.835	0.5	1433835	untrained	32698	69	memtrain/o_464_2.jpg	photodiode	1
1434.635	0.5	1434635	trained	32729	38	memtrain/o_603_1.jpg	photodiode	1
1435.536	0.5	1435536	untrained	32707	60	memtrain/o_228_2.jpg	photodiode	1
1436.337	0.5	1436337	catch	32671	n/a	catch_padded.jpg	photodiode	0
1436.546	0.0	1436546	response	6	n/a	n/a	trigger	0
1438.338	0.5	1438338	trained	32744	23	memtrain/o_338_2.jpg	photodiode	1
1439.289	0.5	1439289	trained	32750	17	memtrain/o_232_1.jpg	photodiode	1
1440.19	0.5	1440190	trained	32758	9	memtrain/o_101_2.jpg	photodiode	1
1440.991	0.5	1440991	untrained	32703	64	memtrain/o_334_2.jpg	photodiode	1
1441.891	0.5	1441891	untrained	32701	66	memtrain/o_342_2.jpg	photodiode	1
1442.138	0.0	1442138	response	6	n/a	n/a	trigger	0
1442.692	0.5	1442692	catch	32671	n/a	catch_padded.jpg	photodiode	0
1443.025	0.0	1443025	response	6	n/a	n/a	trigger	0
1444.694	0.5	1444694	untrained	32705	62	memtrain/o_304_1.jpg	photodiode	1
1445.444	0.5	1445444	trained	32726	41	memtrain/o_663_2.jpg	photodiode	1
1446.345	0.5	1446345	trained	32760	7	memtrain/o_091_2.jpg	photodiode	1
1447.196	0.5	1447196	catch	32671	n/a	catch_padded.jpg	photodiode	0
1447.487	0.0	1447487	response	6	n/a	n/a	trigger	0
1449.148	0.5	1449148	trained	32730	37	memtrain/o_597_1.jpg	photodiode	1
1449.898	0.5	1449898	untrained	32717	50	memtrain/o_057_2.jpg	photodiode	1
1450.841	0.5	1450841	untrained	32682	85	memtrain/o_218_1.jpg	photodiode	1
1451.75	0.5	1451750	catch	32671	n/a	catch_padded.jpg	photodiode	0
1452.036	0.0	1452036	response	6	n/a	n/a	trigger	0
1453.752	0.5	1453752	trained	32734	33	memtrain/o_536_1.jpg	photodiode	1
1454.602	0.5	1454602	untrained	32710	57	memtrain/o_171_1.jpg	photodiode	1
1455.394	0.5	1455394	trained	32765	2	memtrain/o_035_1.jpg	photodiode	1
1456.195	0.5	1456195	untrained	32711	56	memtrain/o_163_2.jpg	photodiode	1
1456.946	0.5	1456946	catch	32671	n/a	catch_padded.jpg	photodiode	0
1457.25	0.0	1457250	response	6	n/a	n/a	trigger	0
1458.956	0.5	1458956	untrained	32689	78	memtrain/o_599_1.jpg	photodiode	1
1459.898	0.5	1459898	untrained	32674	93	memtrain/so_035_1.jpg	photodiode	1
1460.799	0.5	1460799	untrained	32694	73	memtrain/o_519_2.jpg	photodiode	1
1461.55	0.5	1461550	trained	32731	36	memtrain/o_583_1.jpg	photodiode	1
1462.35	0.5	1462350	untrained	32681	86	memtrain/o_288_1.jpg	photodiode	1
1463.251	0.5	1463251	catch	32671	n/a	catch_padded.jpg	photodiode	0
1463.565	0.0	1463565	response	6	n/a	n/a	trigger	0
1465.153	0.5	1465153	trained	32767	0	memtrain/o_006_1.jpg	photodiode	1
1466.003	0.5	1466003	trained	32737	30	memtrain/o_437_2.jpg	photodiode	1
1466.954	0.5	1466954	untrained	32692	75	memtrain/o_564_1.jpg	photodiode	1
1467.755	0.5	1467755	untrained	32718	49	memtrain/o_054_2.jpg	photodiode	1
1468.506	0.5	1468506	untrained	32690	77	memtrain/o_574_2.jpg	photodiode	1
1469.306	0.5	1469306	catch	32671	n/a	catch_padded.jpg	photodiode	0
1469.66	0.0	1469660	response	6	n/a	n/a	trigger	0
1471.408	0.5	1471408	untrained	32713	54	memtrain/o_145_1.jpg	photodiode	1
1472.359	0.5	1472359	trained	32764	3	memtrain/o_040_2.jpg	photodiode	1
1473.31	0.5	1473310	untrained	32687	80	memtrain/o_613_1.jpg	photodiode	1
1474.11	0.5	1474110	untrained	32693	74	memtrain/o_550_1.jpg	photodiode	1
1475.061	0.5	1475061	trained	32745	22	memtrain/o_321_1.jpg	photodiode	1
1475.912	0.5	1475912	catch	32671	n/a	catch_padded.jpg	photodiode	0
1476.137	0.0	1476137	response	6	n/a	n/a	trigger	0
1477.964	0.5	1477964	untrained	32673	94	memtrain/so_067_1.jpg	photodiode	1
1478.914	0.5	1478914	untrained	32704	63	memtrain/o_310_2.jpg	photodiode	1
1479.765	0.5	1479765	trained	32728	39	memtrain/o_606_1.jpg	photodiode	1
1480.708	0.5	1480708	catch	32671	n/a	catch_padded.jpg	photodiode	0
1481.165	0.0	1481165	response	6	n/a	n/a	trigger	0
1482.718	0.5	1482718	untrained	32684	83	memtrain/so_105_1.jpg	photodiode	1
1483.618	0.5	1483618	untrained	32695	72	memtrain/o_490_1.jpg	photodiode	1
1484.411	0.5	1484411	untrained	32702	65	memtrain/o_337_2.jpg	photodiode	1
1485.212	0.5	1485212	untrained	32699	68	memtrain/o_393_1.jpg	photodiode	1
1486.012	0.5	1486012	catch	32671	n/a	catch_padded.jpg	photodiode	0
1486.312	0.0	1486312	response	6	n/a	n/a	trigger	0
1487.964	0.5	1487964	untrained	32700	67	memtrain/o_378_1.jpg	photodiode	1
1488.765	0.5	1488765	trained	32759	8	memtrain/o_094_1.jpg	photodiode	1
1489.565	0.5	1489565	untrained	32678	89	memtrain/o_469_1.jpg	photodiode	1
1490.316	0.5	1490316	untrained	32685	82	memtrain/o_656_1.jpg	photodiode	1
1491.066	0.5	1491066	catch	32671	n/a	catch_padded.jpg	photodiode	0
1491.362	0.0	1491362	response	6	n/a	n/a	trigger	0
1493.018	0.5	1493018	untrained	32675	92	memtrain/so_033_1.jpg	photodiode	1
1493.969	0.5	1493969	untrained	32688	79	memtrain/o_600_1.jpg	photodiode	1
1494.87	0.5	1494870	trained	32757	10	memtrain/o_111_2.jpg	photodiode	1
1495.77	0.5	1495770	trained	32746	21	memtrain/o_319_1.jpg	photodiode	1
1496.671	0.5	1496671	catch	32671	n/a	catch_padded.jpg	photodiode	0
1496.939	0.0	1496939	response	6	n/a	n/a	trigger	0
1498.673	0.5	1498673	untrained	32714	53	memtrain/o_142_2.jpg	photodiode	1
1499.424	0.5	1499424	untrained	32683	84	memtrain/so_117_2.jpg	photodiode	1
1500.224	0.5	1500224	untrained	32676	91	memtrain/o_605_1.jpg	photodiode	1
1501.175	0.5	1501175	trained	32762	5	memtrain/o_067_1.jpg	photodiode	1
1502.026	0.5	1502026	catch	32671	n/a	catch_padded.jpg	photodiode	0
1502.33	0.0	1502330	response	6	n/a	n/a	trigger	0
1504.078	0.5	1504078	trained	32727	40	memtrain/o_648_2.jpg	photodiode	1
1504.878	0.5	1504878	trained	32738	29	memtrain/o_416_1.jpg	photodiode	1
1505.629	0.5	1505629	untrained	32715	52	memtrain/o_141_1.jpg	photodiode	1
1506.379	0.5	1506379	trained	32732	35	memtrain/o_561_2.jpg	photodiode	1
1507.13	0.5	1507130	untrained	32719	48	memtrain/o_019_2.jpg	photodiode	1
1508.081	0.5	1508081	catch	32671	n/a	catch_padded.jpg	photodiode	0
1508.391	0.0	1508391	response	6	n/a	n/a	trigger	0
1510.083	0.5	1510083	trained	32735	32	memtrain/o_485_2.jpg	photodiode	1
1511.033	0.5	1511033	trained	32755	12	memtrain/o_127_2.jpg	photodiode	1
1511.976	0.5	1511976	trained	32721	46	memtrain/so_113_1.jpg	photodiode	1
1512.827	0.5	1512827	trained	32766	1	memtrain/o_015_1.jpg	photodiode	1
1513.677	0.5	1513677	trained	32723	44	memtrain/so_045_1.jpg	photodiode	1
1514.578	0.5	1514578	catch	32671	n/a	catch_padded.jpg	photodiode	0
1514.898	0.0	1514898	response	6	n/a	n/a	trigger	0
1516.58	0.5	1516580	trained	32741	26	memtrain/o_376_1.jpg	photodiode	1
1517.38	0.5	1517380	untrained	32679	88	memtrain/o_458_1.jpg	photodiode	1
1518.331	0.5	1518331	trained	32754	13	memtrain/o_136_1.jpg	photodiode	1
1519.232	0.5	1519232	untrained	32709	58	memtrain/o_192_1.jpg	photodiode	1
1520.133	0.5	1520133	catch	32671	n/a	catch_padded.jpg	photodiode	0
1520.55	0.0	1520550	response	6	n/a	n/a	trigger	0
1522.234	0.5	1522234	trained	32725	42	memtrain/so_034_2.jpg	photodiode	1
1523.135	0.5	1523135	trained	32724	43	memtrain/so_043_2.jpg	photodiode	1
1523.936	0.5	1523936	untrained	32697	70	memtrain/o_471_2.jpg	photodiode	1
1524.887	0.5	1524887	catch	32671	n/a	catch_padded.jpg	photodiode	0
1525.313	0.0	1525313	response	6	n/a	n/a	trigger	0
1526.888	0.5	1526888	trained	32720	47	memtrain/so_147_2.jpg	photodiode	1
1527.639	0.5	1527639	untrained	32696	71	memtrain/o_483_1.jpg	photodiode	1
1528.44	0.5	1528440	trained	32752	15	memtrain/o_195_1.jpg	photodiode	1
1529.29	0.5	1529290	catch	32671	n/a	catch_padded.jpg	photodiode	0
1529.569	0.0	1529569	response	6	n/a	n/a	trigger	0
1531.342	0.5	1531342	untrained	32672	95	memtrain/so_125_1.jpg	photodiode	1
1532.293	0.5	1532293	untrained	32680	87	memtrain/o_365_1.jpg	photodiode	1
1533.194	0.5	1533194	trained	32763	4	memtrain/o_042_1.jpg	photodiode	1
1534.095	0.5	1534095	catch	32671	n/a	catch_padded.jpg	photodiode	0
1534.532	0.0	1534532	response	6	n/a	n/a	trigger	0
1536.196	0.5	1536196	untrained	32716	51	memtrain/o_103_2.jpg	photodiode	1
1536.947	0.5	1536947	trained	32736	31	memtrain/o_465_2.jpg	photodiode	1
1537.698	0.5	1537698	trained	32722	45	memtrain/so_090_2.jpg	photodiode	1
1538.49	0.5	1538490	trained	32747	20	memtrain/o_290_1.jpg	photodiode	1
1539.341	0.5	1539341	catch	32671	n/a	catch_padded.jpg	photodiode	0
1539.625	0.0	1539625	response	6	n/a	n/a	trigger	0
1541.443	0.5	1541443	trained	32740	27	memtrain/o_379_2.jpg	photodiode	1
1542.193	0.5	1542193	untrained	32686	81	memtrain/o_655_2.jpg	photodiode	1
1542.994	0.5	1542994	trained	32742	25	memtrain/o_358_2.jpg	photodiode	1
1543.945	0.5	1543945	untrained	32691	76	memtrain/o_570_1.jpg	photodiode	1
1544.695	0.5	1544695	trained	32756	11	memtrain/o_117_2.jpg	photodiode	1
1545.496	0.5	1545496	catch	32671	n/a	catch_padded.jpg	photodiode	0
1545.815	0.0	1545815	response	6	n/a	n/a	trigger	0
1547.548	0.5	1547548	untrained	32712	55	memtrain/o_153_2.jpg	photodiode	1
1548.499	0.5	1548499	trained	32761	6	memtrain/o_076_1.jpg	photodiode	1
1549.249	0.5	1549249	untrained	32701	66	memtrain/o_342_2.jpg	photodiode	1
1550.15	0.5	1550150	untrained	32673	94	memtrain/so_067_1.jpg	photodiode	1
1551.051	0.5	1551051	untrained	32712	55	memtrain/o_153_2.jpg	photodiode	1
1551.851	0.5	1551851	catch	32671	n/a	catch_padded.jpg	photodiode	0
1552.158	0.0	1552158	response	6	n/a	n/a	trigger	0
1553.853	0.5	1553853	untrained	32696	71	memtrain/o_483_1.jpg	photodiode	1
1554.604	0.5	1554604	trained	32739	28	memtrain/o_397_1.jpg	photodiode	1
1555.554	0.5	1555554	untrained	32680	87	memtrain/o_365_1.jpg	photodiode	1
1556.455	0.5	1556455	untrained	32716	51	memtrain/o_103_2.jpg	photodiode	1
1557.406	0.5	1557406	trained	32756	11	memtrain/o_117_2.jpg	photodiode	1
1558.157	0.5	1558157	catch	32671	n/a	catch_padded.jpg	photodiode	0
1558.509	0.0	1558509	response	6	n/a	n/a	trigger	0
1560.208	0.5	1560208	trained	32758	9	memtrain/o_101_2.jpg	photodiode	1
1560.959	0.5	1560959	untrained	32682	85	memtrain/o_218_1.jpg	photodiode	1
1561.81	0.5	1561810	untrained	32702	65	memtrain/o_337_2.jpg	photodiode	1
1562.56	0.5	1562560	trained	32727	40	memtrain/o_648_2.jpg	photodiode	1
1563.361	0.5	1563361	catch	32671	n/a	catch_padded.jpg	photodiode	0
1563.666	0.0	1563666	response	6	n/a	n/a	trigger	0
1565.413	0.5	1565413	trained	32752	15	memtrain/o_195_1.jpg	photodiode	1
1566.364	0.5	1566364	untrained	32695	72	memtrain/o_490_1.jpg	photodiode	1
1567.214	0.5	1567214	trained	32748	19	memtrain/o_284_2.jpg	photodiode	1
1567.957	0.5	1567957	catch	32671	n/a	catch_padded.jpg	photodiode	0
1568.376	0.0	1568376	response	6	n/a	n/a	trigger	0
1569.967	0.5	1569967	trained	32736	31	memtrain/o_465_2.jpg	photodiode	1
1570.809	0.5	1570809	untrained	32699	68	memtrain/o_393_1.jpg	photodiode	1
1571.568	0.5	1571568	trained	32724	43	memtrain/so_043_2.jpg	photodiode	1
1572.46	0.5	1572460	untrained	32685	82	memtrain/o_656_1.jpg	photodiode	1
1573.261	0.5	1573261	catch	32671	n/a	catch_padded.jpg	photodiode	0
1573.55	0.0	1573550	response	6	n/a	n/a	trigger	0
1575.263	0.5	1575263	trained	32728	39	memtrain/o_606_1.jpg	photodiode	1
1576.072	0.5	1576072	untrained	32715	52	memtrain/o_141_1.jpg	photodiode	1
1577.014	0.5	1577014	trained	32747	20	memtrain/o_290_1.jpg	photodiode	1
1577.865	0.5	1577865	trained	32735	32	memtrain/o_485_2.jpg	photodiode	1
1578.616	0.5	1578616	untrained	32703	64	memtrain/o_334_2.jpg	photodiode	1
1579.566	0.5	1579566	catch	32671	n/a	catch_padded.jpg	photodiode	0
1579.883	0.0	1579883	response	6	n/a	n/a	trigger	0
1581.568	0.5	1581568	untrained	32678	89	memtrain/o_469_1.jpg	photodiode	1
1582.369	0.5	1582369	untrained	32707	60	memtrain/o_228_2.jpg	photodiode	1
1583.32	0.5	1583320	trained	32749	18	memtrain/o_264_2.jpg	photodiode	1
1584.17	0.5	1584170	catch	32671	n/a	catch_padded.jpg	photodiode	0
1584.554	0.0	1584554	response	6	n/a	n/a	trigger	0
1586.122	0.5	1586122	untrained	32697	70	memtrain/o_471_2.jpg	photodiode	1
1586.973	0.5	1586973	trained	32750	17	memtrain/o_232_1.jpg	photodiode	1
1587.823	0.5	1587823	untrained	32718	49	memtrain/o_054_2.jpg	photodiode	1
1588.624	0.5	1588624	untrained	32717	50	memtrain/o_057_2.jpg	photodiode	1
1589.525	0.5	1589525	catch	32671	n/a	catch_padded.jpg	photodiode	0
1589.865	0.0	1589865	response	6	n/a	n/a	trigger	0
1591.627	0.5	1591627	trained	32765	2	memtrain/o_035_1.jpg	photodiode	1
1592.527	0.5	1592527	trained	32723	44	memtrain/so_045_1.jpg	photodiode	1
1593.378	0.5	1593378	untrained	32714	53	memtrain/o_142_2.jpg	photodiode	1
1594.329	0.5	1594329	trained	32751	16	memtrain/o_199_2.jpg	photodiode	1
1595.23	0.5	1595230	catch	32671	n/a	catch_padded.jpg	photodiode	0
1595.55	0.0	1595550	response	6	n/a	n/a	trigger	0
1597.123	0.5	1597123	untrained	32672	95	memtrain/so_125_1.jpg	photodiode	1
1597.874	0.5	1597874	trained	32754	13	memtrain/o_136_1.jpg	photodiode	1
1598.674	0.5	1598674	trained	32737	30	memtrain/o_437_2.jpg	photodiode	1
1599.625	0.5	1599625	trained	32745	22	memtrain/o_321_1.jpg	photodiode	1
1600.426	0.5	1600426	trained	32732	35	memtrain/o_561_2.jpg	photodiode	1
1601.377	0.5	1601377	catch	32671	n/a	catch_padded.jpg	photodiode	0
1601.628	0.0	1601628	response	6	n/a	n/a	trigger	0
1603.378	0.5	1603378	trained	32757	10	memtrain/o_111_2.jpg	photodiode	1
1604.179	0.5	1604179	trained	32729	38	memtrain/o_603_1.jpg	photodiode	1
1605.08	0.5	1605080	untrained	32675	92	memtrain/so_033_1.jpg	photodiode	1
1605.83	0.5	1605830	catch	32671	n/a	catch_padded.jpg	photodiode	0
1606.405	0.0	1606405	response	6	n/a	n/a	trigger	0
1607.932	0.5	1607932	trained	32744	23	memtrain/o_338_2.jpg	photodiode	1
1608.783	0.5	1608783	trained	32760	7	memtrain/o_091_2.jpg	photodiode	1
1609.534	0.5	1609534	untrained	32704	63	memtrain/o_310_2.jpg	photodiode	1
1610.334	0.5	1610334	trained	32761	6	memtrain/o_076_1.jpg	photodiode	1
1611.185	0.5	1611185	catch	32671	n/a	catch_padded.jpg	photodiode	0
1611.483	0.0	1611483	response	6	n/a	n/a	trigger	0
1613.287	0.5	1613287	trained	32725	42	memtrain/so_034_2.jpg	photodiode	1
1614.137	0.5	1614137	trained	32767	0	memtrain/o_006_1.jpg	photodiode	1
1614.888	0.5	1614888	trained	32746	21	memtrain/o_319_1.jpg	photodiode	1
1615.739	0.5	1615739	untrained	32700	67	memtrain/o_378_1.jpg	photodiode	1
1616.69	0.5	1616690	untrained	32708	59	memtrain/o_201_2.jpg	photodiode	1
1616.956	0.0	1616956	response	6	n/a	n/a	trigger	0
1617.54	0.5	1617540	catch	32671	n/a	catch_padded.jpg	photodiode	0
1617.871	0.0	1617871	response	6	n/a	n/a	trigger	0
1619.492	0.5	1619492	trained	32720	47	memtrain/so_147_2.jpg	photodiode	1
1620.243	0.5	1620243	trained	32738	29	memtrain/o_416_1.jpg	photodiode	1
1621.043	0.5	1621043	untrained	32691	76	memtrain/o_570_1.jpg	photodiode	1
1621.894	0.5	1621894	untrained	32706	61	memtrain/o_298_2.jpg	photodiode	1
1622.795	0.5	1622795	catch	32671	n/a	catch_padded.jpg	photodiode	0
1623.265	0.0	1623265	response	6	n/a	n/a	trigger	0
1624.696	0.5	1624696	untrained	32686	81	memtrain/o_655_2.jpg	photodiode	1
1625.639	0.5	1625639	trained	32762	5	memtrain/o_067_1.jpg	photodiode	1
1626.439	0.5	1626439	trained	32755	12	memtrain/o_127_2.jpg	photodiode	1
1627.34	0.5	1627340	untrained	32719	48	memtrain/o_019_2.jpg	photodiode	1
1628.241	0.5	1628241	untrained	32709	58	memtrain/o_192_1.jpg	photodiode	1
1629.192	0.5	1629192	catch	32671	n/a	catch_padded.jpg	photodiode	0
1629.484	0.0	1629484	response	6	n/a	n/a	trigger	0
1631.093	0.5	1631093	trained	32763	4	memtrain/o_042_1.jpg	photodiode	1
1631.844	0.5	1631844	untrained	32677	90	memtrain/o_580_1.jpg	photodiode	1
1632.595	0.5	1632595	untrained	32683	84	memtrain/so_117_2.jpg	photodiode	1
1633.546	0.5	1633546	untrained	32689	78	memtrain/o_599_1.jpg	photodiode	1
1634.296	0.5	1634296	catch	32671	n/a	catch_padded.jpg	photodiode	0
1634.879	0.0	1634879	response	6	n/a	n/a	trigger	0
1636.248	0.5	1636248	untrained	32713	54	memtrain/o_145_1.jpg	photodiode	1
1636.998	0.5	1636998	untrained	32694	73	memtrain/o_519_2.jpg	photodiode	1
1637.749	0.5	1637749	untrained	32693	74	memtrain/o_550_1.jpg	photodiode	1
1638.65	0.5	1638650	catch	32671	n/a	catch_padded.jpg	photodiode	0
1640.551	0.5	1640551	untrained	32674	93	memtrain/so_035_1.jpg	photodiode	1
1641.302	0.5	1641302	trained	32726	41	memtrain/o_663_2.jpg	photodiode	1
1642.053	0.5	1642053	untrained	32692	75	memtrain/o_564_1.jpg	photodiode	1
1642.903	0.5	1642903	catch	32671	n/a	catch_padded.jpg	photodiode	0
1643.36	0.0	1643360	response	6	n/a	n/a	trigger	0
1645.005	0.5	1645005	untrained	32698	69	memtrain/o_464_2.jpg	photodiode	1
1645.806	0.5	1645806	trained	32759	8	memtrain/o_094_1.jpg	photodiode	1
1646.707	0.5	1646707	trained	32740	27	memtrain/o_379_2.jpg	photodiode	1
1647.657	0.5	1647657	untrained	32705	62	memtrain/o_304_1.jpg	photodiode	1
1648.608	0.5	1648608	catch	32671	n/a	catch_padded.jpg	photodiode	0
1648.977	0.0	1648977	response	6	n/a	n/a	trigger	0
1650.71	0.5	1650710	trained	32733	34	memtrain/o_558_2.jpg	photodiode	1
1651.611	0.5	1651611	untrained	32690	77	memtrain/o_574_2.jpg	photodiode	1
1652.361	0.5	1652361	untrained	32684	83	memtrain/so_105_1.jpg	photodiode	1
1653.212	0.5	1653212	catch	32671	n/a	catch_padded.jpg	photodiode	0
1653.552	0.0	1653552	response	6	n/a	n/a	trigger	0
1655.114	0.5	1655114	untrained	32711	56	memtrain/o_163_2.jpg	photodiode	1
1655.906	0.5	1655906	trained	32721	46	memtrain/so_113_1.jpg	photodiode	1
1656.715	0.5	1656715	trained	32743	24	memtrain/o_357_1.jpg	photodiode	1
1657.608	0.5	1657608	trained	32730	37	memtrain/o_597_1.jpg	photodiode	1
1658.358	0.5	1658358	untrained	32687	80	memtrain/o_613_1.jpg	photodiode	1
1659.309	0.5	1659309	catch	32671	n/a	catch_padded.jpg	photodiode	0
1659.572	0.0	1659572	response	6	n/a	n/a	trigger	0
1661.211	0.5	1661211	trained	32722	45	memtrain/so_090_2.jpg	photodiode	1
1662.011	0.5	1662011	trained	32764	3	memtrain/o_040_2.jpg	photodiode	1
1662.87	0.5	1662870	trained	32731	36	memtrain/o_583_1.jpg	photodiode	1
1663.613	0.5	1663613	untrained	32688	79	memtrain/o_600_1.jpg	photodiode	1
1664.564	0.5	1664564	trained	32734	33	memtrain/o_536_1.jpg	photodiode	1
1665.414	0.5	1665414	catch	32671	n/a	catch_padded.jpg	photodiode	0
1665.677	0.0	1665677	response	6	n/a	n/a	trigger	0
1667.466	0.5	1667466	trained	32766	1	memtrain/o_015_1.jpg	photodiode	1
1668.367	0.5	1668367	trained	32741	26	memtrain/o_376_1.jpg	photodiode	1
1669.218	0.5	1669218	trained	32753	14	memtrain/o_174_1.jpg	photodiode	1
1670.168	0.5	1670168	untrained	32679	88	memtrain/o_458_1.jpg	photodiode	1
1671.119	0.5	1671119	untrained	32710	57	memtrain/o_171_1.jpg	photodiode	1
1671.92	0.5	1671920	catch	32671	n/a	catch_padded.jpg	photodiode	0
1672.264	0.0	1672264	response	6	n/a	n/a	trigger	0
1674.022	0.5	1674022	trained	32742	25	memtrain/o_358_2.jpg	photodiode	1
1674.922	0.5	1674922	untrained	32676	91	memtrain/o_605_1.jpg	photodiode	1
1675.823	0.5	1675823	untrained	32681	86	memtrain/o_288_1.jpg	photodiode	1
1676.724	0.5	1676724	catch	32671	n/a	catch_padded.jpg	photodiode	0
1677.048	0.0	1677048	response	6	n/a	n/a	trigger	0
1679.198	0.0	1679198	block_end	120	n/a	n/a	trigger	0
1706.056	0.0	1706056	response	6	n/a	n/a	trigger	0
1706.061	0.0	1706061	block_onset	107	n/a	n/a	trigger	0
1708.117	0.5	1708117	untrained	32689	78	memtrain/o_599_1.jpg	photodiode	1
1708.918	0.5	1708918	trained	32756	11	memtrain/o_117_2.jpg	photodiode	1
1709.719	0.5	1709719	trained	32736	31	memtrain/o_465_2.jpg	photodiode	1
1710.619	0.5	1710619	trained	32767	0	memtrain/o_006_1.jpg	photodiode	1
1711.462	0.5	1711462	trained	32739	28	memtrain/o_397_1.jpg	photodiode	1
1712.412	0.5	1712412	catch	32671	n/a	catch_padded.jpg	photodiode	0
1712.734	0.0	1712734	response	6	n/a	n/a	trigger	0
1714.464	0.5	1714464	trained	32744	23	memtrain/o_338_2.jpg	photodiode	1
1715.215	0.5	1715215	untrained	32701	66	memtrain/o_342_2.jpg	photodiode	1
1716.015	0.5	1716015	trained	32725	42	memtrain/so_034_2.jpg	photodiode	1
1716.966	0.5	1716966	untrained	32696	71	memtrain/o_483_1.jpg	photodiode	1
1717.717	0.5	1717717	catch	32671	n/a	catch_padded.jpg	photodiode	0
1718.052	0.0	1718052	response	6	n/a	n/a	trigger	0
1719.618	0.5	1719618	trained	32764	3	memtrain/o_040_2.jpg	photodiode	1
1720.519	0.5	1720519	trained	32757	10	memtrain/o_111_2.jpg	photodiode	1
1721.27	0.5	1721270	trained	32722	45	memtrain/so_090_2.jpg	photodiode	1
1722.171	0.5	1722171	catch	32671	n/a	catch_padded.jpg	photodiode	0
1722.58	0.0	1722580	response	6	n/a	n/a	trigger	0
1724.122	0.5	1724122	trained	32720	47	memtrain/so_147_2.jpg	photodiode	1
1724.873	0.5	1724873	untrained	32687	80	memtrain/o_613_1.jpg	photodiode	1
1725.624	0.5	1725624	trained	32743	24	memtrain/o_357_1.jpg	photodiode	1
1726.474	0.5	1726474	untrained	32698	69	memtrain/o_464_2.jpg	photodiode	1
1727.375	0.5	1727375	catch	32671	n/a	catch_padded.jpg	photodiode	0
1727.757	0.0	1727757	response	6	n/a	n/a	trigger	0
1729.277	0.5	1729277	untrained	32717	50	memtrain/o_057_2.jpg	photodiode	1
1730.077	0.5	1730077	trained	32754	13	memtrain/o_136_1.jpg	photodiode	1
1730.978	0.5	1730978	untrained	32700	67	memtrain/o_378_1.jpg	photodiode	1
1731.829	0.5	1731829	trained	32748	19	memtrain/o_284_2.jpg	photodiode	1
1732.579	0.5	1732579	untrained	32702	65	memtrain/o_337_2.jpg	photodiode	1
1733.33	0.5	1733330	catch	32671	n/a	catch_padded.jpg	photodiode	0
1733.736	0.0	1733736	response	6	n/a	n/a	trigger	0
1735.432	0.5	1735432	untrained	32672	95	memtrain/so_125_1.jpg	photodiode	1
1736.333	0.5	1736333	trained	32735	32	memtrain/o_485_2.jpg	photodiode	1
1737.283	0.5	1737283	untrained	32678	89	memtrain/o_469_1.jpg	photodiode	1
1738.084	0.5	1738084	catch	32671	n/a	catch_padded.jpg	photodiode	0
1738.459	0.0	1738459	response	6	n/a	n/a	trigger	0
1740.128	0.5	1740128	trained	32760	7	memtrain/o_091_2.jpg	photodiode	1
1740.878	0.5	1740878	trained	32738	29	memtrain/o_416_1.jpg	photodiode	1
1741.679	0.5	1741679	untrained	32711	56	memtrain/o_163_2.jpg	photodiode	1
1742.58	0.5	1742580	trained	32729	38	memtrain/o_603_1.jpg	photodiode	1
1743.531	0.5	1743531	catch	32671	n/a	catch_padded.jpg	photodiode	0
1743.875	0.0	1743875	response	6	n/a	n/a	trigger	0
1745.482	0.5	1745482	untrained	32685	82	memtrain/o_656_1.jpg	photodiode	1
1746.433	0.5	1746433	untrained	32676	91	memtrain/o_605_1.jpg	photodiode	1
1747.284	0.5	1747284	trained	32731	36	memtrain/o_583_1.jpg	photodiode	1
1748.235	0.5	1748235	untrained	32690	77	memtrain/o_574_2.jpg	photodiode	1
1749.135	0.5	1749135	trained	32755	12	memtrain/o_127_2.jpg	photodiode	1
1749.936	0.5	1749936	catch	32671	n/a	catch_padded.jpg	photodiode	0
1750.143	0.0	1750143	response	6	n/a	n/a	trigger	0
1751.838	0.5	1751838	untrained	32675	92	memtrain/so_033_1.jpg	photodiode	1
1752.788	0.5	1752788	untrained	32692	75	memtrain/o_564_1.jpg	photodiode	1
1753.739	0.5	1753739	untrained	32681	86	memtrain/o_288_1.jpg	photodiode	1
1754.69	0.5	1754690	catch	32671	n/a	catch_padded.jpg	photodiode	0
1755.045	0.0	1755045	response	6	n/a	n/a	trigger	0
1756.592	0.5	1756592	trained	32741	26	memtrain/o_376_1.jpg	photodiode	1
1757.442	0.5	1757442	untrained	32686	81	memtrain/o_655_2.jpg	photodiode	1
1758.393	0.5	1758393	untrained	32677	90	memtrain/o_580_1.jpg	photodiode	1
1759.194	0.5	1759194	trained	32762	5	memtrain/o_067_1.jpg	photodiode	1
1760.095	0.5	1760095	trained	32733	34	memtrain/o_558_2.jpg	photodiode	1
1760.845	0.5	1760845	catch	32671	n/a	catch_padded.jpg	photodiode	0
1761.13	0.0	1761130	response	6	n/a	n/a	trigger	0
1762.847	0.5	1762847	trained	32721	46	memtrain/so_113_1.jpg	photodiode	1
1763.748	0.5	1763748	untrained	32704	63	memtrain/o_310_2.jpg	photodiode	1
1764.648	0.5	1764648	trained	32750	17	memtrain/o_232_1.jpg	photodiode	1
1765.499	0.5	1765499	catch	32671	n/a	catch_padded.jpg	photodiode	0
1765.846	0.0	1765846	response	6	n/a	n/a	trigger	0
1767.501	0.5	1767501	trained	32745	22	memtrain/o_321_1.jpg	photodiode	1
1768.302	0.5	1768302	untrained	32706	61	memtrain/o_298_2.jpg	photodiode	1
1769.194	0.5	1769194	trained	32766	1	memtrain/o_015_1.jpg	photodiode	1
1770.045	0.5	1770045	trained	32740	27	memtrain/o_379_2.jpg	photodiode	1
1770.845	0.5	1770845	catch	32671	n/a	catch_padded.jpg	photodiode	0
1771.177	0.0	1771177	response	6	n/a	n/a	trigger	0
1772.747	0.5	1772747	untrained	32691	76	memtrain/o_570_1.jpg	photodiode	1
1773.648	0.5	1773648	untrained	32710	57	memtrain/o_171_1.jpg	photodiode	1
1774.498	0.5	1774498	trained	32753	14	memtrain/o_174_1.jpg	photodiode	1
1775.299	0.5	1775299	trained	32730	37	memtrain/o_597_1.jpg	photodiode	1
1776.25	0.5	1776250	trained	32723	44	memtrain/so_045_1.jpg	photodiode	1
1777.151	0.5	1777151	catch	32671	n/a	catch_padded.jpg	photodiode	0
1777.416	0.0	1777416	response	6	n/a	n/a	trigger	0
1779.152	0.5	1779152	untrained	32709	58	memtrain/o_192_1.jpg	photodiode	1
1780.003	0.5	1780003	trained	32724	43	memtrain/so_043_2.jpg	photodiode	1
1780.754	0.5	1780754	untrained	32683	84	memtrain/so_117_2.jpg	photodiode	1
1781.704	0.5	1781704	untrained	32674	93	memtrain/so_035_1.jpg	photodiode	1
1782.505	0.5	1782505	catch	32671	n/a	catch_padded.jpg	photodiode	0
1782.81	0.0	1782810	response	6	n/a	n/a	trigger	0
1784.407	0.5	1784407	trained	32752	15	memtrain/o_195_1.jpg	photodiode	1
1785.257	0.5	1785257	untrained	32712	55	memtrain/o_153_2.jpg	photodiode	1
1786.208	0.5	1786208	untrained	32719	48	memtrain/o_019_2.jpg	photodiode	1
1787.009	0.5	1787009	catch	32671	n/a	catch_padded.jpg	photodiode	0
1787.382	0.0	1787382	response	6	n/a	n/a	trigger	0
1789.011	0.5	1789011	untrained	32680	87	memtrain/o_365_1.jpg	photodiode	1
1789.761	0.5	1789761	untrained	32679	88	memtrain/o_458_1.jpg	photodiode	1
1790.512	0.5	1790512	untrained	32695	72	memtrain/o_490_1.jpg	photodiode	1
1791.313	0.5	1791313	untrained	32718	49	memtrain/o_054_2.jpg	photodiode	1
1792.163	0.5	1792163	untrained	32688	79	memtrain/o_600_1.jpg	photodiode	1
1793.114	0.5	1793114	catch	32671	n/a	catch_padded.jpg	photodiode	0
1793.34	0.0	1793340	response	6	n/a	n/a	trigger	0
1795.116	0.5	1795116	untrained	32682	85	memtrain/o_218_1.jpg	photodiode	1
1796.067	0.5	1796067	trained	32746	21	memtrain/o_319_1.jpg	photodiode	1
1796.917	0.5	1796917	trained	32742	25	memtrain/o_358_2.jpg	photodiode	1
1797.668	0.5	1797668	trained	32751	16	memtrain/o_199_2.jpg	photodiode	1
1798.41	0.5	1798410	untrained	32673	94	memtrain/so_067_1.jpg	photodiode	1
1798.672	0.0	1798672	response	6	n/a	n/a	trigger	0
1799.361	0.5	1799361	catch	32671	n/a	catch_padded.jpg	photodiode	0
1799.694	0.0	1799694	response	6	n/a	n/a	trigger	0
1801.413	0.5	1801413	untrained	32703	64	memtrain/o_334_2.jpg	photodiode	1
1802.264	0.5	1802264	trained	32737	30	memtrain/o_437_2.jpg	photodiode	1
1803.114	0.5	1803114	trained	32749	18	memtrain/o_264_2.jpg	photodiode	1
1804.015	0.5	1804015	untrained	32684	83	memtrain/so_105_1.jpg	photodiode	1
1804.916	0.5	1804916	catch	32671	n/a	catch_padded.jpg	photodiode	0
1805.326	0.0	1805326	response	6	n/a	n/a	trigger	0
1806.968	0.5	1806968	trained	32732	35	memtrain/o_561_2.jpg	photodiode	1
1807.918	0.5	1807918	untrained	32715	52	memtrain/o_141_1.jpg	photodiode	1
1808.869	0.5	1808869	trained	32747	20	memtrain/o_290_1.jpg	photodiode	1
1809.77	0.5	1809770	trained	32727	40	memtrain/o_648_2.jpg	photodiode	1
1810.671	0.5	1810671	untrained	32699	68	memtrain/o_393_1.jpg	photodiode	1
1811.622	0.5	1811622	catch	32671	n/a	catch_padded.jpg	photodiode	0
1811.893	0.0	1811893	response	6	n/a	n/a	trigger	0
1813.523	0.5	1813523	trained	32728	39	memtrain/o_606_1.jpg	photodiode	1
1814.324	0.5	1814324	untrained	32697	70	memtrain/o_471_2.jpg	photodiode	1
1815.075	0.5	1815075	untrained	32707	60	memtrain/o_228_2.jpg	photodiode	1
1815.825	0.5	1815825	catch	32671	n/a	catch_padded.jpg	photodiode	0
1816.387	0.0	1816387	response	6	n/a	n/a	trigger	0
1817.777	0.5	1817777	trained	32763	4	memtrain/o_042_1.jpg	photodiode	1
1818.628	0.5	1818628	untrained	32693	74	memtrain/o_550_1.jpg	photodiode	1
1819.528	0.5	1819528	trained	32765	2	memtrain/o_035_1.jpg	photodiode	1
1820.329	0.5	1820329	untrained	32694	73	memtrain/o_519_2.jpg	photodiode	1
1821.13	0.5	1821130	catch	32671	n/a	catch_padded.jpg	photodiode	0
1821.478	0.0	1821478	response	6	n/a	n/a	trigger	0
1823.081	0.5	1823081	trained	32734	33	memtrain/o_536_1.jpg	photodiode	1
1823.882	0.5	1823882	trained	32759	8	memtrain/o_094_1.jpg	photodiode	1
1824.683	0.5	1824683	trained	32758	9	memtrain/o_101_2.jpg	photodiode	1
1825.433	0.5	1825433	catch	32671	n/a	catch_padded.jpg	photodiode	0
1825.867	0.0	1825867	response	6	n/a	n/a	trigger	0
1827.485	0.5	1827485	trained	32726	41	memtrain/o_663_2.jpg	photodiode	1
1828.427	0.5	1828427	trained	32761	6	memtrain/o_076_1.jpg	photodiode	1
1829.178	0.5	1829178	untrained	32708	59	memtrain/o_201_2.jpg	photodiode	1
1830.029	0.5	1830029	untrained	32714	53	memtrain/o_142_2.jpg	photodiode	1
1830.779	0.5	1830779	untrained	32705	62	memtrain/o_304_1.jpg	photodiode	1
1831.63	0.5	1831630	catch	32671	n/a	catch_padded.jpg	photodiode	0
1831.921	0.0	1831921	response	6	n/a	n/a	trigger	0
1833.582	0.5	1833582	untrained	32713	54	memtrain/o_145_1.jpg	photodiode	1
1834.483	0.5	1834483	untrained	32716	51	memtrain/o_103_2.jpg	photodiode	1
1835.433	0.5	1835433	trained	32762	5	memtrain/o_067_1.jpg	photodiode	1
1836.384	0.5	1836384	untrained	32678	89	memtrain/o_469_1.jpg	photodiode	1
1837.235	0.5	1837235	catch	32671	n/a	catch_padded.jpg	photodiode	0
1837.572	0.0	1837572	response	6	n/a	n/a	trigger	0
1839.136	0.5	1839136	untrained	32712	55	memtrain/o_153_2.jpg	photodiode	1
1840.037	0.5	1840037	untrained	32688	79	memtrain/o_600_1.jpg	photodiode	1
1840.988	0.5	1840988	untrained	32685	82	memtrain/o_656_1.jpg	photodiode	1
1841.889	0.5	1841889	trained	32755	12	memtrain/o_127_2.jpg	photodiode	1
1842.74	0.5	1842740	catch	32671	n/a	catch_padded.jpg	photodiode	0
1843.024	0.0	1843024	response	6	n/a	n/a	trigger	0
1844.691	0.5	1844691	trained	32721	46	memtrain/so_113_1.jpg	photodiode	1
1845.642	0.5	1845642	trained	32757	10	memtrain/o_111_2.jpg	photodiode	1
1846.443	0.5	1846443	trained	32720	47	memtrain/so_147_2.jpg	photodiode	1
1847.343	0.5	1847343	untrained	32677	90	memtrain/o_580_1.jpg	photodiode	1
1848.094	0.5	1848094	catch	32671	n/a	catch_padded.jpg	photodiode	0
1848.424	0.0	1848424	response	6	n/a	n/a	trigger	0
1850.096	0.5	1850096	untrained	32711	56	memtrain/o_163_2.jpg	photodiode	1
1850.896	0.5	1850896	untrained	32700	67	memtrain/o_378_1.jpg	photodiode	1
1851.847	0.5	1851847	untrained	32693	74	memtrain/o_550_1.jpg	photodiode	1
1852.648	0.5	1852648	catch	32671	n/a	catch_padded.jpg	photodiode	0
1852.973	0.0	1852973	response	6	n/a	n/a	trigger	0
1854.75	0.5	1854750	trained	32765	2	memtrain/o_035_1.jpg	photodiode	1
1855.701	0.5	1855701	trained	32733	34	memtrain/o_558_2.jpg	photodiode	1
1856.551	0.5	1856551	trained	32727	40	memtrain/o_648_2.jpg	photodiode	1
1857.294	0.5	1857294	catch	32671	n/a	catch_padded.jpg	photodiode	0
1857.65	0.0	1857650	response	6	n/a	n/a	trigger	0
1859.295	0.5	1859295	trained	32724	43	memtrain/so_043_2.jpg	photodiode	1
1860.146	0.5	1860146	trained	32766	1	memtrain/o_015_1.jpg	photodiode	1
1860.955	0.5	1860955	trained	32729	38	memtrain/o_603_1.jpg	photodiode	1
1861.898	0.5	1861898	untrained	32694	73	memtrain/o_519_2.jpg	photodiode	1
1862.748	0.5	1862748	catch	32671	n/a	catch_padded.jpg	photodiode	0
1863.042	0.0	1863042	response	6	n/a	n/a	trigger	0
1864.7	0.5	1864700	untrained	32684	83	memtrain/so_105_1.jpg	photodiode	1
1865.601	0.5	1865601	trained	32738	29	memtrain/o_416_1.jpg	photodiode	1
1866.451	0.5	1866451	untrained	32698	69	memtrain/o_464_2.jpg	photodiode	1
1867.352	0.5	1867352	untrained	32699	68	memtrain/o_393_1.jpg	photodiode	1
1868.103	0.5	1868103	catch	32671	n/a	catch_padded.jpg	photodiode	0
1868.379	0.0	1868379	response	6	n/a	n/a	trigger	0
1870.054	0.5	1870054	trained	32743	24	memtrain/o_357_1.jpg	photodiode	1
1871.005	0.5	1871005	trained	32753	14	memtrain/o_174_1.jpg	photodiode	1
1871.906	0.5	1871906	trained	32760	7	memtrain/o_091_2.jpg	photodiode	1
1872.807	0.5	1872807	trained	32745	22	memtrain/o_321_1.jpg	photodiode	1
1873.708	0.5	1873708	catch	32671	n/a	catch_padded.jpg	photodiode	0
1874.064	0.0	1874064	response	6	n/a	n/a	trigger	0
1875.659	0.5	1875659	trained	32722	45	memtrain/so_090_2.jpg	photodiode	1
1876.41	0.5	1876410	trained	32767	0	memtrain/o_006_1.jpg	photodiode	1
1877.16	0.5	1877160	untrained	32719	48	memtrain/o_019_2.jpg	photodiode	1
1878.111	0.5	1878111	trained	32737	30	memtrain/o_437_2.jpg	photodiode	1
1878.912	0.5	1878912	untrained	32673	94	memtrain/so_067_1.jpg	photodiode	1
1879.713	0.5	1879713	catch	32671	n/a	catch_padded.jpg	photodiode	0
1880.03	0.0	1880030	response	6	n/a	n/a	trigger	0
1881.614	0.5	1881614	untrained	32683	84	memtrain/so_117_2.jpg	photodiode	1
1882.365	0.5	1882365	untrained	32695	72	memtrain/o_490_1.jpg	photodiode	1
1883.166	0.5	1883166	untrained	32675	92	memtrain/so_033_1.jpg	photodiode	1
1884.066	0.5	1884066	untrained	32687	80	memtrain/o_613_1.jpg	photodiode	1
1884.917	0.5	1884917	catch	32671	n/a	catch_padded.jpg	photodiode	0
1885.226	0.0	1885226	response	6	n/a	n/a	trigger	0
1887.01	0.5	1887010	untrained	32686	81	memtrain/o_655_2.jpg	photodiode	1
1887.861	0.5	1887861	untrained	32682	85	memtrain/o_218_1.jpg	photodiode	1
1888.612	0.5	1888612	untrained	32708	59	memtrain/o_201_2.jpg	photodiode	1
1889.513	0.5	1889513	catch	32671	n/a	catch_padded.jpg	photodiode	0
1889.837	0.0	1889837	response	6	n/a	n/a	trigger	0
1891.564	0.5	1891564	untrained	32716	51	memtrain/o_103_2.jpg	photodiode	1
1892.315	0.5	1892315	trained	32751	16	memtrain/o_199_2.jpg	photodiode	1
1893.266	0.5	1893266	trained	32734	33	memtrain/o_536_1.jpg	photodiode	1
1894.116	0.5	1894116	untrained	32680	87	memtrain/o_365_1.jpg	photodiode	1
1895.067	0.5	1895067	untrained	32690	77	memtrain/o_574_2.jpg	photodiode	1
1895.868	0.5	1895868	catch	32671	n/a	catch_padded.jpg	photodiode	0
1896.206	0.0	1896206	response	6	n/a	n/a	trigger	0
1897.87	0.5	1897870	trained	32739	28	memtrain/o_397_1.jpg	photodiode	1
1898.82	0.5	1898820	trained	32763	4	memtrain/o_042_1.jpg	photodiode	1
1899.621	0.5	1899621	trained	32756	11	memtrain/o_117_2.jpg	photodiode	1
1900.522	0.5	1900522	untrained	32705	62	memtrain/o_304_1.jpg	photodiode	1
1901.473	0.5	1901473	catch	32671	n/a	catch_padded.jpg	photodiode	0
1901.865	0.0	1901865	response	6	n/a	n/a	trigger	0
1903.424	0.5	1903424	untrained	32674	93	memtrain/so_035_1.jpg	photodiode	1
1904.225	0.5	1904225	trained	32744	23	memtrain/o_338_2.jpg	photodiode	1
1905.176	0.5	1905176	trained	32730	37	memtrain/o_597_1.jpg	photodiode	1
1906.127	0.5	1906127	catch	32671	n/a	catch_padded.jpg	photodiode	0
1906.598	0.0	1906598	response	6	n/a	n/a	trigger	0
1908.028	0.5	1908028	untrained	32689	78	memtrain/o_599_1.jpg	photodiode	1
1908.779	0.5	1908779	untrained	32715	52	memtrain/o_141_1.jpg	photodiode	1
1909.63	0.5	1909630	untrained	32676	91	memtrain/o_605_1.jpg	photodiode	1
1910.48	0.5	1910480	untrained	32679	88	memtrain/o_458_1.jpg	photodiode	1
1911.231	0.5	1911231	untrained	32701	66	memtrain/o_342_2.jpg	photodiode	1
1912.032	0.5	1912032	catch	32671	n/a	catch_padded.jpg	photodiode	0
1912.392	0.0	1912392	response	6	n/a	n/a	trigger	0
1914.133	0.5	1914133	untrained	32717	50	memtrain/o_057_2.jpg	photodiode	1
1915.076	0.5	1915076	untrained	32697	70	memtrain/o_471_2.jpg	photodiode	1
1915.927	0.5	1915927	untrained	32704	63	memtrain/o_310_2.jpg	photodiode	1
1916.777	0.5	1916777	trained	32758	9	memtrain/o_101_2.jpg	photodiode	1
1917.578	0.5	1917578	untrained	32714	53	memtrain/o_142_2.jpg	photodiode	1
1918.329	0.5	1918329	catch	32671	n/a	catch_padded.jpg	photodiode	0
1918.693	0.0	1918693	response	6	n/a	n/a	trigger	0
1920.28	0.5	1920280	untrained	32692	75	memtrain/o_564_1.jpg	photodiode	1
1921.181	0.5	1921181	trained	32723	44	memtrain/so_045_1.jpg	photodiode	1
1921.932	0.5	1921932	untrained	32710	57	memtrain/o_171_1.jpg	photodiode	1
1922.732	0.5	1922732	catch	32671	n/a	catch_padded.jpg	photodiode	0
1923.224	0.0	1923224	response	6	n/a	n/a	trigger	0
1924.834	0.5	1924834	untrained	32718	49	memtrain/o_054_2.jpg	photodiode	1
1925.585	0.5	1925585	untrained	32691	76	memtrain/o_570_1.jpg	photodiode	1
1926.336	0.5	1926336	trained	32761	6	memtrain/o_076_1.jpg	photodiode	1
1927.286	0.5	1927286	trained	32750	17	memtrain/o_232_1.jpg	photodiode	1
1928.087	0.5	1928087	untrained	32706	61	memtrain/o_298_2.jpg	photodiode	1
1928.988	0.5	1928988	catch	32671	n/a	catch_padded.jpg	photodiode	0
1929.282	0.0	1929282	response	6	n/a	n/a	trigger	0
1930.889	0.5	1930889	trained	32748	19	memtrain/o_284_2.jpg	photodiode	1
1931.84	0.5	1931840	trained	32740	27	memtrain/o_379_2.jpg	photodiode	1
1932.741	0.5	1932741	trained	32731	36	memtrain/o_583_1.jpg	photodiode	1
1933.642	0.5	1933642	trained	32735	32	memtrain/o_485_2.jpg	photodiode	1
1934.542	0.5	1934542	trained	32736	31	memtrain/o_465_2.jpg	photodiode	1
1935.393	0.5	1935393	catch	32671	n/a	catch_padded.jpg	photodiode	0
1935.761	0.0	1935761	response	6	n/a	n/a	trigger	0
1937.295	0.5	1937295	untrained	32696	71	memtrain/o_483_1.jpg	photodiode	1
1938.196	0.5	1938196	trained	32764	3	memtrain/o_040_2.jpg	photodiode	1
1939.096	0.5	1939096	untrained	32703	64	memtrain/o_334_2.jpg	photodiode	1
1939.997	0.5	1939997	catch	32671	n/a	catch_padded.jpg	photodiode	0
1940.394	0.0	1940394	response	6	n/a	n/a	trigger	0
1941.999	0.5	1941999	untrained	32713	54	memtrain/o_145_1.jpg	photodiode	1
1942.799	0.5	1942799	trained	32732	35	memtrain/o_561_2.jpg	photodiode	1
1943.65	0.5	1943650	trained	32754	13	memtrain/o_136_1.jpg	photodiode	1
1944.593	0.5	1944593	trained	32728	39	memtrain/o_606_1.jpg	photodiode	1
1945.493	0.5	1945493	trained	32741	26	memtrain/o_376_1.jpg	photodiode	1
1946.444	0.5	1946444	catch	32671	n/a	catch_padded.jpg	photodiode	0
1946.771	0.0	1946771	response	6	n/a	n/a	trigger	0
1948.446	0.5	1948446	trained	32759	8	memtrain/o_094_1.jpg	photodiode	1
1949.347	0.5	1949347	trained	32726	41	memtrain/o_663_2.jpg	photodiode	1
1950.106	0.5	1950106	trained	32725	42	memtrain/so_034_2.jpg	photodiode	1
1951.048	0.5	1951048	trained	32747	20	memtrain/o_290_1.jpg	photodiode	1
1951.849	0.5	1951849	catch	32671	n/a	catch_padded.jpg	photodiode	0
1952.229	0.0	1952229	response	6	n/a	n/a	trigger	0
1953.95	0.5	1953950	trained	32749	18	memtrain/o_264_2.jpg	photodiode	1
1954.851	0.5	1954851	untrained	32707	60	memtrain/o_228_2.jpg	photodiode	1
1955.702	0.5	1955702	untrained	32681	86	memtrain/o_288_1.jpg	photodiode	1
1956.553	0.5	1956553	catch	32671	n/a	catch_padded.jpg	photodiode	0
1956.906	0.0	1956906	response	6	n/a	n/a	trigger	0
1958.554	0.5	1958554	trained	32752	15	memtrain/o_195_1.jpg	photodiode	1
1959.405	0.5	1959405	untrained	32702	65	memtrain/o_337_2.jpg	photodiode	1
1960.256	0.5	1960256	untrained	32672	95	memtrain/so_125_1.jpg	photodiode	1
1961.006	0.5	1961006	catch	32671	n/a	catch_padded.jpg	photodiode	0
1961.317	0.0	1961317	response	6	n/a	n/a	trigger	0
1963.008	0.5	1963008	trained	32746	21	memtrain/o_319_1.jpg	photodiode	1
1963.759	0.5	1963759	trained	32742	25	memtrain/o_358_2.jpg	photodiode	1
1964.559	0.5	1964559	untrained	32709	58	memtrain/o_192_1.jpg	photodiode	1
1965.36	0.5	1965360	catch	32671	n/a	catch_padded.jpg	photodiode	0
1965.675	0.0	1965675	response	6	n/a	n/a	trigger	0
1967.834	0.0	1967834	block_end	120	n/a	n/a	trigger	0
1976.108	0.0	1976108	response	6	n/a	n/a	trigger	0
1976.116	0.0	1976116	block_onset	108	n/a	n/a	trigger	0
1978.171	0.5	1978171	trained	32759	8	memtrain/o_094_1.jpg	photodiode	1
1979.072	0.5	1979072	untrained	32677	90	memtrain/o_580_1.jpg	photodiode	1
1979.822	0.5	1979822	untrained	32719	48	memtrain/o_019_2.jpg	photodiode	1
1980.623	0.5	1980623	untrained	32679	88	memtrain/o_458_1.jpg	photodiode	1
1981.574	0.5	1981574	catch	32671	n/a	catch_padded.jpg	photodiode	0
1981.862	0.0	1981862	response	6	n/a	n/a	trigger	0
1983.467	0.5	1983467	untrained	32676	91	memtrain/o_605_1.jpg	photodiode	1
1984.418	0.5	1984418	trained	32735	32	memtrain/o_485_2.jpg	photodiode	1
1985.269	0.5	1985269	trained	32755	12	memtrain/o_127_2.jpg	photodiode	1
1986.019	0.5	1986019	catch	32671	n/a	catch_padded.jpg	photodiode	0
1986.372	0.0	1986372	response	6	n/a	n/a	trigger	0
1987.921	0.5	1987921	untrained	32672	95	memtrain/so_125_1.jpg	photodiode	1
1988.722	0.5	1988722	untrained	32710	57	memtrain/o_171_1.jpg	photodiode	1
1989.472	0.5	1989472	untrained	32703	64	memtrain/o_334_2.jpg	photodiode	1
1990.381	0.5	1990381	trained	32763	4	memtrain/o_042_1.jpg	photodiode	1
1991.174	0.5	1991174	untrained	32697	70	memtrain/o_471_2.jpg	photodiode	1
1991.974	0.5	1991974	catch	32671	n/a	catch_padded.jpg	photodiode	0
1992.224	0.0	1992224	response	6	n/a	n/a	trigger	0
1993.926	0.5	1993926	untrained	32692	75	memtrain/o_564_1.jpg	photodiode	1
1994.727	0.5	1994727	untrained	32673	94	memtrain/so_067_1.jpg	photodiode	1
1995.628	0.5	1995628	untrained	32695	72	memtrain/o_490_1.jpg	photodiode	1
1996.528	0.5	1996528	trained	32736	31	memtrain/o_465_2.jpg	photodiode	1
1997.329	0.5	1997329	trained	32738	29	memtrain/o_416_1.jpg	photodiode	1
1998.28	0.5	1998280	catch	32671	n/a	catch_padded.jpg	photodiode	0
1998.596	0.0	1998596	response	6	n/a	n/a	trigger	0
2000.181	0.5	2000181	untrained	32708	59	memtrain/o_201_2.jpg	photodiode	1
2000.982	0.5	2000982	untrained	32685	82	memtrain/o_656_1.jpg	photodiode	1
2001.883	0.5	2001883	untrained	32689	78	memtrain/o_599_1.jpg	photodiode	1
2002.834	0.5	2002834	trained	32734	33	memtrain/o_536_1.jpg	photodiode	1
2003.734	0.5	2003734	untrained	32688	79	memtrain/o_600_1.jpg	photodiode	1
2004.685	0.5	2004685	catch	32671	n/a	catch_padded.jpg	photodiode	0
2004.915	0.0	2004915	response	6	n/a	n/a	trigger	0
2006.787	0.5	2006787	trained	32750	17	memtrain/o_232_1.jpg	photodiode	1
2007.738	0.5	2007738	untrained	32691	76	memtrain/o_570_1.jpg	photodiode	1
2008.689	0.5	2008689	trained	32739	28	memtrain/o_397_1.jpg	photodiode	1
2009.589	0.5	2009589	catch	32671	n/a	catch_padded.jpg	photodiode	0
2009.951	0.0	2009951	response	6	n/a	n/a	trigger	0
2011.691	0.5	2011691	untrained	32687	80	memtrain/o_613_1.jpg	photodiode	1
2012.584	0.5	2012584	untrained	32709	58	memtrain/o_192_1.jpg	photodiode	1
2013.434	0.5	2013434	trained	32764	3	memtrain/o_040_2.jpg	photodiode	1
2014.335	0.5	2014335	trained	32765	2	memtrain/o_035_1.jpg	photodiode	1
2015.136	0.5	2015136	catch	32671	n/a	catch_padded.jpg	photodiode	0
2015.452	0.0	2015452	response	6	n/a	n/a	trigger	0
2017.137	0.5	2017137	untrained	32694	73	memtrain/o_519_2.jpg	photodiode	1
2018.088	0.5	2018088	untrained	32681	86	memtrain/o_288_1.jpg	photodiode	1
2018.889	0.5	2018889	trained	32730	37	memtrain/o_597_1.jpg	photodiode	1
2019.79	0.5	2019790	trained	32740	27	memtrain/o_379_2.jpg	photodiode	1
2020.74	0.5	2020740	catch	32671	n/a	catch_padded.jpg	photodiode	0
2021.054	0.0	2021054	response	6	n/a	n/a	trigger	0
2022.692	0.5	2022692	untrained	32702	65	memtrain/o_337_2.jpg	photodiode	1
2023.543	0.5	2023543	trained	32747	20	memtrain/o_290_1.jpg	photodiode	1
2024.293	0.5	2024293	untrained	32696	71	memtrain/o_483_1.jpg	photodiode	1
2025.244	0.5	2025244	trained	32729	38	memtrain/o_603_1.jpg	photodiode	1
2026.145	0.5	2026145	trained	32725	42	memtrain/so_034_2.jpg	photodiode	1
2027.046	0.5	2027046	catch	32671	n/a	catch_padded.jpg	photodiode	0
2027.427	0.0	2027427	response	6	n/a	n/a	trigger	0
2029.047	0.5	2029047	untrained	32675	92	memtrain/so_033_1.jpg	photodiode	1
2029.898	0.5	2029898	untrained	32678	89	memtrain/o_469_1.jpg	photodiode	1
2030.849	0.5	2030849	trained	32743	24	memtrain/o_357_1.jpg	photodiode	1
2031.8	0.5	2031800	untrained	32686	81	memtrain/o_655_2.jpg	photodiode	1
2032.55	0.5	2032550	catch	32671	n/a	catch_padded.jpg	photodiode	0
2033.353	0.0	2033353	response	6	n/a	n/a	trigger	0
2034.552	0.5	2034552	untrained	32718	49	memtrain/o_054_2.jpg	photodiode	1
2035.303	0.5	2035303	trained	32726	41	memtrain/o_663_2.jpg	photodiode	1
2036.053	0.5	2036053	trained	32756	11	memtrain/o_117_2.jpg	photodiode	1
2036.804	0.5	2036804	trained	32757	10	memtrain/o_111_2.jpg	photodiode	1
2037.655	0.5	2037655	catch	32671	n/a	catch_padded.jpg	photodiode	0
2037.942	0.0	2037942	response	6	n/a	n/a	trigger	0
2039.598	0.5	2039598	untrained	32715	52	memtrain/o_141_1.jpg	photodiode	1
2040.499	0.5	2040499	untrained	32712	55	memtrain/o_153_2.jpg	photodiode	1
2041.358	0.5	2041358	trained	32742	25	memtrain/o_358_2.jpg	photodiode	1
2042.1	0.5	2042100	trained	32722	45	memtrain/so_090_2.jpg	photodiode	1
2042.951	0.5	2042951	catch	32671	n/a	catch_padded.jpg	photodiode	0
2043.197	0.0	2043197	response	6	n/a	n/a	trigger	0
2044.953	0.5	2044953	untrained	32706	61	memtrain/o_298_2.jpg	photodiode	1
2045.904	0.5	2045904	trained	32720	47	memtrain/so_147_2.jpg	photodiode	1
2046.854	0.5	2046854	trained	32721	46	memtrain/so_113_1.jpg	photodiode	1
2047.605	0.5	2047605	trained	32752	15	memtrain/o_195_1.jpg	photodiode	1
2048.406	0.5	2048406	catch	32671	n/a	catch_padded.jpg	photodiode	0
2048.748	0.0	2048748	response	6	n/a	n/a	trigger	0
2050.407	0.5	2050407	untrained	32683	84	memtrain/so_117_2.jpg	photodiode	1
2051.158	0.5	2051158	untrained	32705	62	memtrain/o_304_1.jpg	photodiode	1
2052.059	0.5	2052059	trained	32760	7	memtrain/o_091_2.jpg	photodiode	1
2052.809	0.5	2052809	trained	32748	19	memtrain/o_284_2.jpg	photodiode	1
2053.76	0.5	2053760	catch	32671	n/a	catch_padded.jpg	photodiode	0
2054.016	0.0	2054016	response	6	n/a	n/a	trigger	0
2055.662	0.5	2055662	untrained	32699	68	memtrain/o_393_1.jpg	photodiode	1
2056.613	0.5	2056613	untrained	32717	50	memtrain/o_057_2.jpg	photodiode	1
2057.513	0.5	2057513	trained	32758	9	memtrain/o_101_2.jpg	photodiode	1
2058.264	0.5	2058264	untrained	32690	77	memtrain/o_574_2.jpg	photodiode	1
2059.015	0.5	2059015	trained	32732	35	memtrain/o_561_2.jpg	photodiode	1
2059.915	0.5	2059915	catch	32671	n/a	catch_padded.jpg	photodiode	0
2060.174	0.0	2060174	response	6	n/a	n/a	trigger	0
2061.867	0.5	2061867	trained	32749	18	memtrain/o_264_2.jpg	photodiode	1
2062.618	0.5	2062618	trained	32737	30	memtrain/o_437_2.jpg	photodiode	1
2063.418	0.5	2063418	untrained	32714	53	memtrain/o_142_2.jpg	photodiode	1
2064.369	0.5	2064369	untrained	32707	60	memtrain/o_228_2.jpg	photodiode	1
2065.27	0.5	2065270	trained	32753	14	memtrain/o_174_1.jpg	photodiode	1
2066.121	0.5	2066121	catch	32671	n/a	catch_padded.jpg	photodiode	0
2066.404	0.0	2066404	response	6	n/a	n/a	trigger	0
2068.222	0.5	2068222	trained	32767	0	memtrain/o_006_1.jpg	photodiode	1
2069.115	0.5	2069115	trained	32733	34	memtrain/o_558_2.jpg	photodiode	1
2069.865	0.5	2069865	trained	32741	26	memtrain/o_376_1.jpg	photodiode	1
2070.716	0.5	2070716	catch	32671	n/a	catch_padded.jpg	photodiode	0
2071.036	0.0	2071036	response	6	n/a	n/a	trigger	0
2072.818	0.5	2072818	untrained	32713	54	memtrain/o_145_1.jpg	photodiode	1
2073.769	0.5	2073769	trained	32746	21	memtrain/o_319_1.jpg	photodiode	1
2074.669	0.5	2074669	untrained	32704	63	memtrain/o_310_2.jpg	photodiode	1
2075.42	0.5	2075420	catch	32671	n/a	catch_padded.jpg	photodiode	0
2075.685	0.0	2075685	response	6	n/a	n/a	trigger	0
2077.472	0.5	2077472	untrained	32684	83	memtrain/so_105_1.jpg	photodiode	1
2078.223	0.5	2078223	trained	32727	40	memtrain/o_648_2.jpg	photodiode	1
2079.073	0.5	2079073	trained	32724	43	memtrain/so_043_2.jpg	photodiode	1
2079.924	0.5	2079924	untrained	32698	69	memtrain/o_464_2.jpg	photodiode	1
2080.775	0.5	2080775	catch	32671	n/a	catch_padded.jpg	photodiode	0
2081.046	0.0	2081046	response	6	n/a	n/a	trigger	0
2082.776	0.5	2082776	trained	32728	39	memtrain/o_606_1.jpg	photodiode	1
2083.577	0.5	2083577	trained	32723	44	memtrain/so_045_1.jpg	photodiode	1
2084.378	0.5	2084378	trained	32751	16	memtrain/o_199_2.jpg	photodiode	1
2085.178	0.5	2085178	trained	32762	5	memtrain/o_067_1.jpg	photodiode	1
2086.029	0.5	2086029	trained	32754	13	memtrain/o_136_1.jpg	photodiode	1
2086.83	0.5	2086830	catch	32671	n/a	catch_padded.jpg	photodiode	0
2087.156	0.0	2087156	response	6	n/a	n/a	trigger	0
2088.781	0.5	2088781	untrained	32716	51	memtrain/o_103_2.jpg	photodiode	1
2089.632	0.5	2089632	untrained	32701	66	memtrain/o_342_2.jpg	photodiode	1
2090.533	0.5	2090533	untrained	32674	93	memtrain/so_035_1.jpg	photodiode	1
2091.284	0.5	2091284	trained	32731	36	memtrain/o_583_1.jpg	photodiode	1
2092.234	0.5	2092234	untrained	32711	56	memtrain/o_163_2.jpg	photodiode	1
2093.085	0.5	2093085	catch	32671	n/a	catch_padded.jpg	photodiode	0
2093.389	0.0	2093389	response	6	n/a	n/a	trigger	0
2095.037	0.5	2095037	trained	32744	23	memtrain/o_338_2.jpg	photodiode	1
2095.787	0.5	2095787	trained	32761	6	memtrain/o_076_1.jpg	photodiode	1
2096.738	0.5	2096738	untrained	32680	87	memtrain/o_365_1.jpg	photodiode	1
2097.539	0.5	2097539	catch	32671	n/a	catch_padded.jpg	photodiode	0
2097.939	0.0	2097939	response	6	n/a	n/a	trigger	0
2099.582	0.5	2099582	untrained	32700	67	memtrain/o_378_1.jpg	photodiode	1
2100.433	0.5	2100433	untrained	32693	74	memtrain/o_550_1.jpg	photodiode	1
2101.242	0.5	2101242	trained	32766	1	memtrain/o_015_1.jpg	photodiode	1
2102.185	0.5	2102185	untrained	32682	85	memtrain/o_218_1.jpg	photodiode	1
2103.135	0.5	2103135	trained	32745	22	memtrain/o_321_1.jpg	photodiode	1
2104.036	0.5	2104036	catch	32671	n/a	catch_padded.jpg	photodiode	0
2106.088	0.5	2106088	trained	32743	24	memtrain/o_357_1.jpg	photodiode	1
2106.889	0.5	2106889	untrained	32717	50	memtrain/o_057_2.jpg	photodiode	1
2107.789	0.5	2107789	trained	32757	10	memtrain/o_111_2.jpg	photodiode	1
2108.64	0.5	2108640	untrained	32677	90	memtrain/o_580_1.jpg	photodiode	1
2109.591	0.5	2109591	trained	32730	37	memtrain/o_597_1.jpg	photodiode	1
2110.392	0.5	2110392	catch	32671	n/a	catch_padded.jpg	photodiode	0
2110.758	0.0	2110758	response	6	n/a	n/a	trigger	0
2112.393	0.5	2112393	untrained	32688	79	memtrain/o_600_1.jpg	photodiode	1
2113.144	0.5	2113144	untrained	32683	84	memtrain/so_117_2.jpg	photodiode	1
2113.945	0.5	2113945	untrained	32715	52	memtrain/o_141_1.jpg	photodiode	1
2114.745	0.5	2114745	catch	32671	n/a	catch_padded.jpg	photodiode	0
2115.187	0.0	2115187	response	6	n/a	n/a	trigger	0
2116.797	0.5	2116797	trained	32763	4	memtrain/o_042_1.jpg	photodiode	1
2117.648	0.5	2117648	untrained	32705	62	memtrain/o_304_1.jpg	photodiode	1
2118.498	0.5	2118498	untrained	32707	60	memtrain/o_228_2.jpg	photodiode	1
2119.449	0.5	2119449	trained	32762	5	memtrain/o_067_1.jpg	photodiode	1
2119.767	0.0	2119767	response	6	n/a	n/a	trigger	0
2120.3	0.5	2120300	trained	32758	9	memtrain/o_101_2.jpg	photodiode	1
2121.101	0.5	2121101	catch	32671	n/a	catch_padded.jpg	photodiode	0
2121.398	0.0	2121398	response	6	n/a	n/a	trigger	0
2123.002	0.5	2123002	trained	32732	35	memtrain/o_561_2.jpg	photodiode	1
2123.903	0.5	2123903	untrained	32702	65	memtrain/o_337_2.jpg	photodiode	1
2124.854	0.5	2124854	trained	32733	34	memtrain/o_558_2.jpg	photodiode	1
2125.705	0.5	2125705	catch	32671	n/a	catch_padded.jpg	photodiode	0
2126.315	0.0	2126315	response	6	n/a	n/a	trigger	0
2127.698	0.5	2127698	untrained	32697	70	memtrain/o_471_2.jpg	photodiode	1
2128.507	0.5	2128507	trained	32753	14	memtrain/o_174_1.jpg	photodiode	1
2129.349	0.5	2129349	trained	32761	6	memtrain/o_076_1.jpg	photodiode	1
2130.15	0.5	2130150	catch	32671	n/a	catch_padded.jpg	photodiode	0
2130.419	0.0	2130419	response	6	n/a	n/a	trigger	0
2132.202	0.5	2132202	untrained	32691	76	memtrain/o_570_1.jpg	photodiode	1
2132.952	0.5	2132952	untrained	32672	95	memtrain/so_125_1.jpg	photodiode	1
2133.853	0.5	2133853	trained	32744	23	memtrain/o_338_2.jpg	photodiode	1
2134.654	0.5	2134654	untrained	32679	88	memtrain/o_458_1.jpg	photodiode	1
2135.454	0.5	2135454	trained	32764	3	memtrain/o_040_2.jpg	photodiode	1
2136.405	0.5	2136405	catch	32671	n/a	catch_padded.jpg	photodiode	0
2136.73	0.0	2136730	response	6	n/a	n/a	trigger	0
2138.407	0.5	2138407	trained	32756	11	memtrain/o_117_2.jpg	photodiode	1
2139.308	0.5	2139308	untrained	32680	87	memtrain/o_365_1.jpg	photodiode	1
2140.058	0.5	2140058	trained	32759	8	memtrain/o_094_1.jpg	photodiode	1
2140.959	0.5	2140959	untrained	32693	74	memtrain/o_550_1.jpg	photodiode	1
2141.86	0.5	2141860	catch	32671	n/a	catch_padded.jpg	photodiode	0
2142.371	0.0	2142371	response	6	n/a	n/a	trigger	0
2143.811	0.5	2143811	untrained	32682	85	memtrain/o_218_1.jpg	photodiode	1
2144.762	0.5	2144762	trained	32727	40	memtrain/o_648_2.jpg	photodiode	1
2145.663	0.5	2145663	untrained	32700	67	memtrain/o_378_1.jpg	photodiode	1
2146.414	0.5	2146414	trained	32722	45	memtrain/so_090_2.jpg	photodiode	1
2147.314	0.5	2147314	untrained	32711	56	memtrain/o_163_2.jpg	photodiode	1
2148.065	0.5	2148065	catch	32671	n/a	catch_padded.jpg	photodiode	0
2148.408	0.0	2148408	response	6	n/a	n/a	trigger	0
2150.167	0.5	2150167	trained	32725	42	memtrain/so_034_2.jpg	photodiode	1
2150.917	0.5	2150917	untrained	32684	83	memtrain/so_105_1.jpg	photodiode	1
2151.818	0.5	2151818	trained	32760	7	memtrain/o_091_2.jpg	photodiode	1
2152.769	0.5	2152769	catch	32671	n/a	catch_padded.jpg	photodiode	0
2153.158	0.0	2153158	response	6	n/a	n/a	trigger	0
2154.871	0.5	2154871	trained	32766	1	memtrain/o_015_1.jpg	photodiode	1
2155.822	0.5	2155822	trained	32726	41	memtrain/o_663_2.jpg	photodiode	1
2156.572	0.5	2156572	untrained	32703	64	memtrain/o_334_2.jpg	photodiode	1
2157.415	0.5	2157415	catch	32671	n/a	catch_padded.jpg	photodiode	0
2157.726	0.0	2157726	response	6	n/a	n/a	trigger	0
2159.466	0.5	2159466	untrained	32675	92	memtrain/so_033_1.jpg	photodiode	1
2160.267	0.5	2160267	untrained	32687	80	memtrain/o_613_1.jpg	photodiode	1
2161.218	0.5	2161218	untrained	32685	82	memtrain/o_656_1.jpg	photodiode	1
2162.019	0.5	2162019	untrained	32686	81	memtrain/o_655_2.jpg	photodiode	1
2162.769	0.5	2162769	catch	32671	n/a	catch_padded.jpg	photodiode	0
2163.083	0.0	2163083	response	6	n/a	n/a	trigger	0
2164.771	0.5	2164771	untrained	32698	69	memtrain/o_464_2.jpg	photodiode	1
2165.622	0.5	2165622	untrained	32699	68	memtrain/o_393_1.jpg	photodiode	1
2166.472	0.5	2166472	trained	32739	28	memtrain/o_397_1.jpg	photodiode	1
2167.423	0.5	2167423	trained	32765	2	memtrain/o_035_1.jpg	photodiode	1
2168.224	0.5	2168224	catch	32671	n/a	catch_padded.jpg	photodiode	0
2170.226	0.5	2170226	untrained	32678	89	memtrain/o_469_1.jpg	photodiode	1
2170.466	0.0	2170466	response	6	n/a	n/a	trigger	0
2171.026	0.5	2171026	untrained	32701	66	memtrain/o_342_2.jpg	photodiode	1
2171.977	0.5	2171977	untrained	32710	57	memtrain/o_171_1.jpg	photodiode	1
2172.728	0.5	2172728	trained	32738	29	memtrain/o_416_1.jpg	photodiode	1
2173.478	0.5	2173478	trained	32752	15	memtrain/o_195_1.jpg	photodiode	1
2174.429	0.5	2174429	catch	32671	n/a	catch_padded.jpg	photodiode	0
2174.798	0.0	2174798	response	6	n/a	n/a	trigger	0
2176.431	0.5	2176431	trained	32746	21	memtrain/o_319_1.jpg	photodiode	1
2177.332	0.5	2177332	untrained	32719	48	memtrain/o_019_2.jpg	photodiode	1
2178.082	0.5	2178082	untrained	32704	63	memtrain/o_310_2.jpg	photodiode	1
2178.833	0.5	2178833	catch	32671	n/a	catch_padded.jpg	photodiode	0
2179.251	0.0	2179251	response	6	n/a	n/a	trigger	0
2180.885	0.5	2180885	trained	32729	38	memtrain/o_603_1.jpg	photodiode	1
2181.635	0.5	2181635	untrained	32694	73	memtrain/o_519_2.jpg	photodiode	1
2182.536	0.5	2182536	trained	32751	16	memtrain/o_199_2.jpg	photodiode	1
2183.287	0.5	2183287	untrained	32706	61	memtrain/o_298_2.jpg	photodiode	1
2184.087	0.5	2184087	catch	32671	n/a	catch_padded.jpg	photodiode	0
2184.366	0.0	2184366	response	6	n/a	n/a	trigger	0
2185.981	0.5	2185981	untrained	32689	78	memtrain/o_599_1.jpg	photodiode	1
2186.881	0.5	2186881	trained	32735	32	memtrain/o_485_2.jpg	photodiode	1
2187.832	0.5	2187832	untrained	32676	91	memtrain/o_605_1.jpg	photodiode	1
2188.783	0.5	2188783	catch	32671	n/a	catch_padded.jpg	photodiode	0
2190.785	0.5	2190785	trained	32724	43	memtrain/so_043_2.jpg	photodiode	1
2191.735	0.5	2191735	untrained	32716	51	memtrain/o_103_2.jpg	photodiode	1
2192.536	0.5	2192536	untrained	32713	54	memtrain/o_145_1.jpg	photodiode	1
2193.437	0.5	2193437	catch	32671	n/a	catch_padded.jpg	photodiode	0
2193.909	0.0	2193909	response	6	n/a	n/a	trigger	0
2195.389	0.5	2195389	trained	32741	26	memtrain/o_376_1.jpg	photodiode	1
2196.189	0.5	2196189	trained	32747	20	memtrain/o_290_1.jpg	photodiode	1
2197.14	0.5	2197140	untrained	32696	71	memtrain/o_483_1.jpg	photodiode	1
2197.991	0.5	2197991	catch	32671	n/a	catch_padded.jpg	photodiode	0
2198.291	0.0	2198291	response	6	n/a	n/a	trigger	0
2200.042	0.5	2200042	untrained	32674	93	memtrain/so_035_1.jpg	photodiode	1
2200.893	0.5	2200893	untrained	32714	53	memtrain/o_142_2.jpg	photodiode	1
2201.644	0.5	2201644	trained	32740	27	memtrain/o_379_2.jpg	photodiode	1
2202.445	0.5	2202445	untrained	32681	86	memtrain/o_288_1.jpg	photodiode	1
2203.195	0.5	2203195	trained	32749	18	memtrain/o_264_2.jpg	photodiode	1
2204.054	0.5	2204054	catch	32671	n/a	catch_padded.jpg	photodiode	0
2204.355	0.0	2204355	response	6	n/a	n/a	trigger	0
2206.048	0.5	2206048	trained	32742	25	memtrain/o_358_2.jpg	photodiode	1
2206.998	0.5	2206998	untrained	32709	58	memtrain/o_192_1.jpg	photodiode	1
2207.849	0.5	2207849	trained	32737	30	memtrain/o_437_2.jpg	photodiode	1
2208.65	0.5	2208650	trained	32745	22	memtrain/o_321_1.jpg	photodiode	1
2209.551	0.5	2209551	catch	32671	n/a	catch_padded.jpg	photodiode	0
2209.857	0.0	2209857	response	6	n/a	n/a	trigger	0
2211.652	0.5	2211652	untrained	32673	94	memtrain/so_067_1.jpg	photodiode	1
2212.403	0.5	2212403	trained	32736	31	memtrain/o_465_2.jpg	photodiode	1
2213.154	0.5	2213154	untrained	32692	75	memtrain/o_564_1.jpg	photodiode	1
2213.954	0.5	2213954	catch	32671	n/a	catch_padded.jpg	photodiode	0
2214.305	0.0	2214305	response	6	n/a	n/a	trigger	0
2215.948	0.5	2215948	untrained	32708	59	memtrain/o_201_2.jpg	photodiode	1
2216.848	0.5	2216848	untrained	32695	72	memtrain/o_490_1.jpg	photodiode	1
2217.649	0.5	2217649	trained	32754	13	memtrain/o_136_1.jpg	photodiode	1
2218.5	0.5	2218500	trained	32728	39	memtrain/o_606_1.jpg	photodiode	1
2219.401	0.5	2219401	trained	32734	33	memtrain/o_536_1.jpg	photodiode	1
2220.151	0.5	2220151	catch	32671	n/a	catch_padded.jpg	photodiode	0
2222.103	0.5	2222103	trained	32723	44	memtrain/so_045_1.jpg	photodiode	1
2223.054	0.5	2223054	trained	32731	36	memtrain/o_583_1.jpg	photodiode	1
2223.955	0.5	2223955	untrained	32712	55	memtrain/o_153_2.jpg	photodiode	1
2224.805	0.5	2224805	trained	32767	0	memtrain/o_006_1.jpg	photodiode	1
2225.706	0.5	2225706	catch	32671	n/a	catch_padded.jpg	photodiode	0
2226.093	0.0	2226093	response	6	n/a	n/a	trigger	0
2227.708	0.5	2227708	trained	32721	46	memtrain/so_113_1.jpg	photodiode	1
2228.558	0.5	2228558	trained	32755	12	memtrain/o_127_2.jpg	photodiode	1
2229.459	0.5	2229459	trained	32748	19	memtrain/o_284_2.jpg	photodiode	1
2230.41	0.5	2230410	catch	32671	n/a	catch_padded.jpg	photodiode	0
2230.815	0.0	2230815	response	6	n/a	n/a	trigger	0
2232.512	0.5	2232512	untrained	32718	49	memtrain/o_054_2.jpg	photodiode	1
2233.262	0.5	2233262	untrained	32690	77	memtrain/o_574_2.jpg	photodiode	1
2234.063	0.5	2234063	trained	32750	17	memtrain/o_232_1.jpg	photodiode	1
2234.814	0.5	2234814	trained	32720	47	memtrain/so_147_2.jpg	photodiode	1
2235.614	0.5	2235614	catch	32671	n/a	catch_padded.jpg	photodiode	0
2235.945	0.0	2235945	response	6	n/a	n/a	trigger	0
2238.088	0.0	2238088	block_end	120	n/a	n/a	trigger	0
2247.86	0.0	2247860	response	6	n/a	n/a	trigger	0
2247.871	0.0	2247871	block_onset	109	n/a	n/a	trigger	0
2249.918	0.5	2249918	trained	32757	10	memtrain/o_111_2.jpg	photodiode	1
2250.877	0.5	2250877	trained	32746	21	memtrain/o_319_1.jpg	photodiode	1
2251.628	0.5	2251628	trained	32742	25	memtrain/o_358_2.jpg	photodiode	1
2252.429	0.5	2252429	trained	32721	46	memtrain/so_113_1.jpg	photodiode	1
2253.329	0.5	2253329	catch	32671	n/a	catch_padded.jpg	photodiode	0
2253.654	0.0	2253654	response	6	n/a	n/a	trigger	0
2255.373	0.5	2255373	untrained	32680	87	memtrain/o_365_1.jpg	photodiode	1
2256.123	0.5	2256123	untrained	32701	66	memtrain/o_342_2.jpg	photodiode	1
2257.024	0.5	2257024	trained	32755	12	memtrain/o_127_2.jpg	photodiode	1
2257.875	0.5	2257875	catch	32671	n/a	catch_padded.jpg	photodiode	0
2258.357	0.0	2258357	response	6	n/a	n/a	trigger	0
2259.877	0.5	2259877	untrained	32679	88	memtrain/o_458_1.jpg	photodiode	1
2260.727	0.5	2260727	untrained	32696	71	memtrain/o_483_1.jpg	photodiode	1
2261.628	0.5	2261628	untrained	32718	49	memtrain/o_054_2.jpg	photodiode	1
2262.379	0.5	2262379	untrained	32690	77	memtrain/o_574_2.jpg	photodiode	1
2263.229	0.5	2263229	trained	32766	1	memtrain/o_015_1.jpg	photodiode	1
2264.08	0.5	2264080	catch	32671	n/a	catch_padded.jpg	photodiode	0
2264.38	0.0	2264380	response	6	n/a	n/a	trigger	0
2266.182	0.5	2266182	untrained	32691	76	memtrain/o_570_1.jpg	photodiode	1
2266.933	0.5	2266933	trained	32732	35	memtrain/o_561_2.jpg	photodiode	1
2267.683	0.5	2267683	untrained	32711	56	memtrain/o_163_2.jpg	photodiode	1
2268.434	0.5	2268434	catch	32671	n/a	catch_padded.jpg	photodiode	0
2268.949	0.0	2268949	response	6	n/a	n/a	trigger	0
2270.335	0.5	2270335	untrained	32709	58	memtrain/o_192_1.jpg	photodiode	1
2271.236	0.5	2271236	trained	32754	13	memtrain/o_136_1.jpg	photodiode	1
2272.187	0.5	2272187	untrained	32689	78	memtrain/o_599_1.jpg	photodiode	1
2272.938	0.5	2272938	untrained	32703	64	memtrain/o_334_2.jpg	photodiode	1
2273.788	0.5	2273788	catch	32671	n/a	catch_padded.jpg	photodiode	0
2275.79	0.5	2275790	trained	32752	15	memtrain/o_195_1.jpg	photodiode	1
2275.855	0.0	2275855	response	6	n/a	n/a	trigger	0
2276.541	0.5	2276541	untrained	32698	69	memtrain/o_464_2.jpg	photodiode	1
2277.291	0.5	2277291	trained	32763	4	memtrain/o_042_1.jpg	photodiode	1
2278.242	0.5	2278242	trained	32741	26	memtrain/o_376_1.jpg	photodiode	1
2279.143	0.5	2279143	trained	32767	0	memtrain/o_006_1.jpg	photodiode	1
2280.094	0.5	2280094	catch	32671	n/a	catch_padded.jpg	photodiode	0
2280.338	0.0	2280338	response	6	n/a	n/a	trigger	0
2282.145	0.5	2282145	untrained	32695	72	memtrain/o_490_1.jpg	photodiode	1
2282.946	0.5	2282946	trained	32762	5	memtrain/o_067_1.jpg	photodiode	1
2283.889	0.5	2283889	trained	32753	14	memtrain/o_174_1.jpg	photodiode	1
2284.748	0.5	2284748	untrained	32674	93	memtrain/so_035_1.jpg	photodiode	1
2285.54	0.5	2285540	untrained	32685	82	memtrain/o_656_1.jpg	photodiode	1
2286.391	0.5	2286391	catch	32671	n/a	catch_padded.jpg	photodiode	0
2288.493	0.5	2288493	untrained	32712	55	memtrain/o_153_2.jpg	photodiode	1
2289.243	0.5	2289243	untrained	32678	89	memtrain/o_469_1.jpg	photodiode	1
2289.994	0.5	2289994	untrained	32713	54	memtrain/o_145_1.jpg	photodiode	1
2290.945	0.5	2290945	trained	32724	43	memtrain/so_043_2.jpg	photodiode	1
2291.745	0.5	2291745	trained	32758	9	memtrain/o_101_2.jpg	photodiode	1
2292.596	0.5	2292596	catch	32671	n/a	catch_padded.jpg	photodiode	0
2292.97	0.0	2292970	response	6	n/a	n/a	trigger	0
2294.598	0.5	2294598	untrained	32715	52	memtrain/o_141_1.jpg	photodiode	1
2295.348	0.5	2295348	untrained	32681	86	memtrain/o_288_1.jpg	photodiode	1
2296.249	0.5	2296249	untrained	32688	79	memtrain/o_600_1.jpg	photodiode	1
2297.05	0.5	2297050	untrained	32684	83	memtrain/so_105_1.jpg	photodiode	1
2297.901	0.5	2297901	catch	32671	n/a	catch_padded.jpg	photodiode	0
2299.802	0.5	2299802	untrained	32673	94	memtrain/so_067_1.jpg	photodiode	1
2300.703	0.5	2300703	trained	32726	41	memtrain/o_663_2.jpg	photodiode	1
2301.604	0.5	2301604	untrained	32676	91	memtrain/o_605_1.jpg	photodiode	1
2302.404	0.5	2302404	trained	32733	34	memtrain/o_558_2.jpg	photodiode	1
2303.205	0.5	2303205	catch	32671	n/a	catch_padded.jpg	photodiode	0
2303.506	0.0	2303506	response	6	n/a	n/a	trigger	0
2305.107	0.5	2305107	trained	32747	20	memtrain/o_290_1.jpg	photodiode	1
2306.007	0.5	2306007	trained	32749	18	memtrain/o_264_2.jpg	photodiode	1
2306.858	0.5	2306858	trained	32737	30	memtrain/o_437_2.jpg	photodiode	1
2307.759	0.5	2307759	trained	32727	40	memtrain/o_648_2.jpg	photodiode	1
2308.71	0.5	2308710	untrained	32705	62	memtrain/o_304_1.jpg	photodiode	1
2309.51	0.5	2309510	catch	32671	n/a	catch_padded.jpg	photodiode	0
2309.895	0.0	2309895	response	6	n/a	n/a	trigger	0
2311.462	0.5	2311462	trained	32728	39	memtrain/o_606_1.jpg	photodiode	1
2312.213	0.5	2312213	untrained	32716	51	memtrain/o_103_2.jpg	photodiode	1
2312.963	0.5	2312963	trained	32745	22	memtrain/o_321_1.jpg	photodiode	1
2313.705	0.5	2313705	untrained	32683	84	memtrain/so_117_2.jpg	photodiode	1
2314.665	0.5	2314665	catch	32671	n/a	catch_padded.jpg	photodiode	0
2315.093	0.0	2315093	response	6	n/a	n/a	trigger	0
2316.616	0.5	2316616	untrained	32702	65	memtrain/o_337_2.jpg	photodiode	1
2317.359	0.5	2317359	trained	32760	7	memtrain/o_091_2.jpg	photodiode	1
2318.168	0.5	2318168	untrained	32693	74	memtrain/o_550_1.jpg	photodiode	1
2319.11	0.5	2319110	untrained	32694	73	memtrain/o_519_2.jpg	photodiode	1
2319.911	0.5	2319911	catch	32671	n/a	catch_padded.jpg	photodiode	0
2321.871	0.5	2321871	trained	32729	38	memtrain/o_603_1.jpg	photodiode	1
2322.672	0.5	2322672	untrained	32672	95	memtrain/so_125_1.jpg	photodiode	1
2323.414	0.5	2323414	trained	32761	6	memtrain/o_076_1.jpg	photodiode	1
2324.273	0.5	2324273	untrained	32682	85	memtrain/o_218_1.jpg	photodiode	1
2325.215	0.5	2325215	untrained	32708	59	memtrain/o_201_2.jpg	photodiode	1
2326.116	0.5	2326116	catch	32671	n/a	catch_padded.jpg	photodiode	0
2326.437	0.0	2326437	response	6	n/a	n/a	trigger	0
2328.218	0.5	2328218	trained	32738	29	memtrain/o_416_1.jpg	photodiode	1
2329.169	0.5	2329169	untrained	32697	70	memtrain/o_471_2.jpg	photodiode	1
2329.969	0.5	2329969	untrained	32686	81	memtrain/o_655_2.jpg	photodiode	1
2330.92	0.5	2330920	catch	32671	n/a	catch_padded.jpg	photodiode	0
2331.344	0.0	2331344	response	6	n/a	n/a	trigger	0
2333.022	0.5	2333022	trained	32725	42	memtrain/so_034_2.jpg	photodiode	1
2333.772	0.5	2333772	trained	32740	27	memtrain/o_379_2.jpg	photodiode	1
2334.573	0.5	2334573	untrained	32692	75	memtrain/o_564_1.jpg	photodiode	1
2335.324	0.5	2335324	untrained	32677	90	memtrain/o_580_1.jpg	photodiode	1
2336.175	0.5	2336175	catch	32671	n/a	catch_padded.jpg	photodiode	0
2336.516	0.0	2336516	response	6	n/a	n/a	trigger	0
2338.176	0.5	2338176	trained	32756	11	memtrain/o_117_2.jpg	photodiode	1
2339.019	0.5	2339019	trained	32739	28	memtrain/o_397_1.jpg	photodiode	1
2339.928	0.5	2339928	trained	32730	37	memtrain/o_597_1.jpg	photodiode	1
2340.828	0.5	2340828	trained	32736	31	memtrain/o_465_2.jpg	photodiode	1
2341.729	0.5	2341729	trained	32723	44	memtrain/so_045_1.jpg	photodiode	1
2342.572	0.5	2342572	catch	32671	n/a	catch_padded.jpg	photodiode	0
2342.953	0.0	2342953	response	6	n/a	n/a	trigger	0
2344.682	0.5	2344682	trained	32748	19	memtrain/o_284_2.jpg	photodiode	1
2345.574	0.5	2345574	untrained	32717	50	memtrain/o_057_2.jpg	photodiode	1
2346.425	0.5	2346425	trained	32751	16	memtrain/o_199_2.jpg	photodiode	1
2347.284	0.5	2347284	untrained	32699	68	memtrain/o_393_1.jpg	photodiode	1
2348.176	0.5	2348176	catch	32671	n/a	catch_padded.jpg	photodiode	0
2350.278	0.5	2350278	trained	32720	47	memtrain/so_147_2.jpg	photodiode	1
2351.137	0.5	2351137	untrained	32719	48	memtrain/o_019_2.jpg	photodiode	1
2351.88	0.5	2351880	trained	32765	2	memtrain/o_035_1.jpg	photodiode	1
2352.73	0.5	2352730	catch	32671	n/a	catch_padded.jpg	photodiode	0
2353.081	0.0	2353081	response	6	n/a	n/a	trigger	0
2354.682	0.5	2354682	trained	32734	33	memtrain/o_536_1.jpg	photodiode	1
2355.533	0.5	2355533	trained	32731	36	memtrain/o_583_1.jpg	photodiode	1
2356.333	0.5	2356333	untrained	32704	63	memtrain/o_310_2.jpg	photodiode	1
2357.234	0.5	2357234	catch	32671	n/a	catch_padded.jpg	photodiode	0
2357.543	0.0	2357543	response	6	n/a	n/a	trigger	0
2359.286	0.5	2359286	trained	32722	45	memtrain/so_090_2.jpg	photodiode	1
2360.137	0.5	2360137	trained	32764	3	memtrain/o_040_2.jpg	photodiode	1
2361.037	0.5	2361037	trained	32744	23	memtrain/o_338_2.jpg	photodiode	1
2361.988	0.5	2361988	catch	32671	n/a	catch_padded.jpg	photodiode	0
2362.731	0.0	2362731	response	6	n/a	n/a	trigger	0
2363.89	0.5	2363890	untrained	32710	57	memtrain/o_171_1.jpg	photodiode	1
2364.741	0.5	2364741	untrained	32700	67	memtrain/o_378_1.jpg	photodiode	1
2365.541	0.5	2365541	trained	32743	24	memtrain/o_357_1.jpg	photodiode	1
2366.492	0.5	2366492	untrained	32706	61	memtrain/o_298_2.jpg	photodiode	1
2367.293	0.5	2367293	untrained	32714	53	memtrain/o_142_2.jpg	photodiode	1
2368.043	0.5	2368043	catch	32671	n/a	catch_padded.jpg	photodiode	0
2368.345	0.0	2368345	response	6	n/a	n/a	trigger	0
2370.145	0.5	2370145	untrained	32707	60	memtrain/o_228_2.jpg	photodiode	1
2370.896	0.5	2370896	trained	32750	17	memtrain/o_232_1.jpg	photodiode	1
2371.696	0.5	2371696	untrained	32675	92	memtrain/so_033_1.jpg	photodiode	1
2372.547	0.5	2372547	catch	32671	n/a	catch_padded.jpg	photodiode	0
2372.854	0.0	2372854	response	6	n/a	n/a	trigger	0
2374.49	0.5	2374490	trained	32759	8	memtrain/o_094_1.jpg	photodiode	1
2375.241	0.5	2375241	untrained	32687	80	memtrain/o_613_1.jpg	photodiode	1
2376.192	0.5	2376192	trained	32735	32	memtrain/o_485_2.jpg	photodiode	1
2377.093	0.5	2377093	trained	32724	43	memtrain/so_043_2.jpg	photodiode	1
2377.943	0.5	2377943	trained	32723	44	memtrain/so_045_1.jpg	photodiode	1
2378.894	0.5	2378894	catch	32671	n/a	catch_padded.jpg	photodiode	0
2380.796	0.5	2380796	untrained	32714	53	memtrain/o_142_2.jpg	photodiode	1
2381.747	0.5	2381747	untrained	32695	72	memtrain/o_490_1.jpg	photodiode	1
2382.656	0.5	2382656	trained	32755	12	memtrain/o_127_2.jpg	photodiode	1
2383.498	0.5	2383498	catch	32671	n/a	catch_padded.jpg	photodiode	0
2385.45	0.5	2385450	untrained	32693	74	memtrain/o_550_1.jpg	photodiode	1
2386.3	0.5	2386300	trained	32761	6	memtrain/o_076_1.jpg	photodiode	1
2387.101	0.5	2387101	trained	32741	26	memtrain/o_376_1.jpg	photodiode	1
2388.052	0.5	2388052	catch	32671	n/a	catch_padded.jpg	photodiode	0
2388.409	0.0	2388409	response	6	n/a	n/a	trigger	0
2390.003	0.5	2390003	untrained	32672	95	memtrain/so_125_1.jpg	photodiode	1
2390.754	0.5	2390754	untrained	32717	50	memtrain/o_057_2.jpg	photodiode	1
2391.555	0.5	2391555	untrained	32687	80	memtrain/o_613_1.jpg	photodiode	1
2392.305	0.5	2392305	catch	32671	n/a	catch_padded.jpg	photodiode	0
2393.242	0.0	2393242	response	6	n/a	n/a	trigger	0
2394.307	0.5	2394307	untrained	32712	55	memtrain/o_153_2.jpg	photodiode	1
2395.158	0.5	2395158	untrained	32675	92	memtrain/so_033_1.jpg	photodiode	1
2396.059	0.5	2396059	untrained	32715	52	memtrain/o_141_1.jpg	photodiode	1
2396.859	0.5	2396859	catch	32671	n/a	catch_padded.jpg	photodiode	0
2397.271	0.0	2397271	response	6	n/a	n/a	trigger	0
2398.861	0.5	2398861	trained	32752	15	memtrain/o_195_1.jpg	photodiode	1
2399.812	0.5	2399812	untrained	32707	60	memtrain/o_228_2.jpg	photodiode	1
2400.763	0.5	2400763	untrained	32713	54	memtrain/o_145_1.jpg	photodiode	1
2401.513	0.5	2401513	trained	32758	9	memtrain/o_101_2.jpg	photodiode	1
2402.306	0.5	2402306	untrained	32692	75	memtrain/o_564_1.jpg	photodiode	1
2403.076	0.0	2403076	response	6	n/a	n/a	trigger	0
2403.115	0.5	2403115	catch	32671	n/a	catch_padded.jpg	photodiode	0
2405.158	0.5	2405158	untrained	32699	68	memtrain/o_393_1.jpg	photodiode	1
2406.059	0.5	2406059	trained	32727	40	memtrain/o_648_2.jpg	photodiode	1
2407.018	0.5	2407018	trained	32734	33	memtrain/o_536_1.jpg	photodiode	1
2407.91	0.5	2407910	trained	32749	18	memtrain/o_264_2.jpg	photodiode	1
2408.761	0.5	2408761	trained	32754	13	memtrain/o_136_1.jpg	photodiode	1
2409.662	0.5	2409662	catch	32671	n/a	catch_padded.jpg	photodiode	0
2411.614	0.5	2411614	untrained	32688	79	memtrain/o_600_1.jpg	photodiode	1
2412.514	0.5	2412514	trained	32747	20	memtrain/o_290_1.jpg	photodiode	1
2413.465	0.5	2413465	trained	32736	31	memtrain/o_465_2.jpg	photodiode	1
2414.316	0.5	2414316	catch	32671	n/a	catch_padded.jpg	photodiode	0
2416.418	0.5	2416418	trained	32733	34	memtrain/o_558_2.jpg	photodiode	1
2417.368	0.5	2417368	untrained	32683	84	memtrain/so_117_2.jpg	photodiode	1
2418.119	0.5	2418119	untrained	32680	87	memtrain/o_365_1.jpg	photodiode	1
2419.02	0.5	2419020	untrained	32702	65	memtrain/o_337_2.jpg	photodiode	1
2419.821	0.5	2419821	catch	32671	n/a	catch_padded.jpg	photodiode	0
2420.176	0.0	2420176	response	6	n/a	n/a	trigger	0
2421.822	0.5	2421822	untrained	32679	88	memtrain/o_458_1.jpg	photodiode	1
2422.623	0.5	2422623	untrained	32676	91	memtrain/o_605_1.jpg	photodiode	1
2423.574	0.5	2423574	untrained	32689	78	memtrain/o_599_1.jpg	photodiode	1
2424.475	0.5	2424475	trained	32729	38	memtrain/o_603_1.jpg	photodiode	1
2425.325	0.5	2425325	catch	32671	n/a	catch_padded.jpg	photodiode	0
2425.639	0.0	2425639	response	6	n/a	n/a	trigger	0
2427.377	0.5	2427377	trained	32737	30	memtrain/o_437_2.jpg	photodiode	1
2428.278	0.5	2428278	untrained	32691	76	memtrain/o_570_1.jpg	photodiode	1
2429.078	0.5	2429078	untrained	32694	73	memtrain/o_519_2.jpg	photodiode	1
2429.921	0.5	2429921	untrained	32708	59	memtrain/o_201_2.jpg	photodiode	1
2430.73	0.5	2430730	trained	32740	27	memtrain/o_379_2.jpg	photodiode	1
2431.189	0.0	2431189	response	6	n/a	n/a	trigger	0
2431.672	0.5	2431672	catch	32671	n/a	catch_padded.jpg	photodiode	0
2432.968	0.0	2432968	response	6	n/a	n/a	trigger	0
2433.774	0.5	2433774	trained	32751	16	memtrain/o_199_2.jpg	photodiode	1
2434.525	0.5	2434525	untrained	32709	58	memtrain/o_192_1.jpg	photodiode	1
2435.425	0.5	2435425	untrained	32681	86	memtrain/o_288_1.jpg	photodiode	1
2436.176	0.5	2436176	catch	32671	n/a	catch_padded.jpg	photodiode	0
2436.492	0.0	2436492	response	6	n/a	n/a	trigger	0
2438.178	0.5	2438178	trained	32745	22	memtrain/o_321_1.jpg	photodiode	1
2439.078	0.5	2439078	trained	32765	2	memtrain/o_035_1.jpg	photodiode	1
2439.829	0.5	2439829	untrained	32697	70	memtrain/o_471_2.jpg	photodiode	1
2440.206	0.0	2440206	response	6	n/a	n/a	trigger	0
2440.58	0.5	2440580	untrained	32684	83	memtrain/so_105_1.jpg	photodiode	1
2441.389	0.5	2441389	catch	32671	n/a	catch_padded.jpg	photodiode	0
2441.653	0.0	2441653	response	6	n/a	n/a	trigger	0
2443.432	0.5	2443432	trained	32756	11	memtrain/o_117_2.jpg	photodiode	1
2444.183	0.5	2444183	trained	32738	29	memtrain/o_416_1.jpg	photodiode	1
2445.134	0.5	2445134	untrained	32696	71	memtrain/o_483_1.jpg	photodiode	1
2445.934	0.5	2445934	trained	32730	37	memtrain/o_597_1.jpg	photodiode	1
2446.885	0.5	2446885	trained	32732	35	memtrain/o_561_2.jpg	photodiode	1
2447.686	0.5	2447686	catch	32671	n/a	catch_padded.jpg	photodiode	0
2449.737	0.5	2449737	trained	32748	19	memtrain/o_284_2.jpg	photodiode	1
2450.697	0.5	2450697	trained	32728	39	memtrain/o_606_1.jpg	photodiode	1
2451.489	0.5	2451489	untrained	32706	61	memtrain/o_298_2.jpg	photodiode	1
2452.24	0.5	2452240	untrained	32677	90	memtrain/o_580_1.jpg	photodiode	1
2453.09	0.5	2453090	catch	32671	n/a	catch_padded.jpg	photodiode	0
2453.525	0.0	2453525	response	6	n/a	n/a	trigger	0
2455.092	0.5	2455092	trained	32726	41	memtrain/o_663_2.jpg	photodiode	1
2455.843	0.5	2455843	trained	32720	47	memtrain/so_147_2.jpg	photodiode	1
2456.785	0.5	2456785	untrained	32698	69	memtrain/o_464_2.jpg	photodiode	1
2457.536	0.5	2457536	untrained	32710	57	memtrain/o_171_1.jpg	photodiode	1
2458.295	0.5	2458295	catch	32671	n/a	catch_padded.jpg	photodiode	0
2458.706	0.0	2458706	response	6	n/a	n/a	trigger	0
2460.246	0.5	2460246	trained	32763	4	memtrain/o_042_1.jpg	photodiode	1
2461.047	0.5	2461047	trained	32766	1	memtrain/o_015_1.jpg	photodiode	1
2461.99	0.5	2461990	trained	32731	36	memtrain/o_583_1.jpg	photodiode	1
2462.94	0.5	2462940	untrained	32719	48	memtrain/o_019_2.jpg	photodiode	1
2463.691	0.5	2463691	catch	32671	n/a	catch_padded.jpg	photodiode	0
2464.096	0.0	2464096	response	6	n/a	n/a	trigger	0
2465.693	0.5	2465693	untrained	32690	77	memtrain/o_574_2.jpg	photodiode	1
2466.443	0.5	2466443	untrained	32701	66	memtrain/o_342_2.jpg	photodiode	1
2467.194	0.5	2467194	trained	32762	5	memtrain/o_067_1.jpg	photodiode	1
2468.095	0.5	2468095	catch	32671	n/a	catch_padded.jpg	photodiode	0
2468.393	0.0	2468393	response	6	n/a	n/a	trigger	0
2470.147	0.5	2470147	untrained	32705	62	memtrain/o_304_1.jpg	photodiode	1
2471.047	0.5	2471047	untrained	32682	85	memtrain/o_218_1.jpg	photodiode	1
2471.948	0.5	2471948	trained	32750	17	memtrain/o_232_1.jpg	photodiode	1
2472.749	0.5	2472749	catch	32671	n/a	catch_padded.jpg	photodiode	0
2473.015	0.0	2473015	response	6	n/a	n/a	trigger	0
2474.7	0.5	2474700	untrained	32686	81	memtrain/o_655_2.jpg	photodiode	1
2475.459	0.5	2475459	trained	32735	32	memtrain/o_485_2.jpg	photodiode	1
2476.352	0.5	2476352	trained	32744	23	memtrain/o_338_2.jpg	photodiode	1
2477.203	0.5	2477203	catch	32671	n/a	catch_padded.jpg	photodiode	0
2477.531	0.0	2477531	response	6	n/a	n/a	trigger	0
2479.204	0.5	2479204	trained	32746	21	memtrain/o_319_1.jpg	photodiode	1
2480.055	0.5	2480055	untrained	32711	56	memtrain/o_163_2.jpg	photodiode	1
2480.856	0.5	2480856	trained	32759	8	memtrain/o_094_1.jpg	photodiode	1
2481.756	0.5	2481756	trained	32739	28	memtrain/o_397_1.jpg	photodiode	1
2482.707	0.5	2482707	trained	32764	3	memtrain/o_040_2.jpg	photodiode	1
2483.608	0.5	2483608	catch	32671	n/a	catch_padded.jpg	photodiode	0
2485.701	0.5	2485701	untrained	32685	82	memtrain/o_656_1.jpg	photodiode	1
2486.552	0.5	2486552	trained	32760	7	memtrain/o_091_2.jpg	photodiode	1
2487.511	0.5	2487511	untrained	32703	64	memtrain/o_334_2.jpg	photodiode	1
2488.303	0.5	2488303	untrained	32704	63	memtrain/o_310_2.jpg	photodiode	1
2489.213	0.5	2489213	catch	32671	n/a	catch_padded.jpg	photodiode	0
2489.744	0.0	2489744	response	6	n/a	n/a	trigger	0
2491.256	0.5	2491256	untrained	32678	89	memtrain/o_469_1.jpg	photodiode	1
2492.007	0.5	2492007	trained	32743	24	memtrain/o_357_1.jpg	photodiode	1
2492.757	0.5	2492757	trained	32767	0	memtrain/o_006_1.jpg	photodiode	1
2493.558	0.5	2493558	trained	32742	25	memtrain/o_358_2.jpg	photodiode	1
2494.459	0.5	2494459	catch	32671	n/a	catch_padded.jpg	photodiode	0
2494.785	0.0	2494785	response	6	n/a	n/a	trigger	0
2496.561	0.5	2496561	trained	32725	42	memtrain/so_034_2.jpg	photodiode	1
2497.511	0.5	2497511	trained	32721	46	memtrain/so_113_1.jpg	photodiode	1
2498.312	0.5	2498312	untrained	32718	49	memtrain/o_054_2.jpg	photodiode	1
2499.263	0.5	2499263	trained	32753	14	memtrain/o_174_1.jpg	photodiode	1
2500.214	0.5	2500214	trained	32722	45	memtrain/so_090_2.jpg	photodiode	1
2501.064	0.5	2501064	catch	32671	n/a	catch_padded.jpg	photodiode	0
2503.016	0.5	2503016	untrained	32674	93	memtrain/so_035_1.jpg	photodiode	1
2503.867	0.5	2503867	untrained	32700	67	memtrain/o_378_1.jpg	photodiode	1
2504.617	0.5	2504617	trained	32757	10	memtrain/o_111_2.jpg	photodiode	1
2505.568	0.5	2505568	untrained	32716	51	memtrain/o_103_2.jpg	photodiode	1
2506.369	0.5	2506369	untrained	32673	94	memtrain/so_067_1.jpg	photodiode	1
2507.22	0.5	2507220	catch	32671	n/a	catch_padded.jpg	photodiode	0
2509.694	0.0	2509694	block_end	120	n/a	n/a	trigger	0
2517.402	0.0	2517402	response	6	n/a	n/a	trigger	0
2517.408	0.0	2517408	block_onset	110	n/a	n/a	trigger	0
2519.463	0.5	2519463	trained	32761	6	memtrain/o_076_1.jpg	photodiode	1
2520.364	0.5	2520364	untrained	32716	51	memtrain/o_103_2.jpg	photodiode	1
2521.215	0.5	2521215	trained	32726	41	memtrain/o_663_2.jpg	photodiode	1
2522.065	0.5	2522065	trained	32721	46	memtrain/so_113_1.jpg	photodiode	1
2523.008	0.5	2523008	trained	32740	27	memtrain/o_379_2.jpg	photodiode	1
2523.809	0.5	2523809	catch	32671	n/a	catch_padded.jpg	photodiode	0
2524.157	0.0	2524157	response	6	n/a	n/a	trigger	0
2525.81	0.5	2525810	trained	32766	1	memtrain/o_015_1.jpg	photodiode	1
2526.611	0.5	2526611	trained	32731	36	memtrain/o_583_1.jpg	photodiode	1
2527.512	0.5	2527512	trained	32746	21	memtrain/o_319_1.jpg	photodiode	1
2528.313	0.5	2528313	untrained	32676	91	memtrain/o_605_1.jpg	photodiode	1
2529.113	0.5	2529113	trained	32722	45	memtrain/so_090_2.jpg	photodiode	1
2530.014	0.5	2530014	catch	32671	n/a	catch_padded.jpg	photodiode	0
2530.33	0.0	2530330	response	6	n/a	n/a	trigger	0
2532.016	0.5	2532016	untrained	32686	81	memtrain/o_655_2.jpg	photodiode	1
2532.816	0.5	2532816	trained	32762	5	memtrain/o_067_1.jpg	photodiode	1
2533.667	0.5	2533667	trained	32738	29	memtrain/o_416_1.jpg	photodiode	1
2534.618	0.5	2534618	untrained	32685	82	memtrain/o_656_1.jpg	photodiode	1
2535.419	0.5	2535419	trained	32728	39	memtrain/o_606_1.jpg	photodiode	1
2536.219	0.5	2536219	catch	32671	n/a	catch_padded.jpg	photodiode	0
2536.557	0.0	2536557	response	6	n/a	n/a	trigger	0
2538.171	0.5	2538171	untrained	32679	88	memtrain/o_458_1.jpg	photodiode	1
2538.972	0.5	2538972	untrained	32704	63	memtrain/o_310_2.jpg	photodiode	1
2539.722	0.5	2539722	untrained	32680	87	memtrain/o_365_1.jpg	photodiode	1
2540.623	0.5	2540623	catch	32671	n/a	catch_padded.jpg	photodiode	0
2540.973	0.0	2540973	response	6	n/a	n/a	trigger	0
2542.525	0.5	2542525	untrained	32672	95	memtrain/so_125_1.jpg	photodiode	1
2543.425	0.5	2543425	untrained	32702	65	memtrain/o_337_2.jpg	photodiode	1
2544.326	0.5	2544326	untrained	32705	62	memtrain/o_304_1.jpg	photodiode	1
2545.177	0.5	2545177	catch	32671	n/a	catch_padded.jpg	photodiode	0
2545.529	0.0	2545529	response	6	n/a	n/a	trigger	0
2547.279	0.5	2547279	trained	32736	31	memtrain/o_465_2.jpg	photodiode	1
2548.229	0.5	2548229	trained	32743	24	memtrain/o_357_1.jpg	photodiode	1
2549.18	0.5	2549180	trained	32755	12	memtrain/o_127_2.jpg	photodiode	1
2549.931	0.5	2549931	trained	32727	40	memtrain/o_648_2.jpg	photodiode	1
2550.873	0.5	2550873	catch	32671	n/a	catch_padded.jpg	photodiode	0
2552.825	0.5	2552825	untrained	32681	86	memtrain/o_288_1.jpg	photodiode	1
2553.626	0.5	2553626	untrained	32675	92	memtrain/so_033_1.jpg	photodiode	1
2554.576	0.5	2554576	untrained	32706	61	memtrain/o_298_2.jpg	photodiode	1
2555.477	0.5	2555477	untrained	32687	80	memtrain/o_613_1.jpg	photodiode	1
2556.428	0.5	2556428	catch	32671	n/a	catch_padded.jpg	photodiode	0
2558.43	0.5	2558430	untrained	32689	78	memtrain/o_599_1.jpg	photodiode	1
2559.33	0.5	2559330	untrained	32697	70	memtrain/o_471_2.jpg	photodiode	1
2560.081	0.5	2560081	trained	32732	35	memtrain/o_561_2.jpg	photodiode	1
2560.982	0.5	2560982	untrained	32712	55	memtrain/o_153_2.jpg	photodiode	1
2561.933	0.5	2561933	catch	32671	n/a	catch_padded.jpg	photodiode	0
2562.4	0.0	2562400	response	6	n/a	n/a	trigger	0
2563.934	0.5	2563934	untrained	32677	90	memtrain/o_580_1.jpg	photodiode	1
2564.835	0.5	2564835	trained	32756	11	memtrain/o_117_2.jpg	photodiode	1
2565.686	0.5	2565686	untrained	32701	66	memtrain/o_342_2.jpg	photodiode	1
2566.637	0.5	2566637	untrained	32696	71	memtrain/o_483_1.jpg	photodiode	1
2567.487	0.5	2567487	trained	32724	43	memtrain/so_043_2.jpg	photodiode	1
2568.288	0.5	2568288	catch	32671	n/a	catch_padded.jpg	photodiode	0
2568.669	0.0	2568669	response	6	n/a	n/a	trigger	0
2570.24	0.5	2570240	untrained	32699	68	memtrain/o_393_1.jpg	photodiode	1
2571.14	0.5	2571140	trained	32730	37	memtrain/o_597_1.jpg	photodiode	1
2571.991	0.5	2571991	untrained	32718	49	memtrain/o_054_2.jpg	photodiode	1
2572.892	0.5	2572892	trained	32764	3	memtrain/o_040_2.jpg	photodiode	1
2573.843	0.5	2573843	catch	32671	n/a	catch_padded.jpg	photodiode	0
2574.26	0.0	2574260	response	6	n/a	n/a	trigger	0
2575.794	0.5	2575794	trained	32720	47	memtrain/so_147_2.jpg	photodiode	1
2576.645	0.5	2576645	untrained	32695	72	memtrain/o_490_1.jpg	photodiode	1
2577.546	0.5	2577546	untrained	32674	93	memtrain/so_035_1.jpg	photodiode	1
2578.447	0.5	2578447	trained	32735	32	memtrain/o_485_2.jpg	photodiode	1
2579.397	0.5	2579397	catch	32671	n/a	catch_padded.jpg	photodiode	0
2579.699	0.0	2579699	response	6	n/a	n/a	trigger	0
2581.441	0.5	2581441	untrained	32713	54	memtrain/o_145_1.jpg	photodiode	1
2582.4	0.5	2582400	trained	32729	38	memtrain/o_603_1.jpg	photodiode	1
2583.292	0.5	2583292	untrained	32678	89	memtrain/o_469_1.jpg	photodiode	1
2584.193	0.5	2584193	untrained	32688	79	memtrain/o_600_1.jpg	photodiode	1
2585.094	0.5	2585094	untrained	32691	76	memtrain/o_570_1.jpg	photodiode	1
2585.895	0.5	2585895	catch	32671	n/a	catch_padded.jpg	photodiode	0
2586.171	0.0	2586171	response	6	n/a	n/a	trigger	0
2587.996	0.5	2587996	trained	32750	17	memtrain/o_232_1.jpg	photodiode	1
2588.747	0.5	2588747	untrained	32700	67	memtrain/o_378_1.jpg	photodiode	1
2589.498	0.5	2589498	trained	32767	0	memtrain/o_006_1.jpg	photodiode	1
2590.399	0.5	2590399	untrained	32673	94	memtrain/so_067_1.jpg	photodiode	1
2591.349	0.5	2591349	trained	32739	28	memtrain/o_397_1.jpg	photodiode	1
2592.1	0.5	2592100	catch	32671	n/a	catch_padded.jpg	photodiode	0
2592.467	0.0	2592467	response	6	n/a	n/a	trigger	0
2594.002	0.5	2594002	trained	32733	34	memtrain/o_558_2.jpg	photodiode	1
2594.752	0.5	2594752	untrained	32719	48	memtrain/o_019_2.jpg	photodiode	1
2595.503	0.5	2595503	untrained	32708	59	memtrain/o_201_2.jpg	photodiode	1
2596.454	0.5	2596454	untrained	32684	83	memtrain/so_105_1.jpg	photodiode	1
2597.304	0.5	2597304	catch	32671	n/a	catch_padded.jpg	photodiode	0
2597.651	0.0	2597651	response	6	n/a	n/a	trigger	0
2599.356	0.5	2599356	untrained	32714	53	memtrain/o_142_2.jpg	photodiode	1
2600.257	0.5	2600257	untrained	32710	57	memtrain/o_171_1.jpg	photodiode	1
2601.208	0.5	2601208	trained	32758	9	memtrain/o_101_2.jpg	photodiode	1
2602.158	0.5	2602158	untrained	32709	58	memtrain/o_192_1.jpg	photodiode	1
2603.009	0.5	2603009	untrained	32693	74	memtrain/o_550_1.jpg	photodiode	1
2603.96	0.5	2603960	catch	32671	n/a	catch_padded.jpg	photodiode	0
2604.282	0.0	2604282	response	6	n/a	n/a	trigger	0
2606.012	0.5	2606012	trained	32757	10	memtrain/o_111_2.jpg	photodiode	1
2606.862	0.5	2606862	untrained	32707	60	memtrain/o_228_2.jpg	photodiode	1
2607.713	0.5	2607713	trained	32725	42	memtrain/so_034_2.jpg	photodiode	1
2608.564	0.5	2608564	trained	32737	30	memtrain/o_437_2.jpg	photodiode	1
2609.365	0.5	2609365	catch	32671	n/a	catch_padded.jpg	photodiode	0
2609.896	0.0	2609896	response	6	n/a	n/a	trigger	0
2611.416	0.5	2611416	untrained	32683	84	memtrain/so_117_2.jpg	photodiode	1
2612.159	0.5	2612159	untrained	32711	56	memtrain/o_163_2.jpg	photodiode	1
2613.059	0.5	2613059	untrained	32698	69	memtrain/o_464_2.jpg	photodiode	1
2613.81	0.5	2613810	catch	32671	n/a	catch_padded.jpg	photodiode	0
2614.281	0.0	2614281	response	6	n/a	n/a	trigger	0
2615.912	0.5	2615912	trained	32760	7	memtrain/o_091_2.jpg	photodiode	1
2616.762	0.5	2616762	trained	32749	18	memtrain/o_264_2.jpg	photodiode	1
2617.663	0.5	2617663	trained	32741	26	memtrain/o_376_1.jpg	photodiode	1
2618.422	0.5	2618422	catch	32671	n/a	catch_padded.jpg	photodiode	0
2618.73	0.0	2618730	response	6	n/a	n/a	trigger	0
2620.365	0.5	2620365	trained	32751	16	memtrain/o_199_2.jpg	photodiode	1
2621.216	0.5	2621216	trained	32734	33	memtrain/o_536_1.jpg	photodiode	1
2622.067	0.5	2622067	trained	32759	8	memtrain/o_094_1.jpg	photodiode	1
2622.918	0.5	2622918	trained	32747	20	memtrain/o_290_1.jpg	photodiode	1
2623.768	0.5	2623768	catch	32671	n/a	catch_padded.jpg	photodiode	0
2624.079	0.0	2624079	response	6	n/a	n/a	trigger	0
2625.67	0.5	2625670	trained	32753	14	memtrain/o_174_1.jpg	photodiode	1
2626.421	0.5	2626421	untrained	32694	73	memtrain/o_519_2.jpg	photodiode	1
2627.371	0.5	2627371	untrained	32703	64	memtrain/o_334_2.jpg	photodiode	1
2628.322	0.5	2628322	catch	32671	n/a	catch_padded.jpg	photodiode	0
2628.626	0.0	2628626	response	6	n/a	n/a	trigger	0
2630.324	0.5	2630324	trained	32752	15	memtrain/o_195_1.jpg	photodiode	1
2631.125	0.5	2631125	untrained	32692	75	memtrain/o_564_1.jpg	photodiode	1
2631.925	0.5	2631925	trained	32765	2	memtrain/o_035_1.jpg	photodiode	1
2632.676	0.5	2632676	untrained	32682	85	memtrain/o_218_1.jpg	photodiode	1
2633.477	0.5	2633477	catch	32671	n/a	catch_padded.jpg	photodiode	0
2633.752	0.0	2633752	response	6	n/a	n/a	trigger	0
2635.378	0.5	2635378	trained	32745	22	memtrain/o_321_1.jpg	photodiode	1
2636.329	0.5	2636329	trained	32742	25	memtrain/o_358_2.jpg	photodiode	1
2637.18	0.5	2637180	untrained	32690	77	memtrain/o_574_2.jpg	photodiode	1
2638.03	0.5	2638030	trained	32744	23	memtrain/o_338_2.jpg	photodiode	1
2638.873	0.5	2638873	trained	32723	44	memtrain/so_045_1.jpg	photodiode	1
2639.832	0.5	2639832	catch	32671	n/a	catch_padded.jpg	photodiode	0
2640.072	0.0	2640072	response	6	n/a	n/a	trigger	0
2641.725	0.5	2641725	trained	32748	19	memtrain/o_284_2.jpg	photodiode	1
2642.626	0.5	2642626	trained	32763	4	memtrain/o_042_1.jpg	photodiode	1
2643.477	0.5	2643477	trained	32754	13	memtrain/o_136_1.jpg	photodiode	1
2644.328	0.5	2644328	untrained	32715	52	memtrain/o_141_1.jpg	photodiode	1
2645.078	0.5	2645078	catch	32671	n/a	catch_padded.jpg	photodiode	0
2645.429	0.0	2645429	response	6	n/a	n/a	trigger	0
2647.18	0.5	2647180	untrained	32717	50	memtrain/o_057_2.jpg	photodiode	1
2647.931	0.5	2647931	untrained	32684	83	memtrain/so_105_1.jpg	photodiode	1
2648.781	0.5	2648781	trained	32727	40	memtrain/o_648_2.jpg	photodiode	1
2649.582	0.5	2649582	catch	32671	n/a	catch_padded.jpg	photodiode	0
2649.931	0.0	2649931	response	6	n/a	n/a	trigger	0
2651.534	0.5	2651534	untrained	32715	52	memtrain/o_141_1.jpg	photodiode	1
2652.284	0.5	2652284	untrained	32701	66	memtrain/o_342_2.jpg	photodiode	1
2653.235	0.5	2653235	untrained	32678	89	memtrain/o_469_1.jpg	photodiode	1
2654.036	0.5	2654036	untrained	32677	90	memtrain/o_580_1.jpg	photodiode	1
2654.786	0.5	2654786	catch	32671	n/a	catch_padded.jpg	photodiode	0
2655.115	0.0	2655115	response	6	n/a	n/a	trigger	0
2656.888	0.5	2656888	trained	32721	46	memtrain/so_113_1.jpg	photodiode	1
2657.839	0.5	2657839	untrained	32682	85	memtrain/o_218_1.jpg	photodiode	1
2658.69	0.5	2658690	untrained	32679	88	memtrain/o_458_1.jpg	photodiode	1
2659.49	0.5	2659490	untrained	32672	95	memtrain/so_125_1.jpg	photodiode	1
2660.291	0.5	2660291	trained	32753	14	memtrain/o_174_1.jpg	photodiode	1
2661.242	0.5	2661242	catch	32671	n/a	catch_padded.jpg	photodiode	0
2661.652	0.0	2661652	response	6	n/a	n/a	trigger	0
2663.194	0.5	2663194	untrained	32719	48	memtrain/o_019_2.jpg	photodiode	1
2664.094	0.5	2664094	untrained	32695	72	memtrain/o_490_1.jpg	photodiode	1
2665.045	0.5	2665045	trained	32734	33	memtrain/o_536_1.jpg	photodiode	1
2665.796	0.5	2665796	untrained	32703	64	memtrain/o_334_2.jpg	photodiode	1
2666.747	0.5	2666747	catch	32671	n/a	catch_padded.jpg	photodiode	0
2668.798	0.5	2668798	untrained	32696	71	memtrain/o_483_1.jpg	photodiode	1
2669.699	0.5	2669699	trained	32728	39	memtrain/o_606_1.jpg	photodiode	1
2670.541	0.5	2670541	untrained	32718	49	memtrain/o_054_2.jpg	photodiode	1
2671.492	0.5	2671492	catch	32671	n/a	catch_padded.jpg	photodiode	0
2673.394	0.5	2673394	untrained	32708	59	memtrain/o_201_2.jpg	photodiode	1
2674.144	0.5	2674144	untrained	32692	75	memtrain/o_564_1.jpg	photodiode	1
2674.895	0.5	2674895	untrained	32675	92	memtrain/so_033_1.jpg	photodiode	1
2675.796	0.5	2675796	catch	32671	n/a	catch_padded.jpg	photodiode	0
2676.14	0.0	2676140	response	6	n/a	n/a	trigger	0
2677.898	0.5	2677898	untrained	32690	77	memtrain/o_574_2.jpg	photodiode	1
2678.748	0.5	2678748	untrained	32714	53	memtrain/o_142_2.jpg	photodiode	1
2679.699	0.5	2679699	trained	32767	0	memtrain/o_006_1.jpg	photodiode	1
2680.45	0.5	2680450	trained	32720	47	memtrain/so_147_2.jpg	photodiode	1
2681.2	0.5	2681200	trained	32733	34	memtrain/o_558_2.jpg	photodiode	1
2682.051	0.5	2682051	catch	32671	n/a	catch_padded.jpg	photodiode	0
2682.419	0.0	2682419	response	6	n/a	n/a	trigger	0
2684.153	0.5	2684153	untrained	32694	73	memtrain/o_519_2.jpg	photodiode	1
2685.054	0.5	2685054	untrained	32686	81	memtrain/o_655_2.jpg	photodiode	1
2686.004	0.5	2686004	untrained	32711	56	memtrain/o_163_2.jpg	photodiode	1
2686.805	0.5	2686805	trained	32737	30	memtrain/o_437_2.jpg	photodiode	1
2687.606	0.5	2687606	trained	32760	7	memtrain/o_091_2.jpg	photodiode	1
2688.557	0.5	2688557	catch	32671	n/a	catch_padded.jpg	photodiode	0
2688.855	0.0	2688855	response	6	n/a	n/a	trigger	0
2690.508	0.5	2690508	trained	32752	15	memtrain/o_195_1.jpg	photodiode	1
2691.459	0.5	2691459	trained	32763	4	memtrain/o_042_1.jpg	photodiode	1
2692.26	0.5	2692260	trained	32741	26	memtrain/o_376_1.jpg	photodiode	1
2693.01	0.5	2693010	catch	32671	n/a	catch_padded.jpg	photodiode	0
2693.346	0.0	2693346	response	6	n/a	n/a	trigger	0
2695.012	0.5	2695012	untrained	32699	68	memtrain/o_393_1.jpg	photodiode	1
2695.913	0.5	2695913	trained	32726	41	memtrain/o_663_2.jpg	photodiode	1
2696.764	0.5	2696764	trained	32739	28	memtrain/o_397_1.jpg	photodiode	1
2697.606	0.5	2697606	trained	32745	22	memtrain/o_321_1.jpg	photodiode	1
2698.407	0.5	2698407	catch	32671	n/a	catch_padded.jpg	photodiode	0
2698.715	0.0	2698715	response	6	n/a	n/a	trigger	0
2700.308	0.5	2700308	trained	32724	43	memtrain/so_043_2.jpg	photodiode	1
2701.067	0.5	2701067	untrained	32689	78	memtrain/o_599_1.jpg	photodiode	1
2701.91	0.5	2701910	trained	32732	35	memtrain/o_561_2.jpg	photodiode	1
2702.76	0.5	2702760	untrained	32683	84	memtrain/so_117_2.jpg	photodiode	1
2703.511	0.5	2703511	untrained	32680	87	memtrain/o_365_1.jpg	photodiode	1
2704.462	0.5	2704462	catch	32671	n/a	catch_padded.jpg	photodiode	0
2704.903	0.0	2704903	response	6	n/a	n/a	trigger	0
2706.564	0.5	2706564	trained	32756	11	memtrain/o_117_2.jpg	photodiode	1
2707.464	0.5	2707464	trained	32731	36	memtrain/o_583_1.jpg	photodiode	1
2708.265	0.5	2708265	trained	32758	9	memtrain/o_101_2.jpg	photodiode	1
2709.116	0.5	2709116	untrained	32710	57	memtrain/o_171_1.jpg	photodiode	1
2709.967	0.5	2709967	catch	32671	n/a	catch_padded.jpg	photodiode	0
2710.328	0.0	2710328	response	6	n/a	n/a	trigger	0
2712.018	0.5	2712018	untrained	32685	82	memtrain/o_656_1.jpg	photodiode	1
2712.769	0.5	2712769	trained	32735	32	memtrain/o_485_2.jpg	photodiode	1
2713.67	0.5	2713670	untrained	32707	60	memtrain/o_228_2.jpg	photodiode	1
2714.47	0.5	2714470	trained	32762	5	memtrain/o_067_1.jpg	photodiode	1
2715.221	0.5	2715221	trained	32729	38	memtrain/o_603_1.jpg	photodiode	1
2715.972	0.5	2715972	catch	32671	n/a	catch_padded.jpg	photodiode	0
2716.361	0.0	2716361	response	6	n/a	n/a	trigger	0
2717.923	0.5	2717923	trained	32743	24	memtrain/o_357_1.jpg	photodiode	1
2718.724	0.5	2718724	untrained	32705	62	memtrain/o_304_1.jpg	photodiode	1
2719.525	0.5	2719525	trained	32744	23	memtrain/o_338_2.jpg	photodiode	1
2720.425	0.5	2720425	trained	32748	19	memtrain/o_284_2.jpg	photodiode	1
2721.376	0.5	2721376	trained	32730	37	memtrain/o_597_1.jpg	photodiode	1
2722.277	0.5	2722277	catch	32671	n/a	catch_padded.jpg	photodiode	0
2722.596	0.0	2722596	response	6	n/a	n/a	trigger	0
2724.17	0.5	2724170	untrained	32681	86	memtrain/o_288_1.jpg	photodiode	1
2725.029	0.5	2725029	trained	32738	29	memtrain/o_416_1.jpg	photodiode	1
2725.83	0.5	2725830	trained	32757	10	memtrain/o_111_2.jpg	photodiode	1
2726.672	0.5	2726672	untrained	32700	67	memtrain/o_378_1.jpg	photodiode	1
2727.473	0.5	2727473	catch	32671	n/a	catch_padded.jpg	photodiode	0
2727.813	0.0	2727813	response	6	n/a	n/a	trigger	0
2729.533	0.5	2729533	trained	32759	8	memtrain/o_094_1.jpg	photodiode	1
2730.325	0.5	2730325	untrained	32704	63	memtrain/o_310_2.jpg	photodiode	1
2731.076	0.5	2731076	trained	32746	21	memtrain/o_319_1.jpg	photodiode	1
2731.877	0.5	2731877	untrained	32687	80	memtrain/o_613_1.jpg	photodiode	1
2732.677	0.5	2732677	catch	32671	n/a	catch_padded.jpg	photodiode	0
2732.992	0.0	2732992	response	6	n/a	n/a	trigger	0
2734.579	0.5	2734579	trained	32750	17	memtrain/o_232_1.jpg	photodiode	1
2735.53	0.5	2735530	trained	32740	27	memtrain/o_379_2.jpg	photodiode	1
2736.33	0.5	2736330	untrained	32688	79	memtrain/o_600_1.jpg	photodiode	1
2737.081	0.5	2737081	catch	32671	n/a	catch_padded.jpg	photodiode	0
2737.422	0.0	2737422	response	6	n/a	n/a	trigger	0
2738.983	0.5	2738983	trained	32747	20	memtrain/o_290_1.jpg	photodiode	1
2739.934	0.5	2739934	untrained	32702	65	memtrain/o_337_2.jpg	photodiode	1
2740.834	0.5	2740834	trained	32723	44	memtrain/so_045_1.jpg	photodiode	1
2741.635	0.5	2741635	catch	32671	n/a	catch_padded.jpg	photodiode	0
2741.979	0.0	2741979	response	6	n/a	n/a	trigger	0
2743.537	0.5	2743537	trained	32725	42	memtrain/so_034_2.jpg	photodiode	1
2744.337	0.5	2744337	untrained	32712	55	memtrain/o_153_2.jpg	photodiode	1
2745.238	0.5	2745238	trained	32722	45	memtrain/so_090_2.jpg	photodiode	1
2745.989	0.5	2745989	trained	32749	18	memtrain/o_264_2.jpg	photodiode	1
2746.739	0.5	2746739	untrained	32706	61	memtrain/o_298_2.jpg	photodiode	1
2747.69	0.5	2747690	catch	32671	n/a	catch_padded.jpg	photodiode	0
2748.009	0.0	2748009	response	6	n/a	n/a	trigger	0
2749.592	0.5	2749592	trained	32766	1	memtrain/o_015_1.jpg	photodiode	1
2750.392	0.5	2750392	untrained	32691	76	memtrain/o_570_1.jpg	photodiode	1
2751.243	0.5	2751243	untrained	32674	93	memtrain/so_035_1.jpg	photodiode	1
2752.194	0.5	2752194	catch	32671	n/a	catch_padded.jpg	photodiode	0
2752.47	0.0	2752470	response	6	n/a	n/a	trigger	0
2754.237	0.5	2754237	untrained	32698	69	memtrain/o_464_2.jpg	photodiode	1
2755.096	0.5	2755096	untrained	32676	91	memtrain/o_605_1.jpg	photodiode	1
2755.939	0.5	2755939	trained	32764	3	memtrain/o_040_2.jpg	photodiode	1
2756.698	0.5	2756698	catch	32671	n/a	catch_padded.jpg	photodiode	0
2757.025	0.0	2757025	response	6	n/a	n/a	trigger	0
2758.691	0.5	2758691	trained	32742	25	memtrain/o_358_2.jpg	photodiode	1
2759.592	0.5	2759592	trained	32736	31	memtrain/o_465_2.jpg	photodiode	1
2760.543	0.5	2760543	untrained	32713	54	memtrain/o_145_1.jpg	photodiode	1
2761.343	0.5	2761343	trained	32751	16	memtrain/o_199_2.jpg	photodiode	1
2762.094	0.5	2762094	trained	32754	13	memtrain/o_136_1.jpg	photodiode	1
2762.995	0.5	2762995	catch	32671	n/a	catch_padded.jpg	photodiode	0
2763.277	0.0	2763277	response	6	n/a	n/a	trigger	0
2765.047	0.5	2765047	untrained	32717	50	memtrain/o_057_2.jpg	photodiode	1
2765.797	0.5	2765797	trained	32761	6	memtrain/o_076_1.jpg	photodiode	1
2766.598	0.5	2766598	untrained	32716	51	memtrain/o_103_2.jpg	photodiode	1
2767.499	0.5	2767499	catch	32671	n/a	catch_padded.jpg	photodiode	0
2767.918	0.0	2767918	response	6	n/a	n/a	trigger	0
2769.5	0.5	2769500	trained	32755	12	memtrain/o_127_2.jpg	photodiode	1
2770.251	0.5	2770251	untrained	32709	58	memtrain/o_192_1.jpg	photodiode	1
2771.152	0.5	2771152	trained	32765	2	memtrain/o_035_1.jpg	photodiode	1
2772.103	0.5	2772103	catch	32671	n/a	catch_padded.jpg	photodiode	0
2774.104	0.5	2774104	untrained	32673	94	memtrain/so_067_1.jpg	photodiode	1
2775.055	0.5	2775055	untrained	32693	74	memtrain/o_550_1.jpg	photodiode	1
2775.956	0.5	2775956	untrained	32697	70	memtrain/o_471_2.jpg	photodiode	1
2776.757	0.5	2776757	catch	32671	n/a	catch_padded.jpg	photodiode	0
2777.136	0.0	2777136	response	6	n/a	n/a	trigger	0
2779.23	0.0	2779230	block_end	120	n/a	n/a	trigger	0
2813.811	0.0	2813811	response	6	n/a	n/a	trigger	0
2813.817	0.0	2813817	block_onset	111	n/a	n/a	trigger	0
2815.873	0.5	2815873	trained	32749	18	memtrain/o_264_2.jpg	photodiode	1
2816.774	0.5	2816774	trained	32725	42	memtrain/so_034_2.jpg	photodiode	1
2817.624	0.5	2817624	trained	32726	41	memtrain/o_663_2.jpg	photodiode	1
2818.575	0.5	2818575	untrained	32690	77	memtrain/o_574_2.jpg	photodiode	1
2819.476	0.5	2819476	trained	32723	44	memtrain/so_045_1.jpg	photodiode	1
2820.377	0.5	2820377	catch	32671	n/a	catch_padded.jpg	photodiode	0
2820.722	0.0	2820722	response	6	n/a	n/a	trigger	0
2822.37	0.5	2822370	trained	32722	45	memtrain/so_090_2.jpg	photodiode	1
2823.221	0.5	2823221	untrained	32688	79	memtrain/o_600_1.jpg	photodiode	1
2823.971	0.5	2823971	trained	32765	2	memtrain/o_035_1.jpg	photodiode	1
2824.731	0.5	2824731	catch	32671	n/a	catch_padded.jpg	photodiode	0
2825.066	0.0	2825066	response	6	n/a	n/a	trigger	0
2826.674	0.5	2826674	trained	32745	22	memtrain/o_321_1.jpg	photodiode	1
2827.574	0.5	2827574	untrained	32699	68	memtrain/o_393_1.jpg	photodiode	1
2828.525	0.5	2828525	trained	32767	0	memtrain/o_006_1.jpg	photodiode	1
2829.426	0.5	2829426	trained	32762	5	memtrain/o_067_1.jpg	photodiode	1
2830.377	0.5	2830377	catch	32671	n/a	catch_padded.jpg	photodiode	0
2830.686	0.0	2830686	response	6	n/a	n/a	trigger	0
2832.429	0.5	2832429	trained	32733	34	memtrain/o_558_2.jpg	photodiode	1
2833.179	0.5	2833179	trained	32757	10	memtrain/o_111_2.jpg	photodiode	1
2834.03	0.5	2834030	trained	32731	36	memtrain/o_583_1.jpg	photodiode	1
2834.931	0.5	2834931	catch	32671	n/a	catch_padded.jpg	photodiode	0
2835.259	0.0	2835259	response	6	n/a	n/a	trigger	0
2836.982	0.5	2836982	untrained	32691	76	memtrain/o_570_1.jpg	photodiode	1
2837.833	0.5	2837833	untrained	32709	58	memtrain/o_192_1.jpg	photodiode	1
2838.684	0.5	2838684	untrained	32693	74	memtrain/o_550_1.jpg	photodiode	1
2839.435	0.5	2839435	untrained	32678	89	memtrain/o_469_1.jpg	photodiode	1
2840.285	0.5	2840285	catch	32671	n/a	catch_padded.jpg	photodiode	0
2840.528	0.0	2840528	response	6	n/a	n/a	trigger	0
2842.237	0.5	2842237	untrained	32701	66	memtrain/o_342_2.jpg	photodiode	1
2843.138	0.5	2843138	untrained	32685	82	memtrain/o_656_1.jpg	photodiode	1
2844.038	0.5	2844038	untrained	32674	93	memtrain/so_035_1.jpg	photodiode	1
2844.839	0.5	2844839	catch	32671	n/a	catch_padded.jpg	photodiode	0
2845.116	0.0	2845116	response	6	n/a	n/a	trigger	0
2846.791	0.5	2846791	untrained	32705	62	memtrain/o_304_1.jpg	photodiode	1
2847.692	0.5	2847692	trained	32739	28	memtrain/o_397_1.jpg	photodiode	1
2848.492	0.5	2848492	untrained	32716	51	memtrain/o_103_2.jpg	photodiode	1
2849.343	0.5	2849343	catch	32671	n/a	catch_padded.jpg	photodiode	0
2849.635	0.0	2849635	response	6	n/a	n/a	trigger	0
2851.436	0.5	2851436	trained	32748	19	memtrain/o_284_2.jpg	photodiode	1
2852.337	0.5	2852337	untrained	32696	71	memtrain/o_483_1.jpg	photodiode	1
2853.138	0.5	2853138	trained	32742	25	memtrain/o_358_2.jpg	photodiode	1
2853.989	0.5	2853989	catch	32671	n/a	catch_padded.jpg	photodiode	0
2854.256	0.0	2854256	response	6	n/a	n/a	trigger	0
2855.99	0.5	2855990	trained	32730	37	memtrain/o_597_1.jpg	photodiode	1
2856.841	0.5	2856841	untrained	32684	83	memtrain/so_105_1.jpg	photodiode	1
2857.642	0.5	2857642	trained	32729	38	memtrain/o_603_1.jpg	photodiode	1
2858.442	0.5	2858442	untrained	32706	61	memtrain/o_298_2.jpg	photodiode	1
2859.193	0.5	2859193	catch	32671	n/a	catch_padded.jpg	photodiode	0
2859.492	0.0	2859492	response	6	n/a	n/a	trigger	0
2861.145	0.5	2861145	trained	32720	47	memtrain/so_147_2.jpg	photodiode	1
2861.895	0.5	2861895	trained	32744	23	memtrain/o_338_2.jpg	photodiode	1
2862.746	0.5	2862746	trained	32724	43	memtrain/so_043_2.jpg	photodiode	1
2863.647	0.5	2863647	catch	32671	n/a	catch_padded.jpg	photodiode	0
2864.479	0.0	2864479	response	6	n/a	n/a	trigger	0
2865.749	0.5	2865749	trained	32727	40	memtrain/o_648_2.jpg	photodiode	1
2866.699	0.5	2866699	untrained	32687	80	memtrain/o_613_1.jpg	photodiode	1
2867.65	0.5	2867650	trained	32740	27	memtrain/o_379_2.jpg	photodiode	1
2868.401	0.5	2868401	trained	32755	12	memtrain/o_127_2.jpg	photodiode	1
2869.352	0.5	2869352	catch	32671	n/a	catch_padded.jpg	photodiode	0
2869.569	0.0	2869569	response	6	n/a	n/a	trigger	0
2871.253	0.5	2871253	untrained	32719	48	memtrain/o_019_2.jpg	photodiode	1
2872.004	0.5	2872004	trained	32721	46	memtrain/so_113_1.jpg	photodiode	1
2872.905	0.5	2872905	untrained	32698	69	memtrain/o_464_2.jpg	photodiode	1
2873.655	0.5	2873655	untrained	32697	70	memtrain/o_471_2.jpg	photodiode	1
2874.606	0.5	2874606	trained	32746	21	memtrain/o_319_1.jpg	photodiode	1
2875.407	0.5	2875407	catch	32671	n/a	catch_padded.jpg	photodiode	0
2875.749	0.0	2875749	response	6	n/a	n/a	trigger	0
2877.409	0.5	2877409	untrained	32680	87	memtrain/o_365_1.jpg	photodiode	1
2878.259	0.5	2878259	trained	32751	16	memtrain/o_199_2.jpg	photodiode	1
2879.202	0.5	2879202	trained	32761	6	memtrain/o_076_1.jpg	photodiode	1
2880.052	0.5	2880052	trained	32750	17	memtrain/o_232_1.jpg	photodiode	1
2881.003	0.5	2881003	catch	32671	n/a	catch_padded.jpg	photodiode	0
2881.28	0.0	2881280	response	6	n/a	n/a	trigger	0
2883.005	0.5	2883005	untrained	32708	59	memtrain/o_201_2.jpg	photodiode	1
2883.856	0.5	2883856	untrained	32710	57	memtrain/o_171_1.jpg	photodiode	1
2884.706	0.5	2884706	trained	32760	7	memtrain/o_091_2.jpg	photodiode	1
2885.657	0.5	2885657	catch	32671	n/a	catch_padded.jpg	photodiode	0
2885.877	0.0	2885877	response	6	n/a	n/a	trigger	0
2887.709	0.5	2887709	trained	32743	24	memtrain/o_357_1.jpg	photodiode	1
2888.61	0.5	2888610	untrained	32712	55	memtrain/o_153_2.jpg	photodiode	1
2889.56	0.5	2889560	trained	32758	9	memtrain/o_101_2.jpg	photodiode	1
2890.361	0.5	2890361	untrained	32676	91	memtrain/o_605_1.jpg	photodiode	1
2891.262	0.5	2891262	untrained	32715	52	memtrain/o_141_1.jpg	photodiode	1
2892.213	0.5	2892213	catch	32671	n/a	catch_padded.jpg	photodiode	0
2892.669	0.0	2892669	response	6	n/a	n/a	trigger	0
2894.314	0.5	2894314	untrained	32714	53	memtrain/o_142_2.jpg	photodiode	1
2895.065	0.5	2895065	trained	32759	8	memtrain/o_094_1.jpg	photodiode	1
2896.016	0.5	2896016	trained	32756	11	memtrain/o_117_2.jpg	photodiode	1
2896.817	0.5	2896817	catch	32671	n/a	catch_padded.jpg	photodiode	0
2897.236	0.0	2897236	response	6	n/a	n/a	trigger	0
2898.768	0.5	2898768	untrained	32713	54	memtrain/o_145_1.jpg	photodiode	1
2899.569	0.5	2899569	untrained	32689	78	memtrain/o_599_1.jpg	photodiode	1
2900.42	0.5	2900420	trained	32741	26	memtrain/o_376_1.jpg	photodiode	1
2901.27	0.5	2901270	trained	32732	35	memtrain/o_561_2.jpg	photodiode	1
2902.171	0.5	2902171	trained	32752	15	memtrain/o_195_1.jpg	photodiode	1
2903.072	0.5	2903072	catch	32671	n/a	catch_padded.jpg	photodiode	0
2903.398	0.0	2903398	response	6	n/a	n/a	trigger	0
2905.023	0.5	2905023	trained	32734	33	memtrain/o_536_1.jpg	photodiode	1
2905.974	0.5	2905974	trained	32738	29	memtrain/o_416_1.jpg	photodiode	1
2906.725	0.5	2906725	untrained	32700	67	memtrain/o_378_1.jpg	photodiode	1
2907.517	0.5	2907517	untrained	32675	92	memtrain/so_033_1.jpg	photodiode	1
2908.318	0.5	2908318	catch	32671	n/a	catch_padded.jpg	photodiode	0
2908.654	0.0	2908654	response	6	n/a	n/a	trigger	0
2910.27	0.5	2910270	untrained	32707	60	memtrain/o_228_2.jpg	photodiode	1
2911.221	0.5	2911221	untrained	32702	65	memtrain/o_337_2.jpg	photodiode	1
2911.971	0.5	2911971	trained	32764	3	memtrain/o_040_2.jpg	photodiode	1
2912.772	0.5	2912772	catch	32671	n/a	catch_padded.jpg	photodiode	0
2913.098	0.0	2913098	response	6	n/a	n/a	trigger	0
2914.723	0.5	2914723	untrained	32681	86	memtrain/o_288_1.jpg	photodiode	1
2915.674	0.5	2915674	untrained	32718	49	memtrain/o_054_2.jpg	photodiode	1
2916.425	0.5	2916425	untrained	32682	85	memtrain/o_218_1.jpg	photodiode	1
2917.376	0.5	2917376	trained	32728	39	memtrain/o_606_1.jpg	photodiode	1
2918.126	0.5	2918126	catch	32671	n/a	catch_padded.jpg	photodiode	0
2918.444	0.0	2918444	response	6	n/a	n/a	trigger	0
2920.028	0.5	2920028	untrained	32711	56	memtrain/o_163_2.jpg	photodiode	1
2920.829	0.5	2920829	trained	32754	13	memtrain/o_136_1.jpg	photodiode	1
2921.629	0.5	2921629	untrained	32704	63	memtrain/o_310_2.jpg	photodiode	1
2922.58	0.5	2922580	untrained	32695	72	memtrain/o_490_1.jpg	photodiode	1
2923.431	0.5	2923431	trained	32763	4	memtrain/o_042_1.jpg	photodiode	1
2924.232	0.5	2924232	catch	32671	n/a	catch_padded.jpg	photodiode	0
2924.574	0.0	2924574	response	6	n/a	n/a	trigger	0
2926.183	0.5	2926183	untrained	32683	84	memtrain/so_117_2.jpg	photodiode	1
2927.084	0.5	2927084	untrained	32677	90	memtrain/o_580_1.jpg	photodiode	1
2927.835	0.5	2927835	trained	32737	30	memtrain/o_437_2.jpg	photodiode	1
2928.635	0.5	2928635	trained	32735	32	memtrain/o_485_2.jpg	photodiode	1
2929.486	0.5	2929486	catch	32671	n/a	catch_padded.jpg	photodiode	0
2929.805	0.0	2929805	response	6	n/a	n/a	trigger	0
2931.538	0.5	2931538	trained	32736	31	memtrain/o_465_2.jpg	photodiode	1
2932.288	0.5	2932288	untrained	32717	50	memtrain/o_057_2.jpg	photodiode	1
2933.139	0.5	2933139	untrained	32686	81	memtrain/o_655_2.jpg	photodiode	1
2933.89	0.5	2933890	untrained	32694	73	memtrain/o_519_2.jpg	photodiode	1
2934.79	0.5	2934790	untrained	32673	94	memtrain/so_067_1.jpg	photodiode	1
2935.541	0.5	2935541	catch	32671	n/a	catch_padded.jpg	photodiode	0
2935.867	0.0	2935867	response	6	n/a	n/a	trigger	0
2937.484	0.5	2937484	trained	32753	14	memtrain/o_174_1.jpg	photodiode	1
2938.435	0.5	2938435	trained	32766	1	memtrain/o_015_1.jpg	photodiode	1
2939.294	0.5	2939294	untrained	32692	75	memtrain/o_564_1.jpg	photodiode	1
2940.187	0.5	2940187	untrained	32703	64	memtrain/o_334_2.jpg	photodiode	1
2940.937	0.5	2940937	untrained	32672	95	memtrain/so_125_1.jpg	photodiode	1
2941.838	0.5	2941838	catch	32671	n/a	catch_padded.jpg	photodiode	0
2942.153	0.0	2942153	response	6	n/a	n/a	trigger	0
2943.79	0.5	2943790	untrained	32679	88	memtrain/o_458_1.jpg	photodiode	1
2944.59	0.5	2944590	trained	32747	20	memtrain/o_290_1.jpg	photodiode	1
2945.541	0.5	2945541	untrained	32687	80	memtrain/o_613_1.jpg	photodiode	1
2946.342	0.5	2946342	trained	32730	37	memtrain/o_597_1.jpg	photodiode	1
2947.143	0.5	2947143	catch	32671	n/a	catch_padded.jpg	photodiode	0
2947.506	0.0	2947506	response	6	n/a	n/a	trigger	0
2949.144	0.5	2949144	trained	32733	34	memtrain/o_558_2.jpg	photodiode	1
2949.995	0.5	2949995	untrained	32674	93	memtrain/so_035_1.jpg	photodiode	1
2950.896	0.5	2950896	trained	32758	9	memtrain/o_101_2.jpg	photodiode	1
2951.796	0.5	2951796	untrained	32705	62	memtrain/o_304_1.jpg	photodiode	1
2952.547	0.5	2952547	trained	32744	23	memtrain/o_338_2.jpg	photodiode	1
2953.348	0.5	2953348	catch	32671	n/a	catch_padded.jpg	photodiode	0
2953.783	0.0	2953783	response	6	n/a	n/a	trigger	0
2955.45	0.5	2955450	untrained	32710	57	memtrain/o_171_1.jpg	photodiode	1
2956.25	0.5	2956250	trained	32753	14	memtrain/o_174_1.jpg	photodiode	1
2957.051	0.5	2957051	untrained	32691	76	memtrain/o_570_1.jpg	photodiode	1
2958.002	0.5	2958002	trained	32734	33	memtrain/o_536_1.jpg	photodiode	1
2958.238	0.0	2958238	response	6	n/a	n/a	trigger	0
2958.752	0.5	2958752	trained	32747	20	memtrain/o_290_1.jpg	photodiode	1
2959.653	0.5	2959653	catch	32671	n/a	catch_padded.jpg	photodiode	0
2959.917	0.0	2959917	response	6	n/a	n/a	trigger	0
2961.705	0.5	2961705	untrained	32713	54	memtrain/o_145_1.jpg	photodiode	1
2962.506	0.5	2962506	trained	32728	39	memtrain/o_606_1.jpg	photodiode	1
2963.356	0.5	2963356	trained	32726	41	memtrain/o_663_2.jpg	photodiode	1
2964.107	0.5	2964107	trained	32746	21	memtrain/o_319_1.jpg	photodiode	1
2964.958	0.5	2964958	trained	32763	4	memtrain/o_042_1.jpg	photodiode	1
2965.708	0.5	2965708	catch	32671	n/a	catch_padded.jpg	photodiode	0
2966.017	0.0	2966017	response	6	n/a	n/a	trigger	0
2967.752	0.5	2967752	trained	32740	27	memtrain/o_379_2.jpg	photodiode	1
2968.552	0.5	2968552	trained	32750	17	memtrain/o_232_1.jpg	photodiode	1
2969.303	0.5	2969303	untrained	32706	61	memtrain/o_298_2.jpg	photodiode	1
2970.154	0.5	2970154	untrained	32704	63	memtrain/o_310_2.jpg	photodiode	1
2970.904	0.5	2970904	trained	32727	40	memtrain/o_648_2.jpg	photodiode	1
2971.755	0.5	2971755	catch	32671	n/a	catch_padded.jpg	photodiode	0
2972.073	0.0	2972073	response	6	n/a	n/a	trigger	0
2973.657	0.5	2973657	trained	32739	28	memtrain/o_397_1.jpg	photodiode	1
2974.508	0.5	2974508	untrained	32701	66	memtrain/o_342_2.jpg	photodiode	1
2975.358	0.5	2975358	trained	32731	36	memtrain/o_583_1.jpg	photodiode	1
2976.109	0.5	2976109	trained	32759	8	memtrain/o_094_1.jpg	photodiode	1
2976.91	0.5	2976910	trained	32741	26	memtrain/o_376_1.jpg	photodiode	1
2977.76	0.5	2977760	catch	32671	n/a	catch_padded.jpg	photodiode	0
2978.161	0.0	2978161	response	6	n/a	n/a	trigger	0
2979.812	0.5	2979812	trained	32735	32	memtrain/o_485_2.jpg	photodiode	1
2980.563	0.5	2980563	untrained	32681	86	memtrain/o_288_1.jpg	photodiode	1
2981.313	0.5	2981313	untrained	32688	79	memtrain/o_600_1.jpg	photodiode	1
2982.064	0.5	2982064	catch	32671	n/a	catch_padded.jpg	photodiode	0
2982.525	0.0	2982525	response	6	n/a	n/a	trigger	0
2984.016	0.5	2984016	trained	32748	19	memtrain/o_284_2.jpg	photodiode	1
2984.916	0.5	2984916	trained	32729	38	memtrain/o_603_1.jpg	photodiode	1
2985.867	0.5	2985867	untrained	32677	90	memtrain/o_580_1.jpg	photodiode	1
2986.718	0.5	2986718	trained	32757	10	memtrain/o_111_2.jpg	photodiode	1
2987.569	0.5	2987569	untrained	32716	51	memtrain/o_103_2.jpg	photodiode	1
2988.419	0.5	2988419	catch	32671	n/a	catch_padded.jpg	photodiode	0
2988.886	0.0	2988886	response	6	n/a	n/a	trigger	0
2990.371	0.5	2990371	untrained	32719	48	memtrain/o_019_2.jpg	photodiode	1
2991.172	0.5	2991172	untrained	32673	94	memtrain/so_067_1.jpg	photodiode	1
2991.972	0.5	2991972	untrained	32679	88	memtrain/o_458_1.jpg	photodiode	1
2992.923	0.5	2992923	catch	32671	n/a	catch_padded.jpg	photodiode	0
2993.812	0.0	2993812	response	6	n/a	n/a	trigger	0
2994.975	0.5	2994975	untrained	32682	85	memtrain/o_218_1.jpg	photodiode	1
2995.725	0.5	2995725	untrained	32711	56	memtrain/o_163_2.jpg	photodiode	1
2996.468	0.5	2996468	trained	32725	42	memtrain/so_034_2.jpg	photodiode	1
2997.268	0.5	2997268	untrained	32676	91	memtrain/o_605_1.jpg	photodiode	1
2998.019	0.5	2998019	catch	32671	n/a	catch_padded.jpg	photodiode	0
2998.46	0.0	2998460	response	6	n/a	n/a	trigger	0
3000.021	0.5	3000021	trained	32745	22	memtrain/o_321_1.jpg	photodiode	1
3000.921	0.5	3000921	trained	32755	12	memtrain/o_127_2.jpg	photodiode	1
3001.872	0.5	3001872	untrained	32700	67	memtrain/o_378_1.jpg	photodiode	1
3002.773	0.5	3002773	catch	32671	n/a	catch_padded.jpg	photodiode	0
3003.045	0.0	3003045	response	6	n/a	n/a	trigger	0
3004.825	0.5	3004825	trained	32761	6	memtrain/o_076_1.jpg	photodiode	1
3005.675	0.5	3005675	untrained	32712	55	memtrain/o_153_2.jpg	photodiode	1
3006.576	0.5	3006576	untrained	32678	89	memtrain/o_469_1.jpg	photodiode	1
3007.327	0.5	3007327	catch	32671	n/a	catch_padded.jpg	photodiode	0
3007.736	0.0	3007736	response	6	n/a	n/a	trigger	0
3009.329	0.5	3009329	untrained	32715	52	memtrain/o_141_1.jpg	photodiode	1
3010.129	0.5	3010129	untrained	32693	74	memtrain/o_550_1.jpg	photodiode	1
3010.98	0.5	3010980	untrained	32689	78	memtrain/o_599_1.jpg	photodiode	1
3011.931	0.5	3011931	untrained	32695	72	memtrain/o_490_1.jpg	photodiode	1
3012.882	0.5	3012882	catch	32671	n/a	catch_padded.jpg	photodiode	0
3013.172	0.0	3013172	response	6	n/a	n/a	trigger	0
3014.883	0.5	3014883	trained	32721	46	memtrain/so_113_1.jpg	photodiode	1
3015.784	0.5	3015784	trained	32732	35	memtrain/o_561_2.jpg	photodiode	1
3016.685	0.5	3016685	untrained	32708	59	memtrain/o_201_2.jpg	photodiode	1
3017.536	0.5	3017536	catch	32671	n/a	catch_padded.jpg	photodiode	0
3017.898	0.0	3017898	response	6	n/a	n/a	trigger	0
3019.637	0.5	3019637	untrained	32714	53	memtrain/o_142_2.jpg	photodiode	1
3020.388	0.5	3020388	untrained	32683	84	memtrain/so_117_2.jpg	photodiode	1
3021.339	0.5	3021339	trained	32760	7	memtrain/o_091_2.jpg	photodiode	1
3022.29	0.5	3022290	untrained	32680	87	memtrain/o_365_1.jpg	photodiode	1
3022.59	0.0	3022590	response	6	n/a	n/a	trigger	0
3023.19	0.5	3023190	catch	32671	n/a	catch_padded.jpg	photodiode	0
3023.505	0.0	3023505	response	6	n/a	n/a	trigger	0
3025.284	0.5	3025284	untrained	32690	77	memtrain/o_574_2.jpg	photodiode	1
3026.185	0.5	3026185	trained	32736	31	memtrain/o_465_2.jpg	photodiode	1
3027.085	0.5	3027085	trained	32762	5	memtrain/o_067_1.jpg	photodiode	1
3028.036	0.5	3028036	untrained	32718	49	memtrain/o_054_2.jpg	photodiode	1
3028.987	0.5	3028987	catch	32671	n/a	catch_padded.jpg	photodiode	0
3029.356	0.0	3029356	response	6	n/a	n/a	trigger	0
3030.939	0.5	3030939	untrained	32694	73	memtrain/o_519_2.jpg	photodiode	1
3031.789	0.5	3031789	untrained	32709	58	memtrain/o_192_1.jpg	photodiode	1
3032.54	0.5	3032540	untrained	32703	64	memtrain/o_334_2.jpg	photodiode	1
3033.291	0.5	3033291	trained	32742	25	memtrain/o_358_2.jpg	photodiode	1
3034.191	0.5	3034191	catch	32671	n/a	catch_padded.jpg	photodiode	0
3034.521	0.0	3034521	response	6	n/a	n/a	trigger	0
3036.293	0.5	3036293	trained	32724	43	memtrain/so_043_2.jpg	photodiode	1
3037.094	0.5	3037094	untrained	32707	60	memtrain/o_228_2.jpg	photodiode	1
3038.045	0.5	3038045	trained	32749	18	memtrain/o_264_2.jpg	photodiode	1
3038.945	0.5	3038945	catch	32671	n/a	catch_padded.jpg	photodiode	0
3039.241	0.0	3039241	response	6	n/a	n/a	trigger	0
3040.847	0.5	3040847	trained	32766	1	memtrain/o_015_1.jpg	photodiode	1
3041.748	0.5	3041748	trained	32754	13	memtrain/o_136_1.jpg	photodiode	1
3042.498	0.5	3042498	untrained	32684	83	memtrain/so_105_1.jpg	photodiode	1
3043.249	0.5	3043249	trained	32751	16	memtrain/o_199_2.jpg	photodiode	1
3044.2	0.5	3044200	catch	32671	n/a	catch_padded.jpg	photodiode	0
3044.492	0.0	3044492	response	6	n/a	n/a	trigger	0
3046.302	0.5	3046302	untrained	32675	92	memtrain/so_033_1.jpg	photodiode	1
3047.202	0.5	3047202	untrained	32699	68	memtrain/o_393_1.jpg	photodiode	1
3048.053	0.5	3048053	trained	32722	45	memtrain/so_090_2.jpg	photodiode	1
3049.004	0.5	3049004	untrained	32696	71	memtrain/o_483_1.jpg	photodiode	1
3049.905	0.5	3049905	untrained	32686	81	memtrain/o_655_2.jpg	photodiode	1
3050.655	0.5	3050655	catch	32671	n/a	catch_padded.jpg	photodiode	0
3051.048	0.0	3051048	response	6	n/a	n/a	trigger	0
3052.557	0.5	3052557	untrained	32685	82	memtrain/o_656_1.jpg	photodiode	1
3053.408	0.5	3053408	untrained	32702	65	memtrain/o_337_2.jpg	photodiode	1
3054.35	0.5	3054350	untrained	32717	50	memtrain/o_057_2.jpg	photodiode	1
3055.151	0.5	3055151	trained	32737	30	memtrain/o_437_2.jpg	photodiode	1
3056.052	0.5	3056052	catch	32671	n/a	catch_padded.jpg	photodiode	0
3056.409	0.0	3056409	response	6	n/a	n/a	trigger	0
3057.953	0.5	3057953	trained	32756	11	memtrain/o_117_2.jpg	photodiode	1
3058.904	0.5	3058904	trained	32764	3	memtrain/o_040_2.jpg	photodiode	1
3059.655	0.5	3059655	trained	32767	0	memtrain/o_006_1.jpg	photodiode	1
3060.605	0.5	3060605	catch	32671	n/a	catch_padded.jpg	photodiode	0
3060.956	0.0	3060956	response	6	n/a	n/a	trigger	0
3062.507	0.5	3062507	untrained	32697	70	memtrain/o_471_2.jpg	photodiode	1
3063.308	0.5	3063308	untrained	32698	69	memtrain/o_464_2.jpg	photodiode	1
3064.158	0.5	3064158	trained	32738	29	memtrain/o_416_1.jpg	photodiode	1
3065.009	0.5	3065009	trained	32765	2	memtrain/o_035_1.jpg	photodiode	1
3065.76	0.5	3065760	trained	32752	15	memtrain/o_195_1.jpg	photodiode	1
3066.661	0.5	3066661	catch	32671	n/a	catch_padded.jpg	photodiode	0
3066.98	0.0	3066980	response	6	n/a	n/a	trigger	0
3068.612	0.5	3068612	trained	32723	44	memtrain/so_045_1.jpg	photodiode	1
3069.563	0.5	3069563	untrained	32692	75	memtrain/o_564_1.jpg	photodiode	1
3070.514	0.5	3070514	untrained	32672	95	memtrain/so_125_1.jpg	photodiode	1
3071.465	0.5	3071465	trained	32720	47	memtrain/so_147_2.jpg	photodiode	1
3072.265	0.5	3072265	trained	32743	24	memtrain/o_357_1.jpg	photodiode	1
3073.216	0.5	3073216	catch	32671	n/a	catch_padded.jpg	photodiode	0
3073.591	0.0	3073591	response	6	n/a	n/a	trigger	0
3075.69	0.0	3075690	block_end	120	n/a	n/a	trigger	0
3085.642	0.0	3085642	response	6	n/a	n/a	trigger	0
3085.648	0.0	3085648	block_onset	112	n/a	n/a	trigger	0
3087.695	0.5	3087695	untrained	32672	95	memtrain/so_125_1.jpg	photodiode	1
3088.504	0.5	3088504	untrained	32708	59	memtrain/o_201_2.jpg	photodiode	1
3089.355	0.5	3089355	untrained	32675	92	memtrain/so_033_1.jpg	photodiode	1
3090.106	0.5	3090106	untrained	32702	65	memtrain/o_337_2.jpg	photodiode	1
3090.906	0.5	3090906	untrained	32693	74	memtrain/o_550_1.jpg	photodiode	1
3091.698	0.5	3091698	catch	32671	n/a	catch_padded.jpg	photodiode	0
3092.074	0.0	3092074	response	6	n/a	n/a	trigger	0
3093.6	0.5	3093600	trained	32737	30	memtrain/o_437_2.jpg	photodiode	1
3094.401	0.5	3094401	untrained	32707	60	memtrain/o_228_2.jpg	photodiode	1
3095.151	0.5	3095151	trained	32748	19	memtrain/o_284_2.jpg	photodiode	1
3095.902	0.5	3095902	trained	32749	18	memtrain/o_264_2.jpg	photodiode	1
3096.803	0.5	3096803	catch	32671	n/a	catch_padded.jpg	photodiode	0
3097.168	0.0	3097168	response	6	n/a	n/a	trigger	0
3098.704	0.5	3098704	untrained	32673	94	memtrain/so_067_1.jpg	photodiode	1
3099.455	0.5	3099455	trained	32739	28	memtrain/o_397_1.jpg	photodiode	1
3100.256	0.5	3100256	untrained	32698	69	memtrain/o_464_2.jpg	photodiode	1
3101.065	0.5	3101065	untrained	32697	70	memtrain/o_471_2.jpg	photodiode	1
3101.957	0.5	3101957	untrained	32703	64	memtrain/o_334_2.jpg	photodiode	1
3102.808	0.5	3102808	catch	32671	n/a	catch_padded.jpg	photodiode	0
3103.105	0.0	3103105	response	6	n/a	n/a	trigger	0
3104.91	0.5	3104910	trained	32757	10	memtrain/o_111_2.jpg	photodiode	1
3105.81	0.5	3105810	trained	32721	46	memtrain/so_113_1.jpg	photodiode	1
3106.761	0.5	3106761	untrained	32692	75	memtrain/o_564_1.jpg	photodiode	1
3107.562	0.5	3107562	catch	32671	n/a	catch_padded.jpg	photodiode	0
3108.089	0.0	3108089	response	6	n/a	n/a	trigger	0
3109.614	0.5	3109614	trained	32753	14	memtrain/o_174_1.jpg	photodiode	1
3110.564	0.5	3110564	trained	32750	17	memtrain/o_232_1.jpg	photodiode	1
3111.515	0.5	3111515	trained	32735	32	memtrain/o_485_2.jpg	photodiode	1
3112.316	0.5	3112316	catch	32671	n/a	catch_padded.jpg	photodiode	0
3112.689	0.0	3112689	response	6	n/a	n/a	trigger	0
3114.268	0.5	3114268	untrained	32691	76	memtrain/o_570_1.jpg	photodiode	1
3115.168	0.5	3115168	untrained	32699	68	memtrain/o_393_1.jpg	photodiode	1
3115.969	0.5	3115969	untrained	32684	83	memtrain/so_105_1.jpg	photodiode	1
3116.77	0.5	3116770	trained	32762	5	memtrain/o_067_1.jpg	photodiode	1
3117.72	0.5	3117720	catch	32671	n/a	catch_padded.jpg	photodiode	0
3117.991	0.0	3117991	response	6	n/a	n/a	trigger	0
3119.772	0.5	3119772	untrained	32686	81	memtrain/o_655_2.jpg	photodiode	1
3120.715	0.5	3120715	trained	32738	29	memtrain/o_416_1.jpg	photodiode	1
3121.666	0.5	3121666	trained	32720	47	memtrain/so_147_2.jpg	photodiode	1
3122.516	0.5	3122516	untrained	32690	77	memtrain/o_574_2.jpg	photodiode	1
3123.467	0.5	3123467	catch	32671	n/a	catch_padded.jpg	photodiode	0
3123.759	0.0	3123759	response	6	n/a	n/a	trigger	0
3125.519	0.5	3125519	untrained	32681	86	memtrain/o_288_1.jpg	photodiode	1
3126.37	0.5	3126370	untrained	32705	62	memtrain/o_304_1.jpg	photodiode	1
3127.17	0.5	3127170	trained	32724	43	memtrain/so_043_2.jpg	photodiode	1
3128.071	0.5	3128071	untrained	32677	90	memtrain/o_580_1.jpg	photodiode	1
3128.972	0.5	3128972	untrained	32685	82	memtrain/o_656_1.jpg	photodiode	1
3129.873	0.5	3129873	catch	32671	n/a	catch_padded.jpg	photodiode	0
3130.21	0.0	3130210	response	6	n/a	n/a	trigger	0
3131.774	0.5	3131774	untrained	32718	49	memtrain/o_054_2.jpg	photodiode	1
3132.675	0.5	3132675	trained	32756	11	memtrain/o_117_2.jpg	photodiode	1
3133.526	0.5	3133526	untrained	32682	85	memtrain/o_218_1.jpg	photodiode	1
3134.376	0.5	3134376	trained	32733	34	memtrain/o_558_2.jpg	photodiode	1
3135.277	0.5	3135277	trained	32729	38	memtrain/o_603_1.jpg	photodiode	1
3136.228	0.5	3136228	catch	32671	n/a	catch_padded.jpg	photodiode	0
3136.51	0.0	3136510	response	6	n/a	n/a	trigger	0
3138.18	0.5	3138180	trained	32752	15	memtrain/o_195_1.jpg	photodiode	1
3139.08	0.5	3139080	trained	32730	37	memtrain/o_597_1.jpg	photodiode	1
3139.831	0.5	3139831	untrained	32694	73	memtrain/o_519_2.jpg	photodiode	1
3140.582	0.5	3140582	catch	32671	n/a	catch_padded.jpg	photodiode	0
3140.949	0.0	3140949	response	6	n/a	n/a	trigger	0
3142.633	0.5	3142633	trained	32765	2	memtrain/o_035_1.jpg	photodiode	1
3143.584	0.5	3143584	untrained	32676	91	memtrain/o_605_1.jpg	photodiode	1
3144.535	0.5	3144535	trained	32761	6	memtrain/o_076_1.jpg	photodiode	1
3145.336	0.5	3145336	catch	32671	n/a	catch_padded.jpg	photodiode	0
3145.666	0.0	3145666	response	6	n/a	n/a	trigger	0
3147.287	0.5	3147287	trained	32754	13	memtrain/o_136_1.jpg	photodiode	1
3148.138	0.5	3148138	trained	32728	39	memtrain/o_606_1.jpg	photodiode	1
3148.939	0.5	3148939	trained	32731	36	memtrain/o_583_1.jpg	photodiode	1
3149.739	0.5	3149739	trained	32722	45	memtrain/so_090_2.jpg	photodiode	1
3150.632	0.5	3150632	untrained	32715	52	memtrain/o_141_1.jpg	photodiode	1
3151.382	0.5	3151382	catch	32671	n/a	catch_padded.jpg	photodiode	0
3151.754	0.0	3151754	response	6	n/a	n/a	trigger	0
3153.384	0.5	3153384	untrained	32706	61	memtrain/o_298_2.jpg	photodiode	1
3154.343	0.5	3154343	trained	32766	1	memtrain/o_015_1.jpg	photodiode	1
3155.286	0.5	3155286	trained	32741	26	memtrain/o_376_1.jpg	photodiode	1
3156.245	0.5	3156245	trained	32747	20	memtrain/o_290_1.jpg	photodiode	1
3156.987	0.5	3156987	trained	32759	8	memtrain/o_094_1.jpg	photodiode	1
3157.938	0.5	3157938	catch	32671	n/a	catch_padded.jpg	photodiode	0
3158.208	0.0	3158208	response	6	n/a	n/a	trigger	0
3159.94	0.5	3159940	untrained	32701	66	memtrain/o_342_2.jpg	photodiode	1
3160.79	0.5	3160790	trained	32736	31	memtrain/o_465_2.jpg	photodiode	1
3161.541	0.5	3161541	trained	32743	24	memtrain/o_357_1.jpg	photodiode	1
3162.392	0.5	3162392	untrained	32719	48	memtrain/o_019_2.jpg	photodiode	1
3163.242	0.5	3163242	untrained	32709	58	memtrain/o_192_1.jpg	photodiode	1
3164.043	0.5	3164043	catch	32671	n/a	catch_padded.jpg	photodiode	0
3164.357	0.0	3164357	response	6	n/a	n/a	trigger	0
3166.145	0.5	3166145	trained	32727	40	memtrain/o_648_2.jpg	photodiode	1
3167.046	0.5	3167046	untrained	32680	87	memtrain/o_365_1.jpg	photodiode	1
3167.896	0.5	3167896	trained	32732	35	memtrain/o_561_2.jpg	photodiode	1
3168.797	0.5	3168797	catch	32671	n/a	catch_padded.jpg	photodiode	0
3169.279	0.0	3169279	response	6	n/a	n/a	trigger	0
3170.749	0.5	3170749	untrained	32711	56	memtrain/o_163_2.jpg	photodiode	1
3171.499	0.5	3171499	untrained	32712	55	memtrain/o_153_2.jpg	photodiode	1
3172.3	0.5	3172300	trained	32745	22	memtrain/o_321_1.jpg	photodiode	1
3173.151	0.5	3173151	untrained	32714	53	memtrain/o_142_2.jpg	photodiode	1
3173.951	0.5	3173951	catch	32671	n/a	catch_padded.jpg	photodiode	0
3174.292	0.0	3174292	response	6	n/a	n/a	trigger	0
3175.903	0.5	3175903	untrained	32688	79	memtrain/o_600_1.jpg	photodiode	1
3176.654	0.5	3176654	trained	32723	44	memtrain/so_045_1.jpg	photodiode	1
3177.605	0.5	3177605	trained	32725	42	memtrain/so_034_2.jpg	photodiode	1
3178.455	0.5	3178455	catch	32671	n/a	catch_padded.jpg	photodiode	0
3178.811	0.0	3178811	response	6	n/a	n/a	trigger	0
3180.399	0.5	3180399	trained	32740	27	memtrain/o_379_2.jpg	photodiode	1
3181.249	0.5	3181249	trained	32751	16	memtrain/o_199_2.jpg	photodiode	1
3182.1	0.5	3182100	untrained	32689	78	memtrain/o_599_1.jpg	photodiode	1
3182.901	0.5	3182901	catch	32671	n/a	catch_padded.jpg	photodiode	0
3183.229	0.0	3183229	response	6	n/a	n/a	trigger	0
3185.003	0.5	3185003	trained	32755	12	memtrain/o_127_2.jpg	photodiode	1
3185.853	0.5	3185853	trained	32726	41	memtrain/o_663_2.jpg	photodiode	1
3186.754	0.5	3186754	untrained	32679	88	memtrain/o_458_1.jpg	photodiode	1
3187.555	0.5	3187555	trained	32767	0	memtrain/o_006_1.jpg	photodiode	1
3188.506	0.5	3188506	trained	32763	4	memtrain/o_042_1.jpg	photodiode	1
3189.406	0.5	3189406	catch	32671	n/a	catch_padded.jpg	photodiode	0
3189.73	0.0	3189730	response	6	n/a	n/a	trigger	0
3191.508	0.5	3191508	untrained	32674	93	memtrain/so_035_1.jpg	photodiode	1
3192.409	0.5	3192409	untrained	32713	54	memtrain/o_145_1.jpg	photodiode	1
3193.31	0.5	3193310	untrained	32696	71	memtrain/o_483_1.jpg	photodiode	1
3194.11	0.5	3194110	catch	32671	n/a	catch_padded.jpg	photodiode	0
3194.471	0.0	3194471	response	6	n/a	n/a	trigger	0
3196.012	0.5	3196012	untrained	32700	67	memtrain/o_378_1.jpg	photodiode	1
3196.963	0.5	3196963	untrained	32683	84	memtrain/so_117_2.jpg	photodiode	1
3197.864	0.5	3197864	untrained	32704	63	memtrain/o_310_2.jpg	photodiode	1
3198.764	0.5	3198764	trained	32744	23	memtrain/o_338_2.jpg	photodiode	1
3199.565	0.5	3199565	catch	32671	n/a	catch_padded.jpg	photodiode	0
3199.853	0.0	3199853	response	6	n/a	n/a	trigger	0
3201.517	0.5	3201517	untrained	32687	80	memtrain/o_613_1.jpg	photodiode	1
3202.417	0.5	3202417	untrained	32716	51	memtrain/o_103_2.jpg	photodiode	1
3203.168	0.5	3203168	untrained	32695	72	memtrain/o_490_1.jpg	photodiode	1
3203.969	0.5	3203969	trained	32760	7	memtrain/o_091_2.jpg	photodiode	1
3204.92	0.5	3204920	trained	32746	21	memtrain/o_319_1.jpg	photodiode	1
3205.67	0.5	3205670	catch	32671	n/a	catch_padded.jpg	photodiode	0
3205.985	0.0	3205985	response	6	n/a	n/a	trigger	0
3207.572	0.5	3207572	untrained	32678	89	memtrain/o_469_1.jpg	photodiode	1
3208.364	0.5	3208364	trained	32734	33	memtrain/o_536_1.jpg	photodiode	1
3209.115	0.5	3209115	untrained	32717	50	memtrain/o_057_2.jpg	photodiode	1
3209.965	0.5	3209965	trained	32758	9	memtrain/o_101_2.jpg	photodiode	1
3210.866	0.5	3210866	untrained	32710	57	memtrain/o_171_1.jpg	photodiode	1
3211.617	0.5	3211617	catch	32671	n/a	catch_padded.jpg	photodiode	0
3211.964	0.0	3211964	response	6	n/a	n/a	trigger	0
3213.568	0.5	3213568	trained	32742	25	memtrain/o_358_2.jpg	photodiode	1
3214.369	0.5	3214369	trained	32764	3	memtrain/o_040_2.jpg	photodiode	1
3215.27	0.5	3215270	untrained	32697	70	memtrain/o_471_2.jpg	photodiode	1
3216.121	0.5	3216121	trained	32758	9	memtrain/o_101_2.jpg	photodiode	1
3216.971	0.5	3216971	trained	32742	25	memtrain/o_358_2.jpg	photodiode	1
3217.722	0.5	3217722	catch	32671	n/a	catch_padded.jpg	photodiode	0
3218.054	0.0	3218054	response	6	n/a	n/a	trigger	0
3219.824	0.5	3219824	trained	32761	6	memtrain/o_076_1.jpg	photodiode	1
3220.724	0.5	3220724	untrained	32709	58	memtrain/o_192_1.jpg	photodiode	1
3221.475	0.5	3221475	trained	32720	47	memtrain/so_147_2.jpg	photodiode	1
3222.376	0.5	3222376	trained	32727	40	memtrain/o_648_2.jpg	photodiode	1
3223.227	0.5	3223227	catch	32671	n/a	catch_padded.jpg	photodiode	0
3223.552	0.0	3223552	response	6	n/a	n/a	trigger	0
3225.228	0.5	3225228	untrained	32716	51	memtrain/o_103_2.jpg	photodiode	1
3226.129	0.5	3226129	untrained	32684	83	memtrain/so_105_1.jpg	photodiode	1
3227.08	0.5	3227080	untrained	32708	59	memtrain/o_201_2.jpg	photodiode	1
3228.031	0.5	3228031	untrained	32718	49	memtrain/o_054_2.jpg	photodiode	1
3228.981	0.5	3228981	catch	32671	n/a	catch_padded.jpg	photodiode	0
3229.31	0.0	3229310	response	6	n/a	n/a	trigger	0
3230.933	0.5	3230933	untrained	32696	71	memtrain/o_483_1.jpg	photodiode	1
3231.734	0.5	3231734	trained	32752	15	memtrain/o_195_1.jpg	photodiode	1
3232.635	0.5	3232635	trained	32754	13	memtrain/o_136_1.jpg	photodiode	1
3233.585	0.5	3233585	trained	32728	39	memtrain/o_606_1.jpg	photodiode	1
3234.336	0.5	3234336	catch	32671	n/a	catch_padded.jpg	photodiode	0
3234.678	0.0	3234678	response	6	n/a	n/a	trigger	0
3236.238	0.5	3236238	trained	32724	43	memtrain/so_043_2.jpg	photodiode	1
3236.988	0.5	3236988	untrained	32691	76	memtrain/o_570_1.jpg	photodiode	1
3237.839	0.5	3237839	trained	32747	20	memtrain/o_290_1.jpg	photodiode	1
3238.631	0.5	3238631	untrained	32681	86	memtrain/o_288_1.jpg	photodiode	1
3239.49	0.5	3239490	catch	32671	n/a	catch_padded.jpg	photodiode	0
3239.843	0.0	3239843	response	6	n/a	n/a	trigger	0
3241.584	0.5	3241584	untrained	32673	94	memtrain/so_067_1.jpg	photodiode	1
3242.435	0.5	3242435	trained	32753	14	memtrain/o_174_1.jpg	photodiode	1
3243.285	0.5	3243285	untrained	32717	50	memtrain/o_057_2.jpg	photodiode	1
3244.186	0.5	3244186	untrained	32693	74	memtrain/o_550_1.jpg	photodiode	1
3244.937	0.5	3244937	trained	32735	32	memtrain/o_485_2.jpg	photodiode	1
3245.787	0.5	3245787	catch	32671	n/a	catch_padded.jpg	photodiode	0
3246.16	0.0	3246160	response	6	n/a	n/a	trigger	0
3247.739	0.5	3247739	untrained	32713	54	memtrain/o_145_1.jpg	photodiode	1
3248.59	0.5	3248590	untrained	32685	82	memtrain/o_656_1.jpg	photodiode	1
3249.491	0.5	3249491	untrained	32688	79	memtrain/o_600_1.jpg	photodiode	1
3250.291	0.5	3250291	catch	32671	n/a	catch_padded.jpg	photodiode	0
3250.792	0.0	3250792	response	6	n/a	n/a	trigger	0
3252.193	0.5	3252193	untrained	32678	89	memtrain/o_469_1.jpg	photodiode	1
3253.094	0.5	3253094	trained	32746	21	memtrain/o_319_1.jpg	photodiode	1
3253.844	0.5	3253844	trained	32759	8	memtrain/o_094_1.jpg	photodiode	1
3254.595	0.5	3254595	untrained	32706	61	memtrain/o_298_2.jpg	photodiode	1
3255.546	0.5	3255546	catch	32671	n/a	catch_padded.jpg	photodiode	0
3255.855	0.0	3255855	response	6	n/a	n/a	trigger	0
3257.497	0.5	3257497	trained	32739	28	memtrain/o_397_1.jpg	photodiode	1
3258.298	0.5	3258298	untrained	32712	55	memtrain/o_153_2.jpg	photodiode	1
3259.049	0.5	3259049	trained	32738	29	memtrain/o_416_1.jpg	photodiode	1
3259.799	0.5	3259799	catch	32671	n/a	catch_padded.jpg	photodiode	0
3260.33	0.0	3260330	response	6	n/a	n/a	trigger	0
3261.801	0.5	3261801	trained	32723	44	memtrain/so_045_1.jpg	photodiode	1
3262.552	0.5	3262552	trained	32732	35	memtrain/o_561_2.jpg	photodiode	1
3263.452	0.5	3263452	trained	32733	34	memtrain/o_558_2.jpg	photodiode	1
3264.203	0.5	3264203	trained	32764	3	memtrain/o_040_2.jpg	photodiode	1
3265.154	0.5	3265154	catch	32671	n/a	catch_padded.jpg	photodiode	0
3265.457	0.0	3265457	response	6	n/a	n/a	trigger	0
3267.147	0.5	3267147	untrained	32702	65	memtrain/o_337_2.jpg	photodiode	1
3267.948	0.5	3267948	untrained	32680	87	memtrain/o_365_1.jpg	photodiode	1
3268.799	0.5	3268799	trained	32740	27	memtrain/o_379_2.jpg	photodiode	1
3269.649	0.5	3269649	trained	32725	42	memtrain/so_034_2.jpg	photodiode	1
3270.559	0.5	3270559	catch	32671	n/a	catch_padded.jpg	photodiode	0
3270.918	0.0	3270918	response	6	n/a	n/a	trigger	0
3272.652	0.5	3272652	trained	32767	0	memtrain/o_006_1.jpg	photodiode	1
3273.611	0.5	3273611	trained	32731	36	memtrain/o_583_1.jpg	photodiode	1
3274.353	0.5	3274353	untrained	32690	77	memtrain/o_574_2.jpg	photodiode	1
3275.304	0.5	3275304	catch	32671	n/a	catch_padded.jpg	photodiode	0
3275.666	0.0	3275666	response	6	n/a	n/a	trigger	0
3277.306	0.5	3277306	trained	32760	7	memtrain/o_091_2.jpg	photodiode	1
3278.157	0.5	3278157	untrained	32677	90	memtrain/o_580_1.jpg	photodiode	1
3278.907	0.5	3278907	untrained	32710	57	memtrain/o_171_1.jpg	photodiode	1
3279.808	0.5	3279808	trained	32756	11	memtrain/o_117_2.jpg	photodiode	1
3280.559	0.5	3280559	catch	32671	n/a	catch_padded.jpg	photodiode	0
3280.883	0.0	3280883	response	6	n/a	n/a	trigger	0
3282.46	0.5	3282460	untrained	32692	75	memtrain/o_564_1.jpg	photodiode	1
3283.411	0.5	3283411	trained	32721	46	memtrain/so_113_1.jpg	photodiode	1
3284.17	0.5	3284170	untrained	32719	48	memtrain/o_019_2.jpg	photodiode	1
3285.012	0.5	3285012	trained	32729	38	memtrain/o_603_1.jpg	photodiode	1
3285.863	0.5	3285863	untrained	32695	72	memtrain/o_490_1.jpg	photodiode	1
3286.764	0.5	3286764	catch	32671	n/a	catch_padded.jpg	photodiode	0
3287.081	0.0	3287081	response	6	n/a	n/a	trigger	0
3288.816	0.5	3288816	untrained	32703	64	memtrain/o_334_2.jpg	photodiode	1
3289.566	0.5	3289566	trained	32762	5	memtrain/o_067_1.jpg	photodiode	1
3290.517	0.5	3290517	untrained	32683	84	memtrain/so_117_2.jpg	photodiode	1
3291.468	0.5	3291468	untrained	32700	67	memtrain/o_378_1.jpg	photodiode	1
3292.319	0.5	3292319	trained	32734	33	memtrain/o_536_1.jpg	photodiode	1
3293.219	0.5	3293219	catch	32671	n/a	catch_padded.jpg	photodiode	0
3293.532	0.0	3293532	response	6	n/a	n/a	trigger	0
3295.221	0.5	3295221	untrained	32686	81	memtrain/o_655_2.jpg	photodiode	1
3295.963	0.5	3295963	untrained	32699	68	memtrain/o_393_1.jpg	photodiode	1
3296.814	0.5	3296814	trained	32763	4	memtrain/o_042_1.jpg	photodiode	1
3297.765	0.5	3297765	trained	32730	37	memtrain/o_597_1.jpg	photodiode	1
3298.666	0.5	3298666	catch	32671	n/a	catch_padded.jpg	photodiode	0
3298.988	0.0	3298988	response	6	n/a	n/a	trigger	0
3300.667	0.5	3300667	untrained	32679	88	memtrain/o_458_1.jpg	photodiode	1
3301.618	0.5	3301618	untrained	32687	80	memtrain/o_613_1.jpg	photodiode	1
3302.369	0.5	3302369	trained	32744	23	memtrain/o_338_2.jpg	photodiode	1
3303.119	0.5	3303119	untrained	32707	60	memtrain/o_228_2.jpg	photodiode	1
3304.07	0.5	3304070	catch	32671	n/a	catch_padded.jpg	photodiode	0
3304.357	0.0	3304357	response	6	n/a	n/a	trigger	0
3305.972	0.5	3305972	trained	32741	26	memtrain/o_376_1.jpg	photodiode	1
3306.831	0.5	3306831	trained	32722	45	memtrain/so_090_2.jpg	photodiode	1
3307.673	0.5	3307673	untrained	32674	93	memtrain/so_035_1.jpg	photodiode	1
3308.524	0.5	3308524	trained	32726	41	memtrain/o_663_2.jpg	photodiode	1
3309.425	0.5	3309425	catch	32671	n/a	catch_padded.jpg	photodiode	0
3309.738	0.0	3309738	response	6	n/a	n/a	trigger	0
3311.527	0.5	3311527	trained	32751	16	memtrain/o_199_2.jpg	photodiode	1
3312.327	0.5	3312327	untrained	32704	63	memtrain/o_310_2.jpg	photodiode	1
3313.278	0.5	3313278	untrained	32675	92	memtrain/so_033_1.jpg	photodiode	1
3314.179	0.5	3314179	catch	32671	n/a	catch_padded.jpg	photodiode	0
3314.494	0.0	3314494	response	6	n/a	n/a	trigger	0
3316.13	0.5	3316130	trained	32743	24	memtrain/o_357_1.jpg	photodiode	1
3317.031	0.5	3317031	trained	32757	10	memtrain/o_111_2.jpg	photodiode	1
3317.832	0.5	3317832	untrained	32715	52	memtrain/o_141_1.jpg	photodiode	1
3318.783	0.5	3318783	untrained	32705	62	memtrain/o_304_1.jpg	photodiode	1
3319.633	0.5	3319633	trained	32765	2	memtrain/o_035_1.jpg	photodiode	1
3320.584	0.5	3320584	catch	32671	n/a	catch_padded.jpg	photodiode	0
3320.848	0.0	3320848	response	6	n/a	n/a	trigger	0
3322.636	0.5	3322636	untrained	32689	78	memtrain/o_599_1.jpg	photodiode	1
3323.587	0.5	3323587	untrained	32676	91	memtrain/o_605_1.jpg	photodiode	1
3324.387	0.5	3324387	trained	32750	17	memtrain/o_232_1.jpg	photodiode	1
3325.338	0.5	3325338	catch	32671	n/a	catch_padded.jpg	photodiode	0
3325.7	0.0	3325700	response	6	n/a	n/a	trigger	0
3327.231	0.5	3327231	untrained	32714	53	memtrain/o_142_2.jpg	photodiode	1
3327.982	0.5	3327982	untrained	32682	85	memtrain/o_218_1.jpg	photodiode	1
3328.883	0.5	3328883	untrained	32672	95	memtrain/so_125_1.jpg	photodiode	1
3329.734	0.5	3329734	catch	32671	n/a	catch_padded.jpg	photodiode	0
3330.158	0.0	3330158	response	6	n/a	n/a	trigger	0
3331.785	0.5	3331785	trained	32737	30	memtrain/o_437_2.jpg	photodiode	1
3332.636	0.5	3332636	untrained	32694	73	memtrain/o_519_2.jpg	photodiode	1
3333.537	0.5	3333537	trained	32736	31	memtrain/o_465_2.jpg	photodiode	1
3334.287	0.5	3334287	trained	32749	18	memtrain/o_264_2.jpg	photodiode	1
3335.038	0.5	3335038	untrained	32701	66	memtrain/o_342_2.jpg	photodiode	1
3335.839	0.5	3335839	catch	32671	n/a	catch_padded.jpg	photodiode	0
3336.191	0.0	3336191	response	6	n/a	n/a	trigger	0
3337.89	0.5	3337890	trained	32748	19	memtrain/o_284_2.jpg	photodiode	1
3338.641	0.5	3338641	trained	32745	22	memtrain/o_321_1.jpg	photodiode	1
3339.442	0.5	3339442	trained	32766	1	memtrain/o_015_1.jpg	photodiode	1
3340.293	0.5	3340293	catch	32671	n/a	catch_padded.jpg	photodiode	0
3340.701	0.0	3340701	response	6	n/a	n/a	trigger	0
3342.244	0.5	3342244	trained	32755	12	memtrain/o_127_2.jpg	photodiode	1
3343.195	0.5	3343195	untrained	32698	69	memtrain/o_464_2.jpg	photodiode	1
3343.695	0.0	3343695	response	6	n/a	n/a	trigger	0
3344.146	0.5	3344146	untrained	32711	56	memtrain/o_163_2.jpg	photodiode	1
3344.946	0.5	3344946	catch	32671	n/a	catch_padded.jpg	photodiode	0
3345.295	0.0	3345295	response	6	n/a	n/a	trigger	0
3347.42	0.0	3347420	block_end	120	n/a	n/a	trigger	0
3356.412	0.0	3356412	response	6	n/a	n/a	trigger	0
3356.419	0.0	3356419	block_onset	113	n/a	n/a	trigger	0
3358.475	0.5	3358475	untrained	32709	58	memtrain/o_192_1.jpg	photodiode	1
3359.425	0.5	3359425	trained	32756	11	memtrain/o_117_2.jpg	photodiode	1
3360.226	0.5	3360226	untrained	32683	84	memtrain/so_117_2.jpg	photodiode	1
3361.027	0.5	3361027	trained	32735	32	memtrain/o_485_2.jpg	photodiode	1
3361.877	0.5	3361877	catch	32671	n/a	catch_padded.jpg	photodiode	0
3362.186	0.0	3362186	response	6	n/a	n/a	trigger	0
3363.921	0.5	3363921	trained	32722	45	memtrain/so_090_2.jpg	photodiode	1
3364.722	0.5	3364722	untrained	32695	72	memtrain/o_490_1.jpg	photodiode	1
3365.622	0.5	3365622	trained	32731	36	memtrain/o_583_1.jpg	photodiode	1
3366.573	0.5	3366573	catch	32671	n/a	catch_padded.jpg	photodiode	0
3366.951	0.0	3366951	response	6	n/a	n/a	trigger	0
3368.475	0.5	3368475	trained	32742	25	memtrain/o_358_2.jpg	photodiode	1
3369.426	0.5	3369426	untrained	32707	60	memtrain/o_228_2.jpg	photodiode	1
3370.176	0.5	3370176	untrained	32694	73	memtrain/o_519_2.jpg	photodiode	1
3370.935	0.5	3370935	trained	32764	3	memtrain/o_040_2.jpg	photodiode	1
3371.878	0.5	3371878	trained	32749	18	memtrain/o_264_2.jpg	photodiode	1
3372.678	0.5	3372678	catch	32671	n/a	catch_padded.jpg	photodiode	0
3372.977	0.0	3372977	response	6	n/a	n/a	trigger	0
3374.78	0.5	3374780	untrained	32718	49	memtrain/o_054_2.jpg	photodiode	1
3375.581	0.5	3375581	trained	32765	2	memtrain/o_035_1.jpg	photodiode	1
3376.332	0.5	3376332	untrained	32686	81	memtrain/o_655_2.jpg	photodiode	1
3377.282	0.5	3377282	trained	32745	22	memtrain/o_321_1.jpg	photodiode	1
3378.083	0.5	3378083	untrained	32685	82	memtrain/o_656_1.jpg	photodiode	1
3378.934	0.5	3378934	catch	32671	n/a	catch_padded.jpg	photodiode	0
3379.206	0.0	3379206	response	6	n/a	n/a	trigger	0
3381.035	0.5	3381035	untrained	32717	50	memtrain/o_057_2.jpg	photodiode	1
3381.936	0.5	3381936	untrained	32703	64	memtrain/o_334_2.jpg	photodiode	1
3382.887	0.5	3382887	untrained	32715	52	memtrain/o_141_1.jpg	photodiode	1
3383.638	0.5	3383638	trained	32732	35	memtrain/o_561_2.jpg	photodiode	1
3384.488	0.5	3384488	catch	32671	n/a	catch_padded.jpg	photodiode	0
3384.807	0.0	3384807	response	6	n/a	n/a	trigger	0
3386.39	0.5	3386390	untrained	32716	51	memtrain/o_103_2.jpg	photodiode	1
3387.241	0.5	3387241	trained	32750	17	memtrain/o_232_1.jpg	photodiode	1
3388.142	0.5	3388142	untrained	32689	78	memtrain/o_599_1.jpg	photodiode	1
3388.892	0.5	3388892	catch	32671	n/a	catch_padded.jpg	photodiode	0
3389.245	0.0	3389245	response	6	n/a	n/a	trigger	0
3390.794	0.5	3390794	trained	32767	0	memtrain/o_006_1.jpg	photodiode	1
3391.594	0.5	3391594	trained	32740	27	memtrain/o_379_2.jpg	photodiode	1
3392.445	0.5	3392445	untrained	32681	86	memtrain/o_288_1.jpg	photodiode	1
3393.237	0.5	3393237	untrained	32697	70	memtrain/o_471_2.jpg	photodiode	1
3394.088	0.5	3394088	trained	32757	10	memtrain/o_111_2.jpg	photodiode	1
3394.989	0.5	3394989	catch	32671	n/a	catch_padded.jpg	photodiode	0
3395.313	0.0	3395313	response	6	n/a	n/a	trigger	0
3396.991	0.5	3396991	untrained	32711	56	memtrain/o_163_2.jpg	photodiode	1
3397.841	0.5	3397841	untrained	32688	79	memtrain/o_600_1.jpg	photodiode	1
3398.742	0.5	3398742	trained	32720	47	memtrain/so_147_2.jpg	photodiode	1
3399.593	0.5	3399593	trained	32733	34	memtrain/o_558_2.jpg	photodiode	1
3400.494	0.5	3400494	catch	32671	n/a	catch_padded.jpg	photodiode	0
3400.838	0.0	3400838	response	6	n/a	n/a	trigger	0
3402.445	0.5	3402445	untrained	32679	88	memtrain/o_458_1.jpg	photodiode	1
3403.396	0.5	3403396	untrained	32672	95	memtrain/so_125_1.jpg	photodiode	1
3404.247	0.5	3404247	trained	32739	28	memtrain/o_397_1.jpg	photodiode	1
3405.147	0.5	3405147	trained	32734	33	memtrain/o_536_1.jpg	photodiode	1
3406.098	0.5	3406098	catch	32671	n/a	catch_padded.jpg	photodiode	0
3406.408	0.0	3406408	response	6	n/a	n/a	trigger	0
3408.05	0.5	3408050	untrained	32713	54	memtrain/o_145_1.jpg	photodiode	1
3408.801	0.5	3408801	trained	32751	16	memtrain/o_199_2.jpg	photodiode	1
3409.551	0.5	3409551	trained	32727	40	memtrain/o_648_2.jpg	photodiode	1
3410.502	0.5	3410502	untrained	32674	93	memtrain/so_035_1.jpg	photodiode	1
3411.403	0.5	3411403	catch	32671	n/a	catch_padded.jpg	photodiode	0
3411.726	0.0	3411726	response	6	n/a	n/a	trigger	0
3413.405	0.5	3413405	untrained	32714	53	memtrain/o_142_2.jpg	photodiode	1
3414.205	0.5	3414205	untrained	32675	92	memtrain/so_033_1.jpg	photodiode	1
3415.156	0.5	3415156	trained	32741	26	memtrain/o_376_1.jpg	photodiode	1
3416.057	0.5	3416057	untrained	32705	62	memtrain/o_304_1.jpg	photodiode	1
3416.857	0.5	3416857	catch	32671	n/a	catch_padded.jpg	photodiode	0
3417.169	0.0	3417169	response	6	n/a	n/a	trigger	0
3418.859	0.5	3418859	trained	32743	24	memtrain/o_357_1.jpg	photodiode	1
3419.81	0.5	3419810	trained	32747	20	memtrain/o_290_1.jpg	photodiode	1
3420.611	0.5	3420611	untrained	32712	55	memtrain/o_153_2.jpg	photodiode	1
3421.461	0.5	3421461	trained	32752	15	memtrain/o_195_1.jpg	photodiode	1
3422.312	0.5	3422312	catch	32671	n/a	catch_padded.jpg	photodiode	0
3422.686	0.0	3422686	response	6	n/a	n/a	trigger	0
3424.406	0.5	3424406	trained	32736	31	memtrain/o_465_2.jpg	photodiode	1
3425.256	0.5	3425256	untrained	32676	91	memtrain/o_605_1.jpg	photodiode	1
3426.057	0.5	3426057	trained	32766	1	memtrain/o_015_1.jpg	photodiode	1
3426.816	0.5	3426816	untrained	32673	94	memtrain/so_067_1.jpg	photodiode	1
3427.708	0.5	3427708	catch	32671	n/a	catch_padded.jpg	photodiode	0
3428.038	0.0	3428038	response	6	n/a	n/a	trigger	0
3429.71	0.5	3429710	trained	32738	29	memtrain/o_416_1.jpg	photodiode	1
3430.511	0.5	3430511	trained	32755	12	memtrain/o_127_2.jpg	photodiode	1
3431.361	0.5	3431361	untrained	32687	80	memtrain/o_613_1.jpg	photodiode	1
3432.212	0.5	3432212	untrained	32677	90	memtrain/o_580_1.jpg	photodiode	1
3433.063	0.5	3433063	untrained	32690	77	memtrain/o_574_2.jpg	photodiode	1
3433.864	0.5	3433864	catch	32671	n/a	catch_padded.jpg	photodiode	0
3434.193	0.0	3434193	response	6	n/a	n/a	trigger	0
3435.865	0.5	3435865	untrained	32702	65	memtrain/o_337_2.jpg	photodiode	1
3436.666	0.5	3436666	untrained	32708	59	memtrain/o_201_2.jpg	photodiode	1
3437.467	0.5	3437467	trained	32726	41	memtrain/o_663_2.jpg	photodiode	1
3438.217	0.5	3438217	trained	32759	8	memtrain/o_094_1.jpg	photodiode	1
3438.968	0.5	3438968	trained	32763	4	memtrain/o_042_1.jpg	photodiode	1
3439.869	0.5	3439869	catch	32671	n/a	catch_padded.jpg	photodiode	0
3440.149	0.0	3440149	response	6	n/a	n/a	trigger	0
3441.92	0.5	3441920	untrained	32701	66	memtrain/o_342_2.jpg	photodiode	1
3442.871	0.5	3442871	untrained	32698	69	memtrain/o_464_2.jpg	photodiode	1
3443.672	0.5	3443672	untrained	32719	48	memtrain/o_019_2.jpg	photodiode	1
3444.573	0.5	3444573	untrained	32710	57	memtrain/o_171_1.jpg	photodiode	1
3445.524	0.5	3445524	trained	32724	43	memtrain/so_043_2.jpg	photodiode	1
3446.424	0.5	3446424	catch	32671	n/a	catch_padded.jpg	photodiode	0
3446.769	0.0	3446769	response	6	n/a	n/a	trigger	0
3448.526	0.5	3448526	trained	32746	21	memtrain/o_319_1.jpg	photodiode	1
3449.327	0.5	3449327	trained	32762	5	memtrain/o_067_1.jpg	photodiode	1
3450.077	0.5	3450077	trained	32744	23	memtrain/o_338_2.jpg	photodiode	1
3450.92	0.5	3450920	untrained	32691	76	memtrain/o_570_1.jpg	photodiode	1
3451.67	0.5	3451670	untrained	32682	85	memtrain/o_218_1.jpg	photodiode	1
3452.471	0.5	3452471	catch	32671	n/a	catch_padded.jpg	photodiode	0
3452.754	0.0	3452754	response	6	n/a	n/a	trigger	0
3454.373	0.5	3454373	trained	32754	13	memtrain/o_136_1.jpg	photodiode	1
3455.173	0.5	3455173	trained	32760	7	memtrain/o_091_2.jpg	photodiode	1
3456.024	0.5	3456024	untrained	32699	68	memtrain/o_393_1.jpg	photodiode	1
3456.875	0.5	3456875	trained	32721	46	memtrain/so_113_1.jpg	photodiode	1
3457.675	0.5	3457675	trained	32761	6	memtrain/o_076_1.jpg	photodiode	1
3458.476	0.5	3458476	catch	32671	n/a	catch_padded.jpg	photodiode	0
3458.817	0.0	3458817	response	6	n/a	n/a	trigger	0
3460.578	0.5	3460578	trained	32729	38	memtrain/o_603_1.jpg	photodiode	1
3461.529	0.5	3461529	untrained	32692	75	memtrain/o_564_1.jpg	photodiode	1
3462.329	0.5	3462329	untrained	32704	63	memtrain/o_310_2.jpg	photodiode	1
3463.18	0.5	3463180	trained	32737	30	memtrain/o_437_2.jpg	photodiode	1
3464.131	0.5	3464131	catch	32671	n/a	catch_padded.jpg	photodiode	0
3464.457	0.0	3464457	response	6	n/a	n/a	trigger	0
3466.083	0.5	3466083	trained	32728	39	memtrain/o_606_1.jpg	photodiode	1
3466.983	0.5	3466983	trained	32725	42	memtrain/so_034_2.jpg	photodiode	1
3467.834	0.5	3467834	untrained	32706	61	memtrain/o_298_2.jpg	photodiode	1
3468.685	0.5	3468685	untrained	32678	89	memtrain/o_469_1.jpg	photodiode	1
3469.485	0.5	3469485	catch	32671	n/a	catch_padded.jpg	photodiode	0
3469.827	0.0	3469827	response	6	n/a	n/a	trigger	0
3471.537	0.5	3471537	trained	32723	44	memtrain/so_045_1.jpg	photodiode	1
3472.288	0.5	3472288	trained	32758	9	memtrain/o_101_2.jpg	photodiode	1
3473.038	0.5	3473038	trained	32730	37	memtrain/o_597_1.jpg	photodiode	1
3473.889	0.5	3473889	catch	32671	n/a	catch_padded.jpg	photodiode	0
3474.552	0.0	3474552	response	6	n/a	n/a	trigger	0
3475.891	0.5	3475891	untrained	32680	87	memtrain/o_365_1.jpg	photodiode	1
3476.742	0.5	3476742	untrained	32700	67	memtrain/o_378_1.jpg	photodiode	1
3477.692	0.5	3477692	untrained	32696	71	memtrain/o_483_1.jpg	photodiode	1
3478.443	0.5	3478443	catch	32671	n/a	catch_padded.jpg	photodiode	0
3478.812	0.0	3478812	response	6	n/a	n/a	trigger	0
3480.445	0.5	3480445	trained	32753	14	memtrain/o_174_1.jpg	photodiode	1
3481.287	0.5	3481287	untrained	32693	74	memtrain/o_550_1.jpg	photodiode	1
3482.196	0.5	3482196	trained	32748	19	memtrain/o_284_2.jpg	photodiode	1
3483.089	0.5	3483089	untrained	32684	83	memtrain/so_105_1.jpg	photodiode	1
3484.039	0.5	3484039	untrained	32701	66	memtrain/o_342_2.jpg	photodiode	1
3484.99	0.5	3484990	catch	32671	n/a	catch_padded.jpg	photodiode	0
3485.261	0.0	3485261	response	6	n/a	n/a	trigger	0
3487.092	0.5	3487092	trained	32744	23	memtrain/o_338_2.jpg	photodiode	1
3487.943	0.5	3487943	trained	32736	31	memtrain/o_465_2.jpg	photodiode	1
3488.794	0.5	3488794	untrained	32703	64	memtrain/o_334_2.jpg	photodiode	1
3489.744	0.5	3489744	untrained	32719	48	memtrain/o_019_2.jpg	photodiode	1
3490.595	0.5	3490595	catch	32671	n/a	catch_padded.jpg	photodiode	0
3490.904	0.0	3490904	response	6	n/a	n/a	trigger	0
3492.647	0.5	3492647	trained	32723	44	memtrain/so_045_1.jpg	photodiode	1
3493.598	0.5	3493598	untrained	32718	49	memtrain/o_054_2.jpg	photodiode	1
3494.398	0.5	3494398	untrained	32711	56	memtrain/o_163_2.jpg	photodiode	1
3495.349	0.5	3495349	untrained	32674	93	memtrain/so_035_1.jpg	photodiode	1
3496.3	0.5	3496300	catch	32671	n/a	catch_padded.jpg	photodiode	0
3496.542	0.0	3496542	response	6	n/a	n/a	trigger	0
3498.352	0.5	3498352	trained	32730	37	memtrain/o_597_1.jpg	photodiode	1
3499.152	0.5	3499152	trained	32729	38	memtrain/o_603_1.jpg	photodiode	1
3500.103	0.5	3500103	trained	32740	27	memtrain/o_379_2.jpg	photodiode	1
3501.054	0.5	3501054	untrained	32678	89	memtrain/o_469_1.jpg	photodiode	1
3502.005	0.5	3502005	trained	32745	22	memtrain/o_321_1.jpg	photodiode	1
3502.805	0.5	3502805	catch	32671	n/a	catch_padded.jpg	photodiode	0
3503.081	0.0	3503081	response	6	n/a	n/a	trigger	0
3504.707	0.5	3504707	untrained	32692	75	memtrain/o_564_1.jpg	photodiode	1
3505.508	0.5	3505508	untrained	32695	72	memtrain/o_490_1.jpg	photodiode	1
3506.4	0.5	3506400	untrained	32715	52	memtrain/o_141_1.jpg	photodiode	1
3507.309	0.5	3507309	trained	32737	30	memtrain/o_437_2.jpg	photodiode	1
3508.26	0.5	3508260	trained	32765	2	memtrain/o_035_1.jpg	photodiode	1
3509.052	0.5	3509052	catch	32671	n/a	catch_padded.jpg	photodiode	0
3509.362	0.0	3509362	response	6	n/a	n/a	trigger	0
3510.962	0.5	3510962	trained	32759	8	memtrain/o_094_1.jpg	photodiode	1
3511.855	0.5	3511855	trained	32742	25	memtrain/o_358_2.jpg	photodiode	1
3512.705	0.5	3512705	untrained	32688	79	memtrain/o_600_1.jpg	photodiode	1
3513.656	0.5	3513656	trained	32764	3	memtrain/o_040_2.jpg	photodiode	1
3514.557	0.5	3514557	untrained	32696	71	memtrain/o_483_1.jpg	photodiode	1
3515.508	0.5	3515508	catch	32671	n/a	catch_padded.jpg	photodiode	0
3515.852	0.0	3515852	response	6	n/a	n/a	trigger	0
3517.409	0.5	3517409	trained	32752	15	memtrain/o_195_1.jpg	photodiode	1
3518.26	0.5	3518260	trained	32734	33	memtrain/o_536_1.jpg	photodiode	1
3519.111	0.5	3519111	untrained	32709	58	memtrain/o_192_1.jpg	photodiode	1
3519.962	0.5	3519962	trained	32728	39	memtrain/o_606_1.jpg	photodiode	1
3520.712	0.5	3520712	untrained	32682	85	memtrain/o_218_1.jpg	photodiode	1
3521.513	0.5	3521513	catch	32671	n/a	catch_padded.jpg	photodiode	0
3521.884	0.0	3521884	response	6	n/a	n/a	trigger	0
3523.464	0.5	3523464	untrained	32712	55	memtrain/o_153_2.jpg	photodiode	1
3524.365	0.5	3524365	trained	32751	16	memtrain/o_199_2.jpg	photodiode	1
3525.166	0.5	3525166	trained	32726	41	memtrain/o_663_2.jpg	photodiode	1
3526.067	0.5	3526067	trained	32727	40	memtrain/o_648_2.jpg	photodiode	1
3526.817	0.5	3526817	catch	32671	n/a	catch_padded.jpg	photodiode	0
3527.165	0.0	3527165	response	6	n/a	n/a	trigger	0
3528.869	0.5	3528869	untrained	32680	87	memtrain/o_365_1.jpg	photodiode	1
3529.77	0.5	3529770	untrained	32708	59	memtrain/o_201_2.jpg	photodiode	1
3530.52	0.5	3530520	untrained	32698	69	memtrain/o_464_2.jpg	photodiode	1
3531.471	0.5	3531471	catch	32671	n/a	catch_padded.jpg	photodiode	0
3531.794	0.0	3531794	response	6	n/a	n/a	trigger	0
3533.523	0.5	3533523	untrained	32691	76	memtrain/o_570_1.jpg	photodiode	1
3534.374	0.5	3534374	trained	32748	19	memtrain/o_284_2.jpg	photodiode	1
3535.124	0.5	3535124	trained	32739	28	memtrain/o_397_1.jpg	photodiode	1
3535.917	0.5	3535917	trained	32749	18	memtrain/o_264_2.jpg	photodiode	1
3536.667	0.5	3536667	untrained	32690	77	memtrain/o_574_2.jpg	photodiode	1
3537.576	0.5	3537576	catch	32671	n/a	catch_padded.jpg	photodiode	0
3537.896	0.0	3537896	response	6	n/a	n/a	trigger	0
3539.47	0.5	3539470	untrained	32707	60	memtrain/o_228_2.jpg	photodiode	1
3540.27	0.5	3540270	trained	32746	21	memtrain/o_319_1.jpg	photodiode	1
3541.021	0.5	3541021	untrained	32710	57	memtrain/o_171_1.jpg	photodiode	1
3541.822	0.5	3541822	trained	32756	11	memtrain/o_117_2.jpg	photodiode	1
3542.673	0.5	3542673	untrained	32700	67	memtrain/o_378_1.jpg	photodiode	1
3543.573	0.5	3543573	catch	32671	n/a	catch_padded.jpg	photodiode	0
3543.811	0.0	3543811	response	6	n/a	n/a	trigger	0
3545.475	0.5	3545475	trained	32760	7	memtrain/o_091_2.jpg	photodiode	1
3546.226	0.5	3546226	untrained	32686	81	memtrain/o_655_2.jpg	photodiode	1
3547.026	0.5	3547026	untrained	32679	88	memtrain/o_458_1.jpg	photodiode	1
3547.927	0.5	3547927	catch	32671	n/a	catch_padded.jpg	photodiode	0
3548.283	0.0	3548283	response	6	n/a	n/a	trigger	0
3549.829	0.5	3549829	trained	32761	6	memtrain/o_076_1.jpg	photodiode	1
3550.729	0.5	3550729	untrained	32675	92	memtrain/so_033_1.jpg	photodiode	1
3551.48	0.5	3551480	trained	32762	5	memtrain/o_067_1.jpg	photodiode	1
3552.231	0.5	3552231	trained	32753	14	memtrain/o_174_1.jpg	photodiode	1
3552.981	0.5	3552981	untrained	32681	86	memtrain/o_288_1.jpg	photodiode	1
3553.932	0.5	3553932	catch	32671	n/a	catch_padded.jpg	photodiode	0
3554.159	0.0	3554159	response	6	n/a	n/a	trigger	0
3555.834	0.5	3555834	untrained	32676	91	memtrain/o_605_1.jpg	photodiode	1
3556.634	0.5	3556634	trained	32758	9	memtrain/o_101_2.jpg	photodiode	1
3557.535	0.5	3557535	untrained	32673	94	memtrain/so_067_1.jpg	photodiode	1
3558.386	0.5	3558386	catch	32671	n/a	catch_padded.jpg	photodiode	0
3558.919	0.0	3558919	response	6	n/a	n/a	trigger	0
3560.488	0.5	3560488	trained	32724	43	memtrain/so_043_2.jpg	photodiode	1
3561.438	0.5	3561438	trained	32720	47	memtrain/so_147_2.jpg	photodiode	1
3562.389	0.5	3562389	trained	32741	26	memtrain/o_376_1.jpg	photodiode	1
3563.14	0.5	3563140	catch	32671	n/a	catch_padded.jpg	photodiode	0
3563.65	0.0	3563650	response	6	n/a	n/a	trigger	0
3565.083	0.5	3565083	untrained	32677	90	memtrain/o_580_1.jpg	photodiode	1
3565.834	0.5	3565834	untrained	32693	74	memtrain/o_550_1.jpg	photodiode	1
3566.684	0.5	3566684	trained	32735	32	memtrain/o_485_2.jpg	photodiode	1
3567.435	0.5	3567435	trained	32750	17	memtrain/o_232_1.jpg	photodiode	1
3568.336	0.5	3568336	catch	32671	n/a	catch_padded.jpg	photodiode	0
3568.67	0.0	3568670	response	6	n/a	n/a	trigger	0
3570.288	0.5	3570288	trained	32763	4	memtrain/o_042_1.jpg	photodiode	1
3571.197	0.5	3571197	untrained	32685	82	memtrain/o_656_1.jpg	photodiode	1
3572.039	0.5	3572039	trained	32754	13	memtrain/o_136_1.jpg	photodiode	1
3572.79	0.5	3572790	catch	32671	n/a	catch_padded.jpg	photodiode	0
3573.219	0.0	3573219	response	6	n/a	n/a	trigger	0
3574.691	0.5	3574691	trained	32766	1	memtrain/o_015_1.jpg	photodiode	1
3575.442	0.5	3575442	untrained	32694	73	memtrain/o_519_2.jpg	photodiode	1
3576.243	0.5	3576243	trained	32757	10	memtrain/o_111_2.jpg	photodiode	1
3577.193	0.5	3577193	untrained	32705	62	memtrain/o_304_1.jpg	photodiode	1
3578.044	0.5	3578044	catch	32671	n/a	catch_padded.jpg	photodiode	0
3578.347	0.0	3578347	response	6	n/a	n/a	trigger	0
3580.146	0.5	3580146	untrained	32684	83	memtrain/so_105_1.jpg	photodiode	1
3581.097	0.5	3581097	untrained	32683	84	memtrain/so_117_2.jpg	photodiode	1
3581.847	0.5	3581847	untrained	32697	70	memtrain/o_471_2.jpg	photodiode	1
3582.598	0.5	3582598	trained	32731	36	memtrain/o_583_1.jpg	photodiode	1
3583.399	0.5	3583399	catch	32671	n/a	catch_padded.jpg	photodiode	0
3583.704	0.0	3583704	response	6	n/a	n/a	trigger	0
3585.45	0.5	3585450	untrained	32687	80	memtrain/o_613_1.jpg	photodiode	1
3586.351	0.5	3586351	trained	32743	24	memtrain/o_357_1.jpg	photodiode	1
3587.252	0.5	3587252	untrained	32717	50	memtrain/o_057_2.jpg	photodiode	1
3588.103	0.5	3588103	catch	32671	n/a	catch_padded.jpg	photodiode	0
3588.433	0.0	3588433	response	6	n/a	n/a	trigger	0
3590.154	0.5	3590154	trained	32721	46	memtrain/so_113_1.jpg	photodiode	1
3591.055	0.5	3591055	trained	32767	0	memtrain/o_006_1.jpg	photodiode	1
3591.856	0.5	3591856	untrained	32689	78	memtrain/o_599_1.jpg	photodiode	1
3592.606	0.5	3592606	catch	32671	n/a	catch_padded.jpg	photodiode	0
3592.914	0.0	3592914	response	6	n/a	n/a	trigger	0
3594.708	0.5	3594708	untrained	32716	51	memtrain/o_103_2.jpg	photodiode	1
3595.459	0.5	3595459	trained	32733	34	memtrain/o_558_2.jpg	photodiode	1
3596.301	0.5	3596301	untrained	32713	54	memtrain/o_145_1.jpg	photodiode	1
3597.26	0.5	3597260	catch	32671	n/a	catch_padded.jpg	photodiode	0
3597.572	0.0	3597572	response	6	n/a	n/a	trigger	0
3599.354	0.5	3599354	trained	32725	42	memtrain/so_034_2.jpg	photodiode	1
3600.255	0.5	3600255	trained	32722	45	memtrain/so_090_2.jpg	photodiode	1
3601.155	0.5	3601155	untrained	32714	53	memtrain/o_142_2.jpg	photodiode	1
3601.906	0.5	3601906	catch	32671	n/a	catch_padded.jpg	photodiode	0
3602.19	0.0	3602190	response	6	n/a	n/a	trigger	0
3603.958	0.5	3603958	untrained	32702	65	memtrain/o_337_2.jpg	photodiode	1
3604.909	0.5	3604909	untrained	32672	95	memtrain/so_125_1.jpg	photodiode	1
3605.759	0.5	3605759	untrained	32699	68	memtrain/o_393_1.jpg	photodiode	1
3606.51	0.5	3606510	catch	32671	n/a	catch_padded.jpg	photodiode	0
3606.811	0.0	3606811	response	6	n/a	n/a	trigger	0
3608.462	0.5	3608462	trained	32732	35	memtrain/o_561_2.jpg	photodiode	1
3609.362	0.5	3609362	trained	32747	20	memtrain/o_290_1.jpg	photodiode	1
3610.313	0.5	3610313	trained	32738	29	memtrain/o_416_1.jpg	photodiode	1
3611.114	0.5	3611114	catch	32671	n/a	catch_padded.jpg	photodiode	0
3611.356	0.0	3611356	response	6	n/a	n/a	trigger	0
3613.216	0.5	3613216	trained	32755	12	memtrain/o_127_2.jpg	photodiode	1
3614.016	0.5	3614016	untrained	32704	63	memtrain/o_310_2.jpg	photodiode	1
3614.917	0.5	3614917	untrained	32706	61	memtrain/o_298_2.jpg	photodiode	1
3615.768	0.5	3615768	catch	32671	n/a	catch_padded.jpg	photodiode	0
3616.094	0.0	3616094	response	6	n/a	n/a	trigger	0
3618.251	0.0	3618251	block_end	120	n/a	n/a	trigger	0
3633.644	0.0	3633644	response	6	n/a	n/a	trigger	0
3633.654	0.0	3633654	block_onset	114	n/a	n/a	trigger	0
3635.701	0.5	3635701	trained	32762	5	memtrain/o_067_1.jpg	photodiode	1
3636.66	0.5	3636660	untrained	32692	75	memtrain/o_564_1.jpg	photodiode	1
3637.411	0.5	3637411	untrained	32676	91	memtrain/o_605_1.jpg	photodiode	1
3638.312	0.5	3638312	catch	32671	n/a	catch_padded.jpg	photodiode	0
3638.7	0.0	3638700	response	6	n/a	n/a	trigger	0
3640.414	0.5	3640414	untrained	32673	94	memtrain/so_067_1.jpg	photodiode	1
3641.164	0.5	3641164	trained	32746	21	memtrain/o_319_1.jpg	photodiode	1
3641.957	0.5	3641957	untrained	32682	85	memtrain/o_218_1.jpg	photodiode	1
3642.757	0.5	3642757	catch	32671	n/a	catch_padded.jpg	photodiode	0
3643.116	0.0	3643116	response	6	n/a	n/a	trigger	0
3644.709	0.5	3644709	trained	32766	1	memtrain/o_015_1.jpg	photodiode	1
3645.668	0.5	3645668	trained	32741	26	memtrain/o_376_1.jpg	photodiode	1
3646.511	0.5	3646511	trained	32745	22	memtrain/o_321_1.jpg	photodiode	1
3647.411	0.5	3647411	catch	32671	n/a	catch_padded.jpg	photodiode	0
3647.706	0.0	3647706	response	6	n/a	n/a	trigger	0
3649.363	0.5	3649363	untrained	32685	82	memtrain/o_656_1.jpg	photodiode	1
3650.314	0.5	3650314	untrained	32705	62	memtrain/o_304_1.jpg	photodiode	1
3651.265	0.5	3651265	trained	32743	24	memtrain/o_357_1.jpg	photodiode	1
3652.015	0.5	3652015	trained	32720	47	memtrain/so_147_2.jpg	photodiode	1
3652.916	0.5	3652916	untrained	32703	64	memtrain/o_334_2.jpg	photodiode	1
3653.717	0.5	3653717	catch	32671	n/a	catch_padded.jpg	photodiode	0
3653.966	0.0	3653966	response	6	n/a	n/a	trigger	0
3655.768	0.5	3655768	trained	32723	44	memtrain/so_045_1.jpg	photodiode	1
3656.669	0.5	3656669	trained	32740	27	memtrain/o_379_2.jpg	photodiode	1
3657.52	0.5	3657520	untrained	32698	69	memtrain/o_464_2.jpg	photodiode	1
3658.471	0.5	3658471	trained	32750	17	memtrain/o_232_1.jpg	photodiode	1
3659.321	0.5	3659321	trained	32734	33	memtrain/o_536_1.jpg	photodiode	1
3660.222	0.5	3660222	catch	32671	n/a	catch_padded.jpg	photodiode	0
3660.553	0.0	3660553	response	6	n/a	n/a	trigger	0
3662.274	0.5	3662274	untrained	32706	61	memtrain/o_298_2.jpg	photodiode	1
3663.125	0.5	3663125	untrained	32693	74	memtrain/o_550_1.jpg	photodiode	1
3663.925	0.5	3663925	untrained	32694	73	memtrain/o_519_2.jpg	photodiode	1
3664.876	0.5	3664876	trained	32749	18	memtrain/o_264_2.jpg	photodiode	1
3665.827	0.5	3665827	trained	32729	38	memtrain/o_603_1.jpg	photodiode	1
3666.628	0.5	3666628	catch	32671	n/a	catch_padded.jpg	photodiode	0
3666.91	0.0	3666910	response	6	n/a	n/a	trigger	0
3668.679	0.5	3668679	trained	32724	43	memtrain/so_043_2.jpg	photodiode	1
3669.572	0.5	3669572	trained	32730	37	memtrain/o_597_1.jpg	photodiode	1
3670.372	0.5	3670372	trained	32751	16	memtrain/o_199_2.jpg	photodiode	1
3671.173	0.5	3671173	trained	32752	15	memtrain/o_195_1.jpg	photodiode	1
3672.024	0.5	3672024	catch	32671	n/a	catch_padded.jpg	photodiode	0
3672.402	0.0	3672402	response	6	n/a	n/a	trigger	0
3674.126	0.5	3674126	untrained	32677	90	memtrain/o_580_1.jpg	photodiode	1
3675.076	0.5	3675076	trained	32727	40	memtrain/o_648_2.jpg	photodiode	1
3675.827	0.5	3675827	untrained	32681	86	memtrain/o_288_1.jpg	photodiode	1
3676.678	0.5	3676678	catch	32671	n/a	catch_padded.jpg	photodiode	0
3677.033	0.0	3677033	response	6	n/a	n/a	trigger	0
3678.779	0.5	3678779	untrained	32679	88	memtrain/o_458_1.jpg	photodiode	1
3679.53	0.5	3679530	trained	32738	29	memtrain/o_416_1.jpg	photodiode	1
3680.331	0.5	3680331	trained	32739	28	memtrain/o_397_1.jpg	photodiode	1
3681.282	0.5	3681282	catch	32671	n/a	catch_padded.jpg	photodiode	0
3681.613	0.0	3681613	response	6	n/a	n/a	trigger	0
3683.183	0.5	3683183	trained	32721	46	memtrain/so_113_1.jpg	photodiode	1
3683.934	0.5	3683934	trained	32764	3	memtrain/o_040_2.jpg	photodiode	1
3684.785	0.5	3684785	untrained	32686	81	memtrain/o_655_2.jpg	photodiode	1
3685.685	0.5	3685685	untrained	32702	65	memtrain/o_337_2.jpg	photodiode	1
3686.436	0.5	3686436	untrained	32713	54	memtrain/o_145_1.jpg	photodiode	1
3687.237	0.5	3687237	catch	32671	n/a	catch_padded.jpg	photodiode	0
3687.684	0.0	3687684	response	6	n/a	n/a	trigger	0
3689.238	0.5	3689238	untrained	32687	80	memtrain/o_613_1.jpg	photodiode	1
3690.189	0.5	3690189	untrained	32715	52	memtrain/o_141_1.jpg	photodiode	1
3691.09	0.5	3691090	untrained	32716	51	memtrain/o_103_2.jpg	photodiode	1
3691.941	0.5	3691941	trained	32744	23	memtrain/o_338_2.jpg	photodiode	1
3692.841	0.5	3692841	trained	32725	42	memtrain/so_034_2.jpg	photodiode	1
3693.792	0.5	3693792	catch	32671	n/a	catch_padded.jpg	photodiode	0
3694.23	0.0	3694230	response	6	n/a	n/a	trigger	0
3695.894	0.5	3695894	untrained	32712	55	memtrain/o_153_2.jpg	photodiode	1
3696.645	0.5	3696645	trained	32731	36	memtrain/o_583_1.jpg	photodiode	1
3697.595	0.5	3697595	trained	32728	39	memtrain/o_606_1.jpg	photodiode	1
3698.346	0.5	3698346	untrained	32711	56	memtrain/o_163_2.jpg	photodiode	1
3699.189	0.5	3699189	trained	32758	9	memtrain/o_101_2.jpg	photodiode	1
3699.989	0.5	3699989	catch	32671	n/a	catch_padded.jpg	photodiode	0
3700.31	0.0	3700310	response	6	n/a	n/a	trigger	0
3701.891	0.5	3701891	untrained	32718	49	memtrain/o_054_2.jpg	photodiode	1
3702.792	0.5	3702792	untrained	32710	57	memtrain/o_171_1.jpg	photodiode	1
3703.642	0.5	3703642	trained	32763	4	memtrain/o_042_1.jpg	photodiode	1
3704.601	0.5	3704601	catch	32671	n/a	catch_padded.jpg	photodiode	0
3704.917	0.0	3704917	response	6	n/a	n/a	trigger	0
3706.545	0.5	3706545	trained	32761	6	memtrain/o_076_1.jpg	photodiode	1
3707.446	0.5	3707446	untrained	32689	78	memtrain/o_599_1.jpg	photodiode	1
3708.296	0.5	3708296	untrained	32707	60	memtrain/o_228_2.jpg	photodiode	1
3709.247	0.5	3709247	catch	32671	n/a	catch_padded.jpg	photodiode	0
3709.584	0.0	3709584	response	6	n/a	n/a	trigger	0
3711.299	0.5	3711299	trained	32753	14	memtrain/o_174_1.jpg	photodiode	1
3712.049	0.5	3712049	trained	32748	19	memtrain/o_284_2.jpg	photodiode	1
3712.95	0.5	3712950	untrained	32674	93	memtrain/so_035_1.jpg	photodiode	1
3713.801	0.5	3713801	catch	32671	n/a	catch_padded.jpg	photodiode	0
3714.098	0.0	3714098	response	6	n/a	n/a	trigger	0
3715.703	0.5	3715703	untrained	32700	67	memtrain/o_378_1.jpg	photodiode	1
3716.603	0.5	3716603	untrained	32672	95	memtrain/so_125_1.jpg	photodiode	1
3717.454	0.5	3717454	untrained	32696	71	memtrain/o_483_1.jpg	photodiode	1
3718.255	0.5	3718255	trained	32760	7	memtrain/o_091_2.jpg	photodiode	1
3719.206	0.5	3719206	catch	32671	n/a	catch_padded.jpg	photodiode	0
3719.447	0.0	3719447	response	6	n/a	n/a	trigger	0
3721.307	0.5	3721307	untrained	32701	66	memtrain/o_342_2.jpg	photodiode	1
3722.108	0.5	3722108	untrained	32675	92	memtrain/so_033_1.jpg	photodiode	1
3722.859	0.5	3722859	trained	32726	41	memtrain/o_663_2.jpg	photodiode	1
3723.759	0.5	3723759	untrained	32708	59	memtrain/o_201_2.jpg	photodiode	1
3724.61	0.5	3724610	catch	32671	n/a	catch_padded.jpg	photodiode	0
3724.937	0.0	3724937	response	6	n/a	n/a	trigger	0
3726.562	0.5	3726562	untrained	32690	77	memtrain/o_574_2.jpg	photodiode	1
3727.463	0.5	3727463	untrained	32678	89	memtrain/o_469_1.jpg	photodiode	1
3728.405	0.5	3728405	trained	32722	45	memtrain/so_090_2.jpg	photodiode	1
3729.156	0.5	3729156	untrained	32680	87	memtrain/o_365_1.jpg	photodiode	1
3729.906	0.5	3729906	catch	32671	n/a	catch_padded.jpg	photodiode	0
3730.223	0.0	3730223	response	6	n/a	n/a	trigger	0
3731.808	0.5	3731808	trained	32735	32	memtrain/o_485_2.jpg	photodiode	1
3732.658	0.5	3732658	trained	32759	8	memtrain/o_094_1.jpg	photodiode	1
3733.568	0.5	3733568	untrained	32719	48	memtrain/o_019_2.jpg	photodiode	1
3734.36	0.5	3734360	untrained	32699	68	memtrain/o_393_1.jpg	photodiode	1
3735.161	0.5	3735161	catch	32671	n/a	catch_padded.jpg	photodiode	0
3735.713	0.0	3735713	response	6	n/a	n/a	trigger	0
3737.262	0.5	3737262	trained	32737	30	memtrain/o_437_2.jpg	photodiode	1
3738.213	0.5	3738213	trained	32736	31	memtrain/o_465_2.jpg	photodiode	1
3738.964	0.5	3738964	trained	32742	25	memtrain/o_358_2.jpg	photodiode	1
3739.714	0.5	3739714	trained	32765	2	memtrain/o_035_1.jpg	photodiode	1
3740.665	0.5	3740665	untrained	32691	76	memtrain/o_570_1.jpg	photodiode	1
3741.566	0.5	3741566	catch	32671	n/a	catch_padded.jpg	photodiode	0
3741.861	0.0	3741861	response	6	n/a	n/a	trigger	0
3743.518	0.5	3743518	untrained	32688	79	memtrain/o_600_1.jpg	photodiode	1
3744.469	0.5	3744469	untrained	32697	70	memtrain/o_471_2.jpg	photodiode	1
3745.219	0.5	3745219	untrained	32714	53	memtrain/o_142_2.jpg	photodiode	1
3746.12	0.5	3746120	trained	32767	0	memtrain/o_006_1.jpg	photodiode	1
3746.971	0.5	3746971	catch	32671	n/a	catch_padded.jpg	photodiode	0
3747.305	0.0	3747305	response	6	n/a	n/a	trigger	0
3748.922	0.5	3748922	untrained	32695	72	memtrain/o_490_1.jpg	photodiode	1
3749.873	0.5	3749873	trained	32733	34	memtrain/o_558_2.jpg	photodiode	1
3750.774	0.5	3750774	trained	32732	35	memtrain/o_561_2.jpg	photodiode	1
3751.575	0.5	3751575	trained	32756	11	memtrain/o_117_2.jpg	photodiode	1
3752.325	0.5	3752325	catch	32671	n/a	catch_padded.jpg	photodiode	0
3752.79	0.0	3752790	response	6	n/a	n/a	trigger	0
3754.277	0.5	3754277	untrained	32704	63	memtrain/o_310_2.jpg	photodiode	1
3755.027	0.5	3755027	trained	32755	12	memtrain/o_127_2.jpg	photodiode	1
3755.828	0.5	3755828	trained	32747	20	memtrain/o_290_1.jpg	photodiode	1
3756.571	0.5	3756571	untrained	32717	50	memtrain/o_057_2.jpg	photodiode	1
3757.521	0.5	3757521	catch	32671	n/a	catch_padded.jpg	photodiode	0
3757.784	0.0	3757784	response	6	n/a	n/a	trigger	0
3759.423	0.5	3759423	untrained	32683	84	memtrain/so_117_2.jpg	photodiode	1
3760.274	0.5	3760274	trained	32754	13	memtrain/o_136_1.jpg	photodiode	1
3761.024	0.5	3761024	untrained	32684	83	memtrain/so_105_1.jpg	photodiode	1
3761.825	0.5	3761825	trained	32757	10	memtrain/o_111_2.jpg	photodiode	1
3762.776	0.5	3762776	catch	32671	n/a	catch_padded.jpg	photodiode	0
3763.141	0.0	3763141	response	6	n/a	n/a	trigger	0
3764.677	0.5	3764677	untrained	32709	58	memtrain/o_192_1.jpg	photodiode	1
3765.528	0.5	3765528	untrained	32712	55	memtrain/o_153_2.jpg	photodiode	1
3766.279	0.5	3766279	trained	32741	26	memtrain/o_376_1.jpg	photodiode	1
3767.18	0.5	3767180	catch	32671	n/a	catch_padded.jpg	photodiode	0
3767.488	0.0	3767488	response	6	n/a	n/a	trigger	0
3769.281	0.5	3769281	trained	32763	4	memtrain/o_042_1.jpg	photodiode	1
3770.182	0.5	3770182	trained	32732	35	memtrain/o_561_2.jpg	photodiode	1
3771.083	0.5	3771083	untrained	32694	73	memtrain/o_519_2.jpg	photodiode	1
3771.833	0.5	3771833	catch	32671	n/a	catch_padded.jpg	photodiode	0
3772.238	0.0	3772238	response	6	n/a	n/a	trigger	0
3773.735	0.5	3773735	untrained	32689	78	memtrain/o_599_1.jpg	photodiode	1
3774.636	0.5	3774636	trained	32731	36	memtrain/o_583_1.jpg	photodiode	1
3775.487	0.5	3775487	untrained	32706	61	memtrain/o_298_2.jpg	photodiode	1
3776.437	0.5	3776437	trained	32726	41	memtrain/o_663_2.jpg	photodiode	1
3777.288	0.5	3777288	catch	32671	n/a	catch_padded.jpg	photodiode	0
3777.793	0.0	3777793	response	6	n/a	n/a	trigger	0
3779.24	0.5	3779240	untrained	32717	50	memtrain/o_057_2.jpg	photodiode	1
3779.99	0.5	3779990	untrained	32718	49	memtrain/o_054_2.jpg	photodiode	1
3780.941	0.5	3780941	untrained	32710	57	memtrain/o_171_1.jpg	photodiode	1
3781.742	0.5	3781742	trained	32762	5	memtrain/o_067_1.jpg	photodiode	1
3782.693	0.5	3782693	catch	32671	n/a	catch_padded.jpg	photodiode	0
3783.036	0.0	3783036	response	6	n/a	n/a	trigger	0
3784.694	0.5	3784694	trained	32757	10	memtrain/o_111_2.jpg	photodiode	1
3785.595	0.5	3785595	untrained	32701	66	memtrain/o_342_2.jpg	photodiode	1
3786.396	0.5	3786396	trained	32725	42	memtrain/so_034_2.jpg	photodiode	1
3787.188	0.5	3787188	catch	32671	n/a	catch_padded.jpg	photodiode	0
3787.492	0.0	3787492	response	6	n/a	n/a	trigger	0
3789.09	0.5	3789090	trained	32724	43	memtrain/so_043_2.jpg	photodiode	1
3789.94	0.5	3789940	trained	32751	16	memtrain/o_199_2.jpg	photodiode	1
3790.791	0.5	3790791	untrained	32684	83	memtrain/so_105_1.jpg	photodiode	1
3791.542	0.5	3791542	trained	32765	2	memtrain/o_035_1.jpg	photodiode	1
3792.443	0.5	3792443	untrained	32708	59	memtrain/o_201_2.jpg	photodiode	1
3793.393	0.5	3793393	catch	32671	n/a	catch_padded.jpg	photodiode	0
3793.773	0.0	3793773	response	6	n/a	n/a	trigger	0
3795.345	0.5	3795345	untrained	32709	58	memtrain/o_192_1.jpg	photodiode	1
3796.146	0.5	3796146	untrained	32705	62	memtrain/o_304_1.jpg	photodiode	1
3796.946	0.5	3796946	trained	32737	30	memtrain/o_437_2.jpg	photodiode	1
3797.797	0.5	3797797	catch	32671	n/a	catch_padded.jpg	photodiode	0
3798.184	0.0	3798184	response	6	n/a	n/a	trigger	0
3799.699	0.5	3799699	untrained	32672	95	memtrain/so_125_1.jpg	photodiode	1
3800.649	0.5	3800649	untrained	32685	82	memtrain/o_656_1.jpg	photodiode	1
3801.55	0.5	3801550	trained	32758	9	memtrain/o_101_2.jpg	photodiode	1
3802.351	0.5	3802351	untrained	32677	90	memtrain/o_580_1.jpg	photodiode	1
3803.152	0.5	3803152	trained	32752	15	memtrain/o_195_1.jpg	photodiode	1
3804.102	0.5	3804102	catch	32671	n/a	catch_padded.jpg	photodiode	0
3804.41	0.0	3804410	response	6	n/a	n/a	trigger	0
3806.104	0.5	3806104	untrained	32676	91	memtrain/o_605_1.jpg	photodiode	1
3806.855	0.5	3806855	trained	32729	38	memtrain/o_603_1.jpg	photodiode	1
3807.655	0.5	3807655	trained	32740	27	memtrain/o_379_2.jpg	photodiode	1
3808.506	0.5	3808506	trained	32722	45	memtrain/so_090_2.jpg	photodiode	1
3809.457	0.5	3809457	untrained	32683	84	memtrain/so_117_2.jpg	photodiode	1
3810.258	0.5	3810258	catch	32671	n/a	catch_padded.jpg	photodiode	0
3810.535	0.0	3810535	response	6	n/a	n/a	trigger	0
3812.259	0.5	3812259	untrained	32713	54	memtrain/o_145_1.jpg	photodiode	1
3813.06	0.5	3813060	trained	32742	25	memtrain/o_358_2.jpg	photodiode	1
3814.011	0.5	3814011	trained	32745	22	memtrain/o_321_1.jpg	photodiode	1
3814.903	0.5	3814903	trained	32760	7	memtrain/o_091_2.jpg	photodiode	1
3815.712	0.5	3815712	trained	32759	8	memtrain/o_094_1.jpg	photodiode	1
3816.455	0.5	3816455	catch	32671	n/a	catch_padded.jpg	photodiode	0
3816.811	0.0	3816811	response	6	n/a	n/a	trigger	0
3818.556	0.5	3818556	trained	32733	34	memtrain/o_558_2.jpg	photodiode	1
3819.407	0.5	3819407	untrained	32687	80	memtrain/o_613_1.jpg	photodiode	1
3820.308	0.5	3820308	trained	32767	0	memtrain/o_006_1.jpg	photodiode	1
3821.209	0.5	3821209	catch	32671	n/a	catch_padded.jpg	photodiode	0
3821.53	0.0	3821530	response	6	n/a	n/a	trigger	0
3823.16	0.5	3823160	trained	32723	44	memtrain/so_045_1.jpg	photodiode	1
3823.911	0.5	3823911	trained	32761	6	memtrain/o_076_1.jpg	photodiode	1
3824.812	0.5	3824812	trained	32736	31	memtrain/o_465_2.jpg	photodiode	1
3825.662	0.5	3825662	catch	32671	n/a	catch_padded.jpg	photodiode	0
3826.001	0.0	3826001	response	6	n/a	n/a	trigger	0
3827.614	0.5	3827614	trained	32750	17	memtrain/o_232_1.jpg	photodiode	1
3828.365	0.5	3828365	untrained	32691	76	memtrain/o_570_1.jpg	photodiode	1
3829.215	0.5	3829215	trained	32728	39	memtrain/o_606_1.jpg	photodiode	1
3829.966	0.5	3829966	untrained	32716	51	memtrain/o_103_2.jpg	photodiode	1
3830.917	0.5	3830917	trained	32753	14	memtrain/o_174_1.jpg	photodiode	1
3831.868	0.5	3831868	catch	32671	n/a	catch_padded.jpg	photodiode	0
3832.176	0.0	3832176	response	6	n/a	n/a	trigger	0
3833.869	0.5	3833869	trained	32764	3	memtrain/o_040_2.jpg	photodiode	1
3834.62	0.5	3834620	trained	32766	1	memtrain/o_015_1.jpg	photodiode	1
3835.571	0.5	3835571	untrained	32693	74	memtrain/o_550_1.jpg	photodiode	1
3836.372	0.5	3836372	trained	32755	12	memtrain/o_127_2.jpg	photodiode	1
3837.272	0.5	3837272	untrained	32715	52	memtrain/o_141_1.jpg	photodiode	1
3838.173	0.5	3838173	catch	32671	n/a	catch_padded.jpg	photodiode	0
3838.534	0.0	3838534	response	6	n/a	n/a	trigger	0
3840.125	0.5	3840125	untrained	32719	48	memtrain/o_019_2.jpg	photodiode	1
3841.025	0.5	3841025	trained	32734	33	memtrain/o_536_1.jpg	photodiode	1
3841.826	0.5	3841826	trained	32727	40	memtrain/o_648_2.jpg	photodiode	1
3842.727	0.5	3842727	trained	32721	46	memtrain/so_113_1.jpg	photodiode	1
3843.578	0.5	3843578	catch	32671	n/a	catch_padded.jpg	photodiode	0
3843.91	0.0	3843910	response	6	n/a	n/a	trigger	0
3845.479	0.5	3845479	untrained	32675	92	memtrain/so_033_1.jpg	photodiode	1
3846.33	0.5	3846330	untrained	32714	53	memtrain/o_142_2.jpg	photodiode	1
3847.272	0.5	3847272	untrained	32696	71	memtrain/o_483_1.jpg	photodiode	1
3848.132	0.5	3848132	catch	32671	n/a	catch_padded.jpg	photodiode	0
3848.553	0.0	3848553	response	6	n/a	n/a	trigger	0
3850.225	0.5	3850225	untrained	32673	94	memtrain/so_067_1.jpg	photodiode	1
3851.176	0.5	3851176	untrained	32695	72	memtrain/o_490_1.jpg	photodiode	1
3851.926	0.5	3851926	untrained	32678	89	memtrain/o_469_1.jpg	photodiode	1
3852.727	0.5	3852727	trained	32747	20	memtrain/o_290_1.jpg	photodiode	1
3853.578	0.5	3853578	catch	32671	n/a	catch_padded.jpg	photodiode	0
3853.854	0.0	3853854	response	6	n/a	n/a	trigger	0
3855.579	0.5	3855579	trained	32735	32	memtrain/o_485_2.jpg	photodiode	1
3856.38	0.5	3856380	untrained	32704	63	memtrain/o_310_2.jpg	photodiode	1
3857.231	0.5	3857231	untrained	32680	87	memtrain/o_365_1.jpg	photodiode	1
3858.132	0.5	3858132	trained	32738	29	memtrain/o_416_1.jpg	photodiode	1
3858.941	0.5	3858941	catch	32671	n/a	catch_padded.jpg	photodiode	0
3859.209	0.0	3859209	response	6	n/a	n/a	trigger	0
3860.934	0.5	3860934	untrained	32686	81	memtrain/o_655_2.jpg	photodiode	1
3861.685	0.5	3861685	trained	32739	28	memtrain/o_397_1.jpg	photodiode	1
3862.535	0.5	3862535	trained	32730	37	memtrain/o_597_1.jpg	photodiode	1
3863.486	0.5	3863486	trained	32756	11	memtrain/o_117_2.jpg	photodiode	1
3864.237	0.5	3864237	trained	32748	19	memtrain/o_284_2.jpg	photodiode	1
3865.188	0.5	3865188	catch	32671	n/a	catch_padded.jpg	photodiode	0
3865.601	0.0	3865601	response	6	n/a	n/a	trigger	0
3867.089	0.5	3867089	trained	32749	18	memtrain/o_264_2.jpg	photodiode	1
3867.89	0.5	3867890	untrained	32707	60	memtrain/o_228_2.jpg	photodiode	1
3868.791	0.5	3868791	trained	32743	24	memtrain/o_357_1.jpg	photodiode	1
3869.691	0.5	3869691	untrained	32681	86	memtrain/o_288_1.jpg	photodiode	1
3870.592	0.5	3870592	trained	32720	47	memtrain/so_147_2.jpg	photodiode	1
3871.543	0.5	3871543	catch	32671	n/a	catch_padded.jpg	photodiode	0
3871.766	0.0	3871766	response	6	n/a	n/a	trigger	0
3873.486	0.5	3873486	untrained	32679	88	memtrain/o_458_1.jpg	photodiode	1
3874.387	0.5	3874387	trained	32754	13	memtrain/o_136_1.jpg	photodiode	1
3875.238	0.5	3875238	trained	32746	21	memtrain/o_319_1.jpg	photodiode	1
3876.097	0.5	3876097	untrained	32682	85	memtrain/o_218_1.jpg	photodiode	1
3876.839	0.5	3876839	untrained	32697	70	memtrain/o_471_2.jpg	photodiode	1
3877.74	0.5	3877740	catch	32671	n/a	catch_padded.jpg	photodiode	0
3878.052	0.0	3878052	response	6	n/a	n/a	trigger	0
3879.742	0.5	3879742	untrained	32692	75	memtrain/o_564_1.jpg	photodiode	1
3880.592	0.5	3880592	untrained	32700	67	memtrain/o_378_1.jpg	photodiode	1
3881.343	0.5	3881343	untrained	32699	68	memtrain/o_393_1.jpg	photodiode	1
3882.244	0.5	3882244	untrained	32702	65	memtrain/o_337_2.jpg	photodiode	1
3883.044	0.5	3883044	catch	32671	n/a	catch_padded.jpg	photodiode	0
3883.654	0.0	3883654	response	6	n/a	n/a	trigger	0
3885.096	0.5	3885096	untrained	32688	79	memtrain/o_600_1.jpg	photodiode	1
3885.947	0.5	3885947	untrained	32690	77	memtrain/o_574_2.jpg	photodiode	1
3886.848	0.5	3886848	untrained	32703	64	memtrain/o_334_2.jpg	photodiode	1
3887.698	0.5	3887698	untrained	32711	56	memtrain/o_163_2.jpg	photodiode	1
3888.649	0.5	3888649	catch	32671	n/a	catch_padded.jpg	photodiode	0
3889.164	0.0	3889164	response	6	n/a	n/a	trigger	0
3890.651	0.5	3890651	untrained	32698	69	memtrain/o_464_2.jpg	photodiode	1
3891.552	0.5	3891552	untrained	32674	93	memtrain/so_035_1.jpg	photodiode	1
3892.302	0.5	3892302	trained	32744	23	memtrain/o_338_2.jpg	photodiode	1
3893.153	0.5	3893153	catch	32671	n/a	catch_padded.jpg	photodiode	0
3893.514	0.0	3893514	response	6	n/a	n/a	trigger	0
3895.627	0.0	3895627	block_end	120	n/a	n/a	trigger	0
3910.79	0.0	3910790	response	6	n/a	n/a	trigger	0
3910.797	0.0	3910797	block_onset	115	n/a	n/a	trigger	0
3912.853	0.5	3912853	untrained	32703	64	memtrain/o_334_2.jpg	photodiode	1
3913.654	0.5	3913654	trained	32720	47	memtrain/so_147_2.jpg	photodiode	1
3914.404	0.5	3914404	untrained	32680	87	memtrain/o_365_1.jpg	photodiode	1
3915.255	0.5	3915255	trained	32746	21	memtrain/o_319_1.jpg	photodiode	1
3916.106	0.5	3916106	trained	32740	27	memtrain/o_379_2.jpg	photodiode	1
3917.057	0.5	3917057	catch	32671	n/a	catch_padded.jpg	photodiode	0
3917.362	0.0	3917362	response	6	n/a	n/a	trigger	0
3919.0	0.5	3919000	trained	32727	40	memtrain/o_648_2.jpg	photodiode	1
3919.901	0.5	3919901	untrained	32705	62	memtrain/o_304_1.jpg	photodiode	1
3920.651	0.5	3920651	trained	32734	33	memtrain/o_536_1.jpg	photodiode	1
3921.51	0.5	3921510	catch	32671	n/a	catch_padded.jpg	photodiode	0
3921.889	0.0	3921889	response	6	n/a	n/a	trigger	0
3923.454	0.5	3923454	untrained	32709	58	memtrain/o_192_1.jpg	photodiode	1
3924.304	0.5	3924304	trained	32745	22	memtrain/o_321_1.jpg	photodiode	1
3925.105	0.5	3925105	untrained	32696	71	memtrain/o_483_1.jpg	photodiode	1
3926.056	0.5	3926056	catch	32671	n/a	catch_padded.jpg	photodiode	0
3926.369	0.0	3926369	response	6	n/a	n/a	trigger	0
3928.066	0.5	3928066	trained	32763	4	memtrain/o_042_1.jpg	photodiode	1
3928.858	0.5	3928858	untrained	32688	79	memtrain/o_600_1.jpg	photodiode	1
3929.759	0.5	3929759	trained	32744	23	memtrain/o_338_2.jpg	photodiode	1
3930.61	0.5	3930610	untrained	32676	91	memtrain/o_605_1.jpg	photodiode	1
3931.51	0.5	3931510	trained	32736	31	memtrain/o_465_2.jpg	photodiode	1
3932.311	0.5	3932311	catch	32671	n/a	catch_padded.jpg	photodiode	0
3932.524	0.0	3932524	response	6	n/a	n/a	trigger	0
3934.371	0.5	3934371	untrained	32701	66	memtrain/o_342_2.jpg	photodiode	1
3935.113	0.5	3935113	untrained	32719	48	memtrain/o_019_2.jpg	photodiode	1
3936.014	0.5	3936014	untrained	32706	61	memtrain/o_298_2.jpg	photodiode	1
3936.765	0.5	3936765	catch	32671	n/a	catch_padded.jpg	photodiode	0
3937.099	0.0	3937099	response	6	n/a	n/a	trigger	0
3938.817	0.5	3938817	untrained	32672	95	memtrain/so_125_1.jpg	photodiode	1
3939.667	0.5	3939667	untrained	32700	67	memtrain/o_378_1.jpg	photodiode	1
3940.418	0.5	3940418	trained	32751	16	memtrain/o_199_2.jpg	photodiode	1
3941.269	0.5	3941269	untrained	32674	93	memtrain/so_035_1.jpg	photodiode	1
3942.169	0.5	3942169	trained	32730	37	memtrain/o_597_1.jpg	photodiode	1
3943.12	0.5	3943120	catch	32671	n/a	catch_padded.jpg	photodiode	0
3943.419	0.0	3943419	response	6	n/a	n/a	trigger	0
3945.122	0.5	3945122	untrained	32714	53	memtrain/o_142_2.jpg	photodiode	1
3946.073	0.5	3946073	untrained	32685	82	memtrain/o_656_1.jpg	photodiode	1
3946.974	0.5	3946974	trained	32742	25	memtrain/o_358_2.jpg	photodiode	1
3947.874	0.5	3947874	untrained	32687	80	memtrain/o_613_1.jpg	photodiode	1
3948.675	0.5	3948675	catch	32671	n/a	catch_padded.jpg	photodiode	0
3949.049	0.0	3949049	response	6	n/a	n/a	trigger	0
3950.618	0.5	3950618	untrained	32712	55	memtrain/o_153_2.jpg	photodiode	1
3951.369	0.5	3951369	trained	32757	10	memtrain/o_111_2.jpg	photodiode	1
3952.17	0.5	3952170	trained	32738	29	memtrain/o_416_1.jpg	photodiode	1
3953.07	0.5	3953070	catch	32671	n/a	catch_padded.jpg	photodiode	0
3953.543	0.0	3953543	response	6	n/a	n/a	trigger	0
3955.172	0.5	3955172	trained	32753	14	memtrain/o_174_1.jpg	photodiode	1
3955.973	0.5	3955973	untrained	32699	68	memtrain/o_393_1.jpg	photodiode	1
3956.824	0.5	3956824	untrained	32678	89	memtrain/o_469_1.jpg	photodiode	1
3957.574	0.5	3957574	catch	32671	n/a	catch_padded.jpg	photodiode	0
3958.152	0.0	3958152	response	6	n/a	n/a	trigger	0
3959.626	0.5	3959626	untrained	32697	70	memtrain/o_471_2.jpg	photodiode	1
3960.427	0.5	3960427	untrained	32681	86	memtrain/o_288_1.jpg	photodiode	1
3961.277	0.5	3961277	untrained	32718	49	memtrain/o_054_2.jpg	photodiode	1
3962.228	0.5	3962228	catch	32671	n/a	catch_padded.jpg	photodiode	0
3962.564	0.0	3962564	response	6	n/a	n/a	trigger	0
3964.23	0.5	3964230	untrained	32694	73	memtrain/o_519_2.jpg	photodiode	1
3965.131	0.5	3965131	untrained	32686	81	memtrain/o_655_2.jpg	photodiode	1
3965.881	0.5	3965881	untrained	32715	52	memtrain/o_141_1.jpg	photodiode	1
3966.632	0.5	3966632	catch	32671	n/a	catch_padded.jpg	photodiode	0
3967.072	0.0	3967072	response	6	n/a	n/a	trigger	0
3968.584	0.5	3968584	trained	32754	13	memtrain/o_136_1.jpg	photodiode	1
3969.334	0.5	3969334	untrained	32707	60	memtrain/o_228_2.jpg	photodiode	1
3970.235	0.5	3970235	untrained	32717	50	memtrain/o_057_2.jpg	photodiode	1
3971.086	0.5	3971086	trained	32731	36	memtrain/o_583_1.jpg	photodiode	1
3971.987	0.5	3971987	catch	32671	n/a	catch_padded.jpg	photodiode	0
3972.306	0.0	3972306	response	6	n/a	n/a	trigger	0
3974.038	0.5	3974038	untrained	32698	69	memtrain/o_464_2.jpg	photodiode	1
3974.989	0.5	3974989	trained	32761	6	memtrain/o_076_1.jpg	photodiode	1
3975.74	0.5	3975740	trained	32726	41	memtrain/o_663_2.jpg	photodiode	1
3976.54	0.5	3976540	trained	32759	8	memtrain/o_094_1.jpg	photodiode	1
3977.433	0.5	3977433	trained	32750	17	memtrain/o_232_1.jpg	photodiode	1
3978.183	0.5	3978183	catch	32671	n/a	catch_padded.jpg	photodiode	0
3978.468	0.0	3978468	response	6	n/a	n/a	trigger	0
3980.285	0.5	3980285	untrained	32695	72	memtrain/o_490_1.jpg	photodiode	1
3981.136	0.5	3981136	trained	32732	35	memtrain/o_561_2.jpg	photodiode	1
3982.037	0.5	3982037	trained	32724	43	memtrain/so_043_2.jpg	photodiode	1
3982.837	0.5	3982837	trained	32760	7	memtrain/o_091_2.jpg	photodiode	1
3983.738	0.5	3983738	catch	32671	n/a	catch_padded.jpg	photodiode	0
3984.076	0.0	3984076	response	6	n/a	n/a	trigger	0
3985.74	0.5	3985740	untrained	32713	54	memtrain/o_145_1.jpg	photodiode	1
3986.691	0.5	3986691	untrained	32708	59	memtrain/o_201_2.jpg	photodiode	1
3987.641	0.5	3987641	trained	32733	34	memtrain/o_558_2.jpg	photodiode	1
3988.492	0.5	3988492	trained	32729	38	memtrain/o_603_1.jpg	photodiode	1
3989.243	0.5	3989243	catch	32671	n/a	catch_padded.jpg	photodiode	0
3989.558	0.0	3989558	response	6	n/a	n/a	trigger	0
3991.194	0.5	3991194	trained	32728	39	memtrain/o_606_1.jpg	photodiode	1
3992.045	0.5	3992045	trained	32722	45	memtrain/so_090_2.jpg	photodiode	1
3992.846	0.5	3992846	trained	32755	12	memtrain/o_127_2.jpg	photodiode	1
3993.696	0.5	3993696	untrained	32673	94	memtrain/so_067_1.jpg	photodiode	1
3994.547	0.5	3994547	catch	32671	n/a	catch_padded.jpg	photodiode	0
3994.839	0.0	3994839	response	6	n/a	n/a	trigger	0
3996.649	0.5	3996649	trained	32752	15	memtrain/o_195_1.jpg	photodiode	1
3997.55	0.5	3997550	untrained	32711	56	memtrain/o_163_2.jpg	photodiode	1
3998.4	0.5	3998400	trained	32764	3	memtrain/o_040_2.jpg	photodiode	1
3999.351	0.5	3999351	catch	32671	n/a	catch_padded.jpg	photodiode	0
3999.617	0.0	3999617	response	6	n/a	n/a	trigger	0
4001.303	0.5	4001303	untrained	32693	74	memtrain/o_550_1.jpg	photodiode	1
4002.104	0.5	4002104	trained	32748	19	memtrain/o_284_2.jpg	photodiode	1
4002.904	0.5	4002904	untrained	32677	90	memtrain/o_580_1.jpg	photodiode	1
4003.855	0.5	4003855	catch	32671	n/a	catch_padded.jpg	photodiode	0
4004.108	0.0	4004108	response	6	n/a	n/a	trigger	0
4005.807	0.5	4005807	trained	32767	0	memtrain/o_006_1.jpg	photodiode	1
4006.749	0.5	4006749	untrained	32702	65	memtrain/o_337_2.jpg	photodiode	1
4007.55	0.5	4007550	trained	32758	9	memtrain/o_101_2.jpg	photodiode	1
4008.401	0.5	4008401	untrained	32684	83	memtrain/so_105_1.jpg	photodiode	1
4009.352	0.5	4009352	catch	32671	n/a	catch_padded.jpg	photodiode	0
4009.717	0.0	4009717	response	6	n/a	n/a	trigger	0
4011.453	0.5	4011453	untrained	32716	51	memtrain/o_103_2.jpg	photodiode	1
4012.404	0.5	4012404	untrained	32690	77	memtrain/o_574_2.jpg	photodiode	1
4013.163	0.5	4013163	untrained	32683	84	memtrain/so_117_2.jpg	photodiode	1
4013.955	0.5	4013955	trained	32739	28	memtrain/o_397_1.jpg	photodiode	1
4014.906	0.5	4014906	trained	32721	46	memtrain/so_113_1.jpg	photodiode	1
4015.807	0.5	4015807	catch	32671	n/a	catch_padded.jpg	photodiode	0
4016.096	0.0	4016096	response	6	n/a	n/a	trigger	0
4017.809	0.5	4017809	untrained	32675	92	memtrain/so_033_1.jpg	photodiode	1
4018.76	0.5	4018760	untrained	32689	78	memtrain/o_599_1.jpg	photodiode	1
4019.51	0.5	4019510	trained	32765	2	memtrain/o_035_1.jpg	photodiode	1
4020.411	0.5	4020411	untrained	32692	75	memtrain/o_564_1.jpg	photodiode	1
4021.262	0.5	4021262	trained	32743	24	memtrain/o_357_1.jpg	photodiode	1
4022.112	0.5	4022112	catch	32671	n/a	catch_padded.jpg	photodiode	0
4022.541	0.0	4022541	response	6	n/a	n/a	trigger	0
4024.014	0.5	4024014	trained	32735	32	memtrain/o_485_2.jpg	photodiode	1
4024.765	0.5	4024765	trained	32749	18	memtrain/o_264_2.jpg	photodiode	1
4025.715	0.5	4025715	trained	32747	20	memtrain/o_290_1.jpg	photodiode	1
4026.666	0.5	4026666	untrained	32679	88	memtrain/o_458_1.jpg	photodiode	1
4027.567	0.5	4027567	untrained	32704	63	memtrain/o_310_2.jpg	photodiode	1
4028.318	0.5	4028318	catch	32671	n/a	catch_padded.jpg	photodiode	0
4028.676	0.0	4028676	response	6	n/a	n/a	trigger	0
4030.269	0.5	4030269	untrained	32682	85	memtrain/o_218_1.jpg	photodiode	1
4031.12	0.5	4031120	trained	32762	5	memtrain/o_067_1.jpg	photodiode	1
4031.912	0.5	4031912	trained	32725	42	memtrain/so_034_2.jpg	photodiode	1
4032.771	0.5	4032771	trained	32766	1	memtrain/o_015_1.jpg	photodiode	1
4033.522	0.5	4033522	catch	32671	n/a	catch_padded.jpg	photodiode	0
4034.023	0.0	4034023	response	6	n/a	n/a	trigger	0
4035.565	0.5	4035565	trained	32737	30	memtrain/o_437_2.jpg	photodiode	1
4036.316	0.5	4036316	trained	32723	44	memtrain/so_045_1.jpg	photodiode	1
4037.267	0.5	4037267	trained	32756	11	memtrain/o_117_2.jpg	photodiode	1
4038.117	0.5	4038117	catch	32671	n/a	catch_padded.jpg	photodiode	0
4038.472	0.0	4038472	response	6	n/a	n/a	trigger	0
4040.019	0.5	4040019	untrained	32710	57	memtrain/o_171_1.jpg	photodiode	1
4040.92	0.5	4040920	untrained	32691	76	memtrain/o_570_1.jpg	photodiode	1
4041.829	0.5	4041829	trained	32741	26	memtrain/o_376_1.jpg	photodiode	1
4042.571	0.5	4042571	catch	32671	n/a	catch_padded.jpg	photodiode	0
4042.943	0.0	4042943	response	6	n/a	n/a	trigger	0
4044.673	0.5	4044673	trained	32752	15	memtrain/o_195_1.jpg	photodiode	1
4045.524	0.5	4045524	trained	32723	44	memtrain/so_045_1.jpg	photodiode	1
4046.374	0.5	4046374	trained	32725	42	memtrain/so_034_2.jpg	photodiode	1
4047.325	0.5	4047325	untrained	32709	58	memtrain/o_192_1.jpg	photodiode	1
4047.59	0.0	4047590	response	6	n/a	n/a	trigger	0
4048.226	0.5	4048226	catch	32671	n/a	catch_padded.jpg	photodiode	0
4048.43	0.0	4048430	response	6	n/a	n/a	trigger	0
4050.228	0.5	4050228	untrained	32676	91	memtrain/o_605_1.jpg	photodiode	1
4051.179	0.5	4051179	trained	32757	10	memtrain/o_111_2.jpg	photodiode	1
4052.129	0.5	4052129	untrained	32675	92	memtrain/so_033_1.jpg	photodiode	1
4052.88	0.5	4052880	trained	32724	43	memtrain/so_043_2.jpg	photodiode	1
4053.731	0.5	4053731	catch	32671	n/a	catch_padded.jpg	photodiode	0
4053.977	0.0	4053977	response	6	n/a	n/a	trigger	0
4055.782	0.5	4055782	untrained	32682	85	memtrain/o_218_1.jpg	photodiode	1
4056.733	0.5	4056733	trained	32741	26	memtrain/o_376_1.jpg	photodiode	1
4057.584	0.5	4057584	trained	32766	1	memtrain/o_015_1.jpg	photodiode	1
4058.535	0.5	4058535	trained	32762	5	memtrain/o_067_1.jpg	photodiode	1
4059.386	0.5	4059386	trained	32746	21	memtrain/o_319_1.jpg	photodiode	1
4060.136	0.5	4060136	catch	32671	n/a	catch_padded.jpg	photodiode	0
4060.46	0.0	4060460	response	6	n/a	n/a	trigger	0
4062.03	0.5	4062030	untrained	32689	78	memtrain/o_599_1.jpg	photodiode	1
4062.989	0.5	4062989	untrained	32693	74	memtrain/o_550_1.jpg	photodiode	1
4063.839	0.5	4063839	untrained	32707	60	memtrain/o_228_2.jpg	photodiode	1
4064.782	0.5	4064782	catch	32671	n/a	catch_padded.jpg	photodiode	0
4065.13	0.0	4065130	response	6	n/a	n/a	trigger	0
4066.884	0.5	4066884	trained	32727	40	memtrain/o_648_2.jpg	photodiode	1
4067.634	0.5	4067634	trained	32731	36	memtrain/o_583_1.jpg	photodiode	1
4068.535	0.5	4068535	untrained	32718	49	memtrain/o_054_2.jpg	photodiode	1
4069.436	0.5	4069436	untrained	32691	76	memtrain/o_570_1.jpg	photodiode	1
4070.186	0.5	4070186	trained	32737	30	memtrain/o_437_2.jpg	photodiode	1
4071.137	0.5	4071137	catch	32671	n/a	catch_padded.jpg	photodiode	0
4071.457	0.0	4071457	response	6	n/a	n/a	trigger	0
4073.139	0.5	4073139	untrained	32699	68	memtrain/o_393_1.jpg	photodiode	1
4074.09	0.5	4074090	untrained	32719	48	memtrain/o_019_2.jpg	photodiode	1
4074.991	0.5	4074991	untrained	32700	67	memtrain/o_378_1.jpg	photodiode	1
4075.741	0.5	4075741	catch	32671	n/a	catch_padded.jpg	photodiode	0
4076.16	0.0	4076160	response	6	n/a	n/a	trigger	0
4077.643	0.5	4077643	trained	32761	6	memtrain/o_076_1.jpg	photodiode	1
4078.443	0.5	4078443	trained	32750	17	memtrain/o_232_1.jpg	photodiode	1
4079.294	0.5	4079294	untrained	32678	89	memtrain/o_469_1.jpg	photodiode	1
4080.045	0.5	4080045	trained	32743	24	memtrain/o_357_1.jpg	photodiode	1
4080.996	0.5	4080996	catch	32671	n/a	catch_padded.jpg	photodiode	0
4081.292	0.0	4081292	response	6	n/a	n/a	trigger	0
4082.997	0.5	4082997	trained	32720	47	memtrain/so_147_2.jpg	photodiode	1
4083.798	0.5	4083798	trained	32755	12	memtrain/o_127_2.jpg	photodiode	1
4084.749	0.5	4084749	untrained	32685	82	memtrain/o_656_1.jpg	photodiode	1
4085.65	0.5	4085650	trained	32732	35	memtrain/o_561_2.jpg	photodiode	1
4086.6	0.5	4086600	catch	32671	n/a	catch_padded.jpg	photodiode	0
4086.997	0.0	4086997	response	6	n/a	n/a	trigger	0
4088.702	0.5	4088702	untrained	32687	80	memtrain/o_613_1.jpg	photodiode	1
4089.503	0.5	4089503	untrained	32683	84	memtrain/so_117_2.jpg	photodiode	1
4090.395	0.5	4090395	untrained	32714	53	memtrain/o_142_2.jpg	photodiode	1
4091.154	0.5	4091154	catch	32671	n/a	catch_padded.jpg	photodiode	0
4091.581	0.0	4091581	response	6	n/a	n/a	trigger	0
4093.206	0.5	4093206	untrained	32698	69	memtrain/o_464_2.jpg	photodiode	1
4093.948	0.5	4093948	untrained	32680	87	memtrain/o_365_1.jpg	photodiode	1
4094.899	0.5	4094899	untrained	32673	94	memtrain/so_067_1.jpg	photodiode	1
4095.65	0.5	4095650	untrained	32708	59	memtrain/o_201_2.jpg	photodiode	1
4096.5	0.5	4096500	catch	32671	n/a	catch_padded.jpg	photodiode	0
4096.869	0.0	4096869	response	6	n/a	n/a	trigger	0
4098.402	0.5	4098402	trained	32721	46	memtrain/so_113_1.jpg	photodiode	1
4099.253	0.5	4099253	untrained	32702	65	memtrain/o_337_2.jpg	photodiode	1
4100.153	0.5	4100153	trained	32764	3	memtrain/o_040_2.jpg	photodiode	1
4101.004	0.5	4101004	untrained	32692	75	memtrain/o_564_1.jpg	photodiode	1
4101.755	0.5	4101755	trained	32726	41	memtrain/o_663_2.jpg	photodiode	1
4102.605	0.5	4102605	catch	32671	n/a	catch_padded.jpg	photodiode	0
4102.917	0.0	4102917	response	6	n/a	n/a	trigger	0
4104.507	0.5	4104507	untrained	32690	77	memtrain/o_574_2.jpg	photodiode	1
4105.308	0.5	4105308	trained	32754	13	memtrain/o_136_1.jpg	photodiode	1
4106.108	0.5	4106108	untrained	32674	93	memtrain/so_035_1.jpg	photodiode	1
4107.009	0.5	4107009	untrained	32711	56	memtrain/o_163_2.jpg	photodiode	1
4107.91	0.5	4107910	catch	32671	n/a	catch_padded.jpg	photodiode	0
4108.257	0.0	4108257	response	6	n/a	n/a	trigger	0
4109.82	0.5	4109820	untrained	32681	86	memtrain/o_288_1.jpg	photodiode	1
4110.562	0.5	4110562	trained	32759	8	memtrain/o_094_1.jpg	photodiode	1
4111.413	0.5	4111413	trained	32765	2	memtrain/o_035_1.jpg	photodiode	1
4112.214	0.5	4112214	trained	32733	34	memtrain/o_558_2.jpg	photodiode	1
4113.114	0.5	4113114	trained	32751	16	memtrain/o_199_2.jpg	photodiode	1
4114.015	0.5	4114015	catch	32671	n/a	catch_padded.jpg	photodiode	0
4114.3	0.0	4114300	response	6	n/a	n/a	trigger	0
4116.117	0.5	4116117	trained	32729	38	memtrain/o_603_1.jpg	photodiode	1
4116.918	0.5	4116918	untrained	32697	70	memtrain/o_471_2.jpg	photodiode	1
4117.868	0.5	4117868	untrained	32694	73	memtrain/o_519_2.jpg	photodiode	1
4118.719	0.5	4118719	untrained	32696	71	memtrain/o_483_1.jpg	photodiode	1
4119.57	0.5	4119570	catch	32671	n/a	catch_padded.jpg	photodiode	0
4119.948	0.0	4119948	response	6	n/a	n/a	trigger	0
4121.522	0.5	4121522	trained	32747	20	memtrain/o_290_1.jpg	photodiode	1
4122.272	0.5	4122272	untrained	32677	90	memtrain/o_580_1.jpg	photodiode	1
4123.165	0.5	4123165	trained	32728	39	memtrain/o_606_1.jpg	photodiode	1
4123.915	0.5	4123915	untrained	32712	55	memtrain/o_153_2.jpg	photodiode	1
4124.824	0.5	4124824	catch	32671	n/a	catch_padded.jpg	photodiode	0
4125.162	0.0	4125162	response	6	n/a	n/a	trigger	0
4126.768	0.5	4126768	trained	32744	23	memtrain/o_338_2.jpg	photodiode	1
4127.669	0.5	4127669	trained	32767	0	memtrain/o_006_1.jpg	photodiode	1
4128.519	0.5	4128519	trained	32745	22	memtrain/o_321_1.jpg	photodiode	1
4129.42	0.5	4129420	catch	32671	n/a	catch_padded.jpg	photodiode	0
4129.702	0.0	4129702	response	6	n/a	n/a	trigger	0
4131.372	0.5	4131372	trained	32749	18	memtrain/o_264_2.jpg	photodiode	1
4132.172	0.5	4132172	trained	32748	19	memtrain/o_284_2.jpg	photodiode	1
4132.973	0.5	4132973	trained	32734	33	memtrain/o_536_1.jpg	photodiode	1
4133.824	0.5	4133824	untrained	32703	64	memtrain/o_334_2.jpg	photodiode	1
4134.724	0.5	4134724	trained	32730	37	memtrain/o_597_1.jpg	photodiode	1
4134.981	0.0	4134981	response	6	n/a	n/a	trigger	0
4135.625	0.5	4135625	catch	32671	n/a	catch_padded.jpg	photodiode	0
4135.829	0.0	4135829	response	6	n/a	n/a	trigger	0
4137.727	0.5	4137727	untrained	32684	83	memtrain/so_105_1.jpg	photodiode	1
4138.478	0.5	4138478	untrained	32672	95	memtrain/so_125_1.jpg	photodiode	1
4139.428	0.5	4139428	untrained	32701	66	memtrain/o_342_2.jpg	photodiode	1
4140.279	0.5	4140279	catch	32671	n/a	catch_padded.jpg	photodiode	0
4140.573	0.0	4140573	response	6	n/a	n/a	trigger	0
4142.381	0.5	4142381	untrained	32706	61	memtrain/o_298_2.jpg	photodiode	1
4143.132	0.5	4143132	untrained	32715	52	memtrain/o_141_1.jpg	photodiode	1
4143.932	0.5	4143932	untrained	32704	63	memtrain/o_310_2.jpg	photodiode	1
4144.733	0.5	4144733	trained	32763	4	memtrain/o_042_1.jpg	photodiode	1
4145.534	0.5	4145534	untrained	32695	72	memtrain/o_490_1.jpg	photodiode	1
4146.434	0.5	4146434	catch	32671	n/a	catch_padded.jpg	photodiode	0
4146.741	0.0	4146741	response	6	n/a	n/a	trigger	0
4148.336	0.5	4148336	trained	32735	32	memtrain/o_485_2.jpg	photodiode	1
4149.228	0.5	4149228	untrained	32679	88	memtrain/o_458_1.jpg	photodiode	1
4149.987	0.5	4149987	trained	32758	9	memtrain/o_101_2.jpg	photodiode	1
4150.78	0.5	4150780	trained	32753	14	memtrain/o_174_1.jpg	photodiode	1
4151.63	0.5	4151630	untrained	32688	79	memtrain/o_600_1.jpg	photodiode	1
4152.581	0.5	4152581	catch	32671	n/a	catch_padded.jpg	photodiode	0
4152.899	0.0	4152899	response	6	n/a	n/a	trigger	0
4154.533	0.5	4154533	trained	32742	25	memtrain/o_358_2.jpg	photodiode	1
4155.283	0.5	4155283	trained	32740	27	memtrain/o_379_2.jpg	photodiode	1
4156.234	0.5	4156234	trained	32722	45	memtrain/so_090_2.jpg	photodiode	1
4156.985	0.5	4156985	untrained	32717	50	memtrain/o_057_2.jpg	photodiode	1
4157.786	0.5	4157786	catch	32671	n/a	catch_padded.jpg	photodiode	0
4158.053	0.0	4158053	response	6	n/a	n/a	trigger	0
4159.737	0.5	4159737	trained	32736	31	memtrain/o_465_2.jpg	photodiode	1
4160.538	0.5	4160538	untrained	32705	62	memtrain/o_304_1.jpg	photodiode	1
4161.289	0.5	4161289	trained	32739	28	memtrain/o_397_1.jpg	photodiode	1
4162.089	0.5	4162089	trained	32760	7	memtrain/o_091_2.jpg	photodiode	1
4162.89	0.5	4162890	untrained	32710	57	memtrain/o_171_1.jpg	photodiode	1
4163.841	0.5	4163841	catch	32671	n/a	catch_padded.jpg	photodiode	0
4164.241	0.0	4164241	response	6	n/a	n/a	trigger	0
4165.792	0.5	4165792	trained	32756	11	memtrain/o_117_2.jpg	photodiode	1
4166.593	0.5	4166593	untrained	32686	81	memtrain/o_655_2.jpg	photodiode	1
4167.494	0.5	4167494	untrained	32713	54	memtrain/o_145_1.jpg	photodiode	1
4168.244	0.5	4168244	trained	32738	29	memtrain/o_416_1.jpg	photodiode	1
4169.195	0.5	4169195	untrained	32716	51	memtrain/o_103_2.jpg	photodiode	1
4170.146	0.5	4170146	catch	32671	n/a	catch_padded.jpg	photodiode	0
4170.404	0.0	4170404	response	6	n/a	n/a	trigger	0
4172.621	0.0	4172621	block_end	120	n/a	n/a	trigger	0
