onset	duration	sample	trial_type	value	object_id	stimulus_id	onset_source	analysis_include
22.945	0.0	22945	response	7	n/a	n/a	trigger	0
22.955	0.0	22955	block_onset	101	n/a	n/a	trigger	0
25.01	0.5	25010	trained	32758	9	memtrain/o_101_2.jpg	photodiode	1
25.761	0.5	25761	trained	32756	11	memtrain/o_117_2.jpg	photodiode	1
26.662	0.5	26662	untrained	32713	54	memtrain/o_145_1.jpg	photodiode	1
27.612	0.5	27612	untrained	32706	61	memtrain/o_298_2.jpg	photodiode	1
28.463	0.5	28463	untrained	32697	70	memtrain/o_471_2.jpg	photodiode	1
29.356	0.5	29356	catch	32671	n/a	catch_padded.jpg	photodiode	0
29.679	0.0	29679	response	7	n/a	n/a	trigger	0
31.257	0.5	31257	trained	32720	47	memtrain/so_147_2.jpg	photodiode	1
32.158	0.5	32158	untrained	32679	88	memtrain/o_458_1.jpg	photodiode	1
33.059	0.5	33059	trained	32727	40	memtrain/o_648_2.jpg	photodiode	1
33.81	0.5	33810	trained	32737	30	memtrain/o_437_2.jpg	photodiode	1
34.56	0.5	34560	untrained	32680	87	memtrain/o_365_1.jpg	photodiode	1
35.361	0.5	35361	catch	32671	n/a	catch_padded.jpg	photodiode	0
35.657	0.0	35657	response	7	n/a	n/a	trigger	0
37.463	0.5	37463	trained	32740	27	memtrain/o_379_2.jpg	photodiode	1
38.363	0.5	38363	trained	32766	1	memtrain/o_015_1.jpg	photodiode	1
39.314	0.5	39314	trained	32757	10	memtrain/o_111_2.jpg	photodiode	1
40.215	0.5	40215	catch	32671	n/a	catch_padded.jpg	photodiode	0
40.571	0.0	40571	response	7	n/a	n/a	trigger	0
42.317	0.5	42317	untrained	32687	80	memtrain/o_613_1.jpg	photodiode	1
43.167	0.5	43167	trained	32767	0	memtrain/o_006_1.jpg	photodiode	1
44.068	0.5	44068	trained	32755	12	memtrain/o_127_2.jpg	photodiode	1
44.819	0.5	44819	trained	32739	28	memtrain/o_397_1.jpg	photodiode	1
45.57	0.5	45570	trained	32743	24	memtrain/o_357_1.jpg	photodiode	1
46.47	0.5	46470	catch	32671	n/a	catch_padded.jpg	photodiode	0
46.776	0.0	46776	response	7	n/a	n/a	trigger	0
48.572	0.5	48572	untrained	32715	52	memtrain/o_141_1.jpg	photodiode	1
49.373	0.5	49373	trained	32729	38	memtrain/o_603_1.jpg	photodiode	1
50.324	0.5	50324	trained	32741	26	memtrain/o_376_1.jpg	photodiode	1
51.124	0.5	51124	untrained	32711	56	memtrain/o_163_2.jpg	photodiode	1
51.975	0.5	51975	catch	32671	n/a	catch_padded.jpg	photodiode	0
52.276	0.0	52276	response	7	n/a	n/a	trigger	0
53.977	0.5	53977	trained	32738	29	memtrain/o_416_1.jpg	photodiode	1
54.927	0.5	54927	untrained	32703	64	memtrain/o_334_2.jpg	photodiode	1
55.878	0.5	55878	trained	32764	3	memtrain/o_040_2.jpg	photodiode	1
56.679	0.5	56679	catch	32671	n/a	catch_padded.jpg	photodiode	0
56.982	0.0	56982	response	7	n/a	n/a	trigger	0
58.672	0.5	58672	trained	32736	31	memtrain/o_465_2.jpg	photodiode	1
59.423	0.5	59423	untrained	32698	69	memtrain/o_464_2.jpg	photodiode	1
60.173	0.5	60173	untrained	32676	91	memtrain/o_605_1.jpg	photodiode	1
61.024	0.5	61024	trained	32730	37	memtrain/o_597_1.jpg	photodiode	1
61.875	0.5	61875	trained	32763	4	memtrain/o_042_1.jpg	photodiode	1
62.625	0.5	62625	catch	32671	n/a	catch_padded.jpg	photodiode	0
62.961	0.0	62961	response	7	n/a	n/a	trigger	0
64.527	0.5	64527	untrained	32683	84	memtrain/so_117_2.jpg	photodiode	1
65.278	0.5	65278	untrained	32709	58	memtrain/o_192_1.jpg	photodiode	1
66.229	0.5	66229	trained	32751	16	memtrain/o_199_2.jpg	photodiode	1
67.029	0.5	67029	trained	32721	46	memtrain/so_113_1.jpg	photodiode	1
67.93	0.5	67930	untrained	32716	51	memtrain/o_103_2.jpg	photodiode	1
68.731	0.5	68731	catch	32671	n/a	catch_padded.jpg	photodiode	0
69.06	0.0	69060	response	7	n/a	n/a	trigger	0
70.832	0.5	70832	untrained	32710	57	memtrain/o_171_1.jpg	photodiode	1
71.583	0.5	71583	untrained	32701	66	memtrain/o_342_2.jpg	photodiode	1
72.384	0.5	72384	trained	32749	18	memtrain/o_264_2.jpg	photodiode	1
73.134	0.5	73134	trained	32745	22	memtrain/o_321_1.jpg	photodiode	1
73.985	0.5	73985	catch	32671	n/a	catch_padded.jpg	photodiode	0
74.259	0.0	74259	response	7	n/a	n/a	trigger	0
75.937	0.5	75937	untrained	32718	49	memtrain/o_054_2.jpg	photodiode	1
76.787	0.5	76787	untrained	32694	73	memtrain/o_519_2.jpg	photodiode	1
77.688	0.5	77688	untrained	32675	92	memtrain/so_033_1.jpg	photodiode	1
78.639	0.5	78639	catch	32671	n/a	catch_padded.jpg	photodiode	0
78.933	0.0	78933	response	7	n/a	n/a	trigger	0
80.691	0.5	80691	trained	32723	44	memtrain/so_045_1.jpg	photodiode	1
81.491	0.5	81491	untrained	32717	50	memtrain/o_057_2.jpg	photodiode	1
82.442	0.5	82442	untrained	32678	89	memtrain/o_469_1.jpg	photodiode	1
83.293	0.5	83293	catch	32671	n/a	catch_padded.jpg	photodiode	0
83.604	0.0	83604	response	7	n/a	n/a	trigger	0
85.245	0.5	85245	trained	32722	45	memtrain/so_090_2.jpg	photodiode	1
85.995	0.5	85995	trained	32753	14	memtrain/o_174_1.jpg	photodiode	1
86.888	0.5	86888	trained	32746	21	memtrain/o_319_1.jpg	photodiode	1
87.839	0.5	87839	catch	32671	n/a	catch_padded.jpg	photodiode	0
88.152	0.0	88152	response	7	n/a	n/a	trigger	0
89.74	0.5	89740	trained	32752	15	memtrain/o_195_1.jpg	photodiode	1
90.541	0.5	90541	untrained	32695	72	memtrain/o_490_1.jpg	photodiode	1
91.492	0.5	91492	untrained	32674	93	memtrain/so_035_1.jpg	photodiode	1
92.242	0.5	92242	trained	32742	25	memtrain/o_358_2.jpg	photodiode	1
93.043	0.5	93043	untrained	32686	81	memtrain/o_655_2.jpg	photodiode	1
93.794	0.5	93794	catch	32671	n/a	catch_padded.jpg	photodiode	0
94.12	0.0	94120	response	7	n/a	n/a	trigger	0
95.795	0.5	95795	trained	32732	35	memtrain/o_561_2.jpg	photodiode	1
96.546	0.5	96546	untrained	32677	90	memtrain/o_580_1.jpg	photodiode	1
97.497	0.5	97497	untrained	32708	59	memtrain/o_201_2.jpg	photodiode	1
98.298	0.5	98298	trained	32744	23	memtrain/o_338_2.jpg	photodiode	1
99.198	0.5	99198	catch	32671	n/a	catch_padded.jpg	photodiode	0
99.537	0.0	99537	response	7	n/a	n/a	trigger	0
101.15	0.5	101150	untrained	32672	95	memtrain/so_125_1.jpg	photodiode	1
102.001	0.5	102001	untrained	32704	63	memtrain/o_310_2.jpg	photodiode	1
102.801	0.5	102801	untrained	32689	78	memtrain/o_599_1.jpg	photodiode	1
103.652	0.5	103652	trained	32724	43	memtrain/so_043_2.jpg	photodiode	1
104.603	0.5	104603	untrained	32693	74	memtrain/o_550_1.jpg	photodiode	1
105.353	0.5	105353	catch	32671	n/a	catch_padded.jpg	photodiode	0
105.715	0.0	105715	response	7	n/a	n/a	trigger	0
107.355	0.5	107355	untrained	32685	82	memtrain/o_656_1.jpg	photodiode	1
108.156	0.5	108156	untrained	32690	77	memtrain/o_574_2.jpg	photodiode	1
108.907	0.5	108907	trained	32733	34	memtrain/o_558_2.jpg	photodiode	1
109.857	0.5	109857	trained	32765	2	memtrain/o_035_1.jpg	photodiode	1
110.808	0.5	110808	catch	32671	n/a	catch_padded.jpg	photodiode	0
111.162	0.0	111162	response	7	n/a	n/a	trigger	0
112.86	0.5	112860	trained	32726	41	memtrain/o_663_2.jpg	photodiode	1
113.711	0.5	113711	untrained	32699	68	memtrain/o_393_1.jpg	photodiode	1
114.561	0.5	114561	trained	32735	32	memtrain/o_485_2.jpg	photodiode	1
115.412	0.5	115412	untrained	32691	76	memtrain/o_570_1.jpg	photodiode	1
116.304	0.5	116304	trained	32754	13	memtrain/o_136_1.jpg	photodiode	1
117.205	0.5	117205	catch	32671	n/a	catch_padded.jpg	photodiode	0
117.543	0.0	117543	response	7	n/a	n/a	trigger	0
119.257	0.5	119257	untrained	32692	75	memtrain/o_564_1.jpg	photodiode	1
120.007	0.5	120007	untrained	32712	55	memtrain/o_153_2.jpg	photodiode	1
120.958	0.5	120958	untrained	32682	85	memtrain/o_218_1.jpg	photodiode	1
121.859	0.5	121859	trained	32728	39	memtrain/o_606_1.jpg	photodiode	1
122.76	0.5	122760	catch	32671	n/a	catch_padded.jpg	photodiode	0
123.088	0.0	123088	response	7	n/a	n/a	trigger	0
124.812	0.5	124812	trained	32762	5	memtrain/o_067_1.jpg	photodiode	1
125.612	0.5	125612	untrained	32696	71	memtrain/o_483_1.jpg	photodiode	1
126.513	0.5	126513	untrained	32684	83	memtrain/so_105_1.jpg	photodiode	1
127.364	0.5	127364	trained	32747	20	memtrain/o_290_1.jpg	photodiode	1
128.314	0.5	128314	catch	32671	n/a	catch_padded.jpg	photodiode	0
128.68	0.0	128680	response	7	n/a	n/a	trigger	0
130.216	0.5	130216	trained	32725	42	memtrain/so_034_2.jpg	photodiode	1
130.967	0.5	130967	trained	32759	8	memtrain/o_094_1.jpg	photodiode	1
131.918	0.5	131918	untrained	32714	53	memtrain/o_142_2.jpg	photodiode	1
132.768	0.5	132768	trained	32748	19	memtrain/o_284_2.jpg	photodiode	1
133.669	0.5	133669	catch	32671	n/a	catch_padded.jpg	photodiode	0
134.023	0.0	134023	response	7	n/a	n/a	trigger	0
135.721	0.5	135721	trained	32734	33	memtrain/o_536_1.jpg	photodiode	1
136.672	0.5	136672	untrained	32673	94	memtrain/so_067_1.jpg	photodiode	1
137.422	0.5	137422	untrained	32681	86	memtrain/o_288_1.jpg	photodiode	1
138.223	0.5	138223	catch	32671	n/a	catch_padded.jpg	photodiode	0
138.66	0.0	138660	response	7	n/a	n/a	trigger	0
140.275	0.5	140275	untrained	32700	67	memtrain/o_378_1.jpg	photodiode	1
141.175	0.5	141175	trained	32731	36	memtrain/o_583_1.jpg	photodiode	1
141.976	0.5	141976	untrained	32705	62	memtrain/o_304_1.jpg	photodiode	1
142.877	0.5	142877	catch	32671	n/a	catch_padded.jpg	photodiode	0
143.309	0.0	143309	response	7	n/a	n/a	trigger	0
144.778	0.5	144778	trained	32760	7	memtrain/o_091_2.jpg	photodiode	1
145.571	0.5	145571	untrained	32702	65	memtrain/o_337_2.jpg	photodiode	1
146.522	0.5	146522	untrained	32719	48	memtrain/o_019_2.jpg	photodiode	1
147.422	0.5	147422	trained	32750	17	memtrain/o_232_1.jpg	photodiode	1
148.231	0.5	148231	catch	32671	n/a	catch_padded.jpg	photodiode	0
148.561	0.0	148561	response	7	n/a	n/a	trigger	0
150.225	0.5	150225	trained	32761	6	memtrain/o_076_1.jpg	photodiode	1
150.975	0.5	150975	untrained	32688	79	memtrain/o_600_1.jpg	photodiode	1
151.926	0.5	151926	untrained	32707	60	memtrain/o_228_2.jpg	photodiode	1
152.677	0.5	152677	catch	32671	n/a	catch_padded.jpg	photodiode	0
153.02	0.0	153020	response	7	n/a	n/a	trigger	0
154.629	0.5	154629	trained	32767	0	memtrain/o_006_1.jpg	photodiode	1
155.429	0.5	155429	untrained	32690	77	memtrain/o_574_2.jpg	photodiode	1
156.33	0.5	156330	untrained	32675	92	memtrain/so_033_1.jpg	photodiode	1
157.281	0.5	157281	trained	32753	14	memtrain/o_174_1.jpg	photodiode	1
158.082	0.5	158082	catch	32671	n/a	catch_padded.jpg	photodiode	0
158.409	0.0	158409	response	7	n/a	n/a	trigger	0
159.983	0.5	159983	trained	32729	38	memtrain/o_603_1.jpg	photodiode	1
160.884	0.5	160884	untrained	32709	58	memtrain/o_192_1.jpg	photodiode	1
161.835	0.5	161835	untrained	32691	76	memtrain/o_570_1.jpg	photodiode	1
162.785	0.5	162785	untrained	32676	91	memtrain/o_605_1.jpg	photodiode	1
163.586	0.5	163586	trained	32720	47	memtrain/so_147_2.jpg	photodiode	1
164.537	0.5	164537	catch	32671	n/a	catch_padded.jpg	photodiode	0
164.867	0.0	164867	response	7	n/a	n/a	trigger	0
166.439	0.5	166439	untrained	32719	48	memtrain/o_019_2.jpg	photodiode	1
167.339	0.5	167339	trained	32765	2	memtrain/o_035_1.jpg	photodiode	1
168.29	0.5	168290	untrained	32716	51	memtrain/o_103_2.jpg	photodiode	1
169.041	0.5	169041	untrained	32708	59	memtrain/o_201_2.jpg	photodiode	1
169.791	0.5	169791	catch	32671	n/a	catch_padded.jpg	photodiode	0
170.087	0.0	170087	response	7	n/a	n/a	trigger	0
171.843	0.5	171843	trained	32726	41	memtrain/o_663_2.jpg	photodiode	1
172.794	0.5	172794	trained	32742	25	memtrain/o_358_2.jpg	photodiode	1
173.545	0.5	173545	trained	32737	30	memtrain/o_437_2.jpg	photodiode	1
174.387	0.5	174387	catch	32671	n/a	catch_padded.jpg	photodiode	0
174.73	0.0	174730	response	7	n/a	n/a	trigger	0
176.288	0.5	176288	trained	32743	24	memtrain/o_357_1.jpg	photodiode	1
177.189	0.5	177189	trained	32751	16	memtrain/o_199_2.jpg	photodiode	1
177.99	0.5	177990	trained	32757	10	memtrain/o_111_2.jpg	photodiode	1
178.841	0.5	178841	untrained	32710	57	memtrain/o_171_1.jpg	photodiode	1
179.641	0.5	179641	catch	32671	n/a	catch_padded.jpg	photodiode	0
179.973	0.0	179973	response	7	n/a	n/a	trigger	0
181.593	0.5	181593	trained	32725	42	memtrain/so_034_2.jpg	photodiode	1
182.344	0.5	182344	untrained	32717	50	memtrain/o_057_2.jpg	photodiode	1
183.194	0.5	183194	untrained	32715	52	memtrain/o_141_1.jpg	photodiode	1
184.045	0.5	184045	untrained	32697	70	memtrain/o_471_2.jpg	photodiode	1
184.996	0.5	184996	untrained	32688	79	memtrain/o_600_1.jpg	photodiode	1
185.796	0.5	185796	catch	32671	n/a	catch_padded.jpg	photodiode	0
186.085	0.0	186085	response	7	n/a	n/a	trigger	0
187.898	0.5	187898	untrained	32693	74	memtrain/o_550_1.jpg	photodiode	1
188.849	0.5	188849	untrained	32696	71	memtrain/o_483_1.jpg	photodiode	1
189.7	0.5	189700	untrained	32714	53	memtrain/o_142_2.jpg	photodiode	1
190.45	0.5	190450	catch	32671	n/a	catch_padded.jpg	photodiode	0
190.81	0.0	190810	response	7	n/a	n/a	trigger	0
192.352	0.5	192352	untrained	32679	88	memtrain/o_458_1.jpg	photodiode	1
193.253	0.5	193253	untrained	32701	66	memtrain/o_342_2.jpg	photodiode	1
194.204	0.5	194204	untrained	32681	86	memtrain/o_288_1.jpg	photodiode	1
195.054	0.5	195054	trained	32750	17	memtrain/o_232_1.jpg	photodiode	1
195.905	0.5	195905	untrained	32711	56	memtrain/o_163_2.jpg	photodiode	1
196.706	0.5	196706	catch	32671	n/a	catch_padded.jpg	photodiode	0
197.05	0.0	197050	response	7	n/a	n/a	trigger	0
198.757	0.5	198757	untrained	32672	95	memtrain/so_125_1.jpg	photodiode	1
199.608	0.5	199608	trained	32755	12	memtrain/o_127_2.jpg	photodiode	1
200.359	0.5	200359	trained	32723	44	memtrain/so_045_1.jpg	photodiode	1
201.16	0.5	201160	catch	32671	n/a	catch_padded.jpg	photodiode	0
201.494	0.0	201494	response	7	n/a	n/a	trigger	0
203.161	0.5	203161	trained	32758	9	memtrain/o_101_2.jpg	photodiode	1
203.904	0.5	203904	trained	32749	18	memtrain/o_264_2.jpg	photodiode	1
204.854	0.5	204854	untrained	32682	85	memtrain/o_218_1.jpg	photodiode	1
205.705	0.5	205705	untrained	32685	82	memtrain/o_656_1.jpg	photodiode	1
206.556	0.5	206556	catch	32671	n/a	catch_padded.jpg	photodiode	0
206.89	0.0	206890	response	7	n/a	n/a	trigger	0
208.658	0.5	208658	untrained	32673	94	memtrain/so_067_1.jpg	photodiode	1
209.609	0.5	209609	untrained	32692	75	memtrain/o_564_1.jpg	photodiode	1
210.409	0.5	210409	untrained	32677	90	memtrain/o_580_1.jpg	photodiode	1
211.31	0.5	211310	untrained	32694	73	memtrain/o_519_2.jpg	photodiode	1
212.161	0.5	212161	untrained	32689	78	memtrain/o_599_1.jpg	photodiode	1
213.061	0.5	213061	catch	32671	n/a	catch_padded.jpg	photodiode	0
213.423	0.0	213423	response	7	n/a	n/a	trigger	0
215.113	0.5	215113	trained	32730	37	memtrain/o_597_1.jpg	photodiode	1
215.964	0.5	215964	trained	32735	32	memtrain/o_485_2.jpg	photodiode	1
216.915	0.5	216915	untrained	32674	93	memtrain/so_035_1.jpg	photodiode	1
217.715	0.5	217715	catch	32671	n/a	catch_padded.jpg	photodiode	0
218.15	0.0	218150	response	7	n/a	n/a	trigger	0
219.767	0.5	219767	untrained	32705	62	memtrain/o_304_1.jpg	photodiode	1
220.668	0.5	220668	trained	32748	19	memtrain/o_284_2.jpg	photodiode	1
221.569	0.5	221569	untrained	32684	83	memtrain/so_105_1.jpg	photodiode	1
222.369	0.5	222369	untrained	32713	54	memtrain/o_145_1.jpg	photodiode	1
223.17	0.5	223170	trained	32754	13	memtrain/o_136_1.jpg	photodiode	1
223.971	0.5	223971	catch	32671	n/a	catch_padded.jpg	photodiode	0
224.288	0.0	224288	response	7	n/a	n/a	trigger	0
226.022	0.5	226022	untrained	32687	80	memtrain/o_613_1.jpg	photodiode	1
226.973	0.5	226973	untrained	32707	60	memtrain/o_228_2.jpg	photodiode	1
227.824	0.5	227824	trained	32745	22	memtrain/o_321_1.jpg	photodiode	1
228.675	0.5	228675	catch	32671	n/a	catch_padded.jpg	photodiode	0
229.048	0.0	229048	response	7	n/a	n/a	trigger	0
230.576	0.5	230576	trained	32744	23	memtrain/o_338_2.jpg	photodiode	1
231.477	0.5	231477	trained	32762	5	memtrain/o_067_1.jpg	photodiode	1
232.419	0.5	232419	trained	32724	43	memtrain/so_043_2.jpg	photodiode	1
233.37	0.5	233370	catch	32671	n/a	catch_padded.jpg	photodiode	0
233.674	0.0	233674	response	7	n/a	n/a	trigger	0
235.28	0.5	235280	trained	32734	33	memtrain/o_536_1.jpg	photodiode	1
236.122	0.5	236122	untrained	32695	72	memtrain/o_490_1.jpg	photodiode	1
236.873	0.5	236873	trained	32721	46	memtrain/so_113_1.jpg	photodiode	1
237.674	0.5	237674	untrained	32680	87	memtrain/o_365_1.jpg	photodiode	1
238.625	0.5	238625	trained	32766	1	memtrain/o_015_1.jpg	photodiode	1
239.425	0.5	239425	catch	32671	n/a	catch_padded.jpg	photodiode	0
239.774	0.0	239774	response	7	n/a	n/a	trigger	0
241.427	0.5	241427	trained	32760	7	memtrain/o_091_2.jpg	photodiode	1
242.178	0.5	242178	trained	32756	11	memtrain/o_117_2.jpg	photodiode	1
243.028	0.5	243028	trained	32733	34	memtrain/o_558_2.jpg	photodiode	1
243.829	0.5	243829	trained	32759	8	memtrain/o_094_1.jpg	photodiode	1
244.63	0.5	244630	trained	32741	26	memtrain/o_376_1.jpg	photodiode	1
245.539	0.5	245539	catch	32671	n/a	catch_padded.jpg	photodiode	0
245.881	0.0	245881	response	7	n/a	n/a	trigger	0
247.532	0.5	247532	untrained	32703	64	memtrain/o_334_2.jpg	photodiode	1
248.433	0.5	248433	untrained	32699	68	memtrain/o_393_1.jpg	photodiode	1
249.334	0.5	249334	trained	32761	6	memtrain/o_076_1.jpg	photodiode	1
250.285	0.5	250285	untrained	32686	81	memtrain/o_655_2.jpg	photodiode	1
251.135	0.5	251135	catch	32671	n/a	catch_padded.jpg	photodiode	0
251.492	0.0	251492	response	7	n/a	n/a	trigger	0
253.187	0.5	253187	trained	32764	3	memtrain/o_040_2.jpg	photodiode	1
253.988	0.5	253988	trained	32763	4	memtrain/o_042_1.jpg	photodiode	1
254.838	0.5	254838	trained	32731	36	memtrain/o_583_1.jpg	photodiode	1
255.639	0.5	255639	catch	32671	n/a	catch_padded.jpg	photodiode	0
255.952	0.0	255952	response	7	n/a	n/a	trigger	0
257.541	0.5	257541	trained	32746	21	memtrain/o_319_1.jpg	photodiode	1
258.391	0.5	258391	trained	32722	45	memtrain/so_090_2.jpg	photodiode	1
259.192	0.5	259192	trained	32740	27	memtrain/o_379_2.jpg	photodiode	1
260.043	0.5	260043	catch	32671	n/a	catch_padded.jpg	photodiode	0
260.384	0.0	260384	response	7	n/a	n/a	trigger	0
261.986	0.5	261986	trained	32727	40	memtrain/o_648_2.jpg	photodiode	1
262.887	0.5	262887	untrained	32698	69	memtrain/o_464_2.jpg	photodiode	1
263.688	0.5	263688	trained	32728	39	memtrain/o_606_1.jpg	photodiode	1
264.438	0.5	264438	untrained	32718	49	memtrain/o_054_2.jpg	photodiode	1
265.239	0.5	265239	catch	32671	n/a	catch_padded.jpg	photodiode	0
265.552	0.0	265552	response	7	n/a	n/a	trigger	0
267.199	0.5	267199	untrained	32702	65	memtrain/o_337_2.jpg	photodiode	1
267.941	0.5	267941	trained	32752	15	memtrain/o_195_1.jpg	photodiode	1
268.742	0.5	268742	untrained	32706	61	memtrain/o_298_2.jpg	photodiode	1
269.593	0.5	269593	trained	32736	31	memtrain/o_465_2.jpg	photodiode	1
270.543	0.5	270543	untrained	32700	67	memtrain/o_378_1.jpg	photodiode	1
271.494	0.5	271494	catch	32671	n/a	catch_padded.jpg	photodiode	0
271.801	0.0	271801	response	7	n/a	n/a	trigger	0
273.596	0.5	273596	trained	32738	29	memtrain/o_416_1.jpg	photodiode	1
274.447	0.5	274447	trained	32739	28	memtrain/o_397_1.jpg	photodiode	1
275.298	0.5	275298	trained	32732	35	memtrain/o_561_2.jpg	photodiode	1
276.198	0.5	276198	trained	32747	20	memtrain/o_290_1.jpg	photodiode	1
276.949	0.5	276949	catch	32671	n/a	catch_padded.jpg	photodiode	0
277.283	0.0	277283	response	7	n/a	n/a	trigger	0
278.851	0.5	278851	untrained	32704	63	memtrain/o_310_2.jpg	photodiode	1
279.801	0.5	279801	untrained	32678	89	memtrain/o_469_1.jpg	photodiode	1
280.752	0.5	280752	untrained	32683	84	memtrain/so_117_2.jpg	photodiode	1
281.503	0.5	281503	untrained	32712	55	memtrain/o_153_2.jpg	photodiode	1
282.353	0.5	282353	catch	32671	n/a	catch_padded.jpg	photodiode	0
282.686	0.0	282686	response	7	n/a	n/a	trigger	0
284.828	0.0	284828	block_end	120	n/a	n/a	trigger	0
291.511	0.0	291511	response	7	n/a	n/a	trigger	0
291.516	0.0	291516	block_onset	102	n/a	n/a	trigger	0
293.571	0.5	293571	untrained	32672	95	memtrain/so_125_1.jpg	photodiode	1
294.422	0.5	294422	trained	32748	19	memtrain/o_284_2.jpg	photodiode	1
295.373	0.5	295373	trained	32760	7	memtrain/o_091_2.jpg	photodiode	1
296.324	0.5	296324	untrained	32690	77	memtrain/o_574_2.jpg	photodiode	1
297.274	0.5	297274	catch	32671	n/a	catch_padded.jpg	photodiode	0
297.601	0.0	297601	response	7	n/a	n/a	trigger	0
299.318	0.5	299318	untrained	32698	69	memtrain/o_464_2.jpg	photodiode	1
300.069	0.5	300069	untrained	32707	60	memtrain/o_228_2.jpg	photodiode	1
301.019	0.5	301019	untrained	32685	82	memtrain/o_656_1.jpg	photodiode	1
301.82	0.5	301820	catch	32671	n/a	catch_padded.jpg	photodiode	0
302.163	0.0	302163	response	7	n/a	n/a	trigger	0
303.722	0.5	303722	untrained	32714	53	memtrain/o_142_2.jpg	photodiode	1
304.572	0.5	304572	untrained	32684	83	memtrain/so_105_1.jpg	photodiode	1
305.523	0.5	305523	untrained	32679	88	memtrain/o_458_1.jpg	photodiode	1
306.274	0.5	306274	catch	32671	n/a	catch_padded.jpg	photodiode	0
306.593	0.0	306593	response	7	n/a	n/a	trigger	0
308.175	0.5	308175	trained	32735	32	memtrain/o_485_2.jpg	photodiode	1
308.976	0.5	308976	untrained	32716	51	memtrain/o_103_2.jpg	photodiode	1
309.777	0.5	309777	trained	32746	21	memtrain/o_319_1.jpg	photodiode	1
310.728	0.5	310728	untrained	32704	63	memtrain/o_310_2.jpg	photodiode	1
311.528	0.5	311528	untrained	32681	86	memtrain/o_288_1.jpg	photodiode	1
312.429	0.5	312429	catch	32671	n/a	catch_padded.jpg	photodiode	0
312.725	0.0	312725	response	7	n/a	n/a	trigger	0
314.481	0.5	314481	trained	32761	6	memtrain/o_076_1.jpg	photodiode	1
315.331	0.5	315331	trained	32753	14	memtrain/o_174_1.jpg	photodiode	1
316.082	0.5	316082	trained	32765	2	memtrain/o_035_1.jpg	photodiode	1
316.933	0.5	316933	trained	32759	8	memtrain/o_094_1.jpg	photodiode	1
317.834	0.5	317834	catch	32671	n/a	catch_padded.jpg	photodiode	0
318.177	0.0	318177	response	7	n/a	n/a	trigger	0
319.885	0.5	319885	trained	32729	38	memtrain/o_603_1.jpg	photodiode	1
320.686	0.5	320686	trained	32741	26	memtrain/o_376_1.jpg	photodiode	1
321.637	0.5	321637	trained	32725	42	memtrain/so_034_2.jpg	photodiode	1
322.488	0.5	322488	catch	32671	n/a	catch_padded.jpg	photodiode	0
322.819	0.0	322819	response	7	n/a	n/a	trigger	0
324.389	0.5	324389	trained	32764	3	memtrain/o_040_2.jpg	photodiode	1
325.29	0.5	325290	trained	32763	4	memtrain/o_042_1.jpg	photodiode	1
326.232	0.5	326232	trained	32721	46	memtrain/so_113_1.jpg	photodiode	1
327.083	0.5	327083	trained	32728	39	memtrain/o_606_1.jpg	photodiode	1
327.934	0.5	327934	untrained	32693	74	memtrain/o_550_1.jpg	photodiode	1
328.834	0.5	328834	catch	32671	n/a	catch_padded.jpg	photodiode	0
329.134	0.0	329134	response	7	n/a	n/a	trigger	0
330.836	0.5	330836	trained	32754	13	memtrain/o_136_1.jpg	photodiode	1
331.737	0.5	331737	trained	32766	1	memtrain/o_015_1.jpg	photodiode	1
332.588	0.5	332588	untrained	32705	62	memtrain/o_304_1.jpg	photodiode	1
333.538	0.5	333538	untrained	32686	81	memtrain/o_655_2.jpg	photodiode	1
334.439	0.5	334439	untrained	32676	91	memtrain/o_605_1.jpg	photodiode	1
335.24	0.5	335240	catch	32671	n/a	catch_padded.jpg	photodiode	0
335.593	0.0	335593	response	7	n/a	n/a	trigger	0
337.342	0.5	337342	trained	32762	5	memtrain/o_067_1.jpg	photodiode	1
338.242	0.5	338242	trained	32755	12	memtrain/o_127_2.jpg	photodiode	1
339.093	0.5	339093	trained	32751	16	memtrain/o_199_2.jpg	photodiode	1
339.944	0.5	339944	catch	32671	n/a	catch_padded.jpg	photodiode	0
340.287	0.0	340287	response	7	n/a	n/a	trigger	0
341.946	0.5	341946	untrained	32715	52	memtrain/o_141_1.jpg	photodiode	1
342.796	0.5	342796	untrained	32691	76	memtrain/o_570_1.jpg	photodiode	1
343.597	0.5	343597	trained	32749	18	memtrain/o_264_2.jpg	photodiode	1
344.448	0.5	344448	catch	32671	n/a	catch_padded.jpg	photodiode	0
344.832	0.0	344832	response	7	n/a	n/a	trigger	0
346.549	0.5	346549	untrained	32708	59	memtrain/o_201_2.jpg	photodiode	1
347.3	0.5	347300	trained	32730	37	memtrain/o_597_1.jpg	photodiode	1
348.151	0.5	348151	untrained	32706	61	memtrain/o_298_2.jpg	photodiode	1
349.001	0.5	349001	untrained	32677	90	memtrain/o_580_1.jpg	photodiode	1
349.902	0.5	349902	trained	32758	9	memtrain/o_101_2.jpg	photodiode	1
350.803	0.5	350803	catch	32671	n/a	catch_padded.jpg	photodiode	0
351.141	0.0	351141	response	7	n/a	n/a	trigger	0
352.905	0.5	352905	trained	32740	27	memtrain/o_379_2.jpg	photodiode	1
353.856	0.5	353856	trained	32743	24	memtrain/o_357_1.jpg	photodiode	1
354.698	0.5	354698	untrained	32675	92	memtrain/so_033_1.jpg	photodiode	1
355.449	0.5	355449	catch	32671	n/a	catch_padded.jpg	photodiode	0
355.895	0.0	355895	response	7	n/a	n/a	trigger	0
357.359	0.5	357359	untrained	32689	78	memtrain/o_599_1.jpg	photodiode	1
358.109	0.5	358109	untrained	32688	79	memtrain/o_600_1.jpg	photodiode	1
358.852	0.5	358852	trained	32736	31	memtrain/o_465_2.jpg	photodiode	1
359.752	0.5	359752	trained	32747	20	memtrain/o_290_1.jpg	photodiode	1
360.503	0.5	360503	catch	32671	n/a	catch_padded.jpg	photodiode	0
360.891	0.0	360891	response	7	n/a	n/a	trigger	0
362.555	0.5	362555	trained	32752	15	memtrain/o_195_1.jpg	photodiode	1
363.506	0.5	363506	trained	32739	28	memtrain/o_397_1.jpg	photodiode	1
364.406	0.5	364406	untrained	32711	56	memtrain/o_163_2.jpg	photodiode	1
365.157	0.5	365157	trained	32756	11	memtrain/o_117_2.jpg	photodiode	1
365.958	0.5	365958	catch	32671	n/a	catch_padded.jpg	photodiode	0
366.335	0.0	366335	response	7	n/a	n/a	trigger	0
368.059	0.5	368059	trained	32737	30	memtrain/o_437_2.jpg	photodiode	1
368.96	0.5	368960	untrained	32702	65	memtrain/o_337_2.jpg	photodiode	1
369.861	0.5	369861	untrained	32718	49	memtrain/o_054_2.jpg	photodiode	1
370.812	0.5	370812	untrained	32692	75	memtrain/o_564_1.jpg	photodiode	1
371.763	0.5	371763	catch	32671	n/a	catch_padded.jpg	photodiode	0
372.111	0.0	372111	response	7	n/a	n/a	trigger	0
373.714	0.5	373714	trained	32727	40	memtrain/o_648_2.jpg	photodiode	1
374.615	0.5	374615	untrained	32682	85	memtrain/o_218_1.jpg	photodiode	1
375.566	0.5	375566	untrained	32695	72	memtrain/o_490_1.jpg	photodiode	1
376.367	0.5	376367	untrained	32687	80	memtrain/o_613_1.jpg	photodiode	1
377.317	0.5	377317	trained	32722	45	memtrain/so_090_2.jpg	photodiode	1
378.118	0.5	378118	catch	32671	n/a	catch_padded.jpg	photodiode	0
378.467	0.0	378467	response	7	n/a	n/a	trigger	0
380.17	0.5	380170	untrained	32683	84	memtrain/so_117_2.jpg	photodiode	1
381.07	0.5	381070	trained	32726	41	memtrain/o_663_2.jpg	photodiode	1
382.021	0.5	382021	trained	32720	47	memtrain/so_147_2.jpg	photodiode	1
382.813	0.5	382813	untrained	32713	54	memtrain/o_145_1.jpg	photodiode	1
383.664	0.5	383664	trained	32744	23	memtrain/o_338_2.jpg	photodiode	1
384.624	0.5	384624	catch	32671	n/a	catch_padded.jpg	photodiode	0
384.934	0.0	384934	response	7	n/a	n/a	trigger	0
386.667	0.5	386667	trained	32742	25	memtrain/o_358_2.jpg	photodiode	1
387.417	0.5	387417	untrained	32699	68	memtrain/o_393_1.jpg	photodiode	1
388.268	0.5	388268	untrained	32673	94	memtrain/so_067_1.jpg	photodiode	1
389.169	0.5	389169	catch	32671	n/a	catch_padded.jpg	photodiode	0
389.513	0.0	389513	response	7	n/a	n/a	trigger	0
391.271	0.5	391271	trained	32745	22	memtrain/o_321_1.jpg	photodiode	1
392.221	0.5	392221	untrained	32710	57	memtrain/o_171_1.jpg	photodiode	1
392.972	0.5	392972	trained	32750	17	memtrain/o_232_1.jpg	photodiode	1
393.823	0.5	393823	catch	32671	n/a	catch_padded.jpg	photodiode	0
394.181	0.0	394181	response	7	n/a	n/a	trigger	0
395.825	0.5	395825	untrained	32709	58	memtrain/o_192_1.jpg	photodiode	1
396.725	0.5	396725	trained	32731	36	memtrain/o_583_1.jpg	photodiode	1
397.676	0.5	397676	trained	32733	34	memtrain/o_558_2.jpg	photodiode	1
398.477	0.5	398477	catch	32671	n/a	catch_padded.jpg	photodiode	0
398.76	0.0	398760	response	7	n/a	n/a	trigger	0
400.528	0.5	400528	untrained	32680	87	memtrain/o_365_1.jpg	photodiode	1
401.279	0.5	401279	untrained	32719	48	memtrain/o_019_2.jpg	photodiode	1
402.03	0.5	402030	trained	32724	43	memtrain/so_043_2.jpg	photodiode	1
402.931	0.5	402931	untrained	32694	73	memtrain/o_519_2.jpg	photodiode	1
403.781	0.5	403781	catch	32671	n/a	catch_padded.jpg	photodiode	0
404.127	0.0	404127	response	7	n/a	n/a	trigger	0
405.733	0.5	405733	untrained	32717	50	memtrain/o_057_2.jpg	photodiode	1
406.534	0.5	406534	trained	32757	10	memtrain/o_111_2.jpg	photodiode	1
407.434	0.5	407434	untrained	32712	55	memtrain/o_153_2.jpg	photodiode	1
408.285	0.5	408285	trained	32767	0	memtrain/o_006_1.jpg	photodiode	1
409.086	0.5	409086	catch	32671	n/a	catch_padded.jpg	photodiode	0
409.432	0.0	409432	response	7	n/a	n/a	trigger	0
411.037	0.5	411037	untrained	32678	89	memtrain/o_469_1.jpg	photodiode	1
411.788	0.5	411788	untrained	32700	67	memtrain/o_378_1.jpg	photodiode	1
412.639	0.5	412639	untrained	32674	93	memtrain/so_035_1.jpg	photodiode	1
413.489	0.5	413489	catch	32671	n/a	catch_padded.jpg	photodiode	0
413.854	0.0	413854	response	7	n/a	n/a	trigger	0
415.391	0.5	415391	untrained	32701	66	memtrain/o_342_2.jpg	photodiode	1
416.184	0.5	416184	untrained	32703	64	memtrain/o_334_2.jpg	photodiode	1
416.992	0.5	416992	trained	32732	35	memtrain/o_561_2.jpg	photodiode	1
417.735	0.5	417735	trained	32734	33	memtrain/o_536_1.jpg	photodiode	1
418.586	0.5	418586	catch	32671	n/a	catch_padded.jpg	photodiode	0
418.908	0.0	418908	response	7	n/a	n/a	trigger	0
420.537	0.5	420537	trained	32723	44	memtrain/so_045_1.jpg	photodiode	1
421.288	0.5	421288	trained	32738	29	memtrain/o_416_1.jpg	photodiode	1
422.239	0.5	422239	untrained	32697	70	memtrain/o_471_2.jpg	photodiode	1
423.19	0.5	423190	catch	32671	n/a	catch_padded.jpg	photodiode	0
423.506	0.0	423506	response	7	n/a	n/a	trigger	0
425.091	0.5	425091	untrained	32696	71	memtrain/o_483_1.jpg	photodiode	1
425.992	0.5	425992	trained	32720	47	memtrain/so_147_2.jpg	photodiode	1
426.843	0.5	426843	trained	32748	19	memtrain/o_284_2.jpg	photodiode	1
427.693	0.5	427693	trained	32741	26	memtrain/o_376_1.jpg	photodiode	1
428.594	0.5	428594	catch	32671	n/a	catch_padded.jpg	photodiode	0
428.915	0.0	428915	response	7	n/a	n/a	trigger	0
430.646	0.5	430646	untrained	32689	78	memtrain/o_599_1.jpg	photodiode	1
431.447	0.5	431447	trained	32756	11	memtrain/o_117_2.jpg	photodiode	1
432.197	0.5	432197	untrained	32694	73	memtrain/o_519_2.jpg	photodiode	1
433.098	0.5	433098	catch	32671	n/a	catch_padded.jpg	photodiode	0
433.434	0.0	433434	response	7	n/a	n/a	trigger	0
435.1	0.5	435100	untrained	32682	85	memtrain/o_218_1.jpg	photodiode	1
436.0	0.5	436000	trained	32736	31	memtrain/o_465_2.jpg	photodiode	1
436.901	0.5	436901	untrained	32716	51	memtrain/o_103_2.jpg	photodiode	1
437.802	0.5	437802	catch	32671	n/a	catch_padded.jpg	photodiode	0
438.138	0.0	438138	response	7	n/a	n/a	trigger	0
439.854	0.5	439854	trained	32757	10	memtrain/o_111_2.jpg	photodiode	1
440.704	0.5	440704	untrained	32677	90	memtrain/o_580_1.jpg	photodiode	1
441.505	0.5	441505	trained	32762	5	memtrain/o_067_1.jpg	photodiode	1
442.456	0.5	442456	catch	32671	n/a	catch_padded.jpg	photodiode	0
442.787	0.0	442787	response	7	n/a	n/a	trigger	0
444.349	0.5	444349	untrained	32697	70	memtrain/o_471_2.jpg	photodiode	1
445.3	0.5	445300	untrained	32711	56	memtrain/o_163_2.jpg	photodiode	1
446.05	0.5	446050	trained	32728	39	memtrain/o_606_1.jpg	photodiode	1
447.001	0.5	447001	trained	32759	8	memtrain/o_094_1.jpg	photodiode	1
447.81	0.5	447810	trained	32754	13	memtrain/o_136_1.jpg	photodiode	1
448.753	0.5	448753	catch	32671	n/a	catch_padded.jpg	photodiode	0
449.083	0.0	449083	response	7	n/a	n/a	trigger	0
450.704	0.5	450704	untrained	32702	65	memtrain/o_337_2.jpg	photodiode	1
451.505	0.5	451505	untrained	32701	66	memtrain/o_342_2.jpg	photodiode	1
452.406	0.5	452406	trained	32764	3	memtrain/o_040_2.jpg	photodiode	1
453.206	0.5	453206	untrained	32672	95	memtrain/so_125_1.jpg	photodiode	1
454.107	0.5	454107	untrained	32693	74	memtrain/o_550_1.jpg	photodiode	1
455.058	0.5	455058	catch	32671	n/a	catch_padded.jpg	photodiode	0
455.367	0.0	455367	response	7	n/a	n/a	trigger	0
457.06	0.5	457060	trained	32767	0	memtrain/o_006_1.jpg	photodiode	1
458.011	0.5	458011	untrained	32698	69	memtrain/o_464_2.jpg	photodiode	1
458.861	0.5	458861	untrained	32704	63	memtrain/o_310_2.jpg	photodiode	1
459.662	0.5	459662	trained	32742	25	memtrain/o_358_2.jpg	photodiode	1
460.513	0.5	460513	catch	32671	n/a	catch_padded.jpg	photodiode	0
460.844	0.0	460844	response	7	n/a	n/a	trigger	0
461.625	0.0	461625	response	7	n/a	n/a	trigger	0
462.464	0.5	462464	trained	32750	17	memtrain/o_232_1.jpg	photodiode	1
463.315	0.5	463315	trained	32730	37	memtrain/o_597_1.jpg	photodiode	1
464.166	0.5	464166	trained	32766	1	memtrain/o_015_1.jpg	photodiode	1
465.117	0.5	465117	trained	32725	42	memtrain/so_034_2.jpg	photodiode	1
465.967	0.5	465967	catch	32671	n/a	catch_padded.jpg	photodiode	0
467.869	0.5	467869	untrained	32673	94	memtrain/so_067_1.jpg	photodiode	1
468.67	0.5	468670	untrained	32690	77	memtrain/o_574_2.jpg	photodiode	1
469.62	0.5	469620	untrained	32692	75	memtrain/o_564_1.jpg	photodiode	1
470.371	0.5	470371	untrained	32717	50	memtrain/o_057_2.jpg	photodiode	1
471.272	0.5	471272	untrained	32715	52	memtrain/o_141_1.jpg	photodiode	1
472.123	0.5	472123	catch	32671	n/a	catch_padded.jpg	photodiode	0
472.436	0.0	472436	response	7	n/a	n/a	trigger	0
474.166	0.5	474166	untrained	32710	57	memtrain/o_171_1.jpg	photodiode	1
474.975	0.5	474975	trained	32755	12	memtrain/o_127_2.jpg	photodiode	1
475.817	0.5	475817	untrained	32681	86	memtrain/o_288_1.jpg	photodiode	1
476.568	0.5	476568	trained	32745	22	memtrain/o_321_1.jpg	photodiode	1
477.419	0.5	477419	trained	32753	14	memtrain/o_174_1.jpg	photodiode	1
478.219	0.5	478219	catch	32671	n/a	catch_padded.jpg	photodiode	0
478.542	0.0	478542	response	7	n/a	n/a	trigger	0
480.121	0.5	480121	trained	32733	34	memtrain/o_558_2.jpg	photodiode	1
480.972	0.5	480972	untrained	32695	72	memtrain/o_490_1.jpg	photodiode	1
481.823	0.5	481823	trained	32734	33	memtrain/o_536_1.jpg	photodiode	1
482.573	0.5	482573	trained	32760	7	memtrain/o_091_2.jpg	photodiode	1
483.324	0.5	483324	catch	32671	n/a	catch_padded.jpg	photodiode	0
483.656	0.0	483656	response	7	n/a	n/a	trigger	0
485.426	0.5	485426	untrained	32714	53	memtrain/o_142_2.jpg	photodiode	1
486.376	0.5	486376	untrained	32707	60	memtrain/o_228_2.jpg	photodiode	1
487.127	0.5	487127	untrained	32699	68	memtrain/o_393_1.jpg	photodiode	1
487.878	0.5	487878	untrained	32680	87	memtrain/o_365_1.jpg	photodiode	1
488.678	0.5	488678	untrained	32676	91	memtrain/o_605_1.jpg	photodiode	1
489.479	0.5	489479	catch	32671	n/a	catch_padded.jpg	photodiode	0
489.833	0.0	489833	response	7	n/a	n/a	trigger	0
491.481	0.5	491481	trained	32738	29	memtrain/o_416_1.jpg	photodiode	1
492.281	0.5	492281	trained	32758	9	memtrain/o_101_2.jpg	photodiode	1
493.232	0.5	493232	untrained	32719	48	memtrain/o_019_2.jpg	photodiode	1
493.983	0.5	493983	untrained	32675	92	memtrain/so_033_1.jpg	photodiode	1
494.784	0.5	494784	untrained	32688	79	memtrain/o_600_1.jpg	photodiode	1
495.584	0.5	495584	catch	32671	n/a	catch_padded.jpg	photodiode	0
495.975	0.0	495975	response	7	n/a	n/a	trigger	0
497.486	0.5	497486	untrained	32706	61	memtrain/o_298_2.jpg	photodiode	1
498.236	0.5	498236	untrained	32678	89	memtrain/o_469_1.jpg	photodiode	1
499.037	0.5	499037	untrained	32696	71	memtrain/o_483_1.jpg	photodiode	1
499.788	0.5	499788	catch	32671	n/a	catch_padded.jpg	photodiode	0
500.171	0.0	500171	response	7	n/a	n/a	trigger	0
501.84	0.5	501840	trained	32737	30	memtrain/o_437_2.jpg	photodiode	1
502.64	0.5	502640	trained	32747	20	memtrain/o_290_1.jpg	photodiode	1
503.582	0.5	503582	trained	32744	23	memtrain/o_338_2.jpg	photodiode	1
504.533	0.5	504533	trained	32761	6	memtrain/o_076_1.jpg	photodiode	1
505.434	0.5	505434	catch	32671	n/a	catch_padded.jpg	photodiode	0
505.786	0.0	505786	response	7	n/a	n/a	trigger	0
507.536	0.5	507536	trained	32722	45	memtrain/so_090_2.jpg	photodiode	1
508.437	0.5	508437	trained	32751	16	memtrain/o_199_2.jpg	photodiode	1
509.387	0.5	509387	untrained	32683	84	memtrain/so_117_2.jpg	photodiode	1
510.188	0.5	510188	trained	32723	44	memtrain/so_045_1.jpg	photodiode	1
510.989	0.5	510989	untrained	32674	93	memtrain/so_035_1.jpg	photodiode	1
511.789	0.5	511789	catch	32671	n/a	catch_padded.jpg	photodiode	0
512.137	0.0	512137	response	7	n/a	n/a	trigger	0
513.741	0.5	513741	trained	32746	21	memtrain/o_319_1.jpg	photodiode	1
514.592	0.5	514592	trained	32732	35	memtrain/o_561_2.jpg	photodiode	1
515.342	0.5	515342	trained	32735	32	memtrain/o_485_2.jpg	photodiode	1
516.093	0.5	516093	trained	32739	28	memtrain/o_397_1.jpg	photodiode	1
516.994	0.5	516994	catch	32671	n/a	catch_padded.jpg	photodiode	0
517.331	0.0	517331	response	7	n/a	n/a	trigger	0
519.096	0.5	519096	trained	32752	15	memtrain/o_195_1.jpg	photodiode	1
520.046	0.5	520046	trained	32740	27	memtrain/o_379_2.jpg	photodiode	1
520.797	0.5	520797	untrained	32705	62	memtrain/o_304_1.jpg	photodiode	1
521.698	0.5	521698	untrained	32684	83	memtrain/so_105_1.jpg	photodiode	1
522.499	0.5	522499	catch	32671	n/a	catch_padded.jpg	photodiode	0
522.868	0.0	522868	response	7	n/a	n/a	trigger	0
524.45	0.5	524450	trained	32726	41	memtrain/o_663_2.jpg	photodiode	1
525.351	0.5	525351	trained	32731	36	memtrain/o_583_1.jpg	photodiode	1
526.202	0.5	526202	untrained	32685	82	memtrain/o_656_1.jpg	photodiode	1
527.102	0.5	527102	catch	32671	n/a	catch_padded.jpg	photodiode	0
527.646	0.0	527646	response	7	n/a	n/a	trigger	0
529.204	0.5	529204	untrained	32703	64	memtrain/o_334_2.jpg	photodiode	1
530.055	0.5	530055	trained	32727	40	memtrain/o_648_2.jpg	photodiode	1
531.006	0.5	531006	trained	32721	46	memtrain/so_113_1.jpg	photodiode	1
531.907	0.5	531907	untrained	32679	88	memtrain/o_458_1.jpg	photodiode	1
532.649	0.5	532649	trained	32743	24	memtrain/o_357_1.jpg	photodiode	1
533.4	0.5	533400	catch	32671	n/a	catch_padded.jpg	photodiode	0
533.777	0.0	533777	response	7	n/a	n/a	trigger	0
535.309	0.5	535309	untrained	32708	59	memtrain/o_201_2.jpg	photodiode	1
536.052	0.5	536052	untrained	32718	49	memtrain/o_054_2.jpg	photodiode	1
536.802	0.5	536802	untrained	32709	58	memtrain/o_192_1.jpg	photodiode	1
537.603	0.5	537603	untrained	32687	80	memtrain/o_613_1.jpg	photodiode	1
538.354	0.5	538354	catch	32671	n/a	catch_padded.jpg	photodiode	0
538.747	0.0	538747	response	7	n/a	n/a	trigger	0
540.456	0.5	540456	trained	32729	38	memtrain/o_603_1.jpg	photodiode	1
541.256	0.5	541256	untrained	32712	55	memtrain/o_153_2.jpg	photodiode	1
542.007	0.5	542007	trained	32765	2	memtrain/o_035_1.jpg	photodiode	1
542.858	0.5	542858	untrained	32713	54	memtrain/o_145_1.jpg	photodiode	1
543.808	0.5	543808	trained	32724	43	memtrain/so_043_2.jpg	photodiode	1
544.709	0.5	544709	catch	32671	n/a	catch_padded.jpg	photodiode	0
545.091	0.0	545091	response	7	n/a	n/a	trigger	0
546.611	0.5	546611	trained	32763	4	memtrain/o_042_1.jpg	photodiode	1
547.462	0.5	547462	trained	32749	18	memtrain/o_264_2.jpg	photodiode	1
548.262	0.5	548262	untrained	32700	67	memtrain/o_378_1.jpg	photodiode	1
549.213	0.5	549213	untrained	32686	81	memtrain/o_655_2.jpg	photodiode	1
550.064	0.5	550064	untrained	32691	76	memtrain/o_570_1.jpg	photodiode	1
550.964	0.5	550964	catch	32671	n/a	catch_padded.jpg	photodiode	0
551.334	0.0	551334	response	7	n/a	n/a	trigger	0
553.438	0.0	553438	block_end	120	n/a	n/a	trigger	0
556.486	0.0	556486	response	7	n/a	n/a	trigger	0
563.616	0.0	563616	response	7	n/a	n/a	trigger	0
563.621	0.0	563621	block_onset	103	n/a	n/a	trigger	0
565.668	0.5	565668	untrained	32693	74	memtrain/o_550_1.jpg	photodiode	1
566.428	0.5	566428	trained	32757	10	memtrain/o_111_2.jpg	photodiode	1
567.278	0.5	567278	trained	32733	34	memtrain/o_558_2.jpg	photodiode	1
568.079	0.5	568079	untrained	32700	67	memtrain/o_378_1.jpg	photodiode	1
569.021	0.5	569021	trained	32764	3	memtrain/o_040_2.jpg	photodiode	1
569.872	0.5	569872	catch	32671	n/a	catch_padded.jpg	photodiode	0
570.227	0.0	570227	response	7	n/a	n/a	trigger	0
571.874	0.5	571874	untrained	32719	48	memtrain/o_019_2.jpg	photodiode	1
572.724	0.5	572724	untrained	32706	61	memtrain/o_298_2.jpg	photodiode	1
573.675	0.5	573675	trained	32726	41	memtrain/o_663_2.jpg	photodiode	1
574.626	0.5	574626	untrained	32698	69	memtrain/o_464_2.jpg	photodiode	1
575.377	0.5	575377	catch	32671	n/a	catch_padded.jpg	photodiode	0
575.752	0.0	575752	response	7	n/a	n/a	trigger	0
577.478	0.5	577478	untrained	32672	95	memtrain/so_125_1.jpg	photodiode	1
578.229	0.5	578229	untrained	32688	79	memtrain/o_600_1.jpg	photodiode	1
578.98	0.5	578980	trained	32746	21	memtrain/o_319_1.jpg	photodiode	1
579.73	0.5	579730	catch	32671	n/a	catch_padded.jpg	photodiode	0
580.099	0.0	580099	response	7	n/a	n/a	trigger	0
581.782	0.5	581782	trained	32756	11	memtrain/o_117_2.jpg	photodiode	1
582.683	0.5	582683	trained	32758	9	memtrain/o_101_2.jpg	photodiode	1
583.484	0.5	583484	trained	32741	26	memtrain/o_376_1.jpg	photodiode	1
584.284	0.5	584284	untrained	32716	51	memtrain/o_103_2.jpg	photodiode	1
585.135	0.5	585135	untrained	32682	85	memtrain/o_218_1.jpg	photodiode	1
585.986	0.5	585986	catch	32671	n/a	catch_padded.jpg	photodiode	0
586.327	0.0	586327	response	7	n/a	n/a	trigger	0
588.037	0.5	588037	untrained	32718	49	memtrain/o_054_2.jpg	photodiode	1
588.788	0.5	588788	trained	32765	2	memtrain/o_035_1.jpg	photodiode	1
589.539	0.5	589539	trained	32732	35	memtrain/o_561_2.jpg	photodiode	1
590.439	0.5	590439	catch	32671	n/a	catch_padded.jpg	photodiode	0
590.843	0.0	590843	response	7	n/a	n/a	trigger	0
592.391	0.5	592391	untrained	32681	86	memtrain/o_288_1.jpg	photodiode	1
593.142	0.5	593142	untrained	32674	93	memtrain/so_035_1.jpg	photodiode	1
594.093	0.5	594093	untrained	32696	71	memtrain/o_483_1.jpg	photodiode	1
594.843	0.5	594843	untrained	32680	87	memtrain/o_365_1.jpg	photodiode	1
595.644	0.5	595644	catch	32671	n/a	catch_padded.jpg	photodiode	0
595.985	0.0	595985	response	7	n/a	n/a	trigger	0
597.545	0.5	597545	untrained	32691	76	memtrain/o_570_1.jpg	photodiode	1
598.338	0.5	598338	untrained	32713	54	memtrain/o_145_1.jpg	photodiode	1
599.239	0.5	599239	trained	32738	29	memtrain/o_416_1.jpg	photodiode	1
600.089	0.5	600089	trained	32722	45	memtrain/so_090_2.jpg	photodiode	1
601.04	0.5	601040	catch	32671	n/a	catch_padded.jpg	photodiode	0
601.416	0.0	601416	response	7	n/a	n/a	trigger	0
603.042	0.5	603042	untrained	32678	89	memtrain/o_469_1.jpg	photodiode	1
603.943	0.5	603943	untrained	32712	55	memtrain/o_153_2.jpg	photodiode	1
604.793	0.5	604793	untrained	32711	56	memtrain/o_163_2.jpg	photodiode	1
605.544	0.5	605544	trained	32754	13	memtrain/o_136_1.jpg	photodiode	1
606.495	0.5	606495	catch	32671	n/a	catch_padded.jpg	photodiode	0
607.009	0.0	607009	response	7	n/a	n/a	trigger	0
608.396	0.5	608396	trained	32763	4	memtrain/o_042_1.jpg	photodiode	1
609.197	0.5	609197	untrained	32717	50	memtrain/o_057_2.jpg	photodiode	1
610.048	0.5	610048	untrained	32697	70	memtrain/o_471_2.jpg	photodiode	1
610.999	0.5	610999	catch	32671	n/a	catch_padded.jpg	photodiode	0
611.393	0.0	611393	response	7	n/a	n/a	trigger	0
613.0	0.5	613000	trained	32766	1	memtrain/o_015_1.jpg	photodiode	1
613.851	0.5	613851	trained	32744	23	memtrain/o_338_2.jpg	photodiode	1
614.802	0.5	614802	trained	32736	31	memtrain/o_465_2.jpg	photodiode	1
615.603	0.5	615603	untrained	32704	63	memtrain/o_310_2.jpg	photodiode	1
616.453	0.5	616453	untrained	32684	83	memtrain/so_105_1.jpg	photodiode	1
617.254	0.5	617254	catch	32671	n/a	catch_padded.jpg	photodiode	0
617.698	0.0	617698	response	7	n/a	n/a	trigger	0
619.356	0.5	619356	trained	32720	47	memtrain/so_147_2.jpg	photodiode	1
620.106	0.5	620106	trained	32739	28	memtrain/o_397_1.jpg	photodiode	1
621.057	0.5	621057	untrained	32679	88	memtrain/o_458_1.jpg	photodiode	1
621.958	0.5	621958	catch	32671	n/a	catch_padded.jpg	photodiode	0
622.312	0.0	622312	response	7	n/a	n/a	trigger	0
623.86	0.5	623860	untrained	32676	91	memtrain/o_605_1.jpg	photodiode	1
624.61	0.5	624610	untrained	32694	73	memtrain/o_519_2.jpg	photodiode	1
625.561	0.5	625561	untrained	32705	62	memtrain/o_304_1.jpg	photodiode	1
626.312	0.5	626312	trained	32725	42	memtrain/so_034_2.jpg	photodiode	1
627.204	0.5	627204	trained	32767	0	memtrain/o_006_1.jpg	photodiode	1
628.005	0.5	628005	catch	32671	n/a	catch_padded.jpg	photodiode	0
628.32	0.0	628320	response	7	n/a	n/a	trigger	0
630.006	0.5	630006	trained	32731	36	memtrain/o_583_1.jpg	photodiode	1
630.757	0.5	630757	trained	32762	5	memtrain/o_067_1.jpg	photodiode	1
631.658	0.5	631658	untrained	32709	58	memtrain/o_192_1.jpg	photodiode	1
632.408	0.5	632408	trained	32751	16	memtrain/o_199_2.jpg	photodiode	1
633.209	0.5	633209	trained	32737	30	memtrain/o_437_2.jpg	photodiode	1
634.11	0.5	634110	catch	32671	n/a	catch_padded.jpg	photodiode	0
634.458	0.0	634458	response	7	n/a	n/a	trigger	0
636.061	0.5	636061	trained	32755	12	memtrain/o_127_2.jpg	photodiode	1
636.812	0.5	636812	untrained	32690	77	memtrain/o_574_2.jpg	photodiode	1
637.663	0.5	637663	trained	32748	19	memtrain/o_284_2.jpg	photodiode	1
638.564	0.5	638564	trained	32759	8	memtrain/o_094_1.jpg	photodiode	1
639.314	0.5	639314	untrained	32685	82	memtrain/o_656_1.jpg	photodiode	1
640.165	0.5	640165	catch	32671	n/a	catch_padded.jpg	photodiode	0
640.551	0.0	640551	response	7	n/a	n/a	trigger	0
641.34	0.0	641340	response	7	n/a	n/a	trigger	0
642.117	0.5	642117	untrained	32710	57	memtrain/o_171_1.jpg	photodiode	1
642.967	0.5	642967	trained	32747	20	memtrain/o_290_1.jpg	photodiode	1
643.768	0.5	643768	untrained	32695	72	memtrain/o_490_1.jpg	photodiode	1
644.669	0.5	644669	untrained	32699	68	memtrain/o_393_1.jpg	photodiode	1
645.469	0.5	645469	catch	32671	n/a	catch_padded.jpg	photodiode	0
645.838	0.0	645838	response	7	n/a	n/a	trigger	0
647.471	0.5	647471	untrained	32689	78	memtrain/o_599_1.jpg	photodiode	1
648.322	0.5	648322	untrained	32701	66	memtrain/o_342_2.jpg	photodiode	1
649.223	0.5	649223	untrained	32675	92	memtrain/so_033_1.jpg	photodiode	1
650.173	0.5	650173	trained	32730	37	memtrain/o_597_1.jpg	photodiode	1
651.024	0.5	651024	untrained	32687	80	memtrain/o_613_1.jpg	photodiode	1
651.825	0.5	651825	catch	32671	n/a	catch_padded.jpg	photodiode	0
652.192	0.0	652192	response	7	n/a	n/a	trigger	0
653.776	0.5	653776	trained	32729	38	memtrain/o_603_1.jpg	photodiode	1
654.577	0.5	654577	untrained	32702	65	memtrain/o_337_2.jpg	photodiode	1
655.478	0.5	655478	trained	32760	7	memtrain/o_091_2.jpg	photodiode	1
656.379	0.5	656379	untrained	32707	60	memtrain/o_228_2.jpg	photodiode	1
657.321	0.5	657321	trained	32753	14	memtrain/o_174_1.jpg	photodiode	1
658.222	0.5	658222	catch	32671	n/a	catch_padded.jpg	photodiode	0
658.622	0.0	658622	response	7	n/a	n/a	trigger	0
660.324	0.5	660324	trained	32727	40	memtrain/o_648_2.jpg	photodiode	1
661.125	0.5	661125	untrained	32677	90	memtrain/o_580_1.jpg	photodiode	1
661.875	0.5	661875	untrained	32714	53	memtrain/o_142_2.jpg	photodiode	1
662.676	0.5	662676	catch	32671	n/a	catch_padded.jpg	photodiode	0
663.045	0.0	663045	response	7	n/a	n/a	trigger	0
664.678	0.5	664678	trained	32749	18	memtrain/o_264_2.jpg	photodiode	1
665.428	0.5	665428	trained	32728	39	memtrain/o_606_1.jpg	photodiode	1
666.279	0.5	666279	trained	32750	17	memtrain/o_232_1.jpg	photodiode	1
667.08	0.5	667080	catch	32671	n/a	catch_padded.jpg	photodiode	0
667.439	0.0	667439	response	7	n/a	n/a	trigger	0
669.131	0.5	669131	untrained	32708	59	memtrain/o_201_2.jpg	photodiode	1
669.982	0.5	669982	untrained	32703	64	memtrain/o_334_2.jpg	photodiode	1
670.883	0.5	670883	trained	32723	44	memtrain/so_045_1.jpg	photodiode	1
671.733	0.5	671733	catch	32671	n/a	catch_padded.jpg	photodiode	0
672.122	0.0	672122	response	7	n/a	n/a	trigger	0
673.785	0.5	673785	untrained	32692	75	memtrain/o_564_1.jpg	photodiode	1
674.536	0.5	674536	trained	32734	33	memtrain/o_536_1.jpg	photodiode	1
675.337	0.5	675337	untrained	32683	84	memtrain/so_117_2.jpg	photodiode	1
676.287	0.5	676287	catch	32671	n/a	catch_padded.jpg	photodiode	0
676.633	0.0	676633	response	7	n/a	n/a	trigger	0
678.239	0.5	678239	trained	32735	32	memtrain/o_485_2.jpg	photodiode	1
678.99	0.5	678990	untrained	32673	94	memtrain/so_067_1.jpg	photodiode	1
679.94	0.5	679940	trained	32740	27	memtrain/o_379_2.jpg	photodiode	1
680.741	0.5	680741	trained	32743	24	memtrain/o_357_1.jpg	photodiode	1
681.642	0.5	681642	catch	32671	n/a	catch_padded.jpg	photodiode	0
681.981	0.0	681981	response	7	n/a	n/a	trigger	0
683.694	0.5	683694	trained	32742	25	memtrain/o_358_2.jpg	photodiode	1
684.544	0.5	684544	trained	32724	43	memtrain/so_043_2.jpg	photodiode	1
685.445	0.5	685445	untrained	32715	52	memtrain/o_141_1.jpg	photodiode	1
686.187	0.5	686187	trained	32761	6	memtrain/o_076_1.jpg	photodiode	1
686.988	0.5	686988	trained	32745	22	memtrain/o_321_1.jpg	photodiode	1
687.739	0.5	687739	catch	32671	n/a	catch_padded.jpg	photodiode	0
688.162	0.0	688162	response	7	n/a	n/a	trigger	0
689.84	0.5	689840	untrained	32686	81	memtrain/o_655_2.jpg	photodiode	1
690.591	0.5	690591	trained	32752	15	memtrain/o_195_1.jpg	photodiode	1
691.492	0.5	691492	trained	32721	46	memtrain/so_113_1.jpg	photodiode	1
692.342	0.5	692342	untrained	32693	74	memtrain/o_550_1.jpg	photodiode	1
693.302	0.5	693302	trained	32721	46	memtrain/so_113_1.jpg	photodiode	1
694.044	0.5	694044	catch	32671	n/a	catch_padded.jpg	photodiode	0
694.378	0.0	694378	response	7	n/a	n/a	trigger	0
696.046	0.5	696046	untrained	32676	91	memtrain/o_605_1.jpg	photodiode	1
696.896	0.5	696896	untrained	32680	87	memtrain/o_365_1.jpg	photodiode	1
697.847	0.5	697847	untrained	32717	50	memtrain/o_057_2.jpg	photodiode	1
698.748	0.5	698748	catch	32671	n/a	catch_padded.jpg	photodiode	0
699.09	0.0	699090	response	7	n/a	n/a	trigger	0
700.85	0.5	700850	trained	32736	31	memtrain/o_465_2.jpg	photodiode	1
701.7	0.5	701700	untrained	32699	68	memtrain/o_393_1.jpg	photodiode	1
702.501	0.5	702501	untrained	32672	95	memtrain/so_125_1.jpg	photodiode	1
703.452	0.5	703452	untrained	32683	84	memtrain/so_117_2.jpg	photodiode	1
704.253	0.5	704253	catch	32671	n/a	catch_padded.jpg	photodiode	0
704.659	0.0	704659	response	7	n/a	n/a	trigger	0
706.304	0.5	706304	trained	32766	1	memtrain/o_015_1.jpg	photodiode	1
707.205	0.5	707205	untrained	32692	75	memtrain/o_564_1.jpg	photodiode	1
708.106	0.5	708106	untrained	32708	59	memtrain/o_201_2.jpg	photodiode	1
709.057	0.5	709057	trained	32754	13	memtrain/o_136_1.jpg	photodiode	1
709.857	0.5	709857	catch	32671	n/a	catch_padded.jpg	photodiode	0
710.177	0.0	710177	response	7	n/a	n/a	trigger	0
711.759	0.5	711759	trained	32764	3	memtrain/o_040_2.jpg	photodiode	1
712.51	0.5	712510	trained	32725	42	memtrain/so_034_2.jpg	photodiode	1
713.31	0.5	713310	trained	32727	40	memtrain/o_648_2.jpg	photodiode	1
714.261	0.5	714261	trained	32737	30	memtrain/o_437_2.jpg	photodiode	1
715.162	0.5	715162	catch	32671	n/a	catch_padded.jpg	photodiode	0
715.496	0.0	715496	response	7	n/a	n/a	trigger	0
717.255	0.5	717255	trained	32743	24	memtrain/o_357_1.jpg	photodiode	1
718.206	0.5	718206	trained	32729	38	memtrain/o_603_1.jpg	photodiode	1
718.957	0.5	718957	untrained	32698	69	memtrain/o_464_2.jpg	photodiode	1
719.758	0.5	719758	catch	32671	n/a	catch_padded.jpg	photodiode	0
720.098	0.0	720098	response	7	n/a	n/a	trigger	0
721.759	0.5	721759	trained	32762	5	memtrain/o_067_1.jpg	photodiode	1
722.61	0.5	722610	untrained	32711	56	memtrain/o_163_2.jpg	photodiode	1
723.511	0.5	723511	trained	32749	18	memtrain/o_264_2.jpg	photodiode	1
724.411	0.5	724411	catch	32671	n/a	catch_padded.jpg	photodiode	0
724.75	0.0	724750	response	7	n/a	n/a	trigger	0
726.313	0.5	726313	trained	32746	21	memtrain/o_319_1.jpg	photodiode	1
727.264	0.5	727264	untrained	32673	94	memtrain/so_067_1.jpg	photodiode	1
728.215	0.5	728215	untrained	32697	70	memtrain/o_471_2.jpg	photodiode	1
728.965	0.5	728965	trained	32740	27	memtrain/o_379_2.jpg	photodiode	1
729.816	0.5	729816	catch	32671	n/a	catch_padded.jpg	photodiode	0
730.307	0.0	730307	response	7	n/a	n/a	trigger	0
731.818	0.5	731818	untrained	32709	58	memtrain/o_192_1.jpg	photodiode	1
732.618	0.5	732618	untrained	32682	85	memtrain/o_218_1.jpg	photodiode	1
733.469	0.5	733469	untrained	32706	61	memtrain/o_298_2.jpg	photodiode	1
734.42	0.5	734420	untrained	32681	86	memtrain/o_288_1.jpg	photodiode	1
735.371	0.5	735371	trained	32753	14	memtrain/o_174_1.jpg	photodiode	1
736.221	0.5	736221	catch	32671	n/a	catch_padded.jpg	photodiode	0
736.513	0.0	736513	response	7	n/a	n/a	trigger	0
738.273	0.5	738273	trained	32763	4	memtrain/o_042_1.jpg	photodiode	1
739.224	0.5	739224	untrained	32695	72	memtrain/o_490_1.jpg	photodiode	1
739.975	0.5	739975	untrained	32715	52	memtrain/o_141_1.jpg	photodiode	1
740.775	0.5	740775	untrained	32712	55	memtrain/o_153_2.jpg	photodiode	1
741.676	0.5	741676	catch	32671	n/a	catch_padded.jpg	photodiode	0
742.121	0.0	742121	response	7	n/a	n/a	trigger	0
743.578	0.5	743578	untrained	32675	92	memtrain/so_033_1.jpg	photodiode	1
744.42	0.5	744420	trained	32765	2	memtrain/o_035_1.jpg	photodiode	1
745.371	0.5	745371	trained	32755	12	memtrain/o_127_2.jpg	photodiode	1
746.121	0.5	746121	untrained	32684	83	memtrain/so_105_1.jpg	photodiode	1
746.922	0.5	746922	untrained	32696	71	memtrain/o_483_1.jpg	photodiode	1
747.823	0.5	747823	catch	32671	n/a	catch_padded.jpg	photodiode	0
748.154	0.0	748154	response	7	n/a	n/a	trigger	0
749.774	0.5	749774	untrained	32705	62	memtrain/o_304_1.jpg	photodiode	1
750.575	0.5	750575	trained	32728	39	memtrain/o_606_1.jpg	photodiode	1
751.326	0.5	751326	trained	32733	34	memtrain/o_558_2.jpg	photodiode	1
752.177	0.5	752177	trained	32767	0	memtrain/o_006_1.jpg	photodiode	1
752.927	0.5	752927	catch	32671	n/a	catch_padded.jpg	photodiode	0
753.245	0.0	753245	response	7	n/a	n/a	trigger	0
754.979	0.5	754979	trained	32752	15	memtrain/o_195_1.jpg	photodiode	1
755.78	0.5	755780	untrained	32678	89	memtrain/o_469_1.jpg	photodiode	1
756.68	0.5	756680	trained	32750	17	memtrain/o_232_1.jpg	photodiode	1
757.59	0.5	757590	untrained	32704	63	memtrain/o_310_2.jpg	photodiode	1
758.332	0.5	758332	untrained	32718	49	memtrain/o_054_2.jpg	photodiode	1
759.132	0.5	759132	catch	32671	n/a	catch_padded.jpg	photodiode	0
759.422	0.0	759422	response	7	n/a	n/a	trigger	0
761.084	0.5	761084	untrained	32690	77	memtrain/o_574_2.jpg	photodiode	1
762.035	0.5	762035	trained	32732	35	memtrain/o_561_2.jpg	photodiode	1
762.836	0.5	762836	trained	32723	44	memtrain/so_045_1.jpg	photodiode	1
763.736	0.5	763736	untrained	32714	53	memtrain/o_142_2.jpg	photodiode	1
764.687	0.5	764687	catch	32671	n/a	catch_padded.jpg	photodiode	0
765.006	0.0	765006	response	7	n/a	n/a	trigger	0
766.639	0.5	766639	trained	32744	23	memtrain/o_338_2.jpg	photodiode	1
767.489	0.5	767489	trained	32738	29	memtrain/o_416_1.jpg	photodiode	1
768.29	0.5	768290	trained	32745	22	memtrain/o_321_1.jpg	photodiode	1
769.241	0.5	769241	trained	32760	7	memtrain/o_091_2.jpg	photodiode	1
770.042	0.5	770042	untrained	32694	73	memtrain/o_519_2.jpg	photodiode	1
770.892	0.5	770892	catch	32671	n/a	catch_padded.jpg	photodiode	0
771.231	0.0	771231	response	7	n/a	n/a	trigger	0
772.994	0.5	772994	trained	32741	26	memtrain/o_376_1.jpg	photodiode	1
773.787	0.5	773787	trained	32751	16	memtrain/o_199_2.jpg	photodiode	1
774.545	0.5	774545	untrained	32700	67	memtrain/o_378_1.jpg	photodiode	1
775.388	0.5	775388	trained	32758	9	memtrain/o_101_2.jpg	photodiode	1
776.339	0.5	776339	catch	32671	n/a	catch_padded.jpg	photodiode	0
776.725	0.0	776725	response	7	n/a	n/a	trigger	0
778.29	0.5	778290	trained	32734	33	memtrain/o_536_1.jpg	photodiode	1
779.191	0.5	779191	untrained	32688	79	memtrain/o_600_1.jpg	photodiode	1
780.142	0.5	780142	trained	32730	37	memtrain/o_597_1.jpg	photodiode	1
780.993	0.5	780993	catch	32671	n/a	catch_padded.jpg	photodiode	0
781.262	0.0	781262	response	7	n/a	n/a	trigger	0
782.994	0.5	782994	trained	32739	28	memtrain/o_397_1.jpg	photodiode	1
783.745	0.5	783745	untrained	32716	51	memtrain/o_103_2.jpg	photodiode	1
784.646	0.5	784646	untrained	32713	54	memtrain/o_145_1.jpg	photodiode	1
785.547	0.5	785547	trained	32747	20	memtrain/o_290_1.jpg	photodiode	1
786.347	0.5	786347	catch	32671	n/a	catch_padded.jpg	photodiode	0
786.674	0.0	786674	response	7	n/a	n/a	trigger	0
788.399	0.5	788399	untrained	32674	93	memtrain/so_035_1.jpg	photodiode	1
789.15	0.5	789150	trained	32761	6	memtrain/o_076_1.jpg	photodiode	1
789.95	0.5	789950	trained	32757	10	memtrain/o_111_2.jpg	photodiode	1
790.701	0.5	790701	catch	32671	n/a	catch_padded.jpg	photodiode	0
791.028	0.0	791028	response	7	n/a	n/a	trigger	0
792.603	0.5	792603	trained	32742	25	memtrain/o_358_2.jpg	photodiode	1
793.553	0.5	793553	trained	32722	45	memtrain/so_090_2.jpg	photodiode	1
794.504	0.5	794504	untrained	32691	76	memtrain/o_570_1.jpg	photodiode	1
795.455	0.5	795455	untrained	32679	88	memtrain/o_458_1.jpg	photodiode	1
796.306	0.5	796306	untrained	32703	64	memtrain/o_334_2.jpg	photodiode	1
797.206	0.5	797206	catch	32671	n/a	catch_padded.jpg	photodiode	0
797.53	0.0	797530	response	7	n/a	n/a	trigger	0
799.158	0.5	799158	trained	32759	8	memtrain/o_094_1.jpg	photodiode	1
800.109	0.5	800109	trained	32735	32	memtrain/o_485_2.jpg	photodiode	1
801.06	0.5	801060	untrained	32710	57	memtrain/o_171_1.jpg	photodiode	1
802.011	0.5	802011	catch	32671	n/a	catch_padded.jpg	photodiode	0
802.312	0.0	802312	response	7	n/a	n/a	trigger	0
804.004	0.5	804004	trained	32720	47	memtrain/so_147_2.jpg	photodiode	1
804.905	0.5	804905	untrained	32687	80	memtrain/o_613_1.jpg	photodiode	1
805.805	0.5	805805	untrained	32719	48	memtrain/o_019_2.jpg	photodiode	1
806.756	0.5	806756	trained	32724	43	memtrain/so_043_2.jpg	photodiode	1
807.657	0.5	807657	catch	32671	n/a	catch_padded.jpg	photodiode	0
807.999	0.0	807999	response	7	n/a	n/a	trigger	0
809.558	0.5	809558	untrained	32707	60	memtrain/o_228_2.jpg	photodiode	1
810.409	0.5	810409	trained	32726	41	memtrain/o_663_2.jpg	photodiode	1
811.31	0.5	811310	untrained	32689	78	memtrain/o_599_1.jpg	photodiode	1
812.161	0.5	812161	catch	32671	n/a	catch_padded.jpg	photodiode	0
812.527	0.0	812527	response	7	n/a	n/a	trigger	0
814.212	0.5	814212	untrained	32702	65	memtrain/o_337_2.jpg	photodiode	1
815.013	0.5	815013	untrained	32677	90	memtrain/o_580_1.jpg	photodiode	1
815.764	0.5	815764	untrained	32686	81	memtrain/o_655_2.jpg	photodiode	1
816.514	0.5	816514	trained	32756	11	memtrain/o_117_2.jpg	photodiode	1
817.465	0.5	817465	untrained	32701	66	memtrain/o_342_2.jpg	photodiode	1
818.366	0.5	818366	catch	32671	n/a	catch_padded.jpg	photodiode	0
818.756	0.0	818756	response	7	n/a	n/a	trigger	0
820.468	0.5	820468	trained	32731	36	memtrain/o_583_1.jpg	photodiode	1
821.318	0.5	821318	untrained	32685	82	memtrain/o_656_1.jpg	photodiode	1
822.269	0.5	822269	trained	32748	19	memtrain/o_284_2.jpg	photodiode	1
823.12	0.5	823120	catch	32671	n/a	catch_padded.jpg	photodiode	0
823.46	0.0	823460	response	7	n/a	n/a	trigger	0
825.594	0.0	825594	block_end	120	n/a	n/a	trigger	0
828.266	0.0	828266	response	7	n/a	n/a	trigger	0
837.528	0.0	837528	response	7	n/a	n/a	trigger	0
837.537	0.0	837537	block_onset	104	n/a	n/a	trigger	0
839.592	0.5	839592	untrained	32693	74	memtrain/o_550_1.jpg	photodiode	1
840.393	0.5	840393	trained	32748	19	memtrain/o_284_2.jpg	photodiode	1
841.194	0.5	841194	trained	32720	47	memtrain/so_147_2.jpg	photodiode	1
842.095	0.5	842095	untrained	32692	75	memtrain/o_564_1.jpg	photodiode	1
843.045	0.5	843045	catch	32671	n/a	catch_padded.jpg	photodiode	0
843.405	0.0	843405	response	7	n/a	n/a	trigger	0
845.147	0.5	845147	untrained	32699	68	memtrain/o_393_1.jpg	photodiode	1
846.039	0.5	846039	trained	32742	25	memtrain/o_358_2.jpg	photodiode	1
846.79	0.5	846790	untrained	32718	49	memtrain/o_054_2.jpg	photodiode	1
847.591	0.5	847591	trained	32747	20	memtrain/o_290_1.jpg	photodiode	1
848.341	0.5	848341	untrained	32696	71	memtrain/o_483_1.jpg	photodiode	1
849.242	0.5	849242	catch	32671	n/a	catch_padded.jpg	photodiode	0
849.593	0.0	849593	response	7	n/a	n/a	trigger	0
851.344	0.5	851344	untrained	32679	88	memtrain/o_458_1.jpg	photodiode	1
852.195	0.5	852195	trained	32734	33	memtrain/o_536_1.jpg	photodiode	1
852.945	0.5	852945	trained	32766	1	memtrain/o_015_1.jpg	photodiode	1
853.896	0.5	853896	trained	32765	2	memtrain/o_035_1.jpg	photodiode	1
854.697	0.5	854697	trained	32732	35	memtrain/o_561_2.jpg	photodiode	1
855.447	0.5	855447	catch	32671	n/a	catch_padded.jpg	photodiode	0
855.793	0.0	855793	response	7	n/a	n/a	trigger	0
857.349	0.5	857349	untrained	32688	79	memtrain/o_600_1.jpg	photodiode	1
858.15	0.5	858150	untrained	32707	60	memtrain/o_228_2.jpg	photodiode	1
858.9	0.5	858900	untrained	32687	80	memtrain/o_613_1.jpg	photodiode	1
859.701	0.5	859701	untrained	32719	48	memtrain/o_019_2.jpg	photodiode	1
860.602	0.5	860602	trained	32743	24	memtrain/o_357_1.jpg	photodiode	1
861.503	0.5	861503	catch	32671	n/a	catch_padded.jpg	photodiode	0
861.828	0.0	861828	response	7	n/a	n/a	trigger	0
863.404	0.5	863404	untrained	32698	69	memtrain/o_464_2.jpg	photodiode	1
864.305	0.5	864305	trained	32735	32	memtrain/o_485_2.jpg	photodiode	1
865.206	0.5	865206	trained	32721	46	memtrain/so_113_1.jpg	photodiode	1
866.106	0.5	866106	trained	32758	9	memtrain/o_101_2.jpg	photodiode	1
866.907	0.5	866907	catch	32671	n/a	catch_padded.jpg	photodiode	0
867.243	0.0	867243	response	7	n/a	n/a	trigger	0
868.859	0.5	868859	untrained	32681	86	memtrain/o_288_1.jpg	photodiode	1
869.609	0.5	869609	trained	32755	12	memtrain/o_127_2.jpg	photodiode	1
870.46	0.5	870460	untrained	32716	51	memtrain/o_103_2.jpg	photodiode	1
871.411	0.5	871411	untrained	32691	76	memtrain/o_570_1.jpg	photodiode	1
872.362	0.5	872362	catch	32671	n/a	catch_padded.jpg	photodiode	0
872.718	0.0	872718	response	7	n/a	n/a	trigger	0
874.455	0.5	874455	trained	32724	43	memtrain/so_043_2.jpg	photodiode	1
875.406	0.5	875406	trained	32733	34	memtrain/o_558_2.jpg	photodiode	1
876.357	0.5	876357	untrained	32712	55	memtrain/o_153_2.jpg	photodiode	1
877.158	0.5	877158	trained	32728	39	memtrain/o_606_1.jpg	photodiode	1
878.108	0.5	878108	untrained	32675	92	memtrain/so_033_1.jpg	photodiode	1
878.859	0.5	878859	catch	32671	n/a	catch_padded.jpg	photodiode	0
879.252	0.0	879252	response	7	n/a	n/a	trigger	0
880.761	0.5	880761	untrained	32711	56	memtrain/o_163_2.jpg	photodiode	1
881.561	0.5	881561	trained	32741	26	memtrain/o_376_1.jpg	photodiode	1
882.52	0.5	882520	untrained	32683	84	memtrain/so_117_2.jpg	photodiode	1
883.463	0.5	883463	catch	32671	n/a	catch_padded.jpg	photodiode	0
883.845	0.0	883845	response	7	n/a	n/a	trigger	0
885.515	0.5	885515	trained	32727	40	memtrain/o_648_2.jpg	photodiode	1
886.265	0.5	886265	trained	32738	29	memtrain/o_416_1.jpg	photodiode	1
887.066	0.5	887066	trained	32751	16	memtrain/o_199_2.jpg	photodiode	1
888.017	0.5	888017	untrained	32682	85	memtrain/o_218_1.jpg	photodiode	1
888.868	0.5	888868	untrained	32708	59	memtrain/o_201_2.jpg	photodiode	1
889.668	0.5	889668	catch	32671	n/a	catch_padded.jpg	photodiode	0
890.025	0.0	890025	response	7	n/a	n/a	trigger	0
891.62	0.5	891620	trained	32730	37	memtrain/o_597_1.jpg	photodiode	1
892.471	0.5	892471	trained	32746	21	memtrain/o_319_1.jpg	photodiode	1
893.221	0.5	893221	trained	32752	15	memtrain/o_195_1.jpg	photodiode	1
894.172	0.5	894172	catch	32671	n/a	catch_padded.jpg	photodiode	0
894.49	0.0	894490	response	7	n/a	n/a	trigger	0
896.074	0.5	896074	untrained	32702	65	memtrain/o_337_2.jpg	photodiode	1
896.824	0.5	896824	untrained	32703	64	memtrain/o_334_2.jpg	photodiode	1
897.675	0.5	897675	untrained	32680	87	memtrain/o_365_1.jpg	photodiode	1
898.526	0.5	898526	catch	32671	n/a	catch_padded.jpg	photodiode	0
898.794	0.0	898794	response	7	n/a	n/a	trigger	0
900.527	0.5	900527	untrained	32676	91	memtrain/o_605_1.jpg	photodiode	1
901.428	0.5	901428	trained	32750	17	memtrain/o_232_1.jpg	photodiode	1
902.279	0.5	902279	untrained	32672	95	memtrain/so_125_1.jpg	photodiode	1
903.18	0.5	903180	untrained	32678	89	memtrain/o_469_1.jpg	photodiode	1
904.13	0.5	904130	trained	32749	18	memtrain/o_264_2.jpg	photodiode	1
904.981	0.5	904981	catch	32671	n/a	catch_padded.jpg	photodiode	0
905.32	0.0	905320	response	7	n/a	n/a	trigger	0
906.874	0.5	906874	trained	32764	3	memtrain/o_040_2.jpg	photodiode	1
907.825	0.5	907825	untrained	32677	90	memtrain/o_580_1.jpg	photodiode	1
908.726	0.5	908726	untrained	32686	81	memtrain/o_655_2.jpg	photodiode	1
909.577	0.5	909577	untrained	32701	66	memtrain/o_342_2.jpg	photodiode	1
910.377	0.5	910377	catch	32671	n/a	catch_padded.jpg	photodiode	0
910.717	0.0	910717	response	7	n/a	n/a	trigger	0
912.279	0.5	912279	untrained	32706	61	memtrain/o_298_2.jpg	photodiode	1
913.03	0.5	913030	untrained	32705	62	memtrain/o_304_1.jpg	photodiode	1
913.83	0.5	913830	untrained	32714	53	memtrain/o_142_2.jpg	photodiode	1
914.631	0.5	914631	trained	32754	13	memtrain/o_136_1.jpg	photodiode	1
915.382	0.5	915382	trained	32723	44	memtrain/so_045_1.jpg	photodiode	1
916.232	0.5	916232	catch	32671	n/a	catch_padded.jpg	photodiode	0
916.556	0.0	916556	response	7	n/a	n/a	trigger	0
918.284	0.5	918284	untrained	32704	63	memtrain/o_310_2.jpg	photodiode	1
919.085	0.5	919085	trained	32740	27	memtrain/o_379_2.jpg	photodiode	1
919.985	0.5	919985	untrained	32673	94	memtrain/so_067_1.jpg	photodiode	1
920.786	0.5	920786	catch	32671	n/a	catch_padded.jpg	photodiode	0
921.319	0.0	921319	response	7	n/a	n/a	trigger	0
922.788	0.5	922788	trained	32759	8	memtrain/o_094_1.jpg	photodiode	1
923.689	0.5	923689	trained	32757	10	memtrain/o_111_2.jpg	photodiode	1
924.639	0.5	924639	trained	32729	38	memtrain/o_603_1.jpg	photodiode	1
925.54	0.5	925540	catch	32671	n/a	catch_padded.jpg	photodiode	0
925.957	0.0	925957	response	7	n/a	n/a	trigger	0
927.542	0.5	927542	untrained	32695	72	memtrain/o_490_1.jpg	photodiode	1
928.443	0.5	928443	trained	32725	42	memtrain/so_034_2.jpg	photodiode	1
929.193	0.5	929193	untrained	32713	54	memtrain/o_145_1.jpg	photodiode	1
930.144	0.5	930144	trained	32731	36	memtrain/o_583_1.jpg	photodiode	1
931.095	0.5	931095	catch	32671	n/a	catch_padded.jpg	photodiode	0
931.413	0.0	931413	response	7	n/a	n/a	trigger	0
933.138	0.5	933138	untrained	32709	58	memtrain/o_192_1.jpg	photodiode	1
934.039	0.5	934039	trained	32753	14	memtrain/o_174_1.jpg	photodiode	1
934.99	0.5	934990	trained	32745	22	memtrain/o_321_1.jpg	photodiode	1
935.741	0.5	935741	untrained	32717	50	memtrain/o_057_2.jpg	photodiode	1
936.541	0.5	936541	untrained	32674	93	memtrain/so_035_1.jpg	photodiode	1
937.442	0.5	937442	catch	32671	n/a	catch_padded.jpg	photodiode	0
937.741	0.0	937741	response	7	n/a	n/a	trigger	0
939.544	0.5	939544	trained	32760	7	memtrain/o_091_2.jpg	photodiode	1
940.395	0.5	940395	untrained	32684	83	memtrain/so_105_1.jpg	photodiode	1
941.345	0.5	941345	trained	32726	41	memtrain/o_663_2.jpg	photodiode	1
942.296	0.5	942296	catch	32671	n/a	catch_padded.jpg	photodiode	0
942.712	0.0	942712	response	7	n/a	n/a	trigger	0
944.248	0.5	944248	trained	32739	28	memtrain/o_397_1.jpg	photodiode	1
945.099	0.5	945099	untrained	32694	73	memtrain/o_519_2.jpg	photodiode	1
945.899	0.5	945899	trained	32736	31	memtrain/o_465_2.jpg	photodiode	1
946.75	0.5	946750	untrained	32710	57	memtrain/o_171_1.jpg	photodiode	1
947.701	0.5	947701	untrained	32715	52	memtrain/o_141_1.jpg	photodiode	1
948.551	0.5	948551	catch	32671	n/a	catch_padded.jpg	photodiode	0
948.868	0.0	948868	response	7	n/a	n/a	trigger	0
950.603	0.5	950603	trained	32756	11	memtrain/o_117_2.jpg	photodiode	1
951.504	0.5	951504	trained	32737	30	memtrain/o_437_2.jpg	photodiode	1
952.305	0.5	952305	trained	32722	45	memtrain/so_090_2.jpg	photodiode	1
953.205	0.5	953205	catch	32671	n/a	catch_padded.jpg	photodiode	0
953.553	0.0	953553	response	7	n/a	n/a	trigger	0
955.107	0.5	955107	untrained	32700	67	memtrain/o_378_1.jpg	photodiode	1
956.058	0.5	956058	trained	32767	0	memtrain/o_006_1.jpg	photodiode	1
956.959	0.5	956959	untrained	32689	78	memtrain/o_599_1.jpg	photodiode	1
957.759	0.5	957759	untrained	32685	82	memtrain/o_656_1.jpg	photodiode	1
958.61	0.5	958610	trained	32763	4	memtrain/o_042_1.jpg	photodiode	1
959.411	0.5	959411	catch	32671	n/a	catch_padded.jpg	photodiode	0
959.713	0.0	959713	response	7	n/a	n/a	trigger	0
961.354	0.5	961354	trained	32762	5	memtrain/o_067_1.jpg	photodiode	1
962.104	0.5	962104	untrained	32690	77	memtrain/o_574_2.jpg	photodiode	1
963.055	0.5	963055	trained	32744	23	memtrain/o_338_2.jpg	photodiode	1
963.856	0.5	963856	catch	32671	n/a	catch_padded.jpg	photodiode	0
964.348	0.0	964348	response	7	n/a	n/a	trigger	0
965.908	0.5	965908	trained	32761	6	memtrain/o_076_1.jpg	photodiode	1
966.758	0.5	966758	untrained	32697	70	memtrain/o_471_2.jpg	photodiode	1
967.559	0.5	967559	untrained	32698	69	memtrain/o_464_2.jpg	photodiode	1
968.41	0.5	968410	untrained	32703	64	memtrain/o_334_2.jpg	photodiode	1
969.21	0.5	969210	untrained	32707	60	memtrain/o_228_2.jpg	photodiode	1
970.111	0.5	970111	catch	32671	n/a	catch_padded.jpg	photodiode	0
970.391	0.0	970391	response	7	n/a	n/a	trigger	0
972.213	0.5	972213	untrained	32701	66	memtrain/o_342_2.jpg	photodiode	1
973.164	0.5	973164	trained	32743	24	memtrain/o_357_1.jpg	photodiode	1
974.065	0.5	974065	trained	32720	47	memtrain/so_147_2.jpg	photodiode	1
974.915	0.5	974915	catch	32671	n/a	catch_padded.jpg	photodiode	0
975.236	0.0	975236	response	7	n/a	n/a	trigger	0
976.967	0.5	976967	trained	32728	39	memtrain/o_606_1.jpg	photodiode	1
977.718	0.5	977718	trained	32727	40	memtrain/o_648_2.jpg	photodiode	1
978.518	0.5	978518	untrained	32711	56	memtrain/o_163_2.jpg	photodiode	1
979.419	0.5	979419	trained	32751	16	memtrain/o_199_2.jpg	photodiode	1
980.32	0.5	980320	untrained	32678	89	memtrain/o_469_1.jpg	photodiode	1
981.171	0.5	981171	catch	32671	n/a	catch_padded.jpg	photodiode	0
981.49	0.0	981490	response	7	n/a	n/a	trigger	0
983.272	0.5	983272	untrained	32694	73	memtrain/o_519_2.jpg	photodiode	1
984.123	0.5	984123	untrained	32675	92	memtrain/so_033_1.jpg	photodiode	1
985.074	0.5	985074	trained	32735	32	memtrain/o_485_2.jpg	photodiode	1
985.925	0.5	985925	catch	32671	n/a	catch_padded.jpg	photodiode	0
986.268	0.0	986268	response	7	n/a	n/a	trigger	0
987.826	0.5	987826	trained	32761	6	memtrain/o_076_1.jpg	photodiode	1
988.677	0.5	988677	trained	32764	3	memtrain/o_040_2.jpg	photodiode	1
989.578	0.5	989578	trained	32722	45	memtrain/so_090_2.jpg	photodiode	1
990.378	0.5	990378	catch	32671	n/a	catch_padded.jpg	photodiode	0
990.76	0.0	990760	response	7	n/a	n/a	trigger	0
992.422	0.5	992422	trained	32723	44	memtrain/so_045_1.jpg	photodiode	1
993.223	0.5	993223	trained	32733	34	memtrain/o_558_2.jpg	photodiode	1
994.023	0.5	994023	untrained	32695	72	memtrain/o_490_1.jpg	photodiode	1
994.874	0.5	994874	trained	32732	35	memtrain/o_561_2.jpg	photodiode	1
995.625	0.5	995625	catch	32671	n/a	catch_padded.jpg	photodiode	0
996.014	0.0	996014	response	7	n/a	n/a	trigger	0
997.584	0.5	997584	untrained	32702	65	memtrain/o_337_2.jpg	photodiode	1
998.377	0.5	998377	untrained	32719	48	memtrain/o_019_2.jpg	photodiode	1
999.128	0.5	999128	untrained	32683	84	memtrain/so_117_2.jpg	photodiode	1
1000.078	0.5	1000078	untrained	32690	77	memtrain/o_574_2.jpg	photodiode	1
1000.829	0.5	1000829	trained	32766	1	memtrain/o_015_1.jpg	photodiode	1
1001.68	0.5	1001680	catch	32671	n/a	catch_padded.jpg	photodiode	0
1002.032	0.0	1002032	response	7	n/a	n/a	trigger	0
1003.581	0.5	1003581	untrained	32673	94	memtrain/so_067_1.jpg	photodiode	1
1004.482	0.5	1004482	trained	32725	42	memtrain/so_034_2.jpg	photodiode	1
1005.233	0.5	1005233	trained	32730	37	memtrain/o_597_1.jpg	photodiode	1
1006.033	0.5	1006033	trained	32760	7	memtrain/o_091_2.jpg	photodiode	1
1006.984	0.5	1006984	catch	32671	n/a	catch_padded.jpg	photodiode	0
1007.303	0.0	1007303	response	7	n/a	n/a	trigger	0
1008.936	0.5	1008936	untrained	32713	54	memtrain/o_145_1.jpg	photodiode	1
1009.787	0.5	1009787	trained	32767	0	memtrain/o_006_1.jpg	photodiode	1
1010.637	0.5	1010637	trained	32759	8	memtrain/o_094_1.jpg	photodiode	1
1011.538	0.5	1011538	untrained	32687	80	memtrain/o_613_1.jpg	photodiode	1
1012.289	0.5	1012289	catch	32671	n/a	catch_padded.jpg	photodiode	0
1012.619	0.0	1012619	response	7	n/a	n/a	trigger	0
1014.391	0.5	1014391	trained	32763	4	memtrain/o_042_1.jpg	photodiode	1
1015.291	0.5	1015291	trained	32726	41	memtrain/o_663_2.jpg	photodiode	1
1016.242	0.5	1016242	untrained	32693	74	memtrain/o_550_1.jpg	photodiode	1
1017.193	0.5	1017193	trained	32744	23	memtrain/o_338_2.jpg	photodiode	1
1017.944	0.5	1017944	trained	32729	38	memtrain/o_603_1.jpg	photodiode	1
1018.694	0.5	1018694	catch	32671	n/a	catch_padded.jpg	photodiode	0
1018.972	0.0	1018972	response	7	n/a	n/a	trigger	0
1020.696	0.5	1020696	trained	32738	29	memtrain/o_416_1.jpg	photodiode	1
1021.638	0.5	1021638	trained	32758	9	memtrain/o_101_2.jpg	photodiode	1
1022.439	0.5	1022439	trained	32734	33	memtrain/o_536_1.jpg	photodiode	1
1023.29	0.5	1023290	untrained	32676	91	memtrain/o_605_1.jpg	photodiode	1
1024.14	0.5	1024140	catch	32671	n/a	catch_padded.jpg	photodiode	0
1024.462	0.0	1024462	response	7	n/a	n/a	trigger	0
1026.192	0.5	1026192	untrained	32704	63	memtrain/o_310_2.jpg	photodiode	1
1027.143	0.5	1027143	untrained	32688	79	memtrain/o_600_1.jpg	photodiode	1
1027.944	0.5	1027944	trained	32724	43	memtrain/so_043_2.jpg	photodiode	1
1028.753	0.5	1028753	trained	32752	15	memtrain/o_195_1.jpg	photodiode	1
1029.595	0.5	1029595	catch	32671	n/a	catch_padded.jpg	photodiode	0
1029.922	0.0	1029922	response	7	n/a	n/a	trigger	0
1031.547	0.5	1031547	untrained	32714	53	memtrain/o_142_2.jpg	photodiode	1
1032.347	0.5	1032347	trained	32721	46	memtrain/so_113_1.jpg	photodiode	1
1033.248	0.5	1033248	untrained	32705	62	memtrain/o_304_1.jpg	photodiode	1
1034.149	0.5	1034149	trained	32756	11	memtrain/o_117_2.jpg	photodiode	1
1035.0	0.5	1035000	catch	32671	n/a	catch_padded.jpg	photodiode	0
1035.415	0.0	1035415	response	7	n/a	n/a	trigger	0
1037.101	0.5	1037101	untrained	32717	50	memtrain/o_057_2.jpg	photodiode	1
1038.052	0.5	1038052	trained	32750	17	memtrain/o_232_1.jpg	photodiode	1
1038.903	0.5	1038903	untrained	32677	90	memtrain/o_580_1.jpg	photodiode	1
1039.854	0.5	1039854	catch	32671	n/a	catch_padded.jpg	photodiode	0
1040.229	0.0	1040229	response	7	n/a	n/a	trigger	0
1041.755	0.5	1041755	untrained	32680	87	memtrain/o_365_1.jpg	photodiode	1
1042.706	0.5	1042706	untrained	32708	59	memtrain/o_201_2.jpg	photodiode	1
1043.507	0.5	1043507	untrained	32716	51	memtrain/o_103_2.jpg	photodiode	1
1044.408	0.5	1044408	catch	32671	n/a	catch_padded.jpg	photodiode	0
1044.762	0.0	1044762	response	7	n/a	n/a	trigger	0
1046.459	0.5	1046459	untrained	32674	93	memtrain/so_035_1.jpg	photodiode	1
1047.41	0.5	1047410	untrained	32696	71	memtrain/o_483_1.jpg	photodiode	1
1048.261	0.5	1048261	untrained	32692	75	memtrain/o_564_1.jpg	photodiode	1
1049.053	0.5	1049053	catch	32671	n/a	catch_padded.jpg	photodiode	0
1049.432	0.0	1049432	response	7	n/a	n/a	trigger	0
1051.105	0.5	1051105	trained	32741	26	memtrain/o_376_1.jpg	photodiode	1
1051.956	0.5	1051956	trained	32755	12	memtrain/o_127_2.jpg	photodiode	1
1052.806	0.5	1052806	untrained	32697	70	memtrain/o_471_2.jpg	photodiode	1
1053.607	0.5	1053607	untrained	32699	68	memtrain/o_393_1.jpg	photodiode	1
1054.358	0.5	1054358	catch	32671	n/a	catch_padded.jpg	photodiode	0
1054.691	0.0	1054691	response	7	n/a	n/a	trigger	0
1056.268	0.5	1056268	untrained	32682	85	memtrain/o_218_1.jpg	photodiode	1
1057.21	0.5	1057210	trained	32749	18	memtrain/o_264_2.jpg	photodiode	1
1058.061	0.5	1058061	untrained	32679	88	memtrain/o_458_1.jpg	photodiode	1
1059.012	0.5	1059012	trained	32757	10	memtrain/o_111_2.jpg	photodiode	1
1059.812	0.5	1059812	untrained	32709	58	memtrain/o_192_1.jpg	photodiode	1
1060.713	0.5	1060713	catch	32671	n/a	catch_padded.jpg	photodiode	0
1061.086	0.0	1061086	response	7	n/a	n/a	trigger	0
1062.815	0.5	1062815	untrained	32715	52	memtrain/o_141_1.jpg	photodiode	1
1063.716	0.5	1063716	trained	32731	36	memtrain/o_583_1.jpg	photodiode	1
1064.466	0.5	1064466	untrained	32706	61	memtrain/o_298_2.jpg	photodiode	1
1065.267	0.5	1065267	untrained	32700	67	memtrain/o_378_1.jpg	photodiode	1
1066.118	0.5	1066118	catch	32671	n/a	catch_padded.jpg	photodiode	0
1066.481	0.0	1066481	response	7	n/a	n/a	trigger	0
1068.019	0.5	1068019	untrained	32718	49	memtrain/o_054_2.jpg	photodiode	1
1068.77	0.5	1068770	untrained	32681	86	memtrain/o_288_1.jpg	photodiode	1
1069.671	0.5	1069671	trained	32746	21	memtrain/o_319_1.jpg	photodiode	1
1070.572	0.5	1070572	catch	32671	n/a	catch_padded.jpg	photodiode	0
1070.873	0.0	1070873	response	7	n/a	n/a	trigger	0
1072.473	0.5	1072473	untrained	32689	78	memtrain/o_599_1.jpg	photodiode	1
1073.224	0.5	1073224	trained	32748	19	memtrain/o_284_2.jpg	photodiode	1
1074.175	0.5	1074175	trained	32739	28	memtrain/o_397_1.jpg	photodiode	1
1075.075	0.5	1075075	catch	32671	n/a	catch_padded.jpg	photodiode	0
1075.36	0.0	1075360	response	7	n/a	n/a	trigger	0
1076.977	0.5	1076977	trained	32762	5	memtrain/o_067_1.jpg	photodiode	1
1077.828	0.5	1077828	trained	32765	2	memtrain/o_035_1.jpg	photodiode	1
1078.57	0.5	1078570	trained	32740	27	memtrain/o_379_2.jpg	photodiode	1
1079.421	0.5	1079421	untrained	32672	95	memtrain/so_125_1.jpg	photodiode	1
1080.221	0.5	1080221	catch	32671	n/a	catch_padded.jpg	photodiode	0
1080.586	0.0	1080586	response	7	n/a	n/a	trigger	0
1082.223	0.5	1082223	untrained	32686	81	memtrain/o_655_2.jpg	photodiode	1
1082.974	0.5	1082974	trained	32736	31	memtrain/o_465_2.jpg	photodiode	1
1083.824	0.5	1083824	untrained	32710	57	memtrain/o_171_1.jpg	photodiode	1
1084.625	0.5	1084625	trained	32742	25	memtrain/o_358_2.jpg	photodiode	1
1085.476	0.5	1085476	trained	32753	14	memtrain/o_174_1.jpg	photodiode	1
1086.326	0.5	1086326	catch	32671	n/a	catch_padded.jpg	photodiode	0
1086.767	0.0	1086767	response	7	n/a	n/a	trigger	0
1088.378	0.5	1088378	untrained	32684	83	memtrain/so_105_1.jpg	photodiode	1
1089.229	0.5	1089229	trained	32754	13	memtrain/o_136_1.jpg	photodiode	1
1089.979	0.5	1089979	trained	32737	30	memtrain/o_437_2.jpg	photodiode	1
1090.73	0.5	1090730	untrained	32712	55	memtrain/o_153_2.jpg	photodiode	1
1091.481	0.5	1091481	catch	32671	n/a	catch_padded.jpg	photodiode	0
1092.044	0.0	1092044	response	7	n/a	n/a	trigger	0
1093.482	0.5	1093482	trained	32747	20	memtrain/o_290_1.jpg	photodiode	1
1094.433	0.5	1094433	untrained	32685	82	memtrain/o_656_1.jpg	photodiode	1
1095.334	0.5	1095334	trained	32745	22	memtrain/o_321_1.jpg	photodiode	1
1096.285	0.5	1096285	untrained	32691	76	memtrain/o_570_1.jpg	photodiode	1
1097.035	0.5	1097035	catch	32671	n/a	catch_padded.jpg	photodiode	0
1097.445	0.0	1097445	response	7	n/a	n/a	trigger	0
1099.51	0.0	1099510	block_end	120	n/a	n/a	trigger	0
1101.413	0.0	1101413	response	7	n/a	n/a	trigger	0
1110.794	0.0	1110794	response	7	n/a	n/a	trigger	0
1110.802	0.0	1110802	block_onset	105	n/a	n/a	trigger	0
1112.857	0.5	1112857	trained	32747	20	memtrain/o_290_1.jpg	photodiode	1
1113.608	0.5	1113608	trained	32727	40	memtrain/o_648_2.jpg	photodiode	1
1114.459	0.5	1114459	trained	32750	17	memtrain/o_232_1.jpg	photodiode	1
1115.41	0.5	1115410	trained	32721	46	memtrain/so_113_1.jpg	photodiode	1
1116.21	0.5	1116210	trained	32763	4	memtrain/o_042_1.jpg	photodiode	1
1117.161	0.5	1117161	catch	32671	n/a	catch_padded.jpg	photodiode	0
1117.439	0.0	1117439	response	7	n/a	n/a	trigger	0
1119.054	0.5	1119054	trained	32743	24	memtrain/o_357_1.jpg	photodiode	1
1120.005	0.5	1120005	trained	32730	37	memtrain/o_597_1.jpg	photodiode	1
1120.806	0.5	1120806	untrained	32684	83	memtrain/so_105_1.jpg	photodiode	1
1121.606	0.5	1121606	catch	32671	n/a	catch_padded.jpg	photodiode	0
1121.97	0.0	1121970	response	7	n/a	n/a	trigger	0
1123.708	0.5	1123708	untrained	32682	85	memtrain/o_218_1.jpg	photodiode	1
1124.559	0.5	1124559	trained	32765	2	memtrain/o_035_1.jpg	photodiode	1
1125.41	0.5	1125410	trained	32746	21	memtrain/o_319_1.jpg	photodiode	1
1126.21	0.5	1126210	untrained	32693	74	memtrain/o_550_1.jpg	photodiode	1
1127.061	0.5	1127061	catch	32671	n/a	catch_padded.jpg	photodiode	0
1127.425	0.0	1127425	response	7	n/a	n/a	trigger	0
1129.113	0.5	1129113	trained	32758	9	memtrain/o_101_2.jpg	photodiode	1
1129.963	0.5	1129963	trained	32764	3	memtrain/o_040_2.jpg	photodiode	1
1130.814	0.5	1130814	untrained	32687	80	memtrain/o_613_1.jpg	photodiode	1
1131.665	0.5	1131665	catch	32671	n/a	catch_padded.jpg	photodiode	0
1131.964	0.0	1131964	response	7	n/a	n/a	trigger	0
1133.566	0.5	1133566	trained	32748	19	memtrain/o_284_2.jpg	photodiode	1
1134.367	0.5	1134367	untrained	32704	63	memtrain/o_310_2.jpg	photodiode	1
1135.168	0.5	1135168	trained	32760	7	memtrain/o_091_2.jpg	photodiode	1
1135.968	0.5	1135968	trained	32741	26	memtrain/o_376_1.jpg	photodiode	1
1136.919	0.5	1136919	untrained	32715	52	memtrain/o_141_1.jpg	photodiode	1
1137.67	0.5	1137670	catch	32671	n/a	catch_padded.jpg	photodiode	0
1138.042	0.0	1138042	response	7	n/a	n/a	trigger	0
1139.722	0.5	1139722	trained	32754	13	memtrain/o_136_1.jpg	photodiode	1
1140.622	0.5	1140622	untrained	32678	89	memtrain/o_469_1.jpg	photodiode	1
1141.473	0.5	1141473	untrained	32700	67	memtrain/o_378_1.jpg	photodiode	1
1142.374	0.5	1142374	catch	32671	n/a	catch_padded.jpg	photodiode	0
1142.761	0.0	1142761	response	7	n/a	n/a	trigger	0
1144.276	0.5	1144276	trained	32737	30	memtrain/o_437_2.jpg	photodiode	1
1145.076	0.5	1145076	trained	32745	22	memtrain/o_321_1.jpg	photodiode	1
1146.027	0.5	1146027	untrained	32683	84	memtrain/so_117_2.jpg	photodiode	1
1146.87	0.5	1146870	trained	32740	27	memtrain/o_379_2.jpg	photodiode	1
1147.62	0.5	1147620	catch	32671	n/a	catch_padded.jpg	photodiode	0
1148.005	0.0	1148005	response	7	n/a	n/a	trigger	0
1149.522	0.5	1149522	trained	32759	8	memtrain/o_094_1.jpg	photodiode	1
1150.381	0.5	1150381	untrained	32702	65	memtrain/o_337_2.jpg	photodiode	1
1151.323	0.5	1151323	untrained	32697	70	memtrain/o_471_2.jpg	photodiode	1
1152.124	0.5	1152124	trained	32766	1	memtrain/o_015_1.jpg	photodiode	1
1153.075	0.5	1153075	catch	32671	n/a	catch_padded.jpg	photodiode	0
1153.421	0.0	1153421	response	7	n/a	n/a	trigger	0
1155.076	0.5	1155076	untrained	32703	64	memtrain/o_334_2.jpg	photodiode	1
1155.977	0.5	1155977	untrained	32681	86	memtrain/o_288_1.jpg	photodiode	1
1156.878	0.5	1156878	untrained	32708	59	memtrain/o_201_2.jpg	photodiode	1
1157.679	0.5	1157679	untrained	32673	94	memtrain/so_067_1.jpg	photodiode	1
1158.429	0.5	1158429	catch	32671	n/a	catch_padded.jpg	photodiode	0
1158.762	0.0	1158762	response	7	n/a	n/a	trigger	0
1160.431	0.5	1160431	trained	32767	0	memtrain/o_006_1.jpg	photodiode	1
1161.332	0.5	1161332	trained	32749	18	memtrain/o_264_2.jpg	photodiode	1
1162.082	0.5	1162082	untrained	32676	91	memtrain/o_605_1.jpg	photodiode	1
1162.833	0.5	1162833	catch	32671	n/a	catch_padded.jpg	photodiode	0
1163.275	0.0	1163275	response	7	n/a	n/a	trigger	0
1164.835	0.5	1164835	untrained	32705	62	memtrain/o_304_1.jpg	photodiode	1
1165.685	0.5	1165685	untrained	32696	71	memtrain/o_483_1.jpg	photodiode	1
1166.636	0.5	1166636	untrained	32713	54	memtrain/o_145_1.jpg	photodiode	1
1167.537	0.5	1167537	catch	32671	n/a	catch_padded.jpg	photodiode	0
1167.842	0.0	1167842	response	7	n/a	n/a	trigger	0
1169.639	0.5	1169639	untrained	32679	88	memtrain/o_458_1.jpg	photodiode	1
1170.389	0.5	1170389	untrained	32680	87	memtrain/o_365_1.jpg	photodiode	1
1171.34	0.5	1171340	trained	32726	41	memtrain/o_663_2.jpg	photodiode	1
1172.141	0.5	1172141	trained	32736	31	memtrain/o_465_2.jpg	photodiode	1
1172.992	0.5	1172992	trained	32751	16	memtrain/o_199_2.jpg	photodiode	1
1173.942	0.5	1173942	catch	32671	n/a	catch_padded.jpg	photodiode	0
1174.263	0.0	1174263	response	7	n/a	n/a	trigger	0
1175.944	0.5	1175944	untrained	32674	93	memtrain/so_035_1.jpg	photodiode	1
1176.795	0.5	1176795	trained	32733	34	memtrain/o_558_2.jpg	photodiode	1
1177.696	0.5	1177696	trained	32762	5	memtrain/o_067_1.jpg	photodiode	1
1178.638	0.5	1178638	catch	32671	n/a	catch_padded.jpg	photodiode	0
1179.025	0.0	1179025	response	7	n/a	n/a	trigger	0
1180.74	0.5	1180740	untrained	32709	58	memtrain/o_192_1.jpg	photodiode	1
1181.641	0.5	1181641	untrained	32712	55	memtrain/o_153_2.jpg	photodiode	1
1182.441	0.5	1182441	trained	32742	25	memtrain/o_358_2.jpg	photodiode	1
1183.392	0.5	1183392	trained	32723	44	memtrain/so_045_1.jpg	photodiode	1
1184.293	0.5	1184293	trained	32728	39	memtrain/o_606_1.jpg	photodiode	1
1185.194	0.5	1185194	catch	32671	n/a	catch_padded.jpg	photodiode	0
1185.532	0.0	1185532	response	7	n/a	n/a	trigger	0
1187.145	0.5	1187145	untrained	32691	76	memtrain/o_570_1.jpg	photodiode	1
1188.046	0.5	1188046	untrained	32688	79	memtrain/o_600_1.jpg	photodiode	1
1188.897	0.5	1188897	untrained	32685	82	memtrain/o_656_1.jpg	photodiode	1
1189.647	0.5	1189647	untrained	32717	50	memtrain/o_057_2.jpg	photodiode	1
1190.448	0.5	1190448	trained	32732	35	memtrain/o_561_2.jpg	photodiode	1
1191.399	0.5	1191399	catch	32671	n/a	catch_padded.jpg	photodiode	0
1191.769	0.0	1191769	response	7	n/a	n/a	trigger	0
1193.4	0.5	1193400	trained	32724	43	memtrain/so_043_2.jpg	photodiode	1
1194.151	0.5	1194151	untrained	32677	90	memtrain/o_580_1.jpg	photodiode	1
1195.052	0.5	1195052	trained	32757	10	memtrain/o_111_2.jpg	photodiode	1
1195.903	0.5	1195903	untrained	32690	77	memtrain/o_574_2.jpg	photodiode	1
1196.753	0.5	1196753	catch	32671	n/a	catch_padded.jpg	photodiode	0
1197.059	0.0	1197059	response	7	n/a	n/a	trigger	0
1198.705	0.5	1198705	trained	32753	14	memtrain/o_174_1.jpg	photodiode	1
1199.506	0.5	1199506	trained	32752	15	memtrain/o_195_1.jpg	photodiode	1
1200.256	0.5	1200256	untrained	32692	75	memtrain/o_564_1.jpg	photodiode	1
1201.207	0.5	1201207	trained	32738	29	memtrain/o_416_1.jpg	photodiode	1
1202.158	0.5	1202158	catch	32671	n/a	catch_padded.jpg	photodiode	0
1202.423	0.0	1202423	response	7	n/a	n/a	trigger	0
1204.21	0.5	1204210	trained	32722	45	memtrain/so_090_2.jpg	photodiode	1
1205.06	0.5	1205060	trained	32739	28	memtrain/o_397_1.jpg	photodiode	1
1205.853	0.5	1205853	untrained	32714	53	memtrain/o_142_2.jpg	photodiode	1
1206.612	0.5	1206612	untrained	32718	49	memtrain/o_054_2.jpg	photodiode	1
1207.404	0.5	1207404	untrained	32686	81	memtrain/o_655_2.jpg	photodiode	1
1208.155	0.5	1208155	catch	32671	n/a	catch_padded.jpg	photodiode	0
1208.486	0.0	1208486	response	7	n/a	n/a	trigger	0
1210.056	0.5	1210056	trained	32720	47	memtrain/so_147_2.jpg	photodiode	1
1210.857	0.5	1210857	trained	32735	32	memtrain/o_485_2.jpg	photodiode	1
1211.808	0.5	1211808	untrained	32719	48	memtrain/o_019_2.jpg	photodiode	1
1212.609	0.5	1212609	catch	32671	n/a	catch_padded.jpg	photodiode	0
1212.948	0.0	1212948	response	7	n/a	n/a	trigger	0
1214.66	0.5	1214660	untrained	32698	69	memtrain/o_464_2.jpg	photodiode	1
1215.611	0.5	1215611	trained	32729	38	memtrain/o_603_1.jpg	photodiode	1
1216.362	0.5	1216362	trained	32734	33	memtrain/o_536_1.jpg	photodiode	1
1217.162	0.5	1217162	untrained	32695	72	memtrain/o_490_1.jpg	photodiode	1
1218.113	0.5	1218113	catch	32671	n/a	catch_padded.jpg	photodiode	0
1218.428	0.0	1218428	response	7	n/a	n/a	trigger	0
1220.065	0.5	1220065	untrained	32701	66	memtrain/o_342_2.jpg	photodiode	1
1221.016	0.5	1221016	untrained	32675	92	memtrain/so_033_1.jpg	photodiode	1
1221.916	0.5	1221916	untrained	32711	56	memtrain/o_163_2.jpg	photodiode	1
1222.817	0.5	1222817	untrained	32710	57	memtrain/o_171_1.jpg	photodiode	1
1223.668	0.5	1223668	catch	32671	n/a	catch_padded.jpg	photodiode	0
1223.971	0.0	1223971	response	7	n/a	n/a	trigger	0
1225.67	0.5	1225670	trained	32755	12	memtrain/o_127_2.jpg	photodiode	1
1226.52	0.5	1226520	untrained	32672	95	memtrain/so_125_1.jpg	photodiode	1
1227.321	0.5	1227321	trained	32725	42	memtrain/so_034_2.jpg	photodiode	1
1228.222	0.5	1228222	untrained	32707	60	memtrain/o_228_2.jpg	photodiode	1
1229.073	0.5	1229073	catch	32671	n/a	catch_padded.jpg	photodiode	0
1229.449	0.0	1229449	response	7	n/a	n/a	trigger	0
1231.024	0.5	1231024	untrained	32689	78	memtrain/o_599_1.jpg	photodiode	1
1231.925	0.5	1231925	trained	32761	6	memtrain/o_076_1.jpg	photodiode	1
1232.676	0.5	1232676	trained	32756	11	memtrain/o_117_2.jpg	photodiode	1
1233.426	0.5	1233426	untrained	32716	51	memtrain/o_103_2.jpg	photodiode	1
1234.377	0.5	1234377	catch	32671	n/a	catch_padded.jpg	photodiode	0
1234.787	0.0	1234787	response	7	n/a	n/a	trigger	0
1236.42	0.5	1236420	trained	32731	36	memtrain/o_583_1.jpg	photodiode	1
1237.321	0.5	1237321	untrained	32694	73	memtrain/o_519_2.jpg	photodiode	1
1238.08	0.5	1238080	trained	32744	23	memtrain/o_338_2.jpg	photodiode	1
1238.922	0.5	1238922	untrained	32706	61	memtrain/o_298_2.jpg	photodiode	1
1239.723	0.5	1239723	untrained	32699	68	memtrain/o_393_1.jpg	photodiode	1
1240.624	0.5	1240624	catch	32671	n/a	catch_padded.jpg	photodiode	0
1241.078	0.0	1241078	response	7	n/a	n/a	trigger	0
1242.575	0.5	1242575	trained	32736	31	memtrain/o_465_2.jpg	photodiode	1
1243.426	0.5	1243426	untrained	32713	54	memtrain/o_145_1.jpg	photodiode	1
1244.177	0.5	1244177	untrained	32711	56	memtrain/o_163_2.jpg	photodiode	1
1244.927	0.5	1244927	trained	32760	7	memtrain/o_091_2.jpg	photodiode	1
1245.878	0.5	1245878	catch	32671	n/a	catch_padded.jpg	photodiode	0
1246.259	0.0	1246259	response	7	n/a	n/a	trigger	0
1247.98	0.5	1247980	trained	32751	16	memtrain/o_199_2.jpg	photodiode	1
1248.781	0.5	1248781	trained	32733	34	memtrain/o_558_2.jpg	photodiode	1
1249.581	0.5	1249581	untrained	32678	89	memtrain/o_469_1.jpg	photodiode	1
1250.432	0.5	1250432	catch	32671	n/a	catch_padded.jpg	photodiode	0
1250.813	0.0	1250813	response	7	n/a	n/a	trigger	0
1252.484	0.5	1252484	untrained	32692	75	memtrain/o_564_1.jpg	photodiode	1
1253.235	0.5	1253235	untrained	32680	87	memtrain/o_365_1.jpg	photodiode	1
1254.135	0.5	1254135	trained	32735	32	memtrain/o_485_2.jpg	photodiode	1
1255.086	0.5	1255086	untrained	32683	84	memtrain/so_117_2.jpg	photodiode	1
1255.987	0.5	1255987	catch	32671	n/a	catch_padded.jpg	photodiode	0
1256.299	0.0	1256299	response	7	n/a	n/a	trigger	0
1257.888	0.5	1257888	trained	32721	46	memtrain/so_113_1.jpg	photodiode	1
1258.739	0.5	1258739	untrained	32681	86	memtrain/o_288_1.jpg	photodiode	1
1259.49	0.5	1259490	untrained	32715	52	memtrain/o_141_1.jpg	photodiode	1
1260.441	0.5	1260441	trained	32738	29	memtrain/o_416_1.jpg	photodiode	1
1261.291	0.5	1261291	catch	32671	n/a	catch_padded.jpg	photodiode	0
1261.598	0.0	1261598	response	7	n/a	n/a	trigger	0
1263.393	0.5	1263393	untrained	32676	91	memtrain/o_605_1.jpg	photodiode	1
1264.236	0.5	1264236	trained	32740	27	memtrain/o_379_2.jpg	photodiode	1
1265.045	0.5	1265045	trained	32758	9	memtrain/o_101_2.jpg	photodiode	1
1265.787	0.5	1265787	untrained	32673	94	memtrain/so_067_1.jpg	photodiode	1
1266.588	0.5	1266588	trained	32763	4	memtrain/o_042_1.jpg	photodiode	1
1267.538	0.5	1267538	catch	32671	n/a	catch_padded.jpg	photodiode	0
1267.814	0.0	1267814	response	7	n/a	n/a	trigger	0
1269.59	0.5	1269590	untrained	32703	64	memtrain/o_334_2.jpg	photodiode	1
1270.341	0.5	1270341	untrained	32718	49	memtrain/o_054_2.jpg	photodiode	1
1271.242	0.5	1271242	untrained	32696	71	memtrain/o_483_1.jpg	photodiode	1
1272.142	0.5	1272142	catch	32671	n/a	catch_padded.jpg	photodiode	0
1272.436	0.0	1272436	response	7	n/a	n/a	trigger	0
1274.044	0.5	1274044	untrained	32677	90	memtrain/o_580_1.jpg	photodiode	1
1274.995	0.5	1274995	trained	32732	35	memtrain/o_561_2.jpg	photodiode	1
1275.754	0.5	1275754	trained	32737	30	memtrain/o_437_2.jpg	photodiode	1
1276.696	0.5	1276696	trained	32752	15	memtrain/o_195_1.jpg	photodiode	1
1277.597	0.5	1277597	catch	32671	n/a	catch_padded.jpg	photodiode	0
1277.838	0.0	1277838	response	7	n/a	n/a	trigger	0
1279.649	0.5	1279649	untrained	32672	95	memtrain/so_125_1.jpg	photodiode	1
1280.549	0.5	1280549	trained	32747	20	memtrain/o_290_1.jpg	photodiode	1
1281.45	0.5	1281450	untrained	32698	69	memtrain/o_464_2.jpg	photodiode	1
1282.401	0.5	1282401	catch	32671	n/a	catch_padded.jpg	photodiode	0
1282.898	0.0	1282898	response	7	n/a	n/a	trigger	0
1284.453	0.5	1284453	trained	32724	43	memtrain/so_043_2.jpg	photodiode	1
1285.253	0.5	1285253	untrained	32693	74	memtrain/o_550_1.jpg	photodiode	1
1286.204	0.5	1286204	untrained	32679	88	memtrain/o_458_1.jpg	photodiode	1
1287.005	0.5	1287005	trained	32750	17	memtrain/o_232_1.jpg	photodiode	1
1287.906	0.5	1287906	trained	32767	0	memtrain/o_006_1.jpg	photodiode	1
1288.857	0.5	1288857	catch	32671	n/a	catch_padded.jpg	photodiode	0
1289.2	0.0	1289200	response	7	n/a	n/a	trigger	0
1290.958	0.5	1290958	untrained	32705	62	memtrain/o_304_1.jpg	photodiode	1
1291.709	0.5	1291709	untrained	32682	85	memtrain/o_218_1.jpg	photodiode	1
1292.51	0.5	1292510	untrained	32708	59	memtrain/o_201_2.jpg	photodiode	1
1293.352	0.5	1293352	trained	32761	6	memtrain/o_076_1.jpg	photodiode	1
1294.153	0.5	1294153	trained	32743	24	memtrain/o_357_1.jpg	photodiode	1
1295.103	0.5	1295103	catch	32671	n/a	catch_padded.jpg	photodiode	0
1295.356	0.0	1295356	response	7	n/a	n/a	trigger	0
1297.063	0.5	1297063	untrained	32699	68	memtrain/o_393_1.jpg	photodiode	1
1297.806	0.5	1297806	trained	32746	21	memtrain/o_319_1.jpg	photodiode	1
1298.606	0.5	1298606	untrained	32701	66	memtrain/o_342_2.jpg	photodiode	1
1299.357	0.5	1299357	catch	32671	n/a	catch_padded.jpg	photodiode	0
1299.885	0.0	1299885	response	7	n/a	n/a	trigger	0
1301.459	0.5	1301459	untrained	32707	60	memtrain/o_228_2.jpg	photodiode	1
1302.259	0.5	1302259	trained	32748	19	memtrain/o_284_2.jpg	photodiode	1
1303.21	0.5	1303210	trained	32749	18	memtrain/o_264_2.jpg	photodiode	1
1304.111	0.5	1304111	catch	32671	n/a	catch_padded.jpg	photodiode	0
1304.519	0.0	1304519	response	7	n/a	n/a	trigger	0
1306.113	0.5	1306113	trained	32723	44	memtrain/so_045_1.jpg	photodiode	1
1306.863	0.5	1306863	untrained	32704	63	memtrain/o_310_2.jpg	photodiode	1
1307.714	0.5	1307714	trained	32734	33	memtrain/o_536_1.jpg	photodiode	1
1308.465	0.5	1308465	catch	32671	n/a	catch_padded.jpg	photodiode	0
1308.782	0.0	1308782	response	7	n/a	n/a	trigger	0
1310.566	0.5	1310566	untrained	32710	57	memtrain/o_171_1.jpg	photodiode	1
1311.417	0.5	1311417	trained	32754	13	memtrain/o_136_1.jpg	photodiode	1
1312.368	0.5	1312368	trained	32722	45	memtrain/so_090_2.jpg	photodiode	1
1313.119	0.5	1313119	catch	32671	n/a	catch_padded.jpg	photodiode	0
1313.548	0.0	1313548	response	7	n/a	n/a	trigger	0
1315.07	0.5	1315070	trained	32745	22	memtrain/o_321_1.jpg	photodiode	1
1315.921	0.5	1315921	trained	32728	39	memtrain/o_606_1.jpg	photodiode	1
1316.672	0.5	1316672	untrained	32694	73	memtrain/o_519_2.jpg	photodiode	1
1317.522	0.5	1317522	untrained	32719	48	memtrain/o_019_2.jpg	photodiode	1
1318.423	0.5	1318423	untrained	32689	78	memtrain/o_599_1.jpg	photodiode	1
1319.224	0.5	1319224	catch	32671	n/a	catch_padded.jpg	photodiode	0
1319.525	0.0	1319525	response	7	n/a	n/a	trigger	0
1321.225	0.5	1321225	untrained	32709	58	memtrain/o_192_1.jpg	photodiode	1
1321.968	0.5	1321968	trained	32759	8	memtrain/o_094_1.jpg	photodiode	1
1322.869	0.5	1322869	trained	32756	11	memtrain/o_117_2.jpg	photodiode	1
1323.678	0.5	1323678	untrained	32714	53	memtrain/o_142_2.jpg	photodiode	1
1324.47	0.5	1324470	trained	32755	12	memtrain/o_127_2.jpg	photodiode	1
1325.221	0.5	1325221	catch	32671	n/a	catch_padded.jpg	photodiode	0
1325.53	0.0	1325530	response	7	n/a	n/a	trigger	0
1327.272	0.5	1327272	trained	32727	40	memtrain/o_648_2.jpg	photodiode	1
1328.023	0.5	1328023	untrained	32674	93	memtrain/so_035_1.jpg	photodiode	1
1328.774	0.5	1328774	untrained	32697	70	memtrain/o_471_2.jpg	photodiode	1
1329.583	0.5	1329583	trained	32753	14	memtrain/o_174_1.jpg	photodiode	1
1330.525	0.5	1330525	untrained	32691	76	memtrain/o_570_1.jpg	photodiode	1
1331.326	0.5	1331326	catch	32671	n/a	catch_padded.jpg	photodiode	0
1331.658	0.0	1331658	response	7	n/a	n/a	trigger	0
1333.336	0.5	1333336	trained	32744	23	memtrain/o_338_2.jpg	photodiode	1
1334.078	0.5	1334078	trained	32720	47	memtrain/so_147_2.jpg	photodiode	1
1334.979	0.5	1334979	untrained	32684	83	memtrain/so_105_1.jpg	photodiode	1
1335.93	0.5	1335930	trained	32730	37	memtrain/o_597_1.jpg	photodiode	1
1336.78	0.5	1336780	untrained	32686	81	memtrain/o_655_2.jpg	photodiode	1
1337.731	0.5	1337731	catch	32671	n/a	catch_padded.jpg	photodiode	0
1338.164	0.0	1338164	response	7	n/a	n/a	trigger	0
1339.683	0.5	1339683	untrained	32712	55	memtrain/o_153_2.jpg	photodiode	1
1340.434	0.5	1340434	trained	32764	3	memtrain/o_040_2.jpg	photodiode	1
1341.334	0.5	1341334	trained	32726	41	memtrain/o_663_2.jpg	photodiode	1
1342.285	0.5	1342285	catch	32671	n/a	catch_padded.jpg	photodiode	0
1342.61	0.0	1342610	response	7	n/a	n/a	trigger	0
1344.187	0.5	1344187	trained	32741	26	memtrain/o_376_1.jpg	photodiode	1
1344.937	0.5	1344937	untrained	32688	79	memtrain/o_600_1.jpg	photodiode	1
1345.888	0.5	1345888	untrained	32706	61	memtrain/o_298_2.jpg	photodiode	1
1346.789	0.5	1346789	untrained	32702	65	memtrain/o_337_2.jpg	photodiode	1
1347.64	0.5	1347640	trained	32762	5	memtrain/o_067_1.jpg	photodiode	1
1348.54	0.5	1348540	catch	32671	n/a	catch_padded.jpg	photodiode	0
1348.838	0.0	1348838	response	7	n/a	n/a	trigger	0
1350.592	0.5	1350592	trained	32766	1	memtrain/o_015_1.jpg	photodiode	1
1351.443	0.5	1351443	untrained	32700	67	memtrain/o_378_1.jpg	photodiode	1
1352.335	0.5	1352335	untrained	32685	82	memtrain/o_656_1.jpg	photodiode	1
1353.136	0.5	1353136	trained	32765	2	memtrain/o_035_1.jpg	photodiode	1
1353.886	0.5	1353886	trained	32739	28	memtrain/o_397_1.jpg	photodiode	1
1354.637	0.5	1354637	catch	32671	n/a	catch_padded.jpg	photodiode	0
1354.989	0.0	1354989	response	7	n/a	n/a	trigger	0
1356.589	0.5	1356589	trained	32725	42	memtrain/so_034_2.jpg	photodiode	1
1357.54	0.5	1357540	untrained	32695	72	memtrain/o_490_1.jpg	photodiode	1
1358.44	0.5	1358440	untrained	32687	80	memtrain/o_613_1.jpg	photodiode	1
1359.191	0.5	1359191	trained	32731	36	memtrain/o_583_1.jpg	photodiode	1
1360.042	0.5	1360042	catch	32671	n/a	catch_padded.jpg	photodiode	0
1360.511	0.0	1360511	response	7	n/a	n/a	trigger	0
1362.043	0.5	1362043	untrained	32717	50	memtrain/o_057_2.jpg	photodiode	1
1362.894	0.5	1362894	trained	32757	10	memtrain/o_111_2.jpg	photodiode	1
1363.845	0.5	1363845	trained	32729	38	memtrain/o_603_1.jpg	photodiode	1
1364.646	0.5	1364646	catch	32671	n/a	catch_padded.jpg	photodiode	0
1364.931	0.0	1364931	response	7	n/a	n/a	trigger	0
1366.647	0.5	1366647	trained	32742	25	memtrain/o_358_2.jpg	photodiode	1
1367.548	0.5	1367548	untrained	32675	92	memtrain/so_033_1.jpg	photodiode	1
1368.499	0.5	1368499	untrained	32716	51	memtrain/o_103_2.jpg	photodiode	1
1369.4	0.5	1369400	untrained	32690	77	memtrain/o_574_2.jpg	photodiode	1
1370.25	0.5	1370250	catch	32671	n/a	catch_padded.jpg	photodiode	0
1370.584	0.0	1370584	response	7	n/a	n/a	trigger	0
1372.724	0.0	1372724	block_end	120	n/a	n/a	trigger	0
1375.559	0.0	1375559	response	7	n/a	n/a	trigger	0
1425.158	0.0	1425158	response	7	n/a	n/a	trigger	0
1425.168	0.0	1425168	block_onset	106	n/a	n/a	trigger	0
1427.215	0.5	1427215	untrained	32715	52	memtrain/o_141_1.jpg	photodiode	1
1427.974	0.5	1427974	untrained	32672	95	memtrain/so_125_1.jpg	photodiode	1
1428.925	0.5	1428925	untrained	32680	87	memtrain/o_365_1.jpg	photodiode	1
1429.726	0.5	1429726	catch	32671	n/a	catch_padded.jpg	photodiode	0
1430.135	0.0	1430135	response	7	n/a	n/a	trigger	0
1431.819	0.5	1431819	trained	32760	7	memtrain/o_091_2.jpg	photodiode	1
1432.72	0.5	1432720	trained	32731	36	memtrain/o_583_1.jpg	photodiode	1
1433.571	0.5	1433571	untrained	32706	61	memtrain/o_298_2.jpg	photodiode	1
1434.471	0.5	1434471	untrained	32690	77	memtrain/o_574_2.jpg	photodiode	1
1435.322	0.5	1435322	catch	32671	n/a	catch_padded.jpg	photodiode	0
1435.67	0.0	1435670	response	7	n/a	n/a	trigger	0
1437.274	0.5	1437274	trained	32732	35	memtrain/o_561_2.jpg	photodiode	1
1438.175	0.5	1438175	trained	32752	15	memtrain/o_195_1.jpg	photodiode	1
1439.025	0.5	1439025	trained	32747	20	memtrain/o_290_1.jpg	photodiode	1
1439.826	0.5	1439826	untrained	32681	86	memtrain/o_288_1.jpg	photodiode	1
1440.727	0.5	1440727	untrained	32693	74	memtrain/o_550_1.jpg	photodiode	1
1441.628	0.5	1441628	catch	32671	n/a	catch_padded.jpg	photodiode	0
1441.955	0.0	1441955	response	7	n/a	n/a	trigger	0
1443.729	0.5	1443729	untrained	32677	90	memtrain/o_580_1.jpg	photodiode	1
1444.53	0.5	1444530	trained	32725	42	memtrain/so_034_2.jpg	photodiode	1
1445.331	0.5	1445331	trained	32753	14	memtrain/o_174_1.jpg	photodiode	1
1446.231	0.5	1446231	catch	32671	n/a	catch_padded.jpg	photodiode	0
1446.578	0.0	1446578	response	7	n/a	n/a	trigger	0
1448.283	0.5	1448283	trained	32728	39	memtrain/o_606_1.jpg	photodiode	1
1449.084	0.5	1449084	trained	32724	43	memtrain/so_043_2.jpg	photodiode	1
1449.885	0.5	1449885	trained	32765	2	memtrain/o_035_1.jpg	photodiode	1
1450.685	0.5	1450685	trained	32743	24	memtrain/o_357_1.jpg	photodiode	1
1451.536	0.5	1451536	catch	32671	n/a	catch_padded.jpg	photodiode	0
1451.869	0.0	1451869	response	7	n/a	n/a	trigger	0
1453.638	0.5	1453638	trained	32730	37	memtrain/o_597_1.jpg	photodiode	1
1454.538	0.5	1454538	untrained	32700	67	memtrain/o_378_1.jpg	photodiode	1
1455.289	0.5	1455289	untrained	32705	62	memtrain/o_304_1.jpg	photodiode	1
1456.19	0.5	1456190	trained	32758	9	memtrain/o_101_2.jpg	photodiode	1
1456.941	0.5	1456941	trained	32749	18	memtrain/o_264_2.jpg	photodiode	1
1457.791	0.5	1457791	catch	32671	n/a	catch_padded.jpg	photodiode	0
1458.181	0.0	1458181	response	7	n/a	n/a	trigger	0
1459.793	0.5	1459793	trained	32735	32	memtrain/o_485_2.jpg	photodiode	1
1460.585	0.5	1460585	untrained	32689	78	memtrain/o_599_1.jpg	photodiode	1
1461.336	0.5	1461336	untrained	32688	79	memtrain/o_600_1.jpg	photodiode	1
1462.287	0.5	1462287	untrained	32701	66	memtrain/o_342_2.jpg	photodiode	1
1463.138	0.5	1463138	catch	32671	n/a	catch_padded.jpg	photodiode	0
1463.462	0.0	1463462	response	7	n/a	n/a	trigger	0
1465.189	0.5	1465189	trained	32736	31	memtrain/o_465_2.jpg	photodiode	1
1466.14	0.5	1466140	untrained	32692	75	memtrain/o_564_1.jpg	photodiode	1
1467.091	0.5	1467091	untrained	32710	57	memtrain/o_171_1.jpg	photodiode	1
1468.042	0.5	1468042	catch	32671	n/a	catch_padded.jpg	photodiode	0
1468.386	0.0	1468386	response	7	n/a	n/a	trigger	0
1470.043	0.5	1470043	untrained	32711	56	memtrain/o_163_2.jpg	photodiode	1
1470.894	0.5	1470894	trained	32750	17	memtrain/o_232_1.jpg	photodiode	1
1471.795	0.5	1471795	untrained	32712	55	memtrain/o_153_2.jpg	photodiode	1
1472.596	0.5	1472596	catch	32671	n/a	catch_padded.jpg	photodiode	0
1472.916	0.0	1472916	response	7	n/a	n/a	trigger	0
1474.656	0.5	1474656	trained	32751	16	memtrain/o_199_2.jpg	photodiode	1
1475.448	0.5	1475448	trained	32755	12	memtrain/o_127_2.jpg	photodiode	1
1476.349	0.5	1476349	trained	32737	30	memtrain/o_437_2.jpg	photodiode	1
1477.199	0.5	1477199	untrained	32682	85	memtrain/o_218_1.jpg	photodiode	1
1478.0	0.5	1478000	untrained	32718	49	memtrain/o_054_2.jpg	photodiode	1
1478.951	0.5	1478951	catch	32671	n/a	catch_padded.jpg	photodiode	0
1479.523	0.0	1479523	response	7	n/a	n/a	trigger	0
1480.953	0.5	1480953	trained	32726	41	memtrain/o_663_2.jpg	photodiode	1
1481.903	0.5	1481903	trained	32723	44	memtrain/so_045_1.jpg	photodiode	1
1482.804	0.5	1482804	untrained	32694	73	memtrain/o_519_2.jpg	photodiode	1
1483.605	0.5	1483605	catch	32671	n/a	catch_padded.jpg	photodiode	0
1483.969	0.0	1483969	response	7	n/a	n/a	trigger	0
1485.507	0.5	1485507	trained	32722	45	memtrain/so_090_2.jpg	photodiode	1
1486.257	0.5	1486257	untrained	32699	68	memtrain/o_393_1.jpg	photodiode	1
1487.008	0.5	1487008	untrained	32685	82	memtrain/o_656_1.jpg	photodiode	1
1487.758	0.5	1487758	untrained	32716	51	memtrain/o_103_2.jpg	photodiode	1
1488.509	0.5	1488509	catch	32671	n/a	catch_padded.jpg	photodiode	0
1488.825	0.0	1488825	response	7	n/a	n/a	trigger	0
1490.502	0.5	1490502	trained	32720	47	memtrain/so_147_2.jpg	photodiode	1
1491.403	0.5	1491403	trained	32764	3	memtrain/o_040_2.jpg	photodiode	1
1492.354	0.5	1492354	trained	32763	4	memtrain/o_042_1.jpg	photodiode	1
1493.155	0.5	1493155	trained	32729	38	memtrain/o_603_1.jpg	photodiode	1
1493.914	0.5	1493914	catch	32671	n/a	catch_padded.jpg	photodiode	0
1494.253	0.0	1494253	response	7	n/a	n/a	trigger	0
1495.807	0.5	1495807	untrained	32698	69	memtrain/o_464_2.jpg	photodiode	1
1496.607	0.5	1496607	trained	32742	25	memtrain/o_358_2.jpg	photodiode	1
1497.358	0.5	1497358	trained	32767	0	memtrain/o_006_1.jpg	photodiode	1
1498.159	0.5	1498159	catch	32671	n/a	catch_padded.jpg	photodiode	0
1498.475	0.0	1498475	response	7	n/a	n/a	trigger	0
1500.261	0.5	1500261	untrained	32691	76	memtrain/o_570_1.jpg	photodiode	1
1501.011	0.5	1501011	untrained	32678	89	memtrain/o_469_1.jpg	photodiode	1
1501.912	0.5	1501912	untrained	32713	54	memtrain/o_145_1.jpg	photodiode	1
1502.763	0.5	1502763	trained	32744	23	memtrain/o_338_2.jpg	photodiode	1
1503.563	0.5	1503563	trained	32741	26	memtrain/o_376_1.jpg	photodiode	1
1504.364	0.5	1504364	catch	32671	n/a	catch_padded.jpg	photodiode	0
1504.674	0.0	1504674	response	7	n/a	n/a	trigger	0
1506.466	0.5	1506466	untrained	32687	80	memtrain/o_613_1.jpg	photodiode	1
1507.317	0.5	1507317	untrained	32707	60	memtrain/o_228_2.jpg	photodiode	1
1508.267	0.5	1508267	untrained	32714	53	memtrain/o_142_2.jpg	photodiode	1
1509.218	0.5	1509218	trained	32759	8	memtrain/o_094_1.jpg	photodiode	1
1510.169	0.5	1510169	catch	32671	n/a	catch_padded.jpg	photodiode	0
1510.444	0.0	1510444	response	7	n/a	n/a	trigger	0
1512.171	0.5	1512171	untrained	32676	91	memtrain/o_605_1.jpg	photodiode	1
1513.121	0.5	1513121	untrained	32683	84	memtrain/so_117_2.jpg	photodiode	1
1514.072	0.5	1514072	trained	32761	6	memtrain/o_076_1.jpg	photodiode	1
1514.873	0.5	1514873	untrained	32695	72	memtrain/o_490_1.jpg	photodiode	1
1515.774	0.5	1515774	untrained	32679	88	memtrain/o_458_1.jpg	photodiode	1
1516.524	0.5	1516524	catch	32671	n/a	catch_padded.jpg	photodiode	0
1516.892	0.0	1516892	response	7	n/a	n/a	trigger	0
1518.576	0.5	1518576	trained	32727	40	memtrain/o_648_2.jpg	photodiode	1
1519.519	0.5	1519519	untrained	32702	65	memtrain/o_337_2.jpg	photodiode	1
1520.319	0.5	1520319	untrained	32697	70	memtrain/o_471_2.jpg	photodiode	1
1521.07	0.5	1521070	trained	32766	1	memtrain/o_015_1.jpg	photodiode	1
1521.871	0.5	1521871	catch	32671	n/a	catch_padded.jpg	photodiode	0
1522.229	0.0	1522229	response	7	n/a	n/a	trigger	0
1523.972	0.5	1523972	trained	32721	46	memtrain/so_113_1.jpg	photodiode	1
1524.823	0.5	1524823	trained	32738	29	memtrain/o_416_1.jpg	photodiode	1
1525.574	0.5	1525574	untrained	32719	48	memtrain/o_019_2.jpg	photodiode	1
1526.475	0.5	1526475	trained	32734	33	memtrain/o_536_1.jpg	photodiode	1
1527.275	0.5	1527275	catch	32671	n/a	catch_padded.jpg	photodiode	0
1527.588	0.0	1527588	response	7	n/a	n/a	trigger	0
1529.177	0.5	1529177	trained	32754	13	memtrain/o_136_1.jpg	photodiode	1
1530.128	0.5	1530128	untrained	32686	81	memtrain/o_655_2.jpg	photodiode	1
1530.978	0.5	1530978	trained	32745	22	memtrain/o_321_1.jpg	photodiode	1
1531.879	0.5	1531879	catch	32671	n/a	catch_padded.jpg	photodiode	0
1532.326	0.0	1532326	response	7	n/a	n/a	trigger	0
1533.881	0.5	1533881	untrained	32674	93	memtrain/so_035_1.jpg	photodiode	1
1534.732	0.5	1534732	untrained	32703	64	memtrain/o_334_2.jpg	photodiode	1
1535.482	0.5	1535482	untrained	32696	71	memtrain/o_483_1.jpg	photodiode	1
1536.233	0.5	1536233	untrained	32675	92	memtrain/so_033_1.jpg	photodiode	1
1537.034	0.5	1537034	catch	32671	n/a	catch_padded.jpg	photodiode	0
1537.39	0.0	1537390	response	7	n/a	n/a	trigger	0
1539.085	0.5	1539085	untrained	32709	58	memtrain/o_192_1.jpg	photodiode	1
1539.936	0.5	1539936	trained	32733	34	memtrain/o_558_2.jpg	photodiode	1
1540.787	0.5	1540787	untrained	32704	63	memtrain/o_310_2.jpg	photodiode	1
1541.687	0.5	1541687	catch	32671	n/a	catch_padded.jpg	photodiode	0
1542.07	0.0	1542070	response	7	n/a	n/a	trigger	0
1543.639	0.5	1543639	trained	32739	28	memtrain/o_397_1.jpg	photodiode	1
1544.49	0.5	1544490	untrained	32717	50	memtrain/o_057_2.jpg	photodiode	1
1545.291	0.5	1545291	untrained	32684	83	memtrain/so_105_1.jpg	photodiode	1
1546.241	0.5	1546241	trained	32746	21	memtrain/o_319_1.jpg	photodiode	1
1547.042	0.5	1547042	trained	32756	11	memtrain/o_117_2.jpg	photodiode	1
1547.884	0.5	1547884	catch	32671	n/a	catch_padded.jpg	photodiode	0
1548.176	0.0	1548176	response	7	n/a	n/a	trigger	0
1549.886	0.5	1549886	trained	32748	19	memtrain/o_284_2.jpg	photodiode	1
1550.687	0.5	1550687	untrained	32708	59	memtrain/o_201_2.jpg	photodiode	1
1551.487	0.5	1551487	trained	32757	10	memtrain/o_111_2.jpg	photodiode	1
1552.288	0.5	1552288	catch	32671	n/a	catch_padded.jpg	photodiode	0
1552.667	0.0	1552667	response	7	n/a	n/a	trigger	0
1554.34	0.5	1554340	trained	32740	27	memtrain/o_379_2.jpg	photodiode	1
1555.14	0.5	1555140	trained	32762	5	memtrain/o_067_1.jpg	photodiode	1
1556.041	0.5	1556041	untrained	32673	94	memtrain/so_067_1.jpg	photodiode	1
1556.792	0.5	1556792	untrained	32702	65	memtrain/o_337_2.jpg	photodiode	1
1557.693	0.5	1557693	catch	32671	n/a	catch_padded.jpg	photodiode	0
1558.055	0.0	1558055	response	7	n/a	n/a	trigger	0
1559.644	0.5	1559644	trained	32738	29	memtrain/o_416_1.jpg	photodiode	1
1560.395	0.5	1560395	trained	32756	11	memtrain/o_117_2.jpg	photodiode	1
1561.145	0.5	1561145	untrained	32701	66	memtrain/o_342_2.jpg	photodiode	1
1561.996	0.5	1561996	untrained	32681	86	memtrain/o_288_1.jpg	photodiode	1
1562.747	0.5	1562747	trained	32728	39	memtrain/o_606_1.jpg	photodiode	1
1563.648	0.5	1563648	catch	32671	n/a	catch_padded.jpg	photodiode	0
1563.933	0.0	1563933	response	7	n/a	n/a	trigger	0
1565.749	0.5	1565749	trained	32744	23	memtrain/o_338_2.jpg	photodiode	1
1566.65	0.5	1566650	trained	32739	28	memtrain/o_397_1.jpg	photodiode	1
1567.601	0.5	1567601	untrained	32715	52	memtrain/o_141_1.jpg	photodiode	1
1568.552	0.5	1568552	untrained	32709	58	memtrain/o_192_1.jpg	photodiode	1
1569.503	0.5	1569503	trained	32737	30	memtrain/o_437_2.jpg	photodiode	1
1570.303	0.5	1570303	catch	32671	n/a	catch_padded.jpg	photodiode	0
1570.605	0.0	1570605	response	7	n/a	n/a	trigger	0
1572.255	0.5	1572255	untrained	32692	75	memtrain/o_564_1.jpg	photodiode	1
1573.106	0.5	1573106	trained	32760	7	memtrain/o_091_2.jpg	photodiode	1
1573.915	0.5	1573915	trained	32746	21	memtrain/o_319_1.jpg	photodiode	1
1574.807	0.5	1574807	untrained	32716	51	memtrain/o_103_2.jpg	photodiode	1
1575.608	0.5	1575608	untrained	32693	74	memtrain/o_550_1.jpg	photodiode	1
1576.408	0.5	1576408	catch	32671	n/a	catch_padded.jpg	photodiode	0
1576.705	0.0	1576705	response	7	n/a	n/a	trigger	0
1578.302	0.5	1578302	trained	32741	26	memtrain/o_376_1.jpg	photodiode	1
1579.253	0.5	1579253	untrained	32676	91	memtrain/o_605_1.jpg	photodiode	1
1580.053	0.5	1580053	trained	32732	35	memtrain/o_561_2.jpg	photodiode	1
1580.954	0.5	1580954	untrained	32684	83	memtrain/so_105_1.jpg	photodiode	1
1581.705	0.5	1581705	trained	32726	41	memtrain/o_663_2.jpg	photodiode	1
1582.01	0.0	1582010	response	7	n/a	n/a	trigger	0
1582.555	0.5	1582555	catch	32671	n/a	catch_padded.jpg	photodiode	0
1584.657	0.5	1584657	untrained	32719	48	memtrain/o_019_2.jpg	photodiode	1
1585.508	0.5	1585508	trained	32759	8	memtrain/o_094_1.jpg	photodiode	1
1586.359	0.5	1586359	untrained	32672	95	memtrain/so_125_1.jpg	photodiode	1
1587.209	0.5	1587209	untrained	32687	80	memtrain/o_613_1.jpg	photodiode	1
1588.118	0.5	1588118	catch	32671	n/a	catch_padded.jpg	photodiode	0
1588.417	0.0	1588417	response	7	n/a	n/a	trigger	0
1590.162	0.5	1590162	untrained	32683	84	memtrain/so_117_2.jpg	photodiode	1
1591.063	0.5	1591063	trained	32723	44	memtrain/so_045_1.jpg	photodiode	1
1591.813	0.5	1591813	trained	32743	24	memtrain/o_357_1.jpg	photodiode	1
1592.664	0.5	1592664	untrained	32689	78	memtrain/o_599_1.jpg	photodiode	1
1593.615	0.5	1593615	untrained	32673	94	memtrain/so_067_1.jpg	photodiode	1
1594.516	0.5	1594516	catch	32671	n/a	catch_padded.jpg	photodiode	0
1594.757	0.0	1594757	response	7	n/a	n/a	trigger	0
1596.417	0.5	1596417	untrained	32710	57	memtrain/o_171_1.jpg	photodiode	1
1597.168	0.5	1597168	untrained	32704	63	memtrain/o_310_2.jpg	photodiode	1
1598.019	0.5	1598019	trained	32720	47	memtrain/so_147_2.jpg	photodiode	1
1598.769	0.5	1598769	trained	32750	17	memtrain/o_232_1.jpg	photodiode	1
1599.62	0.5	1599620	trained	32766	1	memtrain/o_015_1.jpg	photodiode	1
1600.571	0.5	1600571	catch	32671	n/a	catch_padded.jpg	photodiode	0
1600.838	0.0	1600838	response	7	n/a	n/a	trigger	0
1602.622	0.5	1602622	untrained	32696	71	memtrain/o_483_1.jpg	photodiode	1
1603.373	0.5	1603373	trained	32734	33	memtrain/o_536_1.jpg	photodiode	1
1604.324	0.5	1604324	trained	32747	20	memtrain/o_290_1.jpg	photodiode	1
1605.075	0.5	1605075	untrained	32700	67	memtrain/o_378_1.jpg	photodiode	1
1606.025	0.5	1606025	catch	32671	n/a	catch_padded.jpg	photodiode	0
1606.341	0.0	1606341	response	7	n/a	n/a	trigger	0
1607.969	0.5	1607969	untrained	32690	77	memtrain/o_574_2.jpg	photodiode	1
1608.719	0.5	1608719	trained	32730	37	memtrain/o_597_1.jpg	photodiode	1
1609.57	0.5	1609570	untrained	32686	81	memtrain/o_655_2.jpg	photodiode	1
1610.471	0.5	1610471	trained	32729	38	memtrain/o_603_1.jpg	photodiode	1
1611.421	0.5	1611421	trained	32753	14	memtrain/o_174_1.jpg	photodiode	1
1612.322	0.5	1612322	catch	32671	n/a	catch_padded.jpg	photodiode	0
1612.643	0.0	1612643	response	7	n/a	n/a	trigger	0
1614.274	0.5	1614274	trained	32740	27	memtrain/o_379_2.jpg	photodiode	1
1615.125	0.5	1615125	trained	32764	3	memtrain/o_040_2.jpg	photodiode	1
1615.975	0.5	1615975	trained	32742	25	memtrain/o_358_2.jpg	photodiode	1
1616.885	0.5	1616885	catch	32671	n/a	catch_padded.jpg	photodiode	0
1617.322	0.0	1617322	response	7	n/a	n/a	trigger	0
1618.928	0.5	1618928	untrained	32708	59	memtrain/o_201_2.jpg	photodiode	1
1619.678	0.5	1619678	trained	32735	32	memtrain/o_485_2.jpg	photodiode	1
1620.429	0.5	1620429	untrained	32705	62	memtrain/o_304_1.jpg	photodiode	1
1621.33	0.5	1621330	trained	32763	4	memtrain/o_042_1.jpg	photodiode	1
1622.231	0.5	1622231	catch	32671	n/a	catch_padded.jpg	photodiode	0
1622.523	0.0	1622523	response	7	n/a	n/a	trigger	0
1624.232	0.5	1624232	trained	32724	43	memtrain/so_043_2.jpg	photodiode	1
1625.133	0.5	1625133	untrained	32691	76	memtrain/o_570_1.jpg	photodiode	1
1626.034	0.5	1626034	untrained	32699	68	memtrain/o_393_1.jpg	photodiode	1
1626.834	0.5	1626834	catch	32671	n/a	catch_padded.jpg	photodiode	0
1627.247	0.0	1627247	response	7	n/a	n/a	trigger	0
1628.936	0.5	1628936	trained	32721	46	memtrain/so_113_1.jpg	photodiode	1
1629.837	0.5	1629837	untrained	32698	69	memtrain/o_464_2.jpg	photodiode	1
1630.588	0.5	1630588	untrained	32678	89	memtrain/o_469_1.jpg	photodiode	1
1631.438	0.5	1631438	catch	32671	n/a	catch_padded.jpg	photodiode	0
1631.843	0.0	1631843	response	7	n/a	n/a	trigger	0
1633.39	0.5	1633390	trained	32767	0	memtrain/o_006_1.jpg	photodiode	1
1634.241	0.5	1634241	untrained	32713	54	memtrain/o_145_1.jpg	photodiode	1
1634.991	0.5	1634991	trained	32751	16	memtrain/o_199_2.jpg	photodiode	1
1635.784	0.5	1635784	catch	32671	n/a	catch_padded.jpg	photodiode	0
1636.192	0.0	1636192	response	7	n/a	n/a	trigger	0
1637.886	0.5	1637886	trained	32754	13	memtrain/o_136_1.jpg	photodiode	1
1638.686	0.5	1638686	trained	32731	36	memtrain/o_583_1.jpg	photodiode	1
1639.537	0.5	1639537	trained	32748	19	memtrain/o_284_2.jpg	photodiode	1
1640.488	0.5	1640488	trained	32733	34	memtrain/o_558_2.jpg	photodiode	1
1641.439	0.5	1641439	untrained	32680	87	memtrain/o_365_1.jpg	photodiode	1
1642.239	0.5	1642239	catch	32671	n/a	catch_padded.jpg	photodiode	0
1642.583	0.0	1642583	response	7	n/a	n/a	trigger	0
1644.141	0.5	1644141	untrained	32714	53	memtrain/o_142_2.jpg	photodiode	1
1645.092	0.5	1645092	trained	32752	15	memtrain/o_195_1.jpg	photodiode	1
1646.043	0.5	1646043	trained	32745	22	memtrain/o_321_1.jpg	photodiode	1
1646.993	0.5	1646993	catch	32671	n/a	catch_padded.jpg	photodiode	0
1647.41	0.0	1647410	response	7	n/a	n/a	trigger	0
1648.895	0.5	1648895	untrained	32718	49	memtrain/o_054_2.jpg	photodiode	1
1649.796	0.5	1649796	trained	32761	6	memtrain/o_076_1.jpg	photodiode	1
1650.546	0.5	1650546	untrained	32677	90	memtrain/o_580_1.jpg	photodiode	1
1651.497	0.5	1651497	trained	32755	12	memtrain/o_127_2.jpg	photodiode	1
1652.298	0.5	1652298	catch	32671	n/a	catch_padded.jpg	photodiode	0
1652.604	0.0	1652604	response	7	n/a	n/a	trigger	0
1654.4	0.5	1654400	untrained	32706	61	memtrain/o_298_2.jpg	photodiode	1
1655.15	0.5	1655150	untrained	32675	92	memtrain/so_033_1.jpg	photodiode	1
1656.001	0.5	1656001	untrained	32717	50	memtrain/o_057_2.jpg	photodiode	1
1656.902	0.5	1656902	untrained	32707	60	memtrain/o_228_2.jpg	photodiode	1
1657.652	0.5	1657652	catch	32671	n/a	catch_padded.jpg	photodiode	0
1658.058	0.0	1658058	response	7	n/a	n/a	trigger	0
1659.754	0.5	1659754	trained	32725	42	memtrain/so_034_2.jpg	photodiode	1
1660.505	0.5	1660505	untrained	32695	72	memtrain/o_490_1.jpg	photodiode	1
1661.255	0.5	1661255	untrained	32712	55	memtrain/o_153_2.jpg	photodiode	1
1662.206	0.5	1662206	catch	32671	n/a	catch_padded.jpg	photodiode	0
1662.55	0.0	1662550	response	7	n/a	n/a	trigger	0
1664.3	0.5	1664300	untrained	32697	70	memtrain/o_471_2.jpg	photodiode	1
1665.05	0.5	1665050	trained	32762	5	memtrain/o_067_1.jpg	photodiode	1
1665.801	0.5	1665801	untrained	32685	82	memtrain/o_656_1.jpg	photodiode	1
1666.652	0.5	1666652	untrained	32674	93	memtrain/so_035_1.jpg	photodiode	1
1667.402	0.5	1667402	untrained	32679	88	memtrain/o_458_1.jpg	photodiode	1
1668.253	0.5	1668253	catch	32671	n/a	catch_padded.jpg	photodiode	0
1668.533	0.0	1668533	response	7	n/a	n/a	trigger	0
1670.255	0.5	1670255	untrained	32703	64	memtrain/o_334_2.jpg	photodiode	1
1671.155	0.5	1671155	trained	32757	10	memtrain/o_111_2.jpg	photodiode	1
1671.956	0.5	1671956	trained	32736	31	memtrain/o_465_2.jpg	photodiode	1
1672.707	0.5	1672707	trained	32727	40	memtrain/o_648_2.jpg	photodiode	1
1673.507	0.5	1673507	untrained	32694	73	memtrain/o_519_2.jpg	photodiode	1
1674.308	0.5	1674308	catch	32671	n/a	catch_padded.jpg	photodiode	0
1674.626	0.0	1674626	response	7	n/a	n/a	trigger	0
1676.31	0.5	1676310	trained	32765	2	memtrain/o_035_1.jpg	photodiode	1
1677.16	0.5	1677160	trained	32749	18	memtrain/o_264_2.jpg	photodiode	1
1678.111	0.5	1678111	trained	32722	45	memtrain/so_090_2.jpg	photodiode	1
1679.012	0.5	1679012	trained	32758	9	memtrain/o_101_2.jpg	photodiode	1
1679.963	0.5	1679963	catch	32671	n/a	catch_padded.jpg	photodiode	0
1680.236	0.0	1680236	response	7	n/a	n/a	trigger	0
1681.864	0.5	1681864	untrained	32682	85	memtrain/o_218_1.jpg	photodiode	1
1682.715	0.5	1682715	untrained	32688	79	memtrain/o_600_1.jpg	photodiode	1
1683.566	0.5	1683566	untrained	32711	56	memtrain/o_163_2.jpg	photodiode	1
1684.467	0.5	1684467	catch	32671	n/a	catch_padded.jpg	photodiode	0
1684.828	0.0	1684828	response	7	n/a	n/a	trigger	0
1686.941	0.0	1686941	block_end	120	n/a	n/a	trigger	0
1688.842	0.0	1688842	response	7	n/a	n/a	trigger	0
1721.667	0.0	1721667	response	7	n/a	n/a	trigger	0
1721.678	0.0	1721678	block_onset	107	n/a	n/a	trigger	0
1723.733	0.5	1723733	untrained	32684	83	memtrain/so_105_1.jpg	photodiode	1
1724.684	0.5	1724684	trained	32733	34	memtrain/o_558_2.jpg	photodiode	1
1725.535	0.5	1725535	trained	32749	18	memtrain/o_264_2.jpg	photodiode	1
1726.335	0.5	1726335	catch	32671	n/a	catch_padded.jpg	photodiode	0
1726.673	0.0	1726673	response	7	n/a	n/a	trigger	0
1728.387	0.5	1728387	untrained	32673	94	memtrain/so_067_1.jpg	photodiode	1
1729.28	0.5	1729280	untrained	32681	86	memtrain/o_288_1.jpg	photodiode	1
1730.08	0.5	1730080	trained	32739	28	memtrain/o_397_1.jpg	photodiode	1
1730.831	0.5	1730831	trained	32732	35	memtrain/o_561_2.jpg	photodiode	1
1731.682	0.5	1731682	untrained	32706	61	memtrain/o_298_2.jpg	photodiode	1
1732.633	0.5	1732633	catch	32671	n/a	catch_padded.jpg	photodiode	0
1732.911	0.0	1732911	response	7	n/a	n/a	trigger	0
1734.584	0.5	1734584	trained	32723	44	memtrain/so_045_1.jpg	photodiode	1
1735.543	0.5	1735543	untrained	32672	95	memtrain/so_125_1.jpg	photodiode	1
1736.436	0.5	1736436	untrained	32698	69	memtrain/o_464_2.jpg	photodiode	1
1737.287	0.5	1737287	trained	32738	29	memtrain/o_416_1.jpg	photodiode	1
1738.087	0.5	1738087	catch	32671	n/a	catch_padded.jpg	photodiode	0
1738.422	0.0	1738422	response	7	n/a	n/a	trigger	0
1740.039	0.5	1740039	untrained	32678	89	memtrain/o_469_1.jpg	photodiode	1
1740.99	0.5	1740990	trained	32759	8	memtrain/o_094_1.jpg	photodiode	1
1741.79	0.5	1741790	untrained	32701	66	memtrain/o_342_2.jpg	photodiode	1
1742.691	0.5	1742691	trained	32766	1	memtrain/o_015_1.jpg	photodiode	1
1743.542	0.5	1743542	catch	32671	n/a	catch_padded.jpg	photodiode	0
1743.831	0.0	1743831	response	7	n/a	n/a	trigger	0
1745.444	0.5	1745444	untrained	32700	67	memtrain/o_378_1.jpg	photodiode	1
1746.194	0.5	1746194	untrained	32703	64	memtrain/o_334_2.jpg	photodiode	1
1747.145	0.5	1747145	untrained	32676	91	memtrain/o_605_1.jpg	photodiode	1
1747.946	0.5	1747946	untrained	32713	54	memtrain/o_145_1.jpg	photodiode	1
1748.896	0.5	1748896	catch	32671	n/a	catch_padded.jpg	photodiode	0
1749.216	0.0	1749216	response	7	n/a	n/a	trigger	0
1750.898	0.5	1750898	untrained	32690	77	memtrain/o_574_2.jpg	photodiode	1
1751.849	0.5	1751849	untrained	32694	73	memtrain/o_519_2.jpg	photodiode	1
1752.8	0.5	1752800	trained	32730	37	memtrain/o_597_1.jpg	photodiode	1
1753.751	0.5	1753751	catch	32671	n/a	catch_padded.jpg	photodiode	0
1754.005	0.0	1754005	response	7	n/a	n/a	trigger	0
1755.852	0.5	1755852	untrained	32689	78	memtrain/o_599_1.jpg	photodiode	1
1756.703	0.5	1756703	trained	32760	7	memtrain/o_091_2.jpg	photodiode	1
1757.654	0.5	1757654	untrained	32680	87	memtrain/o_365_1.jpg	photodiode	1
1758.404	0.5	1758404	trained	32720	47	memtrain/so_147_2.jpg	photodiode	1
1759.197	0.5	1759197	untrained	32687	80	memtrain/o_613_1.jpg	photodiode	1
1759.997	0.5	1759997	catch	32671	n/a	catch_padded.jpg	photodiode	0
1760.279	0.0	1760279	response	7	n/a	n/a	trigger	0
1761.999	0.5	1761999	trained	32754	13	memtrain/o_136_1.jpg	photodiode	1
1762.8	0.5	1762800	trained	32765	2	memtrain/o_035_1.jpg	photodiode	1
1763.55	0.5	1763550	untrained	32704	63	memtrain/o_310_2.jpg	photodiode	1
1764.351	0.5	1764351	trained	32751	16	memtrain/o_199_2.jpg	photodiode	1
1765.152	0.5	1765152	untrained	32697	70	memtrain/o_471_2.jpg	photodiode	1
1765.902	0.5	1765902	catch	32671	n/a	catch_padded.jpg	photodiode	0
1766.279	0.0	1766279	response	7	n/a	n/a	trigger	0
1767.904	0.5	1767904	untrained	32714	53	memtrain/o_142_2.jpg	photodiode	1
1768.705	0.5	1768705	trained	32758	9	memtrain/o_101_2.jpg	photodiode	1
1769.656	0.5	1769656	untrained	32716	51	memtrain/o_103_2.jpg	photodiode	1
1770.456	0.5	1770456	untrained	32710	57	memtrain/o_171_1.jpg	photodiode	1
1771.257	0.5	1771257	catch	32671	n/a	catch_padded.jpg	photodiode	0
1771.506	0.0	1771506	response	7	n/a	n/a	trigger	0
1773.159	0.5	1773159	trained	32744	23	memtrain/o_338_2.jpg	photodiode	1
1774.059	0.5	1774059	untrained	32692	75	memtrain/o_564_1.jpg	photodiode	1
1774.81	0.5	1774810	untrained	32677	90	memtrain/o_580_1.jpg	photodiode	1
1775.711	0.5	1775711	trained	32745	22	memtrain/o_321_1.jpg	photodiode	1
1776.461	0.5	1776461	trained	32747	20	memtrain/o_290_1.jpg	photodiode	1
1777.362	0.5	1777362	catch	32671	n/a	catch_padded.jpg	photodiode	0
1777.687	0.0	1777687	response	7	n/a	n/a	trigger	0
1779.414	0.5	1779414	trained	32740	27	memtrain/o_379_2.jpg	photodiode	1
1780.265	0.5	1780265	untrained	32683	84	memtrain/so_117_2.jpg	photodiode	1
1781.115	0.5	1781115	trained	32764	3	memtrain/o_040_2.jpg	photodiode	1
1781.866	0.5	1781866	untrained	32696	71	memtrain/o_483_1.jpg	photodiode	1
1782.667	0.5	1782667	catch	32671	n/a	catch_padded.jpg	photodiode	0
1782.966	0.0	1782966	response	7	n/a	n/a	trigger	0
1784.618	0.5	1784618	untrained	32675	92	memtrain/so_033_1.jpg	photodiode	1
1785.469	0.5	1785469	untrained	32718	49	memtrain/o_054_2.jpg	photodiode	1
1786.27	0.5	1786270	trained	32734	33	memtrain/o_536_1.jpg	photodiode	1
1787.12	0.5	1787120	untrained	32712	55	memtrain/o_153_2.jpg	photodiode	1
1788.063	0.5	1788063	catch	32671	n/a	catch_padded.jpg	photodiode	0
1788.388	0.0	1788388	response	7	n/a	n/a	trigger	0
1790.165	0.5	1790165	trained	32729	38	memtrain/o_603_1.jpg	photodiode	1
1791.116	0.5	1791116	untrained	32699	68	memtrain/o_393_1.jpg	photodiode	1
1792.016	0.5	1792016	untrained	32691	76	memtrain/o_570_1.jpg	photodiode	1
1792.817	0.5	1792817	untrained	32717	50	memtrain/o_057_2.jpg	photodiode	1
1793.568	0.5	1793568	catch	32671	n/a	catch_padded.jpg	photodiode	0
1793.903	0.0	1793903	response	7	n/a	n/a	trigger	0
1795.619	0.5	1795619	trained	32726	41	memtrain/o_663_2.jpg	photodiode	1
1796.52	0.5	1796520	trained	32756	11	memtrain/o_117_2.jpg	photodiode	1
1797.371	0.5	1797371	untrained	32685	82	memtrain/o_656_1.jpg	photodiode	1
1798.222	0.5	1798222	untrained	32719	48	memtrain/o_019_2.jpg	photodiode	1
1799.072	0.5	1799072	trained	32722	45	memtrain/so_090_2.jpg	photodiode	1
1799.873	0.5	1799873	catch	32671	n/a	catch_padded.jpg	photodiode	0
1800.202	0.0	1800202	response	7	n/a	n/a	trigger	0
1801.825	0.5	1801825	trained	32767	0	memtrain/o_006_1.jpg	photodiode	1
1802.575	0.5	1802575	trained	32761	6	memtrain/o_076_1.jpg	photodiode	1
1803.526	0.5	1803526	untrained	32708	59	memtrain/o_201_2.jpg	photodiode	1
1804.427	0.5	1804427	trained	32731	36	memtrain/o_583_1.jpg	photodiode	1
1805.177	0.5	1805177	trained	32721	46	memtrain/so_113_1.jpg	photodiode	1
1806.128	0.5	1806128	catch	32671	n/a	catch_padded.jpg	photodiode	0
1806.432	0.0	1806432	response	7	n/a	n/a	trigger	0
1808.03	0.5	1808030	trained	32750	17	memtrain/o_232_1.jpg	photodiode	1
1808.931	0.5	1808931	trained	32736	31	memtrain/o_465_2.jpg	photodiode	1
1809.681	0.5	1809681	trained	32728	39	memtrain/o_606_1.jpg	photodiode	1
1810.582	0.5	1810582	trained	32763	4	memtrain/o_042_1.jpg	photodiode	1
1811.483	0.5	1811483	untrained	32695	72	memtrain/o_490_1.jpg	photodiode	1
1812.434	0.5	1812434	catch	32671	n/a	catch_padded.jpg	photodiode	0
1812.764	0.0	1812764	response	7	n/a	n/a	trigger	0
1814.435	0.5	1814435	untrained	32711	56	memtrain/o_163_2.jpg	photodiode	1
1815.236	0.5	1815236	trained	32762	5	memtrain/o_067_1.jpg	photodiode	1
1816.137	0.5	1816137	trained	32748	19	memtrain/o_284_2.jpg	photodiode	1
1817.079	0.5	1817079	catch	32671	n/a	catch_padded.jpg	photodiode	0
1819.181	0.5	1819181	untrained	32705	62	memtrain/o_304_1.jpg	photodiode	1
1819.931	0.5	1819931	trained	32743	24	memtrain/o_357_1.jpg	photodiode	1
1820.682	0.5	1820682	untrained	32686	81	memtrain/o_655_2.jpg	photodiode	1
1821.633	0.5	1821633	untrained	32709	58	memtrain/o_192_1.jpg	photodiode	1
1822.584	0.5	1822584	trained	32725	42	memtrain/so_034_2.jpg	photodiode	1
1823.384	0.5	1823384	catch	32671	n/a	catch_padded.jpg	photodiode	0
1823.757	0.0	1823757	response	7	n/a	n/a	trigger	0
1825.345	0.5	1825345	trained	32755	12	memtrain/o_127_2.jpg	photodiode	1
1826.287	0.5	1826287	trained	32753	14	memtrain/o_174_1.jpg	photodiode	1
1827.037	0.5	1827037	trained	32746	21	memtrain/o_319_1.jpg	photodiode	1
1827.988	0.5	1827988	untrained	32679	88	memtrain/o_458_1.jpg	photodiode	1
1828.939	0.5	1828939	trained	32727	40	memtrain/o_648_2.jpg	photodiode	1
1829.89	0.5	1829890	catch	32671	n/a	catch_padded.jpg	photodiode	0
1830.241	0.0	1830241	response	7	n/a	n/a	trigger	0
1831.792	0.5	1831792	untrained	32702	65	memtrain/o_337_2.jpg	photodiode	1
1832.592	0.5	1832592	trained	32742	25	memtrain/o_358_2.jpg	photodiode	1
1833.343	0.5	1833343	trained	32735	32	memtrain/o_485_2.jpg	photodiode	1
1834.194	0.5	1834194	untrained	32707	60	memtrain/o_228_2.jpg	photodiode	1
1835.144	0.5	1835144	catch	32671	n/a	catch_padded.jpg	photodiode	0
1835.536	0.0	1835536	response	7	n/a	n/a	trigger	0
1837.096	0.5	1837096	untrained	32674	93	memtrain/so_035_1.jpg	photodiode	1
1837.947	0.5	1837947	untrained	32682	85	memtrain/o_218_1.jpg	photodiode	1
1838.697	0.5	1838697	trained	32757	10	memtrain/o_111_2.jpg	photodiode	1
1839.598	0.5	1839598	catch	32671	n/a	catch_padded.jpg	photodiode	0
1840.032	0.0	1840032	response	7	n/a	n/a	trigger	0
1841.6	0.5	1841600	trained	32737	30	memtrain/o_437_2.jpg	photodiode	1
1842.35	0.5	1842350	untrained	32715	52	memtrain/o_141_1.jpg	photodiode	1
1843.151	0.5	1843151	untrained	32688	79	memtrain/o_600_1.jpg	photodiode	1
1843.952	0.5	1843952	trained	32724	43	memtrain/so_043_2.jpg	photodiode	1
1844.903	0.5	1844903	trained	32752	15	memtrain/o_195_1.jpg	photodiode	1
1845.703	0.5	1845703	catch	32671	n/a	catch_padded.jpg	photodiode	0
1846.097	0.0	1846097	response	7	n/a	n/a	trigger	0
1847.755	0.5	1847755	untrained	32693	74	memtrain/o_550_1.jpg	photodiode	1
1848.648	0.5	1848648	trained	32741	26	memtrain/o_376_1.jpg	photodiode	1
1849.507	0.5	1849507	untrained	32708	59	memtrain/o_201_2.jpg	photodiode	1
1850.449	0.5	1850449	trained	32725	42	memtrain/so_034_2.jpg	photodiode	1
1851.25	0.5	1851250	untrained	32679	88	memtrain/o_458_1.jpg	photodiode	1
1852.0	0.5	1852000	catch	32671	n/a	catch_padded.jpg	photodiode	0
1852.353	0.0	1852353	response	7	n/a	n/a	trigger	0
1854.052	0.5	1854052	trained	32760	7	memtrain/o_091_2.jpg	photodiode	1
1854.803	0.5	1854803	untrained	32701	66	memtrain/o_342_2.jpg	photodiode	1
1855.654	0.5	1855654	untrained	32710	57	memtrain/o_171_1.jpg	photodiode	1
1856.404	0.5	1856404	trained	32757	10	memtrain/o_111_2.jpg	photodiode	1
1857.305	0.5	1857305	trained	32738	29	memtrain/o_416_1.jpg	photodiode	1
1858.156	0.5	1858156	catch	32671	n/a	catch_padded.jpg	photodiode	0
1858.417	0.0	1858417	response	7	n/a	n/a	trigger	0
1860.207	0.5	1860207	trained	32748	19	memtrain/o_284_2.jpg	photodiode	1
1861.108	0.5	1861108	untrained	32695	72	memtrain/o_490_1.jpg	photodiode	1
1862.009	0.5	1862009	untrained	32678	89	memtrain/o_469_1.jpg	photodiode	1
1862.76	0.5	1862760	catch	32671	n/a	catch_padded.jpg	photodiode	0
1863.212	0.0	1863212	response	7	n/a	n/a	trigger	0
1864.761	0.5	1864761	untrained	32712	55	memtrain/o_153_2.jpg	photodiode	1
1865.712	0.5	1865712	trained	32727	40	memtrain/o_648_2.jpg	photodiode	1
1866.563	0.5	1866563	trained	32767	0	memtrain/o_006_1.jpg	photodiode	1
1867.313	0.5	1867313	untrained	32719	48	memtrain/o_019_2.jpg	photodiode	1
1868.164	0.5	1868164	catch	32671	n/a	catch_padded.jpg	photodiode	0
1868.496	0.0	1868496	response	7	n/a	n/a	trigger	0
1870.116	0.5	1870116	untrained	32692	75	memtrain/o_564_1.jpg	photodiode	1
1870.866	0.5	1870866	untrained	32706	61	memtrain/o_298_2.jpg	photodiode	1
1871.767	0.5	1871767	untrained	32714	53	memtrain/o_142_2.jpg	photodiode	1
1872.518	0.5	1872518	catch	32671	n/a	catch_padded.jpg	photodiode	0
1872.882	0.0	1872882	response	7	n/a	n/a	trigger	0
1874.52	0.5	1874520	trained	32762	5	memtrain/o_067_1.jpg	photodiode	1
1875.262	0.5	1875262	trained	32721	46	memtrain/so_113_1.jpg	photodiode	1
1876.021	0.5	1876021	trained	32755	12	memtrain/o_127_2.jpg	photodiode	1
1876.763	0.5	1876763	untrained	32686	81	memtrain/o_655_2.jpg	photodiode	1
1877.564	0.5	1877564	catch	32671	n/a	catch_padded.jpg	photodiode	0
1877.914	0.0	1877914	response	7	n/a	n/a	trigger	0
1879.665	0.5	1879665	untrained	32673	94	memtrain/so_067_1.jpg	photodiode	1
1880.616	0.5	1880616	trained	32750	17	memtrain/o_232_1.jpg	photodiode	1
1881.517	0.5	1881517	untrained	32684	83	memtrain/so_105_1.jpg	photodiode	1
1882.418	0.5	1882418	catch	32671	n/a	catch_padded.jpg	photodiode	0
1882.818	0.0	1882818	response	7	n/a	n/a	trigger	0
1884.52	0.5	1884520	trained	32764	3	memtrain/o_040_2.jpg	photodiode	1
1885.32	0.5	1885320	untrained	32718	49	memtrain/o_054_2.jpg	photodiode	1
1886.221	0.5	1886221	untrained	32704	63	memtrain/o_310_2.jpg	photodiode	1
1887.072	0.5	1887072	catch	32671	n/a	catch_padded.jpg	photodiode	0
1887.622	0.0	1887622	response	7	n/a	n/a	trigger	0
1889.123	0.5	1889123	trained	32739	28	memtrain/o_397_1.jpg	photodiode	1
1889.974	0.5	1889974	trained	32749	18	memtrain/o_264_2.jpg	photodiode	1
1890.725	0.5	1890725	trained	32724	43	memtrain/so_043_2.jpg	photodiode	1
1891.626	0.5	1891626	catch	32671	n/a	catch_padded.jpg	photodiode	0
1891.985	0.0	1891985	response	7	n/a	n/a	trigger	0
1893.627	0.5	1893627	untrained	32699	68	memtrain/o_393_1.jpg	photodiode	1
1894.478	0.5	1894478	untrained	32711	56	memtrain/o_163_2.jpg	photodiode	1
1895.229	0.5	1895229	trained	32734	33	memtrain/o_536_1.jpg	photodiode	1
1895.979	0.5	1895979	catch	32671	n/a	catch_padded.jpg	photodiode	0
1896.313	0.0	1896313	response	7	n/a	n/a	trigger	0
1898.031	0.5	1898031	trained	32744	23	memtrain/o_338_2.jpg	photodiode	1
1898.982	0.5	1898982	untrained	32705	62	memtrain/o_304_1.jpg	photodiode	1
1899.732	0.5	1899732	trained	32741	26	memtrain/o_376_1.jpg	photodiode	1
1900.683	0.5	1900683	trained	32726	41	memtrain/o_663_2.jpg	photodiode	1
1901.584	0.5	1901584	catch	32671	n/a	catch_padded.jpg	photodiode	0
1901.961	0.0	1901961	response	7	n/a	n/a	trigger	0
1903.636	0.5	1903636	trained	32751	16	memtrain/o_199_2.jpg	photodiode	1
1904.428	0.5	1904428	untrained	32709	58	memtrain/o_192_1.jpg	photodiode	1
1905.279	0.5	1905279	untrained	32715	52	memtrain/o_141_1.jpg	photodiode	1
1906.23	0.5	1906230	untrained	32707	60	memtrain/o_228_2.jpg	photodiode	1
1907.03	0.5	1907030	catch	32671	n/a	catch_padded.jpg	photodiode	0
1907.363	0.0	1907363	response	7	n/a	n/a	trigger	0
1908.932	0.5	1908932	untrained	32687	80	memtrain/o_613_1.jpg	photodiode	1
1909.683	0.5	1909683	untrained	32676	91	memtrain/o_605_1.jpg	photodiode	1
1910.634	0.5	1910634	trained	32753	14	memtrain/o_174_1.jpg	photodiode	1
1911.442	0.5	1911442	trained	32729	38	memtrain/o_603_1.jpg	photodiode	1
1912.335	0.5	1912335	catch	32671	n/a	catch_padded.jpg	photodiode	0
1912.688	0.0	1912688	response	7	n/a	n/a	trigger	0
1914.337	0.5	1914337	trained	32761	6	memtrain/o_076_1.jpg	photodiode	1
1915.187	0.5	1915187	trained	32740	27	memtrain/o_379_2.jpg	photodiode	1
1915.938	0.5	1915938	untrained	32690	77	memtrain/o_574_2.jpg	photodiode	1
1916.839	0.5	1916839	trained	32743	24	memtrain/o_357_1.jpg	photodiode	1
1917.79	0.5	1917790	catch	32671	n/a	catch_padded.jpg	photodiode	0
1918.183	0.0	1918183	response	7	n/a	n/a	trigger	0
1919.891	0.5	1919891	untrained	32702	65	memtrain/o_337_2.jpg	photodiode	1
1920.692	0.5	1920692	untrained	32682	85	memtrain/o_218_1.jpg	photodiode	1
1921.543	0.5	1921543	trained	32733	34	memtrain/o_558_2.jpg	photodiode	1
1922.494	0.5	1922494	catch	32671	n/a	catch_padded.jpg	photodiode	0
1922.855	0.0	1922855	response	7	n/a	n/a	trigger	0
1924.445	0.5	1924445	trained	32754	13	memtrain/o_136_1.jpg	photodiode	1
1925.246	0.5	1925246	untrained	32696	71	memtrain/o_483_1.jpg	photodiode	1
1926.047	0.5	1926047	untrained	32691	76	memtrain/o_570_1.jpg	photodiode	1
1926.997	0.5	1926997	untrained	32698	69	memtrain/o_464_2.jpg	photodiode	1
1927.948	0.5	1927948	catch	32671	n/a	catch_padded.jpg	photodiode	0
1928.242	0.0	1928242	response	7	n/a	n/a	trigger	0
1929.85	0.5	1929850	trained	32766	1	memtrain/o_015_1.jpg	photodiode	1
1930.801	0.5	1930801	trained	32742	25	memtrain/o_358_2.jpg	photodiode	1
1931.551	0.5	1931551	trained	32732	35	memtrain/o_561_2.jpg	photodiode	1
1932.402	0.5	1932402	trained	32747	20	memtrain/o_290_1.jpg	photodiode	1
1933.203	0.5	1933203	untrained	32697	70	memtrain/o_471_2.jpg	photodiode	1
1934.003	0.5	1934003	catch	32671	n/a	catch_padded.jpg	photodiode	0
1934.385	0.0	1934385	response	7	n/a	n/a	trigger	0
1936.047	0.5	1936047	untrained	32717	50	memtrain/o_057_2.jpg	photodiode	1
1936.847	0.5	1936847	trained	32720	47	memtrain/so_147_2.jpg	photodiode	1
1937.598	0.5	1937598	untrained	32693	74	memtrain/o_550_1.jpg	photodiode	1
1938.499	0.5	1938499	trained	32737	30	memtrain/o_437_2.jpg	photodiode	1
1939.449	0.5	1939449	catch	32671	n/a	catch_padded.jpg	photodiode	0
1939.851	0.0	1939851	response	7	n/a	n/a	trigger	0
1941.451	0.5	1941451	trained	32756	11	memtrain/o_117_2.jpg	photodiode	1
1942.352	0.5	1942352	untrained	32713	54	memtrain/o_145_1.jpg	photodiode	1
1943.103	0.5	1943103	trained	32731	36	memtrain/o_583_1.jpg	photodiode	1
1944.003	0.5	1944003	catch	32671	n/a	catch_padded.jpg	photodiode	0
1944.408	0.0	1944408	response	7	n/a	n/a	trigger	0
1946.005	0.5	1946005	trained	32728	39	memtrain/o_606_1.jpg	photodiode	1
1946.806	0.5	1946806	untrained	32683	84	memtrain/so_117_2.jpg	photodiode	1
1947.706	0.5	1947706	untrained	32681	86	memtrain/o_288_1.jpg	photodiode	1
1948.607	0.5	1948607	catch	32671	n/a	catch_padded.jpg	photodiode	0
1949.07	0.0	1949070	response	7	n/a	n/a	trigger	0
1950.609	0.5	1950609	untrained	32677	90	memtrain/o_580_1.jpg	photodiode	1
1951.41	0.5	1951410	trained	32759	8	memtrain/o_094_1.jpg	photodiode	1
1952.26	0.5	1952260	untrained	32685	82	memtrain/o_656_1.jpg	photodiode	1
1953.111	0.5	1953111	trained	32735	32	memtrain/o_485_2.jpg	photodiode	1
1953.962	0.5	1953962	untrained	32703	64	memtrain/o_334_2.jpg	photodiode	1
1954.762	0.5	1954762	catch	32671	n/a	catch_padded.jpg	photodiode	0
1955.147	0.0	1955147	response	7	n/a	n/a	trigger	0
1956.664	0.5	1956664	untrained	32694	73	memtrain/o_519_2.jpg	photodiode	1
1957.615	0.5	1957615	untrained	32688	79	memtrain/o_600_1.jpg	photodiode	1
1958.516	0.5	1958516	untrained	32672	95	memtrain/so_125_1.jpg	photodiode	1
1959.366	0.5	1959366	catch	32671	n/a	catch_padded.jpg	photodiode	0
1959.734	0.0	1959734	response	7	n/a	n/a	trigger	0
1961.468	0.5	1961468	untrained	32680	87	memtrain/o_365_1.jpg	photodiode	1
1962.411	0.5	1962411	trained	32722	45	memtrain/so_090_2.jpg	photodiode	1
1963.261	0.5	1963261	trained	32763	4	memtrain/o_042_1.jpg	photodiode	1
1964.162	0.5	1964162	untrained	32716	51	memtrain/o_103_2.jpg	photodiode	1
1965.013	0.5	1965013	trained	32723	44	memtrain/so_045_1.jpg	photodiode	1
1965.914	0.5	1965914	catch	32671	n/a	catch_padded.jpg	photodiode	0
1966.372	0.0	1966372	response	7	n/a	n/a	trigger	0
1967.865	0.5	1967865	trained	32745	22	memtrain/o_321_1.jpg	photodiode	1
1968.616	0.5	1968616	trained	32758	9	memtrain/o_101_2.jpg	photodiode	1
1969.467	0.5	1969467	untrained	32674	93	memtrain/so_035_1.jpg	photodiode	1
1970.217	0.5	1970217	catch	32671	n/a	catch_padded.jpg	photodiode	0
1970.713	0.0	1970713	response	7	n/a	n/a	trigger	0
1972.119	0.5	1972119	trained	32765	2	memtrain/o_035_1.jpg	photodiode	1
1972.87	0.5	1972870	untrained	32675	92	memtrain/so_033_1.jpg	photodiode	1
1973.72	0.5	1973720	untrained	32700	67	memtrain/o_378_1.jpg	photodiode	1
1974.571	0.5	1974571	untrained	32689	78	memtrain/o_599_1.jpg	photodiode	1
1975.472	0.5	1975472	trained	32752	15	memtrain/o_195_1.jpg	photodiode	1
1976.323	0.5	1976323	catch	32671	n/a	catch_padded.jpg	photodiode	0
1976.772	0.0	1976772	response	7	n/a	n/a	trigger	0
1978.374	0.5	1978374	trained	32730	37	memtrain/o_597_1.jpg	photodiode	1
1979.275	0.5	1979275	trained	32746	21	memtrain/o_319_1.jpg	photodiode	1
1980.076	0.5	1980076	trained	32736	31	memtrain/o_465_2.jpg	photodiode	1
1980.976	0.5	1980976	catch	32671	n/a	catch_padded.jpg	photodiode	0
1981.365	0.0	1981365	response	7	n/a	n/a	trigger	0
1983.45	0.0	1983450	block_end	120	n/a	n/a	trigger	0
1985.086	0.0	1985086	response	7	n/a	n/a	trigger	0
2049.583	0.0	2049583	response	7	n/a	n/a	trigger	0
2049.589	0.0	2049589	block_onset	108	n/a	n/a	trigger	0
2051.645	0.5	2051645	trained	32745	22	memtrain/o_321_1.jpg	photodiode	1
2052.545	0.5	2052545	untrained	32679	88	memtrain/o_458_1.jpg	photodiode	1
2053.346	0.5	2053346	trained	32736	31	memtrain/o_465_2.jpg	photodiode	1
2054.197	0.5	2054197	untrained	32682	85	memtrain/o_218_1.jpg	photodiode	1
2054.997	0.5	2054997	trained	32740	27	memtrain/o_379_2.jpg	photodiode	1
2055.748	0.5	2055748	catch	32671	n/a	catch_padded.jpg	photodiode	0
2056.101	0.0	2056101	response	7	n/a	n/a	trigger	0
2057.792	0.5	2057792	trained	32746	21	memtrain/o_319_1.jpg	photodiode	1
2058.542	0.5	2058542	trained	32732	35	memtrain/o_561_2.jpg	photodiode	1
2059.401	0.5	2059401	untrained	32717	50	memtrain/o_057_2.jpg	photodiode	1
2060.194	0.5	2060194	untrained	32700	67	memtrain/o_378_1.jpg	photodiode	1
2060.944	0.5	2060944	catch	32671	n/a	catch_padded.jpg	photodiode	0
2061.31	0.0	2061310	response	7	n/a	n/a	trigger	0
2062.946	0.5	2062946	trained	32748	19	memtrain/o_284_2.jpg	photodiode	1
2063.797	0.5	2063797	trained	32737	30	memtrain/o_437_2.jpg	photodiode	1
2064.547	0.5	2064547	untrained	32687	80	memtrain/o_613_1.jpg	photodiode	1
2065.498	0.5	2065498	untrained	32709	58	memtrain/o_192_1.jpg	photodiode	1
2066.299	0.5	2066299	untrained	32675	92	memtrain/so_033_1.jpg	photodiode	1
2067.099	0.5	2067099	catch	32671	n/a	catch_padded.jpg	photodiode	0
2067.339	0.0	2067339	response	7	n/a	n/a	trigger	0
2069.151	0.5	2069151	untrained	32676	91	memtrain/o_605_1.jpg	photodiode	1
2070.102	0.5	2070102	trained	32759	8	memtrain/o_094_1.jpg	photodiode	1
2070.853	0.5	2070853	untrained	32701	66	memtrain/o_342_2.jpg	photodiode	1
2071.653	0.5	2071653	trained	32743	24	memtrain/o_357_1.jpg	photodiode	1
2072.504	0.5	2072504	catch	32671	n/a	catch_padded.jpg	photodiode	0
2072.82	0.0	2072820	response	7	n/a	n/a	trigger	0
2074.556	0.5	2074556	trained	32767	0	memtrain/o_006_1.jpg	photodiode	1
2075.457	0.5	2075457	untrained	32674	93	memtrain/so_035_1.jpg	photodiode	1
2076.207	0.5	2076207	untrained	32694	73	memtrain/o_519_2.jpg	photodiode	1
2076.958	0.5	2076958	untrained	32703	64	memtrain/o_334_2.jpg	photodiode	1
2077.708	0.5	2077708	trained	32749	18	memtrain/o_264_2.jpg	photodiode	1
2078.459	0.5	2078459	catch	32671	n/a	catch_padded.jpg	photodiode	0
2078.792	0.0	2078792	response	7	n/a	n/a	trigger	0
2080.461	0.5	2080461	trained	32747	20	memtrain/o_290_1.jpg	photodiode	1
2081.362	0.5	2081362	trained	32755	12	memtrain/o_127_2.jpg	photodiode	1
2082.162	0.5	2082162	untrained	32711	56	memtrain/o_163_2.jpg	photodiode	1
2082.963	0.5	2082963	untrained	32699	68	memtrain/o_393_1.jpg	photodiode	1
2083.764	0.5	2083764	catch	32671	n/a	catch_padded.jpg	photodiode	0
2084.123	0.0	2084123	response	7	n/a	n/a	trigger	0
2085.757	0.5	2085757	trained	32741	26	memtrain/o_376_1.jpg	photodiode	1
2086.708	0.5	2086708	trained	32753	14	memtrain/o_174_1.jpg	photodiode	1
2087.467	0.5	2087467	trained	32744	23	memtrain/o_338_2.jpg	photodiode	1
2088.209	0.5	2088209	untrained	32684	83	memtrain/so_105_1.jpg	photodiode	1
2088.96	0.5	2088960	catch	32671	n/a	catch_padded.jpg	photodiode	0
2089.302	0.0	2089302	response	7	n/a	n/a	trigger	0
2090.87	0.5	2090870	trained	32734	33	memtrain/o_536_1.jpg	photodiode	1
2091.612	0.5	2091612	trained	32728	39	memtrain/o_606_1.jpg	photodiode	1
2092.462	0.5	2092462	trained	32721	46	memtrain/so_113_1.jpg	photodiode	1
2093.363	0.5	2093363	trained	32733	34	memtrain/o_558_2.jpg	photodiode	1
2094.164	0.5	2094164	catch	32671	n/a	catch_padded.jpg	photodiode	0
2094.431	0.0	2094431	response	7	n/a	n/a	trigger	0
2096.116	0.5	2096116	trained	32739	28	memtrain/o_397_1.jpg	photodiode	1
2097.066	0.5	2097066	trained	32731	36	memtrain/o_583_1.jpg	photodiode	1
2097.817	0.5	2097817	untrained	32673	94	memtrain/so_067_1.jpg	photodiode	1
2098.618	0.5	2098618	untrained	32688	79	memtrain/o_600_1.jpg	photodiode	1
2099.568	0.5	2099568	catch	32671	n/a	catch_padded.jpg	photodiode	0
2099.794	0.0	2099794	response	7	n/a	n/a	trigger	0
2101.67	0.5	2101670	untrained	32704	63	memtrain/o_310_2.jpg	photodiode	1
2102.571	0.5	2102571	trained	32726	41	memtrain/o_663_2.jpg	photodiode	1
2103.322	0.5	2103322	untrained	32672	95	memtrain/so_125_1.jpg	photodiode	1
2104.222	0.5	2104222	catch	32671	n/a	catch_padded.jpg	photodiode	0
2104.599	0.0	2104599	response	7	n/a	n/a	trigger	0
2106.224	0.5	2106224	trained	32735	32	memtrain/o_485_2.jpg	photodiode	1
2107.075	0.5	2107075	trained	32761	6	memtrain/o_076_1.jpg	photodiode	1
2107.926	0.5	2107926	trained	32742	25	memtrain/o_358_2.jpg	photodiode	1
2108.776	0.5	2108776	catch	32671	n/a	catch_padded.jpg	photodiode	0
2109.098	0.0	2109098	response	7	n/a	n/a	trigger	0
2110.878	0.5	2110878	untrained	32678	89	memtrain/o_469_1.jpg	photodiode	1
2111.779	0.5	2111779	untrained	32719	48	memtrain/o_019_2.jpg	photodiode	1
2112.68	0.5	2112680	untrained	32715	52	memtrain/o_141_1.jpg	photodiode	1
2113.48	0.5	2113480	catch	32671	n/a	catch_padded.jpg	photodiode	0
2113.829	0.0	2113829	response	7	n/a	n/a	trigger	0
2115.532	0.5	2115532	untrained	32708	59	memtrain/o_201_2.jpg	photodiode	1
2116.425	0.5	2116425	trained	32762	5	memtrain/o_067_1.jpg	photodiode	1
2117.325	0.5	2117325	trained	32750	17	memtrain/o_232_1.jpg	photodiode	1
2118.276	0.5	2118276	untrained	32680	87	memtrain/o_365_1.jpg	photodiode	1
2118.39	0.0	2118390	response	7	n/a	n/a	trigger	0
2119.227	0.5	2119227	trained	32720	47	memtrain/so_147_2.jpg	photodiode	1
2120.128	0.5	2120128	catch	32671	n/a	catch_padded.jpg	photodiode	0
2120.596	0.0	2120596	response	7	n/a	n/a	trigger	0
2122.23	0.5	2122230	trained	32729	38	memtrain/o_603_1.jpg	photodiode	1
2123.13	0.5	2123130	untrained	32690	77	memtrain/o_574_2.jpg	photodiode	1
2123.981	0.5	2123981	trained	32725	42	memtrain/so_034_2.jpg	photodiode	1
2124.782	0.5	2124782	catch	32671	n/a	catch_padded.jpg	photodiode	0
2125.082	0.0	2125082	response	7	n/a	n/a	trigger	0
2126.883	0.5	2126883	untrained	32710	57	memtrain/o_171_1.jpg	photodiode	1
2127.734	0.5	2127734	trained	32751	16	memtrain/o_199_2.jpg	photodiode	1
2128.585	0.5	2128585	untrained	32677	90	memtrain/o_580_1.jpg	photodiode	1
2129.336	0.5	2129336	catch	32671	n/a	catch_padded.jpg	photodiode	0
2129.673	0.0	2129673	response	7	n/a	n/a	trigger	0
2131.337	0.5	2131337	trained	32757	10	memtrain/o_111_2.jpg	photodiode	1
2132.088	0.5	2132088	trained	32758	9	memtrain/o_101_2.jpg	photodiode	1
2132.939	0.5	2132939	untrained	32714	53	memtrain/o_142_2.jpg	photodiode	1
2133.839	0.5	2133839	catch	32671	n/a	catch_padded.jpg	photodiode	0
2134.177	0.0	2134177	response	7	n/a	n/a	trigger	0
2135.741	0.5	2135741	trained	32730	37	memtrain/o_597_1.jpg	photodiode	1
2136.492	0.5	2136492	trained	32752	15	memtrain/o_195_1.jpg	photodiode	1
2137.292	0.5	2137292	untrained	32713	54	memtrain/o_145_1.jpg	photodiode	1
2138.093	0.5	2138093	trained	32764	3	memtrain/o_040_2.jpg	photodiode	1
2138.894	0.5	2138894	untrained	32702	65	memtrain/o_337_2.jpg	photodiode	1
2139.844	0.5	2139844	catch	32671	n/a	catch_padded.jpg	photodiode	0
2140.093	0.0	2140093	response	7	n/a	n/a	trigger	0
2141.946	0.5	2141946	untrained	32685	82	memtrain/o_656_1.jpg	photodiode	1
2142.897	0.5	2142897	untrained	32718	49	memtrain/o_054_2.jpg	photodiode	1
2143.689	0.5	2143689	untrained	32692	75	memtrain/o_564_1.jpg	photodiode	1
2144.448	0.5	2144448	catch	32671	n/a	catch_padded.jpg	photodiode	0
2144.791	0.0	2144791	response	7	n/a	n/a	trigger	0
2146.542	0.5	2146542	untrained	32716	51	memtrain/o_103_2.jpg	photodiode	1
2147.342	0.5	2147342	untrained	32681	86	memtrain/o_288_1.jpg	photodiode	1
2148.243	0.5	2148243	trained	32756	11	memtrain/o_117_2.jpg	photodiode	1
2149.152	0.5	2149152	untrained	32707	60	memtrain/o_228_2.jpg	photodiode	1
2150.045	0.5	2150045	trained	32724	43	memtrain/so_043_2.jpg	photodiode	1
2150.795	0.5	2150795	catch	32671	n/a	catch_padded.jpg	photodiode	0
2151.124	0.0	2151124	response	7	n/a	n/a	trigger	0
2152.847	0.5	2152847	untrained	32686	81	memtrain/o_655_2.jpg	photodiode	1
2153.698	0.5	2153698	untrained	32698	69	memtrain/o_464_2.jpg	photodiode	1
2154.498	0.5	2154498	untrained	32696	71	memtrain/o_483_1.jpg	photodiode	1
2155.299	0.5	2155299	untrained	32697	70	memtrain/o_471_2.jpg	photodiode	1
2155.581	0.0	2155581	response	7	n/a	n/a	trigger	0
2156.15	0.5	2156150	untrained	32691	76	memtrain/o_570_1.jpg	photodiode	1
2157.001	0.5	2157001	catch	32671	n/a	catch_padded.jpg	photodiode	0
2157.287	0.0	2157287	response	7	n/a	n/a	trigger	0
2158.902	0.5	2158902	trained	32754	13	memtrain/o_136_1.jpg	photodiode	1
2159.803	0.5	2159803	untrained	32705	62	memtrain/o_304_1.jpg	photodiode	1
2160.754	0.5	2160754	trained	32723	44	memtrain/so_045_1.jpg	photodiode	1
2161.504	0.5	2161504	catch	32671	n/a	catch_padded.jpg	photodiode	0
2161.828	0.0	2161828	response	7	n/a	n/a	trigger	0
2163.556	0.5	2163556	untrained	32693	74	memtrain/o_550_1.jpg	photodiode	1
2164.307	0.5	2164307	trained	32763	4	memtrain/o_042_1.jpg	photodiode	1
2165.258	0.5	2165258	trained	32765	2	memtrain/o_035_1.jpg	photodiode	1
2166.008	0.5	2166008	catch	32671	n/a	catch_padded.jpg	photodiode	0
2166.321	0.0	2166321	response	7	n/a	n/a	trigger	0
2167.91	0.5	2167910	trained	32738	29	memtrain/o_416_1.jpg	photodiode	1
2168.71	0.5	2168710	trained	32760	7	memtrain/o_091_2.jpg	photodiode	1
2169.661	0.5	2169661	untrained	32712	55	memtrain/o_153_2.jpg	photodiode	1
2170.512	0.5	2170512	trained	32766	1	memtrain/o_015_1.jpg	photodiode	1
2171.313	0.5	2171313	catch	32671	n/a	catch_padded.jpg	photodiode	0
2171.744	0.0	2171744	response	7	n/a	n/a	trigger	0
2173.314	0.5	2173314	untrained	32683	84	memtrain/so_117_2.jpg	photodiode	1
2174.115	0.5	2174115	untrained	32689	78	memtrain/o_599_1.jpg	photodiode	1
2175.066	0.5	2175066	trained	32727	40	memtrain/o_648_2.jpg	photodiode	1
2175.958	0.5	2175958	untrained	32695	72	memtrain/o_490_1.jpg	photodiode	1
2176.709	0.5	2176709	trained	32722	45	memtrain/so_090_2.jpg	photodiode	1
2177.66	0.5	2177660	catch	32671	n/a	catch_padded.jpg	photodiode	0
2177.958	0.0	2177958	response	7	n/a	n/a	trigger	0
2179.762	0.5	2179762	untrained	32706	61	memtrain/o_298_2.jpg	photodiode	1
2180.662	0.5	2180662	untrained	32685	82	memtrain/o_656_1.jpg	photodiode	1
2181.613	0.5	2181613	trained	32720	47	memtrain/so_147_2.jpg	photodiode	1
2182.414	0.5	2182414	trained	32764	3	memtrain/o_040_2.jpg	photodiode	1
2183.365	0.5	2183365	catch	32671	n/a	catch_padded.jpg	photodiode	0
2183.679	0.0	2183679	response	7	n/a	n/a	trigger	0
2185.466	0.5	2185466	trained	32752	15	memtrain/o_195_1.jpg	photodiode	1
2186.267	0.5	2186267	untrained	32688	79	memtrain/o_600_1.jpg	photodiode	1
2187.068	0.5	2187068	untrained	32674	93	memtrain/so_035_1.jpg	photodiode	1
2187.818	0.5	2187818	catch	32671	n/a	catch_padded.jpg	photodiode	0
2188.139	0.0	2188139	response	7	n/a	n/a	trigger	0
2189.92	0.5	2189920	trained	32746	21	memtrain/o_319_1.jpg	photodiode	1
2190.871	0.5	2190871	untrained	32718	49	memtrain/o_054_2.jpg	photodiode	1
2191.622	0.5	2191622	trained	32731	36	memtrain/o_583_1.jpg	photodiode	1
2192.372	0.5	2192372	untrained	32677	90	memtrain/o_580_1.jpg	photodiode	1
2193.173	0.5	2193173	catch	32671	n/a	catch_padded.jpg	photodiode	0
2193.518	0.0	2193518	response	7	n/a	n/a	trigger	0
2195.225	0.5	2195225	trained	32756	11	memtrain/o_117_2.jpg	photodiode	1
2196.176	0.5	2196176	trained	32757	10	memtrain/o_111_2.jpg	photodiode	1
2196.976	0.5	2196976	trained	32732	35	memtrain/o_561_2.jpg	photodiode	1
2197.927	0.5	2197927	trained	32734	33	memtrain/o_536_1.jpg	photodiode	1
2198.878	0.5	2198878	trained	32749	18	memtrain/o_264_2.jpg	photodiode	1
2199.729	0.5	2199729	catch	32671	n/a	catch_padded.jpg	photodiode	0
2200.059	0.0	2200059	response	7	n/a	n/a	trigger	0
2201.78	0.5	2201780	untrained	32678	89	memtrain/o_469_1.jpg	photodiode	1
2202.531	0.5	2202531	untrained	32682	85	memtrain/o_218_1.jpg	photodiode	1
2203.382	0.5	2203382	trained	32755	12	memtrain/o_127_2.jpg	photodiode	1
2204.124	0.5	2204124	untrained	32715	52	memtrain/o_141_1.jpg	photodiode	1
2204.975	0.5	2204975	catch	32671	n/a	catch_padded.jpg	photodiode	0
2205.332	0.0	2205332	response	7	n/a	n/a	trigger	0
2206.876	0.5	2206876	untrained	32693	74	memtrain/o_550_1.jpg	photodiode	1
2207.677	0.5	2207677	trained	32730	37	memtrain/o_597_1.jpg	photodiode	1
2208.427	0.5	2208427	trained	32735	32	memtrain/o_485_2.jpg	photodiode	1
2209.328	0.5	2209328	untrained	32713	54	memtrain/o_145_1.jpg	photodiode	1
2210.279	0.5	2210279	untrained	32679	88	memtrain/o_458_1.jpg	photodiode	1
2211.08	0.5	2211080	catch	32671	n/a	catch_padded.jpg	photodiode	0
2211.476	0.0	2211476	response	7	n/a	n/a	trigger	0
2213.181	0.5	2213181	trained	32760	7	memtrain/o_091_2.jpg	photodiode	1
2214.082	0.5	2214082	trained	32767	0	memtrain/o_006_1.jpg	photodiode	1
2214.983	0.5	2214983	trained	32729	38	memtrain/o_603_1.jpg	photodiode	1
2215.834	0.5	2215834	untrained	32683	84	memtrain/so_117_2.jpg	photodiode	1
2216.584	0.5	2216584	untrained	32710	57	memtrain/o_171_1.jpg	photodiode	1
2217.535	0.5	2217535	catch	32671	n/a	catch_padded.jpg	photodiode	0
2217.835	0.0	2217835	response	7	n/a	n/a	trigger	0
2219.437	0.5	2219437	untrained	32716	51	memtrain/o_103_2.jpg	photodiode	1
2220.287	0.5	2220287	untrained	32676	91	memtrain/o_605_1.jpg	photodiode	1
2221.238	0.5	2221238	untrained	32712	55	memtrain/o_153_2.jpg	photodiode	1
2222.039	0.5	2222039	untrained	32703	64	memtrain/o_334_2.jpg	photodiode	1
2222.84	0.5	2222840	trained	32742	25	memtrain/o_358_2.jpg	photodiode	1
2223.59	0.5	2223590	catch	32671	n/a	catch_padded.jpg	photodiode	0
2223.951	0.0	2223951	response	7	n/a	n/a	trigger	0
2225.592	0.5	2225592	trained	32727	40	memtrain/o_648_2.jpg	photodiode	1
2226.393	0.5	2226393	trained	32723	44	memtrain/so_045_1.jpg	photodiode	1
2227.243	0.5	2227243	trained	32745	22	memtrain/o_321_1.jpg	photodiode	1
2228.194	0.5	2228194	catch	32671	n/a	catch_padded.jpg	photodiode	0
2228.504	0.0	2228504	response	7	n/a	n/a	trigger	0
2230.296	0.5	2230296	trained	32750	17	memtrain/o_232_1.jpg	photodiode	1
2231.147	0.5	2231147	untrained	32707	60	memtrain/o_228_2.jpg	photodiode	1
2232.097	0.5	2232097	untrained	32697	70	memtrain/o_471_2.jpg	photodiode	1
2232.898	0.5	2232898	untrained	32692	75	memtrain/o_564_1.jpg	photodiode	1
2233.641	0.5	2233641	trained	32744	23	memtrain/o_338_2.jpg	photodiode	1
2234.6	0.5	2234600	catch	32671	n/a	catch_padded.jpg	photodiode	0
2234.888	0.0	2234888	response	7	n/a	n/a	trigger	0
2236.593	0.5	2236593	untrained	32701	66	memtrain/o_342_2.jpg	photodiode	1
2237.352	0.5	2237352	untrained	32702	65	memtrain/o_337_2.jpg	photodiode	1
2238.295	0.5	2238295	trained	32722	45	memtrain/so_090_2.jpg	photodiode	1
2239.195	0.5	2239195	untrained	32714	53	memtrain/o_142_2.jpg	photodiode	1
2240.046	0.5	2240046	catch	32671	n/a	catch_padded.jpg	photodiode	0
2240.364	0.0	2240364	response	7	n/a	n/a	trigger	0
2242.098	0.5	2242098	trained	32747	20	memtrain/o_290_1.jpg	photodiode	1
2242.898	0.5	2242898	untrained	32673	94	memtrain/so_067_1.jpg	photodiode	1
2243.849	0.5	2243849	trained	32758	9	memtrain/o_101_2.jpg	photodiode	1
2244.8	0.5	2244800	untrained	32711	56	memtrain/o_163_2.jpg	photodiode	1
2245.701	0.5	2245701	untrained	32684	83	memtrain/so_105_1.jpg	photodiode	1
2246.552	0.5	2246552	catch	32671	n/a	catch_padded.jpg	photodiode	0
2246.895	0.0	2246895	response	7	n/a	n/a	trigger	0
2248.653	0.5	2248653	trained	32737	30	memtrain/o_437_2.jpg	photodiode	1
2249.504	0.5	2249504	trained	32736	31	memtrain/o_465_2.jpg	photodiode	1
2250.405	0.5	2250405	trained	32748	19	memtrain/o_284_2.jpg	photodiode	1
2251.256	0.5	2251256	catch	32671	n/a	catch_padded.jpg	photodiode	0
2251.621	0.0	2251621	response	7	n/a	n/a	trigger	0
2253.307	0.5	2253307	untrained	32706	61	memtrain/o_298_2.jpg	photodiode	1
2254.208	0.5	2254208	trained	32751	16	memtrain/o_199_2.jpg	photodiode	1
2255.109	0.5	2255109	untrained	32686	81	memtrain/o_655_2.jpg	photodiode	1
2255.859	0.5	2255859	untrained	32709	58	memtrain/o_192_1.jpg	photodiode	1
2256.76	0.5	2256760	catch	32671	n/a	catch_padded.jpg	photodiode	0
2257.034	0.0	2257034	response	7	n/a	n/a	trigger	0
2258.812	0.5	2258812	untrained	32691	76	memtrain/o_570_1.jpg	photodiode	1
2259.563	0.5	2259563	untrained	32672	95	memtrain/so_125_1.jpg	photodiode	1
2260.513	0.5	2260513	trained	32762	5	memtrain/o_067_1.jpg	photodiode	1
2261.364	0.5	2261364	trained	32740	27	memtrain/o_379_2.jpg	photodiode	1
2262.215	0.5	2262215	catch	32671	n/a	catch_padded.jpg	photodiode	0
2262.552	0.0	2262552	response	7	n/a	n/a	trigger	0
2264.258	0.5	2264258	trained	32733	34	memtrain/o_558_2.jpg	photodiode	1
2265.009	0.5	2265009	untrained	32690	77	memtrain/o_574_2.jpg	photodiode	1
2265.859	0.5	2265859	trained	32721	46	memtrain/so_113_1.jpg	photodiode	1
2266.76	0.5	2266760	untrained	32696	71	memtrain/o_483_1.jpg	photodiode	1
2267.561	0.5	2267561	catch	32671	n/a	catch_padded.jpg	photodiode	0
2267.885	0.0	2267885	response	7	n/a	n/a	trigger	0
2269.563	0.5	2269563	trained	32754	13	memtrain/o_136_1.jpg	photodiode	1
2270.363	0.5	2270363	trained	32739	28	memtrain/o_397_1.jpg	photodiode	1
2271.114	0.5	2271114	trained	32726	41	memtrain/o_663_2.jpg	photodiode	1
2272.015	0.5	2272015	trained	32743	24	memtrain/o_357_1.jpg	photodiode	1
2272.965	0.5	2272965	trained	32763	4	memtrain/o_042_1.jpg	photodiode	1
2273.816	0.5	2273816	catch	32671	n/a	catch_padded.jpg	photodiode	0
2274.086	0.0	2274086	response	7	n/a	n/a	trigger	0
2275.868	0.5	2275868	trained	32759	8	memtrain/o_094_1.jpg	photodiode	1
2276.719	0.5	2276719	untrained	32705	62	memtrain/o_304_1.jpg	photodiode	1
2277.519	0.5	2277519	untrained	32698	69	memtrain/o_464_2.jpg	photodiode	1
2278.37	0.5	2278370	catch	32671	n/a	catch_padded.jpg	photodiode	0
2278.728	0.0	2278728	response	7	n/a	n/a	trigger	0
2280.372	0.5	2280372	untrained	32704	63	memtrain/o_310_2.jpg	photodiode	1
2281.323	0.5	2281323	trained	32741	26	memtrain/o_376_1.jpg	photodiode	1
2282.173	0.5	2282173	untrained	32695	72	memtrain/o_490_1.jpg	photodiode	1
2282.974	0.5	2282974	catch	32671	n/a	catch_padded.jpg	photodiode	0
2283.338	0.0	2283338	response	7	n/a	n/a	trigger	0
2285.026	0.5	2285026	trained	32766	1	memtrain/o_015_1.jpg	photodiode	1
2285.776	0.5	2285776	trained	32725	42	memtrain/so_034_2.jpg	photodiode	1
2286.577	0.5	2286577	trained	32738	29	memtrain/o_416_1.jpg	photodiode	1
2287.378	0.5	2287378	untrained	32687	80	memtrain/o_613_1.jpg	photodiode	1
2288.228	0.5	2288228	catch	32671	n/a	catch_padded.jpg	photodiode	0
2288.556	0.0	2288556	response	7	n/a	n/a	trigger	0
2290.18	0.5	2290180	untrained	32675	92	memtrain/so_033_1.jpg	photodiode	1
2290.981	0.5	2290981	trained	32724	43	memtrain/so_043_2.jpg	photodiode	1
2291.773	0.5	2291773	untrained	32700	67	memtrain/o_378_1.jpg	photodiode	1
2292.674	0.5	2292674	untrained	32694	73	memtrain/o_519_2.jpg	photodiode	1
2293.575	0.5	2293575	catch	32671	n/a	catch_padded.jpg	photodiode	0
2293.88	0.0	2293880	response	7	n/a	n/a	trigger	0
2295.526	0.5	2295526	trained	32765	2	memtrain/o_035_1.jpg	photodiode	1
2296.477	0.5	2296477	trained	32753	14	memtrain/o_174_1.jpg	photodiode	1
2297.428	0.5	2297428	untrained	32699	68	memtrain/o_393_1.jpg	photodiode	1
2298.279	0.5	2298279	catch	32671	n/a	catch_padded.jpg	photodiode	0
2298.63	0.0	2298630	response	7	n/a	n/a	trigger	0
2300.381	0.5	2300381	untrained	32719	48	memtrain/o_019_2.jpg	photodiode	1
2301.231	0.5	2301231	untrained	32717	50	memtrain/o_057_2.jpg	photodiode	1
2302.032	0.5	2302032	trained	32728	39	memtrain/o_606_1.jpg	photodiode	1
2302.883	0.5	2302883	untrained	32681	86	memtrain/o_288_1.jpg	photodiode	1
2303.783	0.5	2303783	untrained	32708	59	memtrain/o_201_2.jpg	photodiode	1
2304.534	0.5	2304534	catch	32671	n/a	catch_padded.jpg	photodiode	0
2304.852	0.0	2304852	response	7	n/a	n/a	trigger	0
2306.636	0.5	2306636	untrained	32689	78	memtrain/o_599_1.jpg	photodiode	1
2307.436	0.5	2307436	untrained	32680	87	memtrain/o_365_1.jpg	photodiode	1
2308.187	0.5	2308187	trained	32761	6	memtrain/o_076_1.jpg	photodiode	1
2308.938	0.5	2308938	catch	32671	n/a	catch_padded.jpg	photodiode	0
2309.453	0.0	2309453	response	7	n/a	n/a	trigger	0
2311.412	0.0	2311412	block_end	120	n/a	n/a	trigger	0
2314.558	0.0	2314558	response	7	n/a	n/a	trigger	0
2314.697	0.0	2314697	block_onset	109	n/a	n/a	trigger	0
2316.744	0.5	2316744	untrained	32689	78	memtrain/o_599_1.jpg	photodiode	1
2317.703	0.5	2317703	trained	32754	13	memtrain/o_136_1.jpg	photodiode	1
2318.604	0.5	2318604	trained	32741	26	memtrain/o_376_1.jpg	photodiode	1
2319.355	0.5	2319355	trained	32724	43	memtrain/so_043_2.jpg	photodiode	1
2320.247	0.5	2320247	trained	32737	30	memtrain/o_437_2.jpg	photodiode	1
2320.998	0.5	2320998	catch	32671	n/a	catch_padded.jpg	photodiode	0
2321.342	0.0	2321342	response	7	n/a	n/a	trigger	0
2323.05	0.5	2323050	trained	32766	1	memtrain/o_015_1.jpg	photodiode	1
2323.8	0.5	2323800	trained	32747	20	memtrain/o_290_1.jpg	photodiode	1
2324.551	0.5	2324551	untrained	32715	52	memtrain/o_141_1.jpg	photodiode	1
2325.302	0.5	2325302	catch	32671	n/a	catch_padded.jpg	photodiode	0
2325.66	0.0	2325660	response	7	n/a	n/a	trigger	0
2327.403	0.5	2327403	untrained	32709	58	memtrain/o_192_1.jpg	photodiode	1
2328.354	0.5	2328354	trained	32756	11	memtrain/o_117_2.jpg	photodiode	1
2329.205	0.5	2329205	trained	32763	4	memtrain/o_042_1.jpg	photodiode	1
2330.156	0.5	2330156	catch	32671	n/a	catch_padded.jpg	photodiode	0
2330.41	0.0	2330410	response	7	n/a	n/a	trigger	0
2332.107	0.5	2332107	trained	32760	7	memtrain/o_091_2.jpg	photodiode	1
2333.008	0.5	2333008	trained	32735	32	memtrain/o_485_2.jpg	photodiode	1
2333.959	0.5	2333959	trained	32726	41	memtrain/o_663_2.jpg	photodiode	1
2334.71	0.5	2334710	untrained	32685	82	memtrain/o_656_1.jpg	photodiode	1
2335.56	0.5	2335560	catch	32671	n/a	catch_padded.jpg	photodiode	0
2335.894	0.0	2335894	response	7	n/a	n/a	trigger	0
2337.512	0.5	2337512	trained	32728	39	memtrain/o_606_1.jpg	photodiode	1
2338.413	0.5	2338413	trained	32753	14	memtrain/o_174_1.jpg	photodiode	1
2339.364	0.5	2339364	untrained	32713	54	memtrain/o_145_1.jpg	photodiode	1
2340.314	0.5	2340314	untrained	32675	92	memtrain/so_033_1.jpg	photodiode	1
2340.562	0.0	2340562	response	7	n/a	n/a	trigger	0
2341.115	0.5	2341115	untrained	32681	86	memtrain/o_288_1.jpg	photodiode	1
2342.016	0.5	2342016	catch	32671	n/a	catch_padded.jpg	photodiode	0
2342.319	0.0	2342319	response	7	n/a	n/a	trigger	0
2344.118	0.5	2344118	trained	32758	9	memtrain/o_101_2.jpg	photodiode	1
2345.068	0.5	2345068	trained	32733	34	memtrain/o_558_2.jpg	photodiode	1
2345.869	0.5	2345869	untrained	32706	61	memtrain/o_298_2.jpg	photodiode	1
2346.62	0.5	2346620	trained	32765	2	memtrain/o_035_1.jpg	photodiode	1
2347.571	0.5	2347571	untrained	32695	72	memtrain/o_490_1.jpg	photodiode	1
2348.421	0.5	2348421	catch	32671	n/a	catch_padded.jpg	photodiode	0
2348.701	0.0	2348701	response	7	n/a	n/a	trigger	0
2350.414	0.5	2350414	untrained	32717	50	memtrain/o_057_2.jpg	photodiode	1
2351.315	0.5	2351315	untrained	32716	51	memtrain/o_103_2.jpg	photodiode	1
2352.216	0.5	2352216	trained	32744	23	memtrain/o_338_2.jpg	photodiode	1
2353.167	0.5	2353167	trained	32751	16	memtrain/o_199_2.jpg	photodiode	1
2353.967	0.5	2353967	trained	32759	8	memtrain/o_094_1.jpg	photodiode	1
2354.818	0.5	2354818	catch	32671	n/a	catch_padded.jpg	photodiode	0
2355.057	0.0	2355057	response	7	n/a	n/a	trigger	0
2356.72	0.5	2356720	untrained	32705	62	memtrain/o_304_1.jpg	photodiode	1
2357.52	0.5	2357520	untrained	32678	89	memtrain/o_469_1.jpg	photodiode	1
2358.271	0.5	2358271	trained	32720	47	memtrain/so_147_2.jpg	photodiode	1
2359.222	0.5	2359222	catch	32671	n/a	catch_padded.jpg	photodiode	0
2359.591	0.0	2359591	response	7	n/a	n/a	trigger	0
2361.224	0.5	2361224	trained	32743	24	memtrain/o_357_1.jpg	photodiode	1
2362.124	0.5	2362124	untrained	32673	94	memtrain/so_067_1.jpg	photodiode	1
2362.875	0.5	2362875	trained	32723	44	memtrain/so_045_1.jpg	photodiode	1
2363.826	0.5	2363826	trained	32750	17	memtrain/o_232_1.jpg	photodiode	1
2364.576	0.5	2364576	untrained	32693	74	memtrain/o_550_1.jpg	photodiode	1
2365.327	0.5	2365327	catch	32671	n/a	catch_padded.jpg	photodiode	0
2365.659	0.0	2365659	response	7	n/a	n/a	trigger	0
2367.279	0.5	2367279	trained	32740	27	memtrain/o_379_2.jpg	photodiode	1
2368.129	0.5	2368129	trained	32746	21	memtrain/o_319_1.jpg	photodiode	1
2369.03	0.5	2369030	untrained	32711	56	memtrain/o_163_2.jpg	photodiode	1
2369.831	0.5	2369831	catch	32671	n/a	catch_padded.jpg	photodiode	0
2370.13	0.0	2370130	response	7	n/a	n/a	trigger	0
2371.833	0.5	2371833	trained	32752	15	memtrain/o_195_1.jpg	photodiode	1
2372.633	0.5	2372633	untrained	32672	95	memtrain/so_125_1.jpg	photodiode	1
2373.434	0.5	2373434	trained	32738	29	memtrain/o_416_1.jpg	photodiode	1
2374.185	0.5	2374185	trained	32731	36	memtrain/o_583_1.jpg	photodiode	1
2375.035	0.5	2375035	untrained	32680	87	memtrain/o_365_1.jpg	photodiode	1
2375.936	0.5	2375936	catch	32671	n/a	catch_padded.jpg	photodiode	0
2376.278	0.0	2376278	response	7	n/a	n/a	trigger	0
2377.88	0.5	2377880	untrained	32702	65	memtrain/o_337_2.jpg	photodiode	1
2378.638	0.5	2378638	untrained	32691	76	memtrain/o_570_1.jpg	photodiode	1
2379.439	0.5	2379439	trained	32745	22	memtrain/o_321_1.jpg	photodiode	1
2380.232	0.5	2380232	untrained	32683	84	memtrain/so_117_2.jpg	photodiode	1
2381.082	0.5	2381082	trained	32734	33	memtrain/o_536_1.jpg	photodiode	1
2381.983	0.5	2381983	catch	32671	n/a	catch_padded.jpg	photodiode	0
2382.206	0.0	2382206	response	7	n/a	n/a	trigger	0
2383.885	0.5	2383885	trained	32762	5	memtrain/o_067_1.jpg	photodiode	1
2384.735	0.5	2384735	untrained	32684	83	memtrain/so_105_1.jpg	photodiode	1
2385.536	0.5	2385536	untrained	32703	64	memtrain/o_334_2.jpg	photodiode	1
2386.487	0.5	2386487	untrained	32704	63	memtrain/o_310_2.jpg	photodiode	1
2387.288	0.5	2387288	catch	32671	n/a	catch_padded.jpg	photodiode	0
2387.66	0.0	2387660	response	7	n/a	n/a	trigger	0
2389.339	0.5	2389339	trained	32748	19	memtrain/o_284_2.jpg	photodiode	1
2390.24	0.5	2390240	untrained	32679	88	memtrain/o_458_1.jpg	photodiode	1
2391.191	0.5	2391191	trained	32749	18	memtrain/o_264_2.jpg	photodiode	1
2392.092	0.5	2392092	untrained	32694	73	memtrain/o_519_2.jpg	photodiode	1
2393.042	0.5	2393042	catch	32671	n/a	catch_padded.jpg	photodiode	0
2393.346	0.0	2393346	response	7	n/a	n/a	trigger	0
2395.044	0.5	2395044	trained	32730	37	memtrain/o_597_1.jpg	photodiode	1
2395.895	0.5	2395895	untrained	32700	67	memtrain/o_378_1.jpg	photodiode	1
2396.796	0.5	2396796	untrained	32707	60	memtrain/o_228_2.jpg	photodiode	1
2397.596	0.5	2397596	catch	32671	n/a	catch_padded.jpg	photodiode	0
2397.953	0.0	2397953	response	7	n/a	n/a	trigger	0
2399.648	0.5	2399648	trained	32736	31	memtrain/o_465_2.jpg	photodiode	1
2400.449	0.5	2400449	untrained	32719	48	memtrain/o_019_2.jpg	photodiode	1
2401.299	0.5	2401299	untrained	32677	90	memtrain/o_580_1.jpg	photodiode	1
2402.2	0.5	2402200	untrained	32708	59	memtrain/o_201_2.jpg	photodiode	1
2403.051	0.5	2403051	untrained	32714	53	memtrain/o_142_2.jpg	photodiode	1
2404.002	0.5	2404002	catch	32671	n/a	catch_padded.jpg	photodiode	0
2404.281	0.0	2404281	response	7	n/a	n/a	trigger	0
2405.903	0.5	2405903	untrained	32692	75	memtrain/o_564_1.jpg	photodiode	1
2406.804	0.5	2406804	untrained	32676	91	memtrain/o_605_1.jpg	photodiode	1
2407.646	0.5	2407646	untrained	32718	49	memtrain/o_054_2.jpg	photodiode	1
2408.397	0.5	2408397	untrained	32699	68	memtrain/o_393_1.jpg	photodiode	1
2409.198	0.5	2409198	catch	32671	n/a	catch_padded.jpg	photodiode	0
2409.68	0.0	2409680	response	7	n/a	n/a	trigger	0
2411.099	0.5	2411099	trained	32742	25	memtrain/o_358_2.jpg	photodiode	1
2412.05	0.5	2412050	trained	32764	3	memtrain/o_040_2.jpg	photodiode	1
2413.001	0.5	2413001	trained	32732	35	memtrain/o_561_2.jpg	photodiode	1
2413.852	0.5	2413852	untrained	32712	55	memtrain/o_153_2.jpg	photodiode	1
2414.702	0.5	2414702	catch	32671	n/a	catch_padded.jpg	photodiode	0
2415.068	0.0	2415068	response	7	n/a	n/a	trigger	0
2416.604	0.5	2416604	untrained	32687	80	memtrain/o_613_1.jpg	photodiode	1
2417.555	0.5	2417555	untrained	32710	57	memtrain/o_171_1.jpg	photodiode	1
2418.455	0.5	2418455	trained	32757	10	memtrain/o_111_2.jpg	photodiode	1
2419.406	0.5	2419406	trained	32739	28	memtrain/o_397_1.jpg	photodiode	1
2420.207	0.5	2420207	untrained	32696	71	memtrain/o_483_1.jpg	photodiode	1
2421.058	0.5	2421058	catch	32671	n/a	catch_padded.jpg	photodiode	0
2421.423	0.0	2421423	response	7	n/a	n/a	trigger	0
2422.959	0.5	2422959	trained	32755	12	memtrain/o_127_2.jpg	photodiode	1
2423.71	0.5	2423710	trained	32767	0	memtrain/o_006_1.jpg	photodiode	1
2424.611	0.5	2424611	untrained	32674	93	memtrain/so_035_1.jpg	photodiode	1
2425.511	0.5	2425511	untrained	32701	66	memtrain/o_342_2.jpg	photodiode	1
2426.262	0.5	2426262	catch	32671	n/a	catch_padded.jpg	photodiode	0
2426.578	0.0	2426578	response	7	n/a	n/a	trigger	0
2428.164	0.5	2428164	trained	32761	6	memtrain/o_076_1.jpg	photodiode	1
2428.914	0.5	2428914	untrained	32698	69	memtrain/o_464_2.jpg	photodiode	1
2429.865	0.5	2429865	untrained	32697	70	memtrain/o_471_2.jpg	photodiode	1
2430.716	0.5	2430716	trained	32722	45	memtrain/so_090_2.jpg	photodiode	1
2431.516	0.5	2431516	catch	32671	n/a	catch_padded.jpg	photodiode	0
2431.968	0.0	2431968	response	7	n/a	n/a	trigger	0
2432.198	0.0	2432198	response	7	n/a	n/a	trigger	0
2432.921	0.0	2432921	response	7	n/a	n/a	trigger	0
2433.418	0.5	2433418	untrained	32686	81	memtrain/o_655_2.jpg	photodiode	1
2434.269	0.5	2434269	trained	32725	42	memtrain/so_034_2.jpg	photodiode	1
2435.12	0.5	2435120	trained	32727	40	memtrain/o_648_2.jpg	photodiode	1
2436.012	0.5	2436012	untrained	32682	85	memtrain/o_218_1.jpg	photodiode	1
2436.813	0.5	2436813	catch	32671	n/a	catch_padded.jpg	photodiode	0
2437.26	0.0	2437260	response	7	n/a	n/a	trigger	0
2438.915	0.5	2438915	trained	32729	38	memtrain/o_603_1.jpg	photodiode	1
2439.715	0.5	2439715	untrained	32690	77	memtrain/o_574_2.jpg	photodiode	1
2440.666	0.5	2440666	trained	32721	46	memtrain/so_113_1.jpg	photodiode	1
2441.467	0.5	2441467	untrained	32688	79	memtrain/o_600_1.jpg	photodiode	1
2442.267	0.5	2442267	trained	32738	29	memtrain/o_416_1.jpg	photodiode	1
2443.118	0.5	2443118	catch	32671	n/a	catch_padded.jpg	photodiode	0
2443.444	0.0	2443444	response	7	n/a	n/a	trigger	0
2445.07	0.5	2445070	trained	32733	34	memtrain/o_558_2.jpg	photodiode	1
2445.87	0.5	2445870	untrained	32688	79	memtrain/o_600_1.jpg	photodiode	1
2446.821	0.5	2446821	untrained	32673	94	memtrain/so_067_1.jpg	photodiode	1
2447.722	0.5	2447722	trained	32756	11	memtrain/o_117_2.jpg	photodiode	1
2448.523	0.5	2448523	catch	32671	n/a	catch_padded.jpg	photodiode	0
2448.787	0.0	2448787	response	7	n/a	n/a	trigger	0
2450.474	0.5	2450474	trained	32749	18	memtrain/o_264_2.jpg	photodiode	1
2451.225	0.5	2451225	untrained	32682	85	memtrain/o_218_1.jpg	photodiode	1
2451.976	0.5	2451976	untrained	32689	78	memtrain/o_599_1.jpg	photodiode	1
2452.734	0.5	2452734	trained	32720	47	memtrain/so_147_2.jpg	photodiode	1
2453.477	0.5	2453477	untrained	32674	93	memtrain/so_035_1.jpg	photodiode	1
2454.328	0.5	2454328	catch	32671	n/a	catch_padded.jpg	photodiode	0
2454.617	0.0	2454617	response	7	n/a	n/a	trigger	0
2456.429	0.5	2456429	untrained	32708	59	memtrain/o_201_2.jpg	photodiode	1
2457.38	0.5	2457380	untrained	32693	74	memtrain/o_550_1.jpg	photodiode	1
2458.231	0.5	2458231	untrained	32672	95	memtrain/so_125_1.jpg	photodiode	1
2459.082	0.5	2459082	catch	32671	n/a	catch_padded.jpg	photodiode	0
2459.465	0.0	2459465	response	7	n/a	n/a	trigger	0
2461.083	0.5	2461083	untrained	32696	71	memtrain/o_483_1.jpg	photodiode	1
2462.034	0.5	2462034	untrained	32680	87	memtrain/o_365_1.jpg	photodiode	1
2462.785	0.5	2462785	trained	32746	21	memtrain/o_319_1.jpg	photodiode	1
2463.736	0.5	2463736	untrained	32713	54	memtrain/o_145_1.jpg	photodiode	1
2464.636	0.5	2464636	trained	32744	23	memtrain/o_338_2.jpg	photodiode	1
2465.487	0.5	2465487	catch	32671	n/a	catch_padded.jpg	photodiode	0
2465.864	0.0	2465864	response	7	n/a	n/a	trigger	0
2467.48	0.5	2467480	untrained	32719	48	memtrain/o_019_2.jpg	photodiode	1
2468.331	0.5	2468331	untrained	32714	53	memtrain/o_142_2.jpg	photodiode	1
2469.082	0.5	2469082	trained	32725	42	memtrain/so_034_2.jpg	photodiode	1
2469.932	0.5	2469932	trained	32763	4	memtrain/o_042_1.jpg	photodiode	1
2470.783	0.5	2470783	catch	32671	n/a	catch_padded.jpg	photodiode	0
2471.085	0.0	2471085	response	7	n/a	n/a	trigger	0
2472.885	0.5	2472885	trained	32743	24	memtrain/o_357_1.jpg	photodiode	1
2473.736	0.5	2473736	trained	32748	19	memtrain/o_284_2.jpg	photodiode	1
2474.686	0.5	2474686	trained	32722	45	memtrain/so_090_2.jpg	photodiode	1
2475.537	0.5	2475537	untrained	32709	58	memtrain/o_192_1.jpg	photodiode	1
2476.338	0.5	2476338	trained	32761	6	memtrain/o_076_1.jpg	photodiode	1
2477.239	0.5	2477239	catch	32671	n/a	catch_padded.jpg	photodiode	0
2477.589	0.0	2477589	response	7	n/a	n/a	trigger	0
2479.29	0.5	2479290	untrained	32699	68	memtrain/o_393_1.jpg	photodiode	1
2480.041	0.5	2480041	untrained	32691	76	memtrain/o_570_1.jpg	photodiode	1
2480.942	0.5	2480942	trained	32734	33	memtrain/o_536_1.jpg	photodiode	1
2481.742	0.5	2481742	catch	32671	n/a	catch_padded.jpg	photodiode	0
2482.101	0.0	2482101	response	7	n/a	n/a	trigger	0
2483.644	0.5	2483644	trained	32742	25	memtrain/o_358_2.jpg	photodiode	1
2484.595	0.5	2484595	trained	32767	0	memtrain/o_006_1.jpg	photodiode	1
2485.496	0.5	2485496	untrained	32711	56	memtrain/o_163_2.jpg	photodiode	1
2486.296	0.5	2486296	untrained	32697	70	memtrain/o_471_2.jpg	photodiode	1
2487.097	0.5	2487097	catch	32671	n/a	catch_padded.jpg	photodiode	0
2487.465	0.0	2487465	response	7	n/a	n/a	trigger	0
2489.149	0.5	2489149	untrained	32679	88	memtrain/o_458_1.jpg	photodiode	1
2490.049	0.5	2490049	trained	32757	10	memtrain/o_111_2.jpg	photodiode	1
2491.0	0.5	2491000	trained	32729	38	memtrain/o_603_1.jpg	photodiode	1
2491.851	0.5	2491851	catch	32671	n/a	catch_padded.jpg	photodiode	0
2492.176	0.0	2492176	response	7	n/a	n/a	trigger	0
2493.753	0.5	2493753	untrained	32698	69	memtrain/o_464_2.jpg	photodiode	1
2494.545	0.5	2494545	untrained	32685	82	memtrain/o_656_1.jpg	photodiode	1
2495.446	0.5	2495446	trained	32723	44	memtrain/so_045_1.jpg	photodiode	1
2496.297	0.5	2496297	untrained	32712	55	memtrain/o_153_2.jpg	photodiode	1
2497.197	0.5	2497197	catch	32671	n/a	catch_padded.jpg	photodiode	0
2497.576	0.0	2497576	response	7	n/a	n/a	trigger	0
2499.157	0.5	2499157	untrained	32704	63	memtrain/o_310_2.jpg	photodiode	1
2500.05	0.5	2500050	untrained	32676	91	memtrain/o_605_1.jpg	photodiode	1
2501.001	0.5	2501001	untrained	32701	66	memtrain/o_342_2.jpg	photodiode	1
2501.851	0.5	2501851	catch	32671	n/a	catch_padded.jpg	photodiode	0
2502.199	0.0	2502199	response	7	n/a	n/a	trigger	0
2503.803	0.5	2503803	untrained	32677	90	memtrain/o_580_1.jpg	photodiode	1
2504.654	0.5	2504654	untrained	32715	52	memtrain/o_141_1.jpg	photodiode	1
2505.404	0.5	2505404	trained	32721	46	memtrain/so_113_1.jpg	photodiode	1
2506.255	0.5	2506255	catch	32671	n/a	catch_padded.jpg	photodiode	0
2506.6	0.0	2506600	response	7	n/a	n/a	trigger	0
2508.207	0.5	2508207	trained	32741	26	memtrain/o_376_1.jpg	photodiode	1
2509.157	0.5	2509157	untrained	32683	84	memtrain/so_117_2.jpg	photodiode	1
2509.908	0.5	2509908	untrained	32710	57	memtrain/o_171_1.jpg	photodiode	1
2510.809	0.5	2510809	untrained	32686	81	memtrain/o_655_2.jpg	photodiode	1
2511.76	0.5	2511760	catch	32671	n/a	catch_padded.jpg	photodiode	0
2512.145	0.0	2512145	response	7	n/a	n/a	trigger	0
2513.861	0.5	2513861	trained	32753	14	memtrain/o_174_1.jpg	photodiode	1
2514.612	0.5	2514612	untrained	32678	89	memtrain/o_469_1.jpg	photodiode	1
2515.513	0.5	2515513	trained	32732	35	memtrain/o_561_2.jpg	photodiode	1
2516.314	0.5	2516314	catch	32671	n/a	catch_padded.jpg	photodiode	0
2516.679	0.0	2516679	response	7	n/a	n/a	trigger	0
2518.215	0.5	2518215	trained	32745	22	memtrain/o_321_1.jpg	photodiode	1
2518.966	0.5	2518966	trained	32762	5	memtrain/o_067_1.jpg	photodiode	1
2519.917	0.5	2519917	trained	32739	28	memtrain/o_397_1.jpg	photodiode	1
2520.817	0.5	2520817	untrained	32695	72	memtrain/o_490_1.jpg	photodiode	1
2521.618	0.5	2521618	catch	32671	n/a	catch_padded.jpg	photodiode	0
2521.939	0.0	2521939	response	7	n/a	n/a	trigger	0
2523.67	0.5	2523670	trained	32758	9	memtrain/o_101_2.jpg	photodiode	1
2524.412	0.5	2524412	trained	32724	43	memtrain/so_043_2.jpg	photodiode	1
2525.163	0.5	2525163	untrained	32703	64	memtrain/o_334_2.jpg	photodiode	1
2526.113	0.5	2526113	untrained	32675	92	memtrain/so_033_1.jpg	photodiode	1
2526.914	0.5	2526914	catch	32671	n/a	catch_padded.jpg	photodiode	0
2527.248	0.0	2527248	response	7	n/a	n/a	trigger	0
2528.866	0.5	2528866	untrained	32700	67	memtrain/o_378_1.jpg	photodiode	1
2529.716	0.5	2529716	trained	32751	16	memtrain/o_199_2.jpg	photodiode	1
2530.467	0.5	2530467	trained	32759	8	memtrain/o_094_1.jpg	photodiode	1
2531.268	0.5	2531268	catch	32671	n/a	catch_padded.jpg	photodiode	0
2531.715	0.0	2531715	response	7	n/a	n/a	trigger	0
2533.169	0.5	2533169	untrained	32687	80	memtrain/o_613_1.jpg	photodiode	1
2533.97	0.5	2533970	trained	32731	36	memtrain/o_583_1.jpg	photodiode	1
2534.871	0.5	2534871	trained	32752	15	memtrain/o_195_1.jpg	photodiode	1
2535.671	0.5	2535671	trained	32750	17	memtrain/o_232_1.jpg	photodiode	1
2536.622	0.5	2536622	catch	32671	n/a	catch_padded.jpg	photodiode	0
2536.931	0.0	2536931	response	7	n/a	n/a	trigger	0
2538.724	0.5	2538724	trained	32755	12	memtrain/o_127_2.jpg	photodiode	1
2539.525	0.5	2539525	trained	32730	37	memtrain/o_597_1.jpg	photodiode	1
2540.375	0.5	2540375	untrained	32694	73	memtrain/o_519_2.jpg	photodiode	1
2541.126	0.5	2541126	catch	32671	n/a	catch_padded.jpg	photodiode	0
2541.443	0.0	2541443	response	7	n/a	n/a	trigger	0
2543.228	0.5	2543228	untrained	32718	49	memtrain/o_054_2.jpg	photodiode	1
2544.129	0.5	2544129	untrained	32681	86	memtrain/o_288_1.jpg	photodiode	1
2544.929	0.5	2544929	trained	32765	2	memtrain/o_035_1.jpg	photodiode	1
2545.88	0.5	2545880	catch	32671	n/a	catch_padded.jpg	photodiode	0
2546.22	0.0	2546220	response	7	n/a	n/a	trigger	0
2547.882	0.5	2547882	trained	32726	41	memtrain/o_663_2.jpg	photodiode	1
2548.733	0.5	2548733	untrained	32706	61	memtrain/o_298_2.jpg	photodiode	1
2549.483	0.5	2549483	trained	32747	20	memtrain/o_290_1.jpg	photodiode	1
2550.334	0.5	2550334	catch	32671	n/a	catch_padded.jpg	photodiode	0
2550.679	0.0	2550679	response	7	n/a	n/a	trigger	0
2550.939	0.0	2550939	response	7	n/a	n/a	trigger	0
2552.436	0.5	2552436	trained	32766	1	memtrain/o_015_1.jpg	photodiode	1
2553.386	0.5	2553386	trained	32740	27	memtrain/o_379_2.jpg	photodiode	1
2554.287	0.5	2554287	untrained	32707	60	memtrain/o_228_2.jpg	photodiode	1
2555.038	0.5	2555038	untrained	32717	50	memtrain/o_057_2.jpg	photodiode	1
2555.839	0.5	2555839	trained	32754	13	memtrain/o_136_1.jpg	photodiode	1
2556.789	0.5	2556789	catch	32671	n/a	catch_padded.jpg	photodiode	0
2557.321	0.0	2557321	response	7	n/a	n/a	trigger	0
2558.733	0.5	2558733	trained	32728	39	memtrain/o_606_1.jpg	photodiode	1
2559.634	0.5	2559634	untrained	32684	83	memtrain/so_105_1.jpg	photodiode	1
2560.534	0.5	2560534	untrained	32705	62	memtrain/o_304_1.jpg	photodiode	1
2561.385	0.5	2561385	trained	32735	32	memtrain/o_485_2.jpg	photodiode	1
2562.286	0.5	2562286	untrained	32690	77	memtrain/o_574_2.jpg	photodiode	1
2563.137	0.5	2563137	catch	32671	n/a	catch_padded.jpg	photodiode	0
2563.438	0.0	2563438	response	7	n/a	n/a	trigger	0
2565.188	0.5	2565188	trained	32736	31	memtrain/o_465_2.jpg	photodiode	1
2565.939	0.5	2565939	untrained	32692	75	memtrain/o_564_1.jpg	photodiode	1
2566.74	0.5	2566740	trained	32727	40	memtrain/o_648_2.jpg	photodiode	1
2567.64	0.5	2567640	trained	32764	3	memtrain/o_040_2.jpg	photodiode	1
2568.591	0.5	2568591	trained	32760	7	memtrain/o_091_2.jpg	photodiode	1
2569.442	0.5	2569442	catch	32671	n/a	catch_padded.jpg	photodiode	0
2569.772	0.0	2569772	response	7	n/a	n/a	trigger	0
2571.444	0.5	2571444	untrained	32702	65	memtrain/o_337_2.jpg	photodiode	1
2572.344	0.5	2572344	untrained	32716	51	memtrain/o_103_2.jpg	photodiode	1
2573.245	0.5	2573245	trained	32737	30	memtrain/o_437_2.jpg	photodiode	1
2574.196	0.5	2574196	catch	32671	n/a	catch_padded.jpg	photodiode	0
2574.589	0.0	2574589	response	7	n/a	n/a	trigger	0
2576.67	0.0	2576670	block_end	120	n/a	n/a	trigger	0
2579.116	0.0	2579116	response	7	n/a	n/a	trigger	0
2586.41	0.0	2586410	response	7	n/a	n/a	trigger	0
2586.419	0.0	2586419	block_onset	110	n/a	n/a	trigger	0
2588.475	0.5	2588475	trained	32754	13	memtrain/o_136_1.jpg	photodiode	1
2589.275	0.5	2589275	untrained	32675	92	memtrain/so_033_1.jpg	photodiode	1
2590.226	0.5	2590226	untrained	32710	57	memtrain/o_171_1.jpg	photodiode	1
2590.977	0.5	2590977	untrained	32689	78	memtrain/o_599_1.jpg	photodiode	1
2591.878	0.5	2591878	trained	32723	44	memtrain/so_045_1.jpg	photodiode	1
2592.628	0.5	2592628	catch	32671	n/a	catch_padded.jpg	photodiode	0
2592.967	0.0	2592967	response	7	n/a	n/a	trigger	0
2594.621	0.5	2594621	untrained	32687	80	memtrain/o_613_1.jpg	photodiode	1
2595.572	0.5	2595572	trained	32739	28	memtrain/o_397_1.jpg	photodiode	1
2596.373	0.5	2596373	untrained	32703	64	memtrain/o_334_2.jpg	photodiode	1
2597.124	0.5	2597124	trained	32721	46	memtrain/so_113_1.jpg	photodiode	1
2598.074	0.5	2598074	trained	32724	43	memtrain/so_043_2.jpg	photodiode	1
2598.925	0.5	2598925	catch	32671	n/a	catch_padded.jpg	photodiode	0
2599.253	0.0	2599253	response	7	n/a	n/a	trigger	0
2600.877	0.5	2600877	untrained	32707	60	memtrain/o_228_2.jpg	photodiode	1
2601.677	0.5	2601677	trained	32743	24	memtrain/o_357_1.jpg	photodiode	1
2602.628	0.5	2602628	trained	32762	5	memtrain/o_067_1.jpg	photodiode	1
2603.379	0.5	2603379	catch	32671	n/a	catch_padded.jpg	photodiode	0
2603.706	0.0	2603706	response	7	n/a	n/a	trigger	0
2605.33	0.5	2605330	untrained	32677	90	memtrain/o_580_1.jpg	photodiode	1
2606.131	0.5	2606131	trained	32756	11	memtrain/o_117_2.jpg	photodiode	1
2606.882	0.5	2606882	untrained	32700	67	memtrain/o_378_1.jpg	photodiode	1
2607.783	0.5	2607783	catch	32671	n/a	catch_padded.jpg	photodiode	0
2608.105	0.0	2608105	response	7	n/a	n/a	trigger	0
2609.684	0.5	2609684	trained	32742	25	memtrain/o_358_2.jpg	photodiode	1
2610.585	0.5	2610585	untrained	32713	54	memtrain/o_145_1.jpg	photodiode	1
2611.386	0.5	2611386	trained	32727	40	memtrain/o_648_2.jpg	photodiode	1
2612.286	0.5	2612286	catch	32671	n/a	catch_padded.jpg	photodiode	0
2612.58	0.0	2612580	response	7	n/a	n/a	trigger	0
2614.188	0.5	2614188	untrained	32690	77	memtrain/o_574_2.jpg	photodiode	1
2615.089	0.5	2615089	trained	32735	32	memtrain/o_485_2.jpg	photodiode	1
2615.939	0.5	2615939	trained	32729	38	memtrain/o_603_1.jpg	photodiode	1
2616.84	0.5	2616840	trained	32748	19	memtrain/o_284_2.jpg	photodiode	1
2617.691	0.5	2617691	trained	32765	2	memtrain/o_035_1.jpg	photodiode	1
2618.442	0.5	2618442	catch	32671	n/a	catch_padded.jpg	photodiode	0
2618.728	0.0	2618728	response	7	n/a	n/a	trigger	0
2620.493	0.5	2620493	trained	32752	15	memtrain/o_195_1.jpg	photodiode	1
2621.294	0.5	2621294	untrained	32688	79	memtrain/o_600_1.jpg	photodiode	1
2622.195	0.5	2622195	trained	32736	31	memtrain/o_465_2.jpg	photodiode	1
2622.945	0.5	2622945	trained	32755	12	memtrain/o_127_2.jpg	photodiode	1
2623.796	0.5	2623796	trained	32759	8	memtrain/o_094_1.jpg	photodiode	1
2624.739	0.5	2624739	catch	32671	n/a	catch_padded.jpg	photodiode	0
2625.009	0.0	2625009	response	7	n/a	n/a	trigger	0
2626.69	0.5	2626690	untrained	32692	75	memtrain/o_564_1.jpg	photodiode	1
2627.641	0.5	2627641	untrained	32697	70	memtrain/o_471_2.jpg	photodiode	1
2628.592	0.5	2628592	untrained	32680	87	memtrain/o_365_1.jpg	photodiode	1
2629.443	0.5	2629443	trained	32750	17	memtrain/o_232_1.jpg	photodiode	1
2630.293	0.5	2630293	untrained	32698	69	memtrain/o_464_2.jpg	photodiode	1
2631.144	0.5	2631144	catch	32671	n/a	catch_padded.jpg	photodiode	0
2631.552	0.0	2631552	response	7	n/a	n/a	trigger	0
2633.096	0.5	2633096	trained	32733	34	memtrain/o_558_2.jpg	photodiode	1
2633.947	0.5	2633947	untrained	32701	66	memtrain/o_342_2.jpg	photodiode	1
2634.847	0.5	2634847	untrained	32711	56	memtrain/o_163_2.jpg	photodiode	1
2635.648	0.5	2635648	trained	32730	37	memtrain/o_597_1.jpg	photodiode	1
2636.549	0.5	2636549	catch	32671	n/a	catch_padded.jpg	photodiode	0
2636.934	0.0	2636934	response	7	n/a	n/a	trigger	0
2638.45	0.5	2638450	untrained	32693	74	memtrain/o_550_1.jpg	photodiode	1
2639.251	0.5	2639251	trained	32728	39	memtrain/o_606_1.jpg	photodiode	1
2640.052	0.5	2640052	untrained	32718	49	memtrain/o_054_2.jpg	photodiode	1
2640.902	0.5	2640902	catch	32671	n/a	catch_padded.jpg	photodiode	0
2641.249	0.0	2641249	response	7	n/a	n/a	trigger	0
2642.804	0.5	2642804	untrained	32709	58	memtrain/o_192_1.jpg	photodiode	1
2643.605	0.5	2643605	untrained	32695	72	memtrain/o_490_1.jpg	photodiode	1
2644.556	0.5	2644556	trained	32738	29	memtrain/o_416_1.jpg	photodiode	1
2645.356	0.5	2645356	trained	32734	33	memtrain/o_536_1.jpg	photodiode	1
2646.257	0.5	2646257	untrained	32682	85	memtrain/o_218_1.jpg	photodiode	1
2647.108	0.5	2647108	catch	32671	n/a	catch_padded.jpg	photodiode	0
2647.494	0.0	2647494	response	7	n/a	n/a	trigger	0
2649.109	0.5	2649109	trained	32766	1	memtrain/o_015_1.jpg	photodiode	1
2649.96	0.5	2649960	untrained	32686	81	memtrain/o_655_2.jpg	photodiode	1
2650.911	0.5	2650911	untrained	32716	51	memtrain/o_103_2.jpg	photodiode	1
2651.812	0.5	2651812	trained	32767	0	memtrain/o_006_1.jpg	photodiode	1
2652.754	0.5	2652754	catch	32671	n/a	catch_padded.jpg	photodiode	0
2653.021	0.0	2653021	response	7	n/a	n/a	trigger	0
2654.756	0.5	2654756	trained	32757	10	memtrain/o_111_2.jpg	photodiode	1
2655.656	0.5	2655656	untrained	32676	91	memtrain/o_605_1.jpg	photodiode	1
2656.607	0.5	2656607	untrained	32714	53	memtrain/o_142_2.jpg	photodiode	1
2657.358	0.5	2657358	untrained	32691	76	memtrain/o_570_1.jpg	photodiode	1
2658.259	0.5	2658259	untrained	32706	61	memtrain/o_298_2.jpg	photodiode	1
2659.059	0.5	2659059	catch	32671	n/a	catch_padded.jpg	photodiode	0
2659.358	0.0	2659358	response	7	n/a	n/a	trigger	0
2661.111	0.5	2661111	untrained	32683	84	memtrain/so_117_2.jpg	photodiode	1
2662.012	0.5	2662012	untrained	32678	89	memtrain/o_469_1.jpg	photodiode	1
2662.913	0.5	2662913	untrained	32694	73	memtrain/o_519_2.jpg	photodiode	1
2663.863	0.5	2663863	trained	32744	23	memtrain/o_338_2.jpg	photodiode	1
2664.614	0.5	2664614	untrained	32685	82	memtrain/o_656_1.jpg	photodiode	1
2665.415	0.5	2665415	catch	32671	n/a	catch_padded.jpg	photodiode	0
2665.846	0.0	2665846	response	7	n/a	n/a	trigger	0
2667.416	0.5	2667416	untrained	32699	68	memtrain/o_393_1.jpg	photodiode	1
2668.317	0.5	2668317	trained	32758	9	memtrain/o_101_2.jpg	photodiode	1
2669.118	0.5	2669118	trained	32740	27	memtrain/o_379_2.jpg	photodiode	1
2670.019	0.5	2670019	untrained	32679	88	memtrain/o_458_1.jpg	photodiode	1
2670.819	0.5	2670819	catch	32671	n/a	catch_padded.jpg	photodiode	0
2671.119	0.0	2671119	response	7	n/a	n/a	trigger	0
2672.721	0.5	2672721	untrained	32712	55	memtrain/o_153_2.jpg	photodiode	1
2673.522	0.5	2673522	trained	32747	20	memtrain/o_290_1.jpg	photodiode	1
2674.472	0.5	2674472	untrained	32719	48	memtrain/o_019_2.jpg	photodiode	1
2675.373	0.5	2675373	untrained	32673	94	memtrain/so_067_1.jpg	photodiode	1
2676.124	0.5	2676124	catch	32671	n/a	catch_padded.jpg	photodiode	0
2676.493	0.0	2676493	response	7	n/a	n/a	trigger	0
2678.176	0.5	2678176	trained	32722	45	memtrain/so_090_2.jpg	photodiode	1
2679.126	0.5	2679126	trained	32764	3	memtrain/o_040_2.jpg	photodiode	1
2680.027	0.5	2680027	untrained	32674	93	memtrain/so_035_1.jpg	photodiode	1
2680.978	0.5	2680978	catch	32671	n/a	catch_padded.jpg	photodiode	0
2681.315	0.0	2681315	response	7	n/a	n/a	trigger	0
2682.871	0.5	2682871	trained	32726	41	memtrain/o_663_2.jpg	photodiode	1
2683.622	0.5	2683622	untrained	32715	52	memtrain/o_141_1.jpg	photodiode	1
2684.573	0.5	2684573	untrained	32702	65	memtrain/o_337_2.jpg	photodiode	1
2685.424	0.5	2685424	trained	32737	30	memtrain/o_437_2.jpg	photodiode	1
2686.374	0.5	2686374	trained	32720	47	memtrain/so_147_2.jpg	photodiode	1
2687.325	0.5	2687325	catch	32671	n/a	catch_padded.jpg	photodiode	0
2687.64	0.0	2687640	response	7	n/a	n/a	trigger	0
2689.327	0.5	2689327	trained	32731	36	memtrain/o_583_1.jpg	photodiode	1
2690.278	0.5	2690278	untrained	32704	63	memtrain/o_310_2.jpg	photodiode	1
2691.228	0.5	2691228	trained	32753	14	memtrain/o_174_1.jpg	photodiode	1
2691.979	0.5	2691979	trained	32749	18	memtrain/o_264_2.jpg	photodiode	1
2692.78	0.5	2692780	untrained	32681	86	memtrain/o_288_1.jpg	photodiode	1
2693.58	0.5	2693580	catch	32671	n/a	catch_padded.jpg	photodiode	0
2693.935	0.0	2693935	response	7	n/a	n/a	trigger	0
2695.682	0.5	2695682	untrained	32717	50	memtrain/o_057_2.jpg	photodiode	1
2696.583	0.5	2696583	trained	32725	42	memtrain/so_034_2.jpg	photodiode	1
2697.434	0.5	2697434	trained	32760	7	memtrain/o_091_2.jpg	photodiode	1
2698.184	0.5	2698184	untrained	32708	59	memtrain/o_201_2.jpg	photodiode	1
2698.935	0.5	2698935	catch	32671	n/a	catch_padded.jpg	photodiode	0
2699.247	0.0	2699247	response	7	n/a	n/a	trigger	0
2700.887	0.5	2700887	trained	32746	21	memtrain/o_319_1.jpg	photodiode	1
2701.637	0.5	2701637	trained	32745	22	memtrain/o_321_1.jpg	photodiode	1
2702.388	0.5	2702388	untrained	32705	62	memtrain/o_304_1.jpg	photodiode	1
2703.289	0.5	2703289	untrained	32696	71	memtrain/o_483_1.jpg	photodiode	1
2704.139	0.5	2704139	catch	32671	n/a	catch_padded.jpg	photodiode	0
2704.446	0.0	2704446	response	7	n/a	n/a	trigger	0
2706.241	0.5	2706241	trained	32763	4	memtrain/o_042_1.jpg	photodiode	1
2707.192	0.5	2707192	trained	32761	6	memtrain/o_076_1.jpg	photodiode	1
2708.143	0.5	2708143	untrained	32684	83	memtrain/so_105_1.jpg	photodiode	1
2708.893	0.5	2708893	catch	32671	n/a	catch_padded.jpg	photodiode	0
2709.529	0.0	2709529	response	7	n/a	n/a	trigger	0
2710.945	0.5	2710945	trained	32751	16	memtrain/o_199_2.jpg	photodiode	1
2711.737	0.5	2711737	trained	32741	26	memtrain/o_376_1.jpg	photodiode	1
2712.688	0.5	2712688	untrained	32672	95	memtrain/so_125_1.jpg	photodiode	1
2713.489	0.5	2713489	catch	32671	n/a	catch_padded.jpg	photodiode	0
2714.086	0.0	2714086	response	7	n/a	n/a	trigger	0
2715.39	0.5	2715390	trained	32732	35	memtrain/o_561_2.jpg	photodiode	1
2716.241	0.5	2716241	trained	32752	15	memtrain/o_195_1.jpg	photodiode	1
2717.092	0.5	2717092	untrained	32710	57	memtrain/o_171_1.jpg	photodiode	1
2717.943	0.5	2717943	catch	32671	n/a	catch_padded.jpg	photodiode	0
2718.578	0.0	2718578	response	7	n/a	n/a	trigger	0
2719.844	0.5	2719844	untrained	32709	58	memtrain/o_192_1.jpg	photodiode	1
2720.595	0.5	2720595	trained	32734	33	memtrain/o_536_1.jpg	photodiode	1
2721.396	0.5	2721396	untrained	32696	71	memtrain/o_483_1.jpg	photodiode	1
2722.196	0.5	2722196	untrained	32694	73	memtrain/o_519_2.jpg	photodiode	1
2723.147	0.5	2723147	catch	32671	n/a	catch_padded.jpg	photodiode	0
2723.489	0.0	2723489	response	7	n/a	n/a	trigger	0
2725.149	0.5	2725149	trained	32754	13	memtrain/o_136_1.jpg	photodiode	1
2725.999	0.5	2725999	untrained	32684	83	memtrain/so_105_1.jpg	photodiode	1
2726.95	0.5	2726950	trained	32729	38	memtrain/o_603_1.jpg	photodiode	1
2727.801	0.5	2727801	catch	32671	n/a	catch_padded.jpg	photodiode	0
2728.123	0.0	2728123	response	7	n/a	n/a	trigger	0
2729.903	0.5	2729903	untrained	32675	92	memtrain/so_033_1.jpg	photodiode	1
2730.804	0.5	2730804	untrained	32716	51	memtrain/o_103_2.jpg	photodiode	1
2731.604	0.5	2731604	untrained	32700	67	memtrain/o_378_1.jpg	photodiode	1
2732.505	0.5	2732505	catch	32671	n/a	catch_padded.jpg	photodiode	0
2732.765	0.0	2732765	response	7	n/a	n/a	trigger	0
2734.507	0.5	2734507	trained	32731	36	memtrain/o_583_1.jpg	photodiode	1
2735.357	0.5	2735357	trained	32745	22	memtrain/o_321_1.jpg	photodiode	1
2736.108	0.5	2736108	untrained	32713	54	memtrain/o_145_1.jpg	photodiode	1
2736.959	0.5	2736959	catch	32671	n/a	catch_padded.jpg	photodiode	0
2737.536	0.0	2737536	response	7	n/a	n/a	trigger	0
2738.91	0.5	2738910	untrained	32689	78	memtrain/o_599_1.jpg	photodiode	1
2739.711	0.5	2739711	trained	32764	3	memtrain/o_040_2.jpg	photodiode	1
2740.453	0.5	2740453	untrained	32717	50	memtrain/o_057_2.jpg	photodiode	1
2741.254	0.5	2741254	untrained	32701	66	memtrain/o_342_2.jpg	photodiode	1
2742.105	0.5	2742105	catch	32671	n/a	catch_padded.jpg	photodiode	0
2742.491	0.0	2742491	response	7	n/a	n/a	trigger	0
2744.107	0.5	2744107	trained	32766	1	memtrain/o_015_1.jpg	photodiode	1
2744.957	0.5	2744957	untrained	32679	88	memtrain/o_458_1.jpg	photodiode	1
2745.758	0.5	2745758	trained	32730	37	memtrain/o_597_1.jpg	photodiode	1
2746.709	0.5	2746709	trained	32728	39	memtrain/o_606_1.jpg	photodiode	1
2747.618	0.5	2747618	catch	32671	n/a	catch_padded.jpg	photodiode	0
2747.931	0.0	2747931	response	7	n/a	n/a	trigger	0
2749.711	0.5	2749711	untrained	32685	82	memtrain/o_656_1.jpg	photodiode	1
2750.562	0.5	2750562	untrained	32715	52	memtrain/o_141_1.jpg	photodiode	1
2751.313	0.5	2751313	trained	32755	12	memtrain/o_127_2.jpg	photodiode	1
2752.213	0.5	2752213	trained	32743	24	memtrain/o_357_1.jpg	photodiode	1
2752.964	0.5	2752964	trained	32740	27	memtrain/o_379_2.jpg	photodiode	1
2753.765	0.5	2753765	catch	32671	n/a	catch_padded.jpg	photodiode	0
2754.132	0.0	2754132	response	7	n/a	n/a	trigger	0
2755.716	0.5	2755716	trained	32761	6	memtrain/o_076_1.jpg	photodiode	1
2756.667	0.5	2756667	untrained	32719	48	memtrain/o_019_2.jpg	photodiode	1
2757.568	0.5	2757568	untrained	32698	69	memtrain/o_464_2.jpg	photodiode	1
2758.469	0.5	2758469	untrained	32672	95	memtrain/so_125_1.jpg	photodiode	1
2759.42	0.5	2759420	untrained	32697	70	memtrain/o_471_2.jpg	photodiode	1
2760.17	0.5	2760170	catch	32671	n/a	catch_padded.jpg	photodiode	0
2760.565	0.0	2760565	response	7	n/a	n/a	trigger	0
2762.172	0.5	2762172	untrained	32702	65	memtrain/o_337_2.jpg	photodiode	1
2762.923	0.5	2762923	trained	32758	9	memtrain/o_101_2.jpg	photodiode	1
2763.673	0.5	2763673	trained	32739	28	memtrain/o_397_1.jpg	photodiode	1
2764.524	0.5	2764524	untrained	32692	75	memtrain/o_564_1.jpg	photodiode	1
2765.325	0.5	2765325	untrained	32695	72	memtrain/o_490_1.jpg	photodiode	1
2766.125	0.5	2766125	catch	32671	n/a	catch_padded.jpg	photodiode	0
2766.526	0.0	2766526	response	7	n/a	n/a	trigger	0
2768.077	0.5	2768077	trained	32737	30	memtrain/o_437_2.jpg	photodiode	1
2769.028	0.5	2769028	trained	32762	5	memtrain/o_067_1.jpg	photodiode	1
2769.77	0.5	2769770	trained	32750	17	memtrain/o_232_1.jpg	photodiode	1
2770.671	0.5	2770671	untrained	32714	53	memtrain/o_142_2.jpg	photodiode	1
2771.421	0.5	2771421	trained	32756	11	memtrain/o_117_2.jpg	photodiode	1
2772.372	0.5	2772372	catch	32671	n/a	catch_padded.jpg	photodiode	0
2772.683	0.0	2772683	response	7	n/a	n/a	trigger	0
2774.474	0.5	2774474	trained	32720	47	memtrain/so_147_2.jpg	photodiode	1
2775.425	0.5	2775425	untrained	32681	86	memtrain/o_288_1.jpg	photodiode	1
2776.375	0.5	2776375	trained	32760	7	memtrain/o_091_2.jpg	photodiode	1
2777.326	0.5	2777326	untrained	32704	63	memtrain/o_310_2.jpg	photodiode	1
2778.227	0.5	2778227	untrained	32691	76	memtrain/o_570_1.jpg	photodiode	1
2779.128	0.5	2779128	catch	32671	n/a	catch_padded.jpg	photodiode	0
2781.029	0.5	2781029	trained	32753	14	memtrain/o_174_1.jpg	photodiode	1
2781.78	0.5	2781780	trained	32736	31	memtrain/o_465_2.jpg	photodiode	1
2782.731	0.5	2782731	untrained	32690	77	memtrain/o_574_2.jpg	photodiode	1
2783.582	0.5	2783582	catch	32671	n/a	catch_padded.jpg	photodiode	0
2783.994	0.0	2783994	response	7	n/a	n/a	trigger	0
2785.683	0.5	2785683	trained	32738	29	memtrain/o_416_1.jpg	photodiode	1
2786.534	0.5	2786534	untrained	32678	89	memtrain/o_469_1.jpg	photodiode	1
2787.285	0.5	2787285	trained	32724	43	memtrain/so_043_2.jpg	photodiode	1
2788.185	0.5	2788185	catch	32671	n/a	catch_padded.jpg	photodiode	0
2788.512	0.0	2788512	response	7	n/a	n/a	trigger	0
2790.187	0.5	2790187	trained	32748	19	memtrain/o_284_2.jpg	photodiode	1
2790.938	0.5	2790938	untrained	32682	85	memtrain/o_218_1.jpg	photodiode	1
2791.738	0.5	2791738	trained	32735	32	memtrain/o_485_2.jpg	photodiode	1
2792.589	0.5	2792589	trained	32727	40	memtrain/o_648_2.jpg	photodiode	1
2793.44	0.5	2793440	untrained	32687	80	memtrain/o_613_1.jpg	photodiode	1
2794.341	0.5	2794341	catch	32671	n/a	catch_padded.jpg	photodiode	0
2794.641	0.0	2794641	response	7	n/a	n/a	trigger	0
2796.392	0.5	2796392	untrained	32676	91	memtrain/o_605_1.jpg	photodiode	1
2797.343	0.5	2797343	untrained	32707	60	memtrain/o_228_2.jpg	photodiode	1
2798.194	0.5	2798194	trained	32749	18	memtrain/o_264_2.jpg	photodiode	1
2799.087	0.5	2799087	untrained	32673	94	memtrain/so_067_1.jpg	photodiode	1
2799.887	0.5	2799887	catch	32671	n/a	catch_padded.jpg	photodiode	0
2800.175	0.0	2800175	response	7	n/a	n/a	trigger	0
2801.789	0.5	2801789	untrained	32718	49	memtrain/o_054_2.jpg	photodiode	1
2802.69	0.5	2802690	untrained	32708	59	memtrain/o_201_2.jpg	photodiode	1
2803.49	0.5	2803490	trained	32765	2	memtrain/o_035_1.jpg	photodiode	1
2804.241	0.5	2804241	trained	32733	34	memtrain/o_558_2.jpg	photodiode	1
2804.992	0.5	2804992	catch	32671	n/a	catch_padded.jpg	photodiode	0
2805.366	0.0	2805366	response	7	n/a	n/a	trigger	0
2806.943	0.5	2806943	trained	32763	4	memtrain/o_042_1.jpg	photodiode	1
2807.844	0.5	2807844	untrained	32677	90	memtrain/o_580_1.jpg	photodiode	1
2808.795	0.5	2808795	trained	32725	42	memtrain/so_034_2.jpg	photodiode	1
2809.545	0.5	2809545	untrained	32703	64	memtrain/o_334_2.jpg	photodiode	1
2810.496	0.5	2810496	catch	32671	n/a	catch_padded.jpg	photodiode	0
2810.836	0.0	2810836	response	7	n/a	n/a	trigger	0
2812.598	0.5	2812598	trained	32742	25	memtrain/o_358_2.jpg	photodiode	1
2813.399	0.5	2813399	untrained	32712	55	memtrain/o_153_2.jpg	photodiode	1
2814.349	0.5	2814349	trained	32751	16	memtrain/o_199_2.jpg	photodiode	1
2815.3	0.5	2815300	catch	32671	n/a	catch_padded.jpg	photodiode	0
2815.602	0.0	2815602	response	7	n/a	n/a	trigger	0
2817.202	0.5	2817202	trained	32767	0	memtrain/o_006_1.jpg	photodiode	1
2818.103	0.5	2818103	trained	32722	45	memtrain/so_090_2.jpg	photodiode	1
2818.953	0.5	2818953	untrained	32680	87	memtrain/o_365_1.jpg	photodiode	1
2819.704	0.5	2819704	untrained	32683	84	memtrain/so_117_2.jpg	photodiode	1
2820.555	0.5	2820555	catch	32671	n/a	catch_padded.jpg	photodiode	0
2820.869	0.0	2820869	response	7	n/a	n/a	trigger	0
2822.556	0.5	2822556	trained	32747	20	memtrain/o_290_1.jpg	photodiode	1
2823.357	0.5	2823357	trained	32732	35	memtrain/o_561_2.jpg	photodiode	1
2824.158	0.5	2824158	trained	32746	21	memtrain/o_319_1.jpg	photodiode	1
2825.059	0.5	2825059	catch	32671	n/a	catch_padded.jpg	photodiode	0
2825.439	0.0	2825439	response	7	n/a	n/a	trigger	0
2826.96	0.5	2826960	trained	32757	10	memtrain/o_111_2.jpg	photodiode	1
2827.752	0.5	2827752	untrained	32686	81	memtrain/o_655_2.jpg	photodiode	1
2828.603	0.5	2828603	untrained	32711	56	memtrain/o_163_2.jpg	photodiode	1
2829.504	0.5	2829504	trained	32741	26	memtrain/o_376_1.jpg	photodiode	1
2830.455	0.5	2830455	catch	32671	n/a	catch_padded.jpg	photodiode	0
2830.756	0.0	2830756	response	7	n/a	n/a	trigger	0
2832.356	0.5	2832356	trained	32726	41	memtrain/o_663_2.jpg	photodiode	1
2833.207	0.5	2833207	untrained	32705	62	memtrain/o_304_1.jpg	photodiode	1
2834.108	0.5	2834108	trained	32759	8	memtrain/o_094_1.jpg	photodiode	1
2835.008	0.5	2835008	untrained	32693	74	memtrain/o_550_1.jpg	photodiode	1
2835.809	0.5	2835809	catch	32671	n/a	catch_padded.jpg	photodiode	0
2836.127	0.0	2836127	response	7	n/a	n/a	trigger	0
2837.811	0.5	2837811	trained	32721	46	memtrain/so_113_1.jpg	photodiode	1
2838.712	0.5	2838712	untrained	32699	68	memtrain/o_393_1.jpg	photodiode	1
2839.612	0.5	2839612	trained	32744	23	memtrain/o_338_2.jpg	photodiode	1
2840.463	0.5	2840463	catch	32671	n/a	catch_padded.jpg	photodiode	0
2840.752	0.0	2840752	response	7	n/a	n/a	trigger	0
2842.365	0.5	2842365	untrained	32688	79	memtrain/o_600_1.jpg	photodiode	1
2843.316	0.5	2843316	trained	32723	44	memtrain/so_045_1.jpg	photodiode	1
2844.116	0.5	2844116	untrained	32674	93	memtrain/so_035_1.jpg	photodiode	1
2844.967	0.5	2844967	untrained	32706	61	memtrain/o_298_2.jpg	photodiode	1
2845.768	0.5	2845768	catch	32671	n/a	catch_padded.jpg	photodiode	0
2846.01	0.0	2846010	response	7	n/a	n/a	trigger	0
2848.242	0.0	2848242	block_end	120	n/a	n/a	trigger	0
2849.449	0.0	2849449	response	7	n/a	n/a	trigger	0
2924.455	0.0	2924455	response	7	n/a	n/a	trigger	0
2924.464	0.0	2924464	block_onset	111	n/a	n/a	trigger	0
2926.519	0.5	2926519	trained	32744	23	memtrain/o_338_2.jpg	photodiode	1
2927.32	0.5	2927320	untrained	32686	81	memtrain/o_655_2.jpg	photodiode	1
2928.271	0.5	2928271	untrained	32690	77	memtrain/o_574_2.jpg	photodiode	1
2929.172	0.5	2929172	untrained	32678	89	memtrain/o_469_1.jpg	photodiode	1
2929.972	0.5	2929972	catch	32671	n/a	catch_padded.jpg	photodiode	0
2930.306	0.0	2930306	response	7	n/a	n/a	trigger	0
2932.016	0.5	2932016	untrained	32705	62	memtrain/o_304_1.jpg	photodiode	1
2932.917	0.5	2932917	trained	32765	2	memtrain/o_035_1.jpg	photodiode	1
2933.667	0.5	2933667	trained	32750	17	memtrain/o_232_1.jpg	photodiode	1
2934.468	0.5	2934468	catch	32671	n/a	catch_padded.jpg	photodiode	0
2934.826	0.0	2934826	response	7	n/a	n/a	trigger	0
2936.57	0.5	2936570	trained	32747	20	memtrain/o_290_1.jpg	photodiode	1
2937.37	0.5	2937370	trained	32727	40	memtrain/o_648_2.jpg	photodiode	1
2938.171	0.5	2938171	trained	32735	32	memtrain/o_485_2.jpg	photodiode	1
2938.972	0.5	2938972	catch	32671	n/a	catch_padded.jpg	photodiode	0
2939.34	0.0	2939340	response	7	n/a	n/a	trigger	0
2940.973	0.5	2940973	trained	32738	29	memtrain/o_416_1.jpg	photodiode	1
2941.774	0.5	2941774	untrained	32711	56	memtrain/o_163_2.jpg	photodiode	1
2942.575	0.5	2942575	untrained	32704	63	memtrain/o_310_2.jpg	photodiode	1
2943.375	0.5	2943375	catch	32671	n/a	catch_padded.jpg	photodiode	0
2943.734	0.0	2943734	response	7	n/a	n/a	trigger	0
2945.377	0.5	2945377	untrained	32715	52	memtrain/o_141_1.jpg	photodiode	1
2946.128	0.5	2946128	untrained	32717	50	memtrain/o_057_2.jpg	photodiode	1
2946.878	0.5	2946878	trained	32728	39	memtrain/o_606_1.jpg	photodiode	1
2947.729	0.5	2947729	catch	32671	n/a	catch_padded.jpg	photodiode	0
2948.017	0.0	2948017	response	7	n/a	n/a	trigger	0
2949.681	0.5	2949681	trained	32730	37	memtrain/o_597_1.jpg	photodiode	1
2950.632	0.5	2950632	untrained	32700	67	memtrain/o_378_1.jpg	photodiode	1
2951.432	0.5	2951432	trained	32720	47	memtrain/so_147_2.jpg	photodiode	1
2952.333	0.5	2952333	catch	32671	n/a	catch_padded.jpg	photodiode	0
2952.557	0.0	2952557	response	7	n/a	n/a	trigger	0
2954.285	0.5	2954285	untrained	32672	95	memtrain/so_125_1.jpg	photodiode	1
2955.085	0.5	2955085	untrained	32707	60	memtrain/o_228_2.jpg	photodiode	1
2955.886	0.5	2955886	trained	32749	18	memtrain/o_264_2.jpg	photodiode	1
2956.737	0.5	2956737	catch	32671	n/a	catch_padded.jpg	photodiode	0
2957.029	0.0	2957029	response	7	n/a	n/a	trigger	0
2958.638	0.5	2958638	untrained	32706	61	memtrain/o_298_2.jpg	photodiode	1
2959.589	0.5	2959589	trained	32767	0	memtrain/o_006_1.jpg	photodiode	1
2960.49	0.5	2960490	untrained	32673	94	memtrain/so_067_1.jpg	photodiode	1
2961.432	0.5	2961432	untrained	32694	73	memtrain/o_519_2.jpg	photodiode	1
2962.183	0.5	2962183	untrained	32712	55	memtrain/o_153_2.jpg	photodiode	1
2962.934	0.5	2962934	catch	32671	n/a	catch_padded.jpg	photodiode	0
2963.293	0.0	2963293	response	7	n/a	n/a	trigger	0
2964.935	0.5	2964935	trained	32726	41	memtrain/o_663_2.jpg	photodiode	1
2965.786	0.5	2965786	untrained	32679	88	memtrain/o_458_1.jpg	photodiode	1
2966.745	0.5	2966745	trained	32760	7	memtrain/o_091_2.jpg	photodiode	1
2967.588	0.5	2967588	catch	32671	n/a	catch_padded.jpg	photodiode	0
2967.914	0.0	2967914	response	7	n/a	n/a	trigger	0
2969.639	0.5	2969639	untrained	32682	85	memtrain/o_218_1.jpg	photodiode	1
2970.39	0.5	2970390	untrained	32685	82	memtrain/o_656_1.jpg	photodiode	1
2971.341	0.5	2971341	trained	32756	11	memtrain/o_117_2.jpg	photodiode	1
2972.191	0.5	2972191	untrained	32675	92	memtrain/so_033_1.jpg	photodiode	1
2972.942	0.5	2972942	catch	32671	n/a	catch_padded.jpg	photodiode	0
2973.304	0.0	2973304	response	7	n/a	n/a	trigger	0
2974.894	0.5	2974894	trained	32722	45	memtrain/so_090_2.jpg	photodiode	1
2975.794	0.5	2975794	trained	32733	34	memtrain/o_558_2.jpg	photodiode	1
2976.595	0.5	2976595	untrained	32693	74	memtrain/o_550_1.jpg	photodiode	1
2977.396	0.5	2977396	trained	32721	46	memtrain/so_113_1.jpg	photodiode	1
2978.146	0.5	2978146	catch	32671	n/a	catch_padded.jpg	photodiode	0
2978.424	0.0	2978424	response	7	n/a	n/a	trigger	0
2980.048	0.5	2980048	trained	32736	31	memtrain/o_465_2.jpg	photodiode	1
2980.849	0.5	2980849	trained	32753	14	memtrain/o_174_1.jpg	photodiode	1
2981.8	0.5	2981800	trained	32751	16	memtrain/o_199_2.jpg	photodiode	1
2982.6	0.5	2982600	catch	32671	n/a	catch_padded.jpg	photodiode	0
2982.89	0.0	2982890	response	7	n/a	n/a	trigger	0
2984.502	0.5	2984502	trained	32762	5	memtrain/o_067_1.jpg	photodiode	1
2985.403	0.5	2985403	untrained	32708	59	memtrain/o_201_2.jpg	photodiode	1
2986.203	0.5	2986203	trained	32729	38	memtrain/o_603_1.jpg	photodiode	1
2987.104	0.5	2987104	untrained	32681	86	memtrain/o_288_1.jpg	photodiode	1
2988.055	0.5	2988055	trained	32742	25	memtrain/o_358_2.jpg	photodiode	1
2988.856	0.5	2988856	catch	32671	n/a	catch_padded.jpg	photodiode	0
2989.209	0.0	2989209	response	7	n/a	n/a	trigger	0
2990.757	0.5	2990757	untrained	32683	84	memtrain/so_117_2.jpg	photodiode	1
2991.7	0.5	2991700	trained	32761	6	memtrain/o_076_1.jpg	photodiode	1
2992.601	0.5	2992601	trained	32766	1	memtrain/o_015_1.jpg	photodiode	1
2993.501	0.5	2993501	untrained	32702	65	memtrain/o_337_2.jpg	photodiode	1
2994.402	0.5	2994402	catch	32671	n/a	catch_padded.jpg	photodiode	0
2994.805	0.0	2994805	response	7	n/a	n/a	trigger	0
2996.354	0.5	2996354	untrained	32695	72	memtrain/o_490_1.jpg	photodiode	1
2997.254	0.5	2997254	untrained	32699	68	memtrain/o_393_1.jpg	photodiode	1
2998.005	0.5	2998005	trained	32748	19	memtrain/o_284_2.jpg	photodiode	1
2998.906	0.5	2998906	catch	32671	n/a	catch_padded.jpg	photodiode	0
2999.187	0.0	2999187	response	7	n/a	n/a	trigger	0
3000.807	0.5	3000807	trained	32737	30	memtrain/o_437_2.jpg	photodiode	1
3001.608	0.5	3001608	untrained	32692	75	memtrain/o_564_1.jpg	photodiode	1
3002.509	0.5	3002509	untrained	32703	64	memtrain/o_334_2.jpg	photodiode	1
3003.46	0.5	3003460	catch	32671	n/a	catch_padded.jpg	photodiode	0
3003.751	0.0	3003751	response	7	n/a	n/a	trigger	0
3005.411	0.5	3005411	untrained	32676	91	memtrain/o_605_1.jpg	photodiode	1
3006.262	0.5	3006262	untrained	32714	53	memtrain/o_142_2.jpg	photodiode	1
3007.013	0.5	3007013	untrained	32691	76	memtrain/o_570_1.jpg	photodiode	1
3007.863	0.5	3007863	catch	32671	n/a	catch_padded.jpg	photodiode	0
3008.256	0.0	3008256	response	7	n/a	n/a	trigger	0
3009.965	0.5	3009965	trained	32757	10	memtrain/o_111_2.jpg	photodiode	1
3010.816	0.5	3010816	untrained	32701	66	memtrain/o_342_2.jpg	photodiode	1
3011.767	0.5	3011767	untrained	32697	70	memtrain/o_471_2.jpg	photodiode	1
3012.517	0.5	3012517	catch	32671	n/a	catch_padded.jpg	photodiode	0
3012.853	0.0	3012853	response	7	n/a	n/a	trigger	0
3014.519	0.5	3014519	trained	32734	33	memtrain/o_536_1.jpg	photodiode	1
3015.47	0.5	3015470	trained	32746	21	memtrain/o_319_1.jpg	photodiode	1
3016.321	0.5	3016321	untrained	32689	78	memtrain/o_599_1.jpg	photodiode	1
3017.071	0.5	3017071	trained	32755	12	memtrain/o_127_2.jpg	photodiode	1
3018.022	0.5	3018022	untrained	32680	87	memtrain/o_365_1.jpg	photodiode	1
3018.947	0.0	3018947	response	7	n/a	n/a	trigger	0
3018.973	0.5	3018973	catch	32671	n/a	catch_padded.jpg	photodiode	0
3021.066	0.5	3021066	untrained	32687	80	memtrain/o_613_1.jpg	photodiode	1
3021.917	0.5	3021917	untrained	32684	83	memtrain/so_105_1.jpg	photodiode	1
3022.726	0.5	3022726	untrained	32698	69	memtrain/o_464_2.jpg	photodiode	1
3023.568	0.5	3023568	trained	32732	35	memtrain/o_561_2.jpg	photodiode	1
3024.519	0.5	3024519	untrained	32688	79	memtrain/o_600_1.jpg	photodiode	1
3025.32	0.5	3025320	catch	32671	n/a	catch_padded.jpg	photodiode	0
3025.607	0.0	3025607	response	7	n/a	n/a	trigger	0
3027.372	0.5	3027372	untrained	32674	93	memtrain/so_035_1.jpg	photodiode	1
3028.222	0.5	3028222	trained	32743	24	memtrain/o_357_1.jpg	photodiode	1
3028.973	0.5	3028973	trained	32723	44	memtrain/so_045_1.jpg	photodiode	1
3029.774	0.5	3029774	untrained	32696	71	memtrain/o_483_1.jpg	photodiode	1
3030.624	0.5	3030624	untrained	32719	48	memtrain/o_019_2.jpg	photodiode	1
3031.375	0.5	3031375	catch	32671	n/a	catch_padded.jpg	photodiode	0
3031.656	0.0	3031656	response	7	n/a	n/a	trigger	0
3033.327	0.5	3033327	trained	32731	36	memtrain/o_583_1.jpg	photodiode	1
3034.077	0.5	3034077	trained	32758	9	memtrain/o_101_2.jpg	photodiode	1
3035.028	0.5	3035028	trained	32759	8	memtrain/o_094_1.jpg	photodiode	1
3035.979	0.5	3035979	trained	32752	15	memtrain/o_195_1.jpg	photodiode	1
3036.729	0.5	3036729	untrained	32713	54	memtrain/o_145_1.jpg	photodiode	1
3037.48	0.5	3037480	catch	32671	n/a	catch_padded.jpg	photodiode	0
3037.848	0.0	3037848	response	7	n/a	n/a	trigger	0
3039.482	0.5	3039482	untrained	32718	49	memtrain/o_054_2.jpg	photodiode	1
3040.383	0.5	3040383	untrained	32677	90	memtrain/o_580_1.jpg	photodiode	1
3041.333	0.5	3041333	trained	32724	43	memtrain/so_043_2.jpg	photodiode	1
3042.234	0.5	3042234	trained	32754	13	memtrain/o_136_1.jpg	photodiode	1
3043.085	0.5	3043085	catch	32671	n/a	catch_padded.jpg	photodiode	0
3043.415	0.0	3043415	response	7	n/a	n/a	trigger	0
3045.187	0.5	3045187	trained	32745	22	memtrain/o_321_1.jpg	photodiode	1
3046.137	0.5	3046137	trained	32725	42	memtrain/so_034_2.jpg	photodiode	1
3046.988	0.5	3046988	untrained	32716	51	memtrain/o_103_2.jpg	photodiode	1
3047.889	0.5	3047889	trained	32763	4	memtrain/o_042_1.jpg	photodiode	1
3048.832	0.5	3048832	trained	32741	26	memtrain/o_376_1.jpg	photodiode	1
3049.732	0.5	3049732	catch	32671	n/a	catch_padded.jpg	photodiode	0
3049.999	0.0	3049999	response	7	n/a	n/a	trigger	0
3051.834	0.5	3051834	trained	32764	3	memtrain/o_040_2.jpg	photodiode	1
3052.635	0.5	3052635	trained	32739	28	memtrain/o_397_1.jpg	photodiode	1
3053.435	0.5	3053435	untrained	32709	58	memtrain/o_192_1.jpg	photodiode	1
3054.386	0.5	3054386	catch	32671	n/a	catch_padded.jpg	photodiode	0
3054.679	0.0	3054679	response	7	n/a	n/a	trigger	0
3056.488	0.5	3056488	trained	32740	27	memtrain/o_379_2.jpg	photodiode	1
3057.339	0.5	3057339	untrained	32710	57	memtrain/o_171_1.jpg	photodiode	1
3058.29	0.5	3058290	untrained	32700	67	memtrain/o_378_1.jpg	photodiode	1
3059.04	0.5	3059040	untrained	32707	60	memtrain/o_228_2.jpg	photodiode	1
3059.791	0.5	3059791	trained	32721	46	memtrain/so_113_1.jpg	photodiode	1
3060.75	0.5	3060750	catch	32671	n/a	catch_padded.jpg	photodiode	0
3061.157	0.0	3061157	response	7	n/a	n/a	trigger	0
3062.643	0.5	3062643	trained	32722	45	memtrain/so_090_2.jpg	photodiode	1
3063.494	0.5	3063494	untrained	32695	72	memtrain/o_490_1.jpg	photodiode	1
3064.245	0.5	3064245	untrained	32678	89	memtrain/o_469_1.jpg	photodiode	1
3065.095	0.5	3065095	trained	32747	20	memtrain/o_290_1.jpg	photodiode	1
3065.946	0.5	3065946	catch	32671	n/a	catch_padded.jpg	photodiode	0
3066.348	0.0	3066348	response	7	n/a	n/a	trigger	0
3067.898	0.5	3067898	trained	32750	17	memtrain/o_232_1.jpg	photodiode	1
3068.798	0.5	3068798	trained	32742	25	memtrain/o_358_2.jpg	photodiode	1
3069.749	0.5	3069749	untrained	32712	55	memtrain/o_153_2.jpg	photodiode	1
3070.5	0.5	3070500	untrained	32696	71	memtrain/o_483_1.jpg	photodiode	1
3071.251	0.5	3071251	catch	32671	n/a	catch_padded.jpg	photodiode	0
3071.685	0.0	3071685	response	7	n/a	n/a	trigger	0
3073.302	0.5	3073302	untrained	32699	68	memtrain/o_393_1.jpg	photodiode	1
3074.253	0.5	3074253	untrained	32674	93	memtrain/so_035_1.jpg	photodiode	1
3075.154	0.5	3075154	trained	32726	41	memtrain/o_663_2.jpg	photodiode	1
3076.105	0.5	3076105	trained	32743	24	memtrain/o_357_1.jpg	photodiode	1
3076.905	0.5	3076905	catch	32671	n/a	catch_padded.jpg	photodiode	0
3077.398	0.0	3077398	response	7	n/a	n/a	trigger	0
3077.798	0.0	3077798	response	7	n/a	n/a	trigger	0
3078.807	0.5	3078807	untrained	32701	66	memtrain/o_342_2.jpg	photodiode	1
3079.708	0.5	3079708	untrained	32703	64	memtrain/o_334_2.jpg	photodiode	1
3080.65	0.5	3080650	trained	32733	34	memtrain/o_558_2.jpg	photodiode	1
3081.501	0.5	3081501	catch	32671	n/a	catch_padded.jpg	photodiode	0
3083.502	0.5	3083502	untrained	32683	84	memtrain/so_117_2.jpg	photodiode	1
3084.453	0.5	3084453	untrained	32716	51	memtrain/o_103_2.jpg	photodiode	1
3085.254	0.5	3085254	untrained	32711	56	memtrain/o_163_2.jpg	photodiode	1
3086.105	0.5	3086105	trained	32739	28	memtrain/o_397_1.jpg	photodiode	1
3087.055	0.5	3087055	catch	32671	n/a	catch_padded.jpg	photodiode	0
3087.349	0.0	3087349	response	7	n/a	n/a	trigger	0
3088.957	0.5	3088957	untrained	32697	70	memtrain/o_471_2.jpg	photodiode	1
3089.858	0.5	3089858	untrained	32672	95	memtrain/so_125_1.jpg	photodiode	1
3090.709	0.5	3090709	trained	32740	27	memtrain/o_379_2.jpg	photodiode	1
3091.509	0.5	3091509	trained	32759	8	memtrain/o_094_1.jpg	photodiode	1
3092.26	0.5	3092260	untrained	32686	81	memtrain/o_655_2.jpg	photodiode	1
3093.01	0.5	3093010	catch	32671	n/a	catch_padded.jpg	photodiode	0
3093.304	0.0	3093304	response	7	n/a	n/a	trigger	0
3094.962	0.5	3094962	trained	32723	44	memtrain/so_045_1.jpg	photodiode	1
3095.913	0.5	3095913	trained	32730	37	memtrain/o_597_1.jpg	photodiode	1
3096.864	0.5	3096864	untrained	32676	91	memtrain/o_605_1.jpg	photodiode	1
3097.765	0.5	3097765	untrained	32719	48	memtrain/o_019_2.jpg	photodiode	1
3098.515	0.5	3098515	catch	32671	n/a	catch_padded.jpg	photodiode	0
3098.879	0.0	3098879	response	7	n/a	n/a	trigger	0
3100.567	0.5	3100567	trained	32720	47	memtrain/so_147_2.jpg	photodiode	1
3101.468	0.5	3101468	trained	32752	15	memtrain/o_195_1.jpg	photodiode	1
3102.318	0.5	3102318	untrained	32685	82	memtrain/o_656_1.jpg	photodiode	1
3103.069	0.5	3103069	untrained	32679	88	memtrain/o_458_1.jpg	photodiode	1
3104.02	0.5	3104020	catch	32671	n/a	catch_padded.jpg	photodiode	0
3104.314	0.0	3104314	response	7	n/a	n/a	trigger	0
3106.022	0.5	3106022	untrained	32715	52	memtrain/o_141_1.jpg	photodiode	1
3106.872	0.5	3106872	trained	32748	19	memtrain/o_284_2.jpg	photodiode	1
3107.723	0.5	3107723	trained	32734	33	memtrain/o_536_1.jpg	photodiode	1
3108.515	0.5	3108515	trained	32732	35	memtrain/o_561_2.jpg	photodiode	1
3109.316	0.5	3109316	untrained	32714	53	memtrain/o_142_2.jpg	photodiode	1
3110.167	0.5	3110167	catch	32671	n/a	catch_padded.jpg	photodiode	0
3110.469	0.0	3110469	response	7	n/a	n/a	trigger	0
3112.119	0.5	3112119	untrained	32710	57	memtrain/o_171_1.jpg	photodiode	1
3112.919	0.5	3112919	trained	32731	36	memtrain/o_583_1.jpg	photodiode	1
3113.77	0.5	3113770	trained	32744	23	memtrain/o_338_2.jpg	photodiode	1
3114.621	0.5	3114621	untrained	32704	63	memtrain/o_310_2.jpg	photodiode	1
3115.371	0.5	3115371	catch	32671	n/a	catch_padded.jpg	photodiode	0
3115.73	0.0	3115730	response	7	n/a	n/a	trigger	0
3117.423	0.5	3117423	untrained	32680	87	memtrain/o_365_1.jpg	photodiode	1
3118.174	0.5	3118174	trained	32749	18	memtrain/o_264_2.jpg	photodiode	1
3119.074	0.5	3119074	untrained	32673	94	memtrain/so_067_1.jpg	photodiode	1
3119.825	0.5	3119825	trained	32729	38	memtrain/o_603_1.jpg	photodiode	1
3120.676	0.5	3120676	catch	32671	n/a	catch_padded.jpg	photodiode	0
3121.114	0.0	3121114	response	7	n/a	n/a	trigger	0
3122.728	0.5	3122728	trained	32762	5	memtrain/o_067_1.jpg	photodiode	1
3123.628	0.5	3123628	trained	32751	16	memtrain/o_199_2.jpg	photodiode	1
3124.529	0.5	3124529	trained	32754	13	memtrain/o_136_1.jpg	photodiode	1
3125.38	0.5	3125380	trained	32741	26	memtrain/o_376_1.jpg	photodiode	1
3126.23	0.5	3126230	untrained	32718	49	memtrain/o_054_2.jpg	photodiode	1
3126.981	0.5	3126981	catch	32671	n/a	catch_padded.jpg	photodiode	0
3127.339	0.0	3127339	response	7	n/a	n/a	trigger	0
3129.033	0.5	3129033	untrained	32688	79	memtrain/o_600_1.jpg	photodiode	1
3129.783	0.5	3129783	untrained	32691	76	memtrain/o_570_1.jpg	photodiode	1
3130.684	0.5	3130684	trained	32761	6	memtrain/o_076_1.jpg	photodiode	1
3131.435	0.5	3131435	untrained	32675	92	memtrain/so_033_1.jpg	photodiode	1
3132.286	0.5	3132286	catch	32671	n/a	catch_padded.jpg	photodiode	0
3132.735	0.0	3132735	response	7	n/a	n/a	trigger	0
3134.337	0.5	3134337	untrained	32693	74	memtrain/o_550_1.jpg	photodiode	1
3135.188	0.5	3135188	trained	32737	30	memtrain/o_437_2.jpg	photodiode	1
3136.13	0.5	3136130	trained	32760	7	memtrain/o_091_2.jpg	photodiode	1
3136.981	0.5	3136981	untrained	32681	86	memtrain/o_288_1.jpg	photodiode	1
3137.932	0.5	3137932	trained	32728	39	memtrain/o_606_1.jpg	photodiode	1
3138.883	0.5	3138883	catch	32671	n/a	catch_padded.jpg	photodiode	0
3139.336	0.0	3139336	response	7	n/a	n/a	trigger	0
3140.834	0.5	3140834	trained	32727	40	memtrain/o_648_2.jpg	photodiode	1
3141.785	0.5	3141785	trained	32735	32	memtrain/o_485_2.jpg	photodiode	1
3142.536	0.5	3142536	trained	32725	42	memtrain/so_034_2.jpg	photodiode	1
3143.286	0.5	3143286	trained	32724	43	memtrain/so_043_2.jpg	photodiode	1
3144.237	0.5	3144237	catch	32671	n/a	catch_padded.jpg	photodiode	0
3144.594	0.0	3144594	response	7	n/a	n/a	trigger	0
3146.189	0.5	3146189	untrained	32682	85	memtrain/o_218_1.jpg	photodiode	1
3147.14	0.5	3147140	trained	32764	3	memtrain/o_040_2.jpg	photodiode	1
3148.091	0.5	3148091	untrained	32692	75	memtrain/o_564_1.jpg	photodiode	1
3148.395	0.0	3148395	response	7	n/a	n/a	trigger	0
3148.891	0.5	3148891	untrained	32687	80	memtrain/o_613_1.jpg	photodiode	1
3149.692	0.5	3149692	trained	32745	22	memtrain/o_321_1.jpg	photodiode	1
3150.593	0.5	3150593	catch	32671	n/a	catch_padded.jpg	photodiode	0
3151.192	0.0	3151192	response	7	n/a	n/a	trigger	0
3152.544	0.5	3152544	untrained	32690	77	memtrain/o_574_2.jpg	photodiode	1
3153.395	0.5	3153395	untrained	32694	73	memtrain/o_519_2.jpg	photodiode	1
3154.146	0.5	3154146	untrained	32706	61	memtrain/o_298_2.jpg	photodiode	1
3154.946	0.5	3154946	untrained	32689	78	memtrain/o_599_1.jpg	photodiode	1
3155.797	0.5	3155797	untrained	32698	69	memtrain/o_464_2.jpg	photodiode	1
3156.748	0.5	3156748	catch	32671	n/a	catch_padded.jpg	photodiode	0
3157.014	0.0	3157014	response	7	n/a	n/a	trigger	0
3158.8	0.5	3158800	trained	32755	12	memtrain/o_127_2.jpg	photodiode	1
3159.6	0.5	3159600	trained	32756	11	memtrain/o_117_2.jpg	photodiode	1
3160.451	0.5	3160451	untrained	32709	58	memtrain/o_192_1.jpg	photodiode	1
3161.402	0.5	3161402	untrained	32713	54	memtrain/o_145_1.jpg	photodiode	1
3162.152	0.5	3162152	catch	32671	n/a	catch_padded.jpg	photodiode	0
3162.522	0.0	3162522	response	7	n/a	n/a	trigger	0
3164.204	0.5	3164204	untrained	32677	90	memtrain/o_580_1.jpg	photodiode	1
3165.105	0.5	3165105	trained	32767	0	memtrain/o_006_1.jpg	photodiode	1
3165.998	0.5	3165998	untrained	32717	50	memtrain/o_057_2.jpg	photodiode	1
3166.898	0.5	3166898	catch	32671	n/a	catch_padded.jpg	photodiode	0
3167.311	0.0	3167311	response	7	n/a	n/a	trigger	0
3169.0	0.5	3169000	untrained	32702	65	memtrain/o_337_2.jpg	photodiode	1
3169.751	0.5	3169751	trained	32763	4	memtrain/o_042_1.jpg	photodiode	1
3170.651	0.5	3170651	trained	32753	14	memtrain/o_174_1.jpg	photodiode	1
3171.502	0.5	3171502	catch	32671	n/a	catch_padded.jpg	photodiode	0
3172.115	0.0	3172115	response	7	n/a	n/a	trigger	0
3173.504	0.5	3173504	trained	32736	31	memtrain/o_465_2.jpg	photodiode	1
3174.254	0.5	3174254	trained	32758	9	memtrain/o_101_2.jpg	photodiode	1
3175.155	0.5	3175155	untrained	32705	62	memtrain/o_304_1.jpg	photodiode	1
3176.056	0.5	3176056	trained	32738	29	memtrain/o_416_1.jpg	photodiode	1
3176.907	0.5	3176907	trained	32766	1	memtrain/o_015_1.jpg	photodiode	1
3177.757	0.5	3177757	catch	32671	n/a	catch_padded.jpg	photodiode	0
3178.458	0.0	3178458	response	7	n/a	n/a	trigger	0
3179.659	0.5	3179659	trained	32765	2	memtrain/o_035_1.jpg	photodiode	1
3180.46	0.5	3180460	trained	32746	21	memtrain/o_319_1.jpg	photodiode	1
3181.21	0.5	3181210	untrained	32684	83	memtrain/so_105_1.jpg	photodiode	1
3182.011	0.5	3182011	trained	32757	10	memtrain/o_111_2.jpg	photodiode	1
3182.912	0.5	3182912	untrained	32708	59	memtrain/o_201_2.jpg	photodiode	1
3183.813	0.5	3183813	catch	32671	n/a	catch_padded.jpg	photodiode	0
3184.096	0.0	3184096	response	7	n/a	n/a	trigger	0
3186.286	0.0	3186286	block_end	120	n/a	n/a	trigger	0
3186.798	0.0	3186798	response	7	n/a	n/a	trigger	0
3228.804	0.0	3228804	response	7	n/a	n/a	trigger	0
3228.814	0.0	3228814	block_onset	112	n/a	n/a	trigger	0
3230.869	0.5	3230869	trained	32721	46	memtrain/so_113_1.jpg	photodiode	1
3231.77	0.5	3231770	trained	32765	2	memtrain/o_035_1.jpg	photodiode	1
3232.671	0.5	3232671	trained	32735	32	memtrain/o_485_2.jpg	photodiode	1
3233.621	0.5	3233621	trained	32729	38	memtrain/o_603_1.jpg	photodiode	1
3234.572	0.5	3234572	untrained	32691	76	memtrain/o_570_1.jpg	photodiode	1
3235.473	0.5	3235473	catch	32671	n/a	catch_padded.jpg	photodiode	0
3235.762	0.0	3235762	response	7	n/a	n/a	trigger	0
3237.575	0.5	3237575	untrained	32675	92	memtrain/so_033_1.jpg	photodiode	1
3238.317	0.5	3238317	untrained	32689	78	memtrain/o_599_1.jpg	photodiode	1
3239.068	0.5	3239068	untrained	32704	63	memtrain/o_310_2.jpg	photodiode	1
3239.968	0.5	3239968	trained	32739	28	memtrain/o_397_1.jpg	photodiode	1
3240.919	0.5	3240919	trained	32720	47	memtrain/so_147_2.jpg	photodiode	1
3241.215	0.0	3241215	response	7	n/a	n/a	trigger	0
3241.72	0.5	3241720	catch	32671	n/a	catch_padded.jpg	photodiode	0
3243.822	0.5	3243822	trained	32741	26	memtrain/o_376_1.jpg	photodiode	1
3244.722	0.5	3244722	trained	32734	33	memtrain/o_536_1.jpg	photodiode	1
3245.473	0.5	3245473	trained	32753	14	memtrain/o_174_1.jpg	photodiode	1
3246.424	0.5	3246424	untrained	32715	52	memtrain/o_141_1.jpg	photodiode	1
3247.225	0.5	3247225	trained	32737	30	memtrain/o_437_2.jpg	photodiode	1
3247.975	0.5	3247975	catch	32671	n/a	catch_padded.jpg	photodiode	0
3248.28	0.0	3248280	response	7	n/a	n/a	trigger	0
3249.977	0.5	3249977	trained	32747	20	memtrain/o_290_1.jpg	photodiode	1
3250.778	0.5	3250778	untrained	32710	57	memtrain/o_171_1.jpg	photodiode	1
3251.678	0.5	3251678	untrained	32701	66	memtrain/o_342_2.jpg	photodiode	1
3252.579	0.5	3252579	trained	32755	12	memtrain/o_127_2.jpg	photodiode	1
3253.48	0.5	3253480	untrained	32696	71	memtrain/o_483_1.jpg	photodiode	1
3254.281	0.5	3254281	catch	32671	n/a	catch_padded.jpg	photodiode	0
3254.643	0.0	3254643	response	7	n/a	n/a	trigger	0
3256.232	0.5	3256232	trained	32756	11	memtrain/o_117_2.jpg	photodiode	1
3256.983	0.5	3256983	untrained	32709	58	memtrain/o_192_1.jpg	photodiode	1
3257.733	0.5	3257733	trained	32725	42	memtrain/so_034_2.jpg	photodiode	1
3258.584	0.5	3258584	catch	32671	n/a	catch_padded.jpg	photodiode	0
3258.892	0.0	3258892	response	7	n/a	n/a	trigger	0
3260.486	0.5	3260486	trained	32746	21	memtrain/o_319_1.jpg	photodiode	1
3261.336	0.5	3261336	untrained	32688	79	memtrain/o_600_1.jpg	photodiode	1
3262.187	0.5	3262187	trained	32744	23	memtrain/o_338_2.jpg	photodiode	1
3263.138	0.5	3263138	untrained	32711	56	memtrain/o_163_2.jpg	photodiode	1
3264.089	0.5	3264089	catch	32671	n/a	catch_padded.jpg	photodiode	0
3264.424	0.0	3264424	response	7	n/a	n/a	trigger	0
3266.191	0.5	3266191	untrained	32684	83	memtrain/so_105_1.jpg	photodiode	1
3266.983	0.5	3266983	untrained	32698	69	memtrain/o_464_2.jpg	photodiode	1
3267.792	0.5	3267792	trained	32730	37	memtrain/o_597_1.jpg	photodiode	1
3268.735	0.5	3268735	catch	32671	n/a	catch_padded.jpg	photodiode	0
3269.078	0.0	3269078	response	7	n/a	n/a	trigger	0
3270.836	0.5	3270836	trained	32759	8	memtrain/o_094_1.jpg	photodiode	1
3271.737	0.5	3271737	untrained	32695	72	memtrain/o_490_1.jpg	photodiode	1
3272.688	0.5	3272688	trained	32742	25	memtrain/o_358_2.jpg	photodiode	1
3273.489	0.5	3273489	trained	32763	4	memtrain/o_042_1.jpg	photodiode	1
3274.389	0.5	3274389	catch	32671	n/a	catch_padded.jpg	photodiode	0
3274.774	0.0	3274774	response	7	n/a	n/a	trigger	0
3276.391	0.5	3276391	trained	32757	10	memtrain/o_111_2.jpg	photodiode	1
3277.242	0.5	3277242	trained	32751	16	memtrain/o_199_2.jpg	photodiode	1
3278.193	0.5	3278193	untrained	32718	49	memtrain/o_054_2.jpg	photodiode	1
3279.043	0.5	3279043	catch	32671	n/a	catch_padded.jpg	photodiode	0
3279.45	0.0	3279450	response	7	n/a	n/a	trigger	0
3281.045	0.5	3281045	untrained	32690	77	memtrain/o_574_2.jpg	photodiode	1
3281.946	0.5	3281946	untrained	32682	85	memtrain/o_218_1.jpg	photodiode	1
3282.897	0.5	3282897	untrained	32708	59	memtrain/o_201_2.jpg	photodiode	1
3283.747	0.5	3283747	trained	32749	18	memtrain/o_264_2.jpg	photodiode	1
3284.698	0.5	3284698	catch	32671	n/a	catch_padded.jpg	photodiode	0
3285.248	0.0	3285248	response	7	n/a	n/a	trigger	0
3286.7	0.5	3286700	trained	32761	6	memtrain/o_076_1.jpg	photodiode	1
3287.45	0.5	3287450	untrained	32674	93	memtrain/so_035_1.jpg	photodiode	1
3288.201	0.5	3288201	untrained	32700	67	memtrain/o_378_1.jpg	photodiode	1
3289.152	0.5	3289152	untrained	32680	87	memtrain/o_365_1.jpg	photodiode	1
3289.903	0.5	3289903	untrained	32707	60	memtrain/o_228_2.jpg	photodiode	1
3290.753	0.5	3290753	catch	32671	n/a	catch_padded.jpg	photodiode	0
3291.174	0.0	3291174	response	7	n/a	n/a	trigger	0
3292.755	0.5	3292755	untrained	32716	51	memtrain/o_103_2.jpg	photodiode	1
3293.556	0.5	3293556	trained	32752	15	memtrain/o_195_1.jpg	photodiode	1
3294.306	0.5	3294306	trained	32766	1	memtrain/o_015_1.jpg	photodiode	1
3295.207	0.5	3295207	trained	32764	3	memtrain/o_040_2.jpg	photodiode	1
3295.999	0.5	3295999	untrained	32692	75	memtrain/o_564_1.jpg	photodiode	1
3296.85	0.5	3296850	catch	32671	n/a	catch_padded.jpg	photodiode	0
3297.187	0.0	3297187	response	7	n/a	n/a	trigger	0
3298.952	0.5	3298952	untrained	32702	65	memtrain/o_337_2.jpg	photodiode	1
3299.802	0.5	3299802	trained	32728	39	memtrain/o_606_1.jpg	photodiode	1
3300.553	0.5	3300553	untrained	32677	90	memtrain/o_580_1.jpg	photodiode	1
3301.504	0.5	3301504	trained	32762	5	memtrain/o_067_1.jpg	photodiode	1
3302.405	0.5	3302405	trained	32733	34	memtrain/o_558_2.jpg	photodiode	1
3303.155	0.5	3303155	catch	32671	n/a	catch_padded.jpg	photodiode	0
3303.488	0.0	3303488	response	7	n/a	n/a	trigger	0
3305.057	0.5	3305057	trained	32732	35	memtrain/o_561_2.jpg	photodiode	1
3305.908	0.5	3305908	untrained	32703	64	memtrain/o_334_2.jpg	photodiode	1
3306.708	0.5	3306708	untrained	32697	70	memtrain/o_471_2.jpg	photodiode	1
3307.659	0.5	3307659	untrained	32699	68	memtrain/o_393_1.jpg	photodiode	1
3308.51	0.5	3308510	catch	32671	n/a	catch_padded.jpg	photodiode	0
3308.875	0.0	3308875	response	7	n/a	n/a	trigger	0
3310.512	0.5	3310512	untrained	32694	73	memtrain/o_519_2.jpg	photodiode	1
3311.362	0.5	3311362	untrained	32686	81	memtrain/o_655_2.jpg	photodiode	1
3312.213	0.5	3312213	trained	32743	24	memtrain/o_357_1.jpg	photodiode	1
3313.014	0.5	3313014	catch	32671	n/a	catch_padded.jpg	photodiode	0
3313.379	0.0	3313379	response	7	n/a	n/a	trigger	0
3315.065	0.5	3315065	untrained	32673	94	memtrain/so_067_1.jpg	photodiode	1
3315.966	0.5	3315966	untrained	32713	54	memtrain/o_145_1.jpg	photodiode	1
3316.717	0.5	3316717	trained	32754	13	memtrain/o_136_1.jpg	photodiode	1
3317.517	0.5	3317517	untrained	32712	55	memtrain/o_153_2.jpg	photodiode	1
3318.468	0.5	3318468	catch	32671	n/a	catch_padded.jpg	photodiode	0
3318.725	0.0	3318725	response	7	n/a	n/a	trigger	0
3320.52	0.5	3320520	trained	32767	0	memtrain/o_006_1.jpg	photodiode	1
3321.321	0.5	3321321	trained	32748	19	memtrain/o_284_2.jpg	photodiode	1
3322.121	0.5	3322121	trained	32758	9	memtrain/o_101_2.jpg	photodiode	1
3323.072	0.5	3323072	untrained	32705	62	memtrain/o_304_1.jpg	photodiode	1
3323.823	0.5	3323823	catch	32671	n/a	catch_padded.jpg	photodiode	0
3324.092	0.0	3324092	response	7	n/a	n/a	trigger	0
3325.766	0.5	3325766	untrained	32706	61	memtrain/o_298_2.jpg	photodiode	1
3326.667	0.5	3326667	trained	32727	40	memtrain/o_648_2.jpg	photodiode	1
3327.618	0.5	3327618	trained	32722	45	memtrain/so_090_2.jpg	photodiode	1
3328.569	0.5	3328569	catch	32671	n/a	catch_padded.jpg	photodiode	0
3328.896	0.0	3328896	response	7	n/a	n/a	trigger	0
3330.62	0.5	3330620	untrained	32681	86	memtrain/o_288_1.jpg	photodiode	1
3331.371	0.5	3331371	trained	32724	43	memtrain/so_043_2.jpg	photodiode	1
3332.122	0.5	3332122	untrained	32676	91	memtrain/o_605_1.jpg	photodiode	1
3332.922	0.5	3332922	trained	32731	36	memtrain/o_583_1.jpg	photodiode	1
3333.873	0.5	3333873	catch	32671	n/a	catch_padded.jpg	photodiode	0
3334.194	0.0	3334194	response	7	n/a	n/a	trigger	0
3335.875	0.5	3335875	trained	32726	41	memtrain/o_663_2.jpg	photodiode	1
3336.625	0.5	3336625	trained	32760	7	memtrain/o_091_2.jpg	photodiode	1
3337.376	0.5	3337376	untrained	32683	84	memtrain/so_117_2.jpg	photodiode	1
3338.177	0.5	3338177	trained	32723	44	memtrain/so_045_1.jpg	photodiode	1
3339.128	0.5	3339128	trained	32740	27	memtrain/o_379_2.jpg	photodiode	1
3340.028	0.5	3340028	catch	32671	n/a	catch_padded.jpg	photodiode	0
3340.386	0.0	3340386	response	7	n/a	n/a	trigger	0
3341.93	0.5	3341930	untrained	32687	80	memtrain/o_613_1.jpg	photodiode	1
3342.731	0.5	3342731	trained	32750	17	memtrain/o_232_1.jpg	photodiode	1
3343.531	0.5	3343531	untrained	32678	89	memtrain/o_469_1.jpg	photodiode	1
3344.332	0.5	3344332	untrained	32679	88	memtrain/o_458_1.jpg	photodiode	1
3345.083	0.5	3345083	untrained	32672	95	memtrain/so_125_1.jpg	photodiode	1
3345.833	0.5	3345833	catch	32671	n/a	catch_padded.jpg	photodiode	0
3346.147	0.0	3346147	response	7	n/a	n/a	trigger	0
3347.885	0.5	3347885	untrained	32717	50	memtrain/o_057_2.jpg	photodiode	1
3348.836	0.5	3348836	untrained	32719	48	memtrain/o_019_2.jpg	photodiode	1
3349.737	0.5	3349737	untrained	32693	74	memtrain/o_550_1.jpg	photodiode	1
3350.637	0.5	3350637	catch	32671	n/a	catch_padded.jpg	photodiode	0
3351.04	0.0	3351040	response	7	n/a	n/a	trigger	0
3352.589	0.5	3352589	untrained	32685	82	memtrain/o_656_1.jpg	photodiode	1
3353.34	0.5	3353340	trained	32745	22	memtrain/o_321_1.jpg	photodiode	1
3354.09	0.5	3354090	untrained	32714	53	memtrain/o_142_2.jpg	photodiode	1
3354.941	0.5	3354941	catch	32671	n/a	catch_padded.jpg	photodiode	0
3355.254	0.0	3355254	response	7	n/a	n/a	trigger	0
3357.034	0.5	3357034	trained	32736	31	memtrain/o_465_2.jpg	photodiode	1
3357.785	0.5	3357785	trained	32738	29	memtrain/o_416_1.jpg	photodiode	1
3358.636	0.5	3358636	trained	32727	40	memtrain/o_648_2.jpg	photodiode	1
3359.386	0.5	3359386	catch	32671	n/a	catch_padded.jpg	photodiode	0
3359.7	0.0	3359700	response	7	n/a	n/a	trigger	0
3361.388	0.5	3361388	untrained	32694	73	memtrain/o_519_2.jpg	photodiode	1
3362.339	0.5	3362339	untrained	32709	58	memtrain/o_192_1.jpg	photodiode	1
3363.24	0.5	3363240	trained	32736	31	memtrain/o_465_2.jpg	photodiode	1
3364.14	0.5	3364140	untrained	32712	55	memtrain/o_153_2.jpg	photodiode	1
3365.041	0.5	3365041	catch	32671	n/a	catch_padded.jpg	photodiode	0
3365.389	0.0	3365389	response	7	n/a	n/a	trigger	0
3367.093	0.5	3367093	untrained	32684	83	memtrain/so_105_1.jpg	photodiode	1
3367.994	0.5	3367994	untrained	32691	76	memtrain/o_570_1.jpg	photodiode	1
3368.894	0.5	3368894	trained	32761	6	memtrain/o_076_1.jpg	photodiode	1
3369.745	0.5	3369745	trained	32725	42	memtrain/so_034_2.jpg	photodiode	1
3370.546	0.5	3370546	trained	32753	14	memtrain/o_174_1.jpg	photodiode	1
3371.346	0.5	3371346	catch	32671	n/a	catch_padded.jpg	photodiode	0
3371.728	0.0	3371728	response	7	n/a	n/a	trigger	0
3373.398	0.5	3373398	trained	32730	37	memtrain/o_597_1.jpg	photodiode	1
3374.249	0.5	3374249	untrained	32698	69	memtrain/o_464_2.jpg	photodiode	1
3375.05	0.5	3375050	untrained	32686	81	memtrain/o_655_2.jpg	photodiode	1
3375.8	0.5	3375800	untrained	32693	74	memtrain/o_550_1.jpg	photodiode	1
3376.601	0.5	3376601	untrained	32681	86	memtrain/o_288_1.jpg	photodiode	1
3377.452	0.5	3377452	catch	32671	n/a	catch_padded.jpg	photodiode	0
3377.805	0.0	3377805	response	7	n/a	n/a	trigger	0
3379.503	0.5	3379503	trained	32760	7	memtrain/o_091_2.jpg	photodiode	1
3380.254	0.5	3380254	untrained	32704	63	memtrain/o_310_2.jpg	photodiode	1
3381.155	0.5	3381155	untrained	32706	61	memtrain/o_298_2.jpg	photodiode	1
3381.955	0.5	3381955	catch	32671	n/a	catch_padded.jpg	photodiode	0
3382.315	0.0	3382315	response	7	n/a	n/a	trigger	0
3383.949	0.5	3383949	untrained	32695	72	memtrain/o_490_1.jpg	photodiode	1
3384.9	0.5	3384900	untrained	32701	66	memtrain/o_342_2.jpg	photodiode	1
3385.7	0.5	3385700	trained	32731	36	memtrain/o_583_1.jpg	photodiode	1
3386.501	0.5	3386501	untrained	32708	59	memtrain/o_201_2.jpg	photodiode	1
3387.252	0.5	3387252	catch	32671	n/a	catch_padded.jpg	photodiode	0
3387.556	0.0	3387556	response	7	n/a	n/a	trigger	0
3389.353	0.5	3389353	untrained	32677	90	memtrain/o_580_1.jpg	photodiode	1
3390.104	0.5	3390104	trained	32762	5	memtrain/o_067_1.jpg	photodiode	1
3390.905	0.5	3390905	untrained	32678	89	memtrain/o_469_1.jpg	photodiode	1
3391.756	0.5	3391756	trained	32733	34	memtrain/o_558_2.jpg	photodiode	1
3392.706	0.5	3392706	catch	32671	n/a	catch_padded.jpg	photodiode	0
3392.999	0.0	3392999	response	7	n/a	n/a	trigger	0
3394.708	0.5	3394708	untrained	32689	78	memtrain/o_599_1.jpg	photodiode	1
3395.459	0.5	3395459	untrained	32718	49	memtrain/o_054_2.jpg	photodiode	1
3396.359	0.5	3396359	trained	32735	32	memtrain/o_485_2.jpg	photodiode	1
3397.31	0.5	3397310	untrained	32713	54	memtrain/o_145_1.jpg	photodiode	1
3398.261	0.5	3398261	catch	32671	n/a	catch_padded.jpg	photodiode	0
3398.654	0.0	3398654	response	7	n/a	n/a	trigger	0
3400.163	0.5	3400163	trained	32745	22	memtrain/o_321_1.jpg	photodiode	1
3401.013	0.5	3401013	trained	32765	2	memtrain/o_035_1.jpg	photodiode	1
3401.914	0.5	3401914	trained	32728	39	memtrain/o_606_1.jpg	photodiode	1
3402.665	0.5	3402665	catch	32671	n/a	catch_padded.jpg	photodiode	0
3403.093	0.0	3403093	response	7	n/a	n/a	trigger	0
3404.767	0.5	3404767	trained	32738	29	memtrain/o_416_1.jpg	photodiode	1
3405.717	0.5	3405717	untrained	32697	70	memtrain/o_471_2.jpg	photodiode	1
3406.468	0.5	3406468	trained	32757	10	memtrain/o_111_2.jpg	photodiode	1
3407.269	0.5	3407269	untrained	32679	88	memtrain/o_458_1.jpg	photodiode	1
3408.169	0.5	3408169	catch	32671	n/a	catch_padded.jpg	photodiode	0
3408.469	0.0	3408469	response	7	n/a	n/a	trigger	0
3410.121	0.5	3410121	untrained	32714	53	memtrain/o_142_2.jpg	photodiode	1
3410.872	0.5	3410872	trained	32721	46	memtrain/so_113_1.jpg	photodiode	1
3411.672	0.5	3411672	trained	32734	33	memtrain/o_536_1.jpg	photodiode	1
3412.523	0.5	3412523	catch	32671	n/a	catch_padded.jpg	photodiode	0
3412.855	0.0	3412855	response	7	n/a	n/a	trigger	0
3414.416	0.5	3414416	untrained	32707	60	memtrain/o_228_2.jpg	photodiode	1
3415.217	0.5	3415217	trained	32723	44	memtrain/so_045_1.jpg	photodiode	1
3416.118	0.5	3416118	untrained	32717	50	memtrain/o_057_2.jpg	photodiode	1
3416.868	0.5	3416868	untrained	32692	75	memtrain/o_564_1.jpg	photodiode	1
3417.619	0.5	3417619	trained	32724	43	memtrain/so_043_2.jpg	photodiode	1
3418.37	0.5	3418370	catch	32671	n/a	catch_padded.jpg	photodiode	0
3418.765	0.0	3418765	response	7	n/a	n/a	trigger	0
3420.471	0.5	3420471	untrained	32676	91	memtrain/o_605_1.jpg	photodiode	1
3421.322	0.5	3421322	trained	32747	20	memtrain/o_290_1.jpg	photodiode	1
3422.173	0.5	3422173	untrained	32719	48	memtrain/o_019_2.jpg	photodiode	1
3423.024	0.5	3423024	untrained	32699	68	memtrain/o_393_1.jpg	photodiode	1
3423.974	0.5	3423974	trained	32742	25	memtrain/o_358_2.jpg	photodiode	1
3424.775	0.5	3424775	catch	32671	n/a	catch_padded.jpg	photodiode	0
3425.077	0.0	3425077	response	7	n/a	n/a	trigger	0
3426.877	0.5	3426877	untrained	32702	65	memtrain/o_337_2.jpg	photodiode	1
3427.627	0.5	3427627	untrained	32700	67	memtrain/o_378_1.jpg	photodiode	1
3428.528	0.5	3428528	trained	32766	1	memtrain/o_015_1.jpg	photodiode	1
3429.379	0.5	3429379	catch	32671	n/a	catch_padded.jpg	photodiode	0
3429.777	0.0	3429777	response	7	n/a	n/a	trigger	0
3431.431	0.5	3431431	trained	32752	15	memtrain/o_195_1.jpg	photodiode	1
3432.331	0.5	3432331	untrained	32673	94	memtrain/so_067_1.jpg	photodiode	1
3433.132	0.5	3433132	trained	32758	9	memtrain/o_101_2.jpg	photodiode	1
3434.083	0.5	3434083	trained	32744	23	memtrain/o_338_2.jpg	photodiode	1
3434.834	0.5	3434834	catch	32671	n/a	catch_padded.jpg	photodiode	0
3435.183	0.0	3435183	response	7	n/a	n/a	trigger	0
3436.935	0.5	3436935	untrained	32710	57	memtrain/o_171_1.jpg	photodiode	1
3437.886	0.5	3437886	trained	32754	13	memtrain/o_136_1.jpg	photodiode	1
3438.787	0.5	3438787	trained	32763	4	memtrain/o_042_1.jpg	photodiode	1
3439.588	0.5	3439588	catch	32671	n/a	catch_padded.jpg	photodiode	0
3439.945	0.0	3439945	response	7	n/a	n/a	trigger	0
3441.639	0.5	3441639	trained	32737	30	memtrain/o_437_2.jpg	photodiode	1
3442.482	0.5	3442482	trained	32743	24	memtrain/o_357_1.jpg	photodiode	1
3443.433	0.5	3443433	untrained	32674	93	memtrain/so_035_1.jpg	photodiode	1
3444.383	0.5	3444383	trained	32756	11	memtrain/o_117_2.jpg	photodiode	1
3445.284	0.5	3445284	trained	32739	28	memtrain/o_397_1.jpg	photodiode	1
3446.085	0.5	3446085	catch	32671	n/a	catch_padded.jpg	photodiode	0
3446.531	0.0	3446531	response	7	n/a	n/a	trigger	0
3448.187	0.5	3448187	trained	32720	47	memtrain/so_147_2.jpg	photodiode	1
3448.937	0.5	3448937	untrained	32715	52	memtrain/o_141_1.jpg	photodiode	1
3449.738	0.5	3449738	trained	32764	3	memtrain/o_040_2.jpg	photodiode	1
3450.589	0.5	3450589	untrained	32675	92	memtrain/so_033_1.jpg	photodiode	1
3451.339	0.5	3451339	trained	32722	45	memtrain/so_090_2.jpg	photodiode	1
3452.19	0.5	3452190	catch	32671	n/a	catch_padded.jpg	photodiode	0
3452.553	0.0	3452553	response	7	n/a	n/a	trigger	0
3454.142	0.5	3454142	untrained	32703	64	memtrain/o_334_2.jpg	photodiode	1
3454.992	0.5	3454992	untrained	32683	84	memtrain/so_117_2.jpg	photodiode	1
3455.893	0.5	3455893	trained	32726	41	memtrain/o_663_2.jpg	photodiode	1
3456.744	0.5	3456744	untrained	32716	51	memtrain/o_103_2.jpg	photodiode	1
3457.545	0.5	3457545	trained	32751	16	memtrain/o_199_2.jpg	photodiode	1
3458.395	0.5	3458395	catch	32671	n/a	catch_padded.jpg	photodiode	0
3458.828	0.0	3458828	response	7	n/a	n/a	trigger	0
3460.447	0.5	3460447	trained	32741	26	memtrain/o_376_1.jpg	photodiode	1
3461.248	0.5	3461248	trained	32748	19	memtrain/o_284_2.jpg	photodiode	1
3462.048	0.5	3462048	trained	32729	38	memtrain/o_603_1.jpg	photodiode	1
3462.799	0.5	3462799	untrained	32696	71	memtrain/o_483_1.jpg	photodiode	1
3463.6	0.5	3463600	catch	32671	n/a	catch_padded.jpg	photodiode	0
3463.936	0.0	3463936	response	7	n/a	n/a	trigger	0
3465.651	0.5	3465651	trained	32732	35	memtrain/o_561_2.jpg	photodiode	1
3466.502	0.5	3466502	trained	32746	21	memtrain/o_319_1.jpg	photodiode	1
3467.353	0.5	3467353	trained	32740	27	memtrain/o_379_2.jpg	photodiode	1
3468.204	0.5	3468204	untrained	32672	95	memtrain/so_125_1.jpg	photodiode	1
3469.004	0.5	3469004	catch	32671	n/a	catch_padded.jpg	photodiode	0
3469.683	0.0	3469683	response	7	n/a	n/a	trigger	0
3471.056	0.5	3471056	untrained	32685	82	memtrain/o_656_1.jpg	photodiode	1
3471.898	0.5	3471898	trained	32759	8	memtrain/o_094_1.jpg	photodiode	1
3472.849	0.5	3472849	untrained	32682	85	memtrain/o_218_1.jpg	photodiode	1
3473.8	0.5	3473800	trained	32767	0	memtrain/o_006_1.jpg	photodiode	1
3474.551	0.5	3474551	catch	32671	n/a	catch_padded.jpg	photodiode	0
3474.838	0.0	3474838	response	7	n/a	n/a	trigger	0
3476.652	0.5	3476652	untrained	32680	87	memtrain/o_365_1.jpg	photodiode	1
3477.503	0.5	3477503	trained	32749	18	memtrain/o_264_2.jpg	photodiode	1
3478.354	0.5	3478354	untrained	32711	56	memtrain/o_163_2.jpg	photodiode	1
3479.255	0.5	3479255	catch	32671	n/a	catch_padded.jpg	photodiode	0
3479.536	0.0	3479536	response	7	n/a	n/a	trigger	0
3481.206	0.5	3481206	untrained	32688	79	memtrain/o_600_1.jpg	photodiode	1
3482.157	0.5	3482157	trained	32755	12	memtrain/o_127_2.jpg	photodiode	1
3483.008	0.5	3483008	untrained	32687	80	memtrain/o_613_1.jpg	photodiode	1
3483.817	0.5	3483817	catch	32671	n/a	catch_padded.jpg	photodiode	0
3484.077	0.0	3484077	response	7	n/a	n/a	trigger	0
3485.71	0.5	3485710	untrained	32705	62	memtrain/o_304_1.jpg	photodiode	1
3486.511	0.5	3486511	untrained	32690	77	memtrain/o_574_2.jpg	photodiode	1
3487.411	0.5	3487411	trained	32750	17	memtrain/o_232_1.jpg	photodiode	1
3488.312	0.5	3488312	catch	32671	n/a	catch_padded.jpg	photodiode	0
3488.666	0.0	3488666	response	7	n/a	n/a	trigger	0
3490.786	0.0	3490786	block_end	120	n/a	n/a	trigger	0
3492.65	0.0	3492650	response	7	n/a	n/a	trigger	0
3529.916	0.0	3529916	response	7	n/a	n/a	trigger	0
3529.927	0.0	3529927	block_onset	113	n/a	n/a	trigger	0
3531.983	0.5	3531983	untrained	32690	77	memtrain/o_574_2.jpg	photodiode	1
3532.733	0.5	3532733	trained	32760	7	memtrain/o_091_2.jpg	photodiode	1
3533.684	0.5	3533684	untrained	32685	82	memtrain/o_656_1.jpg	photodiode	1
3534.485	0.5	3534485	trained	32750	17	memtrain/o_232_1.jpg	photodiode	1
3535.435	0.5	3535435	untrained	32674	93	memtrain/so_035_1.jpg	photodiode	1
3536.178	0.5	3536178	catch	32671	n/a	catch_padded.jpg	photodiode	0
3536.486	0.0	3536486	response	7	n/a	n/a	trigger	0
3538.238	0.5	3538238	untrained	32677	90	memtrain/o_580_1.jpg	photodiode	1
3539.08	0.5	3539080	trained	32735	32	memtrain/o_485_2.jpg	photodiode	1
3539.881	0.5	3539881	trained	32742	25	memtrain/o_358_2.jpg	photodiode	1
3540.632	0.5	3540632	catch	32671	n/a	catch_padded.jpg	photodiode	0
3540.948	0.0	3540948	response	7	n/a	n/a	trigger	0
3542.733	0.5	3542733	trained	32738	29	memtrain/o_416_1.jpg	photodiode	1
3543.684	0.5	3543684	trained	32733	34	memtrain/o_558_2.jpg	photodiode	1
3544.435	0.5	3544435	trained	32762	5	memtrain/o_067_1.jpg	photodiode	1
3545.286	0.5	3545286	untrained	32706	61	memtrain/o_298_2.jpg	photodiode	1
3546.136	0.5	3546136	trained	32727	40	memtrain/o_648_2.jpg	photodiode	1
3547.087	0.5	3547087	catch	32671	n/a	catch_padded.jpg	photodiode	0
3547.45	0.0	3547450	response	7	n/a	n/a	trigger	0
3549.039	0.5	3549039	trained	32721	46	memtrain/so_113_1.jpg	photodiode	1
3549.99	0.5	3549990	trained	32746	21	memtrain/o_319_1.jpg	photodiode	1
3550.74	0.5	3550740	trained	32726	41	memtrain/o_663_2.jpg	photodiode	1
3551.591	0.5	3551591	catch	32671	n/a	catch_padded.jpg	photodiode	0
3551.905	0.0	3551905	response	7	n/a	n/a	trigger	0
3553.643	0.5	3553643	trained	32752	15	memtrain/o_195_1.jpg	photodiode	1
3554.443	0.5	3554443	untrained	32679	88	memtrain/o_458_1.jpg	photodiode	1
3555.294	0.5	3555294	untrained	32673	94	memtrain/so_067_1.jpg	photodiode	1
3556.195	0.5	3556195	untrained	32688	79	memtrain/o_600_1.jpg	photodiode	1
3557.046	0.5	3557046	trained	32747	20	memtrain/o_290_1.jpg	photodiode	1
3557.996	0.5	3557996	catch	32671	n/a	catch_padded.jpg	photodiode	0
3558.263	0.0	3558263	response	7	n/a	n/a	trigger	0
3559.998	0.5	3559998	trained	32732	35	memtrain/o_561_2.jpg	photodiode	1
3560.849	0.5	3560849	untrained	32697	70	memtrain/o_471_2.jpg	photodiode	1
3561.8	0.5	3561800	untrained	32702	65	memtrain/o_337_2.jpg	photodiode	1
3562.65	0.5	3562650	untrained	32672	95	memtrain/so_125_1.jpg	photodiode	1
3563.401	0.5	3563401	trained	32741	26	memtrain/o_376_1.jpg	photodiode	1
3564.152	0.5	3564152	catch	32671	n/a	catch_padded.jpg	photodiode	0
3564.39	0.0	3564390	response	7	n/a	n/a	trigger	0
3566.045	0.5	3566045	untrained	32684	83	memtrain/so_105_1.jpg	photodiode	1
3566.795	0.5	3566795	untrained	32675	92	memtrain/so_033_1.jpg	photodiode	1
3567.696	0.5	3567696	untrained	32719	48	memtrain/o_019_2.jpg	photodiode	1
3568.597	0.5	3568597	untrained	32710	57	memtrain/o_171_1.jpg	photodiode	1
3569.448	0.5	3569448	untrained	32680	87	memtrain/o_365_1.jpg	photodiode	1
3570.348	0.5	3570348	catch	32671	n/a	catch_padded.jpg	photodiode	0
3570.691	0.0	3570691	response	7	n/a	n/a	trigger	0
3572.409	0.5	3572409	trained	32737	30	memtrain/o_437_2.jpg	photodiode	1
3573.351	0.5	3573351	trained	32759	8	memtrain/o_094_1.jpg	photodiode	1
3574.252	0.5	3574252	trained	32728	39	memtrain/o_606_1.jpg	photodiode	1
3575.052	0.5	3575052	catch	32671	n/a	catch_padded.jpg	photodiode	0
3575.37	0.0	3575370	response	7	n/a	n/a	trigger	0
3577.004	0.5	3577004	untrained	32716	51	memtrain/o_103_2.jpg	photodiode	1
3577.905	0.5	3577905	trained	32724	43	memtrain/so_043_2.jpg	photodiode	1
3578.806	0.5	3578806	untrained	32700	67	memtrain/o_378_1.jpg	photodiode	1
3579.656	0.5	3579656	untrained	32696	71	memtrain/o_483_1.jpg	photodiode	1
3580.607	0.5	3580607	catch	32671	n/a	catch_padded.jpg	photodiode	0
3580.945	0.0	3580945	response	7	n/a	n/a	trigger	0
3582.609	0.5	3582609	trained	32740	27	memtrain/o_379_2.jpg	photodiode	1
3583.46	0.5	3583460	trained	32753	14	memtrain/o_174_1.jpg	photodiode	1
3584.21	0.5	3584210	trained	32756	11	memtrain/o_117_2.jpg	photodiode	1
3585.161	0.5	3585161	trained	32748	19	memtrain/o_284_2.jpg	photodiode	1
3585.912	0.5	3585912	untrained	32678	89	memtrain/o_469_1.jpg	photodiode	1
3586.762	0.5	3586762	catch	32671	n/a	catch_padded.jpg	photodiode	0
3587.052	0.0	3587052	response	7	n/a	n/a	trigger	0
3588.664	0.5	3588664	untrained	32681	86	memtrain/o_288_1.jpg	photodiode	1
3589.415	0.5	3589415	untrained	32687	80	memtrain/o_613_1.jpg	photodiode	1
3590.365	0.5	3590365	trained	32729	38	memtrain/o_603_1.jpg	photodiode	1
3591.266	0.5	3591266	untrained	32707	60	memtrain/o_228_2.jpg	photodiode	1
3592.217	0.5	3592217	catch	32671	n/a	catch_padded.jpg	photodiode	0
3592.518	0.0	3592518	response	7	n/a	n/a	trigger	0
3594.169	0.5	3594169	untrained	32683	84	memtrain/so_117_2.jpg	photodiode	1
3595.011	0.5	3595011	untrained	32682	85	memtrain/o_218_1.jpg	photodiode	1
3595.862	0.5	3595862	untrained	32711	56	memtrain/o_163_2.jpg	photodiode	1
3596.763	0.5	3596763	untrained	32718	49	memtrain/o_054_2.jpg	photodiode	1
3597.613	0.5	3597613	trained	32739	28	memtrain/o_397_1.jpg	photodiode	1
3598.564	0.5	3598564	catch	32671	n/a	catch_padded.jpg	photodiode	0
3598.88	0.0	3598880	response	7	n/a	n/a	trigger	0
3600.566	0.5	3600566	untrained	32703	64	memtrain/o_334_2.jpg	photodiode	1
3601.367	0.5	3601367	untrained	32686	81	memtrain/o_655_2.jpg	photodiode	1
3602.117	0.5	3602117	untrained	32715	52	memtrain/o_141_1.jpg	photodiode	1
3603.018	0.5	3603018	trained	32730	37	memtrain/o_597_1.jpg	photodiode	1
3603.927	0.5	3603927	catch	32671	n/a	catch_padded.jpg	photodiode	0
3604.248	0.0	3604248	response	7	n/a	n/a	trigger	0
3606.02	0.5	3606020	untrained	32698	69	memtrain/o_464_2.jpg	photodiode	1
3606.971	0.5	3606971	untrained	32714	53	memtrain/o_142_2.jpg	photodiode	1
3607.822	0.5	3607822	untrained	32699	68	memtrain/o_393_1.jpg	photodiode	1
3608.723	0.5	3608723	untrained	32695	72	memtrain/o_490_1.jpg	photodiode	1
3609.523	0.5	3609523	catch	32671	n/a	catch_padded.jpg	photodiode	0
3609.809	0.0	3609809	response	7	n/a	n/a	trigger	0
3611.425	0.5	3611425	untrained	32712	55	memtrain/o_153_2.jpg	photodiode	1
3612.176	0.5	3612176	trained	32725	42	memtrain/so_034_2.jpg	photodiode	1
3613.076	0.5	3613076	trained	32749	18	memtrain/o_264_2.jpg	photodiode	1
3613.877	0.5	3613877	untrained	32713	54	memtrain/o_145_1.jpg	photodiode	1
3614.728	0.5	3614728	catch	32671	n/a	catch_padded.jpg	photodiode	0
3615.209	0.0	3615209	response	7	n/a	n/a	trigger	0
3616.73	0.5	3616730	trained	32723	44	memtrain/so_045_1.jpg	photodiode	1
3617.53	0.5	3617530	untrained	32694	73	memtrain/o_519_2.jpg	photodiode	1
3618.381	0.5	3618381	untrained	32691	76	memtrain/o_570_1.jpg	photodiode	1
3619.282	0.5	3619282	catch	32671	n/a	catch_padded.jpg	photodiode	0
3619.619	0.0	3619619	response	7	n/a	n/a	trigger	0
3621.233	0.5	3621233	trained	32744	23	memtrain/o_338_2.jpg	photodiode	1
3622.134	0.5	3622134	trained	32743	24	memtrain/o_357_1.jpg	photodiode	1
3622.885	0.5	3622885	untrained	32705	62	memtrain/o_304_1.jpg	photodiode	1
3623.827	0.5	3623827	trained	32720	47	memtrain/so_147_2.jpg	photodiode	1
3624.578	0.5	3624578	catch	32671	n/a	catch_padded.jpg	photodiode	0
3624.974	0.0	3624974	response	7	n/a	n/a	trigger	0
3626.679	0.5	3626679	trained	32722	45	memtrain/so_090_2.jpg	photodiode	1
3627.63	0.5	3627630	trained	32766	1	memtrain/o_015_1.jpg	photodiode	1
3628.439	0.5	3628439	trained	32745	22	memtrain/o_321_1.jpg	photodiode	1
3629.382	0.5	3629382	catch	32671	n/a	catch_padded.jpg	photodiode	0
3629.697	0.0	3629697	response	7	n/a	n/a	trigger	0
3631.433	0.5	3631433	trained	32754	13	memtrain/o_136_1.jpg	photodiode	1
3632.284	0.5	3632284	trained	32757	10	memtrain/o_111_2.jpg	photodiode	1
3633.235	0.5	3633235	untrained	32701	66	memtrain/o_342_2.jpg	photodiode	1
3633.986	0.5	3633986	untrained	32692	75	memtrain/o_564_1.jpg	photodiode	1
3634.736	0.5	3634736	catch	32671	n/a	catch_padded.jpg	photodiode	0
3635.072	0.0	3635072	response	7	n/a	n/a	trigger	0
3636.788	0.5	3636788	trained	32736	31	memtrain/o_465_2.jpg	photodiode	1
3637.739	0.5	3637739	trained	32761	6	memtrain/o_076_1.jpg	photodiode	1
3638.64	0.5	3638640	trained	32758	9	memtrain/o_101_2.jpg	photodiode	1
3639.54	0.5	3639540	trained	32734	33	memtrain/o_536_1.jpg	photodiode	1
3640.491	0.5	3640491	catch	32671	n/a	catch_padded.jpg	photodiode	0
3640.78	0.0	3640780	response	7	n/a	n/a	trigger	0
3642.593	0.5	3642593	trained	32755	12	memtrain/o_127_2.jpg	photodiode	1
3643.344	0.5	3643344	trained	32751	16	memtrain/o_199_2.jpg	photodiode	1
3644.144	0.5	3644144	untrained	32708	59	memtrain/o_201_2.jpg	photodiode	1
3644.895	0.5	3644895	catch	32671	n/a	catch_padded.jpg	photodiode	0
3645.255	0.0	3645255	response	7	n/a	n/a	trigger	0
3646.797	0.5	3646797	untrained	32709	58	memtrain/o_192_1.jpg	photodiode	1
3647.697	0.5	3647697	trained	32763	4	memtrain/o_042_1.jpg	photodiode	1
3648.648	0.5	3648648	untrained	32717	50	memtrain/o_057_2.jpg	photodiode	1
3649.599	0.5	3649599	catch	32671	n/a	catch_padded.jpg	photodiode	0
3649.937	0.0	3649937	response	7	n/a	n/a	trigger	0
3651.701	0.5	3651701	trained	32765	2	memtrain/o_035_1.jpg	photodiode	1
3652.451	0.5	3652451	untrained	32693	74	memtrain/o_550_1.jpg	photodiode	1
3653.394	0.5	3653394	untrained	32704	63	memtrain/o_310_2.jpg	photodiode	1
3654.253	0.5	3654253	catch	32671	n/a	catch_padded.jpg	photodiode	0
3654.622	0.0	3654622	response	7	n/a	n/a	trigger	0
3656.204	0.5	3656204	untrained	32689	78	memtrain/o_599_1.jpg	photodiode	1
3657.047	0.5	3657047	trained	32731	36	memtrain/o_583_1.jpg	photodiode	1
3657.806	0.5	3657806	untrained	32676	91	memtrain/o_605_1.jpg	photodiode	1
3658.548	0.5	3658548	catch	32671	n/a	catch_padded.jpg	photodiode	0
3658.919	0.0	3658919	response	7	n/a	n/a	trigger	0
3660.55	0.5	3660550	trained	32764	3	memtrain/o_040_2.jpg	photodiode	1
3661.409	0.5	3661409	trained	32767	0	memtrain/o_006_1.jpg	photodiode	1
3662.201	0.5	3662201	trained	32739	28	memtrain/o_397_1.jpg	photodiode	1
3663.102	0.5	3663102	catch	32671	n/a	catch_padded.jpg	photodiode	0
3663.551	0.0	3663551	response	7	n/a	n/a	trigger	0
3665.054	0.5	3665054	trained	32721	46	memtrain/so_113_1.jpg	photodiode	1
3665.905	0.5	3665905	trained	32736	31	memtrain/o_465_2.jpg	photodiode	1
3666.705	0.5	3666705	trained	32755	12	memtrain/o_127_2.jpg	photodiode	1
3667.606	0.5	3667606	catch	32671	n/a	catch_padded.jpg	photodiode	0
3668.145	0.0	3668145	response	7	n/a	n/a	trigger	0
3669.508	0.5	3669508	trained	32760	7	memtrain/o_091_2.jpg	photodiode	1
3670.308	0.5	3670308	untrained	32716	51	memtrain/o_103_2.jpg	photodiode	1
3671.109	0.5	3671109	untrained	32709	58	memtrain/o_192_1.jpg	photodiode	1
3672.01	0.5	3672010	trained	32742	25	memtrain/o_358_2.jpg	photodiode	1
3672.76	0.5	3672760	untrained	32706	61	memtrain/o_298_2.jpg	photodiode	1
3673.611	0.5	3673611	catch	32671	n/a	catch_padded.jpg	photodiode	0
3673.916	0.0	3673916	response	7	n/a	n/a	trigger	0
3675.513	0.5	3675513	untrained	32693	74	memtrain/o_550_1.jpg	photodiode	1
3676.263	0.5	3676263	untrained	32680	87	memtrain/o_365_1.jpg	photodiode	1
3677.014	0.5	3677014	untrained	32694	73	memtrain/o_519_2.jpg	photodiode	1
3677.815	0.5	3677815	trained	32765	2	memtrain/o_035_1.jpg	photodiode	1
3678.565	0.5	3678565	untrained	32708	59	memtrain/o_201_2.jpg	photodiode	1
3679.366	0.5	3679366	catch	32671	n/a	catch_padded.jpg	photodiode	0
3679.783	0.0	3679783	response	7	n/a	n/a	trigger	0
3681.468	0.5	3681468	untrained	32686	81	memtrain/o_655_2.jpg	photodiode	1
3682.31	0.5	3682310	untrained	32688	79	memtrain/o_600_1.jpg	photodiode	1
3683.069	0.5	3683069	untrained	32715	52	memtrain/o_141_1.jpg	photodiode	1
3683.87	0.5	3683870	catch	32671	n/a	catch_padded.jpg	photodiode	0
3684.334	0.0	3684334	response	7	n/a	n/a	trigger	0
3685.963	0.5	3685963	trained	32746	21	memtrain/o_319_1.jpg	photodiode	1
3686.864	0.5	3686864	untrained	32697	70	memtrain/o_471_2.jpg	photodiode	1
3687.614	0.5	3687614	untrained	32681	86	memtrain/o_288_1.jpg	photodiode	1
3688.465	0.5	3688465	catch	32671	n/a	catch_padded.jpg	photodiode	0
3689.271	0.0	3689271	response	7	n/a	n/a	trigger	0
3690.517	0.5	3690517	untrained	32718	49	memtrain/o_054_2.jpg	photodiode	1
3691.268	0.5	3691268	untrained	32689	78	memtrain/o_599_1.jpg	photodiode	1
3692.068	0.5	3692068	untrained	32682	85	memtrain/o_218_1.jpg	photodiode	1
3692.877	0.5	3692877	catch	32671	n/a	catch_padded.jpg	photodiode	0
3693.216	0.0	3693216	response	7	n/a	n/a	trigger	0
3694.771	0.5	3694771	trained	32741	26	memtrain/o_376_1.jpg	photodiode	1
3695.621	0.5	3695621	trained	32725	42	memtrain/so_034_2.jpg	photodiode	1
3696.372	0.5	3696372	untrained	32717	50	memtrain/o_057_2.jpg	photodiode	1
3697.273	0.5	3697273	catch	32671	n/a	catch_padded.jpg	photodiode	0
3697.589	0.0	3697589	response	7	n/a	n/a	trigger	0
3699.274	0.5	3699274	untrained	32707	60	memtrain/o_228_2.jpg	photodiode	1
3700.075	0.5	3700075	trained	32734	33	memtrain/o_536_1.jpg	photodiode	1
3700.926	0.5	3700926	trained	32723	44	memtrain/so_045_1.jpg	photodiode	1
3701.726	0.5	3701726	trained	32752	15	memtrain/o_195_1.jpg	photodiode	1
3702.577	0.5	3702577	trained	32763	4	memtrain/o_042_1.jpg	photodiode	1
3703.428	0.5	3703428	catch	32671	n/a	catch_padded.jpg	photodiode	0
3703.728	0.0	3703728	response	7	n/a	n/a	trigger	0
3705.329	0.5	3705329	untrained	32683	84	memtrain/so_117_2.jpg	photodiode	1
3706.23	0.5	3706230	untrained	32699	68	memtrain/o_393_1.jpg	photodiode	1
3707.031	0.5	3707031	trained	32728	39	memtrain/o_606_1.jpg	photodiode	1
3707.882	0.5	3707882	untrained	32712	55	memtrain/o_153_2.jpg	photodiode	1
3708.782	0.5	3708782	untrained	32704	63	memtrain/o_310_2.jpg	photodiode	1
3709.733	0.5	3709733	catch	32671	n/a	catch_padded.jpg	photodiode	0
3710.024	0.0	3710024	response	7	n/a	n/a	trigger	0
3711.735	0.5	3711735	trained	32754	13	memtrain/o_136_1.jpg	photodiode	1
3712.536	0.5	3712536	trained	32767	0	memtrain/o_006_1.jpg	photodiode	1
3713.386	0.5	3713386	trained	32727	40	memtrain/o_648_2.jpg	photodiode	1
3714.279	0.5	3714279	trained	32745	22	memtrain/o_321_1.jpg	photodiode	1
3715.03	0.5	3715030	catch	32671	n/a	catch_padded.jpg	photodiode	0
3715.351	0.0	3715351	response	7	n/a	n/a	trigger	0
3716.931	0.5	3716931	trained	32724	43	memtrain/so_043_2.jpg	photodiode	1
3717.832	0.5	3717832	untrained	32687	80	memtrain/o_613_1.jpg	photodiode	1
3718.683	0.5	3718683	trained	32737	30	memtrain/o_437_2.jpg	photodiode	1
3719.483	0.5	3719483	trained	32759	8	memtrain/o_094_1.jpg	photodiode	1
3720.384	0.5	3720384	catch	32671	n/a	catch_padded.jpg	photodiode	0
3720.706	0.0	3720706	response	7	n/a	n/a	trigger	0
3722.486	0.5	3722486	untrained	32698	69	memtrain/o_464_2.jpg	photodiode	1
3723.287	0.5	3723287	untrained	32690	77	memtrain/o_574_2.jpg	photodiode	1
3724.037	0.5	3724037	trained	32761	6	memtrain/o_076_1.jpg	photodiode	1
3724.788	0.5	3724788	untrained	32675	92	memtrain/so_033_1.jpg	photodiode	1
3725.689	0.5	3725689	catch	32671	n/a	catch_padded.jpg	photodiode	0
3725.991	0.0	3725991	response	7	n/a	n/a	trigger	0
3727.79	0.5	3727790	untrained	32677	90	memtrain/o_580_1.jpg	photodiode	1
3728.691	0.5	3728691	untrained	32692	75	memtrain/o_564_1.jpg	photodiode	1
3729.592	0.5	3729592	untrained	32684	83	memtrain/so_105_1.jpg	photodiode	1
3730.393	0.5	3730393	trained	32766	1	memtrain/o_015_1.jpg	photodiode	1
3730.696	0.0	3730696	response	7	n/a	n/a	trigger	0
3731.193	0.5	3731193	trained	32744	23	memtrain/o_338_2.jpg	photodiode	1
3732.094	0.5	3732094	catch	32671	n/a	catch_padded.jpg	photodiode	0
3732.363	0.0	3732363	response	7	n/a	n/a	trigger	0
3733.996	0.5	3733996	trained	32732	35	memtrain/o_561_2.jpg	photodiode	1
3734.946	0.5	3734946	untrained	32678	89	memtrain/o_469_1.jpg	photodiode	1
3735.747	0.5	3735747	untrained	32695	72	memtrain/o_490_1.jpg	photodiode	1
3736.498	0.5	3736498	trained	32743	24	memtrain/o_357_1.jpg	photodiode	1
3737.398	0.5	3737398	trained	32720	47	memtrain/so_147_2.jpg	photodiode	1
3738.349	0.5	3738349	catch	32671	n/a	catch_padded.jpg	photodiode	0
3738.658	0.0	3738658	response	7	n/a	n/a	trigger	0
3740.301	0.5	3740301	untrained	32700	67	memtrain/o_378_1.jpg	photodiode	1
3741.252	0.5	3741252	untrained	32711	56	memtrain/o_163_2.jpg	photodiode	1
3742.152	0.5	3742152	untrained	32710	57	memtrain/o_171_1.jpg	photodiode	1
3743.095	0.5	3743095	untrained	32713	54	memtrain/o_145_1.jpg	photodiode	1
3743.845	0.5	3743845	catch	32671	n/a	catch_padded.jpg	photodiode	0
3744.164	0.0	3744164	response	7	n/a	n/a	trigger	0
3745.797	0.5	3745797	trained	32729	38	memtrain/o_603_1.jpg	photodiode	1
3746.698	0.5	3746698	trained	32762	5	memtrain/o_067_1.jpg	photodiode	1
3747.599	0.5	3747599	trained	32751	16	memtrain/o_199_2.jpg	photodiode	1
3748.399	0.5	3748399	trained	32726	41	memtrain/o_663_2.jpg	photodiode	1
3749.35	0.5	3749350	trained	32758	9	memtrain/o_101_2.jpg	photodiode	1
3750.251	0.5	3750251	catch	32671	n/a	catch_padded.jpg	photodiode	0
3750.579	0.0	3750579	response	7	n/a	n/a	trigger	0
3752.203	0.5	3752203	trained	32753	14	memtrain/o_174_1.jpg	photodiode	1
3753.053	0.5	3753053	untrained	32701	66	memtrain/o_342_2.jpg	photodiode	1
3753.954	0.5	3753954	untrained	32679	88	memtrain/o_458_1.jpg	photodiode	1
3754.805	0.5	3754805	untrained	32703	64	memtrain/o_334_2.jpg	photodiode	1
3755.655	0.5	3755655	catch	32671	n/a	catch_padded.jpg	photodiode	0
3756.009	0.0	3756009	response	7	n/a	n/a	trigger	0
3757.707	0.5	3757707	trained	32730	37	memtrain/o_597_1.jpg	photodiode	1
3758.658	0.5	3758658	trained	32722	45	memtrain/so_090_2.jpg	photodiode	1
3759.459	0.5	3759459	trained	32740	27	memtrain/o_379_2.jpg	photodiode	1
3760.259	0.5	3760259	catch	32671	n/a	catch_padded.jpg	photodiode	0
3760.584	0.0	3760584	response	7	n/a	n/a	trigger	0
3762.361	0.5	3762361	trained	32738	29	memtrain/o_416_1.jpg	photodiode	1
3763.162	0.5	3763162	untrained	32674	93	memtrain/so_035_1.jpg	photodiode	1
3764.113	0.5	3764113	trained	32735	32	memtrain/o_485_2.jpg	photodiode	1
3764.913	0.5	3764913	untrained	32685	82	memtrain/o_656_1.jpg	photodiode	1
3765.764	0.5	3765764	catch	32671	n/a	catch_padded.jpg	photodiode	0
3766.103	0.0	3766103	response	7	n/a	n/a	trigger	0
3767.766	0.5	3767766	untrained	32673	94	memtrain/so_067_1.jpg	photodiode	1
3768.616	0.5	3768616	untrained	32702	65	memtrain/o_337_2.jpg	photodiode	1
3769.417	0.5	3769417	trained	32731	36	memtrain/o_583_1.jpg	photodiode	1
3770.318	0.5	3770318	untrained	32705	62	memtrain/o_304_1.jpg	photodiode	1
3770.566	0.0	3770566	response	7	n/a	n/a	trigger	0
3771.219	0.5	3771219	untrained	32672	95	memtrain/so_125_1.jpg	photodiode	1
3772.069	0.5	3772069	catch	32671	n/a	catch_padded.jpg	photodiode	0
3772.364	0.0	3772364	response	7	n/a	n/a	trigger	0
3773.963	0.5	3773963	trained	32733	34	memtrain/o_558_2.jpg	photodiode	1
3774.763	0.5	3774763	untrained	32719	48	memtrain/o_019_2.jpg	photodiode	1
3775.714	0.5	3775714	untrained	32714	53	memtrain/o_142_2.jpg	photodiode	1
3776.515	0.5	3776515	trained	32764	3	memtrain/o_040_2.jpg	photodiode	1
3777.266	0.5	3777266	trained	32757	10	memtrain/o_111_2.jpg	photodiode	1
3778.066	0.5	3778066	catch	32671	n/a	catch_padded.jpg	photodiode	0
3778.375	0.0	3778375	response	7	n/a	n/a	trigger	0
3780.168	0.5	3780168	untrained	32676	91	memtrain/o_605_1.jpg	photodiode	1
3781.069	0.5	3781069	untrained	32696	71	memtrain/o_483_1.jpg	photodiode	1
3782.02	0.5	3782020	untrained	32691	76	memtrain/o_570_1.jpg	photodiode	1
3782.77	0.5	3782770	trained	32756	11	memtrain/o_117_2.jpg	photodiode	1
3783.621	0.5	3783621	catch	32671	n/a	catch_padded.jpg	photodiode	0
3783.895	0.0	3783895	response	7	n/a	n/a	trigger	0
3785.723	0.5	3785723	trained	32749	18	memtrain/o_264_2.jpg	photodiode	1
3786.674	0.5	3786674	trained	32747	20	memtrain/o_290_1.jpg	photodiode	1
3787.624	0.5	3787624	trained	32748	19	memtrain/o_284_2.jpg	photodiode	1
3788.575	0.5	3788575	trained	32750	17	memtrain/o_232_1.jpg	photodiode	1
3789.376	0.5	3789376	catch	32671	n/a	catch_padded.jpg	photodiode	0
3789.653	0.0	3789653	response	7	n/a	n/a	trigger	0
3791.851	0.0	3791851	block_end	120	n/a	n/a	trigger	0
3792.517	0.0	3792517	response	7	n/a	n/a	trigger	0
3834.616	0.0	3834616	response	7	n/a	n/a	trigger	0
3834.627	0.0	3834627	block_onset	114	n/a	n/a	trigger	0
3836.683	0.5	3836683	trained	32729	38	memtrain/o_603_1.jpg	photodiode	1
3837.433	0.5	3837433	trained	32758	9	memtrain/o_101_2.jpg	photodiode	1
3838.384	0.5	3838384	trained	32723	44	memtrain/so_045_1.jpg	photodiode	1
3839.235	0.5	3839235	catch	32671	n/a	catch_padded.jpg	photodiode	0
3839.597	0.0	3839597	response	7	n/a	n/a	trigger	0
3841.337	0.5	3841337	untrained	32702	65	memtrain/o_337_2.jpg	photodiode	1
3842.079	0.5	3842079	trained	32763	4	memtrain/o_042_1.jpg	photodiode	1
3842.979	0.5	3842979	untrained	32686	81	memtrain/o_655_2.jpg	photodiode	1
3843.88	0.5	3843880	catch	32671	n/a	catch_padded.jpg	photodiode	0
3844.125	0.0	3844125	response	7	n/a	n/a	trigger	0
3845.782	0.5	3845782	untrained	32704	63	memtrain/o_310_2.jpg	photodiode	1
3846.683	0.5	3846683	trained	32749	18	memtrain/o_264_2.jpg	photodiode	1
3847.533	0.5	3847533	trained	32733	34	memtrain/o_558_2.jpg	photodiode	1
3848.384	0.5	3848384	trained	32735	32	memtrain/o_485_2.jpg	photodiode	1
3849.285	0.5	3849285	trained	32754	13	memtrain/o_136_1.jpg	photodiode	1
3850.236	0.5	3850236	catch	32671	n/a	catch_padded.jpg	photodiode	0
3850.547	0.0	3850547	response	7	n/a	n/a	trigger	0
3852.237	0.5	3852237	untrained	32675	92	memtrain/so_033_1.jpg	photodiode	1
3853.138	0.5	3853138	trained	32722	45	memtrain/so_090_2.jpg	photodiode	1
3853.889	0.5	3853889	trained	32731	36	memtrain/o_583_1.jpg	photodiode	1
3854.739	0.5	3854739	catch	32671	n/a	catch_padded.jpg	photodiode	0
3855.059	0.0	3855059	response	7	n/a	n/a	trigger	0
3856.641	0.5	3856641	trained	32765	2	memtrain/o_035_1.jpg	photodiode	1
3857.592	0.5	3857592	trained	32728	39	memtrain/o_606_1.jpg	photodiode	1
3858.393	0.5	3858393	untrained	32719	48	memtrain/o_019_2.jpg	photodiode	1
3859.193	0.5	3859193	catch	32671	n/a	catch_padded.jpg	photodiode	0
3859.488	0.0	3859488	response	7	n/a	n/a	trigger	0
3861.245	0.5	3861245	trained	32726	41	memtrain/o_663_2.jpg	photodiode	1
3862.196	0.5	3862196	trained	32755	12	memtrain/o_127_2.jpg	photodiode	1
3863.046	0.5	3863046	trained	32766	1	memtrain/o_015_1.jpg	photodiode	1
3863.947	0.5	3863947	catch	32671	n/a	catch_padded.jpg	photodiode	0
3864.279	0.0	3864279	response	7	n/a	n/a	trigger	0
3866.049	0.5	3866049	trained	32748	19	memtrain/o_284_2.jpg	photodiode	1
3866.95	0.5	3866950	trained	32741	26	memtrain/o_376_1.jpg	photodiode	1
3867.901	0.5	3867901	trained	32745	22	memtrain/o_321_1.jpg	photodiode	1
3868.751	0.5	3868751	trained	32739	28	memtrain/o_397_1.jpg	photodiode	1
3869.502	0.5	3869502	trained	32750	17	memtrain/o_232_1.jpg	photodiode	1
3870.403	0.5	3870403	catch	32671	n/a	catch_padded.jpg	photodiode	0
3870.688	0.0	3870688	response	7	n/a	n/a	trigger	0
3872.354	0.5	3872354	trained	32740	27	memtrain/o_379_2.jpg	photodiode	1
3873.247	0.5	3873247	untrained	32700	67	memtrain/o_378_1.jpg	photodiode	1
3874.048	0.5	3874048	trained	32721	46	memtrain/so_113_1.jpg	photodiode	1
3874.898	0.5	3874898	untrained	32694	73	memtrain/o_519_2.jpg	photodiode	1
3875.649	0.5	3875649	catch	32671	n/a	catch_padded.jpg	photodiode	0
3875.951	0.0	3875951	response	7	n/a	n/a	trigger	0
3877.651	0.5	3877651	trained	32730	37	memtrain/o_597_1.jpg	photodiode	1
3878.401	0.5	3878401	trained	32737	30	memtrain/o_437_2.jpg	photodiode	1
3879.302	0.5	3879302	trained	32732	35	memtrain/o_561_2.jpg	photodiode	1
3880.153	0.5	3880153	trained	32738	29	memtrain/o_416_1.jpg	photodiode	1
3880.953	0.5	3880953	trained	32746	21	memtrain/o_319_1.jpg	photodiode	1
3881.804	0.5	3881804	catch	32671	n/a	catch_padded.jpg	photodiode	0
3882.18	0.0	3882180	response	7	n/a	n/a	trigger	0
3883.906	0.5	3883906	trained	32720	47	memtrain/so_147_2.jpg	photodiode	1
3884.657	0.5	3884657	trained	32734	33	memtrain/o_536_1.jpg	photodiode	1
3885.607	0.5	3885607	untrained	32712	55	memtrain/o_153_2.jpg	photodiode	1
3886.358	0.5	3886358	catch	32671	n/a	catch_padded.jpg	photodiode	0
3886.715	0.0	3886715	response	7	n/a	n/a	trigger	0
3888.31	0.5	3888310	trained	32764	3	memtrain/o_040_2.jpg	photodiode	1
3889.21	0.5	3889210	untrained	32717	50	memtrain/o_057_2.jpg	photodiode	1
3890.111	0.5	3890111	trained	32743	24	memtrain/o_357_1.jpg	photodiode	1
3891.062	0.5	3891062	untrained	32715	52	memtrain/o_141_1.jpg	photodiode	1
3892.013	0.5	3892013	untrained	32683	84	memtrain/so_117_2.jpg	photodiode	1
3892.814	0.5	3892814	catch	32671	n/a	catch_padded.jpg	photodiode	0
3893.141	0.0	3893141	response	7	n/a	n/a	trigger	0
3894.715	0.5	3894715	untrained	32680	87	memtrain/o_365_1.jpg	photodiode	1
3895.616	0.5	3895616	untrained	32678	89	memtrain/o_469_1.jpg	photodiode	1
3896.417	0.5	3896417	untrained	32689	78	memtrain/o_599_1.jpg	photodiode	1
3897.167	0.5	3897167	untrained	32674	93	memtrain/so_035_1.jpg	photodiode	1
3898.018	0.5	3898018	catch	32671	n/a	catch_padded.jpg	photodiode	0
3898.312	0.0	3898312	response	7	n/a	n/a	trigger	0
3899.911	0.5	3899911	untrained	32672	95	memtrain/so_125_1.jpg	photodiode	1
3900.662	0.5	3900662	untrained	32691	76	memtrain/o_570_1.jpg	photodiode	1
3901.412	0.5	3901412	untrained	32688	79	memtrain/o_600_1.jpg	photodiode	1
3902.163	0.5	3902163	catch	32671	n/a	catch_padded.jpg	photodiode	0
3902.5	0.0	3902500	response	7	n/a	n/a	trigger	0
3904.073	0.5	3904073	trained	32725	42	memtrain/so_034_2.jpg	photodiode	1
3905.015	0.5	3905015	untrained	32699	68	memtrain/o_393_1.jpg	photodiode	1
3905.966	0.5	3905966	untrained	32673	94	memtrain/so_067_1.jpg	photodiode	1
3906.767	0.5	3906767	untrained	32697	70	memtrain/o_471_2.jpg	photodiode	1
3907.718	0.5	3907718	untrained	32687	80	memtrain/o_613_1.jpg	photodiode	1
3908.468	0.5	3908468	catch	32671	n/a	catch_padded.jpg	photodiode	0
3908.804	0.0	3908804	response	7	n/a	n/a	trigger	0
3910.37	0.5	3910370	trained	32727	40	memtrain/o_648_2.jpg	photodiode	1
3911.121	0.5	3911121	trained	32762	5	memtrain/o_067_1.jpg	photodiode	1
3911.871	0.5	3911871	trained	32744	23	memtrain/o_338_2.jpg	photodiode	1
3912.672	0.5	3912672	untrained	32705	62	memtrain/o_304_1.jpg	photodiode	1
3913.523	0.5	3913523	catch	32671	n/a	catch_padded.jpg	photodiode	0
3913.776	0.0	3913776	response	7	n/a	n/a	trigger	0
3915.624	0.5	3915624	trained	32724	43	memtrain/so_043_2.jpg	photodiode	1
3916.375	0.5	3916375	untrained	32682	85	memtrain/o_218_1.jpg	photodiode	1
3917.276	0.5	3917276	trained	32736	31	memtrain/o_465_2.jpg	photodiode	1
3918.076	0.5	3918076	untrained	32714	53	memtrain/o_142_2.jpg	photodiode	1
3918.827	0.5	3918827	untrained	32710	57	memtrain/o_171_1.jpg	photodiode	1
3919.578	0.5	3919578	catch	32671	n/a	catch_padded.jpg	photodiode	0
3919.9	0.0	3919900	response	7	n/a	n/a	trigger	0
3921.479	0.5	3921479	untrained	32684	83	memtrain/so_105_1.jpg	photodiode	1
3922.28	0.5	3922280	untrained	32692	75	memtrain/o_564_1.jpg	photodiode	1
3923.131	0.5	3923131	untrained	32677	90	memtrain/o_580_1.jpg	photodiode	1
3923.981	0.5	3923981	untrained	32685	82	memtrain/o_656_1.jpg	photodiode	1
3924.882	0.5	3924882	trained	32751	16	memtrain/o_199_2.jpg	photodiode	1
3925.833	0.5	3925833	catch	32671	n/a	catch_padded.jpg	photodiode	0
3926.159	0.0	3926159	response	7	n/a	n/a	trigger	0
3927.785	0.5	3927785	trained	32753	14	memtrain/o_174_1.jpg	photodiode	1
3928.736	0.5	3928736	trained	32747	20	memtrain/o_290_1.jpg	photodiode	1
3929.478	0.5	3929478	trained	32757	10	memtrain/o_111_2.jpg	photodiode	1
3930.229	0.5	3930229	catch	32671	n/a	catch_padded.jpg	photodiode	0
3930.524	0.0	3930524	response	7	n/a	n/a	trigger	0
3932.28	0.5	3932280	trained	32759	8	memtrain/o_094_1.jpg	photodiode	1
3933.131	0.5	3933131	untrained	32716	51	memtrain/o_103_2.jpg	photodiode	1
3934.032	0.5	3934032	untrained	32695	72	memtrain/o_490_1.jpg	photodiode	1
3934.782	0.5	3934782	untrained	32713	54	memtrain/o_145_1.jpg	photodiode	1
3935.683	0.5	3935683	catch	32671	n/a	catch_padded.jpg	photodiode	0
3936.097	0.0	3936097	response	7	n/a	n/a	trigger	0
3937.785	0.5	3937785	untrained	32690	77	memtrain/o_574_2.jpg	photodiode	1
3938.636	0.5	3938636	untrained	32707	60	memtrain/o_228_2.jpg	photodiode	1
3939.587	0.5	3939587	trained	32752	15	memtrain/o_195_1.jpg	photodiode	1
3940.387	0.5	3940387	trained	32742	25	memtrain/o_358_2.jpg	photodiode	1
3941.138	0.5	3941138	untrained	32703	64	memtrain/o_334_2.jpg	photodiode	1
3941.939	0.5	3941939	catch	32671	n/a	catch_padded.jpg	photodiode	0
3942.208	0.0	3942208	response	7	n/a	n/a	trigger	0
3943.84	0.5	3943840	trained	32761	6	memtrain/o_076_1.jpg	photodiode	1
3944.691	0.5	3944691	untrained	32708	59	memtrain/o_201_2.jpg	photodiode	1
3945.441	0.5	3945441	untrained	32711	56	memtrain/o_163_2.jpg	photodiode	1
3946.392	0.5	3946392	catch	32671	n/a	catch_padded.jpg	photodiode	0
3946.758	0.0	3946758	response	7	n/a	n/a	trigger	0
3948.394	0.5	3948394	untrained	32676	91	memtrain/o_605_1.jpg	photodiode	1
3949.145	0.5	3949145	untrained	32718	49	memtrain/o_054_2.jpg	photodiode	1
3949.945	0.5	3949945	untrained	32681	86	memtrain/o_288_1.jpg	photodiode	1
3950.696	0.5	3950696	catch	32671	n/a	catch_padded.jpg	photodiode	0
3951.091	0.0	3951091	response	7	n/a	n/a	trigger	0
3952.798	0.5	3952798	untrained	32698	69	memtrain/o_464_2.jpg	photodiode	1
3953.548	0.5	3953548	untrained	32693	74	memtrain/o_550_1.jpg	photodiode	1
3954.349	0.5	3954349	untrained	32709	58	memtrain/o_192_1.jpg	photodiode	1
3955.2	0.5	3955200	untrained	32701	66	memtrain/o_342_2.jpg	photodiode	1
3955.95	0.5	3955950	untrained	32706	61	memtrain/o_298_2.jpg	photodiode	1
3956.901	0.5	3956901	catch	32671	n/a	catch_padded.jpg	photodiode	0
3957.191	0.0	3957191	response	7	n/a	n/a	trigger	0
3959.003	0.5	3959003	untrained	32696	71	memtrain/o_483_1.jpg	photodiode	1
3959.795	0.5	3959795	trained	32767	0	memtrain/o_006_1.jpg	photodiode	1
3960.654	0.5	3960654	trained	32760	7	memtrain/o_091_2.jpg	photodiode	1
3961.547	0.5	3961547	catch	32671	n/a	catch_padded.jpg	photodiode	0
3961.902	0.0	3961902	response	7	n/a	n/a	trigger	0
3963.548	0.5	3963548	trained	32756	11	memtrain/o_117_2.jpg	photodiode	1
3964.449	0.5	3964449	untrained	32679	88	memtrain/o_458_1.jpg	photodiode	1
3965.4	0.5	3965400	untrained	32681	86	memtrain/o_288_1.jpg	photodiode	1
3966.351	0.5	3966351	trained	32737	30	memtrain/o_437_2.jpg	photodiode	1
3967.201	0.5	3967201	catch	32671	n/a	catch_padded.jpg	photodiode	0
3967.55	0.0	3967550	response	7	n/a	n/a	trigger	0
3969.153	0.5	3969153	trained	32739	28	memtrain/o_397_1.jpg	photodiode	1
3970.054	0.5	3970054	untrained	32695	72	memtrain/o_490_1.jpg	photodiode	1
3970.804	0.5	3970804	untrained	32689	78	memtrain/o_599_1.jpg	photodiode	1
3971.705	0.5	3971705	catch	32671	n/a	catch_padded.jpg	photodiode	0
3972.059	0.0	3972059	response	7	n/a	n/a	trigger	0
3973.707	0.5	3973707	trained	32759	8	memtrain/o_094_1.jpg	photodiode	1
3974.508	0.5	3974508	untrained	32684	83	memtrain/so_105_1.jpg	photodiode	1
3975.358	0.5	3975358	untrained	32719	48	memtrain/o_019_2.jpg	photodiode	1
3976.159	0.5	3976159	trained	32763	4	memtrain/o_042_1.jpg	photodiode	1
3977.01	0.5	3977010	catch	32671	n/a	catch_padded.jpg	photodiode	0
3977.353	0.0	3977353	response	7	n/a	n/a	trigger	0
3979.112	0.5	3979112	untrained	32694	73	memtrain/o_519_2.jpg	photodiode	1
3979.912	0.5	3979912	untrained	32688	79	memtrain/o_600_1.jpg	photodiode	1
3980.813	0.5	3980813	untrained	32680	87	memtrain/o_365_1.jpg	photodiode	1
3981.714	0.5	3981714	catch	32671	n/a	catch_padded.jpg	photodiode	0
3982.062	0.0	3982062	response	7	n/a	n/a	trigger	0
3983.615	0.5	3983615	untrained	32692	75	memtrain/o_564_1.jpg	photodiode	1
3984.366	0.5	3984366	trained	32733	34	memtrain/o_558_2.jpg	photodiode	1
3985.167	0.5	3985167	untrained	32686	81	memtrain/o_655_2.jpg	photodiode	1
3986.067	0.5	3986067	catch	32671	n/a	catch_padded.jpg	photodiode	0
3986.398	0.0	3986398	response	7	n/a	n/a	trigger	0
3988.061	0.5	3988061	untrained	32691	76	memtrain/o_570_1.jpg	photodiode	1
3988.97	0.5	3988970	untrained	32699	68	memtrain/o_393_1.jpg	photodiode	1
3989.821	0.5	3989821	trained	32751	16	memtrain/o_199_2.jpg	photodiode	1
3990.613	0.5	3990613	catch	32671	n/a	catch_padded.jpg	photodiode	0
3990.956	0.0	3990956	response	7	n/a	n/a	trigger	0
3992.565	0.5	3992565	trained	32760	7	memtrain/o_091_2.jpg	photodiode	1
3993.365	0.5	3993365	trained	32735	32	memtrain/o_485_2.jpg	photodiode	1
3994.316	0.5	3994316	trained	32745	22	memtrain/o_321_1.jpg	photodiode	1
3995.217	0.5	3995217	trained	32746	21	memtrain/o_319_1.jpg	photodiode	1
3996.168	0.5	3996168	untrained	32716	51	memtrain/o_103_2.jpg	photodiode	1
3996.499	0.0	3996499	response	7	n/a	n/a	trigger	0
3997.119	0.5	3997119	catch	32671	n/a	catch_padded.jpg	photodiode	0
3999.12	0.5	3999120	untrained	32711	56	memtrain/o_163_2.jpg	photodiode	1
3999.871	0.5	3999871	trained	32756	11	memtrain/o_117_2.jpg	photodiode	1
4000.622	0.5	4000622	untrained	32690	77	memtrain/o_574_2.jpg	photodiode	1
4001.522	0.5	4001522	catch	32671	n/a	catch_padded.jpg	photodiode	0
4001.906	0.0	4001906	response	7	n/a	n/a	trigger	0
4003.474	0.5	4003474	trained	32726	41	memtrain/o_663_2.jpg	photodiode	1
4004.275	0.5	4004275	untrained	32703	64	memtrain/o_334_2.jpg	photodiode	1
4005.225	0.5	4005225	untrained	32678	89	memtrain/o_469_1.jpg	photodiode	1
4006.076	0.5	4006076	trained	32738	29	memtrain/o_416_1.jpg	photodiode	1
4006.927	0.5	4006927	catch	32671	n/a	catch_padded.jpg	photodiode	0
4007.197	0.0	4007197	response	7	n/a	n/a	trigger	0
4008.979	0.5	4008979	untrained	32696	71	memtrain/o_483_1.jpg	photodiode	1
4009.929	0.5	4009929	trained	32727	40	memtrain/o_648_2.jpg	photodiode	1
4010.73	0.5	4010730	trained	32741	26	memtrain/o_376_1.jpg	photodiode	1
4011.481	0.5	4011481	trained	32747	20	memtrain/o_290_1.jpg	photodiode	1
4012.432	0.5	4012432	untrained	32676	91	memtrain/o_605_1.jpg	photodiode	1
4013.282	0.5	4013282	catch	32671	n/a	catch_padded.jpg	photodiode	0
4013.605	0.0	4013605	response	7	n/a	n/a	trigger	0
4015.334	0.5	4015334	untrained	32717	50	memtrain/o_057_2.jpg	photodiode	1
4016.285	0.5	4016285	untrained	32683	84	memtrain/so_117_2.jpg	photodiode	1
4017.236	0.5	4017236	trained	32729	38	memtrain/o_603_1.jpg	photodiode	1
4018.186	0.5	4018186	trained	32722	45	memtrain/so_090_2.jpg	photodiode	1
4018.937	0.5	4018937	catch	32671	n/a	catch_padded.jpg	photodiode	0
4019.345	0.0	4019345	response	7	n/a	n/a	trigger	0
4020.83	0.5	4020830	trained	32730	37	memtrain/o_597_1.jpg	photodiode	1
4021.631	0.5	4021631	trained	32724	43	memtrain/so_043_2.jpg	photodiode	1
4022.532	0.5	4022532	trained	32752	15	memtrain/o_195_1.jpg	photodiode	1
4023.382	0.5	4023382	untrained	32679	88	memtrain/o_458_1.jpg	photodiode	1
4024.333	0.5	4024333	untrained	32698	69	memtrain/o_464_2.jpg	photodiode	1
4025.092	0.5	4025092	catch	32671	n/a	catch_padded.jpg	photodiode	0
4025.427	0.0	4025427	response	7	n/a	n/a	trigger	0
4027.035	0.5	4027035	trained	32762	5	memtrain/o_067_1.jpg	photodiode	1
4027.936	0.5	4027936	untrained	32715	52	memtrain/o_141_1.jpg	photodiode	1
4028.787	0.5	4028787	trained	32734	33	memtrain/o_536_1.jpg	photodiode	1
4029.738	0.5	4029738	trained	32728	39	memtrain/o_606_1.jpg	photodiode	1
4030.588	0.5	4030588	catch	32671	n/a	catch_padded.jpg	photodiode	0
4030.924	0.0	4030924	response	7	n/a	n/a	trigger	0
4032.54	0.5	4032540	untrained	32710	57	memtrain/o_171_1.jpg	photodiode	1
4033.441	0.5	4033441	untrained	32693	74	memtrain/o_550_1.jpg	photodiode	1
4034.292	0.5	4034292	untrained	32674	93	memtrain/so_035_1.jpg	photodiode	1
4035.092	0.5	4035092	untrained	32700	67	memtrain/o_378_1.jpg	photodiode	1
4036.043	0.5	4036043	trained	32758	9	memtrain/o_101_2.jpg	photodiode	1
4036.844	0.5	4036844	catch	32671	n/a	catch_padded.jpg	photodiode	0
4037.179	0.0	4037179	response	7	n/a	n/a	trigger	0
4038.896	0.5	4038896	untrained	32709	58	memtrain/o_192_1.jpg	photodiode	1
4039.696	0.5	4039696	trained	32764	3	memtrain/o_040_2.jpg	photodiode	1
4040.597	0.5	4040597	untrained	32718	49	memtrain/o_054_2.jpg	photodiode	1
4041.398	0.5	4041398	trained	32731	36	memtrain/o_583_1.jpg	photodiode	1
4042.298	0.5	4042298	trained	32732	35	memtrain/o_561_2.jpg	photodiode	1
4043.199	0.5	4043199	catch	32671	n/a	catch_padded.jpg	photodiode	0
4043.488	0.0	4043488	response	7	n/a	n/a	trigger	0
4045.143	0.5	4045143	trained	32749	18	memtrain/o_264_2.jpg	photodiode	1
4046.052	0.5	4046052	untrained	32675	92	memtrain/so_033_1.jpg	photodiode	1
4047.002	0.5	4047002	untrained	32677	90	memtrain/o_580_1.jpg	photodiode	1
4047.803	0.5	4047803	untrained	32687	80	memtrain/o_613_1.jpg	photodiode	1
4048.754	0.5	4048754	catch	32671	n/a	catch_padded.jpg	photodiode	0
4049.071	0.0	4049071	response	7	n/a	n/a	trigger	0
4050.747	0.5	4050747	untrained	32685	82	memtrain/o_656_1.jpg	photodiode	1
4051.548	0.5	4051548	trained	32736	31	memtrain/o_465_2.jpg	photodiode	1
4052.449	0.5	4052449	trained	32740	27	memtrain/o_379_2.jpg	photodiode	1
4053.35	0.5	4053350	trained	32744	23	memtrain/o_338_2.jpg	photodiode	1
4054.25	0.5	4054250	catch	32671	n/a	catch_padded.jpg	photodiode	0
4054.561	0.0	4054561	response	7	n/a	n/a	trigger	0
4056.152	0.5	4056152	trained	32755	12	memtrain/o_127_2.jpg	photodiode	1
4057.003	0.5	4057003	trained	32753	14	memtrain/o_174_1.jpg	photodiode	1
4057.954	0.5	4057954	untrained	32682	85	memtrain/o_218_1.jpg	photodiode	1
4058.854	0.5	4058854	untrained	32697	70	memtrain/o_471_2.jpg	photodiode	1
4059.206	0.0	4059206	response	7	n/a	n/a	trigger	0
4059.805	0.5	4059805	catch	32671	n/a	catch_padded.jpg	photodiode	0
4061.907	0.5	4061907	trained	32767	0	memtrain/o_006_1.jpg	photodiode	1
4062.708	0.5	4062708	trained	32748	19	memtrain/o_284_2.jpg	photodiode	1
4063.558	0.5	4063558	trained	32766	1	memtrain/o_015_1.jpg	photodiode	1
4064.359	0.5	4064359	trained	32765	2	memtrain/o_035_1.jpg	photodiode	1
4065.26	0.5	4065260	catch	32671	n/a	catch_padded.jpg	photodiode	0
4065.578	0.0	4065578	response	7	n/a	n/a	trigger	0
4067.361	0.5	4067361	trained	32750	17	memtrain/o_232_1.jpg	photodiode	1
4068.212	0.5	4068212	untrained	32714	53	memtrain/o_142_2.jpg	photodiode	1
4069.063	0.5	4069063	untrained	32713	54	memtrain/o_145_1.jpg	photodiode	1
4069.914	0.5	4069914	untrained	32708	59	memtrain/o_201_2.jpg	photodiode	1
4070.814	0.5	4070814	catch	32671	n/a	catch_padded.jpg	photodiode	0
4071.252	0.0	4071252	response	7	n/a	n/a	trigger	0
4072.766	0.5	4072766	untrained	32673	94	memtrain/so_067_1.jpg	photodiode	1
4073.517	0.5	4073517	trained	32757	10	memtrain/o_111_2.jpg	photodiode	1
4074.367	0.5	4074367	untrained	32704	63	memtrain/o_310_2.jpg	photodiode	1
4075.268	0.5	4075268	untrained	32701	66	memtrain/o_342_2.jpg	photodiode	1
4076.119	0.5	4076119	trained	32761	6	memtrain/o_076_1.jpg	photodiode	1
4076.92	0.5	4076920	catch	32671	n/a	catch_padded.jpg	photodiode	0
4077.306	0.0	4077306	response	7	n/a	n/a	trigger	0
4079.013	0.5	4079013	untrained	32706	61	memtrain/o_298_2.jpg	photodiode	1
4079.864	0.5	4079864	trained	32723	44	memtrain/so_045_1.jpg	photodiode	1
4080.614	0.5	4080614	trained	32721	46	memtrain/so_113_1.jpg	photodiode	1
4081.565	0.5	4081565	trained	32754	13	memtrain/o_136_1.jpg	photodiode	1
4082.366	0.5	4082366	catch	32671	n/a	catch_padded.jpg	photodiode	0
4082.869	0.0	4082869	response	7	n/a	n/a	trigger	0
4084.317	0.5	4084317	trained	32720	47	memtrain/so_147_2.jpg	photodiode	1
4085.118	0.5	4085118	trained	32725	42	memtrain/so_034_2.jpg	photodiode	1
4086.019	0.5	4086019	untrained	32702	65	memtrain/o_337_2.jpg	photodiode	1
4086.819	0.5	4086819	untrained	32705	62	memtrain/o_304_1.jpg	photodiode	1
4087.57	0.5	4087570	catch	32671	n/a	catch_padded.jpg	photodiode	0
4087.937	0.0	4087937	response	7	n/a	n/a	trigger	0
4089.572	0.5	4089572	trained	32743	24	memtrain/o_357_1.jpg	photodiode	1
4090.373	0.5	4090373	untrained	32672	95	memtrain/so_125_1.jpg	photodiode	1
4091.273	0.5	4091273	untrained	32712	55	memtrain/o_153_2.jpg	photodiode	1
4092.224	0.5	4092224	untrained	32707	60	memtrain/o_228_2.jpg	photodiode	1
4093.075	0.5	4093075	trained	32742	25	memtrain/o_358_2.jpg	photodiode	1
4094.026	0.5	4094026	catch	32671	n/a	catch_padded.jpg	photodiode	0
4094.342	0.0	4094342	response	7	n/a	n/a	trigger	0
4096.509	0.0	4096509	block_end	120	n/a	n/a	trigger	0
4098.849	0.0	4098849	response	7	n/a	n/a	trigger	0
4102.086	0.0	4102086	response	7	n/a	n/a	trigger	0
4102.095	0.0	4102095	block_onset	115	n/a	n/a	trigger	0
4104.151	0.5	4104151	trained	32744	23	memtrain/o_338_2.jpg	photodiode	1
4104.952	0.5	4104952	untrained	32698	69	memtrain/o_464_2.jpg	photodiode	1
4105.752	0.5	4105752	untrained	32697	70	memtrain/o_471_2.jpg	photodiode	1
4106.553	0.5	4106553	untrained	32694	73	memtrain/o_519_2.jpg	photodiode	1
4107.304	0.5	4107304	catch	32671	n/a	catch_padded.jpg	photodiode	0
4107.596	0.0	4107596	response	7	n/a	n/a	trigger	0
4109.347	0.5	4109347	trained	32756	11	memtrain/o_117_2.jpg	photodiode	1
4110.198	0.5	4110198	trained	32732	35	memtrain/o_561_2.jpg	photodiode	1
4111.049	0.5	4111049	untrained	32715	52	memtrain/o_141_1.jpg	photodiode	1
4111.999	0.5	4111999	untrained	32674	93	memtrain/so_035_1.jpg	photodiode	1
4112.95	0.5	4112950	untrained	32682	85	memtrain/o_218_1.jpg	photodiode	1
4113.801	0.5	4113801	catch	32671	n/a	catch_padded.jpg	photodiode	0
4114.014	0.0	4114014	response	7	n/a	n/a	trigger	0
4115.903	0.5	4115903	trained	32724	43	memtrain/so_043_2.jpg	photodiode	1
4116.753	0.5	4116753	trained	32721	46	memtrain/so_113_1.jpg	photodiode	1
4117.504	0.5	4117504	trained	32747	20	memtrain/o_290_1.jpg	photodiode	1
4118.455	0.5	4118455	catch	32671	n/a	catch_padded.jpg	photodiode	0
4118.889	0.0	4118889	response	7	n/a	n/a	trigger	0
4120.356	0.5	4120356	trained	32735	32	memtrain/o_485_2.jpg	photodiode	1
4121.207	0.5	4121207	untrained	32675	92	memtrain/so_033_1.jpg	photodiode	1
4122.108	0.5	4122108	untrained	32691	76	memtrain/o_570_1.jpg	photodiode	1
4123.059	0.5	4123059	catch	32671	n/a	catch_padded.jpg	photodiode	0
4123.448	0.0	4123448	response	7	n/a	n/a	trigger	0
4124.96	0.5	4124960	trained	32725	42	memtrain/so_034_2.jpg	photodiode	1
4125.861	0.5	4125861	untrained	32704	63	memtrain/o_310_2.jpg	photodiode	1
4126.612	0.5	4126612	trained	32749	18	memtrain/o_264_2.jpg	photodiode	1
4127.412	0.5	4127412	catch	32671	n/a	catch_padded.jpg	photodiode	0
4127.824	0.0	4127824	response	7	n/a	n/a	trigger	0
4129.464	0.5	4129464	untrained	32680	87	memtrain/o_365_1.jpg	photodiode	1
4130.365	0.5	4130365	trained	32742	25	memtrain/o_358_2.jpg	photodiode	1
4131.316	0.5	4131316	trained	32737	30	memtrain/o_437_2.jpg	photodiode	1
4132.116	0.5	4132116	untrained	32701	66	memtrain/o_342_2.jpg	photodiode	1
4133.017	0.5	4133017	catch	32671	n/a	catch_padded.jpg	photodiode	0
4133.331	0.0	4133331	response	7	n/a	n/a	trigger	0
4134.919	0.5	4134919	untrained	32703	64	memtrain/o_334_2.jpg	photodiode	1
4135.769	0.5	4135769	trained	32729	38	memtrain/o_603_1.jpg	photodiode	1
4136.62	0.5	4136620	untrained	32677	90	memtrain/o_580_1.jpg	photodiode	1
4137.462	0.5	4137462	catch	32671	n/a	catch_padded.jpg	photodiode	0
4137.881	0.0	4137881	response	7	n/a	n/a	trigger	0
4139.564	0.5	4139564	untrained	32708	59	memtrain/o_201_2.jpg	photodiode	1
4140.515	0.5	4140515	trained	32728	39	memtrain/o_606_1.jpg	photodiode	1
4141.266	0.5	4141266	trained	32748	19	memtrain/o_284_2.jpg	photodiode	1
4142.216	0.5	4142216	trained	32753	14	memtrain/o_174_1.jpg	photodiode	1
4143.117	0.5	4143117	trained	32746	21	memtrain/o_319_1.jpg	photodiode	1
4143.868	0.5	4143868	catch	32671	n/a	catch_padded.jpg	photodiode	0
4144.188	0.0	4144188	response	7	n/a	n/a	trigger	0
4145.87	0.5	4145870	untrained	32702	65	memtrain/o_337_2.jpg	photodiode	1
4146.82	0.5	4146820	untrained	32700	67	memtrain/o_378_1.jpg	photodiode	1
4147.571	0.5	4147571	untrained	32690	77	memtrain/o_574_2.jpg	photodiode	1
4148.372	0.5	4148372	trained	32740	27	memtrain/o_379_2.jpg	photodiode	1
4149.272	0.5	4149272	catch	32671	n/a	catch_padded.jpg	photodiode	0
4149.597	0.0	4149597	response	7	n/a	n/a	trigger	0
4151.174	0.5	4151174	trained	32763	4	memtrain/o_042_1.jpg	photodiode	1
4152.125	0.5	4152125	untrained	32718	49	memtrain/o_054_2.jpg	photodiode	1
4153.076	0.5	4153076	trained	32760	7	memtrain/o_091_2.jpg	photodiode	1
4153.926	0.5	4153926	trained	32765	2	memtrain/o_035_1.jpg	photodiode	1
4154.727	0.5	4154727	untrained	32688	79	memtrain/o_600_1.jpg	photodiode	1
4155.678	0.5	4155678	catch	32671	n/a	catch_padded.jpg	photodiode	0
4156.01	0.0	4156010	response	7	n/a	n/a	trigger	0
4157.579	0.5	4157579	trained	32754	13	memtrain/o_136_1.jpg	photodiode	1
4158.43	0.5	4158430	trained	32741	26	memtrain/o_376_1.jpg	photodiode	1
4159.381	0.5	4159381	trained	32739	28	memtrain/o_397_1.jpg	photodiode	1
4160.282	0.5	4160282	catch	32671	n/a	catch_padded.jpg	photodiode	0
4160.633	0.0	4160633	response	7	n/a	n/a	trigger	0
4162.334	0.5	4162334	untrained	32705	62	memtrain/o_304_1.jpg	photodiode	1
4163.284	0.5	4163284	untrained	32679	88	memtrain/o_458_1.jpg	photodiode	1
4164.185	0.5	4164185	trained	32759	8	memtrain/o_094_1.jpg	photodiode	1
4164.936	0.5	4164936	untrained	32717	50	memtrain/o_057_2.jpg	photodiode	1
4165.736	0.5	4165736	catch	32671	n/a	catch_padded.jpg	photodiode	0
4166.197	0.0	4166197	response	7	n/a	n/a	trigger	0
4167.68	0.5	4167680	trained	32720	47	memtrain/so_147_2.jpg	photodiode	1
4168.631	0.5	4168631	trained	32766	1	memtrain/o_015_1.jpg	photodiode	1
4169.431	0.5	4169431	trained	32736	31	memtrain/o_465_2.jpg	photodiode	1
4170.232	0.5	4170232	catch	32671	n/a	catch_padded.jpg	photodiode	0
4170.603	0.0	4170603	response	7	n/a	n/a	trigger	0
4172.334	0.5	4172334	trained	32727	40	memtrain/o_648_2.jpg	photodiode	1
4173.084	0.5	4173084	trained	32745	22	memtrain/o_321_1.jpg	photodiode	1
4173.835	0.5	4173835	trained	32762	5	memtrain/o_067_1.jpg	photodiode	1
4174.736	0.5	4174736	untrained	32686	81	memtrain/o_655_2.jpg	photodiode	1
4175.587	0.5	4175587	trained	32767	0	memtrain/o_006_1.jpg	photodiode	1
4176.537	0.5	4176537	catch	32671	n/a	catch_padded.jpg	photodiode	0
4176.847	0.0	4176847	response	7	n/a	n/a	trigger	0
4178.539	0.5	4178539	trained	32722	45	memtrain/so_090_2.jpg	photodiode	1
4179.39	0.5	4179390	trained	32726	41	memtrain/o_663_2.jpg	photodiode	1
4180.341	0.5	4180341	trained	32734	33	memtrain/o_536_1.jpg	photodiode	1
4181.291	0.5	4181291	catch	32671	n/a	catch_padded.jpg	photodiode	0
4181.669	0.0	4181669	response	7	n/a	n/a	trigger	0
4183.343	0.5	4183343	untrained	32696	71	memtrain/o_483_1.jpg	photodiode	1
4184.244	0.5	4184244	untrained	32693	74	memtrain/o_550_1.jpg	photodiode	1
4185.195	0.5	4185195	trained	32723	44	memtrain/so_045_1.jpg	photodiode	1
4185.995	0.5	4185995	trained	32733	34	memtrain/o_558_2.jpg	photodiode	1
4186.846	0.5	4186846	untrained	32683	84	memtrain/so_117_2.jpg	photodiode	1
4187.747	0.5	4187747	catch	32671	n/a	catch_padded.jpg	photodiode	0
4188.11	0.0	4188110	response	7	n/a	n/a	trigger	0
4189.699	0.5	4189699	untrained	32676	91	memtrain/o_605_1.jpg	photodiode	1
4190.499	0.5	4190499	untrained	32709	58	memtrain/o_192_1.jpg	photodiode	1
4191.25	0.5	4191250	untrained	32684	83	memtrain/so_105_1.jpg	photodiode	1
4192.151	0.5	4192151	catch	32671	n/a	catch_padded.jpg	photodiode	0
4192.561	0.0	4192561	response	7	n/a	n/a	trigger	0
4194.052	0.5	4194052	untrained	32706	61	memtrain/o_298_2.jpg	photodiode	1
4194.844	0.5	4194844	untrained	32712	55	memtrain/o_153_2.jpg	photodiode	1
4195.645	0.5	4195645	untrained	32699	68	memtrain/o_393_1.jpg	photodiode	1
4196.596	0.5	4196596	untrained	32710	57	memtrain/o_171_1.jpg	photodiode	1
4197.547	0.5	4197547	untrained	32713	54	memtrain/o_145_1.jpg	photodiode	1
4198.397	0.5	4198397	catch	32671	n/a	catch_padded.jpg	photodiode	0
4198.711	0.0	4198711	response	7	n/a	n/a	trigger	0
4200.499	0.5	4200499	untrained	32714	53	memtrain/o_142_2.jpg	photodiode	1
4201.4	0.5	4201400	untrained	32673	94	memtrain/so_067_1.jpg	photodiode	1
4202.351	0.5	4202351	trained	32751	16	memtrain/o_199_2.jpg	photodiode	1
4203.252	0.5	4203252	trained	32755	12	memtrain/o_127_2.jpg	photodiode	1
4204.002	0.5	4204002	trained	32764	3	memtrain/o_040_2.jpg	photodiode	1
4204.753	0.5	4204753	catch	32671	n/a	catch_padded.jpg	photodiode	0
4205.18	0.0	4205180	response	7	n/a	n/a	trigger	0
4206.704	0.5	4206704	untrained	32672	95	memtrain/so_125_1.jpg	photodiode	1
4207.555	0.5	4207555	untrained	32687	80	memtrain/o_613_1.jpg	photodiode	1
4208.506	0.5	4208506	trained	32752	15	memtrain/o_195_1.jpg	photodiode	1
4209.357	0.5	4209357	untrained	32719	48	memtrain/o_019_2.jpg	photodiode	1
4210.157	0.5	4210157	catch	32671	n/a	catch_padded.jpg	photodiode	0
4210.548	0.0	4210548	response	7	n/a	n/a	trigger	0
4212.059	0.5	4212059	trained	32730	37	memtrain/o_597_1.jpg	photodiode	1
4212.91	0.5	4212910	untrained	32695	72	memtrain/o_490_1.jpg	photodiode	1
4213.81	0.5	4213810	trained	32758	9	memtrain/o_101_2.jpg	photodiode	1
4214.611	0.5	4214611	untrained	32678	89	memtrain/o_469_1.jpg	photodiode	1
4215.562	0.5	4215562	catch	32671	n/a	catch_padded.jpg	photodiode	0
4215.806	0.0	4215806	response	7	n/a	n/a	trigger	0
4217.514	0.5	4217514	untrained	32685	82	memtrain/o_656_1.jpg	photodiode	1
4218.414	0.5	4218414	trained	32761	6	memtrain/o_076_1.jpg	photodiode	1
4219.315	0.5	4219315	trained	32743	24	memtrain/o_357_1.jpg	photodiode	1
4220.066	0.5	4220066	trained	32731	36	memtrain/o_583_1.jpg	photodiode	1
4220.916	0.5	4220916	trained	32738	29	memtrain/o_416_1.jpg	photodiode	1
4221.767	0.5	4221767	catch	32671	n/a	catch_padded.jpg	photodiode	0
4222.077	0.0	4222077	response	7	n/a	n/a	trigger	0
4223.769	0.5	4223769	untrained	32711	56	memtrain/o_163_2.jpg	photodiode	1
4224.52	0.5	4224520	untrained	32689	78	memtrain/o_599_1.jpg	photodiode	1
4225.412	0.5	4225412	untrained	32707	60	memtrain/o_228_2.jpg	photodiode	1
4226.213	0.5	4226213	catch	32671	n/a	catch_padded.jpg	photodiode	0
4226.546	0.0	4226546	response	7	n/a	n/a	trigger	0
4228.265	0.5	4228265	trained	32750	17	memtrain/o_232_1.jpg	photodiode	1
4229.173	0.5	4229173	untrained	32692	75	memtrain/o_564_1.jpg	photodiode	1
4229.974	0.5	4229974	untrained	32681	86	memtrain/o_288_1.jpg	photodiode	1
4230.717	0.5	4230717	catch	32671	n/a	catch_padded.jpg	photodiode	0
4231.084	0.0	4231084	response	7	n/a	n/a	trigger	0
4232.818	0.5	4232818	trained	32757	10	memtrain/o_111_2.jpg	photodiode	1
4233.619	0.5	4233619	untrained	32716	51	memtrain/o_103_2.jpg	photodiode	1
4234.37	0.5	4234370	untrained	32702	65	memtrain/o_337_2.jpg	photodiode	1
4235.17	0.5	4235170	catch	32671	n/a	catch_padded.jpg	photodiode	0
4235.652	0.0	4235652	response	7	n/a	n/a	trigger	0
4237.172	0.5	4237172	trained	32728	39	memtrain/o_606_1.jpg	photodiode	1
4237.973	0.5	4237973	untrained	32717	50	memtrain/o_057_2.jpg	photodiode	1
4238.823	0.5	4238823	untrained	32677	90	memtrain/o_580_1.jpg	photodiode	1
4239.774	0.5	4239774	untrained	32672	95	memtrain/so_125_1.jpg	photodiode	1
4240.625	0.5	4240625	trained	32755	12	memtrain/o_127_2.jpg	photodiode	1
4241.476	0.5	4241476	catch	32671	n/a	catch_padded.jpg	photodiode	0
4241.833	0.0	4241833	response	7	n/a	n/a	trigger	0
4243.527	0.5	4243527	untrained	32681	86	memtrain/o_288_1.jpg	photodiode	1
4244.428	0.5	4244428	untrained	32698	69	memtrain/o_464_2.jpg	photodiode	1
4245.379	0.5	4245379	trained	32758	9	memtrain/o_101_2.jpg	photodiode	1
4246.18	0.5	4246180	catch	32671	n/a	catch_padded.jpg	photodiode	0
4246.474	0.0	4246474	response	7	n/a	n/a	trigger	0
4248.081	0.5	4248081	untrained	32692	75	memtrain/o_564_1.jpg	photodiode	1
4249.032	0.5	4249032	untrained	32710	57	memtrain/o_171_1.jpg	photodiode	1
4249.983	0.5	4249983	untrained	32687	80	memtrain/o_613_1.jpg	photodiode	1
4250.784	0.5	4250784	untrained	32711	56	memtrain/o_163_2.jpg	photodiode	1
4251.684	0.5	4251684	catch	32671	n/a	catch_padded.jpg	photodiode	0
4251.992	0.0	4251992	response	7	n/a	n/a	trigger	0
4253.586	0.5	4253586	trained	32744	23	memtrain/o_338_2.jpg	photodiode	1
4254.378	0.5	4254378	untrained	32691	76	memtrain/o_570_1.jpg	photodiode	1
4255.329	0.5	4255329	trained	32764	3	memtrain/o_040_2.jpg	photodiode	1
4256.288	0.5	4256288	trained	32767	0	memtrain/o_006_1.jpg	photodiode	1
4257.231	0.5	4257231	catch	32671	n/a	catch_padded.jpg	photodiode	0
4257.64	0.0	4257640	response	7	n/a	n/a	trigger	0
4259.132	0.5	4259132	trained	32762	5	memtrain/o_067_1.jpg	photodiode	1
4259.983	0.5	4259983	trained	32724	43	memtrain/so_043_2.jpg	photodiode	1
4260.884	0.5	4260884	trained	32725	42	memtrain/so_034_2.jpg	photodiode	1
4261.835	0.5	4261835	trained	32742	25	memtrain/o_358_2.jpg	photodiode	1
4262.585	0.5	4262585	trained	32745	22	memtrain/o_321_1.jpg	photodiode	1
4263.386	0.5	4263386	catch	32671	n/a	catch_padded.jpg	photodiode	0
4263.717	0.0	4263717	response	7	n/a	n/a	trigger	0
4265.388	0.5	4265388	trained	32730	37	memtrain/o_597_1.jpg	photodiode	1
4266.338	0.5	4266338	trained	32740	27	memtrain/o_379_2.jpg	photodiode	1
4267.189	0.5	4267189	trained	32753	14	memtrain/o_174_1.jpg	photodiode	1
4267.94	0.5	4267940	untrained	32688	79	memtrain/o_600_1.jpg	photodiode	1
4268.84	0.5	4268840	untrained	32680	87	memtrain/o_365_1.jpg	photodiode	1
4269.691	0.5	4269691	catch	32671	n/a	catch_padded.jpg	photodiode	0
4270.034	0.0	4270034	response	7	n/a	n/a	trigger	0
4271.743	0.5	4271743	trained	32739	28	memtrain/o_397_1.jpg	photodiode	1
4272.544	0.5	4272544	trained	32731	36	memtrain/o_583_1.jpg	photodiode	1
4273.344	0.5	4273344	untrained	32694	73	memtrain/o_519_2.jpg	photodiode	1
4274.095	0.5	4274095	catch	32671	n/a	catch_padded.jpg	photodiode	0
4274.412	0.0	4274412	response	7	n/a	n/a	trigger	0
4276.097	0.5	4276097	untrained	32700	67	memtrain/o_378_1.jpg	photodiode	1
4276.947	0.5	4276947	trained	32735	32	memtrain/o_485_2.jpg	photodiode	1
4277.798	0.5	4277798	trained	32754	13	memtrain/o_136_1.jpg	photodiode	1
4278.549	0.5	4278549	untrained	32683	84	memtrain/so_117_2.jpg	photodiode	1
4279.399	0.5	4279399	catch	32671	n/a	catch_padded.jpg	photodiode	0
4279.731	0.0	4279731	response	7	n/a	n/a	trigger	0
4281.451	0.5	4281451	trained	32743	24	memtrain/o_357_1.jpg	photodiode	1
4282.402	0.5	4282402	untrained	32674	93	memtrain/so_035_1.jpg	photodiode	1
4283.253	0.5	4283253	untrained	32684	83	memtrain/so_105_1.jpg	photodiode	1
4284.095	0.5	4284095	untrained	32705	62	memtrain/o_304_1.jpg	photodiode	1
4285.004	0.5	4285004	catch	32671	n/a	catch_padded.jpg	photodiode	0
4285.331	0.0	4285331	response	7	n/a	n/a	trigger	0
4287.048	0.5	4287048	untrained	32678	89	memtrain/o_469_1.jpg	photodiode	1
4287.798	0.5	4287798	untrained	32712	55	memtrain/o_153_2.jpg	photodiode	1
4288.649	0.5	4288649	trained	32761	6	memtrain/o_076_1.jpg	photodiode	1
4289.6	0.5	4289600	trained	32734	33	memtrain/o_536_1.jpg	photodiode	1
4290.401	0.5	4290401	untrained	32685	82	memtrain/o_656_1.jpg	photodiode	1
4291.201	0.5	4291201	catch	32671	n/a	catch_padded.jpg	photodiode	0
4291.558	0.0	4291558	response	7	n/a	n/a	trigger	0
4293.153	0.5	4293153	untrained	32673	94	memtrain/so_067_1.jpg	photodiode	1
4294.054	0.5	4294054	untrained	32709	58	memtrain/o_192_1.jpg	photodiode	1
4294.804	0.5	4294804	untrained	32707	60	memtrain/o_228_2.jpg	photodiode	1
4295.755	0.5	4295755	trained	32748	19	memtrain/o_284_2.jpg	photodiode	1
4296.656	0.5	4296656	trained	32750	17	memtrain/o_232_1.jpg	photodiode	1
4297.406	0.5	4297406	catch	32671	n/a	catch_padded.jpg	photodiode	0
4297.893	0.0	4297893	response	7	n/a	n/a	trigger	0
4299.408	0.5	4299408	trained	32723	44	memtrain/so_045_1.jpg	photodiode	1
4300.309	0.5	4300309	untrained	32714	53	memtrain/o_142_2.jpg	photodiode	1
4301.06	0.5	4301060	trained	32720	47	memtrain/so_147_2.jpg	photodiode	1
4301.81	0.5	4301810	catch	32671	n/a	catch_padded.jpg	photodiode	0
4302.176	0.0	4302176	response	7	n/a	n/a	trigger	0
4303.862	0.5	4303862	untrained	32675	92	memtrain/so_033_1.jpg	photodiode	1
4304.713	0.5	4304713	trained	32757	10	memtrain/o_111_2.jpg	photodiode	1
4305.613	0.5	4305613	untrained	32716	51	memtrain/o_103_2.jpg	photodiode	1
4306.414	0.5	4306414	untrained	32690	77	memtrain/o_574_2.jpg	photodiode	1
4307.315	0.5	4307315	untrained	32706	61	memtrain/o_298_2.jpg	photodiode	1
4308.066	0.5	4308066	catch	32671	n/a	catch_padded.jpg	photodiode	0
4308.447	0.0	4308447	response	7	n/a	n/a	trigger	0
4310.017	0.5	4310017	untrained	32703	64	memtrain/o_334_2.jpg	photodiode	1
4310.918	0.5	4310918	trained	32737	30	memtrain/o_437_2.jpg	photodiode	1
4311.86	0.5	4311860	trained	32727	40	memtrain/o_648_2.jpg	photodiode	1
4312.619	0.5	4312619	untrained	32696	71	memtrain/o_483_1.jpg	photodiode	1
4313.47	0.5	4313470	catch	32671	n/a	catch_padded.jpg	photodiode	0
4313.786	0.0	4313786	response	7	n/a	n/a	trigger	0
4315.413	0.5	4315413	trained	32751	16	memtrain/o_199_2.jpg	photodiode	1
4316.214	0.5	4316214	untrained	32718	49	memtrain/o_054_2.jpg	photodiode	1
4317.015	0.5	4317015	trained	32721	46	memtrain/so_113_1.jpg	photodiode	1
4317.765	0.5	4317765	untrained	32676	91	memtrain/o_605_1.jpg	photodiode	1
4318.716	0.5	4318716	catch	32671	n/a	catch_padded.jpg	photodiode	0
4319.066	0.0	4319066	response	7	n/a	n/a	trigger	0
4320.818	0.5	4320818	untrained	32701	66	memtrain/o_342_2.jpg	photodiode	1
4321.769	0.5	4321769	untrained	32689	78	memtrain/o_599_1.jpg	photodiode	1
4322.719	0.5	4322719	trained	32736	31	memtrain/o_465_2.jpg	photodiode	1
4323.57	0.5	4323570	untrained	32679	88	memtrain/o_458_1.jpg	photodiode	1
4324.321	0.5	4324321	catch	32671	n/a	catch_padded.jpg	photodiode	0
4325.398	0.0	4325398	response	7	n/a	n/a	trigger	0
4326.373	0.5	4326373	trained	32732	35	memtrain/o_561_2.jpg	photodiode	1
4327.223	0.5	4327223	trained	32746	21	memtrain/o_319_1.jpg	photodiode	1
4328.074	0.5	4328074	untrained	32693	74	memtrain/o_550_1.jpg	photodiode	1
4328.875	0.5	4328875	trained	32741	26	memtrain/o_376_1.jpg	photodiode	1
4329.775	0.5	4329775	trained	32756	11	memtrain/o_117_2.jpg	photodiode	1
4330.526	0.5	4330526	catch	32671	n/a	catch_padded.jpg	photodiode	0
4330.864	0.0	4330864	response	7	n/a	n/a	trigger	0
4332.528	0.5	4332528	untrained	32686	81	memtrain/o_655_2.jpg	photodiode	1
4333.328	0.5	4333328	untrained	32719	48	memtrain/o_019_2.jpg	photodiode	1
4334.129	0.5	4334129	trained	32766	1	memtrain/o_015_1.jpg	photodiode	1
4335.03	0.5	4335030	catch	32671	n/a	catch_padded.jpg	photodiode	0
4335.353	0.0	4335353	response	7	n/a	n/a	trigger	0
4337.132	0.5	4337132	untrained	32704	63	memtrain/o_310_2.jpg	photodiode	1
4337.932	0.5	4337932	trained	32738	29	memtrain/o_416_1.jpg	photodiode	1
4338.833	0.5	4338833	trained	32726	41	memtrain/o_663_2.jpg	photodiode	1
4339.634	0.5	4339634	trained	32765	2	memtrain/o_035_1.jpg	photodiode	1
4340.384	0.5	4340384	catch	32671	n/a	catch_padded.jpg	photodiode	0
4340.737	0.0	4340737	response	7	n/a	n/a	trigger	0
4342.436	0.5	4342436	untrained	32715	52	memtrain/o_141_1.jpg	photodiode	1
4343.237	0.5	4343237	trained	32752	15	memtrain/o_195_1.jpg	photodiode	1
4344.129	0.5	4344129	trained	32733	34	memtrain/o_558_2.jpg	photodiode	1
4344.988	0.5	4344988	trained	32749	18	memtrain/o_264_2.jpg	photodiode	1
4345.881	0.5	4345881	trained	32759	8	memtrain/o_094_1.jpg	photodiode	1
4346.64	0.5	4346640	catch	32671	n/a	catch_padded.jpg	photodiode	0
4347.081	0.0	4347081	response	7	n/a	n/a	trigger	0
4348.633	0.5	4348633	trained	32729	38	memtrain/o_603_1.jpg	photodiode	1
4349.384	0.5	4349384	untrained	32699	68	memtrain/o_393_1.jpg	photodiode	1
4350.335	0.5	4350335	untrained	32697	70	memtrain/o_471_2.jpg	photodiode	1
4351.185	0.5	4351185	catch	32671	n/a	catch_padded.jpg	photodiode	0
4351.49	0.0	4351490	response	7	n/a	n/a	trigger	0
4353.087	0.5	4353087	untrained	32713	54	memtrain/o_145_1.jpg	photodiode	1
4353.888	0.5	4353888	untrained	32708	59	memtrain/o_201_2.jpg	photodiode	1
4354.738	0.5	4354738	untrained	32695	72	memtrain/o_490_1.jpg	photodiode	1
4355.639	0.5	4355639	trained	32722	45	memtrain/so_090_2.jpg	photodiode	1
4356.44	0.5	4356440	catch	32671	n/a	catch_padded.jpg	photodiode	0
4356.789	0.0	4356789	response	7	n/a	n/a	trigger	0
4358.341	0.5	4358341	trained	32747	20	memtrain/o_290_1.jpg	photodiode	1
4359.092	0.5	4359092	trained	32763	4	memtrain/o_042_1.jpg	photodiode	1
4360.043	0.5	4360043	trained	32760	7	memtrain/o_091_2.jpg	photodiode	1
4360.794	0.5	4360794	untrained	32682	85	memtrain/o_218_1.jpg	photodiode	1
4361.544	0.5	4361544	catch	32671	n/a	catch_padded.jpg	photodiode	0
4361.908	0.0	4361908	response	7	n/a	n/a	trigger	0
4364.018	0.0	4364018	block_end	120	n/a	n/a	trigger	0
