onset	duration	sample	trial_type	value	object_id	stimulus_id	onset_source	analysis_include
53.238	0.0	53238	response	6	n/a	n/a	trigger	0
53.249	0.0	53249	block_onset	101	n/a	n/a	trigger	0
55.304	0.5	55304	trained	32752	15	memtrain/o_195_1.jpg	photodiode	1
56.105	0.5	56105	untrained	32681	86	memtrain/o_288_1.jpg	photodiode	1
57.005	0.5	57005	trained	32727	40	memtrain/o_648_2.jpg	photodiode	1
57.956	0.5	57956	trained	32763	4	memtrain/o_042_1.jpg	photodiode	1
58.807	0.5	58807	catch	32671	n/a	catch_padded.jpg	photodiode	0
59.197	0.0	59197	response	6	n/a	n/a	trigger	0
60.809	0.5	60809	trained	32732	35	memtrain/o_561_2.jpg	photodiode	1
61.709	0.5	61709	untrained	32680	87	memtrain/o_365_1.jpg	photodiode	1
62.502	0.5	62502	trained	32739	28	memtrain/o_397_1.jpg	photodiode	1
63.453	0.5	63453	catch	32671	n/a	catch_padded.jpg	photodiode	0
63.829	0.0	63829	response	6	n/a	n/a	trigger	0
65.504	0.5	65504	untrained	32676	91	memtrain/o_605_1.jpg	photodiode	1
66.355	0.5	66355	trained	32721	46	memtrain/so_113_1.jpg	photodiode	1
67.106	0.5	67106	trained	32756	11	memtrain/o_117_2.jpg	photodiode	1
67.856	0.5	67856	untrained	32707	60	memtrain/o_228_2.jpg	photodiode	1
68.657	0.5	68657	catch	32671	n/a	catch_padded.jpg	photodiode	0
69.017	0.0	69017	response	6	n/a	n/a	trigger	0
70.609	0.5	70609	trained	32743	24	memtrain/o_357_1.jpg	photodiode	1
71.56	0.5	71560	untrained	32672	95	memtrain/so_125_1.jpg	photodiode	1
72.46	0.5	72460	untrained	32706	61	memtrain/o_298_2.jpg	photodiode	1
73.311	0.5	73311	trained	32747	20	memtrain/o_290_1.jpg	photodiode	1
74.212	0.5	74212	catch	32671	n/a	catch_padded.jpg	photodiode	0
74.483	0.0	74483	response	6	n/a	n/a	trigger	0
76.113	0.5	76113	trained	32741	26	memtrain/o_376_1.jpg	photodiode	1
76.914	0.5	76914	untrained	32683	84	memtrain/so_117_2.jpg	photodiode	1
77.665	0.5	77665	trained	32726	41	memtrain/o_663_2.jpg	photodiode	1
78.415	0.5	78415	trained	32767	0	memtrain/o_006_1.jpg	photodiode	1
79.316	0.5	79316	catch	32671	n/a	catch_padded.jpg	photodiode	0
79.709	0.0	79709	response	6	n/a	n/a	trigger	0
81.318	0.5	81318	trained	32760	7	memtrain/o_091_2.jpg	photodiode	1
82.068	0.5	82068	trained	32735	32	memtrain/o_485_2.jpg	photodiode	1
82.819	0.5	82819	untrained	32677	90	memtrain/o_580_1.jpg	photodiode	1
83.67	0.5	83670	catch	32671	n/a	catch_padded.jpg	photodiode	0
84.04	0.0	84040	response	6	n/a	n/a	trigger	0
85.672	0.5	85672	trained	32740	27	memtrain/o_379_2.jpg	photodiode	1
86.572	0.5	86572	untrained	32705	62	memtrain/o_304_1.jpg	photodiode	1
87.523	0.5	87523	trained	32750	17	memtrain/o_232_1.jpg	photodiode	1
88.465	0.5	88465	trained	32758	9	memtrain/o_101_2.jpg	photodiode	1
89.416	0.5	89416	catch	32671	n/a	catch_padded.jpg	photodiode	0
89.721	0.0	89721	response	6	n/a	n/a	trigger	0
91.418	0.5	91418	untrained	32716	51	memtrain/o_103_2.jpg	photodiode	1
92.177	0.5	92177	trained	32737	30	memtrain/o_437_2.jpg	photodiode	1
93.119	0.5	93119	untrained	32714	53	memtrain/o_142_2.jpg	photodiode	1
93.97	0.5	93970	catch	32671	n/a	catch_padded.jpg	photodiode	0
94.283	0.0	94283	response	6	n/a	n/a	trigger	0
95.922	0.5	95922	untrained	32715	52	memtrain/o_141_1.jpg	photodiode	1
96.731	0.5	96731	untrained	32693	74	memtrain/o_550_1.jpg	photodiode	1
97.673	0.5	97673	untrained	32718	49	memtrain/o_054_2.jpg	photodiode	1
98.624	0.5	98624	untrained	32695	72	memtrain/o_490_1.jpg	photodiode	1
99.575	0.5	99575	trained	32751	16	memtrain/o_199_2.jpg	photodiode	1
100.325	0.5	100325	catch	32671	n/a	catch_padded.jpg	photodiode	0
100.639	0.0	100639	response	6	n/a	n/a	trigger	0
102.277	0.5	102277	untrained	32682	85	memtrain/o_218_1.jpg	photodiode	1
103.028	0.5	103028	trained	32765	2	memtrain/o_035_1.jpg	photodiode	1
103.828	0.5	103828	trained	32745	22	memtrain/o_321_1.jpg	photodiode	1
104.779	0.5	104779	catch	32671	n/a	catch_padded.jpg	photodiode	0
105.132	0.0	105132	response	6	n/a	n/a	trigger	0
106.831	0.5	106831	trained	32759	8	memtrain/o_094_1.jpg	photodiode	1
107.582	0.5	107582	untrained	32696	71	memtrain/o_483_1.jpg	photodiode	1
108.482	0.5	108482	trained	32730	37	memtrain/o_597_1.jpg	photodiode	1
109.233	0.5	109233	untrained	32700	67	memtrain/o_378_1.jpg	photodiode	1
110.084	0.5	110084	catch	32671	n/a	catch_padded.jpg	photodiode	0
110.488	0.0	110488	response	6	n/a	n/a	trigger	0
112.035	0.5	112035	trained	32734	33	memtrain/o_536_1.jpg	photodiode	1
112.786	0.5	112786	untrained	32701	66	memtrain/o_342_2.jpg	photodiode	1
113.687	0.5	113687	untrained	32710	57	memtrain/o_171_1.jpg	photodiode	1
114.588	0.5	114588	untrained	32687	80	memtrain/o_613_1.jpg	photodiode	1
115.388	0.5	115388	catch	32671	n/a	catch_padded.jpg	photodiode	0
115.739	0.0	115739	response	6	n/a	n/a	trigger	0
117.29	0.5	117290	trained	32761	6	memtrain/o_076_1.jpg	photodiode	1
118.082	0.5	118082	trained	32738	29	memtrain/o_416_1.jpg	photodiode	1
118.841	0.5	118841	untrained	32679	88	memtrain/o_458_1.jpg	photodiode	1
119.692	0.5	119692	trained	32749	18	memtrain/o_264_2.jpg	photodiode	1
120.534	0.5	120534	untrained	32702	65	memtrain/o_337_2.jpg	photodiode	1
121.293	0.5	121293	catch	32671	n/a	catch_padded.jpg	photodiode	0
121.674	0.0	121674	response	6	n/a	n/a	trigger	0
123.237	0.5	123237	trained	32766	1	memtrain/o_015_1.jpg	photodiode	1
124.087	0.5	124087	untrained	32684	83	memtrain/so_105_1.jpg	photodiode	1
124.988	0.5	124988	untrained	32697	70	memtrain/o_471_2.jpg	photodiode	1
125.939	0.5	125939	untrained	32692	75	memtrain/o_564_1.jpg	photodiode	1
126.89	0.5	126890	untrained	32709	58	memtrain/o_192_1.jpg	photodiode	1
127.69	0.5	127690	catch	32671	n/a	catch_padded.jpg	photodiode	0
127.959	0.0	127959	response	6	n/a	n/a	trigger	0
129.642	0.5	129642	untrained	32698	69	memtrain/o_464_2.jpg	photodiode	1
130.593	0.5	130593	trained	32755	12	memtrain/o_127_2.jpg	photodiode	1
131.544	0.5	131544	trained	32753	14	memtrain/o_174_1.jpg	photodiode	1
132.394	0.5	132394	untrained	32713	54	memtrain/o_145_1.jpg	photodiode	1
133.295	0.5	133295	catch	32671	n/a	catch_padded.jpg	photodiode	0
133.622	0.0	133622	response	6	n/a	n/a	trigger	0
135.347	0.5	135347	untrained	32708	59	memtrain/o_201_2.jpg	photodiode	1
136.198	0.5	136198	untrained	32688	79	memtrain/o_600_1.jpg	photodiode	1
136.948	0.5	136948	untrained	32674	93	memtrain/so_035_1.jpg	photodiode	1
137.749	0.5	137749	untrained	32691	76	memtrain/o_570_1.jpg	photodiode	1
138.5	0.5	138500	untrained	32704	63	memtrain/o_310_2.jpg	photodiode	1
139.35	0.5	139350	catch	32671	n/a	catch_padded.jpg	photodiode	0
139.719	0.0	139719	response	6	n/a	n/a	trigger	0
141.452	0.5	141452	trained	32754	13	memtrain/o_136_1.jpg	photodiode	1
142.253	0.5	142253	trained	32729	38	memtrain/o_603_1.jpg	photodiode	1
143.054	0.5	143054	untrained	32678	89	memtrain/o_469_1.jpg	photodiode	1
143.804	0.5	143804	catch	32671	n/a	catch_padded.jpg	photodiode	0
144.315	0.0	144315	response	6	n/a	n/a	trigger	0
145.806	0.5	145806	untrained	32703	64	memtrain/o_334_2.jpg	photodiode	1
146.657	0.5	146657	trained	32762	5	memtrain/o_067_1.jpg	photodiode	1
147.549	0.5	147549	trained	32725	42	memtrain/so_034_2.jpg	photodiode	1
148.458	0.5	148458	untrained	32686	81	memtrain/o_655_2.jpg	photodiode	1
149.309	0.5	149309	catch	32671	n/a	catch_padded.jpg	photodiode	0
149.675	0.0	149675	response	6	n/a	n/a	trigger	0
151.302	0.5	151302	untrained	32690	77	memtrain/o_574_2.jpg	photodiode	1
152.153	0.5	152153	trained	32720	47	memtrain/so_147_2.jpg	photodiode	1
153.104	0.5	153104	trained	32733	34	memtrain/o_558_2.jpg	photodiode	1
153.904	0.5	153904	catch	32671	n/a	catch_padded.jpg	photodiode	0
154.435	0.0	154435	response	6	n/a	n/a	trigger	0
155.906	0.5	155906	untrained	32699	68	memtrain/o_393_1.jpg	photodiode	1
156.757	0.5	156757	trained	32728	39	memtrain/o_606_1.jpg	photodiode	1
157.507	0.5	157507	trained	32731	36	memtrain/o_583_1.jpg	photodiode	1
158.258	0.5	158258	untrained	32712	55	memtrain/o_153_2.jpg	photodiode	1
159.109	0.5	159109	catch	32671	n/a	catch_padded.jpg	photodiode	0
159.363	0.0	159363	response	6	n/a	n/a	trigger	0
161.16	0.5	161160	trained	32746	21	memtrain/o_319_1.jpg	photodiode	1
162.011	0.5	162011	trained	32764	3	memtrain/o_040_2.jpg	photodiode	1
162.762	0.5	162762	trained	32744	23	memtrain/o_338_2.jpg	photodiode	1
163.562	0.5	163562	trained	32757	10	memtrain/o_111_2.jpg	photodiode	1
164.463	0.5	164463	catch	32671	n/a	catch_padded.jpg	photodiode	0
164.847	0.0	164847	response	6	n/a	n/a	trigger	0
166.565	0.5	166565	untrained	32689	78	memtrain/o_599_1.jpg	photodiode	1
167.366	0.5	167366	trained	32723	44	memtrain/so_045_1.jpg	photodiode	1
168.216	0.5	168216	trained	32742	25	memtrain/o_358_2.jpg	photodiode	1
169.167	0.5	169167	trained	32748	19	memtrain/o_284_2.jpg	photodiode	1
169.968	0.5	169968	catch	32671	n/a	catch_padded.jpg	photodiode	0
170.347	0.0	170347	response	6	n/a	n/a	trigger	0
172.07	0.5	172070	untrained	32719	48	memtrain/o_019_2.jpg	photodiode	1
172.97	0.5	172970	untrained	32711	56	memtrain/o_163_2.jpg	photodiode	1
173.721	0.5	173721	untrained	32675	92	memtrain/so_033_1.jpg	photodiode	1
174.672	0.5	174672	untrained	32717	50	memtrain/o_057_2.jpg	photodiode	1
175.422	0.5	175422	untrained	32694	73	memtrain/o_519_2.jpg	photodiode	1
176.265	0.5	176265	catch	32671	n/a	catch_padded.jpg	photodiode	0
176.559	0.0	176559	response	6	n/a	n/a	trigger	0
178.375	0.5	178375	untrained	32685	82	memtrain/o_656_1.jpg	photodiode	1
179.268	0.5	179268	trained	32722	45	memtrain/so_090_2.jpg	photodiode	1
180.076	0.5	180076	trained	32736	31	memtrain/o_465_2.jpg	photodiode	1
181.019	0.5	181019	catch	32671	n/a	catch_padded.jpg	photodiode	0
181.629	0.0	181629	response	6	n/a	n/a	trigger	0
183.071	0.5	183071	untrained	32673	94	memtrain/so_067_1.jpg	photodiode	1
183.821	0.5	183821	trained	32724	43	memtrain/so_043_2.jpg	photodiode	1
184.772	0.5	184772	untrained	32691	76	memtrain/o_570_1.jpg	photodiode	1
185.723	0.5	185723	untrained	32717	50	memtrain/o_057_2.jpg	photodiode	1
186.624	0.5	186624	trained	32723	44	memtrain/so_045_1.jpg	photodiode	1
187.575	0.5	187575	catch	32671	n/a	catch_padded.jpg	photodiode	0
187.912	0.0	187912	response	6	n/a	n/a	trigger	0
189.626	0.5	189626	trained	32752	15	memtrain/o_195_1.jpg	photodiode	1
190.527	0.5	190527	untrained	32675	92	memtrain/so_033_1.jpg	photodiode	1
191.328	0.5	191328	trained	32767	0	memtrain/o_006_1.jpg	photodiode	1
192.279	0.5	192279	catch	32671	n/a	catch_padded.jpg	photodiode	0
192.929	0.0	192929	response	6	n/a	n/a	trigger	0
194.38	0.5	194380	untrained	32692	75	memtrain/o_564_1.jpg	photodiode	1
195.331	0.5	195331	untrained	32712	55	memtrain/o_153_2.jpg	photodiode	1
196.232	0.5	196232	untrained	32715	52	memtrain/o_141_1.jpg	photodiode	1
197.033	0.5	197033	catch	32671	n/a	catch_padded.jpg	photodiode	0
197.608	0.0	197608	response	6	n/a	n/a	trigger	0
198.984	0.5	198984	trained	32737	30	memtrain/o_437_2.jpg	photodiode	1
199.735	0.5	199735	untrained	32710	57	memtrain/o_171_1.jpg	photodiode	1
200.536	0.5	200536	trained	32757	10	memtrain/o_111_2.jpg	photodiode	1
201.286	0.5	201286	untrained	32696	71	memtrain/o_483_1.jpg	photodiode	1
202.187	0.5	202187	catch	32671	n/a	catch_padded.jpg	photodiode	0
202.47	0.0	202470	response	6	n/a	n/a	trigger	0
204.289	0.5	204289	trained	32732	35	memtrain/o_561_2.jpg	photodiode	1
205.24	0.5	205240	untrained	32700	67	memtrain/o_378_1.jpg	photodiode	1
206.14	0.5	206140	trained	32762	5	memtrain/o_067_1.jpg	photodiode	1
207.041	0.5	207041	trained	32754	13	memtrain/o_136_1.jpg	photodiode	1
207.883	0.5	207883	trained	32766	1	memtrain/o_015_1.jpg	photodiode	1
208.743	0.5	208743	catch	32671	n/a	catch_padded.jpg	photodiode	0
209.136	0.0	209136	response	6	n/a	n/a	trigger	0
210.736	0.5	210736	untrained	32707	60	memtrain/o_228_2.jpg	photodiode	1
211.486	0.5	211486	trained	32731	36	memtrain/o_583_1.jpg	photodiode	1
212.437	0.5	212437	trained	32747	20	memtrain/o_290_1.jpg	photodiode	1
213.238	0.5	213238	catch	32671	n/a	catch_padded.jpg	photodiode	0
213.726	0.0	213726	response	6	n/a	n/a	trigger	0
215.19	0.5	215190	untrained	32718	49	memtrain/o_054_2.jpg	photodiode	1
216.09	0.5	216090	untrained	32688	79	memtrain/o_600_1.jpg	photodiode	1
216.891	0.5	216891	untrained	32697	70	memtrain/o_471_2.jpg	photodiode	1
217.642	0.5	217642	trained	32739	28	memtrain/o_397_1.jpg	photodiode	1
218.592	0.5	218592	catch	32671	n/a	catch_padded.jpg	photodiode	0
218.962	0.0	218962	response	6	n/a	n/a	trigger	0
220.644	0.5	220644	untrained	32682	85	memtrain/o_218_1.jpg	photodiode	1
221.445	0.5	221445	untrained	32689	78	memtrain/o_599_1.jpg	photodiode	1
222.246	0.5	222246	untrained	32708	59	memtrain/o_201_2.jpg	photodiode	1
222.996	0.5	222996	trained	32744	23	memtrain/o_338_2.jpg	photodiode	1
223.747	0.5	223747	untrained	32677	90	memtrain/o_580_1.jpg	photodiode	1
224.648	0.5	224648	catch	32671	n/a	catch_padded.jpg	photodiode	0
224.977	0.0	224977	response	6	n/a	n/a	trigger	0
226.649	0.5	226649	untrained	32680	87	memtrain/o_365_1.jpg	photodiode	1
227.45	0.5	227450	trained	32741	26	memtrain/o_376_1.jpg	photodiode	1
228.301	0.5	228301	trained	32751	16	memtrain/o_199_2.jpg	photodiode	1
229.201	0.5	229201	trained	32764	3	memtrain/o_040_2.jpg	photodiode	1
230.052	0.5	230052	untrained	32686	81	memtrain/o_655_2.jpg	photodiode	1
230.953	0.5	230953	catch	32671	n/a	catch_padded.jpg	photodiode	0
231.272	0.0	231272	response	6	n/a	n/a	trigger	0
232.855	0.5	232855	trained	32729	38	memtrain/o_603_1.jpg	photodiode	1
233.805	0.5	233805	untrained	32690	77	memtrain/o_574_2.jpg	photodiode	1
234.656	0.5	234656	trained	32749	18	memtrain/o_264_2.jpg	photodiode	1
235.607	0.5	235607	untrained	32714	53	memtrain/o_142_2.jpg	photodiode	1
236.408	0.5	236408	catch	32671	n/a	catch_padded.jpg	photodiode	0
236.798	0.0	236798	response	6	n/a	n/a	trigger	0
238.459	0.5	238459	untrained	32683	84	memtrain/so_117_2.jpg	photodiode	1
239.31	0.5	239310	untrained	32673	94	memtrain/so_067_1.jpg	photodiode	1
240.253	0.5	240253	trained	32726	41	memtrain/o_663_2.jpg	photodiode	1
241.103	0.5	241103	catch	32671	n/a	catch_padded.jpg	photodiode	0
241.622	0.0	241622	response	6	n/a	n/a	trigger	0
243.005	0.5	243005	trained	32738	29	memtrain/o_416_1.jpg	photodiode	1
243.756	0.5	243756	trained	32720	47	memtrain/so_147_2.jpg	photodiode	1
244.706	0.5	244706	untrained	32713	54	memtrain/o_145_1.jpg	photodiode	1
245.657	0.5	245657	catch	32671	n/a	catch_padded.jpg	photodiode	0
246.269	0.0	246269	response	6	n/a	n/a	trigger	0
247.609	0.5	247609	trained	32736	31	memtrain/o_465_2.jpg	photodiode	1
248.41	0.5	248410	trained	32725	42	memtrain/so_034_2.jpg	photodiode	1
249.26	0.5	249260	untrained	32672	95	memtrain/so_125_1.jpg	photodiode	1
250.011	0.5	250011	trained	32755	12	memtrain/o_127_2.jpg	photodiode	1
250.912	0.5	250912	catch	32671	n/a	catch_padded.jpg	photodiode	0
251.299	0.0	251299	response	6	n/a	n/a	trigger	0
252.913	0.5	252913	trained	32758	9	memtrain/o_101_2.jpg	photodiode	1
253.664	0.5	253664	untrained	32698	69	memtrain/o_464_2.jpg	photodiode	1
254.615	0.5	254615	trained	32742	25	memtrain/o_358_2.jpg	photodiode	1
255.466	0.5	255466	untrained	32694	73	memtrain/o_519_2.jpg	photodiode	1
256.266	0.5	256266	trained	32763	4	memtrain/o_042_1.jpg	photodiode	1
257.167	0.5	257167	catch	32671	n/a	catch_padded.jpg	photodiode	0
257.461	0.0	257461	response	6	n/a	n/a	trigger	0
259.119	0.5	259119	trained	32733	34	memtrain/o_558_2.jpg	photodiode	1
259.919	0.5	259919	untrained	32684	83	memtrain/so_105_1.jpg	photodiode	1
260.82	0.5	260820	untrained	32695	72	memtrain/o_490_1.jpg	photodiode	1
261.771	0.5	261771	catch	32671	n/a	catch_padded.jpg	photodiode	0
262.173	0.0	262173	response	6	n/a	n/a	trigger	0
263.823	0.5	263823	untrained	32706	61	memtrain/o_298_2.jpg	photodiode	1
264.573	0.5	264573	trained	32728	39	memtrain/o_606_1.jpg	photodiode	1
265.374	0.5	265374	trained	32722	45	memtrain/so_090_2.jpg	photodiode	1
266.125	0.5	266125	untrained	32681	86	memtrain/o_288_1.jpg	photodiode	1
266.925	0.5	266925	untrained	32699	68	memtrain/o_393_1.jpg	photodiode	1
267.667	0.5	267667	catch	32671	n/a	catch_padded.jpg	photodiode	0
267.996	0.0	267996	response	6	n/a	n/a	trigger	0
269.719	0.5	269719	trained	32759	8	memtrain/o_094_1.jpg	photodiode	1
270.47	0.5	270470	trained	32746	21	memtrain/o_319_1.jpg	photodiode	1
271.421	0.5	271421	untrained	32702	65	memtrain/o_337_2.jpg	photodiode	1
272.271	0.5	272271	untrained	32679	88	memtrain/o_458_1.jpg	photodiode	1
273.022	0.5	273022	trained	32765	2	memtrain/o_035_1.jpg	photodiode	1
273.773	0.5	273773	catch	32671	n/a	catch_padded.jpg	photodiode	0
274.137	0.0	274137	response	6	n/a	n/a	trigger	0
275.674	0.5	275674	untrained	32674	93	memtrain/so_035_1.jpg	photodiode	1
276.625	0.5	276625	trained	32760	7	memtrain/o_091_2.jpg	photodiode	1
277.426	0.5	277426	trained	32724	43	memtrain/so_043_2.jpg	photodiode	1
278.276	0.5	278276	catch	32671	n/a	catch_padded.jpg	photodiode	0
278.699	0.0	278699	response	6	n/a	n/a	trigger	0
280.228	0.5	280228	untrained	32719	48	memtrain/o_019_2.jpg	photodiode	1
281.079	0.5	281079	trained	32740	27	memtrain/o_379_2.jpg	photodiode	1
282.03	0.5	282030	trained	32750	17	memtrain/o_232_1.jpg	photodiode	1
282.93	0.5	282930	untrained	32687	80	memtrain/o_613_1.jpg	photodiode	1
283.681	0.5	283681	untrained	32703	64	memtrain/o_334_2.jpg	photodiode	1
284.632	0.5	284632	catch	32671	n/a	catch_padded.jpg	photodiode	0
284.918	0.0	284918	response	6	n/a	n/a	trigger	0
286.683	0.5	286683	trained	32743	24	memtrain/o_357_1.jpg	photodiode	1
287.534	0.5	287534	trained	32734	33	memtrain/o_536_1.jpg	photodiode	1
288.435	0.5	288435	trained	32735	32	memtrain/o_485_2.jpg	photodiode	1
289.386	0.5	289386	catch	32671	n/a	catch_padded.jpg	photodiode	0
289.835	0.0	289835	response	6	n/a	n/a	trigger	0
291.438	0.5	291438	trained	32730	37	memtrain/o_597_1.jpg	photodiode	1
292.388	0.5	292388	untrained	32678	89	memtrain/o_469_1.jpg	photodiode	1
293.239	0.5	293239	untrained	32704	63	memtrain/o_310_2.jpg	photodiode	1
294.09	0.5	294090	trained	32756	11	memtrain/o_117_2.jpg	photodiode	1
294.89	0.5	294890	untrained	32711	56	memtrain/o_163_2.jpg	photodiode	1
295.783	0.5	295783	catch	32671	n/a	catch_padded.jpg	photodiode	0
296.005	0.0	296005	response	6	n/a	n/a	trigger	0
297.835	0.5	297835	trained	32761	6	memtrain/o_076_1.jpg	photodiode	1
298.786	0.5	298786	untrained	32701	66	memtrain/o_342_2.jpg	photodiode	1
299.536	0.5	299536	trained	32748	19	memtrain/o_284_2.jpg	photodiode	1
300.437	0.5	300437	trained	32745	22	memtrain/o_321_1.jpg	photodiode	1
301.288	0.5	301288	untrained	32676	91	memtrain/o_605_1.jpg	photodiode	1
302.088	0.5	302088	catch	32671	n/a	catch_padded.jpg	photodiode	0
302.507	0.0	302507	response	6	n/a	n/a	trigger	0
304.09	0.5	304090	untrained	32716	51	memtrain/o_103_2.jpg	photodiode	1
304.991	0.5	304991	untrained	32709	58	memtrain/o_192_1.jpg	photodiode	1
305.741	0.5	305741	untrained	32685	82	memtrain/o_656_1.jpg	photodiode	1
306.542	0.5	306542	catch	32671	n/a	catch_padded.jpg	photodiode	0
306.823	0.0	306823	response	6	n/a	n/a	trigger	0
308.494	0.5	308494	trained	32753	14	memtrain/o_174_1.jpg	photodiode	1
309.445	0.5	309445	untrained	32693	74	memtrain/o_550_1.jpg	photodiode	1
310.195	0.5	310195	trained	32721	46	memtrain/so_113_1.jpg	photodiode	1
311.046	0.5	311046	trained	32727	40	memtrain/o_648_2.jpg	photodiode	1
311.797	0.5	311797	untrained	32705	62	memtrain/o_304_1.jpg	photodiode	1
312.697	0.5	312697	catch	32671	n/a	catch_padded.jpg	photodiode	0
313.042	0.0	313042	response	6	n/a	n/a	trigger	0
319.176	0.0	319176	block_end	120	n/a	n/a	trigger	0
344.361	0.0	344361	response	6	n/a	n/a	trigger	0
344.371	0.0	344371	block_onset	102	n/a	n/a	trigger	0
346.426	0.5	346426	trained	32745	22	memtrain/o_321_1.jpg	photodiode	1
347.277	0.5	347277	untrained	32709	58	memtrain/o_192_1.jpg	photodiode	1
348.127	0.5	348127	untrained	32704	63	memtrain/o_310_2.jpg	photodiode	1
348.928	0.5	348928	untrained	32691	76	memtrain/o_570_1.jpg	photodiode	1
349.829	0.5	349829	untrained	32698	69	memtrain/o_464_2.jpg	photodiode	1
350.571	0.5	350571	catch	32671	n/a	catch_padded.jpg	photodiode	0
350.93	0.0	350930	response	6	n/a	n/a	trigger	0
352.573	0.5	352573	untrained	32716	51	memtrain/o_103_2.jpg	photodiode	1
353.523	0.5	353523	untrained	32717	50	memtrain/o_057_2.jpg	photodiode	1
354.424	0.5	354424	trained	32766	1	memtrain/o_015_1.jpg	photodiode	1
355.175	0.5	355175	untrained	32673	94	memtrain/so_067_1.jpg	photodiode	1
356.026	0.5	356026	catch	32671	n/a	catch_padded.jpg	photodiode	0
356.348	0.0	356348	response	6	n/a	n/a	trigger	0
357.977	0.5	357977	trained	32761	6	memtrain/o_076_1.jpg	photodiode	1
358.728	0.5	358728	trained	32753	14	memtrain/o_174_1.jpg	photodiode	1
359.579	0.5	359579	untrained	32705	62	memtrain/o_304_1.jpg	photodiode	1
360.529	0.5	360529	untrained	32677	90	memtrain/o_580_1.jpg	photodiode	1
361.38	0.5	361380	trained	32744	23	memtrain/o_338_2.jpg	photodiode	1
362.331	0.5	362331	catch	32671	n/a	catch_padded.jpg	photodiode	0
362.726	0.0	362726	response	6	n/a	n/a	trigger	0
364.283	0.5	364283	trained	32733	34	memtrain/o_558_2.jpg	photodiode	1
365.033	0.5	365033	trained	32747	20	memtrain/o_290_1.jpg	photodiode	1
365.834	0.5	365834	untrained	32697	70	memtrain/o_471_2.jpg	photodiode	1
366.585	0.5	366585	untrained	32686	81	memtrain/o_655_2.jpg	photodiode	1
367.535	0.5	367535	trained	32752	15	memtrain/o_195_1.jpg	photodiode	1
368.286	0.5	368286	catch	32671	n/a	catch_padded.jpg	photodiode	0
368.673	0.0	368673	response	6	n/a	n/a	trigger	0
370.288	0.5	370288	untrained	32706	61	memtrain/o_298_2.jpg	photodiode	1
371.088	0.5	371088	trained	32730	37	memtrain/o_597_1.jpg	photodiode	1
371.989	0.5	371989	untrained	32692	75	memtrain/o_564_1.jpg	photodiode	1
372.79	0.5	372790	catch	32671	n/a	catch_padded.jpg	photodiode	0
373.249	0.0	373249	response	6	n/a	n/a	trigger	0
374.691	0.5	374691	trained	32760	7	memtrain/o_091_2.jpg	photodiode	1
375.592	0.5	375592	trained	32728	39	memtrain/o_606_1.jpg	photodiode	1
376.543	0.5	376543	trained	32724	43	memtrain/so_043_2.jpg	photodiode	1
377.494	0.5	377494	catch	32671	n/a	catch_padded.jpg	photodiode	0
377.908	0.0	377908	response	6	n/a	n/a	trigger	0
379.596	0.5	379596	untrained	32696	71	memtrain/o_483_1.jpg	photodiode	1
380.438	0.5	380438	untrained	32699	68	memtrain/o_393_1.jpg	photodiode	1
381.339	0.5	381339	untrained	32690	77	memtrain/o_574_2.jpg	photodiode	1
382.248	0.5	382248	catch	32671	n/a	catch_padded.jpg	photodiode	0
382.618	0.0	382618	response	6	n/a	n/a	trigger	0
384.141	0.5	384141	untrained	32711	56	memtrain/o_163_2.jpg	photodiode	1
384.992	0.5	384992	untrained	32703	64	memtrain/o_334_2.jpg	photodiode	1
385.743	0.5	385743	trained	32720	47	memtrain/so_147_2.jpg	photodiode	1
386.693	0.5	386693	catch	32671	n/a	catch_padded.jpg	photodiode	0
387.107	0.0	387107	response	6	n/a	n/a	trigger	0
388.595	0.5	388595	trained	32754	13	memtrain/o_136_1.jpg	photodiode	1
389.496	0.5	389496	untrained	32683	84	memtrain/so_117_2.jpg	photodiode	1
390.397	0.5	390397	trained	32729	38	memtrain/o_603_1.jpg	photodiode	1
391.147	0.5	391147	trained	32746	21	memtrain/o_319_1.jpg	photodiode	1
392.098	0.5	392098	untrained	32687	80	memtrain/o_613_1.jpg	photodiode	1
393.049	0.5	393049	catch	32671	n/a	catch_padded.jpg	photodiode	0
393.302	0.0	393302	response	6	n/a	n/a	trigger	0
395.0	0.5	395000	untrained	32678	89	memtrain/o_469_1.jpg	photodiode	1
395.801	0.5	395801	untrained	32719	48	memtrain/o_019_2.jpg	photodiode	1
396.602	0.5	396602	trained	32737	30	memtrain/o_437_2.jpg	photodiode	1
397.453	0.5	397453	trained	32759	8	memtrain/o_094_1.jpg	photodiode	1
398.203	0.5	398203	catch	32671	n/a	catch_padded.jpg	photodiode	0
398.645	0.0	398645	response	6	n/a	n/a	trigger	0
400.263	0.5	400263	trained	32749	18	memtrain/o_264_2.jpg	photodiode	1
401.206	0.5	401206	trained	32734	33	memtrain/o_536_1.jpg	photodiode	1
402.006	0.5	402006	trained	32721	46	memtrain/so_113_1.jpg	photodiode	1
402.907	0.5	402907	catch	32671	n/a	catch_padded.jpg	photodiode	0
403.323	0.0	403323	response	6	n/a	n/a	trigger	0
404.959	0.5	404959	untrained	32672	95	memtrain/so_125_1.jpg	photodiode	1
405.81	0.5	405810	untrained	32680	87	memtrain/o_365_1.jpg	photodiode	1
406.76	0.5	406760	untrained	32675	92	memtrain/so_033_1.jpg	photodiode	1
407.561	0.5	407561	trained	32736	31	memtrain/o_465_2.jpg	photodiode	1
408.462	0.5	408462	catch	32671	n/a	catch_padded.jpg	photodiode	0
408.716	0.0	408716	response	6	n/a	n/a	trigger	0
410.555	0.5	410555	untrained	32679	88	memtrain/o_458_1.jpg	photodiode	1
411.506	0.5	411506	untrained	32718	49	memtrain/o_054_2.jpg	photodiode	1
412.457	0.5	412457	trained	32748	19	memtrain/o_284_2.jpg	photodiode	1
413.408	0.5	413408	catch	32671	n/a	catch_padded.jpg	photodiode	0
413.806	0.0	413806	response	6	n/a	n/a	trigger	0
415.318	0.5	415318	trained	32755	12	memtrain/o_127_2.jpg	photodiode	1
416.26	0.5	416260	trained	32751	16	memtrain/o_199_2.jpg	photodiode	1
417.061	0.5	417061	untrained	32714	53	memtrain/o_142_2.jpg	photodiode	1
417.911	0.5	417911	untrained	32702	65	memtrain/o_337_2.jpg	photodiode	1
418.712	0.5	418712	catch	32671	n/a	catch_padded.jpg	photodiode	0
419.081	0.0	419081	response	6	n/a	n/a	trigger	0
420.814	0.5	420814	untrained	32701	66	memtrain/o_342_2.jpg	photodiode	1
421.565	0.5	421565	trained	32763	4	memtrain/o_042_1.jpg	photodiode	1
422.315	0.5	422315	trained	32743	24	memtrain/o_357_1.jpg	photodiode	1
423.166	0.5	423166	catch	32671	n/a	catch_padded.jpg	photodiode	0
423.648	0.0	423648	response	6	n/a	n/a	trigger	0
425.118	0.5	425118	trained	32765	2	memtrain/o_035_1.jpg	photodiode	1
425.918	0.5	425918	untrained	32681	86	memtrain/o_288_1.jpg	photodiode	1
426.869	0.5	426869	trained	32738	29	memtrain/o_416_1.jpg	photodiode	1
427.67	0.5	427670	catch	32671	n/a	catch_padded.jpg	photodiode	0
428.078	0.0	428078	response	6	n/a	n/a	trigger	0
429.671	0.5	429671	trained	32741	26	memtrain/o_376_1.jpg	photodiode	1
430.422	0.5	430422	untrained	32676	91	memtrain/o_605_1.jpg	photodiode	1
431.273	0.5	431273	trained	32727	40	memtrain/o_648_2.jpg	photodiode	1
432.174	0.5	432174	catch	32671	n/a	catch_padded.jpg	photodiode	0
432.588	0.0	432588	response	6	n/a	n/a	trigger	0
434.175	0.5	434175	trained	32762	5	memtrain/o_067_1.jpg	photodiode	1
435.026	0.5	435026	trained	32767	0	memtrain/o_006_1.jpg	photodiode	1
435.777	0.5	435777	untrained	32712	55	memtrain/o_153_2.jpg	photodiode	1
436.677	0.5	436677	untrained	32688	79	memtrain/o_600_1.jpg	photodiode	1
437.528	0.5	437528	trained	32726	41	memtrain/o_663_2.jpg	photodiode	1
438.471	0.5	438471	catch	32671	n/a	catch_padded.jpg	photodiode	0
438.722	0.0	438722	response	6	n/a	n/a	trigger	0
440.38	0.5	440380	trained	32757	10	memtrain/o_111_2.jpg	photodiode	1
441.223	0.5	441223	trained	32731	36	memtrain/o_583_1.jpg	photodiode	1
442.074	0.5	442074	trained	32740	27	memtrain/o_379_2.jpg	photodiode	1
442.924	0.5	442924	trained	32750	17	memtrain/o_232_1.jpg	photodiode	1
443.875	0.5	443875	catch	32671	n/a	catch_padded.jpg	photodiode	0
444.101	0.0	444101	response	6	n/a	n/a	trigger	0
445.877	0.5	445877	trained	32742	25	memtrain/o_358_2.jpg	photodiode	1
446.778	0.5	446778	trained	32758	9	memtrain/o_101_2.jpg	photodiode	1
447.678	0.5	447678	untrained	32710	57	memtrain/o_171_1.jpg	photodiode	1
448.529	0.5	448529	catch	32671	n/a	catch_padded.jpg	photodiode	0
448.931	0.0	448931	response	6	n/a	n/a	trigger	0
450.581	0.5	450581	untrained	32708	59	memtrain/o_201_2.jpg	photodiode	1
451.382	0.5	451382	trained	32722	45	memtrain/so_090_2.jpg	photodiode	1
452.232	0.5	452232	untrained	32685	82	memtrain/o_656_1.jpg	photodiode	1
453.133	0.5	453133	catch	32671	n/a	catch_padded.jpg	photodiode	0
453.476	0.0	453476	response	6	n/a	n/a	trigger	0
455.085	0.5	455085	untrained	32695	72	memtrain/o_490_1.jpg	photodiode	1
455.986	0.5	455986	trained	32756	11	memtrain/o_117_2.jpg	photodiode	1
456.886	0.5	456886	trained	32739	28	memtrain/o_397_1.jpg	photodiode	1
457.737	0.5	457737	untrained	32713	54	memtrain/o_145_1.jpg	photodiode	1
458.588	0.5	458588	trained	32723	44	memtrain/so_045_1.jpg	photodiode	1
459.338	0.5	459338	catch	32671	n/a	catch_padded.jpg	photodiode	0
459.681	0.0	459681	response	6	n/a	n/a	trigger	0
461.24	0.5	461240	trained	32732	35	memtrain/o_561_2.jpg	photodiode	1
462.091	0.5	462091	untrained	32700	67	memtrain/o_378_1.jpg	photodiode	1
462.841	0.5	462841	untrained	32707	60	memtrain/o_228_2.jpg	photodiode	1
463.642	0.5	463642	catch	32671	n/a	catch_padded.jpg	photodiode	0
464.212	0.0	464212	response	6	n/a	n/a	trigger	0
465.585	0.5	465585	trained	32764	3	memtrain/o_040_2.jpg	photodiode	1
466.494	0.5	466494	trained	32735	32	memtrain/o_485_2.jpg	photodiode	1
467.395	0.5	467395	untrained	32674	93	memtrain/so_035_1.jpg	photodiode	1
468.196	0.5	468196	untrained	32684	83	memtrain/so_105_1.jpg	photodiode	1
468.947	0.5	468947	untrained	32715	52	memtrain/o_141_1.jpg	photodiode	1
469.897	0.5	469897	catch	32671	n/a	catch_padded.jpg	photodiode	0
470.137	0.0	470137	response	6	n/a	n/a	trigger	0
471.891	0.5	471891	untrained	32693	74	memtrain/o_550_1.jpg	photodiode	1
472.691	0.5	472691	trained	32725	42	memtrain/so_034_2.jpg	photodiode	1
473.592	0.5	473592	untrained	32694	73	memtrain/o_519_2.jpg	photodiode	1
474.343	0.5	474343	untrained	32682	85	memtrain/o_218_1.jpg	photodiode	1
475.293	0.5	475293	catch	32671	n/a	catch_padded.jpg	photodiode	0
475.936	0.0	475936	response	6	n/a	n/a	trigger	0
477.345	0.5	477345	untrained	32689	78	memtrain/o_599_1.jpg	photodiode	1
478.196	0.5	478196	trained	32742	25	memtrain/o_358_2.jpg	photodiode	1
479.147	0.5	479147	untrained	32696	71	memtrain/o_483_1.jpg	photodiode	1
479.947	0.5	479947	untrained	32697	70	memtrain/o_471_2.jpg	photodiode	1
480.698	0.5	480698	catch	32671	n/a	catch_padded.jpg	photodiode	0
481.125	0.0	481125	response	6	n/a	n/a	trigger	0
482.6	0.5	482600	trained	32745	22	memtrain/o_321_1.jpg	photodiode	1
483.35	0.5	483350	untrained	32692	75	memtrain/o_564_1.jpg	photodiode	1
484.201	0.5	484201	untrained	32694	73	memtrain/o_519_2.jpg	photodiode	1
485.152	0.5	485152	trained	32749	18	memtrain/o_264_2.jpg	photodiode	1
485.902	0.5	485902	catch	32671	n/a	catch_padded.jpg	photodiode	0
486.351	0.0	486351	response	6	n/a	n/a	trigger	0
487.804	0.5	487804	untrained	32680	87	memtrain/o_365_1.jpg	photodiode	1
488.605	0.5	488605	untrained	32716	51	memtrain/o_103_2.jpg	photodiode	1
489.355	0.5	489355	trained	32735	32	memtrain/o_485_2.jpg	photodiode	1
490.156	0.5	490156	catch	32671	n/a	catch_padded.jpg	photodiode	0
490.554	0.0	490554	response	6	n/a	n/a	trigger	0
492.258	0.5	492258	trained	32756	11	memtrain/o_117_2.jpg	photodiode	1
493.058	0.5	493058	untrained	32686	81	memtrain/o_655_2.jpg	photodiode	1
493.859	0.5	493859	trained	32754	13	memtrain/o_136_1.jpg	photodiode	1
494.81	0.5	494810	trained	32748	19	memtrain/o_284_2.jpg	photodiode	1
495.761	0.5	495761	untrained	32695	72	memtrain/o_490_1.jpg	photodiode	1
496.553	0.5	496553	catch	32671	n/a	catch_padded.jpg	photodiode	0
496.871	0.0	496871	response	6	n/a	n/a	trigger	0
498.672	0.5	498672	untrained	32712	55	memtrain/o_153_2.jpg	photodiode	1
499.506	0.5	499506	untrained	32674	93	memtrain/so_035_1.jpg	photodiode	1
500.407	0.5	500407	untrained	32711	56	memtrain/o_163_2.jpg	photodiode	1
501.257	0.5	501257	untrained	32673	94	memtrain/so_067_1.jpg	photodiode	1
502.058	0.5	502058	trained	32744	23	memtrain/o_338_2.jpg	photodiode	1
503.009	0.5	503009	catch	32671	n/a	catch_padded.jpg	photodiode	0
503.259	0.0	503259	response	6	n/a	n/a	trigger	0
504.91	0.5	504910	trained	32721	46	memtrain/so_113_1.jpg	photodiode	1
505.811	0.5	505811	trained	32730	37	memtrain/o_597_1.jpg	photodiode	1
506.612	0.5	506612	untrained	32701	66	memtrain/o_342_2.jpg	photodiode	1
507.462	0.5	507462	trained	32751	16	memtrain/o_199_2.jpg	photodiode	1
508.313	0.5	508313	catch	32671	n/a	catch_padded.jpg	photodiode	0
508.592	0.0	508592	response	6	n/a	n/a	trigger	0
510.215	0.5	510215	untrained	32705	62	memtrain/o_304_1.jpg	photodiode	1
511.016	0.5	511016	trained	32763	4	memtrain/o_042_1.jpg	photodiode	1
511.766	0.5	511766	untrained	32719	48	memtrain/o_019_2.jpg	photodiode	1
512.667	0.5	512667	trained	32759	8	memtrain/o_094_1.jpg	photodiode	1
513.568	0.5	513568	catch	32671	n/a	catch_padded.jpg	photodiode	0
514.012	0.0	514012	response	6	n/a	n/a	trigger	0
515.619	0.5	515619	untrained	32704	63	memtrain/o_310_2.jpg	photodiode	1
516.52	0.5	516520	untrained	32708	59	memtrain/o_201_2.jpg	photodiode	1
517.421	0.5	517421	trained	32729	38	memtrain/o_603_1.jpg	photodiode	1
518.172	0.5	518172	trained	32731	36	memtrain/o_583_1.jpg	photodiode	1
518.922	0.5	518922	catch	32671	n/a	catch_padded.jpg	photodiode	0
519.274	0.0	519274	response	6	n/a	n/a	trigger	0
520.924	0.5	520924	untrained	32679	88	memtrain/o_458_1.jpg	photodiode	1
521.775	0.5	521775	untrained	32687	80	memtrain/o_613_1.jpg	photodiode	1
522.675	0.5	522675	trained	32732	35	memtrain/o_561_2.jpg	photodiode	1
523.576	0.5	523576	trained	32743	24	memtrain/o_357_1.jpg	photodiode	1
524.477	0.5	524477	untrained	32702	65	memtrain/o_337_2.jpg	photodiode	1
525.278	0.5	525278	catch	32671	n/a	catch_padded.jpg	photodiode	0
525.778	0.0	525778	response	6	n/a	n/a	trigger	0
527.179	0.5	527179	trained	32720	47	memtrain/so_147_2.jpg	photodiode	1
528.03	0.5	528030	untrained	32710	57	memtrain/o_171_1.jpg	photodiode	1
528.872	0.5	528872	untrained	32703	64	memtrain/o_334_2.jpg	photodiode	1
529.823	0.5	529823	catch	32671	n/a	catch_padded.jpg	photodiode	0
530.515	0.0	530515	response	6	n/a	n/a	trigger	0
531.925	0.5	531925	trained	32752	15	memtrain/o_195_1.jpg	photodiode	1
532.725	0.5	532725	untrained	32672	95	memtrain/so_125_1.jpg	photodiode	1
533.635	0.5	533635	trained	32753	14	memtrain/o_174_1.jpg	photodiode	1
534.477	0.5	534477	untrained	32677	90	memtrain/o_580_1.jpg	photodiode	1
535.278	0.5	535278	catch	32671	n/a	catch_padded.jpg	photodiode	0
535.605	0.0	535605	response	6	n/a	n/a	trigger	0
537.379	0.5	537379	trained	32746	21	memtrain/o_319_1.jpg	photodiode	1
538.13	0.5	538130	untrained	32718	49	memtrain/o_054_2.jpg	photodiode	1
538.881	0.5	538881	trained	32767	0	memtrain/o_006_1.jpg	photodiode	1
539.831	0.5	539831	trained	32726	41	memtrain/o_663_2.jpg	photodiode	1
540.632	0.5	540632	catch	32671	n/a	catch_padded.jpg	photodiode	0
541.031	0.0	541031	response	6	n/a	n/a	trigger	0
542.734	0.5	542734	trained	32728	39	memtrain/o_606_1.jpg	photodiode	1
543.485	0.5	543485	untrained	32713	54	memtrain/o_145_1.jpg	photodiode	1
544.435	0.5	544435	trained	32760	7	memtrain/o_091_2.jpg	photodiode	1
545.286	0.5	545286	untrained	32699	68	memtrain/o_393_1.jpg	photodiode	1
546.137	0.5	546137	trained	32762	5	memtrain/o_067_1.jpg	photodiode	1
546.937	0.5	546937	catch	32671	n/a	catch_padded.jpg	photodiode	0
547.314	0.0	547314	response	6	n/a	n/a	trigger	0
548.889	0.5	548889	trained	32739	28	memtrain/o_397_1.jpg	photodiode	1
549.69	0.5	549690	trained	32755	12	memtrain/o_127_2.jpg	photodiode	1
550.49	0.5	550490	untrained	32690	77	memtrain/o_574_2.jpg	photodiode	1
551.391	0.5	551391	catch	32671	n/a	catch_padded.jpg	photodiode	0
551.741	0.0	551741	response	6	n/a	n/a	trigger	0
553.343	0.5	553343	trained	32737	30	memtrain/o_437_2.jpg	photodiode	1
554.094	0.5	554094	trained	32747	20	memtrain/o_290_1.jpg	photodiode	1
554.994	0.5	554994	untrained	32676	91	memtrain/o_605_1.jpg	photodiode	1
555.887	0.5	555887	untrained	32682	85	memtrain/o_218_1.jpg	photodiode	1
556.696	0.5	556696	trained	32724	43	memtrain/so_043_2.jpg	photodiode	1
557.488	0.5	557488	catch	32671	n/a	catch_padded.jpg	photodiode	0
557.813	0.0	557813	response	6	n/a	n/a	trigger	0
559.59	0.5	559590	trained	32733	34	memtrain/o_558_2.jpg	photodiode	1
560.441	0.5	560441	trained	32736	31	memtrain/o_465_2.jpg	photodiode	1
561.191	0.5	561191	trained	32758	9	memtrain/o_101_2.jpg	photodiode	1
562.142	0.5	562142	untrained	32700	67	memtrain/o_378_1.jpg	photodiode	1
562.893	0.5	562893	trained	32765	2	memtrain/o_035_1.jpg	photodiode	1
563.844	0.5	563844	catch	32671	n/a	catch_padded.jpg	photodiode	0
564.438	0.0	564438	response	6	n/a	n/a	trigger	0
565.795	0.5	565795	trained	32761	6	memtrain/o_076_1.jpg	photodiode	1
566.546	0.5	566546	untrained	32689	78	memtrain/o_599_1.jpg	photodiode	1
567.497	0.5	567497	untrained	32717	50	memtrain/o_057_2.jpg	photodiode	1
568.397	0.5	568397	untrained	32681	86	memtrain/o_288_1.jpg	photodiode	1
569.298	0.5	569298	trained	32757	10	memtrain/o_111_2.jpg	photodiode	1
570.199	0.5	570199	catch	32671	n/a	catch_padded.jpg	photodiode	0
570.531	0.0	570531	response	6	n/a	n/a	trigger	0
572.301	0.5	572301	untrained	32678	89	memtrain/o_469_1.jpg	photodiode	1
573.252	0.5	573252	trained	32723	44	memtrain/so_045_1.jpg	photodiode	1
574.052	0.5	574052	trained	32727	40	memtrain/o_648_2.jpg	photodiode	1
575.003	0.5	575003	untrained	32685	82	memtrain/o_656_1.jpg	photodiode	1
575.954	0.5	575954	trained	32740	27	memtrain/o_379_2.jpg	photodiode	1
576.705	0.5	576705	catch	32671	n/a	catch_padded.jpg	photodiode	0
577.152	0.0	577152	response	6	n/a	n/a	trigger	0
578.806	0.5	578806	untrained	32688	79	memtrain/o_600_1.jpg	photodiode	1
579.557	0.5	579557	trained	32722	45	memtrain/so_090_2.jpg	photodiode	1
580.308	0.5	580308	untrained	32675	92	memtrain/so_033_1.jpg	photodiode	1
581.058	0.5	581058	untrained	32707	60	memtrain/o_228_2.jpg	photodiode	1
581.909	0.5	581909	catch	32671	n/a	catch_padded.jpg	photodiode	0
582.381	0.0	582381	response	6	n/a	n/a	trigger	0
583.961	0.5	583961	trained	32764	3	memtrain/o_040_2.jpg	photodiode	1
584.811	0.5	584811	untrained	32683	84	memtrain/so_117_2.jpg	photodiode	1
585.662	0.5	585662	untrained	32714	53	memtrain/o_142_2.jpg	photodiode	1
586.513	0.5	586513	trained	32734	33	memtrain/o_536_1.jpg	photodiode	1
587.405	0.5	587405	catch	32671	n/a	catch_padded.jpg	photodiode	0
587.738	0.0	587738	response	6	n/a	n/a	trigger	0
589.457	0.5	589457	trained	32738	29	memtrain/o_416_1.jpg	photodiode	1
590.258	0.5	590258	untrained	32698	69	memtrain/o_464_2.jpg	photodiode	1
591.158	0.5	591158	trained	32766	1	memtrain/o_015_1.jpg	photodiode	1
591.909	0.5	591909	catch	32671	n/a	catch_padded.jpg	photodiode	0
592.298	0.0	592298	response	6	n/a	n/a	trigger	0
594.011	0.5	594011	untrained	32706	61	memtrain/o_298_2.jpg	photodiode	1
594.962	0.5	594962	untrained	32684	83	memtrain/so_105_1.jpg	photodiode	1
595.762	0.5	595762	untrained	32693	74	memtrain/o_550_1.jpg	photodiode	1
596.663	0.5	596663	untrained	32709	58	memtrain/o_192_1.jpg	photodiode	1
597.514	0.5	597514	catch	32671	n/a	catch_padded.jpg	photodiode	0
597.915	0.0	597915	response	6	n/a	n/a	trigger	0
599.465	0.5	599465	untrained	32691	76	memtrain/o_570_1.jpg	photodiode	1
600.266	0.5	600266	trained	32741	26	memtrain/o_376_1.jpg	photodiode	1
601.167	0.5	601167	untrained	32715	52	memtrain/o_141_1.jpg	photodiode	1
602.118	0.5	602118	trained	32750	17	memtrain/o_232_1.jpg	photodiode	1
602.968	0.5	602968	trained	32725	42	memtrain/so_034_2.jpg	photodiode	1
603.869	0.5	603869	catch	32671	n/a	catch_padded.jpg	photodiode	0
604.144	0.0	604144	response	6	n/a	n/a	trigger	0
610.346	0.0	610346	block_end	120	n/a	n/a	trigger	0
629.862	0.0	629862	response	6	n/a	n/a	trigger	0
629.871	0.0	629871	block_onset	103	n/a	n/a	trigger	0
631.926	0.5	631926	trained	32721	46	memtrain/so_113_1.jpg	photodiode	1
632.677	0.5	632677	trained	32738	29	memtrain/o_416_1.jpg	photodiode	1
633.528	0.5	633528	trained	32753	14	memtrain/o_174_1.jpg	photodiode	1
634.278	0.5	634278	trained	32726	41	memtrain/o_663_2.jpg	photodiode	1
635.179	0.5	635179	untrained	32676	91	memtrain/o_605_1.jpg	photodiode	1
636.13	0.5	636130	catch	32671	n/a	catch_padded.jpg	photodiode	0
636.372	0.0	636372	response	6	n/a	n/a	trigger	0
638.023	0.5	638023	untrained	32691	76	memtrain/o_570_1.jpg	photodiode	1
638.924	0.5	638924	trained	32751	16	memtrain/o_199_2.jpg	photodiode	1
639.675	0.5	639675	untrained	32706	61	memtrain/o_298_2.jpg	photodiode	1
640.525	0.5	640525	catch	32671	n/a	catch_padded.jpg	photodiode	0
640.959	0.0	640959	response	6	n/a	n/a	trigger	0
642.627	0.5	642627	untrained	32700	67	memtrain/o_378_1.jpg	photodiode	1
643.528	0.5	643528	trained	32730	37	memtrain/o_597_1.jpg	photodiode	1
644.329	0.5	644329	untrained	32703	64	memtrain/o_334_2.jpg	photodiode	1
645.179	0.5	645179	catch	32671	n/a	catch_padded.jpg	photodiode	0
645.559	0.0	645559	response	6	n/a	n/a	trigger	0
647.131	0.5	647131	untrained	32715	52	memtrain/o_141_1.jpg	photodiode	1
648.082	0.5	648082	trained	32758	9	memtrain/o_101_2.jpg	photodiode	1
648.832	0.5	648832	untrained	32684	83	memtrain/so_105_1.jpg	photodiode	1
649.683	0.5	649683	trained	32725	42	memtrain/so_034_2.jpg	photodiode	1
650.584	0.5	650584	untrained	32697	70	memtrain/o_471_2.jpg	photodiode	1
651.535	0.5	651535	catch	32671	n/a	catch_padded.jpg	photodiode	0
651.809	0.0	651809	response	6	n/a	n/a	trigger	0
653.436	0.5	653436	untrained	32716	51	memtrain/o_103_2.jpg	photodiode	1
654.287	0.5	654287	trained	32744	23	memtrain/o_338_2.jpg	photodiode	1
655.038	0.5	655038	trained	32737	30	memtrain/o_437_2.jpg	photodiode	1
655.938	0.5	655938	trained	32729	38	memtrain/o_603_1.jpg	photodiode	1
656.739	0.5	656739	catch	32671	n/a	catch_padded.jpg	photodiode	0
657.134	0.0	657134	response	6	n/a	n/a	trigger	0
658.791	0.5	658791	untrained	32694	73	memtrain/o_519_2.jpg	photodiode	1
659.642	0.5	659642	untrained	32677	90	memtrain/o_580_1.jpg	photodiode	1
660.392	0.5	660392	untrained	32687	80	memtrain/o_613_1.jpg	photodiode	1
661.193	0.5	661193	catch	32671	n/a	catch_padded.jpg	photodiode	0
661.674	0.0	661674	response	6	n/a	n/a	trigger	0
663.144	0.5	663144	trained	32762	5	memtrain/o_067_1.jpg	photodiode	1
663.995	0.5	663995	untrained	32710	57	memtrain/o_171_1.jpg	photodiode	1
664.846	0.5	664846	trained	32763	4	memtrain/o_042_1.jpg	photodiode	1
665.697	0.5	665697	trained	32736	31	memtrain/o_465_2.jpg	photodiode	1
666.539	0.5	666539	catch	32671	n/a	catch_padded.jpg	photodiode	0
667.08	0.0	667080	response	6	n/a	n/a	trigger	0
668.44	0.5	668440	trained	32732	35	memtrain/o_561_2.jpg	photodiode	1
669.391	0.5	669391	untrained	32717	50	memtrain/o_057_2.jpg	photodiode	1
670.192	0.5	670192	untrained	32675	92	memtrain/so_033_1.jpg	photodiode	1
671.143	0.5	671143	catch	32671	n/a	catch_padded.jpg	photodiode	0
671.475	0.0	671475	response	6	n/a	n/a	trigger	0
673.044	0.5	673044	trained	32735	32	memtrain/o_485_2.jpg	photodiode	1
673.945	0.5	673945	untrained	32702	65	memtrain/o_337_2.jpg	photodiode	1
674.896	0.5	674896	trained	32752	15	memtrain/o_195_1.jpg	photodiode	1
675.747	0.5	675747	catch	32671	n/a	catch_padded.jpg	photodiode	0
676.23	0.0	676230	response	6	n/a	n/a	trigger	0
677.798	0.5	677798	untrained	32701	66	memtrain/o_342_2.jpg	photodiode	1
678.699	0.5	678699	untrained	32678	89	memtrain/o_469_1.jpg	photodiode	1
679.65	0.5	679650	trained	32739	28	memtrain/o_397_1.jpg	photodiode	1
680.451	0.5	680451	trained	32756	11	memtrain/o_117_2.jpg	photodiode	1
681.301	0.5	681301	catch	32671	n/a	catch_padded.jpg	photodiode	0
681.872	0.0	681872	response	6	n/a	n/a	trigger	0
683.303	0.5	683303	untrained	32707	60	memtrain/o_228_2.jpg	photodiode	1
684.054	0.5	684054	trained	32749	18	memtrain/o_264_2.jpg	photodiode	1
685.005	0.5	685005	untrained	32688	79	memtrain/o_600_1.jpg	photodiode	1
685.905	0.5	685905	catch	32671	n/a	catch_padded.jpg	photodiode	0
686.265	0.0	686265	response	6	n/a	n/a	trigger	0
688.007	0.5	688007	untrained	32718	49	memtrain/o_054_2.jpg	photodiode	1
688.758	0.5	688758	trained	32748	19	memtrain/o_284_2.jpg	photodiode	1
689.709	0.5	689709	trained	32746	21	memtrain/o_319_1.jpg	photodiode	1
690.559	0.5	690559	trained	32728	39	memtrain/o_606_1.jpg	photodiode	1
691.51	0.5	691510	catch	32671	n/a	catch_padded.jpg	photodiode	0
691.803	0.0	691803	response	6	n/a	n/a	trigger	0
693.412	0.5	693412	untrained	32704	63	memtrain/o_310_2.jpg	photodiode	1
694.212	0.5	694212	trained	32733	34	memtrain/o_558_2.jpg	photodiode	1
695.055	0.5	695055	trained	32760	7	memtrain/o_091_2.jpg	photodiode	1
695.856	0.5	695856	catch	32671	n/a	catch_padded.jpg	photodiode	0
696.358	0.0	696358	response	6	n/a	n/a	trigger	0
697.757	0.5	697757	untrained	32683	84	memtrain/so_117_2.jpg	photodiode	1
698.558	0.5	698558	trained	32764	3	memtrain/o_040_2.jpg	photodiode	1
699.509	0.5	699509	trained	32747	20	memtrain/o_290_1.jpg	photodiode	1
700.259	0.5	700259	catch	32671	n/a	catch_padded.jpg	photodiode	0
700.707	0.0	700707	response	6	n/a	n/a	trigger	0
702.169	0.5	702169	untrained	32713	54	memtrain/o_145_1.jpg	photodiode	1
703.012	0.5	703012	untrained	32695	72	memtrain/o_490_1.jpg	photodiode	1
703.862	0.5	703862	trained	32720	47	memtrain/so_147_2.jpg	photodiode	1
704.721	0.5	704721	untrained	32690	77	memtrain/o_574_2.jpg	photodiode	1
705.514	0.5	705514	untrained	32692	75	memtrain/o_564_1.jpg	photodiode	1
706.314	0.5	706314	catch	32671	n/a	catch_padded.jpg	photodiode	0
706.712	0.0	706712	response	6	n/a	n/a	trigger	0
708.266	0.5	708266	untrained	32679	88	memtrain/o_458_1.jpg	photodiode	1
709.067	0.5	709067	untrained	32673	94	memtrain/so_067_1.jpg	photodiode	1
709.917	0.5	709917	trained	32734	33	memtrain/o_536_1.jpg	photodiode	1
710.668	0.5	710668	untrained	32711	56	memtrain/o_163_2.jpg	photodiode	1
711.519	0.5	711519	trained	32741	26	memtrain/o_376_1.jpg	photodiode	1
712.37	0.5	712370	catch	32671	n/a	catch_padded.jpg	photodiode	0
712.678	0.0	712678	response	6	n/a	n/a	trigger	0
714.371	0.5	714371	untrained	32719	48	memtrain/o_019_2.jpg	photodiode	1
715.172	0.5	715172	untrained	32699	68	memtrain/o_393_1.jpg	photodiode	1
716.023	0.5	716023	trained	32743	24	memtrain/o_357_1.jpg	photodiode	1
716.873	0.5	716873	trained	32722	45	memtrain/so_090_2.jpg	photodiode	1
717.624	0.5	717624	untrained	32714	53	memtrain/o_142_2.jpg	photodiode	1
718.525	0.5	718525	catch	32671	n/a	catch_padded.jpg	photodiode	0
718.919	0.0	718919	response	6	n/a	n/a	trigger	0
720.426	0.5	720426	untrained	32685	82	memtrain/o_656_1.jpg	photodiode	1
721.227	0.5	721227	untrained	32682	85	memtrain/o_218_1.jpg	photodiode	1
722.028	0.5	722028	trained	32731	36	memtrain/o_583_1.jpg	photodiode	1
722.929	0.5	722929	untrained	32696	71	memtrain/o_483_1.jpg	photodiode	1
723.779	0.5	723779	catch	32671	n/a	catch_padded.jpg	photodiode	0
724.159	0.0	724159	response	6	n/a	n/a	trigger	0
725.681	0.5	725681	trained	32742	25	memtrain/o_358_2.jpg	photodiode	1
726.482	0.5	726482	trained	32745	22	memtrain/o_321_1.jpg	photodiode	1
727.274	0.5	727274	untrained	32693	74	memtrain/o_550_1.jpg	photodiode	1
728.074	0.5	728074	trained	32750	17	memtrain/o_232_1.jpg	photodiode	1
728.825	0.5	728825	catch	32671	n/a	catch_padded.jpg	photodiode	0
729.334	0.0	729334	response	6	n/a	n/a	trigger	0
730.827	0.5	730827	trained	32759	8	memtrain/o_094_1.jpg	photodiode	1
731.577	0.5	731577	trained	32766	1	memtrain/o_015_1.jpg	photodiode	1
732.378	0.5	732378	trained	32727	40	memtrain/o_648_2.jpg	photodiode	1
733.129	0.5	733129	untrained	32681	86	memtrain/o_288_1.jpg	photodiode	1
733.979	0.5	733979	catch	32671	n/a	catch_padded.jpg	photodiode	0
734.286	0.0	734286	response	6	n/a	n/a	trigger	0
736.081	0.5	736081	trained	32754	13	memtrain/o_136_1.jpg	photodiode	1
736.982	0.5	736982	untrained	32705	62	memtrain/o_304_1.jpg	photodiode	1
737.883	0.5	737883	trained	32767	0	memtrain/o_006_1.jpg	photodiode	1
738.683	0.5	738683	catch	32671	n/a	catch_padded.jpg	photodiode	0
739.168	0.0	739168	response	6	n/a	n/a	trigger	0
740.785	0.5	740785	untrained	32698	69	memtrain/o_464_2.jpg	photodiode	1
741.586	0.5	741586	trained	32740	27	memtrain/o_379_2.jpg	photodiode	1
742.537	0.5	742537	untrained	32709	58	memtrain/o_192_1.jpg	photodiode	1
743.487	0.5	743487	catch	32671	n/a	catch_padded.jpg	photodiode	0
743.845	0.0	743845	response	6	n/a	n/a	trigger	0
745.489	0.5	745489	untrained	32680	87	memtrain/o_365_1.jpg	photodiode	1
746.24	0.5	746240	untrained	32689	78	memtrain/o_599_1.jpg	photodiode	1
747.04	0.5	747040	untrained	32708	59	memtrain/o_201_2.jpg	photodiode	1
747.891	0.5	747891	trained	32765	2	memtrain/o_035_1.jpg	photodiode	1
748.642	0.5	748642	trained	32757	10	memtrain/o_111_2.jpg	photodiode	1
749.392	0.5	749392	catch	32671	n/a	catch_padded.jpg	photodiode	0
749.688	0.0	749688	response	6	n/a	n/a	trigger	0
751.294	0.5	751294	trained	32723	44	memtrain/so_045_1.jpg	photodiode	1
752.095	0.5	752095	trained	32761	6	memtrain/o_076_1.jpg	photodiode	1
752.837	0.5	752837	untrained	32672	95	memtrain/so_125_1.jpg	photodiode	1
753.746	0.5	753746	trained	32755	12	memtrain/o_127_2.jpg	photodiode	1
754.689	0.5	754689	untrained	32674	93	memtrain/so_035_1.jpg	photodiode	1
755.59	0.5	755590	catch	32671	n/a	catch_padded.jpg	photodiode	0
755.955	0.0	755955	response	6	n/a	n/a	trigger	0
757.641	0.5	757641	untrained	32712	55	memtrain/o_153_2.jpg	photodiode	1
758.592	0.5	758592	untrained	32686	81	memtrain/o_655_2.jpg	photodiode	1
759.543	0.5	759543	trained	32724	43	memtrain/so_043_2.jpg	photodiode	1
760.294	0.5	760294	trained	32762	5	memtrain/o_067_1.jpg	photodiode	1
761.094	0.5	761094	untrained	32687	80	memtrain/o_613_1.jpg	photodiode	1
761.945	0.5	761945	catch	32671	n/a	catch_padded.jpg	photodiode	0
762.342	0.0	762342	response	6	n/a	n/a	trigger	0
763.897	0.5	763897	untrained	32686	81	memtrain/o_655_2.jpg	photodiode	1
764.747	0.5	764747	untrained	32681	86	memtrain/o_288_1.jpg	photodiode	1
765.648	0.5	765648	untrained	32717	50	memtrain/o_057_2.jpg	photodiode	1
766.399	0.5	766399	catch	32671	n/a	catch_padded.jpg	photodiode	0
766.965	0.0	766965	response	6	n/a	n/a	trigger	0
768.45	0.5	768450	trained	32720	47	memtrain/so_147_2.jpg	photodiode	1
769.201	0.5	769201	untrained	32692	75	memtrain/o_564_1.jpg	photodiode	1
769.952	0.5	769952	trained	32737	30	memtrain/o_437_2.jpg	photodiode	1
770.752	0.5	770752	trained	32725	42	memtrain/so_034_2.jpg	photodiode	1
771.553	0.5	771553	catch	32671	n/a	catch_padded.jpg	photodiode	0
771.925	0.0	771925	response	6	n/a	n/a	trigger	0
773.455	0.5	773455	trained	32727	40	memtrain/o_648_2.jpg	photodiode	1
774.205	0.5	774205	trained	32724	43	memtrain/so_043_2.jpg	photodiode	1
775.006	0.5	775006	untrained	32672	95	memtrain/so_125_1.jpg	photodiode	1
775.957	0.5	775957	catch	32671	n/a	catch_padded.jpg	photodiode	0
776.376	0.0	776376	response	6	n/a	n/a	trigger	0
778.009	0.5	778009	trained	32728	39	memtrain/o_606_1.jpg	photodiode	1
778.959	0.5	778959	trained	32750	17	memtrain/o_232_1.jpg	photodiode	1
779.91	0.5	779910	trained	32740	27	memtrain/o_379_2.jpg	photodiode	1
780.861	0.5	780861	catch	32671	n/a	catch_padded.jpg	photodiode	0
781.189	0.0	781189	response	6	n/a	n/a	trigger	0
782.904	0.5	782904	trained	32734	33	memtrain/o_536_1.jpg	photodiode	1
783.805	0.5	783805	trained	32743	24	memtrain/o_357_1.jpg	photodiode	1
784.606	0.5	784606	trained	32736	31	memtrain/o_465_2.jpg	photodiode	1
785.406	0.5	785406	untrained	32710	57	memtrain/o_171_1.jpg	photodiode	1
786.207	0.5	786207	untrained	32700	67	memtrain/o_378_1.jpg	photodiode	1
787.058	0.5	787058	catch	32671	n/a	catch_padded.jpg	photodiode	0
787.401	0.0	787401	response	6	n/a	n/a	trigger	0
788.959	0.5	788959	trained	32749	18	memtrain/o_264_2.jpg	photodiode	1
789.71	0.5	789710	trained	32739	28	memtrain/o_397_1.jpg	photodiode	1
790.511	0.5	790511	trained	32747	20	memtrain/o_290_1.jpg	photodiode	1
791.461	0.5	791461	trained	32732	35	memtrain/o_561_2.jpg	photodiode	1
792.262	0.5	792262	catch	32671	n/a	catch_padded.jpg	photodiode	0
792.953	0.0	792953	response	6	n/a	n/a	trigger	0
794.314	0.5	794314	untrained	32691	76	memtrain/o_570_1.jpg	photodiode	1
795.215	0.5	795215	untrained	32696	71	memtrain/o_483_1.jpg	photodiode	1
796.115	0.5	796115	trained	32745	22	memtrain/o_321_1.jpg	photodiode	1
797.016	0.5	797016	untrained	32718	49	memtrain/o_054_2.jpg	photodiode	1
797.867	0.5	797867	trained	32721	46	memtrain/so_113_1.jpg	photodiode	1
798.718	0.5	798718	catch	32671	n/a	catch_padded.jpg	photodiode	0
799.04	0.0	799040	response	6	n/a	n/a	trigger	0
800.719	0.5	800719	untrained	32677	90	memtrain/o_580_1.jpg	photodiode	1
801.67	0.5	801670	trained	32729	38	memtrain/o_603_1.jpg	photodiode	1
802.621	0.5	802621	trained	32765	2	memtrain/o_035_1.jpg	photodiode	1
803.372	0.5	803372	trained	32751	16	memtrain/o_199_2.jpg	photodiode	1
804.272	0.5	804272	untrained	32719	48	memtrain/o_019_2.jpg	photodiode	1
805.073	0.5	805073	catch	32671	n/a	catch_padded.jpg	photodiode	0
805.51	0.0	805510	response	6	n/a	n/a	trigger	0
807.025	0.5	807025	trained	32754	13	memtrain/o_136_1.jpg	photodiode	1
807.925	0.5	807925	trained	32760	7	memtrain/o_091_2.jpg	photodiode	1
808.726	0.5	808726	untrained	32695	72	memtrain/o_490_1.jpg	photodiode	1
809.627	0.5	809627	catch	32671	n/a	catch_padded.jpg	photodiode	0
810.007	0.0	810007	response	6	n/a	n/a	trigger	0
811.67	0.5	811670	trained	32744	23	memtrain/o_338_2.jpg	photodiode	1
812.621	0.5	812621	trained	32742	25	memtrain/o_358_2.jpg	photodiode	1
813.572	0.5	813572	trained	32753	14	memtrain/o_174_1.jpg	photodiode	1
814.523	0.5	814523	catch	32671	n/a	catch_padded.jpg	photodiode	0
814.962	0.0	814962	response	6	n/a	n/a	trigger	0
816.575	0.5	816575	untrained	32678	89	memtrain/o_469_1.jpg	photodiode	1
817.525	0.5	817525	untrained	32704	63	memtrain/o_310_2.jpg	photodiode	1
818.426	0.5	818426	untrained	32682	85	memtrain/o_218_1.jpg	photodiode	1
819.177	0.5	819177	trained	32722	45	memtrain/so_090_2.jpg	photodiode	1
820.028	0.5	820028	catch	32671	n/a	catch_padded.jpg	photodiode	0
820.36	0.0	820360	response	6	n/a	n/a	trigger	0
822.129	0.5	822129	trained	32738	29	memtrain/o_416_1.jpg	photodiode	1
822.98	0.5	822980	trained	32755	12	memtrain/o_127_2.jpg	photodiode	1
823.881	0.5	823881	untrained	32703	64	memtrain/o_334_2.jpg	photodiode	1
824.631	0.5	824631	catch	32671	n/a	catch_padded.jpg	photodiode	0
825.008	0.0	825008	response	6	n/a	n/a	trigger	0
826.683	0.5	826683	trained	32735	32	memtrain/o_485_2.jpg	photodiode	1
827.534	0.5	827534	untrained	32697	70	memtrain/o_471_2.jpg	photodiode	1
828.485	0.5	828485	untrained	32689	78	memtrain/o_599_1.jpg	photodiode	1
829.285	0.5	829285	untrained	32711	56	memtrain/o_163_2.jpg	photodiode	1
830.086	0.5	830086	untrained	32694	73	memtrain/o_519_2.jpg	photodiode	1
831.037	0.5	831037	catch	32671	n/a	catch_padded.jpg	photodiode	0
831.415	0.0	831415	response	6	n/a	n/a	trigger	0
833.139	0.5	833139	untrained	32701	66	memtrain/o_342_2.jpg	photodiode	1
833.989	0.5	833989	untrained	32702	65	memtrain/o_337_2.jpg	photodiode	1
834.94	0.5	834940	untrained	32683	84	memtrain/so_117_2.jpg	photodiode	1
835.841	0.5	835841	untrained	32679	88	memtrain/o_458_1.jpg	photodiode	1
836.742	0.5	836742	catch	32671	n/a	catch_padded.jpg	photodiode	0
837.245	0.0	837245	response	6	n/a	n/a	trigger	0
838.743	0.5	838743	trained	32764	3	memtrain/o_040_2.jpg	photodiode	1
839.644	0.5	839644	trained	32766	1	memtrain/o_015_1.jpg	photodiode	1
840.395	0.5	840395	trained	32752	15	memtrain/o_195_1.jpg	photodiode	1
841.237	0.5	841237	untrained	32708	59	memtrain/o_201_2.jpg	photodiode	1
842.046	0.5	842046	trained	32731	36	memtrain/o_583_1.jpg	photodiode	1
842.938	0.5	842938	catch	32671	n/a	catch_padded.jpg	photodiode	0
843.579	0.0	843579	response	6	n/a	n/a	trigger	0
844.849	0.5	844849	untrained	32698	69	memtrain/o_464_2.jpg	photodiode	1
845.741	0.5	845741	trained	32726	41	memtrain/o_663_2.jpg	photodiode	1
846.491	0.5	846491	untrained	32685	82	memtrain/o_656_1.jpg	photodiode	1
847.392	0.5	847392	untrained	32675	92	memtrain/so_033_1.jpg	photodiode	1
848.169	0.0	848169	response	6	n/a	n/a	trigger	0
848.251	0.5	848251	catch	32671	n/a	catch_padded.jpg	photodiode	0
850.195	0.5	850195	untrained	32699	68	memtrain/o_393_1.jpg	photodiode	1
850.995	0.5	850995	trained	32767	0	memtrain/o_006_1.jpg	photodiode	1
851.846	0.5	851846	untrained	32680	87	memtrain/o_365_1.jpg	photodiode	1
852.747	0.5	852747	untrained	32688	79	memtrain/o_600_1.jpg	photodiode	1
853.698	0.5	853698	catch	32671	n/a	catch_padded.jpg	photodiode	0
854.072	0.0	854072	response	6	n/a	n/a	trigger	0
855.749	0.5	855749	untrained	32716	51	memtrain/o_103_2.jpg	photodiode	1
856.65	0.5	856650	untrained	32706	61	memtrain/o_298_2.jpg	photodiode	1
857.551	0.5	857551	untrained	32707	60	memtrain/o_228_2.jpg	photodiode	1
858.402	0.5	858402	trained	32748	19	memtrain/o_284_2.jpg	photodiode	1
859.352	0.5	859352	untrained	32690	77	memtrain/o_574_2.jpg	photodiode	1
860.303	0.5	860303	catch	32671	n/a	catch_padded.jpg	photodiode	0
860.615	0.0	860615	response	6	n/a	n/a	trigger	0
862.205	0.5	862205	untrained	32693	74	memtrain/o_550_1.jpg	photodiode	1
863.156	0.5	863156	untrained	32715	52	memtrain/o_141_1.jpg	photodiode	1
863.906	0.5	863906	trained	32763	4	memtrain/o_042_1.jpg	photodiode	1
864.757	0.5	864757	trained	32730	37	memtrain/o_597_1.jpg	photodiode	1
865.708	0.5	865708	catch	32671	n/a	catch_padded.jpg	photodiode	0
866.054	0.0	866054	response	6	n/a	n/a	trigger	0
867.759	0.5	867759	trained	32746	21	memtrain/o_319_1.jpg	photodiode	1
868.61	0.5	868610	trained	32759	8	memtrain/o_094_1.jpg	photodiode	1
869.561	0.5	869561	untrained	32705	62	memtrain/o_304_1.jpg	photodiode	1
870.362	0.5	870362	untrained	32674	93	memtrain/so_035_1.jpg	photodiode	1
871.304	0.5	871304	catch	32671	n/a	catch_padded.jpg	photodiode	0
871.633	0.0	871633	response	6	n/a	n/a	trigger	0
873.256	0.5	873256	untrained	32714	53	memtrain/o_142_2.jpg	photodiode	1
874.015	0.5	874015	untrained	32673	94	memtrain/so_067_1.jpg	photodiode	1
874.907	0.5	874907	untrained	32676	91	memtrain/o_605_1.jpg	photodiode	1
875.808	0.5	875808	trained	32761	6	memtrain/o_076_1.jpg	photodiode	1
876.559	0.5	876559	trained	32733	34	memtrain/o_558_2.jpg	photodiode	1
877.51	0.5	877510	catch	32671	n/a	catch_padded.jpg	photodiode	0
877.866	0.0	877866	response	6	n/a	n/a	trigger	0
879.461	0.5	879461	untrained	32712	55	memtrain/o_153_2.jpg	photodiode	1
880.212	0.5	880212	trained	32741	26	memtrain/o_376_1.jpg	photodiode	1
881.013	0.5	881013	untrained	32709	58	memtrain/o_192_1.jpg	photodiode	1
881.963	0.5	881963	untrained	32684	83	memtrain/so_105_1.jpg	photodiode	1
882.814	0.5	882814	catch	32671	n/a	catch_padded.jpg	photodiode	0
883.224	0.0	883224	response	6	n/a	n/a	trigger	0
884.766	0.5	884766	trained	32757	10	memtrain/o_111_2.jpg	photodiode	1
885.516	0.5	885516	trained	32723	44	memtrain/so_045_1.jpg	photodiode	1
886.467	0.5	886467	trained	32758	9	memtrain/o_101_2.jpg	photodiode	1
887.418	0.5	887418	untrained	32713	54	memtrain/o_145_1.jpg	photodiode	1
888.319	0.5	888319	trained	32756	11	memtrain/o_117_2.jpg	photodiode	1
889.27	0.5	889270	catch	32671	n/a	catch_padded.jpg	photodiode	0
889.493	0.0	889493	response	6	n/a	n/a	trigger	0
895.747	0.0	895747	block_end	120	n/a	n/a	trigger	0
932.362	0.0	932362	response	6	n/a	n/a	trigger	0
932.37	0.0	932370	block_onset	104	n/a	n/a	trigger	0
934.425	0.5	934425	trained	32727	40	memtrain/o_648_2.jpg	photodiode	1
935.275	0.5	935275	untrained	32698	69	memtrain/o_464_2.jpg	photodiode	1
936.176	0.5	936176	trained	32747	20	memtrain/o_290_1.jpg	photodiode	1
937.077	0.5	937077	untrained	32680	87	memtrain/o_365_1.jpg	photodiode	1
937.827	0.5	937827	catch	32671	n/a	catch_padded.jpg	photodiode	0
938.138	0.0	938138	response	6	n/a	n/a	trigger	0
939.729	0.5	939729	trained	32760	7	memtrain/o_091_2.jpg	photodiode	1
940.58	0.5	940580	trained	32738	29	memtrain/o_416_1.jpg	photodiode	1
941.472	0.5	941472	untrained	32684	83	memtrain/so_105_1.jpg	photodiode	1
942.273	0.5	942273	catch	32671	n/a	catch_padded.jpg	photodiode	0
942.678	0.0	942678	response	6	n/a	n/a	trigger	0
944.324	0.5	944324	untrained	32672	95	memtrain/so_125_1.jpg	photodiode	1
945.075	0.5	945075	trained	32737	30	memtrain/o_437_2.jpg	photodiode	1
945.926	0.5	945926	untrained	32693	74	memtrain/o_550_1.jpg	photodiode	1
946.676	0.5	946676	untrained	32688	79	memtrain/o_600_1.jpg	photodiode	1
947.427	0.5	947427	catch	32671	n/a	catch_padded.jpg	photodiode	0
947.744	0.0	947744	response	6	n/a	n/a	trigger	0
949.329	0.5	949329	trained	32761	6	memtrain/o_076_1.jpg	photodiode	1
950.179	0.5	950179	untrained	32712	55	memtrain/o_153_2.jpg	photodiode	1
951.13	0.5	951130	trained	32749	18	memtrain/o_264_2.jpg	photodiode	1
952.081	0.5	952081	untrained	32718	49	memtrain/o_054_2.jpg	photodiode	1
952.882	0.5	952882	catch	32671	n/a	catch_padded.jpg	photodiode	0
953.149	0.0	953149	response	6	n/a	n/a	trigger	0
954.833	0.5	954833	trained	32743	24	memtrain/o_357_1.jpg	photodiode	1
955.784	0.5	955784	untrained	32690	77	memtrain/o_574_2.jpg	photodiode	1
956.535	0.5	956535	trained	32755	12	memtrain/o_127_2.jpg	photodiode	1
957.486	0.5	957486	catch	32671	n/a	catch_padded.jpg	photodiode	0
957.729	0.0	957729	response	6	n/a	n/a	trigger	0
959.487	0.5	959487	untrained	32691	76	memtrain/o_570_1.jpg	photodiode	1
960.388	0.5	960388	trained	32765	2	memtrain/o_035_1.jpg	photodiode	1
961.339	0.5	961339	trained	32754	13	memtrain/o_136_1.jpg	photodiode	1
962.29	0.5	962290	untrained	32717	50	memtrain/o_057_2.jpg	photodiode	1
963.09	0.5	963090	untrained	32710	57	memtrain/o_171_1.jpg	photodiode	1
963.841	0.5	963841	catch	32671	n/a	catch_padded.jpg	photodiode	0
964.135	0.0	964135	response	6	n/a	n/a	trigger	0
965.893	0.5	965893	untrained	32707	60	memtrain/o_228_2.jpg	photodiode	1
966.693	0.5	966693	untrained	32673	94	memtrain/so_067_1.jpg	photodiode	1
967.544	0.5	967544	untrained	32681	86	memtrain/o_288_1.jpg	photodiode	1
968.395	0.5	968395	catch	32671	n/a	catch_padded.jpg	photodiode	0
968.761	0.0	968761	response	6	n/a	n/a	trigger	0
970.296	0.5	970296	untrained	32706	61	memtrain/o_298_2.jpg	photodiode	1
971.089	0.5	971089	untrained	32677	90	memtrain/o_580_1.jpg	photodiode	1
971.94	0.5	971940	trained	32764	3	memtrain/o_040_2.jpg	photodiode	1
972.79	0.5	972790	untrained	32701	66	memtrain/o_342_2.jpg	photodiode	1
973.691	0.5	973691	untrained	32683	84	memtrain/so_117_2.jpg	photodiode	1
974.592	0.5	974592	catch	32671	n/a	catch_padded.jpg	photodiode	0
974.918	0.0	974918	response	6	n/a	n/a	trigger	0
976.644	0.5	976644	trained	32731	36	memtrain/o_583_1.jpg	photodiode	1
977.544	0.5	977544	trained	32733	34	memtrain/o_558_2.jpg	photodiode	1
978.295	0.5	978295	untrained	32689	78	memtrain/o_599_1.jpg	photodiode	1
979.096	0.5	979096	untrained	32702	65	memtrain/o_337_2.jpg	photodiode	1
979.896	0.5	979896	untrained	32674	93	memtrain/so_035_1.jpg	photodiode	1
980.697	0.5	980697	catch	32671	n/a	catch_padded.jpg	photodiode	0
981.102	0.0	981102	response	6	n/a	n/a	trigger	0
982.699	0.5	982699	trained	32751	16	memtrain/o_199_2.jpg	photodiode	1
983.65	0.5	983650	trained	32767	0	memtrain/o_006_1.jpg	photodiode	1
984.6	0.5	984600	trained	32759	8	memtrain/o_094_1.jpg	photodiode	1
985.451	0.5	985451	trained	32740	27	memtrain/o_379_2.jpg	photodiode	1
986.352	0.5	986352	catch	32671	n/a	catch_padded.jpg	photodiode	0
986.713	0.0	986713	response	6	n/a	n/a	trigger	0
988.253	0.5	988253	trained	32744	23	memtrain/o_338_2.jpg	photodiode	1
989.204	0.5	989204	trained	32724	43	memtrain/so_043_2.jpg	photodiode	1
989.955	0.5	989955	untrained	32708	59	memtrain/o_201_2.jpg	photodiode	1
990.806	0.5	990806	catch	32671	n/a	catch_padded.jpg	photodiode	0
991.315	0.0	991315	response	6	n/a	n/a	trigger	0
992.857	0.5	992857	untrained	32682	85	memtrain/o_218_1.jpg	photodiode	1
993.658	0.5	993658	untrained	32714	53	memtrain/o_142_2.jpg	photodiode	1
994.559	0.5	994559	trained	32734	33	memtrain/o_536_1.jpg	photodiode	1
995.309	0.5	995309	untrained	32716	51	memtrain/o_103_2.jpg	photodiode	1
996.21	0.5	996210	untrained	32699	68	memtrain/o_393_1.jpg	photodiode	1
997.161	0.5	997161	catch	32671	n/a	catch_padded.jpg	photodiode	0
997.509	0.0	997509	response	6	n/a	n/a	trigger	0
999.104	0.5	999104	trained	32739	28	memtrain/o_397_1.jpg	photodiode	1
999.963	0.5	999963	untrained	32700	67	memtrain/o_378_1.jpg	photodiode	1
1000.906	0.5	1000906	trained	32752	15	memtrain/o_195_1.jpg	photodiode	1
1001.706	0.5	1001706	catch	32671	n/a	catch_padded.jpg	photodiode	0
1002.216	0.0	1002216	response	6	n/a	n/a	trigger	0
1003.708	0.5	1003708	untrained	32709	58	memtrain/o_192_1.jpg	photodiode	1
1004.609	0.5	1004609	trained	32723	44	memtrain/so_045_1.jpg	photodiode	1
1005.359	0.5	1005359	trained	32732	35	memtrain/o_561_2.jpg	photodiode	1
1006.21	0.5	1006210	trained	32720	47	memtrain/so_147_2.jpg	photodiode	1
1007.011	0.5	1007011	untrained	32692	75	memtrain/o_564_1.jpg	photodiode	1
1007.912	0.5	1007912	catch	32671	n/a	catch_padded.jpg	photodiode	0
1008.25	0.0	1008250	response	6	n/a	n/a	trigger	0
1009.913	0.5	1009913	untrained	32705	62	memtrain/o_304_1.jpg	photodiode	1
1010.714	0.5	1010714	untrained	32685	82	memtrain/o_656_1.jpg	photodiode	1
1011.565	0.5	1011565	trained	32735	32	memtrain/o_485_2.jpg	photodiode	1
1012.415	0.5	1012415	catch	32671	n/a	catch_padded.jpg	photodiode	0
1013.252	0.0	1013252	response	6	n/a	n/a	trigger	0
1014.517	0.5	1014517	trained	32722	45	memtrain/so_090_2.jpg	photodiode	1
1015.368	0.5	1015368	trained	32746	21	memtrain/o_319_1.jpg	photodiode	1
1016.269	0.5	1016269	untrained	32711	56	memtrain/o_163_2.jpg	photodiode	1
1017.069	0.5	1017069	trained	32762	5	memtrain/o_067_1.jpg	photodiode	1
1017.82	0.5	1017820	trained	32728	39	memtrain/o_606_1.jpg	photodiode	1
1018.721	0.5	1018721	catch	32671	n/a	catch_padded.jpg	photodiode	0
1019.018	0.0	1019018	response	6	n/a	n/a	trigger	0
1020.773	0.5	1020773	untrained	32695	72	memtrain/o_490_1.jpg	photodiode	1
1021.573	0.5	1021573	trained	32756	11	memtrain/o_117_2.jpg	photodiode	1
1022.424	0.5	1022424	untrained	32703	64	memtrain/o_334_2.jpg	photodiode	1
1023.325	0.5	1023325	untrained	32676	91	memtrain/o_605_1.jpg	photodiode	1
1024.225	0.5	1024225	catch	32671	n/a	catch_padded.jpg	photodiode	0
1024.49	0.0	1024490	response	6	n/a	n/a	trigger	0
1026.127	0.5	1026127	trained	32726	41	memtrain/o_663_2.jpg	photodiode	1
1027.078	0.5	1027078	untrained	32694	73	memtrain/o_519_2.jpg	photodiode	1
1027.82	0.5	1027820	untrained	32678	89	memtrain/o_469_1.jpg	photodiode	1
1028.621	0.5	1028621	untrained	32687	80	memtrain/o_613_1.jpg	photodiode	1
1029.472	0.5	1029472	catch	32671	n/a	catch_padded.jpg	photodiode	0
1029.786	0.0	1029786	response	6	n/a	n/a	trigger	0
1031.423	0.5	1031423	untrained	32675	92	memtrain/so_033_1.jpg	photodiode	1
1032.324	0.5	1032324	trained	32763	4	memtrain/o_042_1.jpg	photodiode	1
1033.283	0.5	1033283	untrained	32686	81	memtrain/o_655_2.jpg	photodiode	1
1034.026	0.5	1034026	untrained	32697	70	memtrain/o_471_2.jpg	photodiode	1
1034.826	0.5	1034826	trained	32736	31	memtrain/o_465_2.jpg	photodiode	1
1035.677	0.5	1035677	catch	32671	n/a	catch_padded.jpg	photodiode	0
1036.009	0.0	1036009	response	6	n/a	n/a	trigger	0
1037.679	0.5	1037679	untrained	32713	54	memtrain/o_145_1.jpg	photodiode	1
1038.63	0.5	1038630	trained	32745	22	memtrain/o_321_1.jpg	photodiode	1
1039.53	0.5	1039530	untrained	32679	88	memtrain/o_458_1.jpg	photodiode	1
1040.331	0.5	1040331	catch	32671	n/a	catch_padded.jpg	photodiode	0
1040.707	0.0	1040707	response	6	n/a	n/a	trigger	0
1042.333	0.5	1042333	trained	32742	25	memtrain/o_358_2.jpg	photodiode	1
1043.133	0.5	1043133	untrained	32704	63	memtrain/o_310_2.jpg	photodiode	1
1043.984	0.5	1043984	untrained	32719	48	memtrain/o_019_2.jpg	photodiode	1
1044.935	0.5	1044935	trained	32750	17	memtrain/o_232_1.jpg	photodiode	1
1045.786	0.5	1045786	trained	32753	14	memtrain/o_174_1.jpg	photodiode	1
1046.536	0.5	1046536	catch	32671	n/a	catch_padded.jpg	photodiode	0
1047.063	0.0	1047063	response	6	n/a	n/a	trigger	0
1048.638	0.5	1048638	trained	32766	1	memtrain/o_015_1.jpg	photodiode	1
1049.539	0.5	1049539	trained	32721	46	memtrain/so_113_1.jpg	photodiode	1
1050.339	0.5	1050339	trained	32741	26	memtrain/o_376_1.jpg	photodiode	1
1051.14	0.5	1051140	catch	32671	n/a	catch_padded.jpg	photodiode	0
1051.506	0.0	1051506	response	6	n/a	n/a	trigger	0
1053.092	0.5	1053092	trained	32748	19	memtrain/o_284_2.jpg	photodiode	1
1053.842	0.5	1053842	trained	32757	10	memtrain/o_111_2.jpg	photodiode	1
1054.793	0.5	1054793	untrained	32715	52	memtrain/o_141_1.jpg	photodiode	1
1055.644	0.5	1055644	catch	32671	n/a	catch_padded.jpg	photodiode	0
1056.059	0.0	1056059	response	6	n/a	n/a	trigger	0
1057.587	0.5	1057587	trained	32730	37	memtrain/o_597_1.jpg	photodiode	1
1058.438	0.5	1058438	trained	32725	42	memtrain/so_034_2.jpg	photodiode	1
1059.297	0.5	1059297	untrained	32696	71	memtrain/o_483_1.jpg	photodiode	1
1060.248	0.5	1060248	trained	32758	9	memtrain/o_101_2.jpg	photodiode	1
1061.19	0.5	1061190	catch	32671	n/a	catch_padded.jpg	photodiode	0
1062.102	0.0	1062102	response	6	n/a	n/a	trigger	0
1063.142	0.5	1063142	trained	32729	38	memtrain/o_603_1.jpg	photodiode	1
1064.043	0.5	1064043	trained	32767	0	memtrain/o_006_1.jpg	photodiode	1
1064.993	0.5	1064993	untrained	32695	72	memtrain/o_490_1.jpg	photodiode	1
1065.794	0.5	1065794	untrained	32706	61	memtrain/o_298_2.jpg	photodiode	1
1066.595	0.5	1066595	trained	32758	9	memtrain/o_101_2.jpg	photodiode	1
1067.345	0.5	1067345	catch	32671	n/a	catch_padded.jpg	photodiode	0
1067.611	0.0	1067611	response	6	n/a	n/a	trigger	0
1069.297	0.5	1069297	untrained	32700	67	memtrain/o_378_1.jpg	photodiode	1
1070.148	0.5	1070148	untrained	32686	81	memtrain/o_655_2.jpg	photodiode	1
1070.898	0.5	1070898	trained	32728	39	memtrain/o_606_1.jpg	photodiode	1
1071.799	0.5	1071799	untrained	32716	51	memtrain/o_103_2.jpg	photodiode	1
1072.55	0.5	1072550	trained	32722	45	memtrain/so_090_2.jpg	photodiode	1
1073.501	0.5	1073501	catch	32671	n/a	catch_padded.jpg	photodiode	0
1073.802	0.0	1073802	response	6	n/a	n/a	trigger	0
1075.402	0.5	1075402	untrained	32705	62	memtrain/o_304_1.jpg	photodiode	1
1076.203	0.5	1076203	trained	32730	37	memtrain/o_597_1.jpg	photodiode	1
1077.154	0.5	1077154	trained	32732	35	memtrain/o_561_2.jpg	photodiode	1
1078.004	0.5	1078004	untrained	32693	74	memtrain/o_550_1.jpg	photodiode	1
1078.955	0.5	1078955	trained	32744	23	memtrain/o_338_2.jpg	photodiode	1
1079.856	0.5	1079856	catch	32671	n/a	catch_padded.jpg	photodiode	0
1080.545	0.0	1080545	response	6	n/a	n/a	trigger	0
1081.758	0.5	1081758	untrained	32678	89	memtrain/o_469_1.jpg	photodiode	1
1082.708	0.5	1082708	trained	32757	10	memtrain/o_111_2.jpg	photodiode	1
1083.659	0.5	1083659	untrained	32712	55	memtrain/o_153_2.jpg	photodiode	1
1084.41	0.5	1084410	catch	32671	n/a	catch_padded.jpg	photodiode	0
1084.953	0.0	1084953	response	6	n/a	n/a	trigger	0
1086.303	0.5	1086303	untrained	32699	68	memtrain/o_393_1.jpg	photodiode	1
1087.054	0.5	1087054	trained	32750	17	memtrain/o_232_1.jpg	photodiode	1
1087.913	0.5	1087913	trained	32743	24	memtrain/o_357_1.jpg	photodiode	1
1088.864	0.5	1088864	trained	32747	20	memtrain/o_290_1.jpg	photodiode	1
1089.806	0.5	1089806	catch	32671	n/a	catch_padded.jpg	photodiode	0
1090.255	0.0	1090255	response	6	n/a	n/a	trigger	0
1091.708	0.5	1091708	trained	32753	14	memtrain/o_174_1.jpg	photodiode	1
1092.609	0.5	1092609	trained	32724	43	memtrain/so_043_2.jpg	photodiode	1
1093.409	0.5	1093409	trained	32723	44	memtrain/so_045_1.jpg	photodiode	1
1094.31	0.5	1094310	catch	32671	n/a	catch_padded.jpg	photodiode	0
1096.312	0.5	1096312	untrained	32690	77	memtrain/o_574_2.jpg	photodiode	1
1097.062	0.5	1097062	trained	32761	6	memtrain/o_076_1.jpg	photodiode	1
1097.863	0.5	1097863	trained	32764	3	memtrain/o_040_2.jpg	photodiode	1
1098.714	0.5	1098714	catch	32671	n/a	catch_padded.jpg	photodiode	0
1099.04	0.0	1099040	response	6	n/a	n/a	trigger	0
1100.665	0.5	1100665	trained	32745	22	memtrain/o_321_1.jpg	photodiode	1
1101.566	0.5	1101566	trained	32734	33	memtrain/o_536_1.jpg	photodiode	1
1102.425	0.5	1102425	trained	32725	42	memtrain/so_034_2.jpg	photodiode	1
1103.318	0.5	1103318	trained	32756	11	memtrain/o_117_2.jpg	photodiode	1
1104.218	0.5	1104218	catch	32671	n/a	catch_padded.jpg	photodiode	0
1104.453	0.0	1104453	response	6	n/a	n/a	trigger	0
1106.22	0.5	1106220	trained	32737	30	memtrain/o_437_2.jpg	photodiode	1
1107.071	0.5	1107071	untrained	32679	88	memtrain/o_458_1.jpg	photodiode	1
1108.022	0.5	1108022	untrained	32683	84	memtrain/so_117_2.jpg	photodiode	1
1108.922	0.5	1108922	catch	32671	n/a	catch_padded.jpg	photodiode	0
1109.256	0.0	1109256	response	6	n/a	n/a	trigger	0
1110.924	0.5	1110924	trained	32765	2	memtrain/o_035_1.jpg	photodiode	1
1111.675	0.5	1111675	trained	32760	7	memtrain/o_091_2.jpg	photodiode	1
1112.526	0.5	1112526	trained	32735	32	memtrain/o_485_2.jpg	photodiode	1
1113.426	0.5	1113426	untrained	32692	75	memtrain/o_564_1.jpg	photodiode	1
1114.177	0.5	1114177	trained	32763	4	memtrain/o_042_1.jpg	photodiode	1
1114.928	0.5	1114928	catch	32671	n/a	catch_padded.jpg	photodiode	0
1115.301	0.0	1115301	response	6	n/a	n/a	trigger	0
1116.929	0.5	1116929	trained	32751	16	memtrain/o_199_2.jpg	photodiode	1
1117.68	0.5	1117680	trained	32742	25	memtrain/o_358_2.jpg	photodiode	1
1118.622	0.5	1118622	untrained	32694	73	memtrain/o_519_2.jpg	photodiode	1
1119.423	0.5	1119423	trained	32755	12	memtrain/o_127_2.jpg	photodiode	1
1120.324	0.5	1120324	catch	32671	n/a	catch_padded.jpg	photodiode	0
1120.662	0.0	1120662	response	6	n/a	n/a	trigger	0
1122.275	0.5	1122275	untrained	32687	80	memtrain/o_613_1.jpg	photodiode	1
1123.026	0.5	1123026	trained	32729	38	memtrain/o_603_1.jpg	photodiode	1
1123.827	0.5	1123827	trained	32762	5	memtrain/o_067_1.jpg	photodiode	1
1124.577	0.5	1124577	untrained	32707	60	memtrain/o_228_2.jpg	photodiode	1
1125.428	0.5	1125428	catch	32671	n/a	catch_padded.jpg	photodiode	0
1125.967	0.0	1125967	response	6	n/a	n/a	trigger	0
1127.53	0.5	1127530	untrained	32677	90	memtrain/o_580_1.jpg	photodiode	1
1128.43	0.5	1128430	trained	32733	34	memtrain/o_558_2.jpg	photodiode	1
1129.331	0.5	1129331	untrained	32718	49	memtrain/o_054_2.jpg	photodiode	1
1130.182	0.5	1130182	untrained	32710	57	memtrain/o_171_1.jpg	photodiode	1
1130.983	0.5	1130983	catch	32671	n/a	catch_padded.jpg	photodiode	0
1131.379	0.0	1131379	response	6	n/a	n/a	trigger	0
1132.884	0.5	1132884	trained	32740	27	memtrain/o_379_2.jpg	photodiode	1
1133.835	0.5	1133835	untrained	32681	86	memtrain/o_288_1.jpg	photodiode	1
1134.786	0.5	1134786	untrained	32680	87	memtrain/o_365_1.jpg	photodiode	1
1135.587	0.5	1135587	untrained	32697	70	memtrain/o_471_2.jpg	photodiode	1
1136.387	0.5	1136387	untrained	32717	50	memtrain/o_057_2.jpg	photodiode	1
1137.338	0.5	1137338	catch	32671	n/a	catch_padded.jpg	photodiode	0
1137.842	0.0	1137842	response	6	n/a	n/a	trigger	0
1139.44	0.5	1139440	untrained	32682	85	memtrain/o_218_1.jpg	photodiode	1
1140.291	0.5	1140291	trained	32754	13	memtrain/o_136_1.jpg	photodiode	1
1141.241	0.5	1141241	trained	32749	18	memtrain/o_264_2.jpg	photodiode	1
1142.192	0.5	1142192	untrained	32698	69	memtrain/o_464_2.jpg	photodiode	1
1143.093	0.5	1143093	untrained	32714	53	memtrain/o_142_2.jpg	photodiode	1
1143.894	0.5	1143894	catch	32671	n/a	catch_padded.jpg	photodiode	0
1144.23	0.0	1144230	response	6	n/a	n/a	trigger	0
1145.795	0.5	1145795	untrained	32702	65	memtrain/o_337_2.jpg	photodiode	1
1146.746	0.5	1146746	untrained	32704	63	memtrain/o_310_2.jpg	photodiode	1
1147.488	0.5	1147488	untrained	32708	59	memtrain/o_201_2.jpg	photodiode	1
1148.389	0.5	1148389	trained	32727	40	memtrain/o_648_2.jpg	photodiode	1
1149.34	0.5	1149340	catch	32671	n/a	catch_padded.jpg	photodiode	0
1149.575	0.0	1149575	response	6	n/a	n/a	trigger	0
1151.392	0.5	1151392	trained	32736	31	memtrain/o_465_2.jpg	photodiode	1
1152.243	0.5	1152243	untrained	32719	48	memtrain/o_019_2.jpg	photodiode	1
1152.993	0.5	1152993	untrained	32672	95	memtrain/so_125_1.jpg	photodiode	1
1153.744	0.5	1153744	untrained	32709	58	memtrain/o_192_1.jpg	photodiode	1
1154.494	0.5	1154494	trained	32766	1	memtrain/o_015_1.jpg	photodiode	1
1155.245	0.5	1155245	catch	32671	n/a	catch_padded.jpg	photodiode	0
1155.606	0.0	1155606	response	6	n/a	n/a	trigger	0
1157.147	0.5	1157147	untrained	32684	83	memtrain/so_105_1.jpg	photodiode	1
1158.097	0.5	1158097	untrained	32688	79	memtrain/o_600_1.jpg	photodiode	1
1158.998	0.5	1158998	trained	32731	36	memtrain/o_583_1.jpg	photodiode	1
1159.799	0.5	1159799	untrained	32685	82	memtrain/o_656_1.jpg	photodiode	1
1160.75	0.5	1160750	catch	32671	n/a	catch_padded.jpg	photodiode	0
1161.081	0.0	1161081	response	6	n/a	n/a	trigger	0
1162.751	0.5	1162751	trained	32739	28	memtrain/o_397_1.jpg	photodiode	1
1163.702	0.5	1163702	untrained	32691	76	memtrain/o_570_1.jpg	photodiode	1
1164.603	0.5	1164603	trained	32726	41	memtrain/o_663_2.jpg	photodiode	1
1165.354	0.5	1165354	catch	32671	n/a	catch_padded.jpg	photodiode	0
1166.004	0.0	1166004	response	6	n/a	n/a	trigger	0
1167.405	0.5	1167405	untrained	32703	64	memtrain/o_334_2.jpg	photodiode	1
1168.206	0.5	1168206	untrained	32689	78	memtrain/o_599_1.jpg	photodiode	1
1169.107	0.5	1169107	untrained	32711	56	memtrain/o_163_2.jpg	photodiode	1
1169.908	0.5	1169908	trained	32720	47	memtrain/so_147_2.jpg	photodiode	1
1170.858	0.5	1170858	untrained	32715	52	memtrain/o_141_1.jpg	photodiode	1
1171.809	0.5	1171809	catch	32671	n/a	catch_padded.jpg	photodiode	0
1172.247	0.0	1172247	response	6	n/a	n/a	trigger	0
1173.711	0.5	1173711	trained	32741	26	memtrain/o_376_1.jpg	photodiode	1
1174.461	0.5	1174461	trained	32759	8	memtrain/o_094_1.jpg	photodiode	1
1175.262	0.5	1175262	untrained	32713	54	memtrain/o_145_1.jpg	photodiode	1
1176.154	0.5	1176154	catch	32671	n/a	catch_padded.jpg	photodiode	0
1176.605	0.0	1176605	response	6	n/a	n/a	trigger	0
1178.106	0.5	1178106	untrained	32675	92	memtrain/so_033_1.jpg	photodiode	1
1178.907	0.5	1178907	trained	32746	21	memtrain/o_319_1.jpg	photodiode	1
1179.657	0.5	1179657	untrained	32674	93	memtrain/so_035_1.jpg	photodiode	1
1180.458	0.5	1180458	untrained	32676	91	memtrain/o_605_1.jpg	photodiode	1
1181.409	0.5	1181409	catch	32671	n/a	catch_padded.jpg	photodiode	0
1181.827	0.0	1181827	response	6	n/a	n/a	trigger	0
1183.41	0.5	1183410	trained	32748	19	memtrain/o_284_2.jpg	photodiode	1
1184.361	0.5	1184361	trained	32738	29	memtrain/o_416_1.jpg	photodiode	1
1185.262	0.5	1185262	trained	32752	15	memtrain/o_195_1.jpg	photodiode	1
1186.213	0.5	1186213	catch	32671	n/a	catch_padded.jpg	photodiode	0
1186.57	0.0	1186570	response	6	n/a	n/a	trigger	0
1188.215	0.5	1188215	untrained	32696	71	memtrain/o_483_1.jpg	photodiode	1
1189.115	0.5	1189115	untrained	32673	94	memtrain/so_067_1.jpg	photodiode	1
1190.016	0.5	1190016	trained	32721	46	memtrain/so_113_1.jpg	photodiode	1
1190.967	0.5	1190967	untrained	32701	66	memtrain/o_342_2.jpg	photodiode	1
1191.768	0.5	1191768	catch	32671	n/a	catch_padded.jpg	photodiode	0
1192.04	0.0	1192040	response	6	n/a	n/a	trigger	0
1198.245	0.0	1198245	block_end	120	n/a	n/a	trigger	0
1229.249	0.0	1229249	response	6	n/a	n/a	trigger	0
1229.255	0.0	1229255	block_onset	105	n/a	n/a	trigger	0
1231.31	0.5	1231310	untrained	32714	53	memtrain/o_142_2.jpg	photodiode	1
1232.11	0.5	1232110	trained	32736	31	memtrain/o_465_2.jpg	photodiode	1
1232.961	0.5	1232961	untrained	32679	88	memtrain/o_458_1.jpg	photodiode	1
1233.862	0.5	1233862	trained	32751	16	memtrain/o_199_2.jpg	photodiode	1
1234.762	0.5	1234762	untrained	32686	81	memtrain/o_655_2.jpg	photodiode	1
1235.655	0.5	1235655	catch	32671	n/a	catch_padded.jpg	photodiode	0
1235.952	0.0	1235952	response	6	n/a	n/a	trigger	0
1237.706	0.5	1237706	trained	32741	26	memtrain/o_376_1.jpg	photodiode	1
1238.657	0.5	1238657	trained	32729	38	memtrain/o_603_1.jpg	photodiode	1
1239.558	0.5	1239558	trained	32737	30	memtrain/o_437_2.jpg	photodiode	1
1240.309	0.5	1240309	trained	32749	18	memtrain/o_264_2.jpg	photodiode	1
1241.109	0.5	1241109	catch	32671	n/a	catch_padded.jpg	photodiode	0
1241.409	0.0	1241409	response	6	n/a	n/a	trigger	0
1243.111	0.5	1243111	trained	32722	45	memtrain/so_090_2.jpg	photodiode	1
1243.862	0.5	1243862	untrained	32711	56	memtrain/o_163_2.jpg	photodiode	1
1244.762	0.5	1244762	trained	32735	32	memtrain/o_485_2.jpg	photodiode	1
1245.563	0.5	1245563	untrained	32672	95	memtrain/so_125_1.jpg	photodiode	1
1246.464	0.5	1246464	trained	32730	37	memtrain/o_597_1.jpg	photodiode	1
1247.315	0.5	1247315	catch	32671	n/a	catch_padded.jpg	photodiode	0
1247.621	0.0	1247621	response	6	n/a	n/a	trigger	0
1249.416	0.5	1249416	trained	32726	41	memtrain/o_663_2.jpg	photodiode	1
1250.317	0.5	1250317	untrained	32707	60	memtrain/o_228_2.jpg	photodiode	1
1251.068	0.5	1251068	untrained	32678	89	memtrain/o_469_1.jpg	photodiode	1
1251.868	0.5	1251868	catch	32671	n/a	catch_padded.jpg	photodiode	0
1252.292	0.0	1252292	response	6	n/a	n/a	trigger	0
1253.87	0.5	1253870	untrained	32718	49	memtrain/o_054_2.jpg	photodiode	1
1254.721	0.5	1254721	untrained	32716	51	memtrain/o_103_2.jpg	photodiode	1
1255.522	0.5	1255522	untrained	32701	66	memtrain/o_342_2.jpg	photodiode	1
1256.472	0.5	1256472	untrained	32708	59	memtrain/o_201_2.jpg	photodiode	1
1257.223	0.5	1257223	catch	32671	n/a	catch_padded.jpg	photodiode	0
1257.568	0.0	1257568	response	6	n/a	n/a	trigger	0
1259.133	0.5	1259133	trained	32747	20	memtrain/o_290_1.jpg	photodiode	1
1259.975	0.5	1259975	untrained	32695	72	memtrain/o_490_1.jpg	photodiode	1
1260.926	0.5	1260926	untrained	32675	92	memtrain/so_033_1.jpg	photodiode	1
1261.677	0.5	1261677	trained	32754	13	memtrain/o_136_1.jpg	photodiode	1
1262.578	0.5	1262578	catch	32671	n/a	catch_padded.jpg	photodiode	0
1263.07	0.0	1263070	response	6	n/a	n/a	trigger	0
1264.679	0.5	1264679	trained	32727	40	memtrain/o_648_2.jpg	photodiode	1
1265.472	0.5	1265472	trained	32760	7	memtrain/o_091_2.jpg	photodiode	1
1266.373	0.5	1266373	untrained	32680	87	memtrain/o_365_1.jpg	photodiode	1
1267.181	0.5	1267181	untrained	32719	48	memtrain/o_019_2.jpg	photodiode	1
1268.024	0.5	1268024	catch	32671	n/a	catch_padded.jpg	photodiode	0
1269.104	0.0	1269104	response	6	n/a	n/a	trigger	0
1269.976	0.5	1269976	untrained	32697	70	memtrain/o_471_2.jpg	photodiode	1
1270.835	0.5	1270835	untrained	32709	58	memtrain/o_192_1.jpg	photodiode	1
1271.635	0.5	1271635	untrained	32677	90	memtrain/o_580_1.jpg	photodiode	1
1272.578	0.5	1272578	untrained	32688	79	memtrain/o_600_1.jpg	photodiode	1
1273.379	0.5	1273379	catch	32671	n/a	catch_padded.jpg	photodiode	0
1273.743	0.0	1273743	response	6	n/a	n/a	trigger	0
1275.43	0.5	1275430	untrained	32705	62	memtrain/o_304_1.jpg	photodiode	1
1276.281	0.5	1276281	trained	32724	43	memtrain/so_043_2.jpg	photodiode	1
1277.232	0.5	1277232	trained	32762	5	memtrain/o_067_1.jpg	photodiode	1
1278.083	0.5	1278083	catch	32671	n/a	catch_padded.jpg	photodiode	0
1278.509	0.0	1278509	response	6	n/a	n/a	trigger	0
1280.034	0.5	1280034	trained	32732	35	memtrain/o_561_2.jpg	photodiode	1
1280.835	0.5	1280835	untrained	32691	76	memtrain/o_570_1.jpg	photodiode	1
1281.786	0.5	1281786	untrained	32710	57	memtrain/o_171_1.jpg	photodiode	1
1282.536	0.5	1282536	catch	32671	n/a	catch_padded.jpg	photodiode	0
1283.017	0.0	1283017	response	6	n/a	n/a	trigger	0
1284.438	0.5	1284438	trained	32766	1	memtrain/o_015_1.jpg	photodiode	1
1285.289	0.5	1285289	untrained	32674	93	memtrain/so_035_1.jpg	photodiode	1
1286.039	0.5	1286039	trained	32752	15	memtrain/o_195_1.jpg	photodiode	1
1286.89	0.5	1286890	untrained	32676	91	memtrain/o_605_1.jpg	photodiode	1
1287.641	0.5	1287641	trained	32756	11	memtrain/o_117_2.jpg	photodiode	1
1288.391	0.5	1288391	catch	32671	n/a	catch_padded.jpg	photodiode	0
1288.637	0.0	1288637	response	6	n/a	n/a	trigger	0
1290.343	0.5	1290343	untrained	32694	73	memtrain/o_519_2.jpg	photodiode	1
1291.194	0.5	1291194	untrained	32706	61	memtrain/o_298_2.jpg	photodiode	1
1291.944	0.5	1291944	trained	32733	34	memtrain/o_558_2.jpg	photodiode	1
1292.895	0.5	1292895	catch	32671	n/a	catch_padded.jpg	photodiode	0
1293.299	0.0	1293299	response	6	n/a	n/a	trigger	0
1294.938	0.5	1294938	untrained	32685	82	memtrain/o_656_1.jpg	photodiode	1
1295.839	0.5	1295839	untrained	32696	71	memtrain/o_483_1.jpg	photodiode	1
1296.69	0.5	1296690	trained	32740	27	memtrain/o_379_2.jpg	photodiode	1
1297.44	0.5	1297440	trained	32761	6	memtrain/o_076_1.jpg	photodiode	1
1298.341	0.5	1298341	trained	32746	21	memtrain/o_319_1.jpg	photodiode	1
1299.1	0.5	1299100	catch	32671	n/a	catch_padded.jpg	photodiode	0
1299.689	0.0	1299689	response	6	n/a	n/a	trigger	0
1301.194	0.5	1301194	untrained	32717	50	memtrain/o_057_2.jpg	photodiode	1
1301.994	0.5	1301994	trained	32753	14	memtrain/o_174_1.jpg	photodiode	1
1302.895	0.5	1302895	untrained	32715	52	memtrain/o_141_1.jpg	photodiode	1
1303.796	0.5	1303796	catch	32671	n/a	catch_padded.jpg	photodiode	0
1304.206	0.0	1304206	response	6	n/a	n/a	trigger	0
1305.748	0.5	1305748	trained	32744	23	memtrain/o_338_2.jpg	photodiode	1
1306.548	0.5	1306548	trained	32731	36	memtrain/o_583_1.jpg	photodiode	1
1307.499	0.5	1307499	untrained	32713	54	memtrain/o_145_1.jpg	photodiode	1
1308.45	0.5	1308450	untrained	32699	68	memtrain/o_393_1.jpg	photodiode	1
1309.301	0.5	1309301	untrained	32684	83	memtrain/so_105_1.jpg	photodiode	1
1310.051	0.5	1310051	catch	32671	n/a	catch_padded.jpg	photodiode	0
1310.449	0.0	1310449	response	6	n/a	n/a	trigger	0
1312.103	0.5	1312103	untrained	32673	94	memtrain/so_067_1.jpg	photodiode	1
1312.854	0.5	1312854	trained	32728	39	memtrain/o_606_1.jpg	photodiode	1
1313.654	0.5	1313654	trained	32755	12	memtrain/o_127_2.jpg	photodiode	1
1314.505	0.5	1314505	trained	32745	22	memtrain/o_321_1.jpg	photodiode	1
1315.356	0.5	1315356	catch	32671	n/a	catch_padded.jpg	photodiode	0
1315.8	0.0	1315800	response	6	n/a	n/a	trigger	0
1317.257	0.5	1317257	trained	32767	0	memtrain/o_006_1.jpg	photodiode	1
1318.008	0.5	1318008	trained	32748	19	memtrain/o_284_2.jpg	photodiode	1
1318.959	0.5	1318959	trained	32725	42	memtrain/so_034_2.jpg	photodiode	1
1319.809	0.5	1319809	catch	32671	n/a	catch_padded.jpg	photodiode	0
1320.191	0.0	1320191	response	6	n/a	n/a	trigger	0
1321.911	0.5	1321911	trained	32763	4	memtrain/o_042_1.jpg	photodiode	1
1322.812	0.5	1322812	untrained	32700	67	memtrain/o_378_1.jpg	photodiode	1
1323.655	0.5	1323655	trained	32759	8	memtrain/o_094_1.jpg	photodiode	1
1324.614	0.5	1324614	catch	32671	n/a	catch_padded.jpg	photodiode	0
1325.219	0.0	1325219	response	6	n/a	n/a	trigger	0
1326.707	0.5	1326707	untrained	32712	55	memtrain/o_153_2.jpg	photodiode	1
1327.458	0.5	1327458	untrained	32682	85	memtrain/o_218_1.jpg	photodiode	1
1328.409	0.5	1328409	trained	32757	10	memtrain/o_111_2.jpg	photodiode	1
1329.167	0.5	1329167	catch	32671	n/a	catch_padded.jpg	photodiode	0
1329.641	0.0	1329641	response	6	n/a	n/a	trigger	0
1331.211	0.5	1331211	untrained	32698	69	memtrain/o_464_2.jpg	photodiode	1
1332.162	0.5	1332162	trained	32750	17	memtrain/o_232_1.jpg	photodiode	1
1333.113	0.5	1333113	trained	32743	24	memtrain/o_357_1.jpg	photodiode	1
1333.913	0.5	1333913	trained	32765	2	memtrain/o_035_1.jpg	photodiode	1
1334.714	0.5	1334714	catch	32671	n/a	catch_padded.jpg	photodiode	0
1335.043	0.0	1335043	response	6	n/a	n/a	trigger	0
1336.816	0.5	1336816	untrained	32690	77	memtrain/o_574_2.jpg	photodiode	1
1337.666	0.5	1337666	trained	32739	28	memtrain/o_397_1.jpg	photodiode	1
1338.617	0.5	1338617	trained	32720	47	memtrain/so_147_2.jpg	photodiode	1
1339.418	0.5	1339418	catch	32671	n/a	catch_padded.jpg	photodiode	0
1339.9	0.0	1339900	response	6	n/a	n/a	trigger	0
1341.42	0.5	1341420	trained	32721	46	memtrain/so_113_1.jpg	photodiode	1
1342.22	0.5	1342220	untrained	32683	84	memtrain/so_117_2.jpg	photodiode	1
1343.021	0.5	1343021	trained	32742	25	memtrain/o_358_2.jpg	photodiode	1
1343.922	0.5	1343922	trained	32758	9	memtrain/o_101_2.jpg	photodiode	1
1344.672	0.5	1344672	catch	32671	n/a	catch_padded.jpg	photodiode	0
1345.04	0.0	1345040	response	6	n/a	n/a	trigger	0
1346.574	0.5	1346574	untrained	32702	65	memtrain/o_337_2.jpg	photodiode	1
1347.425	0.5	1347425	untrained	32687	80	memtrain/o_613_1.jpg	photodiode	1
1348.375	0.5	1348375	trained	32734	33	memtrain/o_536_1.jpg	photodiode	1
1349.326	0.5	1349326	catch	32671	n/a	catch_padded.jpg	photodiode	0
1351.428	0.5	1351428	untrained	32693	74	memtrain/o_550_1.jpg	photodiode	1
1352.17	0.5	1352170	trained	32738	29	memtrain/o_416_1.jpg	photodiode	1
1352.979	0.5	1352979	trained	32764	3	memtrain/o_040_2.jpg	photodiode	1
1353.78	0.5	1353780	untrained	32692	75	memtrain/o_564_1.jpg	photodiode	1
1354.731	0.5	1354731	untrained	32681	86	memtrain/o_288_1.jpg	photodiode	1
1355.623	0.5	1355623	catch	32671	n/a	catch_padded.jpg	photodiode	0
1355.853	0.0	1355853	response	6	n/a	n/a	trigger	0
1357.675	0.5	1357675	untrained	32704	63	memtrain/o_310_2.jpg	photodiode	1
1358.626	0.5	1358626	trained	32723	44	memtrain/so_045_1.jpg	photodiode	1
1359.476	0.5	1359476	untrained	32689	78	memtrain/o_599_1.jpg	photodiode	1
1360.377	0.5	1360377	catch	32671	n/a	catch_padded.jpg	photodiode	0
1360.746	0.0	1360746	response	6	n/a	n/a	trigger	0
1362.329	0.5	1362329	untrained	32703	64	memtrain/o_334_2.jpg	photodiode	1
1363.28	0.5	1363280	untrained	32677	90	memtrain/o_580_1.jpg	photodiode	1
1364.13	0.5	1364130	untrained	32680	87	memtrain/o_365_1.jpg	photodiode	1
1365.081	0.5	1365081	trained	32759	8	memtrain/o_094_1.jpg	photodiode	1
1365.932	0.5	1365932	untrained	32679	88	memtrain/o_458_1.jpg	photodiode	1
1366.833	0.5	1366833	catch	32671	n/a	catch_padded.jpg	photodiode	0
1367.147	0.0	1367147	response	6	n/a	n/a	trigger	0
1368.834	0.5	1368834	untrained	32693	74	memtrain/o_550_1.jpg	photodiode	1
1369.635	0.5	1369635	trained	32739	28	memtrain/o_397_1.jpg	photodiode	1
1370.586	0.5	1370586	trained	32744	23	memtrain/o_338_2.jpg	photodiode	1
1371.387	0.5	1371387	catch	32671	n/a	catch_padded.jpg	photodiode	0
1371.796	0.0	1371796	response	6	n/a	n/a	trigger	0
1373.438	0.5	1373438	trained	32723	44	memtrain/so_045_1.jpg	photodiode	1
1374.339	0.5	1374339	untrained	32673	94	memtrain/so_067_1.jpg	photodiode	1
1375.14	0.5	1375140	untrained	32700	67	memtrain/o_378_1.jpg	photodiode	1
1375.99	0.5	1375990	catch	32671	n/a	catch_padded.jpg	photodiode	0
1376.534	0.0	1376534	response	6	n/a	n/a	trigger	0
1377.992	0.5	1377992	trained	32763	4	memtrain/o_042_1.jpg	photodiode	1
1378.793	0.5	1378793	untrained	32701	66	memtrain/o_342_2.jpg	photodiode	1
1379.744	0.5	1379744	trained	32755	12	memtrain/o_127_2.jpg	photodiode	1
1380.594	0.5	1380594	untrained	32686	81	memtrain/o_655_2.jpg	photodiode	1
1381.345	0.5	1381345	catch	32671	n/a	catch_padded.jpg	photodiode	0
1381.908	0.0	1381908	response	6	n/a	n/a	trigger	0
1383.347	0.5	1383347	untrained	32718	49	memtrain/o_054_2.jpg	photodiode	1
1384.247	0.5	1384247	untrained	32674	93	memtrain/so_035_1.jpg	photodiode	1
1385.19	0.5	1385190	trained	32741	26	memtrain/o_376_1.jpg	photodiode	1
1386.091	0.5	1386091	untrained	32692	75	memtrain/o_564_1.jpg	photodiode	1
1386.891	0.5	1386891	untrained	32712	55	memtrain/o_153_2.jpg	photodiode	1
1387.75	0.5	1387750	catch	32671	n/a	catch_padded.jpg	photodiode	0
1388.197	0.0	1388197	response	6	n/a	n/a	trigger	0
1389.644	0.5	1389644	trained	32733	34	memtrain/o_558_2.jpg	photodiode	1
1390.394	0.5	1390394	untrained	32688	79	memtrain/o_600_1.jpg	photodiode	1
1391.345	0.5	1391345	untrained	32715	52	memtrain/o_141_1.jpg	photodiode	1
1392.096	0.5	1392096	trained	32764	3	memtrain/o_040_2.jpg	photodiode	1
1392.847	0.5	1392847	catch	32671	n/a	catch_padded.jpg	photodiode	0
1394.848	0.5	1394848	untrained	32710	57	memtrain/o_171_1.jpg	photodiode	1
1395.699	0.5	1395699	untrained	32687	80	memtrain/o_613_1.jpg	photodiode	1
1396.55	0.5	1396550	trained	32745	22	memtrain/o_321_1.jpg	photodiode	1
1397.4	0.5	1397400	untrained	32697	70	memtrain/o_471_2.jpg	photodiode	1
1398.151	0.5	1398151	untrained	32691	76	memtrain/o_570_1.jpg	photodiode	1
1399.052	0.5	1399052	catch	32671	n/a	catch_padded.jpg	photodiode	0
1399.391	0.0	1399391	response	6	n/a	n/a	trigger	0
1401.003	0.5	1401003	untrained	32702	65	memtrain/o_337_2.jpg	photodiode	1
1401.904	0.5	1401904	trained	32726	41	memtrain/o_663_2.jpg	photodiode	1
1402.805	0.5	1402805	trained	32743	24	memtrain/o_357_1.jpg	photodiode	1
1403.756	0.5	1403756	catch	32671	n/a	catch_padded.jpg	photodiode	0
1404.127	0.0	1404127	response	6	n/a	n/a	trigger	0
1405.858	0.5	1405858	trained	32727	40	memtrain/o_648_2.jpg	photodiode	1
1406.608	0.5	1406608	trained	32760	7	memtrain/o_091_2.jpg	photodiode	1
1407.409	0.5	1407409	trained	32725	42	memtrain/so_034_2.jpg	photodiode	1
1408.26	0.5	1408260	trained	32754	13	memtrain/o_136_1.jpg	photodiode	1
1409.21	0.5	1409210	untrained	32708	59	memtrain/o_201_2.jpg	photodiode	1
1409.961	0.5	1409961	catch	32671	n/a	catch_padded.jpg	photodiode	0
1410.327	0.0	1410327	response	6	n/a	n/a	trigger	0
1411.863	0.5	1411863	untrained	32689	78	memtrain/o_599_1.jpg	photodiode	1
1412.613	0.5	1412613	untrained	32696	71	memtrain/o_483_1.jpg	photodiode	1
1413.556	0.5	1413556	untrained	32690	77	memtrain/o_574_2.jpg	photodiode	1
1414.456	0.5	1414456	trained	32748	19	memtrain/o_284_2.jpg	photodiode	1
1415.307	0.5	1415307	catch	32671	n/a	catch_padded.jpg	photodiode	0
1415.662	0.0	1415662	response	6	n/a	n/a	trigger	0
1417.259	0.5	1417259	untrained	32706	61	memtrain/o_298_2.jpg	photodiode	1
1418.16	0.5	1418160	untrained	32676	91	memtrain/o_605_1.jpg	photodiode	1
1419.01	0.5	1419010	untrained	32719	48	memtrain/o_019_2.jpg	photodiode	1
1419.761	0.5	1419761	trained	32734	33	memtrain/o_536_1.jpg	photodiode	1
1420.511	0.5	1420511	catch	32671	n/a	catch_padded.jpg	photodiode	0
1421.045	0.0	1421045	response	6	n/a	n/a	trigger	0
1422.413	0.5	1422413	untrained	32681	86	memtrain/o_288_1.jpg	photodiode	1
1423.314	0.5	1423314	trained	32724	43	memtrain/so_043_2.jpg	photodiode	1
1424.165	0.5	1424165	trained	32731	36	memtrain/o_583_1.jpg	photodiode	1
1425.065	0.5	1425065	trained	32735	32	memtrain/o_485_2.jpg	photodiode	1
1426.016	0.5	1426016	catch	32671	n/a	catch_padded.jpg	photodiode	0
1426.332	0.0	1426332	response	6	n/a	n/a	trigger	0
1428.118	0.5	1428118	trained	32730	37	memtrain/o_597_1.jpg	photodiode	1
1429.019	0.5	1429019	trained	32742	25	memtrain/o_358_2.jpg	photodiode	1
1429.819	0.5	1429819	trained	32753	14	memtrain/o_174_1.jpg	photodiode	1
1430.77	0.5	1430770	untrained	32714	53	memtrain/o_142_2.jpg	photodiode	1
1431.671	0.5	1431671	catch	32671	n/a	catch_padded.jpg	photodiode	0
1432.012	0.0	1432012	response	6	n/a	n/a	trigger	0
1433.623	0.5	1433623	untrained	32699	68	memtrain/o_393_1.jpg	photodiode	1
1434.473	0.5	1434473	untrained	32716	51	memtrain/o_103_2.jpg	photodiode	1
1435.224	0.5	1435224	untrained	32678	89	memtrain/o_469_1.jpg	photodiode	1
1435.975	0.5	1435975	untrained	32683	84	memtrain/so_117_2.jpg	photodiode	1
1436.875	0.5	1436875	untrained	32709	58	memtrain/o_192_1.jpg	photodiode	1
1437.776	0.5	1437776	catch	32671	n/a	catch_padded.jpg	photodiode	0
1438.047	0.0	1438047	response	6	n/a	n/a	trigger	0
1439.678	0.5	1439678	untrained	32682	85	memtrain/o_218_1.jpg	photodiode	1
1440.478	0.5	1440478	trained	32729	38	memtrain/o_603_1.jpg	photodiode	1
1441.279	0.5	1441279	trained	32746	21	memtrain/o_319_1.jpg	photodiode	1
1442.122	0.5	1442122	trained	32766	1	memtrain/o_015_1.jpg	photodiode	1
1442.872	0.5	1442872	catch	32671	n/a	catch_padded.jpg	photodiode	0
1443.258	0.0	1443258	response	6	n/a	n/a	trigger	0
1444.932	0.5	1444932	untrained	32695	72	memtrain/o_490_1.jpg	photodiode	1
1445.825	0.5	1445825	trained	32737	30	memtrain/o_437_2.jpg	photodiode	1
1446.625	0.5	1446625	trained	32736	31	memtrain/o_465_2.jpg	photodiode	1
1447.526	0.5	1447526	untrained	32713	54	memtrain/o_145_1.jpg	photodiode	1
1448.427	0.5	1448427	trained	32757	10	memtrain/o_111_2.jpg	photodiode	1
1449.228	0.5	1449228	catch	32671	n/a	catch_padded.jpg	photodiode	0
1449.529	0.0	1449529	response	6	n/a	n/a	trigger	0
1451.229	0.5	1451229	trained	32767	0	memtrain/o_006_1.jpg	photodiode	1
1451.98	0.5	1451980	trained	32750	17	memtrain/o_232_1.jpg	photodiode	1
1452.731	0.5	1452731	trained	32740	27	memtrain/o_379_2.jpg	photodiode	1
1453.681	0.5	1453681	untrained	32694	73	memtrain/o_519_2.jpg	photodiode	1
1454.532	0.5	1454532	trained	32732	35	memtrain/o_561_2.jpg	photodiode	1
1455.283	0.5	1455283	catch	32671	n/a	catch_padded.jpg	photodiode	0
1455.554	0.0	1455554	response	6	n/a	n/a	trigger	0
1457.335	0.5	1457335	trained	32721	46	memtrain/so_113_1.jpg	photodiode	1
1458.235	0.5	1458235	trained	32738	29	memtrain/o_416_1.jpg	photodiode	1
1459.136	0.5	1459136	trained	32756	11	memtrain/o_117_2.jpg	photodiode	1
1459.937	0.5	1459937	untrained	32707	60	memtrain/o_228_2.jpg	photodiode	1
1460.888	0.5	1460888	trained	32752	15	memtrain/o_195_1.jpg	photodiode	1
1461.738	0.5	1461738	catch	32671	n/a	catch_padded.jpg	photodiode	0
1462.185	0.0	1462185	response	6	n/a	n/a	trigger	0
1463.69	0.5	1463690	untrained	32685	82	memtrain/o_656_1.jpg	photodiode	1
1464.541	0.5	1464541	trained	32758	9	memtrain/o_101_2.jpg	photodiode	1
1465.491	0.5	1465491	untrained	32684	83	memtrain/so_105_1.jpg	photodiode	1
1466.442	0.5	1466442	untrained	32703	64	memtrain/o_334_2.jpg	photodiode	1
1467.243	0.5	1467243	catch	32671	n/a	catch_padded.jpg	photodiode	0
1467.675	0.0	1467675	response	6	n/a	n/a	trigger	0
1469.145	0.5	1469145	trained	32720	47	memtrain/so_147_2.jpg	photodiode	1
1469.945	0.5	1469945	untrained	32675	92	memtrain/so_033_1.jpg	photodiode	1
1470.737	0.5	1470737	trained	32728	39	memtrain/o_606_1.jpg	photodiode	1
1471.538	0.5	1471538	catch	32671	n/a	catch_padded.jpg	photodiode	0
1472.178	0.0	1472178	response	6	n/a	n/a	trigger	0
1473.59	0.5	1473590	trained	32765	2	memtrain/o_035_1.jpg	photodiode	1
1474.34	0.5	1474340	trained	32751	16	memtrain/o_199_2.jpg	photodiode	1
1475.241	0.5	1475241	untrained	32672	95	memtrain/so_125_1.jpg	photodiode	1
1476.192	0.5	1476192	catch	32671	n/a	catch_padded.jpg	photodiode	0
1476.642	0.0	1476642	response	6	n/a	n/a	trigger	0
1478.094	0.5	1478094	untrained	32704	63	memtrain/o_310_2.jpg	photodiode	1
1478.894	0.5	1478894	trained	32762	5	memtrain/o_067_1.jpg	photodiode	1
1479.745	0.5	1479745	untrained	32717	50	memtrain/o_057_2.jpg	photodiode	1
1480.696	0.5	1480696	trained	32722	45	memtrain/so_090_2.jpg	photodiode	1
1481.547	0.5	1481547	trained	32749	18	memtrain/o_264_2.jpg	photodiode	1
1482.347	0.5	1482347	catch	32671	n/a	catch_padded.jpg	photodiode	0
1482.62	0.0	1482620	response	6	n/a	n/a	trigger	0
1484.449	0.5	1484449	untrained	32698	69	memtrain/o_464_2.jpg	photodiode	1
1485.2	0.5	1485200	trained	32747	20	memtrain/o_290_1.jpg	photodiode	1
1486.0	0.5	1486000	untrained	32711	56	memtrain/o_163_2.jpg	photodiode	1
1486.951	0.5	1486951	trained	32761	6	memtrain/o_076_1.jpg	photodiode	1
1487.902	0.5	1487902	untrained	32705	62	memtrain/o_304_1.jpg	photodiode	1
1488.653	0.5	1488653	catch	32671	n/a	catch_padded.jpg	photodiode	0
1488.914	0.0	1488914	response	6	n/a	n/a	trigger	0
1495.13	0.0	1495130	block_end	120	n/a	n/a	trigger	0
1544.37	0.0	1544370	response	6	n/a	n/a	trigger	0
1544.38	0.0	1544380	block_onset	106	n/a	n/a	trigger	0
1546.427	0.5	1546427	untrained	32677	90	memtrain/o_580_1.jpg	photodiode	1
1547.336	0.5	1547336	untrained	32682	85	memtrain/o_218_1.jpg	photodiode	1
1548.136	0.5	1548136	trained	32757	10	memtrain/o_111_2.jpg	photodiode	1
1549.037	0.5	1549037	untrained	32691	76	memtrain/o_570_1.jpg	photodiode	1
1549.98	0.5	1549980	catch	32671	n/a	catch_padded.jpg	photodiode	0
1550.367	0.0	1550367	response	6	n/a	n/a	trigger	0
1551.931	0.5	1551931	trained	32720	47	memtrain/so_147_2.jpg	photodiode	1
1552.74	0.5	1552740	trained	32722	45	memtrain/so_090_2.jpg	photodiode	1
1553.533	0.5	1553533	trained	32760	7	memtrain/o_091_2.jpg	photodiode	1
1554.484	0.5	1554484	trained	32729	38	memtrain/o_603_1.jpg	photodiode	1
1555.434	0.5	1555434	catch	32671	n/a	catch_padded.jpg	photodiode	0
1555.769	0.0	1555769	response	6	n/a	n/a	trigger	0
1557.486	0.5	1557486	trained	32754	13	memtrain/o_136_1.jpg	photodiode	1
1558.437	0.5	1558437	untrained	32684	83	memtrain/so_105_1.jpg	photodiode	1
1559.188	0.5	1559188	untrained	32710	57	memtrain/o_171_1.jpg	photodiode	1
1560.138	0.5	1560138	trained	32734	33	memtrain/o_536_1.jpg	photodiode	1
1561.089	0.5	1561089	untrained	32693	74	memtrain/o_550_1.jpg	photodiode	1
1562.04	0.5	1562040	catch	32671	n/a	catch_padded.jpg	photodiode	0
1562.292	0.0	1562292	response	6	n/a	n/a	trigger	0
1564.092	0.5	1564092	untrained	32718	49	memtrain/o_054_2.jpg	photodiode	1
1565.043	0.5	1565043	trained	32764	3	memtrain/o_040_2.jpg	photodiode	1
1565.843	0.5	1565843	untrained	32702	65	memtrain/o_337_2.jpg	photodiode	1
1566.594	0.5	1566594	untrained	32706	61	memtrain/o_298_2.jpg	photodiode	1
1567.395	0.5	1567395	untrained	32675	92	memtrain/so_033_1.jpg	photodiode	1
1568.195	0.5	1568195	catch	32671	n/a	catch_padded.jpg	photodiode	0
1568.623	0.0	1568623	response	6	n/a	n/a	trigger	0
1570.147	0.5	1570147	trained	32721	46	memtrain/so_113_1.jpg	photodiode	1
1570.998	0.5	1570998	untrained	32692	75	memtrain/o_564_1.jpg	photodiode	1
1571.748	0.5	1571748	trained	32743	24	memtrain/o_357_1.jpg	photodiode	1
1572.499	0.5	1572499	trained	32735	32	memtrain/o_485_2.jpg	photodiode	1
1573.3	0.5	1573300	catch	32671	n/a	catch_padded.jpg	photodiode	0
1573.747	0.0	1573747	response	6	n/a	n/a	trigger	0
1575.201	0.5	1575201	untrained	32676	91	memtrain/o_605_1.jpg	photodiode	1
1576.052	0.5	1576052	untrained	32687	80	memtrain/o_613_1.jpg	photodiode	1
1576.903	0.5	1576903	trained	32750	17	memtrain/o_232_1.jpg	photodiode	1
1577.753	0.5	1577753	catch	32671	n/a	catch_padded.jpg	photodiode	0
1578.153	0.0	1578153	response	6	n/a	n/a	trigger	0
1579.755	0.5	1579755	trained	32723	44	memtrain/so_045_1.jpg	photodiode	1
1580.647	0.5	1580647	trained	32738	29	memtrain/o_416_1.jpg	photodiode	1
1581.498	0.5	1581498	trained	32732	35	memtrain/o_561_2.jpg	photodiode	1
1582.399	0.5	1582399	untrained	32686	81	memtrain/o_655_2.jpg	photodiode	1
1583.258	0.5	1583258	untrained	32694	73	memtrain/o_519_2.jpg	photodiode	1
1584.15	0.5	1584150	catch	32671	n/a	catch_padded.jpg	photodiode	0
1584.479	0.0	1584479	response	6	n/a	n/a	trigger	0
1586.252	0.5	1586252	trained	32728	39	memtrain/o_606_1.jpg	photodiode	1
1587.203	0.5	1587203	trained	32747	20	memtrain/o_290_1.jpg	photodiode	1
1587.953	0.5	1587953	untrained	32707	60	memtrain/o_228_2.jpg	photodiode	1
1588.904	0.5	1588904	trained	32749	18	memtrain/o_264_2.jpg	photodiode	1
1589.755	0.5	1589755	untrained	32680	87	memtrain/o_365_1.jpg	photodiode	1
1590.556	0.5	1590556	catch	32671	n/a	catch_padded.jpg	photodiode	0
1591.314	0.0	1591314	response	6	n/a	n/a	trigger	0
1592.457	0.5	1592457	untrained	32678	89	memtrain/o_469_1.jpg	photodiode	1
1593.408	0.5	1593408	untrained	32679	88	memtrain/o_458_1.jpg	photodiode	1
1594.159	0.5	1594159	untrained	32685	82	memtrain/o_656_1.jpg	photodiode	1
1594.959	0.5	1594959	trained	32746	21	memtrain/o_319_1.jpg	photodiode	1
1595.81	0.5	1595810	trained	32752	15	memtrain/o_195_1.jpg	photodiode	1
1596.611	0.5	1596611	catch	32671	n/a	catch_padded.jpg	photodiode	0
1597.096	0.0	1597096	response	6	n/a	n/a	trigger	0
1598.562	0.5	1598562	trained	32751	16	memtrain/o_199_2.jpg	photodiode	1
1599.513	0.5	1599513	trained	32741	26	memtrain/o_376_1.jpg	photodiode	1
1600.414	0.5	1600414	untrained	32673	94	memtrain/so_067_1.jpg	photodiode	1
1601.365	0.5	1601365	untrained	32714	53	memtrain/o_142_2.jpg	photodiode	1
1602.316	0.5	1602316	catch	32671	n/a	catch_padded.jpg	photodiode	0
1602.782	0.0	1602782	response	6	n/a	n/a	trigger	0
1604.367	0.5	1604367	trained	32739	28	memtrain/o_397_1.jpg	photodiode	1
1605.218	0.5	1605218	trained	32724	43	memtrain/so_043_2.jpg	photodiode	1
1606.069	0.5	1606069	untrained	32712	55	memtrain/o_153_2.jpg	photodiode	1
1607.02	0.5	1607020	untrained	32674	93	memtrain/so_035_1.jpg	photodiode	1
1607.92	0.5	1607920	catch	32671	n/a	catch_padded.jpg	photodiode	0
1608.34	0.0	1608340	response	6	n/a	n/a	trigger	0
1609.872	0.5	1609872	untrained	32713	54	memtrain/o_145_1.jpg	photodiode	1
1610.815	0.5	1610815	untrained	32715	52	memtrain/o_141_1.jpg	photodiode	1
1611.674	0.5	1611674	trained	32759	8	memtrain/o_094_1.jpg	photodiode	1
1612.416	0.5	1612416	catch	32671	n/a	catch_padded.jpg	photodiode	0
1612.957	0.0	1612957	response	6	n/a	n/a	trigger	0
1614.368	0.5	1614368	untrained	32719	48	memtrain/o_019_2.jpg	photodiode	1
1615.268	0.5	1615268	trained	32727	40	memtrain/o_648_2.jpg	photodiode	1
1616.069	0.5	1616069	trained	32745	22	memtrain/o_321_1.jpg	photodiode	1
1617.028	0.5	1617028	untrained	32695	72	memtrain/o_490_1.jpg	photodiode	1
1617.871	0.5	1617871	trained	32763	4	memtrain/o_042_1.jpg	photodiode	1
1618.821	0.5	1618821	catch	32671	n/a	catch_padded.jpg	photodiode	0
1619.237	0.0	1619237	response	6	n/a	n/a	trigger	0
1620.923	0.5	1620923	untrained	32705	62	memtrain/o_304_1.jpg	photodiode	1
1621.724	0.5	1621724	trained	32762	5	memtrain/o_067_1.jpg	photodiode	1
1622.625	0.5	1622625	trained	32731	36	memtrain/o_583_1.jpg	photodiode	1
1623.525	0.5	1623525	catch	32671	n/a	catch_padded.jpg	photodiode	0
1624.151	0.0	1624151	response	6	n/a	n/a	trigger	0
1625.527	0.5	1625527	trained	32733	34	memtrain/o_558_2.jpg	photodiode	1
1626.278	0.5	1626278	untrained	32716	51	memtrain/o_103_2.jpg	photodiode	1
1627.179	0.5	1627179	trained	32758	9	memtrain/o_101_2.jpg	photodiode	1
1628.079	0.5	1628079	untrained	32711	56	memtrain/o_163_2.jpg	photodiode	1
1629.03	0.5	1629030	untrained	32708	59	memtrain/o_201_2.jpg	photodiode	1
1629.981	0.5	1629981	catch	32671	n/a	catch_padded.jpg	photodiode	0
1630.407	0.0	1630407	response	6	n/a	n/a	trigger	0
1631.933	0.5	1631933	untrained	32672	95	memtrain/so_125_1.jpg	photodiode	1
1632.683	0.5	1632683	trained	32756	11	memtrain/o_117_2.jpg	photodiode	1
1633.534	0.5	1633534	untrained	32698	69	memtrain/o_464_2.jpg	photodiode	1
1634.435	0.5	1634435	untrained	32697	70	memtrain/o_471_2.jpg	photodiode	1
1635.185	0.5	1635185	catch	32671	n/a	catch_padded.jpg	photodiode	0
1635.996	0.0	1635996	response	6	n/a	n/a	trigger	0
1637.137	0.5	1637137	untrained	32703	64	memtrain/o_334_2.jpg	photodiode	1
1638.029	0.5	1638029	trained	32748	19	memtrain/o_284_2.jpg	photodiode	1
1638.78	0.5	1638780	trained	32726	41	memtrain/o_663_2.jpg	photodiode	1
1639.731	0.5	1639731	trained	32755	12	memtrain/o_127_2.jpg	photodiode	1
1640.631	0.5	1640631	catch	32671	n/a	catch_padded.jpg	photodiode	0
1642.733	0.5	1642733	trained	32767	0	memtrain/o_006_1.jpg	photodiode	1
1643.584	0.5	1643584	trained	32742	25	memtrain/o_358_2.jpg	photodiode	1
1644.435	0.5	1644435	untrained	32683	84	memtrain/so_117_2.jpg	photodiode	1
1645.235	0.5	1645235	untrained	32700	67	memtrain/o_378_1.jpg	photodiode	1
1645.986	0.5	1645986	untrained	32699	68	memtrain/o_393_1.jpg	photodiode	1
1646.737	0.5	1646737	catch	32671	n/a	catch_padded.jpg	photodiode	0
1647.055	0.0	1647055	response	6	n/a	n/a	trigger	0
1648.688	0.5	1648688	untrained	32696	71	memtrain/o_483_1.jpg	photodiode	1
1649.589	0.5	1649589	untrained	32681	86	memtrain/o_288_1.jpg	photodiode	1
1650.39	0.5	1650390	trained	32766	1	memtrain/o_015_1.jpg	photodiode	1
1651.24	0.5	1651240	untrained	32688	79	memtrain/o_600_1.jpg	photodiode	1
1652.141	0.5	1652141	untrained	32717	50	memtrain/o_057_2.jpg	photodiode	1
1652.992	0.5	1652992	catch	32671	n/a	catch_padded.jpg	photodiode	0
1653.404	0.0	1653404	response	6	n/a	n/a	trigger	0
1654.994	0.5	1654994	untrained	32704	63	memtrain/o_310_2.jpg	photodiode	1
1655.844	0.5	1655844	trained	32744	23	memtrain/o_338_2.jpg	photodiode	1
1656.595	0.5	1656595	untrained	32690	77	memtrain/o_574_2.jpg	photodiode	1
1657.396	0.5	1657396	trained	32730	37	memtrain/o_597_1.jpg	photodiode	1
1658.346	0.5	1658346	trained	32765	2	memtrain/o_035_1.jpg	photodiode	1
1659.097	0.5	1659097	catch	32671	n/a	catch_padded.jpg	photodiode	0
1659.62	0.0	1659620	response	6	n/a	n/a	trigger	0
1661.149	0.5	1661149	trained	32761	6	memtrain/o_076_1.jpg	photodiode	1
1662.0	0.5	1662000	trained	32737	30	memtrain/o_437_2.jpg	photodiode	1
1662.8	0.5	1662800	trained	32736	31	memtrain/o_465_2.jpg	photodiode	1
1663.751	0.5	1663751	trained	32725	42	memtrain/so_034_2.jpg	photodiode	1
1664.552	0.5	1664552	catch	32671	n/a	catch_padded.jpg	photodiode	0
1664.825	0.0	1664825	response	6	n/a	n/a	trigger	0
1666.503	0.5	1666503	untrained	32709	58	memtrain/o_192_1.jpg	photodiode	1
1667.404	0.5	1667404	untrained	32701	66	memtrain/o_342_2.jpg	photodiode	1
1668.255	0.5	1668255	trained	32753	14	memtrain/o_174_1.jpg	photodiode	1
1669.156	0.5	1669156	catch	32671	n/a	catch_padded.jpg	photodiode	0
1669.663	0.0	1669663	response	6	n/a	n/a	trigger	0
1671.207	0.5	1671207	untrained	32689	78	memtrain/o_599_1.jpg	photodiode	1
1672.05	0.5	1672050	trained	32740	27	memtrain/o_379_2.jpg	photodiode	1
1672.909	0.5	1672909	untrained	32697	70	memtrain/o_471_2.jpg	photodiode	1
1673.801	0.5	1673801	untrained	32677	90	memtrain/o_580_1.jpg	photodiode	1
1674.752	0.5	1674752	catch	32671	n/a	catch_padded.jpg	photodiode	0
1675.544	0.0	1675544	response	6	n/a	n/a	trigger	0
1676.854	0.5	1676854	trained	32747	20	memtrain/o_290_1.jpg	photodiode	1
1677.805	0.5	1677805	untrained	32675	92	memtrain/so_033_1.jpg	photodiode	1
1678.656	0.5	1678656	trained	32724	43	memtrain/so_043_2.jpg	photodiode	1
1679.456	0.5	1679456	catch	32671	n/a	catch_padded.jpg	photodiode	0
1680.286	0.0	1680286	response	6	n/a	n/a	trigger	0
1681.558	0.5	1681558	untrained	32673	94	memtrain/so_067_1.jpg	photodiode	1
1682.309	0.5	1682309	untrained	32713	54	memtrain/o_145_1.jpg	photodiode	1
1683.209	0.5	1683209	untrained	32714	53	memtrain/o_142_2.jpg	photodiode	1
1684.01	0.5	1684010	untrained	32682	85	memtrain/o_218_1.jpg	photodiode	1
1684.961	0.5	1684961	catch	32671	n/a	catch_padded.jpg	photodiode	0
1685.276	0.0	1685276	response	6	n/a	n/a	trigger	0
1686.862	0.5	1686862	untrained	32717	50	memtrain/o_057_2.jpg	photodiode	1
1687.763	0.5	1687763	untrained	32707	60	memtrain/o_228_2.jpg	photodiode	1
1688.614	0.5	1688614	trained	32763	4	memtrain/o_042_1.jpg	photodiode	1
1689.515	0.5	1689515	catch	32671	n/a	catch_padded.jpg	photodiode	0
1690.138	0.0	1690138	response	6	n/a	n/a	trigger	0
1691.466	0.5	1691466	untrained	32705	62	memtrain/o_304_1.jpg	photodiode	1
1692.317	0.5	1692317	trained	32761	6	memtrain/o_076_1.jpg	photodiode	1
1693.168	0.5	1693168	untrained	32706	61	memtrain/o_298_2.jpg	photodiode	1
1694.119	0.5	1694119	untrained	32695	72	memtrain/o_490_1.jpg	photodiode	1
1694.919	0.5	1694919	trained	32730	37	memtrain/o_597_1.jpg	photodiode	1
1695.72	0.5	1695720	catch	32671	n/a	catch_padded.jpg	photodiode	0
1697.311	0.0	1697311	response	6	n/a	n/a	trigger	0
1697.772	0.5	1697772	untrained	32719	48	memtrain/o_019_2.jpg	photodiode	1
1698.714	0.5	1698714	untrained	32693	74	memtrain/o_550_1.jpg	photodiode	1
1699.465	0.5	1699465	trained	32732	35	memtrain/o_561_2.jpg	photodiode	1
1700.315	0.5	1700315	catch	32671	n/a	catch_padded.jpg	photodiode	0
1700.724	0.0	1700724	response	6	n/a	n/a	trigger	0
1702.217	0.5	1702217	trained	32721	46	memtrain/so_113_1.jpg	photodiode	1
1703.018	0.5	1703018	trained	32751	16	memtrain/o_199_2.jpg	photodiode	1
1703.768	0.5	1703768	trained	32727	40	memtrain/o_648_2.jpg	photodiode	1
1704.569	0.5	1704569	trained	32736	31	memtrain/o_465_2.jpg	photodiode	1
1705.32	0.5	1705320	trained	32764	3	memtrain/o_040_2.jpg	photodiode	1
1706.22	0.5	1706220	catch	32671	n/a	catch_padded.jpg	photodiode	0
1706.587	0.0	1706587	response	6	n/a	n/a	trigger	0
1708.222	0.5	1708222	untrained	32715	52	memtrain/o_141_1.jpg	photodiode	1
1709.123	0.5	1709123	untrained	32687	80	memtrain/o_613_1.jpg	photodiode	1
1709.874	0.5	1709874	untrained	32674	93	memtrain/so_035_1.jpg	photodiode	1
1710.774	0.5	1710774	trained	32734	33	memtrain/o_536_1.jpg	photodiode	1
1711.575	0.5	1711575	trained	32731	36	memtrain/o_583_1.jpg	photodiode	1
1712.426	0.5	1712426	catch	32671	n/a	catch_padded.jpg	photodiode	0
1712.697	0.0	1712697	response	6	n/a	n/a	trigger	0
1714.327	0.5	1714327	trained	32759	8	memtrain/o_094_1.jpg	photodiode	1
1715.228	0.5	1715228	trained	32723	44	memtrain/so_045_1.jpg	photodiode	1
1715.979	0.5	1715979	trained	32767	0	memtrain/o_006_1.jpg	photodiode	1
1716.929	0.5	1716929	catch	32671	n/a	catch_padded.jpg	photodiode	0
1717.202	0.0	1717202	response	6	n/a	n/a	trigger	0
1718.981	0.5	1718981	untrained	32683	84	memtrain/so_117_2.jpg	photodiode	1
1719.932	0.5	1719932	untrained	32691	76	memtrain/o_570_1.jpg	photodiode	1
1720.733	0.5	1720733	trained	32757	10	memtrain/o_111_2.jpg	photodiode	1
1721.483	0.5	1721483	trained	32752	15	memtrain/o_195_1.jpg	photodiode	1
1722.284	0.5	1722284	catch	32671	n/a	catch_padded.jpg	photodiode	0
1722.66	0.0	1722660	response	6	n/a	n/a	trigger	0
1724.186	0.5	1724186	trained	32733	34	memtrain/o_558_2.jpg	photodiode	1
1725.036	0.5	1725036	trained	32762	5	memtrain/o_067_1.jpg	photodiode	1
1725.787	0.5	1725787	untrained	32698	69	memtrain/o_464_2.jpg	photodiode	1
1726.638	0.5	1726638	untrained	32716	51	memtrain/o_103_2.jpg	photodiode	1
1727.388	0.5	1727388	catch	32671	n/a	catch_padded.jpg	photodiode	0
1727.748	0.0	1727748	response	6	n/a	n/a	trigger	0
1729.432	0.5	1729432	untrained	32710	57	memtrain/o_171_1.jpg	photodiode	1
1730.383	0.5	1730383	trained	32756	11	memtrain/o_117_2.jpg	photodiode	1
1731.334	0.5	1731334	untrained	32672	95	memtrain/so_125_1.jpg	photodiode	1
1732.084	0.5	1732084	untrained	32676	91	memtrain/o_605_1.jpg	photodiode	1
1733.035	0.5	1733035	catch	32671	n/a	catch_padded.jpg	photodiode	0
1734.059	0.0	1734059	response	6	n/a	n/a	trigger	0
1734.937	0.5	1734937	untrained	32712	55	memtrain/o_153_2.jpg	photodiode	1
1735.787	0.5	1735787	untrained	32692	75	memtrain/o_564_1.jpg	photodiode	1
1736.688	0.5	1736688	trained	32743	24	memtrain/o_357_1.jpg	photodiode	1
1737.539	0.5	1737539	catch	32671	n/a	catch_padded.jpg	photodiode	0
1738.048	0.0	1738048	response	6	n/a	n/a	trigger	0
1739.49	0.5	1739490	untrained	32696	71	memtrain/o_483_1.jpg	photodiode	1
1740.241	0.5	1740241	untrained	32709	58	memtrain/o_192_1.jpg	photodiode	1
1741.042	0.5	1741042	trained	32726	41	memtrain/o_663_2.jpg	photodiode	1
1741.993	0.5	1741993	untrained	32686	81	memtrain/o_655_2.jpg	photodiode	1
1742.793	0.5	1742793	untrained	32681	86	memtrain/o_288_1.jpg	photodiode	1
1743.544	0.5	1743544	catch	32671	n/a	catch_padded.jpg	photodiode	0
1743.877	0.0	1743877	response	6	n/a	n/a	trigger	0
1745.445	0.5	1745445	trained	32754	13	memtrain/o_136_1.jpg	photodiode	1
1746.396	0.5	1746396	trained	32753	14	memtrain/o_174_1.jpg	photodiode	1
1747.247	0.5	1747247	trained	32742	25	memtrain/o_358_2.jpg	photodiode	1
1747.998	0.5	1747998	catch	32671	n/a	catch_padded.jpg	photodiode	0
1748.593	0.0	1748593	response	6	n/a	n/a	trigger	0
1749.899	0.5	1749899	trained	32758	9	memtrain/o_101_2.jpg	photodiode	1
1750.85	0.5	1750850	trained	32749	18	memtrain/o_264_2.jpg	photodiode	1
1751.601	0.5	1751601	trained	32755	12	memtrain/o_127_2.jpg	photodiode	1
1752.351	0.5	1752351	catch	32671	n/a	catch_padded.jpg	photodiode	0
1754.453	0.5	1754453	untrained	32688	79	memtrain/o_600_1.jpg	photodiode	1
1755.245	0.5	1755245	trained	32750	17	memtrain/o_232_1.jpg	photodiode	1
1756.105	0.5	1756105	trained	32735	32	memtrain/o_485_2.jpg	photodiode	1
1757.047	0.5	1757047	catch	32671	n/a	catch_padded.jpg	photodiode	0
1757.37	0.0	1757370	response	6	n/a	n/a	trigger	0
1758.998	0.5	1758998	untrained	32700	67	memtrain/o_378_1.jpg	photodiode	1
1759.749	0.5	1759749	trained	32738	29	memtrain/o_416_1.jpg	photodiode	1
1760.7	0.5	1760700	untrained	32718	49	memtrain/o_054_2.jpg	photodiode	1
1761.601	0.5	1761601	catch	32671	n/a	catch_padded.jpg	photodiode	0
1761.918	0.0	1761918	response	6	n/a	n/a	trigger	0
1763.602	0.5	1763602	untrained	32708	59	memtrain/o_201_2.jpg	photodiode	1
1764.503	0.5	1764503	trained	32728	39	memtrain/o_606_1.jpg	photodiode	1
1765.354	0.5	1765354	untrained	32711	56	memtrain/o_163_2.jpg	photodiode	1
1766.305	0.5	1766305	trained	32740	27	memtrain/o_379_2.jpg	photodiode	1
1767.155	0.5	1767155	untrained	32690	77	memtrain/o_574_2.jpg	photodiode	1
1768.056	0.5	1768056	catch	32671	n/a	catch_padded.jpg	photodiode	0
1768.426	0.0	1768426	response	6	n/a	n/a	trigger	0
1769.958	0.5	1769958	trained	32725	42	memtrain/so_034_2.jpg	photodiode	1
1770.859	0.5	1770859	trained	32744	23	memtrain/o_338_2.jpg	photodiode	1
1771.759	0.5	1771759	untrained	32703	64	memtrain/o_334_2.jpg	photodiode	1
1772.56	0.5	1772560	trained	32722	45	memtrain/so_090_2.jpg	photodiode	1
1773.461	0.5	1773461	trained	32729	38	memtrain/o_603_1.jpg	photodiode	1
1774.211	0.5	1774211	catch	32671	n/a	catch_padded.jpg	photodiode	0
1774.626	0.0	1774626	response	6	n/a	n/a	trigger	0
1776.263	0.5	1776263	trained	32741	26	memtrain/o_376_1.jpg	photodiode	1
1777.114	0.5	1777114	untrained	32689	78	memtrain/o_599_1.jpg	photodiode	1
1777.915	0.5	1777915	untrained	32699	68	memtrain/o_393_1.jpg	photodiode	1
1778.765	0.5	1778765	catch	32671	n/a	catch_padded.jpg	photodiode	0
1780.717	0.5	1780717	untrained	32694	73	memtrain/o_519_2.jpg	photodiode	1
1781.568	0.5	1781568	untrained	32679	88	memtrain/o_458_1.jpg	photodiode	1
1782.368	0.5	1782368	untrained	32684	83	memtrain/so_105_1.jpg	photodiode	1
1783.219	0.5	1783219	untrained	32701	66	memtrain/o_342_2.jpg	photodiode	1
1784.02	0.5	1784020	catch	32671	n/a	catch_padded.jpg	photodiode	0
1784.319	0.0	1784319	response	6	n/a	n/a	trigger	0
1786.071	0.5	1786071	untrained	32704	63	memtrain/o_310_2.jpg	photodiode	1
1786.864	0.5	1786864	untrained	32680	87	memtrain/o_365_1.jpg	photodiode	1
1787.765	0.5	1787765	trained	32737	30	memtrain/o_437_2.jpg	photodiode	1
1788.665	0.5	1788665	catch	32671	n/a	catch_padded.jpg	photodiode	0
1789.534	0.0	1789534	response	6	n/a	n/a	trigger	0
1790.617	0.5	1790617	trained	32766	1	memtrain/o_015_1.jpg	photodiode	1
1791.518	0.5	1791518	trained	32720	47	memtrain/so_147_2.jpg	photodiode	1
1792.269	0.5	1792269	trained	32745	22	memtrain/o_321_1.jpg	photodiode	1
1793.019	0.5	1793019	trained	32765	2	memtrain/o_035_1.jpg	photodiode	1
1793.97	0.5	1793970	catch	32671	n/a	catch_padded.jpg	photodiode	0
1794.248	0.0	1794248	response	6	n/a	n/a	trigger	0
1796.022	0.5	1796022	untrained	32685	82	memtrain/o_656_1.jpg	photodiode	1
1796.872	0.5	1796872	trained	32739	28	memtrain/o_397_1.jpg	photodiode	1
1797.823	0.5	1797823	untrained	32678	89	memtrain/o_469_1.jpg	photodiode	1
1798.574	0.5	1798574	trained	32748	19	memtrain/o_284_2.jpg	photodiode	1
1799.325	0.5	1799325	catch	32671	n/a	catch_padded.jpg	photodiode	0
1799.675	0.0	1799675	response	6	n/a	n/a	trigger	0
1801.326	0.5	1801326	trained	32760	7	memtrain/o_091_2.jpg	photodiode	1
1802.077	0.5	1802077	trained	32746	21	memtrain/o_319_1.jpg	photodiode	1
1802.827	0.5	1802827	untrained	32702	65	memtrain/o_337_2.jpg	photodiode	1
1803.678	0.5	1803678	catch	32671	n/a	catch_padded.jpg	photodiode	0
1810.155	0.0	1810155	block_end	120	n/a	n/a	trigger	0
1876.603	0.0	1876603	response	6	n/a	n/a	trigger	0
1876.612	0.0	1876612	block_onset	107	n/a	n/a	trigger	0
1878.667	0.5	1878667	trained	32737	30	memtrain/o_437_2.jpg	photodiode	1
1879.567	0.5	1879567	trained	32722	45	memtrain/so_090_2.jpg	photodiode	1
1880.518	0.5	1880518	trained	32725	42	memtrain/so_034_2.jpg	photodiode	1
1881.319	0.5	1881319	trained	32728	39	memtrain/o_606_1.jpg	photodiode	1
1882.17	0.5	1882170	catch	32671	n/a	catch_padded.jpg	photodiode	0
1882.425	0.0	1882425	response	6	n/a	n/a	trigger	0
1884.063	0.5	1884063	trained	32749	18	memtrain/o_264_2.jpg	photodiode	1
1884.914	0.5	1884914	untrained	32683	84	memtrain/so_117_2.jpg	photodiode	1
1885.664	0.5	1885664	trained	32741	26	memtrain/o_376_1.jpg	photodiode	1
1886.423	0.5	1886423	trained	32765	2	memtrain/o_035_1.jpg	photodiode	1
1887.216	0.5	1887216	catch	32671	n/a	catch_padded.jpg	photodiode	0
1887.473	0.0	1887473	response	6	n/a	n/a	trigger	0
1889.117	0.5	1889117	untrained	32690	77	memtrain/o_574_2.jpg	photodiode	1
1890.018	0.5	1890018	trained	32726	41	memtrain/o_663_2.jpg	photodiode	1
1890.769	0.5	1890769	trained	32751	16	memtrain/o_199_2.jpg	photodiode	1
1891.519	0.5	1891519	untrained	32693	74	memtrain/o_550_1.jpg	photodiode	1
1892.32	0.5	1892320	catch	32671	n/a	catch_padded.jpg	photodiode	0
1892.602	0.0	1892602	response	6	n/a	n/a	trigger	0
1894.372	0.5	1894372	trained	32752	15	memtrain/o_195_1.jpg	photodiode	1
1895.172	0.5	1895172	trained	32739	28	memtrain/o_397_1.jpg	photodiode	1
1896.023	0.5	1896023	trained	32763	4	memtrain/o_042_1.jpg	photodiode	1
1896.974	0.5	1896974	untrained	32689	78	memtrain/o_599_1.jpg	photodiode	1
1897.925	0.5	1897925	untrained	32679	88	memtrain/o_458_1.jpg	photodiode	1
1898.725	0.5	1898725	catch	32671	n/a	catch_padded.jpg	photodiode	0
1899.099	0.0	1899099	response	6	n/a	n/a	trigger	0
1900.777	0.5	1900777	trained	32744	23	memtrain/o_338_2.jpg	photodiode	1
1901.578	0.5	1901578	trained	32736	31	memtrain/o_465_2.jpg	photodiode	1
1902.379	0.5	1902379	untrained	32705	62	memtrain/o_304_1.jpg	photodiode	1
1903.129	0.5	1903129	untrained	32686	81	memtrain/o_655_2.jpg	photodiode	1
1903.88	0.5	1903880	untrained	32702	65	memtrain/o_337_2.jpg	photodiode	1
1904.63	0.5	1904630	catch	32671	n/a	catch_padded.jpg	photodiode	0
1904.961	0.0	1904961	response	6	n/a	n/a	trigger	0
1906.682	0.5	1906682	trained	32727	40	memtrain/o_648_2.jpg	photodiode	1
1907.483	0.5	1907483	untrained	32718	49	memtrain/o_054_2.jpg	photodiode	1
1908.434	0.5	1908434	untrained	32678	89	memtrain/o_469_1.jpg	photodiode	1
1909.234	0.5	1909234	trained	32740	27	memtrain/o_379_2.jpg	photodiode	1
1910.185	0.5	1910185	catch	32671	n/a	catch_padded.jpg	photodiode	0
1910.519	0.0	1910519	response	6	n/a	n/a	trigger	0
1912.137	0.5	1912137	untrained	32674	93	memtrain/so_035_1.jpg	photodiode	1
1912.988	0.5	1912988	untrained	32708	59	memtrain/o_201_2.jpg	photodiode	1
1913.73	0.5	1913730	untrained	32684	83	memtrain/so_105_1.jpg	photodiode	1
1914.48	0.5	1914480	catch	32671	n/a	catch_padded.jpg	photodiode	0
1914.863	0.0	1914863	response	6	n/a	n/a	trigger	0
1916.482	0.5	1916482	trained	32757	10	memtrain/o_111_2.jpg	photodiode	1
1917.433	0.5	1917433	trained	32724	43	memtrain/so_043_2.jpg	photodiode	1
1918.192	0.5	1918192	trained	32753	14	memtrain/o_174_1.jpg	photodiode	1
1919.034	0.5	1919034	catch	32671	n/a	catch_padded.jpg	photodiode	0
1919.421	0.0	1919421	response	6	n/a	n/a	trigger	0
1921.086	0.5	1921086	trained	32767	0	memtrain/o_006_1.jpg	photodiode	1
1921.937	0.5	1921937	trained	32759	8	memtrain/o_094_1.jpg	photodiode	1
1922.837	0.5	1922837	untrained	32697	70	memtrain/o_471_2.jpg	photodiode	1
1923.638	0.5	1923638	untrained	32688	79	memtrain/o_600_1.jpg	photodiode	1
1924.589	0.5	1924589	catch	32671	n/a	catch_padded.jpg	photodiode	0
1924.867	0.0	1924867	response	6	n/a	n/a	trigger	0
1926.541	0.5	1926541	untrained	32694	73	memtrain/o_519_2.jpg	photodiode	1
1927.391	0.5	1927391	trained	32738	29	memtrain/o_416_1.jpg	photodiode	1
1928.142	0.5	1928142	trained	32764	3	memtrain/o_040_2.jpg	photodiode	1
1928.993	0.5	1928993	trained	32750	17	memtrain/o_232_1.jpg	photodiode	1
1929.793	0.5	1929793	trained	32720	47	memtrain/so_147_2.jpg	photodiode	1
1930.694	0.5	1930694	catch	32671	n/a	catch_padded.jpg	photodiode	0
1930.934	0.0	1930934	response	6	n/a	n/a	trigger	0
1932.646	0.5	1932646	trained	32747	20	memtrain/o_290_1.jpg	photodiode	1
1933.546	0.5	1933546	trained	32729	38	memtrain/o_603_1.jpg	photodiode	1
1934.347	0.5	1934347	untrained	32701	66	memtrain/o_342_2.jpg	photodiode	1
1935.298	0.5	1935298	catch	32671	n/a	catch_padded.jpg	photodiode	0
1935.743	0.0	1935743	response	6	n/a	n/a	trigger	0
1937.2	0.5	1937200	untrained	32712	55	memtrain/o_153_2.jpg	photodiode	1
1938.15	0.5	1938150	untrained	32677	90	memtrain/o_580_1.jpg	photodiode	1
1938.901	0.5	1938901	untrained	32680	87	memtrain/o_365_1.jpg	photodiode	1
1939.702	0.5	1939702	trained	32761	6	memtrain/o_076_1.jpg	photodiode	1
1940.602	0.5	1940602	untrained	32719	48	memtrain/o_019_2.jpg	photodiode	1
1941.445	0.5	1941445	catch	32671	n/a	catch_padded.jpg	photodiode	0
1941.656	0.0	1941656	response	6	n/a	n/a	trigger	0
1943.405	0.5	1943405	untrained	32703	64	memtrain/o_334_2.jpg	photodiode	1
1944.197	0.5	1944197	untrained	32673	94	memtrain/so_067_1.jpg	photodiode	1
1945.098	0.5	1945098	trained	32733	34	memtrain/o_558_2.jpg	photodiode	1
1945.899	0.5	1945899	untrained	32685	82	memtrain/o_656_1.jpg	photodiode	1
1946.858	0.5	1946858	catch	32671	n/a	catch_padded.jpg	photodiode	0
1947.154	0.0	1947154	response	6	n/a	n/a	trigger	0
1948.951	0.5	1948951	trained	32755	12	memtrain/o_127_2.jpg	photodiode	1
1949.902	0.5	1949902	untrained	32691	76	memtrain/o_570_1.jpg	photodiode	1
1950.853	0.5	1950853	trained	32723	44	memtrain/so_045_1.jpg	photodiode	1
1951.604	0.5	1951604	untrained	32711	56	memtrain/o_163_2.jpg	photodiode	1
1952.354	0.5	1952354	catch	32671	n/a	catch_padded.jpg	photodiode	0
1952.702	0.0	1952702	response	6	n/a	n/a	trigger	0
1954.406	0.5	1954406	trained	32743	24	memtrain/o_357_1.jpg	photodiode	1
1955.207	0.5	1955207	untrained	32715	52	memtrain/o_141_1.jpg	photodiode	1
1955.957	0.5	1955957	untrained	32687	80	memtrain/o_613_1.jpg	photodiode	1
1956.758	0.5	1956758	trained	32742	25	memtrain/o_358_2.jpg	photodiode	1
1957.659	0.5	1957659	catch	32671	n/a	catch_padded.jpg	photodiode	0
1958.048	0.0	1958048	response	6	n/a	n/a	trigger	0
1959.66	0.5	1959660	untrained	32713	54	memtrain/o_145_1.jpg	photodiode	1
1960.411	0.5	1960411	untrained	32672	95	memtrain/so_125_1.jpg	photodiode	1
1961.362	0.5	1961362	untrained	32707	60	memtrain/o_228_2.jpg	photodiode	1
1962.213	0.5	1962213	catch	32671	n/a	catch_padded.jpg	photodiode	0
1962.546	0.0	1962546	response	6	n/a	n/a	trigger	0
1964.164	0.5	1964164	trained	32745	22	memtrain/o_321_1.jpg	photodiode	1
1965.065	0.5	1965065	untrained	32676	91	memtrain/o_605_1.jpg	photodiode	1
1965.916	0.5	1965916	untrained	32704	63	memtrain/o_310_2.jpg	photodiode	1
1966.817	0.5	1966817	trained	32731	36	memtrain/o_583_1.jpg	photodiode	1
1967.717	0.5	1967717	trained	32754	13	memtrain/o_136_1.jpg	photodiode	1
1968.568	0.5	1968568	catch	32671	n/a	catch_padded.jpg	photodiode	0
1968.902	0.0	1968902	response	6	n/a	n/a	trigger	0
1970.561	0.5	1970561	untrained	32692	75	memtrain/o_564_1.jpg	photodiode	1
1971.42	0.5	1971420	trained	32730	37	memtrain/o_597_1.jpg	photodiode	1
1972.171	0.5	1972171	trained	32735	32	memtrain/o_485_2.jpg	photodiode	1
1972.922	0.5	1972922	catch	32671	n/a	catch_padded.jpg	photodiode	0
1973.296	0.0	1973296	response	6	n/a	n/a	trigger	0
1974.865	0.5	1974865	trained	32760	7	memtrain/o_091_2.jpg	photodiode	1
1975.666	0.5	1975666	untrained	32706	61	memtrain/o_298_2.jpg	photodiode	1
1976.566	0.5	1976566	untrained	32700	67	memtrain/o_378_1.jpg	photodiode	1
1977.367	0.5	1977367	trained	32762	5	memtrain/o_067_1.jpg	photodiode	1
1978.218	0.5	1978218	untrained	32710	57	memtrain/o_171_1.jpg	photodiode	1
1978.894	0.0	1978894	response	6	n/a	n/a	trigger	0
1979.118	0.5	1979118	catch	32671	n/a	catch_padded.jpg	photodiode	0
1981.02	0.5	1981020	trained	32758	9	memtrain/o_101_2.jpg	photodiode	1
1981.921	0.5	1981921	untrained	32675	92	memtrain/so_033_1.jpg	photodiode	1
1982.822	0.5	1982822	untrained	32714	53	memtrain/o_142_2.jpg	photodiode	1
1983.722	0.5	1983722	untrained	32698	69	memtrain/o_464_2.jpg	photodiode	1
1984.673	0.5	1984673	untrained	32717	50	memtrain/o_057_2.jpg	photodiode	1
1985.524	0.5	1985524	catch	32671	n/a	catch_padded.jpg	photodiode	0
1985.913	0.0	1985913	response	6	n/a	n/a	trigger	0
1987.626	0.5	1987626	trained	32721	46	memtrain/so_113_1.jpg	photodiode	1
1988.476	0.5	1988476	trained	32732	35	memtrain/o_561_2.jpg	photodiode	1
1989.227	0.5	1989227	untrained	32716	51	memtrain/o_103_2.jpg	photodiode	1
1989.978	0.5	1989978	catch	32671	n/a	catch_padded.jpg	photodiode	0
1990.544	0.0	1990544	response	6	n/a	n/a	trigger	0
1991.929	0.5	1991929	untrained	32682	85	memtrain/o_218_1.jpg	photodiode	1
1992.78	0.5	1992780	untrained	32696	71	memtrain/o_483_1.jpg	photodiode	1
1993.531	0.5	1993531	trained	32746	21	memtrain/o_319_1.jpg	photodiode	1
1994.281	0.5	1994281	trained	32766	1	memtrain/o_015_1.jpg	photodiode	1
1995.082	0.5	1995082	trained	32756	11	memtrain/o_117_2.jpg	photodiode	1
1995.983	0.5	1995983	catch	32671	n/a	catch_padded.jpg	photodiode	0
1996.266	0.0	1996266	response	6	n/a	n/a	trigger	0
1997.934	0.5	1997934	trained	32748	19	memtrain/o_284_2.jpg	photodiode	1
1998.785	0.5	1998785	untrained	32709	58	memtrain/o_192_1.jpg	photodiode	1
1999.686	0.5	1999686	untrained	32695	72	memtrain/o_490_1.jpg	photodiode	1
2000.537	0.5	2000537	catch	32671	n/a	catch_padded.jpg	photodiode	0
2000.94	0.0	2000940	response	6	n/a	n/a	trigger	0
2002.488	0.5	2002488	untrained	32699	68	memtrain/o_393_1.jpg	photodiode	1
2003.281	0.5	2003281	trained	32734	33	memtrain/o_536_1.jpg	photodiode	1
2004.081	0.5	2004081	untrained	32681	86	memtrain/o_288_1.jpg	photodiode	1
2004.882	0.5	2004882	untrained	32677	90	memtrain/o_580_1.jpg	photodiode	1
2005.833	0.5	2005833	catch	32671	n/a	catch_padded.jpg	photodiode	0
2006.23	0.0	2006230	response	6	n/a	n/a	trigger	0
2007.785	0.5	2007785	untrained	32719	48	memtrain/o_019_2.jpg	photodiode	1
2008.635	0.5	2008635	untrained	32705	62	memtrain/o_304_1.jpg	photodiode	1
2009.386	0.5	2009386	trained	32764	3	memtrain/o_040_2.jpg	photodiode	1
2010.237	0.5	2010237	untrained	32683	84	memtrain/so_117_2.jpg	photodiode	1
2011.187	0.5	2011187	catch	32671	n/a	catch_padded.jpg	photodiode	0
2011.684	0.0	2011684	response	6	n/a	n/a	trigger	0
2013.139	0.5	2013139	untrained	32718	49	memtrain/o_054_2.jpg	photodiode	1
2013.89	0.5	2013890	untrained	32696	71	memtrain/o_483_1.jpg	photodiode	1
2014.74	0.5	2014740	untrained	32715	52	memtrain/o_141_1.jpg	photodiode	1
2015.691	0.5	2015691	untrained	32697	70	memtrain/o_471_2.jpg	photodiode	1
2016.642	0.5	2016642	trained	32732	35	memtrain/o_561_2.jpg	photodiode	1
2017.393	0.5	2017393	catch	32671	n/a	catch_padded.jpg	photodiode	0
2017.759	0.0	2017759	response	6	n/a	n/a	trigger	0
2019.394	0.5	2019394	trained	32737	30	memtrain/o_437_2.jpg	photodiode	1
2020.345	0.5	2020345	trained	32741	26	memtrain/o_376_1.jpg	photodiode	1
2021.096	0.5	2021096	untrained	32688	79	memtrain/o_600_1.jpg	photodiode	1
2022.047	0.5	2022047	trained	32720	47	memtrain/so_147_2.jpg	photodiode	1
2022.947	0.5	2022947	catch	32671	n/a	catch_padded.jpg	photodiode	0
2023.255	0.0	2023255	response	6	n/a	n/a	trigger	0
2024.849	0.5	2024849	untrained	32714	53	memtrain/o_142_2.jpg	photodiode	1
2025.6	0.5	2025600	untrained	32675	92	memtrain/so_033_1.jpg	photodiode	1
2026.5	0.5	2026500	untrained	32682	85	memtrain/o_218_1.jpg	photodiode	1
2027.451	0.5	2027451	catch	32671	n/a	catch_padded.jpg	photodiode	0
2029.553	0.5	2029553	untrained	32701	66	memtrain/o_342_2.jpg	photodiode	1
2030.454	0.5	2030454	untrained	32711	56	memtrain/o_163_2.jpg	photodiode	1
2031.305	0.5	2031305	untrained	32678	89	memtrain/o_469_1.jpg	photodiode	1
2032.147	0.5	2032147	untrained	32691	76	memtrain/o_570_1.jpg	photodiode	1
2033.098	0.5	2033098	catch	32671	n/a	catch_padded.jpg	photodiode	0
2033.371	0.0	2033371	response	6	n/a	n/a	trigger	0
2034.999	0.5	2034999	trained	32727	40	memtrain/o_648_2.jpg	photodiode	1
2035.75	0.5	2035750	trained	32749	18	memtrain/o_264_2.jpg	photodiode	1
2036.55	0.5	2036550	trained	32747	20	memtrain/o_290_1.jpg	photodiode	1
2037.501	0.5	2037501	catch	32671	n/a	catch_padded.jpg	photodiode	0
2037.826	0.0	2037826	response	6	n/a	n/a	trigger	0
2039.553	0.5	2039553	trained	32760	7	memtrain/o_091_2.jpg	photodiode	1
2040.454	0.5	2040454	trained	32766	1	memtrain/o_015_1.jpg	photodiode	1
2041.204	0.5	2041204	trained	32735	32	memtrain/o_485_2.jpg	photodiode	1
2042.105	0.5	2042105	trained	32740	27	memtrain/o_379_2.jpg	photodiode	1
2043.056	0.5	2043056	untrained	32693	74	memtrain/o_550_1.jpg	photodiode	1
2043.907	0.5	2043907	catch	32671	n/a	catch_padded.jpg	photodiode	0
2044.213	0.0	2044213	response	6	n/a	n/a	trigger	0
2045.958	0.5	2045958	trained	32730	37	memtrain/o_597_1.jpg	photodiode	1
2046.909	0.5	2046909	trained	32734	33	memtrain/o_536_1.jpg	photodiode	1
2047.86	0.5	2047860	untrained	32708	59	memtrain/o_201_2.jpg	photodiode	1
2048.611	0.5	2048611	catch	32671	n/a	catch_padded.jpg	photodiode	0
2049.374	0.0	2049374	response	6	n/a	n/a	trigger	0
2050.713	0.5	2050713	trained	32759	8	memtrain/o_094_1.jpg	photodiode	1
2051.663	0.5	2051663	untrained	32712	55	memtrain/o_153_2.jpg	photodiode	1
2052.614	0.5	2052614	trained	32750	17	memtrain/o_232_1.jpg	photodiode	1
2053.515	0.5	2053515	catch	32671	n/a	catch_padded.jpg	photodiode	0
2053.874	0.0	2053874	response	6	n/a	n/a	trigger	0
2055.617	0.5	2055617	trained	32723	44	memtrain/so_045_1.jpg	photodiode	1
2056.417	0.5	2056417	untrained	32679	88	memtrain/o_458_1.jpg	photodiode	1
2057.168	0.5	2057168	trained	32751	16	memtrain/o_199_2.jpg	photodiode	1
2058.019	0.5	2058019	trained	32767	0	memtrain/o_006_1.jpg	photodiode	1
2058.819	0.5	2058819	untrained	32681	86	memtrain/o_288_1.jpg	photodiode	1
2059.67	0.5	2059670	catch	32671	n/a	catch_padded.jpg	photodiode	0
2060.012	0.0	2060012	response	6	n/a	n/a	trigger	0
2061.664	0.5	2061664	trained	32753	14	memtrain/o_174_1.jpg	photodiode	1
2062.514	0.5	2062514	trained	32763	4	memtrain/o_042_1.jpg	photodiode	1
2063.265	0.5	2063265	untrained	32685	82	memtrain/o_656_1.jpg	photodiode	1
2064.016	0.5	2064016	untrained	32686	81	memtrain/o_655_2.jpg	photodiode	1
2064.916	0.5	2064916	trained	32754	13	memtrain/o_136_1.jpg	photodiode	1
2065.817	0.5	2065817	catch	32671	n/a	catch_padded.jpg	photodiode	0
2066.419	0.0	2066419	response	6	n/a	n/a	trigger	0
2067.869	0.5	2067869	untrained	32700	67	memtrain/o_378_1.jpg	photodiode	1
2068.77	0.5	2068770	untrained	32707	60	memtrain/o_228_2.jpg	photodiode	1
2069.72	0.5	2069720	untrained	32710	57	memtrain/o_171_1.jpg	photodiode	1
2070.671	0.5	2070671	trained	32745	22	memtrain/o_321_1.jpg	photodiode	1
2071.572	0.5	2071572	trained	32758	9	memtrain/o_101_2.jpg	photodiode	1
2072.373	0.5	2072373	catch	32671	n/a	catch_padded.jpg	photodiode	0
2072.76	0.0	2072760	response	6	n/a	n/a	trigger	0
2074.474	0.5	2074474	untrained	32694	73	memtrain/o_519_2.jpg	photodiode	1
2075.425	0.5	2075425	trained	32757	10	memtrain/o_111_2.jpg	photodiode	1
2076.326	0.5	2076326	untrained	32713	54	memtrain/o_145_1.jpg	photodiode	1
2077.277	0.5	2077277	untrained	32674	93	memtrain/so_035_1.jpg	photodiode	1
2078.027	0.5	2078027	trained	32738	29	memtrain/o_416_1.jpg	photodiode	1
2078.928	0.5	2078928	catch	32671	n/a	catch_padded.jpg	photodiode	0
2079.459	0.0	2079459	response	6	n/a	n/a	trigger	0
2081.03	0.5	2081030	trained	32721	46	memtrain/so_113_1.jpg	photodiode	1
2081.831	0.5	2081831	untrained	32684	83	memtrain/so_105_1.jpg	photodiode	1
2082.631	0.5	2082631	untrained	32673	94	memtrain/so_067_1.jpg	photodiode	1
2083.582	0.5	2083582	catch	32671	n/a	catch_padded.jpg	photodiode	0
2084.162	0.0	2084162	response	6	n/a	n/a	trigger	0
2085.484	0.5	2085484	trained	32725	42	memtrain/so_034_2.jpg	photodiode	1
2086.335	0.5	2086335	untrained	32709	58	memtrain/o_192_1.jpg	photodiode	1
2087.185	0.5	2087185	untrained	32692	75	memtrain/o_564_1.jpg	photodiode	1
2088.136	0.5	2088136	catch	32671	n/a	catch_padded.jpg	photodiode	0
2088.612	0.0	2088612	response	6	n/a	n/a	trigger	0
2090.088	0.5	2090088	untrained	32702	65	memtrain/o_337_2.jpg	photodiode	1
2090.98	0.5	2090980	trained	32726	41	memtrain/o_663_2.jpg	photodiode	1
2091.839	0.5	2091839	trained	32739	28	memtrain/o_397_1.jpg	photodiode	1
2092.731	0.5	2092731	untrained	32704	63	memtrain/o_310_2.jpg	photodiode	1
2093.541	0.5	2093541	untrained	32689	78	memtrain/o_599_1.jpg	photodiode	1
2094.291	0.5	2094291	catch	32671	n/a	catch_padded.jpg	photodiode	0
2094.695	0.0	2094695	response	6	n/a	n/a	trigger	0
2096.184	0.5	2096184	trained	32755	12	memtrain/o_127_2.jpg	photodiode	1
2097.085	0.5	2097085	trained	32748	19	memtrain/o_284_2.jpg	photodiode	1
2097.936	0.5	2097936	trained	32736	31	memtrain/o_465_2.jpg	photodiode	1
2098.787	0.5	2098787	trained	32742	25	memtrain/o_358_2.jpg	photodiode	1
2099.637	0.5	2099637	catch	32671	n/a	catch_padded.jpg	photodiode	0
2100.624	0.0	2100624	response	6	n/a	n/a	trigger	0
2101.639	0.5	2101639	untrained	32698	69	memtrain/o_464_2.jpg	photodiode	1
2102.44	0.5	2102440	trained	32722	45	memtrain/so_090_2.jpg	photodiode	1
2103.34	0.5	2103340	trained	32744	23	memtrain/o_338_2.jpg	photodiode	1
2104.091	0.5	2104091	trained	32724	43	memtrain/so_043_2.jpg	photodiode	1
2104.992	0.5	2104992	catch	32671	n/a	catch_padded.jpg	photodiode	0
2105.295	0.0	2105295	response	6	n/a	n/a	trigger	0
2106.994	0.5	2106994	trained	32752	15	memtrain/o_195_1.jpg	photodiode	1
2107.844	0.5	2107844	untrained	32716	51	memtrain/o_103_2.jpg	photodiode	1
2108.695	0.5	2108695	trained	32728	39	memtrain/o_606_1.jpg	photodiode	1
2109.546	0.5	2109546	catch	32671	n/a	catch_padded.jpg	photodiode	0
2109.934	0.0	2109934	response	6	n/a	n/a	trigger	0
2111.647	0.5	2111647	trained	32746	21	memtrain/o_319_1.jpg	photodiode	1
2112.448	0.5	2112448	untrained	32717	50	memtrain/o_057_2.jpg	photodiode	1
2113.399	0.5	2113399	untrained	32699	68	memtrain/o_393_1.jpg	photodiode	1
2114.3	0.5	2114300	catch	32671	n/a	catch_padded.jpg	photodiode	0
2116.351	0.5	2116351	trained	32731	36	memtrain/o_583_1.jpg	photodiode	1
2117.252	0.5	2117252	trained	32761	6	memtrain/o_076_1.jpg	photodiode	1
2118.203	0.5	2118203	untrained	32703	64	memtrain/o_334_2.jpg	photodiode	1
2119.146	0.5	2119146	untrained	32687	80	memtrain/o_613_1.jpg	photodiode	1
2119.896	0.5	2119896	catch	32671	n/a	catch_padded.jpg	photodiode	0
2120.27	0.0	2120270	response	6	n/a	n/a	trigger	0
2121.798	0.5	2121798	untrained	32676	91	memtrain/o_605_1.jpg	photodiode	1
2122.699	0.5	2122699	trained	32743	24	memtrain/o_357_1.jpg	photodiode	1
2123.65	0.5	2123650	trained	32765	2	memtrain/o_035_1.jpg	photodiode	1
2124.45	0.5	2124450	untrained	32690	77	memtrain/o_574_2.jpg	photodiode	1
2125.251	0.5	2125251	trained	32733	34	memtrain/o_558_2.jpg	photodiode	1
2126.002	0.5	2126002	catch	32671	n/a	catch_padded.jpg	photodiode	0
2126.467	0.0	2126467	response	6	n/a	n/a	trigger	0
2128.003	0.5	2128003	untrained	32695	72	memtrain/o_490_1.jpg	photodiode	1
2128.804	0.5	2128804	trained	32756	11	memtrain/o_117_2.jpg	photodiode	1
2129.705	0.5	2129705	trained	32729	38	memtrain/o_603_1.jpg	photodiode	1
2130.555	0.5	2130555	untrained	32680	87	memtrain/o_365_1.jpg	photodiode	1
2131.506	0.5	2131506	catch	32671	n/a	catch_padded.jpg	photodiode	0
2131.838	0.0	2131838	response	6	n/a	n/a	trigger	0
2133.458	0.5	2133458	untrained	32706	61	memtrain/o_298_2.jpg	photodiode	1
2134.409	0.5	2134409	untrained	32672	95	memtrain/so_125_1.jpg	photodiode	1
2135.259	0.5	2135259	trained	32762	5	memtrain/o_067_1.jpg	photodiode	1
2136.01	0.5	2136010	catch	32671	n/a	catch_padded.jpg	photodiode	0
2136.394	0.0	2136394	response	6	n/a	n/a	trigger	0
2142.487	0.0	2142487	block_end	120	n/a	n/a	trigger	0
2166.508	0.0	2166508	block_onset	108	n/a	n/a	trigger	0
2168.562	0.5	2168562	untrained	32678	89	memtrain/o_469_1.jpg	photodiode	1
2169.513	0.5	2169513	trained	32755	12	memtrain/o_127_2.jpg	photodiode	1
2170.414	0.5	2170414	trained	32729	38	memtrain/o_603_1.jpg	photodiode	1
2171.215	0.5	2171215	catch	32671	n/a	catch_padded.jpg	photodiode	0
2173.258	0.5	2173258	trained	32722	45	memtrain/so_090_2.jpg	photodiode	1
2174.009	0.5	2174009	untrained	32705	62	memtrain/o_304_1.jpg	photodiode	1
2174.76	0.5	2174760	untrained	32699	68	memtrain/o_393_1.jpg	photodiode	1
2175.66	0.5	2175660	untrained	32692	75	memtrain/o_564_1.jpg	photodiode	1
2176.561	0.5	2176561	catch	32671	n/a	catch_padded.jpg	photodiode	0
2178.513	0.5	2178513	trained	32736	31	memtrain/o_465_2.jpg	photodiode	1
2179.263	0.5	2179263	trained	32734	33	memtrain/o_536_1.jpg	photodiode	1
2180.214	0.5	2180214	trained	32761	6	memtrain/o_076_1.jpg	photodiode	1
2181.015	0.5	2181015	catch	32671	n/a	catch_padded.jpg	photodiode	0
2182.916	0.5	2182916	untrained	32718	49	memtrain/o_054_2.jpg	photodiode	1
2183.767	0.5	2183767	trained	32754	13	memtrain/o_136_1.jpg	photodiode	1
2184.618	0.5	2184618	trained	32753	14	memtrain/o_174_1.jpg	photodiode	1
2185.519	0.5	2185519	catch	32671	n/a	catch_padded.jpg	photodiode	0
2187.42	0.5	2187420	trained	32747	20	memtrain/o_290_1.jpg	photodiode	1
2188.171	0.5	2188171	trained	32762	5	memtrain/o_067_1.jpg	photodiode	1
2188.972	0.5	2188972	untrained	32702	65	memtrain/o_337_2.jpg	photodiode	1
2189.722	0.5	2189722	catch	32671	n/a	catch_padded.jpg	photodiode	0
2191.674	0.5	2191674	trained	32765	2	memtrain/o_035_1.jpg	photodiode	1
2192.575	0.5	2192575	untrained	32712	55	memtrain/o_153_2.jpg	photodiode	1
2193.425	0.5	2193425	trained	32743	24	memtrain/o_357_1.jpg	photodiode	1
2194.226	0.5	2194226	untrained	32693	74	memtrain/o_550_1.jpg	photodiode	1
2194.977	0.5	2194977	untrained	32716	51	memtrain/o_103_2.jpg	photodiode	1
2195.727	0.5	2195727	catch	32671	n/a	catch_padded.jpg	photodiode	0
2197.729	0.5	2197729	untrained	32711	56	memtrain/o_163_2.jpg	photodiode	1
2198.53	0.5	2198530	untrained	32704	63	memtrain/o_310_2.jpg	photodiode	1
2199.43	0.5	2199430	trained	32742	25	memtrain/o_358_2.jpg	photodiode	1
2200.323	0.5	2200323	catch	32671	n/a	catch_padded.jpg	photodiode	0
2202.274	0.5	2202274	trained	32730	37	memtrain/o_597_1.jpg	photodiode	1
2203.225	0.5	2203225	untrained	32706	61	memtrain/o_298_2.jpg	photodiode	1
2204.026	0.5	2204026	untrained	32681	86	memtrain/o_288_1.jpg	photodiode	1
2204.827	0.5	2204827	catch	32671	n/a	catch_padded.jpg	photodiode	0
2206.728	0.5	2206728	untrained	32689	78	memtrain/o_599_1.jpg	photodiode	1
2207.579	0.5	2207579	trained	32733	34	memtrain/o_558_2.jpg	photodiode	1
2208.48	0.5	2208480	trained	32720	47	memtrain/so_147_2.jpg	photodiode	1
2209.43	0.5	2209430	catch	32671	n/a	catch_padded.jpg	photodiode	0
2211.382	0.5	2211382	untrained	32683	84	memtrain/so_117_2.jpg	photodiode	1
2212.183	0.5	2212183	untrained	32688	79	memtrain/o_600_1.jpg	photodiode	1
2213.134	0.5	2213134	trained	32751	16	memtrain/o_199_2.jpg	photodiode	1
2214.084	0.5	2214084	catch	32671	n/a	catch_padded.jpg	photodiode	0
2216.186	0.5	2216186	trained	32767	0	memtrain/o_006_1.jpg	photodiode	1
2216.937	0.5	2216937	trained	32757	10	memtrain/o_111_2.jpg	photodiode	1
2217.687	0.5	2217687	trained	32746	21	memtrain/o_319_1.jpg	photodiode	1
2218.438	0.5	2218438	trained	32756	11	memtrain/o_117_2.jpg	photodiode	1
2219.189	0.5	2219189	catch	32671	n/a	catch_padded.jpg	photodiode	0
2221.24	0.5	2221240	untrained	32694	73	memtrain/o_519_2.jpg	photodiode	1
2222.141	0.5	2222141	trained	32721	46	memtrain/so_113_1.jpg	photodiode	1
2222.992	0.5	2222992	untrained	32672	95	memtrain/so_125_1.jpg	photodiode	1
2223.743	0.5	2223743	untrained	32708	59	memtrain/o_201_2.jpg	photodiode	1
2224.643	0.5	2224643	catch	32671	n/a	catch_padded.jpg	photodiode	0
2226.595	0.5	2226595	untrained	32691	76	memtrain/o_570_1.jpg	photodiode	1
2227.396	0.5	2227396	trained	32752	15	memtrain/o_195_1.jpg	photodiode	1
2228.196	0.5	2228196	trained	32737	30	memtrain/o_437_2.jpg	photodiode	1
2229.047	0.5	2229047	untrained	32674	93	memtrain/so_035_1.jpg	photodiode	1
2229.84	0.5	2229840	catch	32671	n/a	catch_padded.jpg	photodiode	0
2231.891	0.5	2231891	trained	32723	44	memtrain/so_045_1.jpg	photodiode	1
2232.842	0.5	2232842	trained	32763	4	memtrain/o_042_1.jpg	photodiode	1
2233.743	0.5	2233743	untrained	32676	91	memtrain/o_605_1.jpg	photodiode	1
2234.493	0.5	2234493	untrained	32710	57	memtrain/o_171_1.jpg	photodiode	1
2235.444	0.5	2235444	trained	32750	17	memtrain/o_232_1.jpg	photodiode	1
2236.395	0.5	2236395	catch	32671	n/a	catch_padded.jpg	photodiode	0
2236.755	0.0	2236755	response	6	n/a	n/a	trigger	0
2238.347	0.5	2238347	trained	32764	3	memtrain/o_040_2.jpg	photodiode	1
2239.298	0.5	2239298	untrained	32675	92	memtrain/so_033_1.jpg	photodiode	1
2240.248	0.5	2240248	untrained	32703	64	memtrain/o_334_2.jpg	photodiode	1
2241.149	0.5	2241149	catch	32671	n/a	catch_padded.jpg	photodiode	0
2241.494	0.0	2241494	response	6	n/a	n/a	trigger	0
2243.051	0.5	2243051	trained	32749	18	memtrain/o_264_2.jpg	photodiode	1
2243.952	0.5	2243952	trained	32745	22	memtrain/o_321_1.jpg	photodiode	1
2244.802	0.5	2244802	untrained	32719	48	memtrain/o_019_2.jpg	photodiode	1
2245.703	0.5	2245703	trained	32724	43	memtrain/so_043_2.jpg	photodiode	1
2246.654	0.5	2246654	catch	32671	n/a	catch_padded.jpg	photodiode	0
2246.995	0.0	2246995	response	6	n/a	n/a	trigger	0
2248.555	0.5	2248555	trained	32741	26	memtrain/o_376_1.jpg	photodiode	1
2249.406	0.5	2249406	untrained	32700	67	memtrain/o_378_1.jpg	photodiode	1
2250.257	0.5	2250257	untrained	32701	66	memtrain/o_342_2.jpg	photodiode	1
2251.007	0.5	2251007	untrained	32677	90	memtrain/o_580_1.jpg	photodiode	1
2251.808	0.5	2251808	trained	32735	32	memtrain/o_485_2.jpg	photodiode	1
2252.659	0.5	2252659	catch	32671	n/a	catch_padded.jpg	photodiode	0
2252.943	0.0	2252943	response	6	n/a	n/a	trigger	0
2254.611	0.5	2254611	trained	32759	8	memtrain/o_094_1.jpg	photodiode	1
2255.511	0.5	2255511	trained	32739	28	memtrain/o_397_1.jpg	photodiode	1
2256.262	0.5	2256262	untrained	32685	82	memtrain/o_656_1.jpg	photodiode	1
2257.163	0.5	2257163	trained	32760	7	memtrain/o_091_2.jpg	photodiode	1
2258.114	0.5	2258114	untrained	32673	94	memtrain/so_067_1.jpg	photodiode	1
2258.914	0.5	2258914	catch	32671	n/a	catch_padded.jpg	photodiode	0
2259.178	0.0	2259178	response	6	n/a	n/a	trigger	0
2260.907	0.5	2260907	untrained	32713	54	memtrain/o_145_1.jpg	photodiode	1
2261.858	0.5	2261858	trained	32744	23	memtrain/o_338_2.jpg	photodiode	1
2262.659	0.5	2262659	untrained	32690	77	memtrain/o_574_2.jpg	photodiode	1
2263.46	0.5	2263460	trained	32731	36	memtrain/o_583_1.jpg	photodiode	1
2264.41	0.5	2264410	catch	32671	n/a	catch_padded.jpg	photodiode	0
2264.684	0.0	2264684	response	6	n/a	n/a	trigger	0
2266.412	0.5	2266412	untrained	32709	58	memtrain/o_192_1.jpg	photodiode	1
2267.263	0.5	2267263	trained	32758	9	memtrain/o_101_2.jpg	photodiode	1
2268.063	0.5	2268063	untrained	32717	50	memtrain/o_057_2.jpg	photodiode	1
2268.814	0.5	2268814	trained	32740	27	memtrain/o_379_2.jpg	photodiode	1
2269.565	0.5	2269565	untrained	32682	85	memtrain/o_218_1.jpg	photodiode	1
2270.315	0.5	2270315	catch	32671	n/a	catch_padded.jpg	photodiode	0
2270.605	0.0	2270605	response	6	n/a	n/a	trigger	0
2272.317	0.5	2272317	trained	32738	29	memtrain/o_416_1.jpg	photodiode	1
2273.218	0.5	2273218	untrained	32698	69	memtrain/o_464_2.jpg	photodiode	1
2274.019	0.5	2274019	trained	32725	42	memtrain/so_034_2.jpg	photodiode	1
2274.769	0.5	2274769	untrained	32714	53	memtrain/o_142_2.jpg	photodiode	1
2275.62	0.5	2275620	catch	32671	n/a	catch_padded.jpg	photodiode	0
2275.974	0.0	2275974	response	6	n/a	n/a	trigger	0
2277.622	0.5	2277622	trained	32727	40	memtrain/o_648_2.jpg	photodiode	1
2278.472	0.5	2278472	trained	32732	35	memtrain/o_561_2.jpg	photodiode	1
2279.273	0.5	2279273	untrained	32686	81	memtrain/o_655_2.jpg	photodiode	1
2280.074	0.5	2280074	untrained	32696	71	memtrain/o_483_1.jpg	photodiode	1
2280.974	0.5	2280974	untrained	32680	87	memtrain/o_365_1.jpg	photodiode	1
2281.725	0.5	2281725	catch	32671	n/a	catch_padded.jpg	photodiode	0
2282.054	0.0	2282054	response	6	n/a	n/a	trigger	0
2283.627	0.5	2283627	untrained	32684	83	memtrain/so_105_1.jpg	photodiode	1
2284.577	0.5	2284577	untrained	32707	60	memtrain/o_228_2.jpg	photodiode	1
2285.328	0.5	2285328	untrained	32695	72	memtrain/o_490_1.jpg	photodiode	1
2286.229	0.5	2286229	trained	32728	39	memtrain/o_606_1.jpg	photodiode	1
2287.08	0.5	2287080	catch	32671	n/a	catch_padded.jpg	photodiode	0
2287.415	0.0	2287415	response	6	n/a	n/a	trigger	0
2288.981	0.5	2288981	trained	32766	1	memtrain/o_015_1.jpg	photodiode	1
2289.874	0.5	2289874	trained	32748	19	memtrain/o_284_2.jpg	photodiode	1
2290.825	0.5	2290825	untrained	32679	88	memtrain/o_458_1.jpg	photodiode	1
2291.725	0.5	2291725	catch	32671	n/a	catch_padded.jpg	photodiode	0
2292.021	0.0	2292021	response	6	n/a	n/a	trigger	0
2293.827	0.5	2293827	untrained	32697	70	memtrain/o_471_2.jpg	photodiode	1
2294.678	0.5	2294678	trained	32726	41	memtrain/o_663_2.jpg	photodiode	1
2295.529	0.5	2295529	untrained	32687	80	memtrain/o_613_1.jpg	photodiode	1
2296.379	0.5	2296379	untrained	32715	52	memtrain/o_141_1.jpg	photodiode	1
2297.13	0.5	2297130	catch	32671	n/a	catch_padded.jpg	photodiode	0
2297.434	0.0	2297434	response	6	n/a	n/a	trigger	0
2299.132	0.5	2299132	trained	32754	13	memtrain/o_136_1.jpg	photodiode	1
2299.982	0.5	2299982	trained	32767	0	memtrain/o_006_1.jpg	photodiode	1
2300.933	0.5	2300933	untrained	32701	66	memtrain/o_342_2.jpg	photodiode	1
2301.684	0.5	2301684	catch	32671	n/a	catch_padded.jpg	photodiode	0
2302.073	0.0	2302073	response	6	n/a	n/a	trigger	0
2303.736	0.5	2303736	untrained	32674	93	memtrain/so_035_1.jpg	photodiode	1
2304.686	0.5	2304686	trained	32745	22	memtrain/o_321_1.jpg	photodiode	1
2305.637	0.5	2305637	trained	32748	19	memtrain/o_284_2.jpg	photodiode	1
2306.488	0.5	2306488	untrained	32713	54	memtrain/o_145_1.jpg	photodiode	1
2307.339	0.5	2307339	trained	32744	23	memtrain/o_338_2.jpg	photodiode	1
2308.189	0.5	2308189	catch	32671	n/a	catch_padded.jpg	photodiode	0
2308.562	0.0	2308562	response	6	n/a	n/a	trigger	0
2310.091	0.5	2310091	trained	32766	1	memtrain/o_015_1.jpg	photodiode	1
2310.892	0.5	2310892	untrained	32689	78	memtrain/o_599_1.jpg	photodiode	1
2311.792	0.5	2311792	untrained	32694	73	memtrain/o_519_2.jpg	photodiode	1
2312.693	0.5	2312693	trained	32763	4	memtrain/o_042_1.jpg	photodiode	1
2313.644	0.5	2313644	catch	32671	n/a	catch_padded.jpg	photodiode	0
2314.002	0.0	2314002	response	6	n/a	n/a	trigger	0
2315.596	0.5	2315596	untrained	32719	48	memtrain/o_019_2.jpg	photodiode	1
2316.546	0.5	2316546	untrained	32680	87	memtrain/o_365_1.jpg	photodiode	1
2317.339	0.5	2317339	untrained	32685	82	memtrain/o_656_1.jpg	photodiode	1
2318.189	0.5	2318189	trained	32759	8	memtrain/o_094_1.jpg	photodiode	1
2319.09	0.5	2319090	trained	32724	43	memtrain/so_043_2.jpg	photodiode	1
2320.041	0.5	2320041	catch	32671	n/a	catch_padded.jpg	photodiode	0
2320.474	0.0	2320474	response	6	n/a	n/a	trigger	0
2322.143	0.5	2322143	trained	32750	17	memtrain/o_232_1.jpg	photodiode	1
2323.043	0.5	2323043	trained	32749	18	memtrain/o_264_2.jpg	photodiode	1
2323.794	0.5	2323794	untrained	32679	88	memtrain/o_458_1.jpg	photodiode	1
2324.545	0.5	2324545	trained	32732	35	memtrain/o_561_2.jpg	photodiode	1
2325.395	0.5	2325395	untrained	32715	52	memtrain/o_141_1.jpg	photodiode	1
2326.296	0.5	2326296	catch	32671	n/a	catch_padded.jpg	photodiode	0
2326.66	0.0	2326660	response	6	n/a	n/a	trigger	0
2328.298	0.5	2328298	trained	32727	40	memtrain/o_648_2.jpg	photodiode	1
2329.249	0.5	2329249	untrained	32673	94	memtrain/so_067_1.jpg	photodiode	1
2330.099	0.5	2330099	trained	32721	46	memtrain/so_113_1.jpg	photodiode	1
2330.85	0.5	2330850	trained	32762	5	memtrain/o_067_1.jpg	photodiode	1
2331.751	0.5	2331751	catch	32671	n/a	catch_padded.jpg	photodiode	0
2332.107	0.0	2332107	response	6	n/a	n/a	trigger	0
2333.702	0.5	2333702	untrained	32700	67	memtrain/o_378_1.jpg	photodiode	1
2334.603	0.5	2334603	untrained	32699	68	memtrain/o_393_1.jpg	photodiode	1
2335.404	0.5	2335404	untrained	32695	72	memtrain/o_490_1.jpg	photodiode	1
2336.355	0.5	2336355	trained	32756	11	memtrain/o_117_2.jpg	photodiode	1
2337.155	0.5	2337155	catch	32671	n/a	catch_padded.jpg	photodiode	0
2337.623	0.0	2337623	response	6	n/a	n/a	trigger	0
2339.057	0.5	2339057	untrained	32709	58	memtrain/o_192_1.jpg	photodiode	1
2339.958	0.5	2339958	trained	32765	2	memtrain/o_035_1.jpg	photodiode	1
2340.909	0.5	2340909	untrained	32672	95	memtrain/so_125_1.jpg	photodiode	1
2341.859	0.5	2341859	untrained	32718	49	memtrain/o_054_2.jpg	photodiode	1
2342.76	0.5	2342760	trained	32764	3	memtrain/o_040_2.jpg	photodiode	1
2343.561	0.5	2343561	catch	32671	n/a	catch_padded.jpg	photodiode	0
2343.917	0.0	2343917	response	6	n/a	n/a	trigger	0
2345.563	0.5	2345563	trained	32738	29	memtrain/o_416_1.jpg	photodiode	1
2346.455	0.5	2346455	untrained	32688	79	memtrain/o_600_1.jpg	photodiode	1
2347.314	0.5	2347314	trained	32730	37	memtrain/o_597_1.jpg	photodiode	1
2348.257	0.5	2348257	untrained	32717	50	memtrain/o_057_2.jpg	photodiode	1
2349.057	0.5	2349057	trained	32752	15	memtrain/o_195_1.jpg	photodiode	1
2349.808	0.5	2349808	catch	32671	n/a	catch_padded.jpg	photodiode	0
2350.141	0.0	2350141	response	6	n/a	n/a	trigger	0
2351.81	0.5	2351810	trained	32734	33	memtrain/o_536_1.jpg	photodiode	1
2352.71	0.5	2352710	trained	32761	6	memtrain/o_076_1.jpg	photodiode	1
2353.619	0.5	2353619	untrained	32681	86	memtrain/o_288_1.jpg	photodiode	1
2354.362	0.5	2354362	trained	32755	12	memtrain/o_127_2.jpg	photodiode	1
2355.263	0.5	2355263	catch	32671	n/a	catch_padded.jpg	photodiode	0
2355.703	0.0	2355703	response	6	n/a	n/a	trigger	0
2357.214	0.5	2357214	trained	32758	9	memtrain/o_101_2.jpg	photodiode	1
2358.065	0.5	2358065	trained	32722	45	memtrain/so_090_2.jpg	photodiode	1
2358.916	0.5	2358916	untrained	32707	60	memtrain/o_228_2.jpg	photodiode	1
2359.866	0.5	2359866	trained	32741	26	memtrain/o_376_1.jpg	photodiode	1
2360.767	0.5	2360767	trained	32743	24	memtrain/o_357_1.jpg	photodiode	1
2361.568	0.5	2361568	catch	32671	n/a	catch_padded.jpg	photodiode	0
2361.947	0.0	2361947	response	6	n/a	n/a	trigger	0
2363.57	0.5	2363570	trained	32728	39	memtrain/o_606_1.jpg	photodiode	1
2364.37	0.5	2364370	untrained	32686	81	memtrain/o_655_2.jpg	photodiode	1
2365.321	0.5	2365321	trained	32753	14	memtrain/o_174_1.jpg	photodiode	1
2366.172	0.5	2366172	untrained	32691	76	memtrain/o_570_1.jpg	photodiode	1
2366.972	0.5	2366972	untrained	32706	61	memtrain/o_298_2.jpg	photodiode	1
2367.923	0.5	2367923	catch	32671	n/a	catch_padded.jpg	photodiode	0
2368.275	0.0	2368275	response	6	n/a	n/a	trigger	0
2369.875	0.5	2369875	trained	32760	7	memtrain/o_091_2.jpg	photodiode	1
2370.626	0.5	2370626	untrained	32698	69	memtrain/o_464_2.jpg	photodiode	1
2371.476	0.5	2371476	trained	32720	47	memtrain/so_147_2.jpg	photodiode	1
2372.427	0.5	2372427	untrained	32678	89	memtrain/o_469_1.jpg	photodiode	1
2373.228	0.5	2373228	trained	32729	38	memtrain/o_603_1.jpg	photodiode	1
2373.978	0.5	2373978	catch	32671	n/a	catch_padded.jpg	photodiode	0
2374.391	0.0	2374391	response	6	n/a	n/a	trigger	0
2375.972	0.5	2375972	untrained	32703	64	memtrain/o_334_2.jpg	photodiode	1
2376.772	0.5	2376772	trained	32739	28	memtrain/o_397_1.jpg	photodiode	1
2377.723	0.5	2377723	untrained	32705	62	memtrain/o_304_1.jpg	photodiode	1
2378.574	0.5	2378574	catch	32671	n/a	catch_padded.jpg	photodiode	0
2380.576	0.5	2380576	untrained	32708	59	memtrain/o_201_2.jpg	photodiode	1
2381.376	0.5	2381376	trained	32757	10	memtrain/o_111_2.jpg	photodiode	1
2382.127	0.5	2382127	untrained	32682	85	memtrain/o_218_1.jpg	photodiode	1
2383.078	0.5	2383078	catch	32671	n/a	catch_padded.jpg	photodiode	0
2383.4	0.0	2383400	response	6	n/a	n/a	trigger	0
2385.179	0.5	2385179	untrained	32697	70	memtrain/o_471_2.jpg	photodiode	1
2386.08	0.5	2386080	trained	32740	27	memtrain/o_379_2.jpg	photodiode	1
2386.931	0.5	2386931	untrained	32702	65	memtrain/o_337_2.jpg	photodiode	1
2387.882	0.5	2387882	trained	32746	21	memtrain/o_319_1.jpg	photodiode	1
2388.833	0.5	2388833	trained	32736	31	memtrain/o_465_2.jpg	photodiode	1
2389.583	0.5	2389583	catch	32671	n/a	catch_padded.jpg	photodiode	0
2389.972	0.0	2389972	response	6	n/a	n/a	trigger	0
2391.635	0.5	2391635	untrained	32683	84	memtrain/so_117_2.jpg	photodiode	1
2392.436	0.5	2392436	untrained	32714	53	memtrain/o_142_2.jpg	photodiode	1
2393.286	0.5	2393286	untrained	32676	91	memtrain/o_605_1.jpg	photodiode	1
2394.187	0.5	2394187	catch	32671	n/a	catch_padded.jpg	photodiode	0
2394.624	0.0	2394624	response	6	n/a	n/a	trigger	0
2396.089	0.5	2396089	untrained	32710	57	memtrain/o_171_1.jpg	photodiode	1
2397.039	0.5	2397039	untrained	32690	77	memtrain/o_574_2.jpg	photodiode	1
2397.99	0.5	2397990	untrained	32677	90	memtrain/o_580_1.jpg	photodiode	1
2398.791	0.5	2398791	catch	32671	n/a	catch_padded.jpg	photodiode	0
2399.263	0.0	2399263	response	6	n/a	n/a	trigger	0
2400.693	0.5	2400693	trained	32737	30	memtrain/o_437_2.jpg	photodiode	1
2401.443	0.5	2401443	untrained	32716	51	memtrain/o_103_2.jpg	photodiode	1
2402.294	0.5	2402294	trained	32747	20	memtrain/o_290_1.jpg	photodiode	1
2403.195	0.5	2403195	untrained	32711	56	memtrain/o_163_2.jpg	photodiode	1
2404.146	0.5	2404146	catch	32671	n/a	catch_padded.jpg	photodiode	0
2404.702	0.0	2404702	response	6	n/a	n/a	trigger	0
2406.089	0.5	2406089	trained	32731	36	memtrain/o_583_1.jpg	photodiode	1
2407.048	0.5	2407048	trained	32733	34	memtrain/o_558_2.jpg	photodiode	1
2407.79	0.5	2407790	untrained	32696	71	memtrain/o_483_1.jpg	photodiode	1
2408.691	0.5	2408691	untrained	32712	55	memtrain/o_153_2.jpg	photodiode	1
2409.492	0.5	2409492	trained	32726	41	memtrain/o_663_2.jpg	photodiode	1
2410.251	0.5	2410251	catch	32671	n/a	catch_padded.jpg	photodiode	0
2410.658	0.0	2410658	response	6	n/a	n/a	trigger	0
2412.144	0.5	2412144	untrained	32675	92	memtrain/so_033_1.jpg	photodiode	1
2412.945	0.5	2412945	untrained	32692	75	memtrain/o_564_1.jpg	photodiode	1
2413.904	0.5	2413904	untrained	32687	80	memtrain/o_613_1.jpg	photodiode	1
2414.796	0.5	2414796	catch	32671	n/a	catch_padded.jpg	photodiode	0
2415.207	0.0	2415207	response	6	n/a	n/a	trigger	0
2416.798	0.5	2416798	untrained	32704	63	memtrain/o_310_2.jpg	photodiode	1
2417.649	0.5	2417649	trained	32723	44	memtrain/so_045_1.jpg	photodiode	1
2418.6	0.5	2418600	trained	32725	42	memtrain/so_034_2.jpg	photodiode	1
2419.4	0.5	2419400	trained	32742	25	memtrain/o_358_2.jpg	photodiode	1
2420.351	0.5	2420351	catch	32671	n/a	catch_padded.jpg	photodiode	0
2420.632	0.0	2420632	response	6	n/a	n/a	trigger	0
2422.453	0.5	2422453	untrained	32693	74	memtrain/o_550_1.jpg	photodiode	1
2423.354	0.5	2423354	trained	32751	16	memtrain/o_199_2.jpg	photodiode	1
2424.104	0.5	2424104	trained	32735	32	memtrain/o_485_2.jpg	photodiode	1
2425.005	0.5	2425005	untrained	32684	83	memtrain/so_105_1.jpg	photodiode	1
2425.856	0.5	2425856	catch	32671	n/a	catch_padded.jpg	photodiode	0
2426.174	0.0	2426174	response	6	n/a	n/a	trigger	0
2432.333	0.0	2432333	block_end	120	n/a	n/a	trigger	0
2484.421	0.0	2484421	response	6	n/a	n/a	trigger	0
2484.427	0.0	2484427	block_onset	109	n/a	n/a	trigger	0
2486.474	0.5	2486474	trained	32759	8	memtrain/o_094_1.jpg	photodiode	1
2487.333	0.5	2487333	untrained	32695	72	memtrain/o_490_1.jpg	photodiode	1
2488.083	0.5	2488083	trained	32748	19	memtrain/o_284_2.jpg	photodiode	1
2488.834	0.5	2488834	untrained	32696	71	memtrain/o_483_1.jpg	photodiode	1
2489.685	0.5	2489685	trained	32721	46	memtrain/so_113_1.jpg	photodiode	1
2490.435	0.5	2490435	catch	32671	n/a	catch_padded.jpg	photodiode	0
2490.693	0.0	2490693	response	6	n/a	n/a	trigger	0
2492.379	0.5	2492379	untrained	32697	70	memtrain/o_471_2.jpg	photodiode	1
2493.18	0.5	2493180	untrained	32698	69	memtrain/o_464_2.jpg	photodiode	1
2494.03	0.5	2494030	untrained	32682	85	memtrain/o_218_1.jpg	photodiode	1
2494.931	0.5	2494931	trained	32744	23	memtrain/o_338_2.jpg	photodiode	1
2495.732	0.5	2495732	catch	32671	n/a	catch_padded.jpg	photodiode	0
2496.156	0.0	2496156	response	6	n/a	n/a	trigger	0
2497.641	0.5	2497641	untrained	32680	87	memtrain/o_365_1.jpg	photodiode	1
2498.534	0.5	2498534	trained	32738	29	memtrain/o_416_1.jpg	photodiode	1
2499.385	0.5	2499385	trained	32760	7	memtrain/o_091_2.jpg	photodiode	1
2500.336	0.5	2500336	untrained	32689	78	memtrain/o_599_1.jpg	photodiode	1
2501.186	0.5	2501186	untrained	32708	59	memtrain/o_201_2.jpg	photodiode	1
2502.145	0.5	2502145	catch	32671	n/a	catch_padded.jpg	photodiode	0
2502.367	0.0	2502367	response	6	n/a	n/a	trigger	0
2504.189	0.5	2504189	untrained	32679	88	memtrain/o_458_1.jpg	photodiode	1
2504.939	0.5	2504939	trained	32747	20	memtrain/o_290_1.jpg	photodiode	1
2505.84	0.5	2505840	trained	32761	6	memtrain/o_076_1.jpg	photodiode	1
2506.691	0.5	2506691	trained	32732	35	memtrain/o_561_2.jpg	photodiode	1
2507.592	0.5	2507592	untrained	32675	92	memtrain/so_033_1.jpg	photodiode	1
2508.392	0.5	2508392	catch	32671	n/a	catch_padded.jpg	photodiode	0
2508.719	0.0	2508719	response	6	n/a	n/a	trigger	0
2510.444	0.5	2510444	untrained	32702	65	memtrain/o_337_2.jpg	photodiode	1
2511.395	0.5	2511395	untrained	32686	81	memtrain/o_655_2.jpg	photodiode	1
2512.196	0.5	2512196	trained	32726	41	memtrain/o_663_2.jpg	photodiode	1
2512.946	0.5	2512946	untrained	32699	68	memtrain/o_393_1.jpg	photodiode	1
2513.747	0.5	2513747	catch	32671	n/a	catch_padded.jpg	photodiode	0
2514.043	0.0	2514043	response	6	n/a	n/a	trigger	0
2515.749	0.5	2515749	untrained	32678	89	memtrain/o_469_1.jpg	photodiode	1
2516.699	0.5	2516699	trained	32763	4	memtrain/o_042_1.jpg	photodiode	1
2517.55	0.5	2517550	untrained	32694	73	memtrain/o_519_2.jpg	photodiode	1
2518.451	0.5	2518451	untrained	32712	55	memtrain/o_153_2.jpg	photodiode	1
2519.352	0.5	2519352	catch	32671	n/a	catch_padded.jpg	photodiode	0
2519.781	0.0	2519781	response	6	n/a	n/a	trigger	0
2521.403	0.5	2521403	trained	32720	47	memtrain/so_147_2.jpg	photodiode	1
2522.304	0.5	2522304	untrained	32705	62	memtrain/o_304_1.jpg	photodiode	1
2523.155	0.5	2523155	untrained	32681	86	memtrain/o_288_1.jpg	photodiode	1
2523.947	0.5	2523947	untrained	32692	75	memtrain/o_564_1.jpg	photodiode	1
2524.698	0.5	2524698	untrained	32716	51	memtrain/o_103_2.jpg	photodiode	1
2525.548	0.5	2525548	catch	32671	n/a	catch_padded.jpg	photodiode	0
2525.928	0.0	2525928	response	6	n/a	n/a	trigger	0
2527.65	0.5	2527650	untrained	32674	93	memtrain/so_035_1.jpg	photodiode	1
2528.501	0.5	2528501	trained	32723	44	memtrain/so_045_1.jpg	photodiode	1
2529.352	0.5	2529352	trained	32758	9	memtrain/o_101_2.jpg	photodiode	1
2530.202	0.5	2530202	trained	32725	42	memtrain/so_034_2.jpg	photodiode	1
2531.003	0.5	2531003	trained	32728	39	memtrain/o_606_1.jpg	photodiode	1
2531.804	0.5	2531804	catch	32671	n/a	catch_padded.jpg	photodiode	0
2532.177	0.0	2532177	response	6	n/a	n/a	trigger	0
2533.705	0.5	2533705	trained	32727	40	memtrain/o_648_2.jpg	photodiode	1
2534.506	0.5	2534506	trained	32736	31	memtrain/o_465_2.jpg	photodiode	1
2535.407	0.5	2535407	trained	32766	1	memtrain/o_015_1.jpg	photodiode	1
2536.358	0.5	2536358	trained	32757	10	memtrain/o_111_2.jpg	photodiode	1
2537.108	0.5	2537108	catch	32671	n/a	catch_padded.jpg	photodiode	0
2537.564	0.0	2537564	response	6	n/a	n/a	trigger	0
2539.21	0.5	2539210	untrained	32677	90	memtrain/o_580_1.jpg	photodiode	1
2540.161	0.5	2540161	trained	32733	34	memtrain/o_558_2.jpg	photodiode	1
2541.112	0.5	2541112	untrained	32707	60	memtrain/o_228_2.jpg	photodiode	1
2541.862	0.5	2541862	catch	32671	n/a	catch_padded.jpg	photodiode	0
2542.353	0.0	2542353	response	6	n/a	n/a	trigger	0
2543.764	0.5	2543764	trained	32751	16	memtrain/o_199_2.jpg	photodiode	1
2544.515	0.5	2544515	untrained	32704	63	memtrain/o_310_2.jpg	photodiode	1
2545.365	0.5	2545365	untrained	32700	67	memtrain/o_378_1.jpg	photodiode	1
2546.216	0.5	2546216	trained	32764	3	memtrain/o_040_2.jpg	photodiode	1
2547.067	0.5	2547067	catch	32671	n/a	catch_padded.jpg	photodiode	0
2547.38	0.0	2547380	response	6	n/a	n/a	trigger	0
2549.118	0.5	2549118	trained	32739	28	memtrain/o_397_1.jpg	photodiode	1
2549.911	0.5	2549911	untrained	32715	52	memtrain/o_141_1.jpg	photodiode	1
2550.762	0.5	2550762	trained	32752	15	memtrain/o_195_1.jpg	photodiode	1
2551.612	0.5	2551612	trained	32737	30	memtrain/o_437_2.jpg	photodiode	1
2552.563	0.5	2552563	catch	32671	n/a	catch_padded.jpg	photodiode	0
2552.917	0.0	2552917	response	6	n/a	n/a	trigger	0
2554.465	0.5	2554465	untrained	32685	82	memtrain/o_656_1.jpg	photodiode	1
2555.316	0.5	2555316	untrained	32717	50	memtrain/o_057_2.jpg	photodiode	1
2556.166	0.5	2556166	trained	32735	32	memtrain/o_485_2.jpg	photodiode	1
2557.067	0.5	2557067	catch	32671	n/a	catch_padded.jpg	photodiode	0
2557.512	0.0	2557512	response	6	n/a	n/a	trigger	0
2559.069	0.5	2559069	trained	32722	45	memtrain/so_090_2.jpg	photodiode	1
2560.02	0.5	2560020	untrained	32687	80	memtrain/o_613_1.jpg	photodiode	1
2560.97	0.5	2560970	untrained	32714	53	memtrain/o_142_2.jpg	photodiode	1
2561.821	0.5	2561821	trained	32754	13	memtrain/o_136_1.jpg	photodiode	1
2562.572	0.5	2562572	catch	32671	n/a	catch_padded.jpg	photodiode	0
2562.907	0.0	2562907	response	6	n/a	n/a	trigger	0
2564.573	0.5	2564573	trained	32756	11	memtrain/o_117_2.jpg	photodiode	1
2565.374	0.5	2565374	trained	32750	17	memtrain/o_232_1.jpg	photodiode	1
2566.175	0.5	2566175	untrained	32701	66	memtrain/o_342_2.jpg	photodiode	1
2567.075	0.5	2567075	untrained	32691	76	memtrain/o_570_1.jpg	photodiode	1
2567.826	0.5	2567826	catch	32671	n/a	catch_padded.jpg	photodiode	0
2568.138	0.0	2568138	response	6	n/a	n/a	trigger	0
2569.828	0.5	2569828	trained	32753	14	memtrain/o_174_1.jpg	photodiode	1
2570.629	0.5	2570629	trained	32741	26	memtrain/o_376_1.jpg	photodiode	1
2571.379	0.5	2571379	untrained	32709	58	memtrain/o_192_1.jpg	photodiode	1
2572.28	0.5	2572280	untrained	32719	48	memtrain/o_019_2.jpg	photodiode	1
2573.231	0.5	2573231	catch	32671	n/a	catch_padded.jpg	photodiode	0
2573.523	0.0	2573523	response	6	n/a	n/a	trigger	0
2575.132	0.5	2575132	untrained	32684	83	memtrain/so_105_1.jpg	photodiode	1
2575.983	0.5	2575983	untrained	32693	74	memtrain/o_550_1.jpg	photodiode	1
2576.784	0.5	2576784	trained	32746	21	memtrain/o_319_1.jpg	photodiode	1
2577.576	0.5	2577576	catch	32671	n/a	catch_padded.jpg	photodiode	0
2578.035	0.0	2578035	response	6	n/a	n/a	trigger	0
2579.528	0.5	2579528	trained	32731	36	memtrain/o_583_1.jpg	photodiode	1
2580.428	0.5	2580428	untrained	32683	84	memtrain/so_117_2.jpg	photodiode	1
2581.379	0.5	2581379	untrained	32688	79	memtrain/o_600_1.jpg	photodiode	1
2582.18	0.5	2582180	untrained	32706	61	memtrain/o_298_2.jpg	photodiode	1
2582.93	0.5	2582930	catch	32671	n/a	catch_padded.jpg	photodiode	0
2583.338	0.0	2583338	response	6	n/a	n/a	trigger	0
2584.932	0.5	2584932	trained	32767	0	memtrain/o_006_1.jpg	photodiode	1
2585.733	0.5	2585733	untrained	32673	94	memtrain/so_067_1.jpg	photodiode	1
2586.684	0.5	2586684	trained	32742	25	memtrain/o_358_2.jpg	photodiode	1
2587.434	0.5	2587434	catch	32671	n/a	catch_padded.jpg	photodiode	0
2588.124	0.0	2588124	response	6	n/a	n/a	trigger	0
2589.386	0.5	2589386	trained	32734	33	memtrain/o_536_1.jpg	photodiode	1
2590.237	0.5	2590237	untrained	32710	57	memtrain/o_171_1.jpg	photodiode	1
2591.037	0.5	2591037	trained	32765	2	memtrain/o_035_1.jpg	photodiode	1
2591.788	0.5	2591788	catch	32671	n/a	catch_padded.jpg	photodiode	0
2592.6	0.0	2592600	response	6	n/a	n/a	trigger	0
2593.89	0.5	2593890	trained	32740	27	memtrain/o_379_2.jpg	photodiode	1
2594.69	0.5	2594690	untrained	32703	64	memtrain/o_334_2.jpg	photodiode	1
2595.591	0.5	2595591	trained	32724	43	memtrain/so_043_2.jpg	photodiode	1
2596.442	0.5	2596442	untrained	32711	56	memtrain/o_163_2.jpg	photodiode	1
2597.343	0.5	2597343	untrained	32718	49	memtrain/o_054_2.jpg	photodiode	1
2598.143	0.5	2598143	catch	32671	n/a	catch_padded.jpg	photodiode	0
2598.458	0.0	2598458	response	6	n/a	n/a	trigger	0
2600.045	0.5	2600045	trained	32755	12	memtrain/o_127_2.jpg	photodiode	1
2600.996	0.5	2600996	untrained	32690	77	memtrain/o_574_2.jpg	photodiode	1
2601.897	0.5	2601897	trained	32743	24	memtrain/o_357_1.jpg	photodiode	1
2602.747	0.5	2602747	trained	32729	38	memtrain/o_603_1.jpg	photodiode	1
2603.598	0.5	2603598	catch	32671	n/a	catch_padded.jpg	photodiode	0
2603.883	0.0	2603883	response	6	n/a	n/a	trigger	0
2605.5	0.5	2605500	untrained	32713	54	memtrain/o_145_1.jpg	photodiode	1
2606.392	0.5	2606392	trained	32730	37	memtrain/o_597_1.jpg	photodiode	1
2607.193	0.5	2607193	trained	32762	5	memtrain/o_067_1.jpg	photodiode	1
2608.102	0.5	2608102	catch	32671	n/a	catch_padded.jpg	photodiode	0
2608.404	0.0	2608404	response	6	n/a	n/a	trigger	0
2610.195	0.5	2610195	untrained	32676	91	memtrain/o_605_1.jpg	photodiode	1
2611.096	0.5	2611096	trained	32745	22	memtrain/o_321_1.jpg	photodiode	1
2611.897	0.5	2611897	untrained	32672	95	memtrain/so_125_1.jpg	photodiode	1
2612.656	0.5	2612656	trained	32749	18	memtrain/o_264_2.jpg	photodiode	1
2613.398	0.5	2613398	trained	32736	31	memtrain/o_465_2.jpg	photodiode	1
2614.349	0.5	2614349	catch	32671	n/a	catch_padded.jpg	photodiode	0
2614.726	0.0	2614726	response	6	n/a	n/a	trigger	0
2616.351	0.5	2616351	trained	32765	2	memtrain/o_035_1.jpg	photodiode	1
2617.101	0.5	2617101	untrained	32692	75	memtrain/o_564_1.jpg	photodiode	1
2618.052	0.5	2618052	untrained	32690	77	memtrain/o_574_2.jpg	photodiode	1
2618.853	0.5	2618853	catch	32671	n/a	catch_padded.jpg	photodiode	0
2619.379	0.0	2619379	response	6	n/a	n/a	trigger	0
2620.904	0.5	2620904	untrained	32673	94	memtrain/so_067_1.jpg	photodiode	1
2621.855	0.5	2621855	trained	32730	37	memtrain/o_597_1.jpg	photodiode	1
2622.756	0.5	2622756	trained	32744	23	memtrain/o_338_2.jpg	photodiode	1
2623.557	0.5	2623557	catch	32671	n/a	catch_padded.jpg	photodiode	0
2623.955	0.0	2623955	response	6	n/a	n/a	trigger	0
2625.658	0.5	2625658	untrained	32709	58	memtrain/o_192_1.jpg	photodiode	1
2626.609	0.5	2626609	untrained	32697	70	memtrain/o_471_2.jpg	photodiode	1
2627.46	0.5	2627460	untrained	32713	54	memtrain/o_145_1.jpg	photodiode	1
2628.361	0.5	2628361	catch	32671	n/a	catch_padded.jpg	photodiode	0
2628.728	0.0	2628728	response	6	n/a	n/a	trigger	0
2630.312	0.5	2630312	untrained	32707	60	memtrain/o_228_2.jpg	photodiode	1
2631.063	0.5	2631063	untrained	32677	90	memtrain/o_580_1.jpg	photodiode	1
2631.964	0.5	2631964	trained	32735	32	memtrain/o_485_2.jpg	photodiode	1
2632.714	0.5	2632714	untrained	32698	69	memtrain/o_464_2.jpg	photodiode	1
2633.565	0.5	2633565	catch	32671	n/a	catch_padded.jpg	photodiode	0
2633.904	0.0	2633904	response	6	n/a	n/a	trigger	0
2635.667	0.5	2635667	trained	32747	20	memtrain/o_290_1.jpg	photodiode	1
2636.418	0.5	2636418	untrained	32710	57	memtrain/o_171_1.jpg	photodiode	1
2637.21	0.5	2637210	untrained	32678	89	memtrain/o_469_1.jpg	photodiode	1
2637.969	0.5	2637969	trained	32758	9	memtrain/o_101_2.jpg	photodiode	1
2638.72	0.5	2638720	catch	32671	n/a	catch_padded.jpg	photodiode	0
2639.145	0.0	2639145	response	6	n/a	n/a	trigger	0
2640.813	0.5	2640813	untrained	32683	84	memtrain/so_117_2.jpg	photodiode	1
2641.772	0.5	2641772	untrained	32696	71	memtrain/o_483_1.jpg	photodiode	1
2642.514	0.5	2642514	untrained	32703	64	memtrain/o_334_2.jpg	photodiode	1
2643.365	0.5	2643365	catch	32671	n/a	catch_padded.jpg	photodiode	0
2643.832	0.0	2643832	response	6	n/a	n/a	trigger	0
2645.267	0.5	2645267	trained	32722	45	memtrain/so_090_2.jpg	photodiode	1
2646.217	0.5	2646217	untrained	32689	78	memtrain/o_599_1.jpg	photodiode	1
2647.118	0.5	2647118	trained	32766	1	memtrain/o_015_1.jpg	photodiode	1
2647.969	0.5	2647969	trained	32731	36	memtrain/o_583_1.jpg	photodiode	1
2648.77	0.5	2648770	trained	32721	46	memtrain/so_113_1.jpg	photodiode	1
2649.62	0.5	2649620	catch	32671	n/a	catch_padded.jpg	photodiode	0
2649.914	0.0	2649914	response	6	n/a	n/a	trigger	0
2651.722	0.5	2651722	untrained	32693	74	memtrain/o_550_1.jpg	photodiode	1
2652.523	0.5	2652523	trained	32754	13	memtrain/o_136_1.jpg	photodiode	1
2653.374	0.5	2653374	trained	32757	10	memtrain/o_111_2.jpg	photodiode	1
2654.174	0.5	2654174	catch	32671	n/a	catch_padded.jpg	photodiode	0
2654.525	0.0	2654525	response	6	n/a	n/a	trigger	0
2656.226	0.5	2656226	trained	32756	11	memtrain/o_117_2.jpg	photodiode	1
2657.127	0.5	2657127	trained	32763	4	memtrain/o_042_1.jpg	photodiode	1
2657.927	0.5	2657927	trained	32740	27	memtrain/o_379_2.jpg	photodiode	1
2658.878	0.5	2658878	untrained	32688	79	memtrain/o_600_1.jpg	photodiode	1
2659.629	0.5	2659629	trained	32743	24	memtrain/o_357_1.jpg	photodiode	1
2660.379	0.5	2660379	catch	32671	n/a	catch_padded.jpg	photodiode	0
2660.775	0.0	2660775	response	6	n/a	n/a	trigger	0
2662.431	0.5	2662431	trained	32752	15	memtrain/o_195_1.jpg	photodiode	1
2663.382	0.5	2663382	untrained	32680	87	memtrain/o_365_1.jpg	photodiode	1
2664.283	0.5	2664283	trained	32745	22	memtrain/o_321_1.jpg	photodiode	1
2665.083	0.5	2665083	untrained	32695	72	memtrain/o_490_1.jpg	photodiode	1
2665.884	0.5	2665884	untrained	32705	62	memtrain/o_304_1.jpg	photodiode	1
2666.827	0.5	2666827	catch	32671	n/a	catch_padded.jpg	photodiode	0
2668.878	0.5	2668878	trained	32764	3	memtrain/o_040_2.jpg	photodiode	1
2669.729	0.5	2669729	untrained	32685	82	memtrain/o_656_1.jpg	photodiode	1
2670.68	0.5	2670680	untrained	32691	76	memtrain/o_570_1.jpg	photodiode	1
2671.431	0.5	2671431	untrained	32712	55	memtrain/o_153_2.jpg	photodiode	1
2672.189	0.5	2672189	trained	32751	16	memtrain/o_199_2.jpg	photodiode	1
2673.082	0.5	2673082	catch	32671	n/a	catch_padded.jpg	photodiode	0
2673.338	0.0	2673338	response	6	n/a	n/a	trigger	0
2675.134	0.5	2675134	trained	32767	0	memtrain/o_006_1.jpg	photodiode	1
2676.035	0.5	2676035	trained	32732	35	memtrain/o_561_2.jpg	photodiode	1
2676.785	0.5	2676785	trained	32748	19	memtrain/o_284_2.jpg	photodiode	1
2677.636	0.5	2677636	untrained	32714	53	memtrain/o_142_2.jpg	photodiode	1
2678.587	0.5	2678587	catch	32671	n/a	catch_padded.jpg	photodiode	0
2678.949	0.0	2678949	response	6	n/a	n/a	trigger	0
2680.688	0.5	2680688	trained	32746	21	memtrain/o_319_1.jpg	photodiode	1
2681.439	0.5	2681439	untrained	32718	49	memtrain/o_054_2.jpg	photodiode	1
2682.39	0.5	2682390	trained	32727	40	memtrain/o_648_2.jpg	photodiode	1
2683.291	0.5	2683291	catch	32671	n/a	catch_padded.jpg	photodiode	0
2683.792	0.0	2683792	response	6	n/a	n/a	trigger	0
2685.342	0.5	2685342	trained	32720	47	memtrain/so_147_2.jpg	photodiode	1
2686.193	0.5	2686193	untrained	32675	92	memtrain/so_033_1.jpg	photodiode	1
2686.994	0.5	2686994	untrained	32674	93	memtrain/so_035_1.jpg	photodiode	1
2687.744	0.5	2687744	catch	32671	n/a	catch_padded.jpg	photodiode	0
2689.646	0.5	2689646	trained	32742	25	memtrain/o_358_2.jpg	photodiode	1
2690.497	0.5	2690497	trained	32759	8	memtrain/o_094_1.jpg	photodiode	1
2691.448	0.5	2691448	untrained	32686	81	memtrain/o_655_2.jpg	photodiode	1
2692.298	0.5	2692298	trained	32749	18	memtrain/o_264_2.jpg	photodiode	1
2693.249	0.5	2693249	catch	32671	n/a	catch_padded.jpg	photodiode	0
2693.853	0.0	2693853	response	6	n/a	n/a	trigger	0
2695.342	0.5	2695342	trained	32741	26	memtrain/o_376_1.jpg	photodiode	1
2696.152	0.5	2696152	untrained	32684	83	memtrain/so_105_1.jpg	photodiode	1
2696.944	0.5	2696944	trained	32760	7	memtrain/o_091_2.jpg	photodiode	1
2697.753	0.5	2697753	catch	32671	n/a	catch_padded.jpg	photodiode	0
2698.546	0.0	2698546	response	6	n/a	n/a	trigger	0
2699.746	0.5	2699746	untrained	32701	66	memtrain/o_342_2.jpg	photodiode	1
2700.597	0.5	2700597	untrained	32711	56	memtrain/o_163_2.jpg	photodiode	1
2701.348	0.5	2701348	trained	32750	17	memtrain/o_232_1.jpg	photodiode	1
2702.198	0.5	2702198	catch	32671	n/a	catch_padded.jpg	photodiode	0
2702.58	0.0	2702580	response	6	n/a	n/a	trigger	0
2704.15	0.5	2704150	untrained	32706	61	memtrain/o_298_2.jpg	photodiode	1
2704.951	0.5	2704951	untrained	32679	88	memtrain/o_458_1.jpg	photodiode	1
2705.751	0.5	2705751	trained	32739	28	memtrain/o_397_1.jpg	photodiode	1
2706.652	0.5	2706652	untrained	32716	51	memtrain/o_103_2.jpg	photodiode	1
2707.453	0.5	2707453	trained	32734	33	memtrain/o_536_1.jpg	photodiode	1
2708.353	0.5	2708353	catch	32671	n/a	catch_padded.jpg	photodiode	0
2708.632	0.0	2708632	response	6	n/a	n/a	trigger	0
2710.405	0.5	2710405	trained	32723	44	memtrain/so_045_1.jpg	photodiode	1
2711.356	0.5	2711356	untrained	32672	95	memtrain/so_125_1.jpg	photodiode	1
2712.157	0.5	2712157	untrained	32681	86	memtrain/o_288_1.jpg	photodiode	1
2713.107	0.5	2713107	trained	32729	38	memtrain/o_603_1.jpg	photodiode	1
2714.008	0.5	2714008	trained	32753	14	memtrain/o_174_1.jpg	photodiode	1
2714.859	0.5	2714859	catch	32671	n/a	catch_padded.jpg	photodiode	0
2715.31	0.0	2715310	response	6	n/a	n/a	trigger	0
2716.761	0.5	2716761	untrained	32682	85	memtrain/o_218_1.jpg	photodiode	1
2717.711	0.5	2717711	trained	32726	41	memtrain/o_663_2.jpg	photodiode	1
2718.462	0.5	2718462	untrained	32700	67	memtrain/o_378_1.jpg	photodiode	1
2719.363	0.5	2719363	trained	32762	5	memtrain/o_067_1.jpg	photodiode	1
2720.113	0.5	2720113	trained	32725	42	memtrain/so_034_2.jpg	photodiode	1
2720.914	0.5	2720914	catch	32671	n/a	catch_padded.jpg	photodiode	0
2721.53	0.0	2721530	response	6	n/a	n/a	trigger	0
2722.958	0.5	2722958	untrained	32708	59	memtrain/o_201_2.jpg	photodiode	1
2723.867	0.5	2723867	untrained	32717	50	memtrain/o_057_2.jpg	photodiode	1
2724.817	0.5	2724817	trained	32724	43	memtrain/so_043_2.jpg	photodiode	1
2725.768	0.5	2725768	untrained	32687	80	memtrain/o_613_1.jpg	photodiode	1
2726.719	0.5	2726719	catch	32671	n/a	catch_padded.jpg	photodiode	0
2728.612	0.5	2728612	untrained	32676	91	memtrain/o_605_1.jpg	photodiode	1
2729.513	0.5	2729513	untrained	32719	48	memtrain/o_019_2.jpg	photodiode	1
2730.264	0.5	2730264	untrained	32699	68	memtrain/o_393_1.jpg	photodiode	1
2731.215	0.5	2731215	trained	32755	12	memtrain/o_127_2.jpg	photodiode	1
2731.965	0.5	2731965	untrained	32715	52	memtrain/o_141_1.jpg	photodiode	1
2732.716	0.5	2732716	catch	32671	n/a	catch_padded.jpg	photodiode	0
2732.996	0.0	2732996	response	6	n/a	n/a	trigger	0
2734.818	0.5	2734818	untrained	32702	65	memtrain/o_337_2.jpg	photodiode	1
2735.718	0.5	2735718	trained	32737	30	memtrain/o_437_2.jpg	photodiode	1
2736.519	0.5	2736519	trained	32728	39	memtrain/o_606_1.jpg	photodiode	1
2737.37	0.5	2737370	catch	32671	n/a	catch_padded.jpg	photodiode	0
2737.763	0.0	2737763	response	6	n/a	n/a	trigger	0
2739.372	0.5	2739372	trained	32733	34	memtrain/o_558_2.jpg	photodiode	1
2740.172	0.5	2740172	trained	32738	29	memtrain/o_416_1.jpg	photodiode	1
2741.073	0.5	2741073	untrained	32694	73	memtrain/o_519_2.jpg	photodiode	1
2742.024	0.5	2742024	untrained	32704	63	memtrain/o_310_2.jpg	photodiode	1
2742.975	0.5	2742975	trained	32761	6	memtrain/o_076_1.jpg	photodiode	1
2743.775	0.5	2743775	catch	32671	n/a	catch_padded.jpg	photodiode	0
2744.119	0.0	2744119	response	6	n/a	n/a	trigger	0
2750.252	0.0	2750252	block_end	120	n/a	n/a	trigger	0
2754.314	0.0	2754314	block_onset	110	n/a	n/a	trigger	0
2756.361	0.5	2756361	untrained	32679	88	memtrain/o_458_1.jpg	photodiode	1
2757.27	0.5	2757270	trained	32753	14	memtrain/o_174_1.jpg	photodiode	1
2758.121	0.5	2758121	trained	32752	15	memtrain/o_195_1.jpg	photodiode	1
2758.921	0.5	2758921	catch	32671	n/a	catch_padded.jpg	photodiode	0
2759.393	0.0	2759393	response	6	n/a	n/a	trigger	0
2761.015	0.5	2761015	trained	32743	24	memtrain/o_357_1.jpg	photodiode	1
2761.966	0.5	2761966	untrained	32686	81	memtrain/o_655_2.jpg	photodiode	1
2762.816	0.5	2762816	untrained	32704	63	memtrain/o_310_2.jpg	photodiode	1
2763.667	0.5	2763667	trained	32726	41	memtrain/o_663_2.jpg	photodiode	1
2764.618	0.5	2764618	catch	32671	n/a	catch_padded.jpg	photodiode	0
2764.868	0.0	2764868	response	6	n/a	n/a	trigger	0
2766.67	0.5	2766670	trained	32758	9	memtrain/o_101_2.jpg	photodiode	1
2767.57	0.5	2767570	untrained	32718	49	memtrain/o_054_2.jpg	photodiode	1
2768.371	0.5	2768371	trained	32767	0	memtrain/o_006_1.jpg	photodiode	1
2769.272	0.5	2769272	catch	32671	n/a	catch_padded.jpg	photodiode	0
2769.662	0.0	2769662	response	6	n/a	n/a	trigger	0
2771.374	0.5	2771374	trained	32748	19	memtrain/o_284_2.jpg	photodiode	1
2772.174	0.5	2772174	untrained	32687	80	memtrain/o_613_1.jpg	photodiode	1
2773.025	0.5	2773025	trained	32735	32	memtrain/o_485_2.jpg	photodiode	1
2773.776	0.5	2773776	catch	32671	n/a	catch_padded.jpg	photodiode	0
2774.142	0.0	2774142	response	6	n/a	n/a	trigger	0
2775.727	0.5	2775727	trained	32731	36	memtrain/o_583_1.jpg	photodiode	1
2776.578	0.5	2776578	trained	32745	22	memtrain/o_321_1.jpg	photodiode	1
2777.379	0.5	2777379	untrained	32700	67	memtrain/o_378_1.jpg	photodiode	1
2778.229	0.5	2778229	catch	32671	n/a	catch_padded.jpg	photodiode	0
2778.603	0.0	2778603	response	6	n/a	n/a	trigger	0
2780.131	0.5	2780131	trained	32723	44	memtrain/so_045_1.jpg	photodiode	1
2780.982	0.5	2780982	trained	32737	30	memtrain/o_437_2.jpg	photodiode	1
2781.832	0.5	2781832	trained	32739	28	memtrain/o_397_1.jpg	photodiode	1
2782.683	0.5	2782683	untrained	32681	86	memtrain/o_288_1.jpg	photodiode	1
2783.534	0.5	2783534	catch	32671	n/a	catch_padded.jpg	photodiode	0
2783.795	0.0	2783795	response	6	n/a	n/a	trigger	0
2785.435	0.5	2785435	trained	32721	46	memtrain/so_113_1.jpg	photodiode	1
2786.186	0.5	2786186	untrained	32695	72	memtrain/o_490_1.jpg	photodiode	1
2787.087	0.5	2787087	trained	32729	38	memtrain/o_603_1.jpg	photodiode	1
2787.838	0.5	2787838	untrained	32684	83	memtrain/so_105_1.jpg	photodiode	1
2788.788	0.5	2788788	untrained	32693	74	memtrain/o_550_1.jpg	photodiode	1
2789.731	0.5	2789731	catch	32671	n/a	catch_padded.jpg	photodiode	0
2790.047	0.0	2790047	response	6	n/a	n/a	trigger	0
2791.633	0.5	2791633	untrained	32707	60	memtrain/o_228_2.jpg	photodiode	1
2792.583	0.5	2792583	untrained	32713	54	memtrain/o_145_1.jpg	photodiode	1
2793.384	0.5	2793384	trained	32736	31	memtrain/o_465_2.jpg	photodiode	1
2794.235	0.5	2794235	untrained	32711	56	memtrain/o_163_2.jpg	photodiode	1
2795.186	0.5	2795186	catch	32671	n/a	catch_padded.jpg	photodiode	0
2795.499	0.0	2795499	response	6	n/a	n/a	trigger	0
2797.187	0.5	2797187	trained	32759	8	memtrain/o_094_1.jpg	photodiode	1
2798.088	0.5	2798088	trained	32763	4	memtrain/o_042_1.jpg	photodiode	1
2798.839	0.5	2798839	trained	32756	11	memtrain/o_117_2.jpg	photodiode	1
2799.689	0.5	2799689	untrained	32698	69	memtrain/o_464_2.jpg	photodiode	1
2800.59	0.5	2800590	catch	32671	n/a	catch_padded.jpg	photodiode	0
2800.919	0.0	2800919	response	6	n/a	n/a	trigger	0
2802.592	0.5	2802592	untrained	32694	73	memtrain/o_519_2.jpg	photodiode	1
2803.493	0.5	2803493	trained	32751	16	memtrain/o_199_2.jpg	photodiode	1
2804.243	0.5	2804243	trained	32720	47	memtrain/so_147_2.jpg	photodiode	1
2804.994	0.5	2804994	trained	32760	7	memtrain/o_091_2.jpg	photodiode	1
2805.895	0.5	2805895	trained	32762	5	memtrain/o_067_1.jpg	photodiode	1
2806.645	0.5	2806645	catch	32671	n/a	catch_padded.jpg	photodiode	0
2807.09	0.0	2807090	response	6	n/a	n/a	trigger	0
2808.747	0.5	2808747	untrained	32696	71	memtrain/o_483_1.jpg	photodiode	1
2809.698	0.5	2809698	untrained	32712	55	memtrain/o_153_2.jpg	photodiode	1
2810.649	0.5	2810649	untrained	32706	61	memtrain/o_298_2.jpg	photodiode	1
2811.399	0.5	2811399	untrained	32688	79	memtrain/o_600_1.jpg	photodiode	1
2812.2	0.5	2812200	untrained	32702	65	memtrain/o_337_2.jpg	photodiode	1
2813.051	0.5	2813051	catch	32671	n/a	catch_padded.jpg	photodiode	0
2813.323	0.0	2813323	response	6	n/a	n/a	trigger	0
2815.102	0.5	2815102	untrained	32685	82	memtrain/o_656_1.jpg	photodiode	1
2816.003	0.5	2816003	trained	32740	27	memtrain/o_379_2.jpg	photodiode	1
2816.854	0.5	2816854	untrained	32678	89	memtrain/o_469_1.jpg	photodiode	1
2817.755	0.5	2817755	untrained	32673	94	memtrain/so_067_1.jpg	photodiode	1
2818.497	0.5	2818497	trained	32764	3	memtrain/o_040_2.jpg	photodiode	1
2819.348	0.5	2819348	catch	32671	n/a	catch_padded.jpg	photodiode	0
2819.684	0.0	2819684	response	6	n/a	n/a	trigger	0
2821.408	0.5	2821408	trained	32724	43	memtrain/so_043_2.jpg	photodiode	1
2822.2	0.5	2822200	untrained	32710	57	memtrain/o_171_1.jpg	photodiode	1
2823.151	0.5	2823151	untrained	32672	95	memtrain/so_125_1.jpg	photodiode	1
2824.052	0.5	2824052	catch	32671	n/a	catch_padded.jpg	photodiode	0
2825.146	0.0	2825146	response	6	n/a	n/a	trigger	0
2826.053	0.5	2826053	untrained	32703	64	memtrain/o_334_2.jpg	photodiode	1
2827.004	0.5	2827004	trained	32734	33	memtrain/o_536_1.jpg	photodiode	1
2827.955	0.5	2827955	untrained	32675	92	memtrain/so_033_1.jpg	photodiode	1
2828.706	0.5	2828706	catch	32671	n/a	catch_padded.jpg	photodiode	0
2829.067	0.0	2829067	response	6	n/a	n/a	trigger	0
2830.757	0.5	2830757	trained	32725	42	memtrain/so_034_2.jpg	photodiode	1
2831.658	0.5	2831658	untrained	32709	58	memtrain/o_192_1.jpg	photodiode	1
2832.559	0.5	2832559	untrained	32705	62	memtrain/o_304_1.jpg	photodiode	1
2833.359	0.5	2833359	untrained	32674	93	memtrain/so_035_1.jpg	photodiode	1
2834.31	0.5	2834310	untrained	32697	70	memtrain/o_471_2.jpg	photodiode	1
2835.061	0.5	2835061	catch	32671	n/a	catch_padded.jpg	photodiode	0
2835.396	0.0	2835396	response	6	n/a	n/a	trigger	0
2837.013	0.5	2837013	untrained	32691	76	memtrain/o_570_1.jpg	photodiode	1
2837.963	0.5	2837963	trained	32741	26	memtrain/o_376_1.jpg	photodiode	1
2838.914	0.5	2838914	trained	32761	6	memtrain/o_076_1.jpg	photodiode	1
2839.715	0.5	2839715	untrained	32680	87	memtrain/o_365_1.jpg	photodiode	1
2840.666	0.5	2840666	catch	32671	n/a	catch_padded.jpg	photodiode	0
2841.071	0.0	2841071	response	6	n/a	n/a	trigger	0
2842.667	0.5	2842667	trained	32750	17	memtrain/o_232_1.jpg	photodiode	1
2843.518	0.5	2843518	trained	32730	37	memtrain/o_597_1.jpg	photodiode	1
2844.419	0.5	2844419	trained	32738	29	memtrain/o_416_1.jpg	photodiode	1
2845.169	0.5	2845169	trained	32766	1	memtrain/o_015_1.jpg	photodiode	1
2846.07	0.5	2846070	catch	32671	n/a	catch_padded.jpg	photodiode	0
2846.661	0.0	2846661	response	6	n/a	n/a	trigger	0
2848.164	0.5	2848164	trained	32733	34	memtrain/o_558_2.jpg	photodiode	1
2848.914	0.5	2848914	untrained	32714	53	memtrain/o_142_2.jpg	photodiode	1
2849.865	0.5	2849865	untrained	32708	59	memtrain/o_201_2.jpg	photodiode	1
2850.716	0.5	2850716	catch	32671	n/a	catch_padded.jpg	photodiode	0
2851.547	0.0	2851547	response	6	n/a	n/a	trigger	0
2852.768	0.5	2852768	untrained	32683	84	memtrain/so_117_2.jpg	photodiode	1
2853.668	0.5	2853668	trained	32765	2	memtrain/o_035_1.jpg	photodiode	1
2854.469	0.5	2854469	trained	32755	12	memtrain/o_127_2.jpg	photodiode	1
2855.27	0.5	2855270	untrained	32716	51	memtrain/o_103_2.jpg	photodiode	1
2856.071	0.5	2856071	catch	32671	n/a	catch_padded.jpg	photodiode	0
2856.561	0.0	2856561	response	6	n/a	n/a	trigger	0
2858.122	0.5	2858122	trained	32742	25	memtrain/o_358_2.jpg	photodiode	1
2859.023	0.5	2859023	trained	32747	20	memtrain/o_290_1.jpg	photodiode	1
2859.824	0.5	2859824	untrained	32699	68	memtrain/o_393_1.jpg	photodiode	1
2860.674	0.5	2860674	untrained	32719	48	memtrain/o_019_2.jpg	photodiode	1
2861.475	0.5	2861475	catch	32671	n/a	catch_padded.jpg	photodiode	0
2862.231	0.0	2862231	response	6	n/a	n/a	trigger	0
2863.427	0.5	2863427	untrained	32677	90	memtrain/o_580_1.jpg	photodiode	1
2864.378	0.5	2864378	untrained	32717	50	memtrain/o_057_2.jpg	photodiode	1
2865.278	0.5	2865278	trained	32728	39	memtrain/o_606_1.jpg	photodiode	1
2866.179	0.5	2866179	untrained	32682	85	memtrain/o_218_1.jpg	photodiode	1
2867.08	0.5	2867080	catch	32671	n/a	catch_padded.jpg	photodiode	0
2867.455	0.0	2867455	response	6	n/a	n/a	trigger	0
2869.182	0.5	2869182	untrained	32701	66	memtrain/o_342_2.jpg	photodiode	1
2870.132	0.5	2870132	trained	32749	18	memtrain/o_264_2.jpg	photodiode	1
2870.774	0.0	2870774	response	5	n/a	n/a	trigger	0
2870.933	0.5	2870933	untrained	32692	75	memtrain/o_564_1.jpg	photodiode	1
2871.884	0.5	2871884	untrained	32689	78	memtrain/o_599_1.jpg	photodiode	1
2872.635	0.5	2872635	catch	32671	n/a	catch_padded.jpg	photodiode	0
2873.019	0.0	2873019	response	6	n/a	n/a	trigger	0
2874.636	0.5	2874636	trained	32727	40	memtrain/o_648_2.jpg	photodiode	1
2875.387	0.5	2875387	trained	32757	10	memtrain/o_111_2.jpg	photodiode	1
2876.279	0.5	2876279	untrained	32676	91	memtrain/o_605_1.jpg	photodiode	1
2877.138	0.5	2877138	catch	32671	n/a	catch_padded.jpg	photodiode	0
2877.518	0.0	2877518	response	6	n/a	n/a	trigger	0
2879.232	0.5	2879232	trained	32754	13	memtrain/o_136_1.jpg	photodiode	1
2879.982	0.5	2879982	trained	32732	35	memtrain/o_561_2.jpg	photodiode	1
2880.833	0.5	2880833	untrained	32715	52	memtrain/o_141_1.jpg	photodiode	1
2881.734	0.5	2881734	trained	32722	45	memtrain/so_090_2.jpg	photodiode	1
2882.585	0.5	2882585	trained	32746	21	memtrain/o_319_1.jpg	photodiode	1
2883.535	0.5	2883535	catch	32671	n/a	catch_padded.jpg	photodiode	0
2884.322	0.0	2884322	response	6	n/a	n/a	trigger	0
2885.587	0.5	2885587	untrained	32690	77	memtrain/o_574_2.jpg	photodiode	1
2886.538	0.5	2886538	trained	32744	23	memtrain/o_338_2.jpg	photodiode	1
2887.289	0.5	2887289	untrained	32699	68	memtrain/o_393_1.jpg	photodiode	1
2888.039	0.5	2888039	trained	32740	27	memtrain/o_379_2.jpg	photodiode	1
2888.84	0.5	2888840	trained	32731	36	memtrain/o_583_1.jpg	photodiode	1
2889.641	0.5	2889641	catch	32671	n/a	catch_padded.jpg	photodiode	0
2889.98	0.0	2889980	response	6	n/a	n/a	trigger	0
2891.692	0.5	2891692	untrained	32692	75	memtrain/o_564_1.jpg	photodiode	1
2892.493	0.5	2892493	untrained	32693	74	memtrain/o_550_1.jpg	photodiode	1
2893.444	0.5	2893444	trained	32730	37	memtrain/o_597_1.jpg	photodiode	1
2894.344	0.5	2894344	catch	32671	n/a	catch_padded.jpg	photodiode	0
2894.711	0.0	2894711	response	6	n/a	n/a	trigger	0
2896.396	0.5	2896396	trained	32720	47	memtrain/so_147_2.jpg	photodiode	1
2897.197	0.5	2897197	trained	32733	34	memtrain/o_558_2.jpg	photodiode	1
2897.998	0.5	2897998	trained	32751	16	memtrain/o_199_2.jpg	photodiode	1
2898.848	0.5	2898848	trained	32743	24	memtrain/o_357_1.jpg	photodiode	1
2899.649	0.5	2899649	trained	32753	14	memtrain/o_174_1.jpg	photodiode	1
2900.55	0.5	2900550	catch	32671	n/a	catch_padded.jpg	photodiode	0
2902.652	0.5	2902652	untrained	32683	84	memtrain/so_117_2.jpg	photodiode	1
2903.452	0.5	2903452	untrained	32712	55	memtrain/o_153_2.jpg	photodiode	1
2904.203	0.5	2904203	trained	32755	12	memtrain/o_127_2.jpg	photodiode	1
2904.953	0.5	2904953	catch	32671	n/a	catch_padded.jpg	photodiode	0
2905.281	0.0	2905281	response	6	n/a	n/a	trigger	0
2906.897	0.5	2906897	untrained	32685	82	memtrain/o_656_1.jpg	photodiode	1
2907.806	0.5	2907806	trained	32746	21	memtrain/o_319_1.jpg	photodiode	1
2908.698	0.5	2908698	untrained	32704	63	memtrain/o_310_2.jpg	photodiode	1
2909.449	0.5	2909449	untrained	32701	66	memtrain/o_342_2.jpg	photodiode	1
2910.2	0.5	2910200	untrained	32673	94	memtrain/so_067_1.jpg	photodiode	1
2910.95	0.5	2910950	catch	32671	n/a	catch_padded.jpg	photodiode	0
2911.396	0.0	2911396	response	6	n/a	n/a	trigger	0
2912.852	0.5	2912852	untrained	32715	52	memtrain/o_141_1.jpg	photodiode	1
2913.753	0.5	2913753	untrained	32711	56	memtrain/o_163_2.jpg	photodiode	1
2914.562	0.5	2914562	untrained	32697	70	memtrain/o_471_2.jpg	photodiode	1
2915.304	0.5	2915304	trained	32724	43	memtrain/so_043_2.jpg	photodiode	1
2916.055	0.5	2916055	untrained	32687	80	memtrain/o_613_1.jpg	photodiode	1
2917.006	0.5	2917006	catch	32671	n/a	catch_padded.jpg	photodiode	0
2918.957	0.5	2918957	trained	32734	33	memtrain/o_536_1.jpg	photodiode	1
2919.908	0.5	2919908	trained	32736	31	memtrain/o_465_2.jpg	photodiode	1
2920.859	0.5	2920859	trained	32727	40	memtrain/o_648_2.jpg	photodiode	1
2921.659	0.5	2921659	untrained	32713	54	memtrain/o_145_1.jpg	photodiode	1
2922.51	0.5	2922510	catch	32671	n/a	catch_padded.jpg	photodiode	0
2922.79	0.0	2922790	response	6	n/a	n/a	trigger	0
2924.612	0.5	2924612	trained	32738	29	memtrain/o_416_1.jpg	photodiode	1
2925.513	0.5	2925513	untrained	32686	81	memtrain/o_655_2.jpg	photodiode	1
2926.263	0.5	2926263	trained	32732	35	memtrain/o_561_2.jpg	photodiode	1
2927.014	0.5	2927014	catch	32671	n/a	catch_padded.jpg	photodiode	0
2927.461	0.0	2927461	response	6	n/a	n/a	trigger	0
2929.116	0.5	2929116	trained	32750	17	memtrain/o_232_1.jpg	photodiode	1
2929.866	0.5	2929866	trained	32747	20	memtrain/o_290_1.jpg	photodiode	1
2930.617	0.5	2930617	trained	32735	32	memtrain/o_485_2.jpg	photodiode	1
2931.418	0.5	2931418	trained	32749	18	memtrain/o_264_2.jpg	photodiode	1
2932.218	0.5	2932218	catch	32671	n/a	catch_padded.jpg	photodiode	0
2934.22	0.5	2934220	trained	32761	6	memtrain/o_076_1.jpg	photodiode	1
2935.162	0.5	2935162	trained	32763	4	memtrain/o_042_1.jpg	photodiode	1
2936.113	0.5	2936113	trained	32739	28	memtrain/o_397_1.jpg	photodiode	1
2936.914	0.5	2936914	trained	32744	23	memtrain/o_338_2.jpg	photodiode	1
2937.765	0.5	2937765	catch	32671	n/a	catch_padded.jpg	photodiode	0
2938.087	0.0	2938087	response	6	n/a	n/a	trigger	0
2939.675	0.5	2939675	untrained	32718	49	memtrain/o_054_2.jpg	photodiode	1
2940.626	0.5	2940626	untrained	32672	95	memtrain/so_125_1.jpg	photodiode	1
2941.468	0.5	2941468	untrained	32707	60	memtrain/o_228_2.jpg	photodiode	1
2942.268	0.5	2942268	trained	32754	13	memtrain/o_136_1.jpg	photodiode	1
2943.119	0.5	2943119	untrained	32709	58	memtrain/o_192_1.jpg	photodiode	1
2944.07	0.5	2944070	catch	32671	n/a	catch_padded.jpg	photodiode	0
2946.172	0.5	2946172	trained	32742	25	memtrain/o_358_2.jpg	photodiode	1
2947.073	0.5	2947073	trained	32721	46	memtrain/so_113_1.jpg	photodiode	1
2947.973	0.5	2947973	trained	32756	11	memtrain/o_117_2.jpg	photodiode	1
2948.824	0.5	2948824	untrained	32717	50	memtrain/o_057_2.jpg	photodiode	1
2949.675	0.5	2949675	catch	32671	n/a	catch_padded.jpg	photodiode	0
2949.908	0.0	2949908	response	6	n/a	n/a	trigger	0
2951.626	0.5	2951626	untrained	32706	61	memtrain/o_298_2.jpg	photodiode	1
2952.527	0.5	2952527	untrained	32677	90	memtrain/o_580_1.jpg	photodiode	1
2953.328	0.5	2953328	untrained	32700	67	memtrain/o_378_1.jpg	photodiode	1
2954.187	0.5	2954187	untrained	32682	85	memtrain/o_218_1.jpg	photodiode	1
2954.979	0.5	2954979	untrained	32674	93	memtrain/so_035_1.jpg	photodiode	1
2955.93	0.5	2955930	catch	32671	n/a	catch_padded.jpg	photodiode	0
2956.268	0.0	2956268	response	6	n/a	n/a	trigger	0
2958.032	0.5	2958032	untrained	32719	48	memtrain/o_019_2.jpg	photodiode	1
2958.782	0.5	2958782	trained	32752	15	memtrain/o_195_1.jpg	photodiode	1
2959.683	0.5	2959683	untrained	32691	76	memtrain/o_570_1.jpg	photodiode	1
2960.634	0.5	2960634	trained	32722	45	memtrain/so_090_2.jpg	photodiode	1
2961.585	0.5	2961585	catch	32671	n/a	catch_padded.jpg	photodiode	0
2963.687	0.5	2963687	trained	32745	22	memtrain/o_321_1.jpg	photodiode	1
2964.579	0.5	2964579	untrained	32678	89	memtrain/o_469_1.jpg	photodiode	1
2965.38	0.5	2965380	trained	32737	30	memtrain/o_437_2.jpg	photodiode	1
2966.131	0.5	2966131	catch	32671	n/a	catch_padded.jpg	photodiode	0
2966.46	0.0	2966460	response	6	n/a	n/a	trigger	0
2968.24	0.5	2968240	untrained	32716	51	memtrain/o_103_2.jpg	photodiode	1
2968.983	0.5	2968983	untrained	32702	65	memtrain/o_337_2.jpg	photodiode	1
2969.934	0.5	2969934	trained	32766	1	memtrain/o_015_1.jpg	photodiode	1
2970.684	0.5	2970684	trained	32760	7	memtrain/o_091_2.jpg	photodiode	1
2971.485	0.5	2971485	trained	32758	9	memtrain/o_101_2.jpg	photodiode	1
2972.286	0.5	2972286	catch	32671	n/a	catch_padded.jpg	photodiode	0
2972.583	0.0	2972583	response	6	n/a	n/a	trigger	0
2974.187	0.5	2974187	untrained	32714	53	memtrain/o_142_2.jpg	photodiode	1
2975.088	0.5	2975088	untrained	32695	72	memtrain/o_490_1.jpg	photodiode	1
2975.939	0.5	2975939	trained	32723	44	memtrain/so_045_1.jpg	photodiode	1
2976.79	0.5	2976790	untrained	32708	59	memtrain/o_201_2.jpg	photodiode	1
2977.54	0.5	2977540	untrained	32690	77	memtrain/o_574_2.jpg	photodiode	1
2978.391	0.5	2978391	catch	32671	n/a	catch_padded.jpg	photodiode	0
2978.959	0.0	2978959	response	6	n/a	n/a	trigger	0
2980.393	0.5	2980393	trained	32725	42	memtrain/so_034_2.jpg	photodiode	1
2981.143	0.5	2981143	untrained	32684	83	memtrain/so_105_1.jpg	photodiode	1
2981.894	0.5	2981894	untrained	32705	62	memtrain/o_304_1.jpg	photodiode	1
2982.695	0.5	2982695	catch	32671	n/a	catch_padded.jpg	photodiode	0
2983.99	0.0	2983990	response	6	n/a	n/a	trigger	0
2984.646	0.5	2984646	trained	32767	0	memtrain/o_006_1.jpg	photodiode	1
2985.597	0.5	2985597	untrained	32675	92	memtrain/so_033_1.jpg	photodiode	1
2986.398	0.5	2986398	untrained	32679	88	memtrain/o_458_1.jpg	photodiode	1
2987.298	0.5	2987298	catch	32671	n/a	catch_padded.jpg	photodiode	0
2987.715	0.0	2987715	response	6	n/a	n/a	trigger	0
2989.3	0.5	2989300	trained	32765	2	memtrain/o_035_1.jpg	photodiode	1
2990.151	0.5	2990151	untrained	32710	57	memtrain/o_171_1.jpg	photodiode	1
2990.952	0.5	2990952	trained	32726	41	memtrain/o_663_2.jpg	photodiode	1
2991.802	0.5	2991802	untrained	32676	91	memtrain/o_605_1.jpg	photodiode	1
2992.603	0.5	2992603	untrained	32703	64	memtrain/o_334_2.jpg	photodiode	1
2993.504	0.5	2993504	catch	32671	n/a	catch_padded.jpg	photodiode	0
2993.842	0.0	2993842	response	6	n/a	n/a	trigger	0
2995.447	0.5	2995447	trained	32748	19	memtrain/o_284_2.jpg	photodiode	1
2996.398	0.5	2996398	trained	32741	26	memtrain/o_376_1.jpg	photodiode	1
2997.148	0.5	2997148	trained	32728	39	memtrain/o_606_1.jpg	photodiode	1
2997.899	0.5	2997899	trained	32764	3	memtrain/o_040_2.jpg	photodiode	1
2998.75	0.5	2998750	untrained	32694	73	memtrain/o_519_2.jpg	photodiode	1
2999.6	0.5	2999600	catch	32671	n/a	catch_padded.jpg	photodiode	0
2999.92	0.0	2999920	response	6	n/a	n/a	trigger	0
3001.661	0.5	3001661	untrained	32696	71	memtrain/o_483_1.jpg	photodiode	1
3002.403	0.5	3002403	untrained	32689	78	memtrain/o_599_1.jpg	photodiode	1
3003.153	0.5	3003153	untrained	32698	69	memtrain/o_464_2.jpg	photodiode	1
3004.004	0.5	3004004	catch	32671	n/a	catch_padded.jpg	photodiode	0
3004.347	0.0	3004347	response	6	n/a	n/a	trigger	0
3005.906	0.5	3005906	trained	32762	5	memtrain/o_067_1.jpg	photodiode	1
3006.656	0.5	3006656	trained	32757	10	memtrain/o_111_2.jpg	photodiode	1
3007.507	0.5	3007507	untrained	32680	87	memtrain/o_365_1.jpg	photodiode	1
3008.358	0.5	3008358	untrained	32681	86	memtrain/o_288_1.jpg	photodiode	1
3009.159	0.5	3009159	catch	32671	n/a	catch_padded.jpg	photodiode	0
3009.747	0.0	3009747	response	6	n/a	n/a	trigger	0
3011.11	0.5	3011110	trained	32729	38	memtrain/o_603_1.jpg	photodiode	1
3012.011	0.5	3012011	trained	32759	8	memtrain/o_094_1.jpg	photodiode	1
3012.912	0.5	3012912	untrained	32688	79	memtrain/o_600_1.jpg	photodiode	1
3013.762	0.5	3013762	catch	32671	n/a	catch_padded.jpg	photodiode	0
3014.183	0.0	3014183	response	6	n/a	n/a	trigger	0
3020.24	0.0	3020240	block_end	120	n/a	n/a	trigger	0
3022.762	0.0	3022762	response	5	n/a	n/a	trigger	0
3088.247	0.0	3088247	block_onset	111	n/a	n/a	trigger	0
3090.294	0.5	3090294	untrained	32708	59	memtrain/o_201_2.jpg	photodiode	0
3091.203	0.5	3091203	trained	32763	4	memtrain/o_042_1.jpg	photodiode	0
3091.995	0.5	3091995	trained	32747	20	memtrain/o_290_1.jpg	photodiode	0
3092.955	0.5	3092955	untrained	32695	72	memtrain/o_490_1.jpg	photodiode	0
3093.755	0.5	3093755	catch	32671	n/a	catch_padded.jpg	photodiode	0
3095.649	0.5	3095649	untrained	32703	64	memtrain/o_334_2.jpg	photodiode	0
3096.399	0.5	3096399	trained	32752	15	memtrain/o_195_1.jpg	photodiode	0
3097.15	0.5	3097150	untrained	32706	61	memtrain/o_298_2.jpg	photodiode	0
3097.9	0.5	3097900	untrained	32709	58	memtrain/o_192_1.jpg	photodiode	0
3098.751	0.5	3098751	catch	32671	n/a	catch_padded.jpg	photodiode	0
3100.853	0.5	3100853	trained	32749	18	memtrain/o_264_2.jpg	photodiode	0
3101.754	0.5	3101754	untrained	32675	92	memtrain/so_033_1.jpg	photodiode	0
3102.704	0.5	3102704	untrained	32693	74	memtrain/o_550_1.jpg	photodiode	0
3103.555	0.5	3103555	catch	32671	n/a	catch_padded.jpg	photodiode	0
3105.551	0.5	3105551	trained	32760	7	memtrain/o_091_2.jpg	photodiode	0
3106.358	0.5	3106358	untrained	32685	82	memtrain/o_656_1.jpg	photodiode	0
3107.208	0.5	3107208	untrained	32687	80	memtrain/o_613_1.jpg	photodiode	0
3108.009	0.5	3108009	catch	32671	n/a	catch_padded.jpg	photodiode	0
3110.111	0.5	3110111	trained	32725	42	memtrain/so_034_2.jpg	photodiode	0
3110.911	0.5	3110911	trained	32766	1	memtrain/o_015_1.jpg	photodiode	0
3111.762	0.5	3111762	trained	32767	0	memtrain/o_006_1.jpg	photodiode	0
3112.663	0.5	3112663	untrained	32688	79	memtrain/o_600_1.jpg	photodiode	0
3113.464	0.5	3113464	untrained	32694	73	memtrain/o_519_2.jpg	photodiode	0
3114.314	0.5	3114314	catch	32671	n/a	catch_padded.jpg	photodiode	0
3116.416	0.5	3116416	trained	32751	16	memtrain/o_199_2.jpg	photodiode	0
3117.167	0.5	3117167	trained	32734	33	memtrain/o_536_1.jpg	photodiode	0
3118.068	0.5	3118068	trained	32735	32	memtrain/o_485_2.jpg	photodiode	0
3118.295	0.5	3118295	trained	32735	32	memtrain/o_485_2.jpg	photodiode	0
3118.704	0.5	3118704	trained	32735	32	memtrain/o_485_2.jpg	photodiode	0
3178.249	0.0	3178249	response	5	n/a	n/a	trigger	0
3182.436	0.0	3182436	response	5	n/a	n/a	trigger	0
3242.083	0.0	3242083	response	5	n/a	n/a	trigger	0
3452.391	0.0	3452391	response	5	n/a	n/a	trigger	0
3487.148	0.0	3487148	response	6	n/a	n/a	trigger	0
3487.162	0.0	3487162	block_onset	111	n/a	n/a	trigger	0
3489.216	0.5	3489216	untrained	32708	59	memtrain/o_201_2.jpg	photodiode	1
3490.125	0.5	3490125	trained	32763	4	memtrain/o_042_1.jpg	photodiode	1
3490.917	0.5	3490917	trained	32747	20	memtrain/o_290_1.jpg	photodiode	1
3491.868	0.5	3491868	untrained	32695	72	memtrain/o_490_1.jpg	photodiode	1
3492.668	0.5	3492668	catch	32671	n/a	catch_padded.jpg	photodiode	0
3493.053	0.0	3493053	response	6	n/a	n/a	trigger	0
3494.57	0.5	3494570	untrained	32703	64	memtrain/o_334_2.jpg	photodiode	1
3495.321	0.5	3495321	trained	32752	15	memtrain/o_195_1.jpg	photodiode	1
3496.071	0.5	3496071	untrained	32706	61	memtrain/o_298_2.jpg	photodiode	1
3496.822	0.5	3496822	untrained	32709	58	memtrain/o_192_1.jpg	photodiode	1
3497.673	0.5	3497673	catch	32671	n/a	catch_padded.jpg	photodiode	0
3497.95	0.0	3497950	response	6	n/a	n/a	trigger	0
3499.775	0.5	3499775	trained	32749	18	memtrain/o_264_2.jpg	photodiode	1
3500.667	0.5	3500667	untrained	32675	92	memtrain/so_033_1.jpg	photodiode	1
3501.618	0.5	3501618	untrained	32693	74	memtrain/o_550_1.jpg	photodiode	1
3502.469	0.5	3502469	catch	32671	n/a	catch_padded.jpg	photodiode	0
3502.828	0.0	3502828	response	6	n/a	n/a	trigger	0
3504.47	0.5	3504470	trained	32760	7	memtrain/o_091_2.jpg	photodiode	1
3505.221	0.5	3505221	untrained	32685	82	memtrain/o_656_1.jpg	photodiode	1
3506.13	0.5	3506130	untrained	32687	80	memtrain/o_613_1.jpg	photodiode	1
3506.922	0.5	3506922	catch	32671	n/a	catch_padded.jpg	photodiode	0
3507.17	0.0	3507170	response	6	n/a	n/a	trigger	0
3509.024	0.5	3509024	trained	32725	42	memtrain/so_034_2.jpg	photodiode	1
3509.825	0.5	3509825	trained	32766	1	memtrain/o_015_1.jpg	photodiode	1
3510.676	0.5	3510676	trained	32767	0	memtrain/o_006_1.jpg	photodiode	1
3511.576	0.5	3511576	untrained	32688	79	memtrain/o_600_1.jpg	photodiode	1
3512.385	0.5	3512385	untrained	32694	73	memtrain/o_519_2.jpg	photodiode	1
3513.228	0.5	3513228	catch	32671	n/a	catch_padded.jpg	photodiode	0
3513.564	0.0	3513564	response	6	n/a	n/a	trigger	0
3515.33	0.5	3515330	trained	32751	16	memtrain/o_199_2.jpg	photodiode	1
3516.08	0.5	3516080	trained	32734	33	memtrain/o_536_1.jpg	photodiode	1
3516.981	0.5	3516981	trained	32735	32	memtrain/o_485_2.jpg	photodiode	1
3517.932	0.5	3517932	trained	32731	36	memtrain/o_583_1.jpg	photodiode	1
3518.682	0.5	3518682	catch	32671	n/a	catch_padded.jpg	photodiode	0
3519.06	0.0	3519060	response	6	n/a	n/a	trigger	0
3520.734	0.5	3520734	untrained	32712	55	memtrain/o_153_2.jpg	photodiode	1
3521.685	0.5	3521685	untrained	32678	89	memtrain/o_469_1.jpg	photodiode	1
3522.636	0.5	3522636	trained	32750	17	memtrain/o_232_1.jpg	photodiode	1
3523.436	0.5	3523436	untrained	32686	81	memtrain/o_655_2.jpg	photodiode	1
3524.237	0.5	3524237	catch	32671	n/a	catch_padded.jpg	photodiode	0
3524.578	0.0	3524578	response	6	n/a	n/a	trigger	0
3526.189	0.5	3526189	trained	32733	34	memtrain/o_558_2.jpg	photodiode	1
3527.14	0.5	3527140	trained	32726	41	memtrain/o_663_2.jpg	photodiode	1
3527.94	0.5	3527940	untrained	32681	86	memtrain/o_288_1.jpg	photodiode	1
3528.883	0.5	3528883	catch	32671	n/a	catch_padded.jpg	photodiode	0
3529.213	0.0	3529213	response	6	n/a	n/a	trigger	0
3530.884	0.5	3530884	trained	32737	30	memtrain/o_437_2.jpg	photodiode	1
3531.735	0.5	3531735	untrained	32716	51	memtrain/o_103_2.jpg	photodiode	1
3532.486	0.5	3532486	trained	32755	12	memtrain/o_127_2.jpg	photodiode	1
3533.436	0.5	3533436	catch	32671	n/a	catch_padded.jpg	photodiode	0
3533.851	0.0	3533851	response	6	n/a	n/a	trigger	0
3535.338	0.5	3535338	untrained	32697	70	memtrain/o_471_2.jpg	photodiode	1
3536.239	0.5	3536239	trained	32724	43	memtrain/so_043_2.jpg	photodiode	1
3537.14	0.5	3537140	trained	32765	2	memtrain/o_035_1.jpg	photodiode	1
3537.99	0.5	3537990	untrained	32676	91	memtrain/o_605_1.jpg	photodiode	1
3538.791	0.5	3538791	catch	32671	n/a	catch_padded.jpg	photodiode	0
3539.116	0.0	3539116	response	6	n/a	n/a	trigger	0
3540.693	0.5	3540693	trained	32748	19	memtrain/o_284_2.jpg	photodiode	1
3541.643	0.5	3541643	trained	32756	11	memtrain/o_117_2.jpg	photodiode	1
3542.394	0.5	3542394	untrained	32700	67	memtrain/o_378_1.jpg	photodiode	1
3543.245	0.5	3543245	catch	32671	n/a	catch_padded.jpg	photodiode	0
3543.598	0.0	3543598	response	6	n/a	n/a	trigger	0
3545.296	0.5	3545296	untrained	32679	88	memtrain/o_458_1.jpg	photodiode	1
3546.097	0.5	3546097	trained	32743	24	memtrain/o_357_1.jpg	photodiode	1
3546.898	0.5	3546898	trained	32745	22	memtrain/o_321_1.jpg	photodiode	1
3547.698	0.5	3547698	trained	32723	44	memtrain/so_045_1.jpg	photodiode	1
3548.549	0.5	3548549	catch	32671	n/a	catch_padded.jpg	photodiode	0
3548.787	0.0	3548787	response	6	n/a	n/a	trigger	0
3550.601	0.5	3550601	trained	32759	8	memtrain/o_094_1.jpg	photodiode	1
3551.352	0.5	3551352	trained	32740	27	memtrain/o_379_2.jpg	photodiode	1
3552.302	0.5	3552302	untrained	32674	93	memtrain/so_035_1.jpg	photodiode	1
3553.253	0.5	3553253	untrained	32690	77	memtrain/o_574_2.jpg	photodiode	1
3554.054	0.5	3554054	trained	32722	45	memtrain/so_090_2.jpg	photodiode	1
3554.855	0.5	3554855	catch	32671	n/a	catch_padded.jpg	photodiode	0
3555.148	0.0	3555148	response	6	n/a	n/a	trigger	0
3556.748	0.5	3556748	trained	32739	28	memtrain/o_397_1.jpg	photodiode	1
3557.499	0.5	3557499	trained	32720	47	memtrain/so_147_2.jpg	photodiode	1
3558.349	0.5	3558349	untrained	32699	68	memtrain/o_393_1.jpg	photodiode	1
3559.3	0.5	3559300	untrained	32701	66	memtrain/o_342_2.jpg	photodiode	1
3560.251	0.5	3560251	catch	32671	n/a	catch_padded.jpg	photodiode	0
3560.558	0.0	3560558	response	6	n/a	n/a	trigger	0
3562.303	0.5	3562303	untrained	32704	63	memtrain/o_310_2.jpg	photodiode	1
3563.153	0.5	3563153	trained	32757	10	memtrain/o_111_2.jpg	photodiode	1
3563.954	0.5	3563954	trained	32732	35	memtrain/o_561_2.jpg	photodiode	1
3564.705	0.5	3564705	trained	32764	3	memtrain/o_040_2.jpg	photodiode	1
3565.505	0.5	3565505	catch	32671	n/a	catch_padded.jpg	photodiode	0
3565.854	0.0	3565854	response	6	n/a	n/a	trigger	0
3567.607	0.5	3567607	untrained	32705	62	memtrain/o_304_1.jpg	photodiode	1
3568.508	0.5	3568508	untrained	32719	48	memtrain/o_019_2.jpg	photodiode	1
3569.459	0.5	3569459	trained	32761	6	memtrain/o_076_1.jpg	photodiode	1
3570.41	0.5	3570410	catch	32671	n/a	catch_padded.jpg	photodiode	0
3570.717	0.0	3570717	response	6	n/a	n/a	trigger	0
3572.461	0.5	3572461	trained	32746	21	memtrain/o_319_1.jpg	photodiode	1
3573.212	0.5	3573212	untrained	32691	76	memtrain/o_570_1.jpg	photodiode	1
3573.962	0.5	3573962	untrained	32682	85	memtrain/o_218_1.jpg	photodiode	1
3574.713	0.5	3574713	untrained	32683	84	memtrain/so_117_2.jpg	photodiode	1
3575.564	0.5	3575564	trained	32754	13	memtrain/o_136_1.jpg	photodiode	1
3576.415	0.5	3576415	catch	32671	n/a	catch_padded.jpg	photodiode	0
3576.744	0.0	3576744	response	6	n/a	n/a	trigger	0
3578.366	0.5	3578366	trained	32730	37	memtrain/o_597_1.jpg	photodiode	1
3579.217	0.5	3579217	trained	32744	23	memtrain/o_338_2.jpg	photodiode	1
3580.168	0.5	3580168	trained	32758	9	memtrain/o_101_2.jpg	photodiode	1
3580.919	0.5	3580919	trained	32736	31	memtrain/o_465_2.jpg	photodiode	1
3581.769	0.5	3581769	untrained	32714	53	memtrain/o_142_2.jpg	photodiode	1
3582.72	0.5	3582720	catch	32671	n/a	catch_padded.jpg	photodiode	0
3583.008	0.0	3583008	response	6	n/a	n/a	trigger	0
3584.722	0.5	3584722	untrained	32696	71	memtrain/o_483_1.jpg	photodiode	1
3585.673	0.5	3585673	untrained	32718	49	memtrain/o_054_2.jpg	photodiode	1
3586.465	0.5	3586465	untrained	32673	94	memtrain/so_067_1.jpg	photodiode	1
3587.315	0.5	3587315	trained	32753	14	memtrain/o_174_1.jpg	photodiode	1
3588.066	0.5	3588066	catch	32671	n/a	catch_padded.jpg	photodiode	0
3588.458	0.0	3588458	response	6	n/a	n/a	trigger	0
3590.118	0.5	3590118	trained	32721	46	memtrain/so_113_1.jpg	photodiode	1
3591.019	0.5	3591019	trained	32727	40	memtrain/o_648_2.jpg	photodiode	1
3591.969	0.5	3591969	untrained	32717	50	memtrain/o_057_2.jpg	photodiode	1
3592.779	0.5	3592779	catch	32671	n/a	catch_padded.jpg	photodiode	0
3593.111	0.0	3593111	response	6	n/a	n/a	trigger	0
3594.68	0.5	3594680	untrained	32680	87	memtrain/o_365_1.jpg	photodiode	1
3595.522	0.5	3595522	untrained	32689	78	memtrain/o_599_1.jpg	photodiode	1
3596.273	0.5	3596273	untrained	32672	95	memtrain/so_125_1.jpg	photodiode	1
3597.174	0.5	3597174	catch	32671	n/a	catch_padded.jpg	photodiode	0
3597.561	0.0	3597561	response	6	n/a	n/a	trigger	0
3599.226	0.5	3599226	trained	32738	29	memtrain/o_416_1.jpg	photodiode	1
3600.076	0.5	3600076	trained	32729	38	memtrain/o_603_1.jpg	photodiode	1
3600.977	0.5	3600977	trained	32762	5	memtrain/o_067_1.jpg	photodiode	1
3601.778	0.5	3601778	untrained	32684	83	memtrain/so_105_1.jpg	photodiode	1
3602.528	0.5	3602528	trained	32742	25	memtrain/o_358_2.jpg	photodiode	1
3603.329	0.5	3603329	catch	32671	n/a	catch_padded.jpg	photodiode	0
3603.589	0.0	3603589	response	6	n/a	n/a	trigger	0
3605.331	0.5	3605331	trained	32741	26	memtrain/o_376_1.jpg	photodiode	1
3606.282	0.5	3606282	untrained	32692	75	memtrain/o_564_1.jpg	photodiode	1
3607.182	0.5	3607182	untrained	32710	57	memtrain/o_171_1.jpg	photodiode	1
3607.933	0.5	3607933	catch	32671	n/a	catch_padded.jpg	photodiode	0
3608.383	0.0	3608383	response	6	n/a	n/a	trigger	0
3610.035	0.5	3610035	untrained	32715	52	memtrain/o_141_1.jpg	photodiode	1
3610.885	0.5	3610885	untrained	32698	69	memtrain/o_464_2.jpg	photodiode	1
3611.636	0.5	3611636	untrained	32677	90	memtrain/o_580_1.jpg	photodiode	1
3612.487	0.5	3612487	catch	32671	n/a	catch_padded.jpg	photodiode	0
3612.832	0.0	3612832	response	6	n/a	n/a	trigger	0
3614.539	0.5	3614539	trained	32728	39	memtrain/o_606_1.jpg	photodiode	1
3615.381	0.5	3615381	untrained	32702	65	memtrain/o_337_2.jpg	photodiode	1
3616.282	0.5	3616282	untrained	32713	54	memtrain/o_145_1.jpg	photodiode	1
3617.083	0.5	3617083	untrained	32711	56	memtrain/o_163_2.jpg	photodiode	1
3617.833	0.5	3617833	untrained	32707	60	memtrain/o_228_2.jpg	photodiode	1
3618.634	0.5	3618634	catch	32671	n/a	catch_padded.jpg	photodiode	0
3618.939	0.0	3618939	response	6	n/a	n/a	trigger	0
3620.686	0.5	3620686	untrained	32706	61	memtrain/o_298_2.jpg	photodiode	1
3621.486	0.5	3621486	trained	32726	41	memtrain/o_663_2.jpg	photodiode	1
3622.387	0.5	3622387	untrained	32672	95	memtrain/so_125_1.jpg	photodiode	1
3623.138	0.5	3623138	untrained	32678	89	memtrain/o_469_1.jpg	photodiode	1
3623.938	0.5	3623938	trained	32741	26	memtrain/o_376_1.jpg	photodiode	1
3624.789	0.5	3624789	catch	32671	n/a	catch_padded.jpg	photodiode	0
3625.027	0.0	3625027	response	6	n/a	n/a	trigger	0
3626.891	0.5	3626891	trained	32761	6	memtrain/o_076_1.jpg	photodiode	1
3627.792	0.5	3627792	trained	32760	7	memtrain/o_091_2.jpg	photodiode	1
3628.742	0.5	3628742	untrained	32690	77	memtrain/o_574_2.jpg	photodiode	1
3629.643	0.5	3629643	catch	32671	n/a	catch_padded.jpg	photodiode	0
3630.073	0.0	3630073	response	6	n/a	n/a	trigger	0
3631.595	0.5	3631595	untrained	32713	54	memtrain/o_145_1.jpg	photodiode	1
3632.446	0.5	3632446	untrained	32675	92	memtrain/so_033_1.jpg	photodiode	1
3633.346	0.5	3633346	untrained	32679	88	memtrain/o_458_1.jpg	photodiode	1
3634.247	0.5	3634247	catch	32671	n/a	catch_padded.jpg	photodiode	0
3634.581	0.0	3634581	response	6	n/a	n/a	trigger	0
3636.249	0.5	3636249	trained	32729	38	memtrain/o_603_1.jpg	photodiode	1
3637.099	0.5	3637099	untrained	32694	73	memtrain/o_519_2.jpg	photodiode	1
3637.9	0.5	3637900	untrained	32718	49	memtrain/o_054_2.jpg	photodiode	1
3638.701	0.5	3638701	trained	32750	17	memtrain/o_232_1.jpg	photodiode	1
3639.602	0.5	3639602	trained	32724	43	memtrain/so_043_2.jpg	photodiode	1
3640.552	0.5	3640552	catch	32671	n/a	catch_padded.jpg	photodiode	0
3640.895	0.0	3640895	response	6	n/a	n/a	trigger	0
3642.654	0.5	3642654	trained	32747	20	memtrain/o_290_1.jpg	photodiode	1
3643.605	0.5	3643605	trained	32749	18	memtrain/o_264_2.jpg	photodiode	1
3644.356	0.5	3644356	untrained	32676	91	memtrain/o_605_1.jpg	photodiode	1
3645.298	0.5	3645298	trained	32730	37	memtrain/o_597_1.jpg	photodiode	1
3646.207	0.5	3646207	trained	32738	29	memtrain/o_416_1.jpg	photodiode	1
3647.099	0.5	3647099	catch	32671	n/a	catch_padded.jpg	photodiode	0
3647.428	0.0	3647428	response	6	n/a	n/a	trigger	0
3649.001	0.5	3649001	untrained	32680	87	memtrain/o_365_1.jpg	photodiode	1
3649.802	0.5	3649802	untrained	32689	78	memtrain/o_599_1.jpg	photodiode	1
3650.753	0.5	3650753	untrained	32715	52	memtrain/o_141_1.jpg	photodiode	1
3651.703	0.5	3651703	trained	32722	45	memtrain/so_090_2.jpg	photodiode	1
3652.554	0.5	3652554	trained	32742	25	memtrain/o_358_2.jpg	photodiode	1
3653.355	0.5	3653355	catch	32671	n/a	catch_padded.jpg	photodiode	0
3653.766	0.0	3653766	response	6	n/a	n/a	trigger	0
3655.457	0.5	3655457	trained	32720	47	memtrain/so_147_2.jpg	photodiode	1
3656.207	0.5	3656207	untrained	32692	75	memtrain/o_564_1.jpg	photodiode	1
3657.058	0.5	3657058	trained	32759	8	memtrain/o_094_1.jpg	photodiode	1
3657.909	0.5	3657909	catch	32671	n/a	catch_padded.jpg	photodiode	0
3658.562	0.0	3658562	response	6	n/a	n/a	trigger	0
3659.96	0.5	3659960	untrained	32684	83	memtrain/so_105_1.jpg	photodiode	1
3660.861	0.5	3660861	untrained	32703	64	memtrain/o_334_2.jpg	photodiode	1
3661.662	0.5	3661662	trained	32756	11	memtrain/o_117_2.jpg	photodiode	1
3662.563	0.5	3662563	trained	32746	21	memtrain/o_319_1.jpg	photodiode	1
3663.463	0.5	3663463	untrained	32708	59	memtrain/o_201_2.jpg	photodiode	1
3664.364	0.5	3664364	catch	32671	n/a	catch_padded.jpg	photodiode	0
3664.671	0.0	3664671	response	6	n/a	n/a	trigger	0
3666.266	0.5	3666266	untrained	32709	58	memtrain/o_192_1.jpg	photodiode	1
3667.116	0.5	3667116	untrained	32719	48	memtrain/o_019_2.jpg	photodiode	1
3667.917	0.5	3667917	untrained	32712	55	memtrain/o_153_2.jpg	photodiode	1
3668.668	0.5	3668668	untrained	32696	71	memtrain/o_483_1.jpg	photodiode	1
3669.518	0.5	3669518	catch	32671	n/a	catch_padded.jpg	photodiode	0
3669.867	0.0	3669867	response	6	n/a	n/a	trigger	0
3671.62	0.5	3671620	untrained	32705	62	memtrain/o_304_1.jpg	photodiode	1
3672.471	0.5	3672471	trained	32732	35	memtrain/o_561_2.jpg	photodiode	1
3673.272	0.5	3673272	untrained	32710	57	memtrain/o_171_1.jpg	photodiode	1
3674.072	0.5	3674072	trained	32740	27	memtrain/o_379_2.jpg	photodiode	1
3674.915	0.5	3674915	catch	32671	n/a	catch_padded.jpg	photodiode	0
3675.3	0.0	3675300	response	6	n/a	n/a	trigger	0
3676.867	0.5	3676867	trained	32731	36	memtrain/o_583_1.jpg	photodiode	1
3677.767	0.5	3677767	untrained	32717	50	memtrain/o_057_2.jpg	photodiode	1
3678.718	0.5	3678718	trained	32765	2	memtrain/o_035_1.jpg	photodiode	1
3679.519	0.5	3679519	catch	32671	n/a	catch_padded.jpg	photodiode	0
3679.774	0.0	3679774	response	5	n/a	n/a	trigger	0
3679.942	0.0	3679942	response	6	n/a	n/a	trigger	0
3681.47	0.5	3681470	untrained	32698	69	memtrain/o_464_2.jpg	photodiode	1
3682.421	0.5	3682421	trained	32748	19	memtrain/o_284_2.jpg	photodiode	1
3683.322	0.5	3683322	trained	32737	30	memtrain/o_437_2.jpg	photodiode	1
3684.173	0.5	3684173	trained	32754	13	memtrain/o_136_1.jpg	photodiode	1
3685.124	0.5	3685124	untrained	32714	53	memtrain/o_142_2.jpg	photodiode	1
3685.924	0.5	3685924	catch	32671	n/a	catch_padded.jpg	photodiode	0
3686.29	0.0	3686290	response	6	n/a	n/a	trigger	0
3687.826	0.5	3687826	untrained	32687	80	memtrain/o_613_1.jpg	photodiode	1
3688.627	0.5	3688627	untrained	32711	56	memtrain/o_163_2.jpg	photodiode	1
3689.377	0.5	3689377	untrained	32682	85	memtrain/o_218_1.jpg	photodiode	1
3690.278	0.5	3690278	untrained	32716	51	memtrain/o_103_2.jpg	photodiode	1
3691.079	0.5	3691079	catch	32671	n/a	catch_padded.jpg	photodiode	0
3691.705	0.0	3691705	response	6	n/a	n/a	trigger	0
3693.13	0.5	3693130	trained	32745	22	memtrain/o_321_1.jpg	photodiode	1
3693.931	0.5	3693931	trained	32766	1	memtrain/o_015_1.jpg	photodiode	1
3694.882	0.5	3694882	untrained	32699	68	memtrain/o_393_1.jpg	photodiode	1
3695.783	0.5	3695783	untrained	32707	60	memtrain/o_228_2.jpg	photodiode	1
3696.633	0.5	3696633	trained	32757	10	memtrain/o_111_2.jpg	photodiode	1
3697.384	0.5	3697384	catch	32671	n/a	catch_padded.jpg	photodiode	0
3699.336	0.5	3699336	trained	32728	39	memtrain/o_606_1.jpg	photodiode	1
3700.286	0.5	3700286	untrained	32691	76	memtrain/o_570_1.jpg	photodiode	1
3701.237	0.5	3701237	untrained	32683	84	memtrain/so_117_2.jpg	photodiode	1
3702.038	0.5	3702038	catch	32671	n/a	catch_padded.jpg	photodiode	0
3702.307	0.0	3702307	response	6	n/a	n/a	trigger	0
3704.031	0.5	3704031	untrained	32695	72	memtrain/o_490_1.jpg	photodiode	1
3704.982	0.5	3704982	trained	32751	16	memtrain/o_199_2.jpg	photodiode	1
3705.933	0.5	3705933	trained	32725	42	memtrain/so_034_2.jpg	photodiode	1
3706.883	0.5	3706883	untrained	32688	79	memtrain/o_600_1.jpg	photodiode	1
3707.784	0.5	3707784	catch	32671	n/a	catch_padded.jpg	photodiode	0
3708.115	0.0	3708115	response	6	n/a	n/a	trigger	0
3709.686	0.5	3709686	trained	32744	23	memtrain/o_338_2.jpg	photodiode	1
3710.587	0.5	3710587	untrained	32700	67	memtrain/o_378_1.jpg	photodiode	1
3711.437	0.5	3711437	untrained	32701	66	memtrain/o_342_2.jpg	photodiode	1
3712.338	0.5	3712338	catch	32671	n/a	catch_padded.jpg	photodiode	0
3712.701	0.0	3712701	response	6	n/a	n/a	trigger	0
3714.24	0.5	3714240	trained	32762	5	memtrain/o_067_1.jpg	photodiode	1
3715.09	0.5	3715090	untrained	32674	93	memtrain/so_035_1.jpg	photodiode	1
3715.891	0.5	3715891	trained	32767	0	memtrain/o_006_1.jpg	photodiode	1
3716.642	0.5	3716642	untrained	32673	94	memtrain/so_067_1.jpg	photodiode	1
3717.492	0.5	3717492	trained	32734	33	memtrain/o_536_1.jpg	photodiode	1
3718.443	0.5	3718443	catch	32671	n/a	catch_padded.jpg	photodiode	0
3718.729	0.0	3718729	response	6	n/a	n/a	trigger	0
3720.345	0.5	3720345	trained	32752	15	memtrain/o_195_1.jpg	photodiode	1
3721.096	0.5	3721096	trained	32727	40	memtrain/o_648_2.jpg	photodiode	1
3721.846	0.5	3721846	trained	32763	4	memtrain/o_042_1.jpg	photodiode	1
3722.697	0.5	3722697	trained	32743	24	memtrain/o_357_1.jpg	photodiode	1
3723.448	0.5	3723448	trained	32739	28	memtrain/o_397_1.jpg	photodiode	1
3724.198	0.5	3724198	catch	32671	n/a	catch_padded.jpg	photodiode	0
3724.527	0.0	3724527	response	6	n/a	n/a	trigger	0
3726.25	0.5	3726250	untrained	32697	70	memtrain/o_471_2.jpg	photodiode	1
3727.001	0.5	3727001	trained	32764	3	memtrain/o_040_2.jpg	photodiode	1
3727.751	0.5	3727751	trained	32758	9	memtrain/o_101_2.jpg	photodiode	1
3728.552	0.5	3728552	trained	32755	12	memtrain/o_127_2.jpg	photodiode	1
3729.453	0.5	3729453	catch	32671	n/a	catch_padded.jpg	photodiode	0
3729.902	0.0	3729902	response	6	n/a	n/a	trigger	0
3731.504	0.5	3731504	untrained	32693	74	memtrain/o_550_1.jpg	photodiode	1
3732.247	0.5	3732247	untrained	32677	90	memtrain/o_580_1.jpg	photodiode	1
3733.098	0.5	3733098	trained	32735	32	memtrain/o_485_2.jpg	photodiode	1
3733.948	0.5	3733948	untrained	32702	65	memtrain/o_337_2.jpg	photodiode	1
3734.749	0.5	3734749	untrained	32704	63	memtrain/o_310_2.jpg	photodiode	1
3735.7	0.5	3735700	catch	32671	n/a	catch_padded.jpg	photodiode	0
3736.166	0.0	3736166	response	6	n/a	n/a	trigger	0
3737.802	0.5	3737802	trained	32753	14	memtrain/o_174_1.jpg	photodiode	1
3738.552	0.5	3738552	trained	32723	44	memtrain/so_045_1.jpg	photodiode	1
3739.403	0.5	3739403	untrained	32685	82	memtrain/o_656_1.jpg	photodiode	1
3740.354	0.5	3740354	trained	32733	34	memtrain/o_558_2.jpg	photodiode	1
3741.204	0.5	3741204	catch	32671	n/a	catch_padded.jpg	photodiode	0
3741.541	0.0	3741541	response	6	n/a	n/a	trigger	0
3743.206	0.5	3743206	untrained	32681	86	memtrain/o_288_1.jpg	photodiode	1
3743.957	0.5	3743957	trained	32736	31	memtrain/o_465_2.jpg	photodiode	1
3744.858	0.5	3744858	untrained	32686	81	memtrain/o_655_2.jpg	photodiode	1
3745.758	0.5	3745758	trained	32721	46	memtrain/so_113_1.jpg	photodiode	1
3746.559	0.5	3746559	catch	32671	n/a	catch_padded.jpg	photodiode	0
3746.869	0.0	3746869	response	6	n/a	n/a	trigger	0
3753.037	0.0	3753037	block_end	120	n/a	n/a	trigger	0
3792.087	0.0	3792087	response	5	n/a	n/a	trigger	0
3792.094	0.0	3792094	block_onset	112	n/a	n/a	trigger	0
3794.149	0.5	3794149	trained	32767	0	memtrain/o_006_1.jpg	photodiode	0
3794.9	0.5	3794900	untrained	32680	87	memtrain/o_365_1.jpg	photodiode	0
3795.701	0.5	3795701	untrained	32715	52	memtrain/o_141_1.jpg	photodiode	0
3796.501	0.5	3796501	untrained	32704	63	memtrain/o_310_2.jpg	photodiode	0
3797.402	0.5	3797402	catch	32671	n/a	catch_padded.jpg	photodiode	0
3799.345	0.5	3799345	trained	32753	14	memtrain/o_174_1.jpg	photodiode	0
3800.254	0.5	3800254	untrained	32718	49	memtrain/o_054_2.jpg	photodiode	0
3800.997	0.5	3800997	untrained	32693	74	memtrain/o_550_1.jpg	photodiode	0
3801.747	0.5	3801747	untrained	32705	62	memtrain/o_304_1.jpg	photodiode	0
3802.506	0.5	3802506	catch	32671	n/a	catch_padded.jpg	photodiode	0
3804.6	0.5	3804600	untrained	32686	81	memtrain/o_655_2.jpg	photodiode	0
3805.35	0.5	3805350	untrained	32696	71	memtrain/o_483_1.jpg	photodiode	0
3806.301	0.5	3806301	trained	32720	47	memtrain/so_147_2.jpg	photodiode	0
3807.102	0.5	3807102	untrained	32708	59	memtrain/o_201_2.jpg	photodiode	0
3807.902	0.5	3807902	trained	32733	34	memtrain/o_558_2.jpg	photodiode	0
3808.803	0.5	3808803	catch	32671	n/a	catch_padded.jpg	photodiode	0
3810.805	0.5	3810805	untrained	32672	95	memtrain/so_125_1.jpg	photodiode	0
3811.656	0.5	3811656	untrained	32673	94	memtrain/so_067_1.jpg	photodiode	0
3812.556	0.5	3812556	untrained	32703	64	memtrain/o_334_2.jpg	photodiode	0
3813.357	0.5	3813357	untrained	32682	85	memtrain/o_218_1.jpg	photodiode	0
3814.108	0.5	3814108	trained	32766	1	memtrain/o_015_1.jpg	photodiode	0
3815.009	0.5	3815009	catch	32671	n/a	catch_padded.jpg	photodiode	0
3817.103	0.5	3817103	untrained	32677	90	memtrain/o_580_1.jpg	photodiode	0
3818.048	0.5	3818048	trained	32742	25	memtrain/o_358_2.jpg	photodiode	0
3819.054	0.5	3819054	trained	32758	9	memtrain/o_101_2.jpg	photodiode	0
3819.813	0.5	3819813	untrained	32691	76	memtrain/o_570_1.jpg	photodiode	0
3820.563	0.5	3820563	catch	32671	n/a	catch_padded.jpg	photodiode	0
3822.515	0.5	3822515	trained	32729	38	memtrain/o_603_1.jpg	photodiode	0
3823.466	0.5	3823466	untrained	32692	75	memtrain/o_564_1.jpg	photodiode	0
3824.358	0.5	3824358	untrained	32717	50	memtrain/o_057_2.jpg	photodiode	0
3825.259	0.5	3825259	catch	32671	n/a	catch_padded.jpg	photodiode	0
3827.161	0.5	3827161	trained	32750	17	memtrain/o_232_1.jpg	photodiode	0
3905.652	0.0	3905652	response	6	n/a	n/a	trigger	0
3905.658	0.0	3905658	block_onset	112	n/a	n/a	trigger	0
3907.712	0.5	3907712	trained	32767	0	memtrain/o_006_1.jpg	photodiode	1
3908.463	0.5	3908463	untrained	32680	87	memtrain/o_365_1.jpg	photodiode	1
3909.264	0.5	3909264	untrained	32715	52	memtrain/o_141_1.jpg	photodiode	1
3910.064	0.5	3910064	untrained	32704	63	memtrain/o_310_2.jpg	photodiode	1
3910.965	0.5	3910965	catch	32671	n/a	catch_padded.jpg	photodiode	0
3911.329	0.0	3911329	response	6	n/a	n/a	trigger	0
3912.917	0.5	3912917	trained	32753	14	memtrain/o_174_1.jpg	photodiode	1
3913.817	0.5	3913817	untrained	32718	49	memtrain/o_054_2.jpg	photodiode	1
3914.568	0.5	3914568	untrained	32693	74	memtrain/o_550_1.jpg	photodiode	1
3915.31	0.5	3915310	untrained	32705	62	memtrain/o_304_1.jpg	photodiode	1
3916.061	0.5	3916061	catch	32671	n/a	catch_padded.jpg	photodiode	0
3916.461	0.0	3916461	response	6	n/a	n/a	trigger	0
3918.171	0.5	3918171	untrained	32686	81	memtrain/o_655_2.jpg	photodiode	1
3918.913	0.5	3918913	untrained	32696	71	memtrain/o_483_1.jpg	photodiode	1
3919.864	0.5	3919864	trained	32720	47	memtrain/so_147_2.jpg	photodiode	1
3920.665	0.5	3920665	untrained	32708	59	memtrain/o_201_2.jpg	photodiode	1
3921.474	0.5	3921474	trained	32733	34	memtrain/o_558_2.jpg	photodiode	1
3922.366	0.5	3922366	catch	32671	n/a	catch_padded.jpg	photodiode	0
3922.678	0.0	3922678	response	6	n/a	n/a	trigger	0
3924.368	0.5	3924368	untrained	32672	95	memtrain/so_125_1.jpg	photodiode	1
3925.219	0.5	3925219	untrained	32673	94	memtrain/so_067_1.jpg	photodiode	1
3926.119	0.5	3926119	untrained	32703	64	memtrain/o_334_2.jpg	photodiode	1
3926.92	0.5	3926920	untrained	32682	85	memtrain/o_218_1.jpg	photodiode	1
3927.671	0.5	3927671	trained	32766	1	memtrain/o_015_1.jpg	photodiode	1
3928.571	0.5	3928571	catch	32671	n/a	catch_padded.jpg	photodiode	0
3928.846	0.0	3928846	response	6	n/a	n/a	trigger	0
3930.673	0.5	3930673	untrained	32677	90	memtrain/o_580_1.jpg	photodiode	1
3931.624	0.5	3931624	trained	32742	25	memtrain/o_358_2.jpg	photodiode	1
3932.575	0.5	3932575	trained	32758	9	memtrain/o_101_2.jpg	photodiode	1
3933.376	0.5	3933376	untrained	32691	76	memtrain/o_570_1.jpg	photodiode	1
3934.126	0.5	3934126	catch	32671	n/a	catch_padded.jpg	photodiode	0
3934.477	0.0	3934477	response	6	n/a	n/a	trigger	0
3936.086	0.5	3936086	trained	32729	38	memtrain/o_603_1.jpg	photodiode	1
3937.029	0.5	3937029	untrained	32692	75	memtrain/o_564_1.jpg	photodiode	1
3937.929	0.5	3937929	untrained	32717	50	memtrain/o_057_2.jpg	photodiode	1
3938.83	0.5	3938830	catch	32671	n/a	catch_padded.jpg	photodiode	0
3939.178	0.0	3939178	response	6	n/a	n/a	trigger	0
3940.732	0.5	3940732	trained	32750	17	memtrain/o_232_1.jpg	photodiode	1
3941.683	0.5	3941683	untrained	32711	56	memtrain/o_163_2.jpg	photodiode	1
3942.533	0.5	3942533	untrained	32709	58	memtrain/o_192_1.jpg	photodiode	1
3943.384	0.5	3943384	catch	32671	n/a	catch_padded.jpg	photodiode	0
3943.693	0.0	3943693	response	6	n/a	n/a	trigger	0
3945.386	0.5	3945386	trained	32732	35	memtrain/o_561_2.jpg	photodiode	1
3946.178	0.5	3946178	trained	32752	15	memtrain/o_195_1.jpg	photodiode	1
3947.029	0.5	3947029	trained	32755	12	memtrain/o_127_2.jpg	photodiode	1
3947.83	0.5	3947830	trained	32727	40	memtrain/o_648_2.jpg	photodiode	1
3948.73	0.5	3948730	catch	32671	n/a	catch_padded.jpg	photodiode	0
3948.893	0.0	3948893	response	5	n/a	n/a	trigger	0
3949.016	0.0	3949016	response	6	n/a	n/a	trigger	0
3950.682	0.5	3950682	untrained	32700	67	memtrain/o_378_1.jpg	photodiode	1
3951.433	0.5	3951433	untrained	32690	77	memtrain/o_574_2.jpg	photodiode	1
3952.183	0.5	3952183	trained	32741	26	memtrain/o_376_1.jpg	photodiode	1
3952.984	0.5	3952984	catch	32671	n/a	catch_padded.jpg	photodiode	0
3953.314	0.0	3953314	response	6	n/a	n/a	trigger	0
3955.086	0.5	3955086	untrained	32719	48	memtrain/o_019_2.jpg	photodiode	1
3956.037	0.5	3956037	trained	32746	21	memtrain/o_319_1.jpg	photodiode	1
3956.946	0.5	3956946	trained	32745	22	memtrain/o_321_1.jpg	photodiode	1
3957.888	0.5	3957888	catch	32671	n/a	catch_padded.jpg	photodiode	0
3958.162	0.0	3958162	response	6	n/a	n/a	trigger	0
3959.99	0.5	3959990	untrained	32674	93	memtrain/so_035_1.jpg	photodiode	1
3960.741	0.5	3960741	trained	32723	44	memtrain/so_045_1.jpg	photodiode	1
3961.541	0.5	3961541	untrained	32675	92	memtrain/so_033_1.jpg	photodiode	1
3962.292	0.5	3962292	trained	32743	24	memtrain/o_357_1.jpg	photodiode	1
3963.093	0.5	3963093	catch	32671	n/a	catch_padded.jpg	photodiode	0
3963.471	0.0	3963471	response	6	n/a	n/a	trigger	0
3964.994	0.5	3964994	trained	32761	6	memtrain/o_076_1.jpg	photodiode	1
3965.945	0.5	3965945	untrained	32716	51	memtrain/o_103_2.jpg	photodiode	1
3966.846	0.5	3966846	trained	32765	2	memtrain/o_035_1.jpg	photodiode	1
3967.747	0.5	3967747	untrained	32679	88	memtrain/o_458_1.jpg	photodiode	1
3968.497	0.5	3968497	trained	32760	7	memtrain/o_091_2.jpg	photodiode	1
3969.298	0.5	3969298	catch	32671	n/a	catch_padded.jpg	photodiode	0
3969.618	0.0	3969618	response	6	n/a	n/a	trigger	0
3971.35	0.5	3971350	untrained	32685	82	memtrain/o_656_1.jpg	photodiode	1
3972.3	0.5	3972300	untrained	32702	65	memtrain/o_337_2.jpg	photodiode	1
3973.201	0.5	3973201	trained	32738	29	memtrain/o_416_1.jpg	photodiode	1
3974.093	0.5	3974093	trained	32726	41	memtrain/o_663_2.jpg	photodiode	1
3974.894	0.5	3974894	catch	32671	n/a	catch_padded.jpg	photodiode	0
3975.211	0.0	3975211	response	6	n/a	n/a	trigger	0
3976.846	0.5	3976846	untrained	32713	54	memtrain/o_145_1.jpg	photodiode	1
3977.797	0.5	3977797	untrained	32710	57	memtrain/o_171_1.jpg	photodiode	1
3978.547	0.5	3978547	trained	32737	30	memtrain/o_437_2.jpg	photodiode	1
3979.398	0.5	3979398	trained	32754	13	memtrain/o_136_1.jpg	photodiode	1
3980.149	0.5	3980149	catch	32671	n/a	catch_padded.jpg	photodiode	0
3980.468	0.0	3980468	response	6	n/a	n/a	trigger	0
3982.2	0.5	3982200	untrained	32683	84	memtrain/so_117_2.jpg	photodiode	1
3983.001	0.5	3983001	trained	32740	27	memtrain/o_379_2.jpg	photodiode	1
3983.852	0.5	3983852	trained	32734	33	memtrain/o_536_1.jpg	photodiode	1
3984.652	0.5	3984652	untrained	32701	66	memtrain/o_342_2.jpg	photodiode	1
3985.603	0.5	3985603	trained	32764	3	memtrain/o_040_2.jpg	photodiode	1
3986.354	0.5	3986354	catch	32671	n/a	catch_padded.jpg	photodiode	0
3986.698	0.0	3986698	response	6	n/a	n/a	trigger	0
3988.356	0.5	3988356	trained	32744	23	memtrain/o_338_2.jpg	photodiode	1
3989.206	0.5	3989206	trained	32721	46	memtrain/so_113_1.jpg	photodiode	1
3990.157	0.5	3990157	untrained	32689	78	memtrain/o_599_1.jpg	photodiode	1
3990.908	0.5	3990908	catch	32671	n/a	catch_padded.jpg	photodiode	0
3991.265	0.0	3991265	response	6	n/a	n/a	trigger	0
3992.909	0.5	3992909	untrained	32712	55	memtrain/o_153_2.jpg	photodiode	1
3993.81	0.5	3993810	trained	32724	43	memtrain/so_043_2.jpg	photodiode	1
3994.761	0.5	3994761	trained	32730	37	memtrain/o_597_1.jpg	photodiode	1
3995.562	0.5	3995562	trained	32756	11	memtrain/o_117_2.jpg	photodiode	1
3996.362	0.5	3996362	untrained	32699	68	memtrain/o_393_1.jpg	photodiode	1
3997.163	0.5	3997163	catch	32671	n/a	catch_padded.jpg	photodiode	0
3997.476	0.0	3997476	response	6	n/a	n/a	trigger	0
3999.065	0.5	3999065	trained	32751	16	memtrain/o_199_2.jpg	photodiode	1
3999.915	0.5	3999915	trained	32731	36	memtrain/o_583_1.jpg	photodiode	1
4000.666	0.5	4000666	untrained	32714	53	memtrain/o_142_2.jpg	photodiode	1
4001.467	0.5	4001467	untrained	32707	60	memtrain/o_228_2.jpg	photodiode	1
4002.267	0.5	4002267	trained	32763	4	memtrain/o_042_1.jpg	photodiode	1
4003.218	0.5	4003218	catch	32671	n/a	catch_padded.jpg	photodiode	0
4003.5	0.0	4003500	response	6	n/a	n/a	trigger	0
4005.162	0.5	4005162	trained	32739	28	memtrain/o_397_1.jpg	photodiode	1
4006.062	0.5	4006062	untrained	32688	79	memtrain/o_600_1.jpg	photodiode	1
4006.813	0.5	4006813	trained	32728	39	memtrain/o_606_1.jpg	photodiode	1
4007.664	0.5	4007664	untrained	32684	83	memtrain/so_105_1.jpg	photodiode	1
4008.564	0.5	4008564	untrained	32698	69	memtrain/o_464_2.jpg	photodiode	1
4009.415	0.5	4009415	catch	32671	n/a	catch_padded.jpg	photodiode	0
4009.727	0.0	4009727	response	6	n/a	n/a	trigger	0
4011.517	0.5	4011517	trained	32759	8	memtrain/o_094_1.jpg	photodiode	1
4012.468	0.5	4012468	untrained	32697	70	memtrain/o_471_2.jpg	photodiode	1
4013.319	0.5	4013319	trained	32748	19	memtrain/o_284_2.jpg	photodiode	1
4014.169	0.5	4014169	catch	32671	n/a	catch_padded.jpg	photodiode	0
4014.565	0.0	4014565	response	6	n/a	n/a	trigger	0
4016.071	0.5	4016071	untrained	32678	89	memtrain/o_469_1.jpg	photodiode	1
4016.922	0.5	4016922	untrained	32681	86	memtrain/o_288_1.jpg	photodiode	1
4017.872	0.5	4017872	trained	32722	45	memtrain/so_090_2.jpg	photodiode	1
4018.723	0.5	4018723	untrained	32694	73	memtrain/o_519_2.jpg	photodiode	1
4019.574	0.5	4019574	catch	32671	n/a	catch_padded.jpg	photodiode	0
4019.915	0.0	4019915	response	6	n/a	n/a	trigger	0
4021.626	0.5	4021626	untrained	32687	80	memtrain/o_613_1.jpg	photodiode	1
4022.376	0.5	4022376	trained	32736	31	memtrain/o_465_2.jpg	photodiode	1
4023.327	0.5	4023327	untrained	32695	72	memtrain/o_490_1.jpg	photodiode	1
4024.078	0.5	4024078	catch	32671	n/a	catch_padded.jpg	photodiode	0
4024.442	0.0	4024442	response	6	n/a	n/a	trigger	0
4026.079	0.5	4026079	trained	32747	20	memtrain/o_290_1.jpg	photodiode	1
4026.88	0.5	4026880	trained	32725	42	memtrain/so_034_2.jpg	photodiode	1
4027.731	0.5	4027731	trained	32762	5	memtrain/o_067_1.jpg	photodiode	1
4028.481	0.5	4028481	trained	32757	10	memtrain/o_111_2.jpg	photodiode	1
4029.332	0.5	4029332	untrained	32676	91	memtrain/o_605_1.jpg	photodiode	1
4030.183	0.5	4030183	catch	32671	n/a	catch_padded.jpg	photodiode	0
4030.529	0.0	4030529	response	6	n/a	n/a	trigger	0
4032.176	0.5	4032176	trained	32749	18	memtrain/o_264_2.jpg	photodiode	1
4033.027	0.5	4033027	untrained	32706	61	memtrain/o_298_2.jpg	photodiode	1
4033.928	0.5	4033928	trained	32735	32	memtrain/o_485_2.jpg	photodiode	1
4034.778	0.5	4034778	trained	32720	47	memtrain/so_147_2.jpg	photodiode	1
4035.729	0.5	4035729	trained	32726	41	memtrain/o_663_2.jpg	photodiode	1
4036.63	0.5	4036630	catch	32671	n/a	catch_padded.jpg	photodiode	0
4036.949	0.0	4036949	response	6	n/a	n/a	trigger	0
4038.682	0.5	4038682	trained	32767	0	memtrain/o_006_1.jpg	photodiode	1
4039.632	0.5	4039632	untrained	32688	79	memtrain/o_600_1.jpg	photodiode	1
4040.483	0.5	4040483	trained	32763	4	memtrain/o_042_1.jpg	photodiode	1
4041.234	0.5	4041234	untrained	32718	49	memtrain/o_054_2.jpg	photodiode	1
4042.185	0.5	4042185	catch	32671	n/a	catch_padded.jpg	photodiode	0
4042.552	0.0	4042552	response	6	n/a	n/a	trigger	0
4044.236	0.5	4044236	trained	32723	44	memtrain/so_045_1.jpg	photodiode	1
4045.037	0.5	4045037	trained	32753	14	memtrain/o_174_1.jpg	photodiode	1
4045.988	0.5	4045988	trained	32759	8	memtrain/o_094_1.jpg	photodiode	1
4046.738	0.5	4046738	untrained	32678	89	memtrain/o_469_1.jpg	photodiode	1
4047.589	0.5	4047589	trained	32760	7	memtrain/o_091_2.jpg	photodiode	1
4048.34	0.5	4048340	catch	32671	n/a	catch_padded.jpg	photodiode	0
4048.705	0.0	4048705	response	6	n/a	n/a	trigger	0
4050.391	0.5	4050391	trained	32745	22	memtrain/o_321_1.jpg	photodiode	1
4051.192	0.5	4051192	trained	32743	24	memtrain/o_357_1.jpg	photodiode	1
4052.043	0.5	4052043	trained	32744	23	memtrain/o_338_2.jpg	photodiode	1
4052.944	0.5	4052944	catch	32671	n/a	catch_padded.jpg	photodiode	0
4053.423	0.0	4053423	response	6	n/a	n/a	trigger	0
4055.045	0.5	4055045	untrained	32676	91	memtrain/o_605_1.jpg	photodiode	1
4055.896	0.5	4055896	untrained	32695	72	memtrain/o_490_1.jpg	photodiode	1
4056.697	0.5	4056697	trained	32758	9	memtrain/o_101_2.jpg	photodiode	1
4057.498	0.5	4057498	catch	32671	n/a	catch_padded.jpg	photodiode	0
4058.024	0.0	4058024	response	6	n/a	n/a	trigger	0
4059.499	0.5	4059499	untrained	32696	71	memtrain/o_483_1.jpg	photodiode	1
4060.35	0.5	4060350	trained	32733	34	memtrain/o_558_2.jpg	photodiode	1
4061.142	0.5	4061142	untrained	32680	87	memtrain/o_365_1.jpg	photodiode	1
4062.043	0.5	4062043	trained	32761	6	memtrain/o_076_1.jpg	photodiode	1
4062.844	0.5	4062844	catch	32671	n/a	catch_padded.jpg	photodiode	0
4063.38	0.0	4063380	response	6	n/a	n/a	trigger	0
4064.796	0.5	4064796	untrained	32674	93	memtrain/so_035_1.jpg	photodiode	1
4065.546	0.5	4065546	untrained	32710	57	memtrain/o_171_1.jpg	photodiode	1
4066.447	0.5	4066447	untrained	32687	80	memtrain/o_613_1.jpg	photodiode	1
4067.348	0.5	4067348	catch	32671	n/a	catch_padded.jpg	photodiode	0
4067.866	0.0	4067866	response	6	n/a	n/a	trigger	0
4069.249	0.5	4069249	trained	32754	13	memtrain/o_136_1.jpg	photodiode	1
4070.1	0.5	4070100	trained	32762	5	memtrain/o_067_1.jpg	photodiode	1
4071.001	0.5	4071001	untrained	32712	55	memtrain/o_153_2.jpg	photodiode	1
4071.851	0.5	4071851	trained	32729	38	memtrain/o_603_1.jpg	photodiode	1
4072.702	0.5	4072702	catch	32671	n/a	catch_padded.jpg	photodiode	0
4072.97	0.0	4072970	response	6	n/a	n/a	trigger	0
4074.704	0.5	4074704	untrained	32697	70	memtrain/o_471_2.jpg	photodiode	1
4075.605	0.5	4075605	trained	32740	27	memtrain/o_379_2.jpg	photodiode	1
4076.555	0.5	4076555	untrained	32714	53	memtrain/o_142_2.jpg	photodiode	1
4077.456	0.5	4077456	trained	32735	32	memtrain/o_485_2.jpg	photodiode	1
4078.407	0.5	4078407	trained	32765	2	memtrain/o_035_1.jpg	photodiode	1
4079.358	0.5	4079358	catch	32671	n/a	catch_padded.jpg	photodiode	0
4079.679	0.0	4079679	response	6	n/a	n/a	trigger	0
4081.36	0.5	4081360	trained	32727	40	memtrain/o_648_2.jpg	photodiode	1
4082.31	0.5	4082310	untrained	32701	66	memtrain/o_342_2.jpg	photodiode	1
4083.061	0.5	4083061	untrained	32703	64	memtrain/o_334_2.jpg	photodiode	1
4083.962	0.5	4083962	trained	32724	43	memtrain/so_043_2.jpg	photodiode	1
4084.863	0.5	4084863	untrained	32694	73	memtrain/o_519_2.jpg	photodiode	1
4085.663	0.5	4085663	catch	32671	n/a	catch_padded.jpg	photodiode	0
4085.998	0.0	4085998	response	6	n/a	n/a	trigger	0
4087.565	0.5	4087565	untrained	32693	74	memtrain/o_550_1.jpg	photodiode	1
4088.516	0.5	4088516	untrained	32699	68	memtrain/o_393_1.jpg	photodiode	1
4089.408	0.5	4089408	trained	32730	37	memtrain/o_597_1.jpg	photodiode	1
4090.267	0.5	4090267	catch	32671	n/a	catch_padded.jpg	photodiode	0
4090.651	0.0	4090651	response	6	n/a	n/a	trigger	0
4092.369	0.5	4092369	untrained	32677	90	memtrain/o_580_1.jpg	photodiode	1
4093.12	0.5	4093120	trained	32757	10	memtrain/o_111_2.jpg	photodiode	1
4093.92	0.5	4093920	trained	32752	15	memtrain/o_195_1.jpg	photodiode	1
4094.712	0.5	4094712	catch	32671	n/a	catch_padded.jpg	photodiode	0
4094.991	0.0	4094991	response	6	n/a	n/a	trigger	0
4096.714	0.5	4096714	trained	32764	3	memtrain/o_040_2.jpg	photodiode	1
4097.615	0.5	4097615	untrained	32672	95	memtrain/so_125_1.jpg	photodiode	1
4098.416	0.5	4098416	trained	32749	18	memtrain/o_264_2.jpg	photodiode	1
4099.216	0.5	4099216	catch	32671	n/a	catch_padded.jpg	photodiode	0
4099.633	0.0	4099633	response	6	n/a	n/a	trigger	0
4101.218	0.5	4101218	trained	32755	12	memtrain/o_127_2.jpg	photodiode	1
4102.169	0.5	4102169	trained	32739	28	memtrain/o_397_1.jpg	photodiode	1
4103.019	0.5	4103019	trained	32732	35	memtrain/o_561_2.jpg	photodiode	1
4103.82	0.5	4103820	untrained	32704	63	memtrain/o_310_2.jpg	photodiode	1
4104.721	0.5	4104721	catch	32671	n/a	catch_padded.jpg	photodiode	0
4105.198	0.0	4105198	response	6	n/a	n/a	trigger	0
4106.723	0.5	4106723	untrained	32715	52	memtrain/o_141_1.jpg	photodiode	1
4107.573	0.5	4107573	trained	32721	46	memtrain/so_113_1.jpg	photodiode	1
4108.474	0.5	4108474	untrained	32719	48	memtrain/o_019_2.jpg	photodiode	1
4109.225	0.5	4109225	trained	32756	11	memtrain/o_117_2.jpg	photodiode	1
4110.025	0.5	4110025	untrained	32717	50	memtrain/o_057_2.jpg	photodiode	1
4110.826	0.5	4110826	catch	32671	n/a	catch_padded.jpg	photodiode	0
4111.18	0.0	4111180	response	6	n/a	n/a	trigger	0
4112.728	0.5	4112728	untrained	32682	85	memtrain/o_218_1.jpg	photodiode	1
4113.578	0.5	4113578	trained	32747	20	memtrain/o_290_1.jpg	photodiode	1
4114.379	0.5	4114379	untrained	32673	94	memtrain/so_067_1.jpg	photodiode	1
4115.33	0.5	4115330	catch	32671	n/a	catch_padded.jpg	photodiode	0
4115.892	0.0	4115892	response	6	n/a	n/a	trigger	0
4117.231	0.5	4117231	untrained	32702	65	memtrain/o_337_2.jpg	photodiode	1
4118.182	0.5	4118182	untrained	32689	78	memtrain/o_599_1.jpg	photodiode	1
4119.075	0.5	4119075	untrained	32713	54	memtrain/o_145_1.jpg	photodiode	1
4119.884	0.5	4119884	catch	32671	n/a	catch_padded.jpg	photodiode	0
4120.374	0.0	4120374	response	6	n/a	n/a	trigger	0
4121.835	0.5	4121835	trained	32722	45	memtrain/so_090_2.jpg	photodiode	1
4122.636	0.5	4122636	trained	32748	19	memtrain/o_284_2.jpg	photodiode	1
4123.579	0.5	4123579	untrained	32698	69	memtrain/o_464_2.jpg	photodiode	1
4124.191	0.0	4124191	response	5	n/a	n/a	trigger	0
4124.329	0.5	4124329	untrained	32684	83	memtrain/so_105_1.jpg	photodiode	1
4125.08	0.5	4125080	catch	32671	n/a	catch_padded.jpg	photodiode	0
4125.443	0.0	4125443	response	6	n/a	n/a	trigger	0
4127.132	0.5	4127132	untrained	32675	92	memtrain/so_033_1.jpg	photodiode	1
4127.882	0.5	4127882	untrained	32690	77	memtrain/o_574_2.jpg	photodiode	1
4128.683	0.5	4128683	trained	32731	36	memtrain/o_583_1.jpg	photodiode	1
4129.434	0.5	4129434	trained	32728	39	memtrain/o_606_1.jpg	photodiode	1
4130.334	0.5	4130334	catch	32671	n/a	catch_padded.jpg	photodiode	0
4131.015	0.0	4131015	response	6	n/a	n/a	trigger	0
4132.436	0.5	4132436	trained	32741	26	memtrain/o_376_1.jpg	photodiode	1
4133.028	0.0	4133028	response	5	n/a	n/a	trigger	0
4133.337	0.5	4133337	trained	32725	42	memtrain/so_034_2.jpg	photodiode	1
4134.088	0.5	4134088	untrained	32707	60	memtrain/o_228_2.jpg	photodiode	1
4135.038	0.5	4135038	trained	32766	1	memtrain/o_015_1.jpg	photodiode	1
4135.989	0.5	4135989	catch	32671	n/a	catch_padded.jpg	photodiode	0
4137.891	0.5	4137891	untrained	32716	51	memtrain/o_103_2.jpg	photodiode	1
4138.842	0.5	4138842	untrained	32686	81	memtrain/o_655_2.jpg	photodiode	1
4139.592	0.5	4139592	trained	32738	29	memtrain/o_416_1.jpg	photodiode	1
4140.493	0.5	4140493	catch	32671	n/a	catch_padded.jpg	photodiode	0
4140.773	0.0	4140773	response	6	n/a	n/a	trigger	0
4142.545	0.5	4142545	trained	32742	25	memtrain/o_358_2.jpg	photodiode	1
4143.446	0.5	4143446	trained	32737	30	memtrain/o_437_2.jpg	photodiode	1
4143.952	0.0	4143952	response	5	n/a	n/a	trigger	0
4144.346	0.5	4144346	trained	32750	17	memtrain/o_232_1.jpg	photodiode	1
4145.297	0.5	4145297	untrained	32706	61	memtrain/o_298_2.jpg	photodiode	1
4146.248	0.5	4146248	catch	32671	n/a	catch_padded.jpg	photodiode	0
4146.638	0.0	4146638	response	6	n/a	n/a	trigger	0
4148.25	0.5	4148250	untrained	32679	88	memtrain/o_458_1.jpg	photodiode	1
4149.2	0.5	4149200	trained	32746	21	memtrain/o_319_1.jpg	photodiode	1
4150.101	0.5	4150101	untrained	32692	75	memtrain/o_564_1.jpg	photodiode	1
4150.902	0.5	4150902	untrained	32685	82	memtrain/o_656_1.jpg	photodiode	1
4151.644	0.5	4151644	trained	32751	16	memtrain/o_199_2.jpg	photodiode	1
4152.395	0.5	4152395	catch	32671	n/a	catch_padded.jpg	photodiode	0
4152.727	0.0	4152727	response	6	n/a	n/a	trigger	0
4154.296	0.5	4154296	untrained	32691	76	memtrain/o_570_1.jpg	photodiode	1
4155.247	0.5	4155247	untrained	32708	59	memtrain/o_201_2.jpg	photodiode	1
4156.198	0.5	4156198	untrained	32711	56	memtrain/o_163_2.jpg	photodiode	1
4157.099	0.5	4157099	untrained	32700	67	memtrain/o_378_1.jpg	photodiode	1
4157.949	0.5	4157949	untrained	32683	84	memtrain/so_117_2.jpg	photodiode	1
4158.7	0.5	4158700	catch	32671	n/a	catch_padded.jpg	photodiode	0
4159.032	0.0	4159032	response	6	n/a	n/a	trigger	0
4160.702	0.5	4160702	untrained	32709	58	memtrain/o_192_1.jpg	photodiode	1
4161.502	0.5	4161502	trained	32736	31	memtrain/o_465_2.jpg	photodiode	1
4162.453	0.5	4162453	untrained	32681	86	memtrain/o_288_1.jpg	photodiode	1
4163.404	0.5	4163404	trained	32734	33	memtrain/o_536_1.jpg	photodiode	1
4164.155	0.5	4164155	untrained	32705	62	memtrain/o_304_1.jpg	photodiode	1
4165.005	0.5	4165005	catch	32671	n/a	catch_padded.jpg	photodiode	0
4165.42	0.0	4165420	response	6	n/a	n/a	trigger	0
4171.485	0.0	4171485	block_end	120	n/a	n/a	trigger	0
4217.781	0.0	4217781	block_onset	113	n/a	n/a	trigger	0
4219.835	0.5	4219835	trained	32750	17	memtrain/o_232_1.jpg	photodiode	0
4220.786	0.5	4220786	trained	32720	47	memtrain/so_147_2.jpg	photodiode	0
4221.737	0.5	4221737	trained	32753	14	memtrain/o_174_1.jpg	photodiode	0
4222.688	0.5	4222688	trained	32749	18	memtrain/o_264_2.jpg	photodiode	0
4223.538	0.5	4223538	trained	32727	40	memtrain/o_648_2.jpg	photodiode	0
4224.281	0.5	4224281	catch	32671	n/a	catch_padded.jpg	photodiode	0
4226.327	0.5	4226327	untrained	32700	67	memtrain/o_378_1.jpg	photodiode	0
4227.271	0.5	4227271	untrained	32680	87	memtrain/o_365_1.jpg	photodiode	0
4228.084	0.5	4228084	trained	32751	16	memtrain/o_199_2.jpg	photodiode	0
4228.985	0.5	4228985	catch	32671	n/a	catch_padded.jpg	photodiode	0
4230.986	0.5	4230986	trained	32731	36	memtrain/o_583_1.jpg	photodiode	0
4231.837	0.5	4231837	untrained	32687	80	memtrain/o_613_1.jpg	photodiode	0
4232.688	0.5	4232688	trained	32752	15	memtrain/o_195_1.jpg	photodiode	0
4233.639	0.5	4233639	untrained	32698	69	memtrain/o_464_2.jpg	photodiode	0
4234.539	0.5	4234539	catch	32671	n/a	catch_padded.jpg	photodiode	0
4236.441	0.5	4236441	untrained	32696	71	memtrain/o_483_1.jpg	photodiode	0
4314.035	0.0	4314035	response	6	n/a	n/a	trigger	0
4314.046	0.0	4314046	block_onset	113	n/a	n/a	trigger	0
4316.1	0.5	4316100	trained	32750	17	memtrain/o_232_1.jpg	photodiode	1
4317.143	0.5	4317143	trained	32720	47	memtrain/so_147_2.jpg	photodiode	1
4318.002	0.5	4318002	trained	32753	14	memtrain/o_174_1.jpg	photodiode	1
4318.953	0.5	4318953	trained	32749	18	memtrain/o_264_2.jpg	photodiode	1
4319.853	0.5	4319853	trained	32727	40	memtrain/o_648_2.jpg	photodiode	1
4320.554	0.5	4320554	catch	32671	n/a	catch_padded.jpg	photodiode	0
4320.865	0.0	4320865	response	6	n/a	n/a	trigger	0
4322.606	0.5	4322606	untrained	32700	67	memtrain/o_378_1.jpg	photodiode	1
4323.556	0.5	4323556	untrained	32680	87	memtrain/o_365_1.jpg	photodiode	1
4324.349	0.5	4324349	trained	32751	16	memtrain/o_199_2.jpg	photodiode	1
4325.25	0.5	4325250	catch	32671	n/a	catch_padded.jpg	photodiode	0
4325.654	0.0	4325654	response	6	n/a	n/a	trigger	0
4327.251	0.5	4327251	trained	32731	36	memtrain/o_583_1.jpg	photodiode	1
4328.102	0.5	4328102	untrained	32687	80	memtrain/o_613_1.jpg	photodiode	1
4328.953	0.5	4328953	trained	32752	15	memtrain/o_195_1.jpg	photodiode	1
4329.904	0.5	4329904	untrained	32698	69	memtrain/o_464_2.jpg	photodiode	1
4330.804	0.5	4330804	catch	32671	n/a	catch_padded.jpg	photodiode	0
4331.13	0.0	4331130	response	6	n/a	n/a	trigger	0
4332.706	0.5	4332706	untrained	32696	71	memtrain/o_483_1.jpg	photodiode	1
4333.457	0.5	4333457	trained	32756	11	memtrain/o_117_2.jpg	photodiode	1
4334.307	0.5	4334307	trained	32757	10	memtrain/o_111_2.jpg	photodiode	1
4335.158	0.5	4335158	catch	32671	n/a	catch_padded.jpg	photodiode	0
4335.525	0.0	4335525	response	6	n/a	n/a	trigger	0
4337.16	0.5	4337160	trained	32745	22	memtrain/o_321_1.jpg	photodiode	1
4338.061	0.5	4338061	trained	32763	4	memtrain/o_042_1.jpg	photodiode	1
4338.911	0.5	4338911	trained	32744	23	memtrain/o_338_2.jpg	photodiode	1
4339.862	0.5	4339862	trained	32734	33	memtrain/o_536_1.jpg	photodiode	1
4340.763	0.5	4340763	untrained	32692	75	memtrain/o_564_1.jpg	photodiode	1
4341.714	0.5	4341714	catch	32671	n/a	catch_padded.jpg	photodiode	0
4342.005	0.0	4342005	response	6	n/a	n/a	trigger	0
4343.715	0.5	4343715	trained	32765	2	memtrain/o_035_1.jpg	photodiode	1
4344.666	0.5	4344666	untrained	32676	91	memtrain/o_605_1.jpg	photodiode	1
4345.517	0.5	4345517	untrained	32688	79	memtrain/o_600_1.jpg	photodiode	1
4346.418	0.5	4346418	trained	32754	13	memtrain/o_136_1.jpg	photodiode	1
4347.168	0.5	4347168	trained	32725	42	memtrain/so_034_2.jpg	photodiode	1
4347.969	0.5	4347969	catch	32671	n/a	catch_padded.jpg	photodiode	0
4348.273	0.0	4348273	response	6	n/a	n/a	trigger	0
4350.021	0.5	4350021	trained	32758	9	memtrain/o_101_2.jpg	photodiode	1
4350.821	0.5	4350821	trained	32761	6	memtrain/o_076_1.jpg	photodiode	1
4351.672	0.5	4351672	untrained	32677	90	memtrain/o_580_1.jpg	photodiode	1
4352.623	0.5	4352623	untrained	32706	61	memtrain/o_298_2.jpg	photodiode	1
4353.515	0.5	4353515	catch	32671	n/a	catch_padded.jpg	photodiode	0
4353.899	0.0	4353899	response	6	n/a	n/a	trigger	0
4355.467	0.5	4355467	trained	32737	30	memtrain/o_437_2.jpg	photodiode	1
4356.368	0.5	4356368	untrained	32695	72	memtrain/o_490_1.jpg	photodiode	1
4357.118	0.5	4357118	trained	32742	25	memtrain/o_358_2.jpg	photodiode	1
4357.919	0.5	4357919	untrained	32716	51	memtrain/o_103_2.jpg	photodiode	1
4358.77	0.5	4358770	trained	32764	3	memtrain/o_040_2.jpg	photodiode	1
4359.67	0.5	4359670	catch	32671	n/a	catch_padded.jpg	photodiode	0
4359.996	0.0	4359996	response	6	n/a	n/a	trigger	0
4361.622	0.5	4361622	untrained	32673	94	memtrain/so_067_1.jpg	photodiode	1
4362.523	0.5	4362523	trained	32759	8	memtrain/o_094_1.jpg	photodiode	1
4363.273	0.5	4363273	trained	32743	24	memtrain/o_357_1.jpg	photodiode	1
4364.024	0.5	4364024	untrained	32713	54	memtrain/o_145_1.jpg	photodiode	1
4364.875	0.5	4364875	catch	32671	n/a	catch_padded.jpg	photodiode	0
4365.348	0.0	4365348	response	6	n/a	n/a	trigger	0
4366.977	0.5	4366977	untrained	32684	83	memtrain/so_105_1.jpg	photodiode	1
4367.727	0.5	4367727	trained	32767	0	memtrain/o_006_1.jpg	photodiode	1
4368.678	0.5	4368678	trained	32728	39	memtrain/o_606_1.jpg	photodiode	1
4369.479	0.5	4369479	catch	32671	n/a	catch_padded.jpg	photodiode	0
4369.849	0.0	4369849	response	6	n/a	n/a	trigger	0
4371.38	0.5	4371380	trained	32733	34	memtrain/o_558_2.jpg	photodiode	1
4372.181	0.5	4372181	untrained	32691	76	memtrain/o_570_1.jpg	photodiode	1
4372.932	0.5	4372932	trained	32730	37	memtrain/o_597_1.jpg	photodiode	1
4373.782	0.5	4373782	untrained	32679	88	memtrain/o_458_1.jpg	photodiode	1
4374.733	0.5	4374733	catch	32671	n/a	catch_padded.jpg	photodiode	0
4375.069	0.0	4375069	response	254	n/a	n/a	trigger	0
4375.071	0.0	4375071	response	6	n/a	n/a	trigger	0
4376.777	0.5	4376777	untrained	32709	58	memtrain/o_192_1.jpg	photodiode	1
4377.686	0.5	4377686	untrained	32707	60	memtrain/o_228_2.jpg	photodiode	1
4378.486	0.5	4378486	untrained	32686	81	memtrain/o_655_2.jpg	photodiode	1
4379.337	0.5	4379337	untrained	32674	93	memtrain/so_035_1.jpg	photodiode	1
4380.08	0.5	4380080	untrained	32705	62	memtrain/o_304_1.jpg	photodiode	1
4380.88	0.5	4380880	catch	32671	n/a	catch_padded.jpg	photodiode	0
4381.257	0.0	4381257	response	6	n/a	n/a	trigger	0
4382.782	0.5	4382782	trained	32722	45	memtrain/so_090_2.jpg	photodiode	1
4383.733	0.5	4383733	untrained	32689	78	memtrain/o_599_1.jpg	photodiode	1
4384.533	0.5	4384533	trained	32740	27	memtrain/o_379_2.jpg	photodiode	1
4385.334	0.5	4385334	untrained	32697	70	memtrain/o_471_2.jpg	photodiode	1
4386.285	0.5	4386285	catch	32671	n/a	catch_padded.jpg	photodiode	0
4386.632	0.0	4386632	response	6	n/a	n/a	trigger	0
4388.186	0.5	4388186	trained	32747	20	memtrain/o_290_1.jpg	photodiode	1
4389.137	0.5	4389137	trained	32732	35	memtrain/o_561_2.jpg	photodiode	1
4390.088	0.5	4390088	untrained	32719	48	memtrain/o_019_2.jpg	photodiode	1
4391.039	0.5	4391039	catch	32671	n/a	catch_padded.jpg	photodiode	0
4391.398	0.0	4391398	response	6	n/a	n/a	trigger	0
4392.991	0.5	4392991	trained	32739	28	memtrain/o_397_1.jpg	photodiode	1
4393.791	0.5	4393791	untrained	32710	57	memtrain/o_171_1.jpg	photodiode	1
4394.692	0.5	4394692	trained	32746	21	memtrain/o_319_1.jpg	photodiode	1
4395.543	0.5	4395543	trained	32724	43	memtrain/so_043_2.jpg	photodiode	1
4396.393	0.5	4396393	untrained	32712	55	memtrain/o_153_2.jpg	photodiode	1
4396.659	0.0	4396659	response	5	n/a	n/a	trigger	0
4397.344	0.5	4397344	catch	32671	n/a	catch_padded.jpg	photodiode	0
4397.629	0.0	4397629	response	6	n/a	n/a	trigger	0
4399.446	0.5	4399446	untrained	32685	82	memtrain/o_656_1.jpg	photodiode	1
4400.347	0.5	4400347	trained	32755	12	memtrain/o_127_2.jpg	photodiode	1
4401.147	0.5	4401147	trained	32721	46	memtrain/so_113_1.jpg	photodiode	1
4401.998	0.5	4401998	untrained	32693	74	memtrain/o_550_1.jpg	photodiode	1
4402.949	0.5	4402949	catch	32671	n/a	catch_padded.jpg	photodiode	0
4403.257	0.0	4403257	response	6	n/a	n/a	trigger	0
4405.051	0.5	4405051	untrained	32715	52	memtrain/o_141_1.jpg	photodiode	1
4405.952	0.5	4405952	untrained	32718	49	memtrain/o_054_2.jpg	photodiode	1
4406.852	0.5	4406852	untrained	32690	77	memtrain/o_574_2.jpg	photodiode	1
4407.603	0.5	4407603	catch	32671	n/a	catch_padded.jpg	photodiode	0
4407.997	0.0	4407997	response	6	n/a	n/a	trigger	0
4409.546	0.5	4409546	untrained	32672	95	memtrain/so_125_1.jpg	photodiode	1
4410.447	0.5	4410447	trained	32766	1	memtrain/o_015_1.jpg	photodiode	1
4411.206	0.5	4411206	untrained	32675	92	memtrain/so_033_1.jpg	photodiode	1
4412.048	0.5	4412048	catch	32671	n/a	catch_padded.jpg	photodiode	0
4412.543	0.0	4412543	response	6	n/a	n/a	trigger	0
4414.158	0.5	4414158	trained	32729	38	memtrain/o_603_1.jpg	photodiode	1
4414.951	0.5	4414951	untrained	32717	50	memtrain/o_057_2.jpg	photodiode	1
4415.901	0.5	4415901	untrained	32699	68	memtrain/o_393_1.jpg	photodiode	1
4416.702	0.5	4416702	catch	32671	n/a	catch_padded.jpg	photodiode	0
4417.138	0.0	4417138	response	6	n/a	n/a	trigger	0
4418.604	0.5	4418604	untrained	32694	73	memtrain/o_519_2.jpg	photodiode	1
4419.555	0.5	4419555	trained	32762	5	memtrain/o_067_1.jpg	photodiode	1
4420.305	0.5	4420305	trained	32726	41	memtrain/o_663_2.jpg	photodiode	1
4421.156	0.5	4421156	trained	32738	29	memtrain/o_416_1.jpg	photodiode	1
4422.107	0.5	4422107	catch	32671	n/a	catch_padded.jpg	photodiode	0
4422.412	0.0	4422412	response	6	n/a	n/a	trigger	0
4424.108	0.5	4424108	untrained	32714	53	memtrain/o_142_2.jpg	photodiode	1
4425.059	0.5	4425059	trained	32748	19	memtrain/o_284_2.jpg	photodiode	1
4425.96	0.5	4425960	untrained	32683	84	memtrain/so_117_2.jpg	photodiode	1
4426.911	0.5	4426911	catch	32671	n/a	catch_padded.jpg	photodiode	0
4427.562	0.0	4427562	response	6	n/a	n/a	trigger	0
4428.862	0.5	4428862	untrained	32708	59	memtrain/o_201_2.jpg	photodiode	1
4429.663	0.5	4429663	untrained	32704	63	memtrain/o_310_2.jpg	photodiode	1
4430.614	0.5	4430614	trained	32760	7	memtrain/o_091_2.jpg	photodiode	1
4431.415	0.5	4431415	trained	32741	26	memtrain/o_376_1.jpg	photodiode	1
4432.165	0.5	4432165	untrained	32702	65	memtrain/o_337_2.jpg	photodiode	1
4432.916	0.5	4432916	catch	32671	n/a	catch_padded.jpg	photodiode	0
4433.254	0.0	4433254	response	6	n/a	n/a	trigger	0
4434.968	0.5	4434968	trained	32736	31	memtrain/o_465_2.jpg	photodiode	1
4435.868	0.5	4435868	untrained	32711	56	memtrain/o_163_2.jpg	photodiode	1
4436.819	0.5	4436819	trained	32735	32	memtrain/o_485_2.jpg	photodiode	1
4437.67	0.5	4437670	untrained	32682	85	memtrain/o_218_1.jpg	photodiode	1
4438.562	0.5	4438562	catch	32671	n/a	catch_padded.jpg	photodiode	0
4438.908	0.0	4438908	response	6	n/a	n/a	trigger	0
4439.555	0.0	4439555	response	5	n/a	n/a	trigger	0
4440.464	0.5	4440464	untrained	32703	64	memtrain/o_334_2.jpg	photodiode	1
4441.265	0.5	4441265	trained	32723	44	memtrain/so_045_1.jpg	photodiode	1
4442.166	0.5	4442166	untrained	32681	86	memtrain/o_288_1.jpg	photodiode	1
4443.116	0.5	4443116	untrained	32701	66	memtrain/o_342_2.jpg	photodiode	1
4444.017	0.5	4444017	untrained	32678	89	memtrain/o_469_1.jpg	photodiode	1
4444.918	0.5	4444918	catch	32671	n/a	catch_padded.jpg	photodiode	0
4445.308	0.0	4445308	response	6	n/a	n/a	trigger	0
4446.819	0.5	4446819	trained	32747	20	memtrain/o_290_1.jpg	photodiode	1
4447.72	0.5	4447720	untrained	32705	62	memtrain/o_304_1.jpg	photodiode	1
4448.471	0.5	4448471	trained	32767	0	memtrain/o_006_1.jpg	photodiode	1
4449.222	0.5	4449222	catch	32671	n/a	catch_padded.jpg	photodiode	0
4449.898	0.0	4449898	response	6	n/a	n/a	trigger	0
4451.223	0.5	4451223	untrained	32685	82	memtrain/o_656_1.jpg	photodiode	1
4452.024	0.5	4452024	trained	32724	43	memtrain/so_043_2.jpg	photodiode	1
4452.775	0.5	4452775	trained	32744	23	memtrain/o_338_2.jpg	photodiode	1
4453.675	0.5	4453675	untrained	32719	48	memtrain/o_019_2.jpg	photodiode	1
4454.476	0.5	4454476	catch	32671	n/a	catch_padded.jpg	photodiode	0
4454.844	0.0	4454844	response	6	n/a	n/a	trigger	0
4456.378	0.5	4456378	trained	32730	37	memtrain/o_597_1.jpg	photodiode	1
4457.228	0.5	4457228	untrained	32710	57	memtrain/o_171_1.jpg	photodiode	1
4458.029	0.5	4458029	untrained	32715	52	memtrain/o_141_1.jpg	photodiode	1
4458.78	0.5	4458780	untrained	32675	92	memtrain/so_033_1.jpg	photodiode	1
4459.73	0.5	4459730	catch	32671	n/a	catch_padded.jpg	photodiode	0
4460.053	0.0	4460053	response	6	n/a	n/a	trigger	0
4461.632	0.5	4461632	untrained	32674	93	memtrain/so_035_1.jpg	photodiode	1
4462.483	0.5	4462483	trained	32746	21	memtrain/o_319_1.jpg	photodiode	1
4463.333	0.5	4463333	trained	32760	7	memtrain/o_091_2.jpg	photodiode	1
4464.084	0.5	4464084	untrained	32717	50	memtrain/o_057_2.jpg	photodiode	1
4465.035	0.5	4465035	trained	32733	34	memtrain/o_558_2.jpg	photodiode	1
4465.986	0.5	4465986	catch	32671	n/a	catch_padded.jpg	photodiode	0
4466.392	0.0	4466392	response	6	n/a	n/a	trigger	0
4468.037	0.5	4468037	trained	32732	35	memtrain/o_561_2.jpg	photodiode	1
4468.938	0.5	4468938	trained	32741	26	memtrain/o_376_1.jpg	photodiode	1
4469.68	0.5	4469680	untrained	32716	51	memtrain/o_103_2.jpg	photodiode	1
4470.481	0.5	4470481	trained	32745	22	memtrain/o_321_1.jpg	photodiode	1
4471.332	0.5	4471332	catch	32671	n/a	catch_padded.jpg	photodiode	0
4472.128	0.0	4472128	response	6	n/a	n/a	trigger	0
4473.283	0.5	4473283	trained	32758	9	memtrain/o_101_2.jpg	photodiode	1
4474.084	0.5	4474084	trained	32756	11	memtrain/o_117_2.jpg	photodiode	1
4474.935	0.5	4474935	trained	32736	31	memtrain/o_465_2.jpg	photodiode	1
4475.736	0.5	4475736	untrained	32676	91	memtrain/o_605_1.jpg	photodiode	1
4476.486	0.5	4476486	trained	32722	45	memtrain/so_090_2.jpg	photodiode	1
4477.237	0.5	4477237	catch	32671	n/a	catch_padded.jpg	photodiode	0
4477.526	0.0	4477526	response	6	n/a	n/a	trigger	0
4479.188	0.5	4479188	trained	32762	5	memtrain/o_067_1.jpg	photodiode	1
4479.939	0.5	4479939	trained	32765	2	memtrain/o_035_1.jpg	photodiode	1
4480.89	0.5	4480890	untrained	32696	71	memtrain/o_483_1.jpg	photodiode	1
4481.691	0.5	4481691	trained	32735	32	memtrain/o_485_2.jpg	photodiode	1
4482.491	0.5	4482491	untrained	32698	69	memtrain/o_464_2.jpg	photodiode	1
4483.442	0.5	4483442	catch	32671	n/a	catch_padded.jpg	photodiode	0
4483.773	0.0	4483773	response	6	n/a	n/a	trigger	0
4485.494	0.5	4485494	trained	32750	17	memtrain/o_232_1.jpg	photodiode	1
4486.244	0.5	4486244	trained	32723	44	memtrain/so_045_1.jpg	photodiode	1
4486.995	0.5	4486995	trained	32720	47	memtrain/so_147_2.jpg	photodiode	1
4487.846	0.5	4487846	catch	32671	n/a	catch_padded.jpg	photodiode	0
4488.171	0.0	4488171	response	6	n/a	n/a	trigger	0
4489.797	0.5	4489797	untrained	32702	65	memtrain/o_337_2.jpg	photodiode	1
4490.648	0.5	4490648	trained	32752	15	memtrain/o_195_1.jpg	photodiode	1
4491.449	0.5	4491449	trained	32751	16	memtrain/o_199_2.jpg	photodiode	1
4492.35	0.5	4492350	catch	32671	n/a	catch_padded.jpg	photodiode	0
4492.652	0.0	4492652	response	6	n/a	n/a	trigger	0
4494.251	0.5	4494251	trained	32743	24	memtrain/o_357_1.jpg	photodiode	1
4495.002	0.5	4495002	trained	32738	29	memtrain/o_416_1.jpg	photodiode	1
4495.853	0.5	4495853	untrained	32697	70	memtrain/o_471_2.jpg	photodiode	1
4496.595	0.5	4496595	untrained	32706	61	memtrain/o_298_2.jpg	photodiode	1
4497.396	0.5	4497396	catch	32671	n/a	catch_padded.jpg	photodiode	0
4497.715	0.0	4497715	response	6	n/a	n/a	trigger	0
4499.447	0.5	4499447	untrained	32713	54	memtrain/o_145_1.jpg	photodiode	1
4500.348	0.5	4500348	trained	32764	3	memtrain/o_040_2.jpg	photodiode	1
4501.199	0.5	4501199	untrained	32691	76	memtrain/o_570_1.jpg	photodiode	1
4502.0	0.5	4502000	untrained	32690	77	memtrain/o_574_2.jpg	photodiode	1
4502.85	0.5	4502850	trained	32731	36	memtrain/o_583_1.jpg	photodiode	1
4503.701	0.5	4503701	catch	32671	n/a	catch_padded.jpg	photodiode	0
4504.075	0.0	4504075	response	6	n/a	n/a	trigger	0
4505.603	0.5	4505603	untrained	32687	80	memtrain/o_613_1.jpg	photodiode	1
4506.453	0.5	4506453	untrained	32711	56	memtrain/o_163_2.jpg	photodiode	1
4507.354	0.5	4507354	untrained	32679	88	memtrain/o_458_1.jpg	photodiode	1
4508.205	0.5	4508205	catch	32671	n/a	catch_padded.jpg	photodiode	0
4508.67	0.0	4508670	response	6	n/a	n/a	trigger	0
4510.307	0.5	4510307	trained	32737	30	memtrain/o_437_2.jpg	photodiode	1
4511.107	0.5	4511107	trained	32739	28	memtrain/o_397_1.jpg	photodiode	1
4511.908	0.5	4511908	untrained	32708	59	memtrain/o_201_2.jpg	photodiode	1
4512.859	0.5	4512859	trained	32742	25	memtrain/o_358_2.jpg	photodiode	1
4513.726	0.5	4513726	trained	32755	12	memtrain/o_127_2.jpg	photodiode	1
4514.66	0.5	4514660	catch	32671	n/a	catch_padded.jpg	photodiode	0
4515.22	0.0	4515220	response	6	n/a	n/a	trigger	0
4516.712	0.5	4516712	untrained	32677	90	memtrain/o_580_1.jpg	photodiode	1
4517.563	0.5	4517563	trained	32753	14	memtrain/o_174_1.jpg	photodiode	1
4518.414	0.5	4518414	untrained	32712	55	memtrain/o_153_2.jpg	photodiode	1
4519.164	0.5	4519164	trained	32754	13	memtrain/o_136_1.jpg	photodiode	1
4519.965	0.5	4519965	catch	32671	n/a	catch_padded.jpg	photodiode	0
4520.801	0.0	4520801	response	6	n/a	n/a	trigger	0
4522.017	0.5	4522017	untrained	32695	72	memtrain/o_490_1.jpg	photodiode	1
4522.817	0.5	4522817	untrained	32682	85	memtrain/o_218_1.jpg	photodiode	1
4523.618	0.5	4523618	untrained	32683	84	memtrain/so_117_2.jpg	photodiode	1
4524.419	0.5	4524419	catch	32671	n/a	catch_padded.jpg	photodiode	0
4524.746	0.0	4524746	response	6	n/a	n/a	trigger	0
4526.47	0.5	4526470	trained	32726	41	memtrain/o_663_2.jpg	photodiode	1
4527.221	0.5	4527221	trained	32734	33	memtrain/o_536_1.jpg	photodiode	1
4528.063	0.5	4528063	untrained	32694	73	memtrain/o_519_2.jpg	photodiode	1
4528.814	0.5	4528814	untrained	32707	60	memtrain/o_228_2.jpg	photodiode	1
4529.715	0.5	4529715	untrained	32678	89	memtrain/o_469_1.jpg	photodiode	1
4530.465	0.5	4530465	catch	32671	n/a	catch_padded.jpg	photodiode	0
4530.787	0.0	4530787	response	6	n/a	n/a	trigger	0
4532.517	0.5	4532517	untrained	32701	66	memtrain/o_342_2.jpg	photodiode	1
4533.468	0.5	4533468	untrained	32703	64	memtrain/o_334_2.jpg	photodiode	1
4534.419	0.5	4534419	trained	32759	8	memtrain/o_094_1.jpg	photodiode	1
4535.169	0.5	4535169	catch	32671	n/a	catch_padded.jpg	photodiode	0
4535.781	0.0	4535781	response	6	n/a	n/a	trigger	0
4537.221	0.5	4537221	trained	32763	4	memtrain/o_042_1.jpg	photodiode	1
4538.072	0.5	4538072	trained	32725	42	memtrain/so_034_2.jpg	photodiode	1
4539.023	0.5	4539023	trained	32748	19	memtrain/o_284_2.jpg	photodiode	1
4539.773	0.5	4539773	catch	32671	n/a	catch_padded.jpg	photodiode	0
4540.906	0.0	4540906	response	5	n/a	n/a	trigger	0
4541.725	0.5	4541725	untrained	32714	53	memtrain/o_142_2.jpg	photodiode	1
4542.626	0.5	4542626	untrained	32689	78	memtrain/o_599_1.jpg	photodiode	1
4543.426	0.5	4543426	untrained	32672	95	memtrain/so_125_1.jpg	photodiode	1
4544.177	0.5	4544177	trained	32728	39	memtrain/o_606_1.jpg	photodiode	1
4544.978	0.5	4544978	untrained	32692	75	memtrain/o_564_1.jpg	photodiode	1
4545.878	0.5	4545878	catch	32671	n/a	catch_padded.jpg	photodiode	0
4546.145	0.0	4546145	response	6	n/a	n/a	trigger	0
4547.93	0.5	4547930	untrained	32688	79	memtrain/o_600_1.jpg	photodiode	1
4548.881	0.5	4548881	trained	32727	40	memtrain/o_648_2.jpg	photodiode	1
4549.832	0.5	4549832	trained	32766	1	memtrain/o_015_1.jpg	photodiode	1
4550.783	0.5	4550783	untrained	32700	67	memtrain/o_378_1.jpg	photodiode	1
4551.633	0.5	4551633	catch	32671	n/a	catch_padded.jpg	photodiode	0
4551.955	0.0	4551955	response	6	n/a	n/a	trigger	0
4553.535	0.5	4553535	untrained	32693	74	memtrain/o_550_1.jpg	photodiode	1
4554.386	0.5	4554386	trained	32721	46	memtrain/so_113_1.jpg	photodiode	1
4555.278	0.5	4555278	trained	32757	10	memtrain/o_111_2.jpg	photodiode	1
4556.029	0.5	4556029	untrained	32673	94	memtrain/so_067_1.jpg	photodiode	1
4556.88	0.5	4556880	catch	32671	n/a	catch_padded.jpg	photodiode	0
4557.259	0.0	4557259	response	6	n/a	n/a	trigger	0
4558.981	0.5	4558981	untrained	32718	49	memtrain/o_054_2.jpg	photodiode	1
4559.882	0.5	4559882	trained	32740	27	memtrain/o_379_2.jpg	photodiode	1
4560.683	0.5	4560683	untrained	32681	86	memtrain/o_288_1.jpg	photodiode	1
4561.583	0.5	4561583	catch	32671	n/a	catch_padded.jpg	photodiode	0
4561.952	0.0	4561952	response	6	n/a	n/a	trigger	0
4563.635	0.5	4563635	trained	32729	38	memtrain/o_603_1.jpg	photodiode	1
4564.394	0.5	4564394	untrained	32684	83	memtrain/so_105_1.jpg	photodiode	1
4565.187	0.5	4565187	untrained	32680	87	memtrain/o_365_1.jpg	photodiode	1
4566.037	0.5	4566037	untrained	32686	81	memtrain/o_655_2.jpg	photodiode	1
4566.838	0.5	4566838	catch	32671	n/a	catch_padded.jpg	photodiode	0
4567.159	0.0	4567159	response	6	n/a	n/a	trigger	0
4568.948	0.5	4568948	trained	32761	6	memtrain/o_076_1.jpg	photodiode	1
4569.79	0.5	4569790	untrained	32709	58	memtrain/o_192_1.jpg	photodiode	1
4570.641	0.5	4570641	untrained	32699	68	memtrain/o_393_1.jpg	photodiode	1
4571.492	0.5	4571492	trained	32749	18	memtrain/o_264_2.jpg	photodiode	1
4572.443	0.5	4572443	untrained	32704	63	memtrain/o_310_2.jpg	photodiode	1
4573.343	0.5	4573343	catch	32671	n/a	catch_padded.jpg	photodiode	0
4573.636	0.0	4573636	response	6	n/a	n/a	trigger	0
4579.822	0.0	4579822	block_end	120	n/a	n/a	trigger	0
4639.763	0.0	4639763	block_onset	114	n/a	n/a	trigger	0
4641.818	0.5	4641818	trained	32740	27	memtrain/o_379_2.jpg	photodiode	1
4642.619	0.5	4642619	trained	32744	23	memtrain/o_338_2.jpg	photodiode	1
4643.42	0.5	4643420	trained	32722	45	memtrain/so_090_2.jpg	photodiode	1
4644.27	0.5	4644270	trained	32729	38	memtrain/o_603_1.jpg	photodiode	1
4645.071	0.5	4645071	untrained	32705	62	memtrain/o_304_1.jpg	photodiode	1
4645.972	0.5	4645972	catch	32671	n/a	catch_padded.jpg	photodiode	0
4646.272	0.0	4646272	response	6	n/a	n/a	trigger	0
4647.915	0.5	4647915	untrained	32690	77	memtrain/o_574_2.jpg	photodiode	1
4648.816	0.5	4648816	trained	32753	14	memtrain/o_174_1.jpg	photodiode	1
4649.625	0.5	4649625	trained	32738	29	memtrain/o_416_1.jpg	photodiode	1
4650.576	0.5	4650576	untrained	32710	57	memtrain/o_171_1.jpg	photodiode	1
4651.418	0.5	4651418	untrained	32704	63	memtrain/o_310_2.jpg	photodiode	1
4652.168	0.5	4652168	catch	32671	n/a	catch_padded.jpg	photodiode	0
4652.458	0.0	4652458	response	6	n/a	n/a	trigger	0
4654.27	0.5	4654270	trained	32721	46	memtrain/so_113_1.jpg	photodiode	1
4655.171	0.5	4655171	untrained	32680	87	memtrain/o_365_1.jpg	photodiode	1
4656.122	0.5	4656122	untrained	32672	95	memtrain/so_125_1.jpg	photodiode	1
4656.872	0.5	4656872	untrained	32686	81	memtrain/o_655_2.jpg	photodiode	1
4657.773	0.5	4657773	catch	32671	n/a	catch_padded.jpg	photodiode	0
4658.054	0.0	4658054	response	6	n/a	n/a	trigger	0
4659.875	0.5	4659875	trained	32766	1	memtrain/o_015_1.jpg	photodiode	1
4660.726	0.5	4660726	untrained	32709	58	memtrain/o_192_1.jpg	photodiode	1
4661.526	0.5	4661526	untrained	32697	70	memtrain/o_471_2.jpg	photodiode	1
4662.277	0.5	4662277	untrained	32692	75	memtrain/o_564_1.jpg	photodiode	1
4663.028	0.5	4663028	untrained	32677	90	memtrain/o_580_1.jpg	photodiode	1
4663.978	0.5	4663978	catch	32671	n/a	catch_padded.jpg	photodiode	0
4664.257	0.0	4664257	response	6	n/a	n/a	trigger	0
4665.88	0.5	4665880	trained	32752	15	memtrain/o_195_1.jpg	photodiode	1
4666.681	0.5	4666681	trained	32756	11	memtrain/o_117_2.jpg	photodiode	1
4667.481	0.5	4667481	untrained	32701	66	memtrain/o_342_2.jpg	photodiode	1
4668.332	0.5	4668332	catch	32671	n/a	catch_padded.jpg	photodiode	0
4668.686	0.0	4668686	response	6	n/a	n/a	trigger	0
4670.334	0.5	4670334	untrained	32674	93	memtrain/so_035_1.jpg	photodiode	1
4671.235	0.5	4671235	untrained	32713	54	memtrain/o_145_1.jpg	photodiode	1
4671.985	0.5	4671985	trained	32724	43	memtrain/so_043_2.jpg	photodiode	1
4672.786	0.5	4672786	trained	32743	24	memtrain/o_357_1.jpg	photodiode	1
4673.587	0.5	4673587	catch	32671	n/a	catch_padded.jpg	photodiode	0
4673.972	0.0	4673972	response	6	n/a	n/a	trigger	0
4675.688	0.5	4675688	trained	32746	21	memtrain/o_319_1.jpg	photodiode	1
4676.589	0.5	4676589	trained	32754	13	memtrain/o_136_1.jpg	photodiode	1
4677.54	0.5	4677540	untrained	32703	64	memtrain/o_334_2.jpg	photodiode	1
4678.391	0.5	4678391	catch	32671	n/a	catch_padded.jpg	photodiode	0
4678.728	0.0	4678728	response	6	n/a	n/a	trigger	0
4680.392	0.5	4680392	untrained	32689	78	memtrain/o_599_1.jpg	photodiode	1
4681.293	0.5	4681293	trained	32747	20	memtrain/o_290_1.jpg	photodiode	1
4682.236	0.5	4682236	trained	32737	30	memtrain/o_437_2.jpg	photodiode	1
4682.995	0.5	4682995	catch	32671	n/a	catch_padded.jpg	photodiode	0
4683.411	0.0	4683411	response	6	n/a	n/a	trigger	0
4684.938	0.5	4684938	untrained	32696	71	memtrain/o_483_1.jpg	photodiode	1
4685.739	0.5	4685739	untrained	32694	73	memtrain/o_519_2.jpg	photodiode	1
4686.59	0.5	4686590	untrained	32695	72	memtrain/o_490_1.jpg	photodiode	1
4687.39	0.5	4687390	catch	32671	n/a	catch_padded.jpg	photodiode	0
4687.778	0.0	4687778	response	6	n/a	n/a	trigger	0
4689.4	0.5	4689400	untrained	32716	51	memtrain/o_103_2.jpg	photodiode	1
4690.193	0.5	4690193	trained	32723	44	memtrain/so_045_1.jpg	photodiode	1
4690.993	0.5	4690993	trained	32748	19	memtrain/o_284_2.jpg	photodiode	1
4691.944	0.5	4691944	untrained	32675	92	memtrain/so_033_1.jpg	photodiode	1
4692.845	0.5	4692845	untrained	32693	74	memtrain/o_550_1.jpg	photodiode	1
4693.645	0.5	4693645	catch	32671	n/a	catch_padded.jpg	photodiode	0
4694.005	0.0	4694005	response	6	n/a	n/a	trigger	0
4695.647	0.5	4695647	trained	32765	2	memtrain/o_035_1.jpg	photodiode	1
4696.598	0.5	4696598	untrained	32684	83	memtrain/so_105_1.jpg	photodiode	1
4697.549	0.5	4697549	untrained	32702	65	memtrain/o_337_2.jpg	photodiode	1
4698.4	0.5	4698400	untrained	32715	52	memtrain/o_141_1.jpg	photodiode	1
4699.35	0.5	4699350	untrained	32685	82	memtrain/o_656_1.jpg	photodiode	1
4700.101	0.5	4700101	catch	32671	n/a	catch_padded.jpg	photodiode	0
4700.464	0.0	4700464	response	6	n/a	n/a	trigger	0
4702.053	0.5	4702053	untrained	32688	79	memtrain/o_600_1.jpg	photodiode	1
4702.953	0.5	4702953	untrained	32673	94	memtrain/so_067_1.jpg	photodiode	1
4703.854	0.5	4703854	trained	32735	32	memtrain/o_485_2.jpg	photodiode	1
4704.755	0.5	4704755	catch	32671	n/a	catch_padded.jpg	photodiode	0
4705.129	0.0	4705129	response	6	n/a	n/a	trigger	0
4706.757	0.5	4706757	trained	32734	33	memtrain/o_536_1.jpg	photodiode	1
4707.699	0.5	4707699	untrained	32708	59	memtrain/o_201_2.jpg	photodiode	1
4708.55	0.5	4708550	trained	32720	47	memtrain/so_147_2.jpg	photodiode	1
4709.459	0.5	4709459	trained	32760	7	memtrain/o_091_2.jpg	photodiode	1
4710.301	0.5	4710301	untrained	32706	61	memtrain/o_298_2.jpg	photodiode	1
4711.26	0.5	4711260	catch	32671	n/a	catch_padded.jpg	photodiode	0
4711.578	0.0	4711578	response	6	n/a	n/a	trigger	0
4713.362	0.5	4713362	trained	32762	5	memtrain/o_067_1.jpg	photodiode	1
4714.204	0.5	4714204	trained	32728	39	memtrain/o_606_1.jpg	photodiode	1
4715.105	0.5	4715105	untrained	32718	49	memtrain/o_054_2.jpg	photodiode	1
4715.906	0.5	4715906	catch	32671	n/a	catch_padded.jpg	photodiode	0
4717.858	0.5	4717858	trained	32730	37	memtrain/o_597_1.jpg	photodiode	1
4718.708	0.5	4718708	trained	32749	18	memtrain/o_264_2.jpg	photodiode	1
4719.609	0.5	4719609	trained	32736	31	memtrain/o_465_2.jpg	photodiode	1
4720.56	0.5	4720560	trained	32758	9	memtrain/o_101_2.jpg	photodiode	1
4721.511	0.5	4721511	catch	32671	n/a	catch_padded.jpg	photodiode	0
4721.836	0.0	4721836	response	6	n/a	n/a	trigger	0
4723.412	0.5	4723412	untrained	32707	60	memtrain/o_228_2.jpg	photodiode	1
4724.263	0.5	4724263	trained	32727	40	memtrain/o_648_2.jpg	photodiode	1
4725.064	0.5	4725064	trained	32732	35	memtrain/o_561_2.jpg	photodiode	1
4725.864	0.5	4725864	untrained	32681	86	memtrain/o_288_1.jpg	photodiode	1
4726.715	0.5	4726715	catch	32671	n/a	catch_padded.jpg	photodiode	0
4727.099	0.0	4727099	response	6	n/a	n/a	trigger	0
4728.767	0.5	4728767	untrained	32687	80	memtrain/o_613_1.jpg	photodiode	1
4729.718	0.5	4729718	untrained	32700	67	memtrain/o_378_1.jpg	photodiode	1
4730.618	0.5	4730618	untrained	32698	69	memtrain/o_464_2.jpg	photodiode	1
4731.419	0.5	4731419	catch	32671	n/a	catch_padded.jpg	photodiode	0
4731.725	0.0	4731725	response	6	n/a	n/a	trigger	0
4733.371	0.5	4733371	untrained	32712	55	memtrain/o_153_2.jpg	photodiode	1
4734.171	0.5	4734171	untrained	32719	48	memtrain/o_019_2.jpg	photodiode	1
4735.072	0.5	4735072	trained	32741	26	memtrain/o_376_1.jpg	photodiode	1
4735.873	0.5	4735873	trained	32750	17	memtrain/o_232_1.jpg	photodiode	1
4736.715	0.5	4736715	catch	32671	n/a	catch_padded.jpg	photodiode	0
4737.058	0.0	4737058	response	6	n/a	n/a	trigger	0
4738.617	0.5	4738617	trained	32751	16	memtrain/o_199_2.jpg	photodiode	1
4739.526	0.5	4739526	untrained	32679	88	memtrain/o_458_1.jpg	photodiode	1
4740.418	0.5	4740418	trained	32745	22	memtrain/o_321_1.jpg	photodiode	1
4741.169	0.5	4741169	trained	32739	28	memtrain/o_397_1.jpg	photodiode	1
4741.928	0.5	4741928	trained	32725	42	memtrain/so_034_2.jpg	photodiode	1
4742.77	0.5	4742770	catch	32671	n/a	catch_padded.jpg	photodiode	0
4743.072	0.0	4743072	response	6	n/a	n/a	trigger	0
4744.772	0.5	4744772	untrained	32699	68	memtrain/o_393_1.jpg	photodiode	1
4745.723	0.5	4745723	trained	32764	3	memtrain/o_040_2.jpg	photodiode	1
4746.574	0.5	4746574	trained	32761	6	memtrain/o_076_1.jpg	photodiode	1
4747.324	0.5	4747324	catch	32671	n/a	catch_padded.jpg	photodiode	0
4747.648	0.0	4747648	response	6	n/a	n/a	trigger	0
4749.376	0.5	4749376	trained	32767	0	memtrain/o_006_1.jpg	photodiode	1
4750.177	0.5	4750177	trained	32755	12	memtrain/o_127_2.jpg	photodiode	1
4750.927	0.5	4750927	untrained	32691	76	memtrain/o_570_1.jpg	photodiode	1
4751.686	0.5	4751686	untrained	32717	50	memtrain/o_057_2.jpg	photodiode	1
4752.579	0.5	4752579	catch	32671	n/a	catch_padded.jpg	photodiode	0
4752.918	0.0	4752918	response	6	n/a	n/a	trigger	0
4754.53	0.5	4754530	untrained	32711	56	memtrain/o_163_2.jpg	photodiode	1
4755.431	0.5	4755431	trained	32757	10	memtrain/o_111_2.jpg	photodiode	1
4756.382	0.5	4756382	trained	32742	25	memtrain/o_358_2.jpg	photodiode	1
4757.133	0.5	4757133	trained	32733	34	memtrain/o_558_2.jpg	photodiode	1
4757.983	0.5	4757983	untrained	32714	53	memtrain/o_142_2.jpg	photodiode	1
4758.834	0.5	4758834	catch	32671	n/a	catch_padded.jpg	photodiode	0
4759.059	0.0	4759059	response	6	n/a	n/a	trigger	0
4760.936	0.5	4760936	untrained	32678	89	memtrain/o_469_1.jpg	photodiode	1
4761.737	0.5	4761737	untrained	32683	84	memtrain/so_117_2.jpg	photodiode	1
4762.537	0.5	4762537	trained	32759	8	memtrain/o_094_1.jpg	photodiode	1
4763.338	0.5	4763338	catch	32671	n/a	catch_padded.jpg	photodiode	0
4763.684	0.0	4763684	response	6	n/a	n/a	trigger	0
4765.24	0.5	4765240	trained	32731	36	memtrain/o_583_1.jpg	photodiode	1
4766.14	0.5	4766140	trained	32726	41	memtrain/o_663_2.jpg	photodiode	1
4766.882	0.5	4766882	trained	32763	4	memtrain/o_042_1.jpg	photodiode	1
4767.733	0.5	4767733	untrained	32682	85	memtrain/o_218_1.jpg	photodiode	1
4768.684	0.5	4768684	catch	32671	n/a	catch_padded.jpg	photodiode	0
4768.957	0.0	4768957	response	6	n/a	n/a	trigger	0
4770.736	0.5	4770736	untrained	32676	91	memtrain/o_605_1.jpg	photodiode	1
4771.636	0.5	4771636	untrained	32687	80	memtrain/o_613_1.jpg	photodiode	1
4772.587	0.5	4772587	trained	32733	34	memtrain/o_558_2.jpg	photodiode	1
4773.388	0.5	4773388	catch	32671	n/a	catch_padded.jpg	photodiode	0
4773.777	0.0	4773777	response	6	n/a	n/a	trigger	0
4775.49	0.5	4775490	untrained	32719	48	memtrain/o_019_2.jpg	photodiode	1
4776.34	0.5	4776340	trained	32736	31	memtrain/o_465_2.jpg	photodiode	1
4777.241	0.5	4777241	untrained	32673	94	memtrain/so_067_1.jpg	photodiode	1
4778.192	0.5	4778192	trained	32744	23	memtrain/o_338_2.jpg	photodiode	1
4779.143	0.5	4779143	trained	32759	8	memtrain/o_094_1.jpg	photodiode	1
4780.094	0.5	4780094	catch	32671	n/a	catch_padded.jpg	photodiode	0
4780.509	0.0	4780509	response	6	n/a	n/a	trigger	0
4782.145	0.5	4782145	trained	32748	19	memtrain/o_284_2.jpg	photodiode	1
4782.996	0.5	4782996	untrained	32705	62	memtrain/o_304_1.jpg	photodiode	1
4783.747	0.5	4783747	trained	32761	6	memtrain/o_076_1.jpg	photodiode	1
4784.497	0.5	4784497	trained	32756	11	memtrain/o_117_2.jpg	photodiode	1
4785.398	0.5	4785398	catch	32671	n/a	catch_padded.jpg	photodiode	0
4785.773	0.0	4785773	response	6	n/a	n/a	trigger	0
4787.5	0.5	4787500	trained	32732	35	memtrain/o_561_2.jpg	photodiode	1
4788.351	0.5	4788351	trained	32734	33	memtrain/o_536_1.jpg	photodiode	1
4789.301	0.5	4789301	untrained	32710	57	memtrain/o_171_1.jpg	photodiode	1
4790.052	0.5	4790052	untrained	32706	61	memtrain/o_298_2.jpg	photodiode	1
4790.803	0.5	4790803	untrained	32675	92	memtrain/so_033_1.jpg	photodiode	1
4791.703	0.5	4791703	catch	32671	n/a	catch_padded.jpg	photodiode	0
4792.223	0.0	4792223	response	6	n/a	n/a	trigger	0
4793.655	0.5	4793655	trained	32741	26	memtrain/o_376_1.jpg	photodiode	1
4794.506	0.5	4794506	untrained	32690	77	memtrain/o_574_2.jpg	photodiode	1
4795.357	0.5	4795357	trained	32750	17	memtrain/o_232_1.jpg	photodiode	1
4796.299	0.5	4796299	untrained	32692	75	memtrain/o_564_1.jpg	photodiode	1
4797.058	0.5	4797058	catch	32671	n/a	catch_padded.jpg	photodiode	0
4797.477	0.0	4797477	response	6	n/a	n/a	trigger	0
4799.102	0.5	4799102	trained	32725	42	memtrain/so_034_2.jpg	photodiode	1
4800.011	0.5	4800011	untrained	32693	74	memtrain/o_550_1.jpg	photodiode	1
4800.961	0.5	4800961	untrained	32709	58	memtrain/o_192_1.jpg	photodiode	1
4801.804	0.5	4801804	trained	32752	15	memtrain/o_195_1.jpg	photodiode	1
4802.755	0.5	4802755	catch	32671	n/a	catch_padded.jpg	photodiode	0
4803.013	0.0	4803013	response	6	n/a	n/a	trigger	0
4804.656	0.5	4804656	trained	32754	13	memtrain/o_136_1.jpg	photodiode	1
4805.407	0.5	4805407	trained	32749	18	memtrain/o_264_2.jpg	photodiode	1
4806.158	0.5	4806158	trained	32730	37	memtrain/o_597_1.jpg	photodiode	1
4807.108	0.5	4807108	catch	32671	n/a	catch_padded.jpg	photodiode	0
4807.371	0.0	4807371	response	6	n/a	n/a	trigger	0
4809.21	0.5	4809210	untrained	32688	79	memtrain/o_600_1.jpg	photodiode	1
4810.011	0.5	4810011	untrained	32696	71	memtrain/o_483_1.jpg	photodiode	1
4810.912	0.5	4810912	trained	32729	38	memtrain/o_603_1.jpg	photodiode	1
4811.662	0.5	4811662	catch	32671	n/a	catch_padded.jpg	photodiode	0
4811.998	0.0	4811998	response	6	n/a	n/a	trigger	0
4813.614	0.5	4813614	trained	32721	46	memtrain/so_113_1.jpg	photodiode	1
4814.365	0.5	4814365	trained	32728	39	memtrain/o_606_1.jpg	photodiode	1
4815.215	0.5	4815215	untrained	32718	49	memtrain/o_054_2.jpg	photodiode	1
4815.966	0.5	4815966	untrained	32715	52	memtrain/o_141_1.jpg	photodiode	1
4816.917	0.5	4816917	catch	32671	n/a	catch_padded.jpg	photodiode	0
4817.07	0.0	4817070	response	5	n/a	n/a	trigger	0
4817.351	0.0	4817351	response	6	n/a	n/a	trigger	0
4818.968	0.5	4818968	untrained	32701	66	memtrain/o_342_2.jpg	photodiode	1
4819.819	0.5	4819819	untrained	32683	84	memtrain/so_117_2.jpg	photodiode	1
4820.77	0.5	4820770	untrained	32695	72	memtrain/o_490_1.jpg	photodiode	1
4821.571	0.5	4821571	untrained	32703	64	memtrain/o_334_2.jpg	photodiode	1
4822.371	0.5	4822371	catch	32671	n/a	catch_padded.jpg	photodiode	0
4822.666	0.0	4822666	response	6	n/a	n/a	trigger	0
4824.264	0.5	4824264	untrained	32684	83	memtrain/so_105_1.jpg	photodiode	1
4825.215	0.5	4825215	untrained	32676	91	memtrain/o_605_1.jpg	photodiode	1
4825.966	0.5	4825966	trained	32737	30	memtrain/o_437_2.jpg	photodiode	1
4826.867	0.5	4826867	catch	32671	n/a	catch_padded.jpg	photodiode	0
4827.177	0.0	4827177	response	6	n/a	n/a	trigger	0
4828.977	0.5	4828977	untrained	32679	88	memtrain/o_458_1.jpg	photodiode	1
4829.719	0.5	4829719	untrained	32691	76	memtrain/o_570_1.jpg	photodiode	1
4830.57	0.5	4830570	untrained	32699	68	memtrain/o_393_1.jpg	photodiode	1
4831.37	0.5	4831370	untrained	32686	81	memtrain/o_655_2.jpg	photodiode	1
4832.171	0.5	4832171	catch	32671	n/a	catch_padded.jpg	photodiode	0
4832.482	0.0	4832482	response	6	n/a	n/a	trigger	0
4834.181	0.5	4834181	untrained	32682	85	memtrain/o_218_1.jpg	photodiode	1
4835.074	0.5	4835074	trained	32723	44	memtrain/so_045_1.jpg	photodiode	1
4835.924	0.5	4835924	trained	32758	9	memtrain/o_101_2.jpg	photodiode	1
4836.875	0.5	4836875	untrained	32674	93	memtrain/so_035_1.jpg	photodiode	1
4837.626	0.5	4837626	untrained	32700	67	memtrain/o_378_1.jpg	photodiode	1
4838.527	0.5	4838527	catch	32671	n/a	catch_padded.jpg	photodiode	0
4838.934	0.0	4838934	response	6	n/a	n/a	trigger	0
4840.428	0.5	4840428	trained	32760	7	memtrain/o_091_2.jpg	photodiode	1
4841.379	0.5	4841379	trained	32745	22	memtrain/o_321_1.jpg	photodiode	1
4842.18	0.5	4842180	untrained	32717	50	memtrain/o_057_2.jpg	photodiode	1
4842.93	0.5	4842930	trained	32742	25	memtrain/o_358_2.jpg	photodiode	1
4843.731	0.5	4843731	untrained	32708	59	memtrain/o_201_2.jpg	photodiode	1
4844.632	0.5	4844632	catch	32671	n/a	catch_padded.jpg	photodiode	0
4844.908	0.0	4844908	response	6	n/a	n/a	trigger	0
4846.533	0.5	4846533	trained	32735	32	memtrain/o_485_2.jpg	photodiode	1
4847.284	0.5	4847284	trained	32722	45	memtrain/so_090_2.jpg	photodiode	1
4848.235	0.5	4848235	untrained	32713	54	memtrain/o_145_1.jpg	photodiode	1
4848.985	0.5	4848985	trained	32727	40	memtrain/o_648_2.jpg	photodiode	1
4849.886	0.5	4849886	catch	32671	n/a	catch_padded.jpg	photodiode	0
4850.371	0.0	4850371	response	6	n/a	n/a	trigger	0
4851.788	0.5	4851788	untrained	32698	69	memtrain/o_464_2.jpg	photodiode	1
4852.739	0.5	4852739	trained	32762	5	memtrain/o_067_1.jpg	photodiode	1
4853.489	0.5	4853489	trained	32753	14	memtrain/o_174_1.jpg	photodiode	1
4854.282	0.5	4854282	catch	32671	n/a	catch_padded.jpg	photodiode	0
4854.647	0.0	4854647	response	6	n/a	n/a	trigger	0
4856.191	0.5	4856191	untrained	32716	51	memtrain/o_103_2.jpg	photodiode	1
4857.042	0.5	4857042	untrained	32677	90	memtrain/o_580_1.jpg	photodiode	1
4857.785	0.5	4857785	trained	32763	4	memtrain/o_042_1.jpg	photodiode	1
4858.735	0.5	4858735	catch	32671	n/a	catch_padded.jpg	photodiode	0
4859.064	0.0	4859064	response	6	n/a	n/a	trigger	0
4860.687	0.5	4860687	trained	32765	2	memtrain/o_035_1.jpg	photodiode	1
4861.438	0.5	4861438	trained	32739	28	memtrain/o_397_1.jpg	photodiode	1
4862.288	0.5	4862288	trained	32766	1	memtrain/o_015_1.jpg	photodiode	1
4863.239	0.5	4863239	trained	32747	20	memtrain/o_290_1.jpg	photodiode	1
4864.09	0.5	4864090	untrained	32697	70	memtrain/o_471_2.jpg	photodiode	1
4864.941	0.5	4864941	catch	32671	n/a	catch_padded.jpg	photodiode	0
4865.218	0.0	4865218	response	6	n/a	n/a	trigger	0
4867.043	0.5	4867043	trained	32757	10	memtrain/o_111_2.jpg	photodiode	1
4867.993	0.5	4867993	trained	32738	29	memtrain/o_416_1.jpg	photodiode	1
4868.894	0.5	4868894	trained	32724	43	memtrain/so_043_2.jpg	photodiode	1
4869.695	0.5	4869695	untrained	32685	82	memtrain/o_656_1.jpg	photodiode	1
4870.596	0.5	4870596	catch	32671	n/a	catch_padded.jpg	photodiode	0
4870.916	0.0	4870916	response	6	n/a	n/a	trigger	0
4872.697	0.5	4872697	untrained	32712	55	memtrain/o_153_2.jpg	photodiode	1
4873.598	0.5	4873598	untrained	32707	60	memtrain/o_228_2.jpg	photodiode	1
4874.399	0.5	4874399	trained	32720	47	memtrain/so_147_2.jpg	photodiode	1
4875.249	0.5	4875249	untrained	32680	87	memtrain/o_365_1.jpg	photodiode	1
4876.15	0.5	4876150	untrained	32681	86	memtrain/o_288_1.jpg	photodiode	1
4877.001	0.5	4877001	catch	32671	n/a	catch_padded.jpg	photodiode	0
4877.636	0.0	4877636	response	6	n/a	n/a	trigger	0
4879.011	0.5	4879011	untrained	32678	89	memtrain/o_469_1.jpg	photodiode	1
4879.903	0.5	4879903	untrained	32714	53	memtrain/o_142_2.jpg	photodiode	1
4880.654	0.5	4880654	trained	32755	12	memtrain/o_127_2.jpg	photodiode	1
4881.405	0.5	4881405	untrained	32672	95	memtrain/so_125_1.jpg	photodiode	1
4882.155	0.5	4882155	untrained	32702	65	memtrain/o_337_2.jpg	photodiode	1
4882.948	0.5	4882948	catch	32671	n/a	catch_padded.jpg	photodiode	0
4885.008	0.5	4885008	trained	32731	36	memtrain/o_583_1.jpg	photodiode	1
4885.858	0.5	4885858	trained	32751	16	memtrain/o_199_2.jpg	photodiode	1
4886.65	0.0	4886650	response	5	n/a	n/a	trigger	0
4886.751	0.5	4886751	trained	32767	0	memtrain/o_006_1.jpg	photodiode	1
4887.601	0.5	4887601	trained	32726	41	memtrain/o_663_2.jpg	photodiode	1
4888.352	0.5	4888352	catch	32671	n/a	catch_padded.jpg	photodiode	0
4888.718	0.0	4888718	response	6	n/a	n/a	trigger	0
4890.354	0.5	4890354	trained	32764	3	memtrain/o_040_2.jpg	photodiode	1
4891.104	0.5	4891104	trained	32746	21	memtrain/o_319_1.jpg	photodiode	1
4892.005	0.5	4892005	untrained	32704	63	memtrain/o_310_2.jpg	photodiode	1
4892.806	0.5	4892806	untrained	32689	78	memtrain/o_599_1.jpg	photodiode	1
4893.607	0.5	4893607	untrained	32694	73	memtrain/o_519_2.jpg	photodiode	1
4894.407	0.5	4894407	catch	32671	n/a	catch_padded.jpg	photodiode	0
4894.758	0.0	4894758	response	6	n/a	n/a	trigger	0
4896.409	0.5	4896409	trained	32740	27	memtrain/o_379_2.jpg	photodiode	1
4897.31	0.5	4897310	trained	32743	24	memtrain/o_357_1.jpg	photodiode	1
4898.21	0.5	4898210	untrained	32711	56	memtrain/o_163_2.jpg	photodiode	1
4899.061	0.5	4899061	catch	32671	n/a	catch_padded.jpg	photodiode	0
4899.407	0.0	4899407	response	6	n/a	n/a	trigger	0
4905.538	0.0	4905538	block_end	120	n/a	n/a	trigger	0
5007.105	0.0	5007105	response	6	n/a	n/a	trigger	0
5007.108	0.0	5007108	block_onset	115	n/a	n/a	trigger	0
5009.163	0.5	5009163	trained	32756	11	memtrain/o_117_2.jpg	photodiode	1
5009.914	0.5	5009914	untrained	32698	69	memtrain/o_464_2.jpg	photodiode	1
5010.764	0.5	5010764	untrained	32689	78	memtrain/o_599_1.jpg	photodiode	1
5011.565	0.5	5011565	untrained	32703	64	memtrain/o_334_2.jpg	photodiode	1
5012.416	0.5	5012416	trained	32752	15	memtrain/o_195_1.jpg	photodiode	1
5013.308	0.5	5013308	catch	32671	n/a	catch_padded.jpg	photodiode	0
5013.534	0.0	5013534	response	6	n/a	n/a	trigger	0
5015.26	0.5	5015260	untrained	32685	82	memtrain/o_656_1.jpg	photodiode	1
5016.06	0.5	5016060	trained	32740	27	memtrain/o_379_2.jpg	photodiode	1
5016.861	0.5	5016861	untrained	32704	63	memtrain/o_310_2.jpg	photodiode	1
5017.712	0.5	5017712	untrained	32673	94	memtrain/so_067_1.jpg	photodiode	1
5018.613	0.5	5018613	catch	32671	n/a	catch_padded.jpg	photodiode	0
5018.932	0.0	5018932	response	6	n/a	n/a	trigger	0
5020.673	0.5	5020673	trained	32732	35	memtrain/o_561_2.jpg	photodiode	1
5021.415	0.5	5021415	trained	32767	0	memtrain/o_006_1.jpg	photodiode	1
5022.366	0.5	5022366	trained	32744	23	memtrain/o_338_2.jpg	photodiode	1
5023.267	0.5	5023267	trained	32727	40	memtrain/o_648_2.jpg	photodiode	1
5024.167	0.5	5024167	catch	32671	n/a	catch_padded.jpg	photodiode	0
5024.415	0.0	5024415	response	6	n/a	n/a	trigger	0
5026.219	0.5	5026219	trained	32743	24	memtrain/o_357_1.jpg	photodiode	1
5027.17	0.5	5027170	untrained	32686	81	memtrain/o_655_2.jpg	photodiode	1
5027.92	0.5	5027920	untrained	32713	54	memtrain/o_145_1.jpg	photodiode	1
5028.73	0.5	5028730	trained	32722	45	memtrain/so_090_2.jpg	photodiode	1
5029.472	0.5	5029472	untrained	32694	73	memtrain/o_519_2.jpg	photodiode	1
5030.423	0.5	5030423	catch	32671	n/a	catch_padded.jpg	photodiode	0
5030.735	0.0	5030735	response	6	n/a	n/a	trigger	0
5032.374	0.5	5032374	trained	32725	42	memtrain/so_034_2.jpg	photodiode	1
5033.225	0.5	5033225	trained	32733	34	memtrain/o_558_2.jpg	photodiode	1
5034.126	0.5	5034126	untrained	32716	51	memtrain/o_103_2.jpg	photodiode	1
5035.026	0.5	5035026	catch	32671	n/a	catch_padded.jpg	photodiode	0
5035.404	0.0	5035404	response	6	n/a	n/a	trigger	0
5036.928	0.5	5036928	trained	32750	17	memtrain/o_232_1.jpg	photodiode	1
5037.779	0.5	5037779	trained	32747	20	memtrain/o_290_1.jpg	photodiode	1
5038.63	0.5	5038630	untrained	32682	85	memtrain/o_218_1.jpg	photodiode	1
5039.53	0.5	5039530	untrained	32683	84	memtrain/so_117_2.jpg	photodiode	1
5040.381	0.5	5040381	untrained	32707	60	memtrain/o_228_2.jpg	photodiode	1
5041.282	0.5	5041282	catch	32671	n/a	catch_padded.jpg	photodiode	0
5041.512	0.0	5041512	response	6	n/a	n/a	trigger	0
5043.183	0.5	5043183	trained	32746	21	memtrain/o_319_1.jpg	photodiode	1
5044.134	0.5	5044134	trained	32728	39	memtrain/o_606_1.jpg	photodiode	1
5045.077	0.5	5045077	untrained	32676	91	memtrain/o_605_1.jpg	photodiode	1
5045.936	0.5	5045936	trained	32734	33	memtrain/o_536_1.jpg	photodiode	1
5046.778	0.5	5046778	catch	32671	n/a	catch_padded.jpg	photodiode	0
5047.107	0.0	5047107	response	6	n/a	n/a	trigger	0
5048.78	0.5	5048780	untrained	32672	95	memtrain/so_125_1.jpg	photodiode	1
5049.631	0.5	5049631	trained	32735	32	memtrain/o_485_2.jpg	photodiode	1
5050.431	0.5	5050431	trained	32764	3	memtrain/o_040_2.jpg	photodiode	1
5051.232	0.5	5051232	untrained	32695	72	memtrain/o_490_1.jpg	photodiode	1
5052.041	0.5	5052041	trained	32753	14	memtrain/o_174_1.jpg	photodiode	1
5052.833	0.5	5052833	catch	32671	n/a	catch_padded.jpg	photodiode	0
5053.155	0.0	5053155	response	6	n/a	n/a	trigger	0
5054.893	0.5	5054893	untrained	32680	87	memtrain/o_365_1.jpg	photodiode	1
5055.786	0.5	5055786	trained	32729	38	memtrain/o_603_1.jpg	photodiode	1
5056.637	0.5	5056637	untrained	32693	74	memtrain/o_550_1.jpg	photodiode	1
5057.537	0.5	5057537	untrained	32699	68	memtrain/o_393_1.jpg	photodiode	1
5058.438	0.5	5058438	catch	32671	n/a	catch_padded.jpg	photodiode	0
5058.722	0.0	5058722	response	6	n/a	n/a	trigger	0
5060.54	0.5	5060540	untrained	32718	49	memtrain/o_054_2.jpg	photodiode	1
5061.441	0.5	5061441	trained	32755	12	memtrain/o_127_2.jpg	photodiode	1
5062.241	0.5	5062241	trained	32737	30	memtrain/o_437_2.jpg	photodiode	1
5063.092	0.5	5063092	untrained	32717	50	memtrain/o_057_2.jpg	photodiode	1
5063.993	0.5	5063993	trained	32741	26	memtrain/o_376_1.jpg	photodiode	1
5064.844	0.5	5064844	catch	32671	n/a	catch_padded.jpg	photodiode	0
5065.207	0.0	5065207	response	6	n/a	n/a	trigger	0
5066.795	0.5	5066795	trained	32751	16	memtrain/o_199_2.jpg	photodiode	1
5067.546	0.5	5067546	untrained	32701	66	memtrain/o_342_2.jpg	photodiode	1
5068.297	0.5	5068297	untrained	32702	65	memtrain/o_337_2.jpg	photodiode	1
5069.047	0.5	5069047	catch	32671	n/a	catch_padded.jpg	photodiode	0
5069.473	0.0	5069473	response	6	n/a	n/a	trigger	0
5070.999	0.5	5070999	trained	32720	47	memtrain/so_147_2.jpg	photodiode	1
5071.749	0.5	5071749	untrained	32719	48	memtrain/o_019_2.jpg	photodiode	1
5072.55	0.5	5072550	untrained	32677	90	memtrain/o_580_1.jpg	photodiode	1
5073.501	0.5	5073501	trained	32759	8	memtrain/o_094_1.jpg	photodiode	1
5074.443	0.5	5074443	catch	32671	n/a	catch_padded.jpg	photodiode	0
5074.812	0.0	5074812	response	6	n/a	n/a	trigger	0
5076.403	0.5	5076403	untrained	32697	70	memtrain/o_471_2.jpg	photodiode	1
5077.146	0.5	5077146	untrained	32674	93	memtrain/so_035_1.jpg	photodiode	1
5077.946	0.5	5077946	untrained	32710	57	memtrain/o_171_1.jpg	photodiode	1
5078.697	0.5	5078697	trained	32766	1	memtrain/o_015_1.jpg	photodiode	1
5079.548	0.5	5079548	trained	32757	10	memtrain/o_111_2.jpg	photodiode	1
5080.448	0.5	5080448	catch	32671	n/a	catch_padded.jpg	photodiode	0
5080.751	0.0	5080751	response	6	n/a	n/a	trigger	0
5082.45	0.5	5082450	trained	32754	13	memtrain/o_136_1.jpg	photodiode	1
5083.209	0.5	5083209	trained	32763	4	memtrain/o_042_1.jpg	photodiode	1
5084.151	0.5	5084151	untrained	32706	61	memtrain/o_298_2.jpg	photodiode	1
5085.002	0.5	5085002	catch	32671	n/a	catch_padded.jpg	photodiode	0
5085.381	0.0	5085381	response	6	n/a	n/a	trigger	0
5087.104	0.5	5087104	trained	32761	6	memtrain/o_076_1.jpg	photodiode	1
5088.005	0.5	5088005	trained	32738	29	memtrain/o_416_1.jpg	photodiode	1
5088.905	0.5	5088905	trained	32724	43	memtrain/so_043_2.jpg	photodiode	1
5089.806	0.5	5089806	catch	32671	n/a	catch_padded.jpg	photodiode	0
5090.19	0.0	5090190	response	6	n/a	n/a	trigger	0
5091.808	0.5	5091808	untrained	32679	88	memtrain/o_458_1.jpg	photodiode	1
5092.559	0.5	5092559	trained	32739	28	memtrain/o_397_1.jpg	photodiode	1
5093.409	0.5	5093409	untrained	32711	56	memtrain/o_163_2.jpg	photodiode	1
5094.16	0.5	5094160	untrained	32690	77	memtrain/o_574_2.jpg	photodiode	1
5094.961	0.5	5094961	untrained	32705	62	memtrain/o_304_1.jpg	photodiode	1
5095.761	0.5	5095761	catch	32671	n/a	catch_padded.jpg	photodiode	0
5096.13	0.0	5096130	response	6	n/a	n/a	trigger	0
5097.663	0.5	5097663	trained	32760	7	memtrain/o_091_2.jpg	photodiode	1
5098.614	0.5	5098614	untrained	32709	58	memtrain/o_192_1.jpg	photodiode	1
5099.364	0.5	5099364	untrained	32678	89	memtrain/o_469_1.jpg	photodiode	1
5100.215	0.5	5100215	untrained	32715	52	memtrain/o_141_1.jpg	photodiode	1
5101.116	0.5	5101116	catch	32671	n/a	catch_padded.jpg	photodiode	0
5101.464	0.0	5101464	response	6	n/a	n/a	trigger	0
5103.109	0.5	5103109	untrained	32675	92	memtrain/so_033_1.jpg	photodiode	1
5103.91	0.5	5103910	trained	32745	22	memtrain/o_321_1.jpg	photodiode	1
5104.661	0.5	5104661	untrained	32688	79	memtrain/o_600_1.jpg	photodiode	1
5105.511	0.5	5105511	catch	32671	n/a	catch_padded.jpg	photodiode	0
5105.914	0.0	5105914	response	6	n/a	n/a	trigger	0
5107.613	0.5	5107613	untrained	32691	76	memtrain/o_570_1.jpg	photodiode	1
5108.514	0.5	5108514	trained	32742	25	memtrain/o_358_2.jpg	photodiode	1
5109.323	0.5	5109323	trained	32723	44	memtrain/so_045_1.jpg	photodiode	1
5110.265	0.5	5110265	catch	32671	n/a	catch_padded.jpg	photodiode	0
5110.589	0.0	5110589	response	6	n/a	n/a	trigger	0
5112.217	0.5	5112217	trained	32726	41	memtrain/o_663_2.jpg	photodiode	1
5113.168	0.5	5113168	trained	32721	46	memtrain/so_113_1.jpg	photodiode	1
5113.969	0.5	5113969	untrained	32696	71	memtrain/o_483_1.jpg	photodiode	1
5114.727	0.5	5114727	untrained	32681	86	memtrain/o_288_1.jpg	photodiode	1
5115.52	0.5	5115520	trained	32758	9	memtrain/o_101_2.jpg	photodiode	1
5116.421	0.5	5116421	catch	32671	n/a	catch_padded.jpg	photodiode	0
5116.719	0.0	5116719	response	6	n/a	n/a	trigger	0
5118.422	0.5	5118422	untrained	32687	80	memtrain/o_613_1.jpg	photodiode	1
5119.273	0.5	5119273	untrained	32714	53	memtrain/o_142_2.jpg	photodiode	1
5120.124	0.5	5120124	trained	32765	2	memtrain/o_035_1.jpg	photodiode	1
5120.874	0.5	5120874	trained	32736	31	memtrain/o_465_2.jpg	photodiode	1
5121.825	0.5	5121825	catch	32671	n/a	catch_padded.jpg	photodiode	0
5122.062	0.0	5122062	response	6	n/a	n/a	trigger	0
5123.927	0.5	5123927	trained	32749	18	memtrain/o_264_2.jpg	photodiode	1
5124.728	0.5	5124728	trained	32748	19	memtrain/o_284_2.jpg	photodiode	1
5125.679	0.5	5125679	untrained	32700	67	memtrain/o_378_1.jpg	photodiode	1
5126.479	0.5	5126479	untrained	32712	55	memtrain/o_153_2.jpg	photodiode	1
5127.43	0.5	5127430	catch	32671	n/a	catch_padded.jpg	photodiode	0
5127.714	0.0	5127714	response	6	n/a	n/a	trigger	0
5129.532	0.5	5129532	trained	32762	5	memtrain/o_067_1.jpg	photodiode	1
5130.491	0.5	5130491	untrained	32692	75	memtrain/o_564_1.jpg	photodiode	1
5131.275	0.5	5131275	untrained	32684	83	memtrain/so_105_1.jpg	photodiode	1
5132.025	0.5	5132025	trained	32730	37	memtrain/o_597_1.jpg	photodiode	1
5132.976	0.5	5132976	catch	32671	n/a	catch_padded.jpg	photodiode	0
5133.238	0.0	5133238	response	6	n/a	n/a	trigger	0
5135.028	0.5	5135028	trained	32731	36	memtrain/o_583_1.jpg	photodiode	1
5135.979	0.5	5135979	untrained	32708	59	memtrain/o_201_2.jpg	photodiode	1
5136.729	0.5	5136729	trained	32738	29	memtrain/o_416_1.jpg	photodiode	1
5137.39	0.0	5137390	response	5	n/a	n/a	trigger	0
5137.48	0.5	5137480	catch	32671	n/a	catch_padded.jpg	photodiode	0
5137.948	0.0	5137948	response	6	n/a	n/a	trigger	0
5139.382	0.5	5139382	trained	32753	14	memtrain/o_174_1.jpg	photodiode	1
5140.132	0.5	5140132	untrained	32690	77	memtrain/o_574_2.jpg	photodiode	1
5140.933	0.5	5140933	untrained	32678	89	memtrain/o_469_1.jpg	photodiode	1
5141.884	0.5	5141884	trained	32745	22	memtrain/o_321_1.jpg	photodiode	1
5142.835	0.5	5142835	untrained	32717	50	memtrain/o_057_2.jpg	photodiode	1
5143.685	0.5	5143685	catch	32671	n/a	catch_padded.jpg	photodiode	0
5143.969	0.0	5143969	response	6	n/a	n/a	trigger	0
5145.687	0.5	5145687	untrained	32699	68	memtrain/o_393_1.jpg	photodiode	1
5146.438	0.5	5146438	untrained	32700	67	memtrain/o_378_1.jpg	photodiode	1
5147.338	0.5	5147338	untrained	32685	82	memtrain/o_656_1.jpg	photodiode	1
5148.089	0.5	5148089	trained	32720	47	memtrain/so_147_2.jpg	photodiode	1
5149.04	0.5	5149040	catch	32671	n/a	catch_padded.jpg	photodiode	0
5149.403	0.0	5149403	response	6	n/a	n/a	trigger	0
5151.142	0.5	5151142	untrained	32674	93	memtrain/so_035_1.jpg	photodiode	1
5152.042	0.5	5152042	untrained	32689	78	memtrain/o_599_1.jpg	photodiode	1
5152.793	0.5	5152793	untrained	32695	72	memtrain/o_490_1.jpg	photodiode	1
5153.694	0.5	5153694	catch	32671	n/a	catch_padded.jpg	photodiode	0
5154.539	0.0	5154539	response	6	n/a	n/a	trigger	0
5155.746	0.5	5155746	trained	32721	46	memtrain/so_113_1.jpg	photodiode	1
5156.646	0.5	5156646	trained	32758	9	memtrain/o_101_2.jpg	photodiode	1
5157.497	0.5	5157497	untrained	32715	52	memtrain/o_141_1.jpg	photodiode	1
5158.34	0.5	5158340	catch	32671	n/a	catch_padded.jpg	photodiode	0
5158.731	0.0	5158731	response	6	n/a	n/a	trigger	0
5160.341	0.5	5160341	trained	32766	1	memtrain/o_015_1.jpg	photodiode	1
5161.142	0.5	5161142	untrained	32692	75	memtrain/o_564_1.jpg	photodiode	1
5162.043	0.5	5162043	trained	32759	8	memtrain/o_094_1.jpg	photodiode	1
5162.793	0.5	5162793	untrained	32696	71	memtrain/o_483_1.jpg	photodiode	1
5163.602	0.5	5163602	untrained	32704	63	memtrain/o_310_2.jpg	photodiode	1
5164.395	0.5	5164395	catch	32671	n/a	catch_padded.jpg	photodiode	0
5164.728	0.0	5164728	response	6	n/a	n/a	trigger	0
5166.455	0.5	5166455	trained	32756	11	memtrain/o_117_2.jpg	photodiode	1
5167.347	0.5	5167347	untrained	32705	62	memtrain/o_304_1.jpg	photodiode	1
5168.248	0.5	5168248	trained	32747	20	memtrain/o_290_1.jpg	photodiode	1
5168.999	0.5	5168999	catch	32671	n/a	catch_padded.jpg	photodiode	0
5169.383	0.0	5169383	response	6	n/a	n/a	trigger	0
5170.95	0.5	5170950	untrained	32686	81	memtrain/o_655_2.jpg	photodiode	1
5171.901	0.5	5171901	trained	32752	15	memtrain/o_195_1.jpg	photodiode	1
5172.802	0.5	5172802	trained	32744	23	memtrain/o_338_2.jpg	photodiode	1
5173.552	0.5	5173552	untrained	32714	53	memtrain/o_142_2.jpg	photodiode	1
5174.503	0.5	5174503	trained	32751	16	memtrain/o_199_2.jpg	photodiode	1
5175.404	0.5	5175404	catch	32671	n/a	catch_padded.jpg	photodiode	0
5176.221	0.0	5176221	response	6	n/a	n/a	trigger	0
5177.456	0.5	5177456	untrained	32672	95	memtrain/so_125_1.jpg	photodiode	1
5178.256	0.5	5178256	trained	32732	35	memtrain/o_561_2.jpg	photodiode	1
5179.107	0.5	5179107	untrained	32683	84	memtrain/so_117_2.jpg	photodiode	1
5180.008	0.5	5180008	untrained	32691	76	memtrain/o_570_1.jpg	photodiode	1
5180.859	0.5	5180859	untrained	32677	90	memtrain/o_580_1.jpg	photodiode	1
5181.809	0.5	5181809	catch	32671	n/a	catch_padded.jpg	photodiode	0
5182.827	0.0	5182827	response	6	n/a	n/a	trigger	0
5183.711	0.5	5183711	trained	32725	42	memtrain/so_034_2.jpg	photodiode	1
5184.662	0.5	5184662	untrained	32693	74	memtrain/o_550_1.jpg	photodiode	1
5185.563	0.5	5185563	untrained	32703	64	memtrain/o_334_2.jpg	photodiode	1
5186.413	0.5	5186413	trained	32727	40	memtrain/o_648_2.jpg	photodiode	1
5187.214	0.5	5187214	trained	32754	13	memtrain/o_136_1.jpg	photodiode	1
5188.056	0.5	5188056	catch	32671	n/a	catch_padded.jpg	photodiode	0
5188.318	0.0	5188318	response	6	n/a	n/a	trigger	0
5190.058	0.5	5190058	untrained	32711	56	memtrain/o_163_2.jpg	photodiode	1
5190.909	0.5	5190909	untrained	32716	51	memtrain/o_103_2.jpg	photodiode	1
5191.859	0.5	5191859	trained	32761	6	memtrain/o_076_1.jpg	photodiode	1
5192.61	0.5	5192610	untrained	32679	88	memtrain/o_458_1.jpg	photodiode	1
5193.561	0.5	5193561	catch	32671	n/a	catch_padded.jpg	photodiode	0
5193.916	0.0	5193916	response	6	n/a	n/a	trigger	0
5195.463	0.5	5195463	trained	32760	7	memtrain/o_091_2.jpg	photodiode	1
5196.372	0.5	5196372	trained	32746	21	memtrain/o_319_1.jpg	photodiode	1
5197.114	0.5	5197114	untrained	32673	94	memtrain/so_067_1.jpg	photodiode	1
5198.015	0.5	5198015	catch	32671	n/a	catch_padded.jpg	photodiode	0
5198.594	0.0	5198594	response	6	n/a	n/a	trigger	0
5200.116	0.5	5200116	trained	32722	45	memtrain/so_090_2.jpg	photodiode	1
5200.967	0.5	5200967	untrained	32702	65	memtrain/o_337_2.jpg	photodiode	1
5201.818	0.5	5201818	trained	32763	4	memtrain/o_042_1.jpg	photodiode	1
5202.769	0.5	5202769	trained	32765	2	memtrain/o_035_1.jpg	photodiode	1
5203.519	0.5	5203519	trained	32742	25	memtrain/o_358_2.jpg	photodiode	1
5204.47	0.5	5204470	catch	32671	n/a	catch_padded.jpg	photodiode	0
5204.789	0.0	5204789	response	6	n/a	n/a	trigger	0
5206.472	0.5	5206472	trained	32737	30	memtrain/o_437_2.jpg	photodiode	1
5207.373	0.5	5207373	untrained	32707	60	memtrain/o_228_2.jpg	photodiode	1
5208.123	0.5	5208123	untrained	32710	57	memtrain/o_171_1.jpg	photodiode	1
5208.974	0.5	5208974	catch	32671	n/a	catch_padded.jpg	photodiode	0
5209.531	0.0	5209531	response	6	n/a	n/a	trigger	0
5211.026	0.5	5211026	trained	32743	24	memtrain/o_357_1.jpg	photodiode	1
5211.926	0.5	5211926	untrained	32709	58	memtrain/o_192_1.jpg	photodiode	1
5212.777	0.5	5212777	trained	32755	12	memtrain/o_127_2.jpg	photodiode	1
5213.528	0.5	5213528	catch	32671	n/a	catch_padded.jpg	photodiode	0
5213.812	0.0	5213812	response	6	n/a	n/a	trigger	0
5215.429	0.5	5215429	untrained	32708	59	memtrain/o_201_2.jpg	photodiode	1
5216.18	0.5	5216180	untrained	32684	83	memtrain/so_105_1.jpg	photodiode	1
5217.081	0.5	5217081	untrained	32694	73	memtrain/o_519_2.jpg	photodiode	1
5217.873	0.5	5217873	trained	32739	28	memtrain/o_397_1.jpg	photodiode	1
5218.782	0.5	5218782	trained	32749	18	memtrain/o_264_2.jpg	photodiode	1
5219.583	0.5	5219583	catch	32671	n/a	catch_padded.jpg	photodiode	0
5219.871	0.0	5219871	response	6	n/a	n/a	trigger	0
5221.576	0.5	5221576	trained	32731	36	memtrain/o_583_1.jpg	photodiode	1
5222.477	0.5	5222477	untrained	32701	66	memtrain/o_342_2.jpg	photodiode	1
5223.428	0.5	5223428	untrained	32688	79	memtrain/o_600_1.jpg	photodiode	1
5224.179	0.5	5224179	trained	32723	44	memtrain/so_045_1.jpg	photodiode	1
5225.029	0.5	5225029	untrained	32687	80	memtrain/o_613_1.jpg	photodiode	1
5225.988	0.5	5225988	catch	32671	n/a	catch_padded.jpg	photodiode	0
5226.25	0.0	5226250	response	6	n/a	n/a	trigger	0
5227.882	0.5	5227882	trained	32767	0	memtrain/o_006_1.jpg	photodiode	1
5228.833	0.5	5228833	untrained	32676	91	memtrain/o_605_1.jpg	photodiode	1
5229.633	0.5	5229633	untrained	32675	92	memtrain/so_033_1.jpg	photodiode	1
5230.434	0.5	5230434	untrained	32718	49	memtrain/o_054_2.jpg	photodiode	1
5231.185	0.5	5231185	catch	32671	n/a	catch_padded.jpg	photodiode	0
5231.584	0.0	5231584	response	6	n/a	n/a	trigger	0
5233.144	0.5	5233144	untrained	32681	86	memtrain/o_288_1.jpg	photodiode	1
5234.087	0.5	5234087	untrained	32682	85	memtrain/o_218_1.jpg	photodiode	1
5235.038	0.5	5235038	trained	32736	31	memtrain/o_465_2.jpg	photodiode	1
5235.989	0.5	5235989	catch	32671	n/a	catch_padded.jpg	photodiode	0
5236.557	0.0	5236557	response	6	n/a	n/a	trigger	0
5237.94	0.5	5237940	trained	32757	10	memtrain/o_111_2.jpg	photodiode	1
5238.691	0.5	5238691	untrained	32698	69	memtrain/o_464_2.jpg	photodiode	1
5239.642	0.5	5239642	untrained	32697	70	memtrain/o_471_2.jpg	photodiode	1
5240.493	0.5	5240493	catch	32671	n/a	catch_padded.jpg	photodiode	0
5240.852	0.0	5240852	response	6	n/a	n/a	trigger	0
5242.444	0.5	5242444	untrained	32706	61	memtrain/o_298_2.jpg	photodiode	1
5243.295	0.5	5243295	trained	32734	33	memtrain/o_536_1.jpg	photodiode	1
5244.246	0.5	5244246	untrained	32719	48	memtrain/o_019_2.jpg	photodiode	1
5245.046	0.5	5245046	trained	32729	38	memtrain/o_603_1.jpg	photodiode	1
5245.947	0.5	5245947	catch	32671	n/a	catch_padded.jpg	photodiode	0
5246.707	0.0	5246707	response	6	n/a	n/a	trigger	0
5247.84	0.5	5247840	untrained	32712	55	memtrain/o_153_2.jpg	photodiode	1
5248.791	0.5	5248791	trained	32728	39	memtrain/o_606_1.jpg	photodiode	1
5249.592	0.5	5249592	trained	32762	5	memtrain/o_067_1.jpg	photodiode	1
5250.543	0.5	5250543	catch	32671	n/a	catch_padded.jpg	photodiode	0
5250.902	0.0	5250902	response	6	n/a	n/a	trigger	0
5252.503	0.5	5252503	trained	32741	26	memtrain/o_376_1.jpg	photodiode	1
5253.295	0.5	5253295	trained	32764	3	memtrain/o_040_2.jpg	photodiode	1
5254.196	0.5	5254196	trained	32726	41	memtrain/o_663_2.jpg	photodiode	1
5255.146	0.5	5255146	trained	32750	17	memtrain/o_232_1.jpg	photodiode	1
5255.947	0.5	5255947	catch	32671	n/a	catch_padded.jpg	photodiode	0
5256.341	0.0	5256341	response	6	n/a	n/a	trigger	0
5257.849	0.5	5257849	trained	32733	34	memtrain/o_558_2.jpg	photodiode	1
5258.599	0.5	5258599	untrained	32713	54	memtrain/o_145_1.jpg	photodiode	1
5259.4	0.5	5259400	trained	32724	43	memtrain/so_043_2.jpg	photodiode	1
5260.251	0.5	5260251	untrained	32680	87	memtrain/o_365_1.jpg	photodiode	1
5261.102	0.5	5261102	catch	32671	n/a	catch_padded.jpg	photodiode	0
5261.438	0.0	5261438	response	6	n/a	n/a	trigger	0
5263.003	0.5	5263003	trained	32735	32	memtrain/o_485_2.jpg	photodiode	1
5263.854	0.5	5263854	trained	32748	19	memtrain/o_284_2.jpg	photodiode	1
5264.805	0.5	5264805	trained	32730	37	memtrain/o_597_1.jpg	photodiode	1
5265.605	0.5	5265605	trained	32740	27	memtrain/o_379_2.jpg	photodiode	1
5266.556	0.5	5266556	catch	32671	n/a	catch_padded.jpg	photodiode	0
5267.02	0.0	5267020	response	6	n/a	n/a	trigger	0
5273.033	0.0	5273033	block_end	120	n/a	n/a	trigger	0
