onset	duration	sample	trial_type	value	object_id	stimulus_id	onset_source	analysis_include
18.615	0.0	18615	response	7	n/a	n/a	trigger	0
18.624	0.0	18624	block_onset	101	n/a	n/a	trigger	0
20.679	0.5	20679	untrained	32713	54	memtrain/o_145_1.jpg	photodiode	1
21.43	0.5	21430	untrained	32694	73	memtrain/o_519_2.jpg	photodiode	1
22.281	0.5	22281	trained	32749	18	memtrain/o_264_2.jpg	photodiode	1
23.231	0.5	23231	untrained	32715	52	memtrain/o_141_1.jpg	photodiode	1
23.982	0.5	23982	trained	32759	8	memtrain/o_094_1.jpg	photodiode	1
24.783	0.5	24783	catch	32671	n/a	catch_padded.jpg	photodiode	0
25.161	0.0	25161	response	7	n/a	n/a	trigger	0
26.884	0.5	26884	trained	32728	39	memtrain/o_606_1.jpg	photodiode	1
27.635	0.5	27635	trained	32729	38	memtrain/o_603_1.jpg	photodiode	1
28.528	0.5	28528	untrained	32702	65	memtrain/o_337_2.jpg	photodiode	1
29.328	0.5	29328	untrained	32703	64	memtrain/o_334_2.jpg	photodiode	1
30.237	0.5	30237	catch	32671	n/a	catch_padded.jpg	photodiode	0
30.618	0.0	30618	response	7	n/a	n/a	trigger	0
32.139	0.5	32139	untrained	32701	66	memtrain/o_342_2.jpg	photodiode	1
33.082	0.5	33082	untrained	32680	87	memtrain/o_365_1.jpg	photodiode	1
33.982	0.5	33982	trained	32741	26	memtrain/o_376_1.jpg	photodiode	1
34.833	0.5	34833	trained	32753	14	memtrain/o_174_1.jpg	photodiode	1
35.584	0.5	35584	catch	32671	n/a	catch_padded.jpg	photodiode	0
35.952	0.0	35952	response	7	n/a	n/a	trigger	0
37.485	0.5	37485	untrained	32719	48	memtrain/o_019_2.jpg	photodiode	1
38.286	0.5	38286	trained	32757	10	memtrain/o_111_2.jpg	photodiode	1
39.237	0.5	39237	trained	32734	33	memtrain/o_536_1.jpg	photodiode	1
40.037	0.5	40037	catch	32671	n/a	catch_padded.jpg	photodiode	0
40.401	0.0	40401	response	7	n/a	n/a	trigger	0
42.139	0.5	42139	untrained	32718	49	memtrain/o_054_2.jpg	photodiode	1
42.89	0.5	42890	untrained	32697	70	memtrain/o_471_2.jpg	photodiode	1
43.64	0.5	43640	trained	32722	45	memtrain/so_090_2.jpg	photodiode	1
44.441	0.5	44441	trained	32723	44	memtrain/so_045_1.jpg	photodiode	1
45.242	0.5	45242	catch	32671	n/a	catch_padded.jpg	photodiode	0
45.531	0.0	45531	response	7	n/a	n/a	trigger	0
47.344	0.5	47344	untrained	32679	88	memtrain/o_458_1.jpg	photodiode	1
48.244	0.5	48244	trained	32752	15	memtrain/o_195_1.jpg	photodiode	1
49.195	0.5	49195	untrained	32693	74	memtrain/o_550_1.jpg	photodiode	1
49.946	0.5	49946	trained	32744	23	memtrain/o_338_2.jpg	photodiode	1
50.747	0.5	50747	catch	32671	n/a	catch_padded.jpg	photodiode	0
51.072	0.0	51072	response	7	n/a	n/a	trigger	0
52.698	0.5	52698	untrained	32714	53	memtrain/o_142_2.jpg	photodiode	1
53.499	0.5	53499	trained	32730	37	memtrain/o_597_1.jpg	photodiode	1
54.249	0.5	54249	untrained	32692	75	memtrain/o_564_1.jpg	photodiode	1
55.2	0.5	55200	untrained	32681	86	memtrain/o_288_1.jpg	photodiode	1
56.151	0.5	56151	untrained	32712	55	memtrain/o_153_2.jpg	photodiode	1
56.952	0.5	56952	catch	32671	n/a	catch_padded.jpg	photodiode	0
57.333	0.0	57333	response	7	n/a	n/a	trigger	0
59.054	0.5	59054	untrained	32711	56	memtrain/o_163_2.jpg	photodiode	1
59.946	0.5	59946	trained	32746	21	memtrain/o_319_1.jpg	photodiode	1
60.847	0.5	60847	trained	32763	4	memtrain/o_042_1.jpg	photodiode	1
61.647	0.5	61647	catch	32671	n/a	catch_padded.jpg	photodiode	0
62.061	0.0	62061	response	7	n/a	n/a	trigger	0
63.599	0.5	63599	untrained	32684	83	memtrain/so_105_1.jpg	photodiode	1
64.5	0.5	64500	untrained	32674	93	memtrain/so_035_1.jpg	photodiode	1
65.4	0.5	65400	untrained	32685	82	memtrain/o_656_1.jpg	photodiode	1
66.251	0.5	66251	untrained	32676	91	memtrain/o_605_1.jpg	photodiode	1
67.052	0.5	67052	trained	32748	19	memtrain/o_284_2.jpg	photodiode	1
67.803	0.5	67803	catch	32671	n/a	catch_padded.jpg	photodiode	0
68.104	0.0	68104	response	7	n/a	n/a	trigger	0
69.704	0.5	69704	untrained	32690	77	memtrain/o_574_2.jpg	photodiode	1
70.655	0.5	70655	trained	32765	2	memtrain/o_035_1.jpg	photodiode	1
71.506	0.5	71506	untrained	32678	89	memtrain/o_469_1.jpg	photodiode	1
72.306	0.5	72306	untrained	32695	72	memtrain/o_490_1.jpg	photodiode	1
73.107	0.5	73107	catch	32671	n/a	catch_padded.jpg	photodiode	0
73.508	0.0	73508	response	7	n/a	n/a	trigger	0
75.059	0.5	75059	trained	32737	30	memtrain/o_437_2.jpg	photodiode	1
75.809	0.5	75809	untrained	32706	61	memtrain/o_298_2.jpg	photodiode	1
76.76	0.5	76760	untrained	32686	81	memtrain/o_655_2.jpg	photodiode	1
77.511	0.5	77511	trained	32754	13	memtrain/o_136_1.jpg	photodiode	1
78.462	0.5	78462	catch	32671	n/a	catch_padded.jpg	photodiode	0
78.889	0.0	78889	response	7	n/a	n/a	trigger	0
80.513	0.5	80513	trained	32767	0	memtrain/o_006_1.jpg	photodiode	1
81.314	0.5	81314	trained	32720	47	memtrain/so_147_2.jpg	photodiode	1
82.115	0.5	82115	untrained	32691	76	memtrain/o_570_1.jpg	photodiode	1
83.065	0.5	83065	trained	32762	5	memtrain/o_067_1.jpg	photodiode	1
83.916	0.5	83916	untrained	32696	71	memtrain/o_483_1.jpg	photodiode	1
84.767	0.5	84767	catch	32671	n/a	catch_padded.jpg	photodiode	0
85.206	0.0	85206	response	7	n/a	n/a	trigger	0
86.71	0.5	86710	untrained	32689	78	memtrain/o_599_1.jpg	photodiode	1
87.569	0.5	87569	untrained	32687	80	memtrain/o_613_1.jpg	photodiode	1
88.362	0.5	88362	trained	32751	16	memtrain/o_199_2.jpg	photodiode	1
89.313	0.5	89313	untrained	32704	63	memtrain/o_310_2.jpg	photodiode	1
90.063	0.5	90063	catch	32671	n/a	catch_padded.jpg	photodiode	0
90.403	0.0	90403	response	7	n/a	n/a	trigger	0
92.065	0.5	92065	trained	32731	36	memtrain/o_583_1.jpg	photodiode	1
92.866	0.5	92866	trained	32756	11	memtrain/o_117_2.jpg	photodiode	1
93.766	0.5	93766	untrained	32699	68	memtrain/o_393_1.jpg	photodiode	1
94.717	0.5	94717	catch	32671	n/a	catch_padded.jpg	photodiode	0
95.134	0.0	95134	response	7	n/a	n/a	trigger	0
96.769	0.5	96769	trained	32755	12	memtrain/o_127_2.jpg	photodiode	1
97.62	0.5	97620	untrained	32707	60	memtrain/o_228_2.jpg	photodiode	1
98.37	0.5	98370	trained	32747	20	memtrain/o_290_1.jpg	photodiode	1
99.271	0.5	99271	untrained	32675	92	memtrain/so_033_1.jpg	photodiode	1
100.172	0.5	100172	catch	32671	n/a	catch_padded.jpg	photodiode	0
100.622	0.0	100622	response	7	n/a	n/a	trigger	0
102.182	0.5	102182	untrained	32673	94	memtrain/so_067_1.jpg	photodiode	1
103.024	0.5	103024	trained	32735	32	memtrain/o_485_2.jpg	photodiode	1
103.975	0.5	103975	untrained	32677	90	memtrain/o_580_1.jpg	photodiode	1
104.726	0.5	104726	catch	32671	n/a	catch_padded.jpg	photodiode	0
105.077	0.0	105077	response	7	n/a	n/a	trigger	0
106.777	0.5	106777	trained	32724	43	memtrain/so_043_2.jpg	photodiode	1
107.728	0.5	107728	untrained	32700	67	memtrain/o_378_1.jpg	photodiode	1
108.579	0.5	108579	trained	32743	24	memtrain/o_357_1.jpg	photodiode	1
109.53	0.5	109530	trained	32764	3	memtrain/o_040_2.jpg	photodiode	1
110.38	0.5	110380	trained	32739	28	memtrain/o_397_1.jpg	photodiode	1
111.181	0.5	111181	catch	32671	n/a	catch_padded.jpg	photodiode	0
111.592	0.0	111592	response	7	n/a	n/a	trigger	0
113.233	0.5	113233	trained	32742	25	memtrain/o_358_2.jpg	photodiode	1
114.084	0.5	114084	trained	32758	9	memtrain/o_101_2.jpg	photodiode	1
114.876	0.5	114876	trained	32733	34	memtrain/o_558_2.jpg	photodiode	1
115.635	0.5	115635	trained	32721	46	memtrain/so_113_1.jpg	photodiode	1
116.527	0.5	116527	catch	32671	n/a	catch_padded.jpg	photodiode	0
116.904	0.0	116904	response	7	n/a	n/a	trigger	0
118.529	0.5	118529	trained	32738	29	memtrain/o_416_1.jpg	photodiode	1
119.288	0.5	119288	untrained	32710	57	memtrain/o_171_1.jpg	photodiode	1
120.23	0.5	120230	trained	32760	7	memtrain/o_091_2.jpg	photodiode	1
121.081	0.5	121081	untrained	32698	69	memtrain/o_464_2.jpg	photodiode	1
122.032	0.5	122032	untrained	32705	62	memtrain/o_304_1.jpg	photodiode	1
122.983	0.5	122983	catch	32671	n/a	catch_padded.jpg	photodiode	0
123.396	0.0	123396	response	7	n/a	n/a	trigger	0
125.034	0.5	125034	trained	32726	41	memtrain/o_663_2.jpg	photodiode	1
125.885	0.5	125885	untrained	32682	85	memtrain/o_218_1.jpg	photodiode	1
126.636	0.5	126636	trained	32732	35	memtrain/o_561_2.jpg	photodiode	1
127.445	0.5	127445	trained	32766	1	memtrain/o_015_1.jpg	photodiode	1
128.337	0.5	128337	untrained	32683	84	memtrain/so_117_2.jpg	photodiode	1
129.138	0.5	129138	catch	32671	n/a	catch_padded.jpg	photodiode	0
129.509	0.0	129509	response	7	n/a	n/a	trigger	0
131.039	0.5	131039	trained	32727	40	memtrain/o_648_2.jpg	photodiode	1
131.84	0.5	131840	trained	32750	17	memtrain/o_232_1.jpg	photodiode	1
132.791	0.5	132791	untrained	32717	50	memtrain/o_057_2.jpg	photodiode	1
133.542	0.5	133542	catch	32671	n/a	catch_padded.jpg	photodiode	0
133.997	0.0	133997	response	7	n/a	n/a	trigger	0
135.543	0.5	135543	untrained	32688	79	memtrain/o_600_1.jpg	photodiode	1
136.494	0.5	136494	trained	32736	31	memtrain/o_465_2.jpg	photodiode	1
137.445	0.5	137445	untrained	32672	95	memtrain/so_125_1.jpg	photodiode	1
138.346	0.5	138346	catch	32671	n/a	catch_padded.jpg	photodiode	0
138.724	0.0	138724	response	7	n/a	n/a	trigger	0
140.447	0.5	140447	trained	32725	42	memtrain/so_034_2.jpg	photodiode	1
141.398	0.5	141398	untrained	32709	58	memtrain/o_192_1.jpg	photodiode	1
142.349	0.5	142349	trained	32745	22	memtrain/o_321_1.jpg	photodiode	1
143.15	0.5	143150	trained	32740	27	memtrain/o_379_2.jpg	photodiode	1
144.051	0.5	144051	trained	32761	6	memtrain/o_076_1.jpg	photodiode	1
144.943	0.5	144943	catch	32671	n/a	catch_padded.jpg	photodiode	0
145.311	0.0	145311	response	7	n/a	n/a	trigger	0
146.995	0.5	146995	untrained	32708	59	memtrain/o_201_2.jpg	photodiode	1
147.896	0.5	147896	untrained	32716	51	memtrain/o_103_2.jpg	photodiode	1
148.796	0.5	148796	untrained	32679	88	memtrain/o_458_1.jpg	photodiode	1
149.547	0.5	149547	catch	32671	n/a	catch_padded.jpg	photodiode	0
149.934	0.0	149934	response	7	n/a	n/a	trigger	0
151.449	0.5	151449	untrained	32703	64	memtrain/o_334_2.jpg	photodiode	1
152.199	0.5	152199	trained	32767	0	memtrain/o_006_1.jpg	photodiode	1
153.05	0.5	153050	trained	32759	8	memtrain/o_094_1.jpg	photodiode	1
153.851	0.5	153851	untrained	32697	70	memtrain/o_471_2.jpg	photodiode	1
154.651	0.5	154651	catch	32671	n/a	catch_padded.jpg	photodiode	0
155.047	0.0	155047	response	7	n/a	n/a	trigger	0
156.661	0.5	156661	untrained	32680	87	memtrain/o_365_1.jpg	photodiode	1
157.604	0.5	157604	trained	32761	6	memtrain/o_076_1.jpg	photodiode	1
158.455	0.5	158455	untrained	32698	69	memtrain/o_464_2.jpg	photodiode	1
159.305	0.5	159305	trained	32721	46	memtrain/so_113_1.jpg	photodiode	1
160.206	0.5	160206	catch	32671	n/a	catch_padded.jpg	photodiode	0
160.507	0.0	160507	response	7	n/a	n/a	trigger	0
162.108	0.5	162108	trained	32749	18	memtrain/o_264_2.jpg	photodiode	1
163.008	0.5	163008	untrained	32677	90	memtrain/o_580_1.jpg	photodiode	1
163.859	0.5	163859	untrained	32690	77	memtrain/o_574_2.jpg	photodiode	1
164.81	0.5	164810	trained	32738	29	memtrain/o_416_1.jpg	photodiode	1
165.561	0.5	165561	untrained	32707	60	memtrain/o_228_2.jpg	photodiode	1
166.511	0.5	166511	catch	32671	n/a	catch_padded.jpg	photodiode	0
166.859	0.0	166859	response	7	n/a	n/a	trigger	0
168.413	0.5	168413	untrained	32682	85	memtrain/o_218_1.jpg	photodiode	1
169.314	0.5	169314	untrained	32681	86	memtrain/o_288_1.jpg	photodiode	1
170.214	0.5	170214	untrained	32683	84	memtrain/so_117_2.jpg	photodiode	1
170.965	0.5	170965	catch	32671	n/a	catch_padded.jpg	photodiode	0
171.32	0.0	171320	response	7	n/a	n/a	trigger	0
172.967	0.5	172967	trained	32734	33	memtrain/o_536_1.jpg	photodiode	1
173.818	0.5	173818	untrained	32674	93	memtrain/so_035_1.jpg	photodiode	1
174.56	0.5	174560	trained	32755	12	memtrain/o_127_2.jpg	photodiode	1
175.31	0.5	175310	untrained	32716	51	memtrain/o_103_2.jpg	photodiode	1
176.27	0.5	176270	untrained	32712	55	memtrain/o_153_2.jpg	photodiode	1
177.062	0.5	177062	catch	32671	n/a	catch_padded.jpg	photodiode	0
177.411	0.0	177411	response	7	n/a	n/a	trigger	0
179.064	0.5	179064	untrained	32710	57	memtrain/o_171_1.jpg	photodiode	1
179.914	0.5	179914	trained	32766	1	memtrain/o_015_1.jpg	photodiode	1
180.665	0.5	180665	trained	32725	42	memtrain/so_034_2.jpg	photodiode	1
181.466	0.5	181466	untrained	32713	54	memtrain/o_145_1.jpg	photodiode	1
182.216	0.5	182216	catch	32671	n/a	catch_padded.jpg	photodiode	0
182.546	0.0	182546	response	7	n/a	n/a	trigger	0
184.318	0.5	184318	trained	32723	44	memtrain/so_045_1.jpg	photodiode	1
185.169	0.5	185169	trained	32736	31	memtrain/o_465_2.jpg	photodiode	1
186.019	0.5	186019	untrained	32702	65	memtrain/o_337_2.jpg	photodiode	1
186.77	0.5	186770	catch	32671	n/a	catch_padded.jpg	photodiode	0
187.182	0.0	187182	response	7	n/a	n/a	trigger	0
188.672	0.5	188672	trained	32724	43	memtrain/so_043_2.jpg	photodiode	1
189.422	0.5	189422	trained	32762	5	memtrain/o_067_1.jpg	photodiode	1
190.323	0.5	190323	trained	32756	11	memtrain/o_117_2.jpg	photodiode	1
191.174	0.5	191174	trained	32726	41	memtrain/o_663_2.jpg	photodiode	1
191.924	0.5	191924	catch	32671	n/a	catch_padded.jpg	photodiode	0
192.302	0.0	192302	response	7	n/a	n/a	trigger	0
193.826	0.5	193826	untrained	32672	95	memtrain/so_125_1.jpg	photodiode	1
194.777	0.5	194777	trained	32754	13	memtrain/o_136_1.jpg	photodiode	1
195.527	0.5	195527	untrained	32701	66	memtrain/o_342_2.jpg	photodiode	1
196.328	0.5	196328	untrained	32704	63	memtrain/o_310_2.jpg	photodiode	1
197.129	0.5	197129	untrained	32717	50	memtrain/o_057_2.jpg	photodiode	1
198.08	0.5	198080	catch	32671	n/a	catch_padded.jpg	photodiode	0
198.452	0.0	198452	response	7	n/a	n/a	trigger	0
200.031	0.5	200031	untrained	32693	74	memtrain/o_550_1.jpg	photodiode	1
200.932	0.5	200932	untrained	32692	75	memtrain/o_564_1.jpg	photodiode	1
201.833	0.5	201833	untrained	32706	61	memtrain/o_298_2.jpg	photodiode	1
202.684	0.5	202684	untrained	32686	81	memtrain/o_655_2.jpg	photodiode	1
203.426	0.5	203426	trained	32741	26	memtrain/o_376_1.jpg	photodiode	1
204.277	0.5	204277	catch	32671	n/a	catch_padded.jpg	photodiode	0
204.605	0.0	204605	response	7	n/a	n/a	trigger	0
206.237	0.5	206237	trained	32735	32	memtrain/o_485_2.jpg	photodiode	1
206.987	0.5	206987	untrained	32694	73	memtrain/o_519_2.jpg	photodiode	1
207.93	0.5	207930	trained	32750	17	memtrain/o_232_1.jpg	photodiode	1
208.73	0.5	208730	catch	32671	n/a	catch_padded.jpg	photodiode	0
209.14	0.0	209140	response	7	n/a	n/a	trigger	0
210.732	0.5	210732	untrained	32673	94	memtrain/so_067_1.jpg	photodiode	1
211.683	0.5	211683	trained	32722	45	memtrain/so_090_2.jpg	photodiode	1
212.534	0.5	212534	trained	32747	20	memtrain/o_290_1.jpg	photodiode	1
213.384	0.5	213384	catch	32671	n/a	catch_padded.jpg	photodiode	0
213.732	0.0	213732	response	7	n/a	n/a	trigger	0
215.386	0.5	215386	trained	32746	21	memtrain/o_319_1.jpg	photodiode	1
216.137	0.5	216137	untrained	32676	91	memtrain/o_605_1.jpg	photodiode	1
217.038	0.5	217038	untrained	32691	76	memtrain/o_570_1.jpg	photodiode	1
217.988	0.5	217988	trained	32748	19	memtrain/o_284_2.jpg	photodiode	1
218.889	0.5	218889	trained	32727	40	memtrain/o_648_2.jpg	photodiode	1
219.84	0.5	219840	catch	32671	n/a	catch_padded.jpg	photodiode	0
220.225	0.0	220225	response	7	n/a	n/a	trigger	0
221.892	0.5	221892	untrained	32689	78	memtrain/o_599_1.jpg	photodiode	1
222.792	0.5	222792	untrained	32709	58	memtrain/o_192_1.jpg	photodiode	1
223.743	0.5	223743	trained	32753	14	memtrain/o_174_1.jpg	photodiode	1
224.694	0.5	224694	catch	32671	n/a	catch_padded.jpg	photodiode	0
225.212	0.0	225212	response	7	n/a	n/a	trigger	0
226.696	0.5	226696	trained	32757	10	memtrain/o_111_2.jpg	photodiode	1
227.647	0.5	227647	trained	32739	28	memtrain/o_397_1.jpg	photodiode	1
228.547	0.5	228547	untrained	32675	92	memtrain/so_033_1.jpg	photodiode	1
229.448	0.5	229448	untrained	32695	72	memtrain/o_490_1.jpg	photodiode	1
230.199	0.5	230199	catch	32671	n/a	catch_padded.jpg	photodiode	0
230.589	0.0	230589	response	7	n/a	n/a	trigger	0
232.25	0.5	232250	untrained	32688	79	memtrain/o_600_1.jpg	photodiode	1
233.051	0.5	233051	trained	32737	30	memtrain/o_437_2.jpg	photodiode	1
233.943	0.5	233943	untrained	32719	48	memtrain/o_019_2.jpg	photodiode	1
234.694	0.5	234694	trained	32732	35	memtrain/o_561_2.jpg	photodiode	1
235.645	0.5	235645	trained	32751	16	memtrain/o_199_2.jpg	photodiode	1
236.395	0.5	236395	catch	32671	n/a	catch_padded.jpg	photodiode	0
236.784	0.0	236784	response	7	n/a	n/a	trigger	0
238.447	0.5	238447	untrained	32687	80	memtrain/o_613_1.jpg	photodiode	1
239.198	0.5	239198	trained	32752	15	memtrain/o_195_1.jpg	photodiode	1
240.157	0.5	240157	untrained	32705	62	memtrain/o_304_1.jpg	photodiode	1
240.999	0.5	240999	trained	32760	7	memtrain/o_091_2.jpg	photodiode	1
241.85	0.5	241850	untrained	32708	59	memtrain/o_201_2.jpg	photodiode	1
242.751	0.5	242751	catch	32671	n/a	catch_padded.jpg	photodiode	0
243.1	0.0	243100	response	7	n/a	n/a	trigger	0
244.803	0.5	244803	trained	32764	3	memtrain/o_040_2.jpg	photodiode	1
245.653	0.5	245653	untrained	32714	53	memtrain/o_142_2.jpg	photodiode	1
246.554	0.5	246554	untrained	32684	83	memtrain/so_105_1.jpg	photodiode	1
247.505	0.5	247505	trained	32765	2	memtrain/o_035_1.jpg	photodiode	1
248.356	0.5	248356	catch	32671	n/a	catch_padded.jpg	photodiode	0
248.774	0.0	248774	response	7	n/a	n/a	trigger	0
250.357	0.5	250357	untrained	32715	52	memtrain/o_141_1.jpg	photodiode	1
251.158	0.5	251158	untrained	32678	89	memtrain/o_469_1.jpg	photodiode	1
252.109	0.5	252109	untrained	32699	68	memtrain/o_393_1.jpg	photodiode	1
252.909	0.5	252909	catch	32671	n/a	catch_padded.jpg	photodiode	0
253.293	0.0	253293	response	7	n/a	n/a	trigger	0
254.861	0.5	254861	untrained	32711	56	memtrain/o_163_2.jpg	photodiode	1
255.662	0.5	255662	untrained	32700	67	memtrain/o_378_1.jpg	photodiode	1
256.513	0.5	256513	trained	32758	9	memtrain/o_101_2.jpg	photodiode	1
257.313	0.5	257313	trained	32744	23	memtrain/o_338_2.jpg	photodiode	1
258.214	0.5	258214	trained	32740	27	memtrain/o_379_2.jpg	photodiode	1
259.165	0.5	259165	catch	32671	n/a	catch_padded.jpg	photodiode	0
259.551	0.0	259551	response	7	n/a	n/a	trigger	0
261.208	0.5	261208	untrained	32696	71	memtrain/o_483_1.jpg	photodiode	1
262.009	0.5	262009	trained	32720	47	memtrain/so_147_2.jpg	photodiode	1
262.86	0.5	262860	trained	32743	24	memtrain/o_357_1.jpg	photodiode	1
263.76	0.5	263760	catch	32671	n/a	catch_padded.jpg	photodiode	0
264.164	0.0	264164	response	7	n/a	n/a	trigger	0
265.812	0.5	265812	untrained	32718	49	memtrain/o_054_2.jpg	photodiode	1
266.563	0.5	266563	trained	32728	39	memtrain/o_606_1.jpg	photodiode	1
267.464	0.5	267464	untrained	32685	82	memtrain/o_656_1.jpg	photodiode	1
268.264	0.5	268264	catch	32671	n/a	catch_padded.jpg	photodiode	0
268.68	0.0	268680	response	7	n/a	n/a	trigger	0
270.366	0.5	270366	trained	32730	37	memtrain/o_597_1.jpg	photodiode	1
271.167	0.5	271167	trained	32763	4	memtrain/o_042_1.jpg	photodiode	1
271.967	0.5	271967	trained	32729	38	memtrain/o_603_1.jpg	photodiode	1
272.768	0.5	272768	catch	32671	n/a	catch_padded.jpg	photodiode	0
273.155	0.0	273155	response	7	n/a	n/a	trigger	0
274.77	0.5	274770	trained	32731	36	memtrain/o_583_1.jpg	photodiode	1
275.621	0.5	275621	trained	32742	25	memtrain/o_358_2.jpg	photodiode	1
276.471	0.5	276471	trained	32733	34	memtrain/o_558_2.jpg	photodiode	1
277.272	0.5	277272	trained	32745	22	memtrain/o_321_1.jpg	photodiode	1
278.023	0.5	278023	catch	32671	n/a	catch_padded.jpg	photodiode	0
278.39	0.0	278390	response	7	n/a	n/a	trigger	0
280.498	0.0	280498	block_end	120	n/a	n/a	trigger	0
292.027	0.0	292027	response	7	n/a	n/a	trigger	0
292.039	0.0	292039	block_onset	102	n/a	n/a	trigger	0
294.094	0.5	294094	trained	32733	34	memtrain/o_558_2.jpg	photodiode	1
294.945	0.5	294945	untrained	32687	80	memtrain/o_613_1.jpg	photodiode	1
295.796	0.5	295796	trained	32766	1	memtrain/o_015_1.jpg	photodiode	1
296.546	0.5	296546	untrained	32704	63	memtrain/o_310_2.jpg	photodiode	1
297.297	0.5	297297	catch	32671	n/a	catch_padded.jpg	photodiode	0
297.656	0.0	297656	response	7	n/a	n/a	trigger	0
299.349	0.5	299349	untrained	32705	62	memtrain/o_304_1.jpg	photodiode	1
300.2	0.5	300200	untrained	32692	75	memtrain/o_564_1.jpg	photodiode	1
301.0	0.5	301000	trained	32750	17	memtrain/o_232_1.jpg	photodiode	1
301.893	0.5	301893	untrained	32715	52	memtrain/o_141_1.jpg	photodiode	1
302.643	0.5	302643	catch	32671	n/a	catch_padded.jpg	photodiode	0
303.017	0.0	303017	response	7	n/a	n/a	trigger	0
304.553	0.5	304553	trained	32740	27	memtrain/o_379_2.jpg	photodiode	1
305.346	0.5	305346	untrained	32719	48	memtrain/o_019_2.jpg	photodiode	1
306.096	0.5	306096	trained	32730	37	memtrain/o_597_1.jpg	photodiode	1
306.947	0.5	306947	catch	32671	n/a	catch_padded.jpg	photodiode	0
307.355	0.0	307355	response	7	n/a	n/a	trigger	0
308.999	0.5	308999	trained	32721	46	memtrain/so_113_1.jpg	photodiode	1
309.799	0.5	309799	trained	32736	31	memtrain/o_465_2.jpg	photodiode	1
310.7	0.5	310700	trained	32743	24	memtrain/o_357_1.jpg	photodiode	1
311.501	0.5	311501	trained	32763	4	memtrain/o_042_1.jpg	photodiode	1
312.252	0.5	312252	trained	32745	22	memtrain/o_321_1.jpg	photodiode	1
313.052	0.5	313052	catch	32671	n/a	catch_padded.jpg	photodiode	0
313.419	0.0	313419	response	7	n/a	n/a	trigger	0
315.054	0.5	315054	trained	32728	39	memtrain/o_606_1.jpg	photodiode	1
315.905	0.5	315905	untrained	32675	92	memtrain/so_033_1.jpg	photodiode	1
316.805	0.5	316805	trained	32744	23	memtrain/o_338_2.jpg	photodiode	1
317.756	0.5	317756	trained	32753	14	memtrain/o_174_1.jpg	photodiode	1
318.557	0.5	318557	catch	32671	n/a	catch_padded.jpg	photodiode	0
318.911	0.0	318911	response	7	n/a	n/a	trigger	0
320.459	0.5	320459	untrained	32673	94	memtrain/so_067_1.jpg	photodiode	1
321.209	0.5	321209	untrained	32702	65	memtrain/o_337_2.jpg	photodiode	1
321.96	0.5	321960	untrained	32682	85	memtrain/o_218_1.jpg	photodiode	1
322.71	0.5	322710	untrained	32703	64	memtrain/o_334_2.jpg	photodiode	1
323.511	0.5	323511	untrained	32685	82	memtrain/o_656_1.jpg	photodiode	1
324.462	0.5	324462	catch	32671	n/a	catch_padded.jpg	photodiode	0
324.908	0.0	324908	response	7	n/a	n/a	trigger	0
326.564	0.5	326564	trained	32757	10	memtrain/o_111_2.jpg	photodiode	1
327.515	0.5	327515	trained	32764	3	memtrain/o_040_2.jpg	photodiode	1
328.415	0.5	328415	trained	32731	36	memtrain/o_583_1.jpg	photodiode	1
329.308	0.5	329308	trained	32756	11	memtrain/o_117_2.jpg	photodiode	1
330.058	0.5	330058	catch	32671	n/a	catch_padded.jpg	photodiode	0
330.448	0.0	330448	response	7	n/a	n/a	trigger	0
332.06	0.5	332060	untrained	32691	76	memtrain/o_570_1.jpg	photodiode	1
332.811	0.5	332811	untrained	32690	77	memtrain/o_574_2.jpg	photodiode	1
333.711	0.5	333711	trained	32748	19	memtrain/o_284_2.jpg	photodiode	1
334.462	0.5	334462	catch	32671	n/a	catch_padded.jpg	photodiode	0
334.83	0.0	334830	response	7	n/a	n/a	trigger	0
336.422	0.5	336422	trained	32734	33	memtrain/o_536_1.jpg	photodiode	1
337.264	0.5	337264	untrained	32713	54	memtrain/o_145_1.jpg	photodiode	1
338.165	0.5	338165	untrained	32709	58	memtrain/o_192_1.jpg	photodiode	1
339.016	0.5	339016	trained	32737	30	memtrain/o_437_2.jpg	photodiode	1
339.867	0.5	339867	catch	32671	n/a	catch_padded.jpg	photodiode	0
340.162	0.0	340162	response	7	n/a	n/a	trigger	0
341.818	0.5	341818	untrained	32698	69	memtrain/o_464_2.jpg	photodiode	1
342.619	0.5	342619	trained	32755	12	memtrain/o_127_2.jpg	photodiode	1
343.52	0.5	343520	trained	32727	40	memtrain/o_648_2.jpg	photodiode	1
344.27	0.5	344270	untrained	32686	81	memtrain/o_655_2.jpg	photodiode	1
345.171	0.5	345171	catch	32671	n/a	catch_padded.jpg	photodiode	0
345.511	0.0	345511	response	7	n/a	n/a	trigger	0
347.223	0.5	347223	untrained	32680	87	memtrain/o_365_1.jpg	photodiode	1
348.124	0.5	348124	trained	32741	26	memtrain/o_376_1.jpg	photodiode	1
349.074	0.5	349074	untrained	32717	50	memtrain/o_057_2.jpg	photodiode	1
349.975	0.5	349975	untrained	32677	90	memtrain/o_580_1.jpg	photodiode	1
350.926	0.5	350926	catch	32671	n/a	catch_padded.jpg	photodiode	0
351.249	0.0	351249	response	7	n/a	n/a	trigger	0
352.978	0.5	352978	trained	32724	43	memtrain/so_043_2.jpg	photodiode	1
353.878	0.5	353878	trained	32722	45	memtrain/so_090_2.jpg	photodiode	1
354.679	0.5	354679	trained	32749	18	memtrain/o_264_2.jpg	photodiode	1
355.43	0.5	355430	untrained	32688	79	memtrain/o_600_1.jpg	photodiode	1
356.18	0.5	356180	untrained	32710	57	memtrain/o_171_1.jpg	photodiode	1
357.131	0.5	357131	catch	32671	n/a	catch_padded.jpg	photodiode	0
357.439	0.0	357439	response	7	n/a	n/a	trigger	0
359.133	0.5	359133	untrained	32706	61	memtrain/o_298_2.jpg	photodiode	1
359.934	0.5	359934	trained	32720	47	memtrain/so_147_2.jpg	photodiode	1
360.876	0.5	360876	untrained	32695	72	memtrain/o_490_1.jpg	photodiode	1
361.635	0.5	361635	catch	32671	n/a	catch_padded.jpg	photodiode	0
362.086	0.0	362086	response	7	n/a	n/a	trigger	0
363.679	0.5	363679	untrained	32707	60	memtrain/o_228_2.jpg	photodiode	1
364.429	0.5	364429	untrained	32701	66	memtrain/o_342_2.jpg	photodiode	1
365.33	0.5	365330	untrained	32683	84	memtrain/so_117_2.jpg	photodiode	1
366.181	0.5	366181	untrained	32716	51	memtrain/o_103_2.jpg	photodiode	1
367.131	0.5	367131	catch	32671	n/a	catch_padded.jpg	photodiode	0
367.551	0.0	367551	response	7	n/a	n/a	trigger	0
369.091	0.5	369091	untrained	32689	78	memtrain/o_599_1.jpg	photodiode	1
369.984	0.5	369984	trained	32746	21	memtrain/o_319_1.jpg	photodiode	1
370.835	0.5	370835	untrained	32693	74	memtrain/o_550_1.jpg	photodiode	1
371.785	0.5	371785	untrained	32694	73	memtrain/o_519_2.jpg	photodiode	1
372.736	0.5	372736	catch	32671	n/a	catch_padded.jpg	photodiode	0
373.141	0.0	373141	response	7	n/a	n/a	trigger	0
374.788	0.5	374788	trained	32738	29	memtrain/o_416_1.jpg	photodiode	1
375.539	0.5	375539	untrained	32684	83	memtrain/so_105_1.jpg	photodiode	1
376.489	0.5	376489	untrained	32679	88	memtrain/o_458_1.jpg	photodiode	1
377.34	0.5	377340	catch	32671	n/a	catch_padded.jpg	photodiode	0
377.808	0.0	377808	response	7	n/a	n/a	trigger	0
379.392	0.5	379392	trained	32726	41	memtrain/o_663_2.jpg	photodiode	1
380.293	0.5	380293	untrained	32708	59	memtrain/o_201_2.jpg	photodiode	1
381.243	0.5	381243	trained	32735	32	memtrain/o_485_2.jpg	photodiode	1
381.994	0.5	381994	catch	32671	n/a	catch_padded.jpg	photodiode	0
382.372	0.0	382372	response	7	n/a	n/a	trigger	0
383.946	0.5	383946	trained	32761	6	memtrain/o_076_1.jpg	photodiode	1
384.746	0.5	384746	trained	32742	25	memtrain/o_358_2.jpg	photodiode	1
385.597	0.5	385597	trained	32725	42	memtrain/so_034_2.jpg	photodiode	1
386.498	0.5	386498	catch	32671	n/a	catch_padded.jpg	photodiode	0
386.867	0.0	386867	response	7	n/a	n/a	trigger	0
388.541	0.5	388541	untrained	32678	89	memtrain/o_469_1.jpg	photodiode	1
389.392	0.5	389392	trained	32747	20	memtrain/o_290_1.jpg	photodiode	1
390.351	0.5	390351	trained	32765	2	memtrain/o_035_1.jpg	photodiode	1
391.143	0.5	391143	untrained	32714	53	memtrain/o_142_2.jpg	photodiode	1
392.044	0.5	392044	catch	32671	n/a	catch_padded.jpg	photodiode	0
392.456	0.0	392456	response	7	n/a	n/a	trigger	0
393.996	0.5	393996	untrained	32696	71	memtrain/o_483_1.jpg	photodiode	1
394.796	0.5	394796	trained	32751	16	memtrain/o_199_2.jpg	photodiode	1
395.647	0.5	395647	untrained	32718	49	memtrain/o_054_2.jpg	photodiode	1
396.556	0.5	396556	untrained	32700	67	memtrain/o_378_1.jpg	photodiode	1
397.449	0.5	397449	untrained	32676	91	memtrain/o_605_1.jpg	photodiode	1
398.299	0.5	398299	catch	32671	n/a	catch_padded.jpg	photodiode	0
398.728	0.0	398728	response	7	n/a	n/a	trigger	0
400.251	0.5	400251	untrained	32711	56	memtrain/o_163_2.jpg	photodiode	1
401.152	0.5	401152	trained	32758	9	memtrain/o_101_2.jpg	photodiode	1
402.103	0.5	402103	trained	32723	44	memtrain/so_045_1.jpg	photodiode	1
402.953	0.5	402953	trained	32762	5	memtrain/o_067_1.jpg	photodiode	1
403.904	0.5	403904	untrained	32699	68	memtrain/o_393_1.jpg	photodiode	1
404.805	0.5	404805	catch	32671	n/a	catch_padded.jpg	photodiode	0
405.131	0.0	405131	response	7	n/a	n/a	trigger	0
406.857	0.5	406857	trained	32732	35	memtrain/o_561_2.jpg	photodiode	1
407.657	0.5	407657	untrained	32672	95	memtrain/so_125_1.jpg	photodiode	1
408.558	0.5	408558	trained	32759	8	memtrain/o_094_1.jpg	photodiode	1
409.359	0.5	409359	catch	32671	n/a	catch_padded.jpg	photodiode	0
409.742	0.0	409742	response	7	n/a	n/a	trigger	0
411.411	0.5	411411	untrained	32674	93	memtrain/so_035_1.jpg	photodiode	1
412.311	0.5	412311	trained	32767	0	memtrain/o_006_1.jpg	photodiode	1
413.112	0.5	413112	trained	32754	13	memtrain/o_136_1.jpg	photodiode	1
414.063	0.5	414063	catch	32671	n/a	catch_padded.jpg	photodiode	0
414.417	0.0	414417	response	7	n/a	n/a	trigger	0
416.064	0.5	416064	untrained	32697	70	memtrain/o_471_2.jpg	photodiode	1
416.865	0.5	416865	untrained	32712	55	memtrain/o_153_2.jpg	photodiode	1
417.708	0.5	417708	trained	32739	28	memtrain/o_397_1.jpg	photodiode	1
418.458	0.5	418458	trained	32729	38	memtrain/o_603_1.jpg	photodiode	1
419.359	0.5	419359	untrained	32681	86	memtrain/o_288_1.jpg	photodiode	1
420.31	0.5	420310	catch	32671	n/a	catch_padded.jpg	photodiode	0
420.663	0.0	420663	response	7	n/a	n/a	trigger	0
422.42	0.5	422420	trained	32752	15	memtrain/o_195_1.jpg	photodiode	1
423.262	0.5	423262	trained	32760	7	memtrain/o_091_2.jpg	photodiode	1
424.063	0.5	424063	trained	32755	12	memtrain/o_127_2.jpg	photodiode	1
424.864	0.5	424864	trained	32744	23	memtrain/o_338_2.jpg	photodiode	1
425.714	0.5	425714	catch	32671	n/a	catch_padded.jpg	photodiode	0
426.176	0.0	426176	response	7	n/a	n/a	trigger	0
427.716	0.5	427716	untrained	32678	89	memtrain/o_469_1.jpg	photodiode	1
428.667	0.5	428667	untrained	32697	70	memtrain/o_471_2.jpg	photodiode	1
429.418	0.5	429418	untrained	32686	81	memtrain/o_655_2.jpg	photodiode	1
430.168	0.5	430168	trained	32740	27	memtrain/o_379_2.jpg	photodiode	1
431.019	0.5	431019	catch	32671	n/a	catch_padded.jpg	photodiode	0
431.435	0.0	431435	response	7	n/a	n/a	trigger	0
432.971	0.5	432971	trained	32762	5	memtrain/o_067_1.jpg	photodiode	1
433.721	0.5	433721	trained	32746	21	memtrain/o_319_1.jpg	photodiode	1
434.672	0.5	434672	trained	32725	42	memtrain/so_034_2.jpg	photodiode	1
435.423	0.5	435423	untrained	32704	63	memtrain/o_310_2.jpg	photodiode	1
436.273	0.5	436273	catch	32671	n/a	catch_padded.jpg	photodiode	0
436.654	0.0	436654	response	7	n/a	n/a	trigger	0
438.375	0.5	438375	trained	32739	28	memtrain/o_397_1.jpg	photodiode	1
439.226	0.5	439226	untrained	32715	52	memtrain/o_141_1.jpg	photodiode	1
440.027	0.5	440027	trained	32733	34	memtrain/o_558_2.jpg	photodiode	1
440.877	0.5	440877	trained	32753	14	memtrain/o_174_1.jpg	photodiode	1
441.828	0.5	441828	untrained	32709	58	memtrain/o_192_1.jpg	photodiode	1
442.579	0.5	442579	catch	32671	n/a	catch_padded.jpg	photodiode	0
442.981	0.0	442981	response	7	n/a	n/a	trigger	0
444.681	0.5	444681	trained	32734	33	memtrain/o_536_1.jpg	photodiode	1
445.481	0.5	445481	trained	32760	7	memtrain/o_091_2.jpg	photodiode	1
446.332	0.5	446332	trained	32732	35	memtrain/o_561_2.jpg	photodiode	1
447.124	0.5	447124	trained	32757	10	memtrain/o_111_2.jpg	photodiode	1
447.925	0.5	447925	untrained	32714	53	memtrain/o_142_2.jpg	photodiode	1
448.684	0.5	448684	catch	32671	n/a	catch_padded.jpg	photodiode	0
449.202	0.0	449202	response	7	n/a	n/a	trigger	0
450.577	0.5	450577	untrained	32685	82	memtrain/o_656_1.jpg	photodiode	1
451.428	0.5	451428	trained	32738	29	memtrain/o_416_1.jpg	photodiode	1
452.287	0.5	452287	untrained	32682	85	memtrain/o_218_1.jpg	photodiode	1
453.029	0.5	453029	trained	32766	1	memtrain/o_015_1.jpg	photodiode	1
453.83	0.5	453830	trained	32748	19	memtrain/o_284_2.jpg	photodiode	1
454.58	0.5	454580	catch	32671	n/a	catch_padded.jpg	photodiode	0
455.461	0.0	455461	response	7	n/a	n/a	trigger	0
456.532	0.5	456532	untrained	32706	61	memtrain/o_298_2.jpg	photodiode	1
457.333	0.5	457333	trained	32729	38	memtrain/o_603_1.jpg	photodiode	1
458.133	0.5	458133	untrained	32705	62	memtrain/o_304_1.jpg	photodiode	1
458.984	0.5	458984	untrained	32698	69	memtrain/o_464_2.jpg	photodiode	1
459.885	0.5	459885	trained	32749	18	memtrain/o_264_2.jpg	photodiode	1
460.636	0.5	460636	catch	32671	n/a	catch_padded.jpg	photodiode	0
461.148	0.0	461148	response	7	n/a	n/a	trigger	0
462.687	0.5	462687	trained	32726	41	memtrain/o_663_2.jpg	photodiode	1
463.438	0.5	463438	trained	32737	30	memtrain/o_437_2.jpg	photodiode	1
464.339	0.5	464339	trained	32742	25	memtrain/o_358_2.jpg	photodiode	1
465.139	0.5	465139	untrained	32673	94	memtrain/so_067_1.jpg	photodiode	1
465.94	0.5	465940	untrained	32672	95	memtrain/so_125_1.jpg	photodiode	1
466.741	0.5	466741	catch	32671	n/a	catch_padded.jpg	photodiode	0
467.217	0.0	467217	response	7	n/a	n/a	trigger	0
468.692	0.5	468692	untrained	32717	50	memtrain/o_057_2.jpg	photodiode	1
469.643	0.5	469643	trained	32728	39	memtrain/o_606_1.jpg	photodiode	1
470.594	0.5	470594	untrained	32676	91	memtrain/o_605_1.jpg	photodiode	1
471.395	0.5	471395	catch	32671	n/a	catch_padded.jpg	photodiode	0
471.801	0.0	471801	response	7	n/a	n/a	trigger	0
473.296	0.5	473296	trained	32735	32	memtrain/o_485_2.jpg	photodiode	1
474.247	0.5	474247	trained	32741	26	memtrain/o_376_1.jpg	photodiode	1
475.098	0.5	475098	trained	32731	36	memtrain/o_583_1.jpg	photodiode	1
475.99	0.5	475990	trained	32754	13	memtrain/o_136_1.jpg	photodiode	1
476.791	0.5	476791	catch	32671	n/a	catch_padded.jpg	photodiode	0
477.267	0.0	477267	response	7	n/a	n/a	trigger	0
478.901	0.5	478901	trained	32750	17	memtrain/o_232_1.jpg	photodiode	1
479.844	0.5	479844	untrained	32675	92	memtrain/so_033_1.jpg	photodiode	1
480.794	0.5	480794	trained	32751	16	memtrain/o_199_2.jpg	photodiode	1
481.545	0.5	481545	untrained	32694	73	memtrain/o_519_2.jpg	photodiode	1
482.446	0.5	482446	trained	32743	24	memtrain/o_357_1.jpg	photodiode	1
483.297	0.5	483297	catch	32671	n/a	catch_padded.jpg	photodiode	0
483.813	0.0	483813	response	7	n/a	n/a	trigger	0
485.298	0.5	485298	untrained	32713	54	memtrain/o_145_1.jpg	photodiode	1
486.049	0.5	486049	trained	32722	45	memtrain/so_090_2.jpg	photodiode	1
487.0	0.5	487000	untrained	32690	77	memtrain/o_574_2.jpg	photodiode	1
487.85	0.5	487850	catch	32671	n/a	catch_padded.jpg	photodiode	0
488.367	0.0	488367	response	7	n/a	n/a	trigger	0
489.952	0.5	489952	untrained	32689	78	memtrain/o_599_1.jpg	photodiode	1
490.753	0.5	490753	untrained	32687	80	memtrain/o_613_1.jpg	photodiode	1
491.704	0.5	491704	untrained	32711	56	memtrain/o_163_2.jpg	photodiode	1
492.554	0.5	492554	trained	32723	44	memtrain/so_045_1.jpg	photodiode	1
493.405	0.5	493405	untrained	32681	86	memtrain/o_288_1.jpg	photodiode	1
494.256	0.5	494256	catch	32671	n/a	catch_padded.jpg	photodiode	0
494.683	0.0	494683	response	7	n/a	n/a	trigger	0
496.157	0.5	496157	untrained	32718	49	memtrain/o_054_2.jpg	photodiode	1
496.908	0.5	496908	untrained	32680	87	memtrain/o_365_1.jpg	photodiode	1
497.759	0.5	497759	untrained	32716	51	memtrain/o_103_2.jpg	photodiode	1
498.61	0.5	498610	trained	32756	11	memtrain/o_117_2.jpg	photodiode	1
499.41	0.5	499410	untrained	32696	71	memtrain/o_483_1.jpg	photodiode	1
500.361	0.5	500361	catch	32671	n/a	catch_padded.jpg	photodiode	0
500.765	0.0	500765	response	7	n/a	n/a	trigger	0
502.363	0.5	502363	untrained	32688	79	memtrain/o_600_1.jpg	photodiode	1
503.314	0.5	503314	untrained	32674	93	memtrain/so_035_1.jpg	photodiode	1
504.206	0.5	504206	untrained	32702	65	memtrain/o_337_2.jpg	photodiode	1
505.157	0.5	505157	catch	32671	n/a	catch_padded.jpg	photodiode	0
506.733	0.0	506733	response	7	n/a	n/a	trigger	0
507.267	0.5	507267	trained	32736	31	memtrain/o_465_2.jpg	photodiode	1
508.209	0.5	508209	trained	32747	20	memtrain/o_290_1.jpg	photodiode	1
509.11	0.5	509110	trained	32759	8	memtrain/o_094_1.jpg	photodiode	1
509.961	0.5	509961	catch	32671	n/a	catch_padded.jpg	photodiode	0
510.351	0.0	510351	response	7	n/a	n/a	trigger	0
512.012	0.5	512012	trained	32761	6	memtrain/o_076_1.jpg	photodiode	1
512.963	0.5	512963	trained	32765	2	memtrain/o_035_1.jpg	photodiode	1
513.814	0.5	513814	trained	32721	46	memtrain/so_113_1.jpg	photodiode	1
514.715	0.5	514715	catch	32671	n/a	catch_padded.jpg	photodiode	0
515.075	0.0	515075	response	7	n/a	n/a	trigger	0
516.766	0.5	516766	untrained	32703	64	memtrain/o_334_2.jpg	photodiode	1
517.717	0.5	517717	untrained	32679	88	memtrain/o_458_1.jpg	photodiode	1
518.618	0.5	518618	trained	32752	15	memtrain/o_195_1.jpg	photodiode	1
519.369	0.5	519369	untrained	32708	59	memtrain/o_201_2.jpg	photodiode	1
520.32	0.5	520320	catch	32671	n/a	catch_padded.jpg	photodiode	0
520.626	0.0	520626	response	7	n/a	n/a	trigger	0
522.271	0.5	522271	trained	32727	40	memtrain/o_648_2.jpg	photodiode	1
523.072	0.5	523072	untrained	32684	83	memtrain/so_105_1.jpg	photodiode	1
524.023	0.5	524023	trained	32745	22	memtrain/o_321_1.jpg	photodiode	1
524.773	0.5	524773	untrained	32707	60	memtrain/o_228_2.jpg	photodiode	1
525.524	0.5	525524	catch	32671	n/a	catch_padded.jpg	photodiode	0
525.93	0.0	525930	response	7	n/a	n/a	trigger	0
527.426	0.5	527426	untrained	32691	76	memtrain/o_570_1.jpg	photodiode	1
528.326	0.5	528326	untrained	32683	84	memtrain/so_117_2.jpg	photodiode	1
529.227	0.5	529227	untrained	32695	72	memtrain/o_490_1.jpg	photodiode	1
530.178	0.5	530178	untrained	32693	74	memtrain/o_550_1.jpg	photodiode	1
530.979	0.5	530979	untrained	32692	75	memtrain/o_564_1.jpg	photodiode	1
531.929	0.5	531929	catch	32671	n/a	catch_padded.jpg	photodiode	0
532.569	0.0	532569	response	7	n/a	n/a	trigger	0
533.831	0.5	533831	untrained	32710	57	memtrain/o_171_1.jpg	photodiode	1
534.582	0.5	534582	trained	32724	43	memtrain/so_043_2.jpg	photodiode	1
535.332	0.5	535332	untrained	32677	90	memtrain/o_580_1.jpg	photodiode	1
536.183	0.5	536183	catch	32671	n/a	catch_padded.jpg	photodiode	0
536.725	0.0	536725	response	7	n/a	n/a	trigger	0
538.126	0.5	538126	untrained	32719	48	memtrain/o_019_2.jpg	photodiode	1
538.977	0.5	538977	trained	32767	0	memtrain/o_006_1.jpg	photodiode	1
539.728	0.5	539728	trained	32758	9	memtrain/o_101_2.jpg	photodiode	1
540.578	0.5	540578	trained	32720	47	memtrain/so_147_2.jpg	photodiode	1
541.529	0.5	541529	untrained	32701	66	memtrain/o_342_2.jpg	photodiode	1
542.38	0.5	542380	catch	32671	n/a	catch_padded.jpg	photodiode	0
543.613	0.0	543613	response	7	n/a	n/a	trigger	0
544.332	0.5	544332	trained	32763	4	memtrain/o_042_1.jpg	photodiode	1
545.132	0.5	545132	trained	32764	3	memtrain/o_040_2.jpg	photodiode	1
545.883	0.5	545883	untrained	32700	67	memtrain/o_378_1.jpg	photodiode	1
546.634	0.5	546634	catch	32671	n/a	catch_padded.jpg	photodiode	0
547.036	0.0	547036	response	7	n/a	n/a	trigger	0
548.735	0.5	548735	untrained	32712	55	memtrain/o_153_2.jpg	photodiode	1
549.644	0.5	549644	untrained	32699	68	memtrain/o_393_1.jpg	photodiode	1
550.587	0.5	550587	trained	32730	37	memtrain/o_597_1.jpg	photodiode	1
551.338	0.5	551338	catch	32671	n/a	catch_padded.jpg	photodiode	0
551.731	0.0	551731	response	7	n/a	n/a	trigger	0
553.812	0.0	553812	block_end	120	n/a	n/a	trigger	0
559.192	0.0	559192	response	7	n/a	n/a	trigger	0
559.198	0.0	559198	block_onset	103	n/a	n/a	trigger	0
561.254	0.5	561254	untrained	32712	55	memtrain/o_153_2.jpg	photodiode	1
562.105	0.5	562105	trained	32754	13	memtrain/o_136_1.jpg	photodiode	1
562.956	0.5	562956	untrained	32713	54	memtrain/o_145_1.jpg	photodiode	1
563.756	0.5	563756	trained	32747	20	memtrain/o_290_1.jpg	photodiode	1
564.607	0.5	564607	catch	32671	n/a	catch_padded.jpg	photodiode	0
564.982	0.0	564982	response	7	n/a	n/a	trigger	0
566.509	0.5	566509	untrained	32698	69	memtrain/o_464_2.jpg	photodiode	1
567.251	0.5	567251	untrained	32715	52	memtrain/o_141_1.jpg	photodiode	1
568.16	0.5	568160	trained	32756	11	memtrain/o_117_2.jpg	photodiode	1
568.903	0.5	568903	catch	32671	n/a	catch_padded.jpg	photodiode	0
569.266	0.0	569266	response	7	n/a	n/a	trigger	0
571.013	0.5	571013	untrained	32710	57	memtrain/o_171_1.jpg	photodiode	1
571.963	0.5	571963	untrained	32704	63	memtrain/o_310_2.jpg	photodiode	1
572.756	0.5	572756	trained	32734	33	memtrain/o_536_1.jpg	photodiode	1
573.506	0.5	573506	untrained	32674	93	memtrain/so_035_1.jpg	photodiode	1
574.407	0.5	574407	catch	32671	n/a	catch_padded.jpg	photodiode	0
574.82	0.0	574820	response	7	n/a	n/a	trigger	0
576.409	0.5	576409	trained	32753	14	memtrain/o_174_1.jpg	photodiode	1
577.218	0.5	577218	untrained	32699	68	memtrain/o_393_1.jpg	photodiode	1
578.06	0.5	578060	untrained	32687	80	memtrain/o_613_1.jpg	photodiode	1
579.011	0.5	579011	trained	32751	16	memtrain/o_199_2.jpg	photodiode	1
579.762	0.5	579762	catch	32671	n/a	catch_padded.jpg	photodiode	0
580.153	0.0	580153	response	7	n/a	n/a	trigger	0
581.863	0.5	581863	untrained	32709	58	memtrain/o_192_1.jpg	photodiode	1
582.664	0.5	582664	untrained	32708	59	memtrain/o_201_2.jpg	photodiode	1
583.565	0.5	583565	untrained	32682	85	memtrain/o_218_1.jpg	photodiode	1
584.466	0.5	584466	trained	32735	32	memtrain/o_485_2.jpg	photodiode	1
585.316	0.5	585316	catch	32671	n/a	catch_padded.jpg	photodiode	0
585.584	0.0	585584	response	7	n/a	n/a	trigger	0
587.218	0.5	587218	trained	32744	23	memtrain/o_338_2.jpg	photodiode	1
588.069	0.5	588069	untrained	32714	53	memtrain/o_142_2.jpg	photodiode	1
588.819	0.5	588819	trained	32720	47	memtrain/so_147_2.jpg	photodiode	1
589.77	0.5	589770	untrained	32702	65	memtrain/o_337_2.jpg	photodiode	1
590.521	0.5	590521	trained	32739	28	memtrain/o_397_1.jpg	photodiode	1
591.322	0.5	591322	catch	32671	n/a	catch_padded.jpg	photodiode	0
591.75	0.0	591750	response	7	n/a	n/a	trigger	0
593.423	0.5	593423	untrained	32718	49	memtrain/o_054_2.jpg	photodiode	1
594.324	0.5	594324	untrained	32695	72	memtrain/o_490_1.jpg	photodiode	1
595.225	0.5	595225	trained	32737	30	memtrain/o_437_2.jpg	photodiode	1
596.176	0.5	596176	untrained	32679	88	memtrain/o_458_1.jpg	photodiode	1
597.068	0.5	597068	untrained	32685	82	memtrain/o_656_1.jpg	photodiode	1
597.819	0.5	597819	catch	32671	n/a	catch_padded.jpg	photodiode	0
598.405	0.0	598405	response	7	n/a	n/a	trigger	0
599.92	0.5	599920	trained	32748	19	memtrain/o_284_2.jpg	photodiode	1
600.771	0.5	600771	untrained	32689	78	memtrain/o_599_1.jpg	photodiode	1
601.522	0.5	601522	untrained	32680	87	memtrain/o_365_1.jpg	photodiode	1
602.372	0.5	602372	trained	32765	2	memtrain/o_035_1.jpg	photodiode	1
603.223	0.5	603223	untrained	32684	83	memtrain/so_105_1.jpg	photodiode	1
604.024	0.5	604024	catch	32671	n/a	catch_padded.jpg	photodiode	0
604.56	0.0	604560	response	7	n/a	n/a	trigger	0
606.084	0.5	606084	untrained	32697	70	memtrain/o_471_2.jpg	photodiode	1
606.926	0.5	606926	trained	32733	34	memtrain/o_558_2.jpg	photodiode	1
607.777	0.5	607777	trained	32764	3	memtrain/o_040_2.jpg	photodiode	1
608.678	0.5	608678	untrained	32676	91	memtrain/o_605_1.jpg	photodiode	1
609.428	0.5	609428	catch	32671	n/a	catch_padded.jpg	photodiode	0
609.908	0.0	609908	response	7	n/a	n/a	trigger	0
611.43	0.5	611430	trained	32729	38	memtrain/o_603_1.jpg	photodiode	1
612.181	0.5	612181	untrained	32717	50	memtrain/o_057_2.jpg	photodiode	1
612.981	0.5	612981	trained	32736	31	memtrain/o_465_2.jpg	photodiode	1
613.732	0.5	613732	untrained	32706	61	memtrain/o_298_2.jpg	photodiode	1
614.483	0.5	614483	catch	32671	n/a	catch_padded.jpg	photodiode	0
614.88	0.0	614880	response	7	n/a	n/a	trigger	0
616.384	0.5	616384	untrained	32683	84	memtrain/so_117_2.jpg	photodiode	1
617.235	0.5	617235	untrained	32672	95	memtrain/so_125_1.jpg	photodiode	1
618.086	0.5	618086	trained	32730	37	memtrain/o_597_1.jpg	photodiode	1
618.886	0.5	618886	trained	32752	15	memtrain/o_195_1.jpg	photodiode	1
619.837	0.5	619837	catch	32671	n/a	catch_padded.jpg	photodiode	0
620.32	0.0	620320	response	7	n/a	n/a	trigger	0
621.789	0.5	621789	untrained	32703	64	memtrain/o_334_2.jpg	photodiode	1
622.64	0.5	622640	trained	32725	42	memtrain/so_034_2.jpg	photodiode	1
623.49	0.5	623490	trained	32758	9	memtrain/o_101_2.jpg	photodiode	1
624.341	0.5	624341	untrained	32705	62	memtrain/o_304_1.jpg	photodiode	1
625.242	0.5	625242	untrained	32693	74	memtrain/o_550_1.jpg	photodiode	1
626.184	0.5	626184	catch	32671	n/a	catch_padded.jpg	photodiode	0
626.685	0.0	626685	response	7	n/a	n/a	trigger	0
628.086	0.5	628086	untrained	32694	73	memtrain/o_519_2.jpg	photodiode	1
628.937	0.5	628937	trained	32731	36	memtrain/o_583_1.jpg	photodiode	1
629.787	0.5	629787	trained	32732	35	memtrain/o_561_2.jpg	photodiode	1
630.746	0.5	630746	catch	32671	n/a	catch_padded.jpg	photodiode	0
631.255	0.0	631255	response	7	n/a	n/a	trigger	0
632.74	0.5	632740	trained	32759	8	memtrain/o_094_1.jpg	photodiode	1
633.591	0.5	633591	untrained	32691	76	memtrain/o_570_1.jpg	photodiode	1
634.491	0.5	634491	trained	32728	39	memtrain/o_606_1.jpg	photodiode	1
635.442	0.5	635442	untrained	32678	89	memtrain/o_469_1.jpg	photodiode	1
636.243	0.5	636243	trained	32766	1	memtrain/o_015_1.jpg	photodiode	1
637.052	0.5	637052	catch	32671	n/a	catch_padded.jpg	photodiode	0
637.466	0.0	637466	response	7	n/a	n/a	trigger	0
639.145	0.5	639145	trained	32749	18	memtrain/o_264_2.jpg	photodiode	1
639.896	0.5	639896	trained	32741	26	memtrain/o_376_1.jpg	photodiode	1
640.797	0.5	640797	trained	32763	4	memtrain/o_042_1.jpg	photodiode	1
641.648	0.5	641648	trained	32755	12	memtrain/o_127_2.jpg	photodiode	1
642.598	0.5	642598	trained	32745	22	memtrain/o_321_1.jpg	photodiode	1
643.399	0.5	643399	catch	32671	n/a	catch_padded.jpg	photodiode	0
643.858	0.0	643858	response	7	n/a	n/a	trigger	0
645.501	0.5	645501	trained	32724	43	memtrain/so_043_2.jpg	photodiode	1
646.452	0.5	646452	trained	32750	17	memtrain/o_232_1.jpg	photodiode	1
647.252	0.5	647252	untrained	32677	90	memtrain/o_580_1.jpg	photodiode	1
648.053	0.5	648053	trained	32757	10	memtrain/o_111_2.jpg	photodiode	1
648.804	0.5	648804	trained	32726	41	memtrain/o_663_2.jpg	photodiode	1
649.637	0.0	649637	response	7	n/a	n/a	trigger	0
649.754	0.5	649754	catch	32671	n/a	catch_padded.jpg	photodiode	0
651.706	0.5	651706	untrained	32707	60	memtrain/o_228_2.jpg	photodiode	1
652.557	0.5	652557	trained	32761	6	memtrain/o_076_1.jpg	photodiode	1
653.458	0.5	653458	untrained	32700	67	memtrain/o_378_1.jpg	photodiode	1
654.258	0.5	654258	catch	32671	n/a	catch_padded.jpg	photodiode	0
654.905	0.0	654905	response	7	n/a	n/a	trigger	0
656.36	0.5	656360	untrained	32690	77	memtrain/o_574_2.jpg	photodiode	1
657.302	0.5	657302	trained	32738	29	memtrain/o_416_1.jpg	photodiode	1
658.153	0.5	658153	untrained	32692	75	memtrain/o_564_1.jpg	photodiode	1
659.004	0.5	659004	trained	32743	24	memtrain/o_357_1.jpg	photodiode	1
659.804	0.5	659804	trained	32722	45	memtrain/so_090_2.jpg	photodiode	1
660.555	0.5	660555	catch	32671	n/a	catch_padded.jpg	photodiode	0
661.069	0.0	661069	response	7	n/a	n/a	trigger	0
662.557	0.5	662557	untrained	32675	92	memtrain/so_033_1.jpg	photodiode	1
663.366	0.5	663366	untrained	32696	71	memtrain/o_483_1.jpg	photodiode	1
664.158	0.5	664158	untrained	32673	94	memtrain/so_067_1.jpg	photodiode	1
664.967	0.5	664967	catch	32671	n/a	catch_padded.jpg	photodiode	0
665.412	0.0	665412	response	7	n/a	n/a	trigger	0
666.961	0.5	666961	trained	32721	46	memtrain/so_113_1.jpg	photodiode	1
667.861	0.5	667861	untrained	32688	79	memtrain/o_600_1.jpg	photodiode	1
668.612	0.5	668612	trained	32723	44	memtrain/so_045_1.jpg	photodiode	1
669.463	0.5	669463	untrained	32701	66	memtrain/o_342_2.jpg	photodiode	1
670.363	0.5	670363	trained	32762	5	memtrain/o_067_1.jpg	photodiode	1
671.164	0.5	671164	catch	32671	n/a	catch_padded.jpg	photodiode	0
671.551	0.0	671551	response	7	n/a	n/a	trigger	0
673.116	0.5	673116	untrained	32681	86	memtrain/o_288_1.jpg	photodiode	1
674.067	0.5	674067	untrained	32719	48	memtrain/o_019_2.jpg	photodiode	1
675.017	0.5	675017	trained	32746	21	memtrain/o_319_1.jpg	photodiode	1
675.818	0.5	675818	trained	32727	40	memtrain/o_648_2.jpg	photodiode	1
676.619	0.5	676619	trained	32740	27	memtrain/o_379_2.jpg	photodiode	1
677.57	0.5	677570	catch	32671	n/a	catch_padded.jpg	photodiode	0
678.023	0.0	678023	response	7	n/a	n/a	trigger	0
679.621	0.5	679621	untrained	32686	81	memtrain/o_655_2.jpg	photodiode	1
680.522	0.5	680522	untrained	32711	56	memtrain/o_163_2.jpg	photodiode	1
681.273	0.5	681273	trained	32760	7	memtrain/o_091_2.jpg	photodiode	1
682.173	0.5	682173	catch	32671	n/a	catch_padded.jpg	photodiode	0
682.656	0.0	682656	response	7	n/a	n/a	trigger	0
684.117	0.5	684117	untrained	32716	51	memtrain/o_103_2.jpg	photodiode	1
684.876	0.5	684876	trained	32742	25	memtrain/o_358_2.jpg	photodiode	1
685.768	0.5	685768	trained	32767	0	memtrain/o_006_1.jpg	photodiode	1
686.669	0.5	686669	catch	32671	n/a	catch_padded.jpg	photodiode	0
687.208	0.0	687208	response	7	n/a	n/a	trigger	0
688.571	0.5	688571	trained	32739	28	memtrain/o_397_1.jpg	photodiode	1
689.421	0.5	689421	untrained	32719	48	memtrain/o_019_2.jpg	photodiode	1
690.222	0.5	690222	untrained	32680	87	memtrain/o_365_1.jpg	photodiode	1
691.023	0.5	691023	untrained	32672	95	memtrain/so_125_1.jpg	photodiode	1
691.832	0.5	691832	trained	32727	40	memtrain/o_648_2.jpg	photodiode	1
692.674	0.5	692674	catch	32671	n/a	catch_padded.jpg	photodiode	0
693.098	0.0	693098	response	7	n/a	n/a	trigger	0
694.726	0.5	694726	untrained	32687	80	memtrain/o_613_1.jpg	photodiode	1
695.527	0.5	695527	untrained	32708	59	memtrain/o_201_2.jpg	photodiode	1
696.427	0.5	696427	trained	32725	42	memtrain/so_034_2.jpg	photodiode	1
697.328	0.5	697328	catch	32671	n/a	catch_padded.jpg	photodiode	0
697.936	0.0	697936	response	7	n/a	n/a	trigger	0
699.43	0.5	699430	untrained	32683	84	memtrain/so_117_2.jpg	photodiode	1
700.231	0.5	700231	trained	32755	12	memtrain/o_127_2.jpg	photodiode	1
701.081	0.5	701081	untrained	32686	81	memtrain/o_655_2.jpg	photodiode	1
702.032	0.5	702032	untrained	32684	83	memtrain/so_105_1.jpg	photodiode	1
702.783	0.5	702783	catch	32671	n/a	catch_padded.jpg	photodiode	0
703.212	0.0	703212	response	7	n/a	n/a	trigger	0
704.834	0.5	704834	untrained	32693	74	memtrain/o_550_1.jpg	photodiode	1
705.785	0.5	705785	untrained	32715	52	memtrain/o_141_1.jpg	photodiode	1
706.586	0.5	706586	trained	32734	33	memtrain/o_536_1.jpg	photodiode	1
707.387	0.5	707387	untrained	32710	57	memtrain/o_171_1.jpg	photodiode	1
708.187	0.5	708187	catch	32671	n/a	catch_padded.jpg	photodiode	0
708.949	0.0	708949	response	7	n/a	n/a	trigger	0
710.089	0.5	710089	trained	32722	45	memtrain/so_090_2.jpg	photodiode	1
710.99	0.5	710990	trained	32758	9	memtrain/o_101_2.jpg	photodiode	1
711.94	0.5	711940	untrained	32706	61	memtrain/o_298_2.jpg	photodiode	1
712.791	0.5	712791	untrained	32711	56	memtrain/o_163_2.jpg	photodiode	1
713.692	0.5	713692	catch	32671	n/a	catch_padded.jpg	photodiode	0
714.322	0.0	714322	response	7	n/a	n/a	trigger	0
715.685	0.5	715685	trained	32723	44	memtrain/so_045_1.jpg	photodiode	1
716.636	0.5	716636	trained	32741	26	memtrain/o_376_1.jpg	photodiode	1
717.595	0.5	717595	trained	32737	30	memtrain/o_437_2.jpg	photodiode	1
718.337	0.5	718337	catch	32671	n/a	catch_padded.jpg	photodiode	0
719.279	0.0	719279	response	7	n/a	n/a	trigger	0
720.239	0.5	720239	untrained	32716	51	memtrain/o_103_2.jpg	photodiode	1
721.198	0.5	721198	trained	32767	0	memtrain/o_006_1.jpg	photodiode	1
721.94	0.5	721940	untrained	32697	70	memtrain/o_471_2.jpg	photodiode	1
722.85	0.5	722850	trained	32761	6	memtrain/o_076_1.jpg	photodiode	1
723.642	0.5	723642	trained	32747	20	memtrain/o_290_1.jpg	photodiode	1
724.443	0.5	724443	catch	32671	n/a	catch_padded.jpg	photodiode	0
724.828	0.0	724828	response	7	n/a	n/a	trigger	0
726.544	0.5	726544	untrained	32694	73	memtrain/o_519_2.jpg	photodiode	1
727.345	0.5	727345	trained	32728	39	memtrain/o_606_1.jpg	photodiode	1
728.146	0.5	728146	untrained	32679	88	memtrain/o_458_1.jpg	photodiode	1
729.097	0.5	729097	trained	32763	4	memtrain/o_042_1.jpg	photodiode	1
729.997	0.5	729997	trained	32764	3	memtrain/o_040_2.jpg	photodiode	1
730.948	0.5	730948	catch	32671	n/a	catch_padded.jpg	photodiode	0
731.369	0.0	731369	response	7	n/a	n/a	trigger	0
732.85	0.5	732850	untrained	32717	50	memtrain/o_057_2.jpg	photodiode	1
733.6	0.5	733600	untrained	32678	89	memtrain/o_469_1.jpg	photodiode	1
734.351	0.5	734351	untrained	32713	54	memtrain/o_145_1.jpg	photodiode	1
735.152	0.5	735152	trained	32738	29	memtrain/o_416_1.jpg	photodiode	1
736.102	0.5	736102	catch	32671	n/a	catch_padded.jpg	photodiode	0
736.725	0.0	736725	response	7	n/a	n/a	trigger	0
738.104	0.5	738104	trained	32760	7	memtrain/o_091_2.jpg	photodiode	1
739.005	0.5	739005	trained	32735	32	memtrain/o_485_2.jpg	photodiode	1
739.906	0.5	739906	untrained	32714	53	memtrain/o_142_2.jpg	photodiode	1
740.806	0.5	740806	catch	32671	n/a	catch_padded.jpg	photodiode	0
741.353	0.0	741353	response	7	n/a	n/a	trigger	0
742.908	0.5	742908	trained	32759	8	memtrain/o_094_1.jpg	photodiode	1
743.751	0.5	743751	untrained	32674	93	memtrain/so_035_1.jpg	photodiode	1
744.601	0.5	744601	trained	32751	16	memtrain/o_199_2.jpg	photodiode	1
745.552	0.5	745552	untrained	32692	75	memtrain/o_564_1.jpg	photodiode	1
746.453	0.5	746453	trained	32732	35	memtrain/o_561_2.jpg	photodiode	1
747.412	0.5	747412	catch	32671	n/a	catch_padded.jpg	photodiode	0
747.999	0.0	747999	response	7	n/a	n/a	trigger	0
749.355	0.5	749355	trained	32765	2	memtrain/o_035_1.jpg	photodiode	1
750.106	0.5	750106	untrained	32689	78	memtrain/o_599_1.jpg	photodiode	1
750.907	0.5	750907	untrained	32704	63	memtrain/o_310_2.jpg	photodiode	1
751.657	0.5	751657	untrained	32709	58	memtrain/o_192_1.jpg	photodiode	1
752.608	0.5	752608	trained	32731	36	memtrain/o_583_1.jpg	photodiode	1
752.667	0.0	752667	response	7	n/a	n/a	trigger	0
753.359	0.5	753359	catch	32671	n/a	catch_padded.jpg	photodiode	0
754.135	0.0	754135	response	7	n/a	n/a	trigger	0
755.411	0.5	755411	untrained	32700	67	memtrain/o_378_1.jpg	photodiode	1
756.211	0.5	756211	untrained	32718	49	memtrain/o_054_2.jpg	photodiode	1
756.962	0.5	756962	untrained	32707	60	memtrain/o_228_2.jpg	photodiode	1
757.913	0.5	757913	catch	32671	n/a	catch_padded.jpg	photodiode	0
758.329	0.0	758329	response	7	n/a	n/a	trigger	0
759.914	0.5	759914	trained	32730	37	memtrain/o_597_1.jpg	photodiode	1
760.665	0.5	760665	untrained	32677	90	memtrain/o_580_1.jpg	photodiode	1
761.516	0.5	761516	trained	32746	21	memtrain/o_319_1.jpg	photodiode	1
762.417	0.5	762417	untrained	32676	91	memtrain/o_605_1.jpg	photodiode	1
763.167	0.5	763167	catch	32671	n/a	catch_padded.jpg	photodiode	0
763.557	0.0	763557	response	7	n/a	n/a	trigger	0
765.119	0.5	765119	untrained	32696	71	memtrain/o_483_1.jpg	photodiode	1
765.92	0.5	765920	trained	32744	23	memtrain/o_338_2.jpg	photodiode	1
766.87	0.5	766870	untrained	32702	65	memtrain/o_337_2.jpg	photodiode	1
767.771	0.5	767771	catch	32671	n/a	catch_padded.jpg	photodiode	0
768.184	0.0	768184	response	7	n/a	n/a	trigger	0
769.773	0.5	769773	untrained	32675	92	memtrain/so_033_1.jpg	photodiode	1
770.674	0.5	770674	untrained	32703	64	memtrain/o_334_2.jpg	photodiode	1
771.474	0.5	771474	trained	32750	17	memtrain/o_232_1.jpg	photodiode	1
772.367	0.5	772367	catch	32671	n/a	catch_padded.jpg	photodiode	0
772.866	0.0	772866	response	7	n/a	n/a	trigger	0
774.427	0.5	774427	trained	32757	10	memtrain/o_111_2.jpg	photodiode	1
775.328	0.5	775328	trained	32749	18	memtrain/o_264_2.jpg	photodiode	1
776.07	0.5	776070	trained	32740	27	memtrain/o_379_2.jpg	photodiode	1
776.97	0.5	776970	catch	32671	n/a	catch_padded.jpg	photodiode	0
777.507	0.0	777507	response	7	n/a	n/a	trigger	0
779.031	0.5	779031	untrained	32698	69	memtrain/o_464_2.jpg	photodiode	1
779.873	0.5	779873	trained	32753	14	memtrain/o_174_1.jpg	photodiode	1
780.774	0.5	780774	untrained	32690	77	memtrain/o_574_2.jpg	photodiode	1
781.674	0.5	781674	untrained	32712	55	memtrain/o_153_2.jpg	photodiode	1
782.475	0.5	782475	catch	32671	n/a	catch_padded.jpg	photodiode	0
782.889	0.0	782889	response	7	n/a	n/a	trigger	0
784.377	0.5	784377	untrained	32695	72	memtrain/o_490_1.jpg	photodiode	1
785.227	0.5	785227	trained	32754	13	memtrain/o_136_1.jpg	photodiode	1
786.178	0.5	786178	untrained	32701	66	memtrain/o_342_2.jpg	photodiode	1
787.129	0.5	787129	catch	32671	n/a	catch_padded.jpg	photodiode	0
787.554	0.0	787554	response	7	n/a	n/a	trigger	0
789.231	0.5	789231	trained	32766	1	memtrain/o_015_1.jpg	photodiode	1
789.981	0.5	789981	trained	32748	19	memtrain/o_284_2.jpg	photodiode	1
790.732	0.5	790732	trained	32745	22	memtrain/o_321_1.jpg	photodiode	1
791.533	0.5	791533	catch	32671	n/a	catch_padded.jpg	photodiode	0
792.01	0.0	792010	response	7	n/a	n/a	trigger	0
793.484	0.5	793484	untrained	32691	76	memtrain/o_570_1.jpg	photodiode	1
794.235	0.5	794235	trained	32762	5	memtrain/o_067_1.jpg	photodiode	1
794.986	0.5	794986	trained	32720	47	memtrain/so_147_2.jpg	photodiode	1
795.836	0.5	795836	trained	32756	11	memtrain/o_117_2.jpg	photodiode	1
796.687	0.5	796687	trained	32724	43	memtrain/so_043_2.jpg	photodiode	1
797.438	0.5	797438	catch	32671	n/a	catch_padded.jpg	photodiode	0
797.939	0.0	797939	response	7	n/a	n/a	trigger	0
799.44	0.5	799440	untrained	32685	82	memtrain/o_656_1.jpg	photodiode	1
800.39	0.5	800390	trained	32729	38	memtrain/o_603_1.jpg	photodiode	1
801.283	0.5	801283	untrained	32699	68	memtrain/o_393_1.jpg	photodiode	1
802.184	0.5	802184	trained	32721	46	memtrain/so_113_1.jpg	photodiode	1
803.143	0.5	803143	catch	32671	n/a	catch_padded.jpg	photodiode	0
803.6	0.0	803600	response	7	n/a	n/a	trigger	0
805.194	0.5	805194	trained	32726	41	memtrain/o_663_2.jpg	photodiode	1
806.037	0.5	806037	untrained	32705	62	memtrain/o_304_1.jpg	photodiode	1
806.838	0.5	806838	trained	32743	24	memtrain/o_357_1.jpg	photodiode	1
807.688	0.5	807688	catch	32671	n/a	catch_padded.jpg	photodiode	0
808.127	0.0	808127	response	7	n/a	n/a	trigger	0
809.59	0.5	809590	trained	32736	31	memtrain/o_465_2.jpg	photodiode	1
810.541	0.5	810541	untrained	32688	79	memtrain/o_600_1.jpg	photodiode	1
811.492	0.5	811492	untrained	32681	86	memtrain/o_288_1.jpg	photodiode	1
812.392	0.5	812392	trained	32752	15	memtrain/o_195_1.jpg	photodiode	1
813.143	0.5	813143	catch	32671	n/a	catch_padded.jpg	photodiode	0
813.615	0.0	813615	response	7	n/a	n/a	trigger	0
815.145	0.5	815145	untrained	32673	94	memtrain/so_067_1.jpg	photodiode	1
816.095	0.5	816095	untrained	32682	85	memtrain/o_218_1.jpg	photodiode	1
816.846	0.5	816846	trained	32742	25	memtrain/o_358_2.jpg	photodiode	1
817.597	0.5	817597	trained	32733	34	memtrain/o_558_2.jpg	photodiode	1
818.497	0.5	818497	catch	32671	n/a	catch_padded.jpg	photodiode	0
818.888	0.0	818888	response	7	n/a	n/a	trigger	0
820.971	0.0	820971	block_end	120	n/a	n/a	trigger	0
832.256	0.0	832256	response	7	n/a	n/a	trigger	0
832.263	0.0	832263	block_onset	104	n/a	n/a	trigger	0
834.319	0.5	834319	trained	32754	13	memtrain/o_136_1.jpg	photodiode	1
835.12	0.5	835120	trained	32751	16	memtrain/o_199_2.jpg	photodiode	1
836.071	0.5	836071	untrained	32675	92	memtrain/so_033_1.jpg	photodiode	1
837.021	0.5	837021	catch	32671	n/a	catch_padded.jpg	photodiode	0
837.439	0.0	837439	response	7	n/a	n/a	trigger	0
839.023	0.5	839023	untrained	32703	64	memtrain/o_334_2.jpg	photodiode	1
839.924	0.5	839924	untrained	32682	85	memtrain/o_218_1.jpg	photodiode	1
840.766	0.5	840766	untrained	32706	61	memtrain/o_298_2.jpg	photodiode	1
841.667	0.5	841667	catch	32671	n/a	catch_padded.jpg	photodiode	0
842.033	0.0	842033	response	7	n/a	n/a	trigger	0
843.677	0.5	843677	trained	32728	39	memtrain/o_606_1.jpg	photodiode	1
844.52	0.5	844520	untrained	32718	49	memtrain/o_054_2.jpg	photodiode	1
845.37	0.5	845370	trained	32745	22	memtrain/o_321_1.jpg	photodiode	1
846.271	0.5	846271	catch	32671	n/a	catch_padded.jpg	photodiode	0
846.675	0.0	846675	response	7	n/a	n/a	trigger	0
848.373	0.5	848373	trained	32739	28	memtrain/o_397_1.jpg	photodiode	1
849.274	0.5	849274	untrained	32680	87	memtrain/o_365_1.jpg	photodiode	1
850.074	0.5	850074	untrained	32677	90	memtrain/o_580_1.jpg	photodiode	1
850.975	0.5	850975	catch	32671	n/a	catch_padded.jpg	photodiode	0
851.352	0.0	851352	response	7	n/a	n/a	trigger	0
853.027	0.5	853027	untrained	32689	78	memtrain/o_599_1.jpg	photodiode	1
853.877	0.5	853877	untrained	32717	50	memtrain/o_057_2.jpg	photodiode	1
854.778	0.5	854778	untrained	32688	79	memtrain/o_600_1.jpg	photodiode	1
855.629	0.5	855629	untrained	32673	94	memtrain/so_067_1.jpg	photodiode	1
856.48	0.5	856480	trained	32742	25	memtrain/o_358_2.jpg	photodiode	1
857.33	0.5	857330	catch	32671	n/a	catch_padded.jpg	photodiode	0
857.696	0.0	857696	response	7	n/a	n/a	trigger	0
859.382	0.5	859382	trained	32721	46	memtrain/so_113_1.jpg	photodiode	1
860.233	0.5	860233	untrained	32672	95	memtrain/so_125_1.jpg	photodiode	1
861.034	0.5	861034	untrained	32690	77	memtrain/o_574_2.jpg	photodiode	1
861.934	0.5	861934	catch	32671	n/a	catch_padded.jpg	photodiode	0
862.708	0.0	862708	response	7	n/a	n/a	trigger	0
863.836	0.5	863836	trained	32741	26	memtrain/o_376_1.jpg	photodiode	1
864.587	0.5	864587	untrained	32707	60	memtrain/o_228_2.jpg	photodiode	1
865.487	0.5	865487	untrained	32683	84	memtrain/so_117_2.jpg	photodiode	1
866.288	0.5	866288	untrained	32697	70	memtrain/o_471_2.jpg	photodiode	1
867.039	0.5	867039	untrained	32685	82	memtrain/o_656_1.jpg	photodiode	1
867.989	0.5	867989	catch	32671	n/a	catch_padded.jpg	photodiode	0
868.482	0.0	868482	response	7	n/a	n/a	trigger	0
869.891	0.5	869891	untrained	32686	81	memtrain/o_655_2.jpg	photodiode	1
870.683	0.5	870683	trained	32756	11	memtrain/o_117_2.jpg	photodiode	1
871.634	0.5	871634	trained	32732	35	memtrain/o_561_2.jpg	photodiode	1
872.493	0.5	872493	untrained	32678	89	memtrain/o_469_1.jpg	photodiode	1
873.386	0.5	873386	trained	32736	31	memtrain/o_465_2.jpg	photodiode	1
874.286	0.5	874286	catch	32671	n/a	catch_padded.jpg	photodiode	0
874.751	0.0	874751	response	7	n/a	n/a	trigger	0
876.188	0.5	876188	trained	32750	17	memtrain/o_232_1.jpg	photodiode	1
876.939	0.5	876939	untrained	32681	86	memtrain/o_288_1.jpg	photodiode	1
877.739	0.5	877739	untrained	32701	66	memtrain/o_342_2.jpg	photodiode	1
878.69	0.5	878690	catch	32671	n/a	catch_padded.jpg	photodiode	0
879.208	0.0	879208	response	7	n/a	n/a	trigger	0
880.642	0.5	880642	untrained	32715	52	memtrain/o_141_1.jpg	photodiode	1
881.542	0.5	881542	untrained	32696	71	memtrain/o_483_1.jpg	photodiode	1
882.443	0.5	882443	trained	32720	47	memtrain/so_147_2.jpg	photodiode	1
883.344	0.5	883344	catch	32671	n/a	catch_padded.jpg	photodiode	0
883.994	0.0	883994	response	7	n/a	n/a	trigger	0
885.446	0.5	885446	trained	32746	21	memtrain/o_319_1.jpg	photodiode	1
886.397	0.5	886397	untrained	32709	58	memtrain/o_192_1.jpg	photodiode	1
887.147	0.5	887147	trained	32744	23	memtrain/o_338_2.jpg	photodiode	1
887.898	0.5	887898	trained	32747	20	memtrain/o_290_1.jpg	photodiode	1
888.849	0.5	888849	catch	32671	n/a	catch_padded.jpg	photodiode	0
889.375	0.0	889375	response	7	n/a	n/a	trigger	0
890.9	0.5	890900	untrained	32708	59	memtrain/o_201_2.jpg	photodiode	1
891.801	0.5	891801	trained	32730	37	memtrain/o_597_1.jpg	photodiode	1
892.552	0.5	892552	trained	32723	44	memtrain/so_045_1.jpg	photodiode	1
893.503	0.5	893503	trained	32755	12	memtrain/o_127_2.jpg	photodiode	1
894.453	0.5	894453	untrained	32704	63	memtrain/o_310_2.jpg	photodiode	1
895.404	0.5	895404	catch	32671	n/a	catch_padded.jpg	photodiode	0
895.805	0.0	895805	response	7	n/a	n/a	trigger	0
897.356	0.5	897356	trained	32760	7	memtrain/o_091_2.jpg	photodiode	1
898.157	0.5	898157	trained	32757	10	memtrain/o_111_2.jpg	photodiode	1
898.899	0.5	898899	trained	32740	27	memtrain/o_379_2.jpg	photodiode	1
899.808	0.5	899808	catch	32671	n/a	catch_padded.jpg	photodiode	0
900.261	0.0	900261	response	7	n/a	n/a	trigger	0
901.86	0.5	901860	untrained	32714	53	memtrain/o_142_2.jpg	photodiode	1
902.802	0.5	902802	untrained	32699	68	memtrain/o_393_1.jpg	photodiode	1
903.703	0.5	903703	trained	32767	0	memtrain/o_006_1.jpg	photodiode	1
904.554	0.5	904554	untrained	32691	76	memtrain/o_570_1.jpg	photodiode	1
905.304	0.5	905304	catch	32671	n/a	catch_padded.jpg	photodiode	0
905.803	0.0	905803	response	7	n/a	n/a	trigger	0
907.214	0.5	907214	untrained	32713	54	memtrain/o_145_1.jpg	photodiode	1
908.107	0.5	908107	untrained	32676	91	memtrain/o_605_1.jpg	photodiode	1
908.857	0.5	908857	trained	32738	29	memtrain/o_416_1.jpg	photodiode	1
909.608	0.5	909608	catch	32671	n/a	catch_padded.jpg	photodiode	0
911.393	0.0	911393	response	7	n/a	n/a	trigger	0
911.66	0.5	911660	trained	32759	8	memtrain/o_094_1.jpg	photodiode	1
912.46	0.5	912460	untrained	32700	67	memtrain/o_378_1.jpg	photodiode	1
913.261	0.5	913261	untrained	32692	75	memtrain/o_564_1.jpg	photodiode	1
914.062	0.5	914062	trained	32722	45	memtrain/so_090_2.jpg	photodiode	1
915.021	0.5	915021	catch	32671	n/a	catch_padded.jpg	photodiode	0
915.609	0.0	915609	response	7	n/a	n/a	trigger	0
916.914	0.5	916914	untrained	32698	69	memtrain/o_464_2.jpg	photodiode	1
917.815	0.5	917815	trained	32733	34	memtrain/o_558_2.jpg	photodiode	1
918.666	0.5	918666	trained	32765	2	memtrain/o_035_1.jpg	photodiode	1
919.416	0.5	919416	trained	32748	19	memtrain/o_284_2.jpg	photodiode	1
920.367	0.5	920367	trained	32764	3	memtrain/o_040_2.jpg	photodiode	1
921.034	0.0	921034	response	7	n/a	n/a	trigger	0
921.218	0.5	921218	catch	32671	n/a	catch_padded.jpg	photodiode	0
923.17	0.5	923170	untrained	32710	57	memtrain/o_171_1.jpg	photodiode	1
923.97	0.5	923970	untrained	32711	56	memtrain/o_163_2.jpg	photodiode	1
924.821	0.5	924821	trained	32753	14	memtrain/o_174_1.jpg	photodiode	1
925.672	0.5	925672	untrained	32695	72	memtrain/o_490_1.jpg	photodiode	1
926.622	0.5	926622	untrained	32694	73	memtrain/o_519_2.jpg	photodiode	1
927.415	0.5	927415	catch	32671	n/a	catch_padded.jpg	photodiode	0
927.817	0.0	927817	response	7	n/a	n/a	trigger	0
929.475	0.5	929475	trained	32762	5	memtrain/o_067_1.jpg	photodiode	1
930.267	0.5	930267	trained	32731	36	memtrain/o_583_1.jpg	photodiode	1
931.118	0.5	931118	trained	32735	32	memtrain/o_485_2.jpg	photodiode	1
931.918	0.5	931918	catch	32671	n/a	catch_padded.jpg	photodiode	0
932.445	0.0	932445	response	7	n/a	n/a	trigger	0
933.92	0.5	933920	trained	32761	6	memtrain/o_076_1.jpg	photodiode	1
934.771	0.5	934771	untrained	32702	65	memtrain/o_337_2.jpg	photodiode	1
935.522	0.5	935522	trained	32729	38	memtrain/o_603_1.jpg	photodiode	1
936.272	0.5	936272	untrained	32716	51	memtrain/o_103_2.jpg	photodiode	1
937.223	0.5	937223	trained	32726	41	memtrain/o_663_2.jpg	photodiode	1
938.024	0.5	938024	catch	32671	n/a	catch_padded.jpg	photodiode	0
938.462	0.0	938462	response	7	n/a	n/a	trigger	0
940.075	0.5	940075	trained	32763	4	memtrain/o_042_1.jpg	photodiode	1
940.926	0.5	940926	trained	32749	18	memtrain/o_264_2.jpg	photodiode	1
941.877	0.5	941877	trained	32724	43	memtrain/so_043_2.jpg	photodiode	1
942.828	0.5	942828	untrained	32705	62	memtrain/o_304_1.jpg	photodiode	1
943.628	0.5	943628	untrained	32687	80	memtrain/o_613_1.jpg	photodiode	1
944.579	0.5	944579	catch	32671	n/a	catch_padded.jpg	photodiode	0
945.188	0.0	945188	response	7	n/a	n/a	trigger	0
946.639	0.5	946639	untrained	32719	48	memtrain/o_019_2.jpg	photodiode	1
947.582	0.5	947582	trained	32758	9	memtrain/o_101_2.jpg	photodiode	1
948.533	0.5	948533	untrained	32684	83	memtrain/so_105_1.jpg	photodiode	1
949.483	0.5	949483	trained	32743	24	memtrain/o_357_1.jpg	photodiode	1
950.284	0.5	950284	catch	32671	n/a	catch_padded.jpg	photodiode	0
951.001	0.0	951001	response	7	n/a	n/a	trigger	0
952.386	0.5	952386	trained	32727	40	memtrain/o_648_2.jpg	photodiode	1
953.136	0.5	953136	untrained	32674	93	memtrain/so_035_1.jpg	photodiode	1
953.937	0.5	953937	untrained	32679	88	memtrain/o_458_1.jpg	photodiode	1
954.838	0.5	954838	catch	32671	n/a	catch_padded.jpg	photodiode	0
955.601	0.0	955601	response	7	n/a	n/a	trigger	0
956.84	0.5	956840	trained	32766	1	memtrain/o_015_1.jpg	photodiode	1
957.64	0.5	957640	trained	32737	30	memtrain/o_437_2.jpg	photodiode	1
958.433	0.5	958433	trained	32725	42	memtrain/so_034_2.jpg	photodiode	1
959.242	0.5	959242	catch	32671	n/a	catch_padded.jpg	photodiode	0
959.655	0.0	959655	response	7	n/a	n/a	trigger	0
961.235	0.5	961235	untrained	32712	55	memtrain/o_153_2.jpg	photodiode	1
961.986	0.5	961986	trained	32752	15	memtrain/o_195_1.jpg	photodiode	1
962.786	0.5	962786	trained	32734	33	memtrain/o_536_1.jpg	photodiode	1
963.737	0.5	963737	untrained	32693	74	memtrain/o_550_1.jpg	photodiode	1
964.488	0.5	964488	catch	32671	n/a	catch_padded.jpg	photodiode	0
964.917	0.0	964917	response	7	n/a	n/a	trigger	0
966.389	0.5	966389	trained	32726	41	memtrain/o_663_2.jpg	photodiode	1
967.19	0.5	967190	untrained	32703	64	memtrain/o_334_2.jpg	photodiode	1
968.141	0.5	968141	untrained	32699	68	memtrain/o_393_1.jpg	photodiode	1
968.892	0.5	968892	catch	32671	n/a	catch_padded.jpg	photodiode	0
970.664	0.0	970664	response	7	n/a	n/a	trigger	0
970.993	0.5	970993	trained	32751	16	memtrain/o_199_2.jpg	photodiode	1
971.944	0.5	971944	untrained	32675	92	memtrain/so_033_1.jpg	photodiode	1
972.845	0.5	972845	untrained	32672	95	memtrain/so_125_1.jpg	photodiode	1
973.746	0.5	973746	untrained	32689	78	memtrain/o_599_1.jpg	photodiode	1
974.596	0.5	974596	trained	32731	36	memtrain/o_583_1.jpg	photodiode	1
975.397	0.5	975397	catch	32671	n/a	catch_padded.jpg	photodiode	0
975.817	0.0	975817	response	7	n/a	n/a	trigger	0
977.349	0.5	977349	trained	32728	39	memtrain/o_606_1.jpg	photodiode	1
978.099	0.5	978099	untrained	32680	87	memtrain/o_365_1.jpg	photodiode	1
978.9	0.5	978900	untrained	32693	74	memtrain/o_550_1.jpg	photodiode	1
979.801	0.5	979801	untrained	32706	61	memtrain/o_298_2.jpg	photodiode	1
980.752	0.5	980752	catch	32671	n/a	catch_padded.jpg	photodiode	0
981.212	0.0	981212	response	7	n/a	n/a	trigger	0
982.653	0.5	982653	trained	32734	33	memtrain/o_536_1.jpg	photodiode	1
983.504	0.5	983504	trained	32745	22	memtrain/o_321_1.jpg	photodiode	1
984.455	0.5	984455	untrained	32690	77	memtrain/o_574_2.jpg	photodiode	1
985.356	0.5	985356	untrained	32678	89	memtrain/o_469_1.jpg	photodiode	1
986.256	0.5	986256	catch	32671	n/a	catch_padded.jpg	photodiode	0
986.59	0.0	986590	response	7	n/a	n/a	trigger	0
988.25	0.5	988250	trained	32722	45	memtrain/so_090_2.jpg	photodiode	1
989.2	0.5	989200	trained	32725	42	memtrain/so_034_2.jpg	photodiode	1
990.151	0.5	990151	trained	32756	11	memtrain/o_117_2.jpg	photodiode	1
991.102	0.5	991102	untrained	32716	51	memtrain/o_103_2.jpg	photodiode	1
991.853	0.5	991853	untrained	32683	84	memtrain/so_117_2.jpg	photodiode	1
992.712	0.5	992712	catch	32671	n/a	catch_padded.jpg	photodiode	0
993.093	0.0	993093	response	7	n/a	n/a	trigger	0
994.714	0.5	994714	trained	32730	37	memtrain/o_597_1.jpg	photodiode	1
995.456	0.5	995456	trained	32748	19	memtrain/o_284_2.jpg	photodiode	1
996.256	0.5	996256	untrained	32673	94	memtrain/so_067_1.jpg	photodiode	1
997.007	0.5	997007	trained	32724	43	memtrain/so_043_2.jpg	photodiode	1
997.808	0.5	997808	untrained	32704	63	memtrain/o_310_2.jpg	photodiode	1
998.368	0.0	998368	response	7	n/a	n/a	trigger	0
998.708	0.5	998708	catch	32671	n/a	catch_padded.jpg	photodiode	0
999.376	0.0	999376	response	7	n/a	n/a	trigger	0
1000.71	0.5	1000710	trained	32736	31	memtrain/o_465_2.jpg	photodiode	1
1001.511	0.5	1001511	untrained	32710	57	memtrain/o_171_1.jpg	photodiode	1
1002.311	0.5	1002311	trained	32763	4	memtrain/o_042_1.jpg	photodiode	1
1003.162	0.5	1003162	trained	32721	46	memtrain/so_113_1.jpg	photodiode	1
1003.963	0.5	1003963	untrained	32700	67	memtrain/o_378_1.jpg	photodiode	1
1004.914	0.5	1004914	catch	32671	n/a	catch_padded.jpg	photodiode	0
1005.321	0.0	1005321	response	7	n/a	n/a	trigger	0
1006.865	0.5	1006865	untrained	32709	58	memtrain/o_192_1.jpg	photodiode	1
1007.766	0.5	1007766	trained	32762	5	memtrain/o_067_1.jpg	photodiode	1
1008.517	0.5	1008517	untrained	32719	48	memtrain/o_019_2.jpg	photodiode	1
1009.418	0.5	1009418	trained	32761	6	memtrain/o_076_1.jpg	photodiode	1
1010.168	0.5	1010168	untrained	32702	65	memtrain/o_337_2.jpg	photodiode	1
1011.119	0.5	1011119	catch	32671	n/a	catch_padded.jpg	photodiode	0
1011.457	0.0	1011457	response	7	n/a	n/a	trigger	0
1013.021	0.5	1013021	untrained	32685	82	memtrain/o_656_1.jpg	photodiode	1
1013.771	0.5	1013771	trained	32753	14	memtrain/o_174_1.jpg	photodiode	1
1014.522	0.5	1014522	trained	32767	0	memtrain/o_006_1.jpg	photodiode	1
1015.314	0.5	1015314	trained	32742	25	memtrain/o_358_2.jpg	photodiode	1
1016.215	0.5	1016215	catch	32671	n/a	catch_padded.jpg	photodiode	0
1016.691	0.0	1016691	response	7	n/a	n/a	trigger	0
1018.125	0.5	1018125	trained	32766	1	memtrain/o_015_1.jpg	photodiode	1
1018.867	0.5	1018867	untrained	32705	62	memtrain/o_304_1.jpg	photodiode	1
1019.726	0.5	1019726	untrained	32684	83	memtrain/so_105_1.jpg	photodiode	1
1020.469	0.5	1020469	trained	32732	35	memtrain/o_561_2.jpg	photodiode	1
1021.319	0.5	1021319	catch	32671	n/a	catch_padded.jpg	photodiode	0
1021.74	0.0	1021740	response	7	n/a	n/a	trigger	0
1023.429	0.5	1023429	trained	32729	38	memtrain/o_603_1.jpg	photodiode	1
1024.172	0.5	1024172	untrained	32711	56	memtrain/o_163_2.jpg	photodiode	1
1025.123	0.5	1025123	untrained	32715	52	memtrain/o_141_1.jpg	photodiode	1
1026.032	0.5	1026032	catch	32671	n/a	catch_padded.jpg	photodiode	0
1027.029	0.0	1027029	response	7	n/a	n/a	trigger	0
1027.975	0.5	1027975	trained	32749	18	memtrain/o_264_2.jpg	photodiode	1
1028.876	0.5	1028876	trained	32758	9	memtrain/o_101_2.jpg	photodiode	1
1029.827	0.5	1029827	untrained	32677	90	memtrain/o_580_1.jpg	photodiode	1
1030.777	0.5	1030777	untrained	32686	81	memtrain/o_655_2.jpg	photodiode	1
1031.728	0.5	1031728	catch	32671	n/a	catch_padded.jpg	photodiode	0
1032.151	0.0	1032151	response	7	n/a	n/a	trigger	0
1033.83	0.5	1033830	trained	32739	28	memtrain/o_397_1.jpg	photodiode	1
1034.581	0.5	1034581	trained	32760	7	memtrain/o_091_2.jpg	photodiode	1
1035.481	0.5	1035481	trained	32747	20	memtrain/o_290_1.jpg	photodiode	1
1036.382	0.5	1036382	trained	32733	34	memtrain/o_558_2.jpg	photodiode	1
1037.233	0.5	1037233	catch	32671	n/a	catch_padded.jpg	photodiode	0
1037.652	0.0	1037652	response	7	n/a	n/a	trigger	0
1039.134	0.5	1039134	untrained	32701	66	memtrain/o_342_2.jpg	photodiode	1
1040.035	0.5	1040035	untrained	32697	70	memtrain/o_471_2.jpg	photodiode	1
1040.836	0.5	1040836	trained	32759	8	memtrain/o_094_1.jpg	photodiode	1
1041.687	0.5	1041687	catch	32671	n/a	catch_padded.jpg	photodiode	0
1042.446	0.0	1042446	response	7	n/a	n/a	trigger	0
1043.638	0.5	1043638	untrained	32712	55	memtrain/o_153_2.jpg	photodiode	1
1044.389	0.5	1044389	trained	32752	15	memtrain/o_195_1.jpg	photodiode	1
1045.181	0.5	1045181	untrained	32696	71	memtrain/o_483_1.jpg	photodiode	1
1046.132	0.5	1046132	untrained	32718	49	memtrain/o_054_2.jpg	photodiode	1
1047.091	0.5	1047091	untrained	32692	75	memtrain/o_564_1.jpg	photodiode	1
1048.034	0.5	1048034	catch	32671	n/a	catch_padded.jpg	photodiode	0
1048.456	0.0	1048456	response	7	n/a	n/a	trigger	0
1050.035	0.5	1050035	trained	32720	47	memtrain/so_147_2.jpg	photodiode	1
1050.886	0.5	1050886	trained	32765	2	memtrain/o_035_1.jpg	photodiode	1
1051.837	0.5	1051837	untrained	32676	91	memtrain/o_605_1.jpg	photodiode	1
1052.738	0.5	1052738	trained	32746	21	memtrain/o_319_1.jpg	photodiode	1
1053.588	0.5	1053588	catch	32671	n/a	catch_padded.jpg	photodiode	0
1055.234	0.0	1055234	response	7	n/a	n/a	trigger	0
1055.59	0.5	1055590	trained	32735	32	memtrain/o_485_2.jpg	photodiode	1
1056.541	0.5	1056541	trained	32744	23	memtrain/o_338_2.jpg	photodiode	1
1057.391	0.5	1057391	untrained	32695	72	memtrain/o_490_1.jpg	photodiode	1
1058.142	0.5	1058142	catch	32671	n/a	catch_padded.jpg	photodiode	0
1058.787	0.0	1058787	response	7	n/a	n/a	trigger	0
1060.094	0.5	1060094	untrained	32694	73	memtrain/o_519_2.jpg	photodiode	1
1061.053	0.5	1061053	untrained	32674	93	memtrain/so_035_1.jpg	photodiode	1
1061.945	0.5	1061945	untrained	32707	60	memtrain/o_228_2.jpg	photodiode	1
1062.696	0.5	1062696	trained	32740	27	memtrain/o_379_2.jpg	photodiode	1
1063.597	0.5	1063597	catch	32671	n/a	catch_padded.jpg	photodiode	0
1064.024	0.0	1064024	response	7	n/a	n/a	trigger	0
1065.649	0.5	1065649	untrained	32717	50	memtrain/o_057_2.jpg	photodiode	1
1066.499	0.5	1066499	untrained	32691	76	memtrain/o_570_1.jpg	photodiode	1
1067.4	0.5	1067400	untrained	32681	86	memtrain/o_288_1.jpg	photodiode	1
1068.301	0.5	1068301	untrained	32687	80	memtrain/o_613_1.jpg	photodiode	1
1069.151	0.5	1069151	catch	32671	n/a	catch_padded.jpg	photodiode	0
1069.591	0.0	1069591	response	7	n/a	n/a	trigger	0
1071.103	0.5	1071103	trained	32764	3	memtrain/o_040_2.jpg	photodiode	1
1071.904	0.5	1071904	trained	32723	44	memtrain/so_045_1.jpg	photodiode	1
1072.654	0.5	1072654	untrained	32688	79	memtrain/o_600_1.jpg	photodiode	1
1073.405	0.5	1073405	trained	32754	13	memtrain/o_136_1.jpg	photodiode	1
1074.148	0.5	1074148	catch	32671	n/a	catch_padded.jpg	photodiode	0
1074.509	0.0	1074509	response	7	n/a	n/a	trigger	0
1076.057	0.5	1076057	trained	32727	40	memtrain/o_648_2.jpg	photodiode	1
1076.8	0.5	1076800	untrained	32714	53	memtrain/o_142_2.jpg	photodiode	1
1077.65	0.5	1077650	trained	32743	24	memtrain/o_357_1.jpg	photodiode	1
1078.501	0.5	1078501	trained	32738	29	memtrain/o_416_1.jpg	photodiode	1
1079.352	0.5	1079352	untrained	32713	54	memtrain/o_145_1.jpg	photodiode	1
1080.203	0.5	1080203	catch	32671	n/a	catch_padded.jpg	photodiode	0
1080.625	0.0	1080625	response	7	n/a	n/a	trigger	0
1082.154	0.5	1082154	untrained	32682	85	memtrain/o_218_1.jpg	photodiode	1
1082.955	0.5	1082955	untrained	32708	59	memtrain/o_201_2.jpg	photodiode	1
1083.764	0.5	1083764	untrained	32698	69	memtrain/o_464_2.jpg	photodiode	1
1084.606	0.5	1084606	trained	32757	10	memtrain/o_111_2.jpg	photodiode	1
1085.457	0.5	1085457	catch	32671	n/a	catch_padded.jpg	photodiode	0
1085.834	0.0	1085834	response	7	n/a	n/a	trigger	0
1087.509	0.5	1087509	trained	32755	12	memtrain/o_127_2.jpg	photodiode	1
1088.31	0.5	1088310	trained	32741	26	memtrain/o_376_1.jpg	photodiode	1
1089.06	0.5	1089060	trained	32750	17	memtrain/o_232_1.jpg	photodiode	1
1090.011	0.5	1090011	untrained	32679	88	memtrain/o_458_1.jpg	photodiode	1
1090.962	0.5	1090962	trained	32737	30	memtrain/o_437_2.jpg	photodiode	1
1091.762	0.5	1091762	catch	32671	n/a	catch_padded.jpg	photodiode	0
1093.205	0.0	1093205	response	7	n/a	n/a	trigger	0
1094.237	0.0	1094237	block_end	120	n/a	n/a	trigger	0
1107.745	0.0	1107745	response	7	n/a	n/a	trigger	0
1107.755	0.0	1107755	block_onset	105	n/a	n/a	trigger	0
1109.811	0.5	1109811	trained	32721	46	memtrain/so_113_1.jpg	photodiode	1
1110.662	0.5	1110662	untrained	32717	50	memtrain/o_057_2.jpg	photodiode	1
1111.613	0.5	1111613	trained	32739	28	memtrain/o_397_1.jpg	photodiode	1
1112.413	0.5	1112413	trained	32758	9	memtrain/o_101_2.jpg	photodiode	1
1113.364	0.5	1113364	catch	32671	n/a	catch_padded.jpg	photodiode	0
1113.79	0.0	1113790	response	7	n/a	n/a	trigger	0
1115.366	0.5	1115366	trained	32750	17	memtrain/o_232_1.jpg	photodiode	1
1116.258	0.5	1116258	untrained	32682	85	memtrain/o_218_1.jpg	photodiode	1
1117.109	0.5	1117109	trained	32764	3	memtrain/o_040_2.jpg	photodiode	1
1118.01	0.5	1118010	trained	32737	30	memtrain/o_437_2.jpg	photodiode	1
1118.81	0.5	1118810	catch	32671	n/a	catch_padded.jpg	photodiode	0
1119.188	0.0	1119188	response	7	n/a	n/a	trigger	0
1120.712	0.5	1120712	untrained	32672	95	memtrain/so_125_1.jpg	photodiode	1
1121.663	0.5	1121663	trained	32738	29	memtrain/o_416_1.jpg	photodiode	1
1122.463	0.5	1122463	untrained	32711	56	memtrain/o_163_2.jpg	photodiode	1
1123.264	0.5	1123264	catch	32671	n/a	catch_padded.jpg	photodiode	0
1123.628	0.0	1123628	response	7	n/a	n/a	trigger	0
1125.366	0.5	1125366	untrained	32676	91	memtrain/o_605_1.jpg	photodiode	1
1126.167	0.5	1126167	trained	32734	33	memtrain/o_536_1.jpg	photodiode	1
1127.017	0.5	1127017	trained	32732	35	memtrain/o_561_2.jpg	photodiode	1
1127.868	0.5	1127868	catch	32671	n/a	catch_padded.jpg	photodiode	0
1128.242	0.0	1128242	response	7	n/a	n/a	trigger	0
1129.77	0.5	1129770	untrained	32701	66	memtrain/o_342_2.jpg	photodiode	1
1130.62	0.5	1130620	trained	32728	39	memtrain/o_606_1.jpg	photodiode	1
1131.571	0.5	1131571	trained	32754	13	memtrain/o_136_1.jpg	photodiode	1
1132.422	0.5	1132422	catch	32671	n/a	catch_padded.jpg	photodiode	0
1132.813	0.0	1132813	response	7	n/a	n/a	trigger	0
1134.524	0.5	1134524	trained	32748	19	memtrain/o_284_2.jpg	photodiode	1
1135.424	0.5	1135424	trained	32746	21	memtrain/o_319_1.jpg	photodiode	1
1136.275	0.5	1136275	untrained	32681	86	memtrain/o_288_1.jpg	photodiode	1
1137.176	0.5	1137176	trained	32741	26	memtrain/o_376_1.jpg	photodiode	1
1138.077	0.5	1138077	untrained	32694	73	memtrain/o_519_2.jpg	photodiode	1
1138.977	0.5	1138977	catch	32671	n/a	catch_padded.jpg	photodiode	0
1139.355	0.0	1139355	response	7	n/a	n/a	trigger	0
1141.079	0.5	1141079	untrained	32714	53	memtrain/o_142_2.jpg	photodiode	1
1141.98	0.5	1141980	untrained	32697	70	memtrain/o_471_2.jpg	photodiode	1
1142.831	0.5	1142831	untrained	32695	72	memtrain/o_490_1.jpg	photodiode	1
1143.781	0.5	1143781	untrained	32674	93	memtrain/so_035_1.jpg	photodiode	1
1144.632	0.5	1144632	catch	32671	n/a	catch_padded.jpg	photodiode	0
1145.086	0.0	1145086	response	7	n/a	n/a	trigger	0
1146.726	0.5	1146726	untrained	32685	82	memtrain/o_656_1.jpg	photodiode	1
1147.677	0.5	1147677	untrained	32696	71	memtrain/o_483_1.jpg	photodiode	1
1148.435	0.5	1148435	trained	32725	42	memtrain/so_034_2.jpg	photodiode	1
1149.328	0.5	1149328	untrained	32716	51	memtrain/o_103_2.jpg	photodiode	1
1150.229	0.5	1150229	trained	32766	1	memtrain/o_015_1.jpg	photodiode	1
1150.979	0.5	1150979	catch	32671	n/a	catch_padded.jpg	photodiode	0
1151.426	0.0	1151426	response	7	n/a	n/a	trigger	0
1152.981	0.5	1152981	untrained	32698	69	memtrain/o_464_2.jpg	photodiode	1
1153.782	0.5	1153782	untrained	32688	79	memtrain/o_600_1.jpg	photodiode	1
1154.582	0.5	1154582	untrained	32690	77	memtrain/o_574_2.jpg	photodiode	1
1155.433	0.5	1155433	trained	32742	25	memtrain/o_358_2.jpg	photodiode	1
1156.184	0.5	1156184	catch	32671	n/a	catch_padded.jpg	photodiode	0
1156.61	0.0	1156610	response	7	n/a	n/a	trigger	0
1158.235	0.5	1158235	untrained	32706	61	memtrain/o_298_2.jpg	photodiode	1
1159.136	0.5	1159136	trained	32749	18	memtrain/o_264_2.jpg	photodiode	1
1160.087	0.5	1160087	trained	32757	10	memtrain/o_111_2.jpg	photodiode	1
1160.838	0.5	1160838	catch	32671	n/a	catch_padded.jpg	photodiode	0
1161.221	0.0	1161221	response	7	n/a	n/a	trigger	0
1162.739	0.5	1162739	trained	32729	38	memtrain/o_603_1.jpg	photodiode	1
1163.54	0.5	1163540	untrained	32718	49	memtrain/o_054_2.jpg	photodiode	1
1164.391	0.5	1164391	trained	32743	24	memtrain/o_357_1.jpg	photodiode	1
1165.342	0.5	1165342	trained	32727	40	memtrain/o_648_2.jpg	photodiode	1
1166.192	0.5	1166192	catch	32671	n/a	catch_padded.jpg	photodiode	0
1166.629	0.0	1166629	response	7	n/a	n/a	trigger	0
1168.244	0.5	1168244	untrained	32684	83	memtrain/so_105_1.jpg	photodiode	1
1168.995	0.5	1168995	trained	32735	32	memtrain/o_485_2.jpg	photodiode	1
1169.854	0.5	1169854	trained	32747	20	memtrain/o_290_1.jpg	photodiode	1
1170.646	0.5	1170646	untrained	32686	81	memtrain/o_655_2.jpg	photodiode	1
1171.597	0.5	1171597	untrained	32705	62	memtrain/o_304_1.jpg	photodiode	1
1172.498	0.5	1172498	catch	32671	n/a	catch_padded.jpg	photodiode	0
1172.923	0.0	1172923	response	7	n/a	n/a	trigger	0
1174.399	0.5	1174399	trained	32756	11	memtrain/o_117_2.jpg	photodiode	1
1175.342	0.5	1175342	untrained	32710	57	memtrain/o_171_1.jpg	photodiode	1
1176.142	0.5	1176142	untrained	32713	54	memtrain/o_145_1.jpg	photodiode	1
1176.893	0.5	1176893	untrained	32708	59	memtrain/o_201_2.jpg	photodiode	1
1177.643	0.5	1177643	untrained	32673	94	memtrain/so_067_1.jpg	photodiode	1
1178.394	0.5	1178394	catch	32671	n/a	catch_padded.jpg	photodiode	0
1178.86	0.0	1178860	response	7	n/a	n/a	trigger	0
1180.396	0.5	1180396	trained	32726	41	memtrain/o_663_2.jpg	photodiode	1
1181.347	0.5	1181347	trained	32733	34	memtrain/o_558_2.jpg	photodiode	1
1182.247	0.5	1182247	untrained	32683	84	memtrain/so_117_2.jpg	photodiode	1
1182.998	0.5	1182998	catch	32671	n/a	catch_padded.jpg	photodiode	0
1183.448	0.0	1183448	response	7	n/a	n/a	trigger	0
1184.95	0.5	1184950	trained	32730	37	memtrain/o_597_1.jpg	photodiode	1
1185.7	0.5	1185700	untrained	32699	68	memtrain/o_393_1.jpg	photodiode	1
1186.551	0.5	1186551	untrained	32704	63	memtrain/o_310_2.jpg	photodiode	1
1187.302	0.5	1187302	catch	32671	n/a	catch_padded.jpg	photodiode	0
1187.716	0.0	1187716	response	7	n/a	n/a	trigger	0
1189.353	0.5	1189353	untrained	32677	90	memtrain/o_580_1.jpg	photodiode	1
1190.254	0.5	1190254	trained	32720	47	memtrain/so_147_2.jpg	photodiode	1
1191.005	0.5	1191005	untrained	32703	64	memtrain/o_334_2.jpg	photodiode	1
1191.956	0.5	1191956	trained	32762	5	memtrain/o_067_1.jpg	photodiode	1
1192.906	0.5	1192906	untrained	32675	92	memtrain/so_033_1.jpg	photodiode	1
1193.857	0.5	1193857	catch	32671	n/a	catch_padded.jpg	photodiode	0
1194.261	0.0	1194261	response	7	n/a	n/a	trigger	0
1195.809	0.5	1195809	trained	32724	43	memtrain/so_043_2.jpg	photodiode	1
1196.71	0.5	1196710	trained	32723	44	memtrain/so_045_1.jpg	photodiode	1
1197.61	0.5	1197610	untrained	32702	65	memtrain/o_337_2.jpg	photodiode	1
1198.461	0.5	1198461	trained	32752	15	memtrain/o_195_1.jpg	photodiode	1
1199.262	0.5	1199262	untrained	32680	87	memtrain/o_365_1.jpg	photodiode	1
1200.012	0.5	1200012	catch	32671	n/a	catch_padded.jpg	photodiode	0
1200.447	0.0	1200447	response	7	n/a	n/a	trigger	0
1202.014	0.5	1202014	trained	32731	36	memtrain/o_583_1.jpg	photodiode	1
1202.965	0.5	1202965	untrained	32707	60	memtrain/o_228_2.jpg	photodiode	1
1203.766	0.5	1203766	untrained	32700	67	memtrain/o_378_1.jpg	photodiode	1
1204.658	0.5	1204658	trained	32767	0	memtrain/o_006_1.jpg	photodiode	1
1205.609	0.5	1205609	catch	32671	n/a	catch_padded.jpg	photodiode	0
1206.145	0.0	1206145	response	7	n/a	n/a	trigger	0
1207.661	0.5	1207661	trained	32751	16	memtrain/o_199_2.jpg	photodiode	1
1208.461	0.5	1208461	untrained	32687	80	memtrain/o_613_1.jpg	photodiode	1
1209.212	0.5	1209212	untrained	32679	88	memtrain/o_458_1.jpg	photodiode	1
1210.021	0.5	1210021	catch	32671	n/a	catch_padded.jpg	photodiode	0
1210.704	0.0	1210704	response	7	n/a	n/a	trigger	0
1211.914	0.5	1211914	trained	32763	4	memtrain/o_042_1.jpg	photodiode	1
1212.765	0.5	1212765	trained	32760	7	memtrain/o_091_2.jpg	photodiode	1
1213.516	0.5	1213516	trained	32761	6	memtrain/o_076_1.jpg	photodiode	1
1214.325	0.5	1214325	catch	32671	n/a	catch_padded.jpg	photodiode	0
1214.789	0.0	1214789	response	7	n/a	n/a	trigger	0
1216.318	0.5	1216318	trained	32736	31	memtrain/o_465_2.jpg	photodiode	1
1217.169	0.5	1217169	trained	32722	45	memtrain/so_090_2.jpg	photodiode	1
1217.969	0.5	1217969	untrained	32678	89	memtrain/o_469_1.jpg	photodiode	1
1218.87	0.5	1218870	untrained	32719	48	memtrain/o_019_2.jpg	photodiode	1
1219.621	0.5	1219621	untrained	32692	75	memtrain/o_564_1.jpg	photodiode	1
1220.572	0.5	1220572	catch	32671	n/a	catch_padded.jpg	photodiode	0
1221.132	0.0	1221132	response	7	n/a	n/a	trigger	0
1222.523	0.5	1222523	trained	32755	12	memtrain/o_127_2.jpg	photodiode	1
1223.374	0.5	1223374	trained	32744	23	memtrain/o_338_2.jpg	photodiode	1
1224.275	0.5	1224275	trained	32759	8	memtrain/o_094_1.jpg	photodiode	1
1225.126	0.5	1225126	catch	32671	n/a	catch_padded.jpg	photodiode	0
1225.992	0.0	1225992	response	7	n/a	n/a	trigger	0
1227.127	0.5	1227127	untrained	32709	58	memtrain/o_192_1.jpg	photodiode	1
1227.928	0.5	1227928	trained	32765	2	memtrain/o_035_1.jpg	photodiode	1
1228.779	0.5	1228779	untrained	32689	78	memtrain/o_599_1.jpg	photodiode	1
1229.579	0.5	1229579	trained	32745	22	memtrain/o_321_1.jpg	photodiode	1
1230.38	0.5	1230380	catch	32671	n/a	catch_padded.jpg	photodiode	0
1230.897	0.0	1230897	response	7	n/a	n/a	trigger	0
1232.332	0.5	1232332	trained	32753	14	memtrain/o_174_1.jpg	photodiode	1
1233.132	0.5	1233132	untrained	32715	52	memtrain/o_141_1.jpg	photodiode	1
1234.025	0.5	1234025	untrained	32691	76	memtrain/o_570_1.jpg	photodiode	1
1234.775	0.5	1234775	catch	32671	n/a	catch_padded.jpg	photodiode	0
1235.469	0.0	1235469	response	7	n/a	n/a	trigger	0
1236.677	0.5	1236677	untrained	32712	55	memtrain/o_153_2.jpg	photodiode	1
1237.528	0.5	1237528	trained	32740	27	memtrain/o_379_2.jpg	photodiode	1
1238.328	0.5	1238328	untrained	32693	74	memtrain/o_550_1.jpg	photodiode	1
1239.279	0.5	1239279	trained	32729	38	memtrain/o_603_1.jpg	photodiode	1
1240.13	0.5	1240130	trained	32731	36	memtrain/o_583_1.jpg	photodiode	1
1240.88	0.5	1240880	catch	32671	n/a	catch_padded.jpg	photodiode	0
1241.257	0.0	1241257	response	7	n/a	n/a	trigger	0
1242.782	0.5	1242782	trained	32763	4	memtrain/o_042_1.jpg	photodiode	1
1243.583	0.5	1243583	untrained	32712	55	memtrain/o_153_2.jpg	photodiode	1
1244.483	0.5	1244483	untrained	32686	81	memtrain/o_655_2.jpg	photodiode	1
1245.284	0.5	1245284	untrained	32706	61	memtrain/o_298_2.jpg	photodiode	1
1246.035	0.5	1246035	trained	32759	8	memtrain/o_094_1.jpg	photodiode	1
1246.886	0.5	1246886	catch	32671	n/a	catch_padded.jpg	photodiode	0
1247.334	0.0	1247334	response	7	n/a	n/a	trigger	0
1248.887	0.5	1248887	trained	32754	13	memtrain/o_136_1.jpg	photodiode	1
1249.838	0.5	1249838	untrained	32683	84	memtrain/so_117_2.jpg	photodiode	1
1250.739	0.5	1250739	untrained	32680	87	memtrain/o_365_1.jpg	photodiode	1
1251.64	0.5	1251640	untrained	32694	73	memtrain/o_519_2.jpg	photodiode	1
1252.59	0.5	1252590	untrained	32689	78	memtrain/o_599_1.jpg	photodiode	1
1253.391	0.5	1253391	catch	32671	n/a	catch_padded.jpg	photodiode	0
1253.783	0.0	1253783	response	7	n/a	n/a	trigger	0
1255.293	0.5	1255293	untrained	32690	77	memtrain/o_574_2.jpg	photodiode	1
1256.143	0.5	1256143	trained	32746	21	memtrain/o_319_1.jpg	photodiode	1
1257.094	0.5	1257094	trained	32749	18	memtrain/o_264_2.jpg	photodiode	1
1257.845	0.5	1257845	trained	32747	20	memtrain/o_290_1.jpg	photodiode	1
1258.746	0.5	1258746	catch	32671	n/a	catch_padded.jpg	photodiode	0
1259.194	0.0	1259194	response	7	n/a	n/a	trigger	0
1260.847	0.5	1260847	untrained	32685	82	memtrain/o_656_1.jpg	photodiode	1
1261.598	0.5	1261598	untrained	32693	74	memtrain/o_550_1.jpg	photodiode	1
1262.39	0.5	1262390	untrained	32709	58	memtrain/o_192_1.jpg	photodiode	1
1263.191	0.5	1263191	catch	32671	n/a	catch_padded.jpg	photodiode	0
1263.677	0.0	1263677	response	7	n/a	n/a	trigger	0
1265.193	0.5	1265193	trained	32721	46	memtrain/so_113_1.jpg	photodiode	1
1265.993	0.5	1265993	trained	32732	35	memtrain/o_561_2.jpg	photodiode	1
1266.802	0.5	1266802	untrained	32684	83	memtrain/so_105_1.jpg	photodiode	1
1267.695	0.5	1267695	trained	32744	23	memtrain/o_338_2.jpg	photodiode	1
1268.646	0.5	1268646	catch	32671	n/a	catch_padded.jpg	photodiode	0
1269.14	0.0	1269140	response	7	n/a	n/a	trigger	0
1270.556	0.5	1270556	untrained	32703	64	memtrain/o_334_2.jpg	photodiode	1
1271.348	0.5	1271348	trained	32765	2	memtrain/o_035_1.jpg	photodiode	1
1272.199	0.5	1272199	trained	32752	15	memtrain/o_195_1.jpg	photodiode	1
1272.949	0.5	1272949	catch	32671	n/a	catch_padded.jpg	photodiode	0
1273.975	0.0	1273975	response	7	n/a	n/a	trigger	0
1275.001	0.5	1275001	trained	32724	43	memtrain/so_043_2.jpg	photodiode	1
1275.902	0.5	1275902	trained	32751	16	memtrain/o_199_2.jpg	photodiode	1
1276.803	0.5	1276803	trained	32753	14	memtrain/o_174_1.jpg	photodiode	1
1277.603	0.5	1277603	trained	32757	10	memtrain/o_111_2.jpg	photodiode	1
1278.554	0.5	1278554	catch	32671	n/a	catch_padded.jpg	photodiode	0
1278.956	0.0	1278956	response	7	n/a	n/a	trigger	0
1280.556	0.5	1280556	trained	32722	45	memtrain/so_090_2.jpg	photodiode	1
1281.306	0.5	1281306	untrained	32710	57	memtrain/o_171_1.jpg	photodiode	1
1282.257	0.5	1282257	trained	32745	22	memtrain/o_321_1.jpg	photodiode	1
1283.058	0.5	1283058	trained	32741	26	memtrain/o_376_1.jpg	photodiode	1
1283.909	0.5	1283909	catch	32671	n/a	catch_padded.jpg	photodiode	0
1284.27	0.0	1284270	response	7	n/a	n/a	trigger	0
1286.01	0.5	1286010	untrained	32696	71	memtrain/o_483_1.jpg	photodiode	1
1286.761	0.5	1286761	untrained	32705	62	memtrain/o_304_1.jpg	photodiode	1
1287.512	0.5	1287512	trained	32725	42	memtrain/so_034_2.jpg	photodiode	1
1288.463	0.5	1288463	trained	32733	34	memtrain/o_558_2.jpg	photodiode	1
1289.413	0.5	1289413	catch	32671	n/a	catch_padded.jpg	photodiode	0
1289.948	0.0	1289948	response	7	n/a	n/a	trigger	0
1291.515	0.5	1291515	untrained	32675	92	memtrain/so_033_1.jpg	photodiode	1
1292.407	0.5	1292407	trained	32755	12	memtrain/o_127_2.jpg	photodiode	1
1293.317	0.5	1293317	untrained	32681	86	memtrain/o_288_1.jpg	photodiode	1
1294.259	0.5	1294259	catch	32671	n/a	catch_padded.jpg	photodiode	0
1295.646	0.0	1295646	response	7	n/a	n/a	trigger	0
1296.311	0.5	1296311	untrained	32707	60	memtrain/o_228_2.jpg	photodiode	1
1297.111	0.5	1297111	trained	32740	27	memtrain/o_379_2.jpg	photodiode	1
1297.962	0.5	1297962	untrained	32699	68	memtrain/o_393_1.jpg	photodiode	1
1298.713	0.5	1298713	untrained	32701	66	memtrain/o_342_2.jpg	photodiode	1
1299.664	0.5	1299664	trained	32730	37	memtrain/o_597_1.jpg	photodiode	1
1300.464	0.5	1300464	catch	32671	n/a	catch_padded.jpg	photodiode	0
1300.983	0.0	1300983	response	7	n/a	n/a	trigger	0
1302.516	0.5	1302516	untrained	32711	56	memtrain/o_163_2.jpg	photodiode	1
1303.367	0.5	1303367	untrained	32700	67	memtrain/o_378_1.jpg	photodiode	1
1304.267	0.5	1304267	trained	32743	24	memtrain/o_357_1.jpg	photodiode	1
1305.218	0.5	1305218	catch	32671	n/a	catch_padded.jpg	photodiode	0
1305.778	0.0	1305778	response	7	n/a	n/a	trigger	0
1307.22	0.5	1307220	trained	32766	1	memtrain/o_015_1.jpg	photodiode	1
1308.021	0.5	1308021	trained	32762	5	memtrain/o_067_1.jpg	photodiode	1
1308.971	0.5	1308971	trained	32758	9	memtrain/o_101_2.jpg	photodiode	1
1309.922	0.5	1309922	untrained	32677	90	memtrain/o_580_1.jpg	photodiode	1
1310.723	0.5	1310723	untrained	32676	91	memtrain/o_605_1.jpg	photodiode	1
1311.624	0.5	1311624	catch	32671	n/a	catch_padded.jpg	photodiode	0
1312.773	0.0	1312773	response	7	n/a	n/a	trigger	0
1313.726	0.5	1313726	trained	32756	11	memtrain/o_117_2.jpg	photodiode	1
1314.626	0.5	1314626	untrained	32717	50	memtrain/o_057_2.jpg	photodiode	1
1315.577	0.5	1315577	trained	32764	3	memtrain/o_040_2.jpg	photodiode	1
1316.328	0.5	1316328	trained	32738	29	memtrain/o_416_1.jpg	photodiode	1
1317.279	0.5	1317279	catch	32671	n/a	catch_padded.jpg	photodiode	0
1317.743	0.0	1317743	response	7	n/a	n/a	trigger	0
1319.28	0.5	1319280	untrained	32714	53	memtrain/o_142_2.jpg	photodiode	1
1320.173	0.5	1320173	trained	32735	32	memtrain/o_485_2.jpg	photodiode	1
1321.023	0.5	1321023	trained	32737	30	memtrain/o_437_2.jpg	photodiode	1
1321.983	0.5	1321983	untrained	32713	54	memtrain/o_145_1.jpg	photodiode	1
1322.933	0.5	1322933	trained	32720	47	memtrain/so_147_2.jpg	photodiode	1
1323.876	0.5	1323876	catch	32671	n/a	catch_padded.jpg	photodiode	0
1324.289	0.0	1324289	response	7	n/a	n/a	trigger	0
1325.828	0.5	1325828	trained	32728	39	memtrain/o_606_1.jpg	photodiode	1
1326.678	0.5	1326678	trained	32760	7	memtrain/o_091_2.jpg	photodiode	1
1327.429	0.5	1327429	trained	32742	25	memtrain/o_358_2.jpg	photodiode	1
1328.28	0.5	1328280	trained	32761	6	memtrain/o_076_1.jpg	photodiode	1
1329.08	0.5	1329080	catch	32671	n/a	catch_padded.jpg	photodiode	0
1329.505	0.0	1329505	response	7	n/a	n/a	trigger	0
1331.132	0.5	1331132	trained	32767	0	memtrain/o_006_1.jpg	photodiode	1
1331.883	0.5	1331883	untrained	32695	72	memtrain/o_490_1.jpg	photodiode	1
1332.833	0.5	1332833	untrained	32704	63	memtrain/o_310_2.jpg	photodiode	1
1333.634	0.5	1333634	catch	32671	n/a	catch_padded.jpg	photodiode	0
1334.296	0.0	1334296	response	7	n/a	n/a	trigger	0
1335.536	0.5	1335536	untrained	32682	85	memtrain/o_218_1.jpg	photodiode	1
1336.286	0.5	1336286	untrained	32716	51	memtrain/o_103_2.jpg	photodiode	1
1337.037	0.5	1337037	untrained	32698	69	memtrain/o_464_2.jpg	photodiode	1
1337.938	0.5	1337938	untrained	32697	70	memtrain/o_471_2.jpg	photodiode	1
1338.688	0.5	1338688	catch	32671	n/a	catch_padded.jpg	photodiode	0
1339.659	0.0	1339659	response	7	n/a	n/a	trigger	0
1340.74	0.5	1340740	trained	32727	40	memtrain/o_648_2.jpg	photodiode	1
1341.591	0.5	1341591	untrained	32715	52	memtrain/o_141_1.jpg	photodiode	1
1342.442	0.5	1342442	untrained	32719	48	memtrain/o_019_2.jpg	photodiode	1
1343.342	0.5	1343342	untrained	32708	59	memtrain/o_201_2.jpg	photodiode	1
1344.193	0.5	1344193	untrained	32691	76	memtrain/o_570_1.jpg	photodiode	1
1345.094	0.5	1345094	catch	32671	n/a	catch_padded.jpg	photodiode	0
1345.69	0.0	1345690	response	7	n/a	n/a	trigger	0
1347.196	0.5	1347196	trained	32723	44	memtrain/so_045_1.jpg	photodiode	1
1347.946	0.5	1347946	untrained	32679	88	memtrain/o_458_1.jpg	photodiode	1
1348.797	0.5	1348797	untrained	32718	49	memtrain/o_054_2.jpg	photodiode	1
1349.739	0.5	1349739	catch	32671	n/a	catch_padded.jpg	photodiode	0
1350.237	0.0	1350237	response	7	n/a	n/a	trigger	0
1351.8	0.5	1351800	untrained	32672	95	memtrain/so_125_1.jpg	photodiode	1
1352.542	0.5	1352542	untrained	32674	93	memtrain/so_035_1.jpg	photodiode	1
1353.342	0.5	1353342	trained	32734	33	memtrain/o_536_1.jpg	photodiode	1
1354.243	0.5	1354243	untrained	32702	65	memtrain/o_337_2.jpg	photodiode	1
1355.002	0.5	1355002	untrained	32687	80	memtrain/o_613_1.jpg	photodiode	1
1355.744	0.5	1355744	catch	32671	n/a	catch_padded.jpg	photodiode	0
1356.099	0.0	1356099	response	7	n/a	n/a	trigger	0
1357.846	0.5	1357846	untrained	32673	94	memtrain/so_067_1.jpg	photodiode	1
1358.647	0.5	1358647	trained	32726	41	memtrain/o_663_2.jpg	photodiode	1
1359.548	0.5	1359548	trained	32748	19	memtrain/o_284_2.jpg	photodiode	1
1360.348	0.5	1360348	trained	32739	28	memtrain/o_397_1.jpg	photodiode	1
1361.199	0.5	1361199	untrained	32692	75	memtrain/o_564_1.jpg	photodiode	1
1362.05	0.5	1362050	catch	32671	n/a	catch_padded.jpg	photodiode	0
1362.454	0.0	1362454	response	7	n/a	n/a	trigger	0
1364.001	0.5	1364001	untrained	32678	89	memtrain/o_469_1.jpg	photodiode	1
1364.752	0.5	1364752	trained	32750	17	memtrain/o_232_1.jpg	photodiode	1
1365.553	0.5	1365553	untrained	32688	79	memtrain/o_600_1.jpg	photodiode	1
1366.303	0.5	1366303	trained	32736	31	memtrain/o_465_2.jpg	photodiode	1
1367.204	0.5	1367204	catch	32671	n/a	catch_padded.jpg	photodiode	0
1367.594	0.0	1367594	response	7	n/a	n/a	trigger	0
1369.679	0.0	1369679	block_end	120	n/a	n/a	trigger	0
1405.588	0.0	1405588	response	7	n/a	n/a	trigger	0
1405.591	0.0	1405591	block_onset	106	n/a	n/a	trigger	0
1407.647	0.5	1407647	untrained	32693	74	memtrain/o_550_1.jpg	photodiode	1
1408.448	0.5	1408448	untrained	32717	50	memtrain/o_057_2.jpg	photodiode	1
1409.298	0.5	1409298	trained	32734	33	memtrain/o_536_1.jpg	photodiode	1
1410.099	0.5	1410099	untrained	32697	70	memtrain/o_471_2.jpg	photodiode	1
1410.9	0.5	1410900	untrained	32696	71	memtrain/o_483_1.jpg	photodiode	1
1411.75	0.5	1411750	catch	32671	n/a	catch_padded.jpg	photodiode	0
1412.203	0.0	1412203	response	7	n/a	n/a	trigger	0
1413.652	0.5	1413652	untrained	32700	67	memtrain/o_378_1.jpg	photodiode	1
1414.503	0.5	1414503	untrained	32713	54	memtrain/o_145_1.jpg	photodiode	1
1415.253	0.5	1415253	trained	32739	28	memtrain/o_397_1.jpg	photodiode	1
1416.104	0.5	1416104	catch	32671	n/a	catch_padded.jpg	photodiode	0
1416.477	0.0	1416477	response	7	n/a	n/a	trigger	0
1418.006	0.5	1418006	trained	32721	46	memtrain/so_113_1.jpg	photodiode	1
1418.948	0.5	1418948	trained	32731	36	memtrain/o_583_1.jpg	photodiode	1
1419.899	0.5	1419899	trained	32724	43	memtrain/so_043_2.jpg	photodiode	1
1420.649	0.5	1420649	catch	32671	n/a	catch_padded.jpg	photodiode	0
1421.048	0.0	1421048	response	7	n/a	n/a	trigger	0
1422.701	0.5	1422701	untrained	32712	55	memtrain/o_153_2.jpg	photodiode	1
1423.602	0.5	1423602	untrained	32691	76	memtrain/o_570_1.jpg	photodiode	1
1424.553	0.5	1424553	trained	32727	40	memtrain/o_648_2.jpg	photodiode	1
1425.403	0.5	1425403	trained	32737	30	memtrain/o_437_2.jpg	photodiode	1
1426.254	0.5	1426254	untrained	32702	65	memtrain/o_337_2.jpg	photodiode	1
1427.013	0.5	1427013	catch	32671	n/a	catch_padded.jpg	photodiode	0
1427.405	0.0	1427405	response	7	n/a	n/a	trigger	0
1429.007	0.5	1429007	trained	32760	7	memtrain/o_091_2.jpg	photodiode	1
1429.907	0.5	1429907	untrained	32701	66	memtrain/o_342_2.jpg	photodiode	1
1430.708	0.5	1430708	trained	32764	3	memtrain/o_040_2.jpg	photodiode	1
1431.459	0.5	1431459	catch	32671	n/a	catch_padded.jpg	photodiode	0
1431.912	0.0	1431912	response	7	n/a	n/a	trigger	0
1433.41	0.5	1433410	untrained	32680	87	memtrain/o_365_1.jpg	photodiode	1
1434.161	0.5	1434161	trained	32723	44	memtrain/so_045_1.jpg	photodiode	1
1435.112	0.5	1435112	trained	32720	47	memtrain/so_147_2.jpg	photodiode	1
1435.962	0.5	1435962	untrained	32695	72	memtrain/o_490_1.jpg	photodiode	1
1436.763	0.5	1436763	untrained	32683	84	memtrain/so_117_2.jpg	photodiode	1
1437.514	0.5	1437514	catch	32671	n/a	catch_padded.jpg	photodiode	0
1437.909	0.0	1437909	response	7	n/a	n/a	trigger	0
1439.465	0.5	1439465	trained	32767	0	memtrain/o_006_1.jpg	photodiode	1
1440.416	0.5	1440416	untrained	32675	92	memtrain/so_033_1.jpg	photodiode	1
1441.317	0.5	1441317	trained	32751	16	memtrain/o_199_2.jpg	photodiode	1
1442.168	0.5	1442168	catch	32671	n/a	catch_padded.jpg	photodiode	0
1442.578	0.0	1442578	response	7	n/a	n/a	trigger	0
1444.069	0.5	1444069	untrained	32704	63	memtrain/o_310_2.jpg	photodiode	1
1445.02	0.5	1445020	untrained	32716	51	memtrain/o_103_2.jpg	photodiode	1
1445.821	0.5	1445821	trained	32729	38	memtrain/o_603_1.jpg	photodiode	1
1446.563	0.5	1446563	trained	32755	12	memtrain/o_127_2.jpg	photodiode	1
1447.464	0.5	1447464	catch	32671	n/a	catch_padded.jpg	photodiode	0
1447.896	0.0	1447896	response	7	n/a	n/a	trigger	0
1449.474	0.5	1449474	trained	32735	32	memtrain/o_485_2.jpg	photodiode	1
1450.366	0.5	1450366	untrained	32672	95	memtrain/so_125_1.jpg	photodiode	1
1451.317	0.5	1451317	untrained	32679	88	memtrain/o_458_1.jpg	photodiode	1
1452.268	0.5	1452268	catch	32671	n/a	catch_padded.jpg	photodiode	0
1452.66	0.0	1452660	response	7	n/a	n/a	trigger	0
1454.37	0.5	1454370	untrained	32694	73	memtrain/o_519_2.jpg	photodiode	1
1455.171	0.5	1455171	trained	32728	39	memtrain/o_606_1.jpg	photodiode	1
1456.021	0.5	1456021	trained	32754	13	memtrain/o_136_1.jpg	photodiode	1
1456.822	0.5	1456822	untrained	32684	83	memtrain/so_105_1.jpg	photodiode	1
1457.573	0.5	1457573	catch	32671	n/a	catch_padded.jpg	photodiode	0
1458.119	0.0	1458119	response	7	n/a	n/a	trigger	0
1459.524	0.5	1459524	untrained	32718	49	memtrain/o_054_2.jpg	photodiode	1
1460.425	0.5	1460425	untrained	32705	62	memtrain/o_304_1.jpg	photodiode	1
1461.376	0.5	1461376	trained	32742	25	memtrain/o_358_2.jpg	photodiode	1
1462.176	0.5	1462176	catch	32671	n/a	catch_padded.jpg	photodiode	0
1462.663	0.0	1462663	response	7	n/a	n/a	trigger	0
1464.128	0.5	1464128	untrained	32710	57	memtrain/o_171_1.jpg	photodiode	1
1464.979	0.5	1464979	trained	32747	20	memtrain/o_290_1.jpg	photodiode	1
1465.83	0.5	1465830	trained	32756	11	memtrain/o_117_2.jpg	photodiode	1
1466.68	0.5	1466680	trained	32725	42	memtrain/so_034_2.jpg	photodiode	1
1467.431	0.5	1467431	untrained	32698	69	memtrain/o_464_2.jpg	photodiode	1
1468.382	0.5	1468382	catch	32671	n/a	catch_padded.jpg	photodiode	0
1468.87	0.0	1468870	response	7	n/a	n/a	trigger	0
1470.484	0.5	1470484	trained	32745	22	memtrain/o_321_1.jpg	photodiode	1
1471.234	0.5	1471234	trained	32722	45	memtrain/so_090_2.jpg	photodiode	1
1472.135	0.5	1472135	trained	32741	26	memtrain/o_376_1.jpg	photodiode	1
1473.086	0.5	1473086	trained	32758	9	memtrain/o_101_2.jpg	photodiode	1
1474.037	0.5	1474037	catch	32671	n/a	catch_padded.jpg	photodiode	0
1474.528	0.0	1474528	response	7	n/a	n/a	trigger	0
1475.938	0.5	1475938	trained	32743	24	memtrain/o_357_1.jpg	photodiode	1
1476.78	0.5	1476780	untrained	32709	58	memtrain/o_192_1.jpg	photodiode	1
1477.69	0.5	1477690	untrained	32711	56	memtrain/o_163_2.jpg	photodiode	1
1478.532	0.5	1478532	untrained	32706	61	memtrain/o_298_2.jpg	photodiode	1
1479.483	0.5	1479483	untrained	32678	89	memtrain/o_469_1.jpg	photodiode	1
1480.383	0.5	1480383	catch	32671	n/a	catch_padded.jpg	photodiode	0
1480.751	0.0	1480751	response	7	n/a	n/a	trigger	0
1482.435	0.5	1482435	trained	32726	41	memtrain/o_663_2.jpg	photodiode	1
1483.236	0.5	1483236	untrained	32676	91	memtrain/o_605_1.jpg	photodiode	1
1484.087	0.5	1484087	untrained	32677	90	memtrain/o_580_1.jpg	photodiode	1
1484.837	0.5	1484837	trained	32732	35	memtrain/o_561_2.jpg	photodiode	1
1485.738	0.5	1485738	untrained	32689	78	memtrain/o_599_1.jpg	photodiode	1
1486.489	0.5	1486489	catch	32671	n/a	catch_padded.jpg	photodiode	0
1486.84	0.0	1486840	response	7	n/a	n/a	trigger	0
1488.39	0.5	1488390	trained	32766	1	memtrain/o_015_1.jpg	photodiode	1
1489.141	0.5	1489141	untrained	32686	81	memtrain/o_655_2.jpg	photodiode	1
1489.992	0.5	1489992	untrained	32682	85	memtrain/o_218_1.jpg	photodiode	1
1490.942	0.5	1490942	untrained	32674	93	memtrain/so_035_1.jpg	photodiode	1
1491.893	0.5	1491893	catch	32671	n/a	catch_padded.jpg	photodiode	0
1492.255	0.0	1492255	response	7	n/a	n/a	trigger	0
1493.995	0.5	1493995	untrained	32703	64	memtrain/o_334_2.jpg	photodiode	1
1494.896	0.5	1494896	trained	32746	21	memtrain/o_319_1.jpg	photodiode	1
1495.847	0.5	1495847	untrained	32715	52	memtrain/o_141_1.jpg	photodiode	1
1496.747	0.5	1496747	trained	32753	14	memtrain/o_174_1.jpg	photodiode	1
1497.598	0.5	1497598	untrained	32719	48	memtrain/o_019_2.jpg	photodiode	1
1498.449	0.5	1498449	catch	32671	n/a	catch_padded.jpg	photodiode	0
1498.84	0.0	1498840	response	7	n/a	n/a	trigger	0
1500.35	0.5	1500350	trained	32740	27	memtrain/o_379_2.jpg	photodiode	1
1501.101	0.5	1501101	trained	32733	34	memtrain/o_558_2.jpg	photodiode	1
1502.052	0.5	1502052	untrained	32687	80	memtrain/o_613_1.jpg	photodiode	1
1503.003	0.5	1503003	trained	32750	17	memtrain/o_232_1.jpg	photodiode	1
1503.803	0.5	1503803	catch	32671	n/a	catch_padded.jpg	photodiode	0
1504.19	0.0	1504190	response	7	n/a	n/a	trigger	0
1505.855	0.5	1505855	untrained	32708	59	memtrain/o_201_2.jpg	photodiode	1
1506.798	0.5	1506798	trained	32736	31	memtrain/o_465_2.jpg	photodiode	1
1507.698	0.5	1507698	trained	32748	19	memtrain/o_284_2.jpg	photodiode	1
1508.599	0.5	1508599	catch	32671	n/a	catch_padded.jpg	photodiode	0
1509.055	0.0	1509055	response	7	n/a	n/a	trigger	0
1510.551	0.5	1510551	untrained	32692	75	memtrain/o_564_1.jpg	photodiode	1
1511.402	0.5	1511402	trained	32744	23	memtrain/o_338_2.jpg	photodiode	1
1512.202	0.5	1512202	untrained	32690	77	memtrain/o_574_2.jpg	photodiode	1
1513.053	0.5	1513053	trained	32763	4	memtrain/o_042_1.jpg	photodiode	1
1513.954	0.5	1513954	catch	32671	n/a	catch_padded.jpg	photodiode	0
1514.437	0.0	1514437	response	7	n/a	n/a	trigger	0
1516.005	0.5	1516005	untrained	32685	82	memtrain/o_656_1.jpg	photodiode	1
1516.806	0.5	1516806	trained	32738	29	memtrain/o_416_1.jpg	photodiode	1
1517.657	0.5	1517657	untrained	32714	53	memtrain/o_142_2.jpg	photodiode	1
1518.407	0.5	1518407	untrained	32707	60	memtrain/o_228_2.jpg	photodiode	1
1519.208	0.5	1519208	catch	32671	n/a	catch_padded.jpg	photodiode	0
1519.61	0.0	1519610	response	7	n/a	n/a	trigger	0
1521.31	0.5	1521310	trained	32757	10	memtrain/o_111_2.jpg	photodiode	1
1522.211	0.5	1522211	trained	32761	6	memtrain/o_076_1.jpg	photodiode	1
1523.011	0.5	1523011	untrained	32673	94	memtrain/so_067_1.jpg	photodiode	1
1523.862	0.5	1523862	trained	32759	8	memtrain/o_094_1.jpg	photodiode	1
1524.813	0.5	1524813	trained	32762	5	memtrain/o_067_1.jpg	photodiode	1
1525.664	0.5	1525664	catch	32671	n/a	catch_padded.jpg	photodiode	0
1526.164	0.0	1526164	response	7	n/a	n/a	trigger	0
1527.615	0.5	1527615	trained	32752	15	memtrain/o_195_1.jpg	photodiode	1
1528.566	0.5	1528566	trained	32765	2	memtrain/o_035_1.jpg	photodiode	1
1529.467	0.5	1529467	untrained	32699	68	memtrain/o_393_1.jpg	photodiode	1
1530.418	0.5	1530418	untrained	32681	86	memtrain/o_288_1.jpg	photodiode	1
1531.368	0.5	1531368	catch	32671	n/a	catch_padded.jpg	photodiode	0
1531.786	0.0	1531786	response	7	n/a	n/a	trigger	0
1533.32	0.5	1533320	untrained	32688	79	memtrain/o_600_1.jpg	photodiode	1
1534.212	0.5	1534212	trained	32749	18	memtrain/o_264_2.jpg	photodiode	1
1535.163	0.5	1535163	trained	32730	37	memtrain/o_597_1.jpg	photodiode	1
1536.064	0.5	1536064	catch	32671	n/a	catch_padded.jpg	photodiode	0
1536.446	0.0	1536446	response	7	n/a	n/a	trigger	0
1537.966	0.5	1537966	trained	32744	23	memtrain/o_338_2.jpg	photodiode	1
1538.916	0.5	1538916	trained	32737	30	memtrain/o_437_2.jpg	photodiode	1
1539.667	0.5	1539667	untrained	32713	54	memtrain/o_145_1.jpg	photodiode	1
1540.518	0.5	1540518	trained	32763	4	memtrain/o_042_1.jpg	photodiode	1
1541.419	0.5	1541419	untrained	32698	69	memtrain/o_464_2.jpg	photodiode	1
1542.369	0.5	1542369	catch	32671	n/a	catch_padded.jpg	photodiode	0
1542.737	0.0	1542737	response	7	n/a	n/a	trigger	0
1544.321	0.5	1544321	untrained	32708	59	memtrain/o_201_2.jpg	photodiode	1
1545.272	0.5	1545272	trained	32740	27	memtrain/o_379_2.jpg	photodiode	1
1546.022	0.5	1546022	trained	32735	32	memtrain/o_485_2.jpg	photodiode	1
1546.873	0.5	1546873	untrained	32711	56	memtrain/o_163_2.jpg	photodiode	1
1547.632	0.5	1547632	catch	32671	n/a	catch_padded.jpg	photodiode	0
1548.007	0.0	1548007	response	7	n/a	n/a	trigger	0
1549.676	0.5	1549676	trained	32745	22	memtrain/o_321_1.jpg	photodiode	1
1550.576	0.5	1550576	untrained	32696	71	memtrain/o_483_1.jpg	photodiode	1
1551.427	0.5	1551427	trained	32721	46	memtrain/so_113_1.jpg	photodiode	1
1552.278	0.5	1552278	trained	32750	17	memtrain/o_232_1.jpg	photodiode	1
1553.078	0.5	1553078	untrained	32710	57	memtrain/o_171_1.jpg	photodiode	1
1554.029	0.5	1554029	catch	32671	n/a	catch_padded.jpg	photodiode	0
1554.408	0.0	1554408	response	7	n/a	n/a	trigger	0
1556.081	0.5	1556081	trained	32732	35	memtrain/o_561_2.jpg	photodiode	1
1556.832	0.5	1556832	trained	32753	14	memtrain/o_174_1.jpg	photodiode	1
1557.582	0.5	1557582	trained	32764	3	memtrain/o_040_2.jpg	photodiode	1
1558.433	0.5	1558433	trained	32727	40	memtrain/o_648_2.jpg	photodiode	1
1559.334	0.5	1559334	catch	32671	n/a	catch_padded.jpg	photodiode	0
1559.729	0.0	1559729	response	7	n/a	n/a	trigger	0
1561.436	0.5	1561436	untrained	32706	61	memtrain/o_298_2.jpg	photodiode	1
1562.386	0.5	1562386	untrained	32677	90	memtrain/o_580_1.jpg	photodiode	1
1563.329	0.5	1563329	untrained	32679	88	memtrain/o_458_1.jpg	photodiode	1
1564.08	0.5	1564080	trained	32739	28	memtrain/o_397_1.jpg	photodiode	1
1565.03	0.5	1565030	catch	32671	n/a	catch_padded.jpg	photodiode	0
1565.424	0.0	1565424	response	7	n/a	n/a	trigger	0
1567.082	0.5	1567082	untrained	32688	79	memtrain/o_600_1.jpg	photodiode	1
1567.891	0.5	1567891	trained	32742	25	memtrain/o_358_2.jpg	photodiode	1
1568.683	0.5	1568683	untrained	32680	87	memtrain/o_365_1.jpg	photodiode	1
1569.434	0.5	1569434	catch	32671	n/a	catch_padded.jpg	photodiode	0
1569.942	0.0	1569942	response	7	n/a	n/a	trigger	0
1571.386	0.5	1571386	untrained	32691	76	memtrain/o_570_1.jpg	photodiode	1
1572.136	0.5	1572136	trained	32748	19	memtrain/o_284_2.jpg	photodiode	1
1572.887	0.5	1572887	untrained	32693	74	memtrain/o_550_1.jpg	photodiode	1
1573.688	0.5	1573688	trained	32734	33	memtrain/o_536_1.jpg	photodiode	1
1574.488	0.5	1574488	untrained	32690	77	memtrain/o_574_2.jpg	photodiode	1
1575.289	0.5	1575289	catch	32671	n/a	catch_padded.jpg	photodiode	0
1575.674	0.0	1575674	response	7	n/a	n/a	trigger	0
1577.241	0.5	1577241	untrained	32674	93	memtrain/so_035_1.jpg	photodiode	1
1578.141	0.5	1578141	trained	32751	16	memtrain/o_199_2.jpg	photodiode	1
1579.042	0.5	1579042	untrained	32709	58	memtrain/o_192_1.jpg	photodiode	1
1579.893	0.5	1579893	untrained	32703	64	memtrain/o_334_2.jpg	photodiode	1
1580.744	0.5	1580744	catch	32671	n/a	catch_padded.jpg	photodiode	0
1581.216	0.0	1581216	response	7	n/a	n/a	trigger	0
1582.845	0.5	1582845	untrained	32689	78	memtrain/o_599_1.jpg	photodiode	1
1583.696	0.5	1583696	untrained	32683	84	memtrain/so_117_2.jpg	photodiode	1
1584.647	0.5	1584647	trained	32723	44	memtrain/so_045_1.jpg	photodiode	1
1585.598	0.5	1585598	untrained	32673	94	memtrain/so_067_1.jpg	photodiode	1
1586.348	0.5	1586348	catch	32671	n/a	catch_padded.jpg	photodiode	0
1586.794	0.0	1586794	response	7	n/a	n/a	trigger	0
1588.4	0.5	1588400	trained	32759	8	memtrain/o_094_1.jpg	photodiode	1
1589.251	0.5	1589251	trained	32760	7	memtrain/o_091_2.jpg	photodiode	1
1590.002	0.5	1590002	untrained	32684	83	memtrain/so_105_1.jpg	photodiode	1
1590.902	0.5	1590902	catch	32671	n/a	catch_padded.jpg	photodiode	0
1591.323	0.0	1591323	response	7	n/a	n/a	trigger	0
1593.004	0.5	1593004	trained	32722	45	memtrain/so_090_2.jpg	photodiode	1
1593.905	0.5	1593905	trained	32762	5	memtrain/o_067_1.jpg	photodiode	1
1594.697	0.5	1594697	untrained	32675	92	memtrain/so_033_1.jpg	photodiode	1
1595.448	0.5	1595448	trained	32767	0	memtrain/o_006_1.jpg	photodiode	1
1596.198	0.5	1596198	catch	32671	n/a	catch_padded.jpg	photodiode	0
1596.569	0.0	1596569	response	7	n/a	n/a	trigger	0
1598.2	0.5	1598200	untrained	32681	86	memtrain/o_288_1.jpg	photodiode	1
1599.001	0.5	1599001	untrained	32700	67	memtrain/o_378_1.jpg	photodiode	1
1599.901	0.5	1599901	untrained	32707	60	memtrain/o_228_2.jpg	photodiode	1
1600.752	0.5	1600752	catch	32671	n/a	catch_padded.jpg	photodiode	0
1601.106	0.0	1601106	response	7	n/a	n/a	trigger	0
1602.704	0.5	1602704	trained	32761	6	memtrain/o_076_1.jpg	photodiode	1
1603.655	0.5	1603655	trained	32746	21	memtrain/o_319_1.jpg	photodiode	1
1604.605	0.5	1604605	trained	32754	13	memtrain/o_136_1.jpg	photodiode	1
1605.406	0.5	1605406	catch	32671	n/a	catch_padded.jpg	photodiode	0
1605.773	0.0	1605773	response	7	n/a	n/a	trigger	0
1607.458	0.5	1607458	untrained	32672	95	memtrain/so_125_1.jpg	photodiode	1
1608.309	0.5	1608309	trained	32758	9	memtrain/o_101_2.jpg	photodiode	1
1609.259	0.5	1609259	untrained	32678	89	memtrain/o_469_1.jpg	photodiode	1
1610.21	0.5	1610210	catch	32671	n/a	catch_padded.jpg	photodiode	0
1610.597	0.0	1610597	response	7	n/a	n/a	trigger	0
1612.212	0.5	1612212	untrained	32718	49	memtrain/o_054_2.jpg	photodiode	1
1613.163	0.5	1613163	untrained	32687	80	memtrain/o_613_1.jpg	photodiode	1
1614.063	0.5	1614063	trained	32725	42	memtrain/so_034_2.jpg	photodiode	1
1614.864	0.5	1614864	trained	32729	38	memtrain/o_603_1.jpg	photodiode	1
1615.615	0.5	1615615	untrained	32686	81	memtrain/o_655_2.jpg	photodiode	1
1616.466	0.5	1616466	catch	32671	n/a	catch_padded.jpg	photodiode	0
1616.869	0.0	1616869	response	7	n/a	n/a	trigger	0
1618.367	0.5	1618367	trained	32765	2	memtrain/o_035_1.jpg	photodiode	1
1619.218	0.5	1619218	trained	32752	15	memtrain/o_195_1.jpg	photodiode	1
1620.019	0.5	1620019	untrained	32712	55	memtrain/o_153_2.jpg	photodiode	1
1620.911	0.5	1620911	catch	32671	n/a	catch_padded.jpg	photodiode	0
1621.276	0.0	1621276	response	7	n/a	n/a	trigger	0
1622.863	0.5	1622863	trained	32720	47	memtrain/so_147_2.jpg	photodiode	1
1623.663	0.5	1623663	trained	32749	18	memtrain/o_264_2.jpg	photodiode	1
1624.564	0.5	1624564	trained	32757	10	memtrain/o_111_2.jpg	photodiode	1
1625.365	0.5	1625365	untrained	32695	72	memtrain/o_490_1.jpg	photodiode	1
1626.166	0.5	1626166	trained	32731	36	memtrain/o_583_1.jpg	photodiode	1
1626.916	0.5	1626916	catch	32671	n/a	catch_padded.jpg	photodiode	0
1627.276	0.0	1627276	response	7	n/a	n/a	trigger	0
1628.826	0.5	1628826	untrained	32685	82	memtrain/o_656_1.jpg	photodiode	1
1629.618	0.5	1629618	trained	32766	1	memtrain/o_015_1.jpg	photodiode	1
1630.469	0.5	1630469	untrained	32692	75	memtrain/o_564_1.jpg	photodiode	1
1631.37	0.5	1631370	trained	32736	31	memtrain/o_465_2.jpg	photodiode	1
1632.171	0.5	1632171	catch	32671	n/a	catch_padded.jpg	photodiode	0
1632.572	0.0	1632572	response	7	n/a	n/a	trigger	0
1634.122	0.5	1634122	untrained	32715	52	memtrain/o_141_1.jpg	photodiode	1
1634.973	0.5	1634973	untrained	32697	70	memtrain/o_471_2.jpg	photodiode	1
1635.724	0.5	1635724	untrained	32682	85	memtrain/o_218_1.jpg	photodiode	1
1636.624	0.5	1636624	trained	32730	37	memtrain/o_597_1.jpg	photodiode	1
1637.525	0.5	1637525	untrained	32694	73	memtrain/o_519_2.jpg	photodiode	1
1637.894	0.0	1637894	response	7	n/a	n/a	trigger	0
1638.426	0.5	1638426	catch	32671	n/a	catch_padded.jpg	photodiode	0
1640.478	0.5	1640478	trained	32728	39	memtrain/o_606_1.jpg	photodiode	1
1641.278	0.5	1641278	trained	32733	34	memtrain/o_558_2.jpg	photodiode	1
1642.179	0.5	1642179	untrained	32704	63	memtrain/o_310_2.jpg	photodiode	1
1643.08	0.5	1643080	untrained	32716	51	memtrain/o_103_2.jpg	photodiode	1
1643.931	0.5	1643931	trained	32738	29	memtrain/o_416_1.jpg	photodiode	1
1644.781	0.5	1644781	catch	32671	n/a	catch_padded.jpg	photodiode	0
1645.227	0.0	1645227	response	7	n/a	n/a	trigger	0
1646.883	0.5	1646883	trained	32743	24	memtrain/o_357_1.jpg	photodiode	1
1647.634	0.5	1647634	trained	32747	20	memtrain/o_290_1.jpg	photodiode	1
1648.384	0.5	1648384	trained	32726	41	memtrain/o_663_2.jpg	photodiode	1
1649.135	0.5	1649135	catch	32671	n/a	catch_padded.jpg	photodiode	0
1649.575	0.0	1649575	response	7	n/a	n/a	trigger	0
1651.228	0.5	1651228	untrained	32701	66	memtrain/o_342_2.jpg	photodiode	1
1652.079	0.5	1652079	untrained	32719	48	memtrain/o_019_2.jpg	photodiode	1
1652.93	0.5	1652930	untrained	32714	53	memtrain/o_142_2.jpg	photodiode	1
1653.73	0.5	1653730	catch	32671	n/a	catch_padded.jpg	photodiode	0
1654.081	0.0	1654081	response	7	n/a	n/a	trigger	0
1655.691	0.5	1655691	untrained	32699	68	memtrain/o_393_1.jpg	photodiode	1
1656.633	0.5	1656633	untrained	32702	65	memtrain/o_337_2.jpg	photodiode	1
1657.434	0.5	1657434	untrained	32676	91	memtrain/o_605_1.jpg	photodiode	1
1658.184	0.5	1658184	untrained	32705	62	memtrain/o_304_1.jpg	photodiode	1
1658.935	0.5	1658935	trained	32756	11	memtrain/o_117_2.jpg	photodiode	1
1659.685	0.5	1659685	catch	32671	n/a	catch_padded.jpg	photodiode	0
1660.137	0.0	1660137	response	7	n/a	n/a	trigger	0
1661.687	0.5	1661687	untrained	32717	50	memtrain/o_057_2.jpg	photodiode	1
1662.438	0.5	1662438	trained	32724	43	memtrain/so_043_2.jpg	photodiode	1
1663.339	0.5	1663339	trained	32755	12	memtrain/o_127_2.jpg	photodiode	1
1664.089	0.5	1664089	trained	32741	26	memtrain/o_376_1.jpg	photodiode	1
1664.94	0.5	1664940	catch	32671	n/a	catch_padded.jpg	photodiode	0
1665.338	0.0	1665338	response	7	n/a	n/a	trigger	0
1667.414	0.0	1667414	block_end	120	n/a	n/a	trigger	0
1681.813	0.0	1681813	response	7	n/a	n/a	trigger	0
1681.817	0.0	1681817	block_onset	107	n/a	n/a	trigger	0
1683.873	0.5	1683873	trained	32748	19	memtrain/o_284_2.jpg	photodiode	1
1684.673	0.5	1684673	trained	32728	39	memtrain/o_606_1.jpg	photodiode	1
1685.524	0.5	1685524	trained	32756	11	memtrain/o_117_2.jpg	photodiode	1
1686.367	0.5	1686367	untrained	32698	69	memtrain/o_464_2.jpg	photodiode	1
1687.117	0.5	1687117	catch	32671	n/a	catch_padded.jpg	photodiode	0
1687.547	0.0	1687547	response	7	n/a	n/a	trigger	0
1689.169	0.5	1689169	trained	32754	13	memtrain/o_136_1.jpg	photodiode	1
1689.92	0.5	1689920	untrained	32705	62	memtrain/o_304_1.jpg	photodiode	1
1690.728	0.5	1690728	untrained	32711	56	memtrain/o_163_2.jpg	photodiode	1
1691.479	0.5	1691479	untrained	32718	49	memtrain/o_054_2.jpg	photodiode	1
1692.372	0.5	1692372	catch	32671	n/a	catch_padded.jpg	photodiode	0
1692.759	0.0	1692759	response	7	n/a	n/a	trigger	0
1694.273	0.5	1694273	trained	32739	28	memtrain/o_397_1.jpg	photodiode	1
1695.174	0.5	1695174	untrained	32697	70	memtrain/o_471_2.jpg	photodiode	1
1696.075	0.5	1696075	untrained	32702	65	memtrain/o_337_2.jpg	photodiode	1
1696.875	0.5	1696875	trained	32760	7	memtrain/o_091_2.jpg	photodiode	1
1697.676	0.5	1697676	catch	32671	n/a	catch_padded.jpg	photodiode	0
1698.032	0.0	1698032	response	7	n/a	n/a	trigger	0
1699.628	0.5	1699628	trained	32745	22	memtrain/o_321_1.jpg	photodiode	1
1700.428	0.5	1700428	untrained	32677	90	memtrain/o_580_1.jpg	photodiode	1
1701.329	0.5	1701329	trained	32738	29	memtrain/o_416_1.jpg	photodiode	1
1702.18	0.5	1702180	untrained	32672	95	memtrain/so_125_1.jpg	photodiode	1
1703.131	0.5	1703131	catch	32671	n/a	catch_padded.jpg	photodiode	0
1703.616	0.0	1703616	response	7	n/a	n/a	trigger	0
1705.183	0.5	1705183	untrained	32714	53	memtrain/o_142_2.jpg	photodiode	1
1706.083	0.5	1706083	untrained	32708	59	memtrain/o_201_2.jpg	photodiode	1
1706.984	0.5	1706984	untrained	32689	78	memtrain/o_599_1.jpg	photodiode	1
1707.935	0.5	1707935	untrained	32687	80	memtrain/o_613_1.jpg	photodiode	1
1708.886	0.5	1708886	untrained	32690	77	memtrain/o_574_2.jpg	photodiode	1
1709.686	0.5	1709686	catch	32671	n/a	catch_padded.jpg	photodiode	0
1710.062	0.0	1710062	response	7	n/a	n/a	trigger	0
1711.738	0.5	1711738	trained	32758	9	memtrain/o_101_2.jpg	photodiode	1
1712.489	0.5	1712489	untrained	32683	84	memtrain/so_117_2.jpg	photodiode	1
1713.339	0.5	1713339	trained	32721	46	memtrain/so_113_1.jpg	photodiode	1
1714.14	0.5	1714140	trained	32729	38	memtrain/o_603_1.jpg	photodiode	1
1715.041	0.5	1715041	untrained	32700	67	memtrain/o_378_1.jpg	photodiode	1
1715.883	0.5	1715883	catch	32671	n/a	catch_padded.jpg	photodiode	0
1716.259	0.0	1716259	response	7	n/a	n/a	trigger	0
1717.843	0.5	1717843	trained	32724	43	memtrain/so_043_2.jpg	photodiode	1
1718.635	0.5	1718635	untrained	32675	92	memtrain/so_033_1.jpg	photodiode	1
1719.386	0.5	1719386	untrained	32682	85	memtrain/o_218_1.jpg	photodiode	1
1720.195	0.5	1720195	catch	32671	n/a	catch_padded.jpg	photodiode	0
1720.585	0.0	1720585	response	7	n/a	n/a	trigger	0
1722.238	0.5	1722238	trained	32722	45	memtrain/so_090_2.jpg	photodiode	1
1723.189	0.5	1723189	untrained	32686	81	memtrain/o_655_2.jpg	photodiode	1
1723.99	0.5	1723990	trained	32735	32	memtrain/o_485_2.jpg	photodiode	1
1724.891	0.5	1724891	catch	32671	n/a	catch_padded.jpg	photodiode	0
1725.297	0.0	1725297	response	7	n/a	n/a	trigger	0
1726.993	0.5	1726993	untrained	32701	66	memtrain/o_342_2.jpg	photodiode	1
1727.743	0.5	1727743	trained	32747	20	memtrain/o_290_1.jpg	photodiode	1
1728.594	0.5	1728594	trained	32753	14	memtrain/o_174_1.jpg	photodiode	1
1729.445	0.5	1729445	trained	32743	24	memtrain/o_357_1.jpg	photodiode	1
1730.345	0.5	1730345	catch	32671	n/a	catch_padded.jpg	photodiode	0
1730.799	0.0	1730799	response	7	n/a	n/a	trigger	0
1732.247	0.5	1732247	trained	32720	47	memtrain/so_147_2.jpg	photodiode	1
1733.098	0.5	1733098	untrained	32685	82	memtrain/o_656_1.jpg	photodiode	1
1734.049	0.5	1734049	trained	32755	12	memtrain/o_127_2.jpg	photodiode	1
1734.799	0.5	1734799	catch	32671	n/a	catch_padded.jpg	photodiode	0
1735.213	0.0	1735213	response	7	n/a	n/a	trigger	0
1736.901	0.5	1736901	untrained	32676	91	memtrain/o_605_1.jpg	photodiode	1
1737.668	0.5	1737668	untrained	32673	94	memtrain/so_067_1.jpg	photodiode	1
1738.602	0.5	1738602	trained	32762	5	memtrain/o_067_1.jpg	photodiode	1
1739.453	0.5	1739453	catch	32671	n/a	catch_padded.jpg	photodiode	0
1739.886	0.0	1739886	response	7	n/a	n/a	trigger	0
1741.455	0.5	1741455	untrained	32674	93	memtrain/so_035_1.jpg	photodiode	1
1742.305	0.5	1742305	untrained	32713	54	memtrain/o_145_1.jpg	photodiode	1
1743.156	0.5	1743156	untrained	32712	55	memtrain/o_153_2.jpg	photodiode	1
1744.099	0.5	1744099	trained	32726	41	memtrain/o_663_2.jpg	photodiode	1
1745.05	0.5	1745050	trained	32750	17	memtrain/o_232_1.jpg	photodiode	1
1745.808	0.5	1745808	catch	32671	n/a	catch_padded.jpg	photodiode	0
1746.257	0.0	1746257	response	7	n/a	n/a	trigger	0
1747.76	0.5	1747760	trained	32740	27	memtrain/o_379_2.jpg	photodiode	1
1748.611	0.5	1748611	untrained	32704	63	memtrain/o_310_2.jpg	photodiode	1
1749.353	0.5	1749353	trained	32725	42	memtrain/so_034_2.jpg	photodiode	1
1750.204	0.5	1750204	untrained	32717	50	memtrain/o_057_2.jpg	photodiode	1
1750.955	0.5	1750955	trained	32766	1	memtrain/o_015_1.jpg	photodiode	1
1751.855	0.5	1751855	catch	32671	n/a	catch_padded.jpg	photodiode	0
1752.28	0.0	1752280	response	7	n/a	n/a	trigger	0
1753.757	0.5	1753757	trained	32732	35	memtrain/o_561_2.jpg	photodiode	1
1754.608	0.5	1754608	untrained	32679	88	memtrain/o_458_1.jpg	photodiode	1
1755.509	0.5	1755509	untrained	32691	76	memtrain/o_570_1.jpg	photodiode	1
1756.359	0.5	1756359	untrained	32678	89	memtrain/o_469_1.jpg	photodiode	1
1757.11	0.5	1757110	catch	32671	n/a	catch_padded.jpg	photodiode	0
1757.622	0.0	1757622	response	7	n/a	n/a	trigger	0
1759.212	0.5	1759212	untrained	32715	52	memtrain/o_141_1.jpg	photodiode	1
1760.062	0.5	1760062	trained	32749	18	memtrain/o_264_2.jpg	photodiode	1
1760.863	0.5	1760863	untrained	32694	73	memtrain/o_519_2.jpg	photodiode	1
1761.814	0.5	1761814	untrained	32692	75	memtrain/o_564_1.jpg	photodiode	1
1762.765	0.5	1762765	catch	32671	n/a	catch_padded.jpg	photodiode	0
1763.177	0.0	1763177	response	7	n/a	n/a	trigger	0
1764.716	0.5	1764716	trained	32752	15	memtrain/o_195_1.jpg	photodiode	1
1765.667	0.5	1765667	untrained	32684	83	memtrain/so_105_1.jpg	photodiode	1
1766.468	0.5	1766468	untrained	32688	79	memtrain/o_600_1.jpg	photodiode	1
1767.419	0.5	1767419	untrained	32710	57	memtrain/o_171_1.jpg	photodiode	1
1768.369	0.5	1768369	catch	32671	n/a	catch_padded.jpg	photodiode	0
1768.853	0.0	1768853	response	7	n/a	n/a	trigger	0
1770.421	0.5	1770421	trained	32731	36	memtrain/o_583_1.jpg	photodiode	1
1771.322	0.5	1771322	untrained	32680	87	memtrain/o_365_1.jpg	photodiode	1
1772.223	0.5	1772223	trained	32730	37	memtrain/o_597_1.jpg	photodiode	1
1773.065	0.5	1773065	untrained	32707	60	memtrain/o_228_2.jpg	photodiode	1
1773.824	0.5	1773824	untrained	32693	74	memtrain/o_550_1.jpg	photodiode	1
1774.625	0.5	1774625	catch	32671	n/a	catch_padded.jpg	photodiode	0
1775.037	0.0	1775037	response	7	n/a	n/a	trigger	0
1776.726	0.5	1776726	trained	32757	10	memtrain/o_111_2.jpg	photodiode	1
1777.669	0.5	1777669	untrained	32703	64	memtrain/o_334_2.jpg	photodiode	1
1778.428	0.5	1778428	trained	32741	26	memtrain/o_376_1.jpg	photodiode	1
1779.17	0.5	1779170	trained	32764	3	memtrain/o_040_2.jpg	photodiode	1
1779.971	0.5	1779971	untrained	32709	58	memtrain/o_192_1.jpg	photodiode	1
1780.821	0.5	1780821	catch	32671	n/a	catch_padded.jpg	photodiode	0
1781.238	0.0	1781238	response	7	n/a	n/a	trigger	0
1782.773	0.5	1782773	untrained	32706	61	memtrain/o_298_2.jpg	photodiode	1
1783.674	0.5	1783674	trained	32763	4	memtrain/o_042_1.jpg	photodiode	1
1784.625	0.5	1784625	trained	32744	23	memtrain/o_338_2.jpg	photodiode	1
1785.375	0.5	1785375	trained	32746	21	memtrain/o_319_1.jpg	photodiode	1
1786.176	0.5	1786176	catch	32671	n/a	catch_padded.jpg	photodiode	0
1786.565	0.0	1786565	response	7	n/a	n/a	trigger	0
1788.178	0.5	1788178	trained	32761	6	memtrain/o_076_1.jpg	photodiode	1
1789.079	0.5	1789079	trained	32765	2	memtrain/o_035_1.jpg	photodiode	1
1790.029	0.5	1790029	trained	32727	40	memtrain/o_648_2.jpg	photodiode	1
1790.78	0.5	1790780	catch	32671	n/a	catch_padded.jpg	photodiode	0
1791.187	0.0	1791187	response	7	n/a	n/a	trigger	0
1792.882	0.5	1792882	trained	32734	33	memtrain/o_536_1.jpg	photodiode	1
1793.682	0.5	1793682	trained	32742	25	memtrain/o_358_2.jpg	photodiode	1
1794.483	0.5	1794483	trained	32759	8	memtrain/o_094_1.jpg	photodiode	1
1795.434	0.5	1795434	trained	32737	30	memtrain/o_437_2.jpg	photodiode	1
1796.235	0.5	1796235	catch	32671	n/a	catch_padded.jpg	photodiode	0
1796.672	0.0	1796672	response	7	n/a	n/a	trigger	0
1798.236	0.5	1798236	untrained	32719	48	memtrain/o_019_2.jpg	photodiode	1
1799.037	0.5	1799037	trained	32767	0	memtrain/o_006_1.jpg	photodiode	1
1799.938	0.5	1799938	trained	32723	44	memtrain/so_045_1.jpg	photodiode	1
1800.738	0.5	1800738	catch	32671	n/a	catch_padded.jpg	photodiode	0
1801.16	0.0	1801160	response	7	n/a	n/a	trigger	0
1802.64	0.5	1802640	untrained	32695	72	memtrain/o_490_1.jpg	photodiode	1
1803.491	0.5	1803491	trained	32751	16	memtrain/o_199_2.jpg	photodiode	1
1804.391	0.5	1804391	trained	32733	34	memtrain/o_558_2.jpg	photodiode	1
1805.292	0.5	1805292	catch	32671	n/a	catch_padded.jpg	photodiode	0
1805.781	0.0	1805781	response	7	n/a	n/a	trigger	0
1807.394	0.5	1807394	untrained	32699	68	memtrain/o_393_1.jpg	photodiode	1
1808.337	0.5	1808337	untrained	32716	51	memtrain/o_103_2.jpg	photodiode	1
1809.137	0.5	1809137	untrained	32696	71	memtrain/o_483_1.jpg	photodiode	1
1809.938	0.5	1809938	catch	32671	n/a	catch_padded.jpg	photodiode	0
1810.316	0.0	1810316	response	7	n/a	n/a	trigger	0
1811.84	0.5	1811840	untrained	32681	86	memtrain/o_288_1.jpg	photodiode	1
1812.59	0.5	1812590	trained	32736	31	memtrain/o_465_2.jpg	photodiode	1
1813.541	0.5	1813541	untrained	32696	71	memtrain/o_483_1.jpg	photodiode	1
1814.492	0.5	1814492	catch	32671	n/a	catch_padded.jpg	photodiode	0
1814.906	0.0	1814906	response	7	n/a	n/a	trigger	0
1816.402	0.5	1816402	trained	32720	47	memtrain/so_147_2.jpg	photodiode	1
1817.244	0.5	1817244	trained	32735	32	memtrain/o_485_2.jpg	photodiode	1
1818.145	0.5	1818145	trained	32755	12	memtrain/o_127_2.jpg	photodiode	1
1819.046	0.5	1819046	untrained	32672	95	memtrain/so_125_1.jpg	photodiode	1
1819.946	0.5	1819946	untrained	32709	58	memtrain/o_192_1.jpg	photodiode	1
1820.797	0.5	1820797	catch	32671	n/a	catch_padded.jpg	photodiode	0
1821.217	0.0	1821217	response	7	n/a	n/a	trigger	0
1822.899	0.5	1822899	trained	32753	14	memtrain/o_174_1.jpg	photodiode	1
1823.7	0.5	1823700	trained	32721	46	memtrain/so_113_1.jpg	photodiode	1
1824.55	0.5	1824550	untrained	32699	68	memtrain/o_393_1.jpg	photodiode	1
1825.501	0.5	1825501	trained	32734	33	memtrain/o_536_1.jpg	photodiode	1
1826.252	0.5	1826252	untrained	32681	86	memtrain/o_288_1.jpg	photodiode	1
1827.002	0.5	1827002	catch	32671	n/a	catch_padded.jpg	photodiode	0
1827.488	0.0	1827488	response	7	n/a	n/a	trigger	0
1829.104	0.5	1829104	untrained	32718	49	memtrain/o_054_2.jpg	photodiode	1
1830.005	0.5	1830005	untrained	32692	75	memtrain/o_564_1.jpg	photodiode	1
1830.956	0.5	1830956	trained	32745	22	memtrain/o_321_1.jpg	photodiode	1
1831.706	0.5	1831706	untrained	32712	55	memtrain/o_153_2.jpg	photodiode	1
1832.657	0.5	1832657	untrained	32705	62	memtrain/o_304_1.jpg	photodiode	1
1833.508	0.5	1833508	catch	32671	n/a	catch_padded.jpg	photodiode	0
1834.091	0.0	1834091	response	7	n/a	n/a	trigger	0
1835.56	0.5	1835560	trained	32748	19	memtrain/o_284_2.jpg	photodiode	1
1836.402	0.5	1836402	untrained	32710	57	memtrain/o_171_1.jpg	photodiode	1
1837.303	0.5	1837303	untrained	32675	92	memtrain/so_033_1.jpg	photodiode	1
1838.203	0.5	1838203	trained	32740	27	memtrain/o_379_2.jpg	photodiode	1
1838.954	0.5	1838954	catch	32671	n/a	catch_padded.jpg	photodiode	0
1839.526	0.0	1839526	response	7	n/a	n/a	trigger	0
1840.906	0.5	1840906	trained	32732	35	memtrain/o_561_2.jpg	photodiode	1
1841.757	0.5	1841757	untrained	32708	59	memtrain/o_201_2.jpg	photodiode	1
1842.557	0.5	1842557	untrained	32674	93	memtrain/so_035_1.jpg	photodiode	1
1843.458	0.5	1843458	trained	32758	9	memtrain/o_101_2.jpg	photodiode	1
1844.409	0.5	1844409	untrained	32691	76	memtrain/o_570_1.jpg	photodiode	1
1845.209	0.5	1845209	catch	32671	n/a	catch_padded.jpg	photodiode	0
1845.661	0.0	1845661	response	7	n/a	n/a	trigger	0
1847.261	0.5	1847261	trained	32766	1	memtrain/o_015_1.jpg	photodiode	1
1848.012	0.5	1848012	untrained	32686	81	memtrain/o_655_2.jpg	photodiode	1
1848.762	0.5	1848762	untrained	32693	74	memtrain/o_550_1.jpg	photodiode	1
1849.663	0.5	1849663	catch	32671	n/a	catch_padded.jpg	photodiode	0
1850.084	0.0	1850084	response	7	n/a	n/a	trigger	0
1851.765	0.5	1851765	trained	32765	2	memtrain/o_035_1.jpg	photodiode	1
1852.616	0.5	1852616	untrained	32719	48	memtrain/o_019_2.jpg	photodiode	1
1853.416	0.5	1853416	untrained	32697	70	memtrain/o_471_2.jpg	photodiode	1
1854.367	0.5	1854367	untrained	32695	72	memtrain/o_490_1.jpg	photodiode	1
1855.218	0.5	1855218	trained	32760	7	memtrain/o_091_2.jpg	photodiode	1
1855.969	0.5	1855969	catch	32671	n/a	catch_padded.jpg	photodiode	0
1856.387	0.0	1856387	response	7	n/a	n/a	trigger	0
1857.87	0.5	1857870	trained	32746	21	memtrain/o_319_1.jpg	photodiode	1
1858.771	0.5	1858771	trained	32725	42	memtrain/so_034_2.jpg	photodiode	1
1859.572	0.5	1859572	untrained	32713	54	memtrain/o_145_1.jpg	photodiode	1
1860.472	0.5	1860472	untrained	32703	64	memtrain/o_334_2.jpg	photodiode	1
1861.223	0.5	1861223	untrained	32682	85	memtrain/o_218_1.jpg	photodiode	1
1862.024	0.5	1862024	catch	32671	n/a	catch_padded.jpg	photodiode	0
1862.771	0.0	1862771	response	7	n/a	n/a	trigger	0
1863.975	0.5	1863975	trained	32729	38	memtrain/o_603_1.jpg	photodiode	1
1864.868	0.5	1864868	untrained	32683	84	memtrain/so_117_2.jpg	photodiode	1
1865.669	0.5	1865669	trained	32728	39	memtrain/o_606_1.jpg	photodiode	1
1866.519	0.5	1866519	trained	32762	5	memtrain/o_067_1.jpg	photodiode	1
1867.37	0.5	1867370	catch	32671	n/a	catch_padded.jpg	photodiode	0
1867.786	0.0	1867786	response	7	n/a	n/a	trigger	0
1869.422	0.5	1869422	untrained	32689	78	memtrain/o_599_1.jpg	photodiode	1
1870.373	0.5	1870373	trained	32756	11	memtrain/o_117_2.jpg	photodiode	1
1871.323	0.5	1871323	trained	32736	31	memtrain/o_465_2.jpg	photodiode	1
1872.124	0.5	1872124	trained	32741	26	memtrain/o_376_1.jpg	photodiode	1
1872.925	0.5	1872925	untrained	32679	88	memtrain/o_458_1.jpg	photodiode	1
1873.725	0.5	1873725	catch	32671	n/a	catch_padded.jpg	photodiode	0
1874.184	0.0	1874184	response	7	n/a	n/a	trigger	0
1875.627	0.5	1875627	untrained	32680	87	memtrain/o_365_1.jpg	photodiode	1
1876.378	0.5	1876378	untrained	32688	79	memtrain/o_600_1.jpg	photodiode	1
1877.178	0.5	1877178	untrained	32702	65	memtrain/o_337_2.jpg	photodiode	1
1878.029	0.5	1878029	trained	32737	30	memtrain/o_437_2.jpg	photodiode	1
1878.78	0.5	1878780	trained	32747	20	memtrain/o_290_1.jpg	photodiode	1
1879.53	0.5	1879530	catch	32671	n/a	catch_padded.jpg	photodiode	0
1879.942	0.0	1879942	response	7	n/a	n/a	trigger	0
1881.582	0.5	1881582	trained	32750	17	memtrain/o_232_1.jpg	photodiode	1
1882.333	0.5	1882333	untrained	32700	67	memtrain/o_378_1.jpg	photodiode	1
1883.233	0.5	1883233	trained	32726	41	memtrain/o_663_2.jpg	photodiode	1
1884.084	0.5	1884084	trained	32751	16	memtrain/o_199_2.jpg	photodiode	1
1884.935	0.5	1884935	trained	32767	0	memtrain/o_006_1.jpg	photodiode	1
1885.686	0.5	1885686	catch	32671	n/a	catch_padded.jpg	photodiode	0
1886.105	0.0	1886105	response	7	n/a	n/a	trigger	0
1887.787	0.5	1887787	untrained	32711	56	memtrain/o_163_2.jpg	photodiode	1
1888.638	0.5	1888638	untrained	32706	61	memtrain/o_298_2.jpg	photodiode	1
1889.589	0.5	1889589	untrained	32701	66	memtrain/o_342_2.jpg	photodiode	1
1890.54	0.5	1890540	catch	32671	n/a	catch_padded.jpg	photodiode	0
1891.427	0.0	1891427	response	7	n/a	n/a	trigger	0
1892.541	0.5	1892541	untrained	32685	82	memtrain/o_656_1.jpg	photodiode	1
1893.484	0.5	1893484	untrained	32678	89	memtrain/o_469_1.jpg	photodiode	1
1894.334	0.5	1894334	trained	32744	23	memtrain/o_338_2.jpg	photodiode	1
1895.285	0.5	1895285	catch	32671	n/a	catch_padded.jpg	photodiode	0
1895.951	0.0	1895951	response	7	n/a	n/a	trigger	0
1897.287	0.5	1897287	trained	32739	28	memtrain/o_397_1.jpg	photodiode	1
1898.146	0.5	1898146	untrained	32684	83	memtrain/so_105_1.jpg	photodiode	1
1898.988	0.5	1898988	trained	32749	18	memtrain/o_264_2.jpg	photodiode	1
1899.739	0.5	1899739	catch	32671	n/a	catch_padded.jpg	photodiode	0
1900.287	0.0	1900287	response	7	n/a	n/a	trigger	0
1901.741	0.5	1901741	untrained	32714	53	memtrain/o_142_2.jpg	photodiode	1
1902.591	0.5	1902591	trained	32742	25	memtrain/o_358_2.jpg	photodiode	1
1903.442	0.5	1903442	trained	32761	6	memtrain/o_076_1.jpg	photodiode	1
1904.343	0.5	1904343	untrained	32704	63	memtrain/o_310_2.jpg	photodiode	1
1905.144	0.5	1905144	untrained	32698	69	memtrain/o_464_2.jpg	photodiode	1
1906.044	0.5	1906044	catch	32671	n/a	catch_padded.jpg	photodiode	0
1906.48	0.0	1906480	response	7	n/a	n/a	trigger	0
1908.046	0.5	1908046	untrained	32716	51	memtrain/o_103_2.jpg	photodiode	1
1908.847	0.5	1908847	untrained	32677	90	memtrain/o_580_1.jpg	photodiode	1
1909.747	0.5	1909747	trained	32727	40	memtrain/o_648_2.jpg	photodiode	1
1910.648	0.5	1910648	trained	32733	34	memtrain/o_558_2.jpg	photodiode	1
1911.399	0.5	1911399	catch	32671	n/a	catch_padded.jpg	photodiode	0
1912.33	0.0	1912330	response	7	n/a	n/a	trigger	0
1913.3	0.5	1913300	untrained	32673	94	memtrain/so_067_1.jpg	photodiode	1
1914.201	0.5	1914201	untrained	32687	80	memtrain/o_613_1.jpg	photodiode	1
1915.102	0.5	1915102	trained	32723	44	memtrain/so_045_1.jpg	photodiode	1
1916.003	0.5	1916003	catch	32671	n/a	catch_padded.jpg	photodiode	0
1916.438	0.0	1916438	response	7	n/a	n/a	trigger	0
1917.954	0.5	1917954	untrained	32707	60	memtrain/o_228_2.jpg	photodiode	1
1918.755	0.5	1918755	trained	32724	43	memtrain/so_043_2.jpg	photodiode	1
1919.506	0.5	1919506	trained	32754	13	memtrain/o_136_1.jpg	photodiode	1
1920.457	0.5	1920457	catch	32671	n/a	catch_padded.jpg	photodiode	0
1920.892	0.0	1920892	response	7	n/a	n/a	trigger	0
1922.358	0.5	1922358	trained	32738	29	memtrain/o_416_1.jpg	photodiode	1
1923.151	0.5	1923151	trained	32763	4	memtrain/o_042_1.jpg	photodiode	1
1923.96	0.5	1923960	trained	32757	10	memtrain/o_111_2.jpg	photodiode	1
1924.702	0.5	1924702	trained	32752	15	memtrain/o_195_1.jpg	photodiode	1
1925.503	0.5	1925503	catch	32671	n/a	catch_padded.jpg	photodiode	0
1926.087	0.0	1926087	response	7	n/a	n/a	trigger	0
1927.554	0.5	1927554	untrained	32715	52	memtrain/o_141_1.jpg	photodiode	1
1928.505	0.5	1928505	trained	32731	36	memtrain/o_583_1.jpg	photodiode	1
1929.456	0.5	1929456	untrained	32676	91	memtrain/o_605_1.jpg	photodiode	1
1930.357	0.5	1930357	catch	32671	n/a	catch_padded.jpg	photodiode	0
1931.708	0.0	1931708	response	7	n/a	n/a	trigger	0
1932.258	0.5	1932258	untrained	32694	73	memtrain/o_519_2.jpg	photodiode	1
1933.109	0.5	1933109	trained	32759	8	memtrain/o_094_1.jpg	photodiode	1
1933.96	0.5	1933960	trained	32730	37	memtrain/o_597_1.jpg	photodiode	1
1934.911	0.5	1934911	untrained	32690	77	memtrain/o_574_2.jpg	photodiode	1
1935.861	0.5	1935861	catch	32671	n/a	catch_padded.jpg	photodiode	0
1936.324	0.0	1936324	response	7	n/a	n/a	trigger	0
1937.863	0.5	1937863	trained	32764	3	memtrain/o_040_2.jpg	photodiode	1
1938.814	0.5	1938814	trained	32743	24	memtrain/o_357_1.jpg	photodiode	1
1939.565	0.5	1939565	trained	32722	45	memtrain/so_090_2.jpg	photodiode	1
1940.515	0.5	1940515	untrained	32717	50	memtrain/o_057_2.jpg	photodiode	1
1941.266	0.5	1941266	catch	32671	n/a	catch_padded.jpg	photodiode	0
1941.716	0.0	1941716	response	7	n/a	n/a	trigger	0
1943.74	0.0	1943740	block_end	120	n/a	n/a	trigger	0
1954.65	0.0	1954650	response	7	n/a	n/a	trigger	0
1954.656	0.0	1954656	block_onset	108	n/a	n/a	trigger	0
1956.704	0.5	1956704	untrained	32690	77	memtrain/o_574_2.jpg	photodiode	1
1957.613	0.5	1957613	trained	32739	28	memtrain/o_397_1.jpg	photodiode	1
1958.364	0.5	1958364	untrained	32697	70	memtrain/o_471_2.jpg	photodiode	1
1959.265	0.5	1959265	catch	32671	n/a	catch_padded.jpg	photodiode	0
1959.604	0.0	1959604	response	7	n/a	n/a	trigger	0
1961.216	0.5	1961216	trained	32748	19	memtrain/o_284_2.jpg	photodiode	1
1961.958	0.5	1961958	trained	32727	40	memtrain/o_648_2.jpg	photodiode	1
1962.909	0.5	1962909	untrained	32675	92	memtrain/so_033_1.jpg	photodiode	1
1963.66	0.5	1963660	catch	32671	n/a	catch_padded.jpg	photodiode	0
1964.064	0.0	1964064	response	7	n/a	n/a	trigger	0
1965.712	0.5	1965712	untrained	32696	71	memtrain/o_483_1.jpg	photodiode	1
1966.612	0.5	1966612	trained	32744	23	memtrain/o_338_2.jpg	photodiode	1
1967.563	0.5	1967563	trained	32765	2	memtrain/o_035_1.jpg	photodiode	1
1968.514	0.5	1968514	untrained	32686	81	memtrain/o_655_2.jpg	photodiode	1
1969.415	0.5	1969415	untrained	32701	66	memtrain/o_342_2.jpg	photodiode	1
1970.315	0.5	1970315	catch	32671	n/a	catch_padded.jpg	photodiode	0
1970.673	0.0	1970673	response	7	n/a	n/a	trigger	0
1972.217	0.5	1972217	trained	32740	27	memtrain/o_379_2.jpg	photodiode	1
1972.968	0.5	1972968	trained	32767	0	memtrain/o_006_1.jpg	photodiode	1
1973.768	0.5	1973768	untrained	32710	57	memtrain/o_171_1.jpg	photodiode	1
1974.569	0.5	1974569	untrained	32685	82	memtrain/o_656_1.jpg	photodiode	1
1975.42	0.5	1975420	trained	32746	21	memtrain/o_319_1.jpg	photodiode	1
1976.371	0.5	1976371	catch	32671	n/a	catch_padded.jpg	photodiode	0
1976.823	0.0	1976823	response	7	n/a	n/a	trigger	0
1978.422	0.5	1978422	trained	32725	42	memtrain/so_034_2.jpg	photodiode	1
1979.223	0.5	1979223	untrained	32704	63	memtrain/o_310_2.jpg	photodiode	1
1980.074	0.5	1980074	trained	32721	46	memtrain/so_113_1.jpg	photodiode	1
1980.874	0.5	1980874	trained	32758	9	memtrain/o_101_2.jpg	photodiode	1
1981.625	0.5	1981625	trained	32742	25	memtrain/o_358_2.jpg	photodiode	1
1982.476	0.5	1982476	catch	32671	n/a	catch_padded.jpg	photodiode	0
1982.88	0.0	1982880	response	7	n/a	n/a	trigger	0
1984.478	0.5	1984478	untrained	32672	95	memtrain/so_125_1.jpg	photodiode	1
1985.378	0.5	1985378	untrained	32714	53	memtrain/o_142_2.jpg	photodiode	1
1986.229	0.5	1986229	untrained	32717	50	memtrain/o_057_2.jpg	photodiode	1
1987.18	0.5	1987180	untrained	32700	67	memtrain/o_378_1.jpg	photodiode	1
1988.081	0.5	1988081	catch	32671	n/a	catch_padded.jpg	photodiode	0
1988.502	0.0	1988502	response	7	n/a	n/a	trigger	0
1989.982	0.5	1989982	trained	32724	43	memtrain/so_043_2.jpg	photodiode	1
1990.775	0.5	1990775	trained	32733	34	memtrain/o_558_2.jpg	photodiode	1
1991.575	0.5	1991575	trained	32762	5	memtrain/o_067_1.jpg	photodiode	1
1992.376	0.5	1992376	untrained	32707	60	memtrain/o_228_2.jpg	photodiode	1
1993.177	0.5	1993177	trained	32757	10	memtrain/o_111_2.jpg	photodiode	1
1994.077	0.5	1994077	catch	32671	n/a	catch_padded.jpg	photodiode	0
1994.49	0.0	1994490	response	7	n/a	n/a	trigger	0
1996.079	0.5	1996079	untrained	32673	94	memtrain/so_067_1.jpg	photodiode	1
1996.88	0.5	1996880	trained	32753	14	memtrain/o_174_1.jpg	photodiode	1
1997.63	0.5	1997630	untrained	32705	62	memtrain/o_304_1.jpg	photodiode	1
1998.531	0.5	1998531	untrained	32674	93	memtrain/so_035_1.jpg	photodiode	1
1999.432	0.5	1999432	catch	32671	n/a	catch_padded.jpg	photodiode	0
1999.963	0.0	1999963	response	7	n/a	n/a	trigger	0
2001.384	0.5	2001384	untrained	32694	73	memtrain/o_519_2.jpg	photodiode	1
2002.184	0.5	2002184	untrained	32688	79	memtrain/o_600_1.jpg	photodiode	1
2003.035	0.5	2003035	trained	32722	45	memtrain/so_090_2.jpg	photodiode	1
2003.886	0.5	2003886	untrained	32684	83	memtrain/so_105_1.jpg	photodiode	1
2004.837	0.5	2004837	catch	32671	n/a	catch_padded.jpg	photodiode	0
2005.421	0.0	2005421	response	7	n/a	n/a	trigger	0
2006.938	0.5	2006938	untrained	32712	55	memtrain/o_153_2.jpg	photodiode	1
2007.889	0.5	2007889	untrained	32678	89	memtrain/o_469_1.jpg	photodiode	1
2008.69	0.5	2008690	trained	32751	16	memtrain/o_199_2.jpg	photodiode	1
2009.641	0.5	2009641	trained	32761	6	memtrain/o_076_1.jpg	photodiode	1
2010.441	0.5	2010441	catch	32671	n/a	catch_padded.jpg	photodiode	0
2010.832	0.0	2010832	response	7	n/a	n/a	trigger	0
2012.343	0.5	2012343	untrained	32680	87	memtrain/o_365_1.jpg	photodiode	1
2013.144	0.5	2013144	trained	32737	30	memtrain/o_437_2.jpg	photodiode	1
2013.994	0.5	2013994	untrained	32706	61	memtrain/o_298_2.jpg	photodiode	1
2014.895	0.5	2014895	untrained	32718	49	memtrain/o_054_2.jpg	photodiode	1
2015.746	0.5	2015746	trained	32738	29	memtrain/o_416_1.jpg	photodiode	1
2016.647	0.5	2016647	catch	32671	n/a	catch_padded.jpg	photodiode	0
2017.03	0.0	2017030	response	7	n/a	n/a	trigger	0
2018.548	0.5	2018548	trained	32759	8	memtrain/o_094_1.jpg	photodiode	1
2019.399	0.5	2019399	untrained	32695	72	memtrain/o_490_1.jpg	photodiode	1
2020.241	0.5	2020241	untrained	32687	80	memtrain/o_613_1.jpg	photodiode	1
2021.05	0.5	2021050	catch	32671	n/a	catch_padded.jpg	photodiode	0
2021.575	0.0	2021575	response	7	n/a	n/a	trigger	0
2023.144	0.5	2023144	untrained	32693	74	memtrain/o_550_1.jpg	photodiode	1
2023.944	0.5	2023944	untrained	32703	64	memtrain/o_334_2.jpg	photodiode	1
2024.703	0.5	2024703	trained	32747	20	memtrain/o_290_1.jpg	photodiode	1
2025.596	0.5	2025596	trained	32760	7	memtrain/o_091_2.jpg	photodiode	1
2026.547	0.5	2026547	catch	32671	n/a	catch_padded.jpg	photodiode	0
2027.022	0.0	2027022	response	7	n/a	n/a	trigger	0
2028.548	0.5	2028548	untrained	32716	51	memtrain/o_103_2.jpg	photodiode	1
2029.299	0.5	2029299	trained	32720	47	memtrain/so_147_2.jpg	photodiode	1
2030.15	0.5	2030150	untrained	32719	48	memtrain/o_019_2.jpg	photodiode	1
2031.1	0.5	2031100	catch	32671	n/a	catch_padded.jpg	photodiode	0
2031.544	0.0	2031544	response	7	n/a	n/a	trigger	0
2033.052	0.5	2033052	trained	32745	22	memtrain/o_321_1.jpg	photodiode	1
2034.003	0.5	2034003	trained	32732	35	memtrain/o_561_2.jpg	photodiode	1
2034.904	0.5	2034904	untrained	32691	76	memtrain/o_570_1.jpg	photodiode	1
2035.754	0.5	2035754	trained	32729	38	memtrain/o_603_1.jpg	photodiode	1
2036.605	0.5	2036605	catch	32671	n/a	catch_padded.jpg	photodiode	0
2037.025	0.0	2037025	response	7	n/a	n/a	trigger	0
2038.657	0.5	2038657	untrained	32682	85	memtrain/o_218_1.jpg	photodiode	1
2039.558	0.5	2039558	untrained	32715	52	memtrain/o_141_1.jpg	photodiode	1
2040.308	0.5	2040308	untrained	32713	54	memtrain/o_145_1.jpg	photodiode	1
2041.109	0.5	2041109	trained	32726	41	memtrain/o_663_2.jpg	photodiode	1
2041.91	0.5	2041910	catch	32671	n/a	catch_padded.jpg	photodiode	0
2042.427	0.0	2042427	response	7	n/a	n/a	trigger	0
2043.911	0.5	2043911	trained	32763	4	memtrain/o_042_1.jpg	photodiode	1
2044.812	0.5	2044812	untrained	32698	69	memtrain/o_464_2.jpg	photodiode	1
2045.663	0.5	2045663	trained	32728	39	memtrain/o_606_1.jpg	photodiode	1
2046.463	0.5	2046463	trained	32750	17	memtrain/o_232_1.jpg	photodiode	1
2047.314	0.5	2047314	catch	32671	n/a	catch_padded.jpg	photodiode	0
2047.858	0.0	2047858	response	7	n/a	n/a	trigger	0
2049.366	0.5	2049366	trained	32752	15	memtrain/o_195_1.jpg	photodiode	1
2050.308	0.5	2050308	trained	32723	44	memtrain/so_045_1.jpg	photodiode	1
2051.109	0.5	2051109	trained	32731	36	memtrain/o_583_1.jpg	photodiode	1
2051.86	0.5	2051860	catch	32671	n/a	catch_padded.jpg	photodiode	0
2052.337	0.0	2052337	response	7	n/a	n/a	trigger	0
2053.97	0.5	2053970	untrained	32692	75	memtrain/o_564_1.jpg	photodiode	1
2054.912	0.5	2054912	trained	32730	37	memtrain/o_597_1.jpg	photodiode	1
2055.863	0.5	2055863	trained	32743	24	memtrain/o_357_1.jpg	photodiode	1
2056.814	0.5	2056814	catch	32671	n/a	catch_padded.jpg	photodiode	0
2057.22	0.0	2057220	response	7	n/a	n/a	trigger	0
2058.716	0.5	2058716	untrained	32711	56	memtrain/o_163_2.jpg	photodiode	1
2059.666	0.5	2059666	trained	32754	13	memtrain/o_136_1.jpg	photodiode	1
2060.417	0.5	2060417	untrained	32709	58	memtrain/o_192_1.jpg	photodiode	1
2061.326	0.5	2061326	catch	32671	n/a	catch_padded.jpg	photodiode	0
2061.698	0.0	2061698	response	7	n/a	n/a	trigger	0
2063.37	0.5	2063370	trained	32741	26	memtrain/o_376_1.jpg	photodiode	1
2064.22	0.5	2064220	trained	32734	33	memtrain/o_536_1.jpg	photodiode	1
2065.171	0.5	2065171	untrained	32702	65	memtrain/o_337_2.jpg	photodiode	1
2066.022	0.5	2066022	catch	32671	n/a	catch_padded.jpg	photodiode	0
2066.376	0.0	2066376	response	7	n/a	n/a	trigger	0
2068.073	0.5	2068073	trained	32736	31	memtrain/o_465_2.jpg	photodiode	1
2068.974	0.5	2068974	trained	32735	32	memtrain/o_485_2.jpg	photodiode	1
2069.725	0.5	2069725	trained	32755	12	memtrain/o_127_2.jpg	photodiode	1
2070.526	0.5	2070526	untrained	32679	88	memtrain/o_458_1.jpg	photodiode	1
2071.326	0.5	2071326	untrained	32677	90	memtrain/o_580_1.jpg	photodiode	1
2072.077	0.5	2072077	catch	32671	n/a	catch_padded.jpg	photodiode	0
2072.492	0.0	2072492	response	7	n/a	n/a	trigger	0
2073.979	0.5	2073979	untrained	32699	68	memtrain/o_393_1.jpg	photodiode	1
2074.779	0.5	2074779	trained	32764	3	memtrain/o_040_2.jpg	photodiode	1
2075.68	0.5	2075680	trained	32749	18	memtrain/o_264_2.jpg	photodiode	1
2076.531	0.5	2076531	untrained	32689	78	memtrain/o_599_1.jpg	photodiode	1
2077.381	0.5	2077381	untrained	32683	84	memtrain/so_117_2.jpg	photodiode	1
2078.124	0.5	2078124	catch	32671	n/a	catch_padded.jpg	photodiode	0
2078.523	0.0	2078523	response	7	n/a	n/a	trigger	0
2080.184	0.5	2080184	untrained	32681	86	memtrain/o_288_1.jpg	photodiode	1
2080.926	0.5	2080926	trained	32766	1	memtrain/o_015_1.jpg	photodiode	1
2081.777	0.5	2081777	untrained	32708	59	memtrain/o_201_2.jpg	photodiode	1
2082.677	0.5	2082677	trained	32756	11	memtrain/o_117_2.jpg	photodiode	1
2083.428	0.5	2083428	untrained	32676	91	memtrain/o_605_1.jpg	photodiode	1
2084.229	0.5	2084229	catch	32671	n/a	catch_padded.jpg	photodiode	0
2084.743	0.0	2084743	response	7	n/a	n/a	trigger	0
2086.28	0.5	2086280	trained	32757	10	memtrain/o_111_2.jpg	photodiode	1
2087.181	0.5	2087181	untrained	32708	59	memtrain/o_201_2.jpg	photodiode	1
2088.082	0.5	2088082	untrained	32706	61	memtrain/o_298_2.jpg	photodiode	1
2089.033	0.5	2089033	trained	32747	20	memtrain/o_290_1.jpg	photodiode	1
2089.783	0.5	2089783	catch	32671	n/a	catch_padded.jpg	photodiode	0
2090.488	0.0	2090488	response	7	n/a	n/a	trigger	0
2091.835	0.5	2091835	trained	32728	39	memtrain/o_606_1.jpg	photodiode	1
2092.786	0.5	2092786	untrained	32696	71	memtrain/o_483_1.jpg	photodiode	1
2093.537	0.5	2093537	untrained	32691	76	memtrain/o_570_1.jpg	photodiode	1
2094.337	0.5	2094337	trained	32744	23	memtrain/o_338_2.jpg	photodiode	1
2095.138	0.5	2095138	untrained	32701	66	memtrain/o_342_2.jpg	photodiode	1
2095.989	0.5	2095989	catch	32671	n/a	catch_padded.jpg	photodiode	0
2096.897	0.0	2096897	response	7	n/a	n/a	trigger	0
2097.89	0.5	2097890	untrained	32697	70	memtrain/o_471_2.jpg	photodiode	1
2098.791	0.5	2098791	trained	32750	17	memtrain/o_232_1.jpg	photodiode	1
2099.742	0.5	2099742	untrained	32719	48	memtrain/o_019_2.jpg	photodiode	1
2100.493	0.5	2100493	untrained	32694	73	memtrain/o_519_2.jpg	photodiode	1
2101.343	0.5	2101343	catch	32671	n/a	catch_padded.jpg	photodiode	0
2102.241	0.0	2102241	response	7	n/a	n/a	trigger	0
2103.245	0.5	2103245	untrained	32711	56	memtrain/o_163_2.jpg	photodiode	1
2104.046	0.5	2104046	untrained	32672	95	memtrain/so_125_1.jpg	photodiode	1
2104.896	0.5	2104896	trained	32730	37	memtrain/o_597_1.jpg	photodiode	1
2105.747	0.5	2105747	catch	32671	n/a	catch_padded.jpg	photodiode	0
2106.199	0.0	2106199	response	7	n/a	n/a	trigger	0
2107.849	0.5	2107849	trained	32761	6	memtrain/o_076_1.jpg	photodiode	1
2108.691	0.5	2108691	trained	32760	7	memtrain/o_091_2.jpg	photodiode	1
2109.492	0.5	2109492	untrained	32682	85	memtrain/o_218_1.jpg	photodiode	1
2110.293	0.5	2110293	catch	32671	n/a	catch_padded.jpg	photodiode	0
2110.674	0.0	2110674	response	7	n/a	n/a	trigger	0
2112.194	0.5	2112194	trained	32753	14	memtrain/o_174_1.jpg	photodiode	1
2113.045	0.5	2113045	trained	32734	33	memtrain/o_536_1.jpg	photodiode	1
2113.896	0.5	2113896	trained	32723	44	memtrain/so_045_1.jpg	photodiode	1
2114.846	0.5	2114846	trained	32759	8	memtrain/o_094_1.jpg	photodiode	1
2115.647	0.5	2115647	untrained	32700	67	memtrain/o_378_1.jpg	photodiode	1
2116.448	0.5	2116448	catch	32671	n/a	catch_padded.jpg	photodiode	0
2116.819	0.0	2116819	response	7	n/a	n/a	trigger	0
2118.558	0.5	2118558	trained	32729	38	memtrain/o_603_1.jpg	photodiode	1
2119.5	0.5	2119500	untrained	32713	54	memtrain/o_145_1.jpg	photodiode	1
2120.451	0.5	2120451	trained	32741	26	memtrain/o_376_1.jpg	photodiode	1
2121.202	0.5	2121202	trained	32746	21	memtrain/o_319_1.jpg	photodiode	1
2121.953	0.5	2121953	catch	32671	n/a	catch_padded.jpg	photodiode	0
2122.393	0.0	2122393	response	7	n/a	n/a	trigger	0
2124.054	0.5	2124054	trained	32765	2	memtrain/o_035_1.jpg	photodiode	1
2124.905	0.5	2124905	trained	32726	41	memtrain/o_663_2.jpg	photodiode	1
2125.656	0.5	2125656	untrained	32693	74	memtrain/o_550_1.jpg	photodiode	1
2126.556	0.5	2126556	untrained	32705	62	memtrain/o_304_1.jpg	photodiode	1
2127.457	0.5	2127457	catch	32671	n/a	catch_padded.jpg	photodiode	0
2127.836	0.0	2127836	response	7	n/a	n/a	trigger	0
2129.509	0.5	2129509	trained	32767	0	memtrain/o_006_1.jpg	photodiode	1
2130.46	0.5	2130460	untrained	32686	81	memtrain/o_655_2.jpg	photodiode	1
2131.411	0.5	2131411	trained	32755	12	memtrain/o_127_2.jpg	photodiode	1
2132.211	0.5	2132211	trained	32736	31	memtrain/o_465_2.jpg	photodiode	1
2133.112	0.5	2133112	trained	32731	36	memtrain/o_583_1.jpg	photodiode	1
2133.863	0.5	2133863	catch	32671	n/a	catch_padded.jpg	photodiode	0
2134.28	0.0	2134280	response	7	n/a	n/a	trigger	0
2135.814	0.5	2135814	untrained	32692	75	memtrain/o_564_1.jpg	photodiode	1
2136.665	0.5	2136665	trained	32721	46	memtrain/so_113_1.jpg	photodiode	1
2137.607	0.5	2137607	untrained	32702	65	memtrain/o_337_2.jpg	photodiode	1
2138.558	0.5	2138558	untrained	32681	86	memtrain/o_288_1.jpg	photodiode	1
2139.517	0.5	2139517	catch	32671	n/a	catch_padded.jpg	photodiode	0
2139.922	0.0	2139922	response	7	n/a	n/a	trigger	0
2141.561	0.5	2141561	untrained	32685	82	memtrain/o_656_1.jpg	photodiode	1
2142.511	0.5	2142511	trained	32732	35	memtrain/o_561_2.jpg	photodiode	1
2143.362	0.5	2143362	trained	32735	32	memtrain/o_485_2.jpg	photodiode	1
2144.163	0.5	2144163	untrained	32687	80	memtrain/o_613_1.jpg	photodiode	1
2144.913	0.5	2144913	trained	32738	29	memtrain/o_416_1.jpg	photodiode	1
2145.764	0.5	2145764	catch	32671	n/a	catch_padded.jpg	photodiode	0
2146.228	0.0	2146228	response	7	n/a	n/a	trigger	0
2147.866	0.5	2147866	trained	32764	3	memtrain/o_040_2.jpg	photodiode	1
2148.817	0.5	2148817	untrained	32689	78	memtrain/o_599_1.jpg	photodiode	1
2149.768	0.5	2149768	trained	32756	11	memtrain/o_117_2.jpg	photodiode	1
2150.568	0.5	2150568	catch	32671	n/a	catch_padded.jpg	photodiode	0
2152.161	0.0	2152161	response	7	n/a	n/a	trigger	0
2152.57	0.5	2152570	untrained	32698	69	memtrain/o_464_2.jpg	photodiode	1
2153.321	0.5	2153321	trained	32724	43	memtrain/so_043_2.jpg	photodiode	1
2154.171	0.5	2154171	untrained	32677	90	memtrain/o_580_1.jpg	photodiode	1
2154.922	0.5	2154922	untrained	32683	84	memtrain/so_117_2.jpg	photodiode	1
2155.873	0.5	2155873	catch	32671	n/a	catch_padded.jpg	photodiode	0
2156.248	0.0	2156248	response	7	n/a	n/a	trigger	0
2157.875	0.5	2157875	untrained	32695	72	memtrain/o_490_1.jpg	photodiode	1
2158.775	0.5	2158775	untrained	32699	68	memtrain/o_393_1.jpg	photodiode	1
2159.676	0.5	2159676	trained	32751	16	memtrain/o_199_2.jpg	photodiode	1
2160.477	0.5	2160477	catch	32671	n/a	catch_padded.jpg	photodiode	0
2160.861	0.0	2160861	response	7	n/a	n/a	trigger	0
2162.378	0.5	2162378	trained	32752	15	memtrain/o_195_1.jpg	photodiode	1
2163.179	0.5	2163179	untrained	32703	64	memtrain/o_334_2.jpg	photodiode	1
2163.93	0.5	2163930	trained	32745	22	memtrain/o_321_1.jpg	photodiode	1
2164.872	0.5	2164872	untrained	32716	51	memtrain/o_103_2.jpg	photodiode	1
2165.631	0.5	2165631	trained	32737	30	memtrain/o_437_2.jpg	photodiode	1
2166.524	0.5	2166524	catch	32671	n/a	catch_padded.jpg	photodiode	0
2166.944	0.0	2166944	response	7	n/a	n/a	trigger	0
2168.425	0.5	2168425	untrained	32718	49	memtrain/o_054_2.jpg	photodiode	1
2169.326	0.5	2169326	trained	32733	34	memtrain/o_558_2.jpg	photodiode	1
2170.227	0.5	2170227	untrained	32688	79	memtrain/o_600_1.jpg	photodiode	1
2171.077	0.5	2171077	catch	32671	n/a	catch_padded.jpg	photodiode	0
2171.454	0.0	2171454	response	7	n/a	n/a	trigger	0
2172.979	0.5	2172979	trained	32748	19	memtrain/o_284_2.jpg	photodiode	1
2173.83	0.5	2173830	untrained	32680	87	memtrain/o_365_1.jpg	photodiode	1
2174.58	0.5	2174580	trained	32758	9	memtrain/o_101_2.jpg	photodiode	1
2175.489	0.5	2175489	untrained	32710	57	memtrain/o_171_1.jpg	photodiode	1
2176.432	0.5	2176432	catch	32671	n/a	catch_padded.jpg	photodiode	0
2176.878	0.0	2176878	response	7	n/a	n/a	trigger	0
2178.534	0.5	2178534	untrained	32704	63	memtrain/o_310_2.jpg	photodiode	1
2179.334	0.5	2179334	untrained	32678	89	memtrain/o_469_1.jpg	photodiode	1
2180.085	0.5	2180085	untrained	32673	94	memtrain/so_067_1.jpg	photodiode	1
2180.836	0.5	2180836	catch	32671	n/a	catch_padded.jpg	photodiode	0
2181.311	0.0	2181311	response	7	n/a	n/a	trigger	0
2182.888	0.5	2182888	untrained	32712	55	memtrain/o_153_2.jpg	photodiode	1
2183.738	0.5	2183738	trained	32743	24	memtrain/o_357_1.jpg	photodiode	1
2184.489	0.5	2184489	untrained	32674	93	memtrain/so_035_1.jpg	photodiode	1
2185.29	0.5	2185290	trained	32763	4	memtrain/o_042_1.jpg	photodiode	1
2186.19	0.5	2186190	trained	32725	42	memtrain/so_034_2.jpg	photodiode	1
2186.991	0.5	2186991	catch	32671	n/a	catch_padded.jpg	photodiode	0
2187.421	0.0	2187421	response	7	n/a	n/a	trigger	0
2188.993	0.5	2188993	untrained	32715	52	memtrain/o_141_1.jpg	photodiode	1
2189.893	0.5	2189893	trained	32727	40	memtrain/o_648_2.jpg	photodiode	1
2190.694	0.5	2190694	trained	32742	25	memtrain/o_358_2.jpg	photodiode	1
2191.495	0.5	2191495	trained	32740	27	memtrain/o_379_2.jpg	photodiode	1
2192.295	0.5	2192295	untrained	32707	60	memtrain/o_228_2.jpg	photodiode	1
2193.246	0.5	2193246	catch	32671	n/a	catch_padded.jpg	photodiode	0
2193.912	0.0	2193912	response	7	n/a	n/a	trigger	0
2195.248	0.5	2195248	trained	32749	18	memtrain/o_264_2.jpg	photodiode	1
2196.149	0.5	2196149	untrained	32709	58	memtrain/o_192_1.jpg	photodiode	1
2197.091	0.5	2197091	untrained	32717	50	memtrain/o_057_2.jpg	photodiode	1
2198.042	0.5	2198042	catch	32671	n/a	catch_padded.jpg	photodiode	0
2198.578	0.0	2198578	response	7	n/a	n/a	trigger	0
2200.144	0.5	2200144	trained	32766	1	memtrain/o_015_1.jpg	photodiode	1
2200.994	0.5	2200994	trained	32739	28	memtrain/o_397_1.jpg	photodiode	1
2201.845	0.5	2201845	trained	32762	5	memtrain/o_067_1.jpg	photodiode	1
2202.596	0.5	2202596	catch	32671	n/a	catch_padded.jpg	photodiode	0
2204.171	0.0	2204171	response	7	n/a	n/a	trigger	0
2204.597	0.5	2204597	trained	32722	45	memtrain/so_090_2.jpg	photodiode	1
2205.448	0.5	2205448	untrained	32690	77	memtrain/o_574_2.jpg	photodiode	1
2206.399	0.5	2206399	untrained	32714	53	memtrain/o_142_2.jpg	photodiode	1
2207.15	0.5	2207150	untrained	32684	83	memtrain/so_105_1.jpg	photodiode	1
2207.95	0.5	2207950	untrained	32675	92	memtrain/so_033_1.jpg	photodiode	1
2208.851	0.5	2208851	catch	32671	n/a	catch_padded.jpg	photodiode	0
2209.438	0.0	2209438	response	7	n/a	n/a	trigger	0
2210.803	0.5	2210803	untrained	32679	88	memtrain/o_458_1.jpg	photodiode	1
2211.553	0.5	2211553	trained	32720	47	memtrain/so_147_2.jpg	photodiode	1
2212.354	0.5	2212354	untrained	32676	91	memtrain/o_605_1.jpg	photodiode	1
2213.205	0.5	2213205	trained	32754	13	memtrain/o_136_1.jpg	photodiode	1
2213.955	0.5	2213955	catch	32671	n/a	catch_padded.jpg	photodiode	0
2214.349	0.0	2214349	response	7	n/a	n/a	trigger	0
2216.429	0.0	2216429	block_end	120	n/a	n/a	trigger	0
2225.355	0.0	2225355	response	7	n/a	n/a	trigger	0
2225.361	0.0	2225361	block_onset	109	n/a	n/a	trigger	0
2227.417	0.5	2227417	untrained	32699	68	memtrain/o_393_1.jpg	photodiode	1
2228.318	0.5	2228318	trained	32759	8	memtrain/o_094_1.jpg	photodiode	1
2229.268	0.5	2229268	untrained	32704	63	memtrain/o_310_2.jpg	photodiode	1
2230.019	0.5	2230019	catch	32671	n/a	catch_padded.jpg	photodiode	0
2230.516	0.0	2230516	response	7	n/a	n/a	trigger	0
2232.063	0.5	2232063	trained	32756	11	memtrain/o_117_2.jpg	photodiode	1
2232.913	0.5	2232913	trained	32720	47	memtrain/so_147_2.jpg	photodiode	1
2233.714	0.5	2233714	trained	32745	22	memtrain/o_321_1.jpg	photodiode	1
2234.615	0.5	2234615	trained	32747	20	memtrain/o_290_1.jpg	photodiode	1
2235.415	0.5	2235415	catch	32671	n/a	catch_padded.jpg	photodiode	0
2235.796	0.0	2235796	response	7	n/a	n/a	trigger	0
2237.417	0.5	2237417	trained	32728	39	memtrain/o_606_1.jpg	photodiode	1
2238.318	0.5	2238318	untrained	32696	71	memtrain/o_483_1.jpg	photodiode	1
2239.169	0.5	2239169	untrained	32679	88	memtrain/o_458_1.jpg	photodiode	1
2240.019	0.5	2240019	untrained	32691	76	memtrain/o_570_1.jpg	photodiode	1
2240.77	0.5	2240770	trained	32767	0	memtrain/o_006_1.jpg	photodiode	1
2241.521	0.5	2241521	catch	32671	n/a	catch_padded.jpg	photodiode	0
2241.867	0.0	2241867	response	7	n/a	n/a	trigger	0
2243.522	0.5	2243522	trained	32755	12	memtrain/o_127_2.jpg	photodiode	1
2244.423	0.5	2244423	untrained	32693	74	memtrain/o_550_1.jpg	photodiode	1
2245.374	0.5	2245374	trained	32753	14	memtrain/o_174_1.jpg	photodiode	1
2246.124	0.5	2246124	catch	32671	n/a	catch_padded.jpg	photodiode	0
2246.552	0.0	2246552	response	7	n/a	n/a	trigger	0
2248.176	0.5	2248176	trained	32752	15	memtrain/o_195_1.jpg	photodiode	1
2249.027	0.5	2249027	trained	32746	21	memtrain/o_319_1.jpg	photodiode	1
2249.978	0.5	2249978	trained	32744	23	memtrain/o_338_2.jpg	photodiode	1
2250.778	0.5	2250778	trained	32748	19	memtrain/o_284_2.jpg	photodiode	1
2251.529	0.5	2251529	catch	32671	n/a	catch_padded.jpg	photodiode	0
2251.931	0.0	2251931	response	7	n/a	n/a	trigger	0
2253.431	0.5	2253431	trained	32730	37	memtrain/o_597_1.jpg	photodiode	1
2254.231	0.5	2254231	untrained	32692	75	memtrain/o_564_1.jpg	photodiode	1
2255.082	0.5	2255082	untrained	32701	66	memtrain/o_342_2.jpg	photodiode	1
2255.833	0.5	2255833	catch	32671	n/a	catch_padded.jpg	photodiode	0
2256.241	0.0	2256241	response	7	n/a	n/a	trigger	0
2257.784	0.5	2257784	trained	32762	5	memtrain/o_067_1.jpg	photodiode	1
2258.635	0.5	2258635	trained	32739	28	memtrain/o_397_1.jpg	photodiode	1
2259.536	0.5	2259536	untrained	32719	48	memtrain/o_019_2.jpg	photodiode	1
2260.336	0.5	2260336	untrained	32710	57	memtrain/o_171_1.jpg	photodiode	1
2261.229	0.5	2261229	untrained	32712	55	memtrain/o_153_2.jpg	photodiode	1
2262.18	0.5	2262180	catch	32671	n/a	catch_padded.jpg	photodiode	0
2262.615	0.0	2262615	response	7	n/a	n/a	trigger	0
2264.081	0.5	2264081	untrained	32678	89	memtrain/o_469_1.jpg	photodiode	1
2265.032	0.5	2265032	untrained	32708	59	memtrain/o_201_2.jpg	photodiode	1
2265.783	0.5	2265783	trained	32760	7	memtrain/o_091_2.jpg	photodiode	1
2266.583	0.5	2266583	trained	32743	24	memtrain/o_357_1.jpg	photodiode	1
2267.384	0.5	2267384	trained	32761	6	memtrain/o_076_1.jpg	photodiode	1
2268.235	0.5	2268235	catch	32671	n/a	catch_padded.jpg	photodiode	0
2268.639	0.0	2268639	response	7	n/a	n/a	trigger	0
2270.136	0.5	2270136	untrained	32697	70	memtrain/o_471_2.jpg	photodiode	1
2270.937	0.5	2270937	untrained	32675	92	memtrain/so_033_1.jpg	photodiode	1
2271.738	0.5	2271738	untrained	32715	52	memtrain/o_141_1.jpg	photodiode	1
2272.488	0.5	2272488	trained	32741	26	memtrain/o_376_1.jpg	photodiode	1
2273.339	0.5	2273339	catch	32671	n/a	catch_padded.jpg	photodiode	0
2273.897	0.0	2273897	response	7	n/a	n/a	trigger	0
2275.441	0.5	2275441	trained	32754	13	memtrain/o_136_1.jpg	photodiode	1
2276.292	0.5	2276292	trained	32725	42	memtrain/so_034_2.jpg	photodiode	1
2277.092	0.5	2277092	trained	32740	27	memtrain/o_379_2.jpg	photodiode	1
2277.993	0.5	2277993	trained	32732	35	memtrain/o_561_2.jpg	photodiode	1
2278.794	0.5	2278794	catch	32671	n/a	catch_padded.jpg	photodiode	0
2279.202	0.0	2279202	response	7	n/a	n/a	trigger	0
2280.745	0.5	2280745	untrained	32681	86	memtrain/o_288_1.jpg	photodiode	1
2281.496	0.5	2281496	trained	32758	9	memtrain/o_101_2.jpg	photodiode	1
2282.347	0.5	2282347	untrained	32683	84	memtrain/so_117_2.jpg	photodiode	1
2283.097	0.5	2283097	catch	32671	n/a	catch_padded.jpg	photodiode	0
2283.471	0.0	2283471	response	7	n/a	n/a	trigger	0
2285.049	0.5	2285049	untrained	32684	83	memtrain/so_105_1.jpg	photodiode	1
2285.9	0.5	2285900	trained	32751	16	memtrain/o_199_2.jpg	photodiode	1
2286.8	0.5	2286800	trained	32742	25	memtrain/o_358_2.jpg	photodiode	1
2287.551	0.5	2287551	untrained	32709	58	memtrain/o_192_1.jpg	photodiode	1
2288.402	0.5	2288402	untrained	32717	50	memtrain/o_057_2.jpg	photodiode	1
2289.303	0.5	2289303	catch	32671	n/a	catch_padded.jpg	photodiode	0
2289.693	0.0	2289693	response	7	n/a	n/a	trigger	0
2291.404	0.5	2291404	trained	32736	31	memtrain/o_465_2.jpg	photodiode	1
2292.347	0.5	2292347	trained	32738	29	memtrain/o_416_1.jpg	photodiode	1
2293.306	0.5	2293306	untrained	32716	51	memtrain/o_103_2.jpg	photodiode	1
2294.199	0.5	2294199	trained	32723	44	memtrain/so_045_1.jpg	photodiode	1
2295.149	0.5	2295149	untrained	32707	60	memtrain/o_228_2.jpg	photodiode	1
2296.1	0.5	2296100	catch	32671	n/a	catch_padded.jpg	photodiode	0
2296.532	0.0	2296532	response	7	n/a	n/a	trigger	0
2298.102	0.5	2298102	untrained	32674	93	memtrain/so_035_1.jpg	photodiode	1
2298.903	0.5	2298903	untrained	32673	94	memtrain/so_067_1.jpg	photodiode	1
2299.803	0.5	2299803	untrained	32690	77	memtrain/o_574_2.jpg	photodiode	1
2300.654	0.5	2300654	untrained	32676	91	memtrain/o_605_1.jpg	photodiode	1
2301.605	0.5	2301605	catch	32671	n/a	catch_padded.jpg	photodiode	0
2301.979	0.0	2301979	response	7	n/a	n/a	trigger	0
2303.707	0.5	2303707	untrained	32695	72	memtrain/o_490_1.jpg	photodiode	1
2304.507	0.5	2304507	trained	32757	10	memtrain/o_111_2.jpg	photodiode	1
2305.358	0.5	2305358	untrained	32680	87	memtrain/o_365_1.jpg	photodiode	1
2306.159	0.5	2306159	catch	32671	n/a	catch_padded.jpg	photodiode	0
2306.729	0.0	2306729	response	7	n/a	n/a	trigger	0
2308.06	0.5	2308060	untrained	32682	85	memtrain/o_218_1.jpg	photodiode	1
2309.011	0.5	2309011	untrained	32718	49	memtrain/o_054_2.jpg	photodiode	1
2309.812	0.5	2309812	trained	32722	45	memtrain/so_090_2.jpg	photodiode	1
2310.411	0.0	2310411	response	7	n/a	n/a	trigger	0
2310.662	0.5	2310662	untrained	32677	90	memtrain/o_580_1.jpg	photodiode	1
2311.563	0.5	2311563	untrained	32694	73	memtrain/o_519_2.jpg	photodiode	1
2312.514	0.5	2312514	catch	32671	n/a	catch_padded.jpg	photodiode	0
2312.918	0.0	2312918	response	7	n/a	n/a	trigger	0
2314.616	0.5	2314616	trained	32750	17	memtrain/o_232_1.jpg	photodiode	1
2315.366	0.5	2315366	untrained	32711	56	memtrain/o_163_2.jpg	photodiode	1
2316.267	0.5	2316267	trained	32727	40	memtrain/o_648_2.jpg	photodiode	1
2317.068	0.5	2317068	catch	32671	n/a	catch_padded.jpg	photodiode	0
2317.46	0.0	2317460	response	7	n/a	n/a	trigger	0
2319.12	0.5	2319120	untrained	32686	81	memtrain/o_655_2.jpg	photodiode	1
2319.912	0.5	2319912	trained	32763	4	memtrain/o_042_1.jpg	photodiode	1
2320.713	0.5	2320713	trained	32729	38	memtrain/o_603_1.jpg	photodiode	1
2321.563	0.5	2321563	catch	32671	n/a	catch_padded.jpg	photodiode	0
2321.945	0.0	2321945	response	7	n/a	n/a	trigger	0
2323.615	0.5	2323615	untrained	32714	53	memtrain/o_142_2.jpg	photodiode	1
2324.566	0.5	2324566	untrained	32700	67	memtrain/o_378_1.jpg	photodiode	1
2325.467	0.5	2325467	untrained	32713	54	memtrain/o_145_1.jpg	photodiode	1
2326.417	0.5	2326417	catch	32671	n/a	catch_padded.jpg	photodiode	0
2326.768	0.0	2326768	response	7	n/a	n/a	trigger	0
2328.419	0.5	2328419	untrained	32702	65	memtrain/o_337_2.jpg	photodiode	1
2329.37	0.5	2329370	trained	32721	46	memtrain/so_113_1.jpg	photodiode	1
2330.121	0.5	2330121	untrained	32685	82	memtrain/o_656_1.jpg	photodiode	1
2331.071	0.5	2331071	catch	32671	n/a	catch_padded.jpg	photodiode	0
2331.477	0.0	2331477	response	7	n/a	n/a	trigger	0
2333.073	0.5	2333073	trained	32765	2	memtrain/o_035_1.jpg	photodiode	1
2333.824	0.5	2333824	trained	32766	1	memtrain/o_015_1.jpg	photodiode	1
2334.674	0.5	2334674	untrained	32688	79	memtrain/o_600_1.jpg	photodiode	1
2335.425	0.5	2335425	catch	32671	n/a	catch_padded.jpg	photodiode	0
2336.687	0.0	2336687	response	7	n/a	n/a	trigger	0
2337.327	0.5	2337327	untrained	32687	80	memtrain/o_613_1.jpg	photodiode	1
2338.077	0.5	2338077	trained	32735	32	memtrain/o_485_2.jpg	photodiode	1
2339.028	0.5	2339028	trained	32749	18	memtrain/o_264_2.jpg	photodiode	1
2339.829	0.5	2339829	trained	32737	30	memtrain/o_437_2.jpg	photodiode	1
2340.579	0.5	2340579	catch	32671	n/a	catch_padded.jpg	photodiode	0
2341.078	0.0	2341078	response	7	n/a	n/a	trigger	0
2342.531	0.5	2342531	trained	32731	36	memtrain/o_583_1.jpg	photodiode	1
2343.432	0.5	2343432	trained	32734	33	memtrain/o_536_1.jpg	photodiode	1
2344.182	0.5	2344182	untrained	32703	64	memtrain/o_334_2.jpg	photodiode	1
2345.083	0.5	2345083	trained	32724	43	memtrain/so_043_2.jpg	photodiode	1
2345.934	0.5	2345934	untrained	32698	69	memtrain/o_464_2.jpg	photodiode	1
2346.785	0.5	2346785	catch	32671	n/a	catch_padded.jpg	photodiode	0
2347.189	0.0	2347189	response	7	n/a	n/a	trigger	0
2348.786	0.5	2348786	trained	32764	3	memtrain/o_040_2.jpg	photodiode	1
2349.529	0.5	2349529	untrained	32689	78	memtrain/o_599_1.jpg	photodiode	1
2350.43	0.5	2350430	trained	32733	34	memtrain/o_558_2.jpg	photodiode	1
2351.18	0.5	2351180	catch	32671	n/a	catch_padded.jpg	photodiode	0
2351.864	0.0	2351864	response	7	n/a	n/a	trigger	0
2353.182	0.5	2353182	untrained	32672	95	memtrain/so_125_1.jpg	photodiode	1
2354.033	0.5	2354033	untrained	32706	61	memtrain/o_298_2.jpg	photodiode	1
2354.783	0.5	2354783	untrained	32705	62	memtrain/o_304_1.jpg	photodiode	1
2355.734	0.5	2355734	trained	32726	41	memtrain/o_663_2.jpg	photodiode	1
2356.635	0.5	2356635	untrained	32710	57	memtrain/o_171_1.jpg	photodiode	1
2357.486	0.5	2357486	catch	32671	n/a	catch_padded.jpg	photodiode	0
2357.976	0.0	2357976	response	7	n/a	n/a	trigger	0
2359.537	0.5	2359537	untrained	32714	53	memtrain/o_142_2.jpg	photodiode	1
2360.288	0.5	2360288	trained	32720	47	memtrain/so_147_2.jpg	photodiode	1
2361.039	0.5	2361039	untrained	32706	61	memtrain/o_298_2.jpg	photodiode	1
2361.989	0.5	2361989	trained	32723	44	memtrain/so_045_1.jpg	photodiode	1
2362.89	0.5	2362890	untrained	32716	51	memtrain/o_103_2.jpg	photodiode	1
2363.791	0.5	2363791	catch	32671	n/a	catch_padded.jpg	photodiode	0
2364.193	0.0	2364193	response	7	n/a	n/a	trigger	0
2365.843	0.5	2365843	untrained	32680	87	memtrain/o_365_1.jpg	photodiode	1
2366.793	0.5	2366793	untrained	32677	90	memtrain/o_580_1.jpg	photodiode	1
2367.544	0.5	2367544	untrained	32673	94	memtrain/so_067_1.jpg	photodiode	1
2368.395	0.5	2368395	catch	32671	n/a	catch_padded.jpg	photodiode	0
2368.826	0.0	2368826	response	7	n/a	n/a	trigger	0
2370.447	0.5	2370447	trained	32752	15	memtrain/o_195_1.jpg	photodiode	1
2371.297	0.5	2371297	trained	32737	30	memtrain/o_437_2.jpg	photodiode	1
2372.048	0.5	2372048	untrained	32692	75	memtrain/o_564_1.jpg	photodiode	1
2372.999	0.5	2372999	trained	32734	33	memtrain/o_536_1.jpg	photodiode	1
2373.949	0.5	2373949	trained	32743	24	memtrain/o_357_1.jpg	photodiode	1
2374.8	0.5	2374800	catch	32671	n/a	catch_padded.jpg	photodiode	0
2375.483	0.0	2375483	response	7	n/a	n/a	trigger	0
2376.852	0.5	2376852	trained	32758	9	memtrain/o_101_2.jpg	photodiode	1
2377.794	0.5	2377794	untrained	32672	95	memtrain/so_125_1.jpg	photodiode	1
2378.595	0.5	2378595	trained	32757	10	memtrain/o_111_2.jpg	photodiode	1
2379.496	0.5	2379496	untrained	32699	68	memtrain/o_393_1.jpg	photodiode	1
2380.447	0.5	2380447	catch	32671	n/a	catch_padded.jpg	photodiode	0
2381.21	0.0	2381210	response	7	n/a	n/a	trigger	0
2382.507	0.5	2382507	untrained	32703	64	memtrain/o_334_2.jpg	photodiode	1
2383.249	0.5	2383249	trained	32726	41	memtrain/o_663_2.jpg	photodiode	1
2384.0	0.5	2384000	untrained	32686	81	memtrain/o_655_2.jpg	photodiode	1
2384.85	0.5	2384850	untrained	32682	85	memtrain/o_218_1.jpg	photodiode	1
2385.601	0.5	2385601	trained	32749	18	memtrain/o_264_2.jpg	photodiode	1
2386.402	0.5	2386402	catch	32671	n/a	catch_padded.jpg	photodiode	0
2386.878	0.0	2386878	response	7	n/a	n/a	trigger	0
2388.403	0.5	2388403	untrained	32693	74	memtrain/o_550_1.jpg	photodiode	1
2389.154	0.5	2389154	trained	32762	5	memtrain/o_067_1.jpg	photodiode	1
2389.955	0.5	2389955	trained	32759	8	memtrain/o_094_1.jpg	photodiode	1
2390.705	0.5	2390705	untrained	32683	84	memtrain/so_117_2.jpg	photodiode	1
2391.656	0.5	2391656	untrained	32696	71	memtrain/o_483_1.jpg	photodiode	1
2392.557	0.5	2392557	catch	32671	n/a	catch_padded.jpg	photodiode	0
2393.274	0.0	2393274	response	7	n/a	n/a	trigger	0
2394.508	0.5	2394508	trained	32761	6	memtrain/o_076_1.jpg	photodiode	1
2395.309	0.5	2395309	trained	32760	7	memtrain/o_091_2.jpg	photodiode	1
2396.26	0.5	2396260	untrained	32684	83	memtrain/so_105_1.jpg	photodiode	1
2397.161	0.5	2397161	untrained	32702	65	memtrain/o_337_2.jpg	photodiode	1
2397.961	0.5	2397961	catch	32671	n/a	catch_padded.jpg	photodiode	0
2398.529	0.0	2398529	response	7	n/a	n/a	trigger	0
2400.013	0.5	2400013	trained	32746	21	memtrain/o_319_1.jpg	photodiode	1
2400.814	0.5	2400814	trained	32725	42	memtrain/so_034_2.jpg	photodiode	1
2401.665	0.5	2401665	untrained	32719	48	memtrain/o_019_2.jpg	photodiode	1
2402.465	0.5	2402465	untrained	32717	50	memtrain/o_057_2.jpg	photodiode	1
2403.416	0.5	2403416	catch	32671	n/a	catch_padded.jpg	photodiode	0
2403.909	0.0	2403909	response	7	n/a	n/a	trigger	0
2405.368	0.5	2405368	trained	32722	45	memtrain/so_090_2.jpg	photodiode	1
2406.318	0.5	2406318	trained	32739	28	memtrain/o_397_1.jpg	photodiode	1
2407.211	0.5	2407211	trained	32728	39	memtrain/o_606_1.jpg	photodiode	1
2408.062	0.5	2408062	catch	32671	n/a	catch_padded.jpg	photodiode	0
2408.503	0.0	2408503	response	7	n/a	n/a	trigger	0
2409.963	0.5	2409963	trained	32756	11	memtrain/o_117_2.jpg	photodiode	1
2410.714	0.5	2410714	trained	32724	43	memtrain/so_043_2.jpg	photodiode	1
2411.665	0.5	2411665	trained	32745	22	memtrain/o_321_1.jpg	photodiode	1
2412.616	0.5	2412616	trained	32748	19	memtrain/o_284_2.jpg	photodiode	1
2413.366	0.5	2413366	untrained	32695	72	memtrain/o_490_1.jpg	photodiode	1
2414.217	0.5	2414217	catch	32671	n/a	catch_padded.jpg	photodiode	0
2414.601	0.0	2414601	response	7	n/a	n/a	trigger	0
2416.169	0.5	2416169	untrained	32676	91	memtrain/o_605_1.jpg	photodiode	1
2417.119	0.5	2417119	untrained	32718	49	memtrain/o_054_2.jpg	photodiode	1
2417.92	0.5	2417920	untrained	32712	55	memtrain/o_153_2.jpg	photodiode	1
2418.871	0.5	2418871	catch	32671	n/a	catch_padded.jpg	photodiode	0
2419.36	0.0	2419360	response	7	n/a	n/a	trigger	0
2420.873	0.5	2420873	untrained	32681	86	memtrain/o_288_1.jpg	photodiode	1
2421.773	0.5	2421773	trained	32731	36	memtrain/o_583_1.jpg	photodiode	1
2422.724	0.5	2422724	untrained	32679	88	memtrain/o_458_1.jpg	photodiode	1
2423.625	0.5	2423625	untrained	32685	82	memtrain/o_656_1.jpg	photodiode	1
2424.376	0.5	2424376	untrained	32691	76	memtrain/o_570_1.jpg	photodiode	1
2425.126	0.5	2425126	catch	32671	n/a	catch_padded.jpg	photodiode	0
2425.814	0.0	2425814	response	7	n/a	n/a	trigger	0
2427.228	0.5	2427228	trained	32764	3	memtrain/o_040_2.jpg	photodiode	1
2428.079	0.5	2428079	untrained	32700	67	memtrain/o_378_1.jpg	photodiode	1
2428.879	0.5	2428879	untrained	32689	78	memtrain/o_599_1.jpg	photodiode	1
2429.68	0.5	2429680	trained	32744	23	memtrain/o_338_2.jpg	photodiode	1
2430.431	0.5	2430431	catch	32671	n/a	catch_padded.jpg	photodiode	0
2431.017	0.0	2431017	response	7	n/a	n/a	trigger	0
2432.332	0.5	2432332	untrained	32709	58	memtrain/o_192_1.jpg	photodiode	1
2433.183	0.5	2433183	trained	32727	40	memtrain/o_648_2.jpg	photodiode	1
2433.984	0.5	2433984	untrained	32704	63	memtrain/o_310_2.jpg	photodiode	1
2434.834	0.5	2434834	trained	32753	14	memtrain/o_174_1.jpg	photodiode	1
2435.585	0.5	2435585	catch	32671	n/a	catch_padded.jpg	photodiode	0
2435.956	0.0	2435956	response	7	n/a	n/a	trigger	0
2437.587	0.5	2437587	untrained	32713	54	memtrain/o_145_1.jpg	photodiode	1
2438.379	0.5	2438379	trained	32730	37	memtrain/o_597_1.jpg	photodiode	1
2439.338	0.5	2439338	untrained	32678	89	memtrain/o_469_1.jpg	photodiode	1
2440.281	0.5	2440281	catch	32671	n/a	catch_padded.jpg	photodiode	0
2440.785	0.0	2440785	response	7	n/a	n/a	trigger	0
2442.382	0.5	2442382	untrained	32711	56	memtrain/o_163_2.jpg	photodiode	1
2443.283	0.5	2443283	trained	32751	16	memtrain/o_199_2.jpg	photodiode	1
2444.084	0.5	2444084	untrained	32708	59	memtrain/o_201_2.jpg	photodiode	1
2444.885	0.5	2444885	trained	32736	31	memtrain/o_465_2.jpg	photodiode	1
2445.685	0.5	2445685	catch	32671	n/a	catch_padded.jpg	photodiode	0
2446.151	0.0	2446151	response	7	n/a	n/a	trigger	0
2447.737	0.5	2447737	trained	32741	26	memtrain/o_376_1.jpg	photodiode	1
2448.638	0.5	2448638	trained	32738	29	memtrain/o_416_1.jpg	photodiode	1
2449.538	0.5	2449538	untrained	32690	77	memtrain/o_574_2.jpg	photodiode	1
2450.489	0.5	2450489	trained	32729	38	memtrain/o_603_1.jpg	photodiode	1
2451.44	0.5	2451440	catch	32671	n/a	catch_padded.jpg	photodiode	0
2452.125	0.0	2452125	response	7	n/a	n/a	trigger	0
2453.442	0.5	2453442	trained	32767	0	memtrain/o_006_1.jpg	photodiode	1
2454.343	0.5	2454343	trained	32747	20	memtrain/o_290_1.jpg	photodiode	1
2455.293	0.5	2455293	untrained	32715	52	memtrain/o_141_1.jpg	photodiode	1
2456.244	0.5	2456244	trained	32754	13	memtrain/o_136_1.jpg	photodiode	1
2457.045	0.5	2457045	catch	32671	n/a	catch_padded.jpg	photodiode	0
2457.923	0.0	2457923	response	7	n/a	n/a	trigger	0
2459.097	0.5	2459097	untrained	32697	70	memtrain/o_471_2.jpg	photodiode	1
2459.847	0.5	2459847	trained	32740	27	memtrain/o_379_2.jpg	photodiode	1
2460.748	0.5	2460748	trained	32763	4	memtrain/o_042_1.jpg	photodiode	1
2461.599	0.5	2461599	trained	32721	46	memtrain/so_113_1.jpg	photodiode	1
2462.399	0.5	2462399	catch	32671	n/a	catch_padded.jpg	photodiode	0
2462.793	0.0	2462793	response	7	n/a	n/a	trigger	0
2464.451	0.5	2464451	trained	32766	1	memtrain/o_015_1.jpg	photodiode	1
2465.244	0.5	2465244	trained	32765	2	memtrain/o_035_1.jpg	photodiode	1
2466.094	0.5	2466094	untrained	32694	73	memtrain/o_519_2.jpg	photodiode	1
2466.953	0.5	2466953	untrained	32688	79	memtrain/o_600_1.jpg	photodiode	1
2467.896	0.5	2467896	trained	32733	34	memtrain/o_558_2.jpg	photodiode	1
2468.696	0.5	2468696	catch	32671	n/a	catch_padded.jpg	photodiode	0
2469.087	0.0	2469087	response	7	n/a	n/a	trigger	0
2470.698	0.5	2470698	trained	32750	17	memtrain/o_232_1.jpg	photodiode	1
2471.599	0.5	2471599	trained	32755	12	memtrain/o_127_2.jpg	photodiode	1
2472.55	0.5	2472550	trained	32742	25	memtrain/o_358_2.jpg	photodiode	1
2473.451	0.5	2473451	catch	32671	n/a	catch_padded.jpg	photodiode	0
2474.008	0.0	2474008	response	7	n/a	n/a	trigger	0
2475.552	0.5	2475552	untrained	32675	92	memtrain/so_033_1.jpg	photodiode	1
2476.453	0.5	2476453	trained	32732	35	memtrain/o_561_2.jpg	photodiode	1
2477.304	0.5	2477304	untrained	32674	93	memtrain/so_035_1.jpg	photodiode	1
2478.104	0.5	2478104	untrained	32687	80	memtrain/o_613_1.jpg	photodiode	1
2478.855	0.5	2478855	catch	32671	n/a	catch_padded.jpg	photodiode	0
2479.312	0.0	2479312	response	7	n/a	n/a	trigger	0
2480.757	0.5	2480757	untrained	32707	60	memtrain/o_228_2.jpg	photodiode	1
2481.507	0.5	2481507	trained	32735	32	memtrain/o_485_2.jpg	photodiode	1
2482.358	0.5	2482358	untrained	32698	69	memtrain/o_464_2.jpg	photodiode	1
2483.159	0.5	2483159	untrained	32701	66	memtrain/o_342_2.jpg	photodiode	1
2483.909	0.5	2483909	untrained	32705	62	memtrain/o_304_1.jpg	photodiode	1
2484.81	0.5	2484810	catch	32671	n/a	catch_padded.jpg	photodiode	0
2485.709	0.0	2485709	response	7	n/a	n/a	trigger	0
2487.284	0.0	2487284	block_end	120	n/a	n/a	trigger	0
2500.948	0.0	2500948	response	7	n/a	n/a	trigger	0
2500.953	0.0	2500953	block_onset	110	n/a	n/a	trigger	0
2503.009	0.5	2503009	trained	32736	31	memtrain/o_465_2.jpg	photodiode	1
2503.86	0.5	2503860	untrained	32693	74	memtrain/o_550_1.jpg	photodiode	1
2504.81	0.5	2504810	trained	32743	24	memtrain/o_357_1.jpg	photodiode	1
2505.661	0.5	2505661	untrained	32689	78	memtrain/o_599_1.jpg	photodiode	1
2506.512	0.5	2506512	trained	32760	7	memtrain/o_091_2.jpg	photodiode	1
2507.263	0.5	2507263	catch	32671	n/a	catch_padded.jpg	photodiode	0
2507.694	0.0	2507694	response	7	n/a	n/a	trigger	0
2509.356	0.5	2509356	untrained	32701	66	memtrain/o_342_2.jpg	photodiode	1
2510.106	0.5	2510106	trained	32721	46	memtrain/so_113_1.jpg	photodiode	1
2511.007	0.5	2511007	trained	32728	39	memtrain/o_606_1.jpg	photodiode	1
2511.858	0.5	2511858	trained	32723	44	memtrain/so_045_1.jpg	photodiode	1
2512.709	0.5	2512709	catch	32671	n/a	catch_padded.jpg	photodiode	0
2513.22	0.0	2513220	response	7	n/a	n/a	trigger	0
2514.76	0.5	2514760	trained	32742	25	memtrain/o_358_2.jpg	photodiode	1
2515.711	0.5	2515711	untrained	32703	64	memtrain/o_334_2.jpg	photodiode	1
2516.562	0.5	2516562	untrained	32686	81	memtrain/o_655_2.jpg	photodiode	1
2517.413	0.5	2517413	trained	32762	5	memtrain/o_067_1.jpg	photodiode	1
2518.163	0.5	2518163	untrained	32681	86	memtrain/o_288_1.jpg	photodiode	1
2518.914	0.5	2518914	catch	32671	n/a	catch_padded.jpg	photodiode	0
2519.357	0.0	2519357	response	7	n/a	n/a	trigger	0
2520.916	0.5	2520916	untrained	32699	68	memtrain/o_393_1.jpg	photodiode	1
2521.666	0.5	2521666	untrained	32719	48	memtrain/o_019_2.jpg	photodiode	1
2522.567	0.5	2522567	untrained	32705	62	memtrain/o_304_1.jpg	photodiode	1
2523.368	0.5	2523368	trained	32737	30	memtrain/o_437_2.jpg	photodiode	1
2524.268	0.5	2524268	catch	32671	n/a	catch_padded.jpg	photodiode	0
2524.709	0.0	2524709	response	7	n/a	n/a	trigger	0
2526.17	0.5	2526170	untrained	32711	56	memtrain/o_163_2.jpg	photodiode	1
2526.921	0.5	2526921	trained	32766	1	memtrain/o_015_1.jpg	photodiode	1
2527.821	0.5	2527821	untrained	32680	87	memtrain/o_365_1.jpg	photodiode	1
2528.722	0.5	2528722	catch	32671	n/a	catch_padded.jpg	photodiode	0
2529.154	0.0	2529154	response	7	n/a	n/a	trigger	0
2530.674	0.5	2530674	untrained	32709	58	memtrain/o_192_1.jpg	photodiode	1
2531.475	0.5	2531475	untrained	32690	77	memtrain/o_574_2.jpg	photodiode	1
2532.425	0.5	2532425	trained	32729	38	memtrain/o_603_1.jpg	photodiode	1
2533.276	0.5	2533276	untrained	32687	80	memtrain/o_613_1.jpg	photodiode	1
2534.127	0.5	2534127	catch	32671	n/a	catch_padded.jpg	photodiode	0
2534.581	0.0	2534581	response	7	n/a	n/a	trigger	0
2536.12	0.5	2536120	trained	32740	27	memtrain/o_379_2.jpg	photodiode	1
2537.021	0.5	2537021	trained	32741	26	memtrain/o_376_1.jpg	photodiode	1
2537.772	0.5	2537772	trained	32724	43	memtrain/so_043_2.jpg	photodiode	1
2538.572	0.5	2538572	catch	32671	n/a	catch_padded.jpg	photodiode	0
2539.002	0.0	2539002	response	7	n/a	n/a	trigger	0
2540.624	0.5	2540624	trained	32765	2	memtrain/o_035_1.jpg	photodiode	1
2541.375	0.5	2541375	trained	32744	23	memtrain/o_338_2.jpg	photodiode	1
2542.276	0.5	2542276	trained	32748	19	memtrain/o_284_2.jpg	photodiode	1
2543.076	0.5	2543076	untrained	32696	71	memtrain/o_483_1.jpg	photodiode	1
2543.927	0.5	2543927	catch	32671	n/a	catch_padded.jpg	photodiode	0
2544.331	0.0	2544331	response	7	n/a	n/a	trigger	0
2545.879	0.5	2545879	untrained	32718	49	memtrain/o_054_2.jpg	photodiode	1
2546.729	0.5	2546729	trained	32733	34	memtrain/o_558_2.jpg	photodiode	1
2547.68	0.5	2547680	untrained	32702	65	memtrain/o_337_2.jpg	photodiode	1
2548.581	0.5	2548581	catch	32671	n/a	catch_padded.jpg	photodiode	0
2548.988	0.0	2548988	response	7	n/a	n/a	trigger	0
2550.533	0.5	2550533	trained	32755	12	memtrain/o_127_2.jpg	photodiode	1
2551.483	0.5	2551483	untrained	32714	53	memtrain/o_142_2.jpg	photodiode	1
2552.234	0.5	2552234	untrained	32676	91	memtrain/o_605_1.jpg	photodiode	1
2553.185	0.5	2553185	trained	32720	47	memtrain/so_147_2.jpg	photodiode	1
2554.086	0.5	2554086	catch	32671	n/a	catch_padded.jpg	photodiode	0
2554.511	0.0	2554511	response	7	n/a	n/a	trigger	0
2556.187	0.5	2556187	trained	32757	10	memtrain/o_111_2.jpg	photodiode	1
2556.938	0.5	2556938	untrained	32673	94	memtrain/so_067_1.jpg	photodiode	1
2557.739	0.5	2557739	trained	32764	3	memtrain/o_040_2.jpg	photodiode	1
2558.689	0.5	2558689	catch	32671	n/a	catch_padded.jpg	photodiode	0
2559.222	0.0	2559222	response	7	n/a	n/a	trigger	0
2560.741	0.5	2560741	untrained	32682	85	memtrain/o_218_1.jpg	photodiode	1
2561.542	0.5	2561542	untrained	32710	57	memtrain/o_171_1.jpg	photodiode	1
2562.493	0.5	2562493	trained	32751	16	memtrain/o_199_2.jpg	photodiode	1
2563.243	0.5	2563243	trained	32761	6	memtrain/o_076_1.jpg	photodiode	1
2564.194	0.5	2564194	untrained	32692	75	memtrain/o_564_1.jpg	photodiode	1
2565.095	0.5	2565095	catch	32671	n/a	catch_padded.jpg	photodiode	0
2565.619	0.0	2565619	response	7	n/a	n/a	trigger	0
2567.088	0.5	2567088	untrained	32691	76	memtrain/o_570_1.jpg	photodiode	1
2567.939	0.5	2567939	trained	32730	37	memtrain/o_597_1.jpg	photodiode	1
2568.89	0.5	2568890	trained	32749	18	memtrain/o_264_2.jpg	photodiode	1
2569.74	0.5	2569740	untrained	32698	69	memtrain/o_464_2.jpg	photodiode	1
2570.491	0.5	2570491	untrained	32717	50	memtrain/o_057_2.jpg	photodiode	1
2571.4	0.5	2571400	catch	32671	n/a	catch_padded.jpg	photodiode	0
2571.935	0.0	2571935	response	7	n/a	n/a	trigger	0
2573.393	0.5	2573393	trained	32756	11	memtrain/o_117_2.jpg	photodiode	1
2574.294	0.5	2574294	trained	32725	42	memtrain/so_034_2.jpg	photodiode	1
2575.045	0.5	2575045	untrained	32713	54	memtrain/o_145_1.jpg	photodiode	1
2575.846	0.5	2575846	catch	32671	n/a	catch_padded.jpg	photodiode	0
2576.868	0.0	2576868	response	7	n/a	n/a	trigger	0
2577.797	0.5	2577797	trained	32753	14	memtrain/o_174_1.jpg	photodiode	1
2578.598	0.5	2578598	trained	32735	32	memtrain/o_485_2.jpg	photodiode	1
2579.449	0.5	2579449	untrained	32712	55	memtrain/o_153_2.jpg	photodiode	1
2580.249	0.5	2580249	untrained	32715	52	memtrain/o_141_1.jpg	photodiode	1
2581.2	0.5	2581200	trained	32732	35	memtrain/o_561_2.jpg	photodiode	1
2582.101	0.5	2582101	catch	32671	n/a	catch_padded.jpg	photodiode	0
2582.546	0.0	2582546	response	7	n/a	n/a	trigger	0
2584.052	0.5	2584052	untrained	32688	79	memtrain/o_600_1.jpg	photodiode	1
2584.803	0.5	2584803	trained	32726	41	memtrain/o_663_2.jpg	photodiode	1
2585.754	0.5	2585754	untrained	32706	61	memtrain/o_298_2.jpg	photodiode	1
2586.605	0.5	2586605	trained	32750	17	memtrain/o_232_1.jpg	photodiode	1
2587.455	0.5	2587455	catch	32671	n/a	catch_padded.jpg	photodiode	0
2588.33	0.0	2588330	response	7	n/a	n/a	trigger	0
2589.457	0.5	2589457	untrained	32700	67	memtrain/o_378_1.jpg	photodiode	1
2590.408	0.5	2590408	untrained	32684	83	memtrain/so_105_1.jpg	photodiode	1
2591.209	0.5	2591209	untrained	32716	51	memtrain/o_103_2.jpg	photodiode	1
2592.009	0.5	2592009	trained	32739	28	memtrain/o_397_1.jpg	photodiode	1
2592.76	0.5	2592760	untrained	32685	82	memtrain/o_656_1.jpg	photodiode	1
2593.511	0.5	2593511	catch	32671	n/a	catch_padded.jpg	photodiode	0
2594.021	0.0	2594021	response	7	n/a	n/a	trigger	0
2595.612	0.5	2595612	untrained	32708	59	memtrain/o_201_2.jpg	photodiode	1
2596.505	0.5	2596505	trained	32731	36	memtrain/o_583_1.jpg	photodiode	1
2597.456	0.5	2597456	trained	32759	8	memtrain/o_094_1.jpg	photodiode	1
2598.306	0.5	2598306	untrained	32707	60	memtrain/o_228_2.jpg	photodiode	1
2599.207	0.5	2599207	untrained	32677	90	memtrain/o_580_1.jpg	photodiode	1
2600.016	0.5	2600016	catch	32671	n/a	catch_padded.jpg	photodiode	0
2600.515	0.0	2600515	response	7	n/a	n/a	trigger	0
2602.009	0.5	2602009	trained	32746	21	memtrain/o_319_1.jpg	photodiode	1
2602.76	0.5	2602760	trained	32747	20	memtrain/o_290_1.jpg	photodiode	1
2603.661	0.5	2603661	untrained	32678	89	memtrain/o_469_1.jpg	photodiode	1
2604.612	0.5	2604612	untrained	32672	95	memtrain/so_125_1.jpg	photodiode	1
2605.462	0.5	2605462	catch	32671	n/a	catch_padded.jpg	photodiode	0
2606.176	0.0	2606176	response	7	n/a	n/a	trigger	0
2607.414	0.5	2607414	trained	32752	15	memtrain/o_195_1.jpg	photodiode	1
2608.165	0.5	2608165	trained	32763	4	memtrain/o_042_1.jpg	photodiode	1
2608.965	0.5	2608965	trained	32727	40	memtrain/o_648_2.jpg	photodiode	1
2609.866	0.5	2609866	untrained	32704	63	memtrain/o_310_2.jpg	photodiode	1
2610.817	0.5	2610817	trained	32754	13	memtrain/o_136_1.jpg	photodiode	1
2611.668	0.5	2611668	catch	32671	n/a	catch_padded.jpg	photodiode	0
2612.083	0.0	2612083	response	7	n/a	n/a	trigger	0
2613.569	0.5	2613569	untrained	32679	88	memtrain/o_458_1.jpg	photodiode	1
2614.37	0.5	2614370	untrained	32697	70	memtrain/o_471_2.jpg	photodiode	1
2615.221	0.5	2615221	trained	32738	29	memtrain/o_416_1.jpg	photodiode	1
2616.071	0.5	2616071	trained	32767	0	memtrain/o_006_1.jpg	photodiode	1
2616.922	0.5	2616922	untrained	32695	72	memtrain/o_490_1.jpg	photodiode	1
2617.823	0.5	2617823	catch	32671	n/a	catch_padded.jpg	photodiode	0
2618.294	0.0	2618294	response	7	n/a	n/a	trigger	0
2619.725	0.5	2619725	trained	32758	9	memtrain/o_101_2.jpg	photodiode	1
2620.625	0.5	2620625	untrained	32675	92	memtrain/so_033_1.jpg	photodiode	1
2621.576	0.5	2621576	untrained	32694	73	memtrain/o_519_2.jpg	photodiode	1
2622.377	0.5	2622377	catch	32671	n/a	catch_padded.jpg	photodiode	0
2622.895	0.0	2622895	response	7	n/a	n/a	trigger	0
2624.278	0.5	2624278	trained	32734	33	memtrain/o_536_1.jpg	photodiode	1
2625.079	0.5	2625079	untrained	32683	84	memtrain/so_117_2.jpg	photodiode	1
2625.971	0.5	2625971	untrained	32674	93	memtrain/so_035_1.jpg	photodiode	1
2626.78	0.5	2626780	catch	32671	n/a	catch_padded.jpg	photodiode	0
2627.336	0.0	2627336	response	7	n/a	n/a	trigger	0
2628.732	0.5	2628732	trained	32722	45	memtrain/so_090_2.jpg	photodiode	1
2629.574	0.5	2629574	trained	32745	22	memtrain/o_321_1.jpg	photodiode	1
2630.425	0.5	2630425	untrained	32685	82	memtrain/o_656_1.jpg	photodiode	1
2631.176	0.5	2631176	catch	32671	n/a	catch_padded.jpg	photodiode	0
2631.57	0.0	2631570	response	7	n/a	n/a	trigger	0
2633.278	0.5	2633278	untrained	32699	68	memtrain/o_393_1.jpg	photodiode	1
2634.078	0.5	2634078	untrained	32688	79	memtrain/o_600_1.jpg	photodiode	1
2634.829	0.5	2634829	untrained	32717	50	memtrain/o_057_2.jpg	photodiode	1
2635.78	0.5	2635780	untrained	32701	66	memtrain/o_342_2.jpg	photodiode	1
2636.58	0.5	2636580	untrained	32687	80	memtrain/o_613_1.jpg	photodiode	1
2637.331	0.5	2637331	catch	32671	n/a	catch_padded.jpg	photodiode	0
2637.742	0.0	2637742	response	7	n/a	n/a	trigger	0
2639.433	0.5	2639433	untrained	32700	67	memtrain/o_378_1.jpg	photodiode	1
2640.183	0.5	2640183	trained	32739	28	memtrain/o_397_1.jpg	photodiode	1
2640.984	0.5	2640984	untrained	32696	71	memtrain/o_483_1.jpg	photodiode	1
2641.835	0.5	2641835	trained	32751	16	memtrain/o_199_2.jpg	photodiode	1
2642.686	0.5	2642686	catch	32671	n/a	catch_padded.jpg	photodiode	0
2643.134	0.0	2643134	response	7	n/a	n/a	trigger	0
2644.737	0.5	2644737	untrained	32683	84	memtrain/so_117_2.jpg	photodiode	1
2645.638	0.5	2645638	trained	32750	17	memtrain/o_232_1.jpg	photodiode	1
2646.489	0.5	2646489	trained	32743	24	memtrain/o_357_1.jpg	photodiode	1
2647.39	0.5	2647390	catch	32671	n/a	catch_padded.jpg	photodiode	0
2647.886	0.0	2647886	response	7	n/a	n/a	trigger	0
2649.491	0.5	2649491	untrained	32719	48	memtrain/o_019_2.jpg	photodiode	1
2650.292	0.5	2650292	untrained	32681	86	memtrain/o_288_1.jpg	photodiode	1
2651.143	0.5	2651143	trained	32744	23	memtrain/o_338_2.jpg	photodiode	1
2651.943	0.5	2651943	untrained	32689	78	memtrain/o_599_1.jpg	photodiode	1
2652.744	0.5	2652744	untrained	32672	95	memtrain/so_125_1.jpg	photodiode	1
2653.587	0.5	2653587	catch	32671	n/a	catch_padded.jpg	photodiode	0
2654.048	0.0	2654048	response	7	n/a	n/a	trigger	0
2655.596	0.5	2655596	untrained	32676	91	memtrain/o_605_1.jpg	photodiode	1
2656.389	0.5	2656389	untrained	32698	69	memtrain/o_464_2.jpg	photodiode	1
2657.34	0.5	2657340	trained	32756	11	memtrain/o_117_2.jpg	photodiode	1
2658.249	0.5	2658249	untrained	32682	85	memtrain/o_218_1.jpg	photodiode	1
2659.091	0.5	2659091	trained	32727	40	memtrain/o_648_2.jpg	photodiode	1
2660.042	0.5	2660042	catch	32671	n/a	catch_padded.jpg	photodiode	0
2660.664	0.0	2660664	response	7	n/a	n/a	trigger	0
2662.094	0.5	2662094	trained	32754	13	memtrain/o_136_1.jpg	photodiode	1
2662.944	0.5	2662944	trained	32728	39	memtrain/o_606_1.jpg	photodiode	1
2663.895	0.5	2663895	trained	32766	1	memtrain/o_015_1.jpg	photodiode	1
2664.646	0.5	2664646	catch	32671	n/a	catch_padded.jpg	photodiode	0
2665.393	0.0	2665393	response	7	n/a	n/a	trigger	0
2666.748	0.5	2666748	trained	32758	9	memtrain/o_101_2.jpg	photodiode	1
2667.598	0.5	2667598	trained	32734	33	memtrain/o_536_1.jpg	photodiode	1
2668.399	0.5	2668399	untrained	32713	54	memtrain/o_145_1.jpg	photodiode	1
2669.2	0.5	2669200	catch	32671	n/a	catch_padded.jpg	photodiode	0
2670.536	0.0	2670536	response	7	n/a	n/a	trigger	0
2671.101	0.5	2671101	trained	32752	15	memtrain/o_195_1.jpg	photodiode	1
2671.852	0.5	2671852	trained	32737	30	memtrain/o_437_2.jpg	photodiode	1
2672.803	0.5	2672803	untrained	32674	93	memtrain/so_035_1.jpg	photodiode	1
2673.754	0.5	2673754	trained	32732	35	memtrain/o_561_2.jpg	photodiode	1
2674.504	0.5	2674504	untrained	32675	92	memtrain/so_033_1.jpg	photodiode	1
2675.255	0.5	2675255	catch	32671	n/a	catch_padded.jpg	photodiode	0
2675.669	0.0	2675669	response	7	n/a	n/a	trigger	0
2677.157	0.5	2677157	untrained	32686	81	memtrain/o_655_2.jpg	photodiode	1
2677.957	0.5	2677957	trained	32763	4	memtrain/o_042_1.jpg	photodiode	1
2678.908	0.5	2678908	trained	32759	8	memtrain/o_094_1.jpg	photodiode	1
2679.809	0.5	2679809	catch	32671	n/a	catch_padded.jpg	photodiode	0
2680.405	0.0	2680405	response	7	n/a	n/a	trigger	0
2681.852	0.5	2681852	untrained	32715	52	memtrain/o_141_1.jpg	photodiode	1
2682.653	0.5	2682653	trained	32755	12	memtrain/o_127_2.jpg	photodiode	1
2683.462	0.5	2683462	untrained	32695	72	memtrain/o_490_1.jpg	photodiode	1
2684.213	0.5	2684213	trained	32764	3	memtrain/o_040_2.jpg	photodiode	1
2684.963	0.5	2684963	catch	32671	n/a	catch_padded.jpg	photodiode	0
2685.387	0.0	2685387	response	7	n/a	n/a	trigger	0
2687.015	0.5	2687015	trained	32740	27	memtrain/o_379_2.jpg	photodiode	1
2687.957	0.5	2687957	untrained	32679	88	memtrain/o_458_1.jpg	photodiode	1
2688.908	0.5	2688908	untrained	32703	64	memtrain/o_334_2.jpg	photodiode	1
2689.809	0.5	2689809	trained	32724	43	memtrain/so_043_2.jpg	photodiode	1
2690.76	0.5	2690760	untrained	32718	49	memtrain/o_054_2.jpg	photodiode	1
2691.66	0.5	2691660	catch	32671	n/a	catch_padded.jpg	photodiode	0
2692.024	0.0	2692024	response	7	n/a	n/a	trigger	0
2693.762	0.5	2693762	trained	32733	34	memtrain/o_558_2.jpg	photodiode	1
2694.713	0.5	2694713	untrained	32673	94	memtrain/so_067_1.jpg	photodiode	1
2695.464	0.5	2695464	untrained	32691	76	memtrain/o_570_1.jpg	photodiode	1
2696.414	0.5	2696414	trained	32746	21	memtrain/o_319_1.jpg	photodiode	1
2697.265	0.5	2697265	untrained	32677	90	memtrain/o_580_1.jpg	photodiode	1
2698.166	0.5	2698166	catch	32671	n/a	catch_padded.jpg	photodiode	0
2698.77	0.0	2698770	response	7	n/a	n/a	trigger	0
2700.218	0.5	2700218	trained	32721	46	memtrain/so_113_1.jpg	photodiode	1
2701.168	0.5	2701168	trained	32723	44	memtrain/so_045_1.jpg	photodiode	1
2701.969	0.5	2701969	trained	32757	10	memtrain/o_111_2.jpg	photodiode	1
2702.87	0.5	2702870	trained	32731	36	memtrain/o_583_1.jpg	photodiode	1
2703.771	0.5	2703771	catch	32671	n/a	catch_padded.jpg	photodiode	0
2704.187	0.0	2704187	response	7	n/a	n/a	trigger	0
2705.672	0.5	2705672	untrained	32712	55	memtrain/o_153_2.jpg	photodiode	1
2706.473	0.5	2706473	trained	32748	19	memtrain/o_284_2.jpg	photodiode	1
2707.274	0.5	2707274	trained	32722	45	memtrain/so_090_2.jpg	photodiode	1
2708.074	0.5	2708074	catch	32671	n/a	catch_padded.jpg	photodiode	0
2708.549	0.0	2708549	response	7	n/a	n/a	trigger	0
2710.076	0.5	2710076	trained	32760	7	memtrain/o_091_2.jpg	photodiode	1
2710.877	0.5	2710877	untrained	32714	53	memtrain/o_142_2.jpg	photodiode	1
2711.719	0.5	2711719	untrained	32704	63	memtrain/o_310_2.jpg	photodiode	1
2712.628	0.5	2712628	trained	32742	25	memtrain/o_358_2.jpg	photodiode	1
2713.529	0.5	2713529	catch	32671	n/a	catch_padded.jpg	photodiode	0
2714.028	0.0	2714028	response	7	n/a	n/a	trigger	0
2715.431	0.5	2715431	trained	32741	26	memtrain/o_376_1.jpg	photodiode	1
2716.181	0.5	2716181	trained	32767	0	memtrain/o_006_1.jpg	photodiode	1
2717.124	0.5	2717124	trained	32762	5	memtrain/o_067_1.jpg	photodiode	1
2717.924	0.5	2717924	catch	32671	n/a	catch_padded.jpg	photodiode	0
2718.289	0.0	2718289	response	7	n/a	n/a	trigger	0
2719.976	0.5	2719976	trained	32738	29	memtrain/o_416_1.jpg	photodiode	1
2720.927	0.5	2720927	trained	32735	32	memtrain/o_485_2.jpg	photodiode	1
2721.878	0.5	2721878	untrained	32709	58	memtrain/o_192_1.jpg	photodiode	1
2722.678	0.5	2722678	trained	32765	2	memtrain/o_035_1.jpg	photodiode	1
2723.429	0.5	2723429	catch	32671	n/a	catch_padded.jpg	photodiode	0
2723.793	0.0	2723793	response	7	n/a	n/a	trigger	0
2725.531	0.5	2725531	trained	32736	31	memtrain/o_465_2.jpg	photodiode	1
2726.382	0.5	2726382	untrained	32680	87	memtrain/o_365_1.jpg	photodiode	1
2727.132	0.5	2727132	untrained	32678	89	memtrain/o_469_1.jpg	photodiode	1
2727.933	0.5	2727933	catch	32671	n/a	catch_padded.jpg	photodiode	0
2728.358	0.0	2728358	response	7	n/a	n/a	trigger	0
2729.985	0.5	2729985	trained	32720	47	memtrain/so_147_2.jpg	photodiode	1
2730.935	0.5	2730935	untrained	32702	65	memtrain/o_337_2.jpg	photodiode	1
2731.686	0.5	2731686	trained	32730	37	memtrain/o_597_1.jpg	photodiode	1
2732.437	0.5	2732437	untrained	32706	61	memtrain/o_298_2.jpg	photodiode	1
2733.187	0.5	2733187	catch	32671	n/a	catch_padded.jpg	photodiode	0
2733.597	0.0	2733597	response	7	n/a	n/a	trigger	0
2735.089	0.5	2735089	untrained	32697	70	memtrain/o_471_2.jpg	photodiode	1
2736.04	0.5	2736040	untrained	32707	60	memtrain/o_228_2.jpg	photodiode	1
2736.941	0.5	2736941	untrained	32708	59	memtrain/o_201_2.jpg	photodiode	1
2737.841	0.5	2737841	catch	32671	n/a	catch_padded.jpg	photodiode	0
2738.283	0.0	2738283	response	7	n/a	n/a	trigger	0
2739.793	0.5	2739793	untrained	32705	62	memtrain/o_304_1.jpg	photodiode	1
2740.694	0.5	2740694	untrained	32690	77	memtrain/o_574_2.jpg	photodiode	1
2741.494	0.5	2741494	untrained	32716	51	memtrain/o_103_2.jpg	photodiode	1
2742.345	0.5	2742345	trained	32745	22	memtrain/o_321_1.jpg	photodiode	1
2743.096	0.5	2743096	catch	32671	n/a	catch_padded.jpg	photodiode	0
2743.443	0.0	2743443	response	7	n/a	n/a	trigger	0
2744.997	0.5	2744997	untrained	32694	73	memtrain/o_519_2.jpg	photodiode	1
2745.94	0.5	2745940	trained	32725	42	memtrain/so_034_2.jpg	photodiode	1
2746.84	0.5	2746840	trained	32753	14	memtrain/o_174_1.jpg	photodiode	1
2747.791	0.5	2747791	trained	32729	38	memtrain/o_603_1.jpg	photodiode	1
2748.642	0.5	2748642	catch	32671	n/a	catch_padded.jpg	photodiode	0
2749.028	0.0	2749028	response	7	n/a	n/a	trigger	0
2750.694	0.5	2750694	untrained	32711	56	memtrain/o_163_2.jpg	photodiode	1
2751.494	0.5	2751494	trained	32726	41	memtrain/o_663_2.jpg	photodiode	1
2752.395	0.5	2752395	trained	32761	6	memtrain/o_076_1.jpg	photodiode	1
2753.246	0.5	2753246	trained	32749	18	memtrain/o_264_2.jpg	photodiode	1
2753.997	0.5	2753997	untrained	32684	83	memtrain/so_105_1.jpg	photodiode	1
2754.847	0.5	2754847	catch	32671	n/a	catch_padded.jpg	photodiode	0
2755.229	0.0	2755229	response	7	n/a	n/a	trigger	0
2756.949	0.5	2756949	untrained	32692	75	memtrain/o_564_1.jpg	photodiode	1
2757.7	0.5	2757700	untrained	32710	57	memtrain/o_171_1.jpg	photodiode	1
2758.55	0.5	2758550	trained	32747	20	memtrain/o_290_1.jpg	photodiode	1
2759.351	0.5	2759351	untrained	32693	74	memtrain/o_550_1.jpg	photodiode	1
2760.302	0.5	2760302	catch	32671	n/a	catch_padded.jpg	photodiode	0
2760.75	0.0	2760750	response	7	n/a	n/a	trigger	0
2762.775	0.0	2762775	block_end	120	n/a	n/a	trigger	0
2805.865	0.0	2805865	response	7	n/a	n/a	trigger	0
2805.87	0.0	2805870	block_onset	111	n/a	n/a	trigger	0
2807.926	0.5	2807926	untrained	32674	93	memtrain/so_035_1.jpg	photodiode	1
2808.676	0.5	2808676	untrained	32708	59	memtrain/o_201_2.jpg	photodiode	1
2809.627	0.5	2809627	trained	32750	17	memtrain/o_232_1.jpg	photodiode	1
2810.578	0.5	2810578	untrained	32712	55	memtrain/o_153_2.jpg	photodiode	1
2811.32	0.5	2811320	trained	32735	32	memtrain/o_485_2.jpg	photodiode	1
2812.179	0.5	2812179	catch	32671	n/a	catch_padded.jpg	photodiode	0
2812.566	0.0	2812566	response	7	n/a	n/a	trigger	0
2814.131	0.5	2814131	trained	32753	14	memtrain/o_174_1.jpg	photodiode	1
2814.873	0.5	2814873	untrained	32701	66	memtrain/o_342_2.jpg	photodiode	1
2815.774	0.5	2815774	trained	32758	9	memtrain/o_101_2.jpg	photodiode	1
2816.675	0.5	2816675	untrained	32716	51	memtrain/o_103_2.jpg	photodiode	1
2817.425	0.5	2817425	untrained	32672	95	memtrain/so_125_1.jpg	photodiode	1
2818.276	0.5	2818276	catch	32671	n/a	catch_padded.jpg	photodiode	0
2818.69	0.0	2818690	response	7	n/a	n/a	trigger	0
2820.178	0.5	2820178	trained	32745	22	memtrain/o_321_1.jpg	photodiode	1
2821.029	0.5	2821029	untrained	32695	72	memtrain/o_490_1.jpg	photodiode	1
2821.829	0.5	2821829	untrained	32688	79	memtrain/o_600_1.jpg	photodiode	1
2822.78	0.5	2822780	catch	32671	n/a	catch_padded.jpg	photodiode	0
2823.231	0.0	2823231	response	7	n/a	n/a	trigger	0
2824.832	0.5	2824832	untrained	32681	86	memtrain/o_288_1.jpg	photodiode	1
2825.682	0.5	2825682	untrained	32686	81	memtrain/o_655_2.jpg	photodiode	1
2826.483	0.5	2826483	trained	32727	40	memtrain/o_648_2.jpg	photodiode	1
2827.284	0.5	2827284	untrained	32687	80	memtrain/o_613_1.jpg	photodiode	1
2828.235	0.5	2828235	catch	32671	n/a	catch_padded.jpg	photodiode	0
2828.719	0.0	2828719	response	7	n/a	n/a	trigger	0
2830.186	0.5	2830186	untrained	32683	84	memtrain/so_117_2.jpg	photodiode	1
2831.137	0.5	2831137	trained	32740	27	memtrain/o_379_2.jpg	photodiode	1
2831.888	0.5	2831888	untrained	32714	53	memtrain/o_142_2.jpg	photodiode	1
2832.839	0.5	2832839	catch	32671	n/a	catch_padded.jpg	photodiode	0
2833.301	0.0	2833301	response	7	n/a	n/a	trigger	0
2834.94	0.5	2834940	trained	32748	19	memtrain/o_284_2.jpg	photodiode	1
2835.791	0.5	2835791	trained	32766	1	memtrain/o_015_1.jpg	photodiode	1
2836.642	0.5	2836642	untrained	32719	48	memtrain/o_019_2.jpg	photodiode	1
2837.492	0.5	2837492	trained	32721	46	memtrain/so_113_1.jpg	photodiode	1
2838.293	0.5	2838293	trained	32763	4	memtrain/o_042_1.jpg	photodiode	1
2839.194	0.5	2839194	catch	32671	n/a	catch_padded.jpg	photodiode	0
2839.681	0.0	2839681	response	7	n/a	n/a	trigger	0
2841.196	0.5	2841196	trained	32754	13	memtrain/o_136_1.jpg	photodiode	1
2842.038	0.5	2842038	untrained	32703	64	memtrain/o_334_2.jpg	photodiode	1
2842.889	0.5	2842889	untrained	32710	57	memtrain/o_171_1.jpg	photodiode	1
2843.839	0.5	2843839	untrained	32693	74	memtrain/o_550_1.jpg	photodiode	1
2844.79	0.5	2844790	catch	32671	n/a	catch_padded.jpg	photodiode	0
2845.19	0.0	2845190	response	7	n/a	n/a	trigger	0
2846.75	0.5	2846750	untrained	32678	89	memtrain/o_469_1.jpg	photodiode	1
2847.643	0.5	2847643	untrained	32715	52	memtrain/o_141_1.jpg	photodiode	1
2848.443	0.5	2848443	trained	32752	15	memtrain/o_195_1.jpg	photodiode	1
2849.294	0.5	2849294	trained	32759	8	memtrain/o_094_1.jpg	photodiode	1
2850.145	0.5	2850145	trained	32729	38	memtrain/o_603_1.jpg	photodiode	1
2851.096	0.5	2851096	catch	32671	n/a	catch_padded.jpg	photodiode	0
2851.6	0.0	2851600	response	7	n/a	n/a	trigger	0
2853.197	0.5	2853197	untrained	32697	70	memtrain/o_471_2.jpg	photodiode	1
2854.048	0.5	2854048	untrained	32713	54	memtrain/o_145_1.jpg	photodiode	1
2854.999	0.5	2854999	trained	32741	26	memtrain/o_376_1.jpg	photodiode	1
2855.95	0.5	2855950	trained	32732	35	memtrain/o_561_2.jpg	photodiode	1
2856.75	0.5	2856750	trained	32730	37	memtrain/o_597_1.jpg	photodiode	1
2857.601	0.5	2857601	catch	32671	n/a	catch_padded.jpg	photodiode	0
2857.993	0.0	2857993	response	7	n/a	n/a	trigger	0
2859.703	0.5	2859703	untrained	32677	90	memtrain/o_580_1.jpg	photodiode	1
2860.604	0.5	2860604	trained	32720	47	memtrain/so_147_2.jpg	photodiode	1
2861.554	0.5	2861554	untrained	32694	73	memtrain/o_519_2.jpg	photodiode	1
2862.405	0.5	2862405	catch	32671	n/a	catch_padded.jpg	photodiode	0
2862.929	0.0	2862929	response	7	n/a	n/a	trigger	0
2864.457	0.5	2864457	trained	32728	39	memtrain/o_606_1.jpg	photodiode	1
2865.258	0.5	2865258	trained	32764	3	memtrain/o_040_2.jpg	photodiode	1
2866.208	0.5	2866208	untrained	32707	60	memtrain/o_228_2.jpg	photodiode	1
2867.159	0.5	2867159	trained	32742	25	memtrain/o_358_2.jpg	photodiode	1
2868.01	0.5	2868010	trained	32746	21	memtrain/o_319_1.jpg	photodiode	1
2868.761	0.5	2868761	catch	32671	n/a	catch_padded.jpg	photodiode	0
2869.13	0.0	2869130	response	7	n/a	n/a	trigger	0
2870.712	0.5	2870712	trained	32751	16	memtrain/o_199_2.jpg	photodiode	1
2871.555	0.5	2871555	untrained	32700	67	memtrain/o_378_1.jpg	photodiode	1
2872.514	0.5	2872514	trained	32723	44	memtrain/so_045_1.jpg	photodiode	1
2873.306	0.5	2873306	trained	32761	6	memtrain/o_076_1.jpg	photodiode	1
2874.057	0.5	2874057	catch	32671	n/a	catch_padded.jpg	photodiode	0
2874.48	0.0	2874480	response	7	n/a	n/a	trigger	0
2876.159	0.5	2876159	untrained	32679	88	memtrain/o_458_1.jpg	photodiode	1
2877.009	0.5	2877009	untrained	32717	50	memtrain/o_057_2.jpg	photodiode	1
2877.91	0.5	2877910	trained	32757	10	memtrain/o_111_2.jpg	photodiode	1
2878.861	0.5	2878861	trained	32744	23	memtrain/o_338_2.jpg	photodiode	1
2879.762	0.5	2879762	catch	32671	n/a	catch_padded.jpg	photodiode	0
2880.139	0.0	2880139	response	7	n/a	n/a	trigger	0
2881.813	0.5	2881813	trained	32726	41	memtrain/o_663_2.jpg	photodiode	1
2882.564	0.5	2882564	trained	32767	0	memtrain/o_006_1.jpg	photodiode	1
2883.465	0.5	2883465	trained	32722	45	memtrain/so_090_2.jpg	photodiode	1
2884.316	0.5	2884316	catch	32671	n/a	catch_padded.jpg	photodiode	0
2884.698	0.0	2884698	response	7	n/a	n/a	trigger	0
2886.267	0.5	2886267	trained	32756	11	memtrain/o_117_2.jpg	photodiode	1
2887.218	0.5	2887218	untrained	32682	85	memtrain/o_218_1.jpg	photodiode	1
2888.119	0.5	2888119	trained	32743	24	memtrain/o_357_1.jpg	photodiode	1
2888.869	0.5	2888869	trained	32724	43	memtrain/so_043_2.jpg	photodiode	1
2889.67	0.5	2889670	catch	32671	n/a	catch_padded.jpg	photodiode	0
2890.064	0.0	2890064	response	7	n/a	n/a	trigger	0
2891.572	0.5	2891572	untrained	32673	94	memtrain/so_067_1.jpg	photodiode	1
2892.372	0.5	2892372	untrained	32718	49	memtrain/o_054_2.jpg	photodiode	1
2893.123	0.5	2893123	untrained	32684	83	memtrain/so_105_1.jpg	photodiode	1
2894.024	0.5	2894024	trained	32747	20	memtrain/o_290_1.jpg	photodiode	1
2894.774	0.5	2894774	trained	32736	31	memtrain/o_465_2.jpg	photodiode	1
2895.675	0.5	2895675	catch	32671	n/a	catch_padded.jpg	photodiode	0
2896.088	0.0	2896088	response	7	n/a	n/a	trigger	0
2897.577	0.5	2897577	untrained	32676	91	memtrain/o_605_1.jpg	photodiode	1
2898.419	0.5	2898419	untrained	32702	65	memtrain/o_337_2.jpg	photodiode	1
2899.17	0.5	2899170	untrained	32692	75	memtrain/o_564_1.jpg	photodiode	1
2900.079	0.5	2900079	trained	32733	34	memtrain/o_558_2.jpg	photodiode	1
2901.021	0.5	2901021	catch	32671	n/a	catch_padded.jpg	photodiode	0
2901.486	0.0	2901486	response	7	n/a	n/a	trigger	0
2902.981	0.5	2902981	trained	32765	2	memtrain/o_035_1.jpg	photodiode	1
2903.874	0.5	2903874	untrained	32675	92	memtrain/so_033_1.jpg	photodiode	1
2904.724	0.5	2904724	trained	32760	7	memtrain/o_091_2.jpg	photodiode	1
2905.525	0.5	2905525	untrained	32698	69	memtrain/o_464_2.jpg	photodiode	1
2906.326	0.5	2906326	catch	32671	n/a	catch_padded.jpg	photodiode	0
2906.739	0.0	2906739	response	7	n/a	n/a	trigger	0
2908.227	0.5	2908227	untrained	32685	82	memtrain/o_656_1.jpg	photodiode	1
2908.978	0.5	2908978	untrained	32689	78	memtrain/o_599_1.jpg	photodiode	1
2909.729	0.5	2909729	untrained	32706	61	memtrain/o_298_2.jpg	photodiode	1
2910.479	0.5	2910479	catch	32671	n/a	catch_padded.jpg	photodiode	0
2910.899	0.0	2910899	response	7	n/a	n/a	trigger	0
2912.481	0.5	2912481	trained	32738	29	memtrain/o_416_1.jpg	photodiode	1
2913.282	0.5	2913282	untrained	32711	56	memtrain/o_163_2.jpg	photodiode	1
2914.132	0.5	2914132	untrained	32705	62	memtrain/o_304_1.jpg	photodiode	1
2915.083	0.5	2915083	untrained	32690	77	memtrain/o_574_2.jpg	photodiode	1
2915.984	0.5	2915984	trained	32737	30	memtrain/o_437_2.jpg	photodiode	1
2916.935	0.5	2916935	catch	32671	n/a	catch_padded.jpg	photodiode	0
2917.276	0.0	2917276	response	7	n/a	n/a	trigger	0
2918.986	0.5	2918986	untrained	32699	68	memtrain/o_393_1.jpg	photodiode	1
2919.837	0.5	2919837	trained	32749	18	memtrain/o_264_2.jpg	photodiode	1
2920.738	0.5	2920738	untrained	32691	76	memtrain/o_570_1.jpg	photodiode	1
2921.489	0.5	2921489	trained	32734	33	memtrain/o_536_1.jpg	photodiode	1
2922.389	0.5	2922389	catch	32671	n/a	catch_padded.jpg	photodiode	0
2922.818	0.0	2922818	response	7	n/a	n/a	trigger	0
2924.391	0.5	2924391	untrained	32704	63	memtrain/o_310_2.jpg	photodiode	1
2925.292	0.5	2925292	trained	32725	42	memtrain/so_034_2.jpg	photodiode	1
2926.042	0.5	2926042	trained	32755	12	memtrain/o_127_2.jpg	photodiode	1
2926.793	0.5	2926793	trained	32762	5	memtrain/o_067_1.jpg	photodiode	1
2927.694	0.5	2927694	catch	32671	n/a	catch_padded.jpg	photodiode	0
2928.078	0.0	2928078	response	7	n/a	n/a	trigger	0
2929.746	0.5	2929746	trained	32731	36	memtrain/o_583_1.jpg	photodiode	1
2930.638	0.5	2930638	trained	32739	28	memtrain/o_397_1.jpg	photodiode	1
2931.389	0.5	2931389	untrained	32709	58	memtrain/o_192_1.jpg	photodiode	1
2932.148	0.5	2932148	untrained	32696	71	memtrain/o_483_1.jpg	photodiode	1
2933.04	0.5	2933040	catch	32671	n/a	catch_padded.jpg	photodiode	0
2933.441	0.0	2933441	response	7	n/a	n/a	trigger	0
2935.142	0.5	2935142	untrained	32680	87	memtrain/o_365_1.jpg	photodiode	1
2935.993	0.5	2935993	trained	32746	21	memtrain/o_319_1.jpg	photodiode	1
2936.893	0.5	2936893	untrained	32684	83	memtrain/so_105_1.jpg	photodiode	1
2937.744	0.5	2937744	trained	32734	33	memtrain/o_536_1.jpg	photodiode	1
2938.545	0.5	2938545	trained	32750	17	memtrain/o_232_1.jpg	photodiode	1
2939.446	0.5	2939446	catch	32671	n/a	catch_padded.jpg	photodiode	0
2939.976	0.0	2939976	response	7	n/a	n/a	trigger	0
2941.497	0.5	2941497	trained	32730	37	memtrain/o_597_1.jpg	photodiode	1
2942.398	0.5	2942398	untrained	32677	90	memtrain/o_580_1.jpg	photodiode	1
2943.157	0.5	2943157	untrained	32709	58	memtrain/o_192_1.jpg	photodiode	1
2943.999	0.5	2943999	catch	32671	n/a	catch_padded.jpg	photodiode	0
2944.432	0.0	2944432	response	7	n/a	n/a	trigger	0
2946.001	0.5	2946001	untrained	32698	69	memtrain/o_464_2.jpg	photodiode	1
2946.752	0.5	2946752	untrained	32675	92	memtrain/so_033_1.jpg	photodiode	1
2947.703	0.5	2947703	untrained	32701	66	memtrain/o_342_2.jpg	photodiode	1
2948.653	0.5	2948653	catch	32671	n/a	catch_padded.jpg	photodiode	0
2949.048	0.0	2949048	response	7	n/a	n/a	trigger	0
2950.755	0.5	2950755	trained	32755	12	memtrain/o_127_2.jpg	photodiode	1
2951.706	0.5	2951706	untrained	32692	75	memtrain/o_564_1.jpg	photodiode	1
2952.507	0.5	2952507	trained	32758	9	memtrain/o_101_2.jpg	photodiode	1
2953.457	0.5	2953457	catch	32671	n/a	catch_padded.jpg	photodiode	0
2953.904	0.0	2953904	response	7	n/a	n/a	trigger	0
2955.359	0.5	2955359	trained	32761	6	memtrain/o_076_1.jpg	photodiode	1
2956.26	0.5	2956260	untrained	32672	95	memtrain/so_125_1.jpg	photodiode	1
2957.061	0.5	2957061	trained	32732	35	memtrain/o_561_2.jpg	photodiode	1
2957.903	0.5	2957903	trained	32731	36	memtrain/o_583_1.jpg	photodiode	1
2958.804	0.5	2958804	untrained	32704	63	memtrain/o_310_2.jpg	photodiode	1
2959.563	0.5	2959563	catch	32671	n/a	catch_padded.jpg	photodiode	0
2959.952	0.0	2959952	response	7	n/a	n/a	trigger	0
2961.614	0.5	2961614	trained	32733	34	memtrain/o_558_2.jpg	photodiode	1
2962.457	0.5	2962457	trained	32764	3	memtrain/o_040_2.jpg	photodiode	1
2963.307	0.5	2963307	trained	32753	14	memtrain/o_174_1.jpg	photodiode	1
2964.108	0.5	2964108	catch	32671	n/a	catch_padded.jpg	photodiode	0
2964.611	0.0	2964611	response	7	n/a	n/a	trigger	0
2966.11	0.5	2966110	trained	32720	47	memtrain/so_147_2.jpg	photodiode	1
2966.86	0.5	2966860	trained	32745	22	memtrain/o_321_1.jpg	photodiode	1
2967.811	0.5	2967811	untrained	32685	82	memtrain/o_656_1.jpg	photodiode	1
2968.612	0.5	2968612	catch	32671	n/a	catch_padded.jpg	photodiode	0
2969.072	0.0	2969072	response	7	n/a	n/a	trigger	0
2970.664	0.5	2970664	untrained	32708	59	memtrain/o_201_2.jpg	photodiode	1
2971.414	0.5	2971414	trained	32722	45	memtrain/so_090_2.jpg	photodiode	1
2972.265	0.5	2972265	trained	32724	43	memtrain/so_043_2.jpg	photodiode	1
2973.216	0.5	2973216	untrained	32711	56	memtrain/o_163_2.jpg	photodiode	1
2973.966	0.5	2973966	catch	32671	n/a	catch_padded.jpg	photodiode	0
2974.373	0.0	2974373	response	7	n/a	n/a	trigger	0
2975.918	0.5	2975918	untrained	32702	65	memtrain/o_337_2.jpg	photodiode	1
2976.669	0.5	2976669	untrained	32688	79	memtrain/o_600_1.jpg	photodiode	1
2977.419	0.5	2977419	untrained	32705	62	memtrain/o_304_1.jpg	photodiode	1
2978.22	0.5	2978220	untrained	32686	81	memtrain/o_655_2.jpg	photodiode	1
2978.971	0.5	2978971	catch	32671	n/a	catch_padded.jpg	photodiode	0
2979.408	0.0	2979408	response	7	n/a	n/a	trigger	0
2980.922	0.5	2980922	trained	32740	27	memtrain/o_379_2.jpg	photodiode	1
2981.723	0.5	2981723	untrained	32716	51	memtrain/o_103_2.jpg	photodiode	1
2982.474	0.5	2982474	trained	32736	31	memtrain/o_465_2.jpg	photodiode	1
2983.274	0.5	2983274	catch	32671	n/a	catch_padded.jpg	photodiode	0
2983.702	0.0	2983702	response	7	n/a	n/a	trigger	0
2985.276	0.5	2985276	untrained	32681	86	memtrain/o_288_1.jpg	photodiode	1
2986.127	0.5	2986127	untrained	32683	84	memtrain/so_117_2.jpg	photodiode	1
2986.927	0.5	2986927	untrained	32714	53	memtrain/o_142_2.jpg	photodiode	1
2987.82	0.5	2987820	catch	32671	n/a	catch_padded.jpg	photodiode	0
2988.291	0.0	2988291	response	7	n/a	n/a	trigger	0
2989.772	0.5	2989772	trained	32739	28	memtrain/o_397_1.jpg	photodiode	1
2990.672	0.5	2990672	trained	32754	13	memtrain/o_136_1.jpg	photodiode	1
2991.623	0.5	2991623	untrained	32674	93	memtrain/so_035_1.jpg	photodiode	1
2992.474	0.5	2992474	trained	32741	26	memtrain/o_376_1.jpg	photodiode	1
2993.425	0.5	2993425	catch	32671	n/a	catch_padded.jpg	photodiode	0
2993.873	0.0	2993873	response	7	n/a	n/a	trigger	0
2995.426	0.5	2995426	trained	32749	18	memtrain/o_264_2.jpg	photodiode	1
2996.377	0.5	2996377	untrained	32697	70	memtrain/o_471_2.jpg	photodiode	1
2997.228	0.5	2997228	untrained	32679	88	memtrain/o_458_1.jpg	photodiode	1
2998.029	0.5	2998029	untrained	32673	94	memtrain/so_067_1.jpg	photodiode	1
2998.779	0.5	2998779	trained	32725	42	memtrain/so_034_2.jpg	photodiode	1
2999.63	0.5	2999630	catch	32671	n/a	catch_padded.jpg	photodiode	0
3000.003	0.0	3000003	response	7	n/a	n/a	trigger	0
3001.682	0.5	3001682	untrained	32676	91	memtrain/o_605_1.jpg	photodiode	1
3002.582	0.5	3002582	trained	32757	10	memtrain/o_111_2.jpg	photodiode	1
3003.383	0.5	3003383	trained	32743	24	memtrain/o_357_1.jpg	photodiode	1
3004.134	0.5	3004134	trained	32752	15	memtrain/o_195_1.jpg	photodiode	1
3004.884	0.5	3004884	trained	32742	25	memtrain/o_358_2.jpg	photodiode	1
3005.835	0.5	3005835	catch	32671	n/a	catch_padded.jpg	photodiode	0
3006.342	0.0	3006342	response	7	n/a	n/a	trigger	0
3007.837	0.5	3007837	trained	32760	7	memtrain/o_091_2.jpg	photodiode	1
3008.738	0.5	3008738	untrained	32691	76	memtrain/o_570_1.jpg	photodiode	1
3009.488	0.5	3009488	trained	32751	16	memtrain/o_199_2.jpg	photodiode	1
3010.239	0.5	3010239	untrained	32717	50	memtrain/o_057_2.jpg	photodiode	1
3010.99	0.5	3010990	catch	32671	n/a	catch_padded.jpg	photodiode	0
3011.428	0.0	3011428	response	7	n/a	n/a	trigger	0
3012.891	0.5	3012891	untrained	32690	77	memtrain/o_574_2.jpg	photodiode	1
3013.692	0.5	3013692	untrained	32689	78	memtrain/o_599_1.jpg	photodiode	1
3014.593	0.5	3014593	untrained	32696	71	memtrain/o_483_1.jpg	photodiode	1
3015.393	0.5	3015393	catch	32671	n/a	catch_padded.jpg	photodiode	0
3015.848	0.0	3015848	response	7	n/a	n/a	trigger	0
3017.445	0.5	3017445	trained	32747	20	memtrain/o_290_1.jpg	photodiode	1
3018.237	0.5	3018237	untrained	32680	87	memtrain/o_365_1.jpg	photodiode	1
3019.146	0.5	3019146	trained	32723	44	memtrain/so_045_1.jpg	photodiode	1
3019.889	0.5	3019889	catch	32671	n/a	catch_padded.jpg	photodiode	0
3020.303	0.0	3020303	response	7	n/a	n/a	trigger	0
3021.94	0.5	3021940	trained	32765	2	memtrain/o_035_1.jpg	photodiode	1
3022.891	0.5	3022891	untrained	32695	72	memtrain/o_490_1.jpg	photodiode	1
3023.692	0.5	3023692	trained	32721	46	memtrain/so_113_1.jpg	photodiode	1
3024.643	0.5	3024643	catch	32671	n/a	catch_padded.jpg	photodiode	0
3025.109	0.0	3025109	response	7	n/a	n/a	trigger	0
3026.594	0.5	3026594	untrained	32703	64	memtrain/o_334_2.jpg	photodiode	1
3027.345	0.5	3027345	untrained	32687	80	memtrain/o_613_1.jpg	photodiode	1
3028.096	0.5	3028096	untrained	32713	54	memtrain/o_145_1.jpg	photodiode	1
3028.896	0.5	3028896	trained	32767	0	memtrain/o_006_1.jpg	photodiode	1
3029.847	0.5	3029847	trained	32726	41	memtrain/o_663_2.jpg	photodiode	1
3030.648	0.5	3030648	catch	32671	n/a	catch_padded.jpg	photodiode	0
3031.066	0.0	3031066	response	7	n/a	n/a	trigger	0
3032.7	0.5	3032700	trained	32737	30	memtrain/o_437_2.jpg	photodiode	1
3033.6	0.5	3033600	trained	32762	5	memtrain/o_067_1.jpg	photodiode	1
3034.551	0.5	3034551	untrained	32712	55	memtrain/o_153_2.jpg	photodiode	1
3035.302	0.5	3035302	untrained	32706	61	memtrain/o_298_2.jpg	photodiode	1
3036.152	0.5	3036152	untrained	32707	60	memtrain/o_228_2.jpg	photodiode	1
3036.903	0.5	3036903	catch	32671	n/a	catch_padded.jpg	photodiode	0
3037.278	0.0	3037278	response	7	n/a	n/a	trigger	0
3038.955	0.5	3038955	untrained	32678	89	memtrain/o_469_1.jpg	photodiode	1
3039.906	0.5	3039906	trained	32759	8	memtrain/o_094_1.jpg	photodiode	1
3040.756	0.5	3040756	untrained	32718	49	memtrain/o_054_2.jpg	photodiode	1
3041.707	0.5	3041707	trained	32727	40	memtrain/o_648_2.jpg	photodiode	1
3042.508	0.5	3042508	trained	32738	29	memtrain/o_416_1.jpg	photodiode	1
3043.359	0.5	3043359	catch	32671	n/a	catch_padded.jpg	photodiode	0
3043.782	0.0	3043782	response	7	n/a	n/a	trigger	0
3045.31	0.5	3045310	trained	32766	1	memtrain/o_015_1.jpg	photodiode	1
3046.211	0.5	3046211	trained	32748	19	memtrain/o_284_2.jpg	photodiode	1
3047.062	0.5	3047062	trained	32729	38	memtrain/o_603_1.jpg	photodiode	1
3047.862	0.5	3047862	catch	32671	n/a	catch_padded.jpg	photodiode	0
3048.329	0.0	3048329	response	7	n/a	n/a	trigger	0
3049.856	0.5	3049856	trained	32735	32	memtrain/o_485_2.jpg	photodiode	1
3050.657	0.5	3050657	trained	32763	4	memtrain/o_042_1.jpg	photodiode	1
3051.607	0.5	3051607	untrained	32719	48	memtrain/o_019_2.jpg	photodiode	1
3052.408	0.5	3052408	untrained	32693	74	memtrain/o_550_1.jpg	photodiode	1
3053.259	0.5	3053259	untrained	32700	67	memtrain/o_378_1.jpg	photodiode	1
3054.009	0.5	3054009	catch	32671	n/a	catch_padded.jpg	photodiode	0
3054.393	0.0	3054393	response	7	n/a	n/a	trigger	0
3056.069	0.5	3056069	trained	32756	11	memtrain/o_117_2.jpg	photodiode	1
3056.862	0.5	3056862	untrained	32710	57	memtrain/o_171_1.jpg	photodiode	1
3057.713	0.5	3057713	trained	32744	23	memtrain/o_338_2.jpg	photodiode	1
3058.663	0.5	3058663	trained	32728	39	memtrain/o_606_1.jpg	photodiode	1
3059.614	0.5	3059614	catch	32671	n/a	catch_padded.jpg	photodiode	0
3060.094	0.0	3060094	response	7	n/a	n/a	trigger	0
3061.716	0.5	3061716	untrained	32682	85	memtrain/o_218_1.jpg	photodiode	1
3062.617	0.5	3062617	untrained	32715	52	memtrain/o_141_1.jpg	photodiode	1
3063.567	0.5	3063567	untrained	32694	73	memtrain/o_519_2.jpg	photodiode	1
3064.368	0.5	3064368	untrained	32699	68	memtrain/o_393_1.jpg	photodiode	1
3065.169	0.5	3065169	catch	32671	n/a	catch_padded.jpg	photodiode	0
3065.701	0.0	3065701	response	7	n/a	n/a	trigger	0
3067.643	0.0	3067643	block_end	120	n/a	n/a	trigger	0
3077.297	0.0	3077297	response	7	n/a	n/a	trigger	0
3077.308	0.0	3077308	block_onset	112	n/a	n/a	trigger	0
3079.364	0.5	3079364	trained	32728	39	memtrain/o_606_1.jpg	photodiode	1
3080.265	0.5	3080265	trained	32753	14	memtrain/o_174_1.jpg	photodiode	1
3081.116	0.5	3081116	trained	32751	16	memtrain/o_199_2.jpg	photodiode	1
3082.016	0.5	3082016	catch	32671	n/a	catch_padded.jpg	photodiode	0
3082.44	0.0	3082440	response	7	n/a	n/a	trigger	0
3084.11	0.5	3084110	untrained	32673	94	memtrain/so_067_1.jpg	photodiode	1
3084.869	0.5	3084869	trained	32757	10	memtrain/o_111_2.jpg	photodiode	1
3085.711	0.5	3085711	trained	32745	22	memtrain/o_321_1.jpg	photodiode	1
3086.612	0.5	3086612	trained	32742	25	memtrain/o_358_2.jpg	photodiode	1
3087.521	0.5	3087521	catch	32671	n/a	catch_padded.jpg	photodiode	0
3087.926	0.0	3087926	response	7	n/a	n/a	trigger	0
3089.614	0.5	3089614	untrained	32683	84	memtrain/so_117_2.jpg	photodiode	1
3090.374	0.5	3090374	trained	32733	34	memtrain/o_558_2.jpg	photodiode	1
3091.216	0.5	3091216	untrained	32686	81	memtrain/o_655_2.jpg	photodiode	1
3092.016	0.5	3092016	trained	32740	27	memtrain/o_379_2.jpg	photodiode	1
3092.767	0.5	3092767	trained	32764	3	memtrain/o_040_2.jpg	photodiode	1
3093.618	0.5	3093618	catch	32671	n/a	catch_padded.jpg	photodiode	0
3094.02	0.0	3094020	response	7	n/a	n/a	trigger	0
3095.519	0.5	3095519	trained	32720	47	memtrain/so_147_2.jpg	photodiode	1
3096.37	0.5	3096370	untrained	32687	80	memtrain/o_613_1.jpg	photodiode	1
3097.221	0.5	3097221	untrained	32714	53	memtrain/o_142_2.jpg	photodiode	1
3098.022	0.5	3098022	trained	32731	36	memtrain/o_583_1.jpg	photodiode	1
3098.972	0.5	3098972	catch	32671	n/a	catch_padded.jpg	photodiode	0
3099.363	0.0	3099363	response	7	n/a	n/a	trigger	0
3100.874	0.5	3100874	untrained	32696	71	memtrain/o_483_1.jpg	photodiode	1
3101.775	0.5	3101775	untrained	32702	65	memtrain/o_337_2.jpg	photodiode	1
3102.575	0.5	3102575	untrained	32691	76	memtrain/o_570_1.jpg	photodiode	1
3103.476	0.5	3103476	untrained	32718	49	memtrain/o_054_2.jpg	photodiode	1
3104.427	0.5	3104427	catch	32671	n/a	catch_padded.jpg	photodiode	0
3104.823	0.0	3104823	response	7	n/a	n/a	trigger	0
3106.529	0.5	3106529	untrained	32715	52	memtrain/o_141_1.jpg	photodiode	1
3107.329	0.5	3107329	trained	32736	31	memtrain/o_465_2.jpg	photodiode	1
3108.13	0.5	3108130	untrained	32684	83	memtrain/so_105_1.jpg	photodiode	1
3108.981	0.5	3108981	untrained	32708	59	memtrain/o_201_2.jpg	photodiode	1
3109.731	0.5	3109731	untrained	32706	61	memtrain/o_298_2.jpg	photodiode	1
3110.682	0.5	3110682	catch	32671	n/a	catch_padded.jpg	photodiode	0
3111.096	0.0	3111096	response	7	n/a	n/a	trigger	0
3112.784	0.5	3112784	trained	32730	37	memtrain/o_597_1.jpg	photodiode	1
3113.535	0.5	3113535	untrained	32711	56	memtrain/o_163_2.jpg	photodiode	1
3114.327	0.5	3114327	trained	32738	29	memtrain/o_416_1.jpg	photodiode	1
3115.186	0.5	3115186	trained	32723	44	memtrain/so_045_1.jpg	photodiode	1
3116.037	0.5	3116037	catch	32671	n/a	catch_padded.jpg	photodiode	0
3116.535	0.0	3116535	response	7	n/a	n/a	trigger	0
3118.089	0.5	3118089	trained	32752	15	memtrain/o_195_1.jpg	photodiode	1
3118.981	0.5	3118981	untrained	32674	93	memtrain/so_035_1.jpg	photodiode	1
3119.732	0.5	3119732	trained	32766	1	memtrain/o_015_1.jpg	photodiode	1
3120.683	0.5	3120683	catch	32671	n/a	catch_padded.jpg	photodiode	0
3121.057	0.0	3121057	response	7	n/a	n/a	trigger	0
3122.684	0.5	3122684	trained	32747	20	memtrain/o_290_1.jpg	photodiode	1
3123.435	0.5	3123435	untrained	32695	72	memtrain/o_490_1.jpg	photodiode	1
3124.236	0.5	3124236	trained	32743	24	memtrain/o_357_1.jpg	photodiode	1
3125.186	0.5	3125186	trained	32759	8	memtrain/o_094_1.jpg	photodiode	1
3126.137	0.5	3126137	trained	32737	30	memtrain/o_437_2.jpg	photodiode	1
3126.938	0.5	3126938	catch	32671	n/a	catch_padded.jpg	photodiode	0
3127.279	0.0	3127279	response	7	n/a	n/a	trigger	0
3128.839	0.5	3128839	trained	32758	9	memtrain/o_101_2.jpg	photodiode	1
3129.64	0.5	3129640	untrained	32701	66	memtrain/o_342_2.jpg	photodiode	1
3130.491	0.5	3130491	untrained	32712	55	memtrain/o_153_2.jpg	photodiode	1
3131.292	0.5	3131292	catch	32671	n/a	catch_padded.jpg	photodiode	0
3131.921	0.0	3131921	response	7	n/a	n/a	trigger	0
3133.393	0.5	3133393	trained	32739	28	memtrain/o_397_1.jpg	photodiode	1
3134.294	0.5	3134294	trained	32741	26	memtrain/o_376_1.jpg	photodiode	1
3135.195	0.5	3135195	untrained	32698	69	memtrain/o_464_2.jpg	photodiode	1
3135.996	0.5	3135996	untrained	32693	74	memtrain/o_550_1.jpg	photodiode	1
3136.846	0.5	3136846	trained	32726	41	memtrain/o_663_2.jpg	photodiode	1
3137.647	0.5	3137647	catch	32671	n/a	catch_padded.jpg	photodiode	0
3138.048	0.0	3138048	response	7	n/a	n/a	trigger	0
3139.549	0.5	3139549	untrained	32699	68	memtrain/o_393_1.jpg	photodiode	1
3140.499	0.5	3140499	untrained	32688	79	memtrain/o_600_1.jpg	photodiode	1
3141.35	0.5	3141350	trained	32735	32	memtrain/o_485_2.jpg	photodiode	1
3142.301	0.5	3142301	untrained	32697	70	memtrain/o_471_2.jpg	photodiode	1
3143.202	0.5	3143202	catch	32671	n/a	catch_padded.jpg	photodiode	0
3143.704	0.0	3143704	response	7	n/a	n/a	trigger	0
3145.153	0.5	3145153	untrained	32704	63	memtrain/o_310_2.jpg	photodiode	1
3145.996	0.5	3145996	untrained	32716	51	memtrain/o_103_2.jpg	photodiode	1
3146.946	0.5	3146946	untrained	32713	54	memtrain/o_145_1.jpg	photodiode	1
3147.797	0.5	3147797	catch	32671	n/a	catch_padded.jpg	photodiode	0
3148.242	0.0	3148242	response	7	n/a	n/a	trigger	0
3149.699	0.5	3149699	trained	32732	35	memtrain/o_561_2.jpg	photodiode	1
3150.599	0.5	3150599	untrained	32717	50	memtrain/o_057_2.jpg	photodiode	1
3151.45	0.5	3151450	trained	32729	38	memtrain/o_603_1.jpg	photodiode	1
3152.201	0.5	3152201	catch	32671	n/a	catch_padded.jpg	photodiode	0
3153.164	0.0	3153164	response	7	n/a	n/a	trigger	0
3154.303	0.5	3154303	untrained	32681	86	memtrain/o_288_1.jpg	photodiode	1
3155.053	0.5	3155053	untrained	32678	89	memtrain/o_469_1.jpg	photodiode	1
3156.004	0.5	3156004	trained	32725	42	memtrain/so_034_2.jpg	photodiode	1
3156.855	0.5	3156855	catch	32671	n/a	catch_padded.jpg	photodiode	0
3157.273	0.0	3157273	response	7	n/a	n/a	trigger	0
3158.957	0.5	3158957	untrained	32692	75	memtrain/o_564_1.jpg	photodiode	1
3159.757	0.5	3159757	trained	32754	13	memtrain/o_136_1.jpg	photodiode	1
3160.708	0.5	3160708	untrained	32709	58	memtrain/o_192_1.jpg	photodiode	1
3161.509	0.5	3161509	trained	32727	40	memtrain/o_648_2.jpg	photodiode	1
3162.309	0.5	3162309	trained	32763	4	memtrain/o_042_1.jpg	photodiode	1
3163.16	0.5	3163160	catch	32671	n/a	catch_padded.jpg	photodiode	0
3163.493	0.0	3163493	response	7	n/a	n/a	trigger	0
3165.062	0.5	3165062	untrained	32705	62	memtrain/o_304_1.jpg	photodiode	1
3165.862	0.5	3165862	trained	32748	19	memtrain/o_284_2.jpg	photodiode	1
3166.613	0.5	3166613	trained	32756	11	memtrain/o_117_2.jpg	photodiode	1
3167.364	0.5	3167364	untrained	32677	90	memtrain/o_580_1.jpg	photodiode	1
3168.114	0.5	3168114	catch	32671	n/a	catch_padded.jpg	photodiode	0
3168.501	0.0	3168501	response	7	n/a	n/a	trigger	0
3170.116	0.5	3170116	trained	32721	46	memtrain/so_113_1.jpg	photodiode	1
3171.067	0.5	3171067	untrained	32676	91	memtrain/o_605_1.jpg	photodiode	1
3171.859	0.5	3171859	untrained	32689	78	memtrain/o_599_1.jpg	photodiode	1
3172.818	0.5	3172818	trained	32746	21	memtrain/o_319_1.jpg	photodiode	1
3173.569	0.5	3173569	untrained	32700	67	memtrain/o_378_1.jpg	photodiode	1
3174.512	0.5	3174512	catch	32671	n/a	catch_padded.jpg	photodiode	0
3174.818	0.0	3174818	response	7	n/a	n/a	trigger	0
3176.521	0.5	3176521	trained	32762	5	memtrain/o_067_1.jpg	photodiode	1
3177.314	0.5	3177314	trained	32760	7	memtrain/o_091_2.jpg	photodiode	1
3178.065	0.5	3178065	untrained	32682	85	memtrain/o_218_1.jpg	photodiode	1
3178.823	0.5	3178823	catch	32671	n/a	catch_padded.jpg	photodiode	0
3179.208	0.0	3179208	response	7	n/a	n/a	trigger	0
3180.917	0.5	3180917	untrained	32719	48	memtrain/o_019_2.jpg	photodiode	1
3181.718	0.5	3181718	untrained	32694	73	memtrain/o_519_2.jpg	photodiode	1
3182.468	0.5	3182468	trained	32724	43	memtrain/so_043_2.jpg	photodiode	1
3183.369	0.5	3183369	trained	32744	23	memtrain/o_338_2.jpg	photodiode	1
3184.22	0.5	3184220	catch	32671	n/a	catch_padded.jpg	photodiode	0
3184.563	0.0	3184563	response	7	n/a	n/a	trigger	0
3186.221	0.5	3186221	untrained	32707	60	memtrain/o_228_2.jpg	photodiode	1
3187.122	0.5	3187122	untrained	32710	57	memtrain/o_171_1.jpg	photodiode	1
3187.923	0.5	3187923	trained	32767	0	memtrain/o_006_1.jpg	photodiode	1
3188.874	0.5	3188874	untrained	32672	95	memtrain/so_125_1.jpg	photodiode	1
3189.624	0.5	3189624	untrained	32690	77	memtrain/o_574_2.jpg	photodiode	1
3190.425	0.5	3190425	catch	32671	n/a	catch_padded.jpg	photodiode	0
3190.943	0.0	3190943	response	7	n/a	n/a	trigger	0
3192.377	0.5	3192377	untrained	32685	82	memtrain/o_656_1.jpg	photodiode	1
3193.227	0.5	3193227	trained	32722	45	memtrain/so_090_2.jpg	photodiode	1
3194.078	0.5	3194078	trained	32755	12	memtrain/o_127_2.jpg	photodiode	1
3194.829	0.5	3194829	trained	32761	6	memtrain/o_076_1.jpg	photodiode	1
3195.78	0.5	3195780	untrained	32680	87	memtrain/o_365_1.jpg	photodiode	1
3196.73	0.5	3196730	catch	32671	n/a	catch_padded.jpg	photodiode	0
3197.135	0.0	3197135	response	7	n/a	n/a	trigger	0
3198.782	0.5	3198782	untrained	32675	92	memtrain/so_033_1.jpg	photodiode	1
3199.733	0.5	3199733	trained	32749	18	memtrain/o_264_2.jpg	photodiode	1
3200.584	0.5	3200584	untrained	32703	64	memtrain/o_334_2.jpg	photodiode	1
3201.384	0.5	3201384	catch	32671	n/a	catch_padded.jpg	photodiode	0
3201.81	0.0	3201810	response	7	n/a	n/a	trigger	0
3203.286	0.5	3203286	trained	32765	2	memtrain/o_035_1.jpg	photodiode	1
3204.128	0.5	3204128	untrained	32679	88	memtrain/o_458_1.jpg	photodiode	1
3205.079	0.5	3205079	trained	32734	33	memtrain/o_536_1.jpg	photodiode	1
3205.98	0.5	3205980	trained	32750	17	memtrain/o_232_1.jpg	photodiode	1
3206.83	0.5	3206830	untrained	32705	62	memtrain/o_304_1.jpg	photodiode	1
3207.581	0.5	3207581	catch	32671	n/a	catch_padded.jpg	photodiode	0
3207.963	0.0	3207963	response	7	n/a	n/a	trigger	0
3209.583	0.5	3209583	untrained	32709	58	memtrain/o_192_1.jpg	photodiode	1
3210.434	0.5	3210434	trained	32753	14	memtrain/o_174_1.jpg	photodiode	1
3211.234	0.5	3211234	trained	32720	47	memtrain/so_147_2.jpg	photodiode	1
3211.985	0.5	3211985	catch	32671	n/a	catch_padded.jpg	photodiode	0
3212.401	0.0	3212401	response	7	n/a	n/a	trigger	0
3214.087	0.5	3214087	trained	32749	18	memtrain/o_264_2.jpg	photodiode	1
3214.987	0.5	3214987	untrained	32693	74	memtrain/o_550_1.jpg	photodiode	1
3215.838	0.5	3215838	untrained	32700	67	memtrain/o_378_1.jpg	photodiode	1
3216.739	0.5	3216739	catch	32671	n/a	catch_padded.jpg	photodiode	0
3217.192	0.0	3217192	response	7	n/a	n/a	trigger	0
3218.791	0.5	3218791	trained	32725	42	memtrain/so_034_2.jpg	photodiode	1
3219.541	0.5	3219541	trained	32738	29	memtrain/o_416_1.jpg	photodiode	1
3220.342	0.5	3220342	trained	32751	16	memtrain/o_199_2.jpg	photodiode	1
3221.293	0.5	3221293	catch	32671	n/a	catch_padded.jpg	photodiode	0
3221.666	0.0	3221666	response	7	n/a	n/a	trigger	0
3223.394	0.5	3223394	trained	32747	20	memtrain/o_290_1.jpg	photodiode	1
3224.195	0.5	3224195	untrained	32688	79	memtrain/o_600_1.jpg	photodiode	1
3225.096	0.5	3225096	untrained	32687	80	memtrain/o_613_1.jpg	photodiode	1
3225.847	0.5	3225847	catch	32671	n/a	catch_padded.jpg	photodiode	0
3226.252	0.0	3226252	response	7	n/a	n/a	trigger	0
3227.848	0.5	3227848	untrained	32685	82	memtrain/o_656_1.jpg	photodiode	1
3228.649	0.5	3228649	trained	32726	41	memtrain/o_663_2.jpg	photodiode	1
3229.6	0.5	3229600	untrained	32701	66	memtrain/o_342_2.jpg	photodiode	1
3230.35	0.5	3230350	untrained	32672	95	memtrain/so_125_1.jpg	photodiode	1
3231.201	0.5	3231201	trained	32743	24	memtrain/o_357_1.jpg	photodiode	1
3232.102	0.5	3232102	catch	32671	n/a	catch_padded.jpg	photodiode	0
3232.491	0.0	3232491	response	7	n/a	n/a	trigger	0
3234.095	0.5	3234095	trained	32756	11	memtrain/o_117_2.jpg	photodiode	1
3234.954	0.5	3234954	untrained	32710	57	memtrain/o_171_1.jpg	photodiode	1
3235.855	0.5	3235855	untrained	32678	89	memtrain/o_469_1.jpg	photodiode	1
3236.648	0.5	3236648	untrained	32675	92	memtrain/so_033_1.jpg	photodiode	1
3237.398	0.5	3237398	catch	32671	n/a	catch_padded.jpg	photodiode	0
3237.831	0.0	3237831	response	7	n/a	n/a	trigger	0
3239.45	0.5	3239450	untrained	32711	56	memtrain/o_163_2.jpg	photodiode	1
3240.351	0.5	3240351	untrained	32715	52	memtrain/o_141_1.jpg	photodiode	1
3241.251	0.5	3241251	untrained	32696	71	memtrain/o_483_1.jpg	photodiode	1
3242.052	0.5	3242052	trained	32736	31	memtrain/o_465_2.jpg	photodiode	1
3242.803	0.5	3242803	catch	32671	n/a	catch_padded.jpg	photodiode	0
3243.214	0.0	3243214	response	7	n/a	n/a	trigger	0
3244.855	0.5	3244855	untrained	32716	51	memtrain/o_103_2.jpg	photodiode	1
3245.755	0.5	3245755	untrained	32674	93	memtrain/so_035_1.jpg	photodiode	1
3246.706	0.5	3246706	trained	32755	12	memtrain/o_127_2.jpg	photodiode	1
3247.607	0.5	3247607	untrained	32691	76	memtrain/o_570_1.jpg	photodiode	1
3248.508	0.5	3248508	untrained	32695	72	memtrain/o_490_1.jpg	photodiode	1
3249.258	0.5	3249258	catch	32671	n/a	catch_padded.jpg	photodiode	0
3249.619	0.0	3249619	response	7	n/a	n/a	trigger	0
3251.21	0.5	3251210	untrained	32708	59	memtrain/o_201_2.jpg	photodiode	1
3252.011	0.5	3252011	untrained	32697	70	memtrain/o_471_2.jpg	photodiode	1
3252.961	0.5	3252961	untrained	32686	81	memtrain/o_655_2.jpg	photodiode	1
3253.862	0.5	3253862	trained	32729	38	memtrain/o_603_1.jpg	photodiode	1
3254.813	0.5	3254813	catch	32671	n/a	catch_padded.jpg	photodiode	0
3255.264	0.0	3255264	response	7	n/a	n/a	trigger	0
3256.815	0.5	3256815	untrained	32699	68	memtrain/o_393_1.jpg	photodiode	1
3257.615	0.5	3257615	trained	32744	23	memtrain/o_338_2.jpg	photodiode	1
3258.466	0.5	3258466	untrained	32681	86	memtrain/o_288_1.jpg	photodiode	1
3259.367	0.5	3259367	trained	32721	46	memtrain/so_113_1.jpg	photodiode	1
3260.218	0.5	3260218	untrained	32706	61	memtrain/o_298_2.jpg	photodiode	1
3261.068	0.5	3261068	catch	32671	n/a	catch_padded.jpg	photodiode	0
3261.441	0.0	3261441	response	7	n/a	n/a	trigger	0
3263.17	0.5	3263170	trained	32750	17	memtrain/o_232_1.jpg	photodiode	1
3264.062	0.5	3264062	trained	32733	34	memtrain/o_558_2.jpg	photodiode	1
3264.871	0.5	3264871	trained	32766	1	memtrain/o_015_1.jpg	photodiode	1
3265.614	0.5	3265614	untrained	32676	91	memtrain/o_605_1.jpg	photodiode	1
3266.364	0.5	3266364	catch	32671	n/a	catch_padded.jpg	photodiode	0
3266.749	0.0	3266749	response	7	n/a	n/a	trigger	0
3268.266	0.5	3268266	trained	32748	19	memtrain/o_284_2.jpg	photodiode	1
3269.217	0.5	3269217	trained	32767	0	memtrain/o_006_1.jpg	photodiode	1
3270.117	0.5	3270117	untrained	32690	77	memtrain/o_574_2.jpg	photodiode	1
3271.068	0.5	3271068	catch	32671	n/a	catch_padded.jpg	photodiode	0
3271.488	0.0	3271488	response	7	n/a	n/a	trigger	0
3272.97	0.5	3272970	trained	32746	21	memtrain/o_319_1.jpg	photodiode	1
3273.821	0.5	3273821	trained	32754	13	memtrain/o_136_1.jpg	photodiode	1
3274.671	0.5	3274671	trained	32759	8	memtrain/o_094_1.jpg	photodiode	1
3275.472	0.5	3275472	catch	32671	n/a	catch_padded.jpg	photodiode	0
3275.843	0.0	3275843	response	7	n/a	n/a	trigger	0
3277.524	0.5	3277524	trained	32764	3	memtrain/o_040_2.jpg	photodiode	1
3278.274	0.5	3278274	untrained	32717	50	memtrain/o_057_2.jpg	photodiode	1
3279.225	0.5	3279225	trained	32730	37	memtrain/o_597_1.jpg	photodiode	1
3279.976	0.5	3279976	trained	32732	35	memtrain/o_561_2.jpg	photodiode	1
3280.877	0.5	3280877	untrained	32704	63	memtrain/o_310_2.jpg	photodiode	1
3281.727	0.5	3281727	catch	32671	n/a	catch_padded.jpg	photodiode	0
3282.112	0.0	3282112	response	7	n/a	n/a	trigger	0
3283.679	0.5	3283679	trained	32760	7	memtrain/o_091_2.jpg	photodiode	1
3284.58	0.5	3284580	untrained	32703	64	memtrain/o_334_2.jpg	photodiode	1
3285.33	0.5	3285330	untrained	32689	78	memtrain/o_599_1.jpg	photodiode	1
3286.281	0.5	3286281	trained	32745	22	memtrain/o_321_1.jpg	photodiode	1
3287.132	0.5	3287132	catch	32671	n/a	catch_padded.jpg	photodiode	0
3287.518	0.0	3287518	response	7	n/a	n/a	trigger	0
3289.134	0.5	3289134	untrained	32692	75	memtrain/o_564_1.jpg	photodiode	1
3289.934	0.5	3289934	trained	32762	5	memtrain/o_067_1.jpg	photodiode	1
3290.735	0.5	3290735	trained	32742	25	memtrain/o_358_2.jpg	photodiode	1
3291.678	0.5	3291678	catch	32671	n/a	catch_padded.jpg	photodiode	0
3292.216	0.0	3292216	response	7	n/a	n/a	trigger	0
3293.737	0.5	3293737	untrained	32714	53	memtrain/o_142_2.jpg	photodiode	1
3294.53	0.5	3294530	trained	32728	39	memtrain/o_606_1.jpg	photodiode	1
3295.381	0.5	3295381	trained	32740	27	memtrain/o_379_2.jpg	photodiode	1
3296.131	0.5	3296131	trained	32752	15	memtrain/o_195_1.jpg	photodiode	1
3296.982	0.5	3296982	catch	32671	n/a	catch_padded.jpg	photodiode	0
3297.342	0.0	3297342	response	7	n/a	n/a	trigger	0
3298.934	0.5	3298934	trained	32723	44	memtrain/so_045_1.jpg	photodiode	1
3299.684	0.5	3299684	untrained	32683	84	memtrain/so_117_2.jpg	photodiode	1
3300.485	0.5	3300485	trained	32734	33	memtrain/o_536_1.jpg	photodiode	1
3301.236	0.5	3301236	trained	32739	28	memtrain/o_397_1.jpg	photodiode	1
3302.136	0.5	3302136	untrained	32679	88	memtrain/o_458_1.jpg	photodiode	1
3303.087	0.5	3303087	catch	32671	n/a	catch_padded.jpg	photodiode	0
3303.496	0.0	3303496	response	7	n/a	n/a	trigger	0
3305.139	0.5	3305139	trained	32757	10	memtrain/o_111_2.jpg	photodiode	1
3305.89	0.5	3305890	untrained	32684	83	memtrain/so_105_1.jpg	photodiode	1
3306.64	0.5	3306640	trained	32731	36	memtrain/o_583_1.jpg	photodiode	1
3307.491	0.5	3307491	untrained	32702	65	memtrain/o_337_2.jpg	photodiode	1
3308.392	0.5	3308392	untrained	32713	54	memtrain/o_145_1.jpg	photodiode	1
3309.192	0.5	3309192	catch	32671	n/a	catch_padded.jpg	photodiode	0
3309.56	0.0	3309560	response	7	n/a	n/a	trigger	0
3311.294	0.5	3311294	trained	32761	6	memtrain/o_076_1.jpg	photodiode	1
3312.095	0.5	3312095	untrained	32718	49	memtrain/o_054_2.jpg	photodiode	1
3313.046	0.5	3313046	trained	32724	43	memtrain/so_043_2.jpg	photodiode	1
3313.946	0.5	3313946	catch	32671	n/a	catch_padded.jpg	photodiode	0
3314.412	0.0	3314412	response	7	n/a	n/a	trigger	0
3315.948	0.5	3315948	trained	32727	40	memtrain/o_648_2.jpg	photodiode	1
3316.849	0.5	3316849	untrained	32712	55	memtrain/o_153_2.jpg	photodiode	1
3317.6	0.5	3317600	trained	32763	4	memtrain/o_042_1.jpg	photodiode	1
3318.4	0.5	3318400	untrained	32680	87	memtrain/o_365_1.jpg	photodiode	1
3319.351	0.5	3319351	trained	32722	45	memtrain/so_090_2.jpg	photodiode	1
3320.252	0.5	3320252	catch	32671	n/a	catch_padded.jpg	photodiode	0
3320.788	0.0	3320788	response	7	n/a	n/a	trigger	0
3322.295	0.5	3322295	untrained	32707	60	memtrain/o_228_2.jpg	photodiode	1
3323.196	0.5	3323196	trained	32741	26	memtrain/o_376_1.jpg	photodiode	1
3324.005	0.5	3324005	untrained	32682	85	memtrain/o_218_1.jpg	photodiode	1
3324.806	0.5	3324806	untrained	32719	48	memtrain/o_019_2.jpg	photodiode	1
3325.748	0.5	3325748	catch	32671	n/a	catch_padded.jpg	photodiode	0
3326.141	0.0	3326141	response	7	n/a	n/a	trigger	0
3327.7	0.5	3327700	trained	32758	9	memtrain/o_101_2.jpg	photodiode	1
3328.6	0.5	3328600	untrained	32673	94	memtrain/so_067_1.jpg	photodiode	1
3329.351	0.5	3329351	untrained	32694	73	memtrain/o_519_2.jpg	photodiode	1
3330.102	0.5	3330102	untrained	32698	69	memtrain/o_464_2.jpg	photodiode	1
3331.002	0.5	3331002	catch	32671	n/a	catch_padded.jpg	photodiode	0
3331.364	0.0	3331364	response	7	n/a	n/a	trigger	0
3333.104	0.5	3333104	trained	32737	30	memtrain/o_437_2.jpg	photodiode	1
3333.905	0.5	3333905	untrained	32677	90	memtrain/o_580_1.jpg	photodiode	1
3334.806	0.5	3334806	trained	32735	32	memtrain/o_485_2.jpg	photodiode	1
3335.756	0.5	3335756	trained	32765	2	memtrain/o_035_1.jpg	photodiode	1
3336.707	0.5	3336707	catch	32671	n/a	catch_padded.jpg	photodiode	0
3337.083	0.0	3337083	response	7	n/a	n/a	trigger	0
3339.181	0.0	3339181	block_end	120	n/a	n/a	trigger	0
3349.935	0.0	3349935	response	7	n/a	n/a	trigger	0
3349.948	0.0	3349948	block_onset	113	n/a	n/a	trigger	0
3352.004	0.5	3352004	untrained	32693	74	memtrain/o_550_1.jpg	photodiode	1
3352.854	0.5	3352854	trained	32735	32	memtrain/o_485_2.jpg	photodiode	1
3353.655	0.5	3353655	untrained	32699	68	memtrain/o_393_1.jpg	photodiode	1
3354.556	0.5	3354556	untrained	32685	82	memtrain/o_656_1.jpg	photodiode	1
3355.306	0.5	3355306	catch	32671	n/a	catch_padded.jpg	photodiode	0
3355.68	0.0	3355680	response	7	n/a	n/a	trigger	0
3357.25	0.5	3357250	trained	32747	20	memtrain/o_290_1.jpg	photodiode	1
3358.0	0.5	3358000	trained	32729	38	memtrain/o_603_1.jpg	photodiode	1
3358.751	0.5	3358751	trained	32756	11	memtrain/o_117_2.jpg	photodiode	1
3359.66	0.5	3359660	catch	32671	n/a	catch_padded.jpg	photodiode	0
3360.123	0.0	3360123	response	7	n/a	n/a	trigger	0
3361.553	0.5	3361553	untrained	32688	79	memtrain/o_600_1.jpg	photodiode	1
3362.454	0.5	3362454	trained	32763	4	memtrain/o_042_1.jpg	photodiode	1
3363.405	0.5	3363405	untrained	32701	66	memtrain/o_342_2.jpg	photodiode	1
3364.306	0.5	3364306	trained	32740	27	memtrain/o_379_2.jpg	photodiode	1
3365.257	0.5	3365257	catch	32671	n/a	catch_padded.jpg	photodiode	0
3365.651	0.0	3365651	response	7	n/a	n/a	trigger	0
3367.358	0.5	3367358	untrained	32703	64	memtrain/o_334_2.jpg	photodiode	1
3368.259	0.5	3368259	trained	32759	8	memtrain/o_094_1.jpg	photodiode	1
3369.06	0.5	3369060	untrained	32691	76	memtrain/o_570_1.jpg	photodiode	1
3369.911	0.5	3369911	trained	32730	37	memtrain/o_597_1.jpg	photodiode	1
3370.661	0.5	3370661	trained	32742	25	memtrain/o_358_2.jpg	photodiode	1
3371.512	0.5	3371512	catch	32671	n/a	catch_padded.jpg	photodiode	0
3371.893	0.0	3371893	response	7	n/a	n/a	trigger	0
3373.614	0.5	3373614	trained	32762	5	memtrain/o_067_1.jpg	photodiode	1
3374.573	0.5	3374573	trained	32757	10	memtrain/o_111_2.jpg	photodiode	1
3375.515	0.5	3375515	trained	32725	42	memtrain/so_034_2.jpg	photodiode	1
3376.366	0.5	3376366	trained	32750	17	memtrain/o_232_1.jpg	photodiode	1
3377.267	0.5	3377267	trained	32722	45	memtrain/so_090_2.jpg	photodiode	1
3378.168	0.5	3378168	catch	32671	n/a	catch_padded.jpg	photodiode	0
3378.578	0.0	3378578	response	7	n/a	n/a	trigger	0
3380.219	0.5	3380219	trained	32732	35	memtrain/o_561_2.jpg	photodiode	1
3381.17	0.5	3381170	trained	32748	19	memtrain/o_284_2.jpg	photodiode	1
3382.071	0.5	3382071	trained	32755	12	memtrain/o_127_2.jpg	photodiode	1
3382.872	0.5	3382872	untrained	32673	94	memtrain/so_067_1.jpg	photodiode	1
3383.822	0.5	3383822	untrained	32710	57	memtrain/o_171_1.jpg	photodiode	1
3384.623	0.5	3384623	catch	32671	n/a	catch_padded.jpg	photodiode	0
3385.064	0.0	3385064	response	7	n/a	n/a	trigger	0
3386.666	0.5	3386666	untrained	32700	67	memtrain/o_378_1.jpg	photodiode	1
3387.425	0.5	3387425	untrained	32711	56	memtrain/o_163_2.jpg	photodiode	1
3388.326	0.5	3388326	untrained	32709	58	memtrain/o_192_1.jpg	photodiode	1
3389.127	0.5	3389127	catch	32671	n/a	catch_padded.jpg	photodiode	0
3389.777	0.0	3389777	response	7	n/a	n/a	trigger	0
3391.12	0.5	3391120	trained	32731	36	memtrain/o_583_1.jpg	photodiode	1
3391.921	0.5	3391921	trained	32746	21	memtrain/o_319_1.jpg	photodiode	1
3392.671	0.5	3392671	untrained	32676	91	memtrain/o_605_1.jpg	photodiode	1
3393.522	0.5	3393522	catch	32671	n/a	catch_padded.jpg	photodiode	0
3394.196	0.0	3394196	response	7	n/a	n/a	trigger	0
3395.524	0.5	3395524	untrained	32672	95	memtrain/so_125_1.jpg	photodiode	1
3396.425	0.5	3396425	untrained	32677	90	memtrain/o_580_1.jpg	photodiode	1
3397.225	0.5	3397225	untrained	32705	62	memtrain/o_304_1.jpg	photodiode	1
3398.126	0.5	3398126	untrained	32682	85	memtrain/o_218_1.jpg	photodiode	1
3398.977	0.5	3398977	untrained	32716	51	memtrain/o_103_2.jpg	photodiode	1
3399.877	0.5	3399877	catch	32671	n/a	catch_padded.jpg	photodiode	0
3400.384	0.0	3400384	response	7	n/a	n/a	trigger	0
3401.779	0.5	3401779	trained	32733	34	memtrain/o_558_2.jpg	photodiode	1
3402.73	0.5	3402730	trained	32749	18	memtrain/o_264_2.jpg	photodiode	1
3403.581	0.5	3403581	trained	32766	1	memtrain/o_015_1.jpg	photodiode	1
3404.431	0.5	3404431	untrained	32704	63	memtrain/o_310_2.jpg	photodiode	1
3405.282	0.5	3405282	trained	32753	14	memtrain/o_174_1.jpg	photodiode	1
3406.133	0.5	3406133	catch	32671	n/a	catch_padded.jpg	photodiode	0
3406.415	0.0	3406415	response	7	n/a	n/a	trigger	0
3408.235	0.5	3408235	untrained	32714	53	memtrain/o_142_2.jpg	photodiode	1
3409.035	0.5	3409035	untrained	32702	65	memtrain/o_337_2.jpg	photodiode	1
3409.986	0.5	3409986	trained	32760	7	memtrain/o_091_2.jpg	photodiode	1
3410.887	0.5	3410887	catch	32671	n/a	catch_padded.jpg	photodiode	0
3411.347	0.0	3411347	response	7	n/a	n/a	trigger	0
3412.888	0.5	3412888	untrained	32697	70	memtrain/o_471_2.jpg	photodiode	1
3413.739	0.5	3413739	untrained	32708	59	memtrain/o_201_2.jpg	photodiode	1
3414.49	0.5	3414490	trained	32761	6	memtrain/o_076_1.jpg	photodiode	1
3415.391	0.5	3415391	catch	32671	n/a	catch_padded.jpg	photodiode	0
3415.785	0.0	3415785	response	7	n/a	n/a	trigger	0
3417.442	0.5	3417442	trained	32754	13	memtrain/o_136_1.jpg	photodiode	1
3418.243	0.5	3418243	trained	32723	44	memtrain/so_045_1.jpg	photodiode	1
3419.136	0.5	3419136	trained	32767	0	memtrain/o_006_1.jpg	photodiode	1
3419.936	0.5	3419936	trained	32764	3	memtrain/o_040_2.jpg	photodiode	1
3420.837	0.5	3420837	untrained	32694	73	memtrain/o_519_2.jpg	photodiode	1
3421.638	0.5	3421638	catch	32671	n/a	catch_padded.jpg	photodiode	0
3422.026	0.0	3422026	response	7	n/a	n/a	trigger	0
3423.698	0.5	3423698	untrained	32681	86	memtrain/o_288_1.jpg	photodiode	1
3424.64	0.5	3424640	trained	32724	43	memtrain/so_043_2.jpg	photodiode	1
3425.491	0.5	3425491	trained	32738	29	memtrain/o_416_1.jpg	photodiode	1
3426.242	0.5	3426242	catch	32671	n/a	catch_padded.jpg	photodiode	0
3426.894	0.0	3426894	response	7	n/a	n/a	trigger	0
3428.293	0.5	3428293	untrained	32674	93	memtrain/so_035_1.jpg	photodiode	1
3429.194	0.5	3429194	untrained	32675	92	memtrain/so_033_1.jpg	photodiode	1
3429.995	0.5	3429995	untrained	32689	78	memtrain/o_599_1.jpg	photodiode	1
3430.946	0.5	3430946	untrained	32717	50	memtrain/o_057_2.jpg	photodiode	1
3431.696	0.5	3431696	catch	32671	n/a	catch_padded.jpg	photodiode	0
3432.082	0.0	3432082	response	7	n/a	n/a	trigger	0
3433.698	0.5	3433698	untrained	32684	83	memtrain/so_105_1.jpg	photodiode	1
3434.499	0.5	3434499	trained	32736	31	memtrain/o_465_2.jpg	photodiode	1
3435.449	0.5	3435449	untrained	32696	71	memtrain/o_483_1.jpg	photodiode	1
3436.3	0.5	3436300	trained	32741	26	memtrain/o_376_1.jpg	photodiode	1
3437.151	0.5	3437151	catch	32671	n/a	catch_padded.jpg	photodiode	0
3437.603	0.0	3437603	response	7	n/a	n/a	trigger	0
3439.103	0.5	3439103	trained	32734	33	memtrain/o_536_1.jpg	photodiode	1
3439.903	0.5	3439903	untrained	32715	52	memtrain/o_141_1.jpg	photodiode	1
3440.804	0.5	3440804	untrained	32687	80	memtrain/o_613_1.jpg	photodiode	1
3441.655	0.5	3441655	catch	32671	n/a	catch_padded.jpg	photodiode	0
3442.039	0.0	3442039	response	7	n/a	n/a	trigger	0
3443.556	0.5	3443556	untrained	32695	72	memtrain/o_490_1.jpg	photodiode	1
3444.357	0.5	3444357	trained	32728	39	memtrain/o_606_1.jpg	photodiode	1
3445.108	0.5	3445108	untrained	32692	75	memtrain/o_564_1.jpg	photodiode	1
3446.058	0.5	3446058	catch	32671	n/a	catch_padded.jpg	photodiode	0
3446.421	0.0	3446421	response	7	n/a	n/a	trigger	0
3448.01	0.5	3448010	trained	32726	41	memtrain/o_663_2.jpg	photodiode	1
3448.752	0.5	3448752	untrained	32680	87	memtrain/o_365_1.jpg	photodiode	1
3449.553	0.5	3449553	trained	32737	30	memtrain/o_437_2.jpg	photodiode	1
3450.504	0.5	3450504	untrained	32707	60	memtrain/o_228_2.jpg	photodiode	1
3451.254	0.5	3451254	trained	32739	28	memtrain/o_397_1.jpg	photodiode	1
3452.105	0.5	3452105	catch	32671	n/a	catch_padded.jpg	photodiode	0
3452.471	0.0	3452471	response	7	n/a	n/a	trigger	0
3454.207	0.5	3454207	trained	32743	24	memtrain/o_357_1.jpg	photodiode	1
3454.957	0.5	3454957	untrained	32712	55	memtrain/o_153_2.jpg	photodiode	1
3455.808	0.5	3455808	untrained	32718	49	memtrain/o_054_2.jpg	photodiode	1
3456.709	0.5	3456709	trained	32752	15	memtrain/o_195_1.jpg	photodiode	1
3457.46	0.5	3457460	untrained	32686	81	memtrain/o_655_2.jpg	photodiode	1
3458.21	0.5	3458210	catch	32671	n/a	catch_padded.jpg	photodiode	0
3458.637	0.0	3458637	response	7	n/a	n/a	trigger	0
3460.212	0.5	3460212	trained	32727	40	memtrain/o_648_2.jpg	photodiode	1
3461.063	0.5	3461063	untrained	32679	88	memtrain/o_458_1.jpg	photodiode	1
3462.013	0.5	3462013	untrained	32719	48	memtrain/o_019_2.jpg	photodiode	1
3462.764	0.5	3462764	untrained	32683	84	memtrain/so_117_2.jpg	photodiode	1
3463.665	0.5	3463665	catch	32671	n/a	catch_padded.jpg	photodiode	0
3464.13	0.0	3464130	response	7	n/a	n/a	trigger	0
3465.617	0.5	3465617	trained	32751	16	memtrain/o_199_2.jpg	photodiode	1
3466.467	0.5	3466467	untrained	32713	54	memtrain/o_145_1.jpg	photodiode	1
3467.318	0.5	3467318	untrained	32706	61	memtrain/o_298_2.jpg	photodiode	1
3468.119	0.5	3468119	catch	32671	n/a	catch_padded.jpg	photodiode	0
3468.947	0.0	3468947	response	7	n/a	n/a	trigger	0
3470.22	0.5	3470220	trained	32744	23	memtrain/o_338_2.jpg	photodiode	1
3471.071	0.5	3471071	trained	32720	47	memtrain/so_147_2.jpg	photodiode	1
3471.872	0.5	3471872	untrained	32690	77	memtrain/o_574_2.jpg	photodiode	1
3472.622	0.5	3472622	trained	32758	9	memtrain/o_101_2.jpg	photodiode	1
3473.523	0.5	3473523	trained	32745	22	memtrain/o_321_1.jpg	photodiode	1
3474.424	0.5	3474424	catch	32671	n/a	catch_padded.jpg	photodiode	0
3474.802	0.0	3474802	response	7	n/a	n/a	trigger	0
3476.417	0.5	3476417	trained	32765	2	memtrain/o_035_1.jpg	photodiode	1
3477.318	0.5	3477318	trained	32721	46	memtrain/so_113_1.jpg	photodiode	1
3478.069	0.5	3478069	untrained	32698	69	memtrain/o_464_2.jpg	photodiode	1
3478.92	0.5	3478920	untrained	32678	89	memtrain/o_469_1.jpg	photodiode	1
3479.87	0.5	3479870	catch	32671	n/a	catch_padded.jpg	photodiode	0
3480.218	0.0	3480218	response	7	n/a	n/a	trigger	0
3481.822	0.5	3481822	trained	32764	3	memtrain/o_040_2.jpg	photodiode	1
3482.573	0.5	3482573	untrained	32694	73	memtrain/o_519_2.jpg	photodiode	1
3483.323	0.5	3483323	trained	32752	15	memtrain/o_195_1.jpg	photodiode	1
3484.074	0.5	3484074	untrained	32687	80	memtrain/o_613_1.jpg	photodiode	1
3484.925	0.5	3484925	trained	32737	30	memtrain/o_437_2.jpg	photodiode	1
3485.725	0.5	3485725	catch	32671	n/a	catch_padded.jpg	photodiode	0
3486.198	0.0	3486198	response	7	n/a	n/a	trigger	0
3487.677	0.5	3487677	trained	32753	14	memtrain/o_174_1.jpg	photodiode	1
3488.578	0.5	3488578	untrained	32706	61	memtrain/o_298_2.jpg	photodiode	1
3489.378	0.5	3489378	untrained	32695	72	memtrain/o_490_1.jpg	photodiode	1
3490.329	0.5	3490329	untrained	32696	71	memtrain/o_483_1.jpg	photodiode	1
3491.18	0.5	3491180	catch	32671	n/a	catch_padded.jpg	photodiode	0
3491.945	0.0	3491945	response	7	n/a	n/a	trigger	0
3493.132	0.5	3493132	untrained	32674	93	memtrain/so_035_1.jpg	photodiode	1
3493.882	0.5	3493882	untrained	32677	90	memtrain/o_580_1.jpg	photodiode	1
3494.783	0.5	3494783	untrained	32719	48	memtrain/o_019_2.jpg	photodiode	1
3495.734	0.5	3495734	trained	32732	35	memtrain/o_561_2.jpg	photodiode	1
3496.485	0.5	3496485	catch	32671	n/a	catch_padded.jpg	photodiode	0
3496.914	0.0	3496914	response	7	n/a	n/a	trigger	0
3498.536	0.5	3498536	trained	32722	45	memtrain/so_090_2.jpg	photodiode	1
3499.437	0.5	3499437	untrained	32682	85	memtrain/o_218_1.jpg	photodiode	1
3500.238	0.5	3500238	trained	32758	9	memtrain/o_101_2.jpg	photodiode	1
3500.988	0.5	3500988	trained	32731	36	memtrain/o_583_1.jpg	photodiode	1
3501.739	0.5	3501739	catch	32671	n/a	catch_padded.jpg	photodiode	0
3502.545	0.0	3502545	response	7	n/a	n/a	trigger	0
3503.841	0.5	3503841	untrained	32704	63	memtrain/o_310_2.jpg	photodiode	1
3504.691	0.5	3504691	untrained	32676	91	memtrain/o_605_1.jpg	photodiode	1
3505.634	0.5	3505634	trained	32742	25	memtrain/o_358_2.jpg	photodiode	1
3506.393	0.5	3506393	catch	32671	n/a	catch_padded.jpg	photodiode	0
3506.879	0.0	3506879	response	7	n/a	n/a	trigger	0
3508.486	0.5	3508486	untrained	32713	54	memtrain/o_145_1.jpg	photodiode	1
3509.287	0.5	3509287	untrained	32680	87	memtrain/o_365_1.jpg	photodiode	1
3510.238	0.5	3510238	trained	32756	11	memtrain/o_117_2.jpg	photodiode	1
3511.189	0.5	3511189	catch	32671	n/a	catch_padded.jpg	photodiode	0
3511.561	0.0	3511561	response	7	n/a	n/a	trigger	0
3513.19	0.5	3513190	untrained	32692	75	memtrain/o_564_1.jpg	photodiode	1
3513.991	0.5	3513991	untrained	32709	58	memtrain/o_192_1.jpg	photodiode	1
3514.842	0.5	3514842	trained	32735	32	memtrain/o_485_2.jpg	photodiode	1
3515.742	0.5	3515742	untrained	32684	83	memtrain/so_105_1.jpg	photodiode	1
3516.543	0.5	3516543	trained	32767	0	memtrain/o_006_1.jpg	photodiode	1
3517.344	0.5	3517344	catch	32671	n/a	catch_padded.jpg	photodiode	0
3517.717	0.0	3517717	response	7	n/a	n/a	trigger	0
3519.295	0.5	3519295	untrained	32698	69	memtrain/o_464_2.jpg	photodiode	1
3520.146	0.5	3520146	untrained	32672	95	memtrain/so_125_1.jpg	photodiode	1
3520.947	0.5	3520947	trained	32751	16	memtrain/o_199_2.jpg	photodiode	1
3521.747	0.5	3521747	catch	32671	n/a	catch_padded.jpg	photodiode	0
3522.257	0.0	3522257	response	7	n/a	n/a	trigger	0
3523.699	0.5	3523699	trained	32724	43	memtrain/so_043_2.jpg	photodiode	1
3524.5	0.5	3524500	trained	32749	18	memtrain/o_264_2.jpg	photodiode	1
3525.401	0.5	3525401	untrained	32702	65	memtrain/o_337_2.jpg	photodiode	1
3526.351	0.5	3526351	untrained	32691	76	memtrain/o_570_1.jpg	photodiode	1
3527.152	0.5	3527152	catch	32671	n/a	catch_padded.jpg	photodiode	0
3527.558	0.0	3527558	response	7	n/a	n/a	trigger	0
3529.054	0.5	3529054	trained	32743	24	memtrain/o_357_1.jpg	photodiode	1
3529.904	0.5	3529904	trained	32746	21	memtrain/o_319_1.jpg	photodiode	1
3530.855	0.5	3530855	trained	32728	39	memtrain/o_606_1.jpg	photodiode	1
3531.806	0.5	3531806	trained	32729	38	memtrain/o_603_1.jpg	photodiode	1
3532.657	0.5	3532657	catch	32671	n/a	catch_padded.jpg	photodiode	0
3533.355	0.0	3533355	response	7	n/a	n/a	trigger	0
3534.55	0.5	3534550	trained	32765	2	memtrain/o_035_1.jpg	photodiode	1
3535.301	0.5	3535301	trained	32750	17	memtrain/o_232_1.jpg	photodiode	1
3536.06	0.5	3536060	untrained	32675	92	memtrain/so_033_1.jpg	photodiode	1
3537.019	0.5	3537019	trained	32763	4	memtrain/o_042_1.jpg	photodiode	1
3537.853	0.5	3537853	trained	32761	6	memtrain/o_076_1.jpg	photodiode	1
3538.654	0.5	3538654	catch	32671	n/a	catch_padded.jpg	photodiode	0
3539.072	0.0	3539072	response	7	n/a	n/a	trigger	0
3540.714	0.5	3540714	trained	32740	27	memtrain/o_379_2.jpg	photodiode	1
3541.606	0.5	3541606	trained	32745	22	memtrain/o_321_1.jpg	photodiode	1
3542.357	0.5	3542357	untrained	32715	52	memtrain/o_141_1.jpg	photodiode	1
3543.157	0.5	3543157	trained	32734	33	memtrain/o_536_1.jpg	photodiode	1
3544.008	0.5	3544008	catch	32671	n/a	catch_padded.jpg	photodiode	0
3544.523	0.0	3544523	response	7	n/a	n/a	trigger	0
3546.11	0.5	3546110	trained	32747	20	memtrain/o_290_1.jpg	photodiode	1
3546.961	0.5	3546961	untrained	32718	49	memtrain/o_054_2.jpg	photodiode	1
3547.861	0.5	3547861	untrained	32717	50	memtrain/o_057_2.jpg	photodiode	1
3548.762	0.5	3548762	untrained	32714	53	memtrain/o_142_2.jpg	photodiode	1
3549.613	0.5	3549613	untrained	32686	81	memtrain/o_655_2.jpg	photodiode	1
3550.564	0.5	3550564	catch	32671	n/a	catch_padded.jpg	photodiode	0
3550.939	0.0	3550939	response	7	n/a	n/a	trigger	0
3552.565	0.5	3552565	untrained	32690	77	memtrain/o_574_2.jpg	photodiode	1
3553.366	0.5	3553366	trained	32739	28	memtrain/o_397_1.jpg	photodiode	1
3554.267	0.5	3554267	trained	32755	12	memtrain/o_127_2.jpg	photodiode	1
3555.017	0.5	3555017	trained	32760	7	memtrain/o_091_2.jpg	photodiode	1
3555.968	0.5	3555968	catch	32671	n/a	catch_padded.jpg	photodiode	0
3556.454	0.0	3556454	response	7	n/a	n/a	trigger	0
3557.87	0.5	3557870	trained	32757	10	memtrain/o_111_2.jpg	photodiode	1
3558.821	0.5	3558821	untrained	32700	67	memtrain/o_378_1.jpg	photodiode	1
3559.771	0.5	3559771	trained	32766	1	memtrain/o_015_1.jpg	photodiode	1
3560.722	0.5	3560722	catch	32671	n/a	catch_padded.jpg	photodiode	0
3561.309	0.0	3561309	response	7	n/a	n/a	trigger	0
3562.624	0.5	3562624	untrained	32710	57	memtrain/o_171_1.jpg	photodiode	1
3563.525	0.5	3563525	trained	32748	19	memtrain/o_284_2.jpg	photodiode	1
3564.467	0.5	3564467	untrained	32708	59	memtrain/o_201_2.jpg	photodiode	1
3565.418	0.5	3565418	untrained	32681	86	memtrain/o_288_1.jpg	photodiode	1
3566.319	0.5	3566319	catch	32671	n/a	catch_padded.jpg	photodiode	0
3566.686	0.0	3566686	response	7	n/a	n/a	trigger	0
3568.22	0.5	3568220	trained	32725	42	memtrain/so_034_2.jpg	photodiode	1
3568.971	0.5	3568971	untrained	32673	94	memtrain/so_067_1.jpg	photodiode	1
3569.721	0.5	3569721	untrained	32711	56	memtrain/o_163_2.jpg	photodiode	1
3570.472	0.5	3570472	trained	32762	5	memtrain/o_067_1.jpg	photodiode	1
3571.423	0.5	3571423	untrained	32697	70	memtrain/o_471_2.jpg	photodiode	1
3572.174	0.5	3572174	catch	32671	n/a	catch_padded.jpg	photodiode	0
3572.641	0.0	3572641	response	7	n/a	n/a	trigger	0
3574.275	0.5	3574275	trained	32733	34	memtrain/o_558_2.jpg	photodiode	1
3575.026	0.5	3575026	trained	32744	23	memtrain/o_338_2.jpg	photodiode	1
3575.777	0.5	3575777	untrained	32685	82	memtrain/o_656_1.jpg	photodiode	1
3576.627	0.5	3576627	untrained	32688	79	memtrain/o_600_1.jpg	photodiode	1
3577.578	0.5	3577578	untrained	32716	51	memtrain/o_103_2.jpg	photodiode	1
3578.379	0.5	3578379	catch	32671	n/a	catch_padded.jpg	photodiode	0
3578.78	0.0	3578780	response	7	n/a	n/a	trigger	0
3580.28	0.5	3580280	untrained	32683	84	memtrain/so_117_2.jpg	photodiode	1
3581.14	0.5	3581140	trained	32738	29	memtrain/o_416_1.jpg	photodiode	1
3581.982	0.5	3581982	untrained	32678	89	memtrain/o_469_1.jpg	photodiode	1
3582.733	0.5	3582733	catch	32671	n/a	catch_padded.jpg	photodiode	0
3583.206	0.0	3583206	response	7	n/a	n/a	trigger	0
3584.734	0.5	3584734	trained	32720	47	memtrain/so_147_2.jpg	photodiode	1
3585.485	0.5	3585485	trained	32741	26	memtrain/o_376_1.jpg	photodiode	1
3586.436	0.5	3586436	trained	32721	46	memtrain/so_113_1.jpg	photodiode	1
3587.386	0.5	3587386	untrained	32699	68	memtrain/o_393_1.jpg	photodiode	1
3588.287	0.5	3588287	catch	32671	n/a	catch_padded.jpg	photodiode	0
3588.683	0.0	3588683	response	7	n/a	n/a	trigger	0
3590.339	0.5	3590339	trained	32723	44	memtrain/so_045_1.jpg	photodiode	1
3591.14	0.5	3591140	untrained	32712	55	memtrain/o_153_2.jpg	photodiode	1
3592.09	0.5	3592090	trained	32759	8	memtrain/o_094_1.jpg	photodiode	1
3592.933	0.5	3592933	untrained	32679	88	memtrain/o_458_1.jpg	photodiode	1
3593.834	0.5	3593834	trained	32727	40	memtrain/o_648_2.jpg	photodiode	1
3594.634	0.5	3594634	catch	32671	n/a	catch_padded.jpg	photodiode	0
3594.98	0.0	3594980	response	7	n/a	n/a	trigger	0
3596.644	0.5	3596644	trained	32730	37	memtrain/o_597_1.jpg	photodiode	1
3597.437	0.5	3597437	untrained	32701	66	memtrain/o_342_2.jpg	photodiode	1
3598.287	0.5	3598287	untrained	32705	62	memtrain/o_304_1.jpg	photodiode	1
3599.238	0.5	3599238	catch	32671	n/a	catch_padded.jpg	photodiode	0
3600.132	0.0	3600132	response	7	n/a	n/a	trigger	0
3601.34	0.5	3601340	untrained	32707	60	memtrain/o_228_2.jpg	photodiode	1
3602.141	0.5	3602141	trained	32726	41	memtrain/o_663_2.jpg	photodiode	1
3603.042	0.5	3603042	untrained	32689	78	memtrain/o_599_1.jpg	photodiode	1
3603.842	0.5	3603842	untrained	32703	64	memtrain/o_334_2.jpg	photodiode	1
3604.793	0.5	3604793	catch	32671	n/a	catch_padded.jpg	photodiode	0
3605.175	0.0	3605175	response	7	n/a	n/a	trigger	0
3606.845	0.5	3606845	trained	32736	31	memtrain/o_465_2.jpg	photodiode	1
3607.745	0.5	3607745	trained	32754	13	memtrain/o_136_1.jpg	photodiode	1
3608.546	0.5	3608546	untrained	32693	74	memtrain/o_550_1.jpg	photodiode	1
3609.447	0.5	3609447	catch	32671	n/a	catch_padded.jpg	photodiode	0
3610.014	0.0	3610014	response	7	n/a	n/a	trigger	0
3611.921	0.0	3611921	block_end	120	n/a	n/a	trigger	0
3619.225	0.0	3619225	response	7	n/a	n/a	trigger	0
3619.234	0.0	3619234	block_onset	114	n/a	n/a	trigger	0
3621.29	0.5	3621290	untrained	32712	55	memtrain/o_153_2.jpg	photodiode	1
3622.049	0.5	3622049	untrained	32700	67	memtrain/o_378_1.jpg	photodiode	1
3622.892	0.5	3622892	untrained	32677	90	memtrain/o_580_1.jpg	photodiode	1
3623.742	0.5	3623742	catch	32671	n/a	catch_padded.jpg	photodiode	0
3624.181	0.0	3624181	response	7	n/a	n/a	trigger	0
3625.744	0.5	3625744	trained	32746	21	memtrain/o_319_1.jpg	photodiode	1
3626.645	0.5	3626645	trained	32738	29	memtrain/o_416_1.jpg	photodiode	1
3627.546	0.5	3627546	untrained	32688	79	memtrain/o_600_1.jpg	photodiode	1
3628.296	0.5	3628296	catch	32671	n/a	catch_padded.jpg	photodiode	0
3628.752	0.0	3628752	response	7	n/a	n/a	trigger	0
3630.39	0.5	3630390	trained	32729	38	memtrain/o_603_1.jpg	photodiode	1
3631.34	0.5	3631340	trained	32739	28	memtrain/o_397_1.jpg	photodiode	1
3632.291	0.5	3632291	trained	32763	4	memtrain/o_042_1.jpg	photodiode	1
3633.242	0.5	3633242	catch	32671	n/a	catch_padded.jpg	photodiode	0
3633.624	0.0	3633624	response	7	n/a	n/a	trigger	0
3635.344	0.5	3635344	untrained	32715	52	memtrain/o_141_1.jpg	photodiode	1
3636.094	0.5	3636094	untrained	32701	66	memtrain/o_342_2.jpg	photodiode	1
3636.895	0.5	3636895	untrained	32681	86	memtrain/o_288_1.jpg	photodiode	1
3637.846	0.5	3637846	catch	32671	n/a	catch_padded.jpg	photodiode	0
3638.259	0.0	3638259	response	7	n/a	n/a	trigger	0
3639.748	0.5	3639748	untrained	32709	58	memtrain/o_192_1.jpg	photodiode	1
3640.698	0.5	3640698	trained	32747	20	memtrain/o_290_1.jpg	photodiode	1
3641.649	0.5	3641649	untrained	32696	71	memtrain/o_483_1.jpg	photodiode	1
3642.55	0.5	3642550	untrained	32679	88	memtrain/o_458_1.jpg	photodiode	1
3643.3	0.5	3643300	catch	32671	n/a	catch_padded.jpg	photodiode	0
3643.679	0.0	3643679	response	7	n/a	n/a	trigger	0
3645.402	0.5	3645402	trained	32748	19	memtrain/o_284_2.jpg	photodiode	1
3646.353	0.5	3646353	trained	32722	45	memtrain/so_090_2.jpg	photodiode	1
3647.304	0.5	3647304	trained	32759	8	memtrain/o_094_1.jpg	photodiode	1
3648.055	0.5	3648055	untrained	32684	83	memtrain/so_105_1.jpg	photodiode	1
3648.955	0.5	3648955	catch	32671	n/a	catch_padded.jpg	photodiode	0
3649.335	0.0	3649335	response	7	n/a	n/a	trigger	0
3650.857	0.5	3650857	trained	32765	2	memtrain/o_035_1.jpg	photodiode	1
3651.708	0.5	3651708	trained	32744	23	memtrain/o_338_2.jpg	photodiode	1
3652.458	0.5	3652458	trained	32737	30	memtrain/o_437_2.jpg	photodiode	1
3653.359	0.5	3653359	trained	32757	10	memtrain/o_111_2.jpg	photodiode	1
3654.21	0.5	3654210	catch	32671	n/a	catch_padded.jpg	photodiode	0
3654.601	0.0	3654601	response	7	n/a	n/a	trigger	0
3656.161	0.5	3656161	untrained	32690	77	memtrain/o_574_2.jpg	photodiode	1
3657.104	0.5	3657104	untrained	32704	63	memtrain/o_310_2.jpg	photodiode	1
3657.905	0.5	3657905	trained	32727	40	memtrain/o_648_2.jpg	photodiode	1
3658.855	0.5	3658855	untrained	32706	61	memtrain/o_298_2.jpg	photodiode	1
3659.656	0.5	3659656	trained	32733	34	memtrain/o_558_2.jpg	photodiode	1
3660.507	0.5	3660507	catch	32671	n/a	catch_padded.jpg	photodiode	0
3660.885	0.0	3660885	response	7	n/a	n/a	trigger	0
3662.459	0.5	3662459	untrained	32680	87	memtrain/o_365_1.jpg	photodiode	1
3663.259	0.5	3663259	untrained	32689	78	memtrain/o_599_1.jpg	photodiode	1
3664.11	0.5	3664110	untrained	32708	59	memtrain/o_201_2.jpg	photodiode	1
3664.861	0.5	3664861	trained	32749	18	memtrain/o_264_2.jpg	photodiode	1
3665.761	0.5	3665761	catch	32671	n/a	catch_padded.jpg	photodiode	0
3666.15	0.0	3666150	response	7	n/a	n/a	trigger	0
3667.663	0.5	3667663	trained	32754	13	memtrain/o_136_1.jpg	photodiode	1
3668.514	0.5	3668514	untrained	32692	75	memtrain/o_564_1.jpg	photodiode	1
3669.364	0.5	3669364	untrained	32683	84	memtrain/so_117_2.jpg	photodiode	1
3670.265	0.5	3670265	trained	32720	47	memtrain/so_147_2.jpg	photodiode	1
3671.216	0.5	3671216	catch	32671	n/a	catch_padded.jpg	photodiode	0
3671.58	0.0	3671580	response	7	n/a	n/a	trigger	0
3673.218	0.5	3673218	untrained	32719	48	memtrain/o_019_2.jpg	photodiode	1
3674.168	0.5	3674168	trained	32725	42	memtrain/so_034_2.jpg	photodiode	1
3674.969	0.5	3674969	untrained	32705	62	memtrain/o_304_1.jpg	photodiode	1
3675.87	0.5	3675870	catch	32671	n/a	catch_padded.jpg	photodiode	0
3676.248	0.0	3676248	response	7	n/a	n/a	trigger	0
3677.922	0.5	3677922	untrained	32691	76	memtrain/o_570_1.jpg	photodiode	1
3678.722	0.5	3678722	trained	32743	24	memtrain/o_357_1.jpg	photodiode	1
3679.573	0.5	3679573	untrained	32694	73	memtrain/o_519_2.jpg	photodiode	1
3680.424	0.5	3680424	untrained	32710	57	memtrain/o_171_1.jpg	photodiode	1
3681.174	0.5	3681174	untrained	32717	50	memtrain/o_057_2.jpg	photodiode	1
3682.125	0.5	3682125	catch	32671	n/a	catch_padded.jpg	photodiode	0
3682.568	0.0	3682568	response	7	n/a	n/a	trigger	0
3684.177	0.5	3684177	trained	32762	5	memtrain/o_067_1.jpg	photodiode	1
3685.028	0.5	3685028	untrained	32695	72	memtrain/o_490_1.jpg	photodiode	1
3685.92	0.5	3685920	trained	32750	17	memtrain/o_232_1.jpg	photodiode	1
3686.721	0.5	3686721	catch	32671	n/a	catch_padded.jpg	photodiode	0
3687.403	0.0	3687403	response	7	n/a	n/a	trigger	0
3688.822	0.5	3688822	trained	32728	39	memtrain/o_606_1.jpg	photodiode	1
3689.673	0.5	3689673	trained	32721	46	memtrain/so_113_1.jpg	photodiode	1
3690.524	0.5	3690524	trained	32740	27	memtrain/o_379_2.jpg	photodiode	1
3691.325	0.5	3691325	catch	32671	n/a	catch_padded.jpg	photodiode	0
3691.684	0.0	3691684	response	7	n/a	n/a	trigger	0
3693.376	0.5	3693376	untrained	32716	51	memtrain/o_103_2.jpg	photodiode	1
3694.327	0.5	3694327	trained	32756	11	memtrain/o_117_2.jpg	photodiode	1
3695.078	0.5	3695078	trained	32751	16	memtrain/o_199_2.jpg	photodiode	1
3695.979	0.5	3695979	untrained	32675	92	memtrain/so_033_1.jpg	photodiode	1
3696.729	0.5	3696729	catch	32671	n/a	catch_padded.jpg	photodiode	0
3697.239	0.0	3697239	response	7	n/a	n/a	trigger	0
3698.831	0.5	3698831	trained	32753	14	memtrain/o_174_1.jpg	photodiode	1
3699.732	0.5	3699732	untrained	32693	74	memtrain/o_550_1.jpg	photodiode	1
3700.632	0.5	3700632	untrained	32698	69	memtrain/o_464_2.jpg	photodiode	1
3701.383	0.5	3701383	catch	32671	n/a	catch_padded.jpg	photodiode	0
3701.989	0.0	3701989	response	7	n/a	n/a	trigger	0
3703.435	0.5	3703435	trained	32760	7	memtrain/o_091_2.jpg	photodiode	1
3704.286	0.5	3704286	untrained	32697	70	memtrain/o_471_2.jpg	photodiode	1
3705.036	0.5	3705036	untrained	32672	95	memtrain/so_125_1.jpg	photodiode	1
3705.937	0.5	3705937	catch	32671	n/a	catch_padded.jpg	photodiode	0
3706.315	0.0	3706315	response	7	n/a	n/a	trigger	0
3707.839	0.5	3707839	untrained	32713	54	memtrain/o_145_1.jpg	photodiode	1
3708.739	0.5	3708739	untrained	32682	85	memtrain/o_218_1.jpg	photodiode	1
3709.49	0.5	3709490	trained	32726	41	memtrain/o_663_2.jpg	photodiode	1
3710.291	0.5	3710291	untrained	32702	65	memtrain/o_337_2.jpg	photodiode	1
3711.191	0.5	3711191	catch	32671	n/a	catch_padded.jpg	photodiode	0
3711.569	0.0	3711569	response	7	n/a	n/a	trigger	0
3713.093	0.5	3713093	untrained	32711	56	memtrain/o_163_2.jpg	photodiode	1
3713.844	0.5	3713844	trained	32723	44	memtrain/so_045_1.jpg	photodiode	1
3714.594	0.5	3714594	trained	32732	35	memtrain/o_561_2.jpg	photodiode	1
3715.387	0.5	3715387	catch	32671	n/a	catch_padded.jpg	photodiode	0
3715.834	0.0	3715834	response	7	n/a	n/a	trigger	0
3717.388	0.5	3717388	untrained	32687	80	memtrain/o_613_1.jpg	photodiode	1
3718.147	0.5	3718147	trained	32755	12	memtrain/o_127_2.jpg	photodiode	1
3719.04	0.5	3719040	trained	32734	33	memtrain/o_536_1.jpg	photodiode	1
3719.941	0.5	3719941	trained	32761	6	memtrain/o_076_1.jpg	photodiode	1
3720.691	0.5	3720691	catch	32671	n/a	catch_padded.jpg	photodiode	0
3721.057	0.0	3721057	response	7	n/a	n/a	trigger	0
3722.651	0.5	3722651	trained	32730	37	memtrain/o_597_1.jpg	photodiode	1
3723.544	0.5	3723544	trained	32741	26	memtrain/o_376_1.jpg	photodiode	1
3724.344	0.5	3724344	untrained	32676	91	memtrain/o_605_1.jpg	photodiode	1
3725.145	0.5	3725145	catch	32671	n/a	catch_padded.jpg	photodiode	0
3725.508	0.0	3725508	response	7	n/a	n/a	trigger	0
3727.197	0.5	3727197	trained	32742	25	memtrain/o_358_2.jpg	photodiode	1
3727.947	0.5	3727947	trained	32736	31	memtrain/o_465_2.jpg	photodiode	1
3728.748	0.5	3728748	untrained	32686	81	memtrain/o_655_2.jpg	photodiode	1
3729.649	0.5	3729649	trained	32724	43	memtrain/so_043_2.jpg	photodiode	1
3730.5	0.5	3730500	untrained	32714	53	memtrain/o_142_2.jpg	photodiode	1
3731.25	0.5	3731250	catch	32671	n/a	catch_padded.jpg	photodiode	0
3731.854	0.0	3731854	response	7	n/a	n/a	trigger	0
3733.16	0.5	3733160	untrained	32685	82	memtrain/o_656_1.jpg	photodiode	1
3733.952	0.5	3733952	trained	32767	0	memtrain/o_006_1.jpg	photodiode	1
3734.703	0.5	3734703	trained	32731	36	memtrain/o_583_1.jpg	photodiode	1
3735.504	0.5	3735504	trained	32758	9	memtrain/o_101_2.jpg	photodiode	1
3736.304	0.5	3736304	untrained	32678	89	memtrain/o_469_1.jpg	photodiode	1
3737.155	0.5	3737155	catch	32671	n/a	catch_padded.jpg	photodiode	0
3737.579	0.0	3737579	response	7	n/a	n/a	trigger	0
3739.057	0.5	3739057	untrained	32699	68	memtrain/o_393_1.jpg	photodiode	1
3739.958	0.5	3739958	untrained	32673	94	memtrain/so_067_1.jpg	photodiode	1
3740.708	0.5	3740708	untrained	32703	64	memtrain/o_334_2.jpg	photodiode	1
3741.609	0.5	3741609	trained	32764	3	memtrain/o_040_2.jpg	photodiode	1
3742.56	0.5	3742560	catch	32671	n/a	catch_padded.jpg	photodiode	0
3743.067	0.0	3743067	response	7	n/a	n/a	trigger	0
3744.561	0.5	3744561	untrained	32674	93	memtrain/so_035_1.jpg	photodiode	1
3745.304	0.5	3745304	trained	32752	15	memtrain/o_195_1.jpg	photodiode	1
3746.104	0.5	3746104	untrained	32707	60	memtrain/o_228_2.jpg	photodiode	1
3746.855	0.5	3746855	trained	32766	1	memtrain/o_015_1.jpg	photodiode	1
3747.706	0.5	3747706	trained	32745	22	memtrain/o_321_1.jpg	photodiode	1
3748.456	0.5	3748456	catch	32671	n/a	catch_padded.jpg	photodiode	0
3748.866	0.0	3748866	response	7	n/a	n/a	trigger	0
3750.567	0.5	3750567	trained	32735	32	memtrain/o_485_2.jpg	photodiode	1
3751.517	0.5	3751517	untrained	32718	49	memtrain/o_054_2.jpg	photodiode	1
3752.46	0.5	3752460	trained	32747	20	memtrain/o_290_1.jpg	photodiode	1
3753.21	0.5	3753210	untrained	32708	59	memtrain/o_201_2.jpg	photodiode	1
3754.111	0.5	3754111	trained	32732	35	memtrain/o_561_2.jpg	photodiode	1
3754.962	0.5	3754962	catch	32671	n/a	catch_padded.jpg	photodiode	0
3755.578	0.0	3755578	response	7	n/a	n/a	trigger	0
3757.064	0.5	3757064	untrained	32710	57	memtrain/o_171_1.jpg	photodiode	1
3758.014	0.5	3758014	untrained	32691	76	memtrain/o_570_1.jpg	photodiode	1
3758.765	0.5	3758765	trained	32726	41	memtrain/o_663_2.jpg	photodiode	1
3759.716	0.5	3759716	trained	32746	21	memtrain/o_319_1.jpg	photodiode	1
3760.617	0.5	3760617	trained	32744	23	memtrain/o_338_2.jpg	photodiode	1
3761.467	0.5	3761467	catch	32671	n/a	catch_padded.jpg	photodiode	0
3761.852	0.0	3761852	response	7	n/a	n/a	trigger	0
3763.419	0.5	3763419	trained	32727	40	memtrain/o_648_2.jpg	photodiode	1
3764.37	0.5	3764370	trained	32758	9	memtrain/o_101_2.jpg	photodiode	1
3765.271	0.5	3765271	untrained	32680	87	memtrain/o_365_1.jpg	photodiode	1
3766.071	0.5	3766071	untrained	32709	58	memtrain/o_192_1.jpg	photodiode	1
3766.822	0.5	3766822	trained	32751	16	memtrain/o_199_2.jpg	photodiode	1
3767.673	0.5	3767673	catch	32671	n/a	catch_padded.jpg	photodiode	0
3768.07	0.0	3768070	response	7	n/a	n/a	trigger	0
3769.724	0.5	3769724	trained	32724	43	memtrain/so_043_2.jpg	photodiode	1
3770.675	0.5	3770675	untrained	32702	65	memtrain/o_337_2.jpg	photodiode	1
3771.626	0.5	3771626	trained	32735	32	memtrain/o_485_2.jpg	photodiode	1
3772.468	0.5	3772468	catch	32671	n/a	catch_padded.jpg	photodiode	0
3772.884	0.0	3772884	response	7	n/a	n/a	trigger	0
3774.57	0.5	3774570	untrained	32682	85	memtrain/o_218_1.jpg	photodiode	1
3775.521	0.5	3775521	trained	32730	37	memtrain/o_597_1.jpg	photodiode	1
3776.38	0.5	3776380	untrained	32706	61	memtrain/o_298_2.jpg	photodiode	1
3777.281	0.5	3777281	untrained	32700	67	memtrain/o_378_1.jpg	photodiode	1
3778.123	0.5	3778123	catch	32671	n/a	catch_padded.jpg	photodiode	0
3778.525	0.0	3778525	response	7	n/a	n/a	trigger	0
3780.075	0.5	3780075	trained	32731	36	memtrain/o_583_1.jpg	photodiode	1
3780.876	0.5	3780876	trained	32739	28	memtrain/o_397_1.jpg	photodiode	1
3781.826	0.5	3781826	untrained	32683	84	memtrain/so_117_2.jpg	photodiode	1
3782.627	0.5	3782627	untrained	32685	82	memtrain/o_656_1.jpg	photodiode	1
3783.378	0.5	3783378	catch	32671	n/a	catch_padded.jpg	photodiode	0
3783.721	0.0	3783721	response	7	n/a	n/a	trigger	0
3785.329	0.5	3785329	trained	32736	31	memtrain/o_465_2.jpg	photodiode	1
3786.23	0.5	3786230	untrained	32695	72	memtrain/o_490_1.jpg	photodiode	1
3787.181	0.5	3787181	untrained	32713	54	memtrain/o_145_1.jpg	photodiode	1
3788.132	0.5	3788132	untrained	32681	86	memtrain/o_288_1.jpg	photodiode	1
3789.083	0.5	3789083	trained	32764	3	memtrain/o_040_2.jpg	photodiode	1
3789.933	0.5	3789933	catch	32671	n/a	catch_padded.jpg	photodiode	0
3790.322	0.0	3790322	response	7	n/a	n/a	trigger	0
3791.985	0.5	3791985	trained	32721	46	memtrain/so_113_1.jpg	photodiode	1
3792.736	0.5	3792736	trained	32748	19	memtrain/o_284_2.jpg	photodiode	1
3793.586	0.5	3793586	trained	32723	44	memtrain/so_045_1.jpg	photodiode	1
3794.487	0.5	3794487	trained	32722	45	memtrain/so_090_2.jpg	photodiode	1
3795.288	0.5	3795288	catch	32671	n/a	catch_padded.jpg	photodiode	0
3795.694	0.0	3795694	response	7	n/a	n/a	trigger	0
3797.34	0.5	3797340	untrained	32679	88	memtrain/o_458_1.jpg	photodiode	1
3798.09	0.5	3798090	untrained	32689	78	memtrain/o_599_1.jpg	photodiode	1
3798.841	0.5	3798841	trained	32763	4	memtrain/o_042_1.jpg	photodiode	1
3799.591	0.5	3799591	catch	32671	n/a	catch_padded.jpg	photodiode	0
3800.027	0.0	3800027	response	7	n/a	n/a	trigger	0
3801.693	0.5	3801693	untrained	32694	73	memtrain/o_519_2.jpg	photodiode	1
3802.536	0.5	3802536	untrained	32707	60	memtrain/o_228_2.jpg	photodiode	1
3803.345	0.5	3803345	untrained	32697	70	memtrain/o_471_2.jpg	photodiode	1
3804.187	0.5	3804187	untrained	32715	52	memtrain/o_141_1.jpg	photodiode	1
3804.988	0.5	3804988	catch	32671	n/a	catch_padded.jpg	photodiode	0
3805.516	0.0	3805516	response	7	n/a	n/a	trigger	0
3806.889	0.5	3806889	untrained	32675	92	memtrain/so_033_1.jpg	photodiode	1
3807.698	0.5	3807698	trained	32741	26	memtrain/o_376_1.jpg	photodiode	1
3808.541	0.5	3808541	untrained	32701	66	memtrain/o_342_2.jpg	photodiode	1
3809.441	0.5	3809441	trained	32749	18	memtrain/o_264_2.jpg	photodiode	1
3810.392	0.5	3810392	untrained	32672	95	memtrain/so_125_1.jpg	photodiode	1
3811.193	0.5	3811193	catch	32671	n/a	catch_padded.jpg	photodiode	0
3811.61	0.0	3811610	response	7	n/a	n/a	trigger	0
3813.295	0.5	3813295	trained	32761	6	memtrain/o_076_1.jpg	photodiode	1
3814.045	0.5	3814045	untrained	32704	63	memtrain/o_310_2.jpg	photodiode	1
3814.946	0.5	3814946	trained	32737	30	memtrain/o_437_2.jpg	photodiode	1
3815.797	0.5	3815797	catch	32671	n/a	catch_padded.jpg	photodiode	0
3816.252	0.0	3816252	response	7	n/a	n/a	trigger	0
3817.849	0.5	3817849	untrained	32684	83	memtrain/so_105_1.jpg	photodiode	1
3818.699	0.5	3818699	untrained	32686	81	memtrain/o_655_2.jpg	photodiode	1
3819.65	0.5	3819650	untrained	32687	80	memtrain/o_613_1.jpg	photodiode	1
3820.601	0.5	3820601	trained	32766	1	memtrain/o_015_1.jpg	photodiode	1
3821.402	0.5	3821402	untrained	32698	69	memtrain/o_464_2.jpg	photodiode	1
3822.302	0.5	3822302	catch	32671	n/a	catch_padded.jpg	photodiode	0
3822.722	0.0	3822722	response	7	n/a	n/a	trigger	0
3824.354	0.5	3824354	trained	32728	39	memtrain/o_606_1.jpg	photodiode	1
3825.105	0.5	3825105	trained	32733	34	memtrain/o_558_2.jpg	photodiode	1
3825.905	0.5	3825905	trained	32753	14	memtrain/o_174_1.jpg	photodiode	1
3826.756	0.5	3826756	catch	32671	n/a	catch_padded.jpg	photodiode	0
3827.252	0.0	3827252	response	7	n/a	n/a	trigger	0
3828.758	0.5	3828758	untrained	32677	90	memtrain/o_580_1.jpg	photodiode	1
3829.508	0.5	3829508	trained	32742	25	memtrain/o_358_2.jpg	photodiode	1
3830.251	0.5	3830251	untrained	32674	93	memtrain/so_035_1.jpg	photodiode	1
3831.152	0.5	3831152	trained	32755	12	memtrain/o_127_2.jpg	photodiode	1
3832.102	0.5	3832102	untrained	32678	89	memtrain/o_469_1.jpg	photodiode	1
3833.07	0.5	3833070	catch	32671	n/a	catch_padded.jpg	photodiode	0
3833.654	0.0	3833654	response	7	n/a	n/a	trigger	0
3835.005	0.5	3835005	untrained	32692	75	memtrain/o_564_1.jpg	photodiode	1
3835.856	0.5	3835856	untrained	32703	64	memtrain/o_334_2.jpg	photodiode	1
3836.756	0.5	3836756	untrained	32676	91	memtrain/o_605_1.jpg	photodiode	1
3837.657	0.5	3837657	untrained	32719	48	memtrain/o_019_2.jpg	photodiode	1
3838.508	0.5	3838508	untrained	32673	94	memtrain/so_067_1.jpg	photodiode	1
3839.308	0.5	3839308	catch	32671	n/a	catch_padded.jpg	photodiode	0
3839.751	0.0	3839751	response	7	n/a	n/a	trigger	0
3841.268	0.5	3841268	trained	32760	7	memtrain/o_091_2.jpg	photodiode	1
3842.161	0.5	3842161	untrained	32711	56	memtrain/o_163_2.jpg	photodiode	1
3843.012	0.5	3843012	trained	32729	38	memtrain/o_603_1.jpg	photodiode	1
3843.862	0.5	3843862	untrained	32718	49	memtrain/o_054_2.jpg	photodiode	1
3844.713	0.5	3844713	catch	32671	n/a	catch_padded.jpg	photodiode	0
3845.202	0.0	3845202	response	7	n/a	n/a	trigger	0
3846.665	0.5	3846665	untrained	32690	77	memtrain/o_574_2.jpg	photodiode	1
3847.616	0.5	3847616	untrained	32714	53	memtrain/o_142_2.jpg	photodiode	1
3848.366	0.5	3848366	untrained	32705	62	memtrain/o_304_1.jpg	photodiode	1
3849.167	0.5	3849167	trained	32757	10	memtrain/o_111_2.jpg	photodiode	1
3850.018	0.5	3850018	untrained	32696	71	memtrain/o_483_1.jpg	photodiode	1
3850.818	0.5	3850818	catch	32671	n/a	catch_padded.jpg	photodiode	0
3851.208	0.0	3851208	response	7	n/a	n/a	trigger	0
3852.82	0.5	3852820	untrained	32688	79	memtrain/o_600_1.jpg	photodiode	1
3853.721	0.5	3853721	trained	32767	0	memtrain/o_006_1.jpg	photodiode	1
3854.571	0.5	3854571	trained	32720	47	memtrain/so_147_2.jpg	photodiode	1
3855.372	0.5	3855372	trained	32734	33	memtrain/o_536_1.jpg	photodiode	1
3856.273	0.5	3856273	trained	32752	15	memtrain/o_195_1.jpg	photodiode	1
3857.074	0.5	3857074	catch	32671	n/a	catch_padded.jpg	photodiode	0
3857.648	0.0	3857648	response	7	n/a	n/a	trigger	0
3859.025	0.5	3859025	trained	32754	13	memtrain/o_136_1.jpg	photodiode	1
3859.826	0.5	3859826	trained	32756	11	memtrain/o_117_2.jpg	photodiode	1
3860.668	0.5	3860668	untrained	32717	50	memtrain/o_057_2.jpg	photodiode	1
3861.469	0.5	3861469	trained	32743	24	memtrain/o_357_1.jpg	photodiode	1
3862.32	0.5	3862320	catch	32671	n/a	catch_padded.jpg	photodiode	0
3862.855	0.0	3862855	response	7	n/a	n/a	trigger	0
3864.28	0.5	3864280	untrained	32716	51	memtrain/o_103_2.jpg	photodiode	1
3865.172	0.5	3865172	trained	32740	27	memtrain/o_379_2.jpg	photodiode	1
3865.973	0.5	3865973	trained	32759	8	memtrain/o_094_1.jpg	photodiode	1
3866.923	0.5	3866923	trained	32745	22	memtrain/o_321_1.jpg	photodiode	1
3867.874	0.5	3867874	untrained	32693	74	memtrain/o_550_1.jpg	photodiode	1
3868.825	0.5	3868825	catch	32671	n/a	catch_padded.jpg	photodiode	0
3869.214	0.0	3869214	response	7	n/a	n/a	trigger	0
3870.927	0.5	3870927	untrained	32699	68	memtrain/o_393_1.jpg	photodiode	1
3871.728	0.5	3871728	trained	32738	29	memtrain/o_416_1.jpg	photodiode	1
3872.478	0.5	3872478	untrained	32712	55	memtrain/o_153_2.jpg	photodiode	1
3873.329	0.5	3873329	trained	32725	42	memtrain/so_034_2.jpg	photodiode	1
3874.23	0.5	3874230	catch	32671	n/a	catch_padded.jpg	photodiode	0
3874.677	0.0	3874677	response	7	n/a	n/a	trigger	0
3876.331	0.5	3876331	trained	32765	2	memtrain/o_035_1.jpg	photodiode	1
3877.082	0.5	3877082	trained	32762	5	memtrain/o_067_1.jpg	photodiode	1
3877.933	0.5	3877933	trained	32750	17	memtrain/o_232_1.jpg	photodiode	1
3878.683	0.5	3878683	catch	32671	n/a	catch_padded.jpg	photodiode	0
3879.256	0.0	3879256	response	7	n/a	n/a	trigger	0
3881.157	0.0	3881157	block_end	120	n/a	n/a	trigger	0
3887.795	0.0	3887795	response	7	n/a	n/a	trigger	0
3887.804	0.0	3887804	block_onset	115	n/a	n/a	trigger	0
3889.86	0.5	3889860	untrained	32715	52	memtrain/o_141_1.jpg	photodiode	1
3890.66	0.5	3890660	untrained	32692	75	memtrain/o_564_1.jpg	photodiode	1
3891.561	0.5	3891561	untrained	32693	74	memtrain/o_550_1.jpg	photodiode	1
3892.512	0.5	3892512	untrained	32711	56	memtrain/o_163_2.jpg	photodiode	1
3893.413	0.5	3893413	catch	32671	n/a	catch_padded.jpg	photodiode	0
3894.124	0.0	3894124	response	7	n/a	n/a	trigger	0
3895.414	0.5	3895414	untrained	32685	82	memtrain/o_656_1.jpg	photodiode	1
3896.357	0.5	3896357	trained	32738	29	memtrain/o_416_1.jpg	photodiode	1
3897.216	0.5	3897216	untrained	32687	80	memtrain/o_613_1.jpg	photodiode	1
3897.958	0.5	3897958	untrained	32717	50	memtrain/o_057_2.jpg	photodiode	1
3898.859	0.5	3898859	trained	32744	23	memtrain/o_338_2.jpg	photodiode	1
3899.76	0.5	3899760	catch	32671	n/a	catch_padded.jpg	photodiode	0
3900.158	0.0	3900158	response	7	n/a	n/a	trigger	0
3901.761	0.5	3901761	trained	32743	24	memtrain/o_357_1.jpg	photodiode	1
3902.562	0.5	3902562	untrained	32694	73	memtrain/o_519_2.jpg	photodiode	1
3903.513	0.5	3903513	trained	32755	12	memtrain/o_127_2.jpg	photodiode	1
3904.314	0.5	3904314	untrained	32697	70	memtrain/o_471_2.jpg	photodiode	1
3905.264	0.5	3905264	catch	32671	n/a	catch_padded.jpg	photodiode	0
3905.701	0.0	3905701	response	7	n/a	n/a	trigger	0
3907.166	0.5	3907166	untrained	32716	51	memtrain/o_103_2.jpg	photodiode	1
3907.917	0.5	3907917	trained	32732	35	memtrain/o_561_2.jpg	photodiode	1
3908.717	0.5	3908717	trained	32730	37	memtrain/o_597_1.jpg	photodiode	1
3909.518	0.5	3909518	catch	32671	n/a	catch_padded.jpg	photodiode	0
3909.923	0.0	3909923	response	7	n/a	n/a	trigger	0
3911.57	0.5	3911570	trained	32723	44	memtrain/so_045_1.jpg	photodiode	1
3912.471	0.5	3912471	trained	32721	46	memtrain/so_113_1.jpg	photodiode	1
3913.421	0.5	3913421	trained	32757	10	memtrain/o_111_2.jpg	photodiode	1
3914.322	0.5	3914322	trained	32739	28	memtrain/o_397_1.jpg	photodiode	1
3915.273	0.5	3915273	trained	32750	17	memtrain/o_232_1.jpg	photodiode	1
3916.074	0.5	3916074	catch	32671	n/a	catch_padded.jpg	photodiode	0
3916.696	0.0	3916696	response	7	n/a	n/a	trigger	0
3918.175	0.5	3918175	trained	32748	19	memtrain/o_284_2.jpg	photodiode	1
3918.926	0.5	3918926	trained	32754	13	memtrain/o_136_1.jpg	photodiode	1
3919.777	0.5	3919777	untrained	32706	61	memtrain/o_298_2.jpg	photodiode	1
3920.577	0.5	3920577	untrained	32703	64	memtrain/o_334_2.jpg	photodiode	1
3921.378	0.5	3921378	trained	32733	34	memtrain/o_558_2.jpg	photodiode	1
3922.229	0.5	3922229	catch	32671	n/a	catch_padded.jpg	photodiode	0
3922.626	0.0	3922626	response	7	n/a	n/a	trigger	0
3924.281	0.5	3924281	untrained	32705	62	memtrain/o_304_1.jpg	photodiode	1
3925.123	0.5	3925123	trained	32758	9	memtrain/o_101_2.jpg	photodiode	1
3925.873	0.5	3925873	trained	32742	25	memtrain/o_358_2.jpg	photodiode	1
3926.633	0.5	3926633	trained	32722	45	memtrain/so_090_2.jpg	photodiode	1
3927.575	0.5	3927575	untrained	32684	83	memtrain/so_105_1.jpg	photodiode	1
3928.376	0.5	3928376	catch	32671	n/a	catch_padded.jpg	photodiode	0
3928.802	0.0	3928802	response	7	n/a	n/a	trigger	0
3930.277	0.5	3930277	trained	32740	27	memtrain/o_379_2.jpg	photodiode	1
3931.228	0.5	3931228	untrained	32702	65	memtrain/o_337_2.jpg	photodiode	1
3932.179	0.5	3932179	trained	32767	0	memtrain/o_006_1.jpg	photodiode	1
3933.029	0.5	3933029	trained	32720	47	memtrain/so_147_2.jpg	photodiode	1
3933.98	0.5	3933980	catch	32671	n/a	catch_padded.jpg	photodiode	0
3934.399	0.0	3934399	response	7	n/a	n/a	trigger	0
3935.982	0.5	3935982	trained	32752	15	memtrain/o_195_1.jpg	photodiode	1
3936.883	0.5	3936883	trained	32734	33	memtrain/o_536_1.jpg	photodiode	1
3937.683	0.5	3937683	untrained	32714	53	memtrain/o_142_2.jpg	photodiode	1
3938.434	0.5	3938434	trained	32724	43	memtrain/so_043_2.jpg	photodiode	1
3939.285	0.5	3939285	catch	32671	n/a	catch_padded.jpg	photodiode	0
3939.651	0.0	3939651	response	7	n/a	n/a	trigger	0
3941.387	0.5	3941387	untrained	32700	67	memtrain/o_378_1.jpg	photodiode	1
3942.187	0.5	3942187	untrained	32696	71	memtrain/o_483_1.jpg	photodiode	1
3943.038	0.5	3943038	untrained	32688	79	memtrain/o_600_1.jpg	photodiode	1
3943.839	0.5	3943839	untrained	32674	93	memtrain/so_035_1.jpg	photodiode	1
3944.689	0.5	3944689	catch	32671	n/a	catch_padded.jpg	photodiode	0
3945.119	0.0	3945119	response	7	n/a	n/a	trigger	0
3946.691	0.5	3946691	trained	32762	5	memtrain/o_067_1.jpg	photodiode	1
3947.592	0.5	3947592	untrained	32689	78	memtrain/o_599_1.jpg	photodiode	1
3948.443	0.5	3948443	trained	32727	40	memtrain/o_648_2.jpg	photodiode	1
3949.293	0.5	3949293	catch	32671	n/a	catch_padded.jpg	photodiode	0
3949.704	0.0	3949704	response	7	n/a	n/a	trigger	0
3951.245	0.5	3951245	trained	32760	7	memtrain/o_091_2.jpg	photodiode	1
3952.146	0.5	3952146	trained	32759	8	memtrain/o_094_1.jpg	photodiode	1
3952.896	0.5	3952896	trained	32761	6	memtrain/o_076_1.jpg	photodiode	1
3953.847	0.5	3953847	trained	32746	21	memtrain/o_319_1.jpg	photodiode	1
3954.74	0.5	3954740	trained	32725	42	memtrain/so_034_2.jpg	photodiode	1
3955.69	0.5	3955690	catch	32671	n/a	catch_padded.jpg	photodiode	0
3956.763	0.0	3956763	response	7	n/a	n/a	trigger	0
3957.592	0.5	3957592	untrained	32699	68	memtrain/o_393_1.jpg	photodiode	1
3958.543	0.5	3958543	untrained	32686	81	memtrain/o_655_2.jpg	photodiode	1
3959.344	0.5	3959344	untrained	32698	69	memtrain/o_464_2.jpg	photodiode	1
3960.294	0.5	3960294	trained	32735	32	memtrain/o_485_2.jpg	photodiode	1
3961.095	0.5	3961095	catch	32671	n/a	catch_padded.jpg	photodiode	0
3961.931	0.0	3961931	response	7	n/a	n/a	trigger	0
3963.047	0.5	3963047	trained	32749	18	memtrain/o_264_2.jpg	photodiode	1
3963.897	0.5	3963897	trained	32728	39	memtrain/o_606_1.jpg	photodiode	1
3964.648	0.5	3964648	trained	32765	2	memtrain/o_035_1.jpg	photodiode	1
3965.449	0.5	3965449	catch	32671	n/a	catch_padded.jpg	photodiode	0
3966.091	0.0	3966091	response	7	n/a	n/a	trigger	0
3967.4	0.5	3967400	untrained	32675	92	memtrain/so_033_1.jpg	photodiode	1
3968.301	0.5	3968301	trained	32726	41	memtrain/o_663_2.jpg	photodiode	1
3969.102	0.5	3969102	untrained	32707	60	memtrain/o_228_2.jpg	photodiode	1
3970.003	0.5	3970003	catch	32671	n/a	catch_padded.jpg	photodiode	0
3970.599	0.0	3970599	response	7	n/a	n/a	trigger	0
3971.954	0.5	3971954	trained	32731	36	memtrain/o_583_1.jpg	photodiode	1
3972.705	0.5	3972705	untrained	32681	86	memtrain/o_288_1.jpg	photodiode	1
3973.556	0.5	3973556	untrained	32718	49	memtrain/o_054_2.jpg	photodiode	1
3974.456	0.5	3974456	catch	32671	n/a	catch_padded.jpg	photodiode	0
3974.908	0.0	3974908	response	7	n/a	n/a	trigger	0
3976.408	0.5	3976408	trained	32763	4	memtrain/o_042_1.jpg	photodiode	1
3977.159	0.5	3977159	untrained	32713	54	memtrain/o_145_1.jpg	photodiode	1
3977.909	0.5	3977909	untrained	32682	85	memtrain/o_218_1.jpg	photodiode	1
3978.71	0.5	3978710	catch	32671	n/a	catch_padded.jpg	photodiode	0
3979.154	0.0	3979154	response	7	n/a	n/a	trigger	0
3980.712	0.5	3980712	trained	32729	38	memtrain/o_603_1.jpg	photodiode	1
3981.512	0.5	3981512	untrained	32691	76	memtrain/o_570_1.jpg	photodiode	1
3982.413	0.5	3982413	untrained	32704	63	memtrain/o_310_2.jpg	photodiode	1
3983.155	0.5	3983155	untrained	32709	58	memtrain/o_192_1.jpg	photodiode	1
3984.056	0.5	3984056	trained	32766	1	memtrain/o_015_1.jpg	photodiode	1
3985.007	0.5	3985007	catch	32671	n/a	catch_padded.jpg	photodiode	0
3985.352	0.0	3985352	response	7	n/a	n/a	trigger	0
3987.059	0.5	3987059	trained	32747	20	memtrain/o_290_1.jpg	photodiode	1
3987.909	0.5	3987909	untrained	32680	87	memtrain/o_365_1.jpg	photodiode	1
3988.81	0.5	3988810	untrained	32673	94	memtrain/so_067_1.jpg	photodiode	1
3989.561	0.5	3989561	trained	32736	31	memtrain/o_465_2.jpg	photodiode	1
3990.361	0.5	3990361	catch	32671	n/a	catch_padded.jpg	photodiode	0
3990.729	0.0	3990729	response	7	n/a	n/a	trigger	0
3992.413	0.5	3992413	untrained	32719	48	memtrain/o_019_2.jpg	photodiode	1
3993.364	0.5	3993364	untrained	32679	88	memtrain/o_458_1.jpg	photodiode	1
3994.315	0.5	3994315	untrained	32683	84	memtrain/so_117_2.jpg	photodiode	1
3995.165	0.5	3995165	catch	32671	n/a	catch_padded.jpg	photodiode	0
3995.758	0.0	3995758	response	7	n/a	n/a	trigger	0
3997.067	0.5	3997067	untrained	32695	72	memtrain/o_490_1.jpg	photodiode	1
3997.868	0.5	3997868	untrained	32677	90	memtrain/o_580_1.jpg	photodiode	1
3998.719	0.5	3998719	untrained	32708	59	memtrain/o_201_2.jpg	photodiode	1
3999.469	0.5	3999469	untrained	32710	57	memtrain/o_171_1.jpg	photodiode	1
4000.27	0.5	4000270	untrained	32712	55	memtrain/o_153_2.jpg	photodiode	1
4001.02	0.5	4001020	catch	32671	n/a	catch_padded.jpg	photodiode	0
4001.39	0.0	4001390	response	7	n/a	n/a	trigger	0
4003.072	0.5	4003072	trained	32751	16	memtrain/o_199_2.jpg	photodiode	1
4003.923	0.5	4003923	trained	32764	3	memtrain/o_040_2.jpg	photodiode	1
4004.774	0.5	4004774	trained	32745	22	memtrain/o_321_1.jpg	photodiode	1
4005.724	0.5	4005724	untrained	32678	89	memtrain/o_469_1.jpg	photodiode	1
4006.475	0.5	4006475	catch	32671	n/a	catch_padded.jpg	photodiode	0
4006.862	0.0	4006862	response	7	n/a	n/a	trigger	0
4008.427	0.5	4008427	untrained	32701	66	memtrain/o_342_2.jpg	photodiode	1
4009.177	0.5	4009177	trained	32753	14	memtrain/o_174_1.jpg	photodiode	1
4010.078	0.5	4010078	trained	32741	26	memtrain/o_376_1.jpg	photodiode	1
4010.929	0.5	4010929	catch	32671	n/a	catch_padded.jpg	photodiode	0
4011.349	0.0	4011349	response	7	n/a	n/a	trigger	0
4013.031	0.5	4013031	untrained	32676	91	memtrain/o_605_1.jpg	photodiode	1
4013.831	0.5	4013831	untrained	32690	77	memtrain/o_574_2.jpg	photodiode	1
4014.624	0.5	4014624	trained	32737	30	memtrain/o_437_2.jpg	photodiode	1
4015.525	0.5	4015525	trained	32756	11	memtrain/o_117_2.jpg	photodiode	1
4016.383	0.5	4016383	untrained	32672	95	memtrain/so_125_1.jpg	photodiode	1
4017.226	0.5	4017226	catch	32671	n/a	catch_padded.jpg	photodiode	0
4017.64	0.0	4017640	response	7	n/a	n/a	trigger	0
4019.228	0.5	4019228	trained	32737	30	memtrain/o_437_2.jpg	photodiode	1
4020.078	0.5	4020078	trained	32731	36	memtrain/o_583_1.jpg	photodiode	1
4020.829	0.5	4020829	untrained	32717	50	memtrain/o_057_2.jpg	photodiode	1
4021.78	0.5	4021780	untrained	32676	91	memtrain/o_605_1.jpg	photodiode	1
4022.53	0.5	4022530	catch	32671	n/a	catch_padded.jpg	photodiode	0
4022.926	0.0	4022926	response	7	n/a	n/a	trigger	0
4024.432	0.5	4024432	trained	32759	8	memtrain/o_094_1.jpg	photodiode	1
4025.183	0.5	4025183	trained	32741	26	memtrain/o_376_1.jpg	photodiode	1
4026.134	0.5	4026134	trained	32767	0	memtrain/o_006_1.jpg	photodiode	1
4027.034	0.5	4027034	untrained	32715	52	memtrain/o_141_1.jpg	photodiode	1
4027.935	0.5	4027935	catch	32671	n/a	catch_padded.jpg	photodiode	0
4028.272	0.0	4028272	response	7	n/a	n/a	trigger	0
4029.887	0.5	4029887	untrained	32694	73	memtrain/o_519_2.jpg	photodiode	1
4030.687	0.5	4030687	untrained	32682	85	memtrain/o_218_1.jpg	photodiode	1
4031.588	0.5	4031588	trained	32764	3	memtrain/o_040_2.jpg	photodiode	1
4032.489	0.5	4032489	catch	32671	n/a	catch_padded.jpg	photodiode	0
4033.047	0.0	4033047	response	7	n/a	n/a	trigger	0
4034.391	0.5	4034391	untrained	32678	89	memtrain/o_469_1.jpg	photodiode	1
4035.291	0.5	4035291	trained	32727	40	memtrain/o_648_2.jpg	photodiode	1
4036.142	0.5	4036142	trained	32752	15	memtrain/o_195_1.jpg	photodiode	1
4036.993	0.5	4036993	trained	32743	24	memtrain/o_357_1.jpg	photodiode	1
4037.944	0.5	4037944	catch	32671	n/a	catch_padded.jpg	photodiode	0
4038.431	0.0	4038431	response	7	n/a	n/a	trigger	0
4040.045	0.5	4040045	trained	32740	27	memtrain/o_379_2.jpg	photodiode	1
4040.896	0.5	4040896	untrained	32697	70	memtrain/o_471_2.jpg	photodiode	1
4041.638	0.5	4041638	trained	32757	10	memtrain/o_111_2.jpg	photodiode	1
4042.439	0.5	4042439	catch	32671	n/a	catch_padded.jpg	photodiode	0
4042.859	0.0	4042859	response	7	n/a	n/a	trigger	0
4044.349	0.5	4044349	untrained	32680	87	memtrain/o_365_1.jpg	photodiode	1
4045.241	0.5	4045241	untrained	32703	64	memtrain/o_334_2.jpg	photodiode	1
4045.992	0.5	4045992	trained	32744	23	memtrain/o_338_2.jpg	photodiode	1
4046.943	0.5	4046943	trained	32723	44	memtrain/so_045_1.jpg	photodiode	1
4047.743	0.5	4047743	trained	32762	5	memtrain/o_067_1.jpg	photodiode	1
4048.644	0.5	4048644	catch	32671	n/a	catch_padded.jpg	photodiode	0
4049.068	0.0	4049068	response	7	n/a	n/a	trigger	0
4050.646	0.5	4050646	untrained	32711	56	memtrain/o_163_2.jpg	photodiode	1
4051.447	0.5	4051447	trained	32747	20	memtrain/o_290_1.jpg	photodiode	1
4052.197	0.5	4052197	untrained	32681	86	memtrain/o_288_1.jpg	photodiode	1
4053.148	0.5	4053148	catch	32671	n/a	catch_padded.jpg	photodiode	0
4053.57	0.0	4053570	response	7	n/a	n/a	trigger	0
4055.05	0.5	4055050	untrained	32696	71	memtrain/o_483_1.jpg	photodiode	1
4055.9	0.5	4055900	trained	32739	28	memtrain/o_397_1.jpg	photodiode	1
4056.801	0.5	4056801	untrained	32719	48	memtrain/o_019_2.jpg	photodiode	1
4057.702	0.5	4057702	trained	32766	1	memtrain/o_015_1.jpg	photodiode	1
4058.653	0.5	4058653	trained	32750	17	memtrain/o_232_1.jpg	photodiode	1
4059.603	0.5	4059603	catch	32671	n/a	catch_padded.jpg	photodiode	0
4060.007	0.0	4060007	response	7	n/a	n/a	trigger	0
4061.655	0.5	4061655	trained	32724	43	memtrain/so_043_2.jpg	photodiode	1
4062.406	0.5	4062406	trained	32746	21	memtrain/o_319_1.jpg	photodiode	1
4063.307	0.5	4063307	trained	32720	47	memtrain/so_147_2.jpg	photodiode	1
4064.207	0.5	4064207	trained	32748	19	memtrain/o_284_2.jpg	photodiode	1
4065.058	0.5	4065058	trained	32733	34	memtrain/o_558_2.jpg	photodiode	1
4065.959	0.5	4065959	catch	32671	n/a	catch_padded.jpg	photodiode	0
4066.512	0.0	4066512	response	7	n/a	n/a	trigger	0
4067.86	0.5	4067860	untrained	32706	61	memtrain/o_298_2.jpg	photodiode	1
4068.711	0.5	4068711	trained	32760	7	memtrain/o_091_2.jpg	photodiode	1
4069.512	0.5	4069512	trained	32755	12	memtrain/o_127_2.jpg	photodiode	1
4070.304	0.5	4070304	untrained	32677	90	memtrain/o_580_1.jpg	photodiode	1
4071.163	0.5	4071163	untrained	32702	65	memtrain/o_337_2.jpg	photodiode	1
4072.056	0.5	4072056	catch	32671	n/a	catch_padded.jpg	photodiode	0
4072.453	0.0	4072453	response	7	n/a	n/a	trigger	0
4073.966	0.5	4073966	untrained	32673	94	memtrain/so_067_1.jpg	photodiode	1
4074.716	0.5	4074716	trained	32753	14	memtrain/o_174_1.jpg	photodiode	1
4075.609	0.5	4075609	trained	32734	33	memtrain/o_536_1.jpg	photodiode	1
4076.468	0.5	4076468	trained	32732	35	memtrain/o_561_2.jpg	photodiode	1
4077.41	0.5	4077410	catch	32671	n/a	catch_padded.jpg	photodiode	0
4077.86	0.0	4077860	response	7	n/a	n/a	trigger	0
4079.52	0.5	4079520	untrained	32691	76	memtrain/o_570_1.jpg	photodiode	1
4080.463	0.5	4080463	untrained	32700	67	memtrain/o_378_1.jpg	photodiode	1
4081.314	0.5	4081314	untrained	32698	69	memtrain/o_464_2.jpg	photodiode	1
4082.164	0.5	4082164	untrained	32695	72	memtrain/o_490_1.jpg	photodiode	1
4082.915	0.5	4082915	untrained	32709	58	memtrain/o_192_1.jpg	photodiode	1
4083.866	0.5	4083866	catch	32671	n/a	catch_padded.jpg	photodiode	0
4084.231	0.0	4084231	response	7	n/a	n/a	trigger	0
4085.968	0.5	4085968	untrained	32685	82	memtrain/o_656_1.jpg	photodiode	1
4086.927	0.5	4086927	trained	32745	22	memtrain/o_321_1.jpg	photodiode	1
4087.769	0.5	4087769	untrained	32699	68	memtrain/o_393_1.jpg	photodiode	1
4088.62	0.5	4088620	untrained	32686	81	memtrain/o_655_2.jpg	photodiode	1
4089.571	0.5	4089571	catch	32671	n/a	catch_padded.jpg	photodiode	0
4089.934	0.0	4089934	response	7	n/a	n/a	trigger	0
4091.522	0.5	4091522	untrained	32672	95	memtrain/so_125_1.jpg	photodiode	1
4092.423	0.5	4092423	trained	32736	31	memtrain/o_465_2.jpg	photodiode	1
4093.374	0.5	4093374	trained	32754	13	memtrain/o_136_1.jpg	photodiode	1
4094.175	0.5	4094175	untrained	32705	62	memtrain/o_304_1.jpg	photodiode	1
4095.125	0.5	4095125	catch	32671	n/a	catch_padded.jpg	photodiode	0
4095.481	0.0	4095481	response	7	n/a	n/a	trigger	0
4097.027	0.5	4097027	untrained	32714	53	memtrain/o_142_2.jpg	photodiode	1
4097.778	0.5	4097778	untrained	32704	63	memtrain/o_310_2.jpg	photodiode	1
4098.528	0.5	4098528	trained	32729	38	memtrain/o_603_1.jpg	photodiode	1
4099.429	0.5	4099429	untrained	32716	51	memtrain/o_103_2.jpg	photodiode	1
4100.321	0.5	4100321	catch	32671	n/a	catch_padded.jpg	photodiode	0
4100.742	0.0	4100742	response	7	n/a	n/a	trigger	0
4102.231	0.5	4102231	untrained	32683	84	memtrain/so_117_2.jpg	photodiode	1
4103.024	0.5	4103024	trained	32751	16	memtrain/o_199_2.jpg	photodiode	1
4103.924	0.5	4103924	untrained	32708	59	memtrain/o_201_2.jpg	photodiode	1
4104.725	0.5	4104725	untrained	32687	80	memtrain/o_613_1.jpg	photodiode	1
4105.676	0.5	4105676	untrained	32710	57	memtrain/o_171_1.jpg	photodiode	1
4106.485	0.5	4106485	catch	32671	n/a	catch_padded.jpg	photodiode	0
4107.185	0.0	4107185	response	7	n/a	n/a	trigger	0
4108.428	0.5	4108428	untrained	32690	77	memtrain/o_574_2.jpg	photodiode	1
4109.279	0.5	4109279	trained	32726	41	memtrain/o_663_2.jpg	photodiode	1
4110.08	0.5	4110080	untrained	32718	49	memtrain/o_054_2.jpg	photodiode	1
4110.83	0.5	4110830	untrained	32707	60	memtrain/o_228_2.jpg	photodiode	1
4111.781	0.5	4111781	catch	32671	n/a	catch_padded.jpg	photodiode	0
4112.246	0.0	4112246	response	7	n/a	n/a	trigger	0
4113.733	0.5	4113733	trained	32721	46	memtrain/so_113_1.jpg	photodiode	1
4114.683	0.5	4114683	untrained	32692	75	memtrain/o_564_1.jpg	photodiode	1
4115.584	0.5	4115584	untrained	32674	93	memtrain/so_035_1.jpg	photodiode	1
4116.435	0.5	4116435	catch	32671	n/a	catch_padded.jpg	photodiode	0
4116.846	0.0	4116846	response	7	n/a	n/a	trigger	0
4118.437	0.5	4118437	trained	32730	37	memtrain/o_597_1.jpg	photodiode	1
4119.387	0.5	4119387	trained	32749	18	memtrain/o_264_2.jpg	photodiode	1
4120.238	0.5	4120238	trained	32722	45	memtrain/so_090_2.jpg	photodiode	1
4121.039	0.5	4121039	trained	32763	4	memtrain/o_042_1.jpg	photodiode	1
4121.99	0.5	4121990	trained	32738	29	memtrain/o_416_1.jpg	photodiode	1
4122.94	0.5	4122940	catch	32671	n/a	catch_padded.jpg	photodiode	0
4123.336	0.0	4123336	response	7	n/a	n/a	trigger	0
4124.942	0.5	4124942	untrained	32713	54	memtrain/o_145_1.jpg	photodiode	1
4125.843	0.5	4125843	trained	32735	32	memtrain/o_485_2.jpg	photodiode	1
4126.694	0.5	4126694	untrained	32712	55	memtrain/o_153_2.jpg	photodiode	1
4127.444	0.5	4127444	catch	32671	n/a	catch_padded.jpg	photodiode	0
4127.906	0.0	4127906	response	7	n/a	n/a	trigger	0
4129.346	0.5	4129346	trained	32761	6	memtrain/o_076_1.jpg	photodiode	1
4130.288	0.5	4130288	untrained	32689	78	memtrain/o_599_1.jpg	photodiode	1
4131.039	0.5	4131039	untrained	32679	88	memtrain/o_458_1.jpg	photodiode	1
4131.898	0.5	4131898	catch	32671	n/a	catch_padded.jpg	photodiode	0
4132.396	0.0	4132396	response	7	n/a	n/a	trigger	0
4133.95	0.5	4133950	trained	32742	25	memtrain/o_358_2.jpg	photodiode	1
4134.742	0.5	4134742	untrained	32701	66	memtrain/o_342_2.jpg	photodiode	1
4135.493	0.5	4135493	trained	32728	39	memtrain/o_606_1.jpg	photodiode	1
4136.294	0.5	4136294	trained	32758	9	memtrain/o_101_2.jpg	photodiode	1
4137.194	0.5	4137194	untrained	32675	92	memtrain/so_033_1.jpg	photodiode	1
4137.953	0.5	4137953	catch	32671	n/a	catch_padded.jpg	photodiode	0
4138.597	0.0	4138597	response	7	n/a	n/a	trigger	0
4140.047	0.5	4140047	trained	32725	42	memtrain/so_034_2.jpg	photodiode	1
4140.948	0.5	4140948	trained	32765	2	memtrain/o_035_1.jpg	photodiode	1
4141.898	0.5	4141898	trained	32756	11	memtrain/o_117_2.jpg	photodiode	1
4142.799	0.5	4142799	catch	32671	n/a	catch_padded.jpg	photodiode	0
4143.732	0.0	4143732	response	7	n/a	n/a	trigger	0
4144.801	0.5	4144801	untrained	32684	83	memtrain/so_105_1.jpg	photodiode	1
4145.551	0.5	4145551	untrained	32693	74	memtrain/o_550_1.jpg	photodiode	1
4146.502	0.5	4146502	untrained	32688	79	memtrain/o_600_1.jpg	photodiode	1
4147.303	0.5	4147303	catch	32671	n/a	catch_padded.jpg	photodiode	0
4147.695	0.0	4147695	response	7	n/a	n/a	trigger	0
4149.776	0.0	4149776	block_end	120	n/a	n/a	trigger	0
