onset	duration	sample	trial_type	value	object_id	stimulus_id	onset_source	analysis_include
68.138	0.0	68138	response	6	n/a	n/a	trigger	0
68.144	0.0	68144	block_onset	101	n/a	n/a	trigger	0
70.203	0.5	70203	untrained	32695	72	memtrain/o_490_1.jpg	photodiode	1
70.954	0.5	70954	trained	32721	46	memtrain/so_113_1.jpg	photodiode	1
71.805	0.5	71805	untrained	32713	54	memtrain/o_145_1.jpg	photodiode	1
72.605	0.5	72605	catch	32671	n/a	catch_padded.jpg	photodiode	0
73.007	0.0	73007	response	6	n/a	n/a	trigger	0
74.557	0.5	74557	untrained	32685	82	memtrain/o_656_1.jpg	photodiode	1
75.308	0.5	75308	untrained	32684	83	memtrain/so_105_1.jpg	photodiode	1
76.2	0.5	76200	untrained	32710	57	memtrain/o_171_1.jpg	photodiode	1
77.151	0.5	77151	trained	32733	34	memtrain/o_558_2.jpg	photodiode	1
78.001	0.5	78001	catch	32671	n/a	catch_padded.jpg	photodiode	0
78.365	0.0	78365	response	6	n/a	n/a	trigger	0
79.953	0.5	79953	trained	32744	23	memtrain/o_338_2.jpg	photodiode	1
80.854	0.5	80854	untrained	32719	48	memtrain/o_019_2.jpg	photodiode	1
81.705	0.5	81705	untrained	32703	64	memtrain/o_334_2.jpg	photodiode	1
82.455	0.5	82455	untrained	32686	81	memtrain/o_655_2.jpg	photodiode	1
83.306	0.5	83306	catch	32671	n/a	catch_padded.jpg	photodiode	0
83.649	0.0	83649	response	6	n/a	n/a	trigger	0
85.258	0.5	85258	untrained	32700	67	memtrain/o_378_1.jpg	photodiode	1
86.208	0.5	86208	trained	32762	5	memtrain/o_067_1.jpg	photodiode	1
86.959	0.5	86959	trained	32765	2	memtrain/o_035_1.jpg	photodiode	1
87.81	0.5	87810	trained	32740	27	memtrain/o_379_2.jpg	photodiode	1
88.66	0.5	88660	untrained	32690	77	memtrain/o_574_2.jpg	photodiode	1
89.461	0.5	89461	catch	32671	n/a	catch_padded.jpg	photodiode	0
89.792	0.0	89792	response	6	n/a	n/a	trigger	0
91.463	0.5	91463	untrained	32677	90	memtrain/o_580_1.jpg	photodiode	1
92.314	0.5	92314	trained	32724	43	memtrain/so_043_2.jpg	photodiode	1
93.114	0.5	93114	untrained	32699	68	memtrain/o_393_1.jpg	photodiode	1
94.065	0.5	94065	trained	32732	35	memtrain/o_561_2.jpg	photodiode	1
95.016	0.5	95016	trained	32729	38	memtrain/o_603_1.jpg	photodiode	1
95.917	0.5	95917	catch	32671	n/a	catch_padded.jpg	photodiode	0
96.227	0.0	96227	response	6	n/a	n/a	trigger	0
97.868	0.5	97868	untrained	32693	74	memtrain/o_550_1.jpg	photodiode	1
98.719	0.5	98719	untrained	32714	53	memtrain/o_142_2.jpg	photodiode	1
99.62	0.5	99620	untrained	32692	75	memtrain/o_564_1.jpg	photodiode	1
100.52	0.5	100520	untrained	32691	76	memtrain/o_570_1.jpg	photodiode	1
101.271	0.5	101271	catch	32671	n/a	catch_padded.jpg	photodiode	0
101.591	0.0	101591	response	6	n/a	n/a	trigger	0
103.173	0.5	103173	untrained	32679	88	memtrain/o_458_1.jpg	photodiode	1
103.923	0.5	103923	untrained	32688	79	memtrain/o_600_1.jpg	photodiode	1
104.866	0.5	104866	trained	32742	25	memtrain/o_358_2.jpg	photodiode	1
105.667	0.5	105667	trained	32728	39	memtrain/o_606_1.jpg	photodiode	1
106.517	0.5	106517	trained	32747	20	memtrain/o_290_1.jpg	photodiode	1
107.418	0.5	107418	catch	32671	n/a	catch_padded.jpg	photodiode	0
107.688	0.0	107688	response	6	n/a	n/a	trigger	0
109.52	0.5	109520	trained	32723	44	memtrain/so_045_1.jpg	photodiode	1
110.371	0.5	110371	untrained	32676	91	memtrain/o_605_1.jpg	photodiode	1
111.322	0.5	111322	untrained	32711	56	memtrain/o_163_2.jpg	photodiode	1
112.122	0.5	112122	catch	32671	n/a	catch_padded.jpg	photodiode	0
112.59	0.0	112590	response	6	n/a	n/a	trigger	0
114.032	0.5	114032	trained	32754	13	memtrain/o_136_1.jpg	photodiode	1
114.875	0.5	114875	trained	32739	28	memtrain/o_397_1.jpg	photodiode	1
115.825	0.5	115825	trained	32726	41	memtrain/o_663_2.jpg	photodiode	1
116.576	0.5	116576	catch	32671	n/a	catch_padded.jpg	photodiode	0
116.926	0.0	116926	response	6	n/a	n/a	trigger	0
118.578	0.5	118578	trained	32736	31	memtrain/o_465_2.jpg	photodiode	1
119.378	0.5	119378	trained	32741	26	memtrain/o_376_1.jpg	photodiode	1
120.329	0.5	120329	untrained	32704	63	memtrain/o_310_2.jpg	photodiode	1
121.18	0.5	121180	catch	32671	n/a	catch_padded.jpg	photodiode	0
121.501	0.0	121501	response	6	n/a	n/a	trigger	0
123.232	0.5	123232	trained	32752	15	memtrain/o_195_1.jpg	photodiode	1
124.082	0.5	124082	untrained	32717	50	memtrain/o_057_2.jpg	photodiode	1
124.883	0.5	124883	trained	32734	33	memtrain/o_536_1.jpg	photodiode	1
125.684	0.5	125684	untrained	32675	92	memtrain/so_033_1.jpg	photodiode	1
126.434	0.5	126434	catch	32671	n/a	catch_padded.jpg	photodiode	0
126.699	0.0	126699	response	6	n/a	n/a	trigger	0
128.436	0.5	128436	trained	32755	12	memtrain/o_127_2.jpg	photodiode	1
129.287	0.5	129287	untrained	32705	62	memtrain/o_304_1.jpg	photodiode	1
130.087	0.5	130087	trained	32763	4	memtrain/o_042_1.jpg	photodiode	1
130.838	0.5	130838	untrained	32674	93	memtrain/so_035_1.jpg	photodiode	1
131.589	0.5	131589	untrained	32672	95	memtrain/so_125_1.jpg	photodiode	1
132.54	0.5	132540	catch	32671	n/a	catch_padded.jpg	photodiode	0
132.8	0.0	132800	response	6	n/a	n/a	trigger	0
134.483	0.5	134483	untrained	32683	84	memtrain/so_117_2.jpg	photodiode	1
135.333	0.5	135333	untrained	32701	66	memtrain/o_342_2.jpg	photodiode	1
136.184	0.5	136184	trained	32758	9	memtrain/o_101_2.jpg	photodiode	1
136.943	0.5	136943	trained	32759	8	memtrain/o_094_1.jpg	photodiode	1
137.885	0.5	137885	catch	32671	n/a	catch_padded.jpg	photodiode	0
138.192	0.0	138192	response	6	n/a	n/a	trigger	0
139.987	0.5	139987	untrained	32707	60	memtrain/o_228_2.jpg	photodiode	1
140.888	0.5	140888	trained	32737	30	memtrain/o_437_2.jpg	photodiode	1
141.789	0.5	141789	untrained	32678	89	memtrain/o_469_1.jpg	photodiode	1
142.74	0.5	142740	untrained	32698	69	memtrain/o_464_2.jpg	photodiode	1
143.64	0.5	143640	untrained	32697	70	memtrain/o_471_2.jpg	photodiode	1
144.391	0.5	144391	catch	32671	n/a	catch_padded.jpg	photodiode	0
144.709	0.0	144709	response	6	n/a	n/a	trigger	0
146.343	0.5	146343	trained	32735	32	memtrain/o_485_2.jpg	photodiode	1
147.243	0.5	147243	trained	32731	36	memtrain/o_583_1.jpg	photodiode	1
148.094	0.5	148094	untrained	32680	87	memtrain/o_365_1.jpg	photodiode	1
148.945	0.5	148945	untrained	32681	86	memtrain/o_288_1.jpg	photodiode	1
149.796	0.5	149796	catch	32671	n/a	catch_padded.jpg	photodiode	0
150.195	0.0	150195	response	6	n/a	n/a	trigger	0
151.747	0.5	151747	trained	32764	3	memtrain/o_040_2.jpg	photodiode	1
152.698	0.5	152698	trained	32751	16	memtrain/o_199_2.jpg	photodiode	1
153.649	0.5	153649	untrained	32687	80	memtrain/o_613_1.jpg	photodiode	1
154.399	0.5	154399	catch	32671	n/a	catch_padded.jpg	photodiode	0
154.803	0.0	154803	response	6	n/a	n/a	trigger	0
156.501	0.5	156501	trained	32748	19	memtrain/o_284_2.jpg	photodiode	1
157.402	0.5	157402	trained	32730	37	memtrain/o_597_1.jpg	photodiode	1
158.203	0.5	158203	trained	32727	40	memtrain/o_648_2.jpg	photodiode	1
159.103	0.5	159103	catch	32671	n/a	catch_padded.jpg	photodiode	0
159.381	0.0	159381	response	6	n/a	n/a	trigger	0
161.055	0.5	161055	trained	32750	17	memtrain/o_232_1.jpg	photodiode	1
161.806	0.5	161806	trained	32767	0	memtrain/o_006_1.jpg	photodiode	1
162.707	0.5	162707	untrained	32682	85	memtrain/o_218_1.jpg	photodiode	1
163.449	0.5	163449	catch	32671	n/a	catch_padded.jpg	photodiode	0
163.782	0.0	163782	response	6	n/a	n/a	trigger	0
165.401	0.5	165401	trained	32720	47	memtrain/so_147_2.jpg	photodiode	1
166.302	0.5	166302	untrained	32706	61	memtrain/o_298_2.jpg	photodiode	1
167.152	0.5	167152	trained	32738	29	memtrain/o_416_1.jpg	photodiode	1
168.053	0.5	168053	untrained	32689	78	memtrain/o_599_1.jpg	photodiode	1
168.804	0.5	168804	catch	32671	n/a	catch_padded.jpg	photodiode	0
169.055	0.0	169055	response	6	n/a	n/a	trigger	0
170.755	0.5	170755	trained	32746	21	memtrain/o_319_1.jpg	photodiode	1
171.556	0.5	171556	untrained	32702	65	memtrain/o_337_2.jpg	photodiode	1
172.457	0.5	172457	trained	32749	18	memtrain/o_264_2.jpg	photodiode	1
173.408	0.5	173408	catch	32671	n/a	catch_padded.jpg	photodiode	0
173.722	0.0	173722	response	6	n/a	n/a	trigger	0
175.509	0.5	175509	untrained	32696	71	memtrain/o_483_1.jpg	photodiode	1
176.41	0.5	176410	untrained	32708	59	memtrain/o_201_2.jpg	photodiode	1
177.211	0.5	177211	trained	32761	6	memtrain/o_076_1.jpg	photodiode	1
178.061	0.5	178061	untrained	32715	52	memtrain/o_141_1.jpg	photodiode	1
178.912	0.5	178912	untrained	32716	51	memtrain/o_103_2.jpg	photodiode	1
179.863	0.5	179863	catch	32671	n/a	catch_padded.jpg	photodiode	0
180.13	0.0	180130	response	6	n/a	n/a	trigger	0
181.865	0.5	181865	trained	32745	22	memtrain/o_321_1.jpg	photodiode	1
182.615	0.5	182615	trained	32722	45	memtrain/so_090_2.jpg	photodiode	1
183.466	0.5	183466	trained	32760	7	memtrain/o_091_2.jpg	photodiode	1
184.367	0.5	184367	catch	32671	n/a	catch_padded.jpg	photodiode	0
184.75	0.0	184750	response	6	n/a	n/a	trigger	0
186.318	0.5	186318	trained	32743	24	memtrain/o_357_1.jpg	photodiode	1
187.119	0.5	187119	untrained	32694	73	memtrain/o_519_2.jpg	photodiode	1
188.02	0.5	188020	trained	32756	11	memtrain/o_117_2.jpg	photodiode	1
188.921	0.5	188921	catch	32671	n/a	catch_padded.jpg	photodiode	0
189.275	0.0	189275	response	6	n/a	n/a	trigger	0
190.922	0.5	190922	untrained	32718	49	memtrain/o_054_2.jpg	photodiode	1
191.773	0.5	191773	untrained	32709	58	memtrain/o_192_1.jpg	photodiode	1
192.674	0.5	192674	untrained	32673	94	memtrain/so_067_1.jpg	photodiode	1
193.566	0.5	193566	trained	32725	42	memtrain/so_034_2.jpg	photodiode	1
194.517	0.5	194517	trained	32757	10	memtrain/o_111_2.jpg	photodiode	1
195.276	0.5	195276	catch	32671	n/a	catch_padded.jpg	photodiode	0
195.552	0.0	195552	response	6	n/a	n/a	trigger	0
197.169	0.5	197169	trained	32753	14	memtrain/o_174_1.jpg	photodiode	1
198.07	0.5	198070	untrained	32712	55	memtrain/o_153_2.jpg	photodiode	1
198.82	0.5	198820	trained	32766	1	memtrain/o_015_1.jpg	photodiode	1
199.621	0.5	199621	untrained	32716	51	memtrain/o_103_2.jpg	photodiode	1
200.522	0.5	200522	catch	32671	n/a	catch_padded.jpg	photodiode	0
200.862	0.0	200862	response	6	n/a	n/a	trigger	0
202.574	0.5	202574	untrained	32696	71	memtrain/o_483_1.jpg	photodiode	1
203.324	0.5	203324	untrained	32694	73	memtrain/o_519_2.jpg	photodiode	1
204.275	0.5	204275	untrained	32672	95	memtrain/so_125_1.jpg	photodiode	1
205.076	0.5	205076	untrained	32675	92	memtrain/so_033_1.jpg	photodiode	1
205.826	0.5	205826	catch	32671	n/a	catch_padded.jpg	photodiode	0
206.105	0.0	206105	response	6	n/a	n/a	trigger	0
207.878	0.5	207878	trained	32729	38	memtrain/o_603_1.jpg	photodiode	1
208.829	0.5	208829	trained	32738	29	memtrain/o_416_1.jpg	photodiode	1
209.73	0.5	209730	untrained	32673	94	memtrain/so_067_1.jpg	photodiode	1
210.63	0.5	210630	catch	32671	n/a	catch_padded.jpg	photodiode	0
210.944	0.0	210944	response	6	n/a	n/a	trigger	0
212.732	0.5	212732	trained	32744	23	memtrain/o_338_2.jpg	photodiode	1
213.683	0.5	213683	untrained	32706	61	memtrain/o_298_2.jpg	photodiode	1
214.534	0.5	214534	untrained	32683	84	memtrain/so_117_2.jpg	photodiode	1
215.334	0.5	215334	trained	32742	25	memtrain/o_358_2.jpg	photodiode	1
216.185	0.5	216185	catch	32671	n/a	catch_padded.jpg	photodiode	0
216.435	0.0	216435	response	6	n/a	n/a	trigger	0
218.137	0.5	218137	trained	32726	41	memtrain/o_663_2.jpg	photodiode	1
219.088	0.5	219088	untrained	32719	48	memtrain/o_019_2.jpg	photodiode	1
219.988	0.5	219988	trained	32752	15	memtrain/o_195_1.jpg	photodiode	1
220.831	0.5	220831	catch	32671	n/a	catch_padded.jpg	photodiode	0
221.199	0.0	221199	response	6	n/a	n/a	trigger	0
222.833	0.5	222833	untrained	32713	54	memtrain/o_145_1.jpg	photodiode	1
223.633	0.5	223633	trained	32757	10	memtrain/o_111_2.jpg	photodiode	1
224.484	0.5	224484	untrained	32693	74	memtrain/o_550_1.jpg	photodiode	1
225.435	0.5	225435	untrained	32703	64	memtrain/o_334_2.jpg	photodiode	1
226.194	0.5	226194	catch	32671	n/a	catch_padded.jpg	photodiode	0
226.43	0.0	226430	response	6	n/a	n/a	trigger	0
228.287	0.5	228287	trained	32748	19	memtrain/o_284_2.jpg	photodiode	1
229.088	0.5	229088	trained	32766	1	memtrain/o_015_1.jpg	photodiode	1
229.839	0.5	229839	trained	32755	12	memtrain/o_127_2.jpg	photodiode	1
230.79	0.5	230790	untrained	32714	53	memtrain/o_142_2.jpg	photodiode	1
231.54	0.5	231540	trained	32739	28	memtrain/o_397_1.jpg	photodiode	1
232.291	0.5	232291	catch	32671	n/a	catch_padded.jpg	photodiode	0
232.594	0.0	232594	response	6	n/a	n/a	trigger	0
234.393	0.5	234393	untrained	32698	69	memtrain/o_464_2.jpg	photodiode	1
235.243	0.5	235243	trained	32753	14	memtrain/o_174_1.jpg	photodiode	1
236.144	0.5	236144	trained	32734	33	memtrain/o_536_1.jpg	photodiode	1
237.095	0.5	237095	untrained	32687	80	memtrain/o_613_1.jpg	photodiode	1
237.896	0.5	237896	untrained	32690	77	memtrain/o_574_2.jpg	photodiode	1
238.646	0.5	238646	catch	32671	n/a	catch_padded.jpg	photodiode	0
238.928	0.0	238928	response	6	n/a	n/a	trigger	0
240.648	0.5	240648	trained	32751	16	memtrain/o_199_2.jpg	photodiode	1
241.599	0.5	241599	trained	32720	47	memtrain/so_147_2.jpg	photodiode	1
242.349	0.5	242349	trained	32762	5	memtrain/o_067_1.jpg	photodiode	1
243.25	0.5	243250	catch	32671	n/a	catch_padded.jpg	photodiode	0
243.615	0.0	243615	response	6	n/a	n/a	trigger	0
245.352	0.5	245352	untrained	32708	59	memtrain/o_201_2.jpg	photodiode	1
246.253	0.5	246253	trained	32763	4	memtrain/o_042_1.jpg	photodiode	1
247.003	0.5	247003	untrained	32710	57	memtrain/o_171_1.jpg	photodiode	1
247.954	0.5	247954	untrained	32688	79	memtrain/o_600_1.jpg	photodiode	1
248.905	0.5	248905	trained	32765	2	memtrain/o_035_1.jpg	photodiode	1
249.806	0.5	249806	catch	32671	n/a	catch_padded.jpg	photodiode	0
250.031	0.0	250031	response	6	n/a	n/a	trigger	0
251.899	0.5	251899	trained	32725	42	memtrain/so_034_2.jpg	photodiode	1
252.85	0.5	252850	untrained	32678	89	memtrain/o_469_1.jpg	photodiode	1
253.65	0.5	253650	untrained	32700	67	memtrain/o_378_1.jpg	photodiode	1
254.451	0.5	254451	trained	32745	22	memtrain/o_321_1.jpg	photodiode	1
255.202	0.5	255202	untrained	32689	78	memtrain/o_599_1.jpg	photodiode	1
255.952	0.5	255952	catch	32671	n/a	catch_padded.jpg	photodiode	0
256.246	0.0	256246	response	6	n/a	n/a	trigger	0
258.013	0.5	258013	untrained	32704	63	memtrain/o_310_2.jpg	photodiode	1
258.763	0.5	258763	untrained	32685	82	memtrain/o_656_1.jpg	photodiode	1
259.505	0.5	259505	untrained	32691	76	memtrain/o_570_1.jpg	photodiode	1
260.406	0.5	260406	untrained	32705	62	memtrain/o_304_1.jpg	photodiode	1
261.357	0.5	261357	untrained	32692	75	memtrain/o_564_1.jpg	photodiode	1
262.107	0.5	262107	catch	32671	n/a	catch_padded.jpg	photodiode	0
262.399	0.0	262399	response	6	n/a	n/a	trigger	0
264.059	0.5	264059	untrained	32679	88	memtrain/o_458_1.jpg	photodiode	1
264.81	0.5	264810	trained	32723	44	memtrain/so_045_1.jpg	photodiode	1
265.711	0.5	265711	untrained	32686	81	memtrain/o_655_2.jpg	photodiode	1
266.661	0.5	266661	trained	32721	46	memtrain/so_113_1.jpg	photodiode	1
267.462	0.5	267462	trained	32767	0	memtrain/o_006_1.jpg	photodiode	1
268.263	0.5	268263	catch	32671	n/a	catch_padded.jpg	photodiode	0
268.635	0.0	268635	response	6	n/a	n/a	trigger	0
270.364	0.5	270364	trained	32731	36	memtrain/o_583_1.jpg	photodiode	1
271.115	0.5	271115	trained	32754	13	memtrain/o_136_1.jpg	photodiode	1
271.866	0.5	271866	untrained	32712	55	memtrain/o_153_2.jpg	photodiode	1
272.616	0.5	272616	catch	32671	n/a	catch_padded.jpg	photodiode	0
273.033	0.0	273033	response	6	n/a	n/a	trigger	0
274.568	0.5	274568	trained	32750	17	memtrain/o_232_1.jpg	photodiode	1
275.469	0.5	275469	trained	32756	11	memtrain/o_117_2.jpg	photodiode	1
276.32	0.5	276320	trained	32740	27	memtrain/o_379_2.jpg	photodiode	1
277.17	0.5	277170	trained	32743	24	memtrain/o_357_1.jpg	photodiode	1
278.071	0.5	278071	catch	32671	n/a	catch_padded.jpg	photodiode	0
278.343	0.0	278343	response	6	n/a	n/a	trigger	0
279.965	0.5	279965	untrained	32684	83	memtrain/so_105_1.jpg	photodiode	1
280.915	0.5	280915	trained	32749	18	memtrain/o_264_2.jpg	photodiode	1
281.716	0.5	281716	trained	32759	8	memtrain/o_094_1.jpg	photodiode	1
282.675	0.5	282675	catch	32671	n/a	catch_padded.jpg	photodiode	0
283.053	0.0	283053	response	6	n/a	n/a	trigger	0
284.618	0.5	284618	untrained	32702	65	memtrain/o_337_2.jpg	photodiode	1
285.519	0.5	285519	trained	32732	35	memtrain/o_561_2.jpg	photodiode	1
286.32	0.5	286320	untrained	32674	93	memtrain/so_035_1.jpg	photodiode	1
287.171	0.5	287171	trained	32764	3	memtrain/o_040_2.jpg	photodiode	1
288.071	0.5	288071	catch	32671	n/a	catch_padded.jpg	photodiode	0
288.349	0.0	288349	response	6	n/a	n/a	trigger	0
290.023	0.5	290023	untrained	32718	49	memtrain/o_054_2.jpg	photodiode	1
290.874	0.5	290874	untrained	32715	52	memtrain/o_141_1.jpg	photodiode	1
291.725	0.5	291725	trained	32746	21	memtrain/o_319_1.jpg	photodiode	1
292.675	0.5	292675	catch	32671	n/a	catch_padded.jpg	photodiode	0
293.016	0.0	293016	response	6	n/a	n/a	trigger	0
294.777	0.5	294777	untrained	32709	58	memtrain/o_192_1.jpg	photodiode	1
295.728	0.5	295728	untrained	32697	70	memtrain/o_471_2.jpg	photodiode	1
296.679	0.5	296679	trained	32735	32	memtrain/o_485_2.jpg	photodiode	1
297.579	0.5	297579	untrained	32676	91	memtrain/o_605_1.jpg	photodiode	1
298.53	0.5	298530	catch	32671	n/a	catch_padded.jpg	photodiode	0
298.801	0.0	298801	response	6	n/a	n/a	trigger	0
300.432	0.5	300432	trained	32760	7	memtrain/o_091_2.jpg	photodiode	1
301.183	0.5	301183	untrained	32701	66	memtrain/o_342_2.jpg	photodiode	1
301.983	0.5	301983	untrained	32680	87	memtrain/o_365_1.jpg	photodiode	1
302.784	0.5	302784	untrained	32699	68	memtrain/o_393_1.jpg	photodiode	1
303.535	0.5	303535	catch	32671	n/a	catch_padded.jpg	photodiode	0
303.865	0.0	303865	response	6	n/a	n/a	trigger	0
305.536	0.5	305536	trained	32733	34	memtrain/o_558_2.jpg	photodiode	1
306.287	0.5	306287	trained	32747	20	memtrain/o_290_1.jpg	photodiode	1
307.188	0.5	307188	trained	32730	37	memtrain/o_597_1.jpg	photodiode	1
308.088	0.5	308088	untrained	32711	56	memtrain/o_163_2.jpg	photodiode	1
308.889	0.5	308889	trained	32758	9	memtrain/o_101_2.jpg	photodiode	1
309.731	0.5	309731	catch	32671	n/a	catch_padded.jpg	photodiode	0
310.069	0.0	310069	response	6	n/a	n/a	trigger	0
311.833	0.5	311833	untrained	32717	50	memtrain/o_057_2.jpg	photodiode	1
312.584	0.5	312584	untrained	32682	85	memtrain/o_218_1.jpg	photodiode	1
313.434	0.5	313434	trained	32761	6	memtrain/o_076_1.jpg	photodiode	1
314.385	0.5	314385	untrained	32681	86	memtrain/o_288_1.jpg	photodiode	1
315.136	0.5	315136	trained	32727	40	memtrain/o_648_2.jpg	photodiode	1
315.986	0.5	315986	catch	32671	n/a	catch_padded.jpg	photodiode	0
316.331	0.0	316331	response	6	n/a	n/a	trigger	0
317.888	0.5	317888	trained	32736	31	memtrain/o_465_2.jpg	photodiode	1
318.789	0.5	318789	trained	32724	43	memtrain/so_043_2.jpg	photodiode	1
319.59	0.5	319590	trained	32741	26	memtrain/o_376_1.jpg	photodiode	1
320.49	0.5	320490	trained	32728	39	memtrain/o_606_1.jpg	photodiode	1
321.341	0.5	321341	trained	32737	30	memtrain/o_437_2.jpg	photodiode	1
322.142	0.5	322142	catch	32671	n/a	catch_padded.jpg	photodiode	0
322.471	0.0	322471	response	6	n/a	n/a	trigger	0
324.143	0.5	324143	untrained	32707	60	memtrain/o_228_2.jpg	photodiode	1
325.044	0.5	325044	untrained	32677	90	memtrain/o_580_1.jpg	photodiode	1
325.945	0.5	325945	untrained	32695	72	memtrain/o_490_1.jpg	photodiode	1
326.746	0.5	326746	trained	32722	45	memtrain/so_090_2.jpg	photodiode	1
327.596	0.5	327596	catch	32671	n/a	catch_padded.jpg	photodiode	0
327.963	0.0	327963	response	6	n/a	n/a	trigger	0
334.071	0.0	334071	block_end	120	n/a	n/a	trigger	0
358.301	0.0	358301	response	6	n/a	n/a	trigger	0
358.307	0.0	358307	block_onset	102	n/a	n/a	trigger	0
360.366	0.5	360366	trained	32751	16	memtrain/o_199_2.jpg	photodiode	1
361.217	0.5	361217	untrained	32707	60	memtrain/o_228_2.jpg	photodiode	1
362.017	0.5	362017	untrained	32700	67	memtrain/o_378_1.jpg	photodiode	1
362.968	0.5	362968	trained	32760	7	memtrain/o_091_2.jpg	photodiode	1
363.869	0.5	363869	catch	32671	n/a	catch_padded.jpg	photodiode	0
364.211	0.0	364211	response	6	n/a	n/a	trigger	0
365.812	0.5	365812	untrained	32709	58	memtrain/o_192_1.jpg	photodiode	1
366.763	0.5	366763	untrained	32712	55	memtrain/o_153_2.jpg	photodiode	1
367.664	0.5	367664	trained	32761	6	memtrain/o_076_1.jpg	photodiode	1
368.414	0.5	368414	catch	32671	n/a	catch_padded.jpg	photodiode	0
368.777	0.0	368777	response	6	n/a	n/a	trigger	0
370.316	0.5	370316	trained	32734	33	memtrain/o_536_1.jpg	photodiode	1
371.267	0.5	371267	untrained	32688	79	memtrain/o_600_1.jpg	photodiode	1
372.067	0.5	372067	untrained	32676	91	memtrain/o_605_1.jpg	photodiode	1
372.968	0.5	372968	catch	32671	n/a	catch_padded.jpg	photodiode	0
373.265	0.0	373265	response	6	n/a	n/a	trigger	0
374.92	0.5	374920	untrained	32681	86	memtrain/o_288_1.jpg	photodiode	1
375.871	0.5	375871	untrained	32703	64	memtrain/o_334_2.jpg	photodiode	1
376.671	0.5	376671	trained	32756	11	memtrain/o_117_2.jpg	photodiode	1
377.572	0.5	377572	untrained	32673	94	memtrain/so_067_1.jpg	photodiode	1
378.423	0.5	378423	catch	32671	n/a	catch_padded.jpg	photodiode	0
378.679	0.0	378679	response	6	n/a	n/a	trigger	0
380.474	0.5	380474	trained	32754	13	memtrain/o_136_1.jpg	photodiode	1
381.225	0.5	381225	untrained	32696	71	memtrain/o_483_1.jpg	photodiode	1
382.176	0.5	382176	untrained	32691	76	memtrain/o_570_1.jpg	photodiode	1
383.027	0.5	383027	trained	32742	25	memtrain/o_358_2.jpg	photodiode	1
383.927	0.5	383927	catch	32671	n/a	catch_padded.jpg	photodiode	0
384.18	0.0	384180	response	6	n/a	n/a	trigger	0
385.979	0.5	385979	trained	32739	28	memtrain/o_397_1.jpg	photodiode	1
386.83	0.5	386830	untrained	32704	63	memtrain/o_310_2.jpg	photodiode	1
387.681	0.5	387681	untrained	32713	54	memtrain/o_145_1.jpg	photodiode	1
388.531	0.5	388531	trained	32722	45	memtrain/so_090_2.jpg	photodiode	1
389.482	0.5	389482	untrained	32672	95	memtrain/so_125_1.jpg	photodiode	1
390.333	0.5	390333	catch	32671	n/a	catch_padded.jpg	photodiode	0
390.61	0.0	390610	response	6	n/a	n/a	trigger	0
392.234	0.5	392234	untrained	32695	72	memtrain/o_490_1.jpg	photodiode	1
393.135	0.5	393135	untrained	32674	93	memtrain/so_035_1.jpg	photodiode	1
394.028	0.5	394028	trained	32743	24	memtrain/o_357_1.jpg	photodiode	1
394.779	0.5	394779	trained	32745	22	memtrain/o_321_1.jpg	photodiode	1
395.629	0.5	395629	untrained	32682	85	memtrain/o_218_1.jpg	photodiode	1
396.38	0.5	396380	catch	32671	n/a	catch_padded.jpg	photodiode	0
396.736	0.0	396736	response	6	n/a	n/a	trigger	0
398.282	0.5	398282	trained	32720	47	memtrain/so_147_2.jpg	photodiode	1
399.082	0.5	399082	trained	32767	0	memtrain/o_006_1.jpg	photodiode	1
400.033	0.5	400033	untrained	32715	52	memtrain/o_141_1.jpg	photodiode	1
400.884	0.5	400884	untrained	32683	84	memtrain/so_117_2.jpg	photodiode	1
401.634	0.5	401634	untrained	32718	49	memtrain/o_054_2.jpg	photodiode	1
402.585	0.5	402585	catch	32671	n/a	catch_padded.jpg	photodiode	0
402.87	0.0	402870	response	6	n/a	n/a	trigger	0
404.687	0.5	404687	trained	32764	3	memtrain/o_040_2.jpg	photodiode	1
405.638	0.5	405638	trained	32724	43	memtrain/so_043_2.jpg	photodiode	1
406.438	0.5	406438	untrained	32706	61	memtrain/o_298_2.jpg	photodiode	1
407.189	0.5	407189	trained	32752	15	memtrain/o_195_1.jpg	photodiode	1
407.99	0.5	407990	trained	32758	9	memtrain/o_101_2.jpg	photodiode	1
408.84	0.5	408840	catch	32671	n/a	catch_padded.jpg	photodiode	0
409.089	0.0	409089	response	6	n/a	n/a	trigger	0
410.792	0.5	410792	untrained	32677	90	memtrain/o_580_1.jpg	photodiode	1
411.643	0.5	411643	trained	32746	21	memtrain/o_319_1.jpg	photodiode	1
412.494	0.5	412494	trained	32726	41	memtrain/o_663_2.jpg	photodiode	1
413.394	0.5	413394	untrained	32697	70	memtrain/o_471_2.jpg	photodiode	1
414.295	0.5	414295	catch	32671	n/a	catch_padded.jpg	photodiode	0
414.671	0.0	414671	response	6	n/a	n/a	trigger	0
416.297	0.5	416297	trained	32730	37	memtrain/o_597_1.jpg	photodiode	1
417.198	0.5	417198	untrained	32708	59	memtrain/o_201_2.jpg	photodiode	1
418.098	0.5	418098	trained	32731	36	memtrain/o_583_1.jpg	photodiode	1
418.849	0.5	418849	catch	32671	n/a	catch_padded.jpg	photodiode	0
419.369	0.0	419369	response	6	n/a	n/a	trigger	0
420.751	0.5	420751	trained	32753	14	memtrain/o_174_1.jpg	photodiode	1
421.651	0.5	421651	untrained	32699	68	memtrain/o_393_1.jpg	photodiode	1
422.552	0.5	422552	untrained	32675	92	memtrain/so_033_1.jpg	photodiode	1
423.394	0.5	423394	trained	32721	46	memtrain/so_113_1.jpg	photodiode	1
424.295	0.5	424295	catch	32671	n/a	catch_padded.jpg	photodiode	0
424.631	0.0	424631	response	6	n/a	n/a	trigger	0
426.247	0.5	426247	untrained	32710	57	memtrain/o_171_1.jpg	photodiode	1
427.047	0.5	427047	trained	32729	38	memtrain/o_603_1.jpg	photodiode	1
427.848	0.5	427848	untrained	32687	80	memtrain/o_613_1.jpg	photodiode	1
428.649	0.5	428649	catch	32671	n/a	catch_padded.jpg	photodiode	0
429.083	0.0	429083	response	6	n/a	n/a	trigger	0
430.75	0.5	430750	trained	32750	17	memtrain/o_232_1.jpg	photodiode	1
431.701	0.5	431701	untrained	32702	65	memtrain/o_337_2.jpg	photodiode	1
432.652	0.5	432652	trained	32749	18	memtrain/o_264_2.jpg	photodiode	1
433.503	0.5	433503	trained	32762	5	memtrain/o_067_1.jpg	photodiode	1
434.303	0.5	434303	trained	32759	8	memtrain/o_094_1.jpg	photodiode	1
435.104	0.5	435104	catch	32671	n/a	catch_padded.jpg	photodiode	0
435.441	0.0	435441	response	6	n/a	n/a	trigger	0
437.206	0.5	437206	untrained	32685	82	memtrain/o_656_1.jpg	photodiode	1
438.107	0.5	438107	untrained	32678	89	memtrain/o_469_1.jpg	photodiode	1
438.857	0.5	438857	trained	32747	20	memtrain/o_290_1.jpg	photodiode	1
439.658	0.5	439658	catch	32671	n/a	catch_padded.jpg	photodiode	0
440.059	0.0	440059	response	6	n/a	n/a	trigger	0
441.71	0.5	441710	trained	32741	26	memtrain/o_376_1.jpg	photodiode	1
442.61	0.5	442610	untrained	32680	87	memtrain/o_365_1.jpg	photodiode	1
443.411	0.5	443411	trained	32727	40	memtrain/o_648_2.jpg	photodiode	1
444.362	0.5	444362	trained	32736	31	memtrain/o_465_2.jpg	photodiode	1
445.163	0.5	445163	trained	32748	19	memtrain/o_284_2.jpg	photodiode	1
446.013	0.5	446013	catch	32671	n/a	catch_padded.jpg	photodiode	0
446.34	0.0	446340	response	6	n/a	n/a	trigger	0
448.015	0.5	448015	untrained	32694	73	memtrain/o_519_2.jpg	photodiode	1
448.816	0.5	448816	trained	32763	4	memtrain/o_042_1.jpg	photodiode	1
449.566	0.5	449566	trained	32744	23	memtrain/o_338_2.jpg	photodiode	1
450.417	0.5	450417	catch	32671	n/a	catch_padded.jpg	photodiode	0
450.921	0.0	450921	response	6	n/a	n/a	trigger	0
452.461	0.5	452461	untrained	32686	81	memtrain/o_655_2.jpg	photodiode	1
453.42	0.5	453420	untrained	32714	53	memtrain/o_142_2.jpg	photodiode	1
454.362	0.5	454362	untrained	32679	88	memtrain/o_458_1.jpg	photodiode	1
455.263	0.5	455263	trained	32740	27	memtrain/o_379_2.jpg	photodiode	1
456.072	0.5	456072	catch	32671	n/a	catch_padded.jpg	photodiode	0
456.394	0.0	456394	response	6	n/a	n/a	trigger	0
457.965	0.5	457965	untrained	32698	69	memtrain/o_464_2.jpg	photodiode	1
458.716	0.5	458716	untrained	32719	48	memtrain/o_019_2.jpg	photodiode	1
459.617	0.5	459617	trained	32735	32	memtrain/o_485_2.jpg	photodiode	1
460.468	0.5	460468	trained	32766	1	memtrain/o_015_1.jpg	photodiode	1
461.268	0.5	461268	trained	32723	44	memtrain/so_045_1.jpg	photodiode	1
462.219	0.5	462219	catch	32671	n/a	catch_padded.jpg	photodiode	0
462.51	0.0	462510	response	6	n/a	n/a	trigger	0
464.121	0.5	464121	untrained	32717	50	memtrain/o_057_2.jpg	photodiode	1
464.871	0.5	464871	untrained	32711	56	memtrain/o_163_2.jpg	photodiode	1
465.772	0.5	465772	untrained	32690	77	memtrain/o_574_2.jpg	photodiode	1
466.573	0.5	466573	trained	32738	29	memtrain/o_416_1.jpg	photodiode	1
467.323	0.5	467323	catch	32671	n/a	catch_padded.jpg	photodiode	0
467.562	0.0	467562	response	6	n/a	n/a	trigger	0
469.375	0.5	469375	trained	32725	42	memtrain/so_034_2.jpg	photodiode	1
470.126	0.5	470126	trained	32728	39	memtrain/o_606_1.jpg	photodiode	1
470.926	0.5	470926	trained	32757	10	memtrain/o_111_2.jpg	photodiode	1
471.877	0.5	471877	catch	32671	n/a	catch_padded.jpg	photodiode	0
472.177	0.0	472177	response	6	n/a	n/a	trigger	0
473.829	0.5	473829	untrained	32689	78	memtrain/o_599_1.jpg	photodiode	1
474.58	0.5	474580	trained	32755	12	memtrain/o_127_2.jpg	photodiode	1
475.38	0.5	475380	untrained	32692	75	memtrain/o_564_1.jpg	photodiode	1
476.131	0.5	476131	trained	32733	34	memtrain/o_558_2.jpg	photodiode	1
477.082	0.5	477082	untrained	32684	83	memtrain/so_105_1.jpg	photodiode	1
477.882	0.5	477882	catch	32671	n/a	catch_padded.jpg	photodiode	0
478.068	0.0	478068	response	6	n/a	n/a	trigger	0
479.784	0.5	479784	untrained	32701	66	memtrain/o_342_2.jpg	photodiode	1
480.526	0.5	480526	trained	32732	35	memtrain/o_561_2.jpg	photodiode	1
481.435	0.5	481435	untrained	32716	51	memtrain/o_103_2.jpg	photodiode	1
482.236	0.5	482236	catch	32671	n/a	catch_padded.jpg	photodiode	0
482.569	0.0	482569	response	6	n/a	n/a	trigger	0
484.288	0.5	484288	trained	32765	2	memtrain/o_035_1.jpg	photodiode	1
485.13	0.5	485130	untrained	32705	62	memtrain/o_304_1.jpg	photodiode	1
485.881	0.5	485881	trained	32737	30	memtrain/o_437_2.jpg	photodiode	1
486.831	0.5	486831	untrained	32693	74	memtrain/o_550_1.jpg	photodiode	1
487.632	0.5	487632	catch	32671	n/a	catch_padded.jpg	photodiode	0
488.036	0.0	488036	response	6	n/a	n/a	trigger	0
489.734	0.5	489734	trained	32723	44	memtrain/so_045_1.jpg	photodiode	1
490.685	0.5	490685	untrained	32681	86	memtrain/o_288_1.jpg	photodiode	1
491.585	0.5	491585	trained	32730	37	memtrain/o_597_1.jpg	photodiode	1
492.486	0.5	492486	untrained	32673	94	memtrain/so_067_1.jpg	photodiode	1
493.287	0.5	493287	untrained	32685	82	memtrain/o_656_1.jpg	photodiode	1
494.037	0.5	494037	catch	32671	n/a	catch_padded.jpg	photodiode	0
494.365	0.0	494365	response	6	n/a	n/a	trigger	0
495.939	0.5	495939	trained	32757	10	memtrain/o_111_2.jpg	photodiode	1
496.89	0.5	496890	trained	32765	2	memtrain/o_035_1.jpg	photodiode	1
497.791	0.5	497791	trained	32729	38	memtrain/o_603_1.jpg	photodiode	1
498.691	0.5	498691	untrained	32684	83	memtrain/so_105_1.jpg	photodiode	1
499.542	0.5	499542	untrained	32696	71	memtrain/o_483_1.jpg	photodiode	1
500.293	0.5	500293	catch	32671	n/a	catch_padded.jpg	photodiode	0
500.588	0.0	500588	response	6	n/a	n/a	trigger	0
502.395	0.5	502395	trained	32760	7	memtrain/o_091_2.jpg	photodiode	1
503.295	0.5	503295	untrained	32699	68	memtrain/o_393_1.jpg	photodiode	1
504.046	0.5	504046	trained	32733	34	memtrain/o_558_2.jpg	photodiode	1
504.797	0.5	504797	catch	32671	n/a	catch_padded.jpg	photodiode	0
505.218	0.0	505218	response	6	n/a	n/a	trigger	0
506.748	0.5	506748	untrained	32683	84	memtrain/so_117_2.jpg	photodiode	1
507.549	0.5	507549	trained	32728	39	memtrain/o_606_1.jpg	photodiode	1
508.3	0.5	508300	untrained	32687	80	memtrain/o_613_1.jpg	photodiode	1
509.05	0.5	509050	catch	32671	n/a	catch_padded.jpg	photodiode	0
509.398	0.0	509398	response	6	n/a	n/a	trigger	0
511.102	0.5	511102	trained	32751	16	memtrain/o_199_2.jpg	photodiode	1
511.903	0.5	511903	untrained	32693	74	memtrain/o_550_1.jpg	photodiode	1
512.745	0.5	512745	trained	32725	42	memtrain/so_034_2.jpg	photodiode	1
513.696	0.5	513696	catch	32671	n/a	catch_padded.jpg	photodiode	0
513.999	0.0	513999	response	6	n/a	n/a	trigger	0
515.698	0.5	515698	untrained	32703	64	memtrain/o_334_2.jpg	photodiode	1
516.548	0.5	516548	trained	32758	9	memtrain/o_101_2.jpg	photodiode	1
517.407	0.5	517407	trained	32727	40	memtrain/o_648_2.jpg	photodiode	1
518.35	0.5	518350	untrained	32698	69	memtrain/o_464_2.jpg	photodiode	1
519.101	0.5	519101	untrained	32690	77	memtrain/o_574_2.jpg	photodiode	1
520.001	0.5	520001	catch	32671	n/a	catch_padded.jpg	photodiode	0
520.269	0.0	520269	response	6	n/a	n/a	trigger	0
522.003	0.5	522003	trained	32743	24	memtrain/o_357_1.jpg	photodiode	1
522.854	0.5	522854	untrained	32686	81	memtrain/o_655_2.jpg	photodiode	1
523.705	0.5	523705	trained	32732	35	memtrain/o_561_2.jpg	photodiode	1
524.505	0.5	524505	untrained	32709	58	memtrain/o_192_1.jpg	photodiode	1
525.456	0.5	525456	catch	32671	n/a	catch_padded.jpg	photodiode	0
525.763	0.0	525763	response	6	n/a	n/a	trigger	0
527.508	0.5	527508	untrained	32718	49	memtrain/o_054_2.jpg	photodiode	1
528.358	0.5	528358	untrained	32680	87	memtrain/o_365_1.jpg	photodiode	1
529.109	0.5	529109	untrained	32712	55	memtrain/o_153_2.jpg	photodiode	1
529.86	0.5	529860	untrained	32694	73	memtrain/o_519_2.jpg	photodiode	1
530.61	0.5	530610	catch	32671	n/a	catch_padded.jpg	photodiode	0
530.9	0.0	530900	response	6	n/a	n/a	trigger	0
532.562	0.5	532562	trained	32721	46	memtrain/so_113_1.jpg	photodiode	1
533.363	0.5	533363	untrained	32717	50	memtrain/o_057_2.jpg	photodiode	1
534.263	0.5	534263	untrained	32688	79	memtrain/o_600_1.jpg	photodiode	1
535.164	0.5	535164	untrained	32691	76	memtrain/o_570_1.jpg	photodiode	1
536.115	0.5	536115	untrained	32676	91	memtrain/o_605_1.jpg	photodiode	1
536.866	0.5	536866	catch	32671	n/a	catch_padded.jpg	photodiode	0
537.108	0.0	537108	response	6	n/a	n/a	trigger	0
538.967	0.5	538967	untrained	32678	89	memtrain/o_469_1.jpg	photodiode	1
539.818	0.5	539818	untrained	32679	88	memtrain/o_458_1.jpg	photodiode	1
540.769	0.5	540769	trained	32755	12	memtrain/o_127_2.jpg	photodiode	1
541.52	0.5	541520	trained	32763	4	memtrain/o_042_1.jpg	photodiode	1
542.462	0.5	542462	catch	32671	n/a	catch_padded.jpg	photodiode	0
542.795	0.0	542795	response	6	n/a	n/a	trigger	0
544.564	0.5	544564	untrained	32689	78	memtrain/o_599_1.jpg	photodiode	1
545.414	0.5	545414	untrained	32708	59	memtrain/o_201_2.jpg	photodiode	1
546.165	0.5	546165	untrained	32710	57	memtrain/o_171_1.jpg	photodiode	1
546.966	0.5	546966	catch	32671	n/a	catch_padded.jpg	photodiode	0
547.349	0.0	547349	response	6	n/a	n/a	trigger	0
548.867	0.5	548867	trained	32735	32	memtrain/o_485_2.jpg	photodiode	1
549.718	0.5	549718	untrained	32674	93	memtrain/so_035_1.jpg	photodiode	1
550.619	0.5	550619	trained	32738	29	memtrain/o_416_1.jpg	photodiode	1
551.369	0.5	551369	trained	32737	30	memtrain/o_437_2.jpg	photodiode	1
552.12	0.5	552120	catch	32671	n/a	catch_padded.jpg	photodiode	0
552.479	0.0	552479	response	6	n/a	n/a	trigger	0
554.172	0.5	554172	untrained	32697	70	memtrain/o_471_2.jpg	photodiode	1
554.972	0.5	554972	trained	32750	17	memtrain/o_232_1.jpg	photodiode	1
555.873	0.5	555873	untrained	32707	60	memtrain/o_228_2.jpg	photodiode	1
556.624	0.5	556624	trained	32747	20	memtrain/o_290_1.jpg	photodiode	1
557.575	0.5	557575	catch	32671	n/a	catch_padded.jpg	photodiode	0
557.865	0.0	557865	response	6	n/a	n/a	trigger	0
559.576	0.5	559576	trained	32745	22	memtrain/o_321_1.jpg	photodiode	1
560.477	0.5	560477	trained	32764	3	memtrain/o_040_2.jpg	photodiode	1
561.228	0.5	561228	trained	32767	0	memtrain/o_006_1.jpg	photodiode	1
561.978	0.5	561978	untrained	32704	63	memtrain/o_310_2.jpg	photodiode	1
562.829	0.5	562829	trained	32761	6	memtrain/o_076_1.jpg	photodiode	1
563.78	0.5	563780	catch	32671	n/a	catch_padded.jpg	photodiode	0
564.031	0.0	564031	response	6	n/a	n/a	trigger	0
565.882	0.5	565882	trained	32754	13	memtrain/o_136_1.jpg	photodiode	1
566.682	0.5	566682	untrained	32714	53	memtrain/o_142_2.jpg	photodiode	1
567.533	0.5	567533	trained	32762	5	memtrain/o_067_1.jpg	photodiode	1
568.384	0.5	568384	trained	32742	25	memtrain/o_358_2.jpg	photodiode	1
569.285	0.5	569285	catch	32671	n/a	catch_padded.jpg	photodiode	0
569.634	0.0	569634	response	6	n/a	n/a	trigger	0
571.386	0.5	571386	untrained	32682	85	memtrain/o_218_1.jpg	photodiode	1
572.229	0.5	572229	trained	32731	36	memtrain/o_583_1.jpg	photodiode	1
573.18	0.5	573180	untrained	32672	95	memtrain/so_125_1.jpg	photodiode	1
574.131	0.5	574131	untrained	32677	90	memtrain/o_580_1.jpg	photodiode	1
574.981	0.5	574981	catch	32671	n/a	catch_padded.jpg	photodiode	0
575.364	0.0	575364	response	6	n/a	n/a	trigger	0
576.933	0.5	576933	trained	32740	27	memtrain/o_379_2.jpg	photodiode	1
577.784	0.5	577784	untrained	32705	62	memtrain/o_304_1.jpg	photodiode	1
578.734	0.5	578734	untrained	32702	65	memtrain/o_337_2.jpg	photodiode	1
579.635	0.5	579635	trained	32748	19	memtrain/o_284_2.jpg	photodiode	1
580.586	0.5	580586	catch	32671	n/a	catch_padded.jpg	photodiode	0
580.959	0.0	580959	response	6	n/a	n/a	trigger	0
582.588	0.5	582588	trained	32741	26	memtrain/o_376_1.jpg	photodiode	1
583.388	0.5	583388	trained	32756	11	memtrain/o_117_2.jpg	photodiode	1
584.289	0.5	584289	untrained	32701	66	memtrain/o_342_2.jpg	photodiode	1
585.04	0.5	585040	catch	32671	n/a	catch_padded.jpg	photodiode	0
585.435	0.0	585435	response	6	n/a	n/a	trigger	0
587.092	0.5	587092	trained	32720	47	memtrain/so_147_2.jpg	photodiode	1
587.892	0.5	587892	untrained	32713	54	memtrain/o_145_1.jpg	photodiode	1
588.693	0.5	588693	trained	32749	18	memtrain/o_264_2.jpg	photodiode	1
589.594	0.5	589594	catch	32671	n/a	catch_padded.jpg	photodiode	0
589.917	0.0	589917	response	6	n/a	n/a	trigger	0
591.545	0.5	591545	untrained	32692	75	memtrain/o_564_1.jpg	photodiode	1
592.446	0.5	592446	untrained	32719	48	memtrain/o_019_2.jpg	photodiode	1
593.397	0.5	593397	trained	32726	41	memtrain/o_663_2.jpg	photodiode	1
594.248	0.5	594248	trained	32734	33	memtrain/o_536_1.jpg	photodiode	1
595.048	0.5	595048	trained	32746	21	memtrain/o_319_1.jpg	photodiode	1
595.899	0.5	595899	catch	32671	n/a	catch_padded.jpg	photodiode	0
596.232	0.0	596232	response	6	n/a	n/a	trigger	0
597.901	0.5	597901	trained	32744	23	memtrain/o_338_2.jpg	photodiode	1
598.852	0.5	598852	untrained	32700	67	memtrain/o_378_1.jpg	photodiode	1
599.602	0.5	599602	trained	32739	28	memtrain/o_397_1.jpg	photodiode	1
600.444	0.5	600444	trained	32753	14	memtrain/o_174_1.jpg	photodiode	1
601.404	0.5	601404	trained	32759	8	memtrain/o_094_1.jpg	photodiode	1
602.246	0.5	602246	catch	32671	n/a	catch_padded.jpg	photodiode	0
602.529	0.0	602529	response	6	n/a	n/a	trigger	0
604.298	0.5	604298	untrained	32715	52	memtrain/o_141_1.jpg	photodiode	1
605.048	0.5	605048	untrained	32711	56	memtrain/o_163_2.jpg	photodiode	1
605.999	0.5	605999	trained	32724	43	memtrain/so_043_2.jpg	photodiode	1
606.808	0.5	606808	catch	32671	n/a	catch_padded.jpg	photodiode	0
607.294	0.0	607294	response	6	n/a	n/a	trigger	0
608.91	0.5	608910	untrained	32716	51	memtrain/o_103_2.jpg	photodiode	1
609.752	0.5	609752	untrained	32675	92	memtrain/so_033_1.jpg	photodiode	1
610.653	0.5	610653	trained	32752	15	memtrain/o_195_1.jpg	photodiode	1
611.454	0.5	611454	trained	32766	1	memtrain/o_015_1.jpg	photodiode	1
612.304	0.5	612304	untrained	32695	72	memtrain/o_490_1.jpg	photodiode	1
613.255	0.5	613255	catch	32671	n/a	catch_padded.jpg	photodiode	0
613.637	0.0	613637	response	6	n/a	n/a	trigger	0
615.257	0.5	615257	trained	32722	45	memtrain/so_090_2.jpg	photodiode	1
616.058	0.5	616058	untrained	32706	61	memtrain/o_298_2.jpg	photodiode	1
616.808	0.5	616808	trained	32736	31	memtrain/o_465_2.jpg	photodiode	1
617.609	0.5	617609	catch	32671	n/a	catch_padded.jpg	photodiode	0
617.997	0.0	617997	response	6	n/a	n/a	trigger	0
624.093	0.0	624093	block_end	120	n/a	n/a	trigger	0
659.6	0.0	659600	response	6	n/a	n/a	trigger	0
659.604	0.0	659604	block_onset	103	n/a	n/a	trigger	0
661.663	0.5	661663	untrained	32678	89	memtrain/o_469_1.jpg	photodiode	1
662.614	0.5	662614	trained	32753	14	memtrain/o_174_1.jpg	photodiode	1
663.414	0.5	663414	untrained	32717	50	memtrain/o_057_2.jpg	photodiode	1
664.265	0.5	664265	catch	32671	n/a	catch_padded.jpg	photodiode	0
664.642	0.0	664642	response	6	n/a	n/a	trigger	0
666.309	0.5	666309	trained	32723	44	memtrain/so_045_1.jpg	photodiode	1
667.159	0.5	667159	trained	32747	20	memtrain/o_290_1.jpg	photodiode	1
667.96	0.5	667960	untrained	32683	84	memtrain/so_117_2.jpg	photodiode	1
668.911	0.5	668911	trained	32724	43	memtrain/so_043_2.jpg	photodiode	1
669.662	0.5	669662	catch	32671	n/a	catch_padded.jpg	photodiode	0
669.942	0.0	669942	response	6	n/a	n/a	trigger	0
671.713	0.5	671713	trained	32755	12	memtrain/o_127_2.jpg	photodiode	1
672.564	0.5	672564	untrained	32679	88	memtrain/o_458_1.jpg	photodiode	1
673.515	0.5	673515	untrained	32705	62	memtrain/o_304_1.jpg	photodiode	1
674.265	0.5	674265	untrained	32674	93	memtrain/so_035_1.jpg	photodiode	1
675.116	0.5	675116	catch	32671	n/a	catch_padded.jpg	photodiode	0
675.425	0.0	675425	response	6	n/a	n/a	trigger	0
677.168	0.5	677168	trained	32733	34	memtrain/o_558_2.jpg	photodiode	1
678.119	0.5	678119	untrained	32689	78	memtrain/o_599_1.jpg	photodiode	1
679.02	0.5	679020	untrained	32701	66	memtrain/o_342_2.jpg	photodiode	1
679.82	0.5	679820	untrained	32693	74	memtrain/o_550_1.jpg	photodiode	1
680.671	0.5	680671	untrained	32711	56	memtrain/o_163_2.jpg	photodiode	1
681.622	0.5	681622	catch	32671	n/a	catch_padded.jpg	photodiode	0
681.921	0.0	681921	response	6	n/a	n/a	trigger	0
683.573	0.5	683573	trained	32738	29	memtrain/o_416_1.jpg	photodiode	1
684.424	0.5	684424	trained	32746	21	memtrain/o_319_1.jpg	photodiode	1
685.225	0.5	685225	untrained	32702	65	memtrain/o_337_2.jpg	photodiode	1
686.025	0.5	686025	trained	32766	1	memtrain/o_015_1.jpg	photodiode	1
686.876	0.5	686876	catch	32671	n/a	catch_padded.jpg	photodiode	0
687.204	0.0	687204	response	6	n/a	n/a	trigger	0
688.878	0.5	688878	trained	32731	36	memtrain/o_583_1.jpg	photodiode	1
689.629	0.5	689629	trained	32758	9	memtrain/o_101_2.jpg	photodiode	1
690.479	0.5	690479	trained	32739	28	memtrain/o_397_1.jpg	photodiode	1
691.23	0.5	691230	untrained	32715	52	memtrain/o_141_1.jpg	photodiode	1
691.981	0.5	691981	trained	32748	19	memtrain/o_284_2.jpg	photodiode	1
692.831	0.5	692831	catch	32671	n/a	catch_padded.jpg	photodiode	0
693.139	0.0	693139	response	6	n/a	n/a	trigger	0
694.733	0.5	694733	untrained	32680	87	memtrain/o_365_1.jpg	photodiode	1
695.584	0.5	695584	untrained	32697	70	memtrain/o_471_2.jpg	photodiode	1
696.484	0.5	696484	untrained	32676	91	memtrain/o_605_1.jpg	photodiode	1
697.376	0.5	697376	catch	32671	n/a	catch_padded.jpg	photodiode	0
697.821	0.0	697821	response	6	n/a	n/a	trigger	0
699.328	0.5	699328	untrained	32687	80	memtrain/o_613_1.jpg	photodiode	1
700.079	0.5	700079	trained	32732	35	memtrain/o_561_2.jpg	photodiode	1
700.93	0.5	700930	trained	32762	5	memtrain/o_067_1.jpg	photodiode	1
701.78	0.5	701780	trained	32744	23	memtrain/o_338_2.jpg	photodiode	1
702.581	0.5	702581	catch	32671	n/a	catch_padded.jpg	photodiode	0
702.905	0.0	702905	response	6	n/a	n/a	trigger	0
704.483	0.5	704483	trained	32722	45	memtrain/so_090_2.jpg	photodiode	1
705.233	0.5	705233	trained	32736	31	memtrain/o_465_2.jpg	photodiode	1
706.184	0.5	706184	trained	32761	6	memtrain/o_076_1.jpg	photodiode	1
706.985	0.5	706985	untrained	32686	81	memtrain/o_655_2.jpg	photodiode	1
707.735	0.5	707735	untrained	32672	95	memtrain/so_125_1.jpg	photodiode	1
708.536	0.5	708536	catch	32671	n/a	catch_padded.jpg	photodiode	0
708.807	0.0	708807	response	6	n/a	n/a	trigger	0
710.646	0.5	710646	trained	32725	42	memtrain/so_034_2.jpg	photodiode	1
711.438	0.5	711438	untrained	32714	53	memtrain/o_142_2.jpg	photodiode	1
712.289	0.5	712289	trained	32737	30	memtrain/o_437_2.jpg	photodiode	1
713.09	0.5	713090	untrained	32694	73	memtrain/o_519_2.jpg	photodiode	1
713.89	0.5	713890	trained	32745	22	memtrain/o_321_1.jpg	photodiode	1
714.841	0.5	714841	catch	32671	n/a	catch_padded.jpg	photodiode	0
715.103	0.0	715103	response	6	n/a	n/a	trigger	0
716.943	0.5	716943	untrained	32710	57	memtrain/o_171_1.jpg	photodiode	1
717.844	0.5	717844	untrained	32703	64	memtrain/o_334_2.jpg	photodiode	1
718.645	0.5	718645	trained	32752	15	memtrain/o_195_1.jpg	photodiode	1
719.595	0.5	719595	catch	32671	n/a	catch_padded.jpg	photodiode	0
720.063	0.0	720063	response	6	n/a	n/a	trigger	0
721.597	0.5	721597	untrained	32690	77	memtrain/o_574_2.jpg	photodiode	1
722.548	0.5	722548	trained	32764	3	memtrain/o_040_2.jpg	photodiode	1
723.491	0.5	723491	untrained	32688	79	memtrain/o_600_1.jpg	photodiode	1
724.449	0.5	724449	trained	32756	11	memtrain/o_117_2.jpg	photodiode	1
725.392	0.5	725392	catch	32671	n/a	catch_padded.jpg	photodiode	0
725.71	0.0	725710	response	6	n/a	n/a	trigger	0
727.344	0.5	727344	trained	32726	41	memtrain/o_663_2.jpg	photodiode	1
728.203	0.5	728203	untrained	32696	71	memtrain/o_483_1.jpg	photodiode	1
729.145	0.5	729145	trained	32763	4	memtrain/o_042_1.jpg	photodiode	1
729.946	0.5	729946	catch	32671	n/a	catch_padded.jpg	photodiode	0
730.339	0.0	730339	response	6	n/a	n/a	trigger	0
731.848	0.5	731848	untrained	32708	59	memtrain/o_201_2.jpg	photodiode	1
732.748	0.5	732748	trained	32750	17	memtrain/o_232_1.jpg	photodiode	1
733.599	0.5	733599	untrained	32685	82	memtrain/o_656_1.jpg	photodiode	1
734.35	0.5	734350	trained	32751	16	memtrain/o_199_2.jpg	photodiode	1
735.301	0.5	735301	catch	32671	n/a	catch_padded.jpg	photodiode	0
735.628	0.0	735628	response	6	n/a	n/a	trigger	0
737.302	0.5	737302	untrained	32695	72	memtrain/o_490_1.jpg	photodiode	1
738.153	0.5	738153	trained	32720	47	memtrain/so_147_2.jpg	photodiode	1
739.104	0.5	739104	untrained	32698	69	memtrain/o_464_2.jpg	photodiode	1
739.904	0.5	739904	catch	32671	n/a	catch_padded.jpg	photodiode	0
740.236	0.0	740236	response	6	n/a	n/a	trigger	0
741.906	0.5	741906	trained	32734	33	memtrain/o_536_1.jpg	photodiode	1
742.807	0.5	742807	trained	32727	40	memtrain/o_648_2.jpg	photodiode	1
743.758	0.5	743758	untrained	32673	94	memtrain/so_067_1.jpg	photodiode	1
744.558	0.5	744558	untrained	32718	49	memtrain/o_054_2.jpg	photodiode	1
745.509	0.5	745509	catch	32671	n/a	catch_padded.jpg	photodiode	0
745.838	0.0	745838	response	6	n/a	n/a	trigger	0
747.511	0.5	747511	trained	32765	2	memtrain/o_035_1.jpg	photodiode	1
748.412	0.5	748412	untrained	32706	61	memtrain/o_298_2.jpg	photodiode	1
749.262	0.5	749262	untrained	32716	51	memtrain/o_103_2.jpg	photodiode	1
750.113	0.5	750113	untrained	32707	60	memtrain/o_228_2.jpg	photodiode	1
750.964	0.5	750964	trained	32760	7	memtrain/o_091_2.jpg	photodiode	1
751.856	0.5	751856	catch	32671	n/a	catch_padded.jpg	photodiode	0
752.086	0.0	752086	response	6	n/a	n/a	trigger	0
753.766	0.5	753766	trained	32767	0	memtrain/o_006_1.jpg	photodiode	1
754.508	0.5	754508	trained	32757	10	memtrain/o_111_2.jpg	photodiode	1
755.459	0.5	755459	untrained	32675	92	memtrain/so_033_1.jpg	photodiode	1
756.36	0.5	756360	untrained	32691	76	memtrain/o_570_1.jpg	photodiode	1
757.269	0.5	757269	catch	32671	n/a	catch_padded.jpg	photodiode	0
757.736	0.0	757736	response	6	n/a	n/a	trigger	0
759.362	0.5	759362	trained	32730	37	memtrain/o_597_1.jpg	photodiode	1
760.222	0.5	760222	trained	32721	46	memtrain/so_113_1.jpg	photodiode	1
761.114	0.5	761114	trained	32743	24	memtrain/o_357_1.jpg	photodiode	1
762.015	0.5	762015	catch	32671	n/a	catch_padded.jpg	photodiode	0
762.44	0.0	762440	response	6	n/a	n/a	trigger	0
763.966	0.5	763966	trained	32759	8	memtrain/o_094_1.jpg	photodiode	1
764.817	0.5	764817	trained	32754	13	memtrain/o_136_1.jpg	photodiode	1
765.618	0.5	765618	trained	32735	32	memtrain/o_485_2.jpg	photodiode	1
766.518	0.5	766518	untrained	32719	48	memtrain/o_019_2.jpg	photodiode	1
767.469	0.5	767469	untrained	32681	86	memtrain/o_288_1.jpg	photodiode	1
768.22	0.5	768220	catch	32671	n/a	catch_padded.jpg	photodiode	0
768.497	0.0	768497	response	6	n/a	n/a	trigger	0
770.272	0.5	770272	untrained	32677	90	memtrain/o_580_1.jpg	photodiode	1
771.022	0.5	771022	untrained	32692	75	memtrain/o_564_1.jpg	photodiode	1
771.923	0.5	771923	untrained	32682	85	memtrain/o_218_1.jpg	photodiode	1
772.674	0.5	772674	trained	32729	38	memtrain/o_603_1.jpg	photodiode	1
773.624	0.5	773624	trained	32741	26	memtrain/o_376_1.jpg	photodiode	1
774.525	0.5	774525	catch	32671	n/a	catch_padded.jpg	photodiode	0
774.811	0.0	774811	response	6	n/a	n/a	trigger	0
776.527	0.5	776527	trained	32740	27	memtrain/o_379_2.jpg	photodiode	1
777.278	0.5	777278	untrained	32713	54	memtrain/o_145_1.jpg	photodiode	1
778.228	0.5	778228	untrained	32700	67	memtrain/o_378_1.jpg	photodiode	1
778.979	0.5	778979	catch	32671	n/a	catch_padded.jpg	photodiode	0
779.525	0.0	779525	response	6	n/a	n/a	trigger	0
781.081	0.5	781081	untrained	32699	68	memtrain/o_393_1.jpg	photodiode	1
781.881	0.5	781881	trained	32742	25	memtrain/o_358_2.jpg	photodiode	1
782.732	0.5	782732	trained	32749	18	memtrain/o_264_2.jpg	photodiode	1
783.525	0.5	783525	untrained	32712	55	memtrain/o_153_2.jpg	photodiode	1
784.325	0.5	784325	catch	32671	n/a	catch_padded.jpg	photodiode	0
784.707	0.0	784707	response	6	n/a	n/a	trigger	0
786.277	0.5	786277	untrained	32684	83	memtrain/so_105_1.jpg	photodiode	1
787.228	0.5	787228	untrained	32704	63	memtrain/o_310_2.jpg	photodiode	1
788.079	0.5	788079	trained	32728	39	memtrain/o_606_1.jpg	photodiode	1
788.929	0.5	788929	untrained	32709	58	memtrain/o_192_1.jpg	photodiode	1
789.78	0.5	789780	catch	32671	n/a	catch_padded.jpg	photodiode	0
790.075	0.0	790075	response	6	n/a	n/a	trigger	0
791.832	0.5	791832	untrained	32715	52	memtrain/o_141_1.jpg	photodiode	1
792.582	0.5	792582	trained	32753	14	memtrain/o_174_1.jpg	photodiode	1
793.333	0.5	793333	untrained	32689	78	memtrain/o_599_1.jpg	photodiode	1
794.084	0.5	794084	untrained	32680	87	memtrain/o_365_1.jpg	photodiode	1
794.884	0.5	794884	untrained	32694	73	memtrain/o_519_2.jpg	photodiode	1
795.635	0.5	795635	catch	32671	n/a	catch_padded.jpg	photodiode	0
796.012	0.0	796012	response	6	n/a	n/a	trigger	0
797.537	0.5	797537	trained	32747	20	memtrain/o_290_1.jpg	photodiode	1
798.287	0.5	798287	untrained	32686	81	memtrain/o_655_2.jpg	photodiode	1
799.088	0.5	799088	untrained	32675	92	memtrain/so_033_1.jpg	photodiode	1
800.039	0.5	800039	catch	32671	n/a	catch_padded.jpg	photodiode	0
800.389	0.0	800389	response	6	n/a	n/a	trigger	0
802.04	0.5	802040	trained	32745	22	memtrain/o_321_1.jpg	photodiode	1
802.891	0.5	802891	trained	32755	12	memtrain/o_127_2.jpg	photodiode	1
803.792	0.5	803792	trained	32744	23	memtrain/o_338_2.jpg	photodiode	1
804.593	0.5	804593	untrained	32703	64	memtrain/o_334_2.jpg	photodiode	1
805.343	0.5	805343	untrained	32704	63	memtrain/o_310_2.jpg	photodiode	1
806.294	0.5	806294	catch	32671	n/a	catch_padded.jpg	photodiode	0
806.586	0.0	806586	response	6	n/a	n/a	trigger	0
808.396	0.5	808396	untrained	32699	68	memtrain/o_393_1.jpg	photodiode	1
809.247	0.5	809247	untrained	32709	58	memtrain/o_192_1.jpg	photodiode	1
809.997	0.5	809997	trained	32767	0	memtrain/o_006_1.jpg	photodiode	1
810.948	0.5	810948	catch	32671	n/a	catch_padded.jpg	photodiode	0
811.276	0.0	811276	response	6	n/a	n/a	trigger	0
812.85	0.5	812850	trained	32722	45	memtrain/so_090_2.jpg	photodiode	1
813.742	0.5	813742	untrained	32706	61	memtrain/o_298_2.jpg	photodiode	1
814.593	0.5	814593	untrained	32676	91	memtrain/o_605_1.jpg	photodiode	1
815.393	0.5	815393	catch	32671	n/a	catch_padded.jpg	photodiode	0
815.81	0.0	815810	response	6	n/a	n/a	trigger	0
817.445	0.5	817445	untrained	32716	51	memtrain/o_103_2.jpg	photodiode	1
818.196	0.5	818196	trained	32739	28	memtrain/o_397_1.jpg	photodiode	1
819.096	0.5	819096	trained	32736	31	memtrain/o_465_2.jpg	photodiode	1
820.006	0.5	820006	catch	32671	n/a	catch_padded.jpg	photodiode	0
820.349	0.0	820349	response	6	n/a	n/a	trigger	0
821.999	0.5	821999	untrained	32697	70	memtrain/o_471_2.jpg	photodiode	1
822.749	0.5	822749	trained	32741	26	memtrain/o_376_1.jpg	photodiode	1
823.55	0.5	823550	trained	32765	2	memtrain/o_035_1.jpg	photodiode	1
824.451	0.5	824451	trained	32740	27	memtrain/o_379_2.jpg	photodiode	1
825.41	0.5	825410	catch	32671	n/a	catch_padded.jpg	photodiode	0
825.654	0.0	825654	response	6	n/a	n/a	trigger	0
827.303	0.5	827303	untrained	32687	80	memtrain/o_613_1.jpg	photodiode	1
828.254	0.5	828254	untrained	32711	56	memtrain/o_163_2.jpg	photodiode	1
829.155	0.5	829155	untrained	32708	59	memtrain/o_201_2.jpg	photodiode	1
830.056	0.5	830056	trained	32729	38	memtrain/o_603_1.jpg	photodiode	1
830.956	0.5	830956	catch	32671	n/a	catch_padded.jpg	photodiode	0
831.298	0.0	831298	response	6	n/a	n/a	trigger	0
833.058	0.5	833058	untrained	32690	77	memtrain/o_574_2.jpg	photodiode	1
833.959	0.5	833959	untrained	32688	79	memtrain/o_600_1.jpg	photodiode	1
834.91	0.5	834910	trained	32737	30	memtrain/o_437_2.jpg	photodiode	1
835.71	0.5	835710	catch	32671	n/a	catch_padded.jpg	photodiode	0
836.177	0.0	836177	response	6	n/a	n/a	trigger	0
837.662	0.5	837662	trained	32751	16	memtrain/o_199_2.jpg	photodiode	1
838.413	0.5	838413	trained	32746	21	memtrain/o_319_1.jpg	photodiode	1
839.313	0.5	839313	untrained	32684	83	memtrain/so_105_1.jpg	photodiode	1
840.214	0.5	840214	untrained	32681	86	memtrain/o_288_1.jpg	photodiode	1
841.115	0.5	841115	trained	32730	37	memtrain/o_597_1.jpg	photodiode	1
841.908	0.5	841908	catch	32671	n/a	catch_padded.jpg	photodiode	0
842.163	0.0	842163	response	6	n/a	n/a	trigger	0
843.909	0.5	843909	untrained	32673	94	memtrain/so_067_1.jpg	photodiode	1
844.81	0.5	844810	trained	32733	34	memtrain/o_558_2.jpg	photodiode	1
845.611	0.5	845611	trained	32763	4	memtrain/o_042_1.jpg	photodiode	1
846.411	0.5	846411	trained	32732	35	memtrain/o_561_2.jpg	photodiode	1
847.312	0.5	847312	untrained	32674	93	memtrain/so_035_1.jpg	photodiode	1
848.113	0.5	848113	catch	32671	n/a	catch_padded.jpg	photodiode	0
848.463	0.0	848463	response	6	n/a	n/a	trigger	0
850.065	0.5	850065	trained	32758	9	memtrain/o_101_2.jpg	photodiode	1
850.865	0.5	850865	trained	32725	42	memtrain/so_034_2.jpg	photodiode	1
851.766	0.5	851766	untrained	32693	74	memtrain/o_550_1.jpg	photodiode	1
852.517	0.5	852517	trained	32766	1	memtrain/o_015_1.jpg	photodiode	1
853.317	0.5	853317	trained	32726	41	memtrain/o_663_2.jpg	photodiode	1
854.268	0.5	854268	catch	32671	n/a	catch_padded.jpg	photodiode	0
854.542	0.0	854542	response	6	n/a	n/a	trigger	0
856.37	0.5	856370	trained	32721	46	memtrain/so_113_1.jpg	photodiode	1
857.271	0.5	857271	trained	32759	8	memtrain/o_094_1.jpg	photodiode	1
858.121	0.5	858121	untrained	32692	75	memtrain/o_564_1.jpg	photodiode	1
859.022	0.5	859022	trained	32724	43	memtrain/so_043_2.jpg	photodiode	1
859.923	0.5	859923	trained	32760	7	memtrain/o_091_2.jpg	photodiode	1
860.874	0.5	860874	catch	32671	n/a	catch_padded.jpg	photodiode	0
861.098	0.0	861098	response	6	n/a	n/a	trigger	0
862.875	0.5	862875	untrained	32718	49	memtrain/o_054_2.jpg	photodiode	1
863.676	0.5	863676	untrained	32682	85	memtrain/o_218_1.jpg	photodiode	1
864.427	0.5	864427	trained	32738	29	memtrain/o_416_1.jpg	photodiode	1
865.277	0.5	865277	catch	32671	n/a	catch_padded.jpg	photodiode	0
865.683	0.0	865683	response	6	n/a	n/a	trigger	0
867.179	0.5	867179	untrained	32707	60	memtrain/o_228_2.jpg	photodiode	1
868.13	0.5	868130	trained	32743	24	memtrain/o_357_1.jpg	photodiode	1
868.88	0.5	868880	trained	32720	47	memtrain/so_147_2.jpg	photodiode	1
869.631	0.5	869631	catch	32671	n/a	catch_padded.jpg	photodiode	0
870.106	0.0	870106	response	6	n/a	n/a	trigger	0
871.524	0.5	871524	untrained	32710	57	memtrain/o_171_1.jpg	photodiode	1
872.475	0.5	872475	untrained	32705	62	memtrain/o_304_1.jpg	photodiode	1
873.276	0.5	873276	untrained	32712	55	memtrain/o_153_2.jpg	photodiode	1
874.026	0.5	874026	untrained	32678	89	memtrain/o_469_1.jpg	photodiode	1
874.877	0.5	874877	trained	32731	36	memtrain/o_583_1.jpg	photodiode	1
875.628	0.5	875628	catch	32671	n/a	catch_padded.jpg	photodiode	0
875.954	0.0	875954	response	6	n/a	n/a	trigger	0
877.629	0.5	877629	trained	32764	3	memtrain/o_040_2.jpg	photodiode	1
878.53	0.5	878530	trained	32752	15	memtrain/o_195_1.jpg	photodiode	1
879.481	0.5	879481	trained	32723	44	memtrain/so_045_1.jpg	photodiode	1
880.332	0.5	880332	untrained	32719	48	memtrain/o_019_2.jpg	photodiode	1
881.132	0.5	881132	catch	32671	n/a	catch_padded.jpg	photodiode	0
881.608	0.0	881608	response	6	n/a	n/a	trigger	0
883.134	0.5	883134	untrained	32685	82	memtrain/o_656_1.jpg	photodiode	1
884.035	0.5	884035	untrained	32679	88	memtrain/o_458_1.jpg	photodiode	1
884.986	0.5	884986	untrained	32695	72	memtrain/o_490_1.jpg	photodiode	1
885.736	0.5	885736	trained	32748	19	memtrain/o_284_2.jpg	photodiode	1
886.587	0.5	886587	catch	32671	n/a	catch_padded.jpg	photodiode	0
886.895	0.0	886895	response	6	n/a	n/a	trigger	0
888.639	0.5	888639	trained	32754	13	memtrain/o_136_1.jpg	photodiode	1
889.439	0.5	889439	trained	32761	6	memtrain/o_076_1.jpg	photodiode	1
890.24	0.5	890240	untrained	32714	53	memtrain/o_142_2.jpg	photodiode	1
891.141	0.5	891141	untrained	32701	66	memtrain/o_342_2.jpg	photodiode	1
892.042	0.5	892042	catch	32671	n/a	catch_padded.jpg	photodiode	0
892.349	0.0	892349	response	6	n/a	n/a	trigger	0
894.143	0.5	894143	trained	32735	32	memtrain/o_485_2.jpg	photodiode	1
895.044	0.5	895044	untrained	32691	76	memtrain/o_570_1.jpg	photodiode	1
895.995	0.5	895995	untrained	32683	84	memtrain/so_117_2.jpg	photodiode	1
896.746	0.5	896746	trained	32750	17	memtrain/o_232_1.jpg	photodiode	1
897.496	0.5	897496	catch	32671	n/a	catch_padded.jpg	photodiode	0
897.835	0.0	897835	response	6	n/a	n/a	trigger	0
899.448	0.5	899448	trained	32728	39	memtrain/o_606_1.jpg	photodiode	1
900.248	0.5	900248	trained	32742	25	memtrain/o_358_2.jpg	photodiode	1
901.091	0.5	901091	trained	32757	10	memtrain/o_111_2.jpg	photodiode	1
901.842	0.5	901842	catch	32671	n/a	catch_padded.jpg	photodiode	0
902.171	0.0	902171	response	6	n/a	n/a	trigger	0
903.743	0.5	903743	trained	32749	18	memtrain/o_264_2.jpg	photodiode	1
904.602	0.5	904602	untrained	32713	54	memtrain/o_145_1.jpg	photodiode	1
905.545	0.5	905545	untrained	32700	67	memtrain/o_378_1.jpg	photodiode	1
906.446	0.5	906446	catch	32671	n/a	catch_padded.jpg	photodiode	0
906.723	0.0	906723	response	6	n/a	n/a	trigger	0
908.547	0.5	908547	trained	32727	40	memtrain/o_648_2.jpg	photodiode	1
909.348	0.5	909348	trained	32734	33	memtrain/o_536_1.jpg	photodiode	1
910.099	0.5	910099	trained	32756	11	memtrain/o_117_2.jpg	photodiode	1
911.0	0.5	911000	untrained	32696	71	memtrain/o_483_1.jpg	photodiode	1
911.95	0.5	911950	untrained	32672	95	memtrain/so_125_1.jpg	photodiode	1
912.701	0.5	912701	catch	32671	n/a	catch_padded.jpg	photodiode	0
913.069	0.0	913069	response	6	n/a	n/a	trigger	0
914.703	0.5	914703	untrained	32677	90	memtrain/o_580_1.jpg	photodiode	1
915.503	0.5	915503	untrained	32717	50	memtrain/o_057_2.jpg	photodiode	1
916.454	0.5	916454	untrained	32702	65	memtrain/o_337_2.jpg	photodiode	1
917.205	0.5	917205	untrained	32698	69	memtrain/o_464_2.jpg	photodiode	1
918.156	0.5	918156	trained	32762	5	memtrain/o_067_1.jpg	photodiode	1
919.056	0.5	919056	catch	32671	n/a	catch_padded.jpg	photodiode	0
919.309	0.0	919309	response	6	n/a	n/a	trigger	0
925.529	0.0	925529	block_end	120	n/a	n/a	trigger	0
984.163	0.0	984163	response	6	n/a	n/a	trigger	0
984.171	0.0	984171	block_onset	104	n/a	n/a	trigger	0
986.23	0.5	986230	trained	32726	41	memtrain/o_663_2.jpg	photodiode	1
987.081	0.5	987081	untrained	32700	67	memtrain/o_378_1.jpg	photodiode	1
987.981	0.5	987981	trained	32729	38	memtrain/o_603_1.jpg	photodiode	1
988.732	0.5	988732	catch	32671	n/a	catch_padded.jpg	photodiode	0
989.117	0.0	989117	response	6	n/a	n/a	trigger	0
990.634	0.5	990634	untrained	32699	68	memtrain/o_393_1.jpg	photodiode	1
991.434	0.5	991434	untrained	32712	55	memtrain/o_153_2.jpg	photodiode	1
992.285	0.5	992285	untrained	32687	80	memtrain/o_613_1.jpg	photodiode	1
993.077	0.5	993077	untrained	32702	65	memtrain/o_337_2.jpg	photodiode	1
993.878	0.5	993878	catch	32671	n/a	catch_padded.jpg	photodiode	0
994.214	0.0	994214	response	6	n/a	n/a	trigger	0
995.98	0.5	995980	untrained	32709	58	memtrain/o_192_1.jpg	photodiode	1
996.83	0.5	996830	untrained	32706	61	memtrain/o_298_2.jpg	photodiode	1
997.781	0.5	997781	untrained	32682	85	memtrain/o_218_1.jpg	photodiode	1
998.532	0.5	998532	trained	32751	16	memtrain/o_199_2.jpg	photodiode	1
999.433	0.5	999433	catch	32671	n/a	catch_padded.jpg	photodiode	0
999.7	0.0	999700	response	6	n/a	n/a	trigger	0
1001.434	0.5	1001434	untrained	32718	49	memtrain/o_054_2.jpg	photodiode	1
1002.285	0.5	1002285	untrained	32707	60	memtrain/o_228_2.jpg	photodiode	1
1003.086	0.5	1003086	trained	32731	36	memtrain/o_583_1.jpg	photodiode	1
1003.886	0.5	1003886	catch	32671	n/a	catch_padded.jpg	photodiode	0
1004.246	0.0	1004246	response	6	n/a	n/a	trigger	0
1005.988	0.5	1005988	untrained	32683	84	memtrain/so_117_2.jpg	photodiode	1
1006.839	0.5	1006839	trained	32723	44	memtrain/so_045_1.jpg	photodiode	1
1007.69	0.5	1007690	trained	32725	42	memtrain/so_034_2.jpg	photodiode	1
1008.44	0.5	1008440	catch	32671	n/a	catch_padded.jpg	photodiode	0
1008.859	0.0	1008859	response	6	n/a	n/a	trigger	0
1010.392	0.5	1010392	trained	32734	33	memtrain/o_536_1.jpg	photodiode	1
1011.143	0.5	1011143	untrained	32695	72	memtrain/o_490_1.jpg	photodiode	1
1012.093	0.5	1012093	trained	32722	45	memtrain/so_090_2.jpg	photodiode	1
1012.844	0.5	1012844	untrained	32684	83	memtrain/so_105_1.jpg	photodiode	1
1013.595	0.5	1013595	catch	32671	n/a	catch_padded.jpg	photodiode	0
1013.933	0.0	1013933	response	6	n/a	n/a	trigger	0
1015.596	0.5	1015596	untrained	32676	91	memtrain/o_605_1.jpg	photodiode	1
1016.497	0.5	1016497	trained	32756	11	memtrain/o_117_2.jpg	photodiode	1
1017.248	0.5	1017248	untrained	32677	90	memtrain/o_580_1.jpg	photodiode	1
1018.148	0.5	1018148	trained	32759	8	memtrain/o_094_1.jpg	photodiode	1
1018.899	0.5	1018899	trained	32757	10	memtrain/o_111_2.jpg	photodiode	1
1019.85	0.5	1019850	catch	32671	n/a	catch_padded.jpg	photodiode	0
1020.117	0.0	1020117	response	6	n/a	n/a	trigger	0
1021.743	0.5	1021743	trained	32741	26	memtrain/o_376_1.jpg	photodiode	1
1022.494	0.5	1022494	trained	32732	35	memtrain/o_561_2.jpg	photodiode	1
1023.395	0.5	1023395	untrained	32719	48	memtrain/o_019_2.jpg	photodiode	1
1024.346	0.5	1024346	trained	32767	0	memtrain/o_006_1.jpg	photodiode	1
1025.246	0.5	1025246	untrained	32690	77	memtrain/o_574_2.jpg	photodiode	1
1026.097	0.5	1026097	catch	32671	n/a	catch_padded.jpg	photodiode	0
1026.379	0.0	1026379	response	6	n/a	n/a	trigger	0
1028.099	0.5	1028099	trained	32735	32	memtrain/o_485_2.jpg	photodiode	1
1029.05	0.5	1029050	untrained	32710	57	memtrain/o_171_1.jpg	photodiode	1
1029.85	0.5	1029850	untrained	32701	66	memtrain/o_342_2.jpg	photodiode	1
1030.751	0.5	1030751	catch	32671	n/a	catch_padded.jpg	photodiode	0
1031.236	0.0	1031236	response	6	n/a	n/a	trigger	0
1032.803	0.5	1032803	trained	32742	25	memtrain/o_358_2.jpg	photodiode	1
1033.553	0.5	1033553	trained	32739	28	memtrain/o_397_1.jpg	photodiode	1
1034.404	0.5	1034404	trained	32763	4	memtrain/o_042_1.jpg	photodiode	1
1035.205	0.5	1035205	trained	32746	21	memtrain/o_319_1.jpg	photodiode	1
1036.106	0.5	1036106	catch	32671	n/a	catch_padded.jpg	photodiode	0
1036.381	0.0	1036381	response	6	n/a	n/a	trigger	0
1038.207	0.5	1038207	untrained	32703	64	memtrain/o_334_2.jpg	photodiode	1
1039.008	0.5	1039008	trained	32760	7	memtrain/o_091_2.jpg	photodiode	1
1039.959	0.5	1039959	untrained	32698	69	memtrain/o_464_2.jpg	photodiode	1
1040.81	0.5	1040810	untrained	32708	59	memtrain/o_201_2.jpg	photodiode	1
1041.71	0.5	1041710	untrained	32688	79	memtrain/o_600_1.jpg	photodiode	1
1042.461	0.5	1042461	catch	32671	n/a	catch_padded.jpg	photodiode	0
1042.751	0.0	1042751	response	6	n/a	n/a	trigger	0
1044.413	0.5	1044413	untrained	32692	75	memtrain/o_564_1.jpg	photodiode	1
1045.213	0.5	1045213	untrained	32673	94	memtrain/so_067_1.jpg	photodiode	1
1046.114	0.5	1046114	untrained	32675	92	memtrain/so_033_1.jpg	photodiode	1
1047.065	0.5	1047065	untrained	32717	50	memtrain/o_057_2.jpg	photodiode	1
1048.016	0.5	1048016	untrained	32714	53	memtrain/o_142_2.jpg	photodiode	1
1048.966	0.5	1048966	catch	32671	n/a	catch_padded.jpg	photodiode	0
1049.179	0.0	1049179	response	6	n/a	n/a	trigger	0
1050.91	0.5	1050910	untrained	32705	62	memtrain/o_304_1.jpg	photodiode	1
1051.76	0.5	1051760	trained	32744	23	memtrain/o_338_2.jpg	photodiode	1
1052.561	0.5	1052561	trained	32720	47	memtrain/so_147_2.jpg	photodiode	1
1053.412	0.5	1053412	trained	32721	46	memtrain/so_113_1.jpg	photodiode	1
1054.262	0.5	1054262	untrained	32694	73	memtrain/o_519_2.jpg	photodiode	1
1055.213	0.5	1055213	catch	32671	n/a	catch_padded.jpg	photodiode	0
1055.642	0.0	1055642	response	6	n/a	n/a	trigger	0
1057.115	0.5	1057115	untrained	32679	88	memtrain/o_458_1.jpg	photodiode	1
1058.066	0.5	1058066	untrained	32674	93	memtrain/so_035_1.jpg	photodiode	1
1058.966	0.5	1058966	untrained	32681	86	memtrain/o_288_1.jpg	photodiode	1
1059.917	0.5	1059917	trained	32766	1	memtrain/o_015_1.jpg	photodiode	1
1060.818	0.5	1060818	catch	32671	n/a	catch_padded.jpg	photodiode	0
1061.125	0.0	1061125	response	6	n/a	n/a	trigger	0
1062.72	0.5	1062720	trained	32762	5	memtrain/o_067_1.jpg	photodiode	1
1063.62	0.5	1063620	untrained	32691	76	memtrain/o_570_1.jpg	photodiode	1
1064.571	0.5	1064571	untrained	32716	51	memtrain/o_103_2.jpg	photodiode	1
1065.372	0.5	1065372	catch	32671	n/a	catch_padded.jpg	photodiode	0
1065.818	0.0	1065818	response	6	n/a	n/a	trigger	0
1067.424	0.5	1067424	trained	32724	43	memtrain/so_043_2.jpg	photodiode	1
1068.324	0.5	1068324	untrained	32686	81	memtrain/o_655_2.jpg	photodiode	1
1069.175	0.5	1069175	trained	32728	39	memtrain/o_606_1.jpg	photodiode	1
1069.976	0.5	1069976	catch	32671	n/a	catch_padded.jpg	photodiode	0
1070.33	0.0	1070330	response	6	n/a	n/a	trigger	0
1071.977	0.5	1071977	trained	32761	6	memtrain/o_076_1.jpg	photodiode	1
1072.728	0.5	1072728	trained	32736	31	memtrain/o_465_2.jpg	photodiode	1
1073.579	0.5	1073579	trained	32765	2	memtrain/o_035_1.jpg	photodiode	1
1074.53	0.5	1074530	catch	32671	n/a	catch_padded.jpg	photodiode	0
1074.86	0.0	1074860	response	6	n/a	n/a	trigger	0
1076.631	0.5	1076631	trained	32737	30	memtrain/o_437_2.jpg	photodiode	1
1077.432	0.5	1077432	trained	32754	13	memtrain/o_136_1.jpg	photodiode	1
1078.233	0.5	1078233	trained	32753	14	memtrain/o_174_1.jpg	photodiode	1
1079.184	0.5	1079184	trained	32740	27	memtrain/o_379_2.jpg	photodiode	1
1079.934	0.5	1079934	catch	32671	n/a	catch_padded.jpg	photodiode	0
1080.231	0.0	1080231	response	6	n/a	n/a	trigger	0
1081.828	0.5	1081828	untrained	32715	52	memtrain/o_141_1.jpg	photodiode	1
1082.636	0.5	1082636	trained	32745	22	memtrain/o_321_1.jpg	photodiode	1
1083.579	0.5	1083579	untrained	32711	56	memtrain/o_163_2.jpg	photodiode	1
1084.53	0.5	1084530	catch	32671	n/a	catch_padded.jpg	photodiode	0
1084.906	0.0	1084906	response	6	n/a	n/a	trigger	0
1086.482	0.5	1086482	untrained	32704	63	memtrain/o_310_2.jpg	photodiode	1
1087.332	0.5	1087332	untrained	32693	74	memtrain/o_550_1.jpg	photodiode	1
1088.183	0.5	1088183	trained	32748	19	memtrain/o_284_2.jpg	photodiode	1
1089.034	0.5	1089034	catch	32671	n/a	catch_padded.jpg	photodiode	0
1089.356	0.0	1089356	response	6	n/a	n/a	trigger	0
1091.136	0.5	1091136	trained	32743	24	memtrain/o_357_1.jpg	photodiode	1
1092.094	0.5	1092094	trained	32738	29	memtrain/o_416_1.jpg	photodiode	1
1092.837	0.5	1092837	trained	32750	17	memtrain/o_232_1.jpg	photodiode	1
1093.688	0.5	1093688	trained	32758	9	memtrain/o_101_2.jpg	photodiode	1
1094.446	0.5	1094446	untrained	32713	54	memtrain/o_145_1.jpg	photodiode	1
1095.389	0.5	1095389	catch	32671	n/a	catch_padded.jpg	photodiode	0
1095.643	0.0	1095643	response	6	n/a	n/a	trigger	0
1097.291	0.5	1097291	trained	32749	18	memtrain/o_264_2.jpg	photodiode	1
1098.091	0.5	1098091	trained	32733	34	memtrain/o_558_2.jpg	photodiode	1
1098.892	0.5	1098892	untrained	32680	87	memtrain/o_365_1.jpg	photodiode	1
1099.743	0.5	1099743	trained	32730	37	memtrain/o_597_1.jpg	photodiode	1
1100.644	0.5	1100644	trained	32755	12	memtrain/o_127_2.jpg	photodiode	1
1101.594	0.5	1101594	catch	32671	n/a	catch_padded.jpg	photodiode	0
1101.815	0.0	1101815	response	6	n/a	n/a	trigger	0
1103.646	0.5	1103646	untrained	32678	89	memtrain/o_469_1.jpg	photodiode	1
1104.547	0.5	1104547	untrained	32689	78	memtrain/o_599_1.jpg	photodiode	1
1105.348	0.5	1105348	untrained	32672	95	memtrain/so_125_1.jpg	photodiode	1
1106.248	0.5	1106248	untrained	32696	71	memtrain/o_483_1.jpg	photodiode	1
1106.999	0.5	1106999	untrained	32685	82	memtrain/o_656_1.jpg	photodiode	1
1107.95	0.5	1107950	catch	32671	n/a	catch_padded.jpg	photodiode	0
1108.217	0.0	1108217	response	6	n/a	n/a	trigger	0
1109.851	0.5	1109851	trained	32747	20	memtrain/o_290_1.jpg	photodiode	1
1110.794	0.5	1110794	trained	32727	40	memtrain/o_648_2.jpg	photodiode	1
1111.594	0.5	1111594	untrained	32697	70	memtrain/o_471_2.jpg	photodiode	1
1112.495	0.5	1112495	catch	32671	n/a	catch_padded.jpg	photodiode	0
1113.178	0.0	1113178	response	6	n/a	n/a	trigger	0
1114.397	0.5	1114397	trained	32752	15	memtrain/o_195_1.jpg	photodiode	1
1115.348	0.5	1115348	trained	32764	3	memtrain/o_040_2.jpg	photodiode	1
1116.157	0.5	1116157	trained	32729	38	memtrain/o_603_1.jpg	photodiode	1
1116.999	0.5	1116999	trained	32748	19	memtrain/o_284_2.jpg	photodiode	1
1117.85	0.5	1117850	catch	32671	n/a	catch_padded.jpg	photodiode	0
1118.149	0.0	1118149	response	6	n/a	n/a	trigger	0
1119.901	0.5	1119901	trained	32734	33	memtrain/o_536_1.jpg	photodiode	1
1120.702	0.5	1120702	untrained	32672	95	memtrain/so_125_1.jpg	photodiode	1
1121.553	0.5	1121553	untrained	32697	70	memtrain/o_471_2.jpg	photodiode	1
1122.454	0.5	1122454	trained	32721	46	memtrain/so_113_1.jpg	photodiode	1
1123.204	0.5	1123204	catch	32671	n/a	catch_padded.jpg	photodiode	0
1123.578	0.0	1123578	response	6	n/a	n/a	trigger	0
1125.306	0.5	1125306	trained	32744	23	memtrain/o_338_2.jpg	photodiode	1
1126.107	0.5	1126107	trained	32728	39	memtrain/o_606_1.jpg	photodiode	1
1127.057	0.5	1127057	untrained	32699	68	memtrain/o_393_1.jpg	photodiode	1
1127.908	0.5	1127908	trained	32756	11	memtrain/o_117_2.jpg	photodiode	1
1128.659	0.5	1128659	untrained	32689	78	memtrain/o_599_1.jpg	photodiode	1
1129.51	0.5	1129510	catch	32671	n/a	catch_padded.jpg	photodiode	0
1129.752	0.0	1129752	response	6	n/a	n/a	trigger	0
1131.611	0.5	1131611	untrained	32705	62	memtrain/o_304_1.jpg	photodiode	1
1132.562	0.5	1132562	untrained	32698	69	memtrain/o_464_2.jpg	photodiode	1
1133.363	0.5	1133363	trained	32725	42	memtrain/so_034_2.jpg	photodiode	1
1134.214	0.5	1134214	catch	32671	n/a	catch_padded.jpg	photodiode	0
1134.775	0.0	1134775	response	6	n/a	n/a	trigger	0
1136.165	0.5	1136165	untrained	32694	73	memtrain/o_519_2.jpg	photodiode	1
1137.066	0.5	1137066	untrained	32717	50	memtrain/o_057_2.jpg	photodiode	1
1137.917	0.5	1137917	untrained	32691	76	memtrain/o_570_1.jpg	photodiode	1
1138.809	0.5	1138809	catch	32671	n/a	catch_padded.jpg	photodiode	0
1139.137	0.0	1139137	response	6	n/a	n/a	trigger	0
1140.711	0.5	1140711	untrained	32692	75	memtrain/o_564_1.jpg	photodiode	1
1141.612	0.5	1141612	untrained	32676	91	memtrain/o_605_1.jpg	photodiode	1
1142.362	0.5	1142362	trained	32758	9	memtrain/o_101_2.jpg	photodiode	1
1143.163	0.5	1143163	untrained	32682	85	memtrain/o_218_1.jpg	photodiode	1
1144.114	0.5	1144114	catch	32671	n/a	catch_padded.jpg	photodiode	0
1144.473	0.0	1144473	response	6	n/a	n/a	trigger	0
1146.216	0.5	1146216	untrained	32703	64	memtrain/o_334_2.jpg	photodiode	1
1147.016	0.5	1147016	trained	32741	26	memtrain/o_376_1.jpg	photodiode	1
1147.917	0.5	1147917	trained	32760	7	memtrain/o_091_2.jpg	photodiode	1
1148.718	0.5	1148718	untrained	32716	51	memtrain/o_103_2.jpg	photodiode	1
1149.568	0.5	1149568	trained	32745	22	memtrain/o_321_1.jpg	photodiode	1
1150.469	0.5	1150469	catch	32671	n/a	catch_padded.jpg	photodiode	0
1150.75	0.0	1150750	response	6	n/a	n/a	trigger	0
1152.371	0.5	1152371	untrained	32710	57	memtrain/o_171_1.jpg	photodiode	1
1153.222	0.5	1153222	untrained	32715	52	memtrain/o_141_1.jpg	photodiode	1
1153.972	0.5	1153972	trained	32738	29	memtrain/o_416_1.jpg	photodiode	1
1154.873	0.5	1154873	untrained	32696	71	memtrain/o_483_1.jpg	photodiode	1
1155.624	0.5	1155624	trained	32723	44	memtrain/so_045_1.jpg	photodiode	1
1156.374	0.5	1156374	catch	32671	n/a	catch_padded.jpg	photodiode	0
1156.772	0.0	1156772	response	6	n/a	n/a	trigger	0
1158.326	0.5	1158326	trained	32720	47	memtrain/so_147_2.jpg	photodiode	1
1159.177	0.5	1159177	trained	32764	3	memtrain/o_040_2.jpg	photodiode	1
1160.077	0.5	1160077	untrained	32674	93	memtrain/so_035_1.jpg	photodiode	1
1160.828	0.5	1160828	untrained	32680	87	memtrain/o_365_1.jpg	photodiode	1
1161.579	0.5	1161579	trained	32726	41	memtrain/o_663_2.jpg	photodiode	1
1162.429	0.5	1162429	catch	32671	n/a	catch_padded.jpg	photodiode	0
1162.687	0.0	1162687	response	6	n/a	n/a	trigger	0
1164.481	0.5	1164481	trained	32739	28	memtrain/o_397_1.jpg	photodiode	1
1165.382	0.5	1165382	trained	32749	18	memtrain/o_264_2.jpg	photodiode	1
1166.233	0.5	1166233	untrained	32678	89	memtrain/o_469_1.jpg	photodiode	1
1166.983	0.5	1166983	untrained	32700	67	memtrain/o_378_1.jpg	photodiode	1
1167.884	0.5	1167884	catch	32671	n/a	catch_padded.jpg	photodiode	0
1168.217	0.0	1168217	response	6	n/a	n/a	trigger	0
1169.986	0.5	1169986	trained	32757	10	memtrain/o_111_2.jpg	photodiode	1
1170.928	0.5	1170928	trained	32750	17	memtrain/o_232_1.jpg	photodiode	1
1171.779	0.5	1171779	untrained	32695	72	memtrain/o_490_1.jpg	photodiode	1
1172.579	0.5	1172579	catch	32671	n/a	catch_padded.jpg	photodiode	0
1173.105	0.0	1173105	response	6	n/a	n/a	trigger	0
1174.481	0.5	1174481	trained	32752	15	memtrain/o_195_1.jpg	photodiode	1
1175.432	0.5	1175432	trained	32740	27	memtrain/o_379_2.jpg	photodiode	1
1176.333	0.5	1176333	untrained	32679	88	memtrain/o_458_1.jpg	photodiode	1
1177.283	0.5	1177283	trained	32722	45	memtrain/so_090_2.jpg	photodiode	1
1178.034	0.5	1178034	trained	32746	21	memtrain/o_319_1.jpg	photodiode	1
1178.793	0.5	1178793	catch	32671	n/a	catch_padded.jpg	photodiode	0
1179.129	0.0	1179129	response	6	n/a	n/a	trigger	0
1180.736	0.5	1180736	untrained	32707	60	memtrain/o_228_2.jpg	photodiode	1
1181.537	0.5	1181537	untrained	32688	79	memtrain/o_600_1.jpg	photodiode	1
1182.488	0.5	1182488	trained	32747	20	memtrain/o_290_1.jpg	photodiode	1
1183.288	0.5	1183288	untrained	32673	94	memtrain/so_067_1.jpg	photodiode	1
1184.239	0.5	1184239	catch	32671	n/a	catch_padded.jpg	photodiode	0
1184.609	0.0	1184609	response	6	n/a	n/a	trigger	0
1186.141	0.5	1186141	untrained	32712	55	memtrain/o_153_2.jpg	photodiode	1
1187.042	0.5	1187042	trained	32755	12	memtrain/o_127_2.jpg	photodiode	1
1187.992	0.5	1187992	untrained	32702	65	memtrain/o_337_2.jpg	photodiode	1
1188.943	0.5	1188943	untrained	32687	80	memtrain/o_613_1.jpg	photodiode	1
1189.894	0.5	1189894	catch	32671	n/a	catch_padded.jpg	photodiode	0
1190.155	0.0	1190155	response	6	n/a	n/a	trigger	0
1191.796	0.5	1191796	trained	32733	34	memtrain/o_558_2.jpg	photodiode	1
1192.596	0.5	1192596	trained	32761	6	memtrain/o_076_1.jpg	photodiode	1
1193.397	0.5	1193397	trained	32759	8	memtrain/o_094_1.jpg	photodiode	1
1194.248	0.5	1194248	untrained	32675	92	memtrain/so_033_1.jpg	photodiode	1
1194.998	0.5	1194998	catch	32671	n/a	catch_padded.jpg	photodiode	0
1195.332	0.0	1195332	response	6	n/a	n/a	trigger	0
1197.05	0.5	1197050	trained	32736	31	memtrain/o_465_2.jpg	photodiode	1
1197.993	0.5	1197993	untrained	32701	66	memtrain/o_342_2.jpg	photodiode	1
1198.902	0.5	1198902	untrained	32714	53	memtrain/o_142_2.jpg	photodiode	1
1199.744	0.5	1199744	untrained	32706	61	memtrain/o_298_2.jpg	photodiode	1
1200.545	0.5	1200545	untrained	32683	84	memtrain/so_117_2.jpg	photodiode	1
1201.346	0.5	1201346	catch	32671	n/a	catch_padded.jpg	photodiode	0
1201.614	0.0	1201614	response	6	n/a	n/a	trigger	0
1203.247	0.5	1203247	untrained	32677	90	memtrain/o_580_1.jpg	photodiode	1
1204.098	0.5	1204098	trained	32762	5	memtrain/o_067_1.jpg	photodiode	1
1204.899	0.5	1204899	trained	32735	32	memtrain/o_485_2.jpg	photodiode	1
1205.799	0.5	1205799	untrained	32708	59	memtrain/o_201_2.jpg	photodiode	1
1206.65	0.5	1206650	catch	32671	n/a	catch_padded.jpg	photodiode	0
1207.045	0.0	1207045	response	6	n/a	n/a	trigger	0
1208.702	0.5	1208702	trained	32731	36	memtrain/o_583_1.jpg	photodiode	1
1209.603	0.5	1209603	trained	32753	14	memtrain/o_174_1.jpg	photodiode	1
1210.403	0.5	1210403	untrained	32685	82	memtrain/o_656_1.jpg	photodiode	1
1211.204	0.5	1211204	catch	32671	n/a	catch_padded.jpg	photodiode	0
1211.557	0.0	1211557	response	6	n/a	n/a	trigger	0
1213.256	0.5	1213256	untrained	32711	56	memtrain/o_163_2.jpg	photodiode	1
1214.006	0.5	1214006	trained	32727	40	memtrain/o_648_2.jpg	photodiode	1
1214.807	0.5	1214807	untrained	32693	74	memtrain/o_550_1.jpg	photodiode	1
1215.708	0.5	1215708	catch	32671	n/a	catch_padded.jpg	photodiode	0
1216.066	0.0	1216066	response	6	n/a	n/a	trigger	0
1217.609	0.5	1217609	untrained	32719	48	memtrain/o_019_2.jpg	photodiode	1
1218.46	0.5	1218460	untrained	32681	86	memtrain/o_288_1.jpg	photodiode	1
1219.361	0.5	1219361	trained	32730	37	memtrain/o_597_1.jpg	photodiode	1
1220.312	0.5	1220312	catch	32671	n/a	catch_padded.jpg	photodiode	0
1220.624	0.0	1220624	response	6	n/a	n/a	trigger	0
1222.313	0.5	1222313	untrained	32709	58	memtrain/o_192_1.jpg	photodiode	1
1223.064	0.5	1223064	trained	32724	43	memtrain/so_043_2.jpg	photodiode	1
1224.015	0.5	1224015	untrained	32713	54	memtrain/o_145_1.jpg	photodiode	1
1224.907	0.5	1224907	untrained	32690	77	memtrain/o_574_2.jpg	photodiode	1
1225.708	0.5	1225708	trained	32742	25	memtrain/o_358_2.jpg	photodiode	1
1226.508	0.5	1226508	catch	32671	n/a	catch_padded.jpg	photodiode	0
1226.842	0.0	1226842	response	6	n/a	n/a	trigger	0
1228.56	0.5	1228560	trained	32767	0	memtrain/o_006_1.jpg	photodiode	1
1229.411	0.5	1229411	trained	32737	30	memtrain/o_437_2.jpg	photodiode	1
1230.262	0.5	1230262	trained	32765	2	memtrain/o_035_1.jpg	photodiode	1
1231.212	0.5	1231212	trained	32754	13	memtrain/o_136_1.jpg	photodiode	1
1232.063	0.5	1232063	untrained	32704	63	memtrain/o_310_2.jpg	photodiode	1
1232.864	0.5	1232864	catch	32671	n/a	catch_padded.jpg	photodiode	0
1233.267	0.0	1233267	response	6	n/a	n/a	trigger	0
1234.765	0.5	1234765	trained	32732	35	memtrain/o_561_2.jpg	photodiode	1
1235.666	0.5	1235666	trained	32766	1	memtrain/o_015_1.jpg	photodiode	1
1236.467	0.5	1236467	untrained	32718	49	memtrain/o_054_2.jpg	photodiode	1
1237.418	0.5	1237418	trained	32751	16	memtrain/o_199_2.jpg	photodiode	1
1238.318	0.5	1238318	catch	32671	n/a	catch_padded.jpg	photodiode	0
1238.688	0.0	1238688	response	6	n/a	n/a	trigger	0
1240.32	0.5	1240320	trained	32763	4	memtrain/o_042_1.jpg	photodiode	1
1241.171	0.5	1241171	untrained	32684	83	memtrain/so_105_1.jpg	photodiode	1
1241.921	0.5	1241921	untrained	32686	81	memtrain/o_655_2.jpg	photodiode	1
1242.672	0.5	1242672	trained	32743	24	memtrain/o_357_1.jpg	photodiode	1
1243.523	0.5	1243523	catch	32671	n/a	catch_padded.jpg	photodiode	0
1243.863	0.0	1243863	response	6	n/a	n/a	trigger	0
1249.996	0.0	1249996	block_end	120	n/a	n/a	trigger	0
1313.14	0.0	1313140	response	6	n/a	n/a	trigger	0
1313.15	0.0	1313150	block_onset	105	n/a	n/a	trigger	0
1315.209	0.5	1315209	trained	32726	41	memtrain/o_663_2.jpg	photodiode	1
1316.11	0.5	1316110	untrained	32718	49	memtrain/o_054_2.jpg	photodiode	1
1317.06	0.5	1317060	untrained	32674	93	memtrain/so_035_1.jpg	photodiode	1
1317.961	0.5	1317961	untrained	32693	74	memtrain/o_550_1.jpg	photodiode	1
1318.762	0.5	1318762	catch	32671	n/a	catch_padded.jpg	photodiode	0
1319.044	0.0	1319044	response	6	n/a	n/a	trigger	0
1320.664	0.5	1320664	trained	32760	7	memtrain/o_091_2.jpg	photodiode	1
1321.614	0.5	1321614	trained	32721	46	memtrain/so_113_1.jpg	photodiode	1
1322.506	0.5	1322506	trained	32727	40	memtrain/o_648_2.jpg	photodiode	1
1323.457	0.5	1323457	catch	32671	n/a	catch_padded.jpg	photodiode	0
1323.787	0.0	1323787	response	6	n/a	n/a	trigger	0
1325.509	0.5	1325509	trained	32749	18	memtrain/o_264_2.jpg	photodiode	1
1326.36	0.5	1326360	untrained	32717	50	memtrain/o_057_2.jpg	photodiode	1
1327.219	0.5	1327219	trained	32722	45	memtrain/so_090_2.jpg	photodiode	1
1328.011	0.5	1328011	trained	32754	13	memtrain/o_136_1.jpg	photodiode	1
1328.912	0.5	1328912	catch	32671	n/a	catch_padded.jpg	photodiode	0
1329.166	0.0	1329166	response	6	n/a	n/a	trigger	0
1330.914	0.5	1330914	trained	32766	1	memtrain/o_015_1.jpg	photodiode	1
1331.714	0.5	1331714	trained	32750	17	memtrain/o_232_1.jpg	photodiode	1
1332.615	0.5	1332615	untrained	32682	85	memtrain/o_218_1.jpg	photodiode	1
1333.366	0.5	1333366	untrained	32692	75	memtrain/o_564_1.jpg	photodiode	1
1334.116	0.5	1334116	untrained	32683	84	memtrain/so_117_2.jpg	photodiode	1
1335.067	0.5	1335067	catch	32671	n/a	catch_padded.jpg	photodiode	0
1335.24	0.0	1335240	response	6	n/a	n/a	trigger	0
1337.069	0.5	1337069	trained	32745	22	memtrain/o_321_1.jpg	photodiode	1
1337.819	0.5	1337819	trained	32759	8	memtrain/o_094_1.jpg	photodiode	1
1338.77	0.5	1338770	untrained	32716	51	memtrain/o_103_2.jpg	photodiode	1
1339.521	0.5	1339521	catch	32671	n/a	catch_padded.jpg	photodiode	0
1339.876	0.0	1339876	response	6	n/a	n/a	trigger	0
1341.623	0.5	1341623	untrained	32705	62	memtrain/o_304_1.jpg	photodiode	1
1342.373	0.5	1342373	untrained	32677	90	memtrain/o_580_1.jpg	photodiode	1
1343.174	0.5	1343174	trained	32765	2	memtrain/o_035_1.jpg	photodiode	1
1344.125	0.5	1344125	catch	32671	n/a	catch_padded.jpg	photodiode	0
1344.499	0.0	1344499	response	6	n/a	n/a	trigger	0
1346.177	0.5	1346177	untrained	32686	81	memtrain/o_655_2.jpg	photodiode	1
1347.077	0.5	1347077	trained	32764	3	memtrain/o_040_2.jpg	photodiode	1
1347.978	0.5	1347978	untrained	32690	77	memtrain/o_574_2.jpg	photodiode	1
1348.871	0.5	1348871	trained	32723	44	memtrain/so_045_1.jpg	photodiode	1
1349.772	0.5	1349772	trained	32747	20	memtrain/o_290_1.jpg	photodiode	1
1350.53	0.5	1350530	catch	32671	n/a	catch_padded.jpg	photodiode	0
1350.836	0.0	1350836	response	6	n/a	n/a	trigger	0
1352.624	0.5	1352624	untrained	32699	68	memtrain/o_393_1.jpg	photodiode	1
1353.575	0.5	1353575	trained	32742	25	memtrain/o_358_2.jpg	photodiode	1
1354.484	0.5	1354484	trained	32734	33	memtrain/o_536_1.jpg	photodiode	1
1355.376	0.5	1355376	untrained	32694	73	memtrain/o_519_2.jpg	photodiode	1
1356.185	0.5	1356185	catch	32671	n/a	catch_padded.jpg	photodiode	0
1356.429	0.0	1356429	response	6	n/a	n/a	trigger	0
1358.129	0.5	1358129	trained	32736	31	memtrain/o_465_2.jpg	photodiode	1
1358.879	0.5	1358879	untrained	32688	79	memtrain/o_600_1.jpg	photodiode	1
1359.68	0.5	1359680	trained	32753	14	memtrain/o_174_1.jpg	photodiode	1
1360.481	0.5	1360481	trained	32761	6	memtrain/o_076_1.jpg	photodiode	1
1361.331	0.5	1361331	untrained	32684	83	memtrain/so_105_1.jpg	photodiode	1
1362.132	0.5	1362132	catch	32671	n/a	catch_padded.jpg	photodiode	0
1362.375	0.0	1362375	response	6	n/a	n/a	trigger	0
1364.034	0.5	1364034	untrained	32698	69	memtrain/o_464_2.jpg	photodiode	1
1364.884	0.5	1364884	untrained	32696	71	memtrain/o_483_1.jpg	photodiode	1
1365.735	0.5	1365735	untrained	32676	91	memtrain/o_605_1.jpg	photodiode	1
1366.686	0.5	1366686	trained	32748	19	memtrain/o_284_2.jpg	photodiode	1
1367.436	0.5	1367436	catch	32671	n/a	catch_padded.jpg	photodiode	0
1367.908	0.0	1367908	response	6	n/a	n/a	trigger	0
1369.488	0.5	1369488	untrained	32700	67	memtrain/o_378_1.jpg	photodiode	1
1370.389	0.5	1370389	untrained	32689	78	memtrain/o_599_1.jpg	photodiode	1
1371.29	0.5	1371290	trained	32720	47	memtrain/so_147_2.jpg	photodiode	1
1372.09	0.5	1372090	catch	32671	n/a	catch_padded.jpg	photodiode	0
1374.092	0.5	1374092	untrained	32712	55	memtrain/o_153_2.jpg	photodiode	1
1375.043	0.5	1375043	trained	32731	36	memtrain/o_583_1.jpg	photodiode	1
1375.894	0.5	1375894	trained	32751	16	memtrain/o_199_2.jpg	photodiode	1
1376.694	0.5	1376694	catch	32671	n/a	catch_padded.jpg	photodiode	0
1377.065	0.0	1377065	response	6	n/a	n/a	trigger	0
1378.687	0.5	1378687	untrained	32672	95	memtrain/so_125_1.jpg	photodiode	1
1379.547	0.5	1379547	untrained	32702	65	memtrain/o_337_2.jpg	photodiode	1
1380.498	0.5	1380498	untrained	32710	57	memtrain/o_171_1.jpg	photodiode	1
1381.34	0.5	1381340	catch	32671	n/a	catch_padded.jpg	photodiode	0
1381.662	0.0	1381662	response	6	n/a	n/a	trigger	0
1383.341	0.5	1383341	untrained	32719	48	memtrain/o_019_2.jpg	photodiode	1
1384.142	0.5	1384142	trained	32767	0	memtrain/o_006_1.jpg	photodiode	1
1384.893	0.5	1384893	untrained	32679	88	memtrain/o_458_1.jpg	photodiode	1
1385.843	0.5	1385843	catch	32671	n/a	catch_padded.jpg	photodiode	0
1386.135	0.0	1386135	response	6	n/a	n/a	trigger	0
1387.795	0.5	1387795	trained	32758	9	memtrain/o_101_2.jpg	photodiode	1
1388.596	0.5	1388596	untrained	32704	63	memtrain/o_310_2.jpg	photodiode	1
1389.447	0.5	1389447	untrained	32706	61	memtrain/o_298_2.jpg	photodiode	1
1390.347	0.5	1390347	trained	32763	4	memtrain/o_042_1.jpg	photodiode	1
1391.248	0.5	1391248	untrained	32701	66	memtrain/o_342_2.jpg	photodiode	1
1392.099	0.5	1392099	catch	32671	n/a	catch_padded.jpg	photodiode	0
1392.357	0.0	1392357	response	6	n/a	n/a	trigger	0
1394.1	0.5	1394100	untrained	32678	89	memtrain/o_469_1.jpg	photodiode	1
1395.051	0.5	1395051	untrained	32687	80	memtrain/o_613_1.jpg	photodiode	1
1395.902	0.5	1395902	untrained	32707	60	memtrain/o_228_2.jpg	photodiode	1
1396.653	0.5	1396653	untrained	32673	94	memtrain/so_067_1.jpg	photodiode	1
1397.403	0.5	1397403	catch	32671	n/a	catch_padded.jpg	photodiode	0
1397.707	0.0	1397707	response	6	n/a	n/a	trigger	0
1399.405	0.5	1399405	untrained	32703	64	memtrain/o_334_2.jpg	photodiode	1
1400.356	0.5	1400356	untrained	32695	72	memtrain/o_490_1.jpg	photodiode	1
1401.106	0.5	1401106	untrained	32714	53	memtrain/o_142_2.jpg	photodiode	1
1401.857	0.5	1401857	catch	32671	n/a	catch_padded.jpg	photodiode	0
1402.262	0.0	1402262	response	6	n/a	n/a	trigger	0
1403.959	0.5	1403959	trained	32740	27	memtrain/o_379_2.jpg	photodiode	1
1404.76	0.5	1404760	trained	32724	43	memtrain/so_043_2.jpg	photodiode	1
1405.71	0.5	1405710	trained	32729	38	memtrain/o_603_1.jpg	photodiode	1
1406.461	0.5	1406461	catch	32671	n/a	catch_padded.jpg	photodiode	0
1406.791	0.0	1406791	response	6	n/a	n/a	trigger	0
1408.563	0.5	1408563	trained	32755	12	memtrain/o_127_2.jpg	photodiode	1
1409.405	0.5	1409405	trained	32744	23	memtrain/o_338_2.jpg	photodiode	1
1410.364	0.5	1410364	untrained	32680	87	memtrain/o_365_1.jpg	photodiode	1
1411.107	0.5	1411107	catch	32671	n/a	catch_padded.jpg	photodiode	0
1411.528	0.0	1411528	response	6	n/a	n/a	trigger	0
1413.109	0.5	1413109	untrained	32681	86	memtrain/o_288_1.jpg	photodiode	1
1414.059	0.5	1414059	trained	32743	24	memtrain/o_357_1.jpg	photodiode	1
1414.968	0.5	1414968	untrained	32697	70	memtrain/o_471_2.jpg	photodiode	1
1415.811	0.5	1415811	untrained	32713	54	memtrain/o_145_1.jpg	photodiode	1
1416.561	0.5	1416561	trained	32739	28	memtrain/o_397_1.jpg	photodiode	1
1417.512	0.5	1417512	catch	32671	n/a	catch_padded.jpg	photodiode	0
1417.788	0.0	1417788	response	6	n/a	n/a	trigger	0
1419.464	0.5	1419464	untrained	32685	82	memtrain/o_656_1.jpg	photodiode	1
1420.415	0.5	1420415	trained	32762	5	memtrain/o_067_1.jpg	photodiode	1
1421.316	0.5	1421316	trained	32728	39	memtrain/o_606_1.jpg	photodiode	1
1422.066	0.5	1422066	untrained	32715	52	memtrain/o_141_1.jpg	photodiode	1
1422.817	0.5	1422817	catch	32671	n/a	catch_padded.jpg	photodiode	0
1423.136	0.0	1423136	response	6	n/a	n/a	trigger	0
1424.768	0.5	1424768	untrained	32708	59	memtrain/o_201_2.jpg	photodiode	1
1425.519	0.5	1425519	trained	32752	15	memtrain/o_195_1.jpg	photodiode	1
1426.42	0.5	1426420	trained	32733	34	memtrain/o_558_2.jpg	photodiode	1
1427.221	0.5	1427221	trained	32732	35	memtrain/o_561_2.jpg	photodiode	1
1428.021	0.5	1428021	catch	32671	n/a	catch_padded.jpg	photodiode	0
1428.291	0.0	1428291	response	6	n/a	n/a	trigger	0
1430.123	0.5	1430123	trained	32730	37	memtrain/o_597_1.jpg	photodiode	1
1431.074	0.5	1431074	untrained	32675	92	memtrain/so_033_1.jpg	photodiode	1
1431.824	0.5	1431824	trained	32725	42	memtrain/so_034_2.jpg	photodiode	1
1432.625	0.5	1432625	trained	32746	21	memtrain/o_319_1.jpg	photodiode	1
1433.476	0.5	1433476	catch	32671	n/a	catch_padded.jpg	photodiode	0
1433.724	0.0	1433724	response	6	n/a	n/a	trigger	0
1435.377	0.5	1435377	trained	32756	11	memtrain/o_117_2.jpg	photodiode	1
1436.178	0.5	1436178	untrained	32691	76	memtrain/o_570_1.jpg	photodiode	1
1437.079	0.5	1437079	untrained	32711	56	memtrain/o_163_2.jpg	photodiode	1
1438.03	0.5	1438030	catch	32671	n/a	catch_padded.jpg	photodiode	0
1438.421	0.0	1438421	response	6	n/a	n/a	trigger	0
1439.923	0.5	1439923	trained	32738	29	memtrain/o_416_1.jpg	photodiode	1
1440.823	0.5	1440823	untrained	32709	58	memtrain/o_192_1.jpg	photodiode	1
1441.624	0.5	1441624	trained	32757	10	memtrain/o_111_2.jpg	photodiode	1
1442.425	0.5	1442425	trained	32735	32	memtrain/o_485_2.jpg	photodiode	1
1443.276	0.5	1443276	catch	32671	n/a	catch_padded.jpg	photodiode	0
1443.553	0.0	1443553	response	6	n/a	n/a	trigger	0
1445.227	0.5	1445227	trained	32737	30	memtrain/o_437_2.jpg	photodiode	1
1445.978	0.5	1445978	trained	32741	26	memtrain/o_376_1.jpg	photodiode	1
1446.728	0.5	1446728	trained	32746	21	memtrain/o_319_1.jpg	photodiode	1
1447.579	0.5	1447579	untrained	32703	64	memtrain/o_334_2.jpg	photodiode	1
1448.48	0.5	1448480	catch	32671	n/a	catch_padded.jpg	photodiode	0
1448.745	0.0	1448745	response	6	n/a	n/a	trigger	0
1450.382	0.5	1450382	trained	32760	7	memtrain/o_091_2.jpg	photodiode	1
1451.132	0.5	1451132	untrained	32685	82	memtrain/o_656_1.jpg	photodiode	1
1451.983	0.5	1451983	trained	32727	40	memtrain/o_648_2.jpg	photodiode	1
1452.784	0.5	1452784	trained	32741	26	memtrain/o_376_1.jpg	photodiode	1
1453.534	0.5	1453534	trained	32763	4	memtrain/o_042_1.jpg	photodiode	1
1454.385	0.5	1454385	catch	32671	n/a	catch_padded.jpg	photodiode	0
1454.68	0.0	1454680	response	6	n/a	n/a	trigger	0
1456.437	0.5	1456437	untrained	32675	92	memtrain/so_033_1.jpg	photodiode	1
1457.387	0.5	1457387	untrained	32696	71	memtrain/o_483_1.jpg	photodiode	1
1458.338	0.5	1458338	untrained	32681	86	memtrain/o_288_1.jpg	photodiode	1
1459.239	0.5	1459239	trained	32753	14	memtrain/o_174_1.jpg	photodiode	1
1460.09	0.5	1460090	untrained	32701	66	memtrain/o_342_2.jpg	photodiode	1
1460.991	0.5	1460991	catch	32671	n/a	catch_padded.jpg	photodiode	0
1461.352	0.0	1461352	response	6	n/a	n/a	trigger	0
1462.892	0.5	1462892	trained	32747	20	memtrain/o_290_1.jpg	photodiode	1
1463.743	0.5	1463743	untrained	32702	65	memtrain/o_337_2.jpg	photodiode	1
1464.644	0.5	1464644	trained	32743	24	memtrain/o_357_1.jpg	photodiode	1
1465.544	0.5	1465544	catch	32671	n/a	catch_padded.jpg	photodiode	0
1465.903	0.0	1465903	response	6	n/a	n/a	trigger	0
1467.596	0.5	1467596	trained	32756	11	memtrain/o_117_2.jpg	photodiode	1
1468.447	0.5	1468447	trained	32761	6	memtrain/o_076_1.jpg	photodiode	1
1469.34	0.5	1469340	untrained	32674	93	memtrain/so_035_1.jpg	photodiode	1
1470.09	0.5	1470090	untrained	32714	53	memtrain/o_142_2.jpg	photodiode	1
1470.991	0.5	1470991	untrained	32719	48	memtrain/o_019_2.jpg	photodiode	1
1471.892	0.5	1471892	catch	32671	n/a	catch_padded.jpg	photodiode	0
1472.138	0.0	1472138	response	6	n/a	n/a	trigger	0
1473.993	0.5	1473993	trained	32738	29	memtrain/o_416_1.jpg	photodiode	1
1474.794	0.5	1474794	trained	32767	0	memtrain/o_006_1.jpg	photodiode	1
1475.595	0.5	1475595	trained	32758	9	memtrain/o_101_2.jpg	photodiode	1
1476.546	0.5	1476546	trained	32730	37	memtrain/o_597_1.jpg	photodiode	1
1477.396	0.5	1477396	untrained	32678	89	memtrain/o_469_1.jpg	photodiode	1
1478.197	0.5	1478197	catch	32671	n/a	catch_padded.jpg	photodiode	0
1478.529	0.0	1478529	response	6	n/a	n/a	trigger	0
1480.099	0.5	1480099	trained	32764	3	memtrain/o_040_2.jpg	photodiode	1
1480.899	0.5	1480899	untrained	32679	88	memtrain/o_458_1.jpg	photodiode	1
1481.8	0.5	1481800	trained	32766	1	memtrain/o_015_1.jpg	photodiode	1
1482.551	0.5	1482551	trained	32765	2	memtrain/o_035_1.jpg	photodiode	1
1483.452	0.5	1483452	catch	32671	n/a	catch_padded.jpg	photodiode	0
1483.71	0.0	1483710	response	6	n/a	n/a	trigger	0
1485.353	0.5	1485353	untrained	32708	59	memtrain/o_201_2.jpg	photodiode	1
1486.204	0.5	1486204	untrained	32680	87	memtrain/o_365_1.jpg	photodiode	1
1487.055	0.5	1487055	untrained	32707	60	memtrain/o_228_2.jpg	photodiode	1
1487.905	0.5	1487905	untrained	32682	85	memtrain/o_218_1.jpg	photodiode	1
1488.756	0.5	1488756	trained	32759	8	memtrain/o_094_1.jpg	photodiode	1
1489.557	0.5	1489557	catch	32671	n/a	catch_padded.jpg	photodiode	0
1489.794	0.0	1489794	response	6	n/a	n/a	trigger	0
1491.508	0.5	1491508	untrained	32691	76	memtrain/o_570_1.jpg	photodiode	1
1492.309	0.5	1492309	untrained	32695	72	memtrain/o_490_1.jpg	photodiode	1
1493.21	0.5	1493210	untrained	32715	52	memtrain/o_141_1.jpg	photodiode	1
1494.019	0.5	1494019	trained	32736	31	memtrain/o_465_2.jpg	photodiode	1
1494.961	0.5	1494961	trained	32748	19	memtrain/o_284_2.jpg	photodiode	1
1495.812	0.5	1495812	catch	32671	n/a	catch_padded.jpg	photodiode	0
1496.096	0.0	1496096	response	6	n/a	n/a	trigger	0
1497.705	0.5	1497705	trained	32723	44	memtrain/so_045_1.jpg	photodiode	1
1498.514	0.5	1498514	trained	32745	22	memtrain/o_321_1.jpg	photodiode	1
1499.406	0.5	1499406	trained	32722	45	memtrain/so_090_2.jpg	photodiode	1
1500.357	0.5	1500357	catch	32671	n/a	catch_padded.jpg	photodiode	0
1500.693	0.0	1500693	response	6	n/a	n/a	trigger	0
1502.318	0.5	1502318	trained	32757	10	memtrain/o_111_2.jpg	photodiode	1
1503.26	0.5	1503260	trained	32752	15	memtrain/o_195_1.jpg	photodiode	1
1504.06	0.5	1504060	trained	32755	12	memtrain/o_127_2.jpg	photodiode	1
1504.861	0.5	1504861	untrained	32716	51	memtrain/o_103_2.jpg	photodiode	1
1505.712	0.5	1505712	trained	32751	16	memtrain/o_199_2.jpg	photodiode	1
1506.462	0.5	1506462	catch	32671	n/a	catch_padded.jpg	photodiode	0
1506.795	0.0	1506795	response	6	n/a	n/a	trigger	0
1508.464	0.5	1508464	untrained	32699	68	memtrain/o_393_1.jpg	photodiode	1
1509.415	0.5	1509415	trained	32732	35	memtrain/o_561_2.jpg	photodiode	1
1510.366	0.5	1510366	trained	32749	18	memtrain/o_264_2.jpg	photodiode	1
1511.175	0.5	1511175	trained	32744	23	memtrain/o_338_2.jpg	photodiode	1
1512.117	0.5	1512117	catch	32671	n/a	catch_padded.jpg	photodiode	0
1512.458	0.0	1512458	response	6	n/a	n/a	trigger	0
1514.019	0.5	1514019	trained	32731	36	memtrain/o_583_1.jpg	photodiode	1
1514.92	0.5	1514920	trained	32754	13	memtrain/o_136_1.jpg	photodiode	1
1515.67	0.5	1515670	trained	32720	47	memtrain/so_147_2.jpg	photodiode	1
1516.521	0.5	1516521	untrained	32676	91	memtrain/o_605_1.jpg	photodiode	1
1517.272	0.5	1517272	catch	32671	n/a	catch_padded.jpg	photodiode	0
1517.557	0.0	1517557	response	6	n/a	n/a	trigger	0
1519.373	0.5	1519373	untrained	32684	83	memtrain/so_105_1.jpg	photodiode	1
1520.324	0.5	1520324	trained	32724	43	memtrain/so_043_2.jpg	photodiode	1
1521.275	0.5	1521275	untrained	32673	94	memtrain/so_067_1.jpg	photodiode	1
1522.176	0.5	1522176	untrained	32700	67	memtrain/o_378_1.jpg	photodiode	1
1522.976	0.5	1522976	untrained	32712	55	memtrain/o_153_2.jpg	photodiode	1
1523.19	0.0	1523190	response	6	n/a	n/a	trigger	0
1523.927	0.5	1523927	catch	32671	n/a	catch_padded.jpg	photodiode	0
1525.979	0.5	1525979	untrained	32704	63	memtrain/o_310_2.jpg	photodiode	1
1526.83	0.5	1526830	untrained	32706	61	memtrain/o_298_2.jpg	photodiode	1
1527.68	0.5	1527680	trained	32737	30	memtrain/o_437_2.jpg	photodiode	1
1528.423	0.5	1528423	catch	32671	n/a	catch_padded.jpg	photodiode	0
1528.782	0.0	1528782	response	6	n/a	n/a	trigger	0
1530.375	0.5	1530375	trained	32740	27	memtrain/o_379_2.jpg	photodiode	1
1531.125	0.5	1531125	trained	32735	32	memtrain/o_485_2.jpg	photodiode	1
1531.876	0.5	1531876	untrained	32698	69	memtrain/o_464_2.jpg	photodiode	1
1532.727	0.5	1532727	untrained	32689	78	memtrain/o_599_1.jpg	photodiode	1
1533.477	0.5	1533477	untrained	32718	49	memtrain/o_054_2.jpg	photodiode	1
1534.278	0.5	1534278	catch	32671	n/a	catch_padded.jpg	photodiode	0
1534.538	0.0	1534538	response	6	n/a	n/a	trigger	0
1536.33	0.5	1536330	trained	32721	46	memtrain/so_113_1.jpg	photodiode	1
1537.28	0.5	1537280	trained	32733	34	memtrain/o_558_2.jpg	photodiode	1
1538.081	0.5	1538081	trained	32726	41	memtrain/o_663_2.jpg	photodiode	1
1538.982	0.5	1538982	catch	32671	n/a	catch_padded.jpg	photodiode	0
1539.256	0.0	1539256	response	6	n/a	n/a	trigger	0
1541.084	0.5	1541084	trained	32739	28	memtrain/o_397_1.jpg	photodiode	1
1542.035	0.5	1542035	untrained	32713	54	memtrain/o_145_1.jpg	photodiode	1
1542.885	0.5	1542885	untrained	32688	79	memtrain/o_600_1.jpg	photodiode	1
1543.636	0.5	1543636	untrained	32693	74	memtrain/o_550_1.jpg	photodiode	1
1544.387	0.5	1544387	catch	32671	n/a	catch_padded.jpg	photodiode	0
1544.723	0.0	1544723	response	6	n/a	n/a	trigger	0
1546.488	0.5	1546488	untrained	32690	77	memtrain/o_574_2.jpg	photodiode	1
1547.289	0.5	1547289	trained	32734	33	memtrain/o_536_1.jpg	photodiode	1
1548.14	0.5	1548140	trained	32728	39	memtrain/o_606_1.jpg	photodiode	1
1548.99	0.5	1548990	untrained	32711	56	memtrain/o_163_2.jpg	photodiode	1
1549.891	0.5	1549891	untrained	32672	95	memtrain/so_125_1.jpg	photodiode	1
1550.842	0.5	1550842	catch	32671	n/a	catch_padded.jpg	photodiode	0
1551.098	0.0	1551098	response	6	n/a	n/a	trigger	0
1552.944	0.5	1552944	untrained	32694	73	memtrain/o_519_2.jpg	photodiode	1
1553.845	0.5	1553845	untrained	32677	90	memtrain/o_580_1.jpg	photodiode	1
1554.795	0.5	1554795	untrained	32717	50	memtrain/o_057_2.jpg	photodiode	1
1555.596	0.5	1555596	untrained	32709	58	memtrain/o_192_1.jpg	photodiode	1
1556.488	0.5	1556488	catch	32671	n/a	catch_padded.jpg	photodiode	0
1556.753	0.0	1556753	response	6	n/a	n/a	trigger	0
1558.498	0.5	1558498	trained	32750	17	memtrain/o_232_1.jpg	photodiode	1
1559.241	0.5	1559241	trained	32742	25	memtrain/o_358_2.jpg	photodiode	1
1560.141	0.5	1560141	untrained	32687	80	memtrain/o_613_1.jpg	photodiode	1
1560.992	0.5	1560992	catch	32671	n/a	catch_padded.jpg	photodiode	0
1561.501	0.0	1561501	response	6	n/a	n/a	trigger	0
1562.894	0.5	1562894	untrained	32692	75	memtrain/o_564_1.jpg	photodiode	1
1563.694	0.5	1563694	untrained	32686	81	memtrain/o_655_2.jpg	photodiode	1
1564.545	0.5	1564545	trained	32729	38	memtrain/o_603_1.jpg	photodiode	1
1565.354	0.5	1565354	trained	32725	42	memtrain/so_034_2.jpg	photodiode	1
1566.296	0.5	1566296	catch	32671	n/a	catch_padded.jpg	photodiode	0
1566.599	0.0	1566599	response	6	n/a	n/a	trigger	0
1568.348	0.5	1568348	untrained	32710	57	memtrain/o_171_1.jpg	photodiode	1
1569.149	0.5	1569149	untrained	32683	84	memtrain/so_117_2.jpg	photodiode	1
1569.95	0.5	1569950	untrained	32705	62	memtrain/o_304_1.jpg	photodiode	1
1570.85	0.5	1570850	trained	32762	5	memtrain/o_067_1.jpg	photodiode	1
1571.801	0.5	1571801	untrained	32697	70	memtrain/o_471_2.jpg	photodiode	1
1572.652	0.5	1572652	catch	32671	n/a	catch_padded.jpg	photodiode	0
1572.958	0.0	1572958	response	6	n/a	n/a	trigger	0
1579.125	0.0	1579125	block_end	120	n/a	n/a	trigger	0
1643.452	0.0	1643452	response	6	n/a	n/a	trigger	0
1643.463	0.0	1643463	block_onset	106	n/a	n/a	trigger	0
1645.522	0.5	1645522	trained	32765	2	memtrain/o_035_1.jpg	photodiode	1
1646.373	0.5	1646373	untrained	32715	52	memtrain/o_141_1.jpg	photodiode	1
1647.274	0.5	1647274	untrained	32673	94	memtrain/so_067_1.jpg	photodiode	1
1648.116	0.5	1648116	trained	32727	40	memtrain/o_648_2.jpg	photodiode	1
1648.975	0.5	1648975	catch	32671	n/a	catch_padded.jpg	photodiode	0
1649.372	0.0	1649372	response	6	n/a	n/a	trigger	0
1651.068	0.5	1651068	trained	32721	46	memtrain/so_113_1.jpg	photodiode	1
1652.019	0.5	1652019	untrained	32706	61	memtrain/o_298_2.jpg	photodiode	1
1652.77	0.5	1652770	trained	32762	5	memtrain/o_067_1.jpg	photodiode	1
1653.687	0.5	1653687	trained	32763	4	memtrain/o_042_1.jpg	photodiode	1
1654.621	0.5	1654621	untrained	32701	66	memtrain/o_342_2.jpg	photodiode	1
1655.572	0.5	1655572	catch	32671	n/a	catch_padded.jpg	photodiode	0
1655.856	0.0	1655856	response	6	n/a	n/a	trigger	0
1657.624	0.5	1657624	untrained	32683	84	memtrain/so_117_2.jpg	photodiode	1
1658.475	0.5	1658475	trained	32766	1	memtrain/o_015_1.jpg	photodiode	1
1659.375	0.5	1659375	trained	32751	16	memtrain/o_199_2.jpg	photodiode	1
1660.226	0.5	1660226	catch	32671	n/a	catch_padded.jpg	photodiode	0
1660.586	0.0	1660586	response	6	n/a	n/a	trigger	0
1662.178	0.5	1662178	untrained	32694	73	memtrain/o_519_2.jpg	photodiode	1
1662.928	0.5	1662928	trained	32724	43	memtrain/so_043_2.jpg	photodiode	1
1663.879	0.5	1663879	untrained	32707	60	memtrain/o_228_2.jpg	photodiode	1
1664.73	0.5	1664730	catch	32671	n/a	catch_padded.jpg	photodiode	0
1665.136	0.0	1665136	response	6	n/a	n/a	trigger	0
1666.682	0.5	1666682	trained	32722	45	memtrain/so_090_2.jpg	photodiode	1
1667.482	0.5	1667482	trained	32720	47	memtrain/so_147_2.jpg	photodiode	1
1668.283	0.5	1668283	trained	32746	21	memtrain/o_319_1.jpg	photodiode	1
1669.134	0.5	1669134	untrained	32713	54	memtrain/o_145_1.jpg	photodiode	1
1669.984	0.5	1669984	catch	32671	n/a	catch_padded.jpg	photodiode	0
1670.279	0.0	1670279	response	6	n/a	n/a	trigger	0
1671.986	0.5	1671986	trained	32748	19	memtrain/o_284_2.jpg	photodiode	1
1672.887	0.5	1672887	untrained	32682	85	memtrain/o_218_1.jpg	photodiode	1
1673.738	0.5	1673738	untrained	32679	88	memtrain/o_458_1.jpg	photodiode	1
1674.588	0.5	1674588	trained	32732	35	memtrain/o_561_2.jpg	photodiode	1
1675.539	0.5	1675539	catch	32671	n/a	catch_padded.jpg	photodiode	0
1675.887	0.0	1675887	response	6	n/a	n/a	trigger	0
1677.491	0.5	1677491	trained	32738	29	memtrain/o_416_1.jpg	photodiode	1
1678.291	0.5	1678291	trained	32728	39	memtrain/o_606_1.jpg	photodiode	1
1679.242	0.5	1679242	trained	32759	8	memtrain/o_094_1.jpg	photodiode	1
1680.193	0.5	1680193	untrained	32709	58	memtrain/o_192_1.jpg	photodiode	1
1680.936	0.5	1680936	catch	32671	n/a	catch_padded.jpg	photodiode	0
1681.274	0.0	1681274	response	6	n/a	n/a	trigger	0
1682.987	0.5	1682987	untrained	32704	63	memtrain/o_310_2.jpg	photodiode	1
1683.938	0.5	1683938	untrained	32712	55	memtrain/o_153_2.jpg	photodiode	1
1684.739	0.5	1684739	untrained	32685	82	memtrain/o_656_1.jpg	photodiode	1
1685.489	0.5	1685489	trained	32745	22	memtrain/o_321_1.jpg	photodiode	1
1686.24	0.5	1686240	untrained	32686	81	memtrain/o_655_2.jpg	photodiode	1
1687.141	0.5	1687141	catch	32671	n/a	catch_padded.jpg	photodiode	0
1687.471	0.0	1687471	response	6	n/a	n/a	trigger	0
1689.243	0.5	1689243	trained	32752	15	memtrain/o_195_1.jpg	photodiode	1
1689.993	0.5	1689993	untrained	32710	57	memtrain/o_171_1.jpg	photodiode	1
1690.794	0.5	1690794	untrained	32693	74	memtrain/o_550_1.jpg	photodiode	1
1691.695	0.5	1691695	catch	32671	n/a	catch_padded.jpg	photodiode	0
1692.034	0.0	1692034	response	6	n/a	n/a	trigger	0
1693.596	0.5	1693596	untrained	32678	89	memtrain/o_469_1.jpg	photodiode	1
1694.447	0.5	1694447	untrained	32697	70	memtrain/o_471_2.jpg	photodiode	1
1695.248	0.5	1695248	untrained	32695	72	memtrain/o_490_1.jpg	photodiode	1
1696.199	0.5	1696199	catch	32671	n/a	catch_padded.jpg	photodiode	0
1696.509	0.0	1696509	response	6	n/a	n/a	trigger	0
1698.2	0.5	1698200	trained	32757	10	memtrain/o_111_2.jpg	photodiode	1
1699.051	0.5	1699051	trained	32754	13	memtrain/o_136_1.jpg	photodiode	1
1699.852	0.5	1699852	trained	32767	0	memtrain/o_006_1.jpg	photodiode	1
1700.652	0.5	1700652	trained	32741	26	memtrain/o_376_1.jpg	photodiode	1
1701.553	0.5	1701553	catch	32671	n/a	catch_padded.jpg	photodiode	0
1701.842	0.0	1701842	response	6	n/a	n/a	trigger	0
1703.605	0.5	1703605	untrained	32675	92	memtrain/so_033_1.jpg	photodiode	1
1704.355	0.5	1704355	trained	32726	41	memtrain/o_663_2.jpg	photodiode	1
1705.306	0.5	1705306	trained	32729	38	memtrain/o_603_1.jpg	photodiode	1
1706.207	0.5	1706207	catch	32671	n/a	catch_padded.jpg	photodiode	0
1706.609	0.0	1706609	response	6	n/a	n/a	trigger	0
1708.159	0.5	1708159	untrained	32703	64	memtrain/o_334_2.jpg	photodiode	1
1709.009	0.5	1709009	trained	32740	27	memtrain/o_379_2.jpg	photodiode	1
1709.96	0.5	1709960	untrained	32714	53	memtrain/o_142_2.jpg	photodiode	1
1710.852	0.5	1710852	trained	32755	12	memtrain/o_127_2.jpg	photodiode	1
1711.653	0.5	1711653	trained	32723	44	memtrain/so_045_1.jpg	photodiode	1
1712.404	0.5	1712404	catch	32671	n/a	catch_padded.jpg	photodiode	0
1712.71	0.0	1712710	response	6	n/a	n/a	trigger	0
1714.455	0.5	1714455	trained	32761	6	memtrain/o_076_1.jpg	photodiode	1
1715.256	0.5	1715256	untrained	32719	48	memtrain/o_019_2.jpg	photodiode	1
1716.157	0.5	1716157	trained	32739	28	memtrain/o_397_1.jpg	photodiode	1
1717.008	0.5	1717008	untrained	32688	79	memtrain/o_600_1.jpg	photodiode	1
1717.808	0.5	1717808	untrained	32691	76	memtrain/o_570_1.jpg	photodiode	1
1718.659	0.5	1718659	catch	32671	n/a	catch_padded.jpg	photodiode	0
1719.077	0.0	1719077	response	6	n/a	n/a	trigger	0
1720.711	0.5	1720711	untrained	32677	90	memtrain/o_580_1.jpg	photodiode	1
1721.461	0.5	1721461	untrained	32718	49	memtrain/o_054_2.jpg	photodiode	1
1722.412	0.5	1722412	trained	32730	37	memtrain/o_597_1.jpg	photodiode	1
1723.163	0.5	1723163	trained	32749	18	memtrain/o_264_2.jpg	photodiode	1
1724.064	0.5	1724064	untrained	32705	62	memtrain/o_304_1.jpg	photodiode	1
1724.914	0.5	1724914	catch	32671	n/a	catch_padded.jpg	photodiode	0
1725.238	0.0	1725238	response	6	n/a	n/a	trigger	0
1727.016	0.5	1727016	trained	32742	25	memtrain/o_358_2.jpg	photodiode	1
1727.917	0.5	1727917	trained	32744	23	memtrain/o_338_2.jpg	photodiode	1
1728.818	0.5	1728818	untrained	32708	59	memtrain/o_201_2.jpg	photodiode	1
1729.668	0.5	1729668	untrained	32680	87	memtrain/o_365_1.jpg	photodiode	1
1730.619	0.5	1730619	catch	32671	n/a	catch_padded.jpg	photodiode	0
1730.944	0.0	1730944	response	6	n/a	n/a	trigger	0
1732.721	0.5	1732721	trained	32743	24	memtrain/o_357_1.jpg	photodiode	1
1733.622	0.5	1733622	trained	32737	30	memtrain/o_437_2.jpg	photodiode	1
1734.372	0.5	1734372	untrained	32716	51	memtrain/o_103_2.jpg	photodiode	1
1735.273	0.5	1735273	untrained	32681	86	memtrain/o_288_1.jpg	photodiode	1
1736.224	0.5	1736224	catch	32671	n/a	catch_padded.jpg	photodiode	0
1736.579	0.0	1736579	response	6	n/a	n/a	trigger	0
1738.126	0.5	1738126	trained	32734	33	memtrain/o_536_1.jpg	photodiode	1
1739.026	0.5	1739026	untrained	32711	56	memtrain/o_163_2.jpg	photodiode	1
1739.827	0.5	1739827	untrained	32690	77	memtrain/o_574_2.jpg	photodiode	1
1740.77	0.5	1740770	untrained	32700	67	memtrain/o_378_1.jpg	photodiode	1
1741.57	0.5	1741570	trained	32736	31	memtrain/o_465_2.jpg	photodiode	1
1742.371	0.5	1742371	catch	32671	n/a	catch_padded.jpg	photodiode	0
1742.718	0.0	1742718	response	6	n/a	n/a	trigger	0
1744.423	0.5	1744423	untrained	32689	78	memtrain/o_599_1.jpg	photodiode	1
1745.324	0.5	1745324	trained	32753	14	memtrain/o_174_1.jpg	photodiode	1
1746.224	0.5	1746224	untrained	32676	91	memtrain/o_605_1.jpg	photodiode	1
1746.975	0.5	1746975	catch	32671	n/a	catch_padded.jpg	photodiode	0
1747.411	0.0	1747411	response	6	n/a	n/a	trigger	0
1748.877	0.5	1748877	trained	32733	34	memtrain/o_558_2.jpg	photodiode	1
1749.677	0.5	1749677	trained	32756	11	memtrain/o_117_2.jpg	photodiode	1
1750.478	0.5	1750478	trained	32764	3	memtrain/o_040_2.jpg	photodiode	1
1751.279	0.5	1751279	catch	32671	n/a	catch_padded.jpg	photodiode	0
1751.927	0.0	1751927	response	6	n/a	n/a	trigger	0
1753.33	0.5	1753330	trained	32731	36	memtrain/o_583_1.jpg	photodiode	1
1754.181	0.5	1754181	untrained	32692	75	memtrain/o_564_1.jpg	photodiode	1
1754.982	0.5	1754982	trained	32747	20	memtrain/o_290_1.jpg	photodiode	1
1755.732	0.5	1755732	untrained	32699	68	memtrain/o_393_1.jpg	photodiode	1
1756.583	0.5	1756583	catch	32671	n/a	catch_padded.jpg	photodiode	0
1756.879	0.0	1756879	response	6	n/a	n/a	trigger	0
1758.585	0.5	1758585	trained	32725	42	memtrain/so_034_2.jpg	photodiode	1
1759.335	0.5	1759335	untrained	32674	93	memtrain/so_035_1.jpg	photodiode	1
1760.086	0.5	1760086	untrained	32698	69	memtrain/o_464_2.jpg	photodiode	1
1760.837	0.5	1760837	untrained	32684	83	memtrain/so_105_1.jpg	photodiode	1
1761.687	0.5	1761687	catch	32671	n/a	catch_padded.jpg	photodiode	0
1762.028	0.0	1762028	response	6	n/a	n/a	trigger	0
1763.589	0.5	1763589	untrained	32717	50	memtrain/o_057_2.jpg	photodiode	1
1764.49	0.5	1764490	trained	32750	17	memtrain/o_232_1.jpg	photodiode	1
1765.391	0.5	1765391	untrained	32672	95	memtrain/so_125_1.jpg	photodiode	1
1766.291	0.5	1766291	catch	32671	n/a	catch_padded.jpg	photodiode	0
1766.713	0.0	1766713	response	6	n/a	n/a	trigger	0
1768.334	0.5	1768334	trained	32758	9	memtrain/o_101_2.jpg	photodiode	1
1769.294	0.5	1769294	untrained	32696	71	memtrain/o_483_1.jpg	photodiode	1
1770.095	0.5	1770095	trained	32760	7	memtrain/o_091_2.jpg	photodiode	1
1770.937	0.5	1770937	catch	32671	n/a	catch_padded.jpg	photodiode	0
1771.333	0.0	1771333	response	6	n/a	n/a	trigger	0
1772.838	0.5	1772838	untrained	32687	80	memtrain/o_613_1.jpg	photodiode	1
1773.639	0.5	1773639	trained	32735	32	memtrain/o_485_2.jpg	photodiode	1
1774.39	0.5	1774390	untrained	32702	65	memtrain/o_337_2.jpg	photodiode	1
1775.24	0.5	1775240	catch	32671	n/a	catch_padded.jpg	photodiode	0
1775.653	0.0	1775653	response	6	n/a	n/a	trigger	0
1777.292	0.5	1777292	untrained	32699	68	memtrain/o_393_1.jpg	photodiode	1
1778.193	0.5	1778193	untrained	32701	66	memtrain/o_342_2.jpg	photodiode	1
1779.094	0.5	1779094	trained	32722	45	memtrain/so_090_2.jpg	photodiode	1
1780.044	0.5	1780044	untrained	32675	92	memtrain/so_033_1.jpg	photodiode	1
1780.795	0.5	1780795	untrained	32677	90	memtrain/o_580_1.jpg	photodiode	1
1781.596	0.5	1781596	catch	32671	n/a	catch_padded.jpg	photodiode	0
1781.805	0.0	1781805	response	6	n/a	n/a	trigger	0
1783.597	0.5	1783597	untrained	32708	59	memtrain/o_201_2.jpg	photodiode	1
1784.348	0.5	1784348	untrained	32718	49	memtrain/o_054_2.jpg	photodiode	1
1785.099	0.5	1785099	untrained	32707	60	memtrain/o_228_2.jpg	photodiode	1
1786.049	0.5	1786049	catch	32671	n/a	catch_padded.jpg	photodiode	0
1786.415	0.0	1786415	response	6	n/a	n/a	trigger	0
1788.151	0.5	1788151	trained	32753	14	memtrain/o_174_1.jpg	photodiode	1
1789.002	0.5	1789002	trained	32756	11	memtrain/o_117_2.jpg	photodiode	1
1789.903	0.5	1789903	trained	32721	46	memtrain/so_113_1.jpg	photodiode	1
1790.854	0.5	1790854	untrained	32706	61	memtrain/o_298_2.jpg	photodiode	1
1791.804	0.5	1791804	catch	32671	n/a	catch_padded.jpg	photodiode	0
1792.238	0.0	1792238	response	6	n/a	n/a	trigger	0
1793.706	0.5	1793706	trained	32744	23	memtrain/o_338_2.jpg	photodiode	1
1794.507	0.5	1794507	untrained	32682	85	memtrain/o_218_1.jpg	photodiode	1
1795.457	0.5	1795457	trained	32761	6	memtrain/o_076_1.jpg	photodiode	1
1796.258	0.5	1796258	trained	32760	7	memtrain/o_091_2.jpg	photodiode	1
1797.159	0.5	1797159	catch	32671	n/a	catch_padded.jpg	photodiode	0
1797.576	0.0	1797576	response	6	n/a	n/a	trigger	0
1799.261	0.5	1799261	trained	32758	9	memtrain/o_101_2.jpg	photodiode	1
1800.203	0.5	1800203	untrained	32686	81	memtrain/o_655_2.jpg	photodiode	1
1800.954	0.5	1800954	untrained	32676	91	memtrain/o_605_1.jpg	photodiode	1
1801.855	0.5	1801855	catch	32671	n/a	catch_padded.jpg	photodiode	0
1802.207	0.0	1802207	response	6	n/a	n/a	trigger	0
1803.756	0.5	1803756	untrained	32673	94	memtrain/so_067_1.jpg	photodiode	1
1804.707	0.5	1804707	untrained	32710	57	memtrain/o_171_1.jpg	photodiode	1
1805.508	0.5	1805508	trained	32729	38	memtrain/o_603_1.jpg	photodiode	1
1806.459	0.5	1806459	untrained	32700	67	memtrain/o_378_1.jpg	photodiode	1
1807.41	0.5	1807410	trained	32723	44	memtrain/so_045_1.jpg	photodiode	1
1808.21	0.5	1808210	catch	32671	n/a	catch_padded.jpg	photodiode	0
1808.471	0.0	1808471	response	6	n/a	n/a	trigger	0
1810.212	0.5	1810212	trained	32743	24	memtrain/o_357_1.jpg	photodiode	1
1811.013	0.5	1811013	trained	32749	18	memtrain/o_264_2.jpg	photodiode	1
1811.813	0.5	1811813	untrained	32672	95	memtrain/so_125_1.jpg	photodiode	1
1812.714	0.5	1812714	catch	32671	n/a	catch_padded.jpg	photodiode	0
1813.437	0.0	1813437	response	6	n/a	n/a	trigger	0
1814.766	0.5	1814766	untrained	32679	88	memtrain/o_458_1.jpg	photodiode	1
1815.667	0.5	1815667	trained	32727	40	memtrain/o_648_2.jpg	photodiode	1
1816.517	0.5	1816517	untrained	32697	70	memtrain/o_471_2.jpg	photodiode	1
1817.318	0.5	1817318	untrained	32715	52	memtrain/o_141_1.jpg	photodiode	1
1818.169	0.5	1818169	trained	32726	41	memtrain/o_663_2.jpg	photodiode	1
1818.919	0.5	1818919	catch	32671	n/a	catch_padded.jpg	photodiode	0
1819.226	0.0	1819226	response	6	n/a	n/a	trigger	0
1820.821	0.5	1820821	trained	32746	21	memtrain/o_319_1.jpg	photodiode	1
1821.722	0.5	1821722	trained	32734	33	memtrain/o_536_1.jpg	photodiode	1
1822.572	0.5	1822572	untrained	32694	73	memtrain/o_519_2.jpg	photodiode	1
1823.373	0.5	1823373	trained	32733	34	memtrain/o_558_2.jpg	photodiode	1
1824.224	0.5	1824224	catch	32671	n/a	catch_padded.jpg	photodiode	0
1824.634	0.0	1824634	response	6	n/a	n/a	trigger	0
1826.217	0.5	1826217	untrained	32702	65	memtrain/o_337_2.jpg	photodiode	1
1827.068	0.5	1827068	trained	32740	27	memtrain/o_379_2.jpg	photodiode	1
1827.877	0.5	1827877	trained	32751	16	memtrain/o_199_2.jpg	photodiode	1
1828.769	0.5	1828769	catch	32671	n/a	catch_padded.jpg	photodiode	0
1829.296	0.0	1829296	response	6	n/a	n/a	trigger	0
1830.779	0.5	1830779	untrained	32712	55	memtrain/o_153_2.jpg	photodiode	1
1831.621	0.5	1831621	untrained	32684	83	memtrain/so_105_1.jpg	photodiode	1
1832.522	0.5	1832522	untrained	32709	58	memtrain/o_192_1.jpg	photodiode	1
1833.273	0.5	1833273	catch	32671	n/a	catch_padded.jpg	photodiode	0
1833.786	0.0	1833786	response	6	n/a	n/a	trigger	0
1835.275	0.5	1835275	trained	32728	39	memtrain/o_606_1.jpg	photodiode	1
1836.225	0.5	1836225	untrained	32704	63	memtrain/o_310_2.jpg	photodiode	1
1836.976	0.5	1836976	trained	32724	43	memtrain/so_043_2.jpg	photodiode	1
1837.827	0.5	1837827	trained	32752	15	memtrain/o_195_1.jpg	photodiode	1
1838.727	0.5	1838727	catch	32671	n/a	catch_padded.jpg	photodiode	0
1839.128	0.0	1839128	response	6	n/a	n/a	trigger	0
1840.779	0.5	1840779	trained	32765	2	memtrain/o_035_1.jpg	photodiode	1
1841.58	0.5	1841580	untrained	32687	80	memtrain/o_613_1.jpg	photodiode	1
1842.531	0.5	1842531	trained	32742	25	memtrain/o_358_2.jpg	photodiode	1
1843.331	0.5	1843331	untrained	32683	84	memtrain/so_117_2.jpg	photodiode	1
1844.232	0.5	1844232	untrained	32691	76	memtrain/o_570_1.jpg	photodiode	1
1845.033	0.5	1845033	catch	32671	n/a	catch_padded.jpg	photodiode	0
1845.337	0.0	1845337	response	6	n/a	n/a	trigger	0
1847.085	0.5	1847085	untrained	32714	53	memtrain/o_142_2.jpg	photodiode	1
1847.985	0.5	1847985	trained	32732	35	memtrain/o_561_2.jpg	photodiode	1
1848.936	0.5	1848936	untrained	32674	93	memtrain/so_035_1.jpg	photodiode	1
1849.837	0.5	1849837	trained	32739	28	memtrain/o_397_1.jpg	photodiode	1
1850.638	0.5	1850638	trained	32762	5	memtrain/o_067_1.jpg	photodiode	1
1851.388	0.5	1851388	catch	32671	n/a	catch_padded.jpg	photodiode	0
1851.703	0.0	1851703	response	6	n/a	n/a	trigger	0
1853.34	0.5	1853340	trained	32759	8	memtrain/o_094_1.jpg	photodiode	1
1854.09	0.5	1854090	untrained	32711	56	memtrain/o_163_2.jpg	photodiode	1
1854.891	0.5	1854891	trained	32745	22	memtrain/o_321_1.jpg	photodiode	1
1855.734	0.5	1855734	untrained	32717	50	memtrain/o_057_2.jpg	photodiode	1
1856.484	0.5	1856484	untrained	32689	78	memtrain/o_599_1.jpg	photodiode	1
1857.385	0.5	1857385	catch	32671	n/a	catch_padded.jpg	photodiode	0
1857.812	0.0	1857812	response	6	n/a	n/a	trigger	0
1859.387	0.5	1859387	trained	32741	26	memtrain/o_376_1.jpg	photodiode	1
1860.338	0.5	1860338	untrained	32678	89	memtrain/o_469_1.jpg	photodiode	1
1861.138	0.5	1861138	untrained	32719	48	memtrain/o_019_2.jpg	photodiode	1
1861.939	0.5	1861939	trained	32720	47	memtrain/so_147_2.jpg	photodiode	1
1862.79	0.5	1862790	catch	32671	n/a	catch_padded.jpg	photodiode	0
1863.251	0.0	1863251	response	6	n/a	n/a	trigger	0
1864.892	0.5	1864892	trained	32737	30	memtrain/o_437_2.jpg	photodiode	1
1865.842	0.5	1865842	trained	32754	13	memtrain/o_136_1.jpg	photodiode	1
1866.793	0.5	1866793	trained	32747	20	memtrain/o_290_1.jpg	photodiode	1
1867.594	0.5	1867594	untrained	32680	87	memtrain/o_365_1.jpg	photodiode	1
1868.545	0.5	1868545	trained	32757	10	memtrain/o_111_2.jpg	photodiode	1
1869.395	0.5	1869395	catch	32671	n/a	catch_padded.jpg	photodiode	0
1869.783	0.0	1869783	response	6	n/a	n/a	trigger	0
1871.347	0.5	1871347	untrained	32693	74	memtrain/o_550_1.jpg	photodiode	1
1872.098	0.5	1872098	trained	32738	29	memtrain/o_416_1.jpg	photodiode	1
1872.848	0.5	1872848	untrained	32695	72	memtrain/o_490_1.jpg	photodiode	1
1873.599	0.5	1873599	trained	32763	4	memtrain/o_042_1.jpg	photodiode	1
1874.35	0.5	1874350	untrained	32713	54	memtrain/o_145_1.jpg	photodiode	1
1875.3	0.5	1875300	catch	32671	n/a	catch_padded.jpg	photodiode	0
1875.629	0.0	1875629	response	6	n/a	n/a	trigger	0
1877.202	0.5	1877202	trained	32764	3	memtrain/o_040_2.jpg	photodiode	1
1877.953	0.5	1877953	untrained	32705	62	memtrain/o_304_1.jpg	photodiode	1
1878.903	0.5	1878903	trained	32750	17	memtrain/o_232_1.jpg	photodiode	1
1879.654	0.5	1879654	untrained	32685	82	memtrain/o_656_1.jpg	photodiode	1
1880.455	0.5	1880455	catch	32671	n/a	catch_padded.jpg	photodiode	0
1881.244	0.0	1881244	response	6	n/a	n/a	trigger	0
1882.456	0.5	1882456	trained	32725	42	memtrain/so_034_2.jpg	photodiode	1
1883.257	0.5	1883257	untrained	32698	69	memtrain/o_464_2.jpg	photodiode	1
1884.199	0.5	1884199	untrained	32688	79	memtrain/o_600_1.jpg	photodiode	1
1885.05	0.5	1885050	trained	32755	12	memtrain/o_127_2.jpg	photodiode	1
1886.001	0.5	1886001	untrained	32692	75	memtrain/o_564_1.jpg	photodiode	1
1886.752	0.5	1886752	catch	32671	n/a	catch_padded.jpg	photodiode	0
1886.843	0.0	1886843	response	6	n/a	n/a	trigger	0
1888.853	0.5	1888853	trained	32735	32	memtrain/o_485_2.jpg	photodiode	1
1889.604	0.5	1889604	untrained	32716	51	memtrain/o_103_2.jpg	photodiode	1
1890.555	0.5	1890555	trained	32731	36	memtrain/o_583_1.jpg	photodiode	1
1891.305	0.5	1891305	catch	32671	n/a	catch_padded.jpg	photodiode	0
1891.743	0.0	1891743	response	6	n/a	n/a	trigger	0
1893.407	0.5	1893407	trained	32730	37	memtrain/o_597_1.jpg	photodiode	1
1894.258	0.5	1894258	untrained	32696	71	memtrain/o_483_1.jpg	photodiode	1
1895.109	0.5	1895109	trained	32767	0	memtrain/o_006_1.jpg	photodiode	1
1896.059	0.5	1896059	trained	32766	1	memtrain/o_015_1.jpg	photodiode	1
1896.86	0.5	1896860	untrained	32690	77	memtrain/o_574_2.jpg	photodiode	1
1897.611	0.5	1897611	catch	32671	n/a	catch_padded.jpg	photodiode	0
1897.839	0.0	1897839	response	6	n/a	n/a	trigger	0
1899.612	0.5	1899612	untrained	32681	86	memtrain/o_288_1.jpg	photodiode	1
1900.363	0.5	1900363	trained	32736	31	memtrain/o_465_2.jpg	photodiode	1
1901.214	0.5	1901214	trained	32748	19	memtrain/o_284_2.jpg	photodiode	1
1901.964	0.5	1901964	untrained	32703	64	memtrain/o_334_2.jpg	photodiode	1
1902.915	0.5	1902915	catch	32671	n/a	catch_padded.jpg	photodiode	0
1903.317	0.0	1903317	response	6	n/a	n/a	trigger	0
1909.388	0.0	1909388	block_end	120	n/a	n/a	trigger	0
1967.641	0.0	1967641	response	6	n/a	n/a	trigger	0
1967.646	0.0	1967646	block_onset	107	n/a	n/a	trigger	0
1969.705	0.5	1969705	trained	32730	37	memtrain/o_597_1.jpg	photodiode	1
1970.456	0.5	1970456	trained	32733	34	memtrain/o_558_2.jpg	photodiode	1
1971.407	0.5	1971407	trained	32742	25	memtrain/o_358_2.jpg	photodiode	1
1972.357	0.5	1972357	trained	32749	18	memtrain/o_264_2.jpg	photodiode	1
1973.108	0.5	1973108	catch	32671	n/a	catch_padded.jpg	photodiode	0
1973.474	0.0	1973474	response	6	n/a	n/a	trigger	0
1975.002	0.5	1975002	untrained	32702	65	memtrain/o_337_2.jpg	photodiode	1
1975.802	0.5	1975802	trained	32753	14	memtrain/o_174_1.jpg	photodiode	1
1976.761	0.5	1976761	trained	32748	19	memtrain/o_284_2.jpg	photodiode	1
1977.554	0.5	1977554	trained	32752	15	memtrain/o_195_1.jpg	photodiode	1
1978.304	0.5	1978304	trained	32758	9	memtrain/o_101_2.jpg	photodiode	1
1979.255	0.5	1979255	catch	32671	n/a	catch_padded.jpg	photodiode	0
1979.485	0.0	1979485	response	6	n/a	n/a	trigger	0
1981.157	0.5	1981157	trained	32763	4	memtrain/o_042_1.jpg	photodiode	1
1982.108	0.5	1982108	untrained	32706	61	memtrain/o_298_2.jpg	photodiode	1
1982.958	0.5	1982958	untrained	32692	75	memtrain/o_564_1.jpg	photodiode	1
1983.759	0.5	1983759	catch	32671	n/a	catch_padded.jpg	photodiode	0
1984.034	0.0	1984034	response	6	n/a	n/a	trigger	0
1985.811	0.5	1985811	trained	32732	35	memtrain/o_561_2.jpg	photodiode	1
1986.712	0.5	1986712	untrained	32679	88	memtrain/o_458_1.jpg	photodiode	1
1987.662	0.5	1987662	untrained	32708	59	memtrain/o_201_2.jpg	photodiode	1
1988.563	0.5	1988563	trained	32767	0	memtrain/o_006_1.jpg	photodiode	1
1989.514	0.5	1989514	untrained	32719	48	memtrain/o_019_2.jpg	photodiode	1
1990.465	0.5	1990465	catch	32671	n/a	catch_padded.jpg	photodiode	0
1990.684	0.0	1990684	response	6	n/a	n/a	trigger	0
1992.366	0.5	1992366	trained	32738	29	memtrain/o_416_1.jpg	photodiode	1
1993.167	0.5	1993167	trained	32744	23	memtrain/o_338_2.jpg	photodiode	1
1993.918	0.5	1993918	untrained	32678	89	memtrain/o_469_1.jpg	photodiode	1
1994.818	0.5	1994818	untrained	32689	78	memtrain/o_599_1.jpg	photodiode	1
1995.719	0.5	1995719	untrained	32710	57	memtrain/o_171_1.jpg	photodiode	1
1996.57	0.5	1996570	catch	32671	n/a	catch_padded.jpg	photodiode	0
1996.801	0.0	1996801	response	6	n/a	n/a	trigger	0
1998.572	0.5	1998572	untrained	32676	91	memtrain/o_605_1.jpg	photodiode	1
1999.472	0.5	1999472	trained	32731	36	memtrain/o_583_1.jpg	photodiode	1
2000.273	0.5	2000273	trained	32734	33	memtrain/o_536_1.jpg	photodiode	1
2001.224	0.5	2001224	untrained	32688	79	memtrain/o_600_1.jpg	photodiode	1
2002.175	0.5	2002175	untrained	32707	60	memtrain/o_228_2.jpg	photodiode	1
2002.925	0.5	2002925	catch	32671	n/a	catch_padded.jpg	photodiode	0
2003.236	0.0	2003236	response	6	n/a	n/a	trigger	0
2004.918	0.5	2004918	trained	32720	47	memtrain/so_147_2.jpg	photodiode	1
2005.719	0.5	2005719	trained	32729	38	memtrain/o_603_1.jpg	photodiode	1
2006.67	0.5	2006670	trained	32745	22	memtrain/o_321_1.jpg	photodiode	1
2007.471	0.5	2007471	catch	32671	n/a	catch_padded.jpg	photodiode	0
2007.911	0.0	2007911	response	6	n/a	n/a	trigger	0
2009.472	0.5	2009472	trained	32766	1	memtrain/o_015_1.jpg	photodiode	1
2010.273	0.5	2010273	untrained	32682	85	memtrain/o_218_1.jpg	photodiode	1
2011.074	0.5	2011074	untrained	32694	73	memtrain/o_519_2.jpg	photodiode	1
2012.024	0.5	2012024	catch	32671	n/a	catch_padded.jpg	photodiode	0
2012.374	0.0	2012374	response	6	n/a	n/a	trigger	0
2014.076	0.5	2014076	trained	32739	28	memtrain/o_397_1.jpg	photodiode	1
2014.927	0.5	2014927	untrained	32687	80	memtrain/o_613_1.jpg	photodiode	1
2015.878	0.5	2015878	trained	32746	21	memtrain/o_319_1.jpg	photodiode	1
2016.628	0.5	2016628	untrained	32713	54	memtrain/o_145_1.jpg	photodiode	1
2017.479	0.5	2017479	catch	32671	n/a	catch_padded.jpg	photodiode	0
2017.78	0.0	2017780	response	6	n/a	n/a	trigger	0
2019.531	0.5	2019531	trained	32751	16	memtrain/o_199_2.jpg	photodiode	1
2020.432	0.5	2020432	trained	32747	20	memtrain/o_290_1.jpg	photodiode	1
2021.182	0.5	2021182	untrained	32699	68	memtrain/o_393_1.jpg	photodiode	1
2022.033	0.5	2022033	catch	32671	n/a	catch_padded.jpg	photodiode	0
2022.397	0.0	2022397	response	6	n/a	n/a	trigger	0
2023.934	0.5	2023934	untrained	32695	72	memtrain/o_490_1.jpg	photodiode	1
2024.785	0.5	2024785	trained	32724	43	memtrain/so_043_2.jpg	photodiode	1
2025.586	0.5	2025586	trained	32726	41	memtrain/o_663_2.jpg	photodiode	1
2026.487	0.5	2026487	catch	32671	n/a	catch_padded.jpg	photodiode	0
2026.867	0.0	2026867	response	6	n/a	n/a	trigger	0
2028.388	0.5	2028388	untrained	32686	81	memtrain/o_655_2.jpg	photodiode	1
2029.339	0.5	2029339	trained	32737	30	memtrain/o_437_2.jpg	photodiode	1
2030.29	0.5	2030290	untrained	32683	84	memtrain/so_117_2.jpg	photodiode	1
2031.241	0.5	2031241	trained	32755	12	memtrain/o_127_2.jpg	photodiode	1
2032.041	0.5	2032041	trained	32723	44	memtrain/so_045_1.jpg	photodiode	1
2032.784	0.5	2032784	catch	32671	n/a	catch_padded.jpg	photodiode	0
2033.028	0.0	2033028	response	6	n/a	n/a	trigger	0
2034.794	0.5	2034794	trained	32727	40	memtrain/o_648_2.jpg	photodiode	1
2035.586	0.5	2035586	trained	32760	7	memtrain/o_091_2.jpg	photodiode	1
2036.395	0.5	2036395	untrained	32716	51	memtrain/o_103_2.jpg	photodiode	1
2037.188	0.5	2037188	untrained	32691	76	memtrain/o_570_1.jpg	photodiode	1
2037.938	0.5	2037938	catch	32671	n/a	catch_padded.jpg	photodiode	0
2038.335	0.0	2038335	response	6	n/a	n/a	trigger	0
2039.99	0.5	2039990	untrained	32672	95	memtrain/so_125_1.jpg	photodiode	1
2040.941	0.5	2040941	trained	32762	5	memtrain/o_067_1.jpg	photodiode	1
2041.85	0.5	2041850	untrained	32704	63	memtrain/o_310_2.jpg	photodiode	1
2042.592	0.5	2042592	trained	32740	27	memtrain/o_379_2.jpg	photodiode	1
2043.393	0.5	2043393	trained	32735	32	memtrain/o_485_2.jpg	photodiode	1
2044.244	0.5	2044244	catch	32671	n/a	catch_padded.jpg	photodiode	0
2044.46	0.0	2044460	response	6	n/a	n/a	trigger	0
2046.245	0.5	2046245	trained	32757	10	memtrain/o_111_2.jpg	photodiode	1
2046.996	0.5	2046996	untrained	32715	52	memtrain/o_141_1.jpg	photodiode	1
2047.797	0.5	2047797	untrained	32701	66	memtrain/o_342_2.jpg	photodiode	1
2048.697	0.5	2048697	untrained	32677	90	memtrain/o_580_1.jpg	photodiode	1
2049.548	0.5	2049548	catch	32671	n/a	catch_padded.jpg	photodiode	0
2049.912	0.0	2049912	response	6	n/a	n/a	trigger	0
2051.5	0.5	2051500	trained	32736	31	memtrain/o_465_2.jpg	photodiode	1
2052.3	0.5	2052300	untrained	32684	83	memtrain/so_105_1.jpg	photodiode	1
2053.201	0.5	2053201	untrained	32685	82	memtrain/o_656_1.jpg	photodiode	1
2054.102	0.5	2054102	trained	32761	6	memtrain/o_076_1.jpg	photodiode	1
2054.853	0.5	2054853	catch	32671	n/a	catch_padded.jpg	photodiode	0
2055.202	0.0	2055202	response	6	n/a	n/a	trigger	0
2056.954	0.5	2056954	trained	32741	26	memtrain/o_376_1.jpg	photodiode	1
2057.755	0.5	2057755	untrained	32674	93	memtrain/so_035_1.jpg	photodiode	1
2058.606	0.5	2058606	trained	32721	46	memtrain/so_113_1.jpg	photodiode	1
2059.406	0.5	2059406	untrained	32700	67	memtrain/o_378_1.jpg	photodiode	1
2060.157	0.5	2060157	catch	32671	n/a	catch_padded.jpg	photodiode	0
2060.675	0.0	2060675	response	6	n/a	n/a	trigger	0
2062.209	0.5	2062209	trained	32722	45	memtrain/so_090_2.jpg	photodiode	1
2063.16	0.5	2063160	untrained	32698	69	memtrain/o_464_2.jpg	photodiode	1
2064.01	0.5	2064010	trained	32754	13	memtrain/o_136_1.jpg	photodiode	1
2064.961	0.5	2064961	catch	32671	n/a	catch_padded.jpg	photodiode	0
2065.337	0.0	2065337	response	6	n/a	n/a	trigger	0
2067.004	0.5	2067004	trained	32750	17	memtrain/o_232_1.jpg	photodiode	1
2067.764	0.5	2067764	untrained	32714	53	memtrain/o_142_2.jpg	photodiode	1
2068.506	0.5	2068506	untrained	32690	77	memtrain/o_574_2.jpg	photodiode	1
2069.356	0.5	2069356	trained	32728	39	memtrain/o_606_1.jpg	photodiode	1
2070.157	0.5	2070157	catch	32671	n/a	catch_padded.jpg	photodiode	0
2070.514	0.0	2070514	response	6	n/a	n/a	trigger	0
2072.159	0.5	2072159	untrained	32718	49	memtrain/o_054_2.jpg	photodiode	1
2072.959	0.5	2072959	trained	32756	11	memtrain/o_117_2.jpg	photodiode	1
2073.91	0.5	2073910	trained	32764	3	memtrain/o_040_2.jpg	photodiode	1
2074.861	0.5	2074861	catch	32671	n/a	catch_padded.jpg	photodiode	0
2075.333	0.0	2075333	response	6	n/a	n/a	trigger	0
2076.813	0.5	2076813	untrained	32705	62	memtrain/o_304_1.jpg	photodiode	1
2077.563	0.5	2077563	untrained	32709	58	memtrain/o_192_1.jpg	photodiode	1
2078.364	0.5	2078364	untrained	32703	64	memtrain/o_334_2.jpg	photodiode	1
2079.115	0.5	2079115	untrained	32712	55	memtrain/o_153_2.jpg	photodiode	1
2080.015	0.5	2080015	trained	32725	42	memtrain/so_034_2.jpg	photodiode	1
2080.916	0.5	2080916	catch	32671	n/a	catch_padded.jpg	photodiode	0
2081.2	0.0	2081200	response	6	n/a	n/a	trigger	0
2083.018	0.5	2083018	untrained	32693	74	memtrain/o_550_1.jpg	photodiode	1
2083.919	0.5	2083919	untrained	32697	70	memtrain/o_471_2.jpg	photodiode	1
2084.769	0.5	2084769	untrained	32717	50	memtrain/o_057_2.jpg	photodiode	1
2085.67	0.5	2085670	untrained	32673	94	memtrain/so_067_1.jpg	photodiode	1
2086.521	0.5	2086521	trained	32759	8	memtrain/o_094_1.jpg	photodiode	1
2087.422	0.5	2087422	catch	32671	n/a	catch_padded.jpg	photodiode	0
2087.707	0.0	2087707	response	6	n/a	n/a	trigger	0
2089.523	0.5	2089523	untrained	32711	56	memtrain/o_163_2.jpg	photodiode	1
2090.374	0.5	2090374	untrained	32680	87	memtrain/o_365_1.jpg	photodiode	1
2091.275	0.5	2091275	untrained	32696	71	memtrain/o_483_1.jpg	photodiode	1
2092.126	0.5	2092126	trained	32743	24	memtrain/o_357_1.jpg	photodiode	1
2092.918	0.5	2092918	catch	32671	n/a	catch_padded.jpg	photodiode	0
2093.336	0.0	2093336	response	6	n/a	n/a	trigger	0
2094.97	0.5	2094970	untrained	32675	92	memtrain/so_033_1.jpg	photodiode	1
2095.771	0.5	2095771	trained	32765	2	memtrain/o_035_1.jpg	photodiode	1
2096.571	0.5	2096571	untrained	32681	86	memtrain/o_288_1.jpg	photodiode	1
2097.422	0.5	2097422	trained	32766	1	memtrain/o_015_1.jpg	photodiode	1
2098.373	0.5	2098373	catch	32671	n/a	catch_padded.jpg	photodiode	0
2098.772	0.0	2098772	response	6	n/a	n/a	trigger	0
2100.483	0.5	2100483	untrained	32709	58	memtrain/o_192_1.jpg	photodiode	1
2101.325	0.5	2101325	trained	32758	9	memtrain/o_101_2.jpg	photodiode	1
2102.176	0.5	2102176	trained	32731	36	memtrain/o_583_1.jpg	photodiode	1
2102.977	0.5	2102977	catch	32671	n/a	catch_padded.jpg	photodiode	0
2103.319	0.0	2103319	response	6	n/a	n/a	trigger	0
2104.978	0.5	2104978	untrained	32677	90	memtrain/o_580_1.jpg	photodiode	1
2105.929	0.5	2105929	untrained	32675	92	memtrain/so_033_1.jpg	photodiode	1
2106.83	0.5	2106830	untrained	32714	53	memtrain/o_142_2.jpg	photodiode	1
2107.581	0.5	2107581	trained	32741	26	memtrain/o_376_1.jpg	photodiode	1
2108.381	0.5	2108381	trained	32737	30	memtrain/o_437_2.jpg	photodiode	1
2109.332	0.5	2109332	catch	32671	n/a	catch_padded.jpg	photodiode	0
2109.606	0.0	2109606	response	6	n/a	n/a	trigger	0
2111.334	0.5	2111334	untrained	32705	62	memtrain/o_304_1.jpg	photodiode	1
2112.084	0.5	2112084	trained	32759	8	memtrain/o_094_1.jpg	photodiode	1
2112.835	0.5	2112835	untrained	32719	48	memtrain/o_019_2.jpg	photodiode	1
2113.586	0.5	2113586	catch	32671	n/a	catch_padded.jpg	photodiode	0
2113.924	0.0	2113924	response	6	n/a	n/a	trigger	0
2115.637	0.5	2115637	untrained	32673	94	memtrain/so_067_1.jpg	photodiode	1
2116.588	0.5	2116588	untrained	32683	84	memtrain/so_117_2.jpg	photodiode	1
2117.389	0.5	2117389	untrained	32680	87	memtrain/o_365_1.jpg	photodiode	1
2118.29	0.5	2118290	catch	32671	n/a	catch_padded.jpg	photodiode	0
2118.614	0.0	2118614	response	6	n/a	n/a	trigger	0
2120.241	0.5	2120241	trained	32763	4	memtrain/o_042_1.jpg	photodiode	1
2121.192	0.5	2121192	untrained	32690	77	memtrain/o_574_2.jpg	photodiode	1
2122.034	0.5	2122034	untrained	32707	60	memtrain/o_228_2.jpg	photodiode	1
2122.994	0.5	2122994	trained	32761	6	memtrain/o_076_1.jpg	photodiode	1
2123.786	0.5	2123786	catch	32671	n/a	catch_padded.jpg	photodiode	0
2124.032	0.0	2124032	response	6	n/a	n/a	trigger	0
2125.788	0.5	2125788	trained	32754	13	memtrain/o_136_1.jpg	photodiode	1
2126.538	0.5	2126538	untrained	32687	80	memtrain/o_613_1.jpg	photodiode	1
2127.389	0.5	2127389	untrained	32679	88	memtrain/o_458_1.jpg	photodiode	1
2128.139	0.5	2128139	untrained	32674	93	memtrain/so_035_1.jpg	photodiode	1
2128.99	0.5	2128990	catch	32671	n/a	catch_padded.jpg	photodiode	0
2129.232	0.0	2129232	response	6	n/a	n/a	trigger	0
2130.942	0.5	2130942	trained	32749	18	memtrain/o_264_2.jpg	photodiode	1
2131.843	0.5	2131843	untrained	32684	83	memtrain/so_105_1.jpg	photodiode	1
2132.743	0.5	2132743	untrained	32706	61	memtrain/o_298_2.jpg	photodiode	1
2133.694	0.5	2133694	catch	32671	n/a	catch_padded.jpg	photodiode	0
2134.033	0.0	2134033	response	6	n/a	n/a	trigger	0
2135.696	0.5	2135696	untrained	32686	81	memtrain/o_655_2.jpg	photodiode	1
2136.447	0.5	2136447	trained	32757	10	memtrain/o_111_2.jpg	photodiode	1
2137.347	0.5	2137347	trained	32734	33	memtrain/o_536_1.jpg	photodiode	1
2138.248	0.5	2138248	untrained	32678	89	memtrain/o_469_1.jpg	photodiode	1
2139.049	0.5	2139049	trained	32727	40	memtrain/o_648_2.jpg	photodiode	1
2139.799	0.5	2139799	catch	32671	n/a	catch_padded.jpg	photodiode	0
2139.867	0.0	2139867	response	6	n/a	n/a	trigger	0
2141.801	0.5	2141801	untrained	32681	86	memtrain/o_288_1.jpg	photodiode	1
2142.752	0.5	2142752	untrained	32711	56	memtrain/o_163_2.jpg	photodiode	1
2143.653	0.5	2143653	trained	32743	24	memtrain/o_357_1.jpg	photodiode	1
2144.503	0.5	2144503	trained	32750	17	memtrain/o_232_1.jpg	photodiode	1
2145.454	0.5	2145454	untrained	32698	69	memtrain/o_464_2.jpg	photodiode	1
2146.355	0.5	2146355	catch	32671	n/a	catch_padded.jpg	photodiode	0
2146.708	0.0	2146708	response	6	n/a	n/a	trigger	0
2148.257	0.5	2148257	untrained	32712	55	memtrain/o_153_2.jpg	photodiode	1
2149.057	0.5	2149057	trained	32733	34	memtrain/o_558_2.jpg	photodiode	1
2149.908	0.5	2149908	untrained	32703	64	memtrain/o_334_2.jpg	photodiode	1
2150.651	0.5	2150651	catch	32671	n/a	catch_padded.jpg	photodiode	0
2151.172	0.0	2151172	response	6	n/a	n/a	trigger	0
2152.602	0.5	2152602	untrained	32713	54	memtrain/o_145_1.jpg	photodiode	1
2153.403	0.5	2153403	trained	32729	38	memtrain/o_603_1.jpg	photodiode	1
2154.254	0.5	2154254	trained	32753	14	memtrain/o_174_1.jpg	photodiode	1
2155.104	0.5	2155104	trained	32760	7	memtrain/o_091_2.jpg	photodiode	1
2156.055	0.5	2156055	catch	32671	n/a	catch_padded.jpg	photodiode	0
2156.356	0.0	2156356	response	6	n/a	n/a	trigger	0
2158.157	0.5	2158157	trained	32724	43	memtrain/so_043_2.jpg	photodiode	1
2159.108	0.5	2159108	trained	32752	15	memtrain/o_195_1.jpg	photodiode	1
2160.067	0.5	2160067	untrained	32676	91	memtrain/o_605_1.jpg	photodiode	1
2160.809	0.5	2160809	trained	32746	21	memtrain/o_319_1.jpg	photodiode	1
2161.56	0.5	2161560	untrained	32717	50	memtrain/o_057_2.jpg	photodiode	1
2162.31	0.5	2162310	catch	32671	n/a	catch_padded.jpg	photodiode	0
2162.652	0.0	2162652	response	6	n/a	n/a	trigger	0
2164.212	0.5	2164212	untrained	32704	63	memtrain/o_310_2.jpg	photodiode	1
2165.113	0.5	2165113	untrained	32688	79	memtrain/o_600_1.jpg	photodiode	1
2165.963	0.5	2165963	trained	32728	39	memtrain/o_606_1.jpg	photodiode	1
2166.764	0.5	2166764	trained	32756	11	memtrain/o_117_2.jpg	photodiode	1
2167.565	0.5	2167565	untrained	32702	65	memtrain/o_337_2.jpg	photodiode	1
2168.366	0.5	2168366	catch	32671	n/a	catch_padded.jpg	photodiode	0
2168.627	0.0	2168627	response	6	n/a	n/a	trigger	0
2170.367	0.5	2170367	untrained	32672	95	memtrain/so_125_1.jpg	photodiode	1
2171.118	0.5	2171118	untrained	32715	52	memtrain/o_141_1.jpg	photodiode	1
2172.019	0.5	2172019	trained	32722	45	memtrain/so_090_2.jpg	photodiode	1
2172.769	0.5	2172769	untrained	32685	82	memtrain/o_656_1.jpg	photodiode	1
2173.72	0.5	2173720	catch	32671	n/a	catch_padded.jpg	photodiode	0
2174.007	0.0	2174007	response	6	n/a	n/a	trigger	0
2175.622	0.5	2175622	trained	32767	0	memtrain/o_006_1.jpg	photodiode	1
2176.522	0.5	2176522	trained	32744	23	memtrain/o_338_2.jpg	photodiode	1
2177.473	0.5	2177473	trained	32726	41	memtrain/o_663_2.jpg	photodiode	1
2178.224	0.5	2178224	untrained	32708	59	memtrain/o_201_2.jpg	photodiode	1
2178.975	0.5	2178975	catch	32671	n/a	catch_padded.jpg	photodiode	0
2179.356	0.0	2179356	response	6	n/a	n/a	trigger	0
2180.968	0.5	2180968	trained	32765	2	memtrain/o_035_1.jpg	photodiode	1
2181.868	0.5	2181868	trained	32755	12	memtrain/o_127_2.jpg	photodiode	1
2182.819	0.5	2182819	untrained	32682	85	memtrain/o_218_1.jpg	photodiode	1
2183.72	0.5	2183720	trained	32747	20	memtrain/o_290_1.jpg	photodiode	1
2184.621	0.5	2184621	untrained	32695	72	memtrain/o_490_1.jpg	photodiode	1
2185.521	0.5	2185521	catch	32671	n/a	catch_padded.jpg	photodiode	0
2185.814	0.0	2185814	response	6	n/a	n/a	trigger	0
2187.423	0.5	2187423	trained	32736	31	memtrain/o_465_2.jpg	photodiode	1
2188.224	0.5	2188224	trained	32739	28	memtrain/o_397_1.jpg	photodiode	1
2189.175	0.5	2189175	untrained	32701	66	memtrain/o_342_2.jpg	photodiode	1
2190.075	0.5	2190075	trained	32740	27	memtrain/o_379_2.jpg	photodiode	1
2191.026	0.5	2191026	catch	32671	n/a	catch_padded.jpg	photodiode	0
2191.664	0.0	2191664	response	6	n/a	n/a	trigger	0
2192.978	0.5	2192978	untrained	32691	76	memtrain/o_570_1.jpg	photodiode	1
2193.829	0.5	2193829	untrained	32689	78	memtrain/o_599_1.jpg	photodiode	1
2194.579	0.5	2194579	untrained	32697	70	memtrain/o_471_2.jpg	photodiode	1
2195.48	0.5	2195480	trained	32742	25	memtrain/o_358_2.jpg	photodiode	1
2196.431	0.5	2196431	trained	32725	42	memtrain/so_034_2.jpg	photodiode	1
2197.331	0.5	2197331	catch	32671	n/a	catch_padded.jpg	photodiode	0
2197.605	0.0	2197605	response	6	n/a	n/a	trigger	0
2199.333	0.5	2199333	trained	32735	32	memtrain/o_485_2.jpg	photodiode	1
2200.084	0.5	2200084	untrained	32716	51	memtrain/o_103_2.jpg	photodiode	1
2200.885	0.5	2200885	trained	32751	16	memtrain/o_199_2.jpg	photodiode	1
2201.685	0.5	2201685	catch	32671	n/a	catch_padded.jpg	photodiode	0
2202.186	0.0	2202186	response	6	n/a	n/a	trigger	0
2203.587	0.5	2203587	trained	32732	35	memtrain/o_561_2.jpg	photodiode	1
2204.438	0.5	2204438	untrained	32710	57	memtrain/o_171_1.jpg	photodiode	1
2205.338	0.5	2205338	trained	32764	3	memtrain/o_040_2.jpg	photodiode	1
2206.289	0.5	2206289	untrained	32718	49	memtrain/o_054_2.jpg	photodiode	1
2207.14	0.5	2207140	untrained	32699	68	memtrain/o_393_1.jpg	photodiode	1
2207.89	0.5	2207890	catch	32671	n/a	catch_padded.jpg	photodiode	0
2208.211	0.0	2208211	response	6	n/a	n/a	trigger	0
2209.792	0.5	2209792	untrained	32700	67	memtrain/o_378_1.jpg	photodiode	1
2210.735	0.5	2210735	untrained	32693	74	memtrain/o_550_1.jpg	photodiode	1
2211.586	0.5	2211586	trained	32745	22	memtrain/o_321_1.jpg	photodiode	1
2212.386	0.5	2212386	catch	32671	n/a	catch_padded.jpg	photodiode	0
2212.886	0.0	2212886	response	6	n/a	n/a	trigger	0
2214.388	0.5	2214388	untrained	32694	73	memtrain/o_519_2.jpg	photodiode	1
2215.289	0.5	2215289	trained	32721	46	memtrain/so_113_1.jpg	photodiode	1
2216.189	0.5	2216189	trained	32720	47	memtrain/so_147_2.jpg	photodiode	1
2217.14	0.5	2217140	catch	32671	n/a	catch_padded.jpg	photodiode	0
2217.682	0.0	2217682	response	6	n/a	n/a	trigger	0
2219.042	0.5	2219042	untrained	32692	75	memtrain/o_564_1.jpg	photodiode	1
2219.951	0.5	2219951	trained	32748	19	memtrain/o_284_2.jpg	photodiode	1
2220.743	0.5	2220743	trained	32738	29	memtrain/o_416_1.jpg	photodiode	1
2221.644	0.5	2221644	trained	32730	37	memtrain/o_597_1.jpg	photodiode	1
2222.495	0.5	2222495	catch	32671	n/a	catch_padded.jpg	photodiode	0
2222.788	0.0	2222788	response	6	n/a	n/a	trigger	0
2224.496	0.5	2224496	trained	32723	44	memtrain/so_045_1.jpg	photodiode	1
2225.297	0.5	2225297	untrained	32696	71	memtrain/o_483_1.jpg	photodiode	1
2226.148	0.5	2226148	trained	32762	5	memtrain/o_067_1.jpg	photodiode	1
2226.949	0.5	2226949	catch	32671	n/a	catch_padded.jpg	photodiode	0
2227.743	0.0	2227743	response	6	n/a	n/a	trigger	0
2233.431	0.0	2233431	block_end	120	n/a	n/a	trigger	0
2298.617	0.0	2298617	response	6	n/a	n/a	trigger	0
2298.627	0.0	2298627	block_onset	108	n/a	n/a	trigger	0
2300.686	0.5	2300686	untrained	32689	78	memtrain/o_599_1.jpg	photodiode	1
2301.637	0.5	2301637	untrained	32700	67	memtrain/o_378_1.jpg	photodiode	1
2302.437	0.5	2302437	trained	32741	26	memtrain/o_376_1.jpg	photodiode	1
2303.388	0.5	2303388	trained	32761	6	memtrain/o_076_1.jpg	photodiode	1
2304.289	0.5	2304289	trained	32747	20	memtrain/o_290_1.jpg	photodiode	1
2305.14	0.5	2305140	catch	32671	n/a	catch_padded.jpg	photodiode	0
2305.4	0.0	2305400	response	6	n/a	n/a	trigger	0
2307.083	0.5	2307083	untrained	32693	74	memtrain/o_550_1.jpg	photodiode	1
2308.042	0.5	2308042	trained	32724	43	memtrain/so_043_2.jpg	photodiode	1
2308.785	0.5	2308785	trained	32725	42	memtrain/so_034_2.jpg	photodiode	1
2309.743	0.5	2309743	untrained	32691	76	memtrain/o_570_1.jpg	photodiode	1
2310.486	0.5	2310486	untrained	32679	88	memtrain/o_458_1.jpg	photodiode	1
2311.337	0.5	2311337	catch	32671	n/a	catch_padded.jpg	photodiode	0
2311.584	0.0	2311584	response	6	n/a	n/a	trigger	0
2313.238	0.5	2313238	untrained	32707	60	memtrain/o_228_2.jpg	photodiode	1
2313.989	0.5	2313989	trained	32757	10	memtrain/o_111_2.jpg	photodiode	1
2314.89	0.5	2314890	trained	32766	1	memtrain/o_015_1.jpg	photodiode	1
2315.69	0.5	2315690	untrained	32703	64	memtrain/o_334_2.jpg	photodiode	1
2316.541	0.5	2316541	catch	32671	n/a	catch_padded.jpg	photodiode	0
2316.904	0.0	2316904	response	6	n/a	n/a	trigger	0
2318.643	0.5	2318643	untrained	32677	90	memtrain/o_580_1.jpg	photodiode	1
2319.544	0.5	2319544	trained	32745	22	memtrain/o_321_1.jpg	photodiode	1
2320.495	0.5	2320495	untrained	32708	59	memtrain/o_201_2.jpg	photodiode	1
2321.353	0.5	2321353	untrained	32697	70	memtrain/o_471_2.jpg	photodiode	1
2322.096	0.5	2322096	catch	32671	n/a	catch_padded.jpg	photodiode	0
2322.432	0.0	2322432	response	6	n/a	n/a	trigger	0
2324.198	0.5	2324198	untrained	32716	51	memtrain/o_103_2.jpg	photodiode	1
2325.148	0.5	2325148	untrained	32696	71	memtrain/o_483_1.jpg	photodiode	1
2325.899	0.5	2325899	untrained	32673	94	memtrain/so_067_1.jpg	photodiode	1
2326.65	0.5	2326650	untrained	32712	55	memtrain/o_153_2.jpg	photodiode	1
2327.4	0.5	2327400	untrained	32706	61	memtrain/o_298_2.jpg	photodiode	1
2328.201	0.5	2328201	catch	32671	n/a	catch_padded.jpg	photodiode	0
2328.447	0.0	2328447	response	6	n/a	n/a	trigger	0
2330.253	0.5	2330253	untrained	32685	82	memtrain/o_656_1.jpg	photodiode	1
2331.104	0.5	2331104	untrained	32682	85	memtrain/o_218_1.jpg	photodiode	1
2331.854	0.5	2331854	trained	32738	29	memtrain/o_416_1.jpg	photodiode	1
2332.605	0.5	2332605	trained	32765	2	memtrain/o_035_1.jpg	photodiode	1
2333.405	0.5	2333405	catch	32671	n/a	catch_padded.jpg	photodiode	0
2333.661	0.0	2333661	response	6	n/a	n/a	trigger	0
2335.357	0.5	2335357	trained	32730	37	memtrain/o_597_1.jpg	photodiode	1
2336.308	0.5	2336308	untrained	32711	56	memtrain/o_163_2.jpg	photodiode	1
2337.209	0.5	2337209	untrained	32688	79	memtrain/o_600_1.jpg	photodiode	1
2338.101	0.5	2338101	untrained	32675	92	memtrain/so_033_1.jpg	photodiode	1
2338.851	0.5	2338851	trained	32736	31	memtrain/o_465_2.jpg	photodiode	1
2339.802	0.5	2339802	catch	32671	n/a	catch_padded.jpg	photodiode	0
2340.04	0.0	2340040	response	6	n/a	n/a	trigger	0
2341.854	0.5	2341854	trained	32720	47	memtrain/so_147_2.jpg	photodiode	1
2342.655	0.5	2342655	untrained	32715	52	memtrain/o_141_1.jpg	photodiode	1
2343.455	0.5	2343455	untrained	32674	93	memtrain/so_035_1.jpg	photodiode	1
2344.356	0.5	2344356	untrained	32709	58	memtrain/o_192_1.jpg	photodiode	1
2345.157	0.5	2345157	catch	32671	n/a	catch_padded.jpg	photodiode	0
2345.512	0.0	2345512	response	6	n/a	n/a	trigger	0
2347.058	0.5	2347058	untrained	32702	65	memtrain/o_337_2.jpg	photodiode	1
2347.909	0.5	2347909	trained	32746	21	memtrain/o_319_1.jpg	photodiode	1
2348.81	0.5	2348810	trained	32743	24	memtrain/o_357_1.jpg	photodiode	1
2349.661	0.5	2349661	trained	32733	34	memtrain/o_558_2.jpg	photodiode	1
2350.461	0.5	2350461	catch	32671	n/a	catch_padded.jpg	photodiode	0
2350.816	0.0	2350816	response	6	n/a	n/a	trigger	0
2352.563	0.5	2352563	untrained	32676	91	memtrain/o_605_1.jpg	photodiode	1
2353.414	0.5	2353414	trained	32737	30	memtrain/o_437_2.jpg	photodiode	1
2354.315	0.5	2354315	trained	32767	0	memtrain/o_006_1.jpg	photodiode	1
2355.265	0.5	2355265	trained	32729	38	memtrain/o_603_1.jpg	photodiode	1
2356.166	0.5	2356166	untrained	32714	53	memtrain/o_142_2.jpg	photodiode	1
2357.017	0.5	2357017	catch	32671	n/a	catch_padded.jpg	photodiode	0
2357.259	0.0	2357259	response	6	n/a	n/a	trigger	0
2358.969	0.5	2358969	trained	32764	3	memtrain/o_040_2.jpg	photodiode	1
2359.819	0.5	2359819	untrained	32717	50	memtrain/o_057_2.jpg	photodiode	1
2360.77	0.5	2360770	trained	32721	46	memtrain/so_113_1.jpg	photodiode	1
2361.721	0.5	2361721	catch	32671	n/a	catch_padded.jpg	photodiode	0
2362.12	0.0	2362120	response	6	n/a	n/a	trigger	0
2363.823	0.5	2363823	trained	32763	4	memtrain/o_042_1.jpg	photodiode	1
2364.723	0.5	2364723	trained	32734	33	memtrain/o_536_1.jpg	photodiode	1
2365.624	0.5	2365624	trained	32740	27	memtrain/o_379_2.jpg	photodiode	1
2366.517	0.5	2366517	untrained	32683	84	memtrain/so_117_2.jpg	photodiode	1
2367.468	0.5	2367468	catch	32671	n/a	catch_padded.jpg	photodiode	0
2367.827	0.0	2367827	response	6	n/a	n/a	trigger	0
2369.369	0.5	2369369	untrained	32704	63	memtrain/o_310_2.jpg	photodiode	1
2370.27	0.5	2370270	untrained	32718	49	memtrain/o_054_2.jpg	photodiode	1
2371.079	0.5	2371079	trained	32751	16	memtrain/o_199_2.jpg	photodiode	1
2371.821	0.5	2371821	catch	32671	n/a	catch_padded.jpg	photodiode	0
2372.265	0.0	2372265	response	6	n/a	n/a	trigger	0
2373.773	0.5	2373773	untrained	32687	80	memtrain/o_613_1.jpg	photodiode	1
2374.574	0.5	2374574	trained	32727	40	memtrain/o_648_2.jpg	photodiode	1
2375.424	0.5	2375424	trained	32754	13	memtrain/o_136_1.jpg	photodiode	1
2376.225	0.5	2376225	catch	32671	n/a	catch_padded.jpg	photodiode	0
2376.609	0.0	2376609	response	6	n/a	n/a	trigger	0
2378.227	0.5	2378227	trained	32759	8	memtrain/o_094_1.jpg	photodiode	1
2379.178	0.5	2379178	untrained	32672	95	memtrain/so_125_1.jpg	photodiode	1
2380.128	0.5	2380128	untrained	32699	68	memtrain/o_393_1.jpg	photodiode	1
2380.929	0.5	2380929	trained	32749	18	memtrain/o_264_2.jpg	photodiode	1
2381.68	0.5	2381680	catch	32671	n/a	catch_padded.jpg	photodiode	0
2381.976	0.0	2381976	response	6	n/a	n/a	trigger	0
2383.681	0.5	2383681	trained	32723	44	memtrain/so_045_1.jpg	photodiode	1
2384.582	0.5	2384582	trained	32760	7	memtrain/o_091_2.jpg	photodiode	1
2385.383	0.5	2385383	untrained	32705	62	memtrain/o_304_1.jpg	photodiode	1
2386.184	0.5	2386184	trained	32750	17	memtrain/o_232_1.jpg	photodiode	1
2387.034	0.5	2387034	catch	32671	n/a	catch_padded.jpg	photodiode	0
2387.365	0.0	2387365	response	6	n/a	n/a	trigger	0
2389.086	0.5	2389086	trained	32756	11	memtrain/o_117_2.jpg	photodiode	1
2389.937	0.5	2389937	trained	32728	39	memtrain/o_606_1.jpg	photodiode	1
2390.837	0.5	2390837	untrained	32701	66	memtrain/o_342_2.jpg	photodiode	1
2391.788	0.5	2391788	trained	32762	5	memtrain/o_067_1.jpg	photodiode	1
2392.739	0.5	2392739	catch	32671	n/a	catch_padded.jpg	photodiode	0
2393.135	0.0	2393135	response	6	n/a	n/a	trigger	0
2394.691	0.5	2394691	untrained	32692	75	memtrain/o_564_1.jpg	photodiode	1
2395.491	0.5	2395491	trained	32744	23	memtrain/o_338_2.jpg	photodiode	1
2396.384	0.5	2396384	trained	32739	28	memtrain/o_397_1.jpg	photodiode	1
2397.143	0.5	2397143	untrained	32686	81	memtrain/o_655_2.jpg	photodiode	1
2397.985	0.5	2397985	trained	32731	36	memtrain/o_583_1.jpg	photodiode	1
2398.936	0.5	2398936	catch	32671	n/a	catch_padded.jpg	photodiode	0
2399.256	0.0	2399256	response	6	n/a	n/a	trigger	0
2400.987	0.5	2400987	trained	32726	41	memtrain/o_663_2.jpg	photodiode	1
2401.888	0.5	2401888	untrained	32713	54	memtrain/o_145_1.jpg	photodiode	1
2402.839	0.5	2402839	untrained	32710	57	memtrain/o_171_1.jpg	photodiode	1
2403.74	0.5	2403740	catch	32671	n/a	catch_padded.jpg	photodiode	0
2404.093	0.0	2404093	response	6	n/a	n/a	trigger	0
2405.842	0.5	2405842	trained	32753	14	memtrain/o_174_1.jpg	photodiode	1
2406.592	0.5	2406592	untrained	32719	48	memtrain/o_019_2.jpg	photodiode	1
2407.493	0.5	2407493	trained	32752	15	memtrain/o_195_1.jpg	photodiode	1
2408.344	0.5	2408344	catch	32671	n/a	catch_padded.jpg	photodiode	0
2408.765	0.0	2408765	response	6	n/a	n/a	trigger	0
2410.245	0.5	2410245	untrained	32678	89	memtrain/o_469_1.jpg	photodiode	1
2410.996	0.5	2410996	trained	32742	25	memtrain/o_358_2.jpg	photodiode	1
2411.947	0.5	2411947	untrained	32698	69	memtrain/o_464_2.jpg	photodiode	1
2412.697	0.5	2412697	untrained	32684	83	memtrain/so_105_1.jpg	photodiode	1
2413.648	0.5	2413648	catch	32671	n/a	catch_padded.jpg	photodiode	0
2413.934	0.0	2413934	response	6	n/a	n/a	trigger	0
2415.55	0.5	2415550	trained	32755	12	memtrain/o_127_2.jpg	photodiode	1
2416.501	0.5	2416501	trained	32735	32	memtrain/o_485_2.jpg	photodiode	1
2417.401	0.5	2417401	trained	32722	45	memtrain/so_090_2.jpg	photodiode	1
2418.252	0.5	2418252	untrained	32690	77	memtrain/o_574_2.jpg	photodiode	1
2419.153	0.5	2419153	catch	32671	n/a	catch_padded.jpg	photodiode	0
2419.388	0.0	2419388	response	6	n/a	n/a	trigger	0
2421.105	0.5	2421105	untrained	32680	87	memtrain/o_365_1.jpg	photodiode	1
2421.855	0.5	2421855	trained	32748	19	memtrain/o_284_2.jpg	photodiode	1
2422.656	0.5	2422656	trained	32732	35	memtrain/o_561_2.jpg	photodiode	1
2423.607	0.5	2423607	catch	32671	n/a	catch_padded.jpg	photodiode	0
2423.976	0.0	2423976	response	6	n/a	n/a	trigger	0
2425.6	0.5	2425600	untrained	32681	86	memtrain/o_288_1.jpg	photodiode	1
2426.459	0.5	2426459	trained	32758	9	memtrain/o_101_2.jpg	photodiode	1
2427.352	0.5	2427352	untrained	32694	73	memtrain/o_519_2.jpg	photodiode	1
2428.152	0.5	2428152	untrained	32695	72	memtrain/o_490_1.jpg	photodiode	1
2429.003	0.5	2429003	untrained	32696	71	memtrain/o_483_1.jpg	photodiode	1
2429.754	0.5	2429754	catch	32671	n/a	catch_padded.jpg	photodiode	0
2430.026	0.0	2430026	response	6	n/a	n/a	trigger	0
2431.756	0.5	2431756	untrained	32674	93	memtrain/so_035_1.jpg	photodiode	1
2432.506	0.5	2432506	trained	32749	18	memtrain/o_264_2.jpg	photodiode	1
2433.315	0.5	2433315	trained	32764	3	memtrain/o_040_2.jpg	photodiode	1
2434.158	0.5	2434158	trained	32751	16	memtrain/o_199_2.jpg	photodiode	1
2435.108	0.5	2435108	catch	32671	n/a	catch_padded.jpg	photodiode	0
2435.542	0.0	2435542	response	6	n/a	n/a	trigger	0
2437.11	0.5	2437110	untrained	32685	82	memtrain/o_656_1.jpg	photodiode	1
2438.061	0.5	2438061	trained	32726	41	memtrain/o_663_2.jpg	photodiode	1
2438.811	0.5	2438811	untrained	32673	94	memtrain/so_067_1.jpg	photodiode	1
2439.612	0.5	2439612	trained	32753	14	memtrain/o_174_1.jpg	photodiode	1
2440.513	0.5	2440513	trained	32728	39	memtrain/o_606_1.jpg	photodiode	1
2441.314	0.5	2441314	catch	32671	n/a	catch_padded.jpg	photodiode	0
2441.664	0.0	2441664	response	6	n/a	n/a	trigger	0
2443.365	0.5	2443365	untrained	32683	84	memtrain/so_117_2.jpg	photodiode	1
2444.166	0.5	2444166	untrained	32712	55	memtrain/o_153_2.jpg	photodiode	1
2445.017	0.5	2445017	untrained	32714	53	memtrain/o_142_2.jpg	photodiode	1
2445.968	0.5	2445968	catch	32671	n/a	catch_padded.jpg	photodiode	0
2446.402	0.0	2446402	response	6	n/a	n/a	trigger	0
2447.969	0.5	2447969	untrained	32695	72	memtrain/o_490_1.jpg	photodiode	1
2448.72	0.5	2448720	untrained	32711	56	memtrain/o_163_2.jpg	photodiode	1
2449.621	0.5	2449621	trained	32763	4	memtrain/o_042_1.jpg	photodiode	1
2450.521	0.5	2450521	catch	32671	n/a	catch_padded.jpg	photodiode	0
2450.914	0.0	2450914	response	6	n/a	n/a	trigger	0
2452.623	0.5	2452623	untrained	32690	77	memtrain/o_574_2.jpg	photodiode	1
2453.524	0.5	2453524	trained	32748	19	memtrain/o_284_2.jpg	photodiode	1
2454.366	0.5	2454366	trained	32730	37	memtrain/o_597_1.jpg	photodiode	1
2455.117	0.5	2455117	catch	32671	n/a	catch_padded.jpg	photodiode	0
2455.69	0.0	2455690	response	6	n/a	n/a	trigger	0
2457.018	0.5	2457018	untrained	32702	65	memtrain/o_337_2.jpg	photodiode	1
2457.769	0.5	2457769	trained	32742	25	memtrain/o_358_2.jpg	photodiode	1
2458.72	0.5	2458720	untrained	32676	91	memtrain/o_605_1.jpg	photodiode	1
2459.671	0.5	2459671	untrained	32716	51	memtrain/o_103_2.jpg	photodiode	1
2460.571	0.5	2460571	untrained	32693	74	memtrain/o_550_1.jpg	photodiode	1
2461.322	0.5	2461322	catch	32671	n/a	catch_padded.jpg	photodiode	0
2461.602	0.0	2461602	response	6	n/a	n/a	trigger	0
2463.274	0.5	2463274	trained	32760	7	memtrain/o_091_2.jpg	photodiode	1
2464.124	0.5	2464124	untrained	32697	70	memtrain/o_471_2.jpg	photodiode	1
2464.875	0.5	2464875	untrained	32680	87	memtrain/o_365_1.jpg	photodiode	1
2465.776	0.5	2465776	trained	32762	5	memtrain/o_067_1.jpg	photodiode	1
2466.727	0.5	2466727	trained	32736	31	memtrain/o_465_2.jpg	photodiode	1
2467.527	0.5	2467527	catch	32671	n/a	catch_padded.jpg	photodiode	0
2467.792	0.0	2467792	response	6	n/a	n/a	trigger	0
2469.429	0.5	2469429	trained	32746	21	memtrain/o_319_1.jpg	photodiode	1
2470.23	0.5	2470230	untrained	32705	62	memtrain/o_304_1.jpg	photodiode	1
2471.08	0.5	2471080	untrained	32708	59	memtrain/o_201_2.jpg	photodiode	1
2471.831	0.5	2471831	catch	32671	n/a	catch_padded.jpg	photodiode	0
2472.247	0.0	2472247	response	6	n/a	n/a	trigger	0
2473.733	0.5	2473733	trained	32757	10	memtrain/o_111_2.jpg	photodiode	1
2474.483	0.5	2474483	trained	32750	17	memtrain/o_232_1.jpg	photodiode	1
2475.334	0.5	2475334	untrained	32687	80	memtrain/o_613_1.jpg	photodiode	1
2476.185	0.5	2476185	untrained	32694	73	memtrain/o_519_2.jpg	photodiode	1
2476.935	0.5	2476935	trained	32754	13	memtrain/o_136_1.jpg	photodiode	1
2477.786	0.5	2477786	catch	32671	n/a	catch_padded.jpg	photodiode	0
2478.023	0.0	2478023	response	6	n/a	n/a	trigger	0
2479.838	0.5	2479838	trained	32722	45	memtrain/so_090_2.jpg	photodiode	1
2480.738	0.5	2480738	untrained	32691	76	memtrain/o_570_1.jpg	photodiode	1
2481.689	0.5	2481689	untrained	32717	50	memtrain/o_057_2.jpg	photodiode	1
2482.44	0.5	2482440	trained	32725	42	memtrain/so_034_2.jpg	photodiode	1
2483.182	0.5	2483182	catch	32671	n/a	catch_padded.jpg	photodiode	0
2483.553	0.0	2483553	response	6	n/a	n/a	trigger	0
2485.234	0.5	2485234	trained	32741	26	memtrain/o_376_1.jpg	photodiode	1
2486.135	0.5	2486135	untrained	32703	64	memtrain/o_334_2.jpg	photodiode	1
2486.994	0.5	2486994	trained	32740	27	memtrain/o_379_2.jpg	photodiode	1
2487.886	0.5	2487886	catch	32671	n/a	catch_padded.jpg	photodiode	0
2488.307	0.0	2488307	response	6	n/a	n/a	trigger	0
2489.938	0.5	2489938	untrained	32698	69	memtrain/o_464_2.jpg	photodiode	1
2490.739	0.5	2490739	trained	32734	33	memtrain/o_536_1.jpg	photodiode	1
2491.54	0.5	2491540	trained	32752	15	memtrain/o_195_1.jpg	photodiode	1
2492.34	0.5	2492340	catch	32671	n/a	catch_padded.jpg	photodiode	0
2492.804	0.0	2492804	response	6	n/a	n/a	trigger	0
2494.442	0.5	2494442	untrained	32684	83	memtrain/so_105_1.jpg	photodiode	1
2495.293	0.5	2495293	trained	32723	44	memtrain/so_045_1.jpg	photodiode	1
2496.143	0.5	2496143	trained	32724	43	memtrain/so_043_2.jpg	photodiode	1
2496.894	0.5	2496894	trained	32761	6	memtrain/o_076_1.jpg	photodiode	1
2497.845	0.5	2497845	trained	32727	40	memtrain/o_648_2.jpg	photodiode	1
2498.596	0.5	2498596	catch	32671	n/a	catch_padded.jpg	photodiode	0
2498.921	0.0	2498921	response	6	n/a	n/a	trigger	0
2500.597	0.5	2500597	trained	32766	1	memtrain/o_015_1.jpg	photodiode	1
2501.398	0.5	2501398	trained	32737	30	memtrain/o_437_2.jpg	photodiode	1
2502.199	0.5	2502199	trained	32758	9	memtrain/o_101_2.jpg	photodiode	1
2502.999	0.5	2502999	catch	32671	n/a	catch_padded.jpg	photodiode	0
2503.355	0.0	2503355	response	6	n/a	n/a	trigger	0
2504.951	0.5	2504951	untrained	32688	79	memtrain/o_600_1.jpg	photodiode	1
2505.752	0.5	2505752	untrained	32689	78	memtrain/o_599_1.jpg	photodiode	1
2506.502	0.5	2506502	untrained	32672	95	memtrain/so_125_1.jpg	photodiode	1
2507.303	0.5	2507303	catch	32671	n/a	catch_padded.jpg	photodiode	0
2507.643	0.0	2507643	response	6	n/a	n/a	trigger	0
2509.205	0.5	2509205	trained	32735	32	memtrain/o_485_2.jpg	photodiode	1
2510.055	0.5	2510055	trained	32765	2	memtrain/o_035_1.jpg	photodiode	1
2510.856	0.5	2510856	trained	32755	12	memtrain/o_127_2.jpg	photodiode	1
2511.807	0.5	2511807	untrained	32718	49	memtrain/o_054_2.jpg	photodiode	1
2512.749	0.5	2512749	catch	32671	n/a	catch_padded.jpg	photodiode	0
2513.064	0.0	2513064	response	6	n/a	n/a	trigger	0
2514.651	0.5	2514651	trained	32731	36	memtrain/o_583_1.jpg	photodiode	1
2515.451	0.5	2515451	untrained	32678	89	memtrain/o_469_1.jpg	photodiode	1
2516.402	0.5	2516402	untrained	32699	68	memtrain/o_393_1.jpg	photodiode	1
2517.303	0.5	2517303	untrained	32682	85	memtrain/o_218_1.jpg	photodiode	1
2518.154	0.5	2518154	catch	32671	n/a	catch_padded.jpg	photodiode	0
2518.503	0.0	2518503	response	6	n/a	n/a	trigger	0
2520.205	0.5	2520205	untrained	32709	58	memtrain/o_192_1.jpg	photodiode	1
2521.106	0.5	2521106	trained	32720	47	memtrain/so_147_2.jpg	photodiode	1
2522.007	0.5	2522007	trained	32743	24	memtrain/o_357_1.jpg	photodiode	1
2522.908	0.5	2522908	untrained	32679	88	memtrain/o_458_1.jpg	photodiode	1
2523.758	0.5	2523758	untrained	32713	54	memtrain/o_145_1.jpg	photodiode	1
2524.659	0.5	2524659	catch	32671	n/a	catch_padded.jpg	photodiode	0
2525.027	0.0	2525027	response	6	n/a	n/a	trigger	0
2526.611	0.5	2526611	untrained	32710	57	memtrain/o_171_1.jpg	photodiode	1
2527.411	0.5	2527411	trained	32744	23	memtrain/o_338_2.jpg	photodiode	1
2528.162	0.5	2528162	untrained	32677	90	memtrain/o_580_1.jpg	photodiode	1
2529.013	0.5	2529013	trained	32729	38	memtrain/o_603_1.jpg	photodiode	1
2529.863	0.5	2529863	trained	32739	28	memtrain/o_397_1.jpg	photodiode	1
2530.614	0.5	2530614	catch	32671	n/a	catch_padded.jpg	photodiode	0
2531.047	0.0	2531047	response	6	n/a	n/a	trigger	0
2532.616	0.5	2532616	trained	32733	34	memtrain/o_558_2.jpg	photodiode	1
2533.567	0.5	2533567	untrained	32704	63	memtrain/o_310_2.jpg	photodiode	1
2534.367	0.5	2534367	untrained	32675	92	memtrain/so_033_1.jpg	photodiode	1
2535.268	0.5	2535268	untrained	32686	81	memtrain/o_655_2.jpg	photodiode	1
2536.119	0.5	2536119	catch	32671	n/a	catch_padded.jpg	photodiode	0
2536.462	0.0	2536462	response	6	n/a	n/a	trigger	0
2538.221	0.5	2538221	untrained	32719	48	memtrain/o_019_2.jpg	photodiode	1
2539.171	0.5	2539171	trained	32747	20	memtrain/o_290_1.jpg	photodiode	1
2539.972	0.5	2539972	trained	32732	35	memtrain/o_561_2.jpg	photodiode	1
2540.723	0.5	2540723	catch	32671	n/a	catch_padded.jpg	photodiode	0
2541.147	0.0	2541147	response	6	n/a	n/a	trigger	0
2542.716	0.5	2542716	untrained	32700	67	memtrain/o_378_1.jpg	photodiode	1
2543.667	0.5	2543667	untrained	32715	52	memtrain/o_141_1.jpg	photodiode	1
2544.518	0.5	2544518	untrained	32692	75	memtrain/o_564_1.jpg	photodiode	1
2545.419	0.5	2545419	untrained	32681	86	memtrain/o_288_1.jpg	photodiode	1
2546.369	0.5	2546369	untrained	32706	61	memtrain/o_298_2.jpg	photodiode	1
2547.22	0.5	2547220	catch	32671	n/a	catch_padded.jpg	photodiode	0
2547.622	0.0	2547622	response	6	n/a	n/a	trigger	0
2549.272	0.5	2549272	trained	32721	46	memtrain/so_113_1.jpg	photodiode	1
2550.223	0.5	2550223	untrained	32701	66	memtrain/o_342_2.jpg	photodiode	1
2551.023	0.5	2551023	untrained	32707	60	memtrain/o_228_2.jpg	photodiode	1
2551.824	0.5	2551824	trained	32738	29	memtrain/o_416_1.jpg	photodiode	1
2552.575	0.5	2552575	trained	32759	8	memtrain/o_094_1.jpg	photodiode	1
2553.425	0.5	2553425	catch	32671	n/a	catch_padded.jpg	photodiode	0
2553.969	0.0	2553969	response	6	n/a	n/a	trigger	0
2555.527	0.5	2555527	trained	32767	0	memtrain/o_006_1.jpg	photodiode	1
2556.378	0.5	2556378	trained	32756	11	memtrain/o_117_2.jpg	photodiode	1
2557.329	0.5	2557329	trained	32745	22	memtrain/o_321_1.jpg	photodiode	1
2558.129	0.5	2558129	catch	32671	n/a	catch_padded.jpg	photodiode	0
2558.713	0.0	2558713	response	6	n/a	n/a	trigger	0
2564.602	0.0	2564602	block_end	120	n/a	n/a	trigger	0
2632.313	0.0	2632313	response	6	n/a	n/a	trigger	0
2632.318	0.0	2632318	block_onset	109	n/a	n/a	trigger	0
2634.377	0.5	2634377	trained	32760	7	memtrain/o_091_2.jpg	photodiode	1
2635.278	0.5	2635278	untrained	32691	76	memtrain/o_570_1.jpg	photodiode	1
2636.029	0.5	2636029	untrained	32705	62	memtrain/o_304_1.jpg	photodiode	1
2636.779	0.5	2636779	catch	32671	n/a	catch_padded.jpg	photodiode	0
2637.183	0.0	2637183	response	6	n/a	n/a	trigger	0
2638.722	0.5	2638722	untrained	32707	60	memtrain/o_228_2.jpg	photodiode	1
2639.582	0.5	2639582	trained	32725	42	memtrain/so_034_2.jpg	photodiode	1
2640.324	0.5	2640324	trained	32766	1	memtrain/o_015_1.jpg	photodiode	1
2641.225	0.5	2641225	catch	32671	n/a	catch_padded.jpg	photodiode	0
2641.576	0.0	2641576	response	6	n/a	n/a	trigger	0
2643.276	0.5	2643276	trained	32727	40	memtrain/o_648_2.jpg	photodiode	1
2644.236	0.5	2644236	untrained	32678	89	memtrain/o_469_1.jpg	photodiode	1
2645.078	0.5	2645078	trained	32764	3	memtrain/o_040_2.jpg	photodiode	1
2646.029	0.5	2646029	catch	32671	n/a	catch_padded.jpg	photodiode	0
2646.379	0.0	2646379	response	6	n/a	n/a	trigger	0
2648.13	0.5	2648130	trained	32736	31	memtrain/o_465_2.jpg	photodiode	1
2649.031	0.5	2649031	untrained	32695	72	memtrain/o_490_1.jpg	photodiode	1
2649.832	0.5	2649832	trained	32746	21	memtrain/o_319_1.jpg	photodiode	1
2650.683	0.5	2650683	catch	32671	n/a	catch_padded.jpg	photodiode	0
2651.079	0.0	2651079	response	6	n/a	n/a	trigger	0
2652.784	0.5	2652784	untrained	32690	77	memtrain/o_574_2.jpg	photodiode	1
2653.735	0.5	2653735	trained	32730	37	memtrain/o_597_1.jpg	photodiode	1
2654.686	0.5	2654686	untrained	32676	91	memtrain/o_605_1.jpg	photodiode	1
2655.637	0.5	2655637	catch	32671	n/a	catch_padded.jpg	photodiode	0
2655.958	0.0	2655958	response	6	n/a	n/a	trigger	0
2657.588	0.5	2657588	untrained	32687	80	memtrain/o_613_1.jpg	photodiode	1
2658.489	0.5	2658489	untrained	32696	71	memtrain/o_483_1.jpg	photodiode	1
2659.34	0.5	2659340	trained	32721	46	memtrain/so_113_1.jpg	photodiode	1
2660.141	0.5	2660141	untrained	32703	64	memtrain/o_334_2.jpg	photodiode	1
2661.091	0.5	2661091	catch	32671	n/a	catch_padded.jpg	photodiode	0
2661.38	0.0	2661380	response	6	n/a	n/a	trigger	0
2663.143	0.5	2663143	untrained	32715	52	memtrain/o_141_1.jpg	photodiode	1
2663.944	0.5	2663944	trained	32723	44	memtrain/so_045_1.jpg	photodiode	1
2664.845	0.5	2664845	trained	32735	32	memtrain/o_485_2.jpg	photodiode	1
2665.795	0.5	2665795	untrained	32710	57	memtrain/o_171_1.jpg	photodiode	1
2666.596	0.5	2666596	trained	32747	20	memtrain/o_290_1.jpg	photodiode	1
2667.439	0.5	2667439	catch	32671	n/a	catch_padded.jpg	photodiode	0
2667.836	0.0	2667836	response	6	n/a	n/a	trigger	0
2669.34	0.5	2669340	untrained	32702	65	memtrain/o_337_2.jpg	photodiode	1
2670.141	0.5	2670141	untrained	32692	75	memtrain/o_564_1.jpg	photodiode	1
2670.942	0.5	2670942	untrained	32714	53	memtrain/o_142_2.jpg	photodiode	1
2671.792	0.5	2671792	untrained	32679	88	memtrain/o_458_1.jpg	photodiode	1
2672.693	0.5	2672693	catch	32671	n/a	catch_padded.jpg	photodiode	0
2673.094	0.0	2673094	response	6	n/a	n/a	trigger	0
2674.745	0.5	2674745	trained	32724	43	memtrain/so_043_2.jpg	photodiode	1
2675.596	0.5	2675596	trained	32734	33	memtrain/o_536_1.jpg	photodiode	1
2676.496	0.5	2676496	untrained	32675	92	memtrain/so_033_1.jpg	photodiode	1
2677.247	0.5	2677247	untrained	32677	90	memtrain/o_580_1.jpg	photodiode	1
2677.998	0.5	2677998	trained	32748	19	memtrain/o_284_2.jpg	photodiode	1
2678.748	0.5	2678748	catch	32671	n/a	catch_padded.jpg	photodiode	0
2679.053	0.0	2679053	response	6	n/a	n/a	trigger	0
2680.85	0.5	2680850	untrained	32693	74	memtrain/o_550_1.jpg	photodiode	1
2681.651	0.5	2681651	trained	32756	11	memtrain/o_117_2.jpg	photodiode	1
2682.401	0.5	2682401	trained	32722	45	memtrain/so_090_2.jpg	photodiode	1
2683.202	0.5	2683202	trained	32758	9	memtrain/o_101_2.jpg	photodiode	1
2684.103	0.5	2684103	untrained	32686	81	memtrain/o_655_2.jpg	photodiode	1
2685.054	0.5	2685054	catch	32671	n/a	catch_padded.jpg	photodiode	0
2685.355	0.0	2685355	response	6	n/a	n/a	trigger	0
2687.005	0.5	2687005	untrained	32673	94	memtrain/so_067_1.jpg	photodiode	1
2687.806	0.5	2687806	trained	32754	13	memtrain/o_136_1.jpg	photodiode	1
2688.757	0.5	2688757	untrained	32711	56	memtrain/o_163_2.jpg	photodiode	1
2689.507	0.5	2689507	trained	32740	27	memtrain/o_379_2.jpg	photodiode	1
2690.358	0.5	2690358	trained	32731	36	memtrain/o_583_1.jpg	photodiode	1
2691.209	0.5	2691209	catch	32671	n/a	catch_padded.jpg	photodiode	0
2691.489	0.0	2691489	response	6	n/a	n/a	trigger	0
2693.311	0.5	2693311	untrained	32683	84	memtrain/so_117_2.jpg	photodiode	1
2694.261	0.5	2694261	trained	32755	12	memtrain/o_127_2.jpg	photodiode	1
2695.154	0.5	2695154	untrained	32681	86	memtrain/o_288_1.jpg	photodiode	1
2695.963	0.5	2695963	untrained	32697	70	memtrain/o_471_2.jpg	photodiode	1
2696.755	0.5	2696755	catch	32671	n/a	catch_padded.jpg	photodiode	0
2697.12	0.0	2697120	response	6	n/a	n/a	trigger	0
2698.757	0.5	2698757	untrained	32719	48	memtrain/o_019_2.jpg	photodiode	1
2699.616	0.5	2699616	untrained	32716	51	memtrain/o_103_2.jpg	photodiode	1
2700.358	0.5	2700358	trained	32729	38	memtrain/o_603_1.jpg	photodiode	1
2701.259	0.5	2701259	untrained	32700	67	memtrain/o_378_1.jpg	photodiode	1
2702.21	0.5	2702210	untrained	32685	82	memtrain/o_656_1.jpg	photodiode	1
2703.06	0.5	2703060	catch	32671	n/a	catch_padded.jpg	photodiode	0
2703.452	0.0	2703452	response	6	n/a	n/a	trigger	0
2705.062	0.5	2705062	untrained	32684	83	memtrain/so_105_1.jpg	photodiode	1
2705.963	0.5	2705963	untrained	32672	95	memtrain/so_125_1.jpg	photodiode	1
2706.763	0.5	2706763	untrained	32706	61	memtrain/o_298_2.jpg	photodiode	1
2707.614	0.5	2707614	trained	32733	34	memtrain/o_558_2.jpg	photodiode	1
2708.565	0.5	2708565	trained	32761	6	memtrain/o_076_1.jpg	photodiode	1
2709.516	0.5	2709516	catch	32671	n/a	catch_padded.jpg	photodiode	0
2709.813	0.0	2709813	response	6	n/a	n/a	trigger	0
2711.567	0.5	2711567	untrained	32708	59	memtrain/o_201_2.jpg	photodiode	1
2712.468	0.5	2712468	trained	32744	23	memtrain/o_338_2.jpg	photodiode	1
2713.269	0.5	2713269	trained	32720	47	memtrain/so_147_2.jpg	photodiode	1
2714.07	0.5	2714070	trained	32738	29	memtrain/o_416_1.jpg	photodiode	1
2714.87	0.5	2714870	catch	32671	n/a	catch_padded.jpg	photodiode	0
2715.185	0.0	2715185	response	6	n/a	n/a	trigger	0
2716.772	0.5	2716772	trained	32741	26	memtrain/o_376_1.jpg	photodiode	1
2717.723	0.5	2717723	trained	32745	22	memtrain/o_321_1.jpg	photodiode	1
2718.523	0.5	2718523	trained	32737	30	memtrain/o_437_2.jpg	photodiode	1
2719.324	0.5	2719324	catch	32671	n/a	catch_padded.jpg	photodiode	0
2719.807	0.0	2719807	response	6	n/a	n/a	trigger	0
2721.376	0.5	2721376	untrained	32704	63	memtrain/o_310_2.jpg	photodiode	1
2722.327	0.5	2722327	trained	32728	39	memtrain/o_606_1.jpg	photodiode	1
2723.277	0.5	2723277	untrained	32688	79	memtrain/o_600_1.jpg	photodiode	1
2724.028	0.5	2724028	trained	32767	0	memtrain/o_006_1.jpg	photodiode	1
2724.821	0.5	2724821	catch	32671	n/a	catch_padded.jpg	photodiode	0
2725.184	0.0	2725184	response	6	n/a	n/a	trigger	0
2726.922	0.5	2726922	trained	32742	25	memtrain/o_358_2.jpg	photodiode	1
2727.673	0.5	2727673	untrained	32713	54	memtrain/o_145_1.jpg	photodiode	1
2728.524	0.5	2728524	trained	32757	10	memtrain/o_111_2.jpg	photodiode	1
2729.274	0.5	2729274	catch	32671	n/a	catch_padded.jpg	photodiode	0
2729.635	0.0	2729635	response	6	n/a	n/a	trigger	0
2731.276	0.5	2731276	untrained	32698	69	memtrain/o_464_2.jpg	photodiode	1
2732.027	0.5	2732027	untrained	32717	50	memtrain/o_057_2.jpg	photodiode	1
2732.877	0.5	2732877	untrained	32701	66	memtrain/o_342_2.jpg	photodiode	1
2733.828	0.5	2733828	untrained	32718	49	memtrain/o_054_2.jpg	photodiode	1
2734.579	0.5	2734579	trained	32749	18	memtrain/o_264_2.jpg	photodiode	1
2735.33	0.5	2735330	catch	32671	n/a	catch_padded.jpg	photodiode	0
2735.599	0.0	2735599	response	6	n/a	n/a	trigger	0
2737.381	0.5	2737381	trained	32753	14	memtrain/o_174_1.jpg	photodiode	1
2738.132	0.5	2738132	trained	32750	17	memtrain/o_232_1.jpg	photodiode	1
2738.933	0.5	2738933	trained	32752	15	memtrain/o_195_1.jpg	photodiode	1
2739.833	0.5	2739833	untrained	32699	68	memtrain/o_393_1.jpg	photodiode	1
2740.634	0.5	2740634	trained	32726	41	memtrain/o_663_2.jpg	photodiode	1
2741.385	0.5	2741385	catch	32671	n/a	catch_padded.jpg	photodiode	0
2741.77	0.0	2741770	response	6	n/a	n/a	trigger	0
2743.286	0.5	2743286	untrained	32694	73	memtrain/o_519_2.jpg	photodiode	1
2744.237	0.5	2744237	trained	32739	28	memtrain/o_397_1.jpg	photodiode	1
2744.988	0.5	2744988	untrained	32680	87	memtrain/o_365_1.jpg	photodiode	1
2745.738	0.5	2745738	untrained	32712	55	memtrain/o_153_2.jpg	photodiode	1
2746.639	0.5	2746639	catch	32671	n/a	catch_padded.jpg	photodiode	0
2747.075	0.0	2747075	response	6	n/a	n/a	trigger	0
2748.591	0.5	2748591	trained	32751	16	memtrain/o_199_2.jpg	photodiode	1
2749.442	0.5	2749442	trained	32732	35	memtrain/o_561_2.jpg	photodiode	1
2750.292	0.5	2750292	trained	32743	24	memtrain/o_357_1.jpg	photodiode	1
2751.043	0.5	2751043	catch	32671	n/a	catch_padded.jpg	photodiode	0
2751.443	0.0	2751443	response	6	n/a	n/a	trigger	0
2753.095	0.5	2753095	trained	32765	2	memtrain/o_035_1.jpg	photodiode	1
2753.895	0.5	2753895	untrained	32709	58	memtrain/o_192_1.jpg	photodiode	1
2754.687	0.5	2754687	trained	32763	4	memtrain/o_042_1.jpg	photodiode	1
2755.597	0.5	2755597	untrained	32682	85	memtrain/o_218_1.jpg	photodiode	1
2756.548	0.5	2756548	catch	32671	n/a	catch_padded.jpg	photodiode	0
2756.842	0.0	2756842	response	6	n/a	n/a	trigger	0
2758.441	0.5	2758441	untrained	32674	93	memtrain/so_035_1.jpg	photodiode	1
2759.3	0.5	2759300	trained	32759	8	memtrain/o_094_1.jpg	photodiode	1
2760.092	0.5	2760092	trained	32762	5	memtrain/o_067_1.jpg	photodiode	1
2760.893	0.5	2760893	catch	32671	n/a	catch_padded.jpg	photodiode	0
2761.301	0.0	2761301	response	6	n/a	n/a	trigger	0
2762.944	0.5	2762944	untrained	32689	78	memtrain/o_599_1.jpg	photodiode	1
2763.695	0.5	2763695	trained	32763	4	memtrain/o_042_1.jpg	photodiode	1
2764.646	0.5	2764646	untrained	32681	86	memtrain/o_288_1.jpg	photodiode	1
2765.497	0.5	2765497	trained	32725	42	memtrain/so_034_2.jpg	photodiode	1
2766.447	0.5	2766447	catch	32671	n/a	catch_padded.jpg	photodiode	0
2766.825	0.0	2766825	response	6	n/a	n/a	trigger	0
2768.499	0.5	2768499	trained	32722	45	memtrain/so_090_2.jpg	photodiode	1
2769.25	0.5	2769250	trained	32727	40	memtrain/o_648_2.jpg	photodiode	1
2770.201	0.5	2770201	trained	32767	0	memtrain/o_006_1.jpg	photodiode	1
2770.951	0.5	2770951	untrained	32708	59	memtrain/o_201_2.jpg	photodiode	1
2771.752	0.5	2771752	catch	32671	n/a	catch_padded.jpg	photodiode	0
2772.119	0.0	2772119	response	6	n/a	n/a	trigger	0
2773.754	0.5	2773754	trained	32744	23	memtrain/o_338_2.jpg	photodiode	1
2774.504	0.5	2774504	untrained	32680	87	memtrain/o_365_1.jpg	photodiode	1
2775.255	0.5	2775255	untrained	32696	71	memtrain/o_483_1.jpg	photodiode	1
2776.005	0.5	2776005	untrained	32703	64	memtrain/o_334_2.jpg	photodiode	1
2776.806	0.5	2776806	untrained	32697	70	memtrain/o_471_2.jpg	photodiode	1
2777.657	0.5	2777657	catch	32671	n/a	catch_padded.jpg	photodiode	0
2778.001	0.0	2778001	response	6	n/a	n/a	trigger	0
2779.558	0.5	2779558	trained	32734	33	memtrain/o_536_1.jpg	photodiode	1
2780.509	0.5	2780509	trained	32747	20	memtrain/o_290_1.jpg	photodiode	1
2781.26	0.5	2781260	untrained	32712	55	memtrain/o_153_2.jpg	photodiode	1
2782.011	0.5	2782011	trained	32721	46	memtrain/so_113_1.jpg	photodiode	1
2782.953	0.5	2782953	catch	32671	n/a	catch_padded.jpg	photodiode	0
2783.269	0.0	2783269	response	6	n/a	n/a	trigger	0
2784.863	0.5	2784863	untrained	32704	63	memtrain/o_310_2.jpg	photodiode	1
2785.614	0.5	2785614	trained	32765	2	memtrain/o_035_1.jpg	photodiode	1
2786.406	0.5	2786406	untrained	32678	89	memtrain/o_469_1.jpg	photodiode	1
2787.257	0.5	2787257	untrained	32672	95	memtrain/so_125_1.jpg	photodiode	1
2788.208	0.5	2788208	trained	32743	24	memtrain/o_357_1.jpg	photodiode	1
2789.108	0.5	2789108	catch	32671	n/a	catch_padded.jpg	photodiode	0
2789.436	0.0	2789436	response	6	n/a	n/a	trigger	0
2791.21	0.5	2791210	untrained	32684	83	memtrain/so_105_1.jpg	photodiode	1
2792.161	0.5	2792161	trained	32730	37	memtrain/o_597_1.jpg	photodiode	1
2792.962	0.5	2792962	trained	32738	29	memtrain/o_416_1.jpg	photodiode	1
2793.863	0.5	2793863	untrained	32694	73	memtrain/o_519_2.jpg	photodiode	1
2794.663	0.5	2794663	untrained	32683	84	memtrain/so_117_2.jpg	photodiode	1
2795.464	0.5	2795464	catch	32671	n/a	catch_padded.jpg	photodiode	0
2795.902	0.0	2795902	response	6	n/a	n/a	trigger	0
2797.466	0.5	2797466	trained	32733	34	memtrain/o_558_2.jpg	photodiode	1
2798.366	0.5	2798366	trained	32759	8	memtrain/o_094_1.jpg	photodiode	1
2799.167	0.5	2799167	untrained	32675	92	memtrain/so_033_1.jpg	photodiode	1
2799.918	0.5	2799918	untrained	32689	78	memtrain/o_599_1.jpg	photodiode	1
2800.818	0.5	2800818	trained	32723	44	memtrain/so_045_1.jpg	photodiode	1
2801.669	0.5	2801669	catch	32671	n/a	catch_padded.jpg	photodiode	0
2802.13	0.0	2802130	response	6	n/a	n/a	trigger	0
2803.771	0.5	2803771	untrained	32715	52	memtrain/o_141_1.jpg	photodiode	1
2804.622	0.5	2804622	untrained	32719	48	memtrain/o_019_2.jpg	photodiode	1
2805.522	0.5	2805522	untrained	32698	69	memtrain/o_464_2.jpg	photodiode	1
2806.373	0.5	2806373	catch	32671	n/a	catch_padded.jpg	photodiode	0
2806.774	0.0	2806774	response	6	n/a	n/a	trigger	0
2808.425	0.5	2808425	trained	32749	18	memtrain/o_264_2.jpg	photodiode	1
2809.226	0.5	2809226	trained	32739	28	memtrain/o_397_1.jpg	photodiode	1
2809.976	0.5	2809976	trained	32762	5	memtrain/o_067_1.jpg	photodiode	1
2810.877	0.5	2810877	catch	32671	n/a	catch_padded.jpg	photodiode	0
2811.234	0.0	2811234	response	6	n/a	n/a	trigger	0
2812.979	0.5	2812979	trained	32729	38	memtrain/o_603_1.jpg	photodiode	1
2813.779	0.5	2813779	trained	32720	47	memtrain/so_147_2.jpg	photodiode	1
2814.53	0.5	2814530	untrained	32718	49	memtrain/o_054_2.jpg	photodiode	1
2815.472	0.5	2815472	trained	32748	19	memtrain/o_284_2.jpg	photodiode	1
2816.382	0.5	2816382	catch	32671	n/a	catch_padded.jpg	photodiode	0
2816.719	0.0	2816719	response	6	n/a	n/a	trigger	0
2818.475	0.5	2818475	trained	32766	1	memtrain/o_015_1.jpg	photodiode	1
2819.275	0.5	2819275	trained	32756	11	memtrain/o_117_2.jpg	photodiode	1
2820.126	0.5	2820126	trained	32745	22	memtrain/o_321_1.jpg	photodiode	1
2821.077	0.5	2821077	untrained	32709	58	memtrain/o_192_1.jpg	photodiode	1
2822.028	0.5	2822028	catch	32671	n/a	catch_padded.jpg	photodiode	0
2822.386	0.0	2822386	response	6	n/a	n/a	trigger	0
2824.13	0.5	2824130	untrained	32711	56	memtrain/o_163_2.jpg	photodiode	1
2825.03	0.5	2825030	untrained	32693	74	memtrain/o_550_1.jpg	photodiode	1
2825.781	0.5	2825781	untrained	32691	76	memtrain/o_570_1.jpg	photodiode	1
2826.582	0.5	2826582	untrained	32700	67	memtrain/o_378_1.jpg	photodiode	1
2827.432	0.5	2827432	catch	32671	n/a	catch_padded.jpg	photodiode	0
2827.782	0.0	2827782	response	6	n/a	n/a	trigger	0
2829.534	0.5	2829534	untrained	32690	77	memtrain/o_574_2.jpg	photodiode	1
2830.285	0.5	2830285	untrained	32713	54	memtrain/o_145_1.jpg	photodiode	1
2831.136	0.5	2831136	trained	32746	21	memtrain/o_319_1.jpg	photodiode	1
2831.986	0.5	2831986	catch	32671	n/a	catch_padded.jpg	photodiode	0
2832.337	0.0	2832337	response	6	n/a	n/a	trigger	0
2833.988	0.5	2833988	trained	32753	14	memtrain/o_174_1.jpg	photodiode	1
2834.789	0.5	2834789	trained	32750	17	memtrain/o_232_1.jpg	photodiode	1
2835.689	0.5	2835689	untrained	32686	81	memtrain/o_655_2.jpg	photodiode	1
2836.59	0.5	2836590	trained	32737	30	memtrain/o_437_2.jpg	photodiode	1
2837.441	0.5	2837441	trained	32742	25	memtrain/o_358_2.jpg	photodiode	1
2838.392	0.5	2838392	catch	32671	n/a	catch_padded.jpg	photodiode	0
2838.734	0.0	2838734	response	6	n/a	n/a	trigger	0
2840.385	0.5	2840385	trained	32758	9	memtrain/o_101_2.jpg	photodiode	1
2841.244	0.5	2841244	untrained	32714	53	memtrain/o_142_2.jpg	photodiode	1
2842.095	0.5	2842095	trained	32731	36	memtrain/o_583_1.jpg	photodiode	1
2842.895	0.5	2842895	trained	32752	15	memtrain/o_195_1.jpg	photodiode	1
2843.746	0.5	2843746	untrained	32687	80	memtrain/o_613_1.jpg	photodiode	1
2844.589	0.5	2844589	catch	32671	n/a	catch_padded.jpg	photodiode	0
2844.963	0.0	2844963	response	6	n/a	n/a	trigger	0
2846.641	0.5	2846641	trained	32751	16	memtrain/o_199_2.jpg	photodiode	1
2847.399	0.5	2847399	untrained	32699	68	memtrain/o_393_1.jpg	photodiode	1
2848.142	0.5	2848142	trained	32741	26	memtrain/o_376_1.jpg	photodiode	1
2848.993	0.5	2848993	catch	32671	n/a	catch_padded.jpg	photodiode	0
2851.044	0.5	2851044	untrained	32692	75	memtrain/o_564_1.jpg	photodiode	1
2851.995	0.5	2851995	untrained	32674	93	memtrain/so_035_1.jpg	photodiode	1
2852.746	0.5	2852746	untrained	32685	82	memtrain/o_656_1.jpg	photodiode	1
2853.597	0.5	2853597	catch	32671	n/a	catch_padded.jpg	photodiode	0
2853.964	0.0	2853964	response	6	n/a	n/a	trigger	0
2855.648	0.5	2855648	untrained	32677	90	memtrain/o_580_1.jpg	photodiode	1
2856.599	0.5	2856599	untrained	32673	94	memtrain/so_067_1.jpg	photodiode	1
2857.4	0.5	2857400	trained	32740	27	memtrain/o_379_2.jpg	photodiode	1
2858.15	0.5	2858150	catch	32671	n/a	catch_padded.jpg	photodiode	0
2858.49	0.0	2858490	response	6	n/a	n/a	trigger	0
2860.052	0.5	2860052	trained	32757	10	memtrain/o_111_2.jpg	photodiode	1
2860.803	0.5	2860803	trained	32726	41	memtrain/o_663_2.jpg	photodiode	1
2861.753	0.5	2861753	untrained	32707	60	memtrain/o_228_2.jpg	photodiode	1
2862.554	0.5	2862554	untrained	32710	57	memtrain/o_171_1.jpg	photodiode	1
2863.505	0.5	2863505	trained	32760	7	memtrain/o_091_2.jpg	photodiode	1
2864.406	0.5	2864406	catch	32671	n/a	catch_padded.jpg	photodiode	0
2864.834	0.0	2864834	response	6	n/a	n/a	trigger	0
2866.407	0.5	2866407	untrained	32701	66	memtrain/o_342_2.jpg	photodiode	1
2867.208	0.5	2867208	untrained	32679	88	memtrain/o_458_1.jpg	photodiode	1
2868.009	0.5	2868009	trained	32754	13	memtrain/o_136_1.jpg	photodiode	1
2868.809	0.5	2868809	trained	32764	3	memtrain/o_040_2.jpg	photodiode	1
2869.76	0.5	2869760	catch	32671	n/a	catch_padded.jpg	photodiode	0
2870.358	0.0	2870358	response	6	n/a	n/a	trigger	0
2871.712	0.5	2871712	trained	32728	39	memtrain/o_606_1.jpg	photodiode	1
2872.613	0.5	2872613	trained	32755	12	memtrain/o_127_2.jpg	photodiode	1
2873.563	0.5	2873563	untrained	32705	62	memtrain/o_304_1.jpg	photodiode	1
2874.464	0.5	2874464	untrained	32695	72	memtrain/o_490_1.jpg	photodiode	1
2875.256	0.5	2875256	catch	32671	n/a	catch_padded.jpg	photodiode	0
2875.613	0.0	2875613	response	6	n/a	n/a	trigger	0
2877.166	0.5	2877166	untrained	32706	61	memtrain/o_298_2.jpg	photodiode	1
2878.009	0.5	2878009	untrained	32717	50	memtrain/o_057_2.jpg	photodiode	1
2878.909	0.5	2878909	trained	32735	32	memtrain/o_485_2.jpg	photodiode	1
2879.81	0.5	2879810	catch	32671	n/a	catch_padded.jpg	photodiode	0
2880.482	0.0	2880482	response	6	n/a	n/a	trigger	0
2881.862	0.5	2881862	untrained	32716	51	memtrain/o_103_2.jpg	photodiode	1
2882.713	0.5	2882713	untrained	32688	79	memtrain/o_600_1.jpg	photodiode	1
2883.663	0.5	2883663	untrained	32702	65	memtrain/o_337_2.jpg	photodiode	1
2884.514	0.5	2884514	untrained	32676	91	memtrain/o_605_1.jpg	photodiode	1
2885.415	0.5	2885415	trained	32736	31	memtrain/o_465_2.jpg	photodiode	1
2886.266	0.5	2886266	catch	32671	n/a	catch_padded.jpg	photodiode	0
2886.932	0.0	2886932	response	6	n/a	n/a	trigger	0
2888.267	0.5	2888267	trained	32724	43	memtrain/so_043_2.jpg	photodiode	1
2889.168	0.5	2889168	untrained	32682	85	memtrain/o_218_1.jpg	photodiode	1
2889.919	0.5	2889919	trained	32761	6	memtrain/o_076_1.jpg	photodiode	1
2890.769	0.5	2890769	trained	32732	35	memtrain/o_561_2.jpg	photodiode	1
2891.67	0.5	2891670	catch	32671	n/a	catch_padded.jpg	photodiode	0
2892.156	0.0	2892156	response	6	n/a	n/a	trigger	0
2898.143	0.0	2898143	block_end	120	n/a	n/a	trigger	0
2974.704	0.0	2974704	response	6	n/a	n/a	trigger	0
2974.708	0.0	2974708	block_onset	110	n/a	n/a	trigger	0
2976.759	0.5	2976759	trained	32744	23	memtrain/o_338_2.jpg	photodiode	1
2977.568	0.5	2977568	trained	32760	7	memtrain/o_091_2.jpg	photodiode	1
2978.319	0.5	2978319	trained	32745	22	memtrain/o_321_1.jpg	photodiode	1
2979.17	0.5	2979170	catch	32671	n/a	catch_padded.jpg	photodiode	0
2979.434	0.0	2979434	response	6	n/a	n/a	trigger	0
2981.263	0.5	2981263	trained	32737	30	memtrain/o_437_2.jpg	photodiode	1
2982.114	0.5	2982114	untrained	32684	83	memtrain/so_105_1.jpg	photodiode	1
2982.964	0.5	2982964	trained	32754	13	memtrain/o_136_1.jpg	photodiode	1
2983.874	0.5	2983874	trained	32729	38	memtrain/o_603_1.jpg	photodiode	1
2984.816	0.5	2984816	untrained	32680	87	memtrain/o_365_1.jpg	photodiode	1
2985.767	0.5	2985767	catch	32671	n/a	catch_padded.jpg	photodiode	0
2986.011	0.0	2986011	response	6	n/a	n/a	trigger	0
2987.868	0.5	2987868	trained	32755	12	memtrain/o_127_2.jpg	photodiode	1
2988.719	0.5	2988719	trained	32750	17	memtrain/o_232_1.jpg	photodiode	1
2989.47	0.5	2989470	trained	32721	46	memtrain/so_113_1.jpg	photodiode	1
2990.421	0.5	2990421	trained	32762	5	memtrain/o_067_1.jpg	photodiode	1
2991.271	0.5	2991271	untrained	32718	49	memtrain/o_054_2.jpg	photodiode	1
2992.222	0.5	2992222	catch	32671	n/a	catch_padded.jpg	photodiode	0
2992.48	0.0	2992480	response	6	n/a	n/a	trigger	0
2994.224	0.5	2994224	trained	32751	16	memtrain/o_199_2.jpg	photodiode	1
2995.024	0.5	2995024	trained	32741	26	memtrain/o_376_1.jpg	photodiode	1
2995.875	0.5	2995875	untrained	32698	69	memtrain/o_464_2.jpg	photodiode	1
2996.726	0.5	2996726	catch	32671	n/a	catch_padded.jpg	photodiode	0
2997.088	0.0	2997088	response	6	n/a	n/a	trigger	0
2998.828	0.5	2998828	untrained	32683	84	memtrain/so_117_2.jpg	photodiode	1
2999.678	0.5	2999678	untrained	32672	95	memtrain/so_125_1.jpg	photodiode	1
3000.479	0.5	3000479	untrained	32688	79	memtrain/o_600_1.jpg	photodiode	1
3001.38	0.5	3001380	catch	32671	n/a	catch_padded.jpg	photodiode	0
3001.797	0.0	3001797	response	6	n/a	n/a	trigger	0
3003.432	0.5	3003432	untrained	32706	61	memtrain/o_298_2.jpg	photodiode	1
3004.282	0.5	3004282	untrained	32690	77	memtrain/o_574_2.jpg	photodiode	1
3005.033	0.5	3005033	untrained	32687	80	memtrain/o_613_1.jpg	photodiode	1
3005.934	0.5	3005934	catch	32671	n/a	catch_padded.jpg	photodiode	0
3006.291	0.0	3006291	response	6	n/a	n/a	trigger	0
3007.935	0.5	3007935	untrained	32719	48	memtrain/o_019_2.jpg	photodiode	1
3008.736	0.5	3008736	trained	32725	42	memtrain/so_034_2.jpg	photodiode	1
3009.587	0.5	3009587	trained	32722	45	memtrain/so_090_2.jpg	photodiode	1
3010.337	0.5	3010337	trained	32733	34	memtrain/o_558_2.jpg	photodiode	1
3011.18	0.5	3011180	catch	32671	n/a	catch_padded.jpg	photodiode	0
3011.474	0.0	3011474	response	6	n/a	n/a	trigger	0
3013.14	0.5	3013140	trained	32743	24	memtrain/o_357_1.jpg	photodiode	1
3014.083	0.5	3014083	trained	32727	40	memtrain/o_648_2.jpg	photodiode	1
3015.041	0.5	3015041	trained	32763	4	memtrain/o_042_1.jpg	photodiode	1
3015.942	0.5	3015942	untrained	32692	75	memtrain/o_564_1.jpg	photodiode	1
3016.743	0.5	3016743	trained	32749	18	memtrain/o_264_2.jpg	photodiode	1
3017.686	0.5	3017686	catch	32671	n/a	catch_padded.jpg	photodiode	0
3017.942	0.0	3017942	response	6	n/a	n/a	trigger	0
3019.645	0.5	3019645	trained	32732	35	memtrain/o_561_2.jpg	photodiode	1
3020.438	0.5	3020438	untrained	32693	74	memtrain/o_550_1.jpg	photodiode	1
3021.289	0.5	3021289	trained	32765	2	memtrain/o_035_1.jpg	photodiode	1
3022.139	0.5	3022139	untrained	32703	64	memtrain/o_334_2.jpg	photodiode	1
3023.04	0.5	3023040	catch	32671	n/a	catch_padded.jpg	photodiode	0
3023.346	0.0	3023346	response	6	n/a	n/a	trigger	0
3025.042	0.5	3025042	untrained	32676	91	memtrain/o_605_1.jpg	photodiode	1
3025.893	0.5	3025893	untrained	32699	68	memtrain/o_393_1.jpg	photodiode	1
3026.793	0.5	3026793	trained	32748	19	memtrain/o_284_2.jpg	photodiode	1
3027.594	0.5	3027594	trained	32726	41	memtrain/o_663_2.jpg	photodiode	1
3028.545	0.5	3028545	trained	32738	29	memtrain/o_416_1.jpg	photodiode	1
3029.346	0.5	3029346	catch	32671	n/a	catch_padded.jpg	photodiode	0
3029.714	0.0	3029714	response	6	n/a	n/a	trigger	0
3031.297	0.5	3031297	trained	32734	33	memtrain/o_536_1.jpg	photodiode	1
3032.248	0.5	3032248	untrained	32713	54	memtrain/o_145_1.jpg	photodiode	1
3033.199	0.5	3033199	untrained	32696	71	memtrain/o_483_1.jpg	photodiode	1
3034.15	0.5	3034150	trained	32735	32	memtrain/o_485_2.jpg	photodiode	1
3034.9	0.5	3034900	trained	32757	10	memtrain/o_111_2.jpg	photodiode	1
3035.801	0.5	3035801	catch	32671	n/a	catch_padded.jpg	photodiode	0
3036.09	0.0	3036090	response	6	n/a	n/a	trigger	0
3037.703	0.5	3037703	trained	32758	9	memtrain/o_101_2.jpg	photodiode	1
3038.603	0.5	3038603	untrained	32712	55	memtrain/o_153_2.jpg	photodiode	1
3039.504	0.5	3039504	trained	32720	47	memtrain/so_147_2.jpg	photodiode	1
3040.396	0.5	3040396	trained	32752	15	memtrain/o_195_1.jpg	photodiode	1
3041.297	0.5	3041297	catch	32671	n/a	catch_padded.jpg	photodiode	0
3041.632	0.0	3041632	response	6	n/a	n/a	trigger	0
3043.199	0.5	3043199	untrained	32717	50	memtrain/o_057_2.jpg	photodiode	1
3044.099	0.5	3044099	trained	32724	43	memtrain/so_043_2.jpg	photodiode	1
3044.85	0.5	3044850	untrained	32700	67	memtrain/o_378_1.jpg	photodiode	1
3045.651	0.5	3045651	catch	32671	n/a	catch_padded.jpg	photodiode	0
3046.044	0.0	3046044	response	6	n/a	n/a	trigger	0
3047.702	0.5	3047702	untrained	32716	51	memtrain/o_103_2.jpg	photodiode	1
3048.603	0.5	3048603	untrained	32705	62	memtrain/o_304_1.jpg	photodiode	1
3049.354	0.5	3049354	trained	32730	37	memtrain/o_597_1.jpg	photodiode	1
3050.205	0.5	3050205	catch	32671	n/a	catch_padded.jpg	photodiode	0
3050.515	0.0	3050515	response	6	n/a	n/a	trigger	0
3052.306	0.5	3052306	trained	32736	31	memtrain/o_465_2.jpg	photodiode	1
3053.157	0.5	3053157	untrained	32678	89	memtrain/o_469_1.jpg	photodiode	1
3053.958	0.5	3053958	trained	32759	8	memtrain/o_094_1.jpg	photodiode	1
3054.859	0.5	3054859	trained	32747	20	memtrain/o_290_1.jpg	photodiode	1
3055.609	0.5	3055609	catch	32671	n/a	catch_padded.jpg	photodiode	0
3055.95	0.0	3055950	response	6	n/a	n/a	trigger	0
3057.511	0.5	3057511	untrained	32694	73	memtrain/o_519_2.jpg	photodiode	1
3058.261	0.5	3058261	untrained	32691	76	memtrain/o_570_1.jpg	photodiode	1
3059.212	0.5	3059212	trained	32728	39	memtrain/o_606_1.jpg	photodiode	1
3060.113	0.5	3060113	trained	32731	36	memtrain/o_583_1.jpg	photodiode	1
3060.914	0.5	3060914	catch	32671	n/a	catch_padded.jpg	photodiode	0
3061.352	0.0	3061352	response	6	n/a	n/a	trigger	0
3062.915	0.5	3062915	untrained	32714	53	memtrain/o_142_2.jpg	photodiode	1
3063.716	0.5	3063716	untrained	32675	92	memtrain/so_033_1.jpg	photodiode	1
3064.467	0.5	3064467	untrained	32701	66	memtrain/o_342_2.jpg	photodiode	1
3065.418	0.5	3065418	untrained	32695	72	memtrain/o_490_1.jpg	photodiode	1
3066.318	0.5	3066318	catch	32671	n/a	catch_padded.jpg	photodiode	0
3066.651	0.0	3066651	response	6	n/a	n/a	trigger	0
3068.42	0.5	3068420	untrained	32711	56	memtrain/o_163_2.jpg	photodiode	1
3069.213	0.5	3069213	untrained	32708	59	memtrain/o_201_2.jpg	photodiode	1
3070.163	0.5	3070163	trained	32761	6	memtrain/o_076_1.jpg	photodiode	1
3071.014	0.5	3071014	trained	32740	27	memtrain/o_379_2.jpg	photodiode	1
3071.815	0.5	3071815	catch	32671	n/a	catch_padded.jpg	photodiode	0
3072.111	0.0	3072111	response	6	n/a	n/a	trigger	0
3073.925	0.5	3073925	untrained	32682	85	memtrain/o_218_1.jpg	photodiode	1
3074.717	0.5	3074717	untrained	32681	86	memtrain/o_288_1.jpg	photodiode	1
3075.468	0.5	3075468	untrained	32689	78	memtrain/o_599_1.jpg	photodiode	1
3076.219	0.5	3076219	catch	32671	n/a	catch_padded.jpg	photodiode	0
3076.578	0.0	3076578	response	6	n/a	n/a	trigger	0
3078.17	0.5	3078170	untrained	32697	70	memtrain/o_471_2.jpg	photodiode	1
3078.921	0.5	3078921	untrained	32685	82	memtrain/o_656_1.jpg	photodiode	1
3079.822	0.5	3079822	untrained	32710	57	memtrain/o_171_1.jpg	photodiode	1
3080.672	0.5	3080672	untrained	32702	65	memtrain/o_337_2.jpg	photodiode	1
3081.423	0.5	3081423	catch	32671	n/a	catch_padded.jpg	photodiode	0
3081.812	0.0	3081812	response	6	n/a	n/a	trigger	0
3083.475	0.5	3083475	trained	32756	11	memtrain/o_117_2.jpg	photodiode	1
3084.225	0.5	3084225	untrained	32677	90	memtrain/o_580_1.jpg	photodiode	1
3084.976	0.5	3084976	untrained	32679	88	memtrain/o_458_1.jpg	photodiode	1
3085.727	0.5	3085727	untrained	32709	58	memtrain/o_192_1.jpg	photodiode	1
3086.677	0.5	3086677	trained	32766	1	memtrain/o_015_1.jpg	photodiode	1
3087.628	0.5	3087628	catch	32671	n/a	catch_padded.jpg	photodiode	0
3087.933	0.0	3087933	response	6	n/a	n/a	trigger	0
3089.58	0.5	3089580	untrained	32674	93	memtrain/so_035_1.jpg	photodiode	1
3090.331	0.5	3090331	trained	32739	28	memtrain/o_397_1.jpg	photodiode	1
3091.131	0.5	3091131	trained	32746	21	memtrain/o_319_1.jpg	photodiode	1
3091.932	0.5	3091932	trained	32764	3	memtrain/o_040_2.jpg	photodiode	1
3092.833	0.5	3092833	catch	32671	n/a	catch_padded.jpg	photodiode	0
3093.245	0.0	3093245	response	6	n/a	n/a	trigger	0
3094.734	0.5	3094734	trained	32742	25	memtrain/o_358_2.jpg	photodiode	1
3095.585	0.5	3095585	trained	32753	14	memtrain/o_174_1.jpg	photodiode	1
3096.486	0.5	3096486	untrained	32673	94	memtrain/so_067_1.jpg	photodiode	1
3097.378	0.5	3097378	untrained	32707	60	memtrain/o_228_2.jpg	photodiode	1
3098.329	0.5	3098329	catch	32671	n/a	catch_padded.jpg	photodiode	0
3098.693	0.0	3098693	response	6	n/a	n/a	trigger	0
3100.431	0.5	3100431	untrained	32715	52	memtrain/o_141_1.jpg	photodiode	1
3101.281	0.5	3101281	untrained	32704	63	memtrain/o_310_2.jpg	photodiode	1
3102.141	0.5	3102141	trained	32767	0	memtrain/o_006_1.jpg	photodiode	1
3102.933	0.5	3102933	catch	32671	n/a	catch_padded.jpg	photodiode	0
3103.328	0.0	3103328	response	6	n/a	n/a	trigger	0
3104.934	0.5	3104934	untrained	32686	81	memtrain/o_655_2.jpg	photodiode	1
3105.835	0.5	3105835	trained	32723	44	memtrain/so_045_1.jpg	photodiode	1
3106.636	0.5	3106636	untrained	32691	76	memtrain/o_570_1.jpg	photodiode	1
3107.436	0.5	3107436	trained	32746	21	memtrain/o_319_1.jpg	photodiode	1
3108.187	0.5	3108187	catch	32671	n/a	catch_padded.jpg	photodiode	0
3108.554	0.0	3108554	response	6	n/a	n/a	trigger	0
3110.089	0.5	3110089	trained	32755	12	memtrain/o_127_2.jpg	photodiode	1
3110.889	0.5	3110889	trained	32741	26	memtrain/o_376_1.jpg	photodiode	1
3111.84	0.5	3111840	trained	32762	5	memtrain/o_067_1.jpg	photodiode	1
3112.641	0.5	3112641	catch	32671	n/a	catch_padded.jpg	photodiode	0
3112.999	0.0	3112999	response	6	n/a	n/a	trigger	0
3114.743	0.5	3114743	untrained	32688	79	memtrain/o_600_1.jpg	photodiode	1
3115.593	0.5	3115593	untrained	32694	73	memtrain/o_519_2.jpg	photodiode	1
3116.394	0.5	3116394	untrained	32702	65	memtrain/o_337_2.jpg	photodiode	1
3117.245	0.5	3117245	untrained	32708	59	memtrain/o_201_2.jpg	photodiode	1
3118.146	0.5	3118146	untrained	32697	70	memtrain/o_471_2.jpg	photodiode	1
3118.996	0.5	3118996	catch	32671	n/a	catch_padded.jpg	photodiode	0
3119.372	0.0	3119372	response	6	n/a	n/a	trigger	0
3120.898	0.5	3120898	trained	32744	23	memtrain/o_338_2.jpg	photodiode	1
3121.649	0.5	3121649	untrained	32695	72	memtrain/o_490_1.jpg	photodiode	1
3122.458	0.5	3122458	trained	32737	30	memtrain/o_437_2.jpg	photodiode	1
3123.3	0.5	3123300	untrained	32704	63	memtrain/o_310_2.jpg	photodiode	1
3124.251	0.5	3124251	catch	32671	n/a	catch_padded.jpg	photodiode	0
3124.545	0.0	3124545	response	6	n/a	n/a	trigger	0
3126.244	0.5	3126244	trained	32723	44	memtrain/so_045_1.jpg	photodiode	1
3127.003	0.5	3127003	untrained	32693	74	memtrain/o_550_1.jpg	photodiode	1
3127.846	0.5	3127846	trained	32733	34	memtrain/o_558_2.jpg	photodiode	1
3128.746	0.5	3128746	untrained	32690	77	memtrain/o_574_2.jpg	photodiode	1
3129.697	0.5	3129697	untrained	32678	89	memtrain/o_469_1.jpg	photodiode	1
3130.498	0.5	3130498	catch	32671	n/a	catch_padded.jpg	photodiode	0
3130.877	0.0	3130877	response	6	n/a	n/a	trigger	0
3132.458	0.5	3132458	untrained	32684	83	memtrain/so_105_1.jpg	photodiode	1
3133.35	0.5	3133350	trained	32739	28	memtrain/o_397_1.jpg	photodiode	1
3134.151	0.5	3134151	trained	32731	36	memtrain/o_583_1.jpg	photodiode	1
3135.102	0.5	3135102	catch	32671	n/a	catch_padded.jpg	photodiode	0
3135.631	0.0	3135631	response	6	n/a	n/a	trigger	0
3137.003	0.5	3137003	untrained	32675	92	memtrain/so_033_1.jpg	photodiode	1
3137.954	0.5	3137954	untrained	32681	86	memtrain/o_288_1.jpg	photodiode	1
3138.805	0.5	3138805	trained	32745	22	memtrain/o_321_1.jpg	photodiode	1
3139.606	0.5	3139606	catch	32671	n/a	catch_padded.jpg	photodiode	0
3140.03	0.0	3140030	response	6	n/a	n/a	trigger	0
3141.707	0.5	3141707	untrained	32713	54	memtrain/o_145_1.jpg	photodiode	1
3142.508	0.5	3142508	untrained	32674	93	memtrain/so_035_1.jpg	photodiode	1
3143.309	0.5	3143309	untrained	32686	81	memtrain/o_655_2.jpg	photodiode	1
3144.26	0.5	3144260	trained	32764	3	memtrain/o_040_2.jpg	photodiode	1
3145.01	0.5	3145010	catch	32671	n/a	catch_padded.jpg	photodiode	0
3145.446	0.0	3145446	response	6	n/a	n/a	trigger	0
3147.062	0.5	3147062	trained	32726	41	memtrain/o_663_2.jpg	photodiode	1
3147.963	0.5	3147963	untrained	32709	58	memtrain/o_192_1.jpg	photodiode	1
3148.914	0.5	3148914	untrained	32683	84	memtrain/so_117_2.jpg	photodiode	1
3149.814	0.5	3149814	catch	32671	n/a	catch_padded.jpg	photodiode	0
3150.156	0.0	3150156	response	6	n/a	n/a	trigger	0
3151.816	0.5	3151816	trained	32751	16	memtrain/o_199_2.jpg	photodiode	1
3152.567	0.5	3152567	trained	32738	29	memtrain/o_416_1.jpg	photodiode	1
3153.317	0.5	3153317	trained	32743	24	memtrain/o_357_1.jpg	photodiode	1
3154.068	0.5	3154068	catch	32671	n/a	catch_padded.jpg	photodiode	0
3154.567	0.0	3154567	response	6	n/a	n/a	trigger	0
3156.12	0.5	3156120	untrained	32711	56	memtrain/o_163_2.jpg	photodiode	1
3157.012	0.5	3157012	untrained	32703	64	memtrain/o_334_2.jpg	photodiode	1
3157.771	0.5	3157771	trained	32735	32	memtrain/o_485_2.jpg	photodiode	1
3158.613	0.5	3158613	trained	32728	39	memtrain/o_606_1.jpg	photodiode	1
3159.473	0.5	3159473	trained	32729	38	memtrain/o_603_1.jpg	photodiode	1
3160.215	0.5	3160215	catch	32671	n/a	catch_padded.jpg	photodiode	0
3160.626	0.0	3160626	response	6	n/a	n/a	trigger	0
3162.116	0.5	3162116	trained	32752	15	memtrain/o_195_1.jpg	photodiode	1
3163.017	0.5	3163017	trained	32750	17	memtrain/o_232_1.jpg	photodiode	1
3163.868	0.5	3163868	trained	32720	47	memtrain/so_147_2.jpg	photodiode	1
3164.768	0.5	3164768	catch	32671	n/a	catch_padded.jpg	photodiode	0
3165.466	0.0	3165466	response	6	n/a	n/a	trigger	0
3166.87	0.5	3166870	untrained	32696	71	memtrain/o_483_1.jpg	photodiode	1
3167.671	0.5	3167671	trained	32732	35	memtrain/o_561_2.jpg	photodiode	1
3168.522	0.5	3168522	trained	32757	10	memtrain/o_111_2.jpg	photodiode	1
3169.472	0.5	3169472	untrained	32719	48	memtrain/o_019_2.jpg	photodiode	1
3170.373	0.5	3170373	trained	32721	46	memtrain/so_113_1.jpg	photodiode	1
3171.174	0.5	3171174	catch	32671	n/a	catch_padded.jpg	photodiode	0
3171.491	0.0	3171491	response	6	n/a	n/a	trigger	0
3173.226	0.5	3173226	trained	32758	9	memtrain/o_101_2.jpg	photodiode	1
3174.176	0.5	3174176	untrained	32700	67	memtrain/o_378_1.jpg	photodiode	1
3174.927	0.5	3174927	trained	32736	31	memtrain/o_465_2.jpg	photodiode	1
3175.778	0.5	3175778	catch	32671	n/a	catch_padded.jpg	photodiode	0
3177.077	0.0	3177077	response	6	n/a	n/a	trigger	0
3177.679	0.5	3177679	untrained	32679	88	memtrain/o_458_1.jpg	photodiode	1
3178.48	0.5	3178480	untrained	32717	50	memtrain/o_057_2.jpg	photodiode	1
3179.231	0.5	3179231	trained	32761	6	memtrain/o_076_1.jpg	photodiode	1
3180.131	0.5	3180131	trained	32722	45	memtrain/so_090_2.jpg	photodiode	1
3180.882	0.5	3180882	untrained	32682	85	memtrain/o_218_1.jpg	photodiode	1
3181.683	0.5	3181683	catch	32671	n/a	catch_padded.jpg	photodiode	0
3182.07	0.0	3182070	response	6	n/a	n/a	trigger	0
3183.684	0.5	3183684	trained	32765	2	memtrain/o_035_1.jpg	photodiode	1
3184.485	0.5	3184485	untrained	32673	94	memtrain/so_067_1.jpg	photodiode	1
3185.286	0.5	3185286	trained	32747	20	memtrain/o_290_1.jpg	photodiode	1
3186.178	0.5	3186178	untrained	32701	66	memtrain/o_342_2.jpg	photodiode	1
3186.929	0.5	3186929	trained	32767	0	memtrain/o_006_1.jpg	photodiode	1
3187.83	0.5	3187830	catch	32671	n/a	catch_padded.jpg	photodiode	0
3188.092	0.0	3188092	response	6	n/a	n/a	trigger	0
3189.832	0.5	3189832	trained	32748	19	memtrain/o_284_2.jpg	photodiode	1
3190.782	0.5	3190782	untrained	32672	95	memtrain/so_125_1.jpg	photodiode	1
3191.583	0.5	3191583	trained	32766	1	memtrain/o_015_1.jpg	photodiode	1
3192.384	0.5	3192384	untrained	32714	53	memtrain/o_142_2.jpg	photodiode	1
3193.234	0.5	3193234	untrained	32698	69	memtrain/o_464_2.jpg	photodiode	1
3194.185	0.5	3194185	catch	32671	n/a	catch_padded.jpg	photodiode	0
3194.491	0.0	3194491	response	6	n/a	n/a	trigger	0
3196.237	0.5	3196237	untrained	32710	57	memtrain/o_171_1.jpg	photodiode	1
3197.088	0.5	3197088	untrained	32687	80	memtrain/o_613_1.jpg	photodiode	1
3197.947	0.5	3197947	trained	32763	4	memtrain/o_042_1.jpg	photodiode	1
3198.689	0.5	3198689	untrained	32707	60	memtrain/o_228_2.jpg	photodiode	1
3199.64	0.5	3199640	trained	32742	25	memtrain/o_358_2.jpg	photodiode	1
3200.541	0.5	3200541	catch	32671	n/a	catch_padded.jpg	photodiode	0
3200.909	0.0	3200909	response	6	n/a	n/a	trigger	0
3202.592	0.5	3202592	untrained	32718	49	memtrain/o_054_2.jpg	photodiode	1
3203.543	0.5	3203543	untrained	32712	55	memtrain/o_153_2.jpg	photodiode	1
3204.294	0.5	3204294	untrained	32677	90	memtrain/o_580_1.jpg	photodiode	1
3205.145	0.5	3205145	trained	32759	8	memtrain/o_094_1.jpg	photodiode	1
3206.095	0.5	3206095	catch	32671	n/a	catch_padded.jpg	photodiode	0
3206.33	0.0	3206330	response	6	n/a	n/a	trigger	0
3208.097	0.5	3208097	trained	32749	18	memtrain/o_264_2.jpg	photodiode	1
3208.898	0.5	3208898	untrained	32676	91	memtrain/o_605_1.jpg	photodiode	1
3209.698	0.5	3209698	trained	32725	42	memtrain/so_034_2.jpg	photodiode	1
3210.649	0.5	3210649	trained	32734	33	memtrain/o_536_1.jpg	photodiode	1
3211.6	0.5	3211600	trained	32760	7	memtrain/o_091_2.jpg	photodiode	1
3212.451	0.5	3212451	catch	32671	n/a	catch_padded.jpg	photodiode	0
3212.787	0.0	3212787	response	6	n/a	n/a	trigger	0
3214.352	0.5	3214352	untrained	32716	51	memtrain/o_103_2.jpg	photodiode	1
3215.295	0.5	3215295	untrained	32699	68	memtrain/o_393_1.jpg	photodiode	1
3216.195	0.5	3216195	trained	32730	37	memtrain/o_597_1.jpg	photodiode	1
3217.146	0.5	3217146	untrained	32705	62	memtrain/o_304_1.jpg	photodiode	1
3217.947	0.5	3217947	untrained	32692	75	memtrain/o_564_1.jpg	photodiode	1
3218.798	0.5	3218798	catch	32671	n/a	catch_padded.jpg	photodiode	0
3219.063	0.0	3219063	response	6	n/a	n/a	trigger	0
3220.849	0.5	3220849	trained	32740	27	memtrain/o_379_2.jpg	photodiode	1
3221.6	0.5	3221600	untrained	32715	52	memtrain/o_141_1.jpg	photodiode	1
3222.351	0.5	3222351	trained	32756	11	memtrain/o_117_2.jpg	photodiode	1
3223.101	0.5	3223101	trained	32724	43	memtrain/so_043_2.jpg	photodiode	1
3224.002	0.5	3224002	catch	32671	n/a	catch_padded.jpg	photodiode	0
3224.37	0.0	3224370	response	6	n/a	n/a	trigger	0
3226.054	0.5	3226054	trained	32727	40	memtrain/o_648_2.jpg	photodiode	1
3226.804	0.5	3226804	untrained	32685	82	memtrain/o_656_1.jpg	photodiode	1
3227.705	0.5	3227705	trained	32753	14	memtrain/o_174_1.jpg	photodiode	1
3228.656	0.5	3228656	catch	32671	n/a	catch_padded.jpg	photodiode	0
3229.085	0.0	3229085	response	6	n/a	n/a	trigger	0
3230.558	0.5	3230558	trained	32754	13	memtrain/o_136_1.jpg	photodiode	1
3231.458	0.5	3231458	untrained	32689	78	memtrain/o_599_1.jpg	photodiode	1
3232.409	0.5	3232409	untrained	32680	87	memtrain/o_365_1.jpg	photodiode	1
3233.36	0.5	3233360	untrained	32706	61	memtrain/o_298_2.jpg	photodiode	1
3234.161	0.5	3234161	catch	32671	n/a	catch_padded.jpg	photodiode	0
3234.534	0.0	3234534	response	6	n/a	n/a	trigger	0
3240.634	0.0	3240634	block_end	120	n/a	n/a	trigger	0
3326.58	0.0	3326580	response	6	n/a	n/a	trigger	0
3326.59	0.0	3326590	block_onset	111	n/a	n/a	trigger	0
3328.649	0.5	3328649	untrained	32712	55	memtrain/o_153_2.jpg	photodiode	1
3329.6	0.5	3329600	trained	32766	1	memtrain/o_015_1.jpg	photodiode	1
3330.401	0.5	3330401	trained	32758	9	memtrain/o_101_2.jpg	photodiode	1
3331.302	0.5	3331302	trained	32730	37	memtrain/o_597_1.jpg	photodiode	1
3332.052	0.5	3332052	catch	32671	n/a	catch_padded.jpg	photodiode	0
3332.357	0.0	3332357	response	6	n/a	n/a	trigger	0
3334.104	0.5	3334104	untrained	32678	89	memtrain/o_469_1.jpg	photodiode	1
3335.046	0.5	3335046	trained	32745	22	memtrain/o_321_1.jpg	photodiode	1
3336.006	0.5	3336006	untrained	32698	69	memtrain/o_464_2.jpg	photodiode	1
3336.748	0.5	3336748	catch	32671	n/a	catch_padded.jpg	photodiode	0
3337.124	0.0	3337124	response	6	n/a	n/a	trigger	0
3338.658	0.5	3338658	untrained	32701	66	memtrain/o_342_2.jpg	photodiode	1
3339.4	0.5	3339400	untrained	32700	67	memtrain/o_378_1.jpg	photodiode	1
3340.351	0.5	3340351	untrained	32680	87	memtrain/o_365_1.jpg	photodiode	1
3341.251	0.5	3341251	catch	32671	n/a	catch_padded.jpg	photodiode	0
3341.617	0.0	3341617	response	6	n/a	n/a	trigger	0
3343.253	0.5	3343253	trained	32734	33	memtrain/o_536_1.jpg	photodiode	1
3344.204	0.5	3344204	untrained	32714	53	memtrain/o_142_2.jpg	photodiode	1
3345.155	0.5	3345155	untrained	32690	77	memtrain/o_574_2.jpg	photodiode	1
3345.964	0.5	3345964	catch	32671	n/a	catch_padded.jpg	photodiode	0
3346.281	0.0	3346281	response	6	n/a	n/a	trigger	0
3348.057	0.5	3348057	trained	32735	32	memtrain/o_485_2.jpg	photodiode	1
3348.958	0.5	3348958	trained	32756	11	memtrain/o_117_2.jpg	photodiode	1
3349.809	0.5	3349809	trained	32723	44	memtrain/so_045_1.jpg	photodiode	1
3350.559	0.5	3350559	catch	32671	n/a	catch_padded.jpg	photodiode	0
3350.833	0.0	3350833	response	6	n/a	n/a	trigger	0
3352.511	0.5	3352511	untrained	32716	51	memtrain/o_103_2.jpg	photodiode	1
3353.462	0.5	3353462	untrained	32693	74	memtrain/o_550_1.jpg	photodiode	1
3354.212	0.5	3354212	trained	32741	26	memtrain/o_376_1.jpg	photodiode	1
3355.013	0.5	3355013	catch	32671	n/a	catch_padded.jpg	photodiode	0
3355.308	0.0	3355308	response	6	n/a	n/a	trigger	0
3356.915	0.5	3356915	untrained	32719	48	memtrain/o_019_2.jpg	photodiode	1
3357.715	0.5	3357715	trained	32728	39	memtrain/o_606_1.jpg	photodiode	1
3358.616	0.5	3358616	untrained	32704	63	memtrain/o_310_2.jpg	photodiode	1
3359.417	0.5	3359417	untrained	32702	65	memtrain/o_337_2.jpg	photodiode	1
3360.167	0.5	3360167	catch	32671	n/a	catch_padded.jpg	photodiode	0
3360.46	0.0	3360460	response	6	n/a	n/a	trigger	0
3362.161	0.5	3362161	untrained	32695	72	memtrain/o_490_1.jpg	photodiode	1
3362.962	0.5	3362962	trained	32751	16	memtrain/o_199_2.jpg	photodiode	1
3363.82	0.5	3363820	trained	32761	6	memtrain/o_076_1.jpg	photodiode	1
3364.671	0.5	3364671	trained	32762	5	memtrain/o_067_1.jpg	photodiode	1
3365.522	0.5	3365522	catch	32671	n/a	catch_padded.jpg	photodiode	0
3365.759	0.0	3365759	response	6	n/a	n/a	trigger	0
3367.616	0.5	3367616	untrained	32679	88	memtrain/o_458_1.jpg	photodiode	1
3368.516	0.5	3368516	trained	32743	24	memtrain/o_357_1.jpg	photodiode	1
3369.467	0.5	3369467	trained	32754	13	memtrain/o_136_1.jpg	photodiode	1
3370.218	0.5	3370218	trained	32733	34	memtrain/o_558_2.jpg	photodiode	1
3371.169	0.5	3371169	trained	32736	31	memtrain/o_465_2.jpg	photodiode	1
3372.019	0.5	3372019	catch	32671	n/a	catch_padded.jpg	photodiode	0
3372.324	0.0	3372324	response	6	n/a	n/a	trigger	0
3374.121	0.5	3374121	untrained	32681	86	memtrain/o_288_1.jpg	photodiode	1
3375.072	0.5	3375072	trained	32726	41	memtrain/o_663_2.jpg	photodiode	1
3375.873	0.5	3375873	untrained	32707	60	memtrain/o_228_2.jpg	photodiode	1
3376.623	0.5	3376623	untrained	32692	75	memtrain/o_564_1.jpg	photodiode	1
3377.474	0.5	3377474	catch	32671	n/a	catch_padded.jpg	photodiode	0
3377.738	0.0	3377738	response	6	n/a	n/a	trigger	0
3379.526	0.5	3379526	untrained	32684	83	memtrain/so_105_1.jpg	photodiode	1
3380.427	0.5	3380427	trained	32753	14	memtrain/o_174_1.jpg	photodiode	1
3381.327	0.5	3381327	untrained	32713	54	memtrain/o_145_1.jpg	photodiode	1
3382.278	0.5	3382278	catch	32671	n/a	catch_padded.jpg	photodiode	0
3382.585	0.0	3382585	response	6	n/a	n/a	trigger	0
3384.18	0.5	3384180	trained	32737	30	memtrain/o_437_2.jpg	photodiode	1
3384.98	0.5	3384980	untrained	32715	52	memtrain/o_141_1.jpg	photodiode	1
3385.731	0.5	3385731	untrained	32697	70	memtrain/o_471_2.jpg	photodiode	1
3386.482	0.5	3386482	trained	32742	25	memtrain/o_358_2.jpg	photodiode	1
3387.332	0.5	3387332	trained	32752	15	memtrain/o_195_1.jpg	photodiode	1
3388.083	0.5	3388083	catch	32671	n/a	catch_padded.jpg	photodiode	0
3388.408	0.0	3388408	response	6	n/a	n/a	trigger	0
3389.985	0.5	3389985	untrained	32696	71	memtrain/o_483_1.jpg	photodiode	1
3390.727	0.5	3390727	untrained	32688	79	memtrain/o_600_1.jpg	photodiode	1
3391.477	0.5	3391477	trained	32747	20	memtrain/o_290_1.jpg	photodiode	1
3392.237	0.5	3392237	untrained	32674	93	memtrain/so_035_1.jpg	photodiode	1
3393.187	0.5	3393187	catch	32671	n/a	catch_padded.jpg	photodiode	0
3393.503	0.0	3393503	response	6	n/a	n/a	trigger	0
3395.08	0.5	3395080	trained	32727	40	memtrain/o_648_2.jpg	photodiode	1
3395.981	0.5	3395981	trained	32724	43	memtrain/so_043_2.jpg	photodiode	1
3396.782	0.5	3396782	untrained	32686	81	memtrain/o_655_2.jpg	photodiode	1
3397.633	0.5	3397633	untrained	32699	68	memtrain/o_393_1.jpg	photodiode	1
3398.492	0.5	3398492	untrained	32689	78	memtrain/o_599_1.jpg	photodiode	1
3399.234	0.5	3399234	catch	32671	n/a	catch_padded.jpg	photodiode	0
3399.553	0.0	3399553	response	6	n/a	n/a	trigger	0
3401.186	0.5	3401186	trained	32722	45	memtrain/so_090_2.jpg	photodiode	1
3402.036	0.5	3402036	trained	32763	4	memtrain/o_042_1.jpg	photodiode	1
3402.937	0.5	3402937	untrained	32706	61	memtrain/o_298_2.jpg	photodiode	1
3403.788	0.5	3403788	trained	32725	42	memtrain/so_034_2.jpg	photodiode	1
3404.688	0.5	3404688	catch	32671	n/a	catch_padded.jpg	photodiode	0
3405.059	0.0	3405059	response	6	n/a	n/a	trigger	0
3406.799	0.5	3406799	untrained	32708	59	memtrain/o_201_2.jpg	photodiode	1
3407.691	0.5	3407691	untrained	32676	91	memtrain/o_605_1.jpg	photodiode	1
3408.442	0.5	3408442	untrained	32711	56	memtrain/o_163_2.jpg	photodiode	1
3409.292	0.5	3409292	trained	32721	46	memtrain/so_113_1.jpg	photodiode	1
3410.143	0.5	3410143	catch	32671	n/a	catch_padded.jpg	photodiode	0
3410.45	0.0	3410450	response	6	n/a	n/a	trigger	0
3412.095	0.5	3412095	trained	32755	12	memtrain/o_127_2.jpg	photodiode	1
3413.046	0.5	3413046	trained	32731	36	memtrain/o_583_1.jpg	photodiode	1
3413.846	0.5	3413846	untrained	32682	85	memtrain/o_218_1.jpg	photodiode	1
3414.747	0.5	3414747	trained	32744	23	memtrain/o_338_2.jpg	photodiode	1
3415.548	0.5	3415548	trained	32738	29	memtrain/o_416_1.jpg	photodiode	1
3416.448	0.5	3416448	catch	32671	n/a	catch_padded.jpg	photodiode	0
3416.751	0.0	3416751	response	6	n/a	n/a	trigger	0
3418.4	0.5	3418400	trained	32760	7	memtrain/o_091_2.jpg	photodiode	1
3419.201	0.5	3419201	untrained	32710	57	memtrain/o_171_1.jpg	photodiode	1
3420.001	0.5	3420001	trained	32767	0	memtrain/o_006_1.jpg	photodiode	1
3420.852	0.5	3420852	trained	32746	21	memtrain/o_319_1.jpg	photodiode	1
3421.703	0.5	3421703	untrained	32694	73	memtrain/o_519_2.jpg	photodiode	1
3422.604	0.5	3422604	catch	32671	n/a	catch_padded.jpg	photodiode	0
3422.918	0.0	3422918	response	6	n/a	n/a	trigger	0
3424.647	0.5	3424647	untrained	32683	84	memtrain/so_117_2.jpg	photodiode	1
3425.448	0.5	3425448	trained	32720	47	memtrain/so_147_2.jpg	photodiode	1
3426.349	0.5	3426349	trained	32732	35	memtrain/o_561_2.jpg	photodiode	1
3427.199	0.5	3427199	catch	32671	n/a	catch_padded.jpg	photodiode	0
3427.625	0.0	3427625	response	6	n/a	n/a	trigger	0
3429.151	0.5	3429151	trained	32740	27	memtrain/o_379_2.jpg	photodiode	1
3429.902	0.5	3429902	trained	32757	10	memtrain/o_111_2.jpg	photodiode	1
3430.753	0.5	3430753	trained	32750	17	memtrain/o_232_1.jpg	photodiode	1
3431.603	0.5	3431603	untrained	32672	95	memtrain/so_125_1.jpg	photodiode	1
3432.354	0.5	3432354	untrained	32685	82	memtrain/o_656_1.jpg	photodiode	1
3433.305	0.5	3433305	catch	32671	n/a	catch_padded.jpg	photodiode	0
3433.59	0.0	3433590	response	6	n/a	n/a	trigger	0
3435.356	0.5	3435356	trained	32748	19	memtrain/o_284_2.jpg	photodiode	1
3436.207	0.5	3436207	untrained	32709	58	memtrain/o_192_1.jpg	photodiode	1
3437.058	0.5	3437058	trained	32759	8	memtrain/o_094_1.jpg	photodiode	1
3438.009	0.5	3438009	catch	32671	n/a	catch_padded.jpg	photodiode	0
3438.349	0.0	3438349	response	6	n/a	n/a	trigger	0
3439.96	0.5	3439960	untrained	32717	50	memtrain/o_057_2.jpg	photodiode	1
3440.811	0.5	3440811	untrained	32703	64	memtrain/o_334_2.jpg	photodiode	1
3441.562	0.5	3441562	untrained	32718	49	memtrain/o_054_2.jpg	photodiode	1
3442.362	0.5	3442362	catch	32671	n/a	catch_padded.jpg	photodiode	0
3442.705	0.0	3442705	response	6	n/a	n/a	trigger	0
3444.264	0.5	3444264	trained	32739	28	memtrain/o_397_1.jpg	photodiode	1
3445.215	0.5	3445215	untrained	32673	94	memtrain/so_067_1.jpg	photodiode	1
3446.065	0.5	3446065	trained	32729	38	memtrain/o_603_1.jpg	photodiode	1
3446.816	0.5	3446816	untrained	32691	76	memtrain/o_570_1.jpg	photodiode	1
3447.667	0.5	3447667	catch	32671	n/a	catch_padded.jpg	photodiode	0
3447.975	0.0	3447975	response	6	n/a	n/a	trigger	0
3449.568	0.5	3449568	trained	32765	2	memtrain/o_035_1.jpg	photodiode	1
3450.519	0.5	3450519	untrained	32675	92	memtrain/so_033_1.jpg	photodiode	1
3451.42	0.5	3451420	trained	32764	3	memtrain/o_040_2.jpg	photodiode	1
3452.271	0.5	3452271	untrained	32677	90	memtrain/o_580_1.jpg	photodiode	1
3453.172	0.5	3453172	untrained	32687	80	memtrain/o_613_1.jpg	photodiode	1
3454.014	0.5	3454014	catch	32671	n/a	catch_padded.jpg	photodiode	0
3454.294	0.0	3454294	response	6	n/a	n/a	trigger	0
3455.965	0.5	3455965	untrained	32705	62	memtrain/o_304_1.jpg	photodiode	1
3456.775	0.5	3456775	trained	32749	18	memtrain/o_264_2.jpg	photodiode	1
3457.717	0.5	3457717	trained	32757	10	memtrain/o_111_2.jpg	photodiode	1
3458.517	0.5	3458517	untrained	32687	80	memtrain/o_613_1.jpg	photodiode	1
3459.468	0.5	3459468	trained	32738	29	memtrain/o_416_1.jpg	photodiode	1
3460.369	0.5	3460369	catch	32671	n/a	catch_padded.jpg	photodiode	0
3460.699	0.0	3460699	response	6	n/a	n/a	trigger	0
3462.371	0.5	3462371	trained	32725	42	memtrain/so_034_2.jpg	photodiode	1
3463.271	0.5	3463271	untrained	32706	61	memtrain/o_298_2.jpg	photodiode	1
3464.222	0.5	3464222	untrained	32719	48	memtrain/o_019_2.jpg	photodiode	1
3464.973	0.5	3464973	catch	32671	n/a	catch_padded.jpg	photodiode	0
3465.352	0.0	3465352	response	6	n/a	n/a	trigger	0
3467.075	0.5	3467075	untrained	32701	66	memtrain/o_342_2.jpg	photodiode	1
3467.975	0.5	3467975	trained	32767	0	memtrain/o_006_1.jpg	photodiode	1
3468.926	0.5	3468926	trained	32753	14	memtrain/o_174_1.jpg	photodiode	1
3469.827	0.5	3469827	catch	32671	n/a	catch_padded.jpg	photodiode	0
3470.282	0.0	3470282	response	6	n/a	n/a	trigger	0
3471.779	0.5	3471779	trained	32748	19	memtrain/o_284_2.jpg	photodiode	1
3472.679	0.5	3472679	trained	32742	25	memtrain/o_358_2.jpg	photodiode	1
3473.43	0.5	3473430	untrained	32702	65	memtrain/o_337_2.jpg	photodiode	1
3474.381	0.5	3474381	trained	32761	6	memtrain/o_076_1.jpg	photodiode	1
3475.282	0.5	3475282	catch	32671	n/a	catch_padded.jpg	photodiode	0
3475.549	0.0	3475549	response	6	n/a	n/a	trigger	0
3477.283	0.5	3477283	untrained	32678	89	memtrain/o_469_1.jpg	photodiode	1
3478.234	0.5	3478234	trained	32727	40	memtrain/o_648_2.jpg	photodiode	1
3478.985	0.5	3478985	untrained	32699	68	memtrain/o_393_1.jpg	photodiode	1
3479.785	0.5	3479785	untrained	32691	76	memtrain/o_570_1.jpg	photodiode	1
3480.536	0.5	3480536	trained	32763	4	memtrain/o_042_1.jpg	photodiode	1
3481.287	0.5	3481287	catch	32671	n/a	catch_padded.jpg	photodiode	0
3481.637	0.0	3481637	response	6	n/a	n/a	trigger	0
3483.33	0.5	3483330	trained	32743	24	memtrain/o_357_1.jpg	photodiode	1
3484.181	0.5	3484181	trained	32729	38	memtrain/o_603_1.jpg	photodiode	1
3485.032	0.5	3485032	untrained	32676	91	memtrain/o_605_1.jpg	photodiode	1
3485.983	0.5	3485983	catch	32671	n/a	catch_padded.jpg	photodiode	0
3486.351	0.0	3486351	response	6	n/a	n/a	trigger	0
3488.084	0.5	3488084	trained	32762	5	memtrain/o_067_1.jpg	photodiode	1
3488.985	0.5	3488985	trained	32740	27	memtrain/o_379_2.jpg	photodiode	1
3489.786	0.5	3489786	untrained	32684	83	memtrain/so_105_1.jpg	photodiode	1
3490.587	0.5	3490587	trained	32730	37	memtrain/o_597_1.jpg	photodiode	1
3491.537	0.5	3491537	untrained	32697	70	memtrain/o_471_2.jpg	photodiode	1
3492.388	0.5	3492388	catch	32671	n/a	catch_padded.jpg	photodiode	0
3492.709	0.0	3492709	response	6	n/a	n/a	trigger	0
3494.29	0.5	3494290	untrained	32677	90	memtrain/o_580_1.jpg	photodiode	1
3495.09	0.5	3495090	trained	32724	43	memtrain/so_043_2.jpg	photodiode	1
3495.941	0.5	3495941	untrained	32689	78	memtrain/o_599_1.jpg	photodiode	1
3496.892	0.5	3496892	untrained	32681	86	memtrain/o_288_1.jpg	photodiode	1
3497.693	0.5	3497693	catch	32671	n/a	catch_padded.jpg	photodiode	0
3498.08	0.0	3498080	response	6	n/a	n/a	trigger	0
3499.694	0.5	3499694	untrained	32717	50	memtrain/o_057_2.jpg	photodiode	1
3500.595	0.5	3500595	untrained	32696	71	memtrain/o_483_1.jpg	photodiode	1
3501.396	0.5	3501396	trained	32737	30	memtrain/o_437_2.jpg	photodiode	1
3502.196	0.5	3502196	trained	32722	45	memtrain/so_090_2.jpg	photodiode	1
3503.097	0.5	3503097	catch	32671	n/a	catch_padded.jpg	photodiode	0
3503.431	0.0	3503431	response	6	n/a	n/a	trigger	0
3505.199	0.5	3505199	trained	32726	41	memtrain/o_663_2.jpg	photodiode	1
3506.15	0.5	3506150	untrained	32675	92	memtrain/so_033_1.jpg	photodiode	1
3506.9	0.5	3506900	trained	32747	20	memtrain/o_290_1.jpg	photodiode	1
3507.801	0.5	3507801	untrained	32693	74	memtrain/o_550_1.jpg	photodiode	1
3508.652	0.5	3508652	catch	32671	n/a	catch_padded.jpg	photodiode	0
3509.022	0.0	3509022	response	6	n/a	n/a	trigger	0
3510.545	0.5	3510545	trained	32734	33	memtrain/o_536_1.jpg	photodiode	1
3511.404	0.5	3511404	trained	32723	44	memtrain/so_045_1.jpg	photodiode	1
3512.296	0.5	3512296	untrained	32709	58	memtrain/o_192_1.jpg	photodiode	1
3513.147	0.5	3513147	untrained	32692	75	memtrain/o_564_1.jpg	photodiode	1
3514.098	0.5	3514098	untrained	32698	69	memtrain/o_464_2.jpg	photodiode	1
3514.949	0.5	3514949	catch	32671	n/a	catch_padded.jpg	photodiode	0
3515.286	0.0	3515286	response	6	n/a	n/a	trigger	0
3516.9	0.5	3516900	untrained	32718	49	memtrain/o_054_2.jpg	photodiode	1
3517.651	0.5	3517651	untrained	32713	54	memtrain/o_145_1.jpg	photodiode	1
3518.402	0.5	3518402	untrained	32714	53	memtrain/o_142_2.jpg	photodiode	1
3519.252	0.5	3519252	catch	32671	n/a	catch_padded.jpg	photodiode	0
3519.699	0.0	3519699	response	6	n/a	n/a	trigger	0
3521.204	0.5	3521204	trained	32731	36	memtrain/o_583_1.jpg	photodiode	1
3522.005	0.5	3522005	untrained	32673	94	memtrain/so_067_1.jpg	photodiode	1
3522.755	0.5	3522755	trained	32735	32	memtrain/o_485_2.jpg	photodiode	1
3523.506	0.5	3523506	trained	32756	11	memtrain/o_117_2.jpg	photodiode	1
3524.357	0.5	3524357	trained	32736	31	memtrain/o_465_2.jpg	photodiode	1
3525.207	0.5	3525207	catch	32671	n/a	catch_padded.jpg	photodiode	0
3525.546	0.0	3525546	response	6	n/a	n/a	trigger	0
3527.209	0.5	3527209	untrained	32682	85	memtrain/o_218_1.jpg	photodiode	1
3528.01	0.5	3528010	untrained	32695	72	memtrain/o_490_1.jpg	photodiode	1
3528.81	0.5	3528810	trained	32755	12	memtrain/o_127_2.jpg	photodiode	1
3529.611	0.5	3529611	untrained	32710	57	memtrain/o_171_1.jpg	photodiode	1
3530.562	0.5	3530562	untrained	32712	55	memtrain/o_153_2.jpg	photodiode	1
3531.463	0.5	3531463	catch	32671	n/a	catch_padded.jpg	photodiode	0
3531.755	0.0	3531755	response	6	n/a	n/a	trigger	0
3533.514	0.5	3533514	untrained	32690	77	memtrain/o_574_2.jpg	photodiode	1
3534.465	0.5	3534465	untrained	32708	59	memtrain/o_201_2.jpg	photodiode	1
3535.266	0.5	3535266	trained	32721	46	memtrain/so_113_1.jpg	photodiode	1
3536.117	0.5	3536117	untrained	32711	56	memtrain/o_163_2.jpg	photodiode	1
3536.867	0.5	3536867	untrained	32716	51	memtrain/o_103_2.jpg	photodiode	1
3537.818	0.5	3537818	catch	32671	n/a	catch_padded.jpg	photodiode	0
3538.154	0.0	3538154	response	6	n/a	n/a	trigger	0
3539.912	0.5	3539912	trained	32752	15	memtrain/o_195_1.jpg	photodiode	1
3540.863	0.5	3540863	trained	32733	34	memtrain/o_558_2.jpg	photodiode	1
3541.763	0.5	3541763	untrained	32683	84	memtrain/so_117_2.jpg	photodiode	1
3542.514	0.5	3542514	trained	32744	23	memtrain/o_338_2.jpg	photodiode	1
3543.265	0.5	3543265	catch	32671	n/a	catch_padded.jpg	photodiode	0
3543.748	0.0	3543748	response	6	n/a	n/a	trigger	0
3545.366	0.5	3545366	trained	32746	21	memtrain/o_319_1.jpg	photodiode	1
3546.267	0.5	3546267	untrained	32703	64	memtrain/o_334_2.jpg	photodiode	1
3547.118	0.5	3547118	untrained	32679	88	memtrain/o_458_1.jpg	photodiode	1
3548.019	0.5	3548019	trained	32741	26	memtrain/o_376_1.jpg	photodiode	1
3548.819	0.5	3548819	untrained	32685	82	memtrain/o_656_1.jpg	photodiode	1
3549.72	0.5	3549720	catch	32671	n/a	catch_padded.jpg	photodiode	0
3549.985	0.0	3549985	response	6	n/a	n/a	trigger	0
3551.822	0.5	3551822	untrained	32680	87	memtrain/o_365_1.jpg	photodiode	1
3552.622	0.5	3552622	trained	32760	7	memtrain/o_091_2.jpg	photodiode	1
3553.473	0.5	3553473	trained	32750	17	memtrain/o_232_1.jpg	photodiode	1
3554.274	0.5	3554274	catch	32671	n/a	catch_padded.jpg	photodiode	0
3554.76	0.0	3554760	response	6	n/a	n/a	trigger	0
3556.326	0.5	3556326	trained	32764	3	memtrain/o_040_2.jpg	photodiode	1
3557.276	0.5	3557276	trained	32745	22	memtrain/o_321_1.jpg	photodiode	1
3558.027	0.5	3558027	trained	32751	16	memtrain/o_199_2.jpg	photodiode	1
3558.928	0.5	3558928	untrained	32672	95	memtrain/so_125_1.jpg	photodiode	1
3559.729	0.5	3559729	catch	32671	n/a	catch_padded.jpg	photodiode	0
3560.096	0.0	3560096	response	6	n/a	n/a	trigger	0
3561.68	0.5	3561680	trained	32739	28	memtrain/o_397_1.jpg	photodiode	1
3562.431	0.5	3562431	trained	32754	13	memtrain/o_136_1.jpg	photodiode	1
3563.332	0.5	3563332	untrained	32705	62	memtrain/o_304_1.jpg	photodiode	1
3564.132	0.5	3564132	untrained	32694	73	memtrain/o_519_2.jpg	photodiode	1
3565.033	0.5	3565033	untrained	32707	60	memtrain/o_228_2.jpg	photodiode	1
3565.784	0.5	3565784	catch	32671	n/a	catch_padded.jpg	photodiode	0
3566.04	0.0	3566040	response	6	n/a	n/a	trigger	0
3567.885	0.5	3567885	untrained	32715	52	memtrain/o_141_1.jpg	photodiode	1
3568.778	0.5	3568778	trained	32728	39	memtrain/o_606_1.jpg	photodiode	1
3569.728	0.5	3569728	trained	32765	2	memtrain/o_035_1.jpg	photodiode	1
3570.679	0.5	3570679	untrained	32704	63	memtrain/o_310_2.jpg	photodiode	1
3571.58	0.5	3571580	catch	32671	n/a	catch_padded.jpg	photodiode	0
3571.959	0.0	3571959	response	6	n/a	n/a	trigger	0
3573.532	0.5	3573532	untrained	32700	67	memtrain/o_378_1.jpg	photodiode	1
3574.482	0.5	3574482	trained	32732	35	memtrain/o_561_2.jpg	photodiode	1
3575.383	0.5	3575383	untrained	32688	79	memtrain/o_600_1.jpg	photodiode	1
3576.334	0.5	3576334	catch	32671	n/a	catch_padded.jpg	photodiode	0
3576.726	0.0	3576726	response	6	n/a	n/a	trigger	0
3578.244	0.5	3578244	untrained	32686	81	memtrain/o_655_2.jpg	photodiode	1
3579.136	0.5	3579136	trained	32758	9	memtrain/o_101_2.jpg	photodiode	1
3579.937	0.5	3579937	trained	32749	18	memtrain/o_264_2.jpg	photodiode	1
3580.788	0.5	3580788	catch	32671	n/a	catch_padded.jpg	photodiode	0
3581.21	0.0	3581210	response	6	n/a	n/a	trigger	0
3582.689	0.5	3582689	untrained	32674	93	memtrain/so_035_1.jpg	photodiode	1
3583.54	0.5	3583540	trained	32759	8	memtrain/o_094_1.jpg	photodiode	1
3584.441	0.5	3584441	trained	32766	1	memtrain/o_015_1.jpg	photodiode	1
3585.242	0.5	3585242	trained	32720	47	memtrain/so_147_2.jpg	photodiode	1
3585.992	0.5	3585992	catch	32671	n/a	catch_padded.jpg	photodiode	0
3586.405	0.0	3586405	response	6	n/a	n/a	trigger	0
3592.465	0.0	3592465	block_end	120	n/a	n/a	trigger	0
3647.342	0.0	3647342	response	6	n/a	n/a	trigger	0
3647.345	0.0	3647345	block_onset	112	n/a	n/a	trigger	0
3649.396	0.5	3649396	untrained	32696	71	memtrain/o_483_1.jpg	photodiode	1
3650.155	0.5	3650155	untrained	32674	93	memtrain/so_035_1.jpg	photodiode	1
3651.056	0.5	3651056	trained	32757	10	memtrain/o_111_2.jpg	photodiode	1
3652.007	0.5	3652007	untrained	32701	66	memtrain/o_342_2.jpg	photodiode	1
3652.908	0.5	3652908	untrained	32678	89	memtrain/o_469_1.jpg	photodiode	1
3653.858	0.5	3653858	catch	32671	n/a	catch_padded.jpg	photodiode	0
3654.193	0.0	3654193	response	6	n/a	n/a	trigger	0
3655.952	0.5	3655952	trained	32722	45	memtrain/so_090_2.jpg	photodiode	1
3656.802	0.5	3656802	untrained	32679	88	memtrain/o_458_1.jpg	photodiode	1
3657.603	0.5	3657603	trained	32723	44	memtrain/so_045_1.jpg	photodiode	1
3658.554	0.5	3658554	catch	32671	n/a	catch_padded.jpg	photodiode	0
3659.032	0.0	3659032	response	6	n/a	n/a	trigger	0
3660.655	0.5	3660655	trained	32741	26	memtrain/o_376_1.jpg	photodiode	1
3661.606	0.5	3661606	trained	32746	21	memtrain/o_319_1.jpg	photodiode	1
3662.557	0.5	3662557	untrained	32706	61	memtrain/o_298_2.jpg	photodiode	1
3663.458	0.5	3663458	untrained	32675	92	memtrain/so_033_1.jpg	photodiode	1
3664.359	0.5	3664359	catch	32671	n/a	catch_padded.jpg	photodiode	0
3664.717	0.0	3664717	response	6	n/a	n/a	trigger	0
3666.31	0.5	3666310	trained	32744	23	memtrain/o_338_2.jpg	photodiode	1
3667.061	0.5	3667061	trained	32728	39	memtrain/o_606_1.jpg	photodiode	1
3667.962	0.5	3667962	trained	32735	32	memtrain/o_485_2.jpg	photodiode	1
3668.812	0.5	3668812	trained	32753	14	memtrain/o_174_1.jpg	photodiode	1
3669.613	0.5	3669613	untrained	32695	72	memtrain/o_490_1.jpg	photodiode	1
3670.464	0.5	3670464	catch	32671	n/a	catch_padded.jpg	photodiode	0
3670.792	0.0	3670792	response	6	n/a	n/a	trigger	0
3672.415	0.5	3672415	untrained	32718	49	memtrain/o_054_2.jpg	photodiode	1
3673.366	0.5	3673366	untrained	32673	94	memtrain/so_067_1.jpg	photodiode	1
3674.217	0.5	3674217	untrained	32700	67	memtrain/o_378_1.jpg	photodiode	1
3675.018	0.5	3675018	catch	32671	n/a	catch_padded.jpg	photodiode	0
3675.406	0.0	3675406	response	6	n/a	n/a	trigger	0
3677.119	0.5	3677119	untrained	32708	59	memtrain/o_201_2.jpg	photodiode	1
3677.87	0.5	3677870	trained	32740	27	memtrain/o_379_2.jpg	photodiode	1
3678.721	0.5	3678721	untrained	32713	54	memtrain/o_145_1.jpg	photodiode	1
3679.521	0.5	3679521	catch	32671	n/a	catch_padded.jpg	photodiode	0
3679.934	0.0	3679934	response	6	n/a	n/a	trigger	0
3681.623	0.5	3681623	untrained	32676	91	memtrain/o_605_1.jpg	photodiode	1
3682.424	0.5	3682424	untrained	32693	74	memtrain/o_550_1.jpg	photodiode	1
3683.367	0.5	3683367	untrained	32704	63	memtrain/o_310_2.jpg	photodiode	1
3684.317	0.5	3684317	untrained	32709	58	memtrain/o_192_1.jpg	photodiode	1
3685.268	0.5	3685268	trained	32729	38	memtrain/o_603_1.jpg	photodiode	1
3686.169	0.5	3686169	catch	32671	n/a	catch_padded.jpg	photodiode	0
3686.444	0.0	3686444	response	6	n/a	n/a	trigger	0
3688.121	0.5	3688121	untrained	32686	81	memtrain/o_655_2.jpg	photodiode	1
3689.03	0.5	3689030	untrained	32680	87	memtrain/o_365_1.jpg	photodiode	1
3689.872	0.5	3689872	trained	32758	9	memtrain/o_101_2.jpg	photodiode	1
3690.723	0.5	3690723	catch	32671	n/a	catch_padded.jpg	photodiode	0
3691.164	0.0	3691164	response	6	n/a	n/a	trigger	0
3692.625	0.5	3692625	trained	32734	33	memtrain/o_536_1.jpg	photodiode	1
3693.575	0.5	3693575	untrained	32716	51	memtrain/o_103_2.jpg	photodiode	1
3694.426	0.5	3694426	trained	32743	24	memtrain/o_357_1.jpg	photodiode	1
3695.277	0.5	3695277	trained	32761	6	memtrain/o_076_1.jpg	photodiode	1
3696.178	0.5	3696178	untrained	32711	56	memtrain/o_163_2.jpg	photodiode	1
3696.928	0.5	3696928	catch	32671	n/a	catch_padded.jpg	photodiode	0
3697.27	0.0	3697270	response	6	n/a	n/a	trigger	0
3699.03	0.5	3699030	untrained	32715	52	memtrain/o_141_1.jpg	photodiode	1
3699.831	0.5	3699831	untrained	32699	68	memtrain/o_393_1.jpg	photodiode	1
3700.731	0.5	3700731	trained	32725	42	memtrain/so_034_2.jpg	photodiode	1
3701.582	0.5	3701582	catch	32671	n/a	catch_padded.jpg	photodiode	0
3701.992	0.0	3701992	response	6	n/a	n/a	trigger	0
3703.684	0.5	3703684	untrained	32698	69	memtrain/o_464_2.jpg	photodiode	1
3704.635	0.5	3704635	trained	32738	29	memtrain/o_416_1.jpg	photodiode	1
3705.586	0.5	3705586	trained	32763	4	memtrain/o_042_1.jpg	photodiode	1
3706.486	0.5	3706486	catch	32671	n/a	catch_padded.jpg	photodiode	0
3706.823	0.0	3706823	response	6	n/a	n/a	trigger	0
3708.438	0.5	3708438	trained	32754	13	memtrain/o_136_1.jpg	photodiode	1
3709.289	0.5	3709289	trained	32749	18	memtrain/o_264_2.jpg	photodiode	1
3710.189	0.5	3710189	untrained	32683	84	memtrain/so_117_2.jpg	photodiode	1
3711.14	0.5	3711140	trained	32726	41	memtrain/o_663_2.jpg	photodiode	1
3711.991	0.5	3711991	catch	32671	n/a	catch_padded.jpg	photodiode	0
3712.255	0.0	3712255	response	6	n/a	n/a	trigger	0
3713.984	0.5	3713984	trained	32720	47	memtrain/so_147_2.jpg	photodiode	1
3714.785	0.5	3714785	untrained	32714	53	memtrain/o_142_2.jpg	photodiode	1
3715.585	0.5	3715585	trained	32731	36	memtrain/o_583_1.jpg	photodiode	1
3716.336	0.5	3716336	catch	32671	n/a	catch_padded.jpg	photodiode	0
3716.725	0.0	3716725	response	6	n/a	n/a	trigger	0
3718.246	0.5	3718246	untrained	32677	90	memtrain/o_580_1.jpg	photodiode	1
3719.088	0.5	3719088	untrained	32707	60	memtrain/o_228_2.jpg	photodiode	1
3719.839	0.5	3719839	untrained	32702	65	memtrain/o_337_2.jpg	photodiode	1
3720.79	0.5	3720790	catch	32671	n/a	catch_padded.jpg	photodiode	0
3721.133	0.0	3721133	response	6	n/a	n/a	trigger	0
3722.892	0.5	3722892	trained	32760	7	memtrain/o_091_2.jpg	photodiode	1
3723.692	0.5	3723692	untrained	32703	64	memtrain/o_334_2.jpg	photodiode	1
3724.493	0.5	3724493	untrained	32710	57	memtrain/o_171_1.jpg	photodiode	1
3725.244	0.5	3725244	trained	32766	1	memtrain/o_015_1.jpg	photodiode	1
3725.994	0.5	3725994	untrained	32691	76	memtrain/o_570_1.jpg	photodiode	1
3726.895	0.5	3726895	catch	32671	n/a	catch_padded.jpg	photodiode	0
3727.206	0.0	3727206	response	6	n/a	n/a	trigger	0
3728.897	0.5	3728897	untrained	32690	77	memtrain/o_574_2.jpg	photodiode	1
3729.747	0.5	3729747	trained	32762	5	memtrain/o_067_1.jpg	photodiode	1
3730.648	0.5	3730648	trained	32751	16	memtrain/o_199_2.jpg	photodiode	1
3731.599	0.5	3731599	trained	32752	15	memtrain/o_195_1.jpg	photodiode	1
3732.4	0.5	3732400	untrained	32692	75	memtrain/o_564_1.jpg	photodiode	1
3733.3	0.5	3733300	catch	32671	n/a	catch_padded.jpg	photodiode	0
3733.57	0.0	3733570	response	6	n/a	n/a	trigger	0
3735.352	0.5	3735352	trained	32764	3	memtrain/o_040_2.jpg	photodiode	1
3736.253	0.5	3736253	untrained	32712	55	memtrain/o_153_2.jpg	photodiode	1
3737.204	0.5	3737204	trained	32721	46	memtrain/so_113_1.jpg	photodiode	1
3737.954	0.5	3737954	untrained	32705	62	memtrain/o_304_1.jpg	photodiode	1
3738.905	0.5	3738905	catch	32671	n/a	catch_padded.jpg	photodiode	0
3739.279	0.0	3739279	response	6	n/a	n/a	trigger	0
3740.957	0.5	3740957	trained	32750	17	memtrain/o_232_1.jpg	photodiode	1
3741.9	0.5	3741900	untrained	32672	95	memtrain/so_125_1.jpg	photodiode	1
3742.8	0.5	3742800	trained	32748	19	memtrain/o_284_2.jpg	photodiode	1
3743.601	0.5	3743601	trained	32732	35	memtrain/o_561_2.jpg	photodiode	1
3744.352	0.5	3744352	catch	32671	n/a	catch_padded.jpg	photodiode	0
3744.73	0.0	3744730	response	6	n/a	n/a	trigger	0
3746.403	0.5	3746403	untrained	32719	48	memtrain/o_019_2.jpg	photodiode	1
3747.354	0.5	3747354	trained	32733	34	memtrain/o_558_2.jpg	photodiode	1
3748.155	0.5	3748155	trained	32727	40	memtrain/o_648_2.jpg	photodiode	1
3748.906	0.5	3748906	catch	32671	n/a	catch_padded.jpg	photodiode	0
3749.296	0.0	3749296	response	6	n/a	n/a	trigger	0
3750.807	0.5	3750807	trained	32756	11	memtrain/o_117_2.jpg	photodiode	1
3751.558	0.5	3751558	untrained	32688	79	memtrain/o_600_1.jpg	photodiode	1
3752.358	0.5	3752358	untrained	32682	85	memtrain/o_218_1.jpg	photodiode	1
3753.159	0.5	3753159	untrained	32681	86	memtrain/o_288_1.jpg	photodiode	1
3754.01	0.5	3754010	trained	32767	0	memtrain/o_006_1.jpg	photodiode	1
3754.761	0.5	3754761	catch	32671	n/a	catch_padded.jpg	photodiode	0
3755.135	0.0	3755135	response	6	n/a	n/a	trigger	0
3756.662	0.5	3756662	trained	32730	37	memtrain/o_597_1.jpg	photodiode	1
3757.413	0.5	3757413	untrained	32717	50	memtrain/o_057_2.jpg	photodiode	1
3758.264	0.5	3758264	untrained	32694	73	memtrain/o_519_2.jpg	photodiode	1
3759.214	0.5	3759214	untrained	32685	82	memtrain/o_656_1.jpg	photodiode	1
3760.015	0.5	3760015	catch	32671	n/a	catch_padded.jpg	photodiode	0
3760.427	0.0	3760427	response	6	n/a	n/a	trigger	0
3762.017	0.5	3762017	untrained	32689	78	memtrain/o_599_1.jpg	photodiode	1
3762.817	0.5	3762817	trained	32759	8	memtrain/o_094_1.jpg	photodiode	1
3763.718	0.5	3763718	trained	32724	43	memtrain/so_043_2.jpg	photodiode	1
3764.569	0.5	3764569	trained	32745	22	memtrain/o_321_1.jpg	photodiode	1
3765.52	0.5	3765520	catch	32671	n/a	catch_padded.jpg	photodiode	0
3765.819	0.0	3765819	response	6	n/a	n/a	trigger	0
3767.471	0.5	3767471	untrained	32697	70	memtrain/o_471_2.jpg	photodiode	1
3768.272	0.5	3768272	untrained	32684	83	memtrain/so_105_1.jpg	photodiode	1
3769.123	0.5	3769123	trained	32755	12	memtrain/o_127_2.jpg	photodiode	1
3769.923	0.5	3769923	trained	32747	20	memtrain/o_290_1.jpg	photodiode	1
3770.724	0.5	3770724	trained	32739	28	memtrain/o_397_1.jpg	photodiode	1
3771.475	0.5	3771475	catch	32671	n/a	catch_padded.jpg	photodiode	0
3771.806	0.0	3771806	response	6	n/a	n/a	trigger	0
3773.518	0.5	3773518	trained	32736	31	memtrain/o_465_2.jpg	photodiode	1
3774.369	0.5	3774369	trained	32742	25	memtrain/o_358_2.jpg	photodiode	1
3775.269	0.5	3775269	trained	32737	30	memtrain/o_437_2.jpg	photodiode	1
3776.02	0.5	3776020	catch	32671	n/a	catch_padded.jpg	photodiode	0
3776.533	0.0	3776533	response	6	n/a	n/a	trigger	0
3777.922	0.5	3777922	untrained	32687	80	memtrain/o_613_1.jpg	photodiode	1
3778.772	0.5	3778772	trained	32765	2	memtrain/o_035_1.jpg	photodiode	1
3779.673	0.5	3779673	trained	32744	23	memtrain/o_338_2.jpg	photodiode	1
3780.524	0.5	3780524	trained	32738	29	memtrain/o_416_1.jpg	photodiode	1
3781.375	0.5	3781375	catch	32671	n/a	catch_padded.jpg	photodiode	0
3781.666	0.0	3781666	response	6	n/a	n/a	trigger	0
3783.376	0.5	3783376	untrained	32695	72	memtrain/o_490_1.jpg	photodiode	1
3784.127	0.5	3784127	untrained	32701	66	memtrain/o_342_2.jpg	photodiode	1
3784.978	0.5	3784978	trained	32737	30	memtrain/o_437_2.jpg	photodiode	1
3785.878	0.5	3785878	untrained	32698	69	memtrain/o_464_2.jpg	photodiode	1
3786.679	0.5	3786679	catch	32671	n/a	catch_padded.jpg	photodiode	0
3786.989	0.0	3786989	response	6	n/a	n/a	trigger	0
3788.581	0.5	3788581	trained	32725	42	memtrain/so_034_2.jpg	photodiode	1
3789.331	0.5	3789331	trained	32762	5	memtrain/o_067_1.jpg	photodiode	1
3790.282	0.5	3790282	trained	32745	22	memtrain/o_321_1.jpg	photodiode	1
3791.033	0.5	3791033	catch	32671	n/a	catch_padded.jpg	photodiode	0
3791.425	0.0	3791425	response	6	n/a	n/a	trigger	0
3793.084	0.5	3793084	trained	32761	6	memtrain/o_076_1.jpg	photodiode	1
3794.035	0.5	3794035	trained	32743	24	memtrain/o_357_1.jpg	photodiode	1
3794.786	0.5	3794786	trained	32753	14	memtrain/o_174_1.jpg	photodiode	1
3795.687	0.5	3795687	untrained	32672	95	memtrain/so_125_1.jpg	photodiode	1
3796.637	0.5	3796637	untrained	32706	61	memtrain/o_298_2.jpg	photodiode	1
3797.438	0.5	3797438	catch	32671	n/a	catch_padded.jpg	photodiode	0
3797.677	0.0	3797677	response	6	n/a	n/a	trigger	0
3799.39	0.5	3799390	trained	32739	28	memtrain/o_397_1.jpg	photodiode	1
3800.291	0.5	3800291	untrained	32712	55	memtrain/o_153_2.jpg	photodiode	1
3801.133	0.5	3801133	trained	32742	25	memtrain/o_358_2.jpg	photodiode	1
3801.884	0.5	3801884	catch	32671	n/a	catch_padded.jpg	photodiode	0
3802.237	0.0	3802237	response	6	n/a	n/a	trigger	0
3803.936	0.5	3803936	trained	32766	1	memtrain/o_015_1.jpg	photodiode	1
3804.836	0.5	3804836	trained	32734	33	memtrain/o_536_1.jpg	photodiode	1
3805.687	0.5	3805687	untrained	32703	64	memtrain/o_334_2.jpg	photodiode	1
3806.438	0.5	3806438	untrained	32673	94	memtrain/so_067_1.jpg	photodiode	1
3807.238	0.5	3807238	trained	32720	47	memtrain/so_147_2.jpg	photodiode	1
3808.089	0.5	3808089	catch	32671	n/a	catch_padded.jpg	photodiode	0
3808.464	0.0	3808464	response	6	n/a	n/a	trigger	0
3810.041	0.5	3810041	trained	32756	11	memtrain/o_117_2.jpg	photodiode	1
3810.791	0.5	3810791	trained	32722	45	memtrain/so_090_2.jpg	photodiode	1
3811.742	0.5	3811742	trained	32740	27	memtrain/o_379_2.jpg	photodiode	1
3812.543	0.5	3812543	trained	32750	17	memtrain/o_232_1.jpg	photodiode	1
3813.394	0.5	3813394	catch	32671	n/a	catch_padded.jpg	photodiode	0
3813.707	0.0	3813707	response	6	n/a	n/a	trigger	0
3815.495	0.5	3815495	trained	32754	13	memtrain/o_136_1.jpg	photodiode	1
3816.396	0.5	3816396	trained	32751	16	memtrain/o_199_2.jpg	photodiode	1
3817.297	0.5	3817297	untrained	32676	91	memtrain/o_605_1.jpg	photodiode	1
3818.048	0.5	3818048	untrained	32715	52	memtrain/o_141_1.jpg	photodiode	1
3818.998	0.5	3818998	trained	32757	10	memtrain/o_111_2.jpg	photodiode	1
3819.849	0.5	3819849	catch	32671	n/a	catch_padded.jpg	photodiode	0
3820.177	0.0	3820177	response	6	n/a	n/a	trigger	0
3821.951	0.5	3821951	trained	32724	43	memtrain/so_043_2.jpg	photodiode	1
3822.701	0.5	3822701	trained	32727	40	memtrain/o_648_2.jpg	photodiode	1
3823.502	0.5	3823502	untrained	32708	59	memtrain/o_201_2.jpg	photodiode	1
3824.403	0.5	3824403	untrained	32719	48	memtrain/o_019_2.jpg	photodiode	1
3825.154	0.5	3825154	catch	32671	n/a	catch_padded.jpg	photodiode	0
3825.528	0.0	3825528	response	6	n/a	n/a	trigger	0
3827.255	0.5	3827255	untrained	32694	73	memtrain/o_519_2.jpg	photodiode	1
3828.206	0.5	3828206	untrained	32688	79	memtrain/o_600_1.jpg	photodiode	1
3829.007	0.5	3829007	trained	32731	36	memtrain/o_583_1.jpg	photodiode	1
3829.807	0.5	3829807	trained	32748	19	memtrain/o_284_2.jpg	photodiode	1
3830.6	0.5	3830600	catch	32671	n/a	catch_padded.jpg	photodiode	0
3830.973	0.0	3830973	response	6	n/a	n/a	trigger	0
3832.66	0.5	3832660	trained	32728	39	memtrain/o_606_1.jpg	photodiode	1
3833.402	0.5	3833402	trained	32732	35	memtrain/o_561_2.jpg	photodiode	1
3834.153	0.5	3834153	trained	32765	2	memtrain/o_035_1.jpg	photodiode	1
3835.112	0.5	3835112	untrained	32716	51	memtrain/o_103_2.jpg	photodiode	1
3835.954	0.5	3835954	trained	32758	9	memtrain/o_101_2.jpg	photodiode	1
3836.805	0.5	3836805	catch	32671	n/a	catch_padded.jpg	photodiode	0
3837.179	0.0	3837179	response	6	n/a	n/a	trigger	0
3838.807	0.5	3838807	trained	32741	26	memtrain/o_376_1.jpg	photodiode	1
3839.757	0.5	3839757	untrained	32686	81	memtrain/o_655_2.jpg	photodiode	1
3840.508	0.5	3840508	trained	32752	15	memtrain/o_195_1.jpg	photodiode	1
3841.359	0.5	3841359	catch	32671	n/a	catch_padded.jpg	photodiode	0
3841.741	0.0	3841741	response	6	n/a	n/a	trigger	0
3843.31	0.5	3843310	trained	32735	32	memtrain/o_485_2.jpg	photodiode	1
3844.211	0.5	3844211	untrained	32718	49	memtrain/o_054_2.jpg	photodiode	1
3845.162	0.5	3845162	trained	32746	21	memtrain/o_319_1.jpg	photodiode	1
3846.013	0.5	3846013	untrained	32702	65	memtrain/o_337_2.jpg	photodiode	1
3846.863	0.5	3846863	untrained	32710	57	memtrain/o_171_1.jpg	photodiode	1
3847.764	0.5	3847764	catch	32671	n/a	catch_padded.jpg	photodiode	0
3848.054	0.0	3848054	response	6	n/a	n/a	trigger	0
3849.816	0.5	3849816	untrained	32711	56	memtrain/o_163_2.jpg	photodiode	1
3850.717	0.5	3850717	trained	32726	41	memtrain/o_663_2.jpg	photodiode	1
3851.667	0.5	3851667	untrained	32696	71	memtrain/o_483_1.jpg	photodiode	1
3852.518	0.5	3852518	catch	32671	n/a	catch_padded.jpg	photodiode	0
3852.896	0.0	3852896	response	6	n/a	n/a	trigger	0
3854.42	0.5	3854420	untrained	32690	77	memtrain/o_574_2.jpg	photodiode	1
3855.321	0.5	3855321	untrained	32680	87	memtrain/o_365_1.jpg	photodiode	1
3856.271	0.5	3856271	trained	32755	12	memtrain/o_127_2.jpg	photodiode	1
3857.222	0.5	3857222	trained	32723	44	memtrain/so_045_1.jpg	photodiode	1
3858.065	0.5	3858065	untrained	32713	54	memtrain/o_145_1.jpg	photodiode	1
3858.916	0.5	3858916	catch	32671	n/a	catch_padded.jpg	photodiode	0
3859.211	0.0	3859211	response	6	n/a	n/a	trigger	0
3860.817	0.5	3860817	trained	32764	3	memtrain/o_040_2.jpg	photodiode	1
3861.718	0.5	3861718	trained	32730	37	memtrain/o_597_1.jpg	photodiode	1
3862.469	0.5	3862469	trained	32749	18	memtrain/o_264_2.jpg	photodiode	1
3863.319	0.5	3863319	catch	32671	n/a	catch_padded.jpg	photodiode	0
3863.719	0.0	3863719	response	6	n/a	n/a	trigger	0
3865.271	0.5	3865271	untrained	32707	60	memtrain/o_228_2.jpg	photodiode	1
3866.172	0.5	3866172	untrained	32714	53	memtrain/o_142_2.jpg	photodiode	1
3866.922	0.5	3866922	trained	32747	20	memtrain/o_290_1.jpg	photodiode	1
3867.823	0.5	3867823	untrained	32681	86	memtrain/o_288_1.jpg	photodiode	1
3868.624	0.5	3868624	catch	32671	n/a	catch_padded.jpg	photodiode	0
3868.893	0.0	3868893	response	6	n/a	n/a	trigger	0
3870.625	0.5	3870625	trained	32763	4	memtrain/o_042_1.jpg	photodiode	1
3871.376	0.5	3871376	untrained	32691	76	memtrain/o_570_1.jpg	photodiode	1
3872.327	0.5	3872327	untrained	32699	68	memtrain/o_393_1.jpg	photodiode	1
3873.178	0.5	3873178	trained	32729	38	memtrain/o_603_1.jpg	photodiode	1
3873.928	0.5	3873928	trained	32721	46	memtrain/so_113_1.jpg	photodiode	1
3874.729	0.5	3874729	catch	32671	n/a	catch_padded.jpg	photodiode	0
3875.14	0.0	3875140	response	6	n/a	n/a	trigger	0
3876.631	0.5	3876631	untrained	32674	93	memtrain/so_035_1.jpg	photodiode	1
3877.531	0.5	3877531	untrained	32700	67	memtrain/o_378_1.jpg	photodiode	1
3878.332	0.5	3878332	trained	32736	31	memtrain/o_465_2.jpg	photodiode	1
3879.133	0.5	3879133	trained	32760	7	memtrain/o_091_2.jpg	photodiode	1
3880.083	0.5	3880083	catch	32671	n/a	catch_padded.jpg	photodiode	0
3880.496	0.0	3880496	response	6	n/a	n/a	trigger	0
3882.035	0.5	3882035	untrained	32693	74	memtrain/o_550_1.jpg	photodiode	1
3882.936	0.5	3882936	untrained	32705	62	memtrain/o_304_1.jpg	photodiode	1
3883.737	0.5	3883737	trained	32767	0	memtrain/o_006_1.jpg	photodiode	1
3884.587	0.5	3884587	untrained	32704	63	memtrain/o_310_2.jpg	photodiode	1
3885.388	0.5	3885388	catch	32671	n/a	catch_padded.jpg	photodiode	0
3885.674	0.0	3885674	response	6	n/a	n/a	trigger	0
3887.481	0.5	3887481	untrained	32685	82	memtrain/o_656_1.jpg	photodiode	1
3888.232	0.5	3888232	untrained	32709	58	memtrain/o_192_1.jpg	photodiode	1
3889.032	0.5	3889032	untrained	32687	80	memtrain/o_613_1.jpg	photodiode	1
3889.883	0.5	3889883	catch	32671	n/a	catch_padded.jpg	photodiode	0
3890.466	0.0	3890466	response	6	n/a	n/a	trigger	0
3891.785	0.5	3891785	trained	32733	34	memtrain/o_558_2.jpg	photodiode	1
3892.636	0.5	3892636	trained	32759	8	memtrain/o_094_1.jpg	photodiode	1
3893.536	0.5	3893536	untrained	32677	90	memtrain/o_580_1.jpg	photodiode	1
3894.337	0.5	3894337	untrained	32684	83	memtrain/so_105_1.jpg	photodiode	1
3895.088	0.5	3895088	untrained	32689	78	memtrain/o_599_1.jpg	photodiode	1
3895.838	0.5	3895838	catch	32671	n/a	catch_padded.jpg	photodiode	0
3896.212	0.0	3896212	response	6	n/a	n/a	trigger	0
3897.89	0.5	3897890	untrained	32679	88	memtrain/o_458_1.jpg	photodiode	1
3898.791	0.5	3898791	untrained	32717	50	memtrain/o_057_2.jpg	photodiode	1
3899.591	0.5	3899591	untrained	32678	89	memtrain/o_469_1.jpg	photodiode	1
3900.542	0.5	3900542	untrained	32683	84	memtrain/so_117_2.jpg	photodiode	1
3901.443	0.5	3901443	catch	32671	n/a	catch_padded.jpg	photodiode	0
3901.839	0.0	3901839	response	6	n/a	n/a	trigger	0
3903.345	0.5	3903345	untrained	32692	75	memtrain/o_564_1.jpg	photodiode	1
3904.095	0.5	3904095	untrained	32682	85	memtrain/o_218_1.jpg	photodiode	1
3905.046	0.5	3905046	untrained	32675	92	memtrain/so_033_1.jpg	photodiode	1
3905.847	0.5	3905847	untrained	32697	70	memtrain/o_471_2.jpg	photodiode	1
3906.747	0.5	3906747	catch	32671	n/a	catch_padded.jpg	photodiode	0
3907.134	0.0	3907134	response	6	n/a	n/a	trigger	0
3913.221	0.0	3913221	block_end	120	n/a	n/a	trigger	0
3946.024	0.0	3946024	response	6	n/a	n/a	trigger	0
3946.032	0.0	3946032	block_onset	113	n/a	n/a	trigger	0
3948.091	0.5	3948091	trained	32737	30	memtrain/o_437_2.jpg	photodiode	1
3948.992	0.5	3948992	trained	32762	5	memtrain/o_067_1.jpg	photodiode	1
3949.893	0.5	3949893	trained	32725	42	memtrain/so_034_2.jpg	photodiode	1
3950.743	0.5	3950743	untrained	32685	82	memtrain/o_656_1.jpg	photodiode	1
3951.544	0.5	3951544	untrained	32694	73	memtrain/o_519_2.jpg	photodiode	1
3952.486	0.5	3952486	catch	32671	n/a	catch_padded.jpg	photodiode	0
3952.82	0.0	3952820	response	6	n/a	n/a	trigger	0
3954.597	0.5	3954597	trained	32760	7	memtrain/o_091_2.jpg	photodiode	1
3955.439	0.5	3955439	untrained	32673	94	memtrain/so_067_1.jpg	photodiode	1
3956.348	0.5	3956348	trained	32764	3	memtrain/o_040_2.jpg	photodiode	1
3957.24	0.5	3957240	trained	32748	19	memtrain/o_284_2.jpg	photodiode	1
3957.991	0.5	3957991	catch	32671	n/a	catch_padded.jpg	photodiode	0
3958.413	0.0	3958413	response	6	n/a	n/a	trigger	0
3959.943	0.5	3959943	untrained	32675	92	memtrain/so_033_1.jpg	photodiode	1
3960.793	0.5	3960793	trained	32741	26	memtrain/o_376_1.jpg	photodiode	1
3961.594	0.5	3961594	trained	32751	16	memtrain/o_199_2.jpg	photodiode	1
3962.395	0.5	3962395	trained	32753	14	memtrain/o_174_1.jpg	photodiode	1
3963.295	0.5	3963295	catch	32671	n/a	catch_padded.jpg	photodiode	0
3963.622	0.0	3963622	response	6	n/a	n/a	trigger	0
3965.356	0.5	3965356	untrained	32701	66	memtrain/o_342_2.jpg	photodiode	1
3966.198	0.5	3966198	trained	32750	17	memtrain/o_232_1.jpg	photodiode	1
3966.949	0.5	3966949	untrained	32686	81	memtrain/o_655_2.jpg	photodiode	1
3967.699	0.5	3967699	trained	32734	33	memtrain/o_536_1.jpg	photodiode	1
3968.45	0.5	3968450	trained	32738	29	memtrain/o_416_1.jpg	photodiode	1
3969.25	0.5	3969250	catch	32671	n/a	catch_padded.jpg	photodiode	0
3969.551	0.0	3969551	response	6	n/a	n/a	trigger	0
3971.302	0.5	3971302	untrained	32684	83	memtrain/so_105_1.jpg	photodiode	1
3972.203	0.5	3972203	trained	32754	13	memtrain/o_136_1.jpg	photodiode	1
3973.154	0.5	3973154	trained	32736	31	memtrain/o_465_2.jpg	photodiode	1
3973.954	0.5	3973954	untrained	32674	93	memtrain/so_035_1.jpg	photodiode	1
3974.705	0.5	3974705	catch	32671	n/a	catch_padded.jpg	photodiode	0
3975.008	0.0	3975008	response	6	n/a	n/a	trigger	0
3976.707	0.5	3976707	trained	32728	39	memtrain/o_606_1.jpg	photodiode	1
3977.658	0.5	3977658	untrained	32712	55	memtrain/o_153_2.jpg	photodiode	1
3978.408	0.5	3978408	untrained	32707	60	memtrain/o_228_2.jpg	photodiode	1
3979.259	0.5	3979259	untrained	32700	67	memtrain/o_378_1.jpg	photodiode	1
3980.16	0.5	3980160	catch	32671	n/a	catch_padded.jpg	photodiode	0
3980.558	0.0	3980558	response	6	n/a	n/a	trigger	0
3982.253	0.5	3982253	untrained	32716	51	memtrain/o_103_2.jpg	photodiode	1
3983.154	0.5	3983154	untrained	32688	79	memtrain/o_600_1.jpg	photodiode	1
3983.905	0.5	3983905	trained	32756	11	memtrain/o_117_2.jpg	photodiode	1
3984.856	0.5	3984856	untrained	32697	70	memtrain/o_471_2.jpg	photodiode	1
3985.706	0.5	3985706	untrained	32699	68	memtrain/o_393_1.jpg	photodiode	1
3986.607	0.5	3986607	catch	32671	n/a	catch_padded.jpg	photodiode	0
3987.004	0.0	3987004	response	6	n/a	n/a	trigger	0
3988.717	0.5	3988717	trained	32726	41	memtrain/o_663_2.jpg	photodiode	1
3989.51	0.5	3989510	untrained	32713	54	memtrain/o_145_1.jpg	photodiode	1
3990.41	0.5	3990410	untrained	32680	87	memtrain/o_365_1.jpg	photodiode	1
3991.311	0.5	3991311	untrained	32691	76	memtrain/o_570_1.jpg	photodiode	1
3992.062	0.5	3992062	catch	32671	n/a	catch_padded.jpg	photodiode	0
3992.472	0.0	3992472	response	6	n/a	n/a	trigger	0
3993.963	0.5	3993963	trained	32740	27	memtrain/o_379_2.jpg	photodiode	1
3994.914	0.5	3994914	untrained	32714	53	memtrain/o_142_2.jpg	photodiode	1
3995.665	0.5	3995665	untrained	32696	71	memtrain/o_483_1.jpg	photodiode	1
3996.566	0.5	3996566	trained	32765	2	memtrain/o_035_1.jpg	photodiode	1
3997.466	0.5	3997466	catch	32671	n/a	catch_padded.jpg	photodiode	0
3997.871	0.0	3997871	response	6	n/a	n/a	trigger	0
3999.518	0.5	3999518	untrained	32703	64	memtrain/o_334_2.jpg	photodiode	1
4000.369	0.5	4000369	trained	32724	43	memtrain/so_043_2.jpg	photodiode	1
4001.219	0.5	4001219	trained	32745	22	memtrain/o_321_1.jpg	photodiode	1
4002.07	0.5	4002070	untrained	32682	85	memtrain/o_218_1.jpg	photodiode	1
4002.871	0.5	4002871	catch	32671	n/a	catch_padded.jpg	photodiode	0
4003.252	0.0	4003252	response	6	n/a	n/a	trigger	0
4004.923	0.5	4004923	trained	32729	38	memtrain/o_603_1.jpg	photodiode	1
4005.873	0.5	4005873	trained	32721	46	memtrain/so_113_1.jpg	photodiode	1
4006.624	0.5	4006624	untrained	32702	65	memtrain/o_337_2.jpg	photodiode	1
4007.575	0.5	4007575	catch	32671	n/a	catch_padded.jpg	photodiode	0
4007.981	0.0	4007981	response	6	n/a	n/a	trigger	0
4009.476	0.5	4009476	untrained	32692	75	memtrain/o_564_1.jpg	photodiode	1
4010.419	0.5	4010419	untrained	32718	49	memtrain/o_054_2.jpg	photodiode	1
4011.269	0.5	4011269	untrained	32689	78	memtrain/o_599_1.jpg	photodiode	1
4012.029	0.5	4012029	catch	32671	n/a	catch_padded.jpg	photodiode	0
4012.454	0.0	4012454	response	6	n/a	n/a	trigger	0
4013.922	0.5	4013922	trained	32742	25	memtrain/o_358_2.jpg	photodiode	1
4014.872	0.5	4014872	untrained	32709	58	memtrain/o_192_1.jpg	photodiode	1
4015.773	0.5	4015773	trained	32746	21	memtrain/o_319_1.jpg	photodiode	1
4016.724	0.5	4016724	trained	32732	35	memtrain/o_561_2.jpg	photodiode	1
4017.675	0.5	4017675	trained	32744	23	memtrain/o_338_2.jpg	photodiode	1
4018.526	0.5	4018526	catch	32671	n/a	catch_padded.jpg	photodiode	0
4018.857	0.0	4018857	response	6	n/a	n/a	trigger	0
4020.627	0.5	4020627	trained	32743	24	memtrain/o_357_1.jpg	photodiode	1
4021.478	0.5	4021478	trained	32757	10	memtrain/o_111_2.jpg	photodiode	1
4022.379	0.5	4022379	untrained	32683	84	memtrain/so_117_2.jpg	photodiode	1
4023.18	0.5	4023180	trained	32763	4	memtrain/o_042_1.jpg	photodiode	1
4024.08	0.5	4024080	untrained	32719	48	memtrain/o_019_2.jpg	photodiode	1
4025.031	0.5	4025031	catch	32671	n/a	catch_padded.jpg	photodiode	0
4025.354	0.0	4025354	response	6	n/a	n/a	trigger	0
4027.133	0.5	4027133	trained	32758	9	memtrain/o_101_2.jpg	photodiode	1
4027.984	0.5	4027984	untrained	32695	72	memtrain/o_490_1.jpg	photodiode	1
4028.934	0.5	4028934	trained	32733	34	memtrain/o_558_2.jpg	photodiode	1
4029.835	0.5	4029835	trained	32767	0	memtrain/o_006_1.jpg	photodiode	1
4030.786	0.5	4030786	trained	32766	1	memtrain/o_015_1.jpg	photodiode	1
4031.637	0.5	4031637	catch	32671	n/a	catch_padded.jpg	photodiode	0
4031.919	0.0	4031919	response	6	n/a	n/a	trigger	0
4033.538	0.5	4033538	trained	32730	37	memtrain/o_597_1.jpg	photodiode	1
4034.389	0.5	4034389	untrained	32706	61	memtrain/o_298_2.jpg	photodiode	1
4035.24	0.5	4035240	untrained	32698	69	memtrain/o_464_2.jpg	photodiode	1
4035.99	0.5	4035990	trained	32761	6	memtrain/o_076_1.jpg	photodiode	1
4036.941	0.5	4036941	trained	32749	18	memtrain/o_264_2.jpg	photodiode	1
4037.742	0.5	4037742	catch	32671	n/a	catch_padded.jpg	photodiode	0
4038.145	0.0	4038145	response	6	n/a	n/a	trigger	0
4039.794	0.5	4039794	trained	32720	47	memtrain/so_147_2.jpg	photodiode	1
4040.536	0.5	4040536	untrained	32690	77	memtrain/o_574_2.jpg	photodiode	1
4041.437	0.5	4041437	untrained	32708	59	memtrain/o_201_2.jpg	photodiode	1
4042.238	0.5	4042238	trained	32747	20	memtrain/o_290_1.jpg	photodiode	1
4043.138	0.5	4043138	catch	32671	n/a	catch_padded.jpg	photodiode	0
4043.558	0.0	4043558	response	6	n/a	n/a	trigger	0
4045.09	0.5	4045090	untrained	32717	50	memtrain/o_057_2.jpg	photodiode	1
4045.841	0.5	4045841	untrained	32711	56	memtrain/o_163_2.jpg	photodiode	1
4046.641	0.5	4046641	untrained	32678	89	memtrain/o_469_1.jpg	photodiode	1
4047.492	0.5	4047492	untrained	32676	91	memtrain/o_605_1.jpg	photodiode	1
4048.343	0.5	4048343	catch	32671	n/a	catch_padded.jpg	photodiode	0
4048.734	0.0	4048734	response	6	n/a	n/a	trigger	0
4050.395	0.5	4050395	untrained	32672	95	memtrain/so_125_1.jpg	photodiode	1
4051.195	0.5	4051195	untrained	32687	80	memtrain/o_613_1.jpg	photodiode	1
4051.946	0.5	4051946	trained	32739	28	memtrain/o_397_1.jpg	photodiode	1
4052.696	0.5	4052696	trained	32755	12	memtrain/o_127_2.jpg	photodiode	1
4053.447	0.5	4053447	trained	32731	36	memtrain/o_583_1.jpg	photodiode	1
4054.206	0.5	4054206	catch	32671	n/a	catch_padded.jpg	photodiode	0
4054.554	0.0	4054554	response	6	n/a	n/a	trigger	0
4056.149	0.5	4056149	untrained	32705	62	memtrain/o_304_1.jpg	photodiode	1
4057.1	0.5	4057100	trained	32752	15	memtrain/o_195_1.jpg	photodiode	1
4058.051	0.5	4058051	untrained	32677	90	memtrain/o_580_1.jpg	photodiode	1
4058.902	0.5	4058902	catch	32671	n/a	catch_padded.jpg	photodiode	0
4059.261	0.0	4059261	response	6	n/a	n/a	trigger	0
4061.004	0.5	4061004	untrained	32681	86	memtrain/o_288_1.jpg	photodiode	1
4061.854	0.5	4061854	untrained	32693	74	memtrain/o_550_1.jpg	photodiode	1
4062.605	0.5	4062605	trained	32727	40	memtrain/o_648_2.jpg	photodiode	1
4063.506	0.5	4063506	catch	32671	n/a	catch_padded.jpg	photodiode	0
4063.897	0.0	4063897	response	6	n/a	n/a	trigger	0
4065.457	0.5	4065457	untrained	32704	63	memtrain/o_310_2.jpg	photodiode	1
4066.308	0.5	4066308	trained	32722	45	memtrain/so_090_2.jpg	photodiode	1
4067.159	0.5	4067159	untrained	32715	52	memtrain/o_141_1.jpg	photodiode	1
4068.009	0.5	4068009	catch	32671	n/a	catch_padded.jpg	photodiode	0
4068.382	0.0	4068382	response	6	n/a	n/a	trigger	0
4070.111	0.5	4070111	trained	32723	44	memtrain/so_045_1.jpg	photodiode	1
4071.062	0.5	4071062	untrained	32710	57	memtrain/o_171_1.jpg	photodiode	1
4071.863	0.5	4071863	trained	32759	8	memtrain/o_094_1.jpg	photodiode	1
4072.655	0.5	4072655	catch	32671	n/a	catch_padded.jpg	photodiode	0
4073.069	0.0	4073069	response	6	n/a	n/a	trigger	0
4074.707	0.5	4074707	untrained	32679	88	memtrain/o_458_1.jpg	photodiode	1
4075.457	0.5	4075457	trained	32735	32	memtrain/o_485_2.jpg	photodiode	1
4076.308	0.5	4076308	untrained	32699	68	memtrain/o_393_1.jpg	photodiode	1
4077.109	0.5	4077109	trained	32732	35	memtrain/o_561_2.jpg	photodiode	1
4077.556	0.0	4077556	response	6	n/a	n/a	trigger	0
4078.059	0.5	4078059	untrained	32696	71	memtrain/o_483_1.jpg	photodiode	1
4078.91	0.5	4078910	catch	32671	n/a	catch_padded.jpg	photodiode	0
4079.279	0.0	4079279	response	6	n/a	n/a	trigger	0
4080.962	0.5	4080962	trained	32759	8	memtrain/o_094_1.jpg	photodiode	1
4081.813	0.5	4081813	untrained	32708	59	memtrain/o_201_2.jpg	photodiode	1
4082.563	0.5	4082563	trained	32763	4	memtrain/o_042_1.jpg	photodiode	1
4083.364	0.5	4083364	untrained	32706	61	memtrain/o_298_2.jpg	photodiode	1
4084.215	0.5	4084215	trained	32738	29	memtrain/o_416_1.jpg	photodiode	1
4085.065	0.5	4085065	catch	32671	n/a	catch_padded.jpg	photodiode	0
4085.432	0.0	4085432	response	6	n/a	n/a	trigger	0
4087.067	0.5	4087067	trained	32764	3	memtrain/o_040_2.jpg	photodiode	1
4087.868	0.5	4087868	trained	32753	14	memtrain/o_174_1.jpg	photodiode	1
4088.818	0.5	4088818	trained	32743	24	memtrain/o_357_1.jpg	photodiode	1
4089.719	0.5	4089719	catch	32671	n/a	catch_padded.jpg	photodiode	0
4090.233	0.0	4090233	response	6	n/a	n/a	trigger	0
4091.821	0.5	4091821	untrained	32675	92	memtrain/so_033_1.jpg	photodiode	1
4092.672	0.5	4092672	trained	32758	9	memtrain/o_101_2.jpg	photodiode	1
4093.472	0.5	4093472	trained	32733	34	memtrain/o_558_2.jpg	photodiode	1
4094.223	0.5	4094223	trained	32728	39	memtrain/o_606_1.jpg	photodiode	1
4094.974	0.5	4094974	catch	32671	n/a	catch_padded.jpg	photodiode	0
4095.468	0.0	4095468	response	6	n/a	n/a	trigger	0
4096.967	0.5	4096967	untrained	32715	52	memtrain/o_141_1.jpg	photodiode	1
4097.726	0.5	4097726	trained	32724	43	memtrain/so_043_2.jpg	photodiode	1
4098.677	0.5	4098677	untrained	32672	95	memtrain/so_125_1.jpg	photodiode	1
4099.478	0.5	4099478	trained	32725	42	memtrain/so_034_2.jpg	photodiode	1
4100.228	0.5	4100228	catch	32671	n/a	catch_padded.jpg	photodiode	0
4100.672	0.0	4100672	response	6	n/a	n/a	trigger	0
4102.172	0.5	4102172	untrained	32687	80	memtrain/o_613_1.jpg	photodiode	1
4102.972	0.5	4102972	untrained	32688	79	memtrain/o_600_1.jpg	photodiode	1
4103.923	0.5	4103923	untrained	32714	53	memtrain/o_142_2.jpg	photodiode	1
4104.874	0.5	4104874	catch	32671	n/a	catch_padded.jpg	photodiode	0
4105.281	0.0	4105281	response	6	n/a	n/a	trigger	0
4106.776	0.5	4106776	untrained	32682	85	memtrain/o_218_1.jpg	photodiode	1
4107.626	0.5	4107626	untrained	32679	88	memtrain/o_458_1.jpg	photodiode	1
4108.377	0.5	4108377	trained	32740	27	memtrain/o_379_2.jpg	photodiode	1
4109.328	0.5	4109328	untrained	32677	90	memtrain/o_580_1.jpg	photodiode	1
4110.179	0.5	4110179	catch	32671	n/a	catch_padded.jpg	photodiode	0
4110.552	0.0	4110552	response	6	n/a	n/a	trigger	0
4112.23	0.5	4112230	untrained	32697	70	memtrain/o_471_2.jpg	photodiode	1
4113.131	0.5	4113131	untrained	32701	66	memtrain/o_342_2.jpg	photodiode	1
4114.082	0.5	4114082	untrained	32709	58	memtrain/o_192_1.jpg	photodiode	1
4114.933	0.5	4114933	trained	32727	40	memtrain/o_648_2.jpg	photodiode	1
4115.833	0.5	4115833	untrained	32713	54	memtrain/o_145_1.jpg	photodiode	1
4116.634	0.5	4116634	catch	32671	n/a	catch_padded.jpg	photodiode	0
4116.951	0.0	4116951	response	6	n/a	n/a	trigger	0
4118.536	0.5	4118536	trained	32765	2	memtrain/o_035_1.jpg	photodiode	1
4119.486	0.5	4119486	trained	32737	30	memtrain/o_437_2.jpg	photodiode	1
4120.237	0.5	4120237	trained	32756	11	memtrain/o_117_2.jpg	photodiode	1
4120.988	0.5	4120988	untrained	32705	62	memtrain/o_304_1.jpg	photodiode	1
4121.838	0.5	4121838	untrained	32710	57	memtrain/o_171_1.jpg	photodiode	1
4122.689	0.5	4122689	catch	32671	n/a	catch_padded.jpg	photodiode	0
4123.131	0.0	4123131	response	6	n/a	n/a	trigger	0
4124.691	0.5	4124691	untrained	32680	87	memtrain/o_365_1.jpg	photodiode	1
4125.492	0.5	4125492	untrained	32681	86	memtrain/o_288_1.jpg	photodiode	1
4126.292	0.5	4126292	trained	32755	12	memtrain/o_127_2.jpg	photodiode	1
4127.243	0.5	4127243	untrained	32676	91	memtrain/o_605_1.jpg	photodiode	1
4128.044	0.5	4128044	catch	32671	n/a	catch_padded.jpg	photodiode	0
4128.418	0.0	4128418	response	6	n/a	n/a	trigger	0
4130.045	0.5	4130045	untrained	32702	65	memtrain/o_337_2.jpg	photodiode	1
4130.938	0.5	4130938	untrained	32707	60	memtrain/o_228_2.jpg	photodiode	1
4131.747	0.5	4131747	trained	32734	33	memtrain/o_536_1.jpg	photodiode	1
4132.547	0.5	4132547	catch	32671	n/a	catch_padded.jpg	photodiode	0
4132.969	0.0	4132969	response	6	n/a	n/a	trigger	0
4134.641	0.5	4134641	trained	32766	1	memtrain/o_015_1.jpg	photodiode	1
4135.391	0.5	4135391	trained	32760	7	memtrain/o_091_2.jpg	photodiode	1
4136.342	0.5	4136342	untrained	32695	72	memtrain/o_490_1.jpg	photodiode	1
4137.193	0.5	4137193	catch	32671	n/a	catch_padded.jpg	photodiode	0
4137.616	0.0	4137616	response	6	n/a	n/a	trigger	0
4139.195	0.5	4139195	trained	32748	19	memtrain/o_284_2.jpg	photodiode	1
4139.945	0.5	4139945	trained	32757	10	memtrain/o_111_2.jpg	photodiode	1
4140.696	0.5	4140696	trained	32739	28	memtrain/o_397_1.jpg	photodiode	1
4141.647	0.5	4141647	trained	32750	17	memtrain/o_232_1.jpg	photodiode	1
4142.497	0.5	4142497	catch	32671	n/a	catch_padded.jpg	photodiode	0
4142.865	0.0	4142865	response	6	n/a	n/a	trigger	0
4144.549	0.5	4144549	untrained	32686	81	memtrain/o_655_2.jpg	photodiode	1
4145.45	0.5	4145450	trained	32762	5	memtrain/o_067_1.jpg	photodiode	1
4146.2	0.5	4146200	trained	32730	37	memtrain/o_597_1.jpg	photodiode	1
4147.001	0.5	4147001	catch	32671	n/a	catch_padded.jpg	photodiode	0
4147.395	0.0	4147395	response	6	n/a	n/a	trigger	0
4149.003	0.5	4149003	untrained	32700	67	memtrain/o_378_1.jpg	photodiode	1
4149.954	0.5	4149954	untrained	32678	89	memtrain/o_469_1.jpg	photodiode	1
4150.854	0.5	4150854	untrained	32692	75	memtrain/o_564_1.jpg	photodiode	1
4151.705	0.5	4151705	catch	32671	n/a	catch_padded.jpg	photodiode	0
4152.092	0.0	4152092	response	6	n/a	n/a	trigger	0
4153.757	0.5	4153757	untrained	32718	49	memtrain/o_054_2.jpg	photodiode	1
4154.708	0.5	4154708	trained	32722	45	memtrain/so_090_2.jpg	photodiode	1
4155.658	0.5	4155658	trained	32749	18	memtrain/o_264_2.jpg	photodiode	1
4156.509	0.5	4156509	untrained	32690	77	memtrain/o_574_2.jpg	photodiode	1
4157.26	0.5	4157260	untrained	32693	74	memtrain/o_550_1.jpg	photodiode	1
4158.01	0.5	4158010	catch	32671	n/a	catch_padded.jpg	photodiode	0
4158.399	0.0	4158399	response	6	n/a	n/a	trigger	0
4160.112	0.5	4160112	untrained	32684	83	memtrain/so_105_1.jpg	photodiode	1
4160.905	0.5	4160905	untrained	32703	64	memtrain/o_334_2.jpg	photodiode	1
4161.656	0.5	4161656	trained	32736	31	memtrain/o_465_2.jpg	photodiode	1
4162.556	0.5	4162556	catch	32671	n/a	catch_padded.jpg	photodiode	0
4162.949	0.0	4162949	response	6	n/a	n/a	trigger	0
4164.658	0.5	4164658	trained	32723	44	memtrain/so_045_1.jpg	photodiode	1
4165.609	0.5	4165609	trained	32720	47	memtrain/so_147_2.jpg	photodiode	1
4166.51	0.5	4166510	untrained	32673	94	memtrain/so_067_1.jpg	photodiode	1
4167.31	0.5	4167310	catch	32671	n/a	catch_padded.jpg	photodiode	0
4167.718	0.0	4167718	response	6	n/a	n/a	trigger	0
4169.262	0.5	4169262	trained	32735	32	memtrain/o_485_2.jpg	photodiode	1
4170.113	0.5	4170113	untrained	32689	78	memtrain/o_599_1.jpg	photodiode	1
4170.863	0.5	4170863	untrained	32683	84	memtrain/so_117_2.jpg	photodiode	1
4171.764	0.5	4171764	trained	32752	15	memtrain/o_195_1.jpg	photodiode	1
4172.565	0.5	4172565	catch	32671	n/a	catch_padded.jpg	photodiode	0
4172.989	0.0	4172989	response	6	n/a	n/a	trigger	0
4174.616	0.5	4174616	trained	32726	41	memtrain/o_663_2.jpg	photodiode	1
4175.567	0.5	4175567	untrained	32694	73	memtrain/o_519_2.jpg	photodiode	1
4176.468	0.5	4176468	untrained	32711	56	memtrain/o_163_2.jpg	photodiode	1
4177.269	0.5	4177269	untrained	32698	69	memtrain/o_464_2.jpg	photodiode	1
4178.22	0.5	4178220	catch	32671	n/a	catch_padded.jpg	photodiode	0
4178.62	0.0	4178620	response	6	n/a	n/a	trigger	0
4180.221	0.5	4180221	trained	32754	13	memtrain/o_136_1.jpg	photodiode	1
4181.022	0.5	4181022	untrained	32719	48	memtrain/o_019_2.jpg	photodiode	1
4181.823	0.5	4181823	trained	32741	26	memtrain/o_376_1.jpg	photodiode	1
4182.623	0.5	4182623	trained	32761	6	memtrain/o_076_1.jpg	photodiode	1
4183.374	0.5	4183374	trained	32744	23	memtrain/o_338_2.jpg	photodiode	1
4184.275	0.5	4184275	catch	32671	n/a	catch_padded.jpg	photodiode	0
4184.628	0.0	4184628	response	6	n/a	n/a	trigger	0
4186.226	0.5	4186226	trained	32721	46	memtrain/so_113_1.jpg	photodiode	1
4186.968	0.5	4186968	untrained	32704	63	memtrain/o_310_2.jpg	photodiode	1
4187.928	0.5	4187928	trained	32731	36	memtrain/o_583_1.jpg	photodiode	1
4188.72	0.5	4188720	catch	32671	n/a	catch_padded.jpg	photodiode	0
4189.137	0.0	4189137	response	6	n/a	n/a	trigger	0
4190.772	0.5	4190772	untrained	32717	50	memtrain/o_057_2.jpg	photodiode	1
4191.672	0.5	4191672	untrained	32716	51	memtrain/o_103_2.jpg	photodiode	1
4192.473	0.5	4192473	trained	32742	25	memtrain/o_358_2.jpg	photodiode	1
4193.274	0.5	4193274	catch	32671	n/a	catch_padded.jpg	photodiode	0
4193.731	0.0	4193731	response	6	n/a	n/a	trigger	0
4195.325	0.5	4195325	untrained	32685	82	memtrain/o_656_1.jpg	photodiode	1
4196.276	0.5	4196276	untrained	32674	93	memtrain/so_035_1.jpg	photodiode	1
4197.077	0.5	4197077	untrained	32691	76	memtrain/o_570_1.jpg	photodiode	1
4197.878	0.5	4197878	untrained	32712	55	memtrain/o_153_2.jpg	photodiode	1
4198.778	0.5	4198778	trained	32747	20	memtrain/o_290_1.jpg	photodiode	1
4199.629	0.5	4199629	catch	32671	n/a	catch_padded.jpg	photodiode	0
4199.908	0.0	4199908	response	6	n/a	n/a	trigger	0
4201.531	0.5	4201531	trained	32745	22	memtrain/o_321_1.jpg	photodiode	1
4202.331	0.5	4202331	trained	32751	16	memtrain/o_199_2.jpg	photodiode	1
4203.082	0.5	4203082	trained	32767	0	memtrain/o_006_1.jpg	photodiode	1
4203.983	0.5	4203983	trained	32746	21	memtrain/o_319_1.jpg	photodiode	1
4204.733	0.5	4204733	trained	32729	38	memtrain/o_603_1.jpg	photodiode	1
4205.484	0.5	4205484	catch	32671	n/a	catch_padded.jpg	photodiode	0
4205.848	0.0	4205848	response	6	n/a	n/a	trigger	0
4211.957	0.0	4211957	block_end	120	n/a	n/a	trigger	0
4264.622	0.0	4264622	response	6	n/a	n/a	trigger	0
4264.627	0.0	4264627	block_onset	114	n/a	n/a	trigger	0
4266.678	0.5	4266678	trained	32746	21	memtrain/o_319_1.jpg	photodiode	1
4267.637	0.5	4267637	untrained	32685	82	memtrain/o_656_1.jpg	photodiode	1
4268.538	0.5	4268538	trained	32740	27	memtrain/o_379_2.jpg	photodiode	1
4269.288	0.5	4269288	untrained	32692	75	memtrain/o_564_1.jpg	photodiode	1
4270.239	0.5	4270239	catch	32671	n/a	catch_padded.jpg	photodiode	0
4270.65	0.0	4270650	response	6	n/a	n/a	trigger	0
4272.191	0.5	4272191	trained	32750	17	memtrain/o_232_1.jpg	photodiode	1
4273.133	0.5	4273133	untrained	32682	85	memtrain/o_218_1.jpg	photodiode	1
4273.984	0.5	4273984	trained	32756	11	memtrain/o_117_2.jpg	photodiode	1
4274.735	0.5	4274735	untrained	32715	52	memtrain/o_141_1.jpg	photodiode	1
4275.535	0.5	4275535	catch	32671	n/a	catch_padded.jpg	photodiode	0
4275.809	0.0	4275809	response	6	n/a	n/a	trigger	0
4277.537	0.5	4277537	untrained	32701	66	memtrain/o_342_2.jpg	photodiode	1
4278.438	0.5	4278438	untrained	32695	72	memtrain/o_490_1.jpg	photodiode	1
4279.188	0.5	4279188	trained	32741	26	memtrain/o_376_1.jpg	photodiode	1
4279.939	0.5	4279939	catch	32671	n/a	catch_padded.jpg	photodiode	0
4280.263	0.0	4280263	response	6	n/a	n/a	trigger	0
4281.891	0.5	4281891	trained	32733	34	memtrain/o_558_2.jpg	photodiode	1
4282.691	0.5	4282691	untrained	32679	88	memtrain/o_458_1.jpg	photodiode	1
4283.492	0.5	4283492	trained	32735	32	memtrain/o_485_2.jpg	photodiode	1
4284.393	0.5	4284393	trained	32724	43	memtrain/so_043_2.jpg	photodiode	1
4285.144	0.5	4285144	catch	32671	n/a	catch_padded.jpg	photodiode	0
4285.429	0.0	4285429	response	6	n/a	n/a	trigger	0
4287.145	0.5	4287145	untrained	32684	83	memtrain/so_105_1.jpg	photodiode	1
4288.046	0.5	4288046	trained	32745	22	memtrain/o_321_1.jpg	photodiode	1
4288.947	0.5	4288947	trained	32753	14	memtrain/o_174_1.jpg	photodiode	1
4289.747	0.5	4289747	catch	32671	n/a	catch_padded.jpg	photodiode	0
4290.125	0.0	4290125	response	6	n/a	n/a	trigger	0
4291.849	0.5	4291849	untrained	32711	56	memtrain/o_163_2.jpg	photodiode	1
4292.7	0.5	4292700	untrained	32675	92	memtrain/so_033_1.jpg	photodiode	1
4293.451	0.5	4293451	trained	32751	16	memtrain/o_199_2.jpg	photodiode	1
4294.351	0.5	4294351	untrained	32703	64	memtrain/o_334_2.jpg	photodiode	1
4295.302	0.5	4295302	trained	32767	0	memtrain/o_006_1.jpg	photodiode	1
4296.053	0.5	4296053	catch	32671	n/a	catch_padded.jpg	photodiode	0
4296.363	0.0	4296363	response	6	n/a	n/a	trigger	0
4298.155	0.5	4298155	untrained	32688	79	memtrain/o_600_1.jpg	photodiode	1
4299.055	0.5	4299055	untrained	32674	93	memtrain/so_035_1.jpg	photodiode	1
4299.906	0.5	4299906	trained	32765	2	memtrain/o_035_1.jpg	photodiode	1
4300.798	0.5	4300798	catch	32671	n/a	catch_padded.jpg	photodiode	0
4301.211	0.0	4301211	response	6	n/a	n/a	trigger	0
4302.85	0.5	4302850	untrained	32696	71	memtrain/o_483_1.jpg	photodiode	1
4303.801	0.5	4303801	untrained	32709	58	memtrain/o_192_1.jpg	photodiode	1
4304.702	0.5	4304702	untrained	32681	86	memtrain/o_288_1.jpg	photodiode	1
4305.502	0.5	4305502	untrained	32700	67	memtrain/o_378_1.jpg	photodiode	1
4306.403	0.5	4306403	trained	32743	24	memtrain/o_357_1.jpg	photodiode	1
4307.354	0.5	4307354	catch	32671	n/a	catch_padded.jpg	photodiode	0
4307.657	0.0	4307657	response	6	n/a	n/a	trigger	0
4309.305	0.5	4309305	trained	32752	15	memtrain/o_195_1.jpg	photodiode	1
4310.256	0.5	4310256	trained	32732	35	memtrain/o_561_2.jpg	photodiode	1
4311.157	0.5	4311157	trained	32758	9	memtrain/o_101_2.jpg	photodiode	1
4311.908	0.5	4311908	trained	32763	4	memtrain/o_042_1.jpg	photodiode	1
4312.758	0.5	4312758	untrained	32707	60	memtrain/o_228_2.jpg	photodiode	1
4313.659	0.5	4313659	catch	32671	n/a	catch_padded.jpg	photodiode	0
4314.053	0.0	4314053	response	6	n/a	n/a	trigger	0
4315.761	0.5	4315761	trained	32761	6	memtrain/o_076_1.jpg	photodiode	1
4316.712	0.5	4316712	trained	32759	8	memtrain/o_094_1.jpg	photodiode	1
4317.462	0.5	4317462	untrained	32713	54	memtrain/o_145_1.jpg	photodiode	1
4318.213	0.5	4318213	untrained	32691	76	memtrain/o_570_1.jpg	photodiode	1
4319.114	0.5	4319114	untrained	32710	57	memtrain/o_171_1.jpg	photodiode	1
4319.914	0.5	4319914	catch	32671	n/a	catch_padded.jpg	photodiode	0
4320.273	0.0	4320273	response	6	n/a	n/a	trigger	0
4321.916	0.5	4321916	trained	32725	42	memtrain/so_034_2.jpg	photodiode	1
4322.867	0.5	4322867	trained	32737	30	memtrain/o_437_2.jpg	photodiode	1
4323.718	0.5	4323718	trained	32734	33	memtrain/o_536_1.jpg	photodiode	1
4324.468	0.5	4324468	trained	32736	31	memtrain/o_465_2.jpg	photodiode	1
4325.269	0.5	4325269	untrained	32719	48	memtrain/o_019_2.jpg	photodiode	1
4326.12	0.5	4326120	catch	32671	n/a	catch_padded.jpg	photodiode	0
4326.523	0.0	4326523	response	6	n/a	n/a	trigger	0
4328.171	0.5	4328171	trained	32764	3	memtrain/o_040_2.jpg	photodiode	1
4329.022	0.5	4329022	untrained	32705	62	memtrain/o_304_1.jpg	photodiode	1
4329.773	0.5	4329773	trained	32744	23	memtrain/o_338_2.jpg	photodiode	1
4330.674	0.5	4330674	catch	32671	n/a	catch_padded.jpg	photodiode	0
4331.033	0.0	4331033	response	6	n/a	n/a	trigger	0
4332.667	0.5	4332667	trained	32755	12	memtrain/o_127_2.jpg	photodiode	1
4333.418	0.5	4333418	untrained	32689	78	memtrain/o_599_1.jpg	photodiode	1
4334.168	0.5	4334168	untrained	32673	94	memtrain/so_067_1.jpg	photodiode	1
4334.969	0.5	4334969	untrained	32678	89	memtrain/o_469_1.jpg	photodiode	1
4335.77	0.5	4335770	trained	32730	37	memtrain/o_597_1.jpg	photodiode	1
4336.721	0.5	4336721	catch	32671	n/a	catch_padded.jpg	photodiode	0
4337.043	0.0	4337043	response	6	n/a	n/a	trigger	0
4338.672	0.5	4338672	untrained	32687	80	memtrain/o_613_1.jpg	photodiode	1
4339.473	0.5	4339473	trained	32738	29	memtrain/o_416_1.jpg	photodiode	1
4340.274	0.5	4340274	trained	32766	1	memtrain/o_015_1.jpg	photodiode	1
4341.174	0.5	4341174	trained	32727	40	memtrain/o_648_2.jpg	photodiode	1
4341.975	0.5	4341975	untrained	32683	84	memtrain/so_117_2.jpg	photodiode	1
4342.926	0.5	4342926	catch	32671	n/a	catch_padded.jpg	photodiode	0
4343.226	0.0	4343226	response	6	n/a	n/a	trigger	0
4344.978	0.5	4344978	trained	32720	47	memtrain/so_147_2.jpg	photodiode	1
4345.878	0.5	4345878	untrained	32704	63	memtrain/o_310_2.jpg	photodiode	1
4346.629	0.5	4346629	untrained	32672	95	memtrain/so_125_1.jpg	photodiode	1
4347.48	0.5	4347480	untrained	32717	50	memtrain/o_057_2.jpg	photodiode	1
4348.38	0.5	4348380	untrained	32716	51	memtrain/o_103_2.jpg	photodiode	1
4349.181	0.5	4349181	catch	32671	n/a	catch_padded.jpg	photodiode	0
4349.553	0.0	4349553	response	6	n/a	n/a	trigger	0
4351.283	0.5	4351283	trained	32747	20	memtrain/o_290_1.jpg	photodiode	1
4352.134	0.5	4352134	untrained	32699	68	memtrain/o_393_1.jpg	photodiode	1
4353.084	0.5	4353084	untrained	32690	77	memtrain/o_574_2.jpg	photodiode	1
4354.035	0.5	4354035	untrained	32706	61	memtrain/o_298_2.jpg	photodiode	1
4354.886	0.5	4354886	catch	32671	n/a	catch_padded.jpg	photodiode	0
4355.273	0.0	4355273	response	6	n/a	n/a	trigger	0
4356.838	0.5	4356838	trained	32742	25	memtrain/o_358_2.jpg	photodiode	1
4357.788	0.5	4357788	trained	32749	18	memtrain/o_264_2.jpg	photodiode	1
4358.689	0.5	4358689	untrained	32702	65	memtrain/o_337_2.jpg	photodiode	1
4359.631	0.5	4359631	trained	32721	46	memtrain/so_113_1.jpg	photodiode	1
4360.432	0.5	4360432	catch	32671	n/a	catch_padded.jpg	photodiode	0
4360.874	0.0	4360874	response	6	n/a	n/a	trigger	0
4362.492	0.5	4362492	untrained	32680	87	memtrain/o_365_1.jpg	photodiode	1
4363.335	0.5	4363335	untrained	32694	73	memtrain/o_519_2.jpg	photodiode	1
4364.135	0.5	4364135	untrained	32712	55	memtrain/o_153_2.jpg	photodiode	1
4364.986	0.5	4364986	trained	32754	13	memtrain/o_136_1.jpg	photodiode	1
4365.837	0.5	4365837	catch	32671	n/a	catch_padded.jpg	photodiode	0
4366.237	0.0	4366237	response	6	n/a	n/a	trigger	0
4367.838	0.5	4367838	trained	32760	7	memtrain/o_091_2.jpg	photodiode	1
4368.689	0.5	4368689	untrained	32676	91	memtrain/o_605_1.jpg	photodiode	1
4369.44	0.5	4369440	trained	32731	36	memtrain/o_583_1.jpg	photodiode	1
4370.29	0.5	4370290	catch	32671	n/a	catch_padded.jpg	photodiode	0
4370.872	0.0	4370872	response	6	n/a	n/a	trigger	0
4372.342	0.5	4372342	trained	32739	28	memtrain/o_397_1.jpg	photodiode	1
4373.243	0.5	4373243	trained	32726	41	memtrain/o_663_2.jpg	photodiode	1
4374.044	0.5	4374044	trained	32757	10	memtrain/o_111_2.jpg	photodiode	1
4374.944	0.5	4374944	trained	32722	45	memtrain/so_090_2.jpg	photodiode	1
4375.895	0.5	4375895	untrained	32686	81	memtrain/o_655_2.jpg	photodiode	1
4376.696	0.5	4376696	catch	32671	n/a	catch_padded.jpg	photodiode	0
4376.977	0.0	4376977	response	6	n/a	n/a	trigger	0
4378.598	0.5	4378598	untrained	32677	90	memtrain/o_580_1.jpg	photodiode	1
4379.348	0.5	4379348	untrained	32718	49	memtrain/o_054_2.jpg	photodiode	1
4380.199	0.5	4380199	untrained	32698	69	memtrain/o_464_2.jpg	photodiode	1
4381.15	0.5	4381150	trained	32728	39	memtrain/o_606_1.jpg	photodiode	1
4381.95	0.5	4381950	untrained	32693	74	memtrain/o_550_1.jpg	photodiode	1
4382.901	0.5	4382901	catch	32671	n/a	catch_padded.jpg	photodiode	0
4383.168	0.0	4383168	response	6	n/a	n/a	trigger	0
4385.003	0.5	4385003	untrained	32697	70	memtrain/o_471_2.jpg	photodiode	1
4385.854	0.5	4385854	trained	32723	44	memtrain/so_045_1.jpg	photodiode	1
4386.654	0.5	4386654	untrained	32714	53	memtrain/o_142_2.jpg	photodiode	1
4387.605	0.5	4387605	trained	32748	19	memtrain/o_284_2.jpg	photodiode	1
4388.498	0.5	4388498	trained	32762	5	memtrain/o_067_1.jpg	photodiode	1
4389.449	0.5	4389449	catch	32671	n/a	catch_padded.jpg	photodiode	0
4389.715	0.0	4389715	response	6	n/a	n/a	trigger	0
4391.5	0.5	4391500	trained	32729	38	memtrain/o_603_1.jpg	photodiode	1
4392.451	0.5	4392451	untrained	32708	59	memtrain/o_201_2.jpg	photodiode	1
4393.352	0.5	4393352	untrained	32690	77	memtrain/o_574_2.jpg	photodiode	1
4394.103	0.5	4394103	catch	32671	n/a	catch_padded.jpg	photodiode	0
4394.593	0.0	4394593	response	6	n/a	n/a	trigger	0
4396.204	0.5	4396204	trained	32749	18	memtrain/o_264_2.jpg	photodiode	1
4397.163	0.5	4397163	trained	32764	3	memtrain/o_040_2.jpg	photodiode	1
4398.006	0.5	4398006	trained	32757	10	memtrain/o_111_2.jpg	photodiode	1
4398.757	0.5	4398757	catch	32671	n/a	catch_padded.jpg	photodiode	0
4399.275	0.0	4399275	response	6	n/a	n/a	trigger	0
4400.658	0.5	4400658	untrained	32688	79	memtrain/o_600_1.jpg	photodiode	1
4401.459	0.5	4401459	untrained	32695	72	memtrain/o_490_1.jpg	photodiode	1
4402.259	0.5	4402259	trained	32752	15	memtrain/o_195_1.jpg	photodiode	1
4403.21	0.5	4403210	catch	32671	n/a	catch_padded.jpg	photodiode	0
4403.556	0.0	4403556	response	6	n/a	n/a	trigger	0
4405.262	0.5	4405262	trained	32737	30	memtrain/o_437_2.jpg	photodiode	1
4406.013	0.5	4406013	trained	32746	21	memtrain/o_319_1.jpg	photodiode	1
4406.863	0.5	4406863	trained	32730	37	memtrain/o_597_1.jpg	photodiode	1
4407.814	0.5	4407814	trained	32736	31	memtrain/o_465_2.jpg	photodiode	1
4408.765	0.5	4408765	trained	32728	39	memtrain/o_606_1.jpg	photodiode	1
4409.516	0.5	4409516	catch	32671	n/a	catch_padded.jpg	photodiode	0
4409.861	0.0	4409861	response	6	n/a	n/a	trigger	0
4411.517	0.5	4411517	untrained	32712	55	memtrain/o_153_2.jpg	photodiode	1
4412.468	0.5	4412468	trained	32745	22	memtrain/o_321_1.jpg	photodiode	1
4413.269	0.5	4413269	trained	32723	44	memtrain/so_045_1.jpg	photodiode	1
4414.019	0.5	4414019	catch	32671	n/a	catch_padded.jpg	photodiode	0
4414.527	0.0	4414527	response	6	n/a	n/a	trigger	0
4416.063	0.5	4416063	untrained	32686	81	memtrain/o_655_2.jpg	photodiode	1
4416.913	0.5	4416913	untrained	32679	88	memtrain/o_458_1.jpg	photodiode	1
4417.773	0.5	4417773	untrained	32701	66	memtrain/o_342_2.jpg	photodiode	1
4418.715	0.5	4418715	trained	32739	28	memtrain/o_397_1.jpg	photodiode	1
4419.465	0.5	4419465	catch	32671	n/a	catch_padded.jpg	photodiode	0
4419.836	0.0	4419836	response	6	n/a	n/a	trigger	0
4421.376	0.5	4421376	trained	32747	20	memtrain/o_290_1.jpg	photodiode	1
4422.318	0.5	4422318	trained	32729	38	memtrain/o_603_1.jpg	photodiode	1
4423.119	0.5	4423119	untrained	32672	95	memtrain/so_125_1.jpg	photodiode	1
4424.019	0.5	4424019	catch	32671	n/a	catch_padded.jpg	photodiode	0
4424.372	0.0	4424372	response	6	n/a	n/a	trigger	0
4425.971	0.5	4425971	untrained	32713	54	memtrain/o_145_1.jpg	photodiode	1
4426.772	0.5	4426772	trained	32724	43	memtrain/so_043_2.jpg	photodiode	1
4427.672	0.5	4427672	trained	32750	17	memtrain/o_232_1.jpg	photodiode	1
4428.473	0.5	4428473	untrained	32719	48	memtrain/o_019_2.jpg	photodiode	1
4429.224	0.5	4429224	catch	32671	n/a	catch_padded.jpg	photodiode	0
4429.557	0.0	4429557	response	6	n/a	n/a	trigger	0
4431.225	0.5	4431225	trained	32743	24	memtrain/o_357_1.jpg	photodiode	1
4432.026	0.5	4432026	untrained	32715	52	memtrain/o_141_1.jpg	photodiode	1
4432.827	0.5	4432827	untrained	32681	86	memtrain/o_288_1.jpg	photodiode	1
4433.728	0.5	4433728	trained	32766	1	memtrain/o_015_1.jpg	photodiode	1
4434.478	0.5	4434478	catch	32671	n/a	catch_padded.jpg	photodiode	0
4434.862	0.0	4434862	response	6	n/a	n/a	trigger	0
4436.58	0.5	4436580	trained	32744	23	memtrain/o_338_2.jpg	photodiode	1
4437.531	0.5	4437531	untrained	32705	62	memtrain/o_304_1.jpg	photodiode	1
4438.281	0.5	4438281	untrained	32675	92	memtrain/so_033_1.jpg	photodiode	1
4439.032	0.5	4439032	trained	32756	11	memtrain/o_117_2.jpg	photodiode	1
4439.783	0.5	4439783	catch	32671	n/a	catch_padded.jpg	photodiode	0
4440.12	0.0	4440120	response	6	n/a	n/a	trigger	0
4441.734	0.5	4441734	trained	32721	46	memtrain/so_113_1.jpg	photodiode	1
4442.585	0.5	4442585	untrained	32684	83	memtrain/so_105_1.jpg	photodiode	1
4443.536	0.5	4443536	trained	32759	8	memtrain/o_094_1.jpg	photodiode	1
4444.337	0.5	4444337	untrained	32696	71	memtrain/o_483_1.jpg	photodiode	1
4445.087	0.5	4445087	catch	32671	n/a	catch_padded.jpg	photodiode	0
4445.385	0.0	4445385	response	6	n/a	n/a	trigger	0
4446.989	0.5	4446989	untrained	32716	51	memtrain/o_103_2.jpg	photodiode	1
4447.831	0.5	4447831	trained	32742	25	memtrain/o_358_2.jpg	photodiode	1
4448.782	0.5	4448782	untrained	32710	57	memtrain/o_171_1.jpg	photodiode	1
4449.683	0.5	4449683	untrained	32689	78	memtrain/o_599_1.jpg	photodiode	1
4450.534	0.5	4450534	catch	32671	n/a	catch_padded.jpg	photodiode	0
4450.823	0.0	4450823	response	6	n/a	n/a	trigger	0
4452.493	0.5	4452493	untrained	32683	84	memtrain/so_117_2.jpg	photodiode	1
4453.386	0.5	4453386	untrained	32682	85	memtrain/o_218_1.jpg	photodiode	1
4454.237	0.5	4454237	trained	32767	0	memtrain/o_006_1.jpg	photodiode	1
4454.988	0.5	4454988	catch	32671	n/a	catch_padded.jpg	photodiode	0
4455.353	0.0	4455353	response	6	n/a	n/a	trigger	0
4456.889	0.5	4456889	trained	32725	42	memtrain/so_034_2.jpg	photodiode	1
4457.69	0.5	4457690	untrained	32702	65	memtrain/o_337_2.jpg	photodiode	1
4458.499	0.5	4458499	untrained	32693	74	memtrain/o_550_1.jpg	photodiode	1
4459.391	0.5	4459391	catch	32671	n/a	catch_padded.jpg	photodiode	0
4459.746	0.0	4459746	response	6	n/a	n/a	trigger	0
4461.293	0.5	4461293	trained	32753	14	memtrain/o_174_1.jpg	photodiode	1
4462.144	0.5	4462144	trained	32726	41	memtrain/o_663_2.jpg	photodiode	1
4462.994	0.5	4462994	trained	32755	12	memtrain/o_127_2.jpg	photodiode	1
4463.845	0.5	4463845	catch	32671	n/a	catch_padded.jpg	photodiode	0
4464.164	0.0	4464164	response	6	n/a	n/a	trigger	0
4465.847	0.5	4465847	untrained	32707	60	memtrain/o_228_2.jpg	photodiode	1
4466.798	0.5	4466798	untrained	32687	80	memtrain/o_613_1.jpg	photodiode	1
4467.598	0.5	4467598	trained	32720	47	memtrain/so_147_2.jpg	photodiode	1
4468.449	0.5	4468449	catch	32671	n/a	catch_padded.jpg	photodiode	0
4468.776	0.0	4468776	response	6	n/a	n/a	trigger	0
4470.401	0.5	4470401	untrained	32691	76	memtrain/o_570_1.jpg	photodiode	1
4471.151	0.5	4471151	untrained	32706	61	memtrain/o_298_2.jpg	photodiode	1
4471.952	0.5	4471952	untrained	32676	91	memtrain/o_605_1.jpg	photodiode	1
4472.803	0.5	4472803	untrained	32718	49	memtrain/o_054_2.jpg	photodiode	1
4473.653	0.5	4473653	untrained	32678	89	memtrain/o_469_1.jpg	photodiode	1
4474.495	0.5	4474495	catch	32671	n/a	catch_padded.jpg	photodiode	0
4474.742	0.0	4474742	response	6	n/a	n/a	trigger	0
4476.606	0.5	4476606	trained	32740	27	memtrain/o_379_2.jpg	photodiode	1
4477.398	0.5	4477398	untrained	32704	63	memtrain/o_310_2.jpg	photodiode	1
4478.299	0.5	4478299	trained	32727	40	memtrain/o_648_2.jpg	photodiode	1
4479.199	0.5	4479199	trained	32731	36	memtrain/o_583_1.jpg	photodiode	1
4479.95	0.5	4479950	untrained	32694	73	memtrain/o_519_2.jpg	photodiode	1
4480.851	0.5	4480851	catch	32671	n/a	catch_padded.jpg	photodiode	0
4481.064	0.0	4481064	response	6	n/a	n/a	trigger	0
4482.752	0.5	4482752	untrained	32673	94	memtrain/so_067_1.jpg	photodiode	1
4483.553	0.5	4483553	trained	32735	32	memtrain/o_485_2.jpg	photodiode	1
4484.463	0.5	4484463	untrained	32711	56	memtrain/o_163_2.jpg	photodiode	1
4485.355	0.5	4485355	untrained	32685	82	memtrain/o_656_1.jpg	photodiode	1
4486.305	0.5	4486305	catch	32671	n/a	catch_padded.jpg	photodiode	0
4486.605	0.0	4486605	response	6	n/a	n/a	trigger	0
4488.307	0.5	4488307	untrained	32674	93	memtrain/so_035_1.jpg	photodiode	1
4489.108	0.5	4489108	trained	32765	2	memtrain/o_035_1.jpg	photodiode	1
4490.059	0.5	4490059	trained	32732	35	memtrain/o_561_2.jpg	photodiode	1
4490.809	0.5	4490809	catch	32671	n/a	catch_padded.jpg	photodiode	0
4491.126	0.0	4491126	response	6	n/a	n/a	trigger	0
4492.911	0.5	4492911	untrained	32700	67	memtrain/o_378_1.jpg	photodiode	1
4493.862	0.5	4493862	untrained	32697	70	memtrain/o_471_2.jpg	photodiode	1
4494.813	0.5	4494813	untrained	32708	59	memtrain/o_201_2.jpg	photodiode	1
4495.563	0.5	4495563	trained	32741	26	memtrain/o_376_1.jpg	photodiode	1
4496.464	0.5	4496464	catch	32671	n/a	catch_padded.jpg	photodiode	0
4496.827	0.0	4496827	response	6	n/a	n/a	trigger	0
4498.366	0.5	4498366	trained	32738	29	memtrain/o_416_1.jpg	photodiode	1
4499.216	0.5	4499216	trained	32763	4	memtrain/o_042_1.jpg	photodiode	1
4500.117	0.5	4500117	untrained	32699	68	memtrain/o_393_1.jpg	photodiode	1
4501.018	0.5	4501018	untrained	32714	53	memtrain/o_142_2.jpg	photodiode	1
4501.769	0.5	4501769	catch	32671	n/a	catch_padded.jpg	photodiode	0
4502.104	0.0	4502104	response	6	n/a	n/a	trigger	0
4503.67	0.5	4503670	untrained	32709	58	memtrain/o_192_1.jpg	photodiode	1
4504.513	0.5	4504513	untrained	32717	50	memtrain/o_057_2.jpg	photodiode	1
4505.414	0.5	4505414	untrained	32703	64	memtrain/o_334_2.jpg	photodiode	1
4506.214	0.5	4506214	trained	32733	34	memtrain/o_558_2.jpg	photodiode	1
4507.165	0.5	4507165	trained	32722	45	memtrain/so_090_2.jpg	photodiode	1
4508.016	0.5	4508016	catch	32671	n/a	catch_padded.jpg	photodiode	0
4508.288	0.0	4508288	response	6	n/a	n/a	trigger	0
4510.068	0.5	4510068	untrained	32692	75	memtrain/o_564_1.jpg	photodiode	1
4510.868	0.5	4510868	trained	32748	19	memtrain/o_284_2.jpg	photodiode	1
4511.619	0.5	4511619	untrained	32680	87	memtrain/o_365_1.jpg	photodiode	1
4512.47	0.5	4512470	catch	32671	n/a	catch_padded.jpg	photodiode	0
4512.813	0.0	4512813	response	6	n/a	n/a	trigger	0
4514.471	0.5	4514471	untrained	32677	90	memtrain/o_580_1.jpg	photodiode	1
4515.222	0.5	4515222	trained	32754	13	memtrain/o_136_1.jpg	photodiode	1
4516.023	0.5	4516023	trained	32758	9	memtrain/o_101_2.jpg	photodiode	1
4516.823	0.5	4516823	untrained	32698	69	memtrain/o_464_2.jpg	photodiode	1
4517.674	0.5	4517674	trained	32751	16	memtrain/o_199_2.jpg	photodiode	1
4518.575	0.5	4518575	catch	32671	n/a	catch_padded.jpg	photodiode	0
4518.81	0.0	4518810	response	6	n/a	n/a	trigger	0
4520.677	0.5	4520677	trained	32760	7	memtrain/o_091_2.jpg	photodiode	1
4521.527	0.5	4521527	trained	32762	5	memtrain/o_067_1.jpg	photodiode	1
4522.478	0.5	4522478	trained	32761	6	memtrain/o_076_1.jpg	photodiode	1
4523.229	0.5	4523229	trained	32734	33	memtrain/o_536_1.jpg	photodiode	1
4523.979	0.5	4523979	catch	32671	n/a	catch_padded.jpg	photodiode	0
4524.366	0.0	4524366	response	6	n/a	n/a	trigger	0
4530.452	0.0	4530452	block_end	120	n/a	n/a	trigger	0
4559.548	0.0	4559548	response	6	n/a	n/a	trigger	0
4559.552	0.0	4559552	block_onset	115	n/a	n/a	trigger	0
4561.611	0.5	4561611	untrained	32706	61	memtrain/o_298_2.jpg	photodiode	0
4562.412	0.5	4562412	trained	32750	17	memtrain/o_232_1.jpg	photodiode	0
4563.163	0.5	4563163	untrained	32704	63	memtrain/o_310_2.jpg	photodiode	0
4564.113	0.5	4564113	untrained	32684	83	memtrain/so_105_1.jpg	photodiode	0
4565.014	0.5	4565014	trained	32741	26	memtrain/o_376_1.jpg	photodiode	0
4565.765	0.5	4565765	catch	32671	n/a	catch_padded.jpg	photodiode	0
4566.0	0.0	4566000	response	6	n/a	n/a	trigger	0
4567.658	0.5	4567658	untrained	32694	73	memtrain/o_519_2.jpg	photodiode	0
4568.408	0.5	4568408	untrained	32687	80	memtrain/o_613_1.jpg	photodiode	0
4569.309	0.5	4569309	untrained	32715	52	memtrain/o_141_1.jpg	photodiode	0
4570.11	0.5	4570110	untrained	32708	59	memtrain/o_201_2.jpg	photodiode	0
4570.969	0.5	4570969	trained	32747	20	memtrain/o_290_1.jpg	photodiode	0
4571.761	0.5	4571761	catch	32671	n/a	catch_padded.jpg	photodiode	0
4571.984	0.0	4571984	response	6	n/a	n/a	trigger	0
4573.813	0.5	4573813	trained	32730	37	memtrain/o_597_1.jpg	photodiode	0
4574.614	0.5	4574614	trained	32755	12	memtrain/o_127_2.jpg	photodiode	0
4575.573	0.5	4575573	trained	32744	23	memtrain/o_338_2.jpg	photodiode	0
4576.515	0.5	4576515	untrained	32705	62	memtrain/o_304_1.jpg	photodiode	0
4577.366	0.5	4577366	untrained	32677	90	memtrain/o_580_1.jpg	photodiode	0
4578.317	0.5	4578317	catch	32671	n/a	catch_padded.jpg	photodiode	0
4578.581	0.0	4578581	response	6	n/a	n/a	trigger	0
4580.218	0.5	4580218	untrained	32695	72	memtrain/o_490_1.jpg	photodiode	0
4580.969	0.5	4580969	untrained	32688	79	memtrain/o_600_1.jpg	photodiode	0
4581.87	0.5	4581870	trained	32738	29	memtrain/o_416_1.jpg	photodiode	0
4582.671	0.5	4582671	catch	32671	n/a	catch_padded.jpg	photodiode	0
4583.063	0.0	4583063	response	6	n/a	n/a	trigger	0
4584.622	0.5	4584622	untrained	32686	81	memtrain/o_655_2.jpg	photodiode	0
4585.423	0.5	4585423	untrained	32702	65	memtrain/o_337_2.jpg	photodiode	0
4586.374	0.5	4586374	untrained	32709	58	memtrain/o_192_1.jpg	photodiode	0
4587.224	0.5	4587224	catch	32671	n/a	catch_padded.jpg	photodiode	0
4587.599	0.0	4587599	response	6	n/a	n/a	trigger	0
4589.176	0.5	4589176	untrained	32697	70	memtrain/o_471_2.jpg	photodiode	0
4589.977	0.5	4589977	untrained	32698	69	memtrain/o_464_2.jpg	photodiode	0
4590.777	0.5	4590777	trained	32766	1	memtrain/o_015_1.jpg	photodiode	0
4591.728	0.5	4591728	catch	32671	n/a	catch_padded.jpg	photodiode	0
4592.046	0.0	4592046	response	6	n/a	n/a	trigger	0
4593.73	0.5	4593730	trained	32758	9	memtrain/o_101_2.jpg	photodiode	0
4594.581	0.5	4594581	trained	32723	44	memtrain/so_045_1.jpg	photodiode	0
4595.431	0.5	4595431	untrained	32679	88	memtrain/o_458_1.jpg	photodiode	0
4596.174	0.5	4596174	catch	32671	n/a	catch_padded.jpg	photodiode	0
4596.485	0.0	4596485	response	6	n/a	n/a	trigger	0
4598.276	0.5	4598276	trained	32748	19	memtrain/o_284_2.jpg	photodiode	0
4599.226	0.5	4599226	untrained	32682	85	memtrain/o_218_1.jpg	photodiode	0
4600.027	0.5	4600027	untrained	32712	55	memtrain/o_153_2.jpg	photodiode	0
4600.828	0.5	4600828	trained	32745	22	memtrain/o_321_1.jpg	photodiode	0
4601.629	0.5	4601629	catch	32671	n/a	catch_padded.jpg	photodiode	0
4601.891	0.0	4601891	response	6	n/a	n/a	trigger	0
4603.73	0.5	4603730	untrained	32680	87	memtrain/o_365_1.jpg	photodiode	0
4604.481	0.5	4604481	untrained	32716	51	memtrain/o_103_2.jpg	photodiode	0
4605.332	0.5	4605332	untrained	32678	89	memtrain/o_469_1.jpg	photodiode	0
4606.232	0.5	4606232	catch	32671	n/a	catch_padded.jpg	photodiode	0
4606.547	0.0	4606547	response	6	n/a	n/a	trigger	0
4608.334	0.5	4608334	trained	32764	3	memtrain/o_040_2.jpg	photodiode	0
4609.185	0.5	4609185	trained	32763	4	memtrain/o_042_1.jpg	photodiode	0
4610.086	0.5	4610086	trained	32729	38	memtrain/o_603_1.jpg	photodiode	0
4610.936	0.5	4610936	trained	32765	2	memtrain/o_035_1.jpg	photodiode	0
4611.837	0.5	4611837	catch	32671	n/a	catch_padded.jpg	photodiode	0
4612.101	0.0	4612101	response	6	n/a	n/a	trigger	0
4613.889	0.5	4613889	untrained	32685	82	memtrain/o_656_1.jpg	photodiode	0
4614.64	0.5	4614640	trained	32756	11	memtrain/o_117_2.jpg	photodiode	0
4615.59	0.5	4615590	trained	32725	42	memtrain/so_034_2.jpg	photodiode	0
4616.541	0.5	4616541	untrained	32690	77	memtrain/o_574_2.jpg	photodiode	0
4617.292	0.5	4617292	trained	32742	25	memtrain/o_358_2.jpg	photodiode	0
4618.143	0.5	4618143	catch	32671	n/a	catch_padded.jpg	photodiode	0
4618.384	0.0	4618384	response	6	n/a	n/a	trigger	0
4620.194	0.5	4620194	untrained	32710	57	memtrain/o_171_1.jpg	photodiode	0
4620.995	0.5	4620995	untrained	32672	95	memtrain/so_125_1.jpg	photodiode	0
4621.796	0.5	4621796	trained	32733	34	memtrain/o_558_2.jpg	photodiode	0
4622.746	0.5	4622746	untrained	32681	86	memtrain/o_288_1.jpg	photodiode	0
4623.647	0.5	4623647	catch	32671	n/a	catch_padded.jpg	photodiode	0
4624.023	0.0	4624023	response	6	n/a	n/a	trigger	0
4625.74	0.5	4625740	trained	32721	46	memtrain/so_113_1.jpg	photodiode	0
4626.491	0.5	4626491	trained	32753	14	memtrain/o_174_1.jpg	photodiode	0
4627.242	0.5	4627242	trained	32724	43	memtrain/so_043_2.jpg	photodiode	0
4627.992	0.5	4627992	trained	32740	27	memtrain/o_379_2.jpg	photodiode	0
4628.943	0.5	4628943	untrained	32713	54	memtrain/o_145_1.jpg	photodiode	0
4629.694	0.5	4629694	catch	32671	n/a	catch_padded.jpg	photodiode	0
4630.032	0.0	4630032	response	6	n/a	n/a	trigger	0
4631.796	0.5	4631796	trained	32735	32	memtrain/o_485_2.jpg	photodiode	0
4632.696	0.5	4632696	untrained	32700	67	memtrain/o_378_1.jpg	photodiode	0
4633.647	0.5	4633647	untrained	32718	49	memtrain/o_054_2.jpg	photodiode	0
4634.498	0.5	4634498	catch	32671	n/a	catch_padded.jpg	photodiode	0
4634.868	0.0	4634868	response	6	n/a	n/a	trigger	0
4636.399	0.5	4636399	trained	32760	7	memtrain/o_091_2.jpg	photodiode	0
4637.3	0.5	4637300	trained	32754	13	memtrain/o_136_1.jpg	photodiode	0
4638.051	0.5	4638051	untrained	32711	56	memtrain/o_163_2.jpg	photodiode	0
4638.902	0.5	4638902	trained	32731	36	memtrain/o_583_1.jpg	photodiode	0
4639.752	0.5	4639752	untrained	32717	50	memtrain/o_057_2.jpg	photodiode	0
4640.603	0.5	4640603	catch	32671	n/a	catch_padded.jpg	photodiode	0
4640.899	0.0	4640899	response	6	n/a	n/a	trigger	0
4642.655	0.5	4642655	trained	32732	35	memtrain/o_561_2.jpg	photodiode	0
4643.405	0.5	4643405	untrained	32693	74	memtrain/o_550_1.jpg	photodiode	0
4644.256	0.5	4644256	untrained	32719	48	memtrain/o_019_2.jpg	photodiode	0
4645.057	0.5	4645057	trained	32743	24	memtrain/o_357_1.jpg	photodiode	0
4645.807	0.5	4645807	untrained	32673	94	memtrain/so_067_1.jpg	photodiode	0
4646.658	0.5	4646658	catch	32671	n/a	catch_padded.jpg	photodiode	0
4646.959	0.0	4646959	response	6	n/a	n/a	trigger	0
4648.66	0.5	4648660	untrained	32699	68	memtrain/o_393_1.jpg	photodiode	0
4649.41	0.5	4649410	untrained	32689	78	memtrain/o_599_1.jpg	photodiode	0
4650.311	0.5	4650311	trained	32739	28	memtrain/o_397_1.jpg	photodiode	0
4651.162	0.5	4651162	trained	32762	5	memtrain/o_067_1.jpg	photodiode	0
4652.063	0.5	4652063	untrained	32675	92	memtrain/so_033_1.jpg	photodiode	0
4652.863	0.5	4652863	catch	32671	n/a	catch_padded.jpg	photodiode	0
4653.148	0.0	4653148	response	6	n/a	n/a	trigger	0
4654.865	0.5	4654865	trained	32727	40	memtrain/o_648_2.jpg	photodiode	0
4655.758	0.5	4655758	untrained	32703	64	memtrain/o_334_2.jpg	photodiode	0
4656.709	0.5	4656709	untrained	32701	66	memtrain/o_342_2.jpg	photodiode	0
4657.467	0.5	4657467	trained	32746	21	memtrain/o_319_1.jpg	photodiode	0
4658.318	0.5	4658318	untrained	32676	91	memtrain/o_605_1.jpg	photodiode	0
4659.111	0.5	4659111	catch	32671	n/a	catch_padded.jpg	photodiode	0
4659.465	0.0	4659465	response	6	n/a	n/a	trigger	0
4661.062	0.5	4661062	untrained	32707	60	memtrain/o_228_2.jpg	photodiode	0
4661.963	0.5	4661963	untrained	32696	71	memtrain/o_483_1.jpg	photodiode	0
4662.814	0.5	4662814	trained	32722	45	memtrain/so_090_2.jpg	photodiode	0
4663.714	0.5	4663714	trained	32752	15	memtrain/o_195_1.jpg	photodiode	0
4664.565	0.5	4664565	catch	32671	n/a	catch_padded.jpg	photodiode	0
4664.998	0.0	4664998	response	6	n/a	n/a	trigger	0
4666.567	0.5	4666567	trained	32720	47	memtrain/so_147_2.jpg	photodiode	0
4667.418	0.5	4667418	untrained	32714	53	memtrain/o_142_2.jpg	photodiode	0
4668.368	0.5	4668368	trained	32737	30	memtrain/o_437_2.jpg	photodiode	0
4669.169	0.5	4669169	catch	32671	n/a	catch_padded.jpg	photodiode	0
4669.5	0.0	4669500	response	6	n/a	n/a	trigger	0
4671.221	0.5	4671221	trained	32749	18	memtrain/o_264_2.jpg	photodiode	0
4672.072	0.5	4672072	trained	32757	10	memtrain/o_111_2.jpg	photodiode	0
4672.972	0.5	4672972	untrained	32683	84	memtrain/so_117_2.jpg	photodiode	0
4673.873	0.5	4673873	trained	32761	6	memtrain/o_076_1.jpg	photodiode	0
4674.824	0.5	4674824	catch	32671	n/a	catch_padded.jpg	photodiode	0
4675.113	0.0	4675113	response	6	n/a	n/a	trigger	0
4676.926	0.5	4676926	untrained	32691	76	memtrain/o_570_1.jpg	photodiode	0
4677.726	0.5	4677726	trained	32767	0	memtrain/o_006_1.jpg	photodiode	0
4678.577	0.5	4678577	trained	32734	33	memtrain/o_536_1.jpg	photodiode	0
4679.528	0.5	4679528	trained	32759	8	memtrain/o_094_1.jpg	photodiode	0
4680.429	0.5	4680429	trained	32726	41	memtrain/o_663_2.jpg	photodiode	0
4681.229	0.5	4681229	catch	32671	n/a	catch_padded.jpg	photodiode	0
4681.508	0.0	4681508	response	6	n/a	n/a	trigger	0
4683.181	0.5	4683181	trained	32736	31	memtrain/o_465_2.jpg	photodiode	0
4684.123	0.5	4684123	trained	32751	16	memtrain/o_199_2.jpg	photodiode	0
4684.924	0.5	4684924	untrained	32692	75	memtrain/o_564_1.jpg	photodiode	0
4685.675	0.5	4685675	untrained	32674	93	memtrain/so_035_1.jpg	photodiode	0
4686.525	0.5	4686525	trained	32728	39	memtrain/o_606_1.jpg	photodiode	0
4687.476	0.5	4687476	catch	32671	n/a	catch_padded.jpg	photodiode	0
4687.749	0.0	4687749	response	6	n/a	n/a	trigger	0
4689.478	0.5	4689478	trained	32760	7	memtrain/o_091_2.jpg	photodiode	0
4690.429	0.5	4690429	trained	32750	17	memtrain/o_232_1.jpg	photodiode	0
4691.229	0.5	4691229	trained	32758	9	memtrain/o_101_2.jpg	photodiode	0
4691.98	0.5	4691980	trained	32757	10	memtrain/o_111_2.jpg	photodiode	0
4692.73	0.5	4692730	trained	32720	47	memtrain/so_147_2.jpg	photodiode	0
4693.681	0.5	4693681	catch	32671	n/a	catch_padded.jpg	photodiode	0
4693.959	0.0	4693959	response	6	n/a	n/a	trigger	0
4695.683	0.5	4695683	trained	32725	42	memtrain/so_034_2.jpg	photodiode	0
4696.584	0.5	4696584	trained	32734	33	memtrain/o_536_1.jpg	photodiode	0
4697.485	0.5	4697485	untrained	32679	88	memtrain/o_458_1.jpg	photodiode	0
4698.235	0.5	4698235	untrained	32695	72	memtrain/o_490_1.jpg	photodiode	0
4698.986	0.5	4698986	catch	32671	n/a	catch_padded.jpg	photodiode	0
4699.344	0.0	4699344	response	6	n/a	n/a	trigger	0
4701.088	0.5	4701088	trained	32741	26	memtrain/o_376_1.jpg	photodiode	0
4701.888	0.5	4701888	trained	32732	35	memtrain/o_561_2.jpg	photodiode	0
4702.789	0.5	4702789	untrained	32712	55	memtrain/o_153_2.jpg	photodiode	0
4703.69	0.5	4703690	trained	32764	3	memtrain/o_040_2.jpg	photodiode	0
4704.49	0.5	4704490	catch	32671	n/a	catch_padded.jpg	photodiode	0
4704.897	0.0	4704897	response	6	n/a	n/a	trigger	0
4706.442	0.5	4706442	untrained	32715	52	memtrain/o_141_1.jpg	photodiode	0
4707.393	0.5	4707393	trained	32759	8	memtrain/o_094_1.jpg	photodiode	0
4708.194	0.5	4708194	untrained	32692	75	memtrain/o_564_1.jpg	photodiode	0
4708.944	0.5	4708944	catch	32671	n/a	catch_padded.jpg	photodiode	0
4709.438	0.0	4709438	response	6	n/a	n/a	trigger	0
4710.846	0.5	4710846	untrained	32680	87	memtrain/o_365_1.jpg	photodiode	0
4711.797	0.5	4711797	untrained	32693	74	memtrain/o_550_1.jpg	photodiode	0
4712.747	0.5	4712747	trained	32739	28	memtrain/o_397_1.jpg	photodiode	0
4713.49	0.5	4713490	untrained	32685	82	memtrain/o_656_1.jpg	photodiode	0
4714.391	0.5	4714391	catch	32671	n/a	catch_padded.jpg	photodiode	0
4714.807	0.0	4714807	response	6	n/a	n/a	trigger	0
4716.392	0.5	4716392	untrained	32699	68	memtrain/o_393_1.jpg	photodiode	0
4717.243	0.5	4717243	trained	32733	34	memtrain/o_558_2.jpg	photodiode	0
4718.194	0.5	4718194	untrained	32689	78	memtrain/o_599_1.jpg	photodiode	0
4719.053	0.5	4719053	catch	32671	n/a	catch_padded.jpg	photodiode	0
4719.41	0.0	4719410	response	6	n/a	n/a	trigger	0
4721.055	0.5	4721055	untrained	32683	84	memtrain/so_117_2.jpg	photodiode	0
4721.847	0.5	4721847	trained	32765	2	memtrain/o_035_1.jpg	photodiode	0
4722.648	0.5	4722648	trained	32763	4	memtrain/o_042_1.jpg	photodiode	0
4723.499	0.5	4723499	untrained	32686	81	memtrain/o_655_2.jpg	photodiode	0
4724.349	0.5	4724349	catch	32671	n/a	catch_padded.jpg	photodiode	0
4724.636	0.0	4724636	response	6	n/a	n/a	trigger	0
4726.451	0.5	4726451	trained	32751	16	memtrain/o_199_2.jpg	photodiode	0
4727.202	0.5	4727202	untrained	32682	85	memtrain/o_218_1.jpg	photodiode	0
4728.152	0.5	4728152	trained	32766	1	memtrain/o_015_1.jpg	photodiode	0
4729.003	0.5	4729003	trained	32745	22	memtrain/o_321_1.jpg	photodiode	0
4729.804	0.5	4729804	catch	32671	n/a	catch_padded.jpg	photodiode	0
4730.074	0.0	4730074	response	6	n/a	n/a	trigger	0
4731.856	0.5	4731856	untrained	32704	63	memtrain/o_310_2.jpg	photodiode	0
4732.606	0.5	4732606	trained	32746	21	memtrain/o_319_1.jpg	photodiode	0
4733.407	0.5	4733407	trained	32752	15	memtrain/o_195_1.jpg	photodiode	0
4734.308	0.5	4734308	catch	32671	n/a	catch_padded.jpg	photodiode	0
4734.696	0.0	4734696	response	6	n/a	n/a	trigger	0
4736.209	0.5	4736209	trained	32767	0	memtrain/o_006_1.jpg	photodiode	0
4737.01	0.5	4737010	trained	32744	23	memtrain/o_338_2.jpg	photodiode	0
4737.911	0.5	4737911	untrained	32687	80	memtrain/o_613_1.jpg	photodiode	0
4738.711	0.5	4738711	catch	32671	n/a	catch_padded.jpg	photodiode	0
4739.02	0.0	4739020	response	6	n/a	n/a	trigger	0
4740.763	0.5	4740763	untrained	32714	53	memtrain/o_142_2.jpg	photodiode	0
4741.564	0.5	4741564	untrained	32711	56	memtrain/o_163_2.jpg	photodiode	0
4742.456	0.5	4742456	trained	32731	36	memtrain/o_583_1.jpg	photodiode	0
4743.407	0.5	4743407	untrained	32705	62	memtrain/o_304_1.jpg	photodiode	0
4744.308	0.5	4744308	trained	32756	11	memtrain/o_117_2.jpg	photodiode	0
4745.058	0.5	4745058	catch	32671	n/a	catch_padded.jpg	photodiode	0
4745.418	0.0	4745418	response	6	n/a	n/a	trigger	0
4747.06	0.5	4747060	trained	32748	19	memtrain/o_284_2.jpg	photodiode	0
4747.961	0.5	4747961	trained	32736	31	memtrain/o_465_2.jpg	photodiode	0
4748.911	0.5	4748911	trained	32754	13	memtrain/o_136_1.jpg	photodiode	0
4749.812	0.5	4749812	trained	32723	44	memtrain/so_045_1.jpg	photodiode	0
4750.613	0.5	4750613	catch	32671	n/a	catch_padded.jpg	photodiode	0
4750.994	0.0	4750994	response	6	n/a	n/a	trigger	0
4752.665	0.5	4752665	trained	32728	39	memtrain/o_606_1.jpg	photodiode	0
4753.615	0.5	4753615	trained	32762	5	memtrain/o_067_1.jpg	photodiode	0
4754.566	0.5	4754566	untrained	32700	67	memtrain/o_378_1.jpg	photodiode	0
4755.417	0.5	4755417	trained	32724	43	memtrain/so_043_2.jpg	photodiode	0
4756.268	0.5	4756268	untrained	32677	90	memtrain/o_580_1.jpg	photodiode	0
4757.018	0.5	4757018	catch	32671	n/a	catch_padded.jpg	photodiode	0
4757.312	0.0	4757312	response	6	n/a	n/a	trigger	0
4758.97	0.5	4758970	untrained	32694	73	memtrain/o_519_2.jpg	photodiode	0
4759.871	0.5	4759871	trained	32730	37	memtrain/o_597_1.jpg	photodiode	0
4760.621	0.5	4760621	trained	32761	6	memtrain/o_076_1.jpg	photodiode	0
4761.422	0.5	4761422	trained	32721	46	memtrain/so_113_1.jpg	photodiode	0
4762.173	0.5	4762173	untrained	32713	54	memtrain/o_145_1.jpg	photodiode	0
4762.923	0.5	4762923	catch	32671	n/a	catch_padded.jpg	photodiode	0
4763.333	0.0	4763333	response	6	n/a	n/a	trigger	0
4764.975	0.5	4764975	trained	32743	24	memtrain/o_357_1.jpg	photodiode	0
4765.926	0.5	4765926	untrained	32675	92	memtrain/so_033_1.jpg	photodiode	0
4766.777	0.5	4766777	untrained	32696	71	memtrain/o_483_1.jpg	photodiode	0
4767.727	0.5	4767727	untrained	32681	86	memtrain/o_288_1.jpg	photodiode	0
4768.678	0.5	4768678	catch	32671	n/a	catch_padded.jpg	photodiode	0
4769.16	0.0	4769160	response	6	n/a	n/a	trigger	0
4770.68	0.5	4770680	untrained	32710	57	memtrain/o_171_1.jpg	photodiode	0
4771.581	0.5	4771581	untrained	32701	66	memtrain/o_342_2.jpg	photodiode	0
4772.331	0.5	4772331	untrained	32717	50	memtrain/o_057_2.jpg	photodiode	0
4773.074	0.5	4773074	catch	32671	n/a	catch_padded.jpg	photodiode	0
4773.462	0.0	4773462	response	6	n/a	n/a	trigger	0
4775.176	0.5	4775176	trained	32727	40	memtrain/o_648_2.jpg	photodiode	0
4776.034	0.5	4776034	trained	32740	27	memtrain/o_379_2.jpg	photodiode	0
4776.827	0.5	4776827	trained	32755	12	memtrain/o_127_2.jpg	photodiode	0
4777.778	0.5	4777778	trained	32749	18	memtrain/o_264_2.jpg	photodiode	0
4778.729	0.5	4778729	untrained	32716	51	memtrain/o_103_2.jpg	photodiode	0
4779.629	0.5	4779629	catch	32671	n/a	catch_padded.jpg	photodiode	0
4779.991	0.0	4779991	response	6	n/a	n/a	trigger	0
4781.631	0.5	4781631	trained	32735	32	memtrain/o_485_2.jpg	photodiode	0
4782.432	0.5	4782432	untrained	32718	49	memtrain/o_054_2.jpg	photodiode	0
4783.232	0.5	4783232	trained	32722	45	memtrain/so_090_2.jpg	photodiode	0
4784.133	0.5	4784133	untrained	32672	95	memtrain/so_125_1.jpg	photodiode	0
4784.884	0.5	4784884	catch	32671	n/a	catch_padded.jpg	photodiode	0
4785.224	0.0	4785224	response	6	n/a	n/a	trigger	0
4786.886	0.5	4786886	untrained	32702	65	memtrain/o_337_2.jpg	photodiode	0
4787.786	0.5	4787786	trained	32747	20	memtrain/o_290_1.jpg	photodiode	0
4788.637	0.5	4788637	trained	32738	29	memtrain/o_416_1.jpg	photodiode	0
4789.438	0.5	4789438	untrained	32678	89	memtrain/o_469_1.jpg	photodiode	0
4790.389	0.5	4790389	catch	32671	n/a	catch_padded.jpg	photodiode	0
4790.777	0.0	4790777	response	6	n/a	n/a	trigger	0
4792.34	0.5	4792340	untrained	32708	59	memtrain/o_201_2.jpg	photodiode	0
4793.091	0.5	4793091	untrained	32676	91	memtrain/o_605_1.jpg	photodiode	0
4794.042	0.5	4794042	untrained	32698	69	memtrain/o_464_2.jpg	photodiode	0
4794.792	0.5	4794792	untrained	32688	79	memtrain/o_600_1.jpg	photodiode	0
4795.543	0.5	4795543	catch	32671	n/a	catch_padded.jpg	photodiode	0
4795.874	0.0	4795874	response	6	n/a	n/a	trigger	0
4797.445	0.5	4797445	trained	32742	25	memtrain/o_358_2.jpg	photodiode	0
4798.195	0.5	4798195	trained	32753	14	memtrain/o_174_1.jpg	photodiode	0
4799.096	0.5	4799096	untrained	32674	93	memtrain/so_035_1.jpg	photodiode	0
4800.047	0.5	4800047	catch	32671	n/a	catch_padded.jpg	photodiode	0
4800.452	0.0	4800452	response	6	n/a	n/a	trigger	0
4801.998	0.5	4801998	trained	32729	38	memtrain/o_603_1.jpg	photodiode	0
4802.891	0.5	4802891	untrained	32697	70	memtrain/o_471_2.jpg	photodiode	0
4803.741	0.5	4803741	untrained	32707	60	memtrain/o_228_2.jpg	photodiode	0
4804.492	0.5	4804492	untrained	32703	64	memtrain/o_334_2.jpg	photodiode	0
4805.243	0.5	4805243	catch	32671	n/a	catch_padded.jpg	photodiode	0
4805.598	0.0	4805598	response	6	n/a	n/a	trigger	0
4807.294	0.5	4807294	untrained	32691	76	memtrain/o_570_1.jpg	photodiode	0
4808.245	0.5	4808245	untrained	32709	58	memtrain/o_192_1.jpg	photodiode	0
4809.046	0.5	4809046	untrained	32706	61	memtrain/o_298_2.jpg	photodiode	0
4809.896	0.5	4809896	catch	32671	n/a	catch_padded.jpg	photodiode	0
4810.261	0.0	4810261	response	6	n/a	n/a	trigger	0
4811.798	0.5	4811798	untrained	32690	77	memtrain/o_574_2.jpg	photodiode	0
4812.599	0.5	4812599	untrained	32684	83	memtrain/so_105_1.jpg	photodiode	0
4813.5	0.5	4813500	untrained	32673	94	memtrain/so_067_1.jpg	photodiode	0
4814.45	0.5	4814450	catch	32671	n/a	catch_padded.jpg	photodiode	0
4814.82	0.0	4814820	response	6	n/a	n/a	trigger	0
4816.402	0.5	4816402	trained	32726	41	memtrain/o_663_2.jpg	photodiode	0
4817.303	0.5	4817303	untrained	32719	48	memtrain/o_019_2.jpg	photodiode	0
4818.204	0.5	4818204	trained	32737	30	memtrain/o_437_2.jpg	photodiode	0
4818.954	0.5	4818954	catch	32671	n/a	catch_padded.jpg	photodiode	0
4819.283	0.0	4819283	response	6	n/a	n/a	trigger	0
4825.427	0.0	4825427	block_end	120	n/a	n/a	trigger	0
