onset	duration	sample	trial_type	value	object_id	stimulus_id	onset_source	analysis_include
35.325	0.0	35325	response	7	n/a	n/a	trigger	0
35.339	0.0	35339	block_onset	101	n/a	n/a	trigger	0
35.869	0.0	35869	response	7	n/a	n/a	trigger	0
37.39	0.5	37390	untrained	32713	54	memtrain/o_145_1.jpg	photodiode	1
38.141	0.5	38141	untrained	32694	73	memtrain/o_519_2.jpg	photodiode	1
38.991	0.5	38991	trained	32749	18	memtrain/o_264_2.jpg	photodiode	1
39.942	0.5	39942	untrained	32715	52	memtrain/o_141_1.jpg	photodiode	1
40.693	0.5	40693	trained	32759	8	memtrain/o_094_1.jpg	photodiode	1
41.493	0.5	41493	catch	32671	n/a	catch_padded.jpg	photodiode	0
42.6	0.0	42600	response	7	n/a	n/a	trigger	0
43.132	0.0	43132	response	7	n/a	n/a	trigger	0
43.517	0.0	43517	response	7	n/a	n/a	trigger	0
43.595	0.5	43595	trained	32728	39	memtrain/o_606_1.jpg	photodiode	1
44.346	0.5	44346	trained	32729	38	memtrain/o_603_1.jpg	photodiode	1
45.247	0.5	45247	untrained	32702	65	memtrain/o_337_2.jpg	photodiode	1
46.047	0.5	46047	untrained	32703	64	memtrain/o_334_2.jpg	photodiode	1
46.948	0.5	46948	catch	32671	n/a	catch_padded.jpg	photodiode	0
48.174	0.0	48174	response	7	n/a	n/a	trigger	0
48.764	0.0	48764	response	7	n/a	n/a	trigger	0
48.85	0.5	48850	untrained	32701	66	memtrain/o_342_2.jpg	photodiode	1
49.792	0.5	49792	untrained	32680	87	memtrain/o_365_1.jpg	photodiode	1
50.693	0.5	50693	trained	32741	26	memtrain/o_376_1.jpg	photodiode	1
51.544	0.5	51544	trained	32753	14	memtrain/o_174_1.jpg	photodiode	1
52.294	0.5	52294	catch	32671	n/a	catch_padded.jpg	photodiode	0
53.287	0.0	53287	response	7	n/a	n/a	trigger	0
53.762	0.0	53762	response	7	n/a	n/a	trigger	0
54.204	0.5	54204	untrained	32719	48	memtrain/o_019_2.jpg	photodiode	1
54.997	0.5	54997	trained	32757	10	memtrain/o_111_2.jpg	photodiode	1
55.947	0.5	55947	trained	32734	33	memtrain/o_536_1.jpg	photodiode	1
56.748	0.5	56748	catch	32671	n/a	catch_padded.jpg	photodiode	0
57.976	0.0	57976	response	7	n/a	n/a	trigger	0
58.85	0.5	58850	untrained	32718	49	memtrain/o_054_2.jpg	photodiode	1
59.601	0.5	59601	untrained	32697	70	memtrain/o_471_2.jpg	photodiode	1
60.351	0.5	60351	trained	32722	45	memtrain/so_090_2.jpg	photodiode	1
61.152	0.5	61152	trained	32723	44	memtrain/so_045_1.jpg	photodiode	1
61.953	0.5	61953	catch	32671	n/a	catch_padded.jpg	photodiode	0
62.966	0.0	62966	response	7	n/a	n/a	trigger	0
63.213	0.0	63213	response	7	n/a	n/a	trigger	0
64.054	0.5	64054	untrained	32679	88	memtrain/o_458_1.jpg	photodiode	1
64.955	0.5	64955	trained	32752	15	memtrain/o_195_1.jpg	photodiode	1
65.906	0.5	65906	untrained	32693	74	memtrain/o_550_1.jpg	photodiode	1
66.657	0.5	66657	trained	32744	23	memtrain/o_338_2.jpg	photodiode	1
67.457	0.5	67457	catch	32671	n/a	catch_padded.jpg	photodiode	0
69.409	0.5	69409	untrained	32714	53	memtrain/o_142_2.jpg	photodiode	1
70.21	0.5	70210	trained	32730	37	memtrain/o_597_1.jpg	photodiode	1
70.96	0.5	70960	untrained	32692	75	memtrain/o_564_1.jpg	photodiode	1
71.911	0.5	71911	untrained	32681	86	memtrain/o_288_1.jpg	photodiode	1
72.862	0.5	72862	untrained	32712	55	memtrain/o_153_2.jpg	photodiode	1
73.662	0.5	73662	catch	32671	n/a	catch_padded.jpg	photodiode	0
73.959	0.0	73959	response	7	n/a	n/a	trigger	0
75.764	0.5	75764	untrained	32711	56	memtrain/o_163_2.jpg	photodiode	1
76.665	0.5	76665	trained	32746	21	memtrain/o_319_1.jpg	photodiode	1
77.557	0.5	77557	trained	32763	4	memtrain/o_042_1.jpg	photodiode	1
78.358	0.5	78358	catch	32671	n/a	catch_padded.jpg	photodiode	0
78.786	0.0	78786	response	7	n/a	n/a	trigger	0
80.31	0.5	80310	untrained	32684	83	memtrain/so_105_1.jpg	photodiode	1
81.21	0.5	81210	untrained	32674	93	memtrain/so_035_1.jpg	photodiode	1
82.111	0.5	82111	untrained	32685	82	memtrain/o_656_1.jpg	photodiode	1
82.962	0.5	82962	untrained	32676	91	memtrain/o_605_1.jpg	photodiode	1
83.763	0.5	83763	trained	32748	19	memtrain/o_284_2.jpg	photodiode	1
84.513	0.5	84513	catch	32671	n/a	catch_padded.jpg	photodiode	0
84.894	0.0	84894	response	7	n/a	n/a	trigger	0
86.415	0.5	86415	untrained	32690	77	memtrain/o_574_2.jpg	photodiode	1
87.366	0.5	87366	trained	32765	2	memtrain/o_035_1.jpg	photodiode	1
88.217	0.5	88217	untrained	32678	89	memtrain/o_469_1.jpg	photodiode	1
89.017	0.5	89017	untrained	32695	72	memtrain/o_490_1.jpg	photodiode	1
89.818	0.5	89818	catch	32671	n/a	catch_padded.jpg	photodiode	0
90.121	0.0	90121	response	7	n/a	n/a	trigger	0
91.77	0.5	91770	trained	32737	30	memtrain/o_437_2.jpg	photodiode	1
92.52	0.5	92520	untrained	32706	61	memtrain/o_298_2.jpg	photodiode	1
93.471	0.5	93471	untrained	32686	81	memtrain/o_655_2.jpg	photodiode	1
94.222	0.5	94222	trained	32754	13	memtrain/o_136_1.jpg	photodiode	1
95.172	0.5	95172	catch	32671	n/a	catch_padded.jpg	photodiode	0
95.446	0.0	95446	response	7	n/a	n/a	trigger	0
97.224	0.5	97224	trained	32767	0	memtrain/o_006_1.jpg	photodiode	1
98.025	0.5	98025	trained	32720	47	memtrain/so_147_2.jpg	photodiode	1
98.826	0.5	98826	untrained	32691	76	memtrain/o_570_1.jpg	photodiode	1
99.776	0.5	99776	trained	32762	5	memtrain/o_067_1.jpg	photodiode	1
100.627	0.5	100627	untrained	32696	71	memtrain/o_483_1.jpg	photodiode	1
101.478	0.5	101478	catch	32671	n/a	catch_padded.jpg	photodiode	0
101.703	0.0	101703	response	7	n/a	n/a	trigger	0
103.429	0.5	103429	untrained	32689	78	memtrain/o_599_1.jpg	photodiode	1
104.28	0.5	104280	untrained	32687	80	memtrain/o_613_1.jpg	photodiode	1
105.081	0.5	105081	trained	32751	16	memtrain/o_199_2.jpg	photodiode	1
106.023	0.5	106023	untrained	32704	63	memtrain/o_310_2.jpg	photodiode	1
106.774	0.5	106774	catch	32671	n/a	catch_padded.jpg	photodiode	0
107.05	0.0	107050	response	7	n/a	n/a	trigger	0
108.776	0.5	108776	trained	32731	36	memtrain/o_583_1.jpg	photodiode	1
109.576	0.5	109576	trained	32756	11	memtrain/o_117_2.jpg	photodiode	1
110.477	0.5	110477	untrained	32699	68	memtrain/o_393_1.jpg	photodiode	1
111.428	0.5	111428	catch	32671	n/a	catch_padded.jpg	photodiode	0
111.732	0.0	111732	response	7	n/a	n/a	trigger	0
113.48	0.5	113480	trained	32755	12	memtrain/o_127_2.jpg	photodiode	1
114.33	0.5	114330	untrained	32707	60	memtrain/o_228_2.jpg	photodiode	1
115.081	0.5	115081	trained	32747	20	memtrain/o_290_1.jpg	photodiode	1
115.982	0.5	115982	untrained	32675	92	memtrain/so_033_1.jpg	photodiode	1
116.882	0.5	116882	catch	32671	n/a	catch_padded.jpg	photodiode	0
117.105	0.0	117105	response	7	n/a	n/a	trigger	0
118.884	0.5	118884	untrained	32673	94	memtrain/so_067_1.jpg	photodiode	1
119.735	0.5	119735	trained	32735	32	memtrain/o_485_2.jpg	photodiode	1
120.686	0.5	120686	untrained	32677	90	memtrain/o_580_1.jpg	photodiode	1
121.436	0.5	121436	catch	32671	n/a	catch_padded.jpg	photodiode	0
121.775	0.0	121775	response	7	n/a	n/a	trigger	0
123.488	0.5	123488	trained	32724	43	memtrain/so_043_2.jpg	photodiode	1
124.439	0.5	124439	untrained	32700	67	memtrain/o_378_1.jpg	photodiode	1
125.29	0.5	125290	trained	32743	24	memtrain/o_357_1.jpg	photodiode	1
126.24	0.5	126240	trained	32764	3	memtrain/o_040_2.jpg	photodiode	1
127.091	0.5	127091	trained	32739	28	memtrain/o_397_1.jpg	photodiode	1
127.892	0.5	127892	catch	32671	n/a	catch_padded.jpg	photodiode	0
128.156	0.0	128156	response	7	n/a	n/a	trigger	0
129.944	0.5	129944	trained	32742	25	memtrain/o_358_2.jpg	photodiode	1
130.794	0.5	130794	trained	32758	9	memtrain/o_101_2.jpg	photodiode	1
131.595	0.5	131595	trained	32733	34	memtrain/o_558_2.jpg	photodiode	1
132.346	0.5	132346	trained	32721	46	memtrain/so_113_1.jpg	photodiode	1
133.246	0.5	133246	catch	32671	n/a	catch_padded.jpg	photodiode	0
133.512	0.0	133512	response	7	n/a	n/a	trigger	0
135.248	0.5	135248	trained	32738	29	memtrain/o_416_1.jpg	photodiode	1
135.99	0.5	135990	untrained	32710	57	memtrain/o_171_1.jpg	photodiode	1
136.941	0.5	136941	trained	32760	7	memtrain/o_091_2.jpg	photodiode	1
137.792	0.5	137792	untrained	32698	69	memtrain/o_464_2.jpg	photodiode	1
138.743	0.5	138743	untrained	32705	62	memtrain/o_304_1.jpg	photodiode	1
139.694	0.5	139694	catch	32671	n/a	catch_padded.jpg	photodiode	0
139.913	0.0	139913	response	7	n/a	n/a	trigger	0
141.745	0.5	141745	trained	32726	41	memtrain/o_663_2.jpg	photodiode	1
142.596	0.5	142596	untrained	32682	85	memtrain/o_218_1.jpg	photodiode	1
143.347	0.5	143347	trained	32732	35	memtrain/o_561_2.jpg	photodiode	1
144.147	0.5	144147	trained	32766	1	memtrain/o_015_1.jpg	photodiode	1
145.056	0.5	145056	untrained	32683	84	memtrain/so_117_2.jpg	photodiode	1
145.849	0.5	145849	catch	32671	n/a	catch_padded.jpg	photodiode	0
146.025	0.0	146025	response	7	n/a	n/a	trigger	0
147.75	0.5	147750	trained	32727	40	memtrain/o_648_2.jpg	photodiode	1
148.551	0.5	148551	trained	32750	17	memtrain/o_232_1.jpg	photodiode	1
149.502	0.5	149502	untrained	32717	50	memtrain/o_057_2.jpg	photodiode	1
150.252	0.5	150252	catch	32671	n/a	catch_padded.jpg	photodiode	0
150.566	0.0	150566	response	7	n/a	n/a	trigger	0
152.254	0.5	152254	untrained	32688	79	memtrain/o_600_1.jpg	photodiode	1
153.205	0.5	153205	trained	32736	31	memtrain/o_465_2.jpg	photodiode	1
154.156	0.5	154156	untrained	32672	95	memtrain/so_125_1.jpg	photodiode	1
155.057	0.5	155057	catch	32671	n/a	catch_padded.jpg	photodiode	0
155.386	0.0	155386	response	7	n/a	n/a	trigger	0
157.158	0.5	157158	trained	32725	42	memtrain/so_034_2.jpg	photodiode	1
158.109	0.5	158109	untrained	32709	58	memtrain/o_192_1.jpg	photodiode	1
159.06	0.5	159060	trained	32745	22	memtrain/o_321_1.jpg	photodiode	1
159.861	0.5	159861	trained	32740	27	memtrain/o_379_2.jpg	photodiode	1
160.761	0.5	160761	trained	32761	6	memtrain/o_076_1.jpg	photodiode	1
161.662	0.5	161662	catch	32671	n/a	catch_padded.jpg	photodiode	0
161.878	0.0	161878	response	7	n/a	n/a	trigger	0
163.714	0.5	163714	untrained	32708	59	memtrain/o_201_2.jpg	photodiode	1
164.606	0.5	164606	untrained	32716	51	memtrain/o_103_2.jpg	photodiode	1
165.507	0.5	165507	untrained	32679	88	memtrain/o_458_1.jpg	photodiode	1
166.258	0.5	166258	catch	32671	n/a	catch_padded.jpg	photodiode	0
166.626	0.0	166626	response	7	n/a	n/a	trigger	0
168.159	0.5	168159	untrained	32703	64	memtrain/o_334_2.jpg	photodiode	1
168.91	0.5	168910	trained	32767	0	memtrain/o_006_1.jpg	photodiode	1
169.761	0.5	169761	trained	32759	8	memtrain/o_094_1.jpg	photodiode	1
170.561	0.5	170561	untrained	32697	70	memtrain/o_471_2.jpg	photodiode	1
171.362	0.5	171362	catch	32671	n/a	catch_padded.jpg	photodiode	0
171.71	0.0	171710	response	7	n/a	n/a	trigger	0
173.364	0.5	173364	untrained	32680	87	memtrain/o_365_1.jpg	photodiode	1
174.314	0.5	174314	trained	32761	6	memtrain/o_076_1.jpg	photodiode	1
175.165	0.5	175165	untrained	32698	69	memtrain/o_464_2.jpg	photodiode	1
176.016	0.5	176016	trained	32721	46	memtrain/so_113_1.jpg	photodiode	1
176.917	0.5	176917	catch	32671	n/a	catch_padded.jpg	photodiode	0
177.209	0.0	177209	response	7	n/a	n/a	trigger	0
178.818	0.5	178818	trained	32749	18	memtrain/o_264_2.jpg	photodiode	1
179.719	0.5	179719	untrained	32677	90	memtrain/o_580_1.jpg	photodiode	1
180.57	0.5	180570	untrained	32690	77	memtrain/o_574_2.jpg	photodiode	1
181.521	0.5	181521	trained	32738	29	memtrain/o_416_1.jpg	photodiode	1
182.271	0.5	182271	untrained	32707	60	memtrain/o_228_2.jpg	photodiode	1
183.222	0.5	183222	catch	32671	n/a	catch_padded.jpg	photodiode	0
183.479	0.0	183479	response	7	n/a	n/a	trigger	0
185.124	0.5	185124	untrained	32682	85	memtrain/o_218_1.jpg	photodiode	1
186.024	0.5	186024	untrained	32681	86	memtrain/o_288_1.jpg	photodiode	1
186.925	0.5	186925	untrained	32683	84	memtrain/so_117_2.jpg	photodiode	1
187.676	0.5	187676	catch	32671	n/a	catch_padded.jpg	photodiode	0
188.023	0.0	188023	response	7	n/a	n/a	trigger	0
189.677	0.5	189677	trained	32734	33	memtrain/o_536_1.jpg	photodiode	1
190.528	0.5	190528	untrained	32674	93	memtrain/so_035_1.jpg	photodiode	1
191.279	0.5	191279	trained	32755	12	memtrain/o_127_2.jpg	photodiode	1
192.029	0.5	192029	untrained	32716	51	memtrain/o_103_2.jpg	photodiode	1
192.98	0.5	192980	untrained	32712	55	memtrain/o_153_2.jpg	photodiode	1
193.781	0.5	193781	catch	32671	n/a	catch_padded.jpg	photodiode	0
194.036	0.0	194036	response	7	n/a	n/a	trigger	0
195.774	0.5	195774	untrained	32710	57	memtrain/o_171_1.jpg	photodiode	1
196.625	0.5	196625	trained	32766	1	memtrain/o_015_1.jpg	photodiode	1
197.376	0.5	197376	trained	32725	42	memtrain/so_034_2.jpg	photodiode	1
198.176	0.5	198176	untrained	32713	54	memtrain/o_145_1.jpg	photodiode	1
198.927	0.5	198927	catch	32671	n/a	catch_padded.jpg	photodiode	0
199.259	0.0	199259	response	7	n/a	n/a	trigger	0
201.029	0.5	201029	trained	32723	44	memtrain/so_045_1.jpg	photodiode	1
201.88	0.5	201880	trained	32736	31	memtrain/o_465_2.jpg	photodiode	1
202.73	0.5	202730	untrained	32702	65	memtrain/o_337_2.jpg	photodiode	1
203.481	0.5	203481	catch	32671	n/a	catch_padded.jpg	photodiode	0
203.78	0.0	203780	response	7	n/a	n/a	trigger	0
205.383	0.5	205383	trained	32724	43	memtrain/so_043_2.jpg	photodiode	1
206.133	0.5	206133	trained	32762	5	memtrain/o_067_1.jpg	photodiode	1
207.034	0.5	207034	trained	32756	11	memtrain/o_117_2.jpg	photodiode	1
207.885	0.5	207885	trained	32726	41	memtrain/o_663_2.jpg	photodiode	1
208.635	0.5	208635	catch	32671	n/a	catch_padded.jpg	photodiode	0
208.892	0.0	208892	response	7	n/a	n/a	trigger	0
210.537	0.5	210537	untrained	32672	95	memtrain/so_125_1.jpg	photodiode	1
211.488	0.5	211488	trained	32754	13	memtrain/o_136_1.jpg	photodiode	1
212.238	0.5	212238	untrained	32701	66	memtrain/o_342_2.jpg	photodiode	1
213.039	0.5	213039	untrained	32704	63	memtrain/o_310_2.jpg	photodiode	1
213.84	0.5	213840	untrained	32717	50	memtrain/o_057_2.jpg	photodiode	1
214.79	0.5	214790	catch	32671	n/a	catch_padded.jpg	photodiode	0
215.035	0.0	215035	response	7	n/a	n/a	trigger	0
216.742	0.5	216742	untrained	32693	74	memtrain/o_550_1.jpg	photodiode	1
217.643	0.5	217643	untrained	32692	75	memtrain/o_564_1.jpg	photodiode	1
218.544	0.5	218544	untrained	32706	61	memtrain/o_298_2.jpg	photodiode	1
219.394	0.5	219394	untrained	32686	81	memtrain/o_655_2.jpg	photodiode	1
220.145	0.5	220145	trained	32741	26	memtrain/o_376_1.jpg	photodiode	1
220.996	0.5	220996	catch	32671	n/a	catch_padded.jpg	photodiode	0
221.215	0.0	221215	response	7	n/a	n/a	trigger	0
222.939	0.5	222939	trained	32735	32	memtrain/o_485_2.jpg	photodiode	1
223.69	0.5	223690	untrained	32694	73	memtrain/o_519_2.jpg	photodiode	1
224.64	0.5	224640	trained	32750	17	memtrain/o_232_1.jpg	photodiode	1
225.441	0.5	225441	catch	32671	n/a	catch_padded.jpg	photodiode	0
225.749	0.0	225749	response	7	n/a	n/a	trigger	0
227.443	0.5	227443	untrained	32673	94	memtrain/so_067_1.jpg	photodiode	1
228.394	0.5	228394	trained	32722	45	memtrain/so_090_2.jpg	photodiode	1
229.244	0.5	229244	trained	32747	20	memtrain/o_290_1.jpg	photodiode	1
230.095	0.5	230095	catch	32671	n/a	catch_padded.jpg	photodiode	0
230.419	0.0	230419	response	7	n/a	n/a	trigger	0
232.097	0.5	232097	trained	32746	21	memtrain/o_319_1.jpg	photodiode	1
232.847	0.5	232847	untrained	32676	91	memtrain/o_605_1.jpg	photodiode	1
233.748	0.5	233748	untrained	32691	76	memtrain/o_570_1.jpg	photodiode	1
234.699	0.5	234699	trained	32748	19	memtrain/o_284_2.jpg	photodiode	1
235.6	0.5	235600	trained	32727	40	memtrain/o_648_2.jpg	photodiode	1
236.551	0.5	236551	catch	32671	n/a	catch_padded.jpg	photodiode	0
236.763	0.0	236763	response	7	n/a	n/a	trigger	0
238.602	0.5	238602	untrained	32689	78	memtrain/o_599_1.jpg	photodiode	1
239.503	0.5	239503	untrained	32709	58	memtrain/o_192_1.jpg	photodiode	1
240.454	0.5	240454	trained	32753	14	memtrain/o_174_1.jpg	photodiode	1
241.405	0.5	241405	catch	32671	n/a	catch_padded.jpg	photodiode	0
241.711	0.0	241711	response	7	n/a	n/a	trigger	0
243.406	0.5	243406	trained	32757	10	memtrain/o_111_2.jpg	photodiode	1
244.357	0.5	244357	trained	32739	28	memtrain/o_397_1.jpg	photodiode	1
245.258	0.5	245258	untrained	32675	92	memtrain/so_033_1.jpg	photodiode	1
246.159	0.5	246159	untrained	32695	72	memtrain/o_490_1.jpg	photodiode	1
246.909	0.5	246909	catch	32671	n/a	catch_padded.jpg	photodiode	0
247.269	0.0	247269	response	7	n/a	n/a	trigger	0
248.961	0.5	248961	untrained	32688	79	memtrain/o_600_1.jpg	photodiode	1
249.762	0.5	249762	trained	32737	30	memtrain/o_437_2.jpg	photodiode	1
250.663	0.5	250663	untrained	32719	48	memtrain/o_019_2.jpg	photodiode	1
251.413	0.5	251413	trained	32732	35	memtrain/o_561_2.jpg	photodiode	1
252.356	0.5	252356	trained	32751	16	memtrain/o_199_2.jpg	photodiode	1
253.106	0.5	253106	catch	32671	n/a	catch_padded.jpg	photodiode	0
253.379	0.0	253379	response	7	n/a	n/a	trigger	0
255.158	0.5	255158	untrained	32687	80	memtrain/o_613_1.jpg	photodiode	1
255.909	0.5	255909	trained	32752	15	memtrain/o_195_1.jpg	photodiode	1
256.859	0.5	256859	untrained	32705	62	memtrain/o_304_1.jpg	photodiode	1
257.71	0.5	257710	trained	32760	7	memtrain/o_091_2.jpg	photodiode	1
258.561	0.5	258561	untrained	32708	59	memtrain/o_201_2.jpg	photodiode	1
259.462	0.5	259462	catch	32671	n/a	catch_padded.jpg	photodiode	0
259.691	0.0	259691	response	7	n/a	n/a	trigger	0
261.513	0.5	261513	trained	32764	3	memtrain/o_040_2.jpg	photodiode	1
262.364	0.5	262364	untrained	32714	53	memtrain/o_142_2.jpg	photodiode	1
263.265	0.5	263265	untrained	32684	83	memtrain/so_105_1.jpg	photodiode	1
264.216	0.5	264216	trained	32765	2	memtrain/o_035_1.jpg	photodiode	1
265.066	0.5	265066	catch	32671	n/a	catch_padded.jpg	photodiode	0
265.515	0.0	265515	response	7	n/a	n/a	trigger	0
267.068	0.5	267068	untrained	32715	52	memtrain/o_141_1.jpg	photodiode	1
267.869	0.5	267869	untrained	32678	89	memtrain/o_469_1.jpg	photodiode	1
268.82	0.5	268820	untrained	32699	68	memtrain/o_393_1.jpg	photodiode	1
269.62	0.5	269620	catch	32671	n/a	catch_padded.jpg	photodiode	0
269.992	0.0	269992	response	7	n/a	n/a	trigger	0
271.572	0.5	271572	untrained	32711	56	memtrain/o_163_2.jpg	photodiode	1
272.373	0.5	272373	untrained	32700	67	memtrain/o_378_1.jpg	photodiode	1
273.223	0.5	273223	trained	32758	9	memtrain/o_101_2.jpg	photodiode	1
274.024	0.5	274024	trained	32744	23	memtrain/o_338_2.jpg	photodiode	1
274.925	0.5	274925	trained	32740	27	memtrain/o_379_2.jpg	photodiode	1
275.876	0.5	275876	catch	32671	n/a	catch_padded.jpg	photodiode	0
276.086	0.0	276086	response	7	n/a	n/a	trigger	0
277.927	0.5	277927	untrained	32696	71	memtrain/o_483_1.jpg	photodiode	1
278.728	0.5	278728	trained	32720	47	memtrain/so_147_2.jpg	photodiode	1
279.579	0.5	279579	trained	32743	24	memtrain/o_357_1.jpg	photodiode	1
280.48	0.5	280480	catch	32671	n/a	catch_padded.jpg	photodiode	0
280.792	0.0	280792	response	7	n/a	n/a	trigger	0
282.523	0.5	282523	untrained	32718	49	memtrain/o_054_2.jpg	photodiode	1
283.273	0.5	283273	trained	32728	39	memtrain/o_606_1.jpg	photodiode	1
284.174	0.5	284174	untrained	32685	82	memtrain/o_656_1.jpg	photodiode	1
284.975	0.5	284975	catch	32671	n/a	catch_padded.jpg	photodiode	0
285.289	0.0	285289	response	7	n/a	n/a	trigger	0
287.077	0.5	287077	trained	32730	37	memtrain/o_597_1.jpg	photodiode	1
287.877	0.5	287877	trained	32763	4	memtrain/o_042_1.jpg	photodiode	1
288.678	0.5	288678	trained	32729	38	memtrain/o_603_1.jpg	photodiode	1
289.479	0.5	289479	catch	32671	n/a	catch_padded.jpg	photodiode	0
289.742	0.0	289742	response	7	n/a	n/a	trigger	0
291.48	0.5	291480	trained	32731	36	memtrain/o_583_1.jpg	photodiode	1
292.331	0.5	292331	trained	32742	25	memtrain/o_358_2.jpg	photodiode	1
293.182	0.5	293182	trained	32733	34	memtrain/o_558_2.jpg	photodiode	1
293.983	0.5	293983	trained	32745	22	memtrain/o_321_1.jpg	photodiode	1
294.733	0.5	294733	catch	32671	n/a	catch_padded.jpg	photodiode	0
295.026	0.0	295026	response	7	n/a	n/a	trigger	0
297.21	0.0	297210	block_end	120	n/a	n/a	trigger	0
333.912	0.0	333912	response	7	n/a	n/a	trigger	0
333.916	0.0	333916	block_onset	102	n/a	n/a	trigger	0
335.968	0.5	335968	trained	32733	34	memtrain/o_558_2.jpg	photodiode	1
336.819	0.5	336819	untrained	32687	80	memtrain/o_613_1.jpg	photodiode	1
337.67	0.5	337670	trained	32766	1	memtrain/o_015_1.jpg	photodiode	1
338.42	0.5	338420	untrained	32704	63	memtrain/o_310_2.jpg	photodiode	1
339.171	0.5	339171	catch	32671	n/a	catch_padded.jpg	photodiode	0
339.397	0.0	339397	response	7	n/a	n/a	trigger	0
341.223	0.5	341223	untrained	32705	62	memtrain/o_304_1.jpg	photodiode	1
342.065	0.5	342065	untrained	32692	75	memtrain/o_564_1.jpg	photodiode	1
342.866	0.5	342866	trained	32750	17	memtrain/o_232_1.jpg	photodiode	1
343.775	0.5	343775	untrained	32715	52	memtrain/o_141_1.jpg	photodiode	1
344.517	0.5	344517	catch	32671	n/a	catch_padded.jpg	photodiode	0
344.845	0.0	344845	response	7	n/a	n/a	trigger	0
346.427	0.5	346427	trained	32740	27	memtrain/o_379_2.jpg	photodiode	1
347.219	0.5	347219	untrained	32719	48	memtrain/o_019_2.jpg	photodiode	1
347.97	0.5	347970	trained	32730	37	memtrain/o_597_1.jpg	photodiode	1
348.821	0.5	348821	catch	32671	n/a	catch_padded.jpg	photodiode	0
349.238	0.0	349238	response	7	n/a	n/a	trigger	0
350.873	0.5	350873	trained	32721	46	memtrain/so_113_1.jpg	photodiode	1
351.673	0.5	351673	trained	32736	31	memtrain/o_465_2.jpg	photodiode	1
352.574	0.5	352574	trained	32743	24	memtrain/o_357_1.jpg	photodiode	1
353.375	0.5	353375	trained	32763	4	memtrain/o_042_1.jpg	photodiode	1
354.125	0.5	354125	trained	32745	22	memtrain/o_321_1.jpg	photodiode	1
354.926	0.5	354926	catch	32671	n/a	catch_padded.jpg	photodiode	0
355.24	0.0	355240	response	7	n/a	n/a	trigger	0
356.928	0.5	356928	trained	32728	39	memtrain/o_606_1.jpg	photodiode	1
357.778	0.5	357778	untrained	32675	92	memtrain/so_033_1.jpg	photodiode	1
358.679	0.5	358679	trained	32744	23	memtrain/o_338_2.jpg	photodiode	1
359.63	0.5	359630	trained	32753	14	memtrain/o_174_1.jpg	photodiode	1
360.431	0.5	360431	catch	32671	n/a	catch_padded.jpg	photodiode	0
360.756	0.0	360756	response	7	n/a	n/a	trigger	0
362.332	0.5	362332	untrained	32673	94	memtrain/so_067_1.jpg	photodiode	1
363.083	0.5	363083	untrained	32702	65	memtrain/o_337_2.jpg	photodiode	1
363.834	0.5	363834	untrained	32682	85	memtrain/o_218_1.jpg	photodiode	1
364.584	0.5	364584	untrained	32703	64	memtrain/o_334_2.jpg	photodiode	1
365.385	0.5	365385	untrained	32685	82	memtrain/o_656_1.jpg	photodiode	1
366.336	0.5	366336	catch	32671	n/a	catch_padded.jpg	photodiode	0
366.587	0.0	366587	response	7	n/a	n/a	trigger	0
368.437	0.5	368437	trained	32757	10	memtrain/o_111_2.jpg	photodiode	1
369.388	0.5	369388	trained	32764	3	memtrain/o_040_2.jpg	photodiode	1
370.281	0.5	370281	trained	32731	36	memtrain/o_583_1.jpg	photodiode	1
371.181	0.5	371181	trained	32756	11	memtrain/o_117_2.jpg	photodiode	1
371.932	0.5	371932	catch	32671	n/a	catch_padded.jpg	photodiode	0
372.162	0.0	372162	response	7	n/a	n/a	trigger	0
373.934	0.5	373934	untrained	32691	76	memtrain/o_570_1.jpg	photodiode	1
374.684	0.5	374684	untrained	32690	77	memtrain/o_574_2.jpg	photodiode	1
375.585	0.5	375585	trained	32748	19	memtrain/o_284_2.jpg	photodiode	1
376.336	0.5	376336	catch	32671	n/a	catch_padded.jpg	photodiode	0
376.736	0.0	376736	response	7	n/a	n/a	trigger	0
378.287	0.5	378287	trained	32734	33	memtrain/o_536_1.jpg	photodiode	1
379.138	0.5	379138	untrained	32713	54	memtrain/o_145_1.jpg	photodiode	1
380.039	0.5	380039	untrained	32709	58	memtrain/o_192_1.jpg	photodiode	1
380.89	0.5	380890	trained	32737	30	memtrain/o_437_2.jpg	photodiode	1
381.74	0.5	381740	catch	32671	n/a	catch_padded.jpg	photodiode	0
382.032	0.0	382032	response	7	n/a	n/a	trigger	0
383.692	0.5	383692	untrained	32698	69	memtrain/o_464_2.jpg	photodiode	1
384.493	0.5	384493	trained	32755	12	memtrain/o_127_2.jpg	photodiode	1
385.393	0.5	385393	trained	32727	40	memtrain/o_648_2.jpg	photodiode	1
386.144	0.5	386144	untrained	32686	81	memtrain/o_655_2.jpg	photodiode	1
387.045	0.5	387045	catch	32671	n/a	catch_padded.jpg	photodiode	0
387.328	0.0	387328	response	7	n/a	n/a	trigger	0
389.097	0.5	389097	untrained	32680	87	memtrain/o_365_1.jpg	photodiode	1
389.997	0.5	389997	trained	32741	26	memtrain/o_376_1.jpg	photodiode	1
390.948	0.5	390948	untrained	32717	50	memtrain/o_057_2.jpg	photodiode	1
391.849	0.5	391849	untrained	32677	90	memtrain/o_580_1.jpg	photodiode	1
392.8	0.5	392800	catch	32671	n/a	catch_padded.jpg	photodiode	0
393.002	0.0	393002	response	7	n/a	n/a	trigger	0
394.851	0.5	394851	trained	32724	43	memtrain/so_043_2.jpg	photodiode	1
395.752	0.5	395752	trained	32722	45	memtrain/so_090_2.jpg	photodiode	1
396.553	0.5	396553	trained	32749	18	memtrain/o_264_2.jpg	photodiode	1
397.303	0.5	397303	untrained	32688	79	memtrain/o_600_1.jpg	photodiode	1
398.054	0.5	398054	untrained	32710	57	memtrain/o_171_1.jpg	photodiode	1
399.005	0.5	399005	catch	32671	n/a	catch_padded.jpg	photodiode	0
399.199	0.0	399199	response	7	n/a	n/a	trigger	0
400.998	0.5	400998	untrained	32706	61	memtrain/o_298_2.jpg	photodiode	1
401.799	0.5	401799	trained	32720	47	memtrain/so_147_2.jpg	photodiode	1
402.75	0.5	402750	untrained	32695	72	memtrain/o_490_1.jpg	photodiode	1
403.5	0.5	403500	catch	32671	n/a	catch_padded.jpg	photodiode	0
403.861	0.0	403861	response	7	n/a	n/a	trigger	0
405.552	0.5	405552	untrained	32707	60	memtrain/o_228_2.jpg	photodiode	1
406.303	0.5	406303	untrained	32701	66	memtrain/o_342_2.jpg	photodiode	1
407.204	0.5	407204	untrained	32683	84	memtrain/so_117_2.jpg	photodiode	1
408.054	0.5	408054	untrained	32716	51	memtrain/o_103_2.jpg	photodiode	1
409.005	0.5	409005	catch	32671	n/a	catch_padded.jpg	photodiode	0
409.25	0.0	409250	response	7	n/a	n/a	trigger	0
410.957	0.5	410957	untrained	32689	78	memtrain/o_599_1.jpg	photodiode	1
411.858	0.5	411858	trained	32746	21	memtrain/o_319_1.jpg	photodiode	1
412.708	0.5	412708	untrained	32693	74	memtrain/o_550_1.jpg	photodiode	1
413.659	0.5	413659	untrained	32694	73	memtrain/o_519_2.jpg	photodiode	1
414.61	0.5	414610	catch	32671	n/a	catch_padded.jpg	photodiode	0
414.859	0.0	414859	response	7	n/a	n/a	trigger	0
416.662	0.5	416662	trained	32738	29	memtrain/o_416_1.jpg	photodiode	1
417.412	0.5	417412	untrained	32684	83	memtrain/so_105_1.jpg	photodiode	1
418.363	0.5	418363	untrained	32679	88	memtrain/o_458_1.jpg	photodiode	1
419.214	0.5	419214	catch	32671	n/a	catch_padded.jpg	photodiode	0
419.561	0.0	419561	response	7	n/a	n/a	trigger	0
421.266	0.5	421266	trained	32726	41	memtrain/o_663_2.jpg	photodiode	1
422.166	0.5	422166	untrained	32708	59	memtrain/o_201_2.jpg	photodiode	1
423.117	0.5	423117	trained	32735	32	memtrain/o_485_2.jpg	photodiode	1
423.868	0.5	423868	catch	32671	n/a	catch_padded.jpg	photodiode	0
424.224	0.0	424224	response	7	n/a	n/a	trigger	0
425.819	0.5	425819	trained	32761	6	memtrain/o_076_1.jpg	photodiode	1
426.62	0.5	426620	trained	32742	25	memtrain/o_358_2.jpg	photodiode	1
427.471	0.5	427471	trained	32725	42	memtrain/so_034_2.jpg	photodiode	1
428.372	0.5	428372	catch	32671	n/a	catch_padded.jpg	photodiode	0
428.65	0.0	428650	response	7	n/a	n/a	trigger	0
430.415	0.5	430415	untrained	32678	89	memtrain/o_469_1.jpg	photodiode	1
431.266	0.5	431266	trained	32747	20	memtrain/o_290_1.jpg	photodiode	1
432.216	0.5	432216	trained	32765	2	memtrain/o_035_1.jpg	photodiode	1
433.017	0.5	433017	untrained	32714	53	memtrain/o_142_2.jpg	photodiode	1
433.918	0.5	433918	catch	32671	n/a	catch_padded.jpg	photodiode	0
434.187	0.0	434187	response	7	n/a	n/a	trigger	0
435.87	0.5	435870	untrained	32696	71	memtrain/o_483_1.jpg	photodiode	1
436.67	0.5	436670	trained	32751	16	memtrain/o_199_2.jpg	photodiode	1
437.521	0.5	437521	untrained	32718	49	memtrain/o_054_2.jpg	photodiode	1
438.422	0.5	438422	untrained	32700	67	memtrain/o_378_1.jpg	photodiode	1
439.322	0.5	439322	untrained	32676	91	memtrain/o_605_1.jpg	photodiode	1
440.173	0.5	440173	catch	32671	n/a	catch_padded.jpg	photodiode	0
440.397	0.0	440397	response	7	n/a	n/a	trigger	0
442.125	0.5	442125	untrained	32711	56	memtrain/o_163_2.jpg	photodiode	1
443.026	0.5	443026	trained	32758	9	memtrain/o_101_2.jpg	photodiode	1
443.976	0.5	443976	trained	32723	44	memtrain/so_045_1.jpg	photodiode	1
444.827	0.5	444827	trained	32762	5	memtrain/o_067_1.jpg	photodiode	1
445.778	0.5	445778	untrained	32699	68	memtrain/o_393_1.jpg	photodiode	1
446.679	0.5	446679	catch	32671	n/a	catch_padded.jpg	photodiode	0
446.912	0.0	446912	response	7	n/a	n/a	trigger	0
448.73	0.5	448730	trained	32732	35	memtrain/o_561_2.jpg	photodiode	1
449.531	0.5	449531	untrained	32672	95	memtrain/so_125_1.jpg	photodiode	1
450.432	0.5	450432	trained	32759	8	memtrain/o_094_1.jpg	photodiode	1
451.233	0.5	451233	catch	32671	n/a	catch_padded.jpg	photodiode	0
451.571	0.0	451571	response	7	n/a	n/a	trigger	0
453.284	0.5	453284	untrained	32674	93	memtrain/so_035_1.jpg	photodiode	1
454.185	0.5	454185	trained	32767	0	memtrain/o_006_1.jpg	photodiode	1
454.986	0.5	454986	trained	32754	13	memtrain/o_136_1.jpg	photodiode	1
455.937	0.5	455937	catch	32671	n/a	catch_padded.jpg	photodiode	0
456.292	0.0	456292	response	7	n/a	n/a	trigger	0
457.93	0.5	457930	untrained	32697	70	memtrain/o_471_2.jpg	photodiode	1
458.731	0.5	458731	untrained	32712	55	memtrain/o_153_2.jpg	photodiode	1
459.581	0.5	459581	trained	32739	28	memtrain/o_397_1.jpg	photodiode	1
460.332	0.5	460332	trained	32729	38	memtrain/o_603_1.jpg	photodiode	1
461.233	0.5	461233	untrained	32681	86	memtrain/o_288_1.jpg	photodiode	1
462.184	0.5	462184	catch	32671	n/a	catch_padded.jpg	photodiode	0
462.478	0.0	462478	response	7	n/a	n/a	trigger	0
464.285	0.5	464285	trained	32752	15	memtrain/o_195_1.jpg	photodiode	1
465.136	0.5	465136	trained	32760	7	memtrain/o_091_2.jpg	photodiode	1
465.945	0.5	465945	trained	32755	12	memtrain/o_127_2.jpg	photodiode	1
466.737	0.5	466737	trained	32744	23	memtrain/o_338_2.jpg	photodiode	1
467.588	0.5	467588	catch	32671	n/a	catch_padded.jpg	photodiode	0
467.869	0.0	467869	response	7	n/a	n/a	trigger	0
469.59	0.5	469590	untrained	32678	89	memtrain/o_469_1.jpg	photodiode	1
470.541	0.5	470541	untrained	32697	70	memtrain/o_471_2.jpg	photodiode	1
471.291	0.5	471291	untrained	32686	81	memtrain/o_655_2.jpg	photodiode	1
472.042	0.5	472042	trained	32740	27	memtrain/o_379_2.jpg	photodiode	1
472.893	0.5	472893	catch	32671	n/a	catch_padded.jpg	photodiode	0
473.189	0.0	473189	response	7	n/a	n/a	trigger	0
474.844	0.5	474844	trained	32762	5	memtrain/o_067_1.jpg	photodiode	1
475.595	0.5	475595	trained	32746	21	memtrain/o_319_1.jpg	photodiode	1
476.546	0.5	476546	trained	32725	42	memtrain/so_034_2.jpg	photodiode	1
477.296	0.5	477296	untrained	32704	63	memtrain/o_310_2.jpg	photodiode	1
478.147	0.5	478147	catch	32671	n/a	catch_padded.jpg	photodiode	0
478.435	0.0	478435	response	7	n/a	n/a	trigger	0
480.249	0.5	480249	trained	32739	28	memtrain/o_397_1.jpg	photodiode	1
481.1	0.5	481100	untrained	32715	52	memtrain/o_141_1.jpg	photodiode	1
481.9	0.5	481900	trained	32733	34	memtrain/o_558_2.jpg	photodiode	1
482.751	0.5	482751	trained	32753	14	memtrain/o_174_1.jpg	photodiode	1
483.702	0.5	483702	untrained	32709	58	memtrain/o_192_1.jpg	photodiode	1
484.452	0.5	484452	catch	32671	n/a	catch_padded.jpg	photodiode	0
484.756	0.0	484756	response	7	n/a	n/a	trigger	0
486.554	0.5	486554	trained	32734	33	memtrain/o_536_1.jpg	photodiode	1
487.346	0.5	487346	trained	32760	7	memtrain/o_091_2.jpg	photodiode	1
488.197	0.5	488197	trained	32732	35	memtrain/o_561_2.jpg	photodiode	1
488.998	0.5	488998	trained	32757	10	memtrain/o_111_2.jpg	photodiode	1
489.807	0.5	489807	untrained	32714	53	memtrain/o_142_2.jpg	photodiode	1
490.549	0.5	490549	catch	32671	n/a	catch_padded.jpg	photodiode	0
490.877	0.0	490877	response	7	n/a	n/a	trigger	0
492.451	0.5	492451	untrained	32685	82	memtrain/o_656_1.jpg	photodiode	1
493.302	0.5	493302	trained	32738	29	memtrain/o_416_1.jpg	photodiode	1
494.152	0.5	494152	untrained	32682	85	memtrain/o_218_1.jpg	photodiode	1
494.903	0.5	494903	trained	32766	1	memtrain/o_015_1.jpg	photodiode	1
495.704	0.5	495704	trained	32748	19	memtrain/o_284_2.jpg	photodiode	1
496.454	0.5	496454	catch	32671	n/a	catch_padded.jpg	photodiode	0
496.766	0.0	496766	response	7	n/a	n/a	trigger	0
498.406	0.5	498406	untrained	32706	61	memtrain/o_298_2.jpg	photodiode	1
499.207	0.5	499207	trained	32729	38	memtrain/o_603_1.jpg	photodiode	1
500.007	0.5	500007	untrained	32705	62	memtrain/o_304_1.jpg	photodiode	1
500.858	0.5	500858	untrained	32698	69	memtrain/o_464_2.jpg	photodiode	1
501.759	0.5	501759	trained	32749	18	memtrain/o_264_2.jpg	photodiode	1
502.509	0.5	502509	catch	32671	n/a	catch_padded.jpg	photodiode	0
502.778	0.0	502778	response	7	n/a	n/a	trigger	0
504.561	0.5	504561	trained	32726	41	memtrain/o_663_2.jpg	photodiode	1
505.312	0.5	505312	trained	32737	30	memtrain/o_437_2.jpg	photodiode	1
506.212	0.5	506212	trained	32742	25	memtrain/o_358_2.jpg	photodiode	1
507.013	0.5	507013	untrained	32673	94	memtrain/so_067_1.jpg	photodiode	1
507.814	0.5	507814	untrained	32672	95	memtrain/so_125_1.jpg	photodiode	1
508.615	0.5	508615	catch	32671	n/a	catch_padded.jpg	photodiode	0
508.839	0.0	508839	response	7	n/a	n/a	trigger	0
510.566	0.5	510566	untrained	32717	50	memtrain/o_057_2.jpg	photodiode	1
511.517	0.5	511517	trained	32728	39	memtrain/o_606_1.jpg	photodiode	1
512.468	0.5	512468	untrained	32676	91	memtrain/o_605_1.jpg	photodiode	1
513.268	0.5	513268	catch	32671	n/a	catch_padded.jpg	photodiode	0
513.634	0.0	513634	response	7	n/a	n/a	trigger	0
515.17	0.5	515170	trained	32735	32	memtrain/o_485_2.jpg	photodiode	1
516.113	0.5	516113	trained	32741	26	memtrain/o_376_1.jpg	photodiode	1
516.963	0.5	516963	trained	32731	36	memtrain/o_583_1.jpg	photodiode	1
517.872	0.5	517872	trained	32754	13	memtrain/o_136_1.jpg	photodiode	1
518.665	0.5	518665	catch	32671	n/a	catch_padded.jpg	photodiode	0
519.028	0.0	519028	response	7	n/a	n/a	trigger	0
520.767	0.5	520767	trained	32750	17	memtrain/o_232_1.jpg	photodiode	1
521.717	0.5	521717	untrained	32675	92	memtrain/so_033_1.jpg	photodiode	1
522.668	0.5	522668	trained	32751	16	memtrain/o_199_2.jpg	photodiode	1
523.419	0.5	523419	untrained	32694	73	memtrain/o_519_2.jpg	photodiode	1
524.32	0.5	524320	trained	32743	24	memtrain/o_357_1.jpg	photodiode	1
525.17	0.5	525170	catch	32671	n/a	catch_padded.jpg	photodiode	0
525.397	0.0	525397	response	7	n/a	n/a	trigger	0
527.172	0.5	527172	untrained	32713	54	memtrain/o_145_1.jpg	photodiode	1
527.923	0.5	527923	trained	32722	45	memtrain/so_090_2.jpg	photodiode	1
528.873	0.5	528873	untrained	32690	77	memtrain/o_574_2.jpg	photodiode	1
529.724	0.5	529724	catch	32671	n/a	catch_padded.jpg	photodiode	0
529.988	0.0	529988	response	7	n/a	n/a	trigger	0
531.826	0.5	531826	untrained	32689	78	memtrain/o_599_1.jpg	photodiode	1
532.627	0.5	532627	untrained	32687	80	memtrain/o_613_1.jpg	photodiode	1
533.577	0.5	533577	untrained	32711	56	memtrain/o_163_2.jpg	photodiode	1
534.428	0.5	534428	trained	32723	44	memtrain/so_045_1.jpg	photodiode	1
535.279	0.5	535279	untrained	32681	86	memtrain/o_288_1.jpg	photodiode	1
536.13	0.5	536130	catch	32671	n/a	catch_padded.jpg	photodiode	0
536.362	0.0	536362	response	7	n/a	n/a	trigger	0
538.031	0.5	538031	untrained	32718	49	memtrain/o_054_2.jpg	photodiode	1
538.782	0.5	538782	untrained	32680	87	memtrain/o_365_1.jpg	photodiode	1
539.633	0.5	539633	untrained	32716	51	memtrain/o_103_2.jpg	photodiode	1
540.483	0.5	540483	trained	32756	11	memtrain/o_117_2.jpg	photodiode	1
541.284	0.5	541284	untrained	32696	71	memtrain/o_483_1.jpg	photodiode	1
542.235	0.5	542235	catch	32671	n/a	catch_padded.jpg	photodiode	0
542.529	0.0	542529	response	7	n/a	n/a	trigger	0
544.236	0.5	544236	untrained	32688	79	memtrain/o_600_1.jpg	photodiode	1
545.187	0.5	545187	untrained	32674	93	memtrain/so_035_1.jpg	photodiode	1
546.08	0.5	546080	untrained	32702	65	memtrain/o_337_2.jpg	photodiode	1
547.039	0.5	547039	catch	32671	n/a	catch_padded.jpg	photodiode	0
547.347	0.0	547347	response	7	n/a	n/a	trigger	0
549.141	0.5	549141	trained	32736	31	memtrain/o_465_2.jpg	photodiode	1
550.083	0.5	550083	trained	32747	20	memtrain/o_290_1.jpg	photodiode	1
550.984	0.5	550984	trained	32759	8	memtrain/o_094_1.jpg	photodiode	1
551.835	0.5	551835	catch	32671	n/a	catch_padded.jpg	photodiode	0
552.149	0.0	552149	response	7	n/a	n/a	trigger	0
553.886	0.5	553886	trained	32761	6	memtrain/o_076_1.jpg	photodiode	1
554.837	0.5	554837	trained	32765	2	memtrain/o_035_1.jpg	photodiode	1
555.688	0.5	555688	trained	32721	46	memtrain/so_113_1.jpg	photodiode	1
556.589	0.5	556589	catch	32671	n/a	catch_padded.jpg	photodiode	0
556.867	0.0	556867	response	7	n/a	n/a	trigger	0
558.64	0.5	558640	untrained	32703	64	memtrain/o_334_2.jpg	photodiode	1
559.591	0.5	559591	untrained	32679	88	memtrain/o_458_1.jpg	photodiode	1
560.492	0.5	560492	trained	32752	15	memtrain/o_195_1.jpg	photodiode	1
561.242	0.5	561242	untrained	32708	59	memtrain/o_201_2.jpg	photodiode	1
562.193	0.5	562193	catch	32671	n/a	catch_padded.jpg	photodiode	0
562.463	0.0	562463	response	7	n/a	n/a	trigger	0
564.145	0.5	564145	trained	32727	40	memtrain/o_648_2.jpg	photodiode	1
564.946	0.5	564946	untrained	32684	83	memtrain/so_105_1.jpg	photodiode	1
565.896	0.5	565896	trained	32745	22	memtrain/o_321_1.jpg	photodiode	1
566.647	0.5	566647	untrained	32707	60	memtrain/o_228_2.jpg	photodiode	1
567.398	0.5	567398	catch	32671	n/a	catch_padded.jpg	photodiode	0
567.71	0.0	567710	response	7	n/a	n/a	trigger	0
569.299	0.5	569299	untrained	32691	76	memtrain/o_570_1.jpg	photodiode	1
570.2	0.5	570200	untrained	32683	84	memtrain/so_117_2.jpg	photodiode	1
571.101	0.5	571101	untrained	32695	72	memtrain/o_490_1.jpg	photodiode	1
572.052	0.5	572052	untrained	32693	74	memtrain/o_550_1.jpg	photodiode	1
572.852	0.5	572852	untrained	32692	75	memtrain/o_564_1.jpg	photodiode	1
573.803	0.5	573803	catch	32671	n/a	catch_padded.jpg	photodiode	0
574.077	0.0	574077	response	7	n/a	n/a	trigger	0
575.705	0.5	575705	untrained	32710	57	memtrain/o_171_1.jpg	photodiode	1
576.455	0.5	576455	trained	32724	43	memtrain/so_043_2.jpg	photodiode	1
577.206	0.5	577206	untrained	32677	90	memtrain/o_580_1.jpg	photodiode	1
578.048	0.5	578048	catch	32671	n/a	catch_padded.jpg	photodiode	0
578.393	0.0	578393	response	7	n/a	n/a	trigger	0
580.0	0.5	580000	untrained	32719	48	memtrain/o_019_2.jpg	photodiode	1
580.851	0.5	580851	trained	32767	0	memtrain/o_006_1.jpg	photodiode	1
581.601	0.5	581601	trained	32758	9	memtrain/o_101_2.jpg	photodiode	1
582.452	0.5	582452	trained	32720	47	memtrain/so_147_2.jpg	photodiode	1
583.403	0.5	583403	untrained	32701	66	memtrain/o_342_2.jpg	photodiode	1
584.254	0.5	584254	catch	32671	n/a	catch_padded.jpg	photodiode	0
584.475	0.0	584475	response	7	n/a	n/a	trigger	0
586.205	0.5	586205	trained	32763	4	memtrain/o_042_1.jpg	photodiode	1
587.006	0.5	587006	trained	32764	3	memtrain/o_040_2.jpg	photodiode	1
587.757	0.5	587757	untrained	32700	67	memtrain/o_378_1.jpg	photodiode	1
588.507	0.5	588507	catch	32671	n/a	catch_padded.jpg	photodiode	0
588.852	0.0	588852	response	7	n/a	n/a	trigger	0
590.609	0.5	590609	untrained	32712	55	memtrain/o_153_2.jpg	photodiode	1
591.51	0.5	591510	untrained	32699	68	memtrain/o_393_1.jpg	photodiode	1
592.461	0.5	592461	trained	32730	37	memtrain/o_597_1.jpg	photodiode	1
593.211	0.5	593211	catch	32671	n/a	catch_padded.jpg	photodiode	0
593.573	0.0	593573	response	7	n/a	n/a	trigger	0
595.685	0.0	595685	block_end	120	n/a	n/a	trigger	0
678.478	0.0	678478	response	7	n/a	n/a	trigger	0
678.482	0.0	678482	block_onset	103	n/a	n/a	trigger	0
680.527	0.5	680527	untrained	32712	55	memtrain/o_153_2.jpg	photodiode	1
681.378	0.5	681378	trained	32754	13	memtrain/o_136_1.jpg	photodiode	1
682.228	0.5	682228	untrained	32713	54	memtrain/o_145_1.jpg	photodiode	1
683.029	0.5	683029	trained	32747	20	memtrain/o_290_1.jpg	photodiode	1
683.88	0.5	683880	catch	32671	n/a	catch_padded.jpg	photodiode	0
684.292	0.0	684292	response	7	n/a	n/a	trigger	0
685.781	0.5	685781	untrained	32698	69	memtrain/o_464_2.jpg	photodiode	1
686.532	0.5	686532	untrained	32715	52	memtrain/o_141_1.jpg	photodiode	1
687.441	0.5	687441	trained	32756	11	memtrain/o_117_2.jpg	photodiode	1
688.183	0.5	688183	catch	32671	n/a	catch_padded.jpg	photodiode	0
688.526	0.0	688526	response	7	n/a	n/a	trigger	0
690.285	0.5	690285	untrained	32710	57	memtrain/o_171_1.jpg	photodiode	1
691.236	0.5	691236	untrained	32704	63	memtrain/o_310_2.jpg	photodiode	1
692.037	0.5	692037	trained	32734	33	memtrain/o_536_1.jpg	photodiode	1
692.787	0.5	692787	untrained	32674	93	memtrain/so_035_1.jpg	photodiode	1
693.688	0.5	693688	catch	32671	n/a	catch_padded.jpg	photodiode	0
693.919	0.0	693919	response	7	n/a	n/a	trigger	0
695.69	0.5	695690	trained	32753	14	memtrain/o_174_1.jpg	photodiode	1
696.49	0.5	696490	untrained	32699	68	memtrain/o_393_1.jpg	photodiode	1
697.341	0.5	697341	untrained	32687	80	memtrain/o_613_1.jpg	photodiode	1
698.292	0.5	698292	trained	32751	16	memtrain/o_199_2.jpg	photodiode	1
699.043	0.5	699043	catch	32671	n/a	catch_padded.jpg	photodiode	0
699.26	0.0	699260	response	7	n/a	n/a	trigger	0
701.144	0.5	701144	untrained	32709	58	memtrain/o_192_1.jpg	photodiode	1
701.945	0.5	701945	untrained	32708	59	memtrain/o_201_2.jpg	photodiode	1
702.846	0.5	702846	untrained	32682	85	memtrain/o_218_1.jpg	photodiode	1
703.747	0.5	703747	trained	32735	32	memtrain/o_485_2.jpg	photodiode	1
704.597	0.5	704597	catch	32671	n/a	catch_padded.jpg	photodiode	0
705.073	0.0	705073	response	7	n/a	n/a	trigger	0
706.499	0.5	706499	trained	32744	23	memtrain/o_338_2.jpg	photodiode	1
707.35	0.5	707350	untrained	32714	53	memtrain/o_142_2.jpg	photodiode	1
708.1	0.5	708100	trained	32720	47	memtrain/so_147_2.jpg	photodiode	1
709.051	0.5	709051	untrained	32702	65	memtrain/o_337_2.jpg	photodiode	1
709.793	0.5	709793	trained	32739	28	memtrain/o_397_1.jpg	photodiode	1
710.594	0.5	710594	catch	32671	n/a	catch_padded.jpg	photodiode	0
710.813	0.0	710813	response	7	n/a	n/a	trigger	0
712.696	0.5	712696	untrained	32718	49	memtrain/o_054_2.jpg	photodiode	1
713.597	0.5	713597	untrained	32695	72	memtrain/o_490_1.jpg	photodiode	1
714.497	0.5	714497	trained	32737	30	memtrain/o_437_2.jpg	photodiode	1
715.448	0.5	715448	untrained	32679	88	memtrain/o_458_1.jpg	photodiode	1
716.357	0.5	716357	untrained	32685	82	memtrain/o_656_1.jpg	photodiode	1
717.1	0.5	717100	catch	32671	n/a	catch_padded.jpg	photodiode	0
717.371	0.0	717371	response	7	n/a	n/a	trigger	0
719.201	0.5	719201	trained	32748	19	memtrain/o_284_2.jpg	photodiode	1
720.052	0.5	720052	untrained	32689	78	memtrain/o_599_1.jpg	photodiode	1
720.803	0.5	720803	untrained	32680	87	memtrain/o_365_1.jpg	photodiode	1
721.654	0.5	721654	trained	32765	2	memtrain/o_035_1.jpg	photodiode	1
722.504	0.5	722504	untrained	32684	83	memtrain/so_105_1.jpg	photodiode	1
723.305	0.5	723305	catch	32671	n/a	catch_padded.jpg	photodiode	0
723.583	0.0	723583	response	7	n/a	n/a	trigger	0
725.357	0.5	725357	untrained	32697	70	memtrain/o_471_2.jpg	photodiode	1
726.207	0.5	726207	trained	32733	34	memtrain/o_558_2.jpg	photodiode	1
727.058	0.5	727058	trained	32764	3	memtrain/o_040_2.jpg	photodiode	1
727.959	0.5	727959	untrained	32676	91	memtrain/o_605_1.jpg	photodiode	1
728.71	0.5	728710	catch	32671	n/a	catch_padded.jpg	photodiode	0
729.05	0.0	729050	response	7	n/a	n/a	trigger	0
730.711	0.5	730711	trained	32729	38	memtrain/o_603_1.jpg	photodiode	1
731.462	0.5	731462	untrained	32717	50	memtrain/o_057_2.jpg	photodiode	1
732.263	0.5	732263	trained	32736	31	memtrain/o_465_2.jpg	photodiode	1
733.013	0.5	733013	untrained	32706	61	memtrain/o_298_2.jpg	photodiode	1
733.764	0.5	733764	catch	32671	n/a	catch_padded.jpg	photodiode	0
734.032	0.0	734032	response	7	n/a	n/a	trigger	0
735.665	0.5	735665	untrained	32683	84	memtrain/so_117_2.jpg	photodiode	1
736.516	0.5	736516	untrained	32672	95	memtrain/so_125_1.jpg	photodiode	1
737.367	0.5	737367	trained	32730	37	memtrain/o_597_1.jpg	photodiode	1
738.168	0.5	738168	trained	32752	15	memtrain/o_195_1.jpg	photodiode	1
739.11	0.5	739110	catch	32671	n/a	catch_padded.jpg	photodiode	0
739.414	0.0	739414	response	7	n/a	n/a	trigger	0
741.062	0.5	741062	untrained	32703	64	memtrain/o_334_2.jpg	photodiode	1
741.912	0.5	741912	trained	32725	42	memtrain/so_034_2.jpg	photodiode	1
742.763	0.5	742763	trained	32758	9	memtrain/o_101_2.jpg	photodiode	1
743.614	0.5	743614	untrained	32705	62	memtrain/o_304_1.jpg	photodiode	1
744.515	0.5	744515	untrained	32693	74	memtrain/o_550_1.jpg	photodiode	1
745.465	0.5	745465	catch	32671	n/a	catch_padded.jpg	photodiode	0
745.677	0.0	745677	response	7	n/a	n/a	trigger	0
747.367	0.5	747367	untrained	32694	73	memtrain/o_519_2.jpg	photodiode	1
748.218	0.5	748218	trained	32731	36	memtrain/o_583_1.jpg	photodiode	1
749.068	0.5	749068	trained	32732	35	memtrain/o_561_2.jpg	photodiode	1
750.019	0.5	750019	catch	32671	n/a	catch_padded.jpg	photodiode	0
750.314	0.0	750314	response	7	n/a	n/a	trigger	0
752.021	0.5	752021	trained	32759	8	memtrain/o_094_1.jpg	photodiode	1
752.872	0.5	752872	untrained	32691	76	memtrain/o_570_1.jpg	photodiode	1
753.772	0.5	753772	trained	32728	39	memtrain/o_606_1.jpg	photodiode	1
754.723	0.5	754723	untrained	32678	89	memtrain/o_469_1.jpg	photodiode	1
755.524	0.5	755524	trained	32766	1	memtrain/o_015_1.jpg	photodiode	1
756.325	0.5	756325	catch	32671	n/a	catch_padded.jpg	photodiode	0
756.534	0.0	756534	response	7	n/a	n/a	trigger	0
758.426	0.5	758426	trained	32749	18	memtrain/o_264_2.jpg	photodiode	1
759.177	0.5	759177	trained	32741	26	memtrain/o_376_1.jpg	photodiode	1
760.078	0.5	760078	trained	32763	4	memtrain/o_042_1.jpg	photodiode	1
760.928	0.5	760928	trained	32755	12	memtrain/o_127_2.jpg	photodiode	1
761.879	0.5	761879	trained	32745	22	memtrain/o_321_1.jpg	photodiode	1
762.68	0.5	762680	catch	32671	n/a	catch_padded.jpg	photodiode	0
762.951	0.0	762951	response	7	n/a	n/a	trigger	0
764.782	0.5	764782	trained	32724	43	memtrain/so_043_2.jpg	photodiode	1
765.733	0.5	765733	trained	32750	17	memtrain/o_232_1.jpg	photodiode	1
766.533	0.5	766533	untrained	32677	90	memtrain/o_580_1.jpg	photodiode	1
767.334	0.5	767334	trained	32757	10	memtrain/o_111_2.jpg	photodiode	1
768.076	0.5	768076	trained	32726	41	memtrain/o_663_2.jpg	photodiode	1
769.035	0.5	769035	catch	32671	n/a	catch_padded.jpg	photodiode	0
769.349	0.0	769349	response	7	n/a	n/a	trigger	0
770.979	0.5	770979	untrained	32707	60	memtrain/o_228_2.jpg	photodiode	1
771.829	0.5	771829	trained	32761	6	memtrain/o_076_1.jpg	photodiode	1
772.73	0.5	772730	untrained	32700	67	memtrain/o_378_1.jpg	photodiode	1
773.539	0.5	773539	catch	32671	n/a	catch_padded.jpg	photodiode	0
773.804	0.0	773804	response	7	n/a	n/a	trigger	0
775.633	0.5	775633	untrained	32690	77	memtrain/o_574_2.jpg	photodiode	1
776.583	0.5	776583	trained	32738	29	memtrain/o_416_1.jpg	photodiode	1
777.434	0.5	777434	untrained	32692	75	memtrain/o_564_1.jpg	photodiode	1
778.285	0.5	778285	trained	32743	24	memtrain/o_357_1.jpg	photodiode	1
779.094	0.5	779094	trained	32722	45	memtrain/so_090_2.jpg	photodiode	1
779.836	0.5	779836	catch	32671	n/a	catch_padded.jpg	photodiode	0
780.139	0.0	780139	response	7	n/a	n/a	trigger	0
781.846	0.5	781846	untrained	32675	92	memtrain/so_033_1.jpg	photodiode	1
782.639	0.5	782639	untrained	32696	71	memtrain/o_483_1.jpg	photodiode	1
783.439	0.5	783439	untrained	32673	94	memtrain/so_067_1.jpg	photodiode	1
784.24	0.5	784240	catch	32671	n/a	catch_padded.jpg	photodiode	0
784.646	0.0	784646	response	7	n/a	n/a	trigger	0
786.242	0.5	786242	trained	32721	46	memtrain/so_113_1.jpg	photodiode	1
787.142	0.5	787142	untrained	32688	79	memtrain/o_600_1.jpg	photodiode	1
787.893	0.5	787893	trained	32723	44	memtrain/so_045_1.jpg	photodiode	1
788.744	0.5	788744	untrained	32701	66	memtrain/o_342_2.jpg	photodiode	1
789.645	0.5	789645	trained	32762	5	memtrain/o_067_1.jpg	photodiode	1
790.445	0.5	790445	catch	32671	n/a	catch_padded.jpg	photodiode	0
790.695	0.0	790695	response	7	n/a	n/a	trigger	0
792.397	0.5	792397	untrained	32681	86	memtrain/o_288_1.jpg	photodiode	1
793.348	0.5	793348	untrained	32719	48	memtrain/o_019_2.jpg	photodiode	1
794.298	0.5	794298	trained	32746	21	memtrain/o_319_1.jpg	photodiode	1
795.099	0.5	795099	trained	32727	40	memtrain/o_648_2.jpg	photodiode	1
795.9	0.5	795900	trained	32740	27	memtrain/o_379_2.jpg	photodiode	1
796.851	0.5	796851	catch	32671	n/a	catch_padded.jpg	photodiode	0
797.077	0.0	797077	response	7	n/a	n/a	trigger	0
798.894	0.5	798894	untrained	32686	81	memtrain/o_655_2.jpg	photodiode	1
799.795	0.5	799795	untrained	32711	56	memtrain/o_163_2.jpg	photodiode	1
800.545	0.5	800545	trained	32760	7	memtrain/o_091_2.jpg	photodiode	1
801.446	0.5	801446	catch	32671	n/a	catch_padded.jpg	photodiode	0
801.774	0.0	801774	response	7	n/a	n/a	trigger	0
803.398	0.5	803398	untrained	32716	51	memtrain/o_103_2.jpg	photodiode	1
804.148	0.5	804148	trained	32742	25	memtrain/o_358_2.jpg	photodiode	1
805.049	0.5	805049	trained	32767	0	memtrain/o_006_1.jpg	photodiode	1
805.95	0.5	805950	catch	32671	n/a	catch_padded.jpg	photodiode	0
806.294	0.0	806294	response	7	n/a	n/a	trigger	0
807.852	0.5	807852	trained	32739	28	memtrain/o_397_1.jpg	photodiode	1
808.702	0.5	808702	untrained	32719	48	memtrain/o_019_2.jpg	photodiode	1
809.503	0.5	809503	untrained	32680	87	memtrain/o_365_1.jpg	photodiode	1
810.304	0.5	810304	untrained	32672	95	memtrain/so_125_1.jpg	photodiode	1
811.104	0.5	811104	trained	32727	40	memtrain/o_648_2.jpg	photodiode	1
811.955	0.5	811955	catch	32671	n/a	catch_padded.jpg	photodiode	0
812.167	0.0	812167	response	7	n/a	n/a	trigger	0
814.007	0.5	814007	untrained	32687	80	memtrain/o_613_1.jpg	photodiode	1
814.807	0.5	814807	untrained	32708	59	memtrain/o_201_2.jpg	photodiode	1
815.708	0.5	815708	trained	32725	42	memtrain/so_034_2.jpg	photodiode	1
816.609	0.5	816609	catch	32671	n/a	catch_padded.jpg	photodiode	0
816.898	0.0	816898	response	7	n/a	n/a	trigger	0
818.711	0.5	818711	untrained	32683	84	memtrain/so_117_2.jpg	photodiode	1
819.511	0.5	819511	trained	32755	12	memtrain/o_127_2.jpg	photodiode	1
820.362	0.5	820362	untrained	32686	81	memtrain/o_655_2.jpg	photodiode	1
821.313	0.5	821313	untrained	32684	83	memtrain/so_105_1.jpg	photodiode	1
822.064	0.5	822064	catch	32671	n/a	catch_padded.jpg	photodiode	0
822.329	0.0	822329	response	7	n/a	n/a	trigger	0
824.115	0.5	824115	untrained	32693	74	memtrain/o_550_1.jpg	photodiode	1
825.066	0.5	825066	untrained	32715	52	memtrain/o_141_1.jpg	photodiode	1
825.859	0.5	825859	trained	32734	33	memtrain/o_536_1.jpg	photodiode	1
826.659	0.5	826659	untrained	32710	57	memtrain/o_171_1.jpg	photodiode	1
827.468	0.5	827468	catch	32671	n/a	catch_padded.jpg	photodiode	0
827.7	0.0	827700	response	7	n/a	n/a	trigger	0
829.362	0.5	829362	trained	32722	45	memtrain/so_090_2.jpg	photodiode	1
830.262	0.5	830262	trained	32758	9	memtrain/o_101_2.jpg	photodiode	1
831.221	0.5	831221	untrained	32706	61	memtrain/o_298_2.jpg	photodiode	1
832.072	0.5	832072	untrained	32711	56	memtrain/o_163_2.jpg	photodiode	1
832.965	0.5	832965	catch	32671	n/a	catch_padded.jpg	photodiode	0
833.277	0.0	833277	response	7	n/a	n/a	trigger	0
834.966	0.5	834966	trained	32723	44	memtrain/so_045_1.jpg	photodiode	1
835.917	0.5	835917	trained	32741	26	memtrain/o_376_1.jpg	photodiode	1
836.868	0.5	836868	trained	32737	30	memtrain/o_437_2.jpg	photodiode	1
837.619	0.5	837619	catch	32671	n/a	catch_padded.jpg	photodiode	0
837.966	0.0	837966	response	7	n/a	n/a	trigger	0
839.52	0.5	839520	untrained	32716	51	memtrain/o_103_2.jpg	photodiode	1
840.471	0.5	840471	trained	32767	0	memtrain/o_006_1.jpg	photodiode	1
841.222	0.5	841222	untrained	32697	70	memtrain/o_471_2.jpg	photodiode	1
842.122	0.5	842122	trained	32761	6	memtrain/o_076_1.jpg	photodiode	1
842.923	0.5	842923	trained	32747	20	memtrain/o_290_1.jpg	photodiode	1
843.724	0.5	843724	catch	32671	n/a	catch_padded.jpg	photodiode	0
843.92	0.0	843920	response	7	n/a	n/a	trigger	0
845.825	0.5	845825	untrained	32694	73	memtrain/o_519_2.jpg	photodiode	1
846.626	0.5	846626	trained	32728	39	memtrain/o_606_1.jpg	photodiode	1
847.427	0.5	847427	untrained	32679	88	memtrain/o_458_1.jpg	photodiode	1
848.378	0.5	848378	trained	32763	4	memtrain/o_042_1.jpg	photodiode	1
849.278	0.5	849278	trained	32764	3	memtrain/o_040_2.jpg	photodiode	1
850.229	0.5	850229	catch	32671	n/a	catch_padded.jpg	photodiode	0
850.407	0.0	850407	response	7	n/a	n/a	trigger	0
852.131	0.5	852131	untrained	32717	50	memtrain/o_057_2.jpg	photodiode	1
852.881	0.5	852881	untrained	32678	89	memtrain/o_469_1.jpg	photodiode	1
853.632	0.5	853632	untrained	32713	54	memtrain/o_145_1.jpg	photodiode	1
854.433	0.5	854433	trained	32738	29	memtrain/o_416_1.jpg	photodiode	1
855.375	0.5	855375	catch	32671	n/a	catch_padded.jpg	photodiode	0
855.684	0.0	855684	response	7	n/a	n/a	trigger	0
857.377	0.5	857377	trained	32760	7	memtrain/o_091_2.jpg	photodiode	1
858.278	0.5	858278	trained	32735	32	memtrain/o_485_2.jpg	photodiode	1
859.187	0.5	859187	untrained	32714	53	memtrain/o_142_2.jpg	photodiode	1
860.079	0.5	860079	catch	32671	n/a	catch_padded.jpg	photodiode	0
860.425	0.0	860425	response	7	n/a	n/a	trigger	0
862.181	0.5	862181	trained	32759	8	memtrain/o_094_1.jpg	photodiode	1
863.032	0.5	863032	untrained	32674	93	memtrain/so_035_1.jpg	photodiode	1
863.891	0.5	863891	trained	32751	16	memtrain/o_199_2.jpg	photodiode	1
864.833	0.5	864833	untrained	32692	75	memtrain/o_564_1.jpg	photodiode	1
865.734	0.5	865734	trained	32732	35	memtrain/o_561_2.jpg	photodiode	1
866.685	0.5	866685	catch	32671	n/a	catch_padded.jpg	photodiode	0
866.933	0.0	866933	response	7	n/a	n/a	trigger	0
868.636	0.5	868636	trained	32765	2	memtrain/o_035_1.jpg	photodiode	1
869.387	0.5	869387	untrained	32689	78	memtrain/o_599_1.jpg	photodiode	1
870.188	0.5	870188	untrained	32704	63	memtrain/o_310_2.jpg	photodiode	1
870.938	0.5	870938	untrained	32709	58	memtrain/o_192_1.jpg	photodiode	1
871.889	0.5	871889	trained	32731	36	memtrain/o_583_1.jpg	photodiode	1
872.64	0.5	872640	catch	32671	n/a	catch_padded.jpg	photodiode	0
872.976	0.0	872976	response	7	n/a	n/a	trigger	0
874.692	0.5	874692	untrained	32700	67	memtrain/o_378_1.jpg	photodiode	1
875.492	0.5	875492	untrained	32718	49	memtrain/o_054_2.jpg	photodiode	1
876.243	0.5	876243	untrained	32707	60	memtrain/o_228_2.jpg	photodiode	1
877.194	0.5	877194	catch	32671	n/a	catch_padded.jpg	photodiode	0
877.528	0.0	877528	response	7	n/a	n/a	trigger	0
879.195	0.5	879195	trained	32730	37	memtrain/o_597_1.jpg	photodiode	1
879.946	0.5	879946	untrained	32677	90	memtrain/o_580_1.jpg	photodiode	1
880.797	0.5	880797	trained	32746	21	memtrain/o_319_1.jpg	photodiode	1
881.697	0.5	881697	untrained	32676	91	memtrain/o_605_1.jpg	photodiode	1
882.448	0.5	882448	catch	32671	n/a	catch_padded.jpg	photodiode	0
882.739	0.0	882739	response	7	n/a	n/a	trigger	0
884.4	0.5	884400	untrained	32696	71	memtrain/o_483_1.jpg	photodiode	1
885.2	0.5	885200	trained	32744	23	memtrain/o_338_2.jpg	photodiode	1
886.151	0.5	886151	untrained	32702	65	memtrain/o_337_2.jpg	photodiode	1
887.052	0.5	887052	catch	32671	n/a	catch_padded.jpg	photodiode	0
887.311	0.0	887311	response	7	n/a	n/a	trigger	0
889.045	0.5	889045	untrained	32675	92	memtrain/so_033_1.jpg	photodiode	1
889.946	0.5	889946	untrained	32703	64	memtrain/o_334_2.jpg	photodiode	1
890.755	0.5	890755	trained	32750	17	memtrain/o_232_1.jpg	photodiode	1
891.656	0.5	891656	catch	32671	n/a	catch_padded.jpg	photodiode	0
891.915	0.0	891915	response	7	n/a	n/a	trigger	0
893.708	0.5	893708	trained	32757	10	memtrain/o_111_2.jpg	photodiode	1
894.6	0.5	894600	trained	32749	18	memtrain/o_264_2.jpg	photodiode	1
895.351	0.5	895351	trained	32740	27	memtrain/o_379_2.jpg	photodiode	1
896.252	0.5	896252	catch	32671	n/a	catch_padded.jpg	photodiode	0
896.568	0.0	896568	response	7	n/a	n/a	trigger	0
898.312	0.5	898312	untrained	32698	69	memtrain/o_464_2.jpg	photodiode	1
899.154	0.5	899154	trained	32753	14	memtrain/o_174_1.jpg	photodiode	1
900.055	0.5	900055	untrained	32690	77	memtrain/o_574_2.jpg	photodiode	1
900.956	0.5	900956	untrained	32712	55	memtrain/o_153_2.jpg	photodiode	1
901.756	0.5	901756	catch	32671	n/a	catch_padded.jpg	photodiode	0
902.093	0.0	902093	response	7	n/a	n/a	trigger	0
903.658	0.5	903658	untrained	32695	72	memtrain/o_490_1.jpg	photodiode	1
904.509	0.5	904509	trained	32754	13	memtrain/o_136_1.jpg	photodiode	1
905.459	0.5	905459	untrained	32701	66	memtrain/o_342_2.jpg	photodiode	1
906.41	0.5	906410	catch	32671	n/a	catch_padded.jpg	photodiode	0
906.684	0.0	906684	response	7	n/a	n/a	trigger	0
908.512	0.5	908512	trained	32766	1	memtrain/o_015_1.jpg	photodiode	1
909.263	0.5	909263	trained	32748	19	memtrain/o_284_2.jpg	photodiode	1
910.013	0.5	910013	trained	32745	22	memtrain/o_321_1.jpg	photodiode	1
910.814	0.5	910814	catch	32671	n/a	catch_padded.jpg	photodiode	0
911.132	0.0	911132	response	7	n/a	n/a	trigger	0
912.766	0.5	912766	untrained	32691	76	memtrain/o_570_1.jpg	photodiode	1
913.516	0.5	913516	trained	32762	5	memtrain/o_067_1.jpg	photodiode	1
914.267	0.5	914267	trained	32720	47	memtrain/so_147_2.jpg	photodiode	1
915.109	0.5	915109	trained	32756	11	memtrain/o_117_2.jpg	photodiode	1
915.96	0.5	915960	trained	32724	43	memtrain/so_043_2.jpg	photodiode	1
916.719	0.5	916719	catch	32671	n/a	catch_padded.jpg	photodiode	0
917.012	0.0	917012	response	7	n/a	n/a	trigger	0
918.712	0.5	918712	untrained	32685	82	memtrain/o_656_1.jpg	photodiode	1
919.663	0.5	919663	trained	32729	38	memtrain/o_603_1.jpg	photodiode	1
920.572	0.5	920572	untrained	32699	68	memtrain/o_393_1.jpg	photodiode	1
921.465	0.5	921465	trained	32721	46	memtrain/so_113_1.jpg	photodiode	1
922.415	0.5	922415	catch	32671	n/a	catch_padded.jpg	photodiode	0
922.688	0.0	922688	response	7	n/a	n/a	trigger	0
924.475	0.5	924475	trained	32726	41	memtrain/o_663_2.jpg	photodiode	1
925.318	0.5	925318	untrained	32705	62	memtrain/o_304_1.jpg	photodiode	1
926.118	0.5	926118	trained	32743	24	memtrain/o_357_1.jpg	photodiode	1
926.969	0.5	926969	catch	32671	n/a	catch_padded.jpg	photodiode	0
927.233	0.0	927233	response	7	n/a	n/a	trigger	0
928.879	0.5	928879	trained	32736	31	memtrain/o_465_2.jpg	photodiode	1
929.822	0.5	929822	untrained	32688	79	memtrain/o_600_1.jpg	photodiode	1
930.772	0.5	930772	untrained	32681	86	memtrain/o_288_1.jpg	photodiode	1
931.673	0.5	931673	trained	32752	15	memtrain/o_195_1.jpg	photodiode	1
932.424	0.5	932424	catch	32671	n/a	catch_padded.jpg	photodiode	0
932.747	0.0	932747	response	7	n/a	n/a	trigger	0
934.426	0.5	934426	untrained	32673	94	memtrain/so_067_1.jpg	photodiode	1
935.376	0.5	935376	untrained	32682	85	memtrain/o_218_1.jpg	photodiode	1
936.127	0.5	936127	trained	32742	25	memtrain/o_358_2.jpg	photodiode	1
936.878	0.5	936878	trained	32733	34	memtrain/o_558_2.jpg	photodiode	1
937.778	0.5	937778	catch	32671	n/a	catch_padded.jpg	photodiode	0
938.048	0.0	938048	response	7	n/a	n/a	trigger	0
940.252	0.0	940252	block_end	120	n/a	n/a	trigger	0
1004.587	0.0	1004587	response	7	n/a	n/a	trigger	0
1004.591	0.0	1004591	block_onset	104	n/a	n/a	trigger	0
1006.637	0.5	1006637	trained	32754	13	memtrain/o_136_1.jpg	photodiode	1
1007.437	0.5	1007437	trained	32751	16	memtrain/o_199_2.jpg	photodiode	1
1008.388	0.5	1008388	untrained	32675	92	memtrain/so_033_1.jpg	photodiode	1
1009.339	0.5	1009339	catch	32671	n/a	catch_padded.jpg	photodiode	0
1009.685	0.0	1009685	response	7	n/a	n/a	trigger	0
1011.341	0.5	1011341	untrained	32703	64	memtrain/o_334_2.jpg	photodiode	1
1012.241	0.5	1012241	untrained	32682	85	memtrain/o_218_1.jpg	photodiode	1
1013.092	0.5	1013092	untrained	32706	61	memtrain/o_298_2.jpg	photodiode	1
1013.993	0.5	1013993	catch	32671	n/a	catch_padded.jpg	photodiode	0
1014.347	0.0	1014347	response	7	n/a	n/a	trigger	0
1015.995	0.5	1015995	trained	32728	39	memtrain/o_606_1.jpg	photodiode	1
1016.845	0.5	1016845	untrained	32718	49	memtrain/o_054_2.jpg	photodiode	1
1017.696	0.5	1017696	trained	32745	22	memtrain/o_321_1.jpg	photodiode	1
1018.597	0.5	1018597	catch	32671	n/a	catch_padded.jpg	photodiode	0
1018.899	0.0	1018899	response	7	n/a	n/a	trigger	0
1020.699	0.5	1020699	trained	32739	28	memtrain/o_397_1.jpg	photodiode	1
1021.599	0.5	1021599	untrained	32680	87	memtrain/o_365_1.jpg	photodiode	1
1022.4	0.5	1022400	untrained	32677	90	memtrain/o_580_1.jpg	photodiode	1
1023.301	0.5	1023301	catch	32671	n/a	catch_padded.jpg	photodiode	0
1023.547	0.0	1023547	response	7	n/a	n/a	trigger	0
1025.353	0.5	1025353	untrained	32689	78	memtrain/o_599_1.jpg	photodiode	1
1026.203	0.5	1026203	untrained	32717	50	memtrain/o_057_2.jpg	photodiode	1
1027.104	0.5	1027104	untrained	32688	79	memtrain/o_600_1.jpg	photodiode	1
1027.955	0.5	1027955	untrained	32673	94	memtrain/so_067_1.jpg	photodiode	1
1028.806	0.5	1028806	trained	32742	25	memtrain/o_358_2.jpg	photodiode	1
1029.656	0.5	1029656	catch	32671	n/a	catch_padded.jpg	photodiode	0
1029.849	0.0	1029849	response	7	n/a	n/a	trigger	0
1031.708	0.5	1031708	trained	32721	46	memtrain/so_113_1.jpg	photodiode	1
1032.559	0.5	1032559	untrained	32672	95	memtrain/so_125_1.jpg	photodiode	1
1033.359	0.5	1033359	untrained	32690	77	memtrain/o_574_2.jpg	photodiode	1
1034.252	0.5	1034252	catch	32671	n/a	catch_padded.jpg	photodiode	0
1034.53	0.0	1034530	response	7	n/a	n/a	trigger	0
1036.153	0.5	1036153	trained	32741	26	memtrain/o_376_1.jpg	photodiode	1
1036.904	0.5	1036904	untrained	32707	60	memtrain/o_228_2.jpg	photodiode	1
1037.805	0.5	1037805	untrained	32683	84	memtrain/so_117_2.jpg	photodiode	1
1038.606	0.5	1038606	untrained	32697	70	memtrain/o_471_2.jpg	photodiode	1
1039.356	0.5	1039356	untrained	32685	82	memtrain/o_656_1.jpg	photodiode	1
1040.307	0.5	1040307	catch	32671	n/a	catch_padded.jpg	photodiode	0
1040.531	0.0	1040531	response	7	n/a	n/a	trigger	0
1042.209	0.5	1042209	untrained	32686	81	memtrain/o_655_2.jpg	photodiode	1
1043.009	0.5	1043009	trained	32756	11	memtrain/o_117_2.jpg	photodiode	1
1043.96	0.5	1043960	trained	32732	35	memtrain/o_561_2.jpg	photodiode	1
1044.811	0.5	1044811	untrained	32678	89	memtrain/o_469_1.jpg	photodiode	1
1045.712	0.5	1045712	trained	32736	31	memtrain/o_465_2.jpg	photodiode	1
1046.612	0.5	1046612	catch	32671	n/a	catch_padded.jpg	photodiode	0
1046.84	0.0	1046840	response	7	n/a	n/a	trigger	0
1048.514	0.5	1048514	trained	32750	17	memtrain/o_232_1.jpg	photodiode	1
1049.265	0.5	1049265	untrained	32681	86	memtrain/o_288_1.jpg	photodiode	1
1050.065	0.5	1050065	untrained	32701	66	memtrain/o_342_2.jpg	photodiode	1
1051.016	0.5	1051016	catch	32671	n/a	catch_padded.jpg	photodiode	0
1051.349	0.0	1051349	response	7	n/a	n/a	trigger	0
1052.968	0.5	1052968	untrained	32715	52	memtrain/o_141_1.jpg	photodiode	1
1053.869	0.5	1053869	untrained	32696	71	memtrain/o_483_1.jpg	photodiode	1
1054.769	0.5	1054769	trained	32720	47	memtrain/so_147_2.jpg	photodiode	1
1055.67	0.5	1055670	catch	32671	n/a	catch_padded.jpg	photodiode	0
1055.996	0.0	1055996	response	7	n/a	n/a	trigger	0
1057.772	0.5	1057772	trained	32746	21	memtrain/o_319_1.jpg	photodiode	1
1058.723	0.5	1058723	untrained	32709	58	memtrain/o_192_1.jpg	photodiode	1
1059.473	0.5	1059473	trained	32744	23	memtrain/o_338_2.jpg	photodiode	1
1060.224	0.5	1060224	trained	32747	20	memtrain/o_290_1.jpg	photodiode	1
1061.175	0.5	1061175	catch	32671	n/a	catch_padded.jpg	photodiode	0
1061.423	0.0	1061423	response	7	n/a	n/a	trigger	0
1063.218	0.5	1063218	untrained	32708	59	memtrain/o_201_2.jpg	photodiode	1
1064.119	0.5	1064119	trained	32730	37	memtrain/o_597_1.jpg	photodiode	1
1064.869	0.5	1064869	trained	32723	44	memtrain/so_045_1.jpg	photodiode	1
1065.829	0.5	1065829	trained	32755	12	memtrain/o_127_2.jpg	photodiode	1
1066.779	0.5	1066779	untrained	32704	63	memtrain/o_310_2.jpg	photodiode	1
1067.73	0.5	1067730	catch	32671	n/a	catch_padded.jpg	photodiode	0
1067.93	0.0	1067930	response	7	n/a	n/a	trigger	0
1069.682	0.5	1069682	trained	32760	7	memtrain/o_091_2.jpg	photodiode	1
1070.474	0.5	1070474	trained	32757	10	memtrain/o_111_2.jpg	photodiode	1
1071.233	0.5	1071233	trained	32740	27	memtrain/o_379_2.jpg	photodiode	1
1072.126	0.5	1072126	catch	32671	n/a	catch_padded.jpg	photodiode	0
1072.424	0.0	1072424	response	7	n/a	n/a	trigger	0
1074.186	0.5	1074186	untrained	32714	53	memtrain/o_142_2.jpg	photodiode	1
1075.128	0.5	1075128	untrained	32699	68	memtrain/o_393_1.jpg	photodiode	1
1076.029	0.5	1076029	trained	32767	0	memtrain/o_006_1.jpg	photodiode	1
1076.88	0.5	1076880	untrained	32691	76	memtrain/o_570_1.jpg	photodiode	1
1077.63	0.5	1077630	catch	32671	n/a	catch_padded.jpg	photodiode	0
1077.927	0.0	1077927	response	7	n/a	n/a	trigger	0
1079.532	0.5	1079532	untrained	32713	54	memtrain/o_145_1.jpg	photodiode	1
1080.433	0.5	1080433	untrained	32676	91	memtrain/o_605_1.jpg	photodiode	1
1081.183	0.5	1081183	trained	32738	29	memtrain/o_416_1.jpg	photodiode	1
1081.934	0.5	1081934	catch	32671	n/a	catch_padded.jpg	photodiode	0
1082.275	0.0	1082275	response	7	n/a	n/a	trigger	0
1083.986	0.5	1083986	trained	32759	8	memtrain/o_094_1.jpg	photodiode	1
1084.786	0.5	1084786	untrained	32700	67	memtrain/o_378_1.jpg	photodiode	1
1085.587	0.5	1085587	untrained	32692	75	memtrain/o_564_1.jpg	photodiode	1
1086.388	0.5	1086388	trained	32722	45	memtrain/so_090_2.jpg	photodiode	1
1087.238	0.5	1087238	catch	32671	n/a	catch_padded.jpg	photodiode	0
1087.531	0.0	1087531	response	7	n/a	n/a	trigger	0
1089.24	0.5	1089240	untrained	32698	69	memtrain/o_464_2.jpg	photodiode	1
1090.141	0.5	1090141	trained	32733	34	memtrain/o_558_2.jpg	photodiode	1
1090.992	0.5	1090992	trained	32765	2	memtrain/o_035_1.jpg	photodiode	1
1091.742	0.5	1091742	trained	32748	19	memtrain/o_284_2.jpg	photodiode	1
1092.685	0.5	1092685	trained	32764	3	memtrain/o_040_2.jpg	photodiode	1
1093.544	0.5	1093544	catch	32671	n/a	catch_padded.jpg	photodiode	0
1093.783	0.0	1093783	response	7	n/a	n/a	trigger	0
1095.487	0.5	1095487	untrained	32710	57	memtrain/o_171_1.jpg	photodiode	1
1096.288	0.5	1096288	untrained	32711	56	memtrain/o_163_2.jpg	photodiode	1
1097.139	0.5	1097139	trained	32753	14	memtrain/o_174_1.jpg	photodiode	1
1097.989	0.5	1097989	untrained	32695	72	memtrain/o_490_1.jpg	photodiode	1
1098.94	0.5	1098940	untrained	32694	73	memtrain/o_519_2.jpg	photodiode	1
1099.741	0.5	1099741	catch	32671	n/a	catch_padded.jpg	photodiode	0
1100.029	0.0	1100029	response	7	n/a	n/a	trigger	0
1101.792	0.5	1101792	trained	32762	5	memtrain/o_067_1.jpg	photodiode	1
1102.593	0.5	1102593	trained	32731	36	memtrain/o_583_1.jpg	photodiode	1
1103.444	0.5	1103444	trained	32735	32	memtrain/o_485_2.jpg	photodiode	1
1104.245	0.5	1104245	catch	32671	n/a	catch_padded.jpg	photodiode	0
1104.687	0.0	1104687	response	7	n/a	n/a	trigger	0
1106.255	0.5	1106255	trained	32761	6	memtrain/o_076_1.jpg	photodiode	1
1107.097	0.5	1107097	untrained	32702	65	memtrain/o_337_2.jpg	photodiode	1
1107.848	0.5	1107848	trained	32729	38	memtrain/o_603_1.jpg	photodiode	1
1108.598	0.5	1108598	untrained	32716	51	memtrain/o_103_2.jpg	photodiode	1
1109.549	0.5	1109549	trained	32726	41	memtrain/o_663_2.jpg	photodiode	1
1110.35	0.5	1110350	catch	32671	n/a	catch_padded.jpg	photodiode	0
1110.63	0.0	1110630	response	7	n/a	n/a	trigger	0
1112.401	0.5	1112401	trained	32763	4	memtrain/o_042_1.jpg	photodiode	1
1113.252	0.5	1113252	trained	32749	18	memtrain/o_264_2.jpg	photodiode	1
1114.203	0.5	1114203	trained	32724	43	memtrain/so_043_2.jpg	photodiode	1
1115.154	0.5	1115154	untrained	32705	62	memtrain/o_304_1.jpg	photodiode	1
1115.954	0.5	1115954	untrained	32687	80	memtrain/o_613_1.jpg	photodiode	1
1116.905	0.5	1116905	catch	32671	n/a	catch_padded.jpg	photodiode	0
1117.198	0.0	1117198	response	7	n/a	n/a	trigger	0
1118.957	0.5	1118957	untrained	32719	48	memtrain/o_019_2.jpg	photodiode	1
1119.908	0.5	1119908	trained	32758	9	memtrain/o_101_2.jpg	photodiode	1
1120.85	0.5	1120850	untrained	32684	83	memtrain/so_105_1.jpg	photodiode	1
1121.801	0.5	1121801	trained	32743	24	memtrain/o_357_1.jpg	photodiode	1
1122.61	0.5	1122610	catch	32671	n/a	catch_padded.jpg	photodiode	0
1122.943	0.0	1122943	response	7	n/a	n/a	trigger	0
1124.712	0.5	1124712	trained	32727	40	memtrain/o_648_2.jpg	photodiode	1
1125.463	0.5	1125463	untrained	32674	93	memtrain/so_035_1.jpg	photodiode	1
1126.263	0.5	1126263	untrained	32679	88	memtrain/o_458_1.jpg	photodiode	1
1127.156	0.5	1127156	catch	32671	n/a	catch_padded.jpg	photodiode	0
1127.421	0.0	1127421	response	7	n/a	n/a	trigger	0
1129.166	0.5	1129166	trained	32766	1	memtrain/o_015_1.jpg	photodiode	1
1129.958	0.5	1129958	trained	32737	30	memtrain/o_437_2.jpg	photodiode	1
1130.759	0.5	1130759	trained	32725	42	memtrain/so_034_2.jpg	photodiode	1
1131.559	0.5	1131559	catch	32671	n/a	catch_padded.jpg	photodiode	0
1131.883	0.0	1131883	response	7	n/a	n/a	trigger	0
1133.561	0.5	1133561	untrained	32712	55	memtrain/o_153_2.jpg	photodiode	1
1134.312	0.5	1134312	trained	32752	15	memtrain/o_195_1.jpg	photodiode	1
1135.112	0.5	1135112	trained	32734	33	memtrain/o_536_1.jpg	photodiode	1
1136.063	0.5	1136063	untrained	32693	74	memtrain/o_550_1.jpg	photodiode	1
1136.814	0.5	1136814	catch	32671	n/a	catch_padded.jpg	photodiode	0
1137.108	0.0	1137108	response	7	n/a	n/a	trigger	0
1138.715	0.5	1138715	trained	32726	41	memtrain/o_663_2.jpg	photodiode	1
1139.516	0.5	1139516	untrained	32703	64	memtrain/o_334_2.jpg	photodiode	1
1140.467	0.5	1140467	untrained	32699	68	memtrain/o_393_1.jpg	photodiode	1
1141.218	0.5	1141218	catch	32671	n/a	catch_padded.jpg	photodiode	0
1141.531	0.0	1141531	response	7	n/a	n/a	trigger	0
1143.319	0.5	1143319	trained	32751	16	memtrain/o_199_2.jpg	photodiode	1
1144.27	0.5	1144270	untrained	32675	92	memtrain/so_033_1.jpg	photodiode	1
1145.171	0.5	1145171	untrained	32672	95	memtrain/so_125_1.jpg	photodiode	1
1146.072	0.5	1146072	untrained	32689	78	memtrain/o_599_1.jpg	photodiode	1
1146.922	0.5	1146922	trained	32731	36	memtrain/o_583_1.jpg	photodiode	1
1147.723	0.5	1147723	catch	32671	n/a	catch_padded.jpg	photodiode	0
1148.002	0.0	1148002	response	7	n/a	n/a	trigger	0
1149.666	0.5	1149666	trained	32728	39	memtrain/o_606_1.jpg	photodiode	1
1150.417	0.5	1150417	untrained	32680	87	memtrain/o_365_1.jpg	photodiode	1
1151.218	0.5	1151218	untrained	32693	74	memtrain/o_550_1.jpg	photodiode	1
1152.127	0.5	1152127	untrained	32706	61	memtrain/o_298_2.jpg	photodiode	1
1153.078	0.5	1153078	catch	32671	n/a	catch_padded.jpg	photodiode	0
1153.305	0.0	1153305	response	7	n/a	n/a	trigger	0
1154.971	0.5	1154971	trained	32734	33	memtrain/o_536_1.jpg	photodiode	1
1155.822	0.5	1155822	trained	32745	22	memtrain/o_321_1.jpg	photodiode	1
1156.772	0.5	1156772	untrained	32690	77	memtrain/o_574_2.jpg	photodiode	1
1157.673	0.5	1157673	untrained	32678	89	memtrain/o_469_1.jpg	photodiode	1
1158.574	0.5	1158574	catch	32671	n/a	catch_padded.jpg	photodiode	0
1158.788	0.0	1158788	response	7	n/a	n/a	trigger	0
1160.584	0.5	1160584	trained	32722	45	memtrain/so_090_2.jpg	photodiode	1
1161.526	0.5	1161526	trained	32725	42	memtrain/so_034_2.jpg	photodiode	1
1162.477	0.5	1162477	trained	32756	11	memtrain/o_117_2.jpg	photodiode	1
1163.428	0.5	1163428	untrained	32716	51	memtrain/o_103_2.jpg	photodiode	1
1164.179	0.5	1164179	untrained	32683	84	memtrain/so_117_2.jpg	photodiode	1
1165.029	0.5	1165029	catch	32671	n/a	catch_padded.jpg	photodiode	0
1165.286	0.0	1165286	response	7	n/a	n/a	trigger	0
1167.031	0.5	1167031	trained	32730	37	memtrain/o_597_1.jpg	photodiode	1
1167.782	0.5	1167782	trained	32748	19	memtrain/o_284_2.jpg	photodiode	1
1168.582	0.5	1168582	untrained	32673	94	memtrain/so_067_1.jpg	photodiode	1
1169.333	0.5	1169333	trained	32724	43	memtrain/so_043_2.jpg	photodiode	1
1170.134	0.5	1170134	untrained	32704	63	memtrain/o_310_2.jpg	photodiode	1
1171.035	0.5	1171035	catch	32671	n/a	catch_padded.jpg	photodiode	0
1171.412	0.0	1171412	response	7	n/a	n/a	trigger	0
1173.036	0.5	1173036	trained	32736	31	memtrain/o_465_2.jpg	photodiode	1
1173.837	0.5	1173837	untrained	32710	57	memtrain/o_171_1.jpg	photodiode	1
1174.638	0.5	1174638	trained	32763	4	memtrain/o_042_1.jpg	photodiode	1
1175.488	0.5	1175488	trained	32721	46	memtrain/so_113_1.jpg	photodiode	1
1176.289	0.5	1176289	untrained	32700	67	memtrain/o_378_1.jpg	photodiode	1
1177.24	0.5	1177240	catch	32671	n/a	catch_padded.jpg	photodiode	0
1177.591	0.0	1177591	response	7	n/a	n/a	trigger	0
1179.191	0.5	1179191	untrained	32709	58	memtrain/o_192_1.jpg	photodiode	1
1180.084	0.5	1180084	trained	32762	5	memtrain/o_067_1.jpg	photodiode	1
1180.834	0.5	1180834	untrained	32719	48	memtrain/o_019_2.jpg	photodiode	1
1181.735	0.5	1181735	trained	32761	6	memtrain/o_076_1.jpg	photodiode	1
1182.494	0.5	1182494	untrained	32702	65	memtrain/o_337_2.jpg	photodiode	1
1183.445	0.5	1183445	catch	32671	n/a	catch_padded.jpg	photodiode	0
1183.713	0.0	1183713	response	7	n/a	n/a	trigger	0
1185.347	0.5	1185347	untrained	32685	82	memtrain/o_656_1.jpg	photodiode	1
1186.089	0.5	1186089	trained	32753	14	memtrain/o_174_1.jpg	photodiode	1
1186.848	0.5	1186848	trained	32767	0	memtrain/o_006_1.jpg	photodiode	1
1187.64	0.5	1187640	trained	32742	25	memtrain/o_358_2.jpg	photodiode	1
1188.549	0.5	1188549	catch	32671	n/a	catch_padded.jpg	photodiode	0
1188.94	0.0	1188940	response	7	n/a	n/a	trigger	0
1190.443	0.5	1190443	trained	32766	1	memtrain/o_015_1.jpg	photodiode	1
1191.193	0.5	1191193	untrained	32705	62	memtrain/o_304_1.jpg	photodiode	1
1192.044	0.5	1192044	untrained	32684	83	memtrain/so_105_1.jpg	photodiode	1
1192.795	0.5	1192795	trained	32732	35	memtrain/o_561_2.jpg	photodiode	1
1193.645	0.5	1193645	catch	32671	n/a	catch_padded.jpg	photodiode	0
1193.932	0.0	1193932	response	7	n/a	n/a	trigger	0
1195.747	0.5	1195747	trained	32729	38	memtrain/o_603_1.jpg	photodiode	1
1196.498	0.5	1196498	untrained	32711	56	memtrain/o_163_2.jpg	photodiode	1
1197.449	0.5	1197449	untrained	32715	52	memtrain/o_141_1.jpg	photodiode	1
1198.349	0.5	1198349	catch	32671	n/a	catch_padded.jpg	photodiode	0
1198.7	0.0	1198700	response	7	n/a	n/a	trigger	0
1200.301	0.5	1200301	trained	32749	18	memtrain/o_264_2.jpg	photodiode	1
1201.202	0.5	1201202	trained	32758	9	memtrain/o_101_2.jpg	photodiode	1
1202.153	0.5	1202153	untrained	32677	90	memtrain/o_580_1.jpg	photodiode	1
1203.103	0.5	1203103	untrained	32686	81	memtrain/o_655_2.jpg	photodiode	1
1204.054	0.5	1204054	catch	32671	n/a	catch_padded.jpg	photodiode	0
1204.304	0.0	1204304	response	7	n/a	n/a	trigger	0
1206.156	0.5	1206156	trained	32739	28	memtrain/o_397_1.jpg	photodiode	1
1206.907	0.5	1206907	trained	32760	7	memtrain/o_091_2.jpg	photodiode	1
1207.807	0.5	1207807	trained	32747	20	memtrain/o_290_1.jpg	photodiode	1
1208.708	0.5	1208708	trained	32733	34	memtrain/o_558_2.jpg	photodiode	1
1209.55	0.5	1209550	catch	32671	n/a	catch_padded.jpg	photodiode	0
1209.839	0.0	1209839	response	7	n/a	n/a	trigger	0
1211.452	0.5	1211452	untrained	32701	66	memtrain/o_342_2.jpg	photodiode	1
1212.353	0.5	1212353	untrained	32697	70	memtrain/o_471_2.jpg	photodiode	1
1213.154	0.5	1213154	trained	32759	8	memtrain/o_094_1.jpg	photodiode	1
1214.004	0.5	1214004	catch	32671	n/a	catch_padded.jpg	photodiode	0
1214.326	0.0	1214326	response	7	n/a	n/a	trigger	0
1215.956	0.5	1215956	untrained	32712	55	memtrain/o_153_2.jpg	photodiode	1
1216.715	0.5	1216715	trained	32752	15	memtrain/o_195_1.jpg	photodiode	1
1217.507	0.5	1217507	untrained	32696	71	memtrain/o_483_1.jpg	photodiode	1
1218.458	0.5	1218458	untrained	32718	49	memtrain/o_054_2.jpg	photodiode	1
1219.409	0.5	1219409	untrained	32692	75	memtrain/o_564_1.jpg	photodiode	1
1220.36	0.5	1220360	catch	32671	n/a	catch_padded.jpg	photodiode	0
1220.573	0.0	1220573	response	7	n/a	n/a	trigger	0
1222.361	0.5	1222361	trained	32720	47	memtrain/so_147_2.jpg	photodiode	1
1223.212	0.5	1223212	trained	32765	2	memtrain/o_035_1.jpg	photodiode	1
1224.163	0.5	1224163	untrained	32676	91	memtrain/o_605_1.jpg	photodiode	1
1225.064	0.5	1225064	trained	32746	21	memtrain/o_319_1.jpg	photodiode	1
1225.914	0.5	1225914	catch	32671	n/a	catch_padded.jpg	photodiode	0
1226.216	0.0	1226216	response	7	n/a	n/a	trigger	0
1227.916	0.5	1227916	trained	32735	32	memtrain/o_485_2.jpg	photodiode	1
1228.867	0.5	1228867	trained	32744	23	memtrain/o_338_2.jpg	photodiode	1
1229.718	0.5	1229718	untrained	32695	72	memtrain/o_490_1.jpg	photodiode	1
1230.468	0.5	1230468	catch	32671	n/a	catch_padded.jpg	photodiode	0
1230.771	0.0	1230771	response	7	n/a	n/a	trigger	0
1232.42	0.5	1232420	untrained	32694	73	memtrain/o_519_2.jpg	photodiode	1
1233.371	0.5	1233371	untrained	32674	93	memtrain/so_035_1.jpg	photodiode	1
1234.271	0.5	1234271	untrained	32707	60	memtrain/o_228_2.jpg	photodiode	1
1235.022	0.5	1235022	trained	32740	27	memtrain/o_379_2.jpg	photodiode	1
1235.923	0.5	1235923	catch	32671	n/a	catch_padded.jpg	photodiode	0
1236.165	0.0	1236165	response	7	n/a	n/a	trigger	0
1237.966	0.5	1237966	untrained	32717	50	memtrain/o_057_2.jpg	photodiode	1
1238.825	0.5	1238825	untrained	32691	76	memtrain/o_570_1.jpg	photodiode	1
1239.726	0.5	1239726	untrained	32681	86	memtrain/o_288_1.jpg	photodiode	1
1240.618	0.5	1240618	untrained	32687	80	memtrain/o_613_1.jpg	photodiode	1
1241.478	0.5	1241478	catch	32671	n/a	catch_padded.jpg	photodiode	0
1241.789	0.0	1241789	response	7	n/a	n/a	trigger	0
1243.421	0.5	1243421	trained	32764	3	memtrain/o_040_2.jpg	photodiode	1
1244.222	0.5	1244222	trained	32723	44	memtrain/so_045_1.jpg	photodiode	1
1244.972	0.5	1244972	untrained	32688	79	memtrain/o_600_1.jpg	photodiode	1
1245.723	0.5	1245723	trained	32754	13	memtrain/o_136_1.jpg	photodiode	1
1246.473	0.5	1246473	catch	32671	n/a	catch_padded.jpg	photodiode	0
1246.722	0.0	1246722	response	7	n/a	n/a	trigger	0
1248.375	0.5	1248375	trained	32727	40	memtrain/o_648_2.jpg	photodiode	1
1249.126	0.5	1249126	untrained	32714	53	memtrain/o_142_2.jpg	photodiode	1
1249.976	0.5	1249976	trained	32743	24	memtrain/o_357_1.jpg	photodiode	1
1250.827	0.5	1250827	trained	32738	29	memtrain/o_416_1.jpg	photodiode	1
1251.678	0.5	1251678	untrained	32713	54	memtrain/o_145_1.jpg	photodiode	1
1252.529	0.5	1252529	catch	32671	n/a	catch_padded.jpg	photodiode	0
1252.797	0.0	1252797	response	7	n/a	n/a	trigger	0
1254.48	0.5	1254480	untrained	32682	85	memtrain/o_218_1.jpg	photodiode	1
1255.281	0.5	1255281	untrained	32708	59	memtrain/o_201_2.jpg	photodiode	1
1256.082	0.5	1256082	untrained	32698	69	memtrain/o_464_2.jpg	photodiode	1
1256.932	0.5	1256932	trained	32757	10	memtrain/o_111_2.jpg	photodiode	1
1257.783	0.5	1257783	catch	32671	n/a	catch_padded.jpg	photodiode	0
1258.121	0.0	1258121	response	7	n/a	n/a	trigger	0
1259.835	0.5	1259835	trained	32755	12	memtrain/o_127_2.jpg	photodiode	1
1260.635	0.5	1260635	trained	32741	26	memtrain/o_376_1.jpg	photodiode	1
1261.386	0.5	1261386	trained	32750	17	memtrain/o_232_1.jpg	photodiode	1
1262.337	0.5	1262337	untrained	32679	88	memtrain/o_458_1.jpg	photodiode	1
1263.288	0.5	1263288	trained	32737	30	memtrain/o_437_2.jpg	photodiode	1
1264.088	0.5	1264088	catch	32671	n/a	catch_padded.jpg	photodiode	0
1264.317	0.0	1264317	response	7	n/a	n/a	trigger	0
1266.559	0.0	1266559	block_end	120	n/a	n/a	trigger	0
1316.013	0.0	1316013	response	7	n/a	n/a	trigger	0
1316.018	0.0	1316018	block_onset	105	n/a	n/a	trigger	0
1318.067	0.5	1318067	trained	32721	46	memtrain/so_113_1.jpg	photodiode	1
1318.918	0.5	1318918	untrained	32717	50	memtrain/o_057_2.jpg	photodiode	1
1319.869	0.5	1319869	trained	32739	28	memtrain/o_397_1.jpg	photodiode	1
1320.67	0.5	1320670	trained	32758	9	memtrain/o_101_2.jpg	photodiode	1
1321.62	0.5	1321620	catch	32671	n/a	catch_padded.jpg	photodiode	0
1321.964	0.0	1321964	response	7	n/a	n/a	trigger	0
1323.622	0.5	1323622	trained	32750	17	memtrain/o_232_1.jpg	photodiode	1
1324.523	0.5	1324523	untrained	32682	85	memtrain/o_218_1.jpg	photodiode	1
1325.374	0.5	1325374	trained	32764	3	memtrain/o_040_2.jpg	photodiode	1
1326.274	0.5	1326274	trained	32737	30	memtrain/o_437_2.jpg	photodiode	1
1327.075	0.5	1327075	catch	32671	n/a	catch_padded.jpg	photodiode	0
1327.463	0.0	1327463	response	7	n/a	n/a	trigger	0
1328.977	0.5	1328977	untrained	32672	95	memtrain/so_125_1.jpg	photodiode	1
1329.928	0.5	1329928	trained	32738	29	memtrain/o_416_1.jpg	photodiode	1
1330.728	0.5	1330728	untrained	32711	56	memtrain/o_163_2.jpg	photodiode	1
1331.521	0.5	1331521	catch	32671	n/a	catch_padded.jpg	photodiode	0
1331.811	0.0	1331811	response	7	n/a	n/a	trigger	0
1333.622	0.5	1333622	untrained	32676	91	memtrain/o_605_1.jpg	photodiode	1
1334.431	0.5	1334431	trained	32734	33	memtrain/o_536_1.jpg	photodiode	1
1335.282	0.5	1335282	trained	32732	35	memtrain/o_561_2.jpg	photodiode	1
1336.124	0.5	1336124	catch	32671	n/a	catch_padded.jpg	photodiode	0
1336.516	0.0	1336516	response	7	n/a	n/a	trigger	0
1338.034	0.5	1338034	untrained	32701	66	memtrain/o_342_2.jpg	photodiode	1
1338.877	0.5	1338877	trained	32728	39	memtrain/o_606_1.jpg	photodiode	1
1339.828	0.5	1339828	trained	32754	13	memtrain/o_136_1.jpg	photodiode	1
1340.678	0.5	1340678	catch	32671	n/a	catch_padded.jpg	photodiode	0
1341.038	0.0	1341038	response	7	n/a	n/a	trigger	0
1342.78	0.5	1342780	trained	32748	19	memtrain/o_284_2.jpg	photodiode	1
1343.681	0.5	1343681	trained	32746	21	memtrain/o_319_1.jpg	photodiode	1
1344.532	0.5	1344532	untrained	32681	86	memtrain/o_288_1.jpg	photodiode	1
1345.432	0.5	1345432	trained	32741	26	memtrain/o_376_1.jpg	photodiode	1
1346.333	0.5	1346333	untrained	32694	73	memtrain/o_519_2.jpg	photodiode	1
1347.234	0.5	1347234	catch	32671	n/a	catch_padded.jpg	photodiode	0
1347.534	0.0	1347534	response	7	n/a	n/a	trigger	0
1349.344	0.5	1349344	untrained	32714	53	memtrain/o_142_2.jpg	photodiode	1
1350.236	0.5	1350236	untrained	32697	70	memtrain/o_471_2.jpg	photodiode	1
1351.087	0.5	1351087	untrained	32695	72	memtrain/o_490_1.jpg	photodiode	1
1352.038	0.5	1352038	untrained	32674	93	memtrain/so_035_1.jpg	photodiode	1
1352.889	0.5	1352889	catch	32671	n/a	catch_padded.jpg	photodiode	0
1353.189	0.0	1353189	response	7	n/a	n/a	trigger	0
1354.99	0.5	1354990	untrained	32685	82	memtrain/o_656_1.jpg	photodiode	1
1355.941	0.5	1355941	untrained	32696	71	memtrain/o_483_1.jpg	photodiode	1
1356.692	0.5	1356692	trained	32725	42	memtrain/so_034_2.jpg	photodiode	1
1357.593	0.5	1357593	untrained	32716	51	memtrain/o_103_2.jpg	photodiode	1
1358.493	0.5	1358493	trained	32766	1	memtrain/o_015_1.jpg	photodiode	1
1359.244	0.5	1359244	catch	32671	n/a	catch_padded.jpg	photodiode	0
1359.566	0.0	1359566	response	7	n/a	n/a	trigger	0
1361.246	0.5	1361246	untrained	32698	69	memtrain/o_464_2.jpg	photodiode	1
1362.038	0.5	1362038	untrained	32688	79	memtrain/o_600_1.jpg	photodiode	1
1362.839	0.5	1362839	untrained	32690	77	memtrain/o_574_2.jpg	photodiode	1
1363.698	0.5	1363698	trained	32742	25	memtrain/o_358_2.jpg	photodiode	1
1364.44	0.5	1364440	catch	32671	n/a	catch_padded.jpg	photodiode	0
1364.777	0.0	1364777	response	7	n/a	n/a	trigger	0
1366.492	0.5	1366492	untrained	32706	61	memtrain/o_298_2.jpg	photodiode	1
1367.393	0.5	1367393	trained	32749	18	memtrain/o_264_2.jpg	photodiode	1
1368.343	0.5	1368343	trained	32757	10	memtrain/o_111_2.jpg	photodiode	1
1369.094	0.5	1369094	catch	32671	n/a	catch_padded.jpg	photodiode	0
1369.426	0.0	1369426	response	7	n/a	n/a	trigger	0
1371.004	0.5	1371004	trained	32729	38	memtrain/o_603_1.jpg	photodiode	1
1371.796	0.5	1371796	untrained	32718	49	memtrain/o_054_2.jpg	photodiode	1
1372.647	0.5	1372647	trained	32743	24	memtrain/o_357_1.jpg	photodiode	1
1373.598	0.5	1373598	trained	32727	40	memtrain/o_648_2.jpg	photodiode	1
1374.449	0.5	1374449	catch	32671	n/a	catch_padded.jpg	photodiode	0
1374.707	0.0	1374707	response	7	n/a	n/a	trigger	0
1376.5	0.5	1376500	untrained	32684	83	memtrain/so_105_1.jpg	photodiode	1
1377.251	0.5	1377251	trained	32735	32	memtrain/o_485_2.jpg	photodiode	1
1378.102	0.5	1378102	trained	32747	20	memtrain/o_290_1.jpg	photodiode	1
1378.902	0.5	1378902	untrained	32686	81	memtrain/o_655_2.jpg	photodiode	1
1379.853	0.5	1379853	untrained	32705	62	memtrain/o_304_1.jpg	photodiode	1
1380.754	0.5	1380754	catch	32671	n/a	catch_padded.jpg	photodiode	0
1381.024	0.0	1381024	response	7	n/a	n/a	trigger	0
1382.656	0.5	1382656	trained	32756	11	memtrain/o_117_2.jpg	photodiode	1
1383.606	0.5	1383606	untrained	32710	57	memtrain/o_171_1.jpg	photodiode	1
1384.407	0.5	1384407	untrained	32713	54	memtrain/o_145_1.jpg	photodiode	1
1385.158	0.5	1385158	untrained	32708	59	memtrain/o_201_2.jpg	photodiode	1
1385.908	0.5	1385908	untrained	32673	94	memtrain/so_067_1.jpg	photodiode	1
1386.659	0.5	1386659	catch	32671	n/a	catch_padded.jpg	photodiode	0
1386.945	0.0	1386945	response	7	n/a	n/a	trigger	0
1388.661	0.5	1388661	trained	32726	41	memtrain/o_663_2.jpg	photodiode	1
1389.611	0.5	1389611	trained	32733	34	memtrain/o_558_2.jpg	photodiode	1
1390.512	0.5	1390512	untrained	32683	84	memtrain/so_117_2.jpg	photodiode	1
1391.255	0.5	1391255	catch	32671	n/a	catch_padded.jpg	photodiode	0
1391.741	0.0	1391741	response	7	n/a	n/a	trigger	0
1393.206	0.5	1393206	trained	32730	37	memtrain/o_597_1.jpg	photodiode	1
1393.965	0.5	1393965	untrained	32699	68	memtrain/o_393_1.jpg	photodiode	1
1394.816	0.5	1394816	untrained	32704	63	memtrain/o_310_2.jpg	photodiode	1
1395.566	0.5	1395566	catch	32671	n/a	catch_padded.jpg	photodiode	0
1396.037	0.0	1396037	response	7	n/a	n/a	trigger	0
1397.61	0.5	1397610	untrained	32677	90	memtrain/o_580_1.jpg	photodiode	1
1398.511	0.5	1398511	trained	32720	47	memtrain/so_147_2.jpg	photodiode	1
1399.261	0.5	1399261	untrained	32703	64	memtrain/o_334_2.jpg	photodiode	1
1400.212	0.5	1400212	trained	32762	5	memtrain/o_067_1.jpg	photodiode	1
1401.163	0.5	1401163	untrained	32675	92	memtrain/so_033_1.jpg	photodiode	1
1402.122	0.5	1402122	catch	32671	n/a	catch_padded.jpg	photodiode	0
1402.61	0.0	1402610	response	7	n/a	n/a	trigger	0
1404.065	0.5	1404065	trained	32724	43	memtrain/so_043_2.jpg	photodiode	1
1404.966	0.5	1404966	trained	32723	44	memtrain/so_045_1.jpg	photodiode	1
1405.867	0.5	1405867	untrained	32702	65	memtrain/o_337_2.jpg	photodiode	1
1406.718	0.5	1406718	trained	32752	15	memtrain/o_195_1.jpg	photodiode	1
1407.518	0.5	1407518	untrained	32680	87	memtrain/o_365_1.jpg	photodiode	1
1408.269	0.5	1408269	catch	32671	n/a	catch_padded.jpg	photodiode	0
1408.654	0.0	1408654	response	7	n/a	n/a	trigger	0
1410.271	0.5	1410271	trained	32731	36	memtrain/o_583_1.jpg	photodiode	1
1411.221	0.5	1411221	untrained	32707	60	memtrain/o_228_2.jpg	photodiode	1
1412.022	0.5	1412022	untrained	32700	67	memtrain/o_378_1.jpg	photodiode	1
1412.923	0.5	1412923	trained	32767	0	memtrain/o_006_1.jpg	photodiode	1
1413.874	0.5	1413874	catch	32671	n/a	catch_padded.jpg	photodiode	0
1414.147	0.0	1414147	response	7	n/a	n/a	trigger	0
1415.925	0.5	1415925	trained	32751	16	memtrain/o_199_2.jpg	photodiode	1
1416.726	0.5	1416726	untrained	32687	80	memtrain/o_613_1.jpg	photodiode	1
1417.477	0.5	1417477	untrained	32679	88	memtrain/o_458_1.jpg	photodiode	1
1418.277	0.5	1418277	catch	32671	n/a	catch_padded.jpg	photodiode	0
1418.631	0.0	1418631	response	7	n/a	n/a	trigger	0
1420.179	0.5	1420179	trained	32763	4	memtrain/o_042_1.jpg	photodiode	1
1421.021	0.5	1421021	trained	32760	7	memtrain/o_091_2.jpg	photodiode	1
1421.772	0.5	1421772	trained	32761	6	memtrain/o_076_1.jpg	photodiode	1
1422.581	0.5	1422581	catch	32671	n/a	catch_padded.jpg	photodiode	0
1422.881	0.0	1422881	response	7	n/a	n/a	trigger	0
1424.574	0.5	1424574	trained	32736	31	memtrain/o_465_2.jpg	photodiode	1
1425.425	0.5	1425425	trained	32722	45	memtrain/so_090_2.jpg	photodiode	1
1426.234	0.5	1426234	untrained	32678	89	memtrain/o_469_1.jpg	photodiode	1
1427.127	0.5	1427127	untrained	32719	48	memtrain/o_019_2.jpg	photodiode	1
1427.877	0.5	1427877	untrained	32692	75	memtrain/o_564_1.jpg	photodiode	1
1428.828	0.5	1428828	catch	32671	n/a	catch_padded.jpg	photodiode	0
1429.091	0.0	1429091	response	7	n/a	n/a	trigger	0
1430.78	0.5	1430780	trained	32755	12	memtrain/o_127_2.jpg	photodiode	1
1431.63	0.5	1431630	trained	32744	23	memtrain/o_338_2.jpg	photodiode	1
1432.531	0.5	1432531	trained	32759	8	memtrain/o_094_1.jpg	photodiode	1
1433.382	0.5	1433382	catch	32671	n/a	catch_padded.jpg	photodiode	0
1433.793	0.0	1433793	response	7	n/a	n/a	trigger	0
1435.384	0.5	1435384	untrained	32709	58	memtrain/o_192_1.jpg	photodiode	1
1436.184	0.5	1436184	trained	32765	2	memtrain/o_035_1.jpg	photodiode	1
1437.035	0.5	1437035	untrained	32689	78	memtrain/o_599_1.jpg	photodiode	1
1437.836	0.5	1437836	trained	32745	22	memtrain/o_321_1.jpg	photodiode	1
1438.636	0.5	1438636	catch	32671	n/a	catch_padded.jpg	photodiode	0
1439.031	0.0	1439031	response	7	n/a	n/a	trigger	0
1440.588	0.5	1440588	trained	32753	14	memtrain/o_174_1.jpg	photodiode	1
1441.389	0.5	1441389	untrained	32715	52	memtrain/o_141_1.jpg	photodiode	1
1442.289	0.5	1442289	untrained	32691	76	memtrain/o_570_1.jpg	photodiode	1
1443.04	0.5	1443040	catch	32671	n/a	catch_padded.jpg	photodiode	0
1443.393	0.0	1443393	response	7	n/a	n/a	trigger	0
1444.942	0.5	1444942	untrained	32712	55	memtrain/o_153_2.jpg	photodiode	1
1445.792	0.5	1445792	trained	32740	27	memtrain/o_379_2.jpg	photodiode	1
1446.593	0.5	1446593	untrained	32693	74	memtrain/o_550_1.jpg	photodiode	1
1447.544	0.5	1447544	trained	32729	38	memtrain/o_603_1.jpg	photodiode	1
1448.395	0.5	1448395	trained	32731	36	memtrain/o_583_1.jpg	photodiode	1
1449.145	0.5	1449145	catch	32671	n/a	catch_padded.jpg	photodiode	0
1449.54	0.0	1449540	response	7	n/a	n/a	trigger	0
1451.039	0.5	1451039	trained	32763	4	memtrain/o_042_1.jpg	photodiode	1
1451.839	0.5	1451839	untrained	32712	55	memtrain/o_153_2.jpg	photodiode	1
1452.748	0.5	1452748	untrained	32686	81	memtrain/o_655_2.jpg	photodiode	1
1453.541	0.5	1453541	untrained	32706	61	memtrain/o_298_2.jpg	photodiode	1
1454.3	0.5	1454300	trained	32759	8	memtrain/o_094_1.jpg	photodiode	1
1455.142	0.5	1455142	catch	32671	n/a	catch_padded.jpg	photodiode	0
1455.434	0.0	1455434	response	7	n/a	n/a	trigger	0
1457.144	0.5	1457144	trained	32754	13	memtrain/o_136_1.jpg	photodiode	1
1458.095	0.5	1458095	untrained	32683	84	memtrain/so_117_2.jpg	photodiode	1
1458.995	0.5	1458995	untrained	32680	87	memtrain/o_365_1.jpg	photodiode	1
1459.896	0.5	1459896	untrained	32694	73	memtrain/o_519_2.jpg	photodiode	1
1460.847	0.5	1460847	untrained	32689	78	memtrain/o_599_1.jpg	photodiode	1
1461.648	0.5	1461648	catch	32671	n/a	catch_padded.jpg	photodiode	0
1461.994	0.0	1461994	response	7	n/a	n/a	trigger	0
1463.557	0.5	1463557	untrained	32690	77	memtrain/o_574_2.jpg	photodiode	1
1464.4	0.5	1464400	trained	32746	21	memtrain/o_319_1.jpg	photodiode	1
1465.351	0.5	1465351	trained	32749	18	memtrain/o_264_2.jpg	photodiode	1
1466.101	0.5	1466101	trained	32747	20	memtrain/o_290_1.jpg	photodiode	1
1467.002	0.5	1467002	catch	32671	n/a	catch_padded.jpg	photodiode	0
1467.294	0.0	1467294	response	7	n/a	n/a	trigger	0
1469.104	0.5	1469104	untrained	32685	82	memtrain/o_656_1.jpg	photodiode	1
1469.855	0.5	1469855	untrained	32693	74	memtrain/o_550_1.jpg	photodiode	1
1470.655	0.5	1470655	untrained	32709	58	memtrain/o_192_1.jpg	photodiode	1
1471.456	0.5	1471456	catch	32671	n/a	catch_padded.jpg	photodiode	0
1471.927	0.0	1471927	response	7	n/a	n/a	trigger	0
1473.458	0.5	1473458	trained	32721	46	memtrain/so_113_1.jpg	photodiode	1
1474.258	0.5	1474258	trained	32732	35	memtrain/o_561_2.jpg	photodiode	1
1475.059	0.5	1475059	untrained	32684	83	memtrain/so_105_1.jpg	photodiode	1
1475.96	0.5	1475960	trained	32744	23	memtrain/o_338_2.jpg	photodiode	1
1476.911	0.5	1476911	catch	32671	n/a	catch_padded.jpg	photodiode	0
1477.249	0.0	1477249	response	7	n/a	n/a	trigger	0
1478.812	0.5	1478812	untrained	32703	64	memtrain/o_334_2.jpg	photodiode	1
1479.604	0.5	1479604	trained	32765	2	memtrain/o_035_1.jpg	photodiode	1
1480.455	0.5	1480455	trained	32752	15	memtrain/o_195_1.jpg	photodiode	1
1481.206	0.5	1481206	catch	32671	n/a	catch_padded.jpg	photodiode	0
1481.611	0.0	1481611	response	7	n/a	n/a	trigger	0
1483.257	0.5	1483257	trained	32724	43	memtrain/so_043_2.jpg	photodiode	1
1484.158	0.5	1484158	trained	32751	16	memtrain/o_199_2.jpg	photodiode	1
1485.059	0.5	1485059	trained	32753	14	memtrain/o_174_1.jpg	photodiode	1
1485.86	0.5	1485860	trained	32757	10	memtrain/o_111_2.jpg	photodiode	1
1486.811	0.5	1486811	catch	32671	n/a	catch_padded.jpg	photodiode	0
1487.161	0.0	1487161	response	7	n/a	n/a	trigger	0
1488.812	0.5	1488812	trained	32722	45	memtrain/so_090_2.jpg	photodiode	1
1489.563	0.5	1489563	untrained	32710	57	memtrain/o_171_1.jpg	photodiode	1
1490.514	0.5	1490514	trained	32745	22	memtrain/o_321_1.jpg	photodiode	1
1491.323	0.5	1491323	trained	32741	26	memtrain/o_376_1.jpg	photodiode	1
1492.165	0.5	1492165	catch	32671	n/a	catch_padded.jpg	photodiode	0
1492.492	0.0	1492492	response	7	n/a	n/a	trigger	0
1494.267	0.5	1494267	untrained	32696	71	memtrain/o_483_1.jpg	photodiode	1
1495.017	0.5	1495017	untrained	32705	62	memtrain/o_304_1.jpg	photodiode	1
1495.768	0.5	1495768	trained	32725	42	memtrain/so_034_2.jpg	photodiode	1
1496.719	0.5	1496719	trained	32733	34	memtrain/o_558_2.jpg	photodiode	1
1497.67	0.5	1497670	catch	32671	n/a	catch_padded.jpg	photodiode	0
1497.934	0.0	1497934	response	7	n/a	n/a	trigger	0
1499.771	0.5	1499771	untrained	32675	92	memtrain/so_033_1.jpg	photodiode	1
1500.672	0.5	1500672	trained	32755	12	memtrain/o_127_2.jpg	photodiode	1
1501.573	0.5	1501573	untrained	32681	86	memtrain/o_288_1.jpg	photodiode	1
1502.524	0.5	1502524	catch	32671	n/a	catch_padded.jpg	photodiode	0
1502.851	0.0	1502851	response	7	n/a	n/a	trigger	0
1504.576	0.5	1504576	untrained	32707	60	memtrain/o_228_2.jpg	photodiode	1
1505.376	0.5	1505376	trained	32740	27	memtrain/o_379_2.jpg	photodiode	1
1506.227	0.5	1506227	untrained	32699	68	memtrain/o_393_1.jpg	photodiode	1
1506.978	0.5	1506978	untrained	32701	66	memtrain/o_342_2.jpg	photodiode	1
1507.928	0.5	1507928	trained	32730	37	memtrain/o_597_1.jpg	photodiode	1
1508.729	0.5	1508729	catch	32671	n/a	catch_padded.jpg	photodiode	0
1509.055	0.0	1509055	response	7	n/a	n/a	trigger	0
1510.773	0.5	1510773	untrained	32711	56	memtrain/o_163_2.jpg	photodiode	1
1511.632	0.5	1511632	untrained	32700	67	memtrain/o_378_1.jpg	photodiode	1
1512.532	0.5	1512532	trained	32743	24	memtrain/o_357_1.jpg	photodiode	1
1513.483	0.5	1513483	catch	32671	n/a	catch_padded.jpg	photodiode	0
1513.774	0.0	1513774	response	7	n/a	n/a	trigger	0
1515.477	0.5	1515477	trained	32766	1	memtrain/o_015_1.jpg	photodiode	1
1516.277	0.5	1516277	trained	32762	5	memtrain/o_067_1.jpg	photodiode	1
1517.228	0.5	1517228	trained	32758	9	memtrain/o_101_2.jpg	photodiode	1
1518.179	0.5	1518179	untrained	32677	90	memtrain/o_580_1.jpg	photodiode	1
1518.98	0.5	1518980	untrained	32676	91	memtrain/o_605_1.jpg	photodiode	1
1519.88	0.5	1519880	catch	32671	n/a	catch_padded.jpg	photodiode	0
1520.192	0.0	1520192	response	7	n/a	n/a	trigger	0
1521.982	0.5	1521982	trained	32756	11	memtrain/o_117_2.jpg	photodiode	1
1522.883	0.5	1522883	untrained	32717	50	memtrain/o_057_2.jpg	photodiode	1
1523.834	0.5	1523834	trained	32764	3	memtrain/o_040_2.jpg	photodiode	1
1524.584	0.5	1524584	trained	32738	29	memtrain/o_416_1.jpg	photodiode	1
1525.535	0.5	1525535	catch	32671	n/a	catch_padded.jpg	photodiode	0
1525.92	0.0	1525920	response	7	n/a	n/a	trigger	0
1527.537	0.5	1527537	untrained	32714	53	memtrain/o_142_2.jpg	photodiode	1
1528.438	0.5	1528438	trained	32735	32	memtrain/o_485_2.jpg	photodiode	1
1529.288	0.5	1529288	trained	32737	30	memtrain/o_437_2.jpg	photodiode	1
1530.239	0.5	1530239	untrained	32713	54	memtrain/o_145_1.jpg	photodiode	1
1531.19	0.5	1531190	trained	32720	47	memtrain/so_147_2.jpg	photodiode	1
1532.141	0.5	1532141	catch	32671	n/a	catch_padded.jpg	photodiode	0
1532.482	0.0	1532482	response	7	n/a	n/a	trigger	0
1534.092	0.5	1534092	trained	32728	39	memtrain/o_606_1.jpg	photodiode	1
1534.943	0.5	1534943	trained	32760	7	memtrain/o_091_2.jpg	photodiode	1
1535.694	0.5	1535694	trained	32742	25	memtrain/o_358_2.jpg	photodiode	1
1536.544	0.5	1536544	trained	32761	6	memtrain/o_076_1.jpg	photodiode	1
1537.337	0.5	1537337	catch	32671	n/a	catch_padded.jpg	photodiode	0
1537.736	0.0	1537736	response	7	n/a	n/a	trigger	0
1539.397	0.5	1539397	trained	32767	0	memtrain/o_006_1.jpg	photodiode	1
1540.139	0.5	1540139	untrained	32695	72	memtrain/o_490_1.jpg	photodiode	1
1541.09	0.5	1541090	untrained	32704	63	memtrain/o_310_2.jpg	photodiode	1
1541.899	0.5	1541899	catch	32671	n/a	catch_padded.jpg	photodiode	0
1542.329	0.0	1542329	response	7	n/a	n/a	trigger	0
1543.792	0.5	1543792	untrained	32682	85	memtrain/o_218_1.jpg	photodiode	1
1544.551	0.5	1544551	untrained	32716	51	memtrain/o_103_2.jpg	photodiode	1
1545.293	0.5	1545293	untrained	32698	69	memtrain/o_464_2.jpg	photodiode	1
1546.203	0.5	1546203	untrained	32697	70	memtrain/o_471_2.jpg	photodiode	1
1546.953	0.5	1546953	catch	32671	n/a	catch_padded.jpg	photodiode	0
1547.326	0.0	1547326	response	7	n/a	n/a	trigger	0
1549.005	0.5	1549005	trained	32727	40	memtrain/o_648_2.jpg	photodiode	1
1549.847	0.5	1549847	untrained	32715	52	memtrain/o_141_1.jpg	photodiode	1
1550.698	0.5	1550698	untrained	32719	48	memtrain/o_019_2.jpg	photodiode	1
1551.599	0.5	1551599	untrained	32708	59	memtrain/o_201_2.jpg	photodiode	1
1552.449	0.5	1552449	untrained	32691	76	memtrain/o_570_1.jpg	photodiode	1
1553.35	0.5	1553350	catch	32671	n/a	catch_padded.jpg	photodiode	0
1553.629	0.0	1553629	response	7	n/a	n/a	trigger	0
1555.452	0.5	1555452	trained	32723	44	memtrain/so_045_1.jpg	photodiode	1
1556.203	0.5	1556203	untrained	32679	88	memtrain/o_458_1.jpg	photodiode	1
1557.053	0.5	1557053	untrained	32718	49	memtrain/o_054_2.jpg	photodiode	1
1558.004	0.5	1558004	catch	32671	n/a	catch_padded.jpg	photodiode	0
1558.401	0.0	1558401	response	7	n/a	n/a	trigger	0
1560.056	0.5	1560056	untrained	32672	95	memtrain/so_125_1.jpg	photodiode	1
1560.807	0.5	1560807	untrained	32674	93	memtrain/so_035_1.jpg	photodiode	1
1561.607	0.5	1561607	trained	32734	33	memtrain/o_536_1.jpg	photodiode	1
1562.508	0.5	1562508	untrained	32702	65	memtrain/o_337_2.jpg	photodiode	1
1563.259	0.5	1563259	untrained	32687	80	memtrain/o_613_1.jpg	photodiode	1
1564.009	0.5	1564009	catch	32671	n/a	catch_padded.jpg	photodiode	0
1564.323	0.0	1564323	response	7	n/a	n/a	trigger	0
1566.111	0.5	1566111	untrained	32673	94	memtrain/so_067_1.jpg	photodiode	1
1566.903	0.5	1566903	trained	32726	41	memtrain/o_663_2.jpg	photodiode	1
1567.813	0.5	1567813	trained	32748	19	memtrain/o_284_2.jpg	photodiode	1
1568.605	0.5	1568605	trained	32739	28	memtrain/o_397_1.jpg	photodiode	1
1569.456	0.5	1569456	untrained	32692	75	memtrain/o_564_1.jpg	photodiode	1
1570.315	0.5	1570315	catch	32671	n/a	catch_padded.jpg	photodiode	0
1570.588	0.0	1570588	response	7	n/a	n/a	trigger	0
1572.258	0.5	1572258	untrained	32678	89	memtrain/o_469_1.jpg	photodiode	1
1573.009	0.5	1573009	trained	32750	17	memtrain/o_232_1.jpg	photodiode	1
1573.818	0.5	1573818	untrained	32688	79	memtrain/o_600_1.jpg	photodiode	1
1574.56	0.5	1574560	trained	32736	31	memtrain/o_465_2.jpg	photodiode	1
1575.469	0.5	1575469	catch	32671	n/a	catch_padded.jpg	photodiode	0
1575.766	0.0	1575766	response	7	n/a	n/a	trigger	0
1577.944	0.0	1577944	block_end	120	n/a	n/a	trigger	0
1684.329	0.0	1684329	response	7	n/a	n/a	trigger	0
1684.333	0.0	1684333	block_onset	106	n/a	n/a	trigger	0
1686.38	0.5	1686380	untrained	32693	74	memtrain/o_550_1.jpg	photodiode	1
1687.18	0.5	1687180	untrained	32717	50	memtrain/o_057_2.jpg	photodiode	1
1688.031	0.5	1688031	trained	32734	33	memtrain/o_536_1.jpg	photodiode	1
1688.84	0.5	1688840	untrained	32697	70	memtrain/o_471_2.jpg	photodiode	1
1689.632	0.5	1689632	untrained	32696	71	memtrain/o_483_1.jpg	photodiode	1
1690.483	0.5	1690483	catch	32671	n/a	catch_padded.jpg	photodiode	0
1690.709	0.0	1690709	response	7	n/a	n/a	trigger	0
1692.385	0.5	1692385	untrained	32700	67	memtrain/o_378_1.jpg	photodiode	1
1693.236	0.5	1693236	untrained	32713	54	memtrain/o_145_1.jpg	photodiode	1
1693.986	0.5	1693986	trained	32739	28	memtrain/o_397_1.jpg	photodiode	1
1694.837	0.5	1694837	catch	32671	n/a	catch_padded.jpg	photodiode	0
1695.366	0.0	1695366	response	7	n/a	n/a	trigger	0
1696.738	0.5	1696738	trained	32721	46	memtrain/so_113_1.jpg	photodiode	1
1697.689	0.5	1697689	trained	32731	36	memtrain/o_583_1.jpg	photodiode	1
1698.64	0.5	1698640	trained	32724	43	memtrain/so_043_2.jpg	photodiode	1
1699.391	0.5	1699391	catch	32671	n/a	catch_padded.jpg	photodiode	0
1699.854	0.0	1699854	response	7	n/a	n/a	trigger	0
1701.442	0.5	1701442	untrained	32712	55	memtrain/o_153_2.jpg	photodiode	1
1702.343	0.5	1702343	untrained	32691	76	memtrain/o_570_1.jpg	photodiode	1
1703.294	0.5	1703294	trained	32727	40	memtrain/o_648_2.jpg	photodiode	1
1704.145	0.5	1704145	trained	32737	30	memtrain/o_437_2.jpg	photodiode	1
1704.995	0.5	1704995	untrained	32702	65	memtrain/o_337_2.jpg	photodiode	1
1705.746	0.5	1705746	catch	32671	n/a	catch_padded.jpg	photodiode	0
1706.119	0.0	1706119	response	7	n/a	n/a	trigger	0
1707.748	0.5	1707748	trained	32760	7	memtrain/o_091_2.jpg	photodiode	1
1708.649	0.5	1708649	untrained	32701	66	memtrain/o_342_2.jpg	photodiode	1
1709.449	0.5	1709449	trained	32764	3	memtrain/o_040_2.jpg	photodiode	1
1710.2	0.5	1710200	catch	32671	n/a	catch_padded.jpg	photodiode	0
1710.542	0.0	1710542	response	7	n/a	n/a	trigger	0
1712.143	0.5	1712143	untrained	32680	87	memtrain/o_365_1.jpg	photodiode	1
1712.902	0.5	1712902	trained	32723	44	memtrain/so_045_1.jpg	photodiode	1
1713.845	0.5	1713845	trained	32720	47	memtrain/so_147_2.jpg	photodiode	1
1714.704	0.5	1714704	untrained	32695	72	memtrain/o_490_1.jpg	photodiode	1
1715.496	0.5	1715496	untrained	32683	84	memtrain/so_117_2.jpg	photodiode	1
1716.255	0.5	1716255	catch	32671	n/a	catch_padded.jpg	photodiode	0
1716.6	0.0	1716600	response	7	n/a	n/a	trigger	0
1718.198	0.5	1718198	trained	32767	0	memtrain/o_006_1.jpg	photodiode	1
1719.157	0.5	1719157	untrained	32675	92	memtrain/so_033_1.jpg	photodiode	1
1720.05	0.5	1720050	trained	32751	16	memtrain/o_199_2.jpg	photodiode	1
1720.901	0.5	1720901	catch	32671	n/a	catch_padded.jpg	photodiode	0
1721.303	0.0	1721303	response	7	n/a	n/a	trigger	0
1722.811	0.5	1722811	untrained	32704	63	memtrain/o_310_2.jpg	photodiode	1
1723.753	0.5	1723753	untrained	32716	51	memtrain/o_103_2.jpg	photodiode	1
1724.554	0.5	1724554	trained	32729	38	memtrain/o_603_1.jpg	photodiode	1
1725.304	0.5	1725304	trained	32755	12	memtrain/o_127_2.jpg	photodiode	1
1726.205	0.5	1726205	catch	32671	n/a	catch_padded.jpg	photodiode	0
1726.452	0.0	1726452	response	7	n/a	n/a	trigger	0
1728.207	0.5	1728207	trained	32735	32	memtrain/o_485_2.jpg	photodiode	1
1729.108	0.5	1729108	untrained	32672	95	memtrain/so_125_1.jpg	photodiode	1
1730.058	0.5	1730058	untrained	32679	88	memtrain/o_458_1.jpg	photodiode	1
1731.009	0.5	1731009	catch	32671	n/a	catch_padded.jpg	photodiode	0
1731.329	0.0	1731329	response	7	n/a	n/a	trigger	0
1733.111	0.5	1733111	untrained	32694	73	memtrain/o_519_2.jpg	photodiode	1
1733.912	0.5	1733912	trained	32728	39	memtrain/o_606_1.jpg	photodiode	1
1734.762	0.5	1734762	trained	32754	13	memtrain/o_136_1.jpg	photodiode	1
1735.563	0.5	1735563	untrained	32684	83	memtrain/so_105_1.jpg	photodiode	1
1736.314	0.5	1736314	catch	32671	n/a	catch_padded.jpg	photodiode	0
1736.666	0.0	1736666	response	7	n/a	n/a	trigger	0
1738.265	0.5	1738265	untrained	32718	49	memtrain/o_054_2.jpg	photodiode	1
1739.166	0.5	1739166	untrained	32705	62	memtrain/o_304_1.jpg	photodiode	1
1740.117	0.5	1740117	trained	32742	25	memtrain/o_358_2.jpg	photodiode	1
1740.918	0.5	1740918	catch	32671	n/a	catch_padded.jpg	photodiode	0
1741.373	0.0	1741373	response	7	n/a	n/a	trigger	0
1742.861	0.5	1742861	untrained	32710	57	memtrain/o_171_1.jpg	photodiode	1
1743.712	0.5	1743712	trained	32747	20	memtrain/o_290_1.jpg	photodiode	1
1744.562	0.5	1744562	trained	32756	11	memtrain/o_117_2.jpg	photodiode	1
1745.413	0.5	1745413	trained	32725	42	memtrain/so_034_2.jpg	photodiode	1
1746.172	0.5	1746172	untrained	32698	69	memtrain/o_464_2.jpg	photodiode	1
1747.123	0.5	1747123	catch	32671	n/a	catch_padded.jpg	photodiode	0
1747.415	0.0	1747415	response	7	n/a	n/a	trigger	0
1749.225	0.5	1749225	trained	32745	22	memtrain/o_321_1.jpg	photodiode	1
1749.967	0.5	1749967	trained	32722	45	memtrain/so_090_2.jpg	photodiode	1
1750.868	0.5	1750868	trained	32741	26	memtrain/o_376_1.jpg	photodiode	1
1751.819	0.5	1751819	trained	32758	9	memtrain/o_101_2.jpg	photodiode	1
1752.769	0.5	1752769	catch	32671	n/a	catch_padded.jpg	photodiode	0
1753.13	0.0	1753130	response	7	n/a	n/a	trigger	0
1754.679	0.5	1754679	trained	32743	24	memtrain/o_357_1.jpg	photodiode	1
1755.522	0.5	1755522	untrained	32709	58	memtrain/o_192_1.jpg	photodiode	1
1756.422	0.5	1756422	untrained	32711	56	memtrain/o_163_2.jpg	photodiode	1
1757.273	0.5	1757273	untrained	32706	61	memtrain/o_298_2.jpg	photodiode	1
1758.224	0.5	1758224	untrained	32678	89	memtrain/o_469_1.jpg	photodiode	1
1759.125	0.5	1759125	catch	32671	n/a	catch_padded.jpg	photodiode	0
1759.382	0.0	1759382	response	7	n/a	n/a	trigger	0
1761.176	0.5	1761176	trained	32726	41	memtrain/o_663_2.jpg	photodiode	1
1761.977	0.5	1761977	untrained	32676	91	memtrain/o_605_1.jpg	photodiode	1
1762.828	0.5	1762828	untrained	32677	90	memtrain/o_580_1.jpg	photodiode	1
1763.578	0.5	1763578	trained	32732	35	memtrain/o_561_2.jpg	photodiode	1
1764.479	0.5	1764479	untrained	32689	78	memtrain/o_599_1.jpg	photodiode	1
1765.23	0.5	1765230	catch	32671	n/a	catch_padded.jpg	photodiode	0
1765.643	0.0	1765643	response	7	n/a	n/a	trigger	0
1767.132	0.5	1767132	trained	32766	1	memtrain/o_015_1.jpg	photodiode	1
1767.882	0.5	1767882	untrained	32686	81	memtrain/o_655_2.jpg	photodiode	1
1768.733	0.5	1768733	untrained	32682	85	memtrain/o_218_1.jpg	photodiode	1
1769.675	0.5	1769675	untrained	32674	93	memtrain/so_035_1.jpg	photodiode	1
1770.634	0.5	1770634	catch	32671	n/a	catch_padded.jpg	photodiode	0
1771.007	0.0	1771007	response	7	n/a	n/a	trigger	0
1772.736	0.5	1772736	untrained	32703	64	memtrain/o_334_2.jpg	photodiode	1
1773.637	0.5	1773637	trained	32746	21	memtrain/o_319_1.jpg	photodiode	1
1774.58	0.5	1774580	untrained	32715	52	memtrain/o_141_1.jpg	photodiode	1
1775.48	0.5	1775480	trained	32753	14	memtrain/o_174_1.jpg	photodiode	1
1776.339	0.5	1776339	untrained	32719	48	memtrain/o_019_2.jpg	photodiode	1
1777.182	0.5	1777182	catch	32671	n/a	catch_padded.jpg	photodiode	0
1777.457	0.0	1777457	response	7	n/a	n/a	trigger	0
1779.083	0.5	1779083	trained	32740	27	memtrain/o_379_2.jpg	photodiode	1
1779.834	0.5	1779834	trained	32733	34	memtrain/o_558_2.jpg	photodiode	1
1780.793	0.5	1780793	untrained	32687	80	memtrain/o_613_1.jpg	photodiode	1
1781.736	0.5	1781736	trained	32750	17	memtrain/o_232_1.jpg	photodiode	1
1782.536	0.5	1782536	catch	32671	n/a	catch_padded.jpg	photodiode	0
1782.929	0.0	1782929	response	7	n/a	n/a	trigger	0
1784.588	0.5	1784588	untrained	32708	59	memtrain/o_201_2.jpg	photodiode	1
1785.539	0.5	1785539	trained	32736	31	memtrain/o_465_2.jpg	photodiode	1
1786.44	0.5	1786440	trained	32748	19	memtrain/o_284_2.jpg	photodiode	1
1787.34	0.5	1787340	catch	32671	n/a	catch_padded.jpg	photodiode	0
1787.741	0.0	1787741	response	7	n/a	n/a	trigger	0
1789.292	0.5	1789292	untrained	32692	75	memtrain/o_564_1.jpg	photodiode	1
1790.143	0.5	1790143	trained	32744	23	memtrain/o_338_2.jpg	photodiode	1
1790.943	0.5	1790943	untrained	32690	77	memtrain/o_574_2.jpg	photodiode	1
1791.794	0.5	1791794	trained	32763	4	memtrain/o_042_1.jpg	photodiode	1
1792.695	0.5	1792695	catch	32671	n/a	catch_padded.jpg	photodiode	0
1793.002	0.0	1793002	response	7	n/a	n/a	trigger	0
1794.747	0.5	1794747	untrained	32685	82	memtrain/o_656_1.jpg	photodiode	1
1795.547	0.5	1795547	trained	32738	29	memtrain/o_416_1.jpg	photodiode	1
1796.398	0.5	1796398	untrained	32714	53	memtrain/o_142_2.jpg	photodiode	1
1797.149	0.5	1797149	untrained	32707	60	memtrain/o_228_2.jpg	photodiode	1
1797.949	0.5	1797949	catch	32671	n/a	catch_padded.jpg	photodiode	0
1798.32	0.0	1798320	response	7	n/a	n/a	trigger	0
1800.043	0.5	1800043	trained	32757	10	memtrain/o_111_2.jpg	photodiode	1
1800.944	0.5	1800944	trained	32761	6	memtrain/o_076_1.jpg	photodiode	1
1801.753	0.5	1801753	untrained	32673	94	memtrain/so_067_1.jpg	photodiode	1
1802.595	0.5	1802595	trained	32759	8	memtrain/o_094_1.jpg	photodiode	1
1803.546	0.5	1803546	trained	32762	5	memtrain/o_067_1.jpg	photodiode	1
1804.396	0.5	1804396	catch	32671	n/a	catch_padded.jpg	photodiode	0
1804.753	0.0	1804753	response	7	n/a	n/a	trigger	0
1806.348	0.5	1806348	trained	32752	15	memtrain/o_195_1.jpg	photodiode	1
1807.299	0.5	1807299	trained	32765	2	memtrain/o_035_1.jpg	photodiode	1
1808.208	0.5	1808208	untrained	32699	68	memtrain/o_393_1.jpg	photodiode	1
1809.15	0.5	1809150	untrained	32681	86	memtrain/o_288_1.jpg	photodiode	1
1810.101	0.5	1810101	catch	32671	n/a	catch_padded.jpg	photodiode	0
1810.454	0.0	1810454	response	7	n/a	n/a	trigger	0
1812.053	0.5	1812053	untrained	32688	79	memtrain/o_600_1.jpg	photodiode	1
1812.954	0.5	1812954	trained	32749	18	memtrain/o_264_2.jpg	photodiode	1
1813.905	0.5	1813905	trained	32730	37	memtrain/o_597_1.jpg	photodiode	1
1814.814	0.5	1814814	catch	32671	n/a	catch_padded.jpg	photodiode	0
1815.188	0.0	1815188	response	7	n/a	n/a	trigger	0
1816.707	0.5	1816707	trained	32744	23	memtrain/o_338_2.jpg	photodiode	1
1817.658	0.5	1817658	trained	32737	30	memtrain/o_437_2.jpg	photodiode	1
1818.408	0.5	1818408	untrained	32713	54	memtrain/o_145_1.jpg	photodiode	1
1819.259	0.5	1819259	trained	32763	4	memtrain/o_042_1.jpg	photodiode	1
1820.16	0.5	1820160	untrained	32698	69	memtrain/o_464_2.jpg	photodiode	1
1821.111	0.5	1821111	catch	32671	n/a	catch_padded.jpg	photodiode	0
1821.354	0.0	1821354	response	7	n/a	n/a	trigger	0
1823.062	0.5	1823062	untrained	32708	59	memtrain/o_201_2.jpg	photodiode	1
1824.013	0.5	1824013	trained	32740	27	memtrain/o_379_2.jpg	photodiode	1
1824.764	0.5	1824764	trained	32735	32	memtrain/o_485_2.jpg	photodiode	1
1825.614	0.5	1825614	untrained	32711	56	memtrain/o_163_2.jpg	photodiode	1
1826.365	0.5	1826365	catch	32671	n/a	catch_padded.jpg	photodiode	0
1826.744	0.0	1826744	response	7	n/a	n/a	trigger	0
1828.417	0.5	1828417	trained	32745	22	memtrain/o_321_1.jpg	photodiode	1
1829.309	0.5	1829309	untrained	32696	71	memtrain/o_483_1.jpg	photodiode	1
1830.168	0.5	1830168	trained	32721	46	memtrain/so_113_1.jpg	photodiode	1
1831.019	0.5	1831019	trained	32750	17	memtrain/o_232_1.jpg	photodiode	1
1831.811	0.5	1831811	untrained	32710	57	memtrain/o_171_1.jpg	photodiode	1
1832.762	0.5	1832762	catch	32671	n/a	catch_padded.jpg	photodiode	0
1833.095	0.0	1833095	response	7	n/a	n/a	trigger	0
1834.822	0.5	1834822	trained	32732	35	memtrain/o_561_2.jpg	photodiode	1
1835.565	0.5	1835565	trained	32753	14	memtrain/o_174_1.jpg	photodiode	1
1836.315	0.5	1836315	trained	32764	3	memtrain/o_040_2.jpg	photodiode	1
1837.166	0.5	1837166	trained	32727	40	memtrain/o_648_2.jpg	photodiode	1
1838.067	0.5	1838067	catch	32671	n/a	catch_padded.jpg	photodiode	0
1838.409	0.0	1838409	response	7	n/a	n/a	trigger	0
1840.168	0.5	1840168	untrained	32706	61	memtrain/o_298_2.jpg	photodiode	1
1841.119	0.5	1841119	untrained	32677	90	memtrain/o_580_1.jpg	photodiode	1
1842.07	0.5	1842070	untrained	32679	88	memtrain/o_458_1.jpg	photodiode	1
1842.821	0.5	1842821	trained	32739	28	memtrain/o_397_1.jpg	photodiode	1
1843.772	0.5	1843772	catch	32671	n/a	catch_padded.jpg	photodiode	0
1844.101	0.0	1844101	response	7	n/a	n/a	trigger	0
1845.823	0.5	1845823	untrained	32688	79	memtrain/o_600_1.jpg	photodiode	1
1846.624	0.5	1846624	trained	32742	25	memtrain/o_358_2.jpg	photodiode	1
1847.425	0.5	1847425	untrained	32680	87	memtrain/o_365_1.jpg	photodiode	1
1848.175	0.5	1848175	catch	32671	n/a	catch_padded.jpg	photodiode	0
1848.644	0.0	1848644	response	7	n/a	n/a	trigger	0
1850.127	0.5	1850127	untrained	32691	76	memtrain/o_570_1.jpg	photodiode	1
1850.878	0.5	1850878	trained	32748	19	memtrain/o_284_2.jpg	photodiode	1
1851.628	0.5	1851628	untrained	32693	74	memtrain/o_550_1.jpg	photodiode	1
1852.429	0.5	1852429	trained	32734	33	memtrain/o_536_1.jpg	photodiode	1
1853.23	0.5	1853230	untrained	32690	77	memtrain/o_574_2.jpg	photodiode	1
1854.03	0.5	1854030	catch	32671	n/a	catch_padded.jpg	photodiode	0
1854.333	0.0	1854333	response	7	n/a	n/a	trigger	0
1855.982	0.5	1855982	untrained	32674	93	memtrain/so_035_1.jpg	photodiode	1
1856.883	0.5	1856883	trained	32751	16	memtrain/o_199_2.jpg	photodiode	1
1857.783	0.5	1857783	untrained	32709	58	memtrain/o_192_1.jpg	photodiode	1
1858.634	0.5	1858634	untrained	32703	64	memtrain/o_334_2.jpg	photodiode	1
1859.476	0.5	1859476	catch	32671	n/a	catch_padded.jpg	photodiode	0
1859.823	0.0	1859823	response	7	n/a	n/a	trigger	0
1861.578	0.5	1861578	untrained	32689	78	memtrain/o_599_1.jpg	photodiode	1
1862.429	0.5	1862429	untrained	32683	84	memtrain/so_117_2.jpg	photodiode	1
1863.38	0.5	1863380	trained	32723	44	memtrain/so_045_1.jpg	photodiode	1
1864.331	0.5	1864331	untrained	32673	94	memtrain/so_067_1.jpg	photodiode	1
1865.081	0.5	1865081	catch	32671	n/a	catch_padded.jpg	photodiode	0
1865.496	0.0	1865496	response	7	n/a	n/a	trigger	0
1867.141	0.5	1867141	trained	32759	8	memtrain/o_094_1.jpg	photodiode	1
1867.984	0.5	1867984	trained	32760	7	memtrain/o_091_2.jpg	photodiode	1
1868.734	0.5	1868734	untrained	32684	83	memtrain/so_105_1.jpg	photodiode	1
1869.635	0.5	1869635	catch	32671	n/a	catch_padded.jpg	photodiode	0
1869.996	0.0	1869996	response	7	n/a	n/a	trigger	0
1871.737	0.5	1871737	trained	32722	45	memtrain/so_090_2.jpg	photodiode	1
1872.638	0.5	1872638	trained	32762	5	memtrain/o_067_1.jpg	photodiode	1
1873.438	0.5	1873438	untrained	32675	92	memtrain/so_033_1.jpg	photodiode	1
1874.189	0.5	1874189	trained	32767	0	memtrain/o_006_1.jpg	photodiode	1
1874.94	0.5	1874940	catch	32671	n/a	catch_padded.jpg	photodiode	0
1875.306	0.0	1875306	response	7	n/a	n/a	trigger	0
1876.941	0.5	1876941	untrained	32681	86	memtrain/o_288_1.jpg	photodiode	1
1877.742	0.5	1877742	untrained	32700	67	memtrain/o_378_1.jpg	photodiode	1
1878.643	0.5	1878643	untrained	32707	60	memtrain/o_228_2.jpg	photodiode	1
1879.493	0.5	1879493	catch	32671	n/a	catch_padded.jpg	photodiode	0
1879.821	0.0	1879821	response	7	n/a	n/a	trigger	0
1881.445	0.5	1881445	trained	32761	6	memtrain/o_076_1.jpg	photodiode	1
1882.396	0.5	1882396	trained	32746	21	memtrain/o_319_1.jpg	photodiode	1
1883.347	0.5	1883347	trained	32754	13	memtrain/o_136_1.jpg	photodiode	1
1884.147	0.5	1884147	catch	32671	n/a	catch_padded.jpg	photodiode	0
1884.439	0.0	1884439	response	7	n/a	n/a	trigger	0
1886.199	0.5	1886199	untrained	32672	95	memtrain/so_125_1.jpg	photodiode	1
1887.05	0.5	1887050	trained	32758	9	memtrain/o_101_2.jpg	photodiode	1
1888.001	0.5	1888001	untrained	32678	89	memtrain/o_469_1.jpg	photodiode	1
1888.943	0.5	1888943	catch	32671	n/a	catch_padded.jpg	photodiode	0
1889.164	0.0	1889164	response	7	n/a	n/a	trigger	0
1890.953	0.5	1890953	untrained	32718	49	memtrain/o_054_2.jpg	photodiode	1
1891.896	0.5	1891896	untrained	32687	80	memtrain/o_613_1.jpg	photodiode	1
1892.796	0.5	1892796	trained	32725	42	memtrain/so_034_2.jpg	photodiode	1
1893.597	0.5	1893597	trained	32729	38	memtrain/o_603_1.jpg	photodiode	1
1894.348	0.5	1894348	untrained	32686	81	memtrain/o_655_2.jpg	photodiode	1
1895.207	0.5	1895207	catch	32671	n/a	catch_padded.jpg	photodiode	0
1895.384	0.0	1895384	response	7	n/a	n/a	trigger	0
1897.108	0.5	1897108	trained	32765	2	memtrain/o_035_1.jpg	photodiode	1
1897.951	0.5	1897951	trained	32752	15	memtrain/o_195_1.jpg	photodiode	1
1898.751	0.5	1898751	untrained	32712	55	memtrain/o_153_2.jpg	photodiode	1
1899.652	0.5	1899652	catch	32671	n/a	catch_padded.jpg	photodiode	0
1899.957	0.0	1899957	response	7	n/a	n/a	trigger	0
1901.604	0.5	1901604	trained	32720	47	memtrain/so_147_2.jpg	photodiode	1
1902.405	0.5	1902405	trained	32749	18	memtrain/o_264_2.jpg	photodiode	1
1903.305	0.5	1903305	trained	32757	10	memtrain/o_111_2.jpg	photodiode	1
1904.106	0.5	1904106	untrained	32695	72	memtrain/o_490_1.jpg	photodiode	1
1904.907	0.5	1904907	trained	32731	36	memtrain/o_583_1.jpg	photodiode	1
1905.657	0.5	1905657	catch	32671	n/a	catch_padded.jpg	photodiode	0
1905.912	0.0	1905912	response	7	n/a	n/a	trigger	0
1907.559	0.5	1907559	untrained	32685	82	memtrain/o_656_1.jpg	photodiode	1
1908.36	0.5	1908360	trained	32766	1	memtrain/o_015_1.jpg	photodiode	1
1909.21	0.5	1909210	untrained	32692	75	memtrain/o_564_1.jpg	photodiode	1
1910.111	0.5	1910111	trained	32736	31	memtrain/o_465_2.jpg	photodiode	1
1910.912	0.5	1910912	catch	32671	n/a	catch_padded.jpg	photodiode	0
1911.18	0.0	1911180	response	7	n/a	n/a	trigger	0
1912.863	0.5	1912863	untrained	32715	52	memtrain/o_141_1.jpg	photodiode	1
1913.714	0.5	1913714	untrained	32697	70	memtrain/o_471_2.jpg	photodiode	1
1914.465	0.5	1914465	untrained	32682	85	memtrain/o_218_1.jpg	photodiode	1
1915.357	0.5	1915357	trained	32730	37	memtrain/o_597_1.jpg	photodiode	1
1916.266	0.5	1916266	untrained	32694	73	memtrain/o_519_2.jpg	photodiode	1
1917.159	0.5	1917159	catch	32671	n/a	catch_padded.jpg	photodiode	0
1917.354	0.0	1917354	response	7	n/a	n/a	trigger	0
1919.21	0.5	1919210	trained	32728	39	memtrain/o_606_1.jpg	photodiode	1
1920.011	0.5	1920011	trained	32733	34	memtrain/o_558_2.jpg	photodiode	1
1920.912	0.5	1920912	untrained	32704	63	memtrain/o_310_2.jpg	photodiode	1
1921.813	0.5	1921813	untrained	32716	51	memtrain/o_103_2.jpg	photodiode	1
1922.663	0.5	1922663	trained	32738	29	memtrain/o_416_1.jpg	photodiode	1
1923.514	0.5	1923514	catch	32671	n/a	catch_padded.jpg	photodiode	0
1923.722	0.0	1923722	response	7	n/a	n/a	trigger	0
1925.616	0.5	1925616	trained	32743	24	memtrain/o_357_1.jpg	photodiode	1
1926.367	0.5	1926367	trained	32747	20	memtrain/o_290_1.jpg	photodiode	1
1927.117	0.5	1927117	trained	32726	41	memtrain/o_663_2.jpg	photodiode	1
1927.868	0.5	1927868	catch	32671	n/a	catch_padded.jpg	photodiode	0
1928.203	0.0	1928203	response	7	n/a	n/a	trigger	0
1929.97	0.5	1929970	untrained	32701	66	memtrain/o_342_2.jpg	photodiode	1
1930.82	0.5	1930820	untrained	32719	48	memtrain/o_019_2.jpg	photodiode	1
1931.671	0.5	1931671	untrained	32714	53	memtrain/o_142_2.jpg	photodiode	1
1932.472	0.5	1932472	catch	32671	n/a	catch_padded.jpg	photodiode	0
1932.816	0.0	1932816	response	7	n/a	n/a	trigger	0
1934.423	0.5	1934423	untrained	32699	68	memtrain/o_393_1.jpg	photodiode	1
1935.374	0.5	1935374	untrained	32702	65	memtrain/o_337_2.jpg	photodiode	1
1936.175	0.5	1936175	untrained	32676	91	memtrain/o_605_1.jpg	photodiode	1
1936.925	0.5	1936925	untrained	32705	62	memtrain/o_304_1.jpg	photodiode	1
1937.676	0.5	1937676	trained	32756	11	memtrain/o_117_2.jpg	photodiode	1
1938.427	0.5	1938427	catch	32671	n/a	catch_padded.jpg	photodiode	0
1938.738	0.0	1938738	response	7	n/a	n/a	trigger	0
1940.428	0.5	1940428	untrained	32717	50	memtrain/o_057_2.jpg	photodiode	1
1941.179	0.5	1941179	trained	32724	43	memtrain/so_043_2.jpg	photodiode	1
1942.08	0.5	1942080	trained	32755	12	memtrain/o_127_2.jpg	photodiode	1
1942.83	0.5	1942830	trained	32741	26	memtrain/o_376_1.jpg	photodiode	1
1943.681	0.5	1943681	catch	32671	n/a	catch_padded.jpg	photodiode	0
1944.003	0.0	1944003	response	7	n/a	n/a	trigger	0
1946.154	0.0	1946154	block_end	120	n/a	n/a	trigger	0
2003.004	0.0	2003004	response	7	n/a	n/a	trigger	0
2003.008	0.0	2003008	block_onset	107	n/a	n/a	trigger	0
2005.058	0.5	2005058	trained	32748	19	memtrain/o_284_2.jpg	photodiode	1
2005.859	0.5	2005859	trained	32728	39	memtrain/o_606_1.jpg	photodiode	1
2006.71	0.5	2006710	trained	32756	11	memtrain/o_117_2.jpg	photodiode	1
2007.56	0.5	2007560	untrained	32698	69	memtrain/o_464_2.jpg	photodiode	1
2008.311	0.5	2008311	catch	32671	n/a	catch_padded.jpg	photodiode	0
2008.647	0.0	2008647	response	7	n/a	n/a	trigger	0
2010.363	0.5	2010363	trained	32754	13	memtrain/o_136_1.jpg	photodiode	1
2011.113	0.5	2011113	untrained	32705	62	memtrain/o_304_1.jpg	photodiode	1
2011.914	0.5	2011914	untrained	32711	56	memtrain/o_163_2.jpg	photodiode	1
2012.665	0.5	2012665	untrained	32718	49	memtrain/o_054_2.jpg	photodiode	1
2013.565	0.5	2013565	catch	32671	n/a	catch_padded.jpg	photodiode	0
2013.943	0.0	2013943	response	7	n/a	n/a	trigger	0
2015.459	0.5	2015459	trained	32739	28	memtrain/o_397_1.jpg	photodiode	1
2016.368	0.5	2016368	untrained	32697	70	memtrain/o_471_2.jpg	photodiode	1
2017.269	0.5	2017269	untrained	32702	65	memtrain/o_337_2.jpg	photodiode	1
2018.061	0.5	2018061	trained	32760	7	memtrain/o_091_2.jpg	photodiode	1
2018.862	0.5	2018862	catch	32671	n/a	catch_padded.jpg	photodiode	0
2019.171	0.0	2019171	response	7	n/a	n/a	trigger	0
2020.813	0.5	2020813	trained	32745	22	memtrain/o_321_1.jpg	photodiode	1
2021.622	0.5	2021622	untrained	32677	90	memtrain/o_580_1.jpg	photodiode	1
2022.515	0.5	2022515	trained	32738	29	memtrain/o_416_1.jpg	photodiode	1
2023.374	0.5	2023374	untrained	32672	95	memtrain/so_125_1.jpg	photodiode	1
2024.325	0.5	2024325	catch	32671	n/a	catch_padded.jpg	photodiode	0
2024.576	0.0	2024576	response	7	n/a	n/a	trigger	0
2026.368	0.5	2026368	untrained	32714	53	memtrain/o_142_2.jpg	photodiode	1
2027.269	0.5	2027269	untrained	32708	59	memtrain/o_201_2.jpg	photodiode	1
2028.169	0.5	2028169	untrained	32689	78	memtrain/o_599_1.jpg	photodiode	1
2029.12	0.5	2029120	untrained	32687	80	memtrain/o_613_1.jpg	photodiode	1
2030.071	0.5	2030071	untrained	32690	77	memtrain/o_574_2.jpg	photodiode	1
2030.872	0.5	2030872	catch	32671	n/a	catch_padded.jpg	photodiode	0
2031.161	0.0	2031161	response	7	n/a	n/a	trigger	0
2032.924	0.5	2032924	trained	32758	9	memtrain/o_101_2.jpg	photodiode	1
2033.674	0.5	2033674	untrained	32683	84	memtrain/so_117_2.jpg	photodiode	1
2034.525	0.5	2034525	trained	32721	46	memtrain/so_113_1.jpg	photodiode	1
2035.326	0.5	2035326	trained	32729	38	memtrain/o_603_1.jpg	photodiode	1
2036.226	0.5	2036226	untrained	32700	67	memtrain/o_378_1.jpg	photodiode	1
2037.077	0.5	2037077	catch	32671	n/a	catch_padded.jpg	photodiode	0
2037.3	0.0	2037300	response	7	n/a	n/a	trigger	0
2039.029	0.5	2039029	trained	32724	43	memtrain/so_043_2.jpg	photodiode	1
2039.829	0.5	2039829	untrained	32675	92	memtrain/so_033_1.jpg	photodiode	1
2040.58	0.5	2040580	untrained	32682	85	memtrain/o_218_1.jpg	photodiode	1
2041.381	0.5	2041381	catch	32671	n/a	catch_padded.jpg	photodiode	0
2041.633	0.0	2041633	response	7	n/a	n/a	trigger	0
2043.432	0.5	2043432	trained	32722	45	memtrain/so_090_2.jpg	photodiode	1
2044.383	0.5	2044383	untrained	32686	81	memtrain/o_655_2.jpg	photodiode	1
2045.176	0.5	2045176	trained	32735	32	memtrain/o_485_2.jpg	photodiode	1
2046.076	0.5	2046076	catch	32671	n/a	catch_padded.jpg	photodiode	0
2046.334	0.0	2046334	response	7	n/a	n/a	trigger	0
2048.178	0.5	2048178	untrained	32701	66	memtrain/o_342_2.jpg	photodiode	1
2048.937	0.5	2048937	trained	32747	20	memtrain/o_290_1.jpg	photodiode	1
2049.78	0.5	2049780	trained	32753	14	memtrain/o_174_1.jpg	photodiode	1
2050.63	0.5	2050630	trained	32743	24	memtrain/o_357_1.jpg	photodiode	1
2051.531	0.5	2051531	catch	32671	n/a	catch_padded.jpg	photodiode	0
2051.698	0.0	2051698	response	7	n/a	n/a	trigger	0
2053.441	0.5	2053441	trained	32720	47	memtrain/so_147_2.jpg	photodiode	1
2054.283	0.5	2054283	untrained	32685	82	memtrain/o_656_1.jpg	photodiode	1
2055.234	0.5	2055234	trained	32755	12	memtrain/o_127_2.jpg	photodiode	1
2055.985	0.5	2055985	catch	32671	n/a	catch_padded.jpg	photodiode	0
2056.422	0.0	2056422	response	7	n/a	n/a	trigger	0
2058.087	0.5	2058087	untrained	32676	91	memtrain/o_605_1.jpg	photodiode	1
2058.837	0.5	2058837	untrained	32673	94	memtrain/so_067_1.jpg	photodiode	1
2059.788	0.5	2059788	trained	32762	5	memtrain/o_067_1.jpg	photodiode	1
2060.639	0.5	2060639	catch	32671	n/a	catch_padded.jpg	photodiode	0
2060.916	0.0	2060916	response	7	n/a	n/a	trigger	0
2062.64	0.5	2062640	untrained	32674	93	memtrain/so_035_1.jpg	photodiode	1
2063.491	0.5	2063491	untrained	32713	54	memtrain/o_145_1.jpg	photodiode	1
2064.342	0.5	2064342	untrained	32712	55	memtrain/o_153_2.jpg	photodiode	1
2065.293	0.5	2065293	trained	32726	41	memtrain/o_663_2.jpg	photodiode	1
2066.243	0.5	2066243	trained	32750	17	memtrain/o_232_1.jpg	photodiode	1
2066.994	0.5	2066994	catch	32671	n/a	catch_padded.jpg	photodiode	0
2067.288	0.0	2067288	response	7	n/a	n/a	trigger	0
2068.946	0.5	2068946	trained	32740	27	memtrain/o_379_2.jpg	photodiode	1
2069.797	0.5	2069797	untrained	32704	63	memtrain/o_310_2.jpg	photodiode	1
2070.547	0.5	2070547	trained	32725	42	memtrain/so_034_2.jpg	photodiode	1
2071.398	0.5	2071398	untrained	32717	50	memtrain/o_057_2.jpg	photodiode	1
2072.148	0.5	2072148	trained	32766	1	memtrain/o_015_1.jpg	photodiode	1
2073.049	0.5	2073049	catch	32671	n/a	catch_padded.jpg	photodiode	0
2073.265	0.0	2073265	response	7	n/a	n/a	trigger	0
2074.942	0.5	2074942	trained	32732	35	memtrain/o_561_2.jpg	photodiode	1
2075.793	0.5	2075793	untrained	32679	88	memtrain/o_458_1.jpg	photodiode	1
2076.702	0.5	2076702	untrained	32691	76	memtrain/o_570_1.jpg	photodiode	1
2077.553	0.5	2077553	untrained	32678	89	memtrain/o_469_1.jpg	photodiode	1
2078.295	0.5	2078295	catch	32671	n/a	catch_padded.jpg	photodiode	0
2078.606	0.0	2078606	response	7	n/a	n/a	trigger	0
2080.405	0.5	2080405	untrained	32715	52	memtrain/o_141_1.jpg	photodiode	1
2081.248	0.5	2081248	trained	32749	18	memtrain/o_264_2.jpg	photodiode	1
2082.048	0.5	2082048	untrained	32694	73	memtrain/o_519_2.jpg	photodiode	1
2082.999	0.5	2082999	untrained	32692	75	memtrain/o_564_1.jpg	photodiode	1
2083.95	0.5	2083950	catch	32671	n/a	catch_padded.jpg	photodiode	0
2084.282	0.0	2084282	response	7	n/a	n/a	trigger	0
2085.902	0.5	2085902	trained	32752	15	memtrain/o_195_1.jpg	photodiode	1
2086.853	0.5	2086853	untrained	32684	83	memtrain/so_105_1.jpg	photodiode	1
2087.653	0.5	2087653	untrained	32688	79	memtrain/o_600_1.jpg	photodiode	1
2088.604	0.5	2088604	untrained	32710	57	memtrain/o_171_1.jpg	photodiode	1
2089.555	0.5	2089555	catch	32671	n/a	catch_padded.jpg	photodiode	0
2089.858	0.0	2089858	response	7	n/a	n/a	trigger	0
2091.607	0.5	2091607	trained	32731	36	memtrain/o_583_1.jpg	photodiode	1
2092.507	0.5	2092507	untrained	32680	87	memtrain/o_365_1.jpg	photodiode	1
2093.408	0.5	2093408	trained	32730	37	memtrain/o_597_1.jpg	photodiode	1
2094.259	0.5	2094259	untrained	32707	60	memtrain/o_228_2.jpg	photodiode	1
2095.009	0.5	2095009	untrained	32693	74	memtrain/o_550_1.jpg	photodiode	1
2095.81	0.5	2095810	catch	32671	n/a	catch_padded.jpg	photodiode	0
2096.057	0.0	2096057	response	7	n/a	n/a	trigger	0
2097.912	0.5	2097912	trained	32757	10	memtrain/o_111_2.jpg	photodiode	1
2098.863	0.5	2098863	untrained	32703	64	memtrain/o_334_2.jpg	photodiode	1
2099.613	0.5	2099613	trained	32741	26	memtrain/o_376_1.jpg	photodiode	1
2100.364	0.5	2100364	trained	32764	3	memtrain/o_040_2.jpg	photodiode	1
2101.165	0.5	2101165	untrained	32709	58	memtrain/o_192_1.jpg	photodiode	1
2102.015	0.5	2102015	catch	32671	n/a	catch_padded.jpg	photodiode	0
2102.332	0.0	2102332	response	7	n/a	n/a	trigger	0
2103.967	0.5	2103967	untrained	32706	61	memtrain/o_298_2.jpg	photodiode	1
2104.868	0.5	2104868	trained	32763	4	memtrain/o_042_1.jpg	photodiode	1
2105.81	0.5	2105810	trained	32744	23	memtrain/o_338_2.jpg	photodiode	1
2106.561	0.5	2106561	trained	32746	21	memtrain/o_319_1.jpg	photodiode	1
2107.37	0.5	2107370	catch	32671	n/a	catch_padded.jpg	photodiode	0
2107.642	0.0	2107642	response	7	n/a	n/a	trigger	0
2109.363	0.5	2109363	trained	32761	6	memtrain/o_076_1.jpg	photodiode	1
2110.264	0.5	2110264	trained	32765	2	memtrain/o_035_1.jpg	photodiode	1
2111.215	0.5	2111215	trained	32727	40	memtrain/o_648_2.jpg	photodiode	1
2111.966	0.5	2111966	catch	32671	n/a	catch_padded.jpg	photodiode	0
2112.288	0.0	2112288	response	7	n/a	n/a	trigger	0
2114.067	0.5	2114067	trained	32734	33	memtrain/o_536_1.jpg	photodiode	1
2114.868	0.5	2114868	trained	32742	25	memtrain/o_358_2.jpg	photodiode	1
2115.669	0.5	2115669	trained	32759	8	memtrain/o_094_1.jpg	photodiode	1
2116.62	0.5	2116620	trained	32737	30	memtrain/o_437_2.jpg	photodiode	1
2117.42	0.5	2117420	catch	32671	n/a	catch_padded.jpg	photodiode	0
2117.731	0.0	2117731	response	7	n/a	n/a	trigger	0
2119.422	0.5	2119422	untrained	32719	48	memtrain/o_019_2.jpg	photodiode	1
2120.223	0.5	2120223	trained	32767	0	memtrain/o_006_1.jpg	photodiode	1
2121.123	0.5	2121123	trained	32723	44	memtrain/so_045_1.jpg	photodiode	1
2121.924	0.5	2121924	catch	32671	n/a	catch_padded.jpg	photodiode	0
2122.204	0.0	2122204	response	7	n/a	n/a	trigger	0
2123.826	0.5	2123826	untrained	32695	72	memtrain/o_490_1.jpg	photodiode	1
2124.676	0.5	2124676	trained	32751	16	memtrain/o_199_2.jpg	photodiode	1
2125.577	0.5	2125577	trained	32733	34	memtrain/o_558_2.jpg	photodiode	1
2126.478	0.5	2126478	catch	32671	n/a	catch_padded.jpg	photodiode	0
2126.778	0.0	2126778	response	7	n/a	n/a	trigger	0
2128.58	0.5	2128580	untrained	32699	68	memtrain/o_393_1.jpg	photodiode	1
2129.53	0.5	2129530	untrained	32716	51	memtrain/o_103_2.jpg	photodiode	1
2130.331	0.5	2130331	untrained	32696	71	memtrain/o_483_1.jpg	photodiode	1
2131.132	0.5	2131132	catch	32671	n/a	catch_padded.jpg	photodiode	0
2131.44	0.0	2131440	response	7	n/a	n/a	trigger	0
2133.025	0.5	2133025	untrained	32681	86	memtrain/o_288_1.jpg	photodiode	1
2133.776	0.5	2133776	trained	32736	31	memtrain/o_465_2.jpg	photodiode	1
2134.726	0.5	2134726	untrained	32696	71	memtrain/o_483_1.jpg	photodiode	1
2135.686	0.5	2135686	catch	32671	n/a	catch_padded.jpg	photodiode	0
2136.029	0.0	2136029	response	7	n/a	n/a	trigger	0
2137.587	0.5	2137587	trained	32720	47	memtrain/so_147_2.jpg	photodiode	1
2138.43	0.5	2138430	trained	32735	32	memtrain/o_485_2.jpg	photodiode	1
2139.339	0.5	2139339	trained	32755	12	memtrain/o_127_2.jpg	photodiode	1
2140.231	0.5	2140231	untrained	32672	95	memtrain/so_125_1.jpg	photodiode	1
2141.14	0.5	2141140	untrained	32709	58	memtrain/o_192_1.jpg	photodiode	1
2141.983	0.5	2141983	catch	32671	n/a	catch_padded.jpg	photodiode	0
2142.193	0.0	2142193	response	7	n/a	n/a	trigger	0
2144.084	0.5	2144084	trained	32753	14	memtrain/o_174_1.jpg	photodiode	1
2144.885	0.5	2144885	trained	32721	46	memtrain/so_113_1.jpg	photodiode	1
2145.736	0.5	2145736	untrained	32699	68	memtrain/o_393_1.jpg	photodiode	1
2146.687	0.5	2146687	trained	32734	33	memtrain/o_536_1.jpg	photodiode	1
2147.437	0.5	2147437	untrained	32681	86	memtrain/o_288_1.jpg	photodiode	1
2148.188	0.5	2148188	catch	32671	n/a	catch_padded.jpg	photodiode	0
2148.473	0.0	2148473	response	7	n/a	n/a	trigger	0
2150.29	0.5	2150290	untrained	32718	49	memtrain/o_054_2.jpg	photodiode	1
2151.19	0.5	2151190	untrained	32692	75	memtrain/o_564_1.jpg	photodiode	1
2152.141	0.5	2152141	trained	32745	22	memtrain/o_321_1.jpg	photodiode	1
2152.892	0.5	2152892	untrained	32712	55	memtrain/o_153_2.jpg	photodiode	1
2153.843	0.5	2153843	untrained	32705	62	memtrain/o_304_1.jpg	photodiode	1
2154.702	0.5	2154702	catch	32671	n/a	catch_padded.jpg	photodiode	0
2154.942	0.0	2154942	response	7	n/a	n/a	trigger	0
2156.745	0.5	2156745	trained	32748	19	memtrain/o_284_2.jpg	photodiode	1
2157.596	0.5	2157596	untrained	32710	57	memtrain/o_171_1.jpg	photodiode	1
2158.497	0.5	2158497	untrained	32675	92	memtrain/so_033_1.jpg	photodiode	1
2159.397	0.5	2159397	trained	32740	27	memtrain/o_379_2.jpg	photodiode	1
2160.148	0.5	2160148	catch	32671	n/a	catch_padded.jpg	photodiode	0
2160.626	0.0	2160626	response	7	n/a	n/a	trigger	0
2162.091	0.5	2162091	trained	32732	35	memtrain/o_561_2.jpg	photodiode	1
2162.95	0.5	2162950	untrained	32708	59	memtrain/o_201_2.jpg	photodiode	1
2163.743	0.5	2163743	untrained	32674	93	memtrain/so_035_1.jpg	photodiode	1
2164.652	0.5	2164652	trained	32758	9	memtrain/o_101_2.jpg	photodiode	1
2165.603	0.5	2165603	untrained	32691	76	memtrain/o_570_1.jpg	photodiode	1
2166.395	0.5	2166395	catch	32671	n/a	catch_padded.jpg	photodiode	0
2166.753	0.0	2166753	response	7	n/a	n/a	trigger	0
2168.455	0.5	2168455	trained	32766	1	memtrain/o_015_1.jpg	photodiode	1
2169.197	0.5	2169197	untrained	32686	81	memtrain/o_655_2.jpg	photodiode	1
2169.956	0.5	2169956	untrained	32693	74	memtrain/o_550_1.jpg	photodiode	1
2170.849	0.5	2170849	catch	32671	n/a	catch_padded.jpg	photodiode	0
2171.221	0.0	2171221	response	7	n/a	n/a	trigger	0
2172.951	0.5	2172951	trained	32765	2	memtrain/o_035_1.jpg	photodiode	1
2173.801	0.5	2173801	untrained	32719	48	memtrain/o_019_2.jpg	photodiode	1
2174.602	0.5	2174602	untrained	32697	70	memtrain/o_471_2.jpg	photodiode	1
2175.553	0.5	2175553	untrained	32695	72	memtrain/o_490_1.jpg	photodiode	1
2176.404	0.5	2176404	trained	32760	7	memtrain/o_091_2.jpg	photodiode	1
2177.154	0.5	2177154	catch	32671	n/a	catch_padded.jpg	photodiode	0
2177.401	0.0	2177401	response	7	n/a	n/a	trigger	0
2179.056	0.5	2179056	trained	32746	21	memtrain/o_319_1.jpg	photodiode	1
2179.957	0.5	2179957	trained	32725	42	memtrain/so_034_2.jpg	photodiode	1
2180.757	0.5	2180757	untrained	32713	54	memtrain/o_145_1.jpg	photodiode	1
2181.658	0.5	2181658	untrained	32703	64	memtrain/o_334_2.jpg	photodiode	1
2182.409	0.5	2182409	untrained	32682	85	memtrain/o_218_1.jpg	photodiode	1
2183.209	0.5	2183209	catch	32671	n/a	catch_padded.jpg	photodiode	0
2183.432	0.0	2183432	response	7	n/a	n/a	trigger	0
2185.161	0.5	2185161	trained	32729	38	memtrain/o_603_1.jpg	photodiode	1
2186.062	0.5	2186062	untrained	32683	84	memtrain/so_117_2.jpg	photodiode	1
2186.862	0.5	2186862	trained	32728	39	memtrain/o_606_1.jpg	photodiode	1
2187.713	0.5	2187713	trained	32762	5	memtrain/o_067_1.jpg	photodiode	1
2188.564	0.5	2188564	catch	32671	n/a	catch_padded.jpg	photodiode	0
2188.856	0.0	2188856	response	7	n/a	n/a	trigger	0
2190.616	0.5	2190616	untrained	32689	78	memtrain/o_599_1.jpg	photodiode	1
2191.558	0.5	2191558	trained	32756	11	memtrain/o_117_2.jpg	photodiode	1
2192.517	0.5	2192517	trained	32736	31	memtrain/o_465_2.jpg	photodiode	1
2193.318	0.5	2193318	trained	32741	26	memtrain/o_376_1.jpg	photodiode	1
2194.11	0.5	2194110	untrained	32679	88	memtrain/o_458_1.jpg	photodiode	1
2194.911	0.5	2194911	catch	32671	n/a	catch_padded.jpg	photodiode	0
2195.206	0.0	2195206	response	7	n/a	n/a	trigger	0
2196.821	0.5	2196821	untrained	32680	87	memtrain/o_365_1.jpg	photodiode	1
2197.571	0.5	2197571	untrained	32688	79	memtrain/o_600_1.jpg	photodiode	1
2198.364	0.5	2198364	untrained	32702	65	memtrain/o_337_2.jpg	photodiode	1
2199.223	0.5	2199223	trained	32737	30	memtrain/o_437_2.jpg	photodiode	1
2199.965	0.5	2199965	trained	32747	20	memtrain/o_290_1.jpg	photodiode	1
2200.724	0.5	2200724	catch	32671	n/a	catch_padded.jpg	photodiode	0
2200.999	0.0	2200999	response	7	n/a	n/a	trigger	0
2202.768	0.5	2202768	trained	32750	17	memtrain/o_232_1.jpg	photodiode	1
2203.518	0.5	2203518	untrained	32700	67	memtrain/o_378_1.jpg	photodiode	1
2204.419	0.5	2204419	trained	32726	41	memtrain/o_663_2.jpg	photodiode	1
2205.27	0.5	2205270	trained	32751	16	memtrain/o_199_2.jpg	photodiode	1
2206.12	0.5	2206120	trained	32767	0	memtrain/o_006_1.jpg	photodiode	1
2206.871	0.5	2206871	catch	32671	n/a	catch_padded.jpg	photodiode	0
2207.16	0.0	2207160	response	7	n/a	n/a	trigger	0
2208.973	0.5	2208973	untrained	32711	56	memtrain/o_163_2.jpg	photodiode	1
2209.824	0.5	2209824	untrained	32706	61	memtrain/o_298_2.jpg	photodiode	1
2210.774	0.5	2210774	untrained	32701	66	memtrain/o_342_2.jpg	photodiode	1
2211.725	0.5	2211725	catch	32671	n/a	catch_padded.jpg	photodiode	0
2212.038	0.0	2212038	response	7	n/a	n/a	trigger	0
2213.727	0.5	2213727	untrained	32685	82	memtrain/o_656_1.jpg	photodiode	1
2214.678	0.5	2214678	untrained	32678	89	memtrain/o_469_1.jpg	photodiode	1
2215.528	0.5	2215528	trained	32744	23	memtrain/o_338_2.jpg	photodiode	1
2216.479	0.5	2216479	catch	32671	n/a	catch_padded.jpg	photodiode	0
2216.724	0.0	2216724	response	7	n/a	n/a	trigger	0
2218.481	0.5	2218481	trained	32739	28	memtrain/o_397_1.jpg	photodiode	1
2219.323	0.5	2219323	untrained	32684	83	memtrain/so_105_1.jpg	photodiode	1
2220.182	0.5	2220182	trained	32749	18	memtrain/o_264_2.jpg	photodiode	1
2220.933	0.5	2220933	catch	32671	n/a	catch_padded.jpg	photodiode	0
2221.256	0.0	2221256	response	7	n/a	n/a	trigger	0
2222.926	0.5	2222926	untrained	32714	53	memtrain/o_142_2.jpg	photodiode	1
2223.785	0.5	2223785	trained	32742	25	memtrain/o_358_2.jpg	photodiode	1
2224.628	0.5	2224628	trained	32761	6	memtrain/o_076_1.jpg	photodiode	1
2225.529	0.5	2225529	untrained	32704	63	memtrain/o_310_2.jpg	photodiode	1
2226.329	0.5	2226329	untrained	32698	69	memtrain/o_464_2.jpg	photodiode	1
2227.23	0.5	2227230	catch	32671	n/a	catch_padded.jpg	photodiode	0
2227.439	0.0	2227439	response	7	n/a	n/a	trigger	0
2229.232	0.5	2229232	untrained	32716	51	memtrain/o_103_2.jpg	photodiode	1
2230.032	0.5	2230032	untrained	32677	90	memtrain/o_580_1.jpg	photodiode	1
2230.933	0.5	2230933	trained	32727	40	memtrain/o_648_2.jpg	photodiode	1
2231.834	0.5	2231834	trained	32733	34	memtrain/o_558_2.jpg	photodiode	1
2232.585	0.5	2232585	catch	32671	n/a	catch_padded.jpg	photodiode	0
2232.875	0.0	2232875	response	7	n/a	n/a	trigger	0
2234.494	0.5	2234494	untrained	32673	94	memtrain/so_067_1.jpg	photodiode	1
2235.387	0.5	2235387	untrained	32687	80	memtrain/o_613_1.jpg	photodiode	1
2236.288	0.5	2236288	trained	32723	44	memtrain/so_045_1.jpg	photodiode	1
2237.188	0.5	2237188	catch	32671	n/a	catch_padded.jpg	photodiode	0
2237.467	0.0	2237467	response	7	n/a	n/a	trigger	0
2239.14	0.5	2239140	untrained	32707	60	memtrain/o_228_2.jpg	photodiode	1
2239.941	0.5	2239941	trained	32724	43	memtrain/so_043_2.jpg	photodiode	1
2240.691	0.5	2240691	trained	32754	13	memtrain/o_136_1.jpg	photodiode	1
2241.642	0.5	2241642	catch	32671	n/a	catch_padded.jpg	photodiode	0
2242.003	0.0	2242003	response	7	n/a	n/a	trigger	0
2243.544	0.5	2243544	trained	32738	29	memtrain/o_416_1.jpg	photodiode	1
2244.344	0.5	2244344	trained	32763	4	memtrain/o_042_1.jpg	photodiode	1
2245.145	0.5	2245145	trained	32757	10	memtrain/o_111_2.jpg	photodiode	1
2245.896	0.5	2245896	trained	32752	15	memtrain/o_195_1.jpg	photodiode	1
2246.696	0.5	2246696	catch	32671	n/a	catch_padded.jpg	photodiode	0
2246.949	0.0	2246949	response	7	n/a	n/a	trigger	0
2248.748	0.5	2248748	untrained	32715	52	memtrain/o_141_1.jpg	photodiode	1
2249.699	0.5	2249699	trained	32731	36	memtrain/o_583_1.jpg	photodiode	1
2250.65	0.5	2250650	untrained	32676	91	memtrain/o_605_1.jpg	photodiode	1
2251.551	0.5	2251551	catch	32671	n/a	catch_padded.jpg	photodiode	0
2251.876	0.0	2251876	response	7	n/a	n/a	trigger	0
2253.444	0.5	2253444	untrained	32694	73	memtrain/o_519_2.jpg	photodiode	1
2254.295	0.5	2254295	trained	32759	8	memtrain/o_094_1.jpg	photodiode	1
2255.145	0.5	2255145	trained	32730	37	memtrain/o_597_1.jpg	photodiode	1
2256.104	0.5	2256104	untrained	32690	77	memtrain/o_574_2.jpg	photodiode	1
2257.047	0.5	2257047	catch	32671	n/a	catch_padded.jpg	photodiode	0
2257.281	0.0	2257281	response	7	n/a	n/a	trigger	0
2259.049	0.5	2259049	trained	32764	3	memtrain/o_040_2.jpg	photodiode	1
2259.999	0.5	2259999	trained	32743	24	memtrain/o_357_1.jpg	photodiode	1
2260.75	0.5	2260750	trained	32722	45	memtrain/so_090_2.jpg	photodiode	1
2261.701	0.5	2261701	untrained	32717	50	memtrain/o_057_2.jpg	photodiode	1
2262.451	0.5	2262451	catch	32671	n/a	catch_padded.jpg	photodiode	0
2262.751	0.0	2262751	response	7	n/a	n/a	trigger	0
2264.93	0.0	2264930	block_end	120	n/a	n/a	trigger	0
2345.953	0.0	2345953	response	7	n/a	n/a	trigger	0
2345.957	0.0	2345957	block_onset	108	n/a	n/a	trigger	0
2348.007	0.5	2348007	untrained	32690	77	memtrain/o_574_2.jpg	photodiode	1
2348.908	0.5	2348908	trained	32739	28	memtrain/o_397_1.jpg	photodiode	1
2349.659	0.5	2349659	untrained	32697	70	memtrain/o_471_2.jpg	photodiode	1
2350.559	0.5	2350559	catch	32671	n/a	catch_padded.jpg	photodiode	0
2350.965	0.0	2350965	response	7	n/a	n/a	trigger	0
2352.511	0.5	2352511	trained	32748	19	memtrain/o_284_2.jpg	photodiode	1
2353.262	0.5	2353262	trained	32727	40	memtrain/o_648_2.jpg	photodiode	1
2354.213	0.5	2354213	untrained	32675	92	memtrain/so_033_1.jpg	photodiode	1
2354.963	0.5	2354963	catch	32671	n/a	catch_padded.jpg	photodiode	0
2355.264	0.0	2355264	response	7	n/a	n/a	trigger	0
2357.015	0.5	2357015	untrained	32696	71	memtrain/o_483_1.jpg	photodiode	1
2357.916	0.5	2357916	trained	32744	23	memtrain/o_338_2.jpg	photodiode	1
2358.867	0.5	2358867	trained	32765	2	memtrain/o_035_1.jpg	photodiode	1
2359.817	0.5	2359817	untrained	32686	81	memtrain/o_655_2.jpg	photodiode	1
2360.718	0.5	2360718	untrained	32701	66	memtrain/o_342_2.jpg	photodiode	1
2361.619	0.5	2361619	catch	32671	n/a	catch_padded.jpg	photodiode	0
2361.812	0.0	2361812	response	7	n/a	n/a	trigger	0
2363.512	0.5	2363512	trained	32740	27	memtrain/o_379_2.jpg	photodiode	1
2364.271	0.5	2364271	trained	32767	0	memtrain/o_006_1.jpg	photodiode	1
2365.064	0.5	2365064	untrained	32710	57	memtrain/o_171_1.jpg	photodiode	1
2365.864	0.5	2365864	untrained	32685	82	memtrain/o_656_1.jpg	photodiode	1
2366.723	0.5	2366723	trained	32746	21	memtrain/o_319_1.jpg	photodiode	1
2367.666	0.5	2367666	catch	32671	n/a	catch_padded.jpg	photodiode	0
2367.876	0.0	2367876	response	7	n/a	n/a	trigger	0
2369.717	0.5	2369717	trained	32725	42	memtrain/so_034_2.jpg	photodiode	1
2370.518	0.5	2370518	untrained	32704	63	memtrain/o_310_2.jpg	photodiode	1
2371.369	0.5	2371369	trained	32721	46	memtrain/so_113_1.jpg	photodiode	1
2372.17	0.5	2372170	trained	32758	9	memtrain/o_101_2.jpg	photodiode	1
2372.92	0.5	2372920	trained	32742	25	memtrain/o_358_2.jpg	photodiode	1
2373.771	0.5	2373771	catch	32671	n/a	catch_padded.jpg	photodiode	0
2374.012	0.0	2374012	response	7	n/a	n/a	trigger	0
2375.781	0.5	2375781	untrained	32672	95	memtrain/so_125_1.jpg	photodiode	1
2376.673	0.5	2376673	untrained	32714	53	memtrain/o_142_2.jpg	photodiode	1
2377.524	0.5	2377524	untrained	32717	50	memtrain/o_057_2.jpg	photodiode	1
2378.475	0.5	2378475	untrained	32700	67	memtrain/o_378_1.jpg	photodiode	1
2379.376	0.5	2379376	catch	32671	n/a	catch_padded.jpg	photodiode	0
2379.607	0.0	2379607	response	7	n/a	n/a	trigger	0
2381.277	0.5	2381277	trained	32724	43	memtrain/so_043_2.jpg	photodiode	1
2382.078	0.5	2382078	trained	32733	34	memtrain/o_558_2.jpg	photodiode	1
2382.879	0.5	2382879	trained	32762	5	memtrain/o_067_1.jpg	photodiode	1
2383.679	0.5	2383679	untrained	32707	60	memtrain/o_228_2.jpg	photodiode	1
2384.48	0.5	2384480	trained	32757	10	memtrain/o_111_2.jpg	photodiode	1
2385.381	0.5	2385381	catch	32671	n/a	catch_padded.jpg	photodiode	0
2385.616	0.0	2385616	response	7	n/a	n/a	trigger	0
2387.382	0.5	2387382	untrained	32673	94	memtrain/so_067_1.jpg	photodiode	1
2388.183	0.5	2388183	trained	32753	14	memtrain/o_174_1.jpg	photodiode	1
2388.934	0.5	2388934	untrained	32705	62	memtrain/o_304_1.jpg	photodiode	1
2389.835	0.5	2389835	untrained	32674	93	memtrain/so_035_1.jpg	photodiode	1
2390.727	0.5	2390727	catch	32671	n/a	catch_padded.jpg	photodiode	0
2390.975	0.0	2390975	response	7	n/a	n/a	trigger	0
2392.687	0.5	2392687	untrained	32694	73	memtrain/o_519_2.jpg	photodiode	1
2393.479	0.5	2393479	untrained	32688	79	memtrain/o_600_1.jpg	photodiode	1
2394.33	0.5	2394330	trained	32722	45	memtrain/so_090_2.jpg	photodiode	1
2395.181	0.5	2395181	untrained	32684	83	memtrain/so_105_1.jpg	photodiode	1
2396.131	0.5	2396131	catch	32671	n/a	catch_padded.jpg	photodiode	0
2396.436	0.0	2396436	response	7	n/a	n/a	trigger	0
2398.242	0.5	2398242	untrained	32712	55	memtrain/o_153_2.jpg	photodiode	1
2399.192	0.5	2399192	untrained	32678	89	memtrain/o_469_1.jpg	photodiode	1
2399.985	0.5	2399985	trained	32751	16	memtrain/o_199_2.jpg	photodiode	1
2400.936	0.5	2400936	trained	32761	6	memtrain/o_076_1.jpg	photodiode	1
2401.745	0.5	2401745	catch	32671	n/a	catch_padded.jpg	photodiode	0
2402.039	0.0	2402039	response	7	n/a	n/a	trigger	0
2403.638	0.5	2403638	untrained	32680	87	memtrain/o_365_1.jpg	photodiode	1
2404.438	0.5	2404438	trained	32737	30	memtrain/o_437_2.jpg	photodiode	1
2405.289	0.5	2405289	untrained	32706	61	memtrain/o_298_2.jpg	photodiode	1
2406.19	0.5	2406190	untrained	32718	49	memtrain/o_054_2.jpg	photodiode	1
2407.041	0.5	2407041	trained	32738	29	memtrain/o_416_1.jpg	photodiode	1
2407.941	0.5	2407941	catch	32671	n/a	catch_padded.jpg	photodiode	0
2408.147	0.0	2408147	response	7	n/a	n/a	trigger	0
2409.843	0.5	2409843	trained	32759	8	memtrain/o_094_1.jpg	photodiode	1
2410.694	0.5	2410694	untrained	32695	72	memtrain/o_490_1.jpg	photodiode	1
2411.545	0.5	2411545	untrained	32687	80	memtrain/o_613_1.jpg	photodiode	1
2412.345	0.5	2412345	catch	32671	n/a	catch_padded.jpg	photodiode	0
2412.659	0.0	2412659	response	7	n/a	n/a	trigger	0
2414.447	0.5	2414447	untrained	32693	74	memtrain/o_550_1.jpg	photodiode	1
2415.248	0.5	2415248	untrained	32703	64	memtrain/o_334_2.jpg	photodiode	1
2415.998	0.5	2415998	trained	32747	20	memtrain/o_290_1.jpg	photodiode	1
2416.899	0.5	2416899	trained	32760	7	memtrain/o_091_2.jpg	photodiode	1
2417.85	0.5	2417850	catch	32671	n/a	catch_padded.jpg	photodiode	0
2418.066	0.0	2418066	response	7	n/a	n/a	trigger	0
2419.852	0.5	2419852	untrained	32716	51	memtrain/o_103_2.jpg	photodiode	1
2420.594	0.5	2420594	trained	32720	47	memtrain/so_147_2.jpg	photodiode	1
2421.445	0.5	2421445	untrained	32719	48	memtrain/o_019_2.jpg	photodiode	1
2422.395	0.5	2422395	catch	32671	n/a	catch_padded.jpg	photodiode	0
2422.753	0.0	2422753	response	7	n/a	n/a	trigger	0
2424.355	0.5	2424355	trained	32745	22	memtrain/o_321_1.jpg	photodiode	1
2425.298	0.5	2425298	trained	32732	35	memtrain/o_561_2.jpg	photodiode	1
2426.199	0.5	2426199	untrained	32691	76	memtrain/o_570_1.jpg	photodiode	1
2427.049	0.5	2427049	trained	32729	38	memtrain/o_603_1.jpg	photodiode	1
2427.9	0.5	2427900	catch	32671	n/a	catch_padded.jpg	photodiode	0
2428.311	0.0	2428311	response	7	n/a	n/a	trigger	0
2429.96	0.5	2429960	untrained	32682	85	memtrain/o_218_1.jpg	photodiode	1
2430.853	0.5	2430853	untrained	32715	52	memtrain/o_141_1.jpg	photodiode	1
2431.603	0.5	2431603	untrained	32713	54	memtrain/o_145_1.jpg	photodiode	1
2432.404	0.5	2432404	trained	32726	41	memtrain/o_663_2.jpg	photodiode	1
2433.205	0.5	2433205	catch	32671	n/a	catch_padded.jpg	photodiode	0
2433.538	0.0	2433538	response	7	n/a	n/a	trigger	0
2435.206	0.5	2435206	trained	32763	4	memtrain/o_042_1.jpg	photodiode	1
2436.107	0.5	2436107	untrained	32698	69	memtrain/o_464_2.jpg	photodiode	1
2436.958	0.5	2436958	trained	32728	39	memtrain/o_606_1.jpg	photodiode	1
2437.758	0.5	2437758	trained	32750	17	memtrain/o_232_1.jpg	photodiode	1
2438.609	0.5	2438609	catch	32671	n/a	catch_padded.jpg	photodiode	0
2438.941	0.0	2438941	response	7	n/a	n/a	trigger	0
2440.661	0.5	2440661	trained	32752	15	memtrain/o_195_1.jpg	photodiode	1
2441.612	0.5	2441612	trained	32723	44	memtrain/so_045_1.jpg	photodiode	1
2442.412	0.5	2442412	trained	32731	36	memtrain/o_583_1.jpg	photodiode	1
2443.163	0.5	2443163	catch	32671	n/a	catch_padded.jpg	photodiode	0
2443.545	0.0	2443545	response	7	n/a	n/a	trigger	0
2445.265	0.5	2445265	untrained	32692	75	memtrain/o_564_1.jpg	photodiode	1
2446.216	0.5	2446216	trained	32730	37	memtrain/o_597_1.jpg	photodiode	1
2447.166	0.5	2447166	trained	32743	24	memtrain/o_357_1.jpg	photodiode	1
2448.117	0.5	2448117	catch	32671	n/a	catch_padded.jpg	photodiode	0
2448.35	0.0	2448350	response	7	n/a	n/a	trigger	0
2450.019	0.5	2450019	untrained	32711	56	memtrain/o_163_2.jpg	photodiode	1
2450.961	0.5	2450961	trained	32754	13	memtrain/o_136_1.jpg	photodiode	1
2451.72	0.5	2451720	untrained	32709	58	memtrain/o_192_1.jpg	photodiode	1
2452.621	0.5	2452621	catch	32671	n/a	catch_padded.jpg	photodiode	0
2452.999	0.0	2452999	response	7	n/a	n/a	trigger	0
2454.673	0.5	2454673	trained	32741	26	memtrain/o_376_1.jpg	photodiode	1
2455.515	0.5	2455515	trained	32734	33	memtrain/o_536_1.jpg	photodiode	1
2456.466	0.5	2456466	untrained	32702	65	memtrain/o_337_2.jpg	photodiode	1
2457.317	0.5	2457317	catch	32671	n/a	catch_padded.jpg	photodiode	0
2457.55	0.0	2457550	response	7	n/a	n/a	trigger	0
2459.368	0.5	2459368	trained	32736	31	memtrain/o_465_2.jpg	photodiode	1
2460.269	0.5	2460269	trained	32735	32	memtrain/o_485_2.jpg	photodiode	1
2461.02	0.5	2461020	trained	32755	12	memtrain/o_127_2.jpg	photodiode	1
2461.82	0.5	2461820	untrained	32679	88	memtrain/o_458_1.jpg	photodiode	1
2462.621	0.5	2462621	untrained	32677	90	memtrain/o_580_1.jpg	photodiode	1
2463.372	0.5	2463372	catch	32671	n/a	catch_padded.jpg	photodiode	0
2463.676	0.0	2463676	response	7	n/a	n/a	trigger	0
2465.273	0.5	2465273	untrained	32699	68	memtrain/o_393_1.jpg	photodiode	1
2466.074	0.5	2466074	trained	32764	3	memtrain/o_040_2.jpg	photodiode	1
2466.975	0.5	2466975	trained	32749	18	memtrain/o_264_2.jpg	photodiode	1
2467.826	0.5	2467826	untrained	32689	78	memtrain/o_599_1.jpg	photodiode	1
2468.676	0.5	2468676	untrained	32683	84	memtrain/so_117_2.jpg	photodiode	1
2469.427	0.5	2469427	catch	32671	n/a	catch_padded.jpg	photodiode	0
2469.753	0.0	2469753	response	7	n/a	n/a	trigger	0
2471.479	0.5	2471479	untrained	32681	86	memtrain/o_288_1.jpg	photodiode	1
2472.229	0.5	2472229	trained	32766	1	memtrain/o_015_1.jpg	photodiode	1
2473.08	0.5	2473080	untrained	32708	59	memtrain/o_201_2.jpg	photodiode	1
2473.981	0.5	2473981	trained	32756	11	memtrain/o_117_2.jpg	photodiode	1
2474.731	0.5	2474731	untrained	32676	91	memtrain/o_605_1.jpg	photodiode	1
2475.532	0.5	2475532	catch	32671	n/a	catch_padded.jpg	photodiode	0
2475.864	0.0	2475864	response	7	n/a	n/a	trigger	0
2477.584	0.5	2477584	trained	32757	10	memtrain/o_111_2.jpg	photodiode	1
2478.485	0.5	2478485	untrained	32708	59	memtrain/o_201_2.jpg	photodiode	1
2479.377	0.5	2479377	untrained	32706	61	memtrain/o_298_2.jpg	photodiode	1
2480.336	0.5	2480336	trained	32747	20	memtrain/o_290_1.jpg	photodiode	1
2481.087	0.5	2481087	catch	32671	n/a	catch_padded.jpg	photodiode	0
2481.446	0.0	2481446	response	7	n/a	n/a	trigger	0
2483.13	0.5	2483130	trained	32728	39	memtrain/o_606_1.jpg	photodiode	1
2484.081	0.5	2484081	untrained	32696	71	memtrain/o_483_1.jpg	photodiode	1
2484.84	0.5	2484840	untrained	32691	76	memtrain/o_570_1.jpg	photodiode	1
2485.632	0.5	2485632	trained	32744	23	memtrain/o_338_2.jpg	photodiode	1
2486.441	0.5	2486441	untrained	32701	66	memtrain/o_342_2.jpg	photodiode	1
2487.284	0.5	2487284	catch	32671	n/a	catch_padded.jpg	photodiode	0
2487.582	0.0	2487582	response	7	n/a	n/a	trigger	0
2489.194	0.5	2489194	untrained	32697	70	memtrain/o_471_2.jpg	photodiode	1
2490.086	0.5	2490086	trained	32750	17	memtrain/o_232_1.jpg	photodiode	1
2491.037	0.5	2491037	untrained	32719	48	memtrain/o_019_2.jpg	photodiode	1
2491.788	0.5	2491788	untrained	32694	73	memtrain/o_519_2.jpg	photodiode	1
2492.638	0.5	2492638	catch	32671	n/a	catch_padded.jpg	photodiode	0
2492.908	0.0	2492908	response	7	n/a	n/a	trigger	0
2494.54	0.5	2494540	untrained	32711	56	memtrain/o_163_2.jpg	photodiode	1
2495.341	0.5	2495341	untrained	32672	95	memtrain/so_125_1.jpg	photodiode	1
2496.191	0.5	2496191	trained	32730	37	memtrain/o_597_1.jpg	photodiode	1
2497.042	0.5	2497042	catch	32671	n/a	catch_padded.jpg	photodiode	0
2497.411	0.0	2497411	response	7	n/a	n/a	trigger	0
2499.144	0.5	2499144	trained	32761	6	memtrain/o_076_1.jpg	photodiode	1
2499.995	0.5	2499995	trained	32760	7	memtrain/o_091_2.jpg	photodiode	1
2500.795	0.5	2500795	untrained	32682	85	memtrain/o_218_1.jpg	photodiode	1
2501.596	0.5	2501596	catch	32671	n/a	catch_padded.jpg	photodiode	0
2501.921	0.0	2501921	response	7	n/a	n/a	trigger	0
2503.498	0.5	2503498	trained	32753	14	memtrain/o_174_1.jpg	photodiode	1
2504.348	0.5	2504348	trained	32734	33	memtrain/o_536_1.jpg	photodiode	1
2505.199	0.5	2505199	trained	32723	44	memtrain/so_045_1.jpg	photodiode	1
2506.15	0.5	2506150	trained	32759	8	memtrain/o_094_1.jpg	photodiode	1
2506.95	0.5	2506950	untrained	32700	67	memtrain/o_378_1.jpg	photodiode	1
2507.751	0.5	2507751	catch	32671	n/a	catch_padded.jpg	photodiode	0
2507.958	0.0	2507958	response	7	n/a	n/a	trigger	0
2509.845	0.5	2509845	trained	32729	38	memtrain/o_603_1.jpg	photodiode	1
2510.795	0.5	2510795	untrained	32713	54	memtrain/o_145_1.jpg	photodiode	1
2511.746	0.5	2511746	trained	32741	26	memtrain/o_376_1.jpg	photodiode	1
2512.505	0.5	2512505	trained	32746	21	memtrain/o_319_1.jpg	photodiode	1
2513.247	0.5	2513247	catch	32671	n/a	catch_padded.jpg	photodiode	0
2513.536	0.0	2513536	response	7	n/a	n/a	trigger	0
2515.349	0.5	2515349	trained	32765	2	memtrain/o_035_1.jpg	photodiode	1
2516.2	0.5	2516200	trained	32726	41	memtrain/o_663_2.jpg	photodiode	1
2516.951	0.5	2516951	untrained	32693	74	memtrain/o_550_1.jpg	photodiode	1
2517.86	0.5	2517860	untrained	32705	62	memtrain/o_304_1.jpg	photodiode	1
2518.76	0.5	2518760	catch	32671	n/a	catch_padded.jpg	photodiode	0
2519.066	0.0	2519066	response	7	n/a	n/a	trigger	0
2520.812	0.5	2520812	trained	32767	0	memtrain/o_006_1.jpg	photodiode	1
2521.755	0.5	2521755	untrained	32686	81	memtrain/o_655_2.jpg	photodiode	1
2522.705	0.5	2522705	trained	32755	12	memtrain/o_127_2.jpg	photodiode	1
2523.506	0.5	2523506	trained	32736	31	memtrain/o_465_2.jpg	photodiode	1
2524.407	0.5	2524407	trained	32731	36	memtrain/o_583_1.jpg	photodiode	1
2525.158	0.5	2525158	catch	32671	n/a	catch_padded.jpg	photodiode	0
2525.541	0.0	2525541	response	7	n/a	n/a	trigger	0
2527.109	0.5	2527109	untrained	32692	75	memtrain/o_564_1.jpg	photodiode	1
2527.96	0.5	2527960	trained	32721	46	memtrain/so_113_1.jpg	photodiode	1
2528.911	0.5	2528911	untrained	32702	65	memtrain/o_337_2.jpg	photodiode	1
2529.862	0.5	2529862	untrained	32681	86	memtrain/o_288_1.jpg	photodiode	1
2530.812	0.5	2530812	catch	32671	n/a	catch_padded.jpg	photodiode	0
2531.146	0.0	2531146	response	7	n/a	n/a	trigger	0
2532.864	0.5	2532864	untrained	32685	82	memtrain/o_656_1.jpg	photodiode	1
2533.815	0.5	2533815	trained	32732	35	memtrain/o_561_2.jpg	photodiode	1
2534.666	0.5	2534666	trained	32735	32	memtrain/o_485_2.jpg	photodiode	1
2535.466	0.5	2535466	untrained	32687	80	memtrain/o_613_1.jpg	photodiode	1
2536.217	0.5	2536217	trained	32738	29	memtrain/o_416_1.jpg	photodiode	1
2537.068	0.5	2537068	catch	32671	n/a	catch_padded.jpg	photodiode	0
2537.301	0.0	2537301	response	7	n/a	n/a	trigger	0
2539.169	0.5	2539169	trained	32764	3	memtrain/o_040_2.jpg	photodiode	1
2540.12	0.5	2540120	untrained	32689	78	memtrain/o_599_1.jpg	photodiode	1
2541.063	0.5	2541063	trained	32756	11	memtrain/o_117_2.jpg	photodiode	1
2541.863	0.5	2541863	catch	32671	n/a	catch_padded.jpg	photodiode	0
2542.265	0.0	2542265	response	7	n/a	n/a	trigger	0
2543.865	0.5	2543865	untrained	32698	69	memtrain/o_464_2.jpg	photodiode	1
2544.624	0.5	2544624	trained	32724	43	memtrain/so_043_2.jpg	photodiode	1
2545.475	0.5	2545475	untrained	32677	90	memtrain/o_580_1.jpg	photodiode	1
2546.217	0.5	2546217	untrained	32683	84	memtrain/so_117_2.jpg	photodiode	1
2547.168	0.5	2547168	catch	32671	n/a	catch_padded.jpg	photodiode	0
2547.506	0.0	2547506	response	7	n/a	n/a	trigger	0
2549.178	0.5	2549178	untrained	32695	72	memtrain/o_490_1.jpg	photodiode	1
2550.07	0.5	2550070	untrained	32699	68	memtrain/o_393_1.jpg	photodiode	1
2550.971	0.5	2550971	trained	32751	16	memtrain/o_199_2.jpg	photodiode	1
2551.772	0.5	2551772	catch	32671	n/a	catch_padded.jpg	photodiode	0
2552.084	0.0	2552084	response	7	n/a	n/a	trigger	0
2553.673	0.5	2553673	trained	32752	15	memtrain/o_195_1.jpg	photodiode	1
2554.474	0.5	2554474	untrained	32703	64	memtrain/o_334_2.jpg	photodiode	1
2555.225	0.5	2555225	trained	32745	22	memtrain/o_321_1.jpg	photodiode	1
2556.176	0.5	2556176	untrained	32716	51	memtrain/o_103_2.jpg	photodiode	1
2556.926	0.5	2556926	trained	32737	30	memtrain/o_437_2.jpg	photodiode	1
2557.827	0.5	2557827	catch	32671	n/a	catch_padded.jpg	photodiode	0
2557.991	0.0	2557991	response	7	n/a	n/a	trigger	0
2559.729	0.5	2559729	untrained	32718	49	memtrain/o_054_2.jpg	photodiode	1
2560.629	0.5	2560629	trained	32733	34	memtrain/o_558_2.jpg	photodiode	1
2561.53	0.5	2561530	untrained	32688	79	memtrain/o_600_1.jpg	photodiode	1
2562.381	0.5	2562381	catch	32671	n/a	catch_padded.jpg	photodiode	0
2562.746	0.0	2562746	response	7	n/a	n/a	trigger	0
2564.282	0.5	2564282	trained	32748	19	memtrain/o_284_2.jpg	photodiode	1
2565.133	0.5	2565133	untrained	32680	87	memtrain/o_365_1.jpg	photodiode	1
2565.875	0.5	2565875	trained	32758	9	memtrain/o_101_2.jpg	photodiode	1
2566.776	0.5	2566776	untrained	32710	57	memtrain/o_171_1.jpg	photodiode	1
2567.727	0.5	2567727	catch	32671	n/a	catch_padded.jpg	photodiode	0
2567.948	0.0	2567948	response	7	n/a	n/a	trigger	0
2569.837	0.5	2569837	untrained	32704	63	memtrain/o_310_2.jpg	photodiode	1
2570.629	0.5	2570629	untrained	32678	89	memtrain/o_469_1.jpg	photodiode	1
2571.388	0.5	2571388	untrained	32673	94	memtrain/so_067_1.jpg	photodiode	1
2572.131	0.5	2572131	catch	32671	n/a	catch_padded.jpg	photodiode	0
2572.425	0.0	2572425	response	7	n/a	n/a	trigger	0
2574.191	0.5	2574191	untrained	32712	55	memtrain/o_153_2.jpg	photodiode	1
2575.033	0.5	2575033	trained	32743	24	memtrain/o_357_1.jpg	photodiode	1
2575.784	0.5	2575784	untrained	32674	93	memtrain/so_035_1.jpg	photodiode	1
2576.584	0.5	2576584	trained	32763	4	memtrain/o_042_1.jpg	photodiode	1
2577.485	0.5	2577485	trained	32725	42	memtrain/so_034_2.jpg	photodiode	1
2578.286	0.5	2578286	catch	32671	n/a	catch_padded.jpg	photodiode	0
2578.479	0.0	2578479	response	7	n/a	n/a	trigger	0
2580.288	0.5	2580288	untrained	32715	52	memtrain/o_141_1.jpg	photodiode	1
2581.188	0.5	2581188	trained	32727	40	memtrain/o_648_2.jpg	photodiode	1
2581.989	0.5	2581989	trained	32742	25	memtrain/o_358_2.jpg	photodiode	1
2582.79	0.5	2582790	trained	32740	27	memtrain/o_379_2.jpg	photodiode	1
2583.59	0.5	2583590	untrained	32707	60	memtrain/o_228_2.jpg	photodiode	1
2584.541	0.5	2584541	catch	32671	n/a	catch_padded.jpg	photodiode	0
2584.779	0.0	2584779	response	7	n/a	n/a	trigger	0
2586.543	0.5	2586543	trained	32749	18	memtrain/o_264_2.jpg	photodiode	1
2587.444	0.5	2587444	untrained	32709	58	memtrain/o_192_1.jpg	photodiode	1
2588.394	0.5	2588394	untrained	32717	50	memtrain/o_057_2.jpg	photodiode	1
2589.345	0.5	2589345	catch	32671	n/a	catch_padded.jpg	photodiode	0
2589.673	0.0	2589673	response	7	n/a	n/a	trigger	0
2591.447	0.5	2591447	trained	32766	1	memtrain/o_015_1.jpg	photodiode	1
2592.298	0.5	2592298	trained	32739	28	memtrain/o_397_1.jpg	photodiode	1
2593.148	0.5	2593148	trained	32762	5	memtrain/o_067_1.jpg	photodiode	1
2593.899	0.5	2593899	catch	32671	n/a	catch_padded.jpg	photodiode	0
2594.3	0.0	2594300	response	7	n/a	n/a	trigger	0
2595.901	0.5	2595901	trained	32722	45	memtrain/so_090_2.jpg	photodiode	1
2596.752	0.5	2596752	untrained	32690	77	memtrain/o_574_2.jpg	photodiode	1
2597.694	0.5	2597694	untrained	32714	53	memtrain/o_142_2.jpg	photodiode	1
2598.453	0.5	2598453	untrained	32684	83	memtrain/so_105_1.jpg	photodiode	1
2599.254	0.5	2599254	untrained	32675	92	memtrain/so_033_1.jpg	photodiode	1
2600.154	0.5	2600154	catch	32671	n/a	catch_padded.jpg	photodiode	0
2600.392	0.0	2600392	response	7	n/a	n/a	trigger	0
2602.106	0.5	2602106	untrained	32679	88	memtrain/o_458_1.jpg	photodiode	1
2602.857	0.5	2602857	trained	32720	47	memtrain/so_147_2.jpg	photodiode	1
2603.649	0.5	2603649	untrained	32676	91	memtrain/o_605_1.jpg	photodiode	1
2604.5	0.5	2604500	trained	32754	13	memtrain/o_136_1.jpg	photodiode	1
2605.25	0.5	2605250	catch	32671	n/a	catch_padded.jpg	photodiode	0
2605.584	0.0	2605584	response	7	n/a	n/a	trigger	0
2607.729	0.0	2607729	block_end	120	n/a	n/a	trigger	0
2694.007	0.0	2694007	response	7	n/a	n/a	trigger	0
2694.011	0.0	2694011	block_onset	109	n/a	n/a	trigger	0
2694.486	0.0	2694486	response	7	n/a	n/a	trigger	0
2696.061	0.5	2696061	untrained	32699	68	memtrain/o_393_1.jpg	photodiode	1
2696.962	0.5	2696962	trained	32759	8	memtrain/o_094_1.jpg	photodiode	1
2697.912	0.5	2697912	untrained	32704	63	memtrain/o_310_2.jpg	photodiode	1
2698.663	0.5	2698663	catch	32671	n/a	catch_padded.jpg	photodiode	0
2699.771	0.0	2699771	response	7	n/a	n/a	trigger	0
2700.636	0.0	2700636	response	7	n/a	n/a	trigger	0
2700.715	0.5	2700715	trained	32756	11	memtrain/o_117_2.jpg	photodiode	1
2701.565	0.5	2701565	trained	32720	47	memtrain/so_147_2.jpg	photodiode	1
2702.366	0.5	2702366	trained	32745	22	memtrain/o_321_1.jpg	photodiode	1
2703.267	0.5	2703267	trained	32747	20	memtrain/o_290_1.jpg	photodiode	1
2704.068	0.5	2704068	catch	32671	n/a	catch_padded.jpg	photodiode	0
2705.22	0.0	2705220	response	7	n/a	n/a	trigger	0
2705.456	0.0	2705456	response	7	n/a	n/a	trigger	0
2706.061	0.5	2706061	trained	32728	39	memtrain/o_606_1.jpg	photodiode	1
2706.97	0.5	2706970	untrained	32696	71	memtrain/o_483_1.jpg	photodiode	1
2707.821	0.5	2707821	untrained	32679	88	memtrain/o_458_1.jpg	photodiode	1
2708.663	0.5	2708663	untrained	32691	76	memtrain/o_570_1.jpg	photodiode	1
2709.414	0.5	2709414	trained	32767	0	memtrain/o_006_1.jpg	photodiode	1
2710.164	0.5	2710164	catch	32671	n/a	catch_padded.jpg	photodiode	0
2711.116	0.0	2711116	response	7	n/a	n/a	trigger	0
2712.166	0.5	2712166	trained	32755	12	memtrain/o_127_2.jpg	photodiode	1
2712.263	0.0	2712263	response	7	n/a	n/a	trigger	0
2713.067	0.5	2713067	untrained	32693	74	memtrain/o_550_1.jpg	photodiode	1
2714.026	0.5	2714026	trained	32753	14	memtrain/o_174_1.jpg	photodiode	1
2714.768	0.5	2714768	catch	32671	n/a	catch_padded.jpg	photodiode	0
2715.088	0.0	2715088	response	7	n/a	n/a	trigger	0
2716.82	0.5	2716820	trained	32752	15	memtrain/o_195_1.jpg	photodiode	1
2717.671	0.5	2717671	trained	32746	21	memtrain/o_319_1.jpg	photodiode	1
2718.622	0.5	2718622	trained	32744	23	memtrain/o_338_2.jpg	photodiode	1
2719.422	0.5	2719422	trained	32748	19	memtrain/o_284_2.jpg	photodiode	1
2720.173	0.5	2720173	catch	32671	n/a	catch_padded.jpg	photodiode	0
2720.415	0.0	2720415	response	7	n/a	n/a	trigger	0
2722.074	0.5	2722074	trained	32730	37	memtrain/o_597_1.jpg	photodiode	1
2722.875	0.5	2722875	untrained	32692	75	memtrain/o_564_1.jpg	photodiode	1
2723.726	0.5	2723726	untrained	32701	66	memtrain/o_342_2.jpg	photodiode	1
2724.477	0.5	2724477	catch	32671	n/a	catch_padded.jpg	photodiode	0
2724.97	0.0	2724970	response	7	n/a	n/a	trigger	0
2726.428	0.5	2726428	trained	32762	5	memtrain/o_067_1.jpg	photodiode	1
2727.279	0.5	2727279	trained	32739	28	memtrain/o_397_1.jpg	photodiode	1
2728.18	0.5	2728180	untrained	32719	48	memtrain/o_019_2.jpg	photodiode	1
2728.98	0.5	2728980	untrained	32710	57	memtrain/o_171_1.jpg	photodiode	1
2729.881	0.5	2729881	untrained	32712	55	memtrain/o_153_2.jpg	photodiode	1
2730.832	0.5	2730832	catch	32671	n/a	catch_padded.jpg	photodiode	0
2731.133	0.0	2731133	response	7	n/a	n/a	trigger	0
2732.734	0.5	2732734	untrained	32678	89	memtrain/o_469_1.jpg	photodiode	1
2733.684	0.5	2733684	untrained	32708	59	memtrain/o_201_2.jpg	photodiode	1
2734.435	0.5	2734435	trained	32760	7	memtrain/o_091_2.jpg	photodiode	1
2735.236	0.5	2735236	trained	32743	24	memtrain/o_357_1.jpg	photodiode	1
2736.036	0.5	2736036	trained	32761	6	memtrain/o_076_1.jpg	photodiode	1
2736.887	0.5	2736887	catch	32671	n/a	catch_padded.jpg	photodiode	0
2737.203	0.0	2737203	response	7	n/a	n/a	trigger	0
2738.78	0.5	2738780	untrained	32697	70	memtrain/o_471_2.jpg	photodiode	1
2739.581	0.5	2739581	untrained	32675	92	memtrain/so_033_1.jpg	photodiode	1
2740.39	0.5	2740390	untrained	32715	52	memtrain/o_141_1.jpg	photodiode	1
2741.132	0.5	2741132	trained	32741	26	memtrain/o_376_1.jpg	photodiode	1
2741.991	0.5	2741991	catch	32671	n/a	catch_padded.jpg	photodiode	0
2742.348	0.0	2742348	response	7	n/a	n/a	trigger	0
2744.093	0.5	2744093	trained	32754	13	memtrain/o_136_1.jpg	photodiode	1
2744.935	0.5	2744935	trained	32725	42	memtrain/so_034_2.jpg	photodiode	1
2745.736	0.5	2745736	trained	32740	27	memtrain/o_379_2.jpg	photodiode	1
2746.637	0.5	2746637	trained	32732	35	memtrain/o_561_2.jpg	photodiode	1
2747.438	0.5	2747438	catch	32671	n/a	catch_padded.jpg	photodiode	0
2747.804	0.0	2747804	response	7	n/a	n/a	trigger	0
2749.389	0.5	2749389	untrained	32681	86	memtrain/o_288_1.jpg	photodiode	1
2750.14	0.5	2750140	trained	32758	9	memtrain/o_101_2.jpg	photodiode	1
2750.991	0.5	2750991	untrained	32683	84	memtrain/so_117_2.jpg	photodiode	1
2751.741	0.5	2751741	catch	32671	n/a	catch_padded.jpg	photodiode	0
2752.02	0.0	2752020	response	7	n/a	n/a	trigger	0
2753.693	0.5	2753693	untrained	32684	83	memtrain/so_105_1.jpg	photodiode	1
2754.544	0.5	2754544	trained	32751	16	memtrain/o_199_2.jpg	photodiode	1
2755.444	0.5	2755444	trained	32742	25	memtrain/o_358_2.jpg	photodiode	1
2756.195	0.5	2756195	untrained	32709	58	memtrain/o_192_1.jpg	photodiode	1
2757.046	0.5	2757046	untrained	32717	50	memtrain/o_057_2.jpg	photodiode	1
2757.947	0.5	2757947	catch	32671	n/a	catch_padded.jpg	photodiode	0
2758.197	0.0	2758197	response	7	n/a	n/a	trigger	0
2760.048	0.5	2760048	trained	32736	31	memtrain/o_465_2.jpg	photodiode	1
2760.999	0.5	2760999	trained	32738	29	memtrain/o_416_1.jpg	photodiode	1
2761.95	0.5	2761950	untrained	32716	51	memtrain/o_103_2.jpg	photodiode	1
2762.851	0.5	2762851	trained	32723	44	memtrain/so_045_1.jpg	photodiode	1
2763.802	0.5	2763802	untrained	32707	60	memtrain/o_228_2.jpg	photodiode	1
2764.752	0.5	2764752	catch	32671	n/a	catch_padded.jpg	photodiode	0
2765.0	0.0	2765000	response	7	n/a	n/a	trigger	0
2766.746	0.5	2766746	untrained	32674	93	memtrain/so_035_1.jpg	photodiode	1
2767.546	0.5	2767546	untrained	32673	94	memtrain/so_067_1.jpg	photodiode	1
2768.455	0.5	2768455	untrained	32690	77	memtrain/o_574_2.jpg	photodiode	1
2769.298	0.5	2769298	untrained	32676	91	memtrain/o_605_1.jpg	photodiode	1
2770.257	0.5	2770257	catch	32671	n/a	catch_padded.jpg	photodiode	0
2770.673	0.0	2770673	response	7	n/a	n/a	trigger	0
2772.359	0.5	2772359	untrained	32695	72	memtrain/o_490_1.jpg	photodiode	1
2773.151	0.5	2773151	trained	32757	10	memtrain/o_111_2.jpg	photodiode	1
2774.002	0.5	2774002	untrained	32680	87	memtrain/o_365_1.jpg	photodiode	1
2774.803	0.5	2774803	catch	32671	n/a	catch_padded.jpg	photodiode	0
2775.228	0.0	2775228	response	7	n/a	n/a	trigger	0
2776.704	0.5	2776704	untrained	32682	85	memtrain/o_218_1.jpg	photodiode	1
2777.655	0.5	2777655	untrained	32718	49	memtrain/o_054_2.jpg	photodiode	1
2778.456	0.5	2778456	trained	32722	45	memtrain/so_090_2.jpg	photodiode	1
2779.306	0.5	2779306	untrained	32677	90	memtrain/o_580_1.jpg	photodiode	1
2780.207	0.5	2780207	untrained	32694	73	memtrain/o_519_2.jpg	photodiode	1
2781.158	0.5	2781158	catch	32671	n/a	catch_padded.jpg	photodiode	0
2781.448	0.0	2781448	response	7	n/a	n/a	trigger	0
2783.26	0.5	2783260	trained	32750	17	memtrain/o_232_1.jpg	photodiode	1
2784.01	0.5	2784010	untrained	32711	56	memtrain/o_163_2.jpg	photodiode	1
2784.911	0.5	2784911	trained	32727	40	memtrain/o_648_2.jpg	photodiode	1
2785.712	0.5	2785712	catch	32671	n/a	catch_padded.jpg	photodiode	0
2786.109	0.0	2786109	response	7	n/a	n/a	trigger	0
2787.763	0.5	2787763	untrained	32686	81	memtrain/o_655_2.jpg	photodiode	1
2788.564	0.5	2788564	trained	32763	4	memtrain/o_042_1.jpg	photodiode	1
2789.365	0.5	2789365	trained	32729	38	memtrain/o_603_1.jpg	photodiode	1
2790.216	0.5	2790216	catch	32671	n/a	catch_padded.jpg	photodiode	0
2790.66	0.0	2790660	response	7	n/a	n/a	trigger	0
2792.267	0.5	2792267	untrained	32714	53	memtrain/o_142_2.jpg	photodiode	1
2793.218	0.5	2793218	untrained	32700	67	memtrain/o_378_1.jpg	photodiode	1
2794.119	0.5	2794119	untrained	32713	54	memtrain/o_145_1.jpg	photodiode	1
2795.07	0.5	2795070	catch	32671	n/a	catch_padded.jpg	photodiode	0
2795.602	0.0	2795602	response	7	n/a	n/a	trigger	0
2797.063	0.5	2797063	untrained	32702	65	memtrain/o_337_2.jpg	photodiode	1
2798.022	0.5	2798022	trained	32721	46	memtrain/so_113_1.jpg	photodiode	1
2798.773	0.5	2798773	untrained	32685	82	memtrain/o_656_1.jpg	photodiode	1
2799.715	0.5	2799715	catch	32671	n/a	catch_padded.jpg	photodiode	0
2800.245	0.0	2800245	response	7	n/a	n/a	trigger	0
2801.717	0.5	2801717	trained	32765	2	memtrain/o_035_1.jpg	photodiode	1
2802.468	0.5	2802468	trained	32766	1	memtrain/o_015_1.jpg	photodiode	1
2803.318	0.5	2803318	untrained	32688	79	memtrain/o_600_1.jpg	photodiode	1
2804.069	0.5	2804069	catch	32671	n/a	catch_padded.jpg	photodiode	0
2804.574	0.0	2804574	response	7	n/a	n/a	trigger	0
2805.979	0.5	2805979	untrained	32687	80	memtrain/o_613_1.jpg	photodiode	1
2806.721	0.5	2806721	trained	32735	32	memtrain/o_485_2.jpg	photodiode	1
2807.672	0.5	2807672	trained	32749	18	memtrain/o_264_2.jpg	photodiode	1
2808.473	0.5	2808473	trained	32737	30	memtrain/o_437_2.jpg	photodiode	1
2809.223	0.5	2809223	catch	32671	n/a	catch_padded.jpg	photodiode	0
2809.572	0.0	2809572	response	7	n/a	n/a	trigger	0
2811.175	0.5	2811175	trained	32731	36	memtrain/o_583_1.jpg	photodiode	1
2812.076	0.5	2812076	trained	32734	33	memtrain/o_536_1.jpg	photodiode	1
2812.826	0.5	2812826	untrained	32703	64	memtrain/o_334_2.jpg	photodiode	1
2813.727	0.5	2813727	trained	32724	43	memtrain/so_043_2.jpg	photodiode	1
2814.578	0.5	2814578	untrained	32698	69	memtrain/o_464_2.jpg	photodiode	1
2815.429	0.5	2815429	catch	32671	n/a	catch_padded.jpg	photodiode	0
2815.725	0.0	2815725	response	7	n/a	n/a	trigger	0
2817.43	0.5	2817430	trained	32764	3	memtrain/o_040_2.jpg	photodiode	1
2818.181	0.5	2818181	untrained	32689	78	memtrain/o_599_1.jpg	photodiode	1
2819.082	0.5	2819082	trained	32733	34	memtrain/o_558_2.jpg	photodiode	1
2819.832	0.5	2819832	catch	32671	n/a	catch_padded.jpg	photodiode	0
2820.26	0.0	2820260	response	7	n/a	n/a	trigger	0
2821.834	0.5	2821834	untrained	32672	95	memtrain/so_125_1.jpg	photodiode	1
2822.685	0.5	2822685	untrained	32706	61	memtrain/o_298_2.jpg	photodiode	1
2823.435	0.5	2823435	untrained	32705	62	memtrain/o_304_1.jpg	photodiode	1
2824.386	0.5	2824386	trained	32726	41	memtrain/o_663_2.jpg	photodiode	1
2825.279	0.5	2825279	untrained	32710	57	memtrain/o_171_1.jpg	photodiode	1
2826.129	0.5	2826129	catch	32671	n/a	catch_padded.jpg	photodiode	0
2826.342	0.0	2826342	response	7	n/a	n/a	trigger	0
2828.181	0.5	2828181	untrained	32714	53	memtrain/o_142_2.jpg	photodiode	1
2828.94	0.5	2828940	trained	32720	47	memtrain/so_147_2.jpg	photodiode	1
2829.682	0.5	2829682	untrained	32706	61	memtrain/o_298_2.jpg	photodiode	1
2830.633	0.5	2830633	trained	32723	44	memtrain/so_045_1.jpg	photodiode	1
2831.534	0.5	2831534	untrained	32716	51	memtrain/o_103_2.jpg	photodiode	1
2832.435	0.5	2832435	catch	32671	n/a	catch_padded.jpg	photodiode	0
2832.815	0.0	2832815	response	7	n/a	n/a	trigger	0
2834.495	0.5	2834495	untrained	32680	87	memtrain/o_365_1.jpg	photodiode	1
2835.437	0.5	2835437	untrained	32677	90	memtrain/o_580_1.jpg	photodiode	1
2836.188	0.5	2836188	untrained	32673	94	memtrain/so_067_1.jpg	photodiode	1
2837.039	0.5	2837039	catch	32671	n/a	catch_padded.jpg	photodiode	0
2837.467	0.0	2837467	response	7	n/a	n/a	trigger	0
2839.09	0.5	2839090	trained	32752	15	memtrain/o_195_1.jpg	photodiode	1
2839.941	0.5	2839941	trained	32737	30	memtrain/o_437_2.jpg	photodiode	1
2840.692	0.5	2840692	untrained	32692	75	memtrain/o_564_1.jpg	photodiode	1
2841.643	0.5	2841643	trained	32734	33	memtrain/o_536_1.jpg	photodiode	1
2842.593	0.5	2842593	trained	32743	24	memtrain/o_357_1.jpg	photodiode	1
2843.444	0.5	2843444	catch	32671	n/a	catch_padded.jpg	photodiode	0
2843.881	0.0	2843881	response	7	n/a	n/a	trigger	0
2845.496	0.5	2845496	trained	32758	9	memtrain/o_101_2.jpg	photodiode	1
2846.447	0.5	2846447	untrained	32672	95	memtrain/so_125_1.jpg	photodiode	1
2847.247	0.5	2847247	trained	32757	10	memtrain/o_111_2.jpg	photodiode	1
2848.148	0.5	2848148	untrained	32699	68	memtrain/o_393_1.jpg	photodiode	1
2849.099	0.5	2849099	catch	32671	n/a	catch_padded.jpg	photodiode	0
2849.387	0.0	2849387	response	7	n/a	n/a	trigger	0
2851.151	0.5	2851151	untrained	32703	64	memtrain/o_334_2.jpg	photodiode	1
2851.901	0.5	2851901	trained	32726	41	memtrain/o_663_2.jpg	photodiode	1
2852.652	0.5	2852652	untrained	32686	81	memtrain/o_655_2.jpg	photodiode	1
2853.503	0.5	2853503	untrained	32682	85	memtrain/o_218_1.jpg	photodiode	1
2854.245	0.5	2854245	trained	32749	18	memtrain/o_264_2.jpg	photodiode	1
2855.045	0.5	2855045	catch	32671	n/a	catch_padded.jpg	photodiode	0
2855.384	0.0	2855384	response	7	n/a	n/a	trigger	0
2857.047	0.5	2857047	untrained	32693	74	memtrain/o_550_1.jpg	photodiode	1
2857.806	0.5	2857806	trained	32762	5	memtrain/o_067_1.jpg	photodiode	1
2858.598	0.5	2858598	trained	32759	8	memtrain/o_094_1.jpg	photodiode	1
2859.349	0.5	2859349	untrained	32683	84	memtrain/so_117_2.jpg	photodiode	1
2860.3	0.5	2860300	untrained	32696	71	memtrain/o_483_1.jpg	photodiode	1
2861.201	0.5	2861201	catch	32671	n/a	catch_padded.jpg	photodiode	0
2861.433	0.0	2861433	response	7	n/a	n/a	trigger	0
2863.161	0.5	2863161	trained	32761	6	memtrain/o_076_1.jpg	photodiode	1
2863.953	0.5	2863953	trained	32760	7	memtrain/o_091_2.jpg	photodiode	1
2864.904	0.5	2864904	untrained	32684	83	memtrain/so_105_1.jpg	photodiode	1
2865.805	0.5	2865805	untrained	32702	65	memtrain/o_337_2.jpg	photodiode	1
2866.605	0.5	2866605	catch	32671	n/a	catch_padded.jpg	photodiode	0
2866.973	0.0	2866973	response	7	n/a	n/a	trigger	0
2868.657	0.5	2868657	trained	32746	21	memtrain/o_319_1.jpg	photodiode	1
2869.458	0.5	2869458	trained	32725	42	memtrain/so_034_2.jpg	photodiode	1
2870.308	0.5	2870308	untrained	32719	48	memtrain/o_019_2.jpg	photodiode	1
2871.109	0.5	2871109	untrained	32717	50	memtrain/o_057_2.jpg	photodiode	1
2872.06	0.5	2872060	catch	32671	n/a	catch_padded.jpg	photodiode	0
2872.378	0.0	2872378	response	7	n/a	n/a	trigger	0
2874.012	0.5	2874012	trained	32722	45	memtrain/so_090_2.jpg	photodiode	1
2874.962	0.5	2874962	trained	32739	28	memtrain/o_397_1.jpg	photodiode	1
2875.863	0.5	2875863	trained	32728	39	memtrain/o_606_1.jpg	photodiode	1
2876.714	0.5	2876714	catch	32671	n/a	catch_padded.jpg	photodiode	0
2877.157	0.0	2877157	response	7	n/a	n/a	trigger	0
2878.615	0.5	2878615	trained	32756	11	memtrain/o_117_2.jpg	photodiode	1
2879.366	0.5	2879366	trained	32724	43	memtrain/so_043_2.jpg	photodiode	1
2880.317	0.5	2880317	trained	32745	22	memtrain/o_321_1.jpg	photodiode	1
2881.268	0.5	2881268	trained	32748	19	memtrain/o_284_2.jpg	photodiode	1
2882.018	0.5	2882018	untrained	32695	72	memtrain/o_490_1.jpg	photodiode	1
2882.869	0.5	2882869	catch	32671	n/a	catch_padded.jpg	photodiode	0
2883.122	0.0	2883122	response	7	n/a	n/a	trigger	0
2884.812	0.5	2884812	untrained	32676	91	memtrain/o_605_1.jpg	photodiode	1
2885.772	0.5	2885772	untrained	32718	49	memtrain/o_054_2.jpg	photodiode	1
2886.564	0.5	2886564	untrained	32712	55	memtrain/o_153_2.jpg	photodiode	1
2887.515	0.5	2887515	catch	32671	n/a	catch_padded.jpg	photodiode	0
2887.967	0.0	2887967	response	7	n/a	n/a	trigger	0
2889.516	0.5	2889516	untrained	32681	86	memtrain/o_288_1.jpg	photodiode	1
2890.417	0.5	2890417	trained	32731	36	memtrain/o_583_1.jpg	photodiode	1
2891.368	0.5	2891368	untrained	32679	88	memtrain/o_458_1.jpg	photodiode	1
2892.269	0.5	2892269	untrained	32685	82	memtrain/o_656_1.jpg	photodiode	1
2893.019	0.5	2893019	untrained	32691	76	memtrain/o_570_1.jpg	photodiode	1
2893.77	0.5	2893770	catch	32671	n/a	catch_padded.jpg	photodiode	0
2894.124	0.0	2894124	response	7	n/a	n/a	trigger	0
2895.872	0.5	2895872	trained	32764	3	memtrain/o_040_2.jpg	photodiode	1
2896.723	0.5	2896723	untrained	32700	67	memtrain/o_378_1.jpg	photodiode	1
2897.523	0.5	2897523	untrained	32689	78	memtrain/o_599_1.jpg	photodiode	1
2898.324	0.5	2898324	trained	32744	23	memtrain/o_338_2.jpg	photodiode	1
2899.075	0.5	2899075	catch	32671	n/a	catch_padded.jpg	photodiode	0
2899.475	0.0	2899475	response	7	n/a	n/a	trigger	0
2900.976	0.5	2900976	untrained	32709	58	memtrain/o_192_1.jpg	photodiode	1
2901.827	0.5	2901827	trained	32727	40	memtrain/o_648_2.jpg	photodiode	1
2902.628	0.5	2902628	untrained	32704	63	memtrain/o_310_2.jpg	photodiode	1
2903.478	0.5	2903478	trained	32753	14	memtrain/o_174_1.jpg	photodiode	1
2904.229	0.5	2904229	catch	32671	n/a	catch_padded.jpg	photodiode	0
2904.648	0.0	2904648	response	7	n/a	n/a	trigger	0
2906.231	0.5	2906231	untrained	32713	54	memtrain/o_145_1.jpg	photodiode	1
2907.031	0.5	2907031	trained	32730	37	memtrain/o_597_1.jpg	photodiode	1
2907.982	0.5	2907982	untrained	32678	89	memtrain/o_469_1.jpg	photodiode	1
2908.933	0.5	2908933	catch	32671	n/a	catch_padded.jpg	photodiode	0
2909.216	0.0	2909216	response	7	n/a	n/a	trigger	0
2911.035	0.5	2911035	untrained	32711	56	memtrain/o_163_2.jpg	photodiode	1
2911.935	0.5	2911935	trained	32751	16	memtrain/o_199_2.jpg	photodiode	1
2912.736	0.5	2912736	untrained	32708	59	memtrain/o_201_2.jpg	photodiode	1
2913.537	0.5	2913537	trained	32736	31	memtrain/o_465_2.jpg	photodiode	1
2914.337	0.5	2914337	catch	32671	n/a	catch_padded.jpg	photodiode	0
2914.666	0.0	2914666	response	7	n/a	n/a	trigger	0
2916.389	0.5	2916389	trained	32741	26	memtrain/o_376_1.jpg	photodiode	1
2917.282	0.5	2917282	trained	32738	29	memtrain/o_416_1.jpg	photodiode	1
2918.191	0.5	2918191	untrained	32690	77	memtrain/o_574_2.jpg	photodiode	1
2919.133	0.5	2919133	trained	32729	38	memtrain/o_603_1.jpg	photodiode	1
2920.084	0.5	2920084	catch	32671	n/a	catch_padded.jpg	photodiode	0
2920.357	0.0	2920357	response	7	n/a	n/a	trigger	0
2922.086	0.5	2922086	trained	32767	0	memtrain/o_006_1.jpg	photodiode	1
2922.987	0.5	2922987	trained	32747	20	memtrain/o_290_1.jpg	photodiode	1
2923.937	0.5	2923937	untrained	32715	52	memtrain/o_141_1.jpg	photodiode	1
2924.888	0.5	2924888	trained	32754	13	memtrain/o_136_1.jpg	photodiode	1
2925.697	0.5	2925697	catch	32671	n/a	catch_padded.jpg	photodiode	0
2925.966	0.0	2925966	response	7	n/a	n/a	trigger	0
2927.741	0.5	2927741	untrained	32697	70	memtrain/o_471_2.jpg	photodiode	1
2928.491	0.5	2928491	trained	32740	27	memtrain/o_379_2.jpg	photodiode	1
2929.392	0.5	2929392	trained	32763	4	memtrain/o_042_1.jpg	photodiode	1
2930.243	0.5	2930243	trained	32721	46	memtrain/so_113_1.jpg	photodiode	1
2931.043	0.5	2931043	catch	32671	n/a	catch_padded.jpg	photodiode	0
2931.481	0.0	2931481	response	7	n/a	n/a	trigger	0
2933.095	0.5	2933095	trained	32766	1	memtrain/o_015_1.jpg	photodiode	1
2933.896	0.5	2933896	trained	32765	2	memtrain/o_035_1.jpg	photodiode	1
2934.746	0.5	2934746	untrained	32694	73	memtrain/o_519_2.jpg	photodiode	1
2935.597	0.5	2935597	untrained	32688	79	memtrain/o_600_1.jpg	photodiode	1
2936.548	0.5	2936548	trained	32733	34	memtrain/o_558_2.jpg	photodiode	1
2937.349	0.5	2937349	catch	32671	n/a	catch_padded.jpg	photodiode	0
2937.736	0.0	2937736	response	7	n/a	n/a	trigger	0
2939.35	0.5	2939350	trained	32750	17	memtrain/o_232_1.jpg	photodiode	1
2940.251	0.5	2940251	trained	32755	12	memtrain/o_127_2.jpg	photodiode	1
2941.194	0.5	2941194	trained	32742	25	memtrain/o_358_2.jpg	photodiode	1
2942.103	0.5	2942103	catch	32671	n/a	catch_padded.jpg	photodiode	0
2942.561	0.0	2942561	response	7	n/a	n/a	trigger	0
2944.196	0.5	2944196	untrained	32675	92	memtrain/so_033_1.jpg	photodiode	1
2945.097	0.5	2945097	trained	32732	35	memtrain/o_561_2.jpg	photodiode	1
2945.948	0.5	2945948	untrained	32674	93	memtrain/so_035_1.jpg	photodiode	1
2946.748	0.5	2946748	untrained	32687	80	memtrain/o_613_1.jpg	photodiode	1
2947.499	0.5	2947499	catch	32671	n/a	catch_padded.jpg	photodiode	0
2947.874	0.0	2947874	response	7	n/a	n/a	trigger	0
2949.401	0.5	2949401	untrained	32707	60	memtrain/o_228_2.jpg	photodiode	1
2950.151	0.5	2950151	trained	32735	32	memtrain/o_485_2.jpg	photodiode	1
2951.002	0.5	2951002	untrained	32698	69	memtrain/o_464_2.jpg	photodiode	1
2951.803	0.5	2951803	untrained	32701	66	memtrain/o_342_2.jpg	photodiode	1
2952.553	0.5	2952553	untrained	32705	62	memtrain/o_304_1.jpg	photodiode	1
2953.454	0.5	2953454	catch	32671	n/a	catch_padded.jpg	photodiode	0
2953.858	0.0	2953858	response	7	n/a	n/a	trigger	0
2955.931	0.0	2955931	block_end	120	n/a	n/a	trigger	0
3052.108	0.0	3052108	response	7	n/a	n/a	trigger	0
3052.113	0.0	3052113	block_onset	110	n/a	n/a	trigger	0
3054.164	0.5	3054164	trained	32736	31	memtrain/o_465_2.jpg	photodiode	1
3055.015	0.5	3055015	untrained	32693	74	memtrain/o_550_1.jpg	photodiode	1
3055.966	0.5	3055966	trained	32743	24	memtrain/o_357_1.jpg	photodiode	1
3056.817	0.5	3056817	untrained	32689	78	memtrain/o_599_1.jpg	photodiode	1
3057.667	0.5	3057667	trained	32760	7	memtrain/o_091_2.jpg	photodiode	1
3058.418	0.5	3058418	catch	32671	n/a	catch_padded.jpg	photodiode	0
3058.753	0.0	3058753	response	7	n/a	n/a	trigger	0
3060.52	0.5	3060520	untrained	32701	66	memtrain/o_342_2.jpg	photodiode	1
3061.27	0.5	3061270	trained	32721	46	memtrain/so_113_1.jpg	photodiode	1
3062.171	0.5	3062171	trained	32728	39	memtrain/o_606_1.jpg	photodiode	1
3063.022	0.5	3063022	trained	32723	44	memtrain/so_045_1.jpg	photodiode	1
3063.864	0.5	3063864	catch	32671	n/a	catch_padded.jpg	photodiode	0
3064.304	0.0	3064304	response	7	n/a	n/a	trigger	0
3065.924	0.5	3065924	trained	32742	25	memtrain/o_358_2.jpg	photodiode	1
3066.867	0.5	3066867	untrained	32703	64	memtrain/o_334_2.jpg	photodiode	1
3067.718	0.5	3067718	untrained	32686	81	memtrain/o_655_2.jpg	photodiode	1
3068.568	0.5	3068568	trained	32762	5	memtrain/o_067_1.jpg	photodiode	1
3069.319	0.5	3069319	untrained	32681	86	memtrain/o_288_1.jpg	photodiode	1
3070.07	0.5	3070070	catch	32671	n/a	catch_padded.jpg	photodiode	0
3070.456	0.0	3070456	response	7	n/a	n/a	trigger	0
3072.071	0.5	3072071	untrained	32699	68	memtrain/o_393_1.jpg	photodiode	1
3072.822	0.5	3072822	untrained	32719	48	memtrain/o_019_2.jpg	photodiode	1
3073.723	0.5	3073723	untrained	32705	62	memtrain/o_304_1.jpg	photodiode	1
3074.523	0.5	3074523	trained	32737	30	memtrain/o_437_2.jpg	photodiode	1
3075.424	0.5	3075424	catch	32671	n/a	catch_padded.jpg	photodiode	0
3075.698	0.0	3075698	response	7	n/a	n/a	trigger	0
3077.326	0.5	3077326	untrained	32711	56	memtrain/o_163_2.jpg	photodiode	1
3078.076	0.5	3078076	trained	32766	1	memtrain/o_015_1.jpg	photodiode	1
3078.977	0.5	3078977	untrained	32680	87	memtrain/o_365_1.jpg	photodiode	1
3079.878	0.5	3079878	catch	32671	n/a	catch_padded.jpg	photodiode	0
3080.261	0.0	3080261	response	7	n/a	n/a	trigger	0
3081.829	0.5	3081829	untrained	32709	58	memtrain/o_192_1.jpg	photodiode	1
3082.63	0.5	3082630	untrained	32690	77	memtrain/o_574_2.jpg	photodiode	1
3083.581	0.5	3083581	trained	32729	38	memtrain/o_603_1.jpg	photodiode	1
3084.432	0.5	3084432	untrained	32687	80	memtrain/o_613_1.jpg	photodiode	1
3085.282	0.5	3085282	catch	32671	n/a	catch_padded.jpg	photodiode	0
3085.74	0.0	3085740	response	7	n/a	n/a	trigger	0
3087.284	0.5	3087284	trained	32740	27	memtrain/o_379_2.jpg	photodiode	1
3088.185	0.5	3088185	trained	32741	26	memtrain/o_376_1.jpg	photodiode	1
3088.936	0.5	3088936	trained	32724	43	memtrain/so_043_2.jpg	photodiode	1
3089.728	0.5	3089728	catch	32671	n/a	catch_padded.jpg	photodiode	0
3090.231	0.0	3090231	response	7	n/a	n/a	trigger	0
3091.78	0.5	3091780	trained	32765	2	memtrain/o_035_1.jpg	photodiode	1
3092.539	0.5	3092539	trained	32744	23	memtrain/o_338_2.jpg	photodiode	1
3093.431	0.5	3093431	trained	32748	19	memtrain/o_284_2.jpg	photodiode	1
3094.232	0.5	3094232	untrained	32696	71	memtrain/o_483_1.jpg	photodiode	1
3095.082	0.5	3095082	catch	32671	n/a	catch_padded.jpg	photodiode	0
3095.353	0.0	3095353	response	7	n/a	n/a	trigger	0
3097.042	0.5	3097042	untrained	32718	49	memtrain/o_054_2.jpg	photodiode	1
3097.885	0.5	3097885	trained	32733	34	memtrain/o_558_2.jpg	photodiode	1
3098.836	0.5	3098836	untrained	32702	65	memtrain/o_337_2.jpg	photodiode	1
3099.745	0.5	3099745	catch	32671	n/a	catch_padded.jpg	photodiode	0
3100.138	0.0	3100138	response	7	n/a	n/a	trigger	0
3101.688	0.5	3101688	trained	32755	12	memtrain/o_127_2.jpg	photodiode	1
3102.639	0.5	3102639	untrained	32714	53	memtrain/o_142_2.jpg	photodiode	1
3103.389	0.5	3103389	untrained	32676	91	memtrain/o_605_1.jpg	photodiode	1
3104.34	0.5	3104340	trained	32720	47	memtrain/so_147_2.jpg	photodiode	1
3105.241	0.5	3105241	catch	32671	n/a	catch_padded.jpg	photodiode	0
3105.476	0.0	3105476	response	7	n/a	n/a	trigger	0
3107.343	0.5	3107343	trained	32757	10	memtrain/o_111_2.jpg	photodiode	1
3108.093	0.5	3108093	untrained	32673	94	memtrain/so_067_1.jpg	photodiode	1
3108.894	0.5	3108894	trained	32764	3	memtrain/o_040_2.jpg	photodiode	1
3109.845	0.5	3109845	catch	32671	n/a	catch_padded.jpg	photodiode	0
3110.195	0.0	3110195	response	7	n/a	n/a	trigger	0
3111.897	0.5	3111897	untrained	32682	85	memtrain/o_218_1.jpg	photodiode	1
3112.697	0.5	3112697	untrained	32710	57	memtrain/o_171_1.jpg	photodiode	1
3113.648	0.5	3113648	trained	32751	16	memtrain/o_199_2.jpg	photodiode	1
3114.399	0.5	3114399	trained	32761	6	memtrain/o_076_1.jpg	photodiode	1
3115.35	0.5	3115350	untrained	32692	75	memtrain/o_564_1.jpg	photodiode	1
3116.25	0.5	3116250	catch	32671	n/a	catch_padded.jpg	photodiode	0
3116.601	0.0	3116601	response	7	n/a	n/a	trigger	0
3118.252	0.5	3118252	untrained	32691	76	memtrain/o_570_1.jpg	photodiode	1
3119.103	0.5	3119103	trained	32730	37	memtrain/o_597_1.jpg	photodiode	1
3120.054	0.5	3120054	trained	32749	18	memtrain/o_264_2.jpg	photodiode	1
3120.896	0.5	3120896	untrained	32698	69	memtrain/o_464_2.jpg	photodiode	1
3121.647	0.5	3121647	untrained	32717	50	memtrain/o_057_2.jpg	photodiode	1
3122.556	0.5	3122556	catch	32671	n/a	catch_padded.jpg	photodiode	0
3122.916	0.0	3122916	response	7	n/a	n/a	trigger	0
3124.557	0.5	3124557	trained	32756	11	memtrain/o_117_2.jpg	photodiode	1
3125.458	0.5	3125458	trained	32725	42	memtrain/so_034_2.jpg	photodiode	1
3126.2	0.5	3126200	untrained	32713	54	memtrain/o_145_1.jpg	photodiode	1
3127.001	0.5	3127001	catch	32671	n/a	catch_padded.jpg	photodiode	0
3127.437	0.0	3127437	response	7	n/a	n/a	trigger	0
3128.953	0.5	3128953	trained	32753	14	memtrain/o_174_1.jpg	photodiode	1
3129.753	0.5	3129753	trained	32735	32	memtrain/o_485_2.jpg	photodiode	1
3130.604	0.5	3130604	untrained	32712	55	memtrain/o_153_2.jpg	photodiode	1
3131.405	0.5	3131405	untrained	32715	52	memtrain/o_141_1.jpg	photodiode	1
3132.356	0.5	3132356	trained	32732	35	memtrain/o_561_2.jpg	photodiode	1
3133.256	0.5	3133256	catch	32671	n/a	catch_padded.jpg	photodiode	0
3133.482	0.0	3133482	response	7	n/a	n/a	trigger	0
3135.208	0.5	3135208	untrained	32688	79	memtrain/o_600_1.jpg	photodiode	1
3135.959	0.5	3135959	trained	32726	41	memtrain/o_663_2.jpg	photodiode	1
3136.91	0.5	3136910	untrained	32706	61	memtrain/o_298_2.jpg	photodiode	1
3137.76	0.5	3137760	trained	32750	17	memtrain/o_232_1.jpg	photodiode	1
3138.611	0.5	3138611	catch	32671	n/a	catch_padded.jpg	photodiode	0
3138.892	0.0	3138892	response	7	n/a	n/a	trigger	0
3140.613	0.5	3140613	untrained	32700	67	memtrain/o_378_1.jpg	photodiode	1
3141.563	0.5	3141563	untrained	32684	83	memtrain/so_105_1.jpg	photodiode	1
3142.364	0.5	3142364	untrained	32716	51	memtrain/o_103_2.jpg	photodiode	1
3143.165	0.5	3143165	trained	32739	28	memtrain/o_397_1.jpg	photodiode	1
3143.915	0.5	3143915	untrained	32685	82	memtrain/o_656_1.jpg	photodiode	1
3144.666	0.5	3144666	catch	32671	n/a	catch_padded.jpg	photodiode	0
3144.942	0.0	3144942	response	7	n/a	n/a	trigger	0
3146.768	0.5	3146768	untrained	32708	59	memtrain/o_201_2.jpg	photodiode	1
3147.66	0.5	3147660	trained	32731	36	memtrain/o_583_1.jpg	photodiode	1
3148.619	0.5	3148619	trained	32759	8	memtrain/o_094_1.jpg	photodiode	1
3149.47	0.5	3149470	untrained	32707	60	memtrain/o_228_2.jpg	photodiode	1
3150.363	0.5	3150363	untrained	32677	90	memtrain/o_580_1.jpg	photodiode	1
3151.172	0.5	3151172	catch	32671	n/a	catch_padded.jpg	photodiode	0
3151.485	0.0	3151485	response	7	n/a	n/a	trigger	0
3153.165	0.5	3153165	trained	32746	21	memtrain/o_319_1.jpg	photodiode	1
3153.916	0.5	3153916	trained	32747	20	memtrain/o_290_1.jpg	photodiode	1
3154.816	0.5	3154816	untrained	32678	89	memtrain/o_469_1.jpg	photodiode	1
3155.767	0.5	3155767	untrained	32672	95	memtrain/so_125_1.jpg	photodiode	1
3156.618	0.5	3156618	catch	32671	n/a	catch_padded.jpg	photodiode	0
3156.896	0.0	3156896	response	7	n/a	n/a	trigger	0
3158.569	0.5	3158569	trained	32752	15	memtrain/o_195_1.jpg	photodiode	1
3159.32	0.5	3159320	trained	32763	4	memtrain/o_042_1.jpg	photodiode	1
3160.121	0.5	3160121	trained	32727	40	memtrain/o_648_2.jpg	photodiode	1
3161.022	0.5	3161022	untrained	32704	63	memtrain/o_310_2.jpg	photodiode	1
3161.972	0.5	3161972	trained	32754	13	memtrain/o_136_1.jpg	photodiode	1
3162.823	0.5	3162823	catch	32671	n/a	catch_padded.jpg	photodiode	0
3163.046	0.0	3163046	response	7	n/a	n/a	trigger	0
3164.725	0.5	3164725	untrained	32679	88	memtrain/o_458_1.jpg	photodiode	1
3165.525	0.5	3165525	untrained	32697	70	memtrain/o_471_2.jpg	photodiode	1
3166.376	0.5	3166376	trained	32738	29	memtrain/o_416_1.jpg	photodiode	1
3167.227	0.5	3167227	trained	32767	0	memtrain/o_006_1.jpg	photodiode	1
3168.078	0.5	3168078	untrained	32695	72	memtrain/o_490_1.jpg	photodiode	1
3168.978	0.5	3168978	catch	32671	n/a	catch_padded.jpg	photodiode	0
3169.41	0.0	3169410	response	7	n/a	n/a	trigger	0
3170.88	0.5	3170880	trained	32758	9	memtrain/o_101_2.jpg	photodiode	1
3171.781	0.5	3171781	untrained	32675	92	memtrain/so_033_1.jpg	photodiode	1
3172.731	0.5	3172731	untrained	32694	73	memtrain/o_519_2.jpg	photodiode	1
3173.532	0.5	3173532	catch	32671	n/a	catch_padded.jpg	photodiode	0
3173.89	0.0	3173890	response	7	n/a	n/a	trigger	0
3175.434	0.5	3175434	trained	32734	33	memtrain/o_536_1.jpg	photodiode	1
3176.234	0.5	3176234	untrained	32683	84	memtrain/so_117_2.jpg	photodiode	1
3177.135	0.5	3177135	untrained	32674	93	memtrain/so_035_1.jpg	photodiode	1
3177.928	0.5	3177928	catch	32671	n/a	catch_padded.jpg	photodiode	0
3179.879	0.5	3179879	trained	32722	45	memtrain/so_090_2.jpg	photodiode	1
3180.738	0.5	3180738	trained	32745	22	memtrain/o_321_1.jpg	photodiode	1
3181.581	0.5	3181581	untrained	32685	82	memtrain/o_656_1.jpg	photodiode	1
3182.331	0.5	3182331	catch	32671	n/a	catch_padded.jpg	photodiode	0
3182.639	0.0	3182639	response	7	n/a	n/a	trigger	0
3184.433	0.5	3184433	untrained	32699	68	memtrain/o_393_1.jpg	photodiode	1
3185.242	0.5	3185242	untrained	32688	79	memtrain/o_600_1.jpg	photodiode	1
3185.984	0.5	3185984	untrained	32717	50	memtrain/o_057_2.jpg	photodiode	1
3186.935	0.5	3186935	untrained	32701	66	memtrain/o_342_2.jpg	photodiode	1
3187.736	0.5	3187736	untrained	32687	80	memtrain/o_613_1.jpg	photodiode	1
3188.487	0.5	3188487	catch	32671	n/a	catch_padded.jpg	photodiode	0
3188.756	0.0	3188756	response	7	n/a	n/a	trigger	0
3190.588	0.5	3190588	untrained	32700	67	memtrain/o_378_1.jpg	photodiode	1
3191.339	0.5	3191339	trained	32739	28	memtrain/o_397_1.jpg	photodiode	1
3192.14	0.5	3192140	untrained	32696	71	memtrain/o_483_1.jpg	photodiode	1
3192.99	0.5	3192990	trained	32751	16	memtrain/o_199_2.jpg	photodiode	1
3193.841	0.5	3193841	catch	32671	n/a	catch_padded.jpg	photodiode	0
3194.2	0.0	3194200	response	7	n/a	n/a	trigger	0
3195.893	0.5	3195893	untrained	32683	84	memtrain/so_117_2.jpg	photodiode	1
3196.794	0.5	3196794	trained	32750	17	memtrain/o_232_1.jpg	photodiode	1
3197.644	0.5	3197644	trained	32743	24	memtrain/o_357_1.jpg	photodiode	1
3198.545	0.5	3198545	catch	32671	n/a	catch_padded.jpg	photodiode	0
3199.307	0.0	3199307	response	7	n/a	n/a	trigger	0
3200.647	0.5	3200647	untrained	32719	48	memtrain/o_019_2.jpg	photodiode	1
3201.448	0.5	3201448	untrained	32681	86	memtrain/o_288_1.jpg	photodiode	1
3202.298	0.5	3202298	trained	32744	23	memtrain/o_338_2.jpg	photodiode	1
3203.099	0.5	3203099	untrained	32689	78	memtrain/o_599_1.jpg	photodiode	1
3203.9	0.5	3203900	untrained	32672	95	memtrain/so_125_1.jpg	photodiode	1
3204.75	0.5	3204750	catch	32671	n/a	catch_padded.jpg	photodiode	0
3205.049	0.0	3205049	response	7	n/a	n/a	trigger	0
3206.744	0.5	3206744	untrained	32676	91	memtrain/o_605_1.jpg	photodiode	1
3207.544	0.5	3207544	untrained	32698	69	memtrain/o_464_2.jpg	photodiode	1
3208.495	0.5	3208495	trained	32756	11	memtrain/o_117_2.jpg	photodiode	1
3209.396	0.5	3209396	untrained	32682	85	memtrain/o_218_1.jpg	photodiode	1
3210.247	0.5	3210247	trained	32727	40	memtrain/o_648_2.jpg	photodiode	1
3211.197	0.5	3211197	catch	32671	n/a	catch_padded.jpg	photodiode	0
3211.421	0.0	3211421	response	7	n/a	n/a	trigger	0
3213.249	0.5	3213249	trained	32754	13	memtrain/o_136_1.jpg	photodiode	1
3214.1	0.5	3214100	trained	32728	39	memtrain/o_606_1.jpg	photodiode	1
3215.051	0.5	3215051	trained	32766	1	memtrain/o_015_1.jpg	photodiode	1
3215.801	0.5	3215801	catch	32671	n/a	catch_padded.jpg	photodiode	0
3216.1	0.0	3216100	response	7	n/a	n/a	trigger	0
3217.903	0.5	3217903	trained	32758	9	memtrain/o_101_2.jpg	photodiode	1
3218.754	0.5	3218754	trained	32734	33	memtrain/o_536_1.jpg	photodiode	1
3219.555	0.5	3219555	untrained	32713	54	memtrain/o_145_1.jpg	photodiode	1
3220.355	0.5	3220355	catch	32671	n/a	catch_padded.jpg	photodiode	0
3220.624	0.0	3220624	response	7	n/a	n/a	trigger	0
3222.257	0.5	3222257	trained	32752	15	memtrain/o_195_1.jpg	photodiode	1
3223.007	0.5	3223007	trained	32737	30	memtrain/o_437_2.jpg	photodiode	1
3223.958	0.5	3223958	untrained	32674	93	memtrain/so_035_1.jpg	photodiode	1
3224.909	0.5	3224909	trained	32732	35	memtrain/o_561_2.jpg	photodiode	1
3225.66	0.5	3225660	untrained	32675	92	memtrain/so_033_1.jpg	photodiode	1
3226.41	0.5	3226410	catch	32671	n/a	catch_padded.jpg	photodiode	0
3226.62	0.0	3226620	response	7	n/a	n/a	trigger	0
3228.312	0.5	3228312	untrained	32686	81	memtrain/o_655_2.jpg	photodiode	1
3229.113	0.5	3229113	trained	32763	4	memtrain/o_042_1.jpg	photodiode	1
3230.063	0.5	3230063	trained	32759	8	memtrain/o_094_1.jpg	photodiode	1
3230.964	0.5	3230964	catch	32671	n/a	catch_padded.jpg	photodiode	0
3231.197	0.0	3231197	response	7	n/a	n/a	trigger	0
3233.016	0.5	3233016	untrained	32715	52	memtrain/o_141_1.jpg	photodiode	1
3233.817	0.5	3233817	trained	32755	12	memtrain/o_127_2.jpg	photodiode	1
3234.617	0.5	3234617	untrained	32695	72	memtrain/o_490_1.jpg	photodiode	1
3235.368	0.5	3235368	trained	32764	3	memtrain/o_040_2.jpg	photodiode	1
3236.11	0.5	3236110	catch	32671	n/a	catch_padded.jpg	photodiode	0
3236.376	0.0	3236376	response	7	n/a	n/a	trigger	0
3238.162	0.5	3238162	trained	32740	27	memtrain/o_379_2.jpg	photodiode	1
3239.121	0.5	3239121	untrained	32679	88	memtrain/o_458_1.jpg	photodiode	1
3240.072	0.5	3240072	untrained	32703	64	memtrain/o_334_2.jpg	photodiode	1
3240.964	0.5	3240964	trained	32724	43	memtrain/so_043_2.jpg	photodiode	1
3241.923	0.5	3241923	untrained	32718	49	memtrain/o_054_2.jpg	photodiode	1
3242.816	0.5	3242816	catch	32671	n/a	catch_padded.jpg	photodiode	0
3243.012	0.0	3243012	response	7	n/a	n/a	trigger	0
3244.918	0.5	3244918	trained	32733	34	memtrain/o_558_2.jpg	photodiode	1
3245.869	0.5	3245869	untrained	32673	94	memtrain/so_067_1.jpg	photodiode	1
3246.619	0.5	3246619	untrained	32691	76	memtrain/o_570_1.jpg	photodiode	1
3247.57	0.5	3247570	trained	32746	21	memtrain/o_319_1.jpg	photodiode	1
3248.421	0.5	3248421	untrained	32677	90	memtrain/o_580_1.jpg	photodiode	1
3249.321	0.5	3249321	catch	32671	n/a	catch_padded.jpg	photodiode	0
3249.63	0.0	3249630	response	7	n/a	n/a	trigger	0
3251.373	0.5	3251373	trained	32721	46	memtrain/so_113_1.jpg	photodiode	1
3252.324	0.5	3252324	trained	32723	44	memtrain/so_045_1.jpg	photodiode	1
3253.125	0.5	3253125	trained	32757	10	memtrain/o_111_2.jpg	photodiode	1
3254.025	0.5	3254025	trained	32731	36	memtrain/o_583_1.jpg	photodiode	1
3254.926	0.5	3254926	catch	32671	n/a	catch_padded.jpg	photodiode	0
3255.208	0.0	3255208	response	7	n/a	n/a	trigger	0
3256.828	0.5	3256828	untrained	32712	55	memtrain/o_153_2.jpg	photodiode	1
3257.629	0.5	3257629	trained	32748	19	memtrain/o_284_2.jpg	photodiode	1
3258.429	0.5	3258429	trained	32722	45	memtrain/so_090_2.jpg	photodiode	1
3259.23	0.5	3259230	catch	32671	n/a	catch_padded.jpg	photodiode	0
3259.564	0.0	3259564	response	7	n/a	n/a	trigger	0
3261.232	0.5	3261232	trained	32760	7	memtrain/o_091_2.jpg	photodiode	1
3262.032	0.5	3262032	untrained	32714	53	memtrain/o_142_2.jpg	photodiode	1
3262.883	0.5	3262883	untrained	32704	63	memtrain/o_310_2.jpg	photodiode	1
3263.784	0.5	3263784	trained	32742	25	memtrain/o_358_2.jpg	photodiode	1
3264.676	0.5	3264676	catch	32671	n/a	catch_padded.jpg	photodiode	0
3264.916	0.0	3264916	response	7	n/a	n/a	trigger	0
3266.586	0.5	3266586	trained	32741	26	memtrain/o_376_1.jpg	photodiode	1
3267.337	0.5	3267337	trained	32767	0	memtrain/o_006_1.jpg	photodiode	1
3268.288	0.5	3268288	trained	32762	5	memtrain/o_067_1.jpg	photodiode	1
3269.08	0.5	3269080	catch	32671	n/a	catch_padded.jpg	photodiode	0
3269.43	0.0	3269430	response	7	n/a	n/a	trigger	0
3271.132	0.5	3271132	trained	32738	29	memtrain/o_416_1.jpg	photodiode	1
3272.082	0.5	3272082	trained	32735	32	memtrain/o_485_2.jpg	photodiode	1
3273.033	0.5	3273033	untrained	32709	58	memtrain/o_192_1.jpg	photodiode	1
3273.834	0.5	3273834	trained	32765	2	memtrain/o_035_1.jpg	photodiode	1
3274.593	0.5	3274593	catch	32671	n/a	catch_padded.jpg	photodiode	0
3274.922	0.0	3274922	response	7	n/a	n/a	trigger	0
3276.686	0.5	3276686	trained	32736	31	memtrain/o_465_2.jpg	photodiode	1
3277.537	0.5	3277537	untrained	32680	87	memtrain/o_365_1.jpg	photodiode	1
3278.288	0.5	3278288	untrained	32678	89	memtrain/o_469_1.jpg	photodiode	1
3279.088	0.5	3279088	catch	32671	n/a	catch_padded.jpg	photodiode	0
3279.38	0.0	3279380	response	7	n/a	n/a	trigger	0
3281.14	0.5	3281140	trained	32720	47	memtrain/so_147_2.jpg	photodiode	1
3282.091	0.5	3282091	untrained	32702	65	memtrain/o_337_2.jpg	photodiode	1
3282.842	0.5	3282842	trained	32730	37	memtrain/o_597_1.jpg	photodiode	1
3283.592	0.5	3283592	untrained	32706	61	memtrain/o_298_2.jpg	photodiode	1
3284.343	0.5	3284343	catch	32671	n/a	catch_padded.jpg	photodiode	0
3284.586	0.0	3284586	response	7	n/a	n/a	trigger	0
3286.244	0.5	3286244	untrained	32697	70	memtrain/o_471_2.jpg	photodiode	1
3287.195	0.5	3287195	untrained	32707	60	memtrain/o_228_2.jpg	photodiode	1
3288.096	0.5	3288096	untrained	32708	59	memtrain/o_201_2.jpg	photodiode	1
3288.997	0.5	3288997	catch	32671	n/a	catch_padded.jpg	photodiode	0
3289.303	0.0	3289303	response	7	n/a	n/a	trigger	0
3290.948	0.5	3290948	untrained	32705	62	memtrain/o_304_1.jpg	photodiode	1
3291.849	0.5	3291849	untrained	32690	77	memtrain/o_574_2.jpg	photodiode	1
3292.65	0.5	3292650	untrained	32716	51	memtrain/o_103_2.jpg	photodiode	1
3293.501	0.5	3293501	trained	32745	22	memtrain/o_321_1.jpg	photodiode	1
3294.243	0.5	3294243	catch	32671	n/a	catch_padded.jpg	photodiode	0
3294.556	0.0	3294556	response	7	n/a	n/a	trigger	0
3296.145	0.5	3296145	untrained	32694	73	memtrain/o_519_2.jpg	photodiode	1
3297.095	0.5	3297095	trained	32725	42	memtrain/so_034_2.jpg	photodiode	1
3297.996	0.5	3297996	trained	32753	14	memtrain/o_174_1.jpg	photodiode	1
3298.947	0.5	3298947	trained	32729	38	memtrain/o_603_1.jpg	photodiode	1
3299.798	0.5	3299798	catch	32671	n/a	catch_padded.jpg	photodiode	0
3300.024	0.0	3300024	response	7	n/a	n/a	trigger	0
3301.849	0.5	3301849	untrained	32711	56	memtrain/o_163_2.jpg	photodiode	1
3302.65	0.5	3302650	trained	32726	41	memtrain/o_663_2.jpg	photodiode	1
3303.551	0.5	3303551	trained	32761	6	memtrain/o_076_1.jpg	photodiode	1
3304.402	0.5	3304402	trained	32749	18	memtrain/o_264_2.jpg	photodiode	1
3305.152	0.5	3305152	untrained	32684	83	memtrain/so_105_1.jpg	photodiode	1
3306.003	0.5	3306003	catch	32671	n/a	catch_padded.jpg	photodiode	0
3306.218	0.0	3306218	response	7	n/a	n/a	trigger	0
3308.105	0.5	3308105	untrained	32692	75	memtrain/o_564_1.jpg	photodiode	1
3308.855	0.5	3308855	untrained	32710	57	memtrain/o_171_1.jpg	photodiode	1
3309.706	0.5	3309706	trained	32747	20	memtrain/o_290_1.jpg	photodiode	1
3310.507	0.5	3310507	untrained	32693	74	memtrain/o_550_1.jpg	photodiode	1
3311.458	0.5	3311458	catch	32671	n/a	catch_padded.jpg	photodiode	0
3311.735	0.0	3311735	response	7	n/a	n/a	trigger	0
3313.937	0.0	3313937	block_end	120	n/a	n/a	trigger	0
3413.38	0.0	3413380	response	7	n/a	n/a	trigger	0
3413.384	0.0	3413384	block_onset	111	n/a	n/a	trigger	0
3415.429	0.5	3415429	untrained	32674	93	memtrain/so_035_1.jpg	photodiode	1
3416.188	0.5	3416188	untrained	32708	59	memtrain/o_201_2.jpg	photodiode	1
3417.13	0.5	3417130	trained	32750	17	memtrain/o_232_1.jpg	photodiode	1
3418.09	0.5	3418090	untrained	32712	55	memtrain/o_153_2.jpg	photodiode	1
3418.832	0.5	3418832	trained	32735	32	memtrain/o_485_2.jpg	photodiode	1
3419.683	0.5	3419683	catch	32671	n/a	catch_padded.jpg	photodiode	0
3420.03	0.0	3420030	response	7	n/a	n/a	trigger	0
3421.643	0.5	3421643	trained	32753	14	memtrain/o_174_1.jpg	photodiode	1
3422.385	0.5	3422385	untrained	32701	66	memtrain/o_342_2.jpg	photodiode	1
3423.286	0.5	3423286	trained	32758	9	memtrain/o_101_2.jpg	photodiode	1
3424.186	0.5	3424186	untrained	32716	51	memtrain/o_103_2.jpg	photodiode	1
3424.937	0.5	3424937	untrained	32672	95	memtrain/so_125_1.jpg	photodiode	1
3425.788	0.5	3425788	catch	32671	n/a	catch_padded.jpg	photodiode	0
3426.17	0.0	3426170	response	7	n/a	n/a	trigger	0
3427.698	0.5	3427698	trained	32745	22	memtrain/o_321_1.jpg	photodiode	1
3428.54	0.5	3428540	untrained	32695	72	memtrain/o_490_1.jpg	photodiode	1
3429.341	0.5	3429341	untrained	32688	79	memtrain/o_600_1.jpg	photodiode	1
3430.292	0.5	3430292	catch	32671	n/a	catch_padded.jpg	photodiode	0
3430.641	0.0	3430641	response	7	n/a	n/a	trigger	0
3432.343	0.5	3432343	untrained	32681	86	memtrain/o_288_1.jpg	photodiode	1
3433.194	0.5	3433194	untrained	32686	81	memtrain/o_655_2.jpg	photodiode	1
3433.995	0.5	3433995	trained	32727	40	memtrain/o_648_2.jpg	photodiode	1
3434.795	0.5	3434795	untrained	32687	80	memtrain/o_613_1.jpg	photodiode	1
3435.746	0.5	3435746	catch	32671	n/a	catch_padded.jpg	photodiode	0
3435.953	0.0	3435953	response	7	n/a	n/a	trigger	0
3437.698	0.5	3437698	untrained	32683	84	memtrain/so_117_2.jpg	photodiode	1
3438.649	0.5	3438649	trained	32740	27	memtrain/o_379_2.jpg	photodiode	1
3439.399	0.5	3439399	untrained	32714	53	memtrain/o_142_2.jpg	photodiode	1
3440.35	0.5	3440350	catch	32671	n/a	catch_padded.jpg	photodiode	0
3440.682	0.0	3440682	response	7	n/a	n/a	trigger	0
3442.452	0.5	3442452	trained	32748	19	memtrain/o_284_2.jpg	photodiode	1
3443.303	0.5	3443303	trained	32766	1	memtrain/o_015_1.jpg	photodiode	1
3444.145	0.5	3444145	untrained	32719	48	memtrain/o_019_2.jpg	photodiode	1
3444.996	0.5	3444996	trained	32721	46	memtrain/so_113_1.jpg	photodiode	1
3445.805	0.5	3445805	trained	32763	4	memtrain/o_042_1.jpg	photodiode	1
3446.697	0.5	3446697	catch	32671	n/a	catch_padded.jpg	photodiode	0
3446.971	0.0	3446971	response	7	n/a	n/a	trigger	0
3448.699	0.5	3448699	trained	32754	13	memtrain/o_136_1.jpg	photodiode	1
3449.55	0.5	3449550	untrained	32703	64	memtrain/o_334_2.jpg	photodiode	1
3450.4	0.5	3450400	untrained	32710	57	memtrain/o_171_1.jpg	photodiode	1
3451.351	0.5	3451351	untrained	32693	74	memtrain/o_550_1.jpg	photodiode	1
3452.302	0.5	3452302	catch	32671	n/a	catch_padded.jpg	photodiode	0
3452.543	0.0	3452543	response	7	n/a	n/a	trigger	0
3454.254	0.5	3454254	untrained	32678	89	memtrain/o_469_1.jpg	photodiode	1
3455.154	0.5	3455154	untrained	32715	52	memtrain/o_141_1.jpg	photodiode	1
3455.955	0.5	3455955	trained	32752	15	memtrain/o_195_1.jpg	photodiode	1
3456.806	0.5	3456806	trained	32759	8	memtrain/o_094_1.jpg	photodiode	1
3457.656	0.5	3457656	trained	32729	38	memtrain/o_603_1.jpg	photodiode	1
3458.607	0.5	3458607	catch	32671	n/a	catch_padded.jpg	photodiode	0
3458.787	0.0	3458787	response	7	n/a	n/a	trigger	0
3460.709	0.5	3460709	untrained	32697	70	memtrain/o_471_2.jpg	photodiode	1
3461.56	0.5	3461560	untrained	32713	54	memtrain/o_145_1.jpg	photodiode	1
3462.511	0.5	3462511	trained	32741	26	memtrain/o_376_1.jpg	photodiode	1
3463.461	0.5	3463461	trained	32732	35	memtrain/o_561_2.jpg	photodiode	1
3464.262	0.5	3464262	trained	32730	37	memtrain/o_597_1.jpg	photodiode	1
3465.113	0.5	3465113	catch	32671	n/a	catch_padded.jpg	photodiode	0
3465.296	0.0	3465296	response	7	n/a	n/a	trigger	0
3467.215	0.5	3467215	untrained	32677	90	memtrain/o_580_1.jpg	photodiode	1
3468.115	0.5	3468115	trained	32720	47	memtrain/so_147_2.jpg	photodiode	1
3469.066	0.5	3469066	untrained	32694	73	memtrain/o_519_2.jpg	photodiode	1
3469.917	0.5	3469917	catch	32671	n/a	catch_padded.jpg	photodiode	0
3470.218	0.0	3470218	response	7	n/a	n/a	trigger	0
3471.969	0.5	3471969	trained	32728	39	memtrain/o_606_1.jpg	photodiode	1
3472.769	0.5	3472769	trained	32764	3	memtrain/o_040_2.jpg	photodiode	1
3473.72	0.5	3473720	untrained	32707	60	memtrain/o_228_2.jpg	photodiode	1
3474.663	0.5	3474663	trained	32742	25	memtrain/o_358_2.jpg	photodiode	1
3475.513	0.5	3475513	trained	32746	21	memtrain/o_319_1.jpg	photodiode	1
3476.264	0.5	3476264	catch	32671	n/a	catch_padded.jpg	photodiode	0
3476.497	0.0	3476497	response	7	n/a	n/a	trigger	0
3478.224	0.5	3478224	trained	32751	16	memtrain/o_199_2.jpg	photodiode	1
3479.066	0.5	3479066	untrained	32700	67	memtrain/o_378_1.jpg	photodiode	1
3480.017	0.5	3480017	trained	32723	44	memtrain/so_045_1.jpg	photodiode	1
3480.818	0.5	3480818	trained	32761	6	memtrain/o_076_1.jpg	photodiode	1
3481.568	0.5	3481568	catch	32671	n/a	catch_padded.jpg	photodiode	0
3481.788	0.0	3481788	response	7	n/a	n/a	trigger	0
3483.678	0.5	3483678	untrained	32679	88	memtrain/o_458_1.jpg	photodiode	1
3484.521	0.5	3484521	untrained	32717	50	memtrain/o_057_2.jpg	photodiode	1
3485.422	0.5	3485422	trained	32757	10	memtrain/o_111_2.jpg	photodiode	1
3486.372	0.5	3486372	trained	32744	23	memtrain/o_338_2.jpg	photodiode	1
3487.273	0.5	3487273	catch	32671	n/a	catch_padded.jpg	photodiode	0
3487.543	0.0	3487543	response	7	n/a	n/a	trigger	0
3489.325	0.5	3489325	trained	32726	41	memtrain/o_663_2.jpg	photodiode	1
3490.076	0.5	3490076	trained	32767	0	memtrain/o_006_1.jpg	photodiode	1
3490.976	0.5	3490976	trained	32722	45	memtrain/so_090_2.jpg	photodiode	1
3491.827	0.5	3491827	catch	32671	n/a	catch_padded.jpg	photodiode	0
3492.286	0.0	3492286	response	7	n/a	n/a	trigger	0
3493.779	0.5	3493779	trained	32756	11	memtrain/o_117_2.jpg	photodiode	1
3494.73	0.5	3494730	untrained	32682	85	memtrain/o_218_1.jpg	photodiode	1
3495.63	0.5	3495630	trained	32743	24	memtrain/o_357_1.jpg	photodiode	1
3496.381	0.5	3496381	trained	32724	43	memtrain/so_043_2.jpg	photodiode	1
3497.182	0.5	3497182	catch	32671	n/a	catch_padded.jpg	photodiode	0
3497.502	0.0	3497502	response	7	n/a	n/a	trigger	0
3499.083	0.5	3499083	untrained	32673	94	memtrain/so_067_1.jpg	photodiode	1
3499.884	0.5	3499884	untrained	32718	49	memtrain/o_054_2.jpg	photodiode	1
3500.635	0.5	3500635	untrained	32684	83	memtrain/so_105_1.jpg	photodiode	1
3501.535	0.5	3501535	trained	32747	20	memtrain/o_290_1.jpg	photodiode	1
3502.286	0.5	3502286	trained	32736	31	memtrain/o_465_2.jpg	photodiode	1
3503.187	0.5	3503187	catch	32671	n/a	catch_padded.jpg	photodiode	0
3503.414	0.0	3503414	response	7	n/a	n/a	trigger	0
3505.088	0.5	3505088	untrained	32676	91	memtrain/o_605_1.jpg	photodiode	1
3505.931	0.5	3505931	untrained	32702	65	memtrain/o_337_2.jpg	photodiode	1
3506.69	0.5	3506690	untrained	32692	75	memtrain/o_564_1.jpg	photodiode	1
3507.582	0.5	3507582	trained	32733	34	memtrain/o_558_2.jpg	photodiode	1
3508.541	0.5	3508541	catch	32671	n/a	catch_padded.jpg	photodiode	0
3508.742	0.0	3508742	response	7	n/a	n/a	trigger	0
3510.485	0.5	3510485	trained	32765	2	memtrain/o_035_1.jpg	photodiode	1
3511.385	0.5	3511385	untrained	32675	92	memtrain/so_033_1.jpg	photodiode	1
3512.236	0.5	3512236	trained	32760	7	memtrain/o_091_2.jpg	photodiode	1
3513.045	0.5	3513045	untrained	32698	69	memtrain/o_464_2.jpg	photodiode	1
3513.837	0.5	3513837	catch	32671	n/a	catch_padded.jpg	photodiode	0
3514.278	0.0	3514278	response	7	n/a	n/a	trigger	0
3515.739	0.5	3515739	untrained	32685	82	memtrain/o_656_1.jpg	photodiode	1
3516.49	0.5	3516490	untrained	32689	78	memtrain/o_599_1.jpg	photodiode	1
3517.24	0.5	3517240	untrained	32706	61	memtrain/o_298_2.jpg	photodiode	1
3517.991	0.5	3517991	catch	32671	n/a	catch_padded.jpg	photodiode	0
3518.341	0.0	3518341	response	7	n/a	n/a	trigger	0
3519.993	0.5	3519993	trained	32738	29	memtrain/o_416_1.jpg	photodiode	1
3520.793	0.5	3520793	untrained	32711	56	memtrain/o_163_2.jpg	photodiode	1
3521.644	0.5	3521644	untrained	32705	62	memtrain/o_304_1.jpg	photodiode	1
3522.595	0.5	3522595	untrained	32690	77	memtrain/o_574_2.jpg	photodiode	1
3523.496	0.5	3523496	trained	32737	30	memtrain/o_437_2.jpg	photodiode	1
3524.446	0.5	3524446	catch	32671	n/a	catch_padded.jpg	photodiode	0
3524.666	0.0	3524666	response	7	n/a	n/a	trigger	0
3526.498	0.5	3526498	untrained	32699	68	memtrain/o_393_1.jpg	photodiode	1
3527.349	0.5	3527349	trained	32749	18	memtrain/o_264_2.jpg	photodiode	1
3528.25	0.5	3528250	untrained	32691	76	memtrain/o_570_1.jpg	photodiode	1
3529.0	0.5	3529000	trained	32734	33	memtrain/o_536_1.jpg	photodiode	1
3529.901	0.5	3529901	catch	32671	n/a	catch_padded.jpg	photodiode	0
3530.141	0.0	3530141	response	7	n/a	n/a	trigger	0
3531.903	0.5	3531903	untrained	32704	63	memtrain/o_310_2.jpg	photodiode	1
3532.803	0.5	3532803	trained	32725	42	memtrain/so_034_2.jpg	photodiode	1
3533.554	0.5	3533554	trained	32755	12	memtrain/o_127_2.jpg	photodiode	1
3534.296	0.5	3534296	trained	32762	5	memtrain/o_067_1.jpg	photodiode	1
3535.197	0.5	3535197	catch	32671	n/a	catch_padded.jpg	photodiode	0
3535.543	0.0	3535543	response	7	n/a	n/a	trigger	0
3537.249	0.5	3537249	trained	32731	36	memtrain/o_583_1.jpg	photodiode	1
3538.158	0.5	3538158	trained	32739	28	memtrain/o_397_1.jpg	photodiode	1
3538.9	0.5	3538900	untrained	32709	58	memtrain/o_192_1.jpg	photodiode	1
3539.651	0.5	3539651	untrained	32696	71	memtrain/o_483_1.jpg	photodiode	1
3540.552	0.5	3540552	catch	32671	n/a	catch_padded.jpg	photodiode	0
3540.893	0.0	3540893	response	7	n/a	n/a	trigger	0
3542.654	0.5	3542654	untrained	32680	87	memtrain/o_365_1.jpg	photodiode	1
3543.504	0.5	3543504	trained	32746	21	memtrain/o_319_1.jpg	photodiode	1
3544.405	0.5	3544405	untrained	32684	83	memtrain/so_105_1.jpg	photodiode	1
3545.256	0.5	3545256	trained	32734	33	memtrain/o_536_1.jpg	photodiode	1
3546.056	0.5	3546056	trained	32750	17	memtrain/o_232_1.jpg	photodiode	1
3546.957	0.5	3546957	catch	32671	n/a	catch_padded.jpg	photodiode	0
3547.172	0.0	3547172	response	7	n/a	n/a	trigger	0
3549.009	0.5	3549009	trained	32730	37	memtrain/o_597_1.jpg	photodiode	1
3549.91	0.5	3549910	untrained	32677	90	memtrain/o_580_1.jpg	photodiode	1
3550.66	0.5	3550660	untrained	32709	58	memtrain/o_192_1.jpg	photodiode	1
3551.511	0.5	3551511	catch	32671	n/a	catch_padded.jpg	photodiode	0
3551.867	0.0	3551867	response	7	n/a	n/a	trigger	0
3553.513	0.5	3553513	untrained	32698	69	memtrain/o_464_2.jpg	photodiode	1
3554.263	0.5	3554263	untrained	32675	92	memtrain/so_033_1.jpg	photodiode	1
3555.214	0.5	3555214	untrained	32701	66	memtrain/o_342_2.jpg	photodiode	1
3556.165	0.5	3556165	catch	32671	n/a	catch_padded.jpg	photodiode	0
3556.494	0.0	3556494	response	7	n/a	n/a	trigger	0
3558.267	0.5	3558267	trained	32755	12	memtrain/o_127_2.jpg	photodiode	1
3559.218	0.5	3559218	untrained	32692	75	memtrain/o_564_1.jpg	photodiode	1
3560.01	0.5	3560010	trained	32758	9	memtrain/o_101_2.jpg	photodiode	1
3560.969	0.5	3560969	catch	32671	n/a	catch_padded.jpg	photodiode	0
3561.331	0.0	3561331	response	7	n/a	n/a	trigger	0
3562.862	0.5	3562862	trained	32761	6	memtrain/o_076_1.jpg	photodiode	1
3563.763	0.5	3563763	untrained	32672	95	memtrain/so_125_1.jpg	photodiode	1
3564.564	0.5	3564564	trained	32732	35	memtrain/o_561_2.jpg	photodiode	1
3565.414	0.5	3565414	trained	32731	36	memtrain/o_583_1.jpg	photodiode	1
3566.315	0.5	3566315	untrained	32704	63	memtrain/o_310_2.jpg	photodiode	1
3567.066	0.5	3567066	catch	32671	n/a	catch_padded.jpg	photodiode	0
3567.378	0.0	3567378	response	7	n/a	n/a	trigger	0
3569.126	0.5	3569126	trained	32733	34	memtrain/o_558_2.jpg	photodiode	1
3569.968	0.5	3569968	trained	32764	3	memtrain/o_040_2.jpg	photodiode	1
3570.819	0.5	3570819	trained	32753	14	memtrain/o_174_1.jpg	photodiode	1
3571.62	0.5	3571620	catch	32671	n/a	catch_padded.jpg	photodiode	0
3571.985	0.0	3571985	response	7	n/a	n/a	trigger	0
3573.621	0.5	3573621	trained	32720	47	memtrain/so_147_2.jpg	photodiode	1
3574.372	0.5	3574372	trained	32745	22	memtrain/o_321_1.jpg	photodiode	1
3575.323	0.5	3575323	untrained	32685	82	memtrain/o_656_1.jpg	photodiode	1
3576.124	0.5	3576124	catch	32671	n/a	catch_padded.jpg	photodiode	0
3576.473	0.0	3576473	response	7	n/a	n/a	trigger	0
3578.175	0.5	3578175	untrained	32708	59	memtrain/o_201_2.jpg	photodiode	1
3578.926	0.5	3578926	trained	32722	45	memtrain/so_090_2.jpg	photodiode	1
3579.777	0.5	3579777	trained	32724	43	memtrain/so_043_2.jpg	photodiode	1
3580.727	0.5	3580727	untrained	32711	56	memtrain/o_163_2.jpg	photodiode	1
3581.478	0.5	3581478	catch	32671	n/a	catch_padded.jpg	photodiode	0
3581.777	0.0	3581777	response	7	n/a	n/a	trigger	0
3583.43	0.5	3583430	untrained	32702	65	memtrain/o_337_2.jpg	photodiode	1
3584.18	0.5	3584180	untrained	32688	79	memtrain/o_600_1.jpg	photodiode	1
3584.931	0.5	3584931	untrained	32705	62	memtrain/o_304_1.jpg	photodiode	1
3585.732	0.5	3585732	untrained	32686	81	memtrain/o_655_2.jpg	photodiode	1
3586.482	0.5	3586482	catch	32671	n/a	catch_padded.jpg	photodiode	0
3586.78	0.0	3586780	response	7	n/a	n/a	trigger	0
3588.434	0.5	3588434	trained	32740	27	memtrain/o_379_2.jpg	photodiode	1
3589.235	0.5	3589235	untrained	32716	51	memtrain/o_103_2.jpg	photodiode	1
3589.985	0.5	3589985	trained	32736	31	memtrain/o_465_2.jpg	photodiode	1
3590.786	0.5	3590786	catch	32671	n/a	catch_padded.jpg	photodiode	0
3591.06	0.0	3591060	response	7	n/a	n/a	trigger	0
3592.779	0.5	3592779	untrained	32681	86	memtrain/o_288_1.jpg	photodiode	1
3593.63	0.5	3593630	untrained	32683	84	memtrain/so_117_2.jpg	photodiode	1
3594.431	0.5	3594431	untrained	32714	53	memtrain/o_142_2.jpg	photodiode	1
3595.332	0.5	3595332	catch	32671	n/a	catch_padded.jpg	photodiode	0
3595.534	0.0	3595534	response	7	n/a	n/a	trigger	0
3597.283	0.5	3597283	trained	32739	28	memtrain/o_397_1.jpg	photodiode	1
3598.184	0.5	3598184	trained	32754	13	memtrain/o_136_1.jpg	photodiode	1
3599.135	0.5	3599135	untrained	32674	93	memtrain/so_035_1.jpg	photodiode	1
3599.985	0.5	3599985	trained	32741	26	memtrain/o_376_1.jpg	photodiode	1
3600.936	0.5	3600936	catch	32671	n/a	catch_padded.jpg	photodiode	0
3601.151	0.0	3601151	response	7	n/a	n/a	trigger	0
3602.946	0.5	3602946	trained	32749	18	memtrain/o_264_2.jpg	photodiode	1
3603.889	0.5	3603889	untrained	32697	70	memtrain/o_471_2.jpg	photodiode	1
3604.739	0.5	3604739	untrained	32679	88	memtrain/o_458_1.jpg	photodiode	1
3605.54	0.5	3605540	untrained	32673	94	memtrain/so_067_1.jpg	photodiode	1
3606.291	0.5	3606291	trained	32725	42	memtrain/so_034_2.jpg	photodiode	1
3607.142	0.5	3607142	catch	32671	n/a	catch_padded.jpg	photodiode	0
3607.377	0.0	3607377	response	7	n/a	n/a	trigger	0
3609.193	0.5	3609193	untrained	32676	91	memtrain/o_605_1.jpg	photodiode	1
3610.094	0.5	3610094	trained	32757	10	memtrain/o_111_2.jpg	photodiode	1
3610.895	0.5	3610895	trained	32743	24	memtrain/o_357_1.jpg	photodiode	1
3611.645	0.5	3611645	trained	32752	15	memtrain/o_195_1.jpg	photodiode	1
3612.396	0.5	3612396	trained	32742	25	memtrain/o_358_2.jpg	photodiode	1
3613.347	0.5	3613347	catch	32671	n/a	catch_padded.jpg	photodiode	0
3613.645	0.0	3613645	response	7	n/a	n/a	trigger	0
3615.348	0.5	3615348	trained	32760	7	memtrain/o_091_2.jpg	photodiode	1
3616.249	0.5	3616249	untrained	32691	76	memtrain/o_570_1.jpg	photodiode	1
3617.0	0.5	3617000	trained	32751	16	memtrain/o_199_2.jpg	photodiode	1
3617.751	0.5	3617751	untrained	32717	50	memtrain/o_057_2.jpg	photodiode	1
3618.501	0.5	3618501	catch	32671	n/a	catch_padded.jpg	photodiode	0
3618.811	0.0	3618811	response	7	n/a	n/a	trigger	0
3620.403	0.5	3620403	untrained	32690	77	memtrain/o_574_2.jpg	photodiode	1
3621.203	0.5	3621203	untrained	32689	78	memtrain/o_599_1.jpg	photodiode	1
3622.104	0.5	3622104	untrained	32696	71	memtrain/o_483_1.jpg	photodiode	1
3622.897	0.5	3622897	catch	32671	n/a	catch_padded.jpg	photodiode	0
3623.286	0.0	3623286	response	7	n/a	n/a	trigger	0
3624.948	0.5	3624948	trained	32747	20	memtrain/o_290_1.jpg	photodiode	1
3625.757	0.5	3625757	untrained	32680	87	memtrain/o_365_1.jpg	photodiode	1
3626.658	0.5	3626658	trained	32723	44	memtrain/so_045_1.jpg	photodiode	1
3627.409	0.5	3627409	catch	32671	n/a	catch_padded.jpg	photodiode	0
3627.79	0.0	3627790	response	7	n/a	n/a	trigger	0
3629.452	0.5	3629452	trained	32765	2	memtrain/o_035_1.jpg	photodiode	1
3630.411	0.5	3630411	untrained	32695	72	memtrain/o_490_1.jpg	photodiode	1
3631.204	0.5	3631204	trained	32721	46	memtrain/so_113_1.jpg	photodiode	1
3632.154	0.5	3632154	catch	32671	n/a	catch_padded.jpg	photodiode	0
3632.503	0.0	3632503	response	7	n/a	n/a	trigger	0
3634.106	0.5	3634106	untrained	32703	64	memtrain/o_334_2.jpg	photodiode	1
3634.857	0.5	3634857	untrained	32687	80	memtrain/o_613_1.jpg	photodiode	1
3635.607	0.5	3635607	untrained	32713	54	memtrain/o_145_1.jpg	photodiode	1
3636.408	0.5	3636408	trained	32767	0	memtrain/o_006_1.jpg	photodiode	1
3637.359	0.5	3637359	trained	32726	41	memtrain/o_663_2.jpg	photodiode	1
3637.563	0.0	3637563	response	7	n/a	n/a	trigger	0
3638.159	0.5	3638159	catch	32671	n/a	catch_padded.jpg	photodiode	0
3638.486	0.0	3638486	response	7	n/a	n/a	trigger	0
3640.211	0.5	3640211	trained	32737	30	memtrain/o_437_2.jpg	photodiode	1
3641.112	0.5	3641112	trained	32762	5	memtrain/o_067_1.jpg	photodiode	1
3642.063	0.5	3642063	untrained	32712	55	memtrain/o_153_2.jpg	photodiode	1
3642.813	0.5	3642813	untrained	32706	61	memtrain/o_298_2.jpg	photodiode	1
3643.664	0.5	3643664	untrained	32707	60	memtrain/o_228_2.jpg	photodiode	1
3644.415	0.5	3644415	catch	32671	n/a	catch_padded.jpg	photodiode	0
3644.671	0.0	3644671	response	7	n/a	n/a	trigger	0
3646.466	0.5	3646466	untrained	32678	89	memtrain/o_469_1.jpg	photodiode	1
3647.417	0.5	3647417	trained	32759	8	memtrain/o_094_1.jpg	photodiode	1
3648.268	0.5	3648268	untrained	32718	49	memtrain/o_054_2.jpg	photodiode	1
3649.219	0.5	3649219	trained	32727	40	memtrain/o_648_2.jpg	photodiode	1
3650.019	0.5	3650019	trained	32738	29	memtrain/o_416_1.jpg	photodiode	1
3650.87	0.5	3650870	catch	32671	n/a	catch_padded.jpg	photodiode	0
3651.137	0.0	3651137	response	7	n/a	n/a	trigger	0
3652.814	0.5	3652814	trained	32766	1	memtrain/o_015_1.jpg	photodiode	1
3653.714	0.5	3653714	trained	32748	19	memtrain/o_284_2.jpg	photodiode	1
3654.565	0.5	3654565	trained	32729	38	memtrain/o_603_1.jpg	photodiode	1
3655.366	0.5	3655366	catch	32671	n/a	catch_padded.jpg	photodiode	0
3655.714	0.0	3655714	response	7	n/a	n/a	trigger	0
3657.367	0.5	3657367	trained	32735	32	memtrain/o_485_2.jpg	photodiode	1
3658.168	0.5	3658168	trained	32763	4	memtrain/o_042_1.jpg	photodiode	1
3659.119	0.5	3659119	untrained	32719	48	memtrain/o_019_2.jpg	photodiode	1
3659.92	0.5	3659920	untrained	32693	74	memtrain/o_550_1.jpg	photodiode	1
3660.77	0.5	3660770	untrained	32700	67	memtrain/o_378_1.jpg	photodiode	1
3661.521	0.5	3661521	catch	32671	n/a	catch_padded.jpg	photodiode	0
3661.822	0.0	3661822	response	7	n/a	n/a	trigger	0
3663.573	0.5	3663573	trained	32756	11	memtrain/o_117_2.jpg	photodiode	1
3664.373	0.5	3664373	untrained	32710	57	memtrain/o_171_1.jpg	photodiode	1
3665.224	0.5	3665224	trained	32744	23	memtrain/o_338_2.jpg	photodiode	1
3666.175	0.5	3666175	trained	32728	39	memtrain/o_606_1.jpg	photodiode	1
3667.126	0.5	3667126	catch	32671	n/a	catch_padded.jpg	photodiode	0
3667.372	0.0	3667372	response	7	n/a	n/a	trigger	0
3669.228	0.5	3669228	untrained	32682	85	memtrain/o_218_1.jpg	photodiode	1
3670.128	0.5	3670128	untrained	32715	52	memtrain/o_141_1.jpg	photodiode	1
3671.079	0.5	3671079	untrained	32694	73	memtrain/o_519_2.jpg	photodiode	1
3671.88	0.5	3671880	untrained	32699	68	memtrain/o_393_1.jpg	photodiode	1
3672.68	0.5	3672680	catch	32671	n/a	catch_padded.jpg	photodiode	0
3672.975	0.0	3672975	response	7	n/a	n/a	trigger	0
3675.152	0.0	3675152	block_end	120	n/a	n/a	trigger	0
3766.28	0.0	3766280	response	7	n/a	n/a	trigger	0
3766.287	0.0	3766287	block_onset	112	n/a	n/a	trigger	0
3768.336	0.5	3768336	trained	32728	39	memtrain/o_606_1.jpg	photodiode	1
3769.237	0.5	3769237	trained	32753	14	memtrain/o_174_1.jpg	photodiode	1
3770.088	0.5	3770088	trained	32751	16	memtrain/o_199_2.jpg	photodiode	1
3770.989	0.5	3770989	catch	32671	n/a	catch_padded.jpg	photodiode	0
3771.366	0.0	3771366	response	7	n/a	n/a	trigger	0
3773.091	0.5	3773091	untrained	32673	94	memtrain/so_067_1.jpg	photodiode	1
3773.841	0.5	3773841	trained	32757	10	memtrain/o_111_2.jpg	photodiode	1
3774.692	0.5	3774692	trained	32745	22	memtrain/o_321_1.jpg	photodiode	1
3775.593	0.5	3775593	trained	32742	25	memtrain/o_358_2.jpg	photodiode	1
3776.493	0.5	3776493	catch	32671	n/a	catch_padded.jpg	photodiode	0
3776.755	0.0	3776755	response	7	n/a	n/a	trigger	0
3778.595	0.5	3778595	untrained	32683	84	memtrain/so_117_2.jpg	photodiode	1
3779.346	0.5	3779346	trained	32733	34	memtrain/o_558_2.jpg	photodiode	1
3780.197	0.5	3780197	untrained	32686	81	memtrain/o_655_2.jpg	photodiode	1
3780.997	0.5	3780997	trained	32740	27	memtrain/o_379_2.jpg	photodiode	1
3781.748	0.5	3781748	trained	32764	3	memtrain/o_040_2.jpg	photodiode	1
3782.599	0.5	3782599	catch	32671	n/a	catch_padded.jpg	photodiode	0
3782.8	0.0	3782800	response	7	n/a	n/a	trigger	0
3784.492	0.5	3784492	trained	32720	47	memtrain/so_147_2.jpg	photodiode	1
3785.343	0.5	3785343	untrained	32687	80	memtrain/o_613_1.jpg	photodiode	1
3786.193	0.5	3786193	untrained	32714	53	memtrain/o_142_2.jpg	photodiode	1
3787.002	0.5	3787002	trained	32731	36	memtrain/o_583_1.jpg	photodiode	1
3787.945	0.5	3787945	catch	32671	n/a	catch_padded.jpg	photodiode	0
3788.178	0.0	3788178	response	7	n/a	n/a	trigger	0
3789.855	0.5	3789855	untrained	32696	71	memtrain/o_483_1.jpg	photodiode	1
3790.747	0.5	3790747	untrained	32702	65	memtrain/o_337_2.jpg	photodiode	1
3791.548	0.5	3791548	untrained	32691	76	memtrain/o_570_1.jpg	photodiode	1
3792.449	0.5	3792449	untrained	32718	49	memtrain/o_054_2.jpg	photodiode	1
3793.399	0.5	3793399	catch	32671	n/a	catch_padded.jpg	photodiode	0
3793.661	0.0	3793661	response	7	n/a	n/a	trigger	0
3795.501	0.5	3795501	untrained	32715	52	memtrain/o_141_1.jpg	photodiode	1
3796.302	0.5	3796302	trained	32736	31	memtrain/o_465_2.jpg	photodiode	1
3797.103	0.5	3797103	untrained	32684	83	memtrain/so_105_1.jpg	photodiode	1
3797.953	0.5	3797953	untrained	32708	59	memtrain/o_201_2.jpg	photodiode	1
3798.704	0.5	3798704	untrained	32706	61	memtrain/o_298_2.jpg	photodiode	1
3799.655	0.5	3799655	catch	32671	n/a	catch_padded.jpg	photodiode	0
3799.872	0.0	3799872	response	7	n/a	n/a	trigger	0
3801.757	0.5	3801757	trained	32730	37	memtrain/o_597_1.jpg	photodiode	1
3802.507	0.5	3802507	untrained	32711	56	memtrain/o_163_2.jpg	photodiode	1
3803.308	0.5	3803308	trained	32738	29	memtrain/o_416_1.jpg	photodiode	1
3804.159	0.5	3804159	trained	32723	44	memtrain/so_045_1.jpg	photodiode	1
3805.009	0.5	3805009	catch	32671	n/a	catch_padded.jpg	photodiode	0
3805.261	0.0	3805261	response	7	n/a	n/a	trigger	0
3807.061	0.5	3807061	trained	32752	15	memtrain/o_195_1.jpg	photodiode	1
3807.962	0.5	3807962	untrained	32674	93	memtrain/so_035_1.jpg	photodiode	1
3808.712	0.5	3808712	trained	32766	1	memtrain/o_015_1.jpg	photodiode	1
3809.663	0.5	3809663	catch	32671	n/a	catch_padded.jpg	photodiode	0
3810.007	0.0	3810007	response	7	n/a	n/a	trigger	0
3811.665	0.5	3811665	trained	32747	20	memtrain/o_290_1.jpg	photodiode	1
3812.416	0.5	3812416	untrained	32695	72	memtrain/o_490_1.jpg	photodiode	1
3813.216	0.5	3813216	trained	32743	24	memtrain/o_357_1.jpg	photodiode	1
3814.159	0.5	3814159	trained	32759	8	memtrain/o_094_1.jpg	photodiode	1
3815.118	0.5	3815118	trained	32737	30	memtrain/o_437_2.jpg	photodiode	1
3815.91	0.5	3815910	catch	32671	n/a	catch_padded.jpg	photodiode	0
3816.161	0.0	3816161	response	7	n/a	n/a	trigger	0
3817.812	0.5	3817812	trained	32758	9	memtrain/o_101_2.jpg	photodiode	1
3818.621	0.5	3818621	untrained	32701	66	memtrain/o_342_2.jpg	photodiode	1
3819.463	0.5	3819463	untrained	32712	55	memtrain/o_153_2.jpg	photodiode	1
3820.264	0.5	3820264	catch	32671	n/a	catch_padded.jpg	photodiode	0
3820.585	0.0	3820585	response	7	n/a	n/a	trigger	0
3822.366	0.5	3822366	trained	32739	28	memtrain/o_397_1.jpg	photodiode	1
3823.266	0.5	3823266	trained	32741	26	memtrain/o_376_1.jpg	photodiode	1
3824.167	0.5	3824167	untrained	32698	69	memtrain/o_464_2.jpg	photodiode	1
3824.968	0.5	3824968	untrained	32693	74	memtrain/o_550_1.jpg	photodiode	1
3825.819	0.5	3825819	trained	32726	41	memtrain/o_663_2.jpg	photodiode	1
3826.619	0.5	3826619	catch	32671	n/a	catch_padded.jpg	photodiode	0
3826.855	0.0	3826855	response	7	n/a	n/a	trigger	0
3828.521	0.5	3828521	untrained	32699	68	memtrain/o_393_1.jpg	photodiode	1
3829.472	0.5	3829472	untrained	32688	79	memtrain/o_600_1.jpg	photodiode	1
3830.322	0.5	3830322	trained	32735	32	memtrain/o_485_2.jpg	photodiode	1
3831.273	0.5	3831273	untrained	32697	70	memtrain/o_471_2.jpg	photodiode	1
3832.174	0.5	3832174	catch	32671	n/a	catch_padded.jpg	photodiode	0
3832.547	0.0	3832547	response	7	n/a	n/a	trigger	0
3834.126	0.5	3834126	untrained	32704	63	memtrain/o_310_2.jpg	photodiode	1
3834.976	0.5	3834976	untrained	32716	51	memtrain/o_103_2.jpg	photodiode	1
3835.927	0.5	3835927	untrained	32713	54	memtrain/o_145_1.jpg	photodiode	1
3836.778	0.5	3836778	catch	32671	n/a	catch_padded.jpg	photodiode	0
3837.171	0.0	3837171	response	7	n/a	n/a	trigger	0
3838.679	0.5	3838679	trained	32732	35	memtrain/o_561_2.jpg	photodiode	1
3839.58	0.5	3839580	untrained	32717	50	memtrain/o_057_2.jpg	photodiode	1
3840.431	0.5	3840431	trained	32729	38	memtrain/o_603_1.jpg	photodiode	1
3841.182	0.5	3841182	catch	32671	n/a	catch_padded.jpg	photodiode	0
3841.577	0.0	3841577	response	7	n/a	n/a	trigger	0
3843.275	0.5	3843275	untrained	32681	86	memtrain/o_288_1.jpg	photodiode	1
3844.034	0.5	3844034	untrained	32678	89	memtrain/o_469_1.jpg	photodiode	1
3844.985	0.5	3844985	trained	32725	42	memtrain/so_034_2.jpg	photodiode	1
3845.827	0.5	3845827	catch	32671	n/a	catch_padded.jpg	photodiode	0
3846.188	0.0	3846188	response	7	n/a	n/a	trigger	0
3847.929	0.5	3847929	untrained	32692	75	memtrain/o_564_1.jpg	photodiode	1
3848.73	0.5	3848730	trained	32754	13	memtrain/o_136_1.jpg	photodiode	1
3849.689	0.5	3849689	untrained	32709	58	memtrain/o_192_1.jpg	photodiode	1
3850.481	0.5	3850481	trained	32727	40	memtrain/o_648_2.jpg	photodiode	1
3851.282	0.5	3851282	trained	32763	4	memtrain/o_042_1.jpg	photodiode	1
3852.133	0.5	3852133	catch	32671	n/a	catch_padded.jpg	photodiode	0
3852.378	0.0	3852378	response	7	n/a	n/a	trigger	0
3854.042	0.5	3854042	untrained	32705	62	memtrain/o_304_1.jpg	photodiode	1
3854.835	0.5	3854835	trained	32748	19	memtrain/o_284_2.jpg	photodiode	1
3855.586	0.5	3855586	trained	32756	11	memtrain/o_117_2.jpg	photodiode	1
3856.336	0.5	3856336	untrained	32677	90	memtrain/o_580_1.jpg	photodiode	1
3857.087	0.5	3857087	catch	32671	n/a	catch_padded.jpg	photodiode	0
3857.446	0.0	3857446	response	7	n/a	n/a	trigger	0
3859.088	0.5	3859088	trained	32721	46	memtrain/so_113_1.jpg	photodiode	1
3860.039	0.5	3860039	untrained	32676	91	memtrain/o_605_1.jpg	photodiode	1
3860.848	0.5	3860848	untrained	32689	78	memtrain/o_599_1.jpg	photodiode	1
3861.791	0.5	3861791	trained	32746	21	memtrain/o_319_1.jpg	photodiode	1
3862.541	0.5	3862541	untrained	32700	67	memtrain/o_378_1.jpg	photodiode	1
3863.492	0.5	3863492	catch	32671	n/a	catch_padded.jpg	photodiode	0
3863.707	0.0	3863707	response	7	n/a	n/a	trigger	0
3865.494	0.5	3865494	trained	32762	5	memtrain/o_067_1.jpg	photodiode	1
3866.295	0.5	3866295	trained	32760	7	memtrain/o_091_2.jpg	photodiode	1
3867.045	0.5	3867045	untrained	32682	85	memtrain/o_218_1.jpg	photodiode	1
3867.796	0.5	3867796	catch	32671	n/a	catch_padded.jpg	photodiode	0
3868.191	0.0	3868191	response	7	n/a	n/a	trigger	0
3869.898	0.5	3869898	untrained	32719	48	memtrain/o_019_2.jpg	photodiode	1
3870.698	0.5	3870698	untrained	32694	73	memtrain/o_519_2.jpg	photodiode	1
3871.449	0.5	3871449	trained	32724	43	memtrain/so_043_2.jpg	photodiode	1
3872.35	0.5	3872350	trained	32744	23	memtrain/o_338_2.jpg	photodiode	1
3873.2	0.5	3873200	catch	32671	n/a	catch_padded.jpg	photodiode	0
3873.493	0.0	3873493	response	7	n/a	n/a	trigger	0
3875.194	0.5	3875194	untrained	32707	60	memtrain/o_228_2.jpg	photodiode	1
3876.095	0.5	3876095	untrained	32710	57	memtrain/o_171_1.jpg	photodiode	1
3876.895	0.5	3876895	trained	32767	0	memtrain/o_006_1.jpg	photodiode	1
3877.846	0.5	3877846	untrained	32672	95	memtrain/so_125_1.jpg	photodiode	1
3878.605	0.5	3878605	untrained	32690	77	memtrain/o_574_2.jpg	photodiode	1
3879.406	0.5	3879406	catch	32671	n/a	catch_padded.jpg	photodiode	0
3879.728	0.0	3879728	response	7	n/a	n/a	trigger	0
3881.357	0.5	3881357	untrained	32685	82	memtrain/o_656_1.jpg	photodiode	1
3882.2	0.5	3882200	trained	32722	45	memtrain/so_090_2.jpg	photodiode	1
3883.05	0.5	3883050	trained	32755	12	memtrain/o_127_2.jpg	photodiode	1
3883.801	0.5	3883801	trained	32761	6	memtrain/o_076_1.jpg	photodiode	1
3884.752	0.5	3884752	untrained	32680	87	memtrain/o_365_1.jpg	photodiode	1
3885.703	0.5	3885703	catch	32671	n/a	catch_padded.jpg	photodiode	0
3885.914	0.0	3885914	response	7	n/a	n/a	trigger	0
3887.754	0.5	3887754	untrained	32675	92	memtrain/so_033_1.jpg	photodiode	1
3888.705	0.5	3888705	trained	32749	18	memtrain/o_264_2.jpg	photodiode	1
3889.556	0.5	3889556	untrained	32703	64	memtrain/o_334_2.jpg	photodiode	1
3890.357	0.5	3890357	catch	32671	n/a	catch_padded.jpg	photodiode	0
3890.696	0.0	3890696	response	7	n/a	n/a	trigger	0
3892.258	0.5	3892258	trained	32765	2	memtrain/o_035_1.jpg	photodiode	1
3893.109	0.5	3893109	untrained	32679	88	memtrain/o_458_1.jpg	photodiode	1
3894.06	0.5	3894060	trained	32734	33	memtrain/o_536_1.jpg	photodiode	1
3894.96	0.5	3894960	trained	32750	17	memtrain/o_232_1.jpg	photodiode	1
3895.811	0.5	3895811	untrained	32705	62	memtrain/o_304_1.jpg	photodiode	1
3896.562	0.5	3896562	catch	32671	n/a	catch_padded.jpg	photodiode	0
3896.889	0.0	3896889	response	7	n/a	n/a	trigger	0
3898.564	0.5	3898564	untrained	32709	58	memtrain/o_192_1.jpg	photodiode	1
3899.414	0.5	3899414	trained	32753	14	memtrain/o_174_1.jpg	photodiode	1
3900.215	0.5	3900215	trained	32720	47	memtrain/so_147_2.jpg	photodiode	1
3900.957	0.5	3900957	catch	32671	n/a	catch_padded.jpg	photodiode	0
3901.275	0.0	3901275	response	7	n/a	n/a	trigger	0
3903.067	0.5	3903067	trained	32749	18	memtrain/o_264_2.jpg	photodiode	1
3903.96	0.5	3903960	untrained	32693	74	memtrain/o_550_1.jpg	photodiode	1
3904.811	0.5	3904811	untrained	32700	67	memtrain/o_378_1.jpg	photodiode	1
3905.711	0.5	3905711	catch	32671	n/a	catch_padded.jpg	photodiode	0
3906.0	0.0	3906000	response	7	n/a	n/a	trigger	0
3907.771	0.5	3907771	trained	32725	42	memtrain/so_034_2.jpg	photodiode	1
3908.514	0.5	3908514	trained	32738	29	memtrain/o_416_1.jpg	photodiode	1
3909.323	0.5	3909323	trained	32751	16	memtrain/o_199_2.jpg	photodiode	1
3910.265	0.5	3910265	catch	32671	n/a	catch_padded.jpg	photodiode	0
3910.511	0.0	3910511	response	7	n/a	n/a	trigger	0
3912.367	0.5	3912367	trained	32747	20	memtrain/o_290_1.jpg	photodiode	1
3913.168	0.5	3913168	untrained	32688	79	memtrain/o_600_1.jpg	photodiode	1
3914.068	0.5	3914068	untrained	32687	80	memtrain/o_613_1.jpg	photodiode	1
3914.819	0.5	3914819	catch	32671	n/a	catch_padded.jpg	photodiode	0
3915.159	0.0	3915159	response	7	n/a	n/a	trigger	0
3916.821	0.5	3916821	untrained	32685	82	memtrain/o_656_1.jpg	photodiode	1
3917.621	0.5	3917621	trained	32726	41	memtrain/o_663_2.jpg	photodiode	1
3918.572	0.5	3918572	untrained	32701	66	memtrain/o_342_2.jpg	photodiode	1
3919.323	0.5	3919323	untrained	32672	95	memtrain/so_125_1.jpg	photodiode	1
3920.174	0.5	3920174	trained	32743	24	memtrain/o_357_1.jpg	photodiode	1
3921.074	0.5	3921074	catch	32671	n/a	catch_padded.jpg	photodiode	0
3921.333	0.0	3921333	response	7	n/a	n/a	trigger	0
3923.076	0.5	3923076	trained	32756	11	memtrain/o_117_2.jpg	photodiode	1
3923.927	0.5	3923927	untrained	32710	57	memtrain/o_171_1.jpg	photodiode	1
3924.828	0.5	3924828	untrained	32678	89	memtrain/o_469_1.jpg	photodiode	1
3925.628	0.5	3925628	untrained	32675	92	memtrain/so_033_1.jpg	photodiode	1
3926.379	0.5	3926379	catch	32671	n/a	catch_padded.jpg	photodiode	0
3926.741	0.0	3926741	response	7	n/a	n/a	trigger	0
3928.431	0.5	3928431	untrained	32711	56	memtrain/o_163_2.jpg	photodiode	1
3929.331	0.5	3929331	untrained	32715	52	memtrain/o_141_1.jpg	photodiode	1
3930.224	0.5	3930224	untrained	32696	71	memtrain/o_483_1.jpg	photodiode	1
3931.024	0.5	3931024	trained	32736	31	memtrain/o_465_2.jpg	photodiode	1
3931.783	0.5	3931783	catch	32671	n/a	catch_padded.jpg	photodiode	0
3932.312	0.0	3932312	response	7	n/a	n/a	trigger	0
3933.827	0.5	3933827	untrained	32716	51	memtrain/o_103_2.jpg	photodiode	1
3934.728	0.5	3934728	untrained	32674	93	memtrain/so_035_1.jpg	photodiode	1
3935.678	0.5	3935678	trained	32755	12	memtrain/o_127_2.jpg	photodiode	1
3936.579	0.5	3936579	untrained	32691	76	memtrain/o_570_1.jpg	photodiode	1
3937.48	0.5	3937480	untrained	32695	72	memtrain/o_490_1.jpg	photodiode	1
3938.239	0.5	3938239	catch	32671	n/a	catch_padded.jpg	photodiode	0
3938.578	0.0	3938578	response	7	n/a	n/a	trigger	0
3940.182	0.5	3940182	untrained	32708	59	memtrain/o_201_2.jpg	photodiode	1
3940.983	0.5	3940983	untrained	32697	70	memtrain/o_471_2.jpg	photodiode	1
3941.934	0.5	3941934	untrained	32686	81	memtrain/o_655_2.jpg	photodiode	1
3942.834	0.5	3942834	trained	32729	38	memtrain/o_603_1.jpg	photodiode	1
3943.785	0.5	3943785	catch	32671	n/a	catch_padded.jpg	photodiode	0
3944.125	0.0	3944125	response	7	n/a	n/a	trigger	0
3945.787	0.5	3945787	untrained	32699	68	memtrain/o_393_1.jpg	photodiode	1
3946.588	0.5	3946588	trained	32744	23	memtrain/o_338_2.jpg	photodiode	1
3947.438	0.5	3947438	untrained	32681	86	memtrain/o_288_1.jpg	photodiode	1
3948.339	0.5	3948339	trained	32721	46	memtrain/so_113_1.jpg	photodiode	1
3949.19	0.5	3949190	untrained	32706	61	memtrain/o_298_2.jpg	photodiode	1
3950.041	0.5	3950041	catch	32671	n/a	catch_padded.jpg	photodiode	0
3950.411	0.0	3950411	response	7	n/a	n/a	trigger	0
3952.142	0.5	3952142	trained	32750	17	memtrain/o_232_1.jpg	photodiode	1
3953.043	0.5	3953043	trained	32733	34	memtrain/o_558_2.jpg	photodiode	1
3953.844	0.5	3953844	trained	32766	1	memtrain/o_015_1.jpg	photodiode	1
3954.594	0.5	3954594	untrained	32676	91	memtrain/o_605_1.jpg	photodiode	1
3955.345	0.5	3955345	catch	32671	n/a	catch_padded.jpg	photodiode	0
3955.706	0.0	3955706	response	7	n/a	n/a	trigger	0
3957.247	0.5	3957247	trained	32748	19	memtrain/o_284_2.jpg	photodiode	1
3958.197	0.5	3958197	trained	32767	0	memtrain/o_006_1.jpg	photodiode	1
3959.09	0.5	3959090	untrained	32690	77	memtrain/o_574_2.jpg	photodiode	1
3960.049	0.5	3960049	catch	32671	n/a	catch_padded.jpg	photodiode	0
3960.405	0.0	3960405	response	7	n/a	n/a	trigger	0
3961.951	0.5	3961951	trained	32746	21	memtrain/o_319_1.jpg	photodiode	1
3962.801	0.5	3962801	trained	32754	13	memtrain/o_136_1.jpg	photodiode	1
3963.652	0.5	3963652	trained	32759	8	memtrain/o_094_1.jpg	photodiode	1
3964.444	0.5	3964444	catch	32671	n/a	catch_padded.jpg	photodiode	0
3964.779	0.0	3964779	response	7	n/a	n/a	trigger	0
3966.496	0.5	3966496	trained	32764	3	memtrain/o_040_2.jpg	photodiode	1
3967.247	0.5	3967247	untrained	32717	50	memtrain/o_057_2.jpg	photodiode	1
3968.206	0.5	3968206	trained	32730	37	memtrain/o_597_1.jpg	photodiode	1
3968.948	0.5	3968948	trained	32732	35	memtrain/o_561_2.jpg	photodiode	1
3969.849	0.5	3969849	untrained	32704	63	memtrain/o_310_2.jpg	photodiode	1
3970.7	0.5	3970700	catch	32671	n/a	catch_padded.jpg	photodiode	0
3971.04	0.0	3971040	response	7	n/a	n/a	trigger	0
3972.651	0.5	3972651	trained	32760	7	memtrain/o_091_2.jpg	photodiode	1
3973.552	0.5	3973552	untrained	32703	64	memtrain/o_334_2.jpg	photodiode	1
3974.303	0.5	3974303	untrained	32689	78	memtrain/o_599_1.jpg	photodiode	1
3975.254	0.5	3975254	trained	32745	22	memtrain/o_321_1.jpg	photodiode	1
3976.104	0.5	3976104	catch	32671	n/a	catch_padded.jpg	photodiode	0
3976.403	0.0	3976403	response	7	n/a	n/a	trigger	0
3978.106	0.5	3978106	untrained	32692	75	memtrain/o_564_1.jpg	photodiode	1
3978.907	0.5	3978907	trained	32762	5	memtrain/o_067_1.jpg	photodiode	1
3979.707	0.5	3979707	trained	32742	25	memtrain/o_358_2.jpg	photodiode	1
3980.658	0.5	3980658	catch	32671	n/a	catch_padded.jpg	photodiode	0
3981.061	0.0	3981061	response	7	n/a	n/a	trigger	0
3982.71	0.5	3982710	untrained	32714	53	memtrain/o_142_2.jpg	photodiode	1
3983.511	0.5	3983511	trained	32728	39	memtrain/o_606_1.jpg	photodiode	1
3984.361	0.5	3984361	trained	32740	27	memtrain/o_379_2.jpg	photodiode	1
3985.112	0.5	3985112	trained	32752	15	memtrain/o_195_1.jpg	photodiode	1
3985.963	0.5	3985963	catch	32671	n/a	catch_padded.jpg	photodiode	0
3986.283	0.0	3986283	response	7	n/a	n/a	trigger	0
3987.914	0.5	3987914	trained	32723	44	memtrain/so_045_1.jpg	photodiode	1
3988.665	0.5	3988665	untrained	32683	84	memtrain/so_117_2.jpg	photodiode	1
3989.466	0.5	3989466	trained	32734	33	memtrain/o_536_1.jpg	photodiode	1
3990.208	0.5	3990208	trained	32739	28	memtrain/o_397_1.jpg	photodiode	1
3991.109	0.5	3991109	untrained	32679	88	memtrain/o_458_1.jpg	photodiode	1
3992.059	0.5	3992059	catch	32671	n/a	catch_padded.jpg	photodiode	0
3992.29	0.0	3992290	response	7	n/a	n/a	trigger	0
3994.12	0.5	3994120	trained	32757	10	memtrain/o_111_2.jpg	photodiode	1
3994.862	0.5	3994862	untrained	32684	83	memtrain/so_105_1.jpg	photodiode	1
3995.613	0.5	3995613	trained	32731	36	memtrain/o_583_1.jpg	photodiode	1
3996.472	0.5	3996472	untrained	32702	65	memtrain/o_337_2.jpg	photodiode	1
3997.372	0.5	3997372	untrained	32713	54	memtrain/o_145_1.jpg	photodiode	1
3998.165	0.5	3998165	catch	32671	n/a	catch_padded.jpg	photodiode	0
3998.481	0.0	3998481	response	7	n/a	n/a	trigger	0
4000.266	0.5	4000266	trained	32761	6	memtrain/o_076_1.jpg	photodiode	1
4001.067	0.5	4001067	untrained	32718	49	memtrain/o_054_2.jpg	photodiode	1
4002.018	0.5	4002018	trained	32724	43	memtrain/so_043_2.jpg	photodiode	1
4002.919	0.5	4002919	catch	32671	n/a	catch_padded.jpg	photodiode	0
4003.259	0.0	4003259	response	7	n/a	n/a	trigger	0
4004.92	0.5	4004920	trained	32727	40	memtrain/o_648_2.jpg	photodiode	1
4005.821	0.5	4005821	untrained	32712	55	memtrain/o_153_2.jpg	photodiode	1
4006.572	0.5	4006572	trained	32763	4	memtrain/o_042_1.jpg	photodiode	1
4007.372	0.5	4007372	untrained	32680	87	memtrain/o_365_1.jpg	photodiode	1
4008.323	0.5	4008323	trained	32722	45	memtrain/so_090_2.jpg	photodiode	1
4009.224	0.5	4009224	catch	32671	n/a	catch_padded.jpg	photodiode	0
4009.48	0.0	4009480	response	7	n/a	n/a	trigger	0
4011.276	0.5	4011276	untrained	32707	60	memtrain/o_228_2.jpg	photodiode	1
4012.177	0.5	4012177	trained	32741	26	memtrain/o_376_1.jpg	photodiode	1
4012.977	0.5	4012977	untrained	32682	85	memtrain/o_218_1.jpg	photodiode	1
4013.778	0.5	4013778	untrained	32719	48	memtrain/o_019_2.jpg	photodiode	1
4014.729	0.5	4014729	catch	32671	n/a	catch_padded.jpg	photodiode	0
4014.97	0.0	4014970	response	7	n/a	n/a	trigger	0
4016.68	0.5	4016680	trained	32758	9	memtrain/o_101_2.jpg	photodiode	1
4017.573	0.5	4017573	untrained	32673	94	memtrain/so_067_1.jpg	photodiode	1
4018.323	0.5	4018323	untrained	32694	73	memtrain/o_519_2.jpg	photodiode	1
4019.082	0.5	4019082	untrained	32698	69	memtrain/o_464_2.jpg	photodiode	1
4019.975	0.5	4019975	catch	32671	n/a	catch_padded.jpg	photodiode	0
4020.258	0.0	4020258	response	7	n/a	n/a	trigger	0
4022.077	0.5	4022077	trained	32737	30	memtrain/o_437_2.jpg	photodiode	1
4022.886	0.5	4022886	untrained	32677	90	memtrain/o_580_1.jpg	photodiode	1
4023.786	0.5	4023786	trained	32735	32	memtrain/o_485_2.jpg	photodiode	1
4024.729	0.5	4024729	trained	32765	2	memtrain/o_035_1.jpg	photodiode	1
4025.68	0.5	4025680	catch	32671	n/a	catch_padded.jpg	photodiode	0
4025.963	0.0	4025963	response	7	n/a	n/a	trigger	0
4028.158	0.0	4028158	block_end	120	n/a	n/a	trigger	0
4105.197	0.0	4105197	response	7	n/a	n/a	trigger	0
4105.202	0.0	4105202	block_onset	113	n/a	n/a	trigger	0
4107.249	0.5	4107249	untrained	32693	74	memtrain/o_550_1.jpg	photodiode	1
4108.1	0.5	4108100	trained	32735	32	memtrain/o_485_2.jpg	photodiode	1
4108.909	0.5	4108909	untrained	32699	68	memtrain/o_393_1.jpg	photodiode	1
4109.801	0.5	4109801	untrained	32685	82	memtrain/o_656_1.jpg	photodiode	1
4110.552	0.5	4110552	catch	32671	n/a	catch_padded.jpg	photodiode	0
4111.021	0.0	4111021	response	7	n/a	n/a	trigger	0
4112.503	0.5	4112503	trained	32747	20	memtrain/o_290_1.jpg	photodiode	1
4113.254	0.5	4113254	trained	32729	38	memtrain/o_603_1.jpg	photodiode	1
4114.005	0.5	4114005	trained	32756	11	memtrain/o_117_2.jpg	photodiode	1
4114.905	0.5	4114905	catch	32671	n/a	catch_padded.jpg	photodiode	0
4115.229	0.0	4115229	response	7	n/a	n/a	trigger	0
4116.807	0.5	4116807	untrained	32688	79	memtrain/o_600_1.jpg	photodiode	1
4117.708	0.5	4117708	trained	32763	4	memtrain/o_042_1.jpg	photodiode	1
4118.659	0.5	4118659	untrained	32701	66	memtrain/o_342_2.jpg	photodiode	1
4119.559	0.5	4119559	trained	32740	27	memtrain/o_379_2.jpg	photodiode	1
4120.51	0.5	4120510	catch	32671	n/a	catch_padded.jpg	photodiode	0
4120.802	0.0	4120802	response	7	n/a	n/a	trigger	0
4122.612	0.5	4122612	untrained	32703	64	memtrain/o_334_2.jpg	photodiode	1
4123.513	0.5	4123513	trained	32759	8	memtrain/o_094_1.jpg	photodiode	1
4124.313	0.5	4124313	untrained	32691	76	memtrain/o_570_1.jpg	photodiode	1
4125.164	0.5	4125164	trained	32730	37	memtrain/o_597_1.jpg	photodiode	1
4125.915	0.5	4125915	trained	32742	25	memtrain/o_358_2.jpg	photodiode	1
4126.765	0.5	4126765	catch	32671	n/a	catch_padded.jpg	photodiode	0
4127.014	0.0	4127014	response	7	n/a	n/a	trigger	0
4128.867	0.5	4128867	trained	32762	5	memtrain/o_067_1.jpg	photodiode	1
4129.818	0.5	4129818	trained	32757	10	memtrain/o_111_2.jpg	photodiode	1
4130.769	0.5	4130769	trained	32725	42	memtrain/so_034_2.jpg	photodiode	1
4131.611	0.5	4131611	trained	32750	17	memtrain/o_232_1.jpg	photodiode	1
4132.52	0.5	4132520	trained	32722	45	memtrain/so_090_2.jpg	photodiode	1
4133.413	0.5	4133413	catch	32671	n/a	catch_padded.jpg	photodiode	0
4133.651	0.0	4133651	response	7	n/a	n/a	trigger	0
4135.464	0.5	4135464	trained	32732	35	memtrain/o_561_2.jpg	photodiode	1
4136.415	0.5	4136415	trained	32748	19	memtrain/o_284_2.jpg	photodiode	1
4137.316	0.5	4137316	trained	32755	12	memtrain/o_127_2.jpg	photodiode	1
4138.125	0.5	4138125	untrained	32673	94	memtrain/so_067_1.jpg	photodiode	1
4139.067	0.5	4139067	untrained	32710	57	memtrain/o_171_1.jpg	photodiode	1
4139.868	0.5	4139868	catch	32671	n/a	catch_padded.jpg	photodiode	0
4140.147	0.0	4140147	response	7	n/a	n/a	trigger	0
4141.92	0.5	4141920	untrained	32700	67	memtrain/o_378_1.jpg	photodiode	1
4142.671	0.5	4142671	untrained	32711	56	memtrain/o_163_2.jpg	photodiode	1
4143.571	0.5	4143571	untrained	32709	58	memtrain/o_192_1.jpg	photodiode	1
4144.372	0.5	4144372	catch	32671	n/a	catch_padded.jpg	photodiode	0
4144.824	0.0	4144824	response	7	n/a	n/a	trigger	0
4146.374	0.5	4146374	trained	32731	36	memtrain/o_583_1.jpg	photodiode	1
4147.174	0.5	4147174	trained	32746	21	memtrain/o_319_1.jpg	photodiode	1
4147.925	0.5	4147925	untrained	32676	91	memtrain/o_605_1.jpg	photodiode	1
4148.776	0.5	4148776	catch	32671	n/a	catch_padded.jpg	photodiode	0
4149.154	0.0	4149154	response	7	n/a	n/a	trigger	0
4150.777	0.5	4150777	untrained	32672	95	memtrain/so_125_1.jpg	photodiode	1
4151.678	0.5	4151678	untrained	32677	90	memtrain/o_580_1.jpg	photodiode	1
4152.479	0.5	4152479	untrained	32705	62	memtrain/o_304_1.jpg	photodiode	1
4153.38	0.5	4153380	untrained	32682	85	memtrain/o_218_1.jpg	photodiode	1
4154.23	0.5	4154230	untrained	32716	51	memtrain/o_103_2.jpg	photodiode	1
4155.131	0.5	4155131	catch	32671	n/a	catch_padded.jpg	photodiode	0
4155.347	0.0	4155347	response	7	n/a	n/a	trigger	0
4157.033	0.5	4157033	trained	32733	34	memtrain/o_558_2.jpg	photodiode	1
4157.983	0.5	4157983	trained	32749	18	memtrain/o_264_2.jpg	photodiode	1
4158.834	0.5	4158834	trained	32766	1	memtrain/o_015_1.jpg	photodiode	1
4159.685	0.5	4159685	untrained	32704	63	memtrain/o_310_2.jpg	photodiode	1
4160.527	0.5	4160527	trained	32753	14	memtrain/o_174_1.jpg	photodiode	1
4161.378	0.5	4161378	catch	32671	n/a	catch_padded.jpg	photodiode	0
4161.623	0.0	4161623	response	7	n/a	n/a	trigger	0
4163.48	0.5	4163480	untrained	32714	53	memtrain/o_142_2.jpg	photodiode	1
4164.289	0.5	4164289	untrained	32702	65	memtrain/o_337_2.jpg	photodiode	1
4165.24	0.5	4165240	trained	32760	7	memtrain/o_091_2.jpg	photodiode	1
4166.132	0.5	4166132	catch	32671	n/a	catch_padded.jpg	photodiode	0
4166.576	0.0	4166576	response	7	n/a	n/a	trigger	0
4168.142	0.5	4168142	untrained	32697	70	memtrain/o_471_2.jpg	photodiode	1
4168.985	0.5	4168985	untrained	32708	59	memtrain/o_201_2.jpg	photodiode	1
4169.735	0.5	4169735	trained	32761	6	memtrain/o_076_1.jpg	photodiode	1
4170.636	0.5	4170636	catch	32671	n/a	catch_padded.jpg	photodiode	0
4170.92	0.0	4170920	response	7	n/a	n/a	trigger	0
4172.688	0.5	4172688	trained	32754	13	memtrain/o_136_1.jpg	photodiode	1
4173.488	0.5	4173488	trained	32723	44	memtrain/so_045_1.jpg	photodiode	1
4174.389	0.5	4174389	trained	32767	0	memtrain/o_006_1.jpg	photodiode	1
4175.19	0.5	4175190	trained	32764	3	memtrain/o_040_2.jpg	photodiode	1
4176.091	0.5	4176091	untrained	32694	73	memtrain/o_519_2.jpg	photodiode	1
4176.891	0.5	4176891	catch	32671	n/a	catch_padded.jpg	photodiode	0
4177.202	0.0	4177202	response	7	n/a	n/a	trigger	0
4178.943	0.5	4178943	untrained	32681	86	memtrain/o_288_1.jpg	photodiode	1
4179.894	0.5	4179894	trained	32724	43	memtrain/so_043_2.jpg	photodiode	1
4180.745	0.5	4180745	trained	32738	29	memtrain/o_416_1.jpg	photodiode	1
4181.495	0.5	4181495	catch	32671	n/a	catch_padded.jpg	photodiode	0
4181.843	0.0	4181843	response	7	n/a	n/a	trigger	0
4183.547	0.5	4183547	untrained	32674	93	memtrain/so_035_1.jpg	photodiode	1
4184.448	0.5	4184448	untrained	32675	92	memtrain/so_033_1.jpg	photodiode	1
4185.248	0.5	4185248	untrained	32689	78	memtrain/o_599_1.jpg	photodiode	1
4186.199	0.5	4186199	untrained	32717	50	memtrain/o_057_2.jpg	photodiode	1
4186.95	0.5	4186950	catch	32671	n/a	catch_padded.jpg	photodiode	0
4187.285	0.0	4187285	response	7	n/a	n/a	trigger	0
4188.951	0.5	4188951	untrained	32684	83	memtrain/so_105_1.jpg	photodiode	1
4189.752	0.5	4189752	trained	32736	31	memtrain/o_465_2.jpg	photodiode	1
4190.695	0.5	4190695	untrained	32696	71	memtrain/o_483_1.jpg	photodiode	1
4191.545	0.5	4191545	trained	32741	26	memtrain/o_376_1.jpg	photodiode	1
4192.404	0.5	4192404	catch	32671	n/a	catch_padded.jpg	photodiode	0
4192.591	0.0	4192591	response	7	n/a	n/a	trigger	0
4194.356	0.5	4194356	trained	32734	33	memtrain/o_536_1.jpg	photodiode	1
4195.148	0.5	4195148	untrained	32715	52	memtrain/o_141_1.jpg	photodiode	1
4196.049	0.5	4196049	untrained	32687	80	memtrain/o_613_1.jpg	photodiode	1
4196.908	0.5	4196908	catch	32671	n/a	catch_padded.jpg	photodiode	0
4197.28	0.0	4197280	response	7	n/a	n/a	trigger	0
4198.81	0.5	4198810	untrained	32695	72	memtrain/o_490_1.jpg	photodiode	1
4199.602	0.5	4199602	trained	32728	39	memtrain/o_606_1.jpg	photodiode	1
4200.353	0.5	4200353	untrained	32692	75	memtrain/o_564_1.jpg	photodiode	1
4201.312	0.5	4201312	catch	32671	n/a	catch_padded.jpg	photodiode	0
4201.549	0.0	4201549	response	7	n/a	n/a	trigger	0
4203.255	0.5	4203255	trained	32726	41	memtrain/o_663_2.jpg	photodiode	1
4204.006	0.5	4204006	untrained	32680	87	memtrain/o_365_1.jpg	photodiode	1
4204.807	0.5	4204807	trained	32737	30	memtrain/o_437_2.jpg	photodiode	1
4205.757	0.5	4205757	untrained	32707	60	memtrain/o_228_2.jpg	photodiode	1
4206.508	0.5	4206508	trained	32739	28	memtrain/o_397_1.jpg	photodiode	1
4207.359	0.5	4207359	catch	32671	n/a	catch_padded.jpg	photodiode	0
4207.555	0.0	4207555	response	7	n/a	n/a	trigger	0
4209.46	0.5	4209460	trained	32743	24	memtrain/o_357_1.jpg	photodiode	1
4210.211	0.5	4210211	untrained	32712	55	memtrain/o_153_2.jpg	photodiode	1
4211.062	0.5	4211062	untrained	32718	49	memtrain/o_054_2.jpg	photodiode	1
4211.963	0.5	4211963	trained	32752	15	memtrain/o_195_1.jpg	photodiode	1
4212.713	0.5	4212713	untrained	32686	81	memtrain/o_655_2.jpg	photodiode	1
4213.464	0.5	4213464	catch	32671	n/a	catch_padded.jpg	photodiode	0
4213.753	0.0	4213753	response	7	n/a	n/a	trigger	0
4215.466	0.5	4215466	trained	32727	40	memtrain/o_648_2.jpg	photodiode	1
4216.316	0.5	4216316	untrained	32679	88	memtrain/o_458_1.jpg	photodiode	1
4217.267	0.5	4217267	untrained	32719	48	memtrain/o_019_2.jpg	photodiode	1
4218.009	0.5	4218009	untrained	32683	84	memtrain/so_117_2.jpg	photodiode	1
4218.91	0.5	4218910	catch	32671	n/a	catch_padded.jpg	photodiode	0
4219.152	0.0	4219152	response	7	n/a	n/a	trigger	0
4220.87	0.5	4220870	trained	32751	16	memtrain/o_199_2.jpg	photodiode	1
4221.713	0.5	4221713	untrained	32713	54	memtrain/o_145_1.jpg	photodiode	1
4222.572	0.5	4222572	untrained	32706	61	memtrain/o_298_2.jpg	photodiode	1
4223.364	0.5	4223364	catch	32671	n/a	catch_padded.jpg	photodiode	0
4223.717	0.0	4223717	response	7	n/a	n/a	trigger	0
4225.466	0.5	4225466	trained	32744	23	memtrain/o_338_2.jpg	photodiode	1
4226.316	0.5	4226316	trained	32720	47	memtrain/so_147_2.jpg	photodiode	1
4227.125	0.5	4227125	untrained	32690	77	memtrain/o_574_2.jpg	photodiode	1
4227.868	0.5	4227868	trained	32758	9	memtrain/o_101_2.jpg	photodiode	1
4228.769	0.5	4228769	trained	32745	22	memtrain/o_321_1.jpg	photodiode	1
4229.678	0.5	4229678	catch	32671	n/a	catch_padded.jpg	photodiode	0
4229.943	0.0	4229943	response	7	n/a	n/a	trigger	0
4231.671	0.5	4231671	trained	32765	2	memtrain/o_035_1.jpg	photodiode	1
4232.572	0.5	4232572	trained	32721	46	memtrain/so_113_1.jpg	photodiode	1
4233.322	0.5	4233322	untrained	32698	69	memtrain/o_464_2.jpg	photodiode	1
4234.173	0.5	4234173	untrained	32678	89	memtrain/o_469_1.jpg	photodiode	1
4235.124	0.5	4235124	catch	32671	n/a	catch_padded.jpg	photodiode	0
4235.467	0.0	4235467	response	7	n/a	n/a	trigger	0
4237.076	0.5	4237076	trained	32764	3	memtrain/o_040_2.jpg	photodiode	1
4237.826	0.5	4237826	untrained	32694	73	memtrain/o_519_2.jpg	photodiode	1
4238.577	0.5	4238577	trained	32752	15	memtrain/o_195_1.jpg	photodiode	1
4239.328	0.5	4239328	untrained	32687	80	memtrain/o_613_1.jpg	photodiode	1
4240.178	0.5	4240178	trained	32737	30	memtrain/o_437_2.jpg	photodiode	1
4240.979	0.5	4240979	catch	32671	n/a	catch_padded.jpg	photodiode	0
4241.46	0.0	4241460	response	7	n/a	n/a	trigger	0
4242.931	0.5	4242931	trained	32753	14	memtrain/o_174_1.jpg	photodiode	1
4243.831	0.5	4243831	untrained	32706	61	memtrain/o_298_2.jpg	photodiode	1
4244.596	0.0	4244596	response	7	n/a	n/a	trigger	0
4244.632	0.5	4244632	untrained	32695	72	memtrain/o_490_1.jpg	photodiode	1
4245.583	0.5	4245583	untrained	32696	71	memtrain/o_483_1.jpg	photodiode	1
4246.434	0.5	4246434	catch	32671	n/a	catch_padded.jpg	photodiode	0
4246.788	0.0	4246788	response	7	n/a	n/a	trigger	0
4248.377	0.5	4248377	untrained	32674	93	memtrain/so_035_1.jpg	photodiode	1
4249.136	0.5	4249136	untrained	32677	90	memtrain/o_580_1.jpg	photodiode	1
4250.028	0.5	4250028	untrained	32719	48	memtrain/o_019_2.jpg	photodiode	1
4250.979	0.5	4250979	trained	32732	35	memtrain/o_561_2.jpg	photodiode	1
4251.738	0.5	4251738	catch	32671	n/a	catch_padded.jpg	photodiode	0
4252.161	0.0	4252161	response	7	n/a	n/a	trigger	0
4253.781	0.5	4253781	trained	32722	45	memtrain/so_090_2.jpg	photodiode	1
4254.682	0.5	4254682	untrained	32682	85	memtrain/o_218_1.jpg	photodiode	1
4255.483	0.5	4255483	trained	32758	9	memtrain/o_101_2.jpg	photodiode	1
4256.242	0.5	4256242	trained	32731	36	memtrain/o_583_1.jpg	photodiode	1
4256.984	0.5	4256984	catch	32671	n/a	catch_padded.jpg	photodiode	0
4257.325	0.0	4257325	response	7	n/a	n/a	trigger	0
4259.086	0.5	4259086	untrained	32704	63	memtrain/o_310_2.jpg	photodiode	1
4259.937	0.5	4259937	untrained	32676	91	memtrain/o_605_1.jpg	photodiode	1
4260.887	0.5	4260887	trained	32742	25	memtrain/o_358_2.jpg	photodiode	1
4261.638	0.5	4261638	catch	32671	n/a	catch_padded.jpg	photodiode	0
4262.06	0.0	4262060	response	7	n/a	n/a	trigger	0
4263.74	0.5	4263740	untrained	32713	54	memtrain/o_145_1.jpg	photodiode	1
4264.541	0.5	4264541	untrained	32680	87	memtrain/o_365_1.jpg	photodiode	1
4265.491	0.5	4265491	trained	32756	11	memtrain/o_117_2.jpg	photodiode	1
4266.442	0.5	4266442	catch	32671	n/a	catch_padded.jpg	photodiode	0
4266.773	0.0	4266773	response	7	n/a	n/a	trigger	0
4268.444	0.5	4268444	untrained	32692	75	memtrain/o_564_1.jpg	photodiode	1
4269.244	0.5	4269244	untrained	32709	58	memtrain/o_192_1.jpg	photodiode	1
4270.095	0.5	4270095	trained	32735	32	memtrain/o_485_2.jpg	photodiode	1
4270.996	0.5	4270996	untrained	32684	83	memtrain/so_105_1.jpg	photodiode	1
4271.797	0.5	4271797	trained	32767	0	memtrain/o_006_1.jpg	photodiode	1
4272.597	0.5	4272597	catch	32671	n/a	catch_padded.jpg	photodiode	0
4272.898	0.0	4272898	response	7	n/a	n/a	trigger	0
4274.549	0.5	4274549	untrained	32698	69	memtrain/o_464_2.jpg	photodiode	1
4275.4	0.5	4275400	untrained	32672	95	memtrain/so_125_1.jpg	photodiode	1
4276.192	0.5	4276192	trained	32751	16	memtrain/o_199_2.jpg	photodiode	1
4277.001	0.5	4277001	catch	32671	n/a	catch_padded.jpg	photodiode	0
4277.387	0.0	4277387	response	7	n/a	n/a	trigger	0
4278.944	0.5	4278944	trained	32724	43	memtrain/so_043_2.jpg	photodiode	1
4279.745	0.5	4279745	trained	32749	18	memtrain/o_264_2.jpg	photodiode	1
4280.646	0.5	4280646	untrained	32702	65	memtrain/o_337_2.jpg	photodiode	1
4281.605	0.5	4281605	untrained	32691	76	memtrain/o_570_1.jpg	photodiode	1
4282.397	0.5	4282397	catch	32671	n/a	catch_padded.jpg	photodiode	0
4282.877	0.0	4282877	response	7	n/a	n/a	trigger	0
4284.307	0.5	4284307	trained	32743	24	memtrain/o_357_1.jpg	photodiode	1
4285.15	0.5	4285150	trained	32746	21	memtrain/o_319_1.jpg	photodiode	1
4286.101	0.5	4286101	trained	32728	39	memtrain/o_606_1.jpg	photodiode	1
4287.051	0.5	4287051	trained	32729	38	memtrain/o_603_1.jpg	photodiode	1
4287.902	0.5	4287902	catch	32671	n/a	catch_padded.jpg	photodiode	0
4288.233	0.0	4288233	response	7	n/a	n/a	trigger	0
4289.804	0.5	4289804	trained	32765	2	memtrain/o_035_1.jpg	photodiode	1
4290.554	0.5	4290554	trained	32750	17	memtrain/o_232_1.jpg	photodiode	1
4291.305	0.5	4291305	untrained	32675	92	memtrain/so_033_1.jpg	photodiode	1
4292.256	0.5	4292256	trained	32763	4	memtrain/o_042_1.jpg	photodiode	1
4293.106	0.5	4293106	trained	32761	6	memtrain/o_076_1.jpg	photodiode	1
4293.907	0.5	4293907	catch	32671	n/a	catch_padded.jpg	photodiode	0
4294.186	0.0	4294186	response	7	n/a	n/a	trigger	0
4295.959	0.5	4295959	trained	32740	27	memtrain/o_379_2.jpg	photodiode	1
4296.86	0.5	4296860	trained	32745	22	memtrain/o_321_1.jpg	photodiode	1
4297.61	0.5	4297610	untrained	32715	52	memtrain/o_141_1.jpg	photodiode	1
4298.411	0.5	4298411	trained	32734	33	memtrain/o_536_1.jpg	photodiode	1
4299.262	0.5	4299262	catch	32671	n/a	catch_padded.jpg	photodiode	0
4299.597	0.0	4299597	response	7	n/a	n/a	trigger	0
4301.363	0.5	4301363	trained	32747	20	memtrain/o_290_1.jpg	photodiode	1
4302.214	0.5	4302214	untrained	32718	49	memtrain/o_054_2.jpg	photodiode	1
4303.115	0.5	4303115	untrained	32717	50	memtrain/o_057_2.jpg	photodiode	1
4304.016	0.5	4304016	untrained	32714	53	memtrain/o_142_2.jpg	photodiode	1
4304.866	0.5	4304866	untrained	32686	81	memtrain/o_655_2.jpg	photodiode	1
4305.817	0.5	4305817	catch	32671	n/a	catch_padded.jpg	photodiode	0
4306.071	0.0	4306071	response	7	n/a	n/a	trigger	0
4307.811	0.5	4307811	untrained	32690	77	memtrain/o_574_2.jpg	photodiode	1
4308.62	0.5	4308620	trained	32739	28	memtrain/o_397_1.jpg	photodiode	1
4309.512	0.5	4309512	trained	32755	12	memtrain/o_127_2.jpg	photodiode	1
4310.263	0.5	4310263	trained	32760	7	memtrain/o_091_2.jpg	photodiode	1
4311.222	0.5	4311222	catch	32671	n/a	catch_padded.jpg	photodiode	0
4311.485	0.0	4311485	response	7	n/a	n/a	trigger	0
4313.123	0.5	4313123	trained	32757	10	memtrain/o_111_2.jpg	photodiode	1
4313.85	0.0	4313850	response	7	n/a	n/a	trigger	0
4314.074	0.5	4314074	untrained	32700	67	memtrain/o_378_1.jpg	photodiode	1
4315.017	0.5	4315017	trained	32766	1	memtrain/o_015_1.jpg	photodiode	1
4315.967	0.5	4315967	catch	32671	n/a	catch_padded.jpg	photodiode	0
4317.799	0.0	4317799	response	7	n/a	n/a	trigger	0
4317.869	0.5	4317869	untrained	32710	57	memtrain/o_171_1.jpg	photodiode	1
4318.77	0.5	4318770	trained	32748	19	memtrain/o_284_2.jpg	photodiode	1
4319.721	0.5	4319721	untrained	32708	59	memtrain/o_201_2.jpg	photodiode	1
4320.542	0.0	4320542	response	7	n/a	n/a	trigger	0
4320.671	0.5	4320671	untrained	32681	86	memtrain/o_288_1.jpg	photodiode	1
4321.572	0.5	4321572	catch	32671	n/a	catch_padded.jpg	photodiode	0
4323.248	0.0	4323248	response	7	n/a	n/a	trigger	0
4323.474	0.5	4323474	trained	32725	42	memtrain/so_034_2.jpg	photodiode	1
4324.051	0.0	4324051	response	7	n/a	n/a	trigger	0
4324.224	0.5	4324224	untrained	32673	94	memtrain/so_067_1.jpg	photodiode	1
4324.975	0.5	4324975	untrained	32711	56	memtrain/o_163_2.jpg	photodiode	1
4325.726	0.5	4325726	trained	32762	5	memtrain/o_067_1.jpg	photodiode	1
4326.677	0.5	4326677	untrained	32697	70	memtrain/o_471_2.jpg	photodiode	1
4327.427	0.5	4327427	catch	32671	n/a	catch_padded.jpg	photodiode	0
4329.529	0.5	4329529	trained	32733	34	memtrain/o_558_2.jpg	photodiode	1
4330.28	0.5	4330280	trained	32744	23	memtrain/o_338_2.jpg	photodiode	1
4331.03	0.5	4331030	untrained	32685	82	memtrain/o_656_1.jpg	photodiode	1
4331.881	0.5	4331881	untrained	32688	79	memtrain/o_600_1.jpg	photodiode	1
4332.832	0.5	4332832	untrained	32716	51	memtrain/o_103_2.jpg	photodiode	1
4333.632	0.5	4333632	catch	32671	n/a	catch_padded.jpg	photodiode	0
4334.6	0.0	4334600	response	7	n/a	n/a	trigger	0
4335.214	0.0	4335214	response	7	n/a	n/a	trigger	0
4335.526	0.5	4335526	untrained	32683	84	memtrain/so_117_2.jpg	photodiode	1
4336.385	0.5	4336385	trained	32738	29	memtrain/o_416_1.jpg	photodiode	1
4337.227	0.5	4337227	untrained	32678	89	memtrain/o_469_1.jpg	photodiode	1
4337.978	0.5	4337978	catch	32671	n/a	catch_padded.jpg	photodiode	0
4338.247	0.0	4338247	response	7	n/a	n/a	trigger	0
4339.98	0.5	4339980	trained	32720	47	memtrain/so_147_2.jpg	photodiode	1
4340.73	0.5	4340730	trained	32741	26	memtrain/o_376_1.jpg	photodiode	1
4341.681	0.5	4341681	trained	32721	46	memtrain/so_113_1.jpg	photodiode	1
4342.64	0.5	4342640	untrained	32699	68	memtrain/o_393_1.jpg	photodiode	1
4343.541	0.5	4343541	catch	32671	n/a	catch_padded.jpg	photodiode	0
4343.908	0.0	4343908	response	7	n/a	n/a	trigger	0
4345.584	0.5	4345584	trained	32723	44	memtrain/so_045_1.jpg	photodiode	1
4346.393	0.5	4346393	untrained	32712	55	memtrain/o_153_2.jpg	photodiode	1
4347.336	0.5	4347336	trained	32759	8	memtrain/o_094_1.jpg	photodiode	1
4348.186	0.5	4348186	untrained	32679	88	memtrain/o_458_1.jpg	photodiode	1
4349.087	0.5	4349087	trained	32727	40	memtrain/o_648_2.jpg	photodiode	1
4349.888	0.5	4349888	catch	32671	n/a	catch_padded.jpg	photodiode	0
4350.187	0.0	4350187	response	7	n/a	n/a	trigger	0
4351.89	0.5	4351890	trained	32730	37	memtrain/o_597_1.jpg	photodiode	1
4352.69	0.5	4352690	untrained	32701	66	memtrain/o_342_2.jpg	photodiode	1
4353.541	0.5	4353541	untrained	32705	62	memtrain/o_304_1.jpg	photodiode	1
4354.492	0.5	4354492	catch	32671	n/a	catch_padded.jpg	photodiode	0
4354.859	0.0	4354859	response	7	n/a	n/a	trigger	0
4356.594	0.5	4356594	untrained	32707	60	memtrain/o_228_2.jpg	photodiode	1
4357.394	0.5	4357394	trained	32726	41	memtrain/o_663_2.jpg	photodiode	1
4358.295	0.5	4358295	untrained	32689	78	memtrain/o_599_1.jpg	photodiode	1
4359.096	0.5	4359096	untrained	32703	64	memtrain/o_334_2.jpg	photodiode	1
4360.047	0.5	4360047	catch	32671	n/a	catch_padded.jpg	photodiode	0
4360.388	0.0	4360388	response	7	n/a	n/a	trigger	0
4362.098	0.5	4362098	trained	32736	31	memtrain/o_465_2.jpg	photodiode	1
4362.999	0.5	4362999	trained	32754	13	memtrain/o_136_1.jpg	photodiode	1
4363.8	0.5	4363800	untrained	32693	74	memtrain/o_550_1.jpg	photodiode	1
4364.7	0.5	4364700	catch	32671	n/a	catch_padded.jpg	photodiode	0
4364.98	0.0	4364980	response	7	n/a	n/a	trigger	0
4367.171	0.0	4367171	block_end	120	n/a	n/a	trigger	0
4452.45	0.0	4452450	response	7	n/a	n/a	trigger	0
4452.453	0.0	4452453	block_onset	114	n/a	n/a	trigger	0
4454.502	0.5	4454502	untrained	32712	55	memtrain/o_153_2.jpg	photodiode	1
4455.252	0.5	4455252	untrained	32700	67	memtrain/o_378_1.jpg	photodiode	1
4456.103	0.5	4456103	untrained	32677	90	memtrain/o_580_1.jpg	photodiode	1
4456.954	0.5	4456954	catch	32671	n/a	catch_padded.jpg	photodiode	0
4457.413	0.0	4457413	response	7	n/a	n/a	trigger	0
4458.955	0.5	4458955	trained	32746	21	memtrain/o_319_1.jpg	photodiode	1
4459.856	0.5	4459856	trained	32738	29	memtrain/o_416_1.jpg	photodiode	1
4460.757	0.5	4460757	untrained	32688	79	memtrain/o_600_1.jpg	photodiode	1
4461.508	0.5	4461508	catch	32671	n/a	catch_padded.jpg	photodiode	0
4461.883	0.0	4461883	response	7	n/a	n/a	trigger	0
4463.609	0.5	4463609	trained	32729	38	memtrain/o_603_1.jpg	photodiode	1
4464.56	0.5	4464560	trained	32739	28	memtrain/o_397_1.jpg	photodiode	1
4465.511	0.5	4465511	trained	32763	4	memtrain/o_042_1.jpg	photodiode	1
4466.462	0.5	4466462	catch	32671	n/a	catch_padded.jpg	photodiode	0
4466.681	0.0	4466681	response	7	n/a	n/a	trigger	0
4468.563	0.5	4468563	untrained	32715	52	memtrain/o_141_1.jpg	photodiode	1
4469.314	0.5	4469314	untrained	32701	66	memtrain/o_342_2.jpg	photodiode	1
4470.115	0.5	4470115	untrained	32681	86	memtrain/o_288_1.jpg	photodiode	1
4471.066	0.5	4471066	catch	32671	n/a	catch_padded.jpg	photodiode	0
4471.268	0.0	4471268	response	7	n/a	n/a	trigger	0
4472.959	0.5	4472959	untrained	32709	58	memtrain/o_192_1.jpg	photodiode	1
4473.91	0.5	4473910	trained	32747	20	memtrain/o_290_1.jpg	photodiode	1
4474.869	0.5	4474869	untrained	32696	71	memtrain/o_483_1.jpg	photodiode	1
4475.77	0.5	4475770	untrained	32679	88	memtrain/o_458_1.jpg	photodiode	1
4476.512	0.5	4476512	catch	32671	n/a	catch_padded.jpg	photodiode	0
4476.776	0.0	4476776	response	7	n/a	n/a	trigger	0
4478.614	0.5	4478614	trained	32748	19	memtrain/o_284_2.jpg	photodiode	1
4479.573	0.5	4479573	trained	32722	45	memtrain/so_090_2.jpg	photodiode	1
4480.515	0.5	4480515	trained	32759	8	memtrain/o_094_1.jpg	photodiode	1
4481.266	0.5	4481266	untrained	32684	83	memtrain/so_105_1.jpg	photodiode	1
4482.167	0.5	4482167	catch	32671	n/a	catch_padded.jpg	photodiode	0
4482.435	0.0	4482435	response	7	n/a	n/a	trigger	0
4484.068	0.5	4484068	trained	32765	2	memtrain/o_035_1.jpg	photodiode	1
4484.919	0.5	4484919	trained	32744	23	memtrain/o_338_2.jpg	photodiode	1
4485.67	0.5	4485670	trained	32737	30	memtrain/o_437_2.jpg	photodiode	1
4486.57	0.5	4486570	trained	32757	10	memtrain/o_111_2.jpg	photodiode	1
4487.421	0.5	4487421	catch	32671	n/a	catch_padded.jpg	photodiode	0
4487.721	0.0	4487721	response	7	n/a	n/a	trigger	0
4489.373	0.5	4489373	untrained	32690	77	memtrain/o_574_2.jpg	photodiode	1
4490.324	0.5	4490324	untrained	32704	63	memtrain/o_310_2.jpg	photodiode	1
4491.124	0.5	4491124	trained	32727	40	memtrain/o_648_2.jpg	photodiode	1
4492.075	0.5	4492075	untrained	32706	61	memtrain/o_298_2.jpg	photodiode	1
4492.876	0.5	4492876	trained	32733	34	memtrain/o_558_2.jpg	photodiode	1
4493.727	0.5	4493727	catch	32671	n/a	catch_padded.jpg	photodiode	0
4493.959	0.0	4493959	response	7	n/a	n/a	trigger	0
4495.678	0.5	4495678	untrained	32680	87	memtrain/o_365_1.jpg	photodiode	1
4496.479	0.5	4496479	untrained	32689	78	memtrain/o_599_1.jpg	photodiode	1
4497.33	0.5	4497330	untrained	32708	59	memtrain/o_201_2.jpg	photodiode	1
4498.08	0.5	4498080	trained	32749	18	memtrain/o_264_2.jpg	photodiode	1
4498.981	0.5	4498981	catch	32671	n/a	catch_padded.jpg	photodiode	0
4499.22	0.0	4499220	response	7	n/a	n/a	trigger	0
4500.883	0.5	4500883	trained	32754	13	memtrain/o_136_1.jpg	photodiode	1
4501.725	0.5	4501725	untrained	32692	75	memtrain/o_564_1.jpg	photodiode	1
4502.576	0.5	4502576	untrained	32683	84	memtrain/so_117_2.jpg	photodiode	1
4503.476	0.5	4503476	trained	32720	47	memtrain/so_147_2.jpg	photodiode	1
4504.427	0.5	4504427	catch	32671	n/a	catch_padded.jpg	photodiode	0
4504.649	0.0	4504649	response	7	n/a	n/a	trigger	0
4506.429	0.5	4506429	untrained	32719	48	memtrain/o_019_2.jpg	photodiode	1
4507.38	0.5	4507380	trained	32725	42	memtrain/so_034_2.jpg	photodiode	1
4508.18	0.5	4508180	untrained	32705	62	memtrain/o_304_1.jpg	photodiode	1
4509.09	0.5	4509090	catch	32671	n/a	catch_padded.jpg	photodiode	0
4509.506	0.0	4509506	response	7	n/a	n/a	trigger	0
4511.141	0.5	4511141	untrained	32691	76	memtrain/o_570_1.jpg	photodiode	1
4511.942	0.5	4511942	trained	32743	24	memtrain/o_357_1.jpg	photodiode	1
4512.784	0.5	4512784	untrained	32694	73	memtrain/o_519_2.jpg	photodiode	1
4513.635	0.5	4513635	untrained	32710	57	memtrain/o_171_1.jpg	photodiode	1
4514.386	0.5	4514386	untrained	32717	50	memtrain/o_057_2.jpg	photodiode	1
4515.336	0.5	4515336	catch	32671	n/a	catch_padded.jpg	photodiode	0
4515.59	0.0	4515590	response	7	n/a	n/a	trigger	0
4517.388	0.5	4517388	trained	32762	5	memtrain/o_067_1.jpg	photodiode	1
4518.239	0.5	4518239	untrained	32695	72	memtrain/o_490_1.jpg	photodiode	1
4519.14	0.5	4519140	trained	32750	17	memtrain/o_232_1.jpg	photodiode	1
4519.94	0.5	4519940	catch	32671	n/a	catch_padded.jpg	photodiode	0
4520.261	0.0	4520261	response	7	n/a	n/a	trigger	0
4522.042	0.5	4522042	trained	32728	39	memtrain/o_606_1.jpg	photodiode	1
4522.893	0.5	4522893	trained	32721	46	memtrain/so_113_1.jpg	photodiode	1
4523.744	0.5	4523744	trained	32740	27	memtrain/o_379_2.jpg	photodiode	1
4524.544	0.5	4524544	catch	32671	n/a	catch_padded.jpg	photodiode	0
4524.863	0.0	4524863	response	7	n/a	n/a	trigger	0
4526.596	0.5	4526596	untrained	32716	51	memtrain/o_103_2.jpg	photodiode	1
4527.547	0.5	4527547	trained	32756	11	memtrain/o_117_2.jpg	photodiode	1
4528.297	0.5	4528297	trained	32751	16	memtrain/o_199_2.jpg	photodiode	1
4529.207	0.5	4529207	untrained	32675	92	memtrain/so_033_1.jpg	photodiode	1
4529.949	0.5	4529949	catch	32671	n/a	catch_padded.jpg	photodiode	0
4530.183	0.0	4530183	response	7	n/a	n/a	trigger	0
4532.042	0.5	4532042	trained	32753	14	memtrain/o_174_1.jpg	photodiode	1
4532.951	0.5	4532951	untrained	32693	74	memtrain/o_550_1.jpg	photodiode	1
4533.844	0.5	4533844	untrained	32698	69	memtrain/o_464_2.jpg	photodiode	1
4534.595	0.5	4534595	catch	32671	n/a	catch_padded.jpg	photodiode	0
4534.945	0.0	4534945	response	7	n/a	n/a	trigger	0
4536.655	0.5	4536655	trained	32760	7	memtrain/o_091_2.jpg	photodiode	1
4537.497	0.5	4537497	untrained	32697	70	memtrain/o_471_2.jpg	photodiode	1
4538.256	0.5	4538256	untrained	32672	95	memtrain/so_125_1.jpg	photodiode	1
4539.148	0.5	4539148	catch	32671	n/a	catch_padded.jpg	photodiode	0
4539.461	0.0	4539461	response	7	n/a	n/a	trigger	0
4541.05	0.5	4541050	untrained	32713	54	memtrain/o_145_1.jpg	photodiode	1
4541.959	0.5	4541959	untrained	32682	85	memtrain/o_218_1.jpg	photodiode	1
4542.701	0.5	4542701	trained	32726	41	memtrain/o_663_2.jpg	photodiode	1
4543.502	0.5	4543502	untrained	32702	65	memtrain/o_337_2.jpg	photodiode	1
4544.403	0.5	4544403	catch	32671	n/a	catch_padded.jpg	photodiode	0
4544.62	0.0	4544620	response	7	n/a	n/a	trigger	0
4546.304	0.5	4546304	untrained	32711	56	memtrain/o_163_2.jpg	photodiode	1
4547.055	0.5	4547055	trained	32723	44	memtrain/so_045_1.jpg	photodiode	1
4547.806	0.5	4547806	trained	32732	35	memtrain/o_561_2.jpg	photodiode	1
4548.606	0.5	4548606	catch	32671	n/a	catch_padded.jpg	photodiode	0
4548.959	0.0	4548959	response	7	n/a	n/a	trigger	0
4550.608	0.5	4550608	untrained	32687	80	memtrain/o_613_1.jpg	photodiode	1
4551.359	0.5	4551359	trained	32755	12	memtrain/o_127_2.jpg	photodiode	1
4552.26	0.5	4552260	trained	32734	33	memtrain/o_536_1.jpg	photodiode	1
4553.16	0.5	4553160	trained	32761	6	memtrain/o_076_1.jpg	photodiode	1
4553.911	0.5	4553911	catch	32671	n/a	catch_padded.jpg	photodiode	0
4554.179	0.0	4554179	response	7	n/a	n/a	trigger	0
4555.863	0.5	4555863	trained	32730	37	memtrain/o_597_1.jpg	photodiode	1
4556.763	0.5	4556763	trained	32741	26	memtrain/o_376_1.jpg	photodiode	1
4557.564	0.5	4557564	untrained	32676	91	memtrain/o_605_1.jpg	photodiode	1
4558.365	0.5	4558365	catch	32671	n/a	catch_padded.jpg	photodiode	0
4558.673	0.0	4558673	response	7	n/a	n/a	trigger	0
4560.416	0.5	4560416	trained	32742	25	memtrain/o_358_2.jpg	photodiode	1
4561.167	0.5	4561167	trained	32736	31	memtrain/o_465_2.jpg	photodiode	1
4561.959	0.5	4561959	untrained	32686	81	memtrain/o_655_2.jpg	photodiode	1
4562.86	0.5	4562860	trained	32724	43	memtrain/so_043_2.jpg	photodiode	1
4563.711	0.5	4563711	untrained	32714	53	memtrain/o_142_2.jpg	photodiode	1
4563.938	0.0	4563938	response	7	n/a	n/a	trigger	0
4564.47	0.5	4564470	catch	32671	n/a	catch_padded.jpg	photodiode	0
4564.739	0.0	4564739	response	7	n/a	n/a	trigger	0
4566.363	0.5	4566363	untrained	32685	82	memtrain/o_656_1.jpg	photodiode	1
4567.164	0.5	4567164	trained	32767	0	memtrain/o_006_1.jpg	photodiode	1
4567.914	0.5	4567914	trained	32731	36	memtrain/o_583_1.jpg	photodiode	1
4568.715	0.5	4568715	trained	32758	9	memtrain/o_101_2.jpg	photodiode	1
4569.524	0.5	4569524	untrained	32678	89	memtrain/o_469_1.jpg	photodiode	1
4570.366	0.5	4570366	catch	32671	n/a	catch_padded.jpg	photodiode	0
4570.6	0.0	4570600	response	7	n/a	n/a	trigger	0
4572.268	0.5	4572268	untrained	32699	68	memtrain/o_393_1.jpg	photodiode	1
4573.169	0.5	4573169	untrained	32673	94	memtrain/so_067_1.jpg	photodiode	1
4573.919	0.5	4573919	untrained	32703	64	memtrain/o_334_2.jpg	photodiode	1
4574.82	0.5	4574820	trained	32764	3	memtrain/o_040_2.jpg	photodiode	1
4575.771	0.5	4575771	catch	32671	n/a	catch_padded.jpg	photodiode	0
4576.081	0.0	4576081	response	7	n/a	n/a	trigger	0
4577.773	0.5	4577773	untrained	32674	93	memtrain/so_035_1.jpg	photodiode	1
4578.523	0.5	4578523	trained	32752	15	memtrain/o_195_1.jpg	photodiode	1
4579.324	0.5	4579324	untrained	32707	60	memtrain/o_228_2.jpg	photodiode	1
4580.075	0.5	4580075	trained	32766	1	memtrain/o_015_1.jpg	photodiode	1
4580.925	0.5	4580925	trained	32745	22	memtrain/o_321_1.jpg	photodiode	1
4581.676	0.5	4581676	catch	32671	n/a	catch_padded.jpg	photodiode	0
4582.007	0.0	4582007	response	7	n/a	n/a	trigger	0
4583.778	0.5	4583778	trained	32735	32	memtrain/o_485_2.jpg	photodiode	1
4584.729	0.5	4584729	untrained	32718	49	memtrain/o_054_2.jpg	photodiode	1
4585.679	0.5	4585679	trained	32747	20	memtrain/o_290_1.jpg	photodiode	1
4586.43	0.5	4586430	untrained	32708	59	memtrain/o_201_2.jpg	photodiode	1
4587.331	0.5	4587331	trained	32732	35	memtrain/o_561_2.jpg	photodiode	1
4588.182	0.5	4588182	catch	32671	n/a	catch_padded.jpg	photodiode	0
4588.395	0.0	4588395	response	7	n/a	n/a	trigger	0
4590.275	0.5	4590275	untrained	32710	57	memtrain/o_171_1.jpg	photodiode	1
4591.234	0.5	4591234	untrained	32691	76	memtrain/o_570_1.jpg	photodiode	1
4591.985	0.5	4591985	trained	32726	41	memtrain/o_663_2.jpg	photodiode	1
4592.936	0.5	4592936	trained	32746	21	memtrain/o_319_1.jpg	photodiode	1
4593.836	0.5	4593836	trained	32744	23	memtrain/o_338_2.jpg	photodiode	1
4594.679	0.5	4594679	catch	32671	n/a	catch_padded.jpg	photodiode	0
4595.001	0.0	4595001	response	7	n/a	n/a	trigger	0
4596.63	0.5	4596630	trained	32727	40	memtrain/o_648_2.jpg	photodiode	1
4597.581	0.5	4597581	trained	32758	9	memtrain/o_101_2.jpg	photodiode	1
4598.49	0.5	4598490	untrained	32680	87	memtrain/o_365_1.jpg	photodiode	1
4599.283	0.5	4599283	untrained	32709	58	memtrain/o_192_1.jpg	photodiode	1
4600.033	0.5	4600033	trained	32751	16	memtrain/o_199_2.jpg	photodiode	1
4600.884	0.5	4600884	catch	32671	n/a	catch_padded.jpg	photodiode	0
4601.128	0.0	4601128	response	7	n/a	n/a	trigger	0
4602.936	0.5	4602936	trained	32724	43	memtrain/so_043_2.jpg	photodiode	1
4603.887	0.5	4603887	untrained	32702	65	memtrain/o_337_2.jpg	photodiode	1
4604.837	0.5	4604837	trained	32735	32	memtrain/o_485_2.jpg	photodiode	1
4605.688	0.5	4605688	catch	32671	n/a	catch_padded.jpg	photodiode	0
4605.982	0.0	4605982	response	7	n/a	n/a	trigger	0
4607.79	0.5	4607790	untrained	32682	85	memtrain/o_218_1.jpg	photodiode	1
4608.741	0.5	4608741	trained	32730	37	memtrain/o_597_1.jpg	photodiode	1
4609.591	0.5	4609591	untrained	32706	61	memtrain/o_298_2.jpg	photodiode	1
4610.492	0.5	4610492	untrained	32700	67	memtrain/o_378_1.jpg	photodiode	1
4611.343	0.5	4611343	catch	32671	n/a	catch_padded.jpg	photodiode	0
4611.607	0.0	4611607	response	7	n/a	n/a	trigger	0
4613.295	0.5	4613295	trained	32731	36	memtrain/o_583_1.jpg	photodiode	1
4614.095	0.5	4614095	trained	32739	28	memtrain/o_397_1.jpg	photodiode	1
4615.046	0.5	4615046	untrained	32683	84	memtrain/so_117_2.jpg	photodiode	1
4615.847	0.5	4615847	untrained	32685	82	memtrain/o_656_1.jpg	photodiode	1
4616.597	0.5	4616597	catch	32671	n/a	catch_padded.jpg	photodiode	0
4616.898	0.0	4616898	response	7	n/a	n/a	trigger	0
4618.541	0.5	4618541	trained	32736	31	memtrain/o_465_2.jpg	photodiode	1
4619.45	0.5	4619450	untrained	32695	72	memtrain/o_490_1.jpg	photodiode	1
4620.401	0.5	4620401	untrained	32713	54	memtrain/o_145_1.jpg	photodiode	1
4621.343	0.5	4621343	untrained	32681	86	memtrain/o_288_1.jpg	photodiode	1
4622.302	0.5	4622302	trained	32764	3	memtrain/o_040_2.jpg	photodiode	1
4623.145	0.5	4623145	catch	32671	n/a	catch_padded.jpg	photodiode	0
4623.353	0.0	4623353	response	7	n/a	n/a	trigger	0
4625.196	0.5	4625196	trained	32721	46	memtrain/so_113_1.jpg	photodiode	1
4625.947	0.5	4625947	trained	32748	19	memtrain/o_284_2.jpg	photodiode	1
4626.798	0.5	4626798	trained	32723	44	memtrain/so_045_1.jpg	photodiode	1
4627.707	0.5	4627707	trained	32722	45	memtrain/so_090_2.jpg	photodiode	1
4628.507	0.5	4628507	catch	32671	n/a	catch_padded.jpg	photodiode	0
4628.826	0.0	4628826	response	7	n/a	n/a	trigger	0
4630.551	0.5	4630551	untrained	32679	88	memtrain/o_458_1.jpg	photodiode	1
4631.301	0.5	4631301	untrained	32689	78	memtrain/o_599_1.jpg	photodiode	1
4632.052	0.5	4632052	trained	32763	4	memtrain/o_042_1.jpg	photodiode	1
4632.803	0.5	4632803	catch	32671	n/a	catch_padded.jpg	photodiode	0
4633.156	0.0	4633156	response	7	n/a	n/a	trigger	0
4634.905	0.5	4634905	untrained	32694	73	memtrain/o_519_2.jpg	photodiode	1
4635.755	0.5	4635755	untrained	32707	60	memtrain/o_228_2.jpg	photodiode	1
4636.556	0.5	4636556	untrained	32697	70	memtrain/o_471_2.jpg	photodiode	1
4637.407	0.5	4637407	untrained	32715	52	memtrain/o_141_1.jpg	photodiode	1
4638.207	0.5	4638207	catch	32671	n/a	catch_padded.jpg	photodiode	0
4638.431	0.0	4638431	response	7	n/a	n/a	trigger	0
4640.109	0.5	4640109	untrained	32675	92	memtrain/so_033_1.jpg	photodiode	1
4640.91	0.5	4640910	trained	32741	26	memtrain/o_376_1.jpg	photodiode	1
4641.76	0.5	4641760	untrained	32701	66	memtrain/o_342_2.jpg	photodiode	1
4642.661	0.5	4642661	trained	32749	18	memtrain/o_264_2.jpg	photodiode	1
4643.612	0.5	4643612	untrained	32672	95	memtrain/so_125_1.jpg	photodiode	1
4644.413	0.5	4644413	catch	32671	n/a	catch_padded.jpg	photodiode	0
4644.72	0.0	4644720	response	7	n/a	n/a	trigger	0
4646.506	0.5	4646506	trained	32761	6	memtrain/o_076_1.jpg	photodiode	1
4647.265	0.5	4647265	untrained	32704	63	memtrain/o_310_2.jpg	photodiode	1
4648.166	0.5	4648166	trained	32737	30	memtrain/o_437_2.jpg	photodiode	1
4649.008	0.5	4649008	catch	32671	n/a	catch_padded.jpg	photodiode	0
4649.293	0.0	4649293	response	7	n/a	n/a	trigger	0
4651.068	0.5	4651068	untrained	32684	83	memtrain/so_105_1.jpg	photodiode	1
4651.911	0.5	4651911	untrained	32686	81	memtrain/o_655_2.jpg	photodiode	1
4652.861	0.5	4652861	untrained	32687	80	memtrain/o_613_1.jpg	photodiode	1
4653.812	0.5	4653812	trained	32766	1	memtrain/o_015_1.jpg	photodiode	1
4654.613	0.5	4654613	untrained	32698	69	memtrain/o_464_2.jpg	photodiode	1
4655.522	0.5	4655522	catch	32671	n/a	catch_padded.jpg	photodiode	0
4655.727	0.0	4655727	response	7	n/a	n/a	trigger	0
4657.565	0.5	4657565	trained	32728	39	memtrain/o_606_1.jpg	photodiode	1
4658.316	0.5	4658316	trained	32733	34	memtrain/o_558_2.jpg	photodiode	1
4659.125	0.5	4659125	trained	32753	14	memtrain/o_174_1.jpg	photodiode	1
4659.967	0.5	4659967	catch	32671	n/a	catch_padded.jpg	photodiode	0
4660.402	0.0	4660402	response	7	n/a	n/a	trigger	0
4661.969	0.5	4661969	untrained	32677	90	memtrain/o_580_1.jpg	photodiode	1
4662.72	0.5	4662720	trained	32742	25	memtrain/o_358_2.jpg	photodiode	1
4663.47	0.5	4663470	untrained	32674	93	memtrain/so_035_1.jpg	photodiode	1
4664.371	0.5	4664371	trained	32755	12	memtrain/o_127_2.jpg	photodiode	1
4665.322	0.5	4665322	untrained	32678	89	memtrain/o_469_1.jpg	photodiode	1
4666.273	0.5	4666273	catch	32671	n/a	catch_padded.jpg	photodiode	0
4666.5	0.0	4666500	response	7	n/a	n/a	trigger	0
4668.224	0.5	4668224	untrained	32692	75	memtrain/o_564_1.jpg	photodiode	1
4669.075	0.5	4669075	untrained	32703	64	memtrain/o_334_2.jpg	photodiode	1
4669.976	0.5	4669976	untrained	32676	91	memtrain/o_605_1.jpg	photodiode	1
4670.877	0.5	4670877	untrained	32719	48	memtrain/o_019_2.jpg	photodiode	1
4671.727	0.5	4671727	untrained	32673	94	memtrain/so_067_1.jpg	photodiode	1
4672.528	0.5	4672528	catch	32671	n/a	catch_padded.jpg	photodiode	0
4672.756	0.0	4672756	response	7	n/a	n/a	trigger	0
4674.48	0.5	4674480	trained	32760	7	memtrain/o_091_2.jpg	photodiode	1
4675.381	0.5	4675381	untrained	32711	56	memtrain/o_163_2.jpg	photodiode	1
4676.231	0.5	4676231	trained	32729	38	memtrain/o_603_1.jpg	photodiode	1
4677.082	0.5	4677082	untrained	32718	49	memtrain/o_054_2.jpg	photodiode	1
4677.933	0.5	4677933	catch	32671	n/a	catch_padded.jpg	photodiode	0
4678.193	0.0	4678193	response	7	n/a	n/a	trigger	0
4679.884	0.5	4679884	untrained	32690	77	memtrain/o_574_2.jpg	photodiode	1
4680.835	0.5	4680835	untrained	32714	53	memtrain/o_142_2.jpg	photodiode	1
4681.586	0.5	4681586	untrained	32705	62	memtrain/o_304_1.jpg	photodiode	1
4682.387	0.5	4682387	trained	32757	10	memtrain/o_111_2.jpg	photodiode	1
4683.237	0.5	4683237	untrained	32696	71	memtrain/o_483_1.jpg	photodiode	1
4684.03	0.5	4684030	catch	32671	n/a	catch_padded.jpg	photodiode	0
4684.317	0.0	4684317	response	7	n/a	n/a	trigger	0
4686.031	0.5	4686031	untrained	32688	79	memtrain/o_600_1.jpg	photodiode	1
4686.932	0.5	4686932	trained	32767	0	memtrain/o_006_1.jpg	photodiode	1
4687.783	0.5	4687783	trained	32720	47	memtrain/so_147_2.jpg	photodiode	1
4688.583	0.5	4688583	trained	32734	33	memtrain/o_536_1.jpg	photodiode	1
4689.484	0.5	4689484	trained	32752	15	memtrain/o_195_1.jpg	photodiode	1
4690.285	0.5	4690285	catch	32671	n/a	catch_padded.jpg	photodiode	0
4690.619	0.0	4690619	response	7	n/a	n/a	trigger	0
4692.236	0.5	4692236	trained	32754	13	memtrain/o_136_1.jpg	photodiode	1
4693.037	0.5	4693037	trained	32756	11	memtrain/o_117_2.jpg	photodiode	1
4693.888	0.5	4693888	untrained	32717	50	memtrain/o_057_2.jpg	photodiode	1
4694.689	0.5	4694689	trained	32743	24	memtrain/o_357_1.jpg	photodiode	1
4695.539	0.5	4695539	catch	32671	n/a	catch_padded.jpg	photodiode	0
4695.87	0.0	4695870	response	7	n/a	n/a	trigger	0
4697.491	0.5	4697491	untrained	32716	51	memtrain/o_103_2.jpg	photodiode	1
4698.392	0.5	4698392	trained	32740	27	memtrain/o_379_2.jpg	photodiode	1
4699.192	0.5	4699192	trained	32759	8	memtrain/o_094_1.jpg	photodiode	1
4700.143	0.5	4700143	trained	32745	22	memtrain/o_321_1.jpg	photodiode	1
4701.094	0.5	4701094	untrained	32693	74	memtrain/o_550_1.jpg	photodiode	1
4702.045	0.5	4702045	catch	32671	n/a	catch_padded.jpg	photodiode	0
4702.278	0.0	4702278	response	7	n/a	n/a	trigger	0
4704.147	0.5	4704147	untrained	32699	68	memtrain/o_393_1.jpg	photodiode	1
4704.947	0.5	4704947	trained	32738	29	memtrain/o_416_1.jpg	photodiode	1
4705.698	0.5	4705698	untrained	32712	55	memtrain/o_153_2.jpg	photodiode	1
4706.549	0.5	4706549	trained	32725	42	memtrain/so_034_2.jpg	photodiode	1
4707.441	0.5	4707441	catch	32671	n/a	catch_padded.jpg	photodiode	0
4707.717	0.0	4707717	response	7	n/a	n/a	trigger	0
4709.543	0.5	4709543	trained	32765	2	memtrain/o_035_1.jpg	photodiode	1
4710.302	0.5	4710302	trained	32762	5	memtrain/o_067_1.jpg	photodiode	1
4711.153	0.5	4711153	trained	32750	17	memtrain/o_232_1.jpg	photodiode	1
4711.895	0.5	4711895	catch	32671	n/a	catch_padded.jpg	photodiode	0
4712.22	0.0	4712220	response	7	n/a	n/a	trigger	0
4714.371	0.0	4714371	block_end	120	n/a	n/a	trigger	0
4786.571	0.0	4786571	response	7	n/a	n/a	trigger	0
4786.574	0.0	4786574	block_onset	115	n/a	n/a	trigger	0
4788.618	0.5	4788618	untrained	32715	52	memtrain/o_141_1.jpg	photodiode	1
4789.427	0.5	4789427	untrained	32692	75	memtrain/o_564_1.jpg	photodiode	1
4790.328	0.5	4790328	untrained	32693	74	memtrain/o_550_1.jpg	photodiode	1
4791.279	0.5	4791279	untrained	32711	56	memtrain/o_163_2.jpg	photodiode	1
4792.18	0.5	4792180	catch	32671	n/a	catch_padded.jpg	photodiode	0
4792.491	0.0	4792491	response	7	n/a	n/a	trigger	0
4794.173	0.5	4794173	untrained	32685	82	memtrain/o_656_1.jpg	photodiode	1
4795.132	0.5	4795132	trained	32738	29	memtrain/o_416_1.jpg	photodiode	1
4795.974	0.5	4795974	untrained	32687	80	memtrain/o_613_1.jpg	photodiode	1
4796.725	0.5	4796725	untrained	32717	50	memtrain/o_057_2.jpg	photodiode	1
4797.626	0.5	4797626	trained	32744	23	memtrain/o_338_2.jpg	photodiode	1
4798.527	0.5	4798527	catch	32671	n/a	catch_padded.jpg	photodiode	0
4798.81	0.0	4798810	response	7	n/a	n/a	trigger	0
4800.528	0.5	4800528	trained	32743	24	memtrain/o_357_1.jpg	photodiode	1
4801.329	0.5	4801329	untrained	32694	73	memtrain/o_519_2.jpg	photodiode	1
4802.28	0.5	4802280	trained	32755	12	memtrain/o_127_2.jpg	photodiode	1
4803.08	0.5	4803080	untrained	32697	70	memtrain/o_471_2.jpg	photodiode	1
4804.031	0.5	4804031	catch	32671	n/a	catch_padded.jpg	photodiode	0
4804.389	0.0	4804389	response	7	n/a	n/a	trigger	0
4805.941	0.5	4805941	untrained	32716	51	memtrain/o_103_2.jpg	photodiode	1
4806.692	0.5	4806692	trained	32732	35	memtrain/o_561_2.jpg	photodiode	1
4807.484	0.5	4807484	trained	32730	37	memtrain/o_597_1.jpg	photodiode	1
4808.285	0.5	4808285	catch	32671	n/a	catch_padded.jpg	photodiode	0
4808.733	0.0	4808733	response	7	n/a	n/a	trigger	0
4810.337	0.5	4810337	trained	32723	44	memtrain/so_045_1.jpg	photodiode	1
4811.237	0.5	4811237	trained	32721	46	memtrain/so_113_1.jpg	photodiode	1
4812.188	0.5	4812188	trained	32757	10	memtrain/o_111_2.jpg	photodiode	1
4813.089	0.5	4813089	trained	32739	28	memtrain/o_397_1.jpg	photodiode	1
4814.04	0.5	4814040	trained	32750	17	memtrain/o_232_1.jpg	photodiode	1
4814.84	0.5	4814840	catch	32671	n/a	catch_padded.jpg	photodiode	0
4815.15	0.0	4815150	response	7	n/a	n/a	trigger	0
4816.942	0.5	4816942	trained	32748	19	memtrain/o_284_2.jpg	photodiode	1
4817.693	0.5	4817693	trained	32754	13	memtrain/o_136_1.jpg	photodiode	1
4818.544	0.5	4818544	untrained	32706	61	memtrain/o_298_2.jpg	photodiode	1
4819.344	0.5	4819344	untrained	32703	64	memtrain/o_334_2.jpg	photodiode	1
4820.145	0.5	4820145	trained	32733	34	memtrain/o_558_2.jpg	photodiode	1
4820.996	0.5	4820996	catch	32671	n/a	catch_padded.jpg	photodiode	0
4821.273	0.0	4821273	response	7	n/a	n/a	trigger	0
4823.047	0.5	4823047	untrained	32705	62	memtrain/o_304_1.jpg	photodiode	1
4823.898	0.5	4823898	trained	32758	9	memtrain/o_101_2.jpg	photodiode	1
4824.649	0.5	4824649	trained	32742	25	memtrain/o_358_2.jpg	photodiode	1
4825.391	0.5	4825391	trained	32722	45	memtrain/so_090_2.jpg	photodiode	1
4826.342	0.5	4826342	untrained	32684	83	memtrain/so_105_1.jpg	photodiode	1
4827.143	0.5	4827143	catch	32671	n/a	catch_padded.jpg	photodiode	0
4827.412	0.0	4827412	response	7	n/a	n/a	trigger	0
4829.044	0.5	4829044	trained	32740	27	memtrain/o_379_2.jpg	photodiode	1
4829.995	0.5	4829995	untrained	32702	65	memtrain/o_337_2.jpg	photodiode	1
4830.946	0.5	4830946	trained	32767	0	memtrain/o_006_1.jpg	photodiode	1
4831.797	0.5	4831797	trained	32720	47	memtrain/so_147_2.jpg	photodiode	1
4832.747	0.5	4832747	catch	32671	n/a	catch_padded.jpg	photodiode	0
4833.055	0.0	4833055	response	7	n/a	n/a	trigger	0
4834.749	0.5	4834749	trained	32752	15	memtrain/o_195_1.jpg	photodiode	1
4835.65	0.5	4835650	trained	32734	33	memtrain/o_536_1.jpg	photodiode	1
4836.45	0.5	4836450	untrained	32714	53	memtrain/o_142_2.jpg	photodiode	1
4837.201	0.5	4837201	trained	32724	43	memtrain/so_043_2.jpg	photodiode	1
4838.052	0.5	4838052	catch	32671	n/a	catch_padded.jpg	photodiode	0
4838.301	0.0	4838301	response	7	n/a	n/a	trigger	0
4840.154	0.5	4840154	untrained	32700	67	memtrain/o_378_1.jpg	photodiode	1
4840.954	0.5	4840954	untrained	32696	71	memtrain/o_483_1.jpg	photodiode	1
4841.805	0.5	4841805	untrained	32688	79	memtrain/o_600_1.jpg	photodiode	1
4842.606	0.5	4842606	untrained	32674	93	memtrain/so_035_1.jpg	photodiode	1
4843.456	0.5	4843456	catch	32671	n/a	catch_padded.jpg	photodiode	0
4843.708	0.0	4843708	response	7	n/a	n/a	trigger	0
4845.458	0.5	4845458	trained	32762	5	memtrain/o_067_1.jpg	photodiode	1
4846.359	0.5	4846359	untrained	32689	78	memtrain/o_599_1.jpg	photodiode	1
4847.21	0.5	4847210	trained	32727	40	memtrain/o_648_2.jpg	photodiode	1
4848.06	0.5	4848060	catch	32671	n/a	catch_padded.jpg	photodiode	0
4848.345	0.0	4848345	response	7	n/a	n/a	trigger	0
4850.012	0.5	4850012	trained	32760	7	memtrain/o_091_2.jpg	photodiode	1
4850.904	0.5	4850904	trained	32759	8	memtrain/o_094_1.jpg	photodiode	1
4851.655	0.5	4851655	trained	32761	6	memtrain/o_076_1.jpg	photodiode	1
4852.614	0.5	4852614	trained	32746	21	memtrain/o_319_1.jpg	photodiode	1
4853.507	0.5	4853507	trained	32725	42	memtrain/so_034_2.jpg	photodiode	1
4854.457	0.5	4854457	catch	32671	n/a	catch_padded.jpg	photodiode	0
4854.669	0.0	4854669	response	7	n/a	n/a	trigger	0
4856.359	0.5	4856359	untrained	32699	68	memtrain/o_393_1.jpg	photodiode	1
4857.31	0.5	4857310	untrained	32686	81	memtrain/o_655_2.jpg	photodiode	1
4858.11	0.5	4858110	untrained	32698	69	memtrain/o_464_2.jpg	photodiode	1
4859.061	0.5	4859061	trained	32735	32	memtrain/o_485_2.jpg	photodiode	1
4859.87	0.5	4859870	catch	32671	n/a	catch_padded.jpg	photodiode	0
4860.171	0.0	4860171	response	7	n/a	n/a	trigger	0
4861.814	0.5	4861814	trained	32749	18	memtrain/o_264_2.jpg	photodiode	1
4862.673	0.5	4862673	trained	32728	39	memtrain/o_606_1.jpg	photodiode	1
4863.415	0.5	4863415	trained	32765	2	memtrain/o_035_1.jpg	photodiode	1
4864.216	0.5	4864216	catch	32671	n/a	catch_padded.jpg	photodiode	0
4864.521	0.0	4864521	response	7	n/a	n/a	trigger	0
4866.176	0.5	4866176	untrained	32675	92	memtrain/so_033_1.jpg	photodiode	1
4867.068	0.5	4867068	trained	32726	41	memtrain/o_663_2.jpg	photodiode	1
4867.869	0.5	4867869	untrained	32707	60	memtrain/o_228_2.jpg	photodiode	1
4868.769	0.5	4868769	catch	32671	n/a	catch_padded.jpg	photodiode	0
4869.09	0.0	4869090	response	7	n/a	n/a	trigger	0
4870.721	0.5	4870721	trained	32731	36	memtrain/o_583_1.jpg	photodiode	1
4871.472	0.5	4871472	untrained	32681	86	memtrain/o_288_1.jpg	photodiode	1
4872.322	0.5	4872322	untrained	32718	49	memtrain/o_054_2.jpg	photodiode	1
4873.223	0.5	4873223	catch	32671	n/a	catch_padded.jpg	photodiode	0
4873.552	0.0	4873552	response	7	n/a	n/a	trigger	0
4875.175	0.5	4875175	trained	32763	4	memtrain/o_042_1.jpg	photodiode	1
4875.926	0.5	4875926	untrained	32713	54	memtrain/o_145_1.jpg	photodiode	1
4876.676	0.5	4876676	untrained	32682	85	memtrain/o_218_1.jpg	photodiode	1
4877.477	0.5	4877477	catch	32671	n/a	catch_padded.jpg	photodiode	0
4877.772	0.0	4877772	response	7	n/a	n/a	trigger	0
4879.479	0.5	4879479	trained	32729	38	memtrain/o_603_1.jpg	photodiode	1
4880.271	0.5	4880271	untrained	32691	76	memtrain/o_570_1.jpg	photodiode	1
4881.18	0.5	4881180	untrained	32704	63	memtrain/o_310_2.jpg	photodiode	1
4881.931	0.5	4881931	untrained	32709	58	memtrain/o_192_1.jpg	photodiode	1
4882.831	0.5	4882831	trained	32766	1	memtrain/o_015_1.jpg	photodiode	1
4883.774	0.5	4883774	catch	32671	n/a	catch_padded.jpg	photodiode	0
4883.993	0.0	4883993	response	7	n/a	n/a	trigger	0
4885.826	0.5	4885826	trained	32747	20	memtrain/o_290_1.jpg	photodiode	1
4886.676	0.5	4886676	untrained	32680	87	memtrain/o_365_1.jpg	photodiode	1
4887.577	0.5	4887577	untrained	32673	94	memtrain/so_067_1.jpg	photodiode	1
4888.328	0.5	4888328	trained	32736	31	memtrain/o_465_2.jpg	photodiode	1
4889.128	0.5	4889128	catch	32671	n/a	catch_padded.jpg	photodiode	0
4889.487	0.0	4889487	response	7	n/a	n/a	trigger	0
4891.18	0.5	4891180	untrained	32719	48	memtrain/o_019_2.jpg	photodiode	1
4892.131	0.5	4892131	untrained	32679	88	memtrain/o_458_1.jpg	photodiode	1
4893.082	0.5	4893082	untrained	32683	84	memtrain/so_117_2.jpg	photodiode	1
4893.933	0.5	4893933	catch	32671	n/a	catch_padded.jpg	photodiode	0
4894.221	0.0	4894221	response	7	n/a	n/a	trigger	0
4895.834	0.5	4895834	untrained	32695	72	memtrain/o_490_1.jpg	photodiode	1
4896.635	0.5	4896635	untrained	32677	90	memtrain/o_580_1.jpg	photodiode	1
4897.486	0.5	4897486	untrained	32708	59	memtrain/o_201_2.jpg	photodiode	1
4898.236	0.5	4898236	untrained	32710	57	memtrain/o_171_1.jpg	photodiode	1
4899.037	0.5	4899037	untrained	32712	55	memtrain/o_153_2.jpg	photodiode	1
4899.787	0.5	4899787	catch	32671	n/a	catch_padded.jpg	photodiode	0
4900.066	0.0	4900066	response	7	n/a	n/a	trigger	0
4901.839	0.5	4901839	trained	32751	16	memtrain/o_199_2.jpg	photodiode	1
4902.69	0.5	4902690	trained	32764	3	memtrain/o_040_2.jpg	photodiode	1
4903.541	0.5	4903541	trained	32745	22	memtrain/o_321_1.jpg	photodiode	1
4904.491	0.5	4904491	untrained	32678	89	memtrain/o_469_1.jpg	photodiode	1
4905.242	0.5	4905242	catch	32671	n/a	catch_padded.jpg	photodiode	0
4905.545	0.0	4905545	response	7	n/a	n/a	trigger	0
4907.194	0.5	4907194	untrained	32701	66	memtrain/o_342_2.jpg	photodiode	1
4907.944	0.5	4907944	trained	32753	14	memtrain/o_174_1.jpg	photodiode	1
4908.837	0.5	4908837	trained	32741	26	memtrain/o_376_1.jpg	photodiode	1
4909.687	0.5	4909687	catch	32671	n/a	catch_padded.jpg	photodiode	0
4910.039	0.0	4910039	response	7	n/a	n/a	trigger	0
4911.789	0.5	4911789	untrained	32676	91	memtrain/o_605_1.jpg	photodiode	1
4912.598	0.5	4912598	untrained	32690	77	memtrain/o_574_2.jpg	photodiode	1
4913.399	0.5	4913399	trained	32737	30	memtrain/o_437_2.jpg	photodiode	1
4914.291	0.5	4914291	trained	32756	11	memtrain/o_117_2.jpg	photodiode	1
4915.142	0.5	4915142	untrained	32672	95	memtrain/so_125_1.jpg	photodiode	1
4916.001	0.5	4916001	catch	32671	n/a	catch_padded.jpg	photodiode	0
4916.337	0.0	4916337	response	7	n/a	n/a	trigger	0
4917.995	0.5	4917995	trained	32737	30	memtrain/o_437_2.jpg	photodiode	1
4918.854	0.5	4918854	trained	32731	36	memtrain/o_583_1.jpg	photodiode	1
4919.596	0.5	4919596	untrained	32717	50	memtrain/o_057_2.jpg	photodiode	1
4920.547	0.5	4920547	untrained	32676	91	memtrain/o_605_1.jpg	photodiode	1
4921.297	0.5	4921297	catch	32671	n/a	catch_padded.jpg	photodiode	0
4921.668	0.0	4921668	response	7	n/a	n/a	trigger	0
4923.199	0.5	4923199	trained	32759	8	memtrain/o_094_1.jpg	photodiode	1
4923.95	0.5	4923950	trained	32741	26	memtrain/o_376_1.jpg	photodiode	1
4924.9	0.5	4924900	trained	32767	0	memtrain/o_006_1.jpg	photodiode	1
4925.801	0.5	4925801	untrained	32715	52	memtrain/o_141_1.jpg	photodiode	1
4926.702	0.5	4926702	catch	32671	n/a	catch_padded.jpg	photodiode	0
4926.944	0.0	4926944	response	7	n/a	n/a	trigger	0
4928.654	0.5	4928654	untrained	32694	73	memtrain/o_519_2.jpg	photodiode	1
4929.454	0.5	4929454	untrained	32682	85	memtrain/o_218_1.jpg	photodiode	1
4930.355	0.5	4930355	trained	32764	3	memtrain/o_040_2.jpg	photodiode	1
4931.256	0.5	4931256	catch	32671	n/a	catch_padded.jpg	photodiode	0
4931.665	0.0	4931665	response	7	n/a	n/a	trigger	0
4933.157	0.5	4933157	untrained	32678	89	memtrain/o_469_1.jpg	photodiode	1
4934.058	0.5	4934058	trained	32727	40	memtrain/o_648_2.jpg	photodiode	1
4934.909	0.5	4934909	trained	32752	15	memtrain/o_195_1.jpg	photodiode	1
4935.76	0.5	4935760	trained	32743	24	memtrain/o_357_1.jpg	photodiode	1
4936.702	0.5	4936702	catch	32671	n/a	catch_padded.jpg	photodiode	0
4937.104	0.0	4937104	response	7	n/a	n/a	trigger	0
4938.812	0.5	4938812	trained	32740	27	memtrain/o_379_2.jpg	photodiode	1
4939.663	0.5	4939663	untrained	32697	70	memtrain/o_471_2.jpg	photodiode	1
4940.414	0.5	4940414	trained	32757	10	memtrain/o_111_2.jpg	photodiode	1
4941.206	0.5	4941206	catch	32671	n/a	catch_padded.jpg	photodiode	0
4941.573	0.0	4941573	response	7	n/a	n/a	trigger	0
4943.116	0.5	4943116	untrained	32680	87	memtrain/o_365_1.jpg	photodiode	1
4944.008	0.5	4944008	untrained	32703	64	memtrain/o_334_2.jpg	photodiode	1
4944.759	0.5	4944759	trained	32744	23	memtrain/o_338_2.jpg	photodiode	1
4945.718	0.5	4945718	trained	32723	44	memtrain/so_045_1.jpg	photodiode	1
4946.51	0.5	4946510	trained	32762	5	memtrain/o_067_1.jpg	photodiode	1
4947.411	0.5	4947411	catch	32671	n/a	catch_padded.jpg	photodiode	0
4947.879	0.0	4947879	response	7	n/a	n/a	trigger	0
4949.413	0.5	4949413	untrained	32711	56	memtrain/o_163_2.jpg	photodiode	1
4950.214	0.5	4950214	trained	32747	20	memtrain/o_290_1.jpg	photodiode	1
4950.964	0.5	4950964	untrained	32681	86	memtrain/o_288_1.jpg	photodiode	1
4951.915	0.5	4951915	catch	32671	n/a	catch_padded.jpg	photodiode	0
4952.258	0.0	4952258	response	7	n/a	n/a	trigger	0
4953.817	0.5	4953817	untrained	32696	71	memtrain/o_483_1.jpg	photodiode	1
4954.667	0.5	4954667	trained	32739	28	memtrain/o_397_1.jpg	photodiode	1
4955.568	0.5	4955568	untrained	32719	48	memtrain/o_019_2.jpg	photodiode	1
4956.469	0.5	4956469	trained	32766	1	memtrain/o_015_1.jpg	photodiode	1
4957.42	0.5	4957420	trained	32750	17	memtrain/o_232_1.jpg	photodiode	1
4958.37	0.5	4958370	catch	32671	n/a	catch_padded.jpg	photodiode	0
4958.675	0.0	4958675	response	7	n/a	n/a	trigger	0
4960.422	0.5	4960422	trained	32724	43	memtrain/so_043_2.jpg	photodiode	1
4961.173	0.5	4961173	trained	32746	21	memtrain/o_319_1.jpg	photodiode	1
4962.074	0.5	4962074	trained	32720	47	memtrain/so_147_2.jpg	photodiode	1
4962.974	0.5	4962974	trained	32748	19	memtrain/o_284_2.jpg	photodiode	1
4963.825	0.5	4963825	trained	32733	34	memtrain/o_558_2.jpg	photodiode	1
4964.726	0.5	4964726	catch	32671	n/a	catch_padded.jpg	photodiode	0
4964.966	0.0	4964966	response	7	n/a	n/a	trigger	0
4966.627	0.5	4966627	untrained	32706	61	memtrain/o_298_2.jpg	photodiode	1
4967.188	0.0	4967188	response	7	n/a	n/a	trigger	0
4967.478	0.5	4967478	trained	32760	7	memtrain/o_091_2.jpg	photodiode	1
4968.27	0.5	4968270	trained	32755	12	memtrain/o_127_2.jpg	photodiode	1
4968.686	0.0	4968686	response	7	n/a	n/a	trigger	0
4969.08	0.5	4969080	untrained	32677	90	memtrain/o_580_1.jpg	photodiode	1
4969.93	0.5	4969930	untrained	32702	65	memtrain/o_337_2.jpg	photodiode	1
4970.823	0.5	4970823	catch	32671	n/a	catch_padded.jpg	photodiode	0
4972.359	0.0	4972359	response	7	n/a	n/a	trigger	0
4972.724	0.5	4972724	untrained	32673	94	memtrain/so_067_1.jpg	photodiode	1
4973.475	0.5	4973475	trained	32753	14	memtrain/o_174_1.jpg	photodiode	1
4974.376	0.5	4974376	trained	32734	33	memtrain/o_536_1.jpg	photodiode	1
4975.226	0.5	4975226	trained	32732	35	memtrain/o_561_2.jpg	photodiode	1
4976.177	0.5	4976177	catch	32671	n/a	catch_padded.jpg	photodiode	0
4976.509	0.0	4976509	response	7	n/a	n/a	trigger	0
4978.279	0.5	4978279	untrained	32691	76	memtrain/o_570_1.jpg	photodiode	1
4979.23	0.5	4979230	untrained	32700	67	memtrain/o_378_1.jpg	photodiode	1
4980.081	0.5	4980081	untrained	32698	69	memtrain/o_464_2.jpg	photodiode	1
4980.931	0.5	4980931	untrained	32695	72	memtrain/o_490_1.jpg	photodiode	1
4981.682	0.5	4981682	untrained	32709	58	memtrain/o_192_1.jpg	photodiode	1
4982.633	0.5	4982633	catch	32671	n/a	catch_padded.jpg	photodiode	0
4982.963	0.0	4982963	response	7	n/a	n/a	trigger	0
4984.734	0.5	4984734	untrained	32685	82	memtrain/o_656_1.jpg	photodiode	1
4985.685	0.5	4985685	trained	32745	22	memtrain/o_321_1.jpg	photodiode	1
4986.536	0.5	4986536	untrained	32699	68	memtrain/o_393_1.jpg	photodiode	1
4987.387	0.5	4987387	untrained	32686	81	memtrain/o_655_2.jpg	photodiode	1
4988.338	0.5	4988338	catch	32671	n/a	catch_padded.jpg	photodiode	0
4988.732	0.0	4988732	response	7	n/a	n/a	trigger	0
4990.289	0.5	4990289	untrained	32672	95	memtrain/so_125_1.jpg	photodiode	1
4991.19	0.5	4991190	trained	32736	31	memtrain/o_465_2.jpg	photodiode	1
4992.141	0.5	4992141	trained	32754	13	memtrain/o_136_1.jpg	photodiode	1
4992.941	0.5	4992941	untrained	32705	62	memtrain/o_304_1.jpg	photodiode	1
4993.892	0.5	4993892	catch	32671	n/a	catch_padded.jpg	photodiode	0
4994.263	0.0	4994263	response	7	n/a	n/a	trigger	0
4995.794	0.5	4995794	untrained	32714	53	memtrain/o_142_2.jpg	photodiode	1
4996.544	0.5	4996544	untrained	32704	63	memtrain/o_310_2.jpg	photodiode	1
4997.287	0.5	4997287	trained	32729	38	memtrain/o_603_1.jpg	photodiode	1
4998.196	0.5	4998196	untrained	32716	51	memtrain/o_103_2.jpg	photodiode	1
4999.088	0.5	4999088	catch	32671	n/a	catch_padded.jpg	photodiode	0
4999.422	0.0	4999422	response	7	n/a	n/a	trigger	0
5000.99	0.5	5000990	untrained	32683	84	memtrain/so_117_2.jpg	photodiode	1
5001.799	0.5	5001799	trained	32751	16	memtrain/o_199_2.jpg	photodiode	1
5002.7	0.5	5002700	untrained	32708	59	memtrain/o_201_2.jpg	photodiode	1
5003.492	0.5	5003492	untrained	32687	80	memtrain/o_613_1.jpg	photodiode	1
5004.443	0.5	5004443	untrained	32710	57	memtrain/o_171_1.jpg	photodiode	1
5005.244	0.5	5005244	catch	32671	n/a	catch_padded.jpg	photodiode	0
5005.545	0.0	5005545	response	7	n/a	n/a	trigger	0
5007.204	0.5	5007204	untrained	32690	77	memtrain/o_574_2.jpg	photodiode	1
5008.046	0.5	5008046	trained	32726	41	memtrain/o_663_2.jpg	photodiode	1
5008.847	0.5	5008847	untrained	32718	49	memtrain/o_054_2.jpg	photodiode	1
5009.597	0.5	5009597	untrained	32707	60	memtrain/o_228_2.jpg	photodiode	1
5010.548	0.5	5010548	catch	32671	n/a	catch_padded.jpg	photodiode	0
5010.895	0.0	5010895	response	7	n/a	n/a	trigger	0
5012.5	0.5	5012500	trained	32721	46	memtrain/so_113_1.jpg	photodiode	1
5013.451	0.5	5013451	untrained	32692	75	memtrain/o_564_1.jpg	photodiode	1
5014.351	0.5	5014351	untrained	32674	93	memtrain/so_035_1.jpg	photodiode	1
5015.202	0.5	5015202	catch	32671	n/a	catch_padded.jpg	photodiode	0
5015.653	0.0	5015653	response	7	n/a	n/a	trigger	0
5017.204	0.5	5017204	trained	32730	37	memtrain/o_597_1.jpg	photodiode	1
5018.155	0.5	5018155	trained	32749	18	memtrain/o_264_2.jpg	photodiode	1
5019.005	0.5	5019005	trained	32722	45	memtrain/so_090_2.jpg	photodiode	1
5019.806	0.5	5019806	trained	32763	4	memtrain/o_042_1.jpg	photodiode	1
5020.757	0.5	5020757	trained	32738	29	memtrain/o_416_1.jpg	photodiode	1
5021.708	0.5	5021708	catch	32671	n/a	catch_padded.jpg	photodiode	0
5022.053	0.0	5022053	response	7	n/a	n/a	trigger	0
5023.709	0.5	5023709	untrained	32713	54	memtrain/o_145_1.jpg	photodiode	1
5024.61	0.5	5024610	trained	32735	32	memtrain/o_485_2.jpg	photodiode	1
5025.461	0.5	5025461	untrained	32712	55	memtrain/o_153_2.jpg	photodiode	1
5026.203	0.5	5026203	catch	32671	n/a	catch_padded.jpg	photodiode	0
5026.813	0.0	5026813	response	7	n/a	n/a	trigger	0
5028.113	0.5	5028113	trained	32761	6	memtrain/o_076_1.jpg	photodiode	1
5029.064	0.5	5029064	untrained	32689	78	memtrain/o_599_1.jpg	photodiode	1
5029.814	0.5	5029814	untrained	32679	88	memtrain/o_458_1.jpg	photodiode	1
5030.665	0.5	5030665	catch	32671	n/a	catch_padded.jpg	photodiode	0
5031.191	0.0	5031191	response	7	n/a	n/a	trigger	0
5032.708	0.5	5032708	trained	32742	25	memtrain/o_358_2.jpg	photodiode	1
5033.509	0.5	5033509	untrained	32701	66	memtrain/o_342_2.jpg	photodiode	1
5034.26	0.5	5034260	trained	32728	39	memtrain/o_606_1.jpg	photodiode	1
5035.06	0.5	5035060	trained	32758	9	memtrain/o_101_2.jpg	photodiode	1
5035.961	0.5	5035961	untrained	32675	92	memtrain/so_033_1.jpg	photodiode	1
5036.712	0.5	5036712	catch	32671	n/a	catch_padded.jpg	photodiode	0
5037.279	0.0	5037279	response	7	n/a	n/a	trigger	0
5038.814	0.5	5038814	trained	32725	42	memtrain/so_034_2.jpg	photodiode	1
5039.714	0.5	5039714	trained	32765	2	memtrain/o_035_1.jpg	photodiode	1
5040.665	0.5	5040665	trained	32756	11	memtrain/o_117_2.jpg	photodiode	1
5041.566	0.5	5041566	catch	32671	n/a	catch_padded.jpg	photodiode	0
5041.951	0.0	5041951	response	7	n/a	n/a	trigger	0
5043.568	0.5	5043568	untrained	32684	83	memtrain/so_105_1.jpg	photodiode	1
5044.318	0.5	5044318	untrained	32693	74	memtrain/o_550_1.jpg	photodiode	1
5045.269	0.5	5045269	untrained	32688	79	memtrain/o_600_1.jpg	photodiode	1
5046.07	0.5	5046070	catch	32671	n/a	catch_padded.jpg	photodiode	0
5046.456	0.0	5046456	response	7	n/a	n/a	trigger	0
5048.544	0.0	5048544	block_end	120	n/a	n/a	trigger	0
