onset	duration	sample	trial_type	value	object_id	stimulus_id	onset_source	analysis_include
6.896	0.5	6896	catch	32671	n/a	catch_padded.jpg	photodiode	0
61.171	0.0	61171	response	6	n/a	n/a	trigger	0
61.185	0.0	61185	block_onset	101	n/a	n/a	trigger	0
63.398	0.5	63398	trained	32739	28	memtrain/o_397_1.jpg	photodiode	1
63.998	0.5	63998	untrained	32711	56	memtrain/o_163_2.jpg	photodiode	1
64.849	0.5	64849	trained	32734	33	memtrain/o_536_1.jpg	photodiode	1
65.641	0.5	65641	catch	32671	n/a	catch_padded.jpg	photodiode	0
66.072	0.0	66072	response	6	n/a	n/a	trigger	0
67.601	0.5	67601	untrained	32686	81	memtrain/o_655_2.jpg	photodiode	1
68.502	0.5	68502	untrained	32673	94	memtrain/so_067_1.jpg	photodiode	1
69.394	0.5	69394	untrained	32695	72	memtrain/o_490_1.jpg	photodiode	1
70.245	0.5	70245	trained	32748	19	memtrain/o_284_2.jpg	photodiode	1
71.095	0.5	71095	trained	32732	35	memtrain/o_561_2.jpg	photodiode	1
71.846	0.5	71846	catch	32671	n/a	catch_padded.jpg	photodiode	0
72.145	0.0	72145	response	6	n/a	n/a	trigger	0
73.848	0.5	73848	trained	32749	18	memtrain/o_264_2.jpg	photodiode	1
74.598	0.5	74598	trained	32720	47	memtrain/so_147_2.jpg	photodiode	1
75.549	0.5	75549	untrained	32682	85	memtrain/o_218_1.jpg	photodiode	1
76.45	0.5	76450	untrained	32690	77	memtrain/o_574_2.jpg	photodiode	1
77.25	0.5	77250	catch	32671	n/a	catch_padded.jpg	photodiode	0
77.617	0.0	77617	response	6	n/a	n/a	trigger	0
79.152	0.5	79152	untrained	32672	95	memtrain/so_125_1.jpg	photodiode	1
79.903	0.5	79903	untrained	32698	69	memtrain/o_464_2.jpg	photodiode	1
80.653	0.5	80653	untrained	32678	89	memtrain/o_469_1.jpg	photodiode	1
81.454	0.5	81454	untrained	32709	58	memtrain/o_192_1.jpg	photodiode	1
82.255	0.5	82255	catch	32671	n/a	catch_padded.jpg	photodiode	0
82.518	0.0	82518	response	6	n/a	n/a	trigger	0
84.357	0.5	84357	trained	32731	36	memtrain/o_583_1.jpg	photodiode	1
85.107	0.5	85107	untrained	32718	49	memtrain/o_054_2.jpg	photodiode	1
86.0	0.5	86000	untrained	32702	65	memtrain/o_337_2.jpg	photodiode	1
86.901	0.5	86901	untrained	32710	57	memtrain/o_171_1.jpg	photodiode	1
87.851	0.5	87851	trained	32761	6	memtrain/o_076_1.jpg	photodiode	1
88.81	0.5	88810	catch	32671	n/a	catch_padded.jpg	photodiode	0
88.982	0.0	88982	response	6	n/a	n/a	trigger	0
90.912	0.5	90912	untrained	32696	71	memtrain/o_483_1.jpg	photodiode	1
91.855	0.5	91855	trained	32756	11	memtrain/o_117_2.jpg	photodiode	1
92.756	0.5	92756	trained	32730	37	memtrain/o_597_1.jpg	photodiode	1
93.506	0.5	93506	untrained	32692	75	memtrain/o_564_1.jpg	photodiode	1
94.457	0.5	94457	trained	32758	9	memtrain/o_101_2.jpg	photodiode	1
95.408	0.5	95408	catch	32671	n/a	catch_padded.jpg	photodiode	0
95.622	0.0	95622	response	6	n/a	n/a	trigger	0
97.46	0.5	97460	untrained	32683	84	memtrain/so_117_2.jpg	photodiode	1
98.31	0.5	98310	untrained	32674	93	memtrain/so_035_1.jpg	photodiode	1
99.061	0.5	99061	untrained	32714	53	memtrain/o_142_2.jpg	photodiode	1
100.012	0.5	100012	trained	32765	2	memtrain/o_035_1.jpg	photodiode	1
100.812	0.5	100812	untrained	32699	68	memtrain/o_393_1.jpg	photodiode	1
101.613	0.5	101613	catch	32671	n/a	catch_padded.jpg	photodiode	0
101.891	0.0	101891	response	6	n/a	n/a	trigger	0
103.665	0.5	103665	trained	32752	15	memtrain/o_195_1.jpg	photodiode	1
104.415	0.5	104415	untrained	32701	66	memtrain/o_342_2.jpg	photodiode	1
105.266	0.5	105266	trained	32745	22	memtrain/o_321_1.jpg	photodiode	1
106.067	0.5	106067	trained	32744	23	memtrain/o_338_2.jpg	photodiode	1
106.867	0.5	106867	catch	32671	n/a	catch_padded.jpg	photodiode	0
107.199	0.0	107199	response	6	n/a	n/a	trigger	0
108.769	0.5	108769	trained	32767	0	memtrain/o_006_1.jpg	photodiode	1
109.67	0.5	109670	trained	32721	46	memtrain/so_113_1.jpg	photodiode	1
110.571	0.5	110571	untrained	32681	86	memtrain/o_288_1.jpg	photodiode	1
111.471	0.5	111471	catch	32671	n/a	catch_padded.jpg	photodiode	0
111.876	0.0	111876	response	6	n/a	n/a	trigger	0
113.373	0.5	113373	untrained	32675	92	memtrain/so_033_1.jpg	photodiode	1
114.124	0.5	114124	untrained	32712	55	memtrain/o_153_2.jpg	photodiode	1
114.874	0.5	114874	trained	32735	32	memtrain/o_485_2.jpg	photodiode	1
115.775	0.5	115775	untrained	32703	64	memtrain/o_334_2.jpg	photodiode	1
116.717	0.5	116717	untrained	32705	62	memtrain/o_304_1.jpg	photodiode	1
117.568	0.5	117568	catch	32671	n/a	catch_padded.jpg	photodiode	0
117.897	0.0	117897	response	6	n/a	n/a	trigger	0
119.57	0.5	119570	untrained	32708	59	memtrain/o_201_2.jpg	photodiode	1
120.37	0.5	120370	trained	32742	25	memtrain/o_358_2.jpg	photodiode	1
121.171	0.5	121171	trained	32766	1	memtrain/o_015_1.jpg	photodiode	1
121.972	0.5	121972	catch	32671	n/a	catch_padded.jpg	photodiode	0
122.325	0.0	122325	response	6	n/a	n/a	trigger	0
124.074	0.5	124074	trained	32725	42	memtrain/so_034_2.jpg	photodiode	1
124.974	0.5	124974	trained	32764	3	memtrain/o_040_2.jpg	photodiode	1
125.825	0.5	125825	untrained	32704	63	memtrain/o_310_2.jpg	photodiode	1
126.726	0.5	126726	untrained	32676	91	memtrain/o_605_1.jpg	photodiode	1
127.677	0.5	127677	catch	32671	n/a	catch_padded.jpg	photodiode	0
127.957	0.0	127957	response	6	n/a	n/a	trigger	0
129.578	0.5	129578	trained	32722	45	memtrain/so_090_2.jpg	photodiode	1
130.329	0.5	130329	trained	32733	34	memtrain/o_558_2.jpg	photodiode	1
131.079	0.5	131079	trained	32754	13	memtrain/o_136_1.jpg	photodiode	1
131.93	0.5	131930	trained	32757	10	memtrain/o_111_2.jpg	photodiode	1
132.731	0.5	132731	trained	32750	17	memtrain/o_232_1.jpg	photodiode	1
133.682	0.5	133682	catch	32671	n/a	catch_padded.jpg	photodiode	0
133.923	0.0	133923	response	6	n/a	n/a	trigger	0
135.583	0.5	135583	untrained	32687	80	memtrain/o_613_1.jpg	photodiode	1
136.384	0.5	136384	untrained	32685	82	memtrain/o_656_1.jpg	photodiode	1
137.335	0.5	137335	trained	32743	24	memtrain/o_357_1.jpg	photodiode	1
137.794	0.0	137794	response	5	n/a	n/a	trigger	0
138.085	0.5	138085	untrained	32684	83	memtrain/so_105_1.jpg	photodiode	1
138.986	0.5	138986	catch	32671	n/a	catch_padded.jpg	photodiode	0
139.25	0.0	139250	response	6	n/a	n/a	trigger	0
140.988	0.5	140988	trained	32737	30	memtrain/o_437_2.jpg	photodiode	1
141.739	0.5	141739	untrained	32707	60	memtrain/o_228_2.jpg	photodiode	1
142.689	0.5	142689	trained	32762	5	memtrain/o_067_1.jpg	photodiode	1
143.59	0.5	143590	trained	32724	43	memtrain/so_043_2.jpg	photodiode	1
144.491	0.5	144491	catch	32671	n/a	catch_padded.jpg	photodiode	0
144.79	0.0	144790	response	6	n/a	n/a	trigger	0
146.585	0.5	146585	trained	32759	8	memtrain/o_094_1.jpg	photodiode	1
147.535	0.5	147535	trained	32729	38	memtrain/o_603_1.jpg	photodiode	1
148.102	0.0	148102	response	5	n/a	n/a	trigger	0
148.294	0.5	148294	untrained	32680	87	memtrain/o_365_1.jpg	photodiode	1
149.237	0.5	149237	catch	32671	n/a	catch_padded.jpg	photodiode	0
149.59	0.0	149590	response	6	n/a	n/a	trigger	0
151.288	0.5	151288	trained	32746	21	memtrain/o_319_1.jpg	photodiode	1
152.089	0.5	152089	trained	32736	31	memtrain/o_465_2.jpg	photodiode	1
152.94	0.5	152940	trained	32740	27	memtrain/o_379_2.jpg	photodiode	1
153.841	0.5	153841	trained	32738	29	memtrain/o_416_1.jpg	photodiode	1
154.591	0.5	154591	catch	32671	n/a	catch_padded.jpg	photodiode	0
154.9	0.0	154900	response	6	n/a	n/a	trigger	0
156.543	0.5	156543	trained	32728	39	memtrain/o_606_1.jpg	photodiode	1
157.352	0.5	157352	untrained	32688	79	memtrain/o_600_1.jpg	photodiode	1
158.144	0.5	158144	untrained	32694	73	memtrain/o_519_2.jpg	photodiode	1
158.995	0.5	158995	catch	32671	n/a	catch_padded.jpg	photodiode	0
159.373	0.0	159373	response	6	n/a	n/a	trigger	0
160.947	0.5	160947	trained	32727	40	memtrain/o_648_2.jpg	photodiode	1
161.897	0.5	161897	trained	32751	16	memtrain/o_199_2.jpg	photodiode	1
162.748	0.5	162748	trained	32755	12	memtrain/o_127_2.jpg	photodiode	1
163.599	0.5	163599	catch	32671	n/a	catch_padded.jpg	photodiode	0
163.997	0.0	163997	response	6	n/a	n/a	trigger	0
165.501	0.5	165501	untrained	32700	67	memtrain/o_378_1.jpg	photodiode	1
166.401	0.5	166401	untrained	32716	51	memtrain/o_103_2.jpg	photodiode	1
167.352	0.5	167352	untrained	32717	50	memtrain/o_057_2.jpg	photodiode	1
168.103	0.5	168103	catch	32671	n/a	catch_padded.jpg	photodiode	0
168.505	0.0	168505	response	6	n/a	n/a	trigger	0
170.104	0.5	170104	untrained	32689	78	memtrain/o_599_1.jpg	photodiode	1
170.955	0.5	170955	untrained	32679	88	memtrain/o_458_1.jpg	photodiode	1
171.806	0.5	171806	trained	32753	14	memtrain/o_174_1.jpg	photodiode	1
172.757	0.5	172757	trained	32723	44	memtrain/so_045_1.jpg	photodiode	1
173.657	0.5	173657	trained	32760	7	memtrain/o_091_2.jpg	photodiode	1
174.6	0.5	174600	catch	32671	n/a	catch_padded.jpg	photodiode	0
174.773	0.0	174773	response	6	n/a	n/a	trigger	0
176.651	0.5	176651	trained	32741	26	memtrain/o_376_1.jpg	photodiode	1
177.452	0.5	177452	untrained	32706	61	memtrain/o_298_2.jpg	photodiode	1
178.253	0.5	178253	untrained	32715	52	memtrain/o_141_1.jpg	photodiode	1
179.154	0.5	179154	trained	32726	41	memtrain/o_663_2.jpg	photodiode	1
180.004	0.5	180004	catch	32671	n/a	catch_padded.jpg	photodiode	0
180.28	0.0	180280	response	6	n/a	n/a	trigger	0
182.056	0.5	182056	trained	32763	4	memtrain/o_042_1.jpg	photodiode	1
182.857	0.5	182857	untrained	32691	76	memtrain/o_570_1.jpg	photodiode	1
183.707	0.5	183707	untrained	32693	74	memtrain/o_550_1.jpg	photodiode	1
184.508	0.5	184508	catch	32671	n/a	catch_padded.jpg	photodiode	0
184.822	0.0	184822	response	6	n/a	n/a	trigger	0
186.51	0.5	186510	untrained	32713	54	memtrain/o_145_1.jpg	photodiode	1
187.361	0.5	187361	trained	32747	20	memtrain/o_290_1.jpg	photodiode	1
188.311	0.5	188311	untrained	32677	90	memtrain/o_580_1.jpg	photodiode	1
189.162	0.5	189162	untrained	32719	48	memtrain/o_019_2.jpg	photodiode	1
189.963	0.5	189963	catch	32671	n/a	catch_padded.jpg	photodiode	0
190.279	0.0	190279	response	6	n/a	n/a	trigger	0
192.065	0.5	192065	untrained	32697	70	memtrain/o_471_2.jpg	photodiode	1
192.865	0.5	192865	trained	32733	34	memtrain/o_558_2.jpg	photodiode	1
193.616	0.5	193616	trained	32741	26	memtrain/o_376_1.jpg	photodiode	1
194.567	0.5	194567	catch	32671	n/a	catch_padded.jpg	photodiode	0
194.914	0.0	194914	response	6	n/a	n/a	trigger	0
196.668	0.5	196668	trained	32750	17	memtrain/o_232_1.jpg	photodiode	1
197.419	0.5	197419	untrained	32694	73	memtrain/o_519_2.jpg	photodiode	1
198.22	0.5	198220	trained	32751	16	memtrain/o_199_2.jpg	photodiode	1
199.12	0.5	199120	catch	32671	n/a	catch_padded.jpg	photodiode	0
200.731	0.0	200731	response	6	n/a	n/a	trigger	0
201.222	0.5	201222	trained	32744	23	memtrain/o_338_2.jpg	photodiode	1
202.123	0.5	202123	untrained	32675	92	memtrain/so_033_1.jpg	photodiode	1
202.966	0.5	202966	untrained	32688	79	memtrain/o_600_1.jpg	photodiode	1
203.916	0.5	203916	trained	32735	32	memtrain/o_485_2.jpg	photodiode	1
204.667	0.5	204667	catch	32671	n/a	catch_padded.jpg	photodiode	0
205.002	0.0	205002	response	6	n/a	n/a	trigger	0
206.719	0.5	206719	untrained	32705	62	memtrain/o_304_1.jpg	photodiode	1
207.52	0.5	207520	untrained	32709	58	memtrain/o_192_1.jpg	photodiode	1
208.32	0.5	208320	untrained	32712	55	memtrain/o_153_2.jpg	photodiode	1
209.171	0.5	209171	trained	32728	39	memtrain/o_606_1.jpg	photodiode	1
210.022	0.5	210022	trained	32763	4	memtrain/o_042_1.jpg	photodiode	1
210.772	0.5	210772	catch	32671	n/a	catch_padded.jpg	photodiode	0
210.98	0.0	210980	response	6	n/a	n/a	trigger	0
212.774	0.5	212774	untrained	32686	81	memtrain/o_655_2.jpg	photodiode	1
213.725	0.5	213725	trained	32748	19	memtrain/o_284_2.jpg	photodiode	1
214.676	0.5	214676	trained	32722	45	memtrain/so_090_2.jpg	photodiode	1
215.526	0.5	215526	trained	32755	12	memtrain/o_127_2.jpg	photodiode	1
216.327	0.5	216327	catch	32671	n/a	catch_padded.jpg	photodiode	0
216.621	0.0	216621	response	6	n/a	n/a	trigger	0
218.229	0.5	218229	trained	32746	21	memtrain/o_319_1.jpg	photodiode	1
219.029	0.5	219029	trained	32752	15	memtrain/o_195_1.jpg	photodiode	1
219.78	0.5	219780	untrained	32691	76	memtrain/o_570_1.jpg	photodiode	1
220.531	0.5	220531	untrained	32673	94	memtrain/so_067_1.jpg	photodiode	1
221.381	0.5	221381	catch	32671	n/a	catch_padded.jpg	photodiode	0
221.651	0.0	221651	response	6	n/a	n/a	trigger	0
223.433	0.5	223433	trained	32736	31	memtrain/o_465_2.jpg	photodiode	1
224.384	0.5	224384	trained	32731	36	memtrain/o_583_1.jpg	photodiode	1
225.335	0.5	225335	untrained	32704	63	memtrain/o_310_2.jpg	photodiode	1
226.235	0.5	226235	catch	32671	n/a	catch_padded.jpg	photodiode	0
226.682	0.0	226682	response	6	n/a	n/a	trigger	0
228.337	0.5	228337	untrained	32715	52	memtrain/o_141_1.jpg	photodiode	1
229.088	0.5	229088	untrained	32699	68	memtrain/o_393_1.jpg	photodiode	1
229.838	0.5	229838	trained	32749	18	memtrain/o_264_2.jpg	photodiode	1
230.689	0.5	230689	untrained	32698	69	memtrain/o_464_2.jpg	photodiode	1
231.54	0.5	231540	untrained	32710	57	memtrain/o_171_1.jpg	photodiode	1
232.482	0.5	232482	catch	32671	n/a	catch_padded.jpg	photodiode	0
232.675	0.0	232675	response	6	n/a	n/a	trigger	0
234.484	0.5	234484	untrained	32689	78	memtrain/o_599_1.jpg	photodiode	1
235.284	0.5	235284	trained	32765	2	memtrain/o_035_1.jpg	photodiode	1
236.085	0.5	236085	trained	32742	25	memtrain/o_358_2.jpg	photodiode	1
236.936	0.5	236936	trained	32726	41	memtrain/o_663_2.jpg	photodiode	1
237.837	0.5	237837	untrained	32684	83	memtrain/so_105_1.jpg	photodiode	1
238.737	0.5	238737	catch	32671	n/a	catch_padded.jpg	photodiode	0
238.947	0.0	238947	response	6	n/a	n/a	trigger	0
240.689	0.5	240689	trained	32732	35	memtrain/o_561_2.jpg	photodiode	1
241.59	0.5	241590	untrained	32700	67	memtrain/o_378_1.jpg	photodiode	1
242.34	0.5	242340	trained	32737	30	memtrain/o_437_2.jpg	photodiode	1
243.091	0.5	243091	trained	32740	27	memtrain/o_379_2.jpg	photodiode	1
244.042	0.5	244042	trained	32720	47	memtrain/so_147_2.jpg	photodiode	1
244.793	0.5	244793	catch	32671	n/a	catch_padded.jpg	photodiode	0
245.084	0.0	245084	response	6	n/a	n/a	trigger	0
246.694	0.5	246694	trained	32753	14	memtrain/o_174_1.jpg	photodiode	1
247.545	0.5	247545	trained	32725	42	memtrain/so_034_2.jpg	photodiode	1
248.296	0.5	248296	trained	32729	38	memtrain/o_603_1.jpg	photodiode	1
249.196	0.5	249196	catch	32671	n/a	catch_padded.jpg	photodiode	0
249.582	0.0	249582	response	6	n/a	n/a	trigger	0
251.298	0.5	251298	trained	32730	37	memtrain/o_597_1.jpg	photodiode	1
252.149	0.5	252149	trained	32738	29	memtrain/o_416_1.jpg	photodiode	1
252.949	0.5	252949	untrained	32672	95	memtrain/so_125_1.jpg	photodiode	1
253.75	0.5	253750	untrained	32693	74	memtrain/o_550_1.jpg	photodiode	1
254.651	0.5	254651	trained	32764	3	memtrain/o_040_2.jpg	photodiode	1
255.452	0.5	255452	catch	32671	n/a	catch_padded.jpg	photodiode	0
255.773	0.0	255773	response	6	n/a	n/a	trigger	0
257.453	0.5	257453	trained	32759	8	memtrain/o_094_1.jpg	photodiode	1
258.204	0.5	258204	trained	32747	20	memtrain/o_290_1.jpg	photodiode	1
259.005	0.5	259005	trained	32721	46	memtrain/so_113_1.jpg	photodiode	1
259.905	0.5	259905	untrained	32695	72	memtrain/o_490_1.jpg	photodiode	1
260.756	0.5	260756	catch	32671	n/a	catch_padded.jpg	photodiode	0
261.096	0.0	261096	response	6	n/a	n/a	trigger	0
262.85	0.5	262850	trained	32761	6	memtrain/o_076_1.jpg	photodiode	1
263.751	0.5	263751	untrained	32677	90	memtrain/o_580_1.jpg	photodiode	1
264.601	0.5	264601	untrained	32678	89	memtrain/o_469_1.jpg	photodiode	1
265.552	0.5	265552	untrained	32687	80	memtrain/o_613_1.jpg	photodiode	1
266.303	0.5	266303	catch	32671	n/a	catch_padded.jpg	photodiode	0
266.59	0.0	266590	response	6	n/a	n/a	trigger	0
268.254	0.5	268254	untrained	32703	64	memtrain/o_334_2.jpg	photodiode	1
269.205	0.5	269205	untrained	32674	93	memtrain/so_035_1.jpg	photodiode	1
270.156	0.5	270156	untrained	32680	87	memtrain/o_365_1.jpg	photodiode	1
270.957	0.5	270957	catch	32671	n/a	catch_padded.jpg	photodiode	0
271.313	0.0	271313	response	6	n/a	n/a	trigger	0
273.058	0.5	273058	untrained	32676	91	memtrain/o_605_1.jpg	photodiode	1
273.959	0.5	273959	untrained	32683	84	memtrain/so_117_2.jpg	photodiode	1
274.91	0.5	274910	untrained	32706	61	memtrain/o_298_2.jpg	photodiode	1
275.711	0.5	275711	untrained	32697	70	memtrain/o_471_2.jpg	photodiode	1
276.611	0.5	276611	catch	32671	n/a	catch_padded.jpg	photodiode	0
276.927	0.0	276927	response	6	n/a	n/a	trigger	0
278.663	0.5	278663	trained	32723	44	memtrain/so_045_1.jpg	photodiode	1
278.805	0.0	278805	response	5	n/a	n/a	trigger	0
279.514	0.5	279514	trained	32745	22	memtrain/o_321_1.jpg	photodiode	1
280.373	0.5	280373	untrained	32707	60	memtrain/o_228_2.jpg	photodiode	1
281.265	0.5	281265	trained	32727	40	memtrain/o_648_2.jpg	photodiode	1
282.016	0.5	282016	untrained	32692	75	memtrain/o_564_1.jpg	photodiode	1
282.967	0.5	282967	catch	32671	n/a	catch_padded.jpg	photodiode	0
283.193	0.0	283193	response	6	n/a	n/a	trigger	0
285.019	0.5	285019	untrained	32682	85	memtrain/o_218_1.jpg	photodiode	1
285.919	0.5	285919	trained	32756	11	memtrain/o_117_2.jpg	photodiode	1
286.72	0.5	286720	untrained	32717	50	memtrain/o_057_2.jpg	photodiode	1
287.671	0.5	287671	catch	32671	n/a	catch_padded.jpg	photodiode	0
288.025	0.0	288025	response	6	n/a	n/a	trigger	0
289.714	0.5	289714	trained	32734	33	memtrain/o_536_1.jpg	photodiode	1
290.465	0.5	290465	untrained	32713	54	memtrain/o_145_1.jpg	photodiode	1
291.415	0.5	291415	trained	32739	28	memtrain/o_397_1.jpg	photodiode	1
292.175	0.5	292175	catch	32671	n/a	catch_padded.jpg	photodiode	0
292.454	0.0	292454	response	6	n/a	n/a	trigger	0
294.268	0.5	294268	trained	32766	1	memtrain/o_015_1.jpg	photodiode	1
295.119	0.5	295119	untrained	32679	88	memtrain/o_458_1.jpg	photodiode	1
296.019	0.5	296019	trained	32758	9	memtrain/o_101_2.jpg	photodiode	1
296.87	0.5	296870	untrained	32714	53	memtrain/o_142_2.jpg	photodiode	1
297.621	0.5	297621	untrained	32702	65	memtrain/o_337_2.jpg	photodiode	1
298.371	0.5	298371	catch	32671	n/a	catch_padded.jpg	photodiode	0
298.7	0.0	298700	response	6	n/a	n/a	trigger	0
300.323	0.5	300323	trained	32743	24	memtrain/o_357_1.jpg	photodiode	1
301.224	0.5	301224	untrained	32696	71	memtrain/o_483_1.jpg	photodiode	1
302.024	0.5	302024	trained	32767	0	memtrain/o_006_1.jpg	photodiode	1
302.925	0.5	302925	trained	32757	10	memtrain/o_111_2.jpg	photodiode	1
303.776	0.5	303776	trained	32762	5	memtrain/o_067_1.jpg	photodiode	1
304.677	0.5	304677	catch	32671	n/a	catch_padded.jpg	photodiode	0
305.016	0.0	305016	response	6	n/a	n/a	trigger	0
306.678	0.5	306678	untrained	32711	56	memtrain/o_163_2.jpg	photodiode	1
307.429	0.5	307429	untrained	32719	48	memtrain/o_019_2.jpg	photodiode	1
308.28	0.5	308280	untrained	32716	51	memtrain/o_103_2.jpg	photodiode	1
309.08	0.5	309080	untrained	32690	77	memtrain/o_574_2.jpg	photodiode	1
310.031	0.5	310031	untrained	32708	59	memtrain/o_201_2.jpg	photodiode	1
310.882	0.5	310882	catch	32671	n/a	catch_padded.jpg	photodiode	0
311.247	0.0	311247	response	6	n/a	n/a	trigger	0
312.834	0.5	312834	untrained	32701	66	memtrain/o_342_2.jpg	photodiode	1
313.784	0.5	313784	untrained	32718	49	memtrain/o_054_2.jpg	photodiode	1
314.635	0.5	314635	untrained	32685	82	memtrain/o_656_1.jpg	photodiode	1
315.386	0.5	315386	trained	32724	43	memtrain/so_043_2.jpg	photodiode	1
316.186	0.5	316186	catch	32671	n/a	catch_padded.jpg	photodiode	0
316.459	0.0	316459	response	6	n/a	n/a	trigger	0
318.138	0.5	318138	trained	32760	7	memtrain/o_091_2.jpg	photodiode	1
318.881	0.5	318881	untrained	32681	86	memtrain/o_288_1.jpg	photodiode	1
319.681	0.5	319681	trained	32754	13	memtrain/o_136_1.jpg	photodiode	1
320.532	0.5	320532	catch	32671	n/a	catch_padded.jpg	photodiode	0
320.919	0.0	320919	response	6	n/a	n/a	trigger	0
327.005	0.0	327005	block_end	120	n/a	n/a	trigger	0
334.16	0.0	334160	response	6	n/a	n/a	trigger	0
334.169	0.0	334169	block_onset	102	n/a	n/a	trigger	0
336.229	0.5	336229	trained	32744	23	memtrain/o_338_2.jpg	photodiode	1
337.129	0.5	337129	trained	32756	11	memtrain/o_117_2.jpg	photodiode	1
338.03	0.5	338030	trained	32747	20	memtrain/o_290_1.jpg	photodiode	1
338.931	0.5	338931	untrained	32710	57	memtrain/o_171_1.jpg	photodiode	1
339.682	0.5	339682	trained	32727	40	memtrain/o_648_2.jpg	photodiode	1
340.432	0.5	340432	catch	32671	n/a	catch_padded.jpg	photodiode	0
340.777	0.0	340777	response	6	n/a	n/a	trigger	0
342.525	0.5	342525	trained	32738	29	memtrain/o_416_1.jpg	photodiode	1
343.276	0.5	343276	trained	32764	3	memtrain/o_040_2.jpg	photodiode	1
344.177	0.5	344177	untrained	32692	75	memtrain/o_564_1.jpg	photodiode	1
345.078	0.5	345078	catch	32671	n/a	catch_padded.jpg	photodiode	0
345.492	0.0	345492	response	6	n/a	n/a	trigger	0
347.088	0.5	347088	untrained	32686	81	memtrain/o_655_2.jpg	photodiode	1
347.98	0.5	347980	untrained	32695	72	memtrain/o_490_1.jpg	photodiode	1
348.831	0.5	348831	trained	32754	13	memtrain/o_136_1.jpg	photodiode	1
349.732	0.5	349732	trained	32726	41	memtrain/o_663_2.jpg	photodiode	1
350.491	0.5	350491	untrained	32716	51	memtrain/o_103_2.jpg	photodiode	1
351.283	0.5	351283	catch	32671	n/a	catch_padded.jpg	photodiode	0
351.633	0.0	351633	response	6	n/a	n/a	trigger	0
353.385	0.5	353385	trained	32729	38	memtrain/o_603_1.jpg	photodiode	1
354.335	0.5	354335	trained	32762	5	memtrain/o_067_1.jpg	photodiode	1
355.017	0.0	355017	response	5	n/a	n/a	trigger	0
355.186	0.5	355186	untrained	32678	89	memtrain/o_469_1.jpg	photodiode	1
355.987	0.5	355987	untrained	32677	90	memtrain/o_580_1.jpg	photodiode	1
356.788	0.5	356788	untrained	32706	61	memtrain/o_298_2.jpg	photodiode	1
357.588	0.5	357588	catch	32671	n/a	catch_padded.jpg	photodiode	0
358.041	0.0	358041	response	6	n/a	n/a	trigger	0
359.54	0.5	359540	untrained	32696	71	memtrain/o_483_1.jpg	photodiode	1
360.441	0.5	360441	trained	32746	21	memtrain/o_319_1.jpg	photodiode	1
361.241	0.5	361241	trained	32758	9	memtrain/o_101_2.jpg	photodiode	1
362.142	0.5	362142	untrained	32708	59	memtrain/o_201_2.jpg	photodiode	1
362.943	0.5	362943	catch	32671	n/a	catch_padded.jpg	photodiode	0
363.327	0.0	363327	response	6	n/a	n/a	trigger	0
365.045	0.5	365045	untrained	32674	93	memtrain/so_035_1.jpg	photodiode	1
365.995	0.5	365995	untrained	32690	77	memtrain/o_574_2.jpg	photodiode	1
366.946	0.5	366946	untrained	32699	68	memtrain/o_393_1.jpg	photodiode	1
367.747	0.5	367747	catch	32671	n/a	catch_padded.jpg	photodiode	0
368.408	0.0	368408	response	6	n/a	n/a	trigger	0
369.648	0.5	369648	trained	32743	24	memtrain/o_357_1.jpg	photodiode	1
370.591	0.5	370591	trained	32752	15	memtrain/o_195_1.jpg	photodiode	1
371.342	0.5	371342	untrained	32701	66	memtrain/o_342_2.jpg	photodiode	1
372.092	0.5	372092	catch	32671	n/a	catch_padded.jpg	photodiode	0
372.461	0.0	372461	response	6	n/a	n/a	trigger	0
374.044	0.5	374044	trained	32742	25	memtrain/o_358_2.jpg	photodiode	1
374.845	0.5	374845	untrained	32675	92	memtrain/so_033_1.jpg	photodiode	1
375.745	0.5	375745	trained	32749	18	memtrain/o_264_2.jpg	photodiode	1
376.496	0.5	376496	trained	32741	26	memtrain/o_376_1.jpg	photodiode	1
377.447	0.5	377447	catch	32671	n/a	catch_padded.jpg	photodiode	0
377.735	0.0	377735	response	6	n/a	n/a	trigger	0
379.399	0.5	379399	trained	32735	32	memtrain/o_485_2.jpg	photodiode	1
380.249	0.5	380249	untrained	32704	63	memtrain/o_310_2.jpg	photodiode	1
381.0	0.5	381000	trained	32728	39	memtrain/o_606_1.jpg	photodiode	1
381.851	0.5	381851	catch	32671	n/a	catch_padded.jpg	photodiode	0
382.066	0.0	382066	response	5	n/a	n/a	trigger	0
382.313	0.0	382313	response	6	n/a	n/a	trigger	0
383.752	0.5	383752	trained	32765	2	memtrain/o_035_1.jpg	photodiode	1
384.653	0.5	384653	untrained	32700	67	memtrain/o_378_1.jpg	photodiode	1
385.554	0.5	385554	trained	32766	1	memtrain/o_015_1.jpg	photodiode	1
386.405	0.5	386405	untrained	32676	91	memtrain/o_605_1.jpg	photodiode	1
387.155	0.5	387155	catch	32671	n/a	catch_padded.jpg	photodiode	0
387.488	0.0	387488	response	6	n/a	n/a	trigger	0
389.057	0.5	389057	trained	32751	16	memtrain/o_199_2.jpg	photodiode	1
389.907	0.5	389907	untrained	32697	70	memtrain/o_471_2.jpg	photodiode	1
390.708	0.5	390708	untrained	32714	53	memtrain/o_142_2.jpg	photodiode	1
391.559	0.5	391559	trained	32753	14	memtrain/o_174_1.jpg	photodiode	1
392.31	0.5	392310	catch	32671	n/a	catch_padded.jpg	photodiode	0
392.647	0.0	392647	response	6	n/a	n/a	trigger	0
394.411	0.5	394411	untrained	32707	60	memtrain/o_228_2.jpg	photodiode	1
395.212	0.5	395212	untrained	32703	64	memtrain/o_334_2.jpg	photodiode	1
396.063	0.5	396063	trained	32732	35	memtrain/o_561_2.jpg	photodiode	1
396.813	0.5	396813	untrained	32718	49	memtrain/o_054_2.jpg	photodiode	1
397.764	0.5	397764	catch	32671	n/a	catch_padded.jpg	photodiode	0
398.046	0.0	398046	response	6	n/a	n/a	trigger	0
399.666	0.5	399666	trained	32722	45	memtrain/so_090_2.jpg	photodiode	1
400.558	0.5	400558	trained	32767	0	memtrain/o_006_1.jpg	photodiode	1
401.359	0.5	401359	trained	32763	4	memtrain/o_042_1.jpg	photodiode	1
402.159	0.5	402159	catch	32671	n/a	catch_padded.jpg	photodiode	0
402.59	0.0	402590	response	6	n/a	n/a	trigger	0
404.161	0.5	404161	untrained	32717	50	memtrain/o_057_2.jpg	photodiode	1
405.012	0.5	405012	untrained	32709	58	memtrain/o_192_1.jpg	photodiode	1
405.862	0.5	405862	trained	32759	8	memtrain/o_094_1.jpg	photodiode	1
406.763	0.5	406763	untrained	32673	94	memtrain/so_067_1.jpg	photodiode	1
407.564	0.5	407564	trained	32750	17	memtrain/o_232_1.jpg	photodiode	1
408.465	0.5	408465	catch	32671	n/a	catch_padded.jpg	photodiode	0
408.614	0.0	408614	response	6	n/a	n/a	trigger	0
410.466	0.5	410466	untrained	32705	62	memtrain/o_304_1.jpg	photodiode	1
411.367	0.5	411367	untrained	32693	74	memtrain/o_550_1.jpg	photodiode	1
412.318	0.5	412318	untrained	32719	48	memtrain/o_019_2.jpg	photodiode	1
413.119	0.5	413119	trained	32731	36	memtrain/o_583_1.jpg	photodiode	1
413.919	0.5	413919	catch	32671	n/a	catch_padded.jpg	photodiode	0
414.308	0.0	414308	response	6	n/a	n/a	trigger	0
415.921	0.5	415921	trained	32720	47	memtrain/so_147_2.jpg	photodiode	1
416.872	0.5	416872	untrained	32685	82	memtrain/o_656_1.jpg	photodiode	1
417.773	0.5	417773	trained	32737	30	memtrain/o_437_2.jpg	photodiode	1
418.573	0.5	418573	catch	32671	n/a	catch_padded.jpg	photodiode	0
419.079	0.0	419079	response	6	n/a	n/a	trigger	0
420.575	0.5	420575	untrained	32672	95	memtrain/so_125_1.jpg	photodiode	1
421.476	0.5	421476	untrained	32698	69	memtrain/o_464_2.jpg	photodiode	1
422.427	0.5	422427	trained	32745	22	memtrain/o_321_1.jpg	photodiode	1
423.327	0.5	423327	untrained	32681	86	memtrain/o_288_1.jpg	photodiode	1
424.228	0.5	424228	untrained	32688	79	memtrain/o_600_1.jpg	photodiode	1
425.029	0.5	425029	catch	32671	n/a	catch_padded.jpg	photodiode	0
425.257	0.0	425257	response	6	n/a	n/a	trigger	0
426.93	0.5	426930	untrained	32702	65	memtrain/o_337_2.jpg	photodiode	1
427.781	0.5	427781	trained	32757	10	memtrain/o_111_2.jpg	photodiode	1
428.532	0.5	428532	trained	32733	34	memtrain/o_558_2.jpg	photodiode	1
429.474	0.5	429474	untrained	32691	76	memtrain/o_570_1.jpg	photodiode	1
430.275	0.5	430275	catch	32671	n/a	catch_padded.jpg	photodiode	0
430.763	0.0	430763	response	6	n/a	n/a	trigger	0
432.377	0.5	432377	trained	32736	31	memtrain/o_465_2.jpg	photodiode	1
433.228	0.5	433228	trained	32739	28	memtrain/o_397_1.jpg	photodiode	1
434.178	0.5	434178	untrained	32689	78	memtrain/o_599_1.jpg	photodiode	1
434.979	0.5	434979	catch	32671	n/a	catch_padded.jpg	photodiode	0
435.443	0.0	435443	response	6	n/a	n/a	trigger	0
437.081	0.5	437081	untrained	32680	87	memtrain/o_365_1.jpg	photodiode	1
437.932	0.5	437932	trained	32755	12	memtrain/o_127_2.jpg	photodiode	1
438.732	0.5	438732	untrained	32711	56	memtrain/o_163_2.jpg	photodiode	1
439.633	0.5	439633	trained	32721	46	memtrain/so_113_1.jpg	photodiode	1
440.434	0.5	440434	trained	32734	33	memtrain/o_536_1.jpg	photodiode	1
441.284	0.5	441284	catch	32671	n/a	catch_padded.jpg	photodiode	0
441.642	0.0	441642	response	6	n/a	n/a	trigger	0
443.336	0.5	443336	trained	32723	44	memtrain/so_045_1.jpg	photodiode	1
444.287	0.5	444287	untrained	32694	73	memtrain/o_519_2.jpg	photodiode	1
445.238	0.5	445238	trained	32760	7	memtrain/o_091_2.jpg	photodiode	1
446.038	0.5	446038	trained	32730	37	memtrain/o_597_1.jpg	photodiode	1
446.839	0.5	446839	untrained	32682	85	memtrain/o_218_1.jpg	photodiode	1
447.59	0.5	447590	catch	32671	n/a	catch_padded.jpg	photodiode	0
447.917	0.0	447917	response	6	n/a	n/a	trigger	0
449.491	0.5	449491	trained	32748	19	memtrain/o_284_2.jpg	photodiode	1
450.292	0.5	450292	trained	32724	43	memtrain/so_043_2.jpg	photodiode	1
451.093	0.5	451093	untrained	32683	84	memtrain/so_117_2.jpg	photodiode	1
452.044	0.5	452044	trained	32725	42	memtrain/so_034_2.jpg	photodiode	1
452.844	0.5	452844	untrained	32684	83	memtrain/so_105_1.jpg	photodiode	1
453.745	0.5	453745	catch	32671	n/a	catch_padded.jpg	photodiode	0
454.119	0.0	454119	response	6	n/a	n/a	trigger	0
455.847	0.5	455847	untrained	32687	80	memtrain/o_613_1.jpg	photodiode	1
456.748	0.5	456748	trained	32740	27	memtrain/o_379_2.jpg	photodiode	1
457.548	0.5	457548	trained	32761	6	memtrain/o_076_1.jpg	photodiode	1
458.49	0.5	458490	untrained	32712	55	memtrain/o_153_2.jpg	photodiode	1
459.341	0.5	459341	catch	32671	n/a	catch_padded.jpg	photodiode	0
459.784	0.0	459784	response	6	n/a	n/a	trigger	0
461.393	0.5	461393	untrained	32715	52	memtrain/o_141_1.jpg	photodiode	1
462.344	0.5	462344	untrained	32679	88	memtrain/o_458_1.jpg	photodiode	1
463.103	0.5	463103	untrained	32713	54	memtrain/o_145_1.jpg	photodiode	1
463.945	0.5	463945	trained	32733	34	memtrain/o_558_2.jpg	photodiode	1
464.696	0.5	464696	catch	32671	n/a	catch_padded.jpg	photodiode	0
465.114	0.0	465114	response	6	n/a	n/a	trigger	0
466.747	0.5	466747	untrained	32704	63	memtrain/o_310_2.jpg	photodiode	1
467.598	0.5	467598	trained	32751	16	memtrain/o_199_2.jpg	photodiode	1
468.349	0.5	468349	trained	32724	43	memtrain/so_043_2.jpg	photodiode	1
469.2	0.5	469200	catch	32671	n/a	catch_padded.jpg	photodiode	0
469.741	0.0	469741	response	6	n/a	n/a	trigger	0
471.16	0.5	471160	trained	32722	45	memtrain/so_090_2.jpg	photodiode	1
472.002	0.5	472002	trained	32745	22	memtrain/o_321_1.jpg	photodiode	1
472.903	0.5	472903	untrained	32705	62	memtrain/o_304_1.jpg	photodiode	1
473.653	0.5	473653	catch	32671	n/a	catch_padded.jpg	photodiode	0
474.403	0.0	474403	response	6	n/a	n/a	trigger	0
475.605	0.5	475605	trained	32759	8	memtrain/o_094_1.jpg	photodiode	1
476.406	0.5	476406	trained	32739	28	memtrain/o_397_1.jpg	photodiode	1
477.306	0.5	477306	untrained	32697	70	memtrain/o_471_2.jpg	photodiode	1
478.057	0.5	478057	catch	32671	n/a	catch_padded.jpg	photodiode	0
478.515	0.0	478515	response	6	n/a	n/a	trigger	0
480.159	0.5	480159	trained	32743	24	memtrain/o_357_1.jpg	photodiode	1
481.11	0.5	481110	trained	32754	13	memtrain/o_136_1.jpg	photodiode	1
481.86	0.5	481860	trained	32760	7	memtrain/o_091_2.jpg	photodiode	1
482.711	0.5	482711	catch	32671	n/a	catch_padded.jpg	photodiode	0
483.074	0.0	483074	response	6	n/a	n/a	trigger	0
484.713	0.5	484713	trained	32763	4	memtrain/o_042_1.jpg	photodiode	1
485.463	0.5	485463	untrained	32719	48	memtrain/o_019_2.jpg	photodiode	1
486.264	0.5	486264	untrained	32693	74	memtrain/o_550_1.jpg	photodiode	1
487.115	0.5	487115	catch	32671	n/a	catch_padded.jpg	photodiode	0
487.431	0.0	487431	response	6	n/a	n/a	trigger	0
489.108	0.5	489108	trained	32750	17	memtrain/o_232_1.jpg	photodiode	1
489.867	0.5	489867	untrained	32680	87	memtrain/o_365_1.jpg	photodiode	1
490.81	0.5	490810	trained	32737	30	memtrain/o_437_2.jpg	photodiode	1
491.761	0.5	491761	trained	32753	14	memtrain/o_174_1.jpg	photodiode	1
492.661	0.5	492661	catch	32671	n/a	catch_padded.jpg	photodiode	0
492.999	0.0	492999	response	6	n/a	n/a	trigger	0
494.713	0.5	494713	untrained	32676	91	memtrain/o_605_1.jpg	photodiode	1
495.614	0.5	495614	trained	32749	18	memtrain/o_264_2.jpg	photodiode	1
496.414	0.5	496414	trained	32740	27	memtrain/o_379_2.jpg	photodiode	1
497.215	0.5	497215	trained	32767	0	memtrain/o_006_1.jpg	photodiode	1
498.116	0.5	498116	catch	32671	n/a	catch_padded.jpg	photodiode	0
498.386	0.0	498386	response	6	n/a	n/a	trigger	0
500.168	0.5	500168	trained	32764	3	memtrain/o_040_2.jpg	photodiode	1
500.918	0.5	500918	untrained	32703	64	memtrain/o_334_2.jpg	photodiode	1
501.669	0.5	501669	untrained	32686	81	memtrain/o_655_2.jpg	photodiode	1
502.57	0.5	502570	untrained	32682	85	memtrain/o_218_1.jpg	photodiode	1
503.42	0.5	503420	catch	32671	n/a	catch_padded.jpg	photodiode	0
503.803	0.0	503803	response	6	n/a	n/a	trigger	0
505.472	0.5	505472	trained	32747	20	memtrain/o_290_1.jpg	photodiode	1
506.423	0.5	506423	trained	32762	5	memtrain/o_067_1.jpg	photodiode	1
507.174	0.5	507174	trained	32721	46	memtrain/so_113_1.jpg	photodiode	1
507.974	0.5	507974	untrained	32715	52	memtrain/o_141_1.jpg	photodiode	1
508.725	0.5	508725	catch	32671	n/a	catch_padded.jpg	photodiode	0
509.038	0.0	509038	response	6	n/a	n/a	trigger	0
510.727	0.5	510727	untrained	32698	69	memtrain/o_464_2.jpg	photodiode	1
511.677	0.5	511677	untrained	32685	82	memtrain/o_656_1.jpg	photodiode	1
512.578	0.5	512578	untrained	32694	73	memtrain/o_519_2.jpg	photodiode	1
513.379	0.5	513379	untrained	32711	56	memtrain/o_163_2.jpg	photodiode	1
514.28	0.5	514280	untrained	32692	75	memtrain/o_564_1.jpg	photodiode	1
515.23	0.5	515230	catch	32671	n/a	catch_padded.jpg	photodiode	0
515.582	0.0	515582	response	6	n/a	n/a	trigger	0
517.072	0.0	517072	response	5	n/a	n/a	trigger	0
517.324	0.5	517324	untrained	32717	50	memtrain/o_057_2.jpg	photodiode	1
518.083	0.5	518083	untrained	32681	86	memtrain/o_288_1.jpg	photodiode	1
518.833	0.5	518833	trained	32741	26	memtrain/o_376_1.jpg	photodiode	1
519.676	0.5	519676	trained	32720	47	memtrain/so_147_2.jpg	photodiode	1
520.426	0.5	520426	trained	32735	32	memtrain/o_485_2.jpg	photodiode	1
521.277	0.5	521277	catch	32671	n/a	catch_padded.jpg	photodiode	0
521.587	0.0	521587	response	6	n/a	n/a	trigger	0
523.279	0.5	523279	untrained	32695	72	memtrain/o_490_1.jpg	photodiode	1
524.179	0.5	524179	untrained	32674	93	memtrain/so_035_1.jpg	photodiode	1
525.03	0.5	525030	untrained	32696	71	memtrain/o_483_1.jpg	photodiode	1
525.831	0.5	525831	trained	32761	6	memtrain/o_076_1.jpg	photodiode	1
526.581	0.5	526581	catch	32671	n/a	catch_padded.jpg	photodiode	0
526.962	0.0	526962	response	6	n/a	n/a	trigger	0
528.483	0.5	528483	trained	32732	35	memtrain/o_561_2.jpg	photodiode	1
529.234	0.5	529234	trained	32726	41	memtrain/o_663_2.jpg	photodiode	1
530.135	0.5	530135	trained	32736	31	memtrain/o_465_2.jpg	photodiode	1
530.985	0.5	530985	trained	32727	40	memtrain/o_648_2.jpg	photodiode	1
531.836	0.5	531836	untrained	32672	95	memtrain/so_125_1.jpg	photodiode	1
532.587	0.5	532587	catch	32671	n/a	catch_padded.jpg	photodiode	0
532.892	0.0	532892	response	6	n/a	n/a	trigger	0
534.538	0.5	534538	trained	32730	37	memtrain/o_597_1.jpg	photodiode	1
535.289	0.5	535289	untrained	32690	77	memtrain/o_574_2.jpg	photodiode	1
536.24	0.5	536240	untrained	32699	68	memtrain/o_393_1.jpg	photodiode	1
536.99	0.5	536990	catch	32671	n/a	catch_padded.jpg	photodiode	0
537.494	0.0	537494	response	6	n/a	n/a	trigger	0
538.992	0.5	538992	untrained	32684	83	memtrain/so_105_1.jpg	photodiode	1
539.843	0.5	539843	untrained	32701	66	memtrain/o_342_2.jpg	photodiode	1
540.794	0.5	540794	trained	32758	9	memtrain/o_101_2.jpg	photodiode	1
541.694	0.5	541694	catch	32671	n/a	catch_padded.jpg	photodiode	0
542.229	0.0	542229	response	6	n/a	n/a	trigger	0
543.796	0.5	543796	untrained	32712	55	memtrain/o_153_2.jpg	photodiode	1
544.697	0.5	544697	untrained	32673	94	memtrain/so_067_1.jpg	photodiode	1
545.548	0.5	545548	untrained	32678	89	memtrain/o_469_1.jpg	photodiode	1
546.498	0.5	546498	untrained	32702	65	memtrain/o_337_2.jpg	photodiode	1
547.399	0.5	547399	untrained	32687	80	memtrain/o_613_1.jpg	photodiode	1
548.192	0.5	548192	catch	32671	n/a	catch_padded.jpg	photodiode	0
548.544	0.0	548544	response	6	n/a	n/a	trigger	0
550.293	0.5	550293	trained	32725	42	memtrain/so_034_2.jpg	photodiode	1
551.252	0.5	551252	trained	32757	10	memtrain/o_111_2.jpg	photodiode	1
552.045	0.5	552045	trained	32752	15	memtrain/o_195_1.jpg	photodiode	1
552.996	0.5	552996	catch	32671	n/a	catch_padded.jpg	photodiode	0
553.444	0.0	553444	response	6	n/a	n/a	trigger	0
555.048	0.5	555048	untrained	32700	67	memtrain/o_378_1.jpg	photodiode	1
555.998	0.5	555998	trained	32734	33	memtrain/o_536_1.jpg	photodiode	1
556.849	0.5	556849	untrained	32710	57	memtrain/o_171_1.jpg	photodiode	1
557.7	0.5	557700	catch	32671	n/a	catch_padded.jpg	photodiode	0
558.046	0.0	558046	response	6	n/a	n/a	trigger	0
559.752	0.5	559752	untrained	32708	59	memtrain/o_201_2.jpg	photodiode	1
560.652	0.5	560652	trained	32728	39	memtrain/o_606_1.jpg	photodiode	1
561.453	0.5	561453	trained	32746	21	memtrain/o_319_1.jpg	photodiode	1
562.204	0.5	562204	trained	32755	12	memtrain/o_127_2.jpg	photodiode	1
563.01	0.0	563010	response	6	n/a	n/a	trigger	0
563.054	0.5	563054	trained	32742	25	memtrain/o_358_2.jpg	photodiode	1
563.855	0.5	563855	catch	32671	n/a	catch_padded.jpg	photodiode	0
564.093	0.0	564093	response	6	n/a	n/a	trigger	0
565.957	0.5	565957	trained	32731	36	memtrain/o_583_1.jpg	photodiode	1
566.908	0.5	566908	untrained	32688	79	memtrain/o_600_1.jpg	photodiode	1
567.658	0.5	567658	untrained	32675	92	memtrain/so_033_1.jpg	photodiode	1
568.459	0.5	568459	untrained	32713	54	memtrain/o_145_1.jpg	photodiode	1
569.21	0.5	569210	untrained	32706	61	memtrain/o_298_2.jpg	photodiode	1
570.11	0.5	570110	catch	32671	n/a	catch_padded.jpg	photodiode	0
570.323	0.0	570323	response	6	n/a	n/a	trigger	0
572.062	0.5	572062	untrained	32677	90	memtrain/o_580_1.jpg	photodiode	1
572.913	0.5	572913	trained	32756	11	memtrain/o_117_2.jpg	photodiode	1
573.763	0.5	573763	untrained	32718	49	memtrain/o_054_2.jpg	photodiode	1
574.714	0.5	574714	untrained	32707	60	memtrain/o_228_2.jpg	photodiode	1
575.665	0.5	575665	trained	32766	1	memtrain/o_015_1.jpg	photodiode	1
576.416	0.5	576416	catch	32671	n/a	catch_padded.jpg	photodiode	0
576.671	0.0	576671	response	6	n/a	n/a	trigger	0
578.509	0.5	578509	untrained	32689	78	memtrain/o_599_1.jpg	photodiode	1
579.31	0.5	579310	trained	32729	38	memtrain/o_603_1.jpg	photodiode	1
580.21	0.5	580210	untrained	32679	88	memtrain/o_458_1.jpg	photodiode	1
581.161	0.5	581161	untrained	32683	84	memtrain/so_117_2.jpg	photodiode	1
581.912	0.5	581912	trained	32744	23	memtrain/o_338_2.jpg	photodiode	1
582.712	0.5	582712	catch	32671	n/a	catch_padded.jpg	photodiode	0
582.997	0.0	582997	response	6	n/a	n/a	trigger	0
584.714	0.5	584714	trained	32765	2	memtrain/o_035_1.jpg	photodiode	1
585.665	0.5	585665	trained	32748	19	memtrain/o_284_2.jpg	photodiode	1
586.566	0.5	586566	trained	32738	29	memtrain/o_416_1.jpg	photodiode	1
587.316	0.5	587316	untrained	32691	76	memtrain/o_570_1.jpg	photodiode	1
588.167	0.5	588167	catch	32671	n/a	catch_padded.jpg	photodiode	0
588.533	0.0	588533	response	6	n/a	n/a	trigger	0
590.169	0.5	590169	trained	32723	44	memtrain/so_045_1.jpg	photodiode	1
591.019	0.5	591019	untrained	32709	58	memtrain/o_192_1.jpg	photodiode	1
591.77	0.5	591770	untrained	32714	53	memtrain/o_142_2.jpg	photodiode	1
592.721	0.5	592721	untrained	32716	51	memtrain/o_103_2.jpg	photodiode	1
593.472	0.5	593472	catch	32671	n/a	catch_padded.jpg	photodiode	0
593.92	0.0	593920	response	6	n/a	n/a	trigger	0
599.944	0.0	599944	block_end	120	n/a	n/a	trigger	0
640.783	0.0	640783	response	6	n/a	n/a	trigger	0
640.788	0.0	640788	block_onset	103	n/a	n/a	trigger	0
642.847	0.5	642847	untrained	32716	51	memtrain/o_103_2.jpg	photodiode	1
643.748	0.5	643748	untrained	32695	72	memtrain/o_490_1.jpg	photodiode	1
644.64	0.5	644640	untrained	32689	78	memtrain/o_599_1.jpg	photodiode	1
645.441	0.5	645441	catch	32671	n/a	catch_padded.jpg	photodiode	0
645.819	0.0	645819	response	6	n/a	n/a	trigger	0
647.493	0.5	647493	untrained	32692	75	memtrain/o_564_1.jpg	photodiode	1
648.243	0.5	648243	trained	32722	45	memtrain/so_090_2.jpg	photodiode	1
649.094	0.5	649094	untrained	32714	53	memtrain/o_142_2.jpg	photodiode	1
649.895	0.5	649895	trained	32734	33	memtrain/o_536_1.jpg	photodiode	1
650.795	0.5	650795	untrained	32705	62	memtrain/o_304_1.jpg	photodiode	1
651.546	0.5	651546	catch	32671	n/a	catch_padded.jpg	photodiode	0
651.883	0.0	651883	response	6	n/a	n/a	trigger	0
653.448	0.5	653448	untrained	32698	69	memtrain/o_464_2.jpg	photodiode	1
654.198	0.5	654198	untrained	32687	80	memtrain/o_613_1.jpg	photodiode	1
655.149	0.5	655149	untrained	32707	60	memtrain/o_228_2.jpg	photodiode	1
656.05	0.5	656050	catch	32671	n/a	catch_padded.jpg	photodiode	0
656.412	0.0	656412	response	6	n/a	n/a	trigger	0
658.052	0.5	658052	trained	32735	32	memtrain/o_485_2.jpg	photodiode	1
658.852	0.5	658852	trained	32753	14	memtrain/o_174_1.jpg	photodiode	1
659.703	0.5	659703	untrained	32674	93	memtrain/so_035_1.jpg	photodiode	1
660.554	0.5	660554	untrained	32713	54	memtrain/o_145_1.jpg	photodiode	1
661.454	0.5	661454	trained	32742	25	memtrain/o_358_2.jpg	photodiode	1
662.305	0.5	662305	catch	32671	n/a	catch_padded.jpg	photodiode	0
662.652	0.0	662652	response	6	n/a	n/a	trigger	0
664.257	0.5	664257	trained	32763	4	memtrain/o_042_1.jpg	photodiode	1
665.208	0.5	665208	trained	32725	42	memtrain/so_034_2.jpg	photodiode	1
665.958	0.5	665958	trained	32755	12	memtrain/o_127_2.jpg	photodiode	1
666.909	0.5	666909	untrained	32697	70	memtrain/o_471_2.jpg	photodiode	1
667.81	0.5	667810	trained	32761	6	memtrain/o_076_1.jpg	photodiode	1
668.56	0.5	668560	catch	32671	n/a	catch_padded.jpg	photodiode	0
668.916	0.0	668916	response	6	n/a	n/a	trigger	0
670.662	0.5	670662	untrained	32675	92	memtrain/so_033_1.jpg	photodiode	1
671.413	0.5	671413	trained	32766	1	memtrain/o_015_1.jpg	photodiode	1
672.164	0.5	672164	untrained	32718	49	memtrain/o_054_2.jpg	photodiode	1
672.914	0.5	672914	untrained	32682	85	memtrain/o_218_1.jpg	photodiode	1
673.715	0.5	673715	trained	32731	36	memtrain/o_583_1.jpg	photodiode	1
674.507	0.5	674507	catch	32671	n/a	catch_padded.jpg	photodiode	0
674.955	0.0	674955	response	6	n/a	n/a	trigger	0
676.559	0.5	676559	trained	32732	35	memtrain/o_561_2.jpg	photodiode	1
677.309	0.5	677309	trained	32736	31	memtrain/o_465_2.jpg	photodiode	1
678.26	0.5	678260	trained	32750	17	memtrain/o_232_1.jpg	photodiode	1
679.161	0.5	679161	trained	32729	38	memtrain/o_603_1.jpg	photodiode	1
680.012	0.5	680012	untrained	32715	52	memtrain/o_141_1.jpg	photodiode	1
680.762	0.5	680762	catch	32671	n/a	catch_padded.jpg	photodiode	0
681.077	0.0	681077	response	6	n/a	n/a	trigger	0
682.814	0.5	682814	untrained	32700	67	memtrain/o_378_1.jpg	photodiode	1
683.765	0.5	683765	trained	32733	34	memtrain/o_558_2.jpg	photodiode	1
684.574	0.5	684574	trained	32751	16	memtrain/o_199_2.jpg	photodiode	1
685.466	0.5	685466	catch	32671	n/a	catch_padded.jpg	photodiode	0
685.959	0.0	685959	response	6	n/a	n/a	trigger	0
687.368	0.5	687368	untrained	32679	88	memtrain/o_458_1.jpg	photodiode	1
688.319	0.5	688319	trained	32737	30	memtrain/o_437_2.jpg	photodiode	1
689.119	0.5	689119	trained	32758	9	memtrain/o_101_2.jpg	photodiode	1
690.07	0.5	690070	untrained	32678	89	memtrain/o_469_1.jpg	photodiode	1
690.821	0.5	690821	untrained	32699	68	memtrain/o_393_1.jpg	photodiode	1
691.671	0.5	691671	catch	32671	n/a	catch_padded.jpg	photodiode	0
692.002	0.0	692002	response	6	n/a	n/a	trigger	0
693.673	0.5	693673	untrained	32694	73	memtrain/o_519_2.jpg	photodiode	1
694.276	0.0	694276	response	5	n/a	n/a	trigger	0
694.624	0.5	694624	untrained	32686	81	memtrain/o_655_2.jpg	photodiode	1
695.575	0.5	695575	trained	32746	21	memtrain/o_319_1.jpg	photodiode	1
696.526	0.5	696526	untrained	32719	48	memtrain/o_019_2.jpg	photodiode	1
697.376	0.5	697376	untrained	32710	57	memtrain/o_171_1.jpg	photodiode	1
697.383	0.0	697383	response	5	n/a	n/a	trigger	0
698.127	0.5	698127	catch	32671	n/a	catch_padded.jpg	photodiode	0
698.42	0.0	698420	response	6	n/a	n/a	trigger	0
700.079	0.5	700079	untrained	32684	83	memtrain/so_105_1.jpg	photodiode	1
700.979	0.5	700979	untrained	32702	65	memtrain/o_337_2.jpg	photodiode	1
701.78	0.5	701780	untrained	32676	91	memtrain/o_605_1.jpg	photodiode	1
702.531	0.5	702531	catch	32671	n/a	catch_padded.jpg	photodiode	0
702.98	0.0	702980	response	6	n/a	n/a	trigger	0
704.432	0.5	704432	trained	32765	2	memtrain/o_035_1.jpg	photodiode	1
705.175	0.5	705175	untrained	32677	90	memtrain/o_580_1.jpg	photodiode	1
706.076	0.5	706076	trained	32727	40	memtrain/o_648_2.jpg	photodiode	1
706.926	0.5	706926	trained	32767	0	memtrain/o_006_1.jpg	photodiode	1
707.735	0.5	707735	untrained	32673	94	memtrain/so_067_1.jpg	photodiode	1
707.885	0.0	707885	response	5	n/a	n/a	trigger	0
708.678	0.5	708678	catch	32671	n/a	catch_padded.jpg	photodiode	0
709.063	0.0	709063	response	6	n/a	n/a	trigger	0
710.78	0.5	710780	trained	32745	22	memtrain/o_321_1.jpg	photodiode	1
711.53	0.5	711530	untrained	32703	64	memtrain/o_334_2.jpg	photodiode	1
712.481	0.5	712481	trained	32748	19	memtrain/o_284_2.jpg	photodiode	1
713.332	0.5	713332	catch	32671	n/a	catch_padded.jpg	photodiode	0
713.753	0.0	713753	response	6	n/a	n/a	trigger	0
715.283	0.5	715283	untrained	32701	66	memtrain/o_342_2.jpg	photodiode	1
716.184	0.5	716184	trained	32757	10	memtrain/o_111_2.jpg	photodiode	1
717.135	0.5	717135	trained	32754	13	memtrain/o_136_1.jpg	photodiode	1
717.986	0.5	717986	catch	32671	n/a	catch_padded.jpg	photodiode	0
718.364	0.0	718364	response	6	n/a	n/a	trigger	0
719.987	0.5	719987	trained	32728	39	memtrain/o_606_1.jpg	photodiode	1
720.838	0.5	720838	untrained	32685	82	memtrain/o_656_1.jpg	photodiode	1
721.587	0.0	721587	response	5	n/a	n/a	trigger	0
721.789	0.5	721789	untrained	32706	61	memtrain/o_298_2.jpg	photodiode	1
722.59	0.5	722590	trained	32720	47	memtrain/so_147_2.jpg	photodiode	1
723.34	0.5	723340	catch	32671	n/a	catch_padded.jpg	photodiode	0
723.744	0.0	723744	response	6	n/a	n/a	trigger	0
725.242	0.5	725242	trained	32762	5	memtrain/o_067_1.jpg	photodiode	1
726.093	0.5	726093	trained	32756	11	memtrain/o_117_2.jpg	photodiode	1
726.993	0.5	726993	trained	32741	26	memtrain/o_376_1.jpg	photodiode	1
727.844	0.5	727844	catch	32671	n/a	catch_padded.jpg	photodiode	0
728.238	0.0	728238	response	6	n/a	n/a	trigger	0
729.846	0.5	729846	untrained	32688	79	memtrain/o_600_1.jpg	photodiode	1
730.646	0.5	730646	trained	32760	7	memtrain/o_091_2.jpg	photodiode	1
731.447	0.5	731447	trained	32738	29	memtrain/o_416_1.jpg	photodiode	1
732.348	0.5	732348	trained	32740	27	memtrain/o_379_2.jpg	photodiode	1
733.19	0.5	733190	catch	32671	n/a	catch_padded.jpg	photodiode	0
733.568	0.0	733568	response	6	n/a	n/a	trigger	0
735.242	0.5	735242	trained	32764	3	memtrain/o_040_2.jpg	photodiode	1
736.092	0.5	736092	untrained	32712	55	memtrain/o_153_2.jpg	photodiode	1
736.993	0.5	736993	untrained	32672	95	memtrain/so_125_1.jpg	photodiode	1
737.894	0.5	737894	trained	32744	23	memtrain/o_338_2.jpg	photodiode	1
738.695	0.5	738695	catch	32671	n/a	catch_padded.jpg	photodiode	0
739.065	0.0	739065	response	6	n/a	n/a	trigger	0
739.328	0.0	739328	response	254	n/a	n/a	trigger	0
739.331	0.0	739331	response	6	n/a	n/a	trigger	0
740.796	0.5	740796	trained	32726	41	memtrain/o_663_2.jpg	photodiode	1
741.547	0.5	741547	untrained	32693	74	memtrain/o_550_1.jpg	photodiode	1
742.498	0.5	742498	trained	32739	28	memtrain/o_397_1.jpg	photodiode	1
743.399	0.5	743399	untrained	32681	86	memtrain/o_288_1.jpg	photodiode	1
744.349	0.5	744349	trained	32759	8	memtrain/o_094_1.jpg	photodiode	1
745.25	0.5	745250	catch	32671	n/a	catch_padded.jpg	photodiode	0
745.444	0.0	745444	response	6	n/a	n/a	trigger	0
747.152	0.5	747152	trained	32721	46	memtrain/so_113_1.jpg	photodiode	1
748.053	0.5	748053	trained	32749	18	memtrain/o_264_2.jpg	photodiode	1
748.903	0.5	748903	untrained	32690	77	memtrain/o_574_2.jpg	photodiode	1
749.804	0.5	749804	trained	32724	43	memtrain/so_043_2.jpg	photodiode	1
750.555	0.5	750555	untrained	32696	71	memtrain/o_483_1.jpg	photodiode	1
751.405	0.5	751405	catch	32671	n/a	catch_padded.jpg	photodiode	0
751.7	0.0	751700	response	6	n/a	n/a	trigger	0
753.407	0.5	753407	untrained	32711	56	memtrain/o_163_2.jpg	photodiode	1
754.258	0.5	754258	trained	32730	37	memtrain/o_597_1.jpg	photodiode	1
755.159	0.5	755159	untrained	32717	50	memtrain/o_057_2.jpg	photodiode	1
755.909	0.5	755909	catch	32671	n/a	catch_padded.jpg	photodiode	0
756.388	0.0	756388	response	6	n/a	n/a	trigger	0
758.011	0.5	758011	untrained	32683	84	memtrain/so_117_2.jpg	photodiode	1
758.862	0.5	758862	untrained	32704	63	memtrain/o_310_2.jpg	photodiode	1
759.763	0.5	759763	trained	32752	15	memtrain/o_195_1.jpg	photodiode	1
760.513	0.5	760513	catch	32671	n/a	catch_padded.jpg	photodiode	0
760.922	0.0	760922	response	6	n/a	n/a	trigger	0
762.457	0.5	762457	untrained	32708	59	memtrain/o_201_2.jpg	photodiode	1
763.408	0.5	763408	trained	32723	44	memtrain/so_045_1.jpg	photodiode	1
764.258	0.5	764258	trained	32747	20	memtrain/o_290_1.jpg	photodiode	1
765.009	0.5	765009	untrained	32709	58	memtrain/o_192_1.jpg	photodiode	1
765.91	0.5	765910	catch	32671	n/a	catch_padded.jpg	photodiode	0
766.348	0.0	766348	response	6	n/a	n/a	trigger	0
767.861	0.5	767861	untrained	32680	87	memtrain/o_365_1.jpg	photodiode	1
768.712	0.5	768712	trained	32743	24	memtrain/o_357_1.jpg	photodiode	1
769.463	0.5	769463	untrained	32691	76	memtrain/o_570_1.jpg	photodiode	1
770.213	0.5	770213	untrained	32692	75	memtrain/o_564_1.jpg	photodiode	1
771.064	0.5	771064	catch	32671	n/a	catch_padded.jpg	photodiode	0
771.482	0.0	771482	response	6	n/a	n/a	trigger	0
773.116	0.5	773116	untrained	32718	49	memtrain/o_054_2.jpg	photodiode	1
774.067	0.5	774067	untrained	32719	48	memtrain/o_019_2.jpg	photodiode	1
774.967	0.5	774967	trained	32767	0	memtrain/o_006_1.jpg	photodiode	1
775.818	0.5	775818	untrained	32704	63	memtrain/o_310_2.jpg	photodiode	1
776.619	0.5	776619	catch	32671	n/a	catch_padded.jpg	photodiode	0
777.033	0.0	777033	response	6	n/a	n/a	trigger	0
778.67	0.5	778670	untrained	32697	70	memtrain/o_471_2.jpg	photodiode	1
779.471	0.5	779471	trained	32744	23	memtrain/o_338_2.jpg	photodiode	1
780.422	0.5	780422	trained	32734	33	memtrain/o_536_1.jpg	photodiode	1
781.323	0.5	781323	untrained	32688	79	memtrain/o_600_1.jpg	photodiode	1
782.123	0.5	782123	trained	32750	17	memtrain/o_232_1.jpg	photodiode	1
782.874	0.5	782874	catch	32671	n/a	catch_padded.jpg	photodiode	0
783.215	0.0	783215	response	6	n/a	n/a	trigger	0
784.926	0.5	784926	untrained	32703	64	memtrain/o_334_2.jpg	photodiode	1
785.877	0.5	785877	untrained	32706	61	memtrain/o_298_2.jpg	photodiode	1
786.827	0.5	786827	untrained	32680	87	memtrain/o_365_1.jpg	photodiode	1
787.628	0.5	787628	catch	32671	n/a	catch_padded.jpg	photodiode	0
788.126	0.0	788126	response	6	n/a	n/a	trigger	0
789.68	0.5	789680	untrained	32714	53	memtrain/o_142_2.jpg	photodiode	1
790.481	0.5	790481	untrained	32682	85	memtrain/o_218_1.jpg	photodiode	1
791.231	0.5	791231	untrained	32711	56	memtrain/o_163_2.jpg	photodiode	1
792.073	0.5	792073	untrained	32716	51	memtrain/o_103_2.jpg	photodiode	1
792.974	0.5	792974	catch	32671	n/a	catch_padded.jpg	photodiode	0
793.676	0.0	793676	response	6	n/a	n/a	trigger	0
794.926	0.5	794926	trained	32753	14	memtrain/o_174_1.jpg	photodiode	1
795.826	0.5	795826	untrained	32687	80	memtrain/o_613_1.jpg	photodiode	1
796.627	0.5	796627	trained	32746	21	memtrain/o_319_1.jpg	photodiode	1
797.428	0.5	797428	untrained	32683	84	memtrain/so_117_2.jpg	photodiode	1
798.178	0.5	798178	trained	32726	41	memtrain/o_663_2.jpg	photodiode	1
799.029	0.5	799029	catch	32671	n/a	catch_padded.jpg	photodiode	0
799.433	0.0	799433	response	6	n/a	n/a	trigger	0
800.981	0.5	800981	trained	32752	15	memtrain/o_195_1.jpg	photodiode	1
801.882	0.5	801882	trained	32751	16	memtrain/o_199_2.jpg	photodiode	1
802.732	0.5	802732	untrained	32691	76	memtrain/o_570_1.jpg	photodiode	1
803.583	0.5	803583	catch	32671	n/a	catch_padded.jpg	photodiode	0
804.097	0.0	804097	response	6	n/a	n/a	trigger	0
805.535	0.5	805535	untrained	32698	69	memtrain/o_464_2.jpg	photodiode	1
806.285	0.5	806285	trained	32755	12	memtrain/o_127_2.jpg	photodiode	1
807.186	0.5	807186	trained	32724	43	memtrain/so_043_2.jpg	photodiode	1
808.137	0.5	808137	catch	32671	n/a	catch_padded.jpg	photodiode	0
808.616	0.0	808616	response	6	n/a	n/a	trigger	0
810.189	0.5	810189	trained	32738	29	memtrain/o_416_1.jpg	photodiode	1
811.039	0.5	811039	trained	32742	25	memtrain/o_358_2.jpg	photodiode	1
811.99	0.5	811990	trained	32758	9	memtrain/o_101_2.jpg	photodiode	1
812.941	0.5	812941	trained	32739	28	memtrain/o_397_1.jpg	photodiode	1
813.692	0.5	813692	catch	32671	n/a	catch_padded.jpg	photodiode	0
814.059	0.0	814059	response	6	n/a	n/a	trigger	0
815.793	0.5	815793	untrained	32690	77	memtrain/o_574_2.jpg	photodiode	1
816.744	0.5	816744	untrained	32696	71	memtrain/o_483_1.jpg	photodiode	1
817.645	0.5	817645	untrained	32689	78	memtrain/o_599_1.jpg	photodiode	1
818.446	0.5	818446	catch	32671	n/a	catch_padded.jpg	photodiode	0
818.864	0.0	818864	response	6	n/a	n/a	trigger	0
820.347	0.5	820347	trained	32730	37	memtrain/o_597_1.jpg	photodiode	1
821.148	0.5	821148	trained	32760	7	memtrain/o_091_2.jpg	photodiode	1
821.991	0.5	821991	untrained	32709	58	memtrain/o_192_1.jpg	photodiode	1
822.941	0.5	822941	untrained	32684	83	memtrain/so_105_1.jpg	photodiode	1
823.692	0.5	823692	untrained	32678	89	memtrain/o_469_1.jpg	photodiode	1
824.593	0.5	824593	catch	32671	n/a	catch_padded.jpg	photodiode	0
824.975	0.0	824975	response	6	n/a	n/a	trigger	0
826.494	0.5	826494	untrained	32695	72	memtrain/o_490_1.jpg	photodiode	1
827.253	0.5	827253	untrained	32700	67	memtrain/o_378_1.jpg	photodiode	1
828.046	0.5	828046	trained	32721	46	memtrain/so_113_1.jpg	photodiode	1
828.896	0.5	828896	trained	32759	8	memtrain/o_094_1.jpg	photodiode	1
829.797	0.5	829797	catch	32671	n/a	catch_padded.jpg	photodiode	0
830.271	0.0	830271	response	6	n/a	n/a	trigger	0
831.899	0.5	831899	trained	32747	20	memtrain/o_290_1.jpg	photodiode	1
832.75	0.5	832750	untrained	32673	94	memtrain/so_067_1.jpg	photodiode	1
833.6	0.5	833600	trained	32754	13	memtrain/o_136_1.jpg	photodiode	1
834.451	0.5	834451	trained	32725	42	memtrain/so_034_2.jpg	photodiode	1
835.402	0.5	835402	catch	32671	n/a	catch_padded.jpg	photodiode	0
835.695	0.0	835695	response	6	n/a	n/a	trigger	0
837.504	0.5	837504	trained	32722	45	memtrain/so_090_2.jpg	photodiode	1
838.455	0.5	838455	trained	32756	11	memtrain/o_117_2.jpg	photodiode	1
839.355	0.5	839355	trained	32741	26	memtrain/o_376_1.jpg	photodiode	1
840.206	0.5	840206	trained	32727	40	memtrain/o_648_2.jpg	photodiode	1
841.007	0.5	841007	untrained	32712	55	memtrain/o_153_2.jpg	photodiode	1
841.458	0.0	841458	response	6	n/a	n/a	trigger	0
841.757	0.5	841757	catch	32671	n/a	catch_padded.jpg	photodiode	0
843.759	0.5	843759	trained	32720	47	memtrain/so_147_2.jpg	photodiode	1
844.51	0.5	844510	untrained	32717	50	memtrain/o_057_2.jpg	photodiode	1
845.31	0.5	845310	trained	32764	3	memtrain/o_040_2.jpg	photodiode	1
846.111	0.5	846111	untrained	32686	81	memtrain/o_655_2.jpg	photodiode	1
846.113	0.0	846113	response	5	n/a	n/a	trigger	0
847.062	0.5	847062	catch	32671	n/a	catch_padded.jpg	photodiode	0
847.411	0.0	847411	response	6	n/a	n/a	trigger	0
848.963	0.5	848963	untrained	32708	59	memtrain/o_201_2.jpg	photodiode	1
849.906	0.5	849906	untrained	32677	90	memtrain/o_580_1.jpg	photodiode	1
850.756	0.5	850756	untrained	32713	54	memtrain/o_145_1.jpg	photodiode	1
851.557	0.5	851557	untrained	32679	88	memtrain/o_458_1.jpg	photodiode	1
852.358	0.5	852358	untrained	32672	95	memtrain/so_125_1.jpg	photodiode	1
853.208	0.5	853208	catch	32671	n/a	catch_padded.jpg	photodiode	0
853.565	0.0	853565	response	6	n/a	n/a	trigger	0
855.16	0.5	855160	trained	32736	31	memtrain/o_465_2.jpg	photodiode	1
856.061	0.5	856061	trained	32732	35	memtrain/o_561_2.jpg	photodiode	1
856.812	0.5	856812	trained	32723	44	memtrain/so_045_1.jpg	photodiode	1
857.712	0.5	857712	catch	32671	n/a	catch_padded.jpg	photodiode	0
858.13	0.0	858130	response	6	n/a	n/a	trigger	0
859.614	0.5	859614	trained	32762	5	memtrain/o_067_1.jpg	photodiode	1
860.415	0.5	860415	trained	32761	6	memtrain/o_076_1.jpg	photodiode	1
861.265	0.5	861265	trained	32749	18	memtrain/o_264_2.jpg	photodiode	1
862.166	0.5	862166	trained	32740	27	memtrain/o_379_2.jpg	photodiode	1
863.117	0.5	863117	catch	32671	n/a	catch_padded.jpg	photodiode	0
863.394	0.0	863394	response	6	n/a	n/a	trigger	0
865.069	0.5	865069	untrained	32675	92	memtrain/so_033_1.jpg	photodiode	1
866.019	0.5	866019	trained	32729	38	memtrain/o_603_1.jpg	photodiode	1
866.77	0.5	866770	untrained	32710	57	memtrain/o_171_1.jpg	photodiode	1
867.621	0.5	867621	untrained	32693	74	memtrain/o_550_1.jpg	photodiode	1
868.471	0.5	868471	catch	32671	n/a	catch_padded.jpg	photodiode	0
868.724	0.0	868724	response	6	n/a	n/a	trigger	0
870.523	0.5	870523	untrained	32707	60	memtrain/o_228_2.jpg	photodiode	1
871.274	0.5	871274	untrained	32676	91	memtrain/o_605_1.jpg	photodiode	1
872.225	0.5	872225	trained	32763	4	memtrain/o_042_1.jpg	photodiode	1
873.025	0.5	873025	trained	32737	30	memtrain/o_437_2.jpg	photodiode	1
873.826	0.5	873826	catch	32671	n/a	catch_padded.jpg	photodiode	0
874.158	0.0	874158	response	6	n/a	n/a	trigger	0
875.728	0.5	875728	untrained	32705	62	memtrain/o_304_1.jpg	photodiode	1
876.578	0.5	876578	untrained	32694	73	memtrain/o_519_2.jpg	photodiode	1
877.379	0.5	877379	untrained	32715	52	memtrain/o_141_1.jpg	photodiode	1
878.33	0.5	878330	trained	32735	32	memtrain/o_485_2.jpg	photodiode	1
879.272	0.5	879272	untrained	32699	68	memtrain/o_393_1.jpg	photodiode	1
880.073	0.5	880073	catch	32671	n/a	catch_padded.jpg	photodiode	0
880.414	0.0	880414	response	6	n/a	n/a	trigger	0
882.175	0.5	882175	trained	32728	39	memtrain/o_606_1.jpg	photodiode	1
882.926	0.5	882926	untrained	32701	66	memtrain/o_342_2.jpg	photodiode	1
883.826	0.5	883826	untrained	32674	93	memtrain/so_035_1.jpg	photodiode	1
884.777	0.5	884777	untrained	32681	86	memtrain/o_288_1.jpg	photodiode	1
885.678	0.5	885678	catch	32671	n/a	catch_padded.jpg	photodiode	0
886.047	0.0	886047	response	6	n/a	n/a	trigger	0
887.638	0.5	887638	untrained	32702	65	memtrain/o_337_2.jpg	photodiode	1
888.43	0.5	888430	trained	32743	24	memtrain/o_357_1.jpg	photodiode	1
889.381	0.5	889381	trained	32748	19	memtrain/o_284_2.jpg	photodiode	1
890.182	0.5	890182	catch	32671	n/a	catch_padded.jpg	photodiode	0
890.603	0.0	890603	response	6	n/a	n/a	trigger	0
892.183	0.5	892183	trained	32745	22	memtrain/o_321_1.jpg	photodiode	1
892.984	0.5	892984	trained	32757	10	memtrain/o_111_2.jpg	photodiode	1
893.735	0.5	893735	trained	32731	36	memtrain/o_583_1.jpg	photodiode	1
894.635	0.5	894635	trained	32733	34	memtrain/o_558_2.jpg	photodiode	1
895.386	0.5	895386	catch	32671	n/a	catch_padded.jpg	photodiode	0
895.779	0.0	895779	response	6	n/a	n/a	trigger	0
897.488	0.5	897488	untrained	32685	82	memtrain/o_656_1.jpg	photodiode	1
898.289	0.5	898289	trained	32766	1	memtrain/o_015_1.jpg	photodiode	1
899.139	0.5	899139	trained	32765	2	memtrain/o_035_1.jpg	photodiode	1
900.09	0.5	900090	catch	32671	n/a	catch_padded.jpg	photodiode	0
900.529	0.0	900529	response	6	n/a	n/a	trigger	0
906.573	0.0	906573	block_end	120	n/a	n/a	trigger	0
923.983	0.0	923983	response	5	n/a	n/a	trigger	0
923.986	0.0	923986	block_onset	104	n/a	n/a	trigger	0
926.045	0.5	926045	trained	32733	34	memtrain/o_558_2.jpg	photodiode	1
926.846	0.5	926846	trained	32749	18	memtrain/o_264_2.jpg	photodiode	1
927.797	0.5	927797	untrained	32697	70	memtrain/o_471_2.jpg	photodiode	1
928.748	0.5	928748	trained	32721	46	memtrain/so_113_1.jpg	photodiode	1
929.649	0.5	929649	trained	32722	45	memtrain/so_090_2.jpg	photodiode	1
930.591	0.5	930591	catch	32671	n/a	catch_padded.jpg	photodiode	0
932.643	0.5	932643	untrained	32681	86	memtrain/o_288_1.jpg	photodiode	1
933.443	0.5	933443	trained	32758	9	memtrain/o_101_2.jpg	photodiode	1
934.294	0.5	934294	trained	32766	1	memtrain/o_015_1.jpg	photodiode	1
935.098	0.0	935098	response	5	n/a	n/a	trigger	0
935.195	0.5	935195	catch	32671	n/a	catch_padded.jpg	photodiode	0
937.096	0.5	937096	trained	32720	47	memtrain/so_147_2.jpg	photodiode	1
937.847	0.5	937847	trained	32760	7	memtrain/o_091_2.jpg	photodiode	1
938.598	0.5	938598	untrained	32691	76	memtrain/o_570_1.jpg	photodiode	1
939.348	0.5	939348	catch	32671	n/a	catch_padded.jpg	photodiode	0
939.76	0.0	939760	response	6	n/a	n/a	trigger	0
941.35	0.5	941350	trained	32739	28	memtrain/o_397_1.jpg	photodiode	1
942.301	0.5	942301	trained	32755	12	memtrain/o_127_2.jpg	photodiode	1
943.201	0.5	943201	trained	32754	13	memtrain/o_136_1.jpg	photodiode	1
944.152	0.5	944152	trained	32727	40	memtrain/o_648_2.jpg	photodiode	1
945.103	0.5	945103	catch	32671	n/a	catch_padded.jpg	photodiode	0
945.396	0.0	945396	response	6	n/a	n/a	trigger	0
947.155	0.5	947155	untrained	32676	91	memtrain/o_605_1.jpg	photodiode	1
948.006	0.5	948006	trained	32743	24	memtrain/o_357_1.jpg	photodiode	1
948.856	0.5	948856	trained	32763	4	memtrain/o_042_1.jpg	photodiode	1
949.657	0.5	949657	untrained	32698	69	memtrain/o_464_2.jpg	photodiode	1
950.508	0.5	950508	untrained	32672	95	memtrain/so_125_1.jpg	photodiode	1
951.308	0.5	951308	catch	32671	n/a	catch_padded.jpg	photodiode	0
951.674	0.0	951674	response	6	n/a	n/a	trigger	0
953.26	0.5	953260	untrained	32702	65	memtrain/o_337_2.jpg	photodiode	1
954.111	0.5	954111	trained	32728	39	memtrain/o_606_1.jpg	photodiode	1
954.861	0.5	954861	untrained	32689	78	memtrain/o_599_1.jpg	photodiode	1
955.762	0.5	955762	untrained	32718	49	memtrain/o_054_2.jpg	photodiode	1
956.663	0.5	956663	untrained	32713	54	memtrain/o_145_1.jpg	photodiode	1
957.413	0.5	957413	catch	32671	n/a	catch_padded.jpg	photodiode	0
957.77	0.0	957770	response	6	n/a	n/a	trigger	0
959.465	0.5	959465	trained	32737	30	memtrain/o_437_2.jpg	photodiode	1
960.358	0.5	960358	untrained	32715	52	memtrain/o_141_1.jpg	photodiode	1
961.209	0.5	961209	trained	32736	31	memtrain/o_465_2.jpg	photodiode	1
962.159	0.5	962159	untrained	32716	51	memtrain/o_103_2.jpg	photodiode	1
963.01	0.5	963010	catch	32671	n/a	catch_padded.jpg	photodiode	0
963.415	0.0	963415	response	6	n/a	n/a	trigger	0
965.012	0.5	965012	trained	32745	22	memtrain/o_321_1.jpg	photodiode	1
965.863	0.5	965863	untrained	32700	67	memtrain/o_378_1.jpg	photodiode	1
966.613	0.5	966613	untrained	32712	55	memtrain/o_153_2.jpg	photodiode	1
967.414	0.5	967414	catch	32671	n/a	catch_padded.jpg	photodiode	0
967.804	0.0	967804	response	6	n/a	n/a	trigger	0
969.416	0.5	969416	untrained	32703	64	memtrain/o_334_2.jpg	photodiode	1
970.366	0.5	970366	trained	32738	29	memtrain/o_416_1.jpg	photodiode	1
971.217	0.5	971217	untrained	32701	66	memtrain/o_342_2.jpg	photodiode	1
972.168	0.5	972168	untrained	32673	94	memtrain/so_067_1.jpg	photodiode	1
972.969	0.5	972969	catch	32671	n/a	catch_padded.jpg	photodiode	0
973.372	0.0	973372	response	6	n/a	n/a	trigger	0
974.97	0.5	974970	untrained	32685	82	memtrain/o_656_1.jpg	photodiode	1
975.871	0.5	975871	trained	32751	16	memtrain/o_199_2.jpg	photodiode	1
976.772	0.5	976772	untrained	32710	57	memtrain/o_171_1.jpg	photodiode	1
977.623	0.5	977623	catch	32671	n/a	catch_padded.jpg	photodiode	0
978.236	0.0	978236	response	6	n/a	n/a	trigger	0
979.724	0.5	979724	trained	32759	8	memtrain/o_094_1.jpg	photodiode	1
980.525	0.5	980525	untrained	32686	81	memtrain/o_655_2.jpg	photodiode	1
981.326	0.5	981326	trained	32729	38	memtrain/o_603_1.jpg	photodiode	1
982.076	0.5	982076	untrained	32687	80	memtrain/o_613_1.jpg	photodiode	1
982.877	0.5	982877	trained	32724	43	memtrain/so_043_2.jpg	photodiode	1
983.678	0.5	983678	catch	32671	n/a	catch_padded.jpg	photodiode	0
983.911	0.0	983911	response	6	n/a	n/a	trigger	0
985.629	0.5	985629	trained	32740	27	memtrain/o_379_2.jpg	photodiode	1
986.43	0.5	986430	untrained	32680	87	memtrain/o_365_1.jpg	photodiode	1
987.281	0.5	987281	untrained	32711	56	memtrain/o_163_2.jpg	photodiode	1
988.023	0.5	988023	trained	32732	35	memtrain/o_561_2.jpg	photodiode	1
988.782	0.5	988782	untrained	32694	73	memtrain/o_519_2.jpg	photodiode	1
989.524	0.5	989524	catch	32671	n/a	catch_padded.jpg	photodiode	0
989.915	0.0	989915	response	6	n/a	n/a	trigger	0
991.626	0.5	991626	trained	32747	20	memtrain/o_290_1.jpg	photodiode	1
992.577	0.5	992577	untrained	32717	50	memtrain/o_057_2.jpg	photodiode	1
993.327	0.5	993327	untrained	32678	89	memtrain/o_469_1.jpg	photodiode	1
994.078	0.5	994078	trained	32741	26	memtrain/o_376_1.jpg	photodiode	1
994.229	0.0	994229	response	5	n/a	n/a	trigger	0
994.879	0.5	994879	catch	32671	n/a	catch_padded.jpg	photodiode	0
995.513	0.0	995513	response	6	n/a	n/a	trigger	0
996.98	0.5	996980	trained	32752	15	memtrain/o_195_1.jpg	photodiode	1
997.881	0.5	997881	trained	32744	23	memtrain/o_338_2.jpg	photodiode	1
998.632	0.5	998632	untrained	32677	90	memtrain/o_580_1.jpg	photodiode	1
999.583	0.5	999583	catch	32671	n/a	catch_padded.jpg	photodiode	0
1001.484	0.5	1001484	untrained	32695	72	memtrain/o_490_1.jpg	photodiode	1
1002.385	0.5	1002385	untrained	32707	60	memtrain/o_228_2.jpg	photodiode	1
1003.236	0.5	1003236	trained	32761	6	memtrain/o_076_1.jpg	photodiode	1
1004.086	0.5	1004086	catch	32671	n/a	catch_padded.jpg	photodiode	0
1004.521	0.0	1004521	response	6	n/a	n/a	trigger	0
1006.088	0.5	1006088	untrained	32682	85	memtrain/o_218_1.jpg	photodiode	1
1006.939	0.5	1006939	untrained	32690	77	memtrain/o_574_2.jpg	photodiode	1
1007.89	0.5	1007890	untrained	32709	58	memtrain/o_192_1.jpg	photodiode	1
1008.79	0.5	1008790	catch	32671	n/a	catch_padded.jpg	photodiode	0
1009.319	0.0	1009319	response	6	n/a	n/a	trigger	0
1010.742	0.5	1010742	trained	32730	37	memtrain/o_597_1.jpg	photodiode	1
1011.493	0.5	1011493	untrained	32699	68	memtrain/o_393_1.jpg	photodiode	1
1012.293	0.5	1012293	untrained	32705	62	memtrain/o_304_1.jpg	photodiode	1
1013.094	0.5	1013094	catch	32671	n/a	catch_padded.jpg	photodiode	0
1013.464	0.0	1013464	response	6	n/a	n/a	trigger	0
1015.146	0.5	1015146	untrained	32674	93	memtrain/so_035_1.jpg	photodiode	1
1016.047	0.5	1016047	trained	32735	32	memtrain/o_485_2.jpg	photodiode	1
1016.897	0.5	1016897	untrained	32719	48	memtrain/o_019_2.jpg	photodiode	1
1017.79	0.5	1017790	trained	32731	36	memtrain/o_583_1.jpg	photodiode	1
1018.691	0.5	1018691	catch	32671	n/a	catch_padded.jpg	photodiode	0
1018.965	0.0	1018965	response	6	n/a	n/a	trigger	0
1020.792	0.5	1020792	untrained	32692	75	memtrain/o_564_1.jpg	photodiode	1
1021.593	0.5	1021593	untrained	32706	61	memtrain/o_298_2.jpg	photodiode	1
1022.344	0.5	1022344	untrained	32708	59	memtrain/o_201_2.jpg	photodiode	1
1023.195	0.5	1023195	trained	32753	14	memtrain/o_174_1.jpg	photodiode	1
1024.145	0.5	1024145	catch	32671	n/a	catch_padded.jpg	photodiode	0
1024.561	0.0	1024561	response	6	n/a	n/a	trigger	0
1026.197	0.5	1026197	trained	32726	41	memtrain/o_663_2.jpg	photodiode	1
1026.948	0.5	1026948	trained	32764	3	memtrain/o_040_2.jpg	photodiode	1
1027.698	0.5	1027698	untrained	32683	84	memtrain/so_117_2.jpg	photodiode	1
1028.449	0.5	1028449	untrained	32679	88	memtrain/o_458_1.jpg	photodiode	1
1029.3	0.5	1029300	catch	32671	n/a	catch_padded.jpg	photodiode	0
1029.613	0.0	1029613	response	6	n/a	n/a	trigger	0
1031.301	0.5	1031301	trained	32723	44	memtrain/so_045_1.jpg	photodiode	1
1032.252	0.5	1032252	trained	32757	10	memtrain/o_111_2.jpg	photodiode	1
1033.203	0.5	1033203	trained	32734	33	memtrain/o_536_1.jpg	photodiode	1
1034.104	0.5	1034104	catch	32671	n/a	catch_padded.jpg	photodiode	0
1036.105	0.5	1036105	untrained	32675	92	memtrain/so_033_1.jpg	photodiode	1
1036.164	0.0	1036164	response	6	n/a	n/a	trigger	0
1036.906	0.5	1036906	untrained	32688	79	memtrain/o_600_1.jpg	photodiode	1
1037.857	0.5	1037857	trained	32748	19	memtrain/o_284_2.jpg	photodiode	1
1038.808	0.5	1038808	untrained	32684	83	memtrain/so_105_1.jpg	photodiode	1
1039.558	0.5	1039558	trained	32746	21	memtrain/o_319_1.jpg	photodiode	1
1040.359	0.5	1040359	catch	32671	n/a	catch_padded.jpg	photodiode	0
1040.698	0.0	1040698	response	6	n/a	n/a	trigger	0
1042.361	0.5	1042361	trained	32750	17	memtrain/o_232_1.jpg	photodiode	1
1043.161	0.5	1043161	untrained	32693	74	memtrain/o_550_1.jpg	photodiode	1
1044.112	0.5	1044112	trained	32725	42	memtrain/so_034_2.jpg	photodiode	1
1044.863	0.5	1044863	untrained	32696	71	memtrain/o_483_1.jpg	photodiode	1
1045.764	0.5	1045764	catch	32671	n/a	catch_padded.jpg	photodiode	0
1046.194	0.0	1046194	response	6	n/a	n/a	trigger	0
1047.807	0.5	1047807	trained	32742	25	memtrain/o_358_2.jpg	photodiode	1
1048.758	0.5	1048758	trained	32767	0	memtrain/o_006_1.jpg	photodiode	1
1049.608	0.5	1049608	untrained	32704	63	memtrain/o_310_2.jpg	photodiode	1
1050.409	0.5	1050409	catch	32671	n/a	catch_padded.jpg	photodiode	0
1050.842	0.0	1050842	response	6	n/a	n/a	trigger	0
1052.461	0.5	1052461	trained	32762	5	memtrain/o_067_1.jpg	photodiode	1
1053.311	0.5	1053311	trained	32765	2	memtrain/o_035_1.jpg	photodiode	1
1054.112	0.5	1054112	trained	32756	11	memtrain/o_117_2.jpg	photodiode	1
1054.863	0.5	1054863	untrained	32714	53	memtrain/o_142_2.jpg	photodiode	1
1055.764	0.5	1055764	untrained	32712	55	memtrain/o_153_2.jpg	photodiode	1
1056.564	0.5	1056564	catch	32671	n/a	catch_padded.jpg	photodiode	0
1056.987	0.0	1056987	response	6	n/a	n/a	trigger	0
1058.516	0.5	1058516	untrained	32716	51	memtrain/o_103_2.jpg	photodiode	1
1059.417	0.5	1059417	trained	32725	42	memtrain/so_034_2.jpg	photodiode	1
1060.367	0.5	1060367	untrained	32699	68	memtrain/o_393_1.jpg	photodiode	1
1061.268	0.5	1061268	untrained	32704	63	memtrain/o_310_2.jpg	photodiode	1
1062.219	0.5	1062219	catch	32671	n/a	catch_padded.jpg	photodiode	0
1062.631	0.0	1062631	response	6	n/a	n/a	trigger	0
1064.121	0.5	1064121	trained	32745	22	memtrain/o_321_1.jpg	photodiode	1
1064.871	0.5	1064871	trained	32765	2	memtrain/o_035_1.jpg	photodiode	1
1065.672	0.5	1065672	untrained	32682	85	memtrain/o_218_1.jpg	photodiode	1
1066.573	0.5	1066573	trained	32741	26	memtrain/o_376_1.jpg	photodiode	1
1067.423	0.5	1067423	trained	32723	44	memtrain/so_045_1.jpg	photodiode	1
1068.274	0.5	1068274	catch	32671	n/a	catch_padded.jpg	photodiode	0
1068.547	0.0	1068547	response	6	n/a	n/a	trigger	0
1070.176	0.5	1070176	trained	32736	31	memtrain/o_465_2.jpg	photodiode	1
1070.976	0.5	1070976	untrained	32710	57	memtrain/o_171_1.jpg	photodiode	1
1071.777	0.5	1071777	trained	32727	40	memtrain/o_648_2.jpg	photodiode	1
1072.578	0.5	1072578	trained	32766	1	memtrain/o_015_1.jpg	photodiode	1
1073.529	0.5	1073529	untrained	32698	69	memtrain/o_464_2.jpg	photodiode	1
1074.429	0.5	1074429	catch	32671	n/a	catch_padded.jpg	photodiode	0
1074.864	0.0	1074864	response	6	n/a	n/a	trigger	0
1076.473	0.5	1076473	trained	32758	9	memtrain/o_101_2.jpg	photodiode	1
1077.274	0.5	1077274	untrained	32705	62	memtrain/o_304_1.jpg	photodiode	1
1078.024	0.5	1078024	untrained	32691	76	memtrain/o_570_1.jpg	photodiode	1
1078.775	0.5	1078775	untrained	32702	65	memtrain/o_337_2.jpg	photodiode	1
1079.676	0.5	1079676	trained	32762	5	memtrain/o_067_1.jpg	photodiode	1
1080.476	0.5	1080476	catch	32671	n/a	catch_padded.jpg	photodiode	0
1080.97	0.0	1080970	response	6	n/a	n/a	trigger	0
1082.378	0.5	1082378	untrained	32689	78	memtrain/o_599_1.jpg	photodiode	1
1083.179	0.5	1083179	trained	32752	15	memtrain/o_195_1.jpg	photodiode	1
1084.13	0.5	1084130	untrained	32690	77	memtrain/o_574_2.jpg	photodiode	1
1085.03	0.5	1085030	trained	32743	24	memtrain/o_357_1.jpg	photodiode	1
1085.931	0.5	1085931	trained	32755	12	memtrain/o_127_2.jpg	photodiode	1
1086.832	0.5	1086832	catch	32671	n/a	catch_padded.jpg	photodiode	0
1087.086	0.0	1087086	response	6	n/a	n/a	trigger	0
1088.733	0.5	1088733	trained	32747	20	memtrain/o_290_1.jpg	photodiode	1
1089.534	0.5	1089534	trained	32735	32	memtrain/o_485_2.jpg	photodiode	1
1090.435	0.5	1090435	untrained	32718	49	memtrain/o_054_2.jpg	photodiode	1
1091.336	0.5	1091336	catch	32671	n/a	catch_padded.jpg	photodiode	0
1091.914	0.0	1091914	response	6	n/a	n/a	trigger	0
1093.437	0.5	1093437	trained	32750	17	memtrain/o_232_1.jpg	photodiode	1
1094.388	0.5	1094388	trained	32744	23	memtrain/o_338_2.jpg	photodiode	1
1095.239	0.5	1095239	untrained	32681	86	memtrain/o_288_1.jpg	photodiode	1
1096.09	0.5	1096090	catch	32671	n/a	catch_padded.jpg	photodiode	0
1096.806	0.0	1096806	response	6	n/a	n/a	trigger	0
1098.091	0.5	1098091	untrained	32679	88	memtrain/o_458_1.jpg	photodiode	1
1098.892	0.5	1098892	untrained	32676	91	memtrain/o_605_1.jpg	photodiode	1
1099.693	0.5	1099693	trained	32748	19	memtrain/o_284_2.jpg	photodiode	1
1100.443	0.5	1100443	trained	32753	14	memtrain/o_174_1.jpg	photodiode	1
1101.294	0.5	1101294	catch	32671	n/a	catch_padded.jpg	photodiode	0
1101.673	0.0	1101673	response	6	n/a	n/a	trigger	0
1103.296	0.5	1103296	untrained	32673	94	memtrain/so_067_1.jpg	photodiode	1
1104.046	0.5	1104046	trained	32749	18	memtrain/o_264_2.jpg	photodiode	1
1104.989	0.5	1104989	untrained	32678	89	memtrain/o_469_1.jpg	photodiode	1
1105.848	0.5	1105848	catch	32671	n/a	catch_padded.jpg	photodiode	0
1106.776	0.0	1106776	response	6	n/a	n/a	trigger	0
1107.941	0.5	1107941	untrained	32677	90	memtrain/o_580_1.jpg	photodiode	1
1108.892	0.5	1108892	trained	32737	30	memtrain/o_437_2.jpg	photodiode	1
1109.793	0.5	1109793	untrained	32675	92	memtrain/so_033_1.jpg	photodiode	1
1110.643	0.5	1110643	catch	32671	n/a	catch_padded.jpg	photodiode	0
1111.113	0.0	1111113	response	6	n/a	n/a	trigger	0
1111.577	0.0	1111577	response	5	n/a	n/a	trigger	0
1112.554	0.5	1112554	trained	32742	25	memtrain/o_358_2.jpg	photodiode	1
1113.496	0.5	1113496	untrained	32697	70	memtrain/o_471_2.jpg	photodiode	1
1114.447	0.5	1114447	untrained	32713	54	memtrain/o_145_1.jpg	photodiode	1
1115.197	0.5	1115197	untrained	32711	56	memtrain/o_163_2.jpg	photodiode	1
1116.148	0.5	1116148	catch	32671	n/a	catch_padded.jpg	photodiode	0
1116.537	0.0	1116537	response	6	n/a	n/a	trigger	0
1118.1	0.5	1118100	trained	32729	38	memtrain/o_603_1.jpg	photodiode	1
1118.95	0.5	1118950	untrained	32700	67	memtrain/o_378_1.jpg	photodiode	1
1119.851	0.5	1119851	trained	32740	27	memtrain/o_379_2.jpg	photodiode	1
1120.702	0.5	1120702	trained	32764	3	memtrain/o_040_2.jpg	photodiode	1
1121.653	0.5	1121653	untrained	32687	80	memtrain/o_613_1.jpg	photodiode	1
1121.828	0.0	1121828	response	6	n/a	n/a	trigger	0
1122.503	0.5	1122503	catch	32671	n/a	catch_padded.jpg	photodiode	0
1122.825	0.0	1122825	response	6	n/a	n/a	trigger	0
1124.405	0.5	1124405	trained	32759	8	memtrain/o_094_1.jpg	photodiode	1
1125.306	0.5	1125306	untrained	32706	61	memtrain/o_298_2.jpg	photodiode	1
1126.056	0.5	1126056	untrained	32708	59	memtrain/o_201_2.jpg	photodiode	1
1127.007	0.5	1127007	untrained	32685	82	memtrain/o_656_1.jpg	photodiode	1
1127.758	0.5	1127758	catch	32671	n/a	catch_padded.jpg	photodiode	0
1128.169	0.0	1128169	response	6	n/a	n/a	trigger	0
1129.81	0.5	1129810	untrained	32684	83	memtrain/so_105_1.jpg	photodiode	1
1130.61	0.5	1130610	untrained	32717	50	memtrain/o_057_2.jpg	photodiode	1
1131.461	0.5	1131461	trained	32726	41	memtrain/o_663_2.jpg	photodiode	1
1132.362	0.5	1132362	trained	32730	37	memtrain/o_597_1.jpg	photodiode	1
1133.204	0.5	1133204	trained	32761	6	memtrain/o_076_1.jpg	photodiode	1
1134.155	0.5	1134155	catch	32671	n/a	catch_padded.jpg	photodiode	0
1134.489	0.0	1134489	response	6	n/a	n/a	trigger	0
1136.207	0.5	1136207	untrained	32714	53	memtrain/o_142_2.jpg	photodiode	1
1137.108	0.5	1137108	untrained	32694	73	memtrain/o_519_2.jpg	photodiode	1
1137.858	0.5	1137858	untrained	32680	87	memtrain/o_365_1.jpg	photodiode	1
1138.809	0.5	1138809	trained	32739	28	memtrain/o_397_1.jpg	photodiode	1
1139.56	0.5	1139560	trained	32720	47	memtrain/so_147_2.jpg	photodiode	1
1140.361	0.5	1140361	catch	32671	n/a	catch_padded.jpg	photodiode	0
1140.612	0.0	1140612	response	6	n/a	n/a	trigger	0
1142.462	0.5	1142462	trained	32760	7	memtrain/o_091_2.jpg	photodiode	1
1143.363	0.5	1143363	untrained	32688	79	memtrain/o_600_1.jpg	photodiode	1
1144.264	0.5	1144264	trained	32763	4	memtrain/o_042_1.jpg	photodiode	1
1145.014	0.5	1145014	trained	32722	45	memtrain/so_090_2.jpg	photodiode	1
1145.965	0.5	1145965	trained	32754	13	memtrain/o_136_1.jpg	photodiode	1
1146.766	0.5	1146766	catch	32671	n/a	catch_padded.jpg	photodiode	0
1147.313	0.0	1147313	response	6	n/a	n/a	trigger	0
1148.718	0.5	1148718	untrained	32695	72	memtrain/o_490_1.jpg	photodiode	1
1149.468	0.5	1149468	untrained	32692	75	memtrain/o_564_1.jpg	photodiode	1
1150.269	0.5	1150269	untrained	32696	71	memtrain/o_483_1.jpg	photodiode	1
1151.12	0.5	1151120	trained	32757	10	memtrain/o_111_2.jpg	photodiode	1
1151.87	0.5	1151870	catch	32671	n/a	catch_padded.jpg	photodiode	0
1152.299	0.0	1152299	response	6	n/a	n/a	trigger	0
1153.822	0.5	1153822	untrained	32683	84	memtrain/so_117_2.jpg	photodiode	1
1154.623	0.5	1154623	untrained	32674	93	memtrain/so_035_1.jpg	photodiode	1
1155.573	0.5	1155573	trained	32746	21	memtrain/o_319_1.jpg	photodiode	1
1156.324	0.5	1156324	untrained	32719	48	memtrain/o_019_2.jpg	photodiode	1
1157.275	0.5	1157275	catch	32671	n/a	catch_padded.jpg	photodiode	0
1157.685	0.0	1157685	response	6	n/a	n/a	trigger	0
1159.227	0.5	1159227	untrained	32715	52	memtrain/o_141_1.jpg	photodiode	1
1160.077	0.5	1160077	untrained	32672	95	memtrain/so_125_1.jpg	photodiode	1
1160.828	0.5	1160828	trained	32728	39	memtrain/o_606_1.jpg	photodiode	1
1161.679	0.5	1161679	trained	32734	33	memtrain/o_536_1.jpg	photodiode	1
1162.131	0.0	1162131	response	6	n/a	n/a	trigger	0
1162.521	0.5	1162521	catch	32671	n/a	catch_padded.jpg	photodiode	0
1164.472	0.5	1164472	trained	32731	36	memtrain/o_583_1.jpg	photodiode	1
1165.373	0.5	1165373	untrained	32693	74	memtrain/o_550_1.jpg	photodiode	1
1166.132	0.5	1166132	untrained	32707	60	memtrain/o_228_2.jpg	photodiode	1
1167.075	0.5	1167075	catch	32671	n/a	catch_padded.jpg	photodiode	0
1167.495	0.0	1167495	response	6	n/a	n/a	trigger	0
1169.126	0.5	1169126	untrained	32686	81	memtrain/o_655_2.jpg	photodiode	1
1169.977	0.5	1169977	trained	32733	34	memtrain/o_558_2.jpg	photodiode	1
1170.728	0.5	1170728	trained	32721	46	memtrain/so_113_1.jpg	photodiode	1
1171.578	0.5	1171578	trained	32767	0	memtrain/o_006_1.jpg	photodiode	1
1172.379	0.5	1172379	catch	32671	n/a	catch_padded.jpg	photodiode	0
1172.887	0.0	1172887	response	6	n/a	n/a	trigger	0
1174.431	0.5	1174431	trained	32732	35	memtrain/o_561_2.jpg	photodiode	1
1175.182	0.5	1175182	untrained	32703	64	memtrain/o_334_2.jpg	photodiode	1
1176.132	0.5	1176132	trained	32738	29	memtrain/o_416_1.jpg	photodiode	1
1177.033	0.5	1177033	trained	32751	16	memtrain/o_199_2.jpg	photodiode	1
1177.784	0.5	1177784	untrained	32709	58	memtrain/o_192_1.jpg	photodiode	1
1178.734	0.5	1178734	catch	32671	n/a	catch_padded.jpg	photodiode	0
1178.953	0.0	1178953	response	6	n/a	n/a	trigger	0
1180.836	0.5	1180836	trained	32756	11	memtrain/o_117_2.jpg	photodiode	1
1181.687	0.5	1181687	trained	32724	43	memtrain/so_043_2.jpg	photodiode	1
1182.488	0.5	1182488	untrained	32701	66	memtrain/o_342_2.jpg	photodiode	1
1183.288	0.5	1183288	catch	32671	n/a	catch_padded.jpg	photodiode	0
1186.223	0.0	1186223	response	6	n/a	n/a	trigger	0
1189.761	0.0	1189761	block_end	120	n/a	n/a	trigger	0
1204.47	0.0	1204470	response	5	n/a	n/a	trigger	0
1204.474	0.0	1204474	block_onset	105	n/a	n/a	trigger	0
1206.533	0.5	1206533	trained	32728	39	memtrain/o_606_1.jpg	photodiode	1
1207.384	0.5	1207384	untrained	32693	74	memtrain/o_550_1.jpg	photodiode	1
1208.185	0.5	1208185	untrained	32691	76	memtrain/o_570_1.jpg	photodiode	1
1209.027	0.5	1209027	trained	32762	5	memtrain/o_067_1.jpg	photodiode	1
1209.978	0.5	1209978	untrained	32680	87	memtrain/o_365_1.jpg	photodiode	1
1210.728	0.5	1210728	catch	32671	n/a	catch_padded.jpg	photodiode	0
1211.095	0.0	1211095	response	6	n/a	n/a	trigger	0
1212.73	0.5	1212730	trained	32761	6	memtrain/o_076_1.jpg	photodiode	1
1213.639	0.5	1213639	untrained	32673	94	memtrain/so_067_1.jpg	photodiode	1
1214.431	0.5	1214431	trained	32747	20	memtrain/o_290_1.jpg	photodiode	1
1215.282	0.5	1215282	trained	32764	3	memtrain/o_040_2.jpg	photodiode	1
1216.133	0.5	1216133	trained	32751	16	memtrain/o_199_2.jpg	photodiode	1
1217.084	0.5	1217084	catch	32671	n/a	catch_padded.jpg	photodiode	0
1217.838	0.0	1217838	response	6	n/a	n/a	trigger	0
1219.035	0.5	1219035	untrained	32697	70	memtrain/o_471_2.jpg	photodiode	1
1219.795	0.5	1219795	trained	32727	40	memtrain/o_648_2.jpg	photodiode	1
1220.737	0.5	1220737	trained	32756	11	memtrain/o_117_2.jpg	photodiode	1
1221.688	0.5	1221688	untrained	32708	59	memtrain/o_201_2.jpg	photodiode	1
1222.488	0.5	1222488	catch	32671	n/a	catch_padded.jpg	photodiode	0
1222.873	0.0	1222873	response	6	n/a	n/a	trigger	0
1224.59	0.5	1224590	untrained	32696	71	memtrain/o_483_1.jpg	photodiode	1
1225.341	0.5	1225341	untrained	32694	73	memtrain/o_519_2.jpg	photodiode	1
1225.763	0.0	1225763	response	5	n/a	n/a	trigger	0
1226.241	0.5	1226241	untrained	32705	62	memtrain/o_304_1.jpg	photodiode	1
1227.092	0.5	1227092	trained	32725	42	memtrain/so_034_2.jpg	photodiode	1
1228.043	0.5	1228043	catch	32671	n/a	catch_padded.jpg	photodiode	0
1228.408	0.0	1228408	response	6	n/a	n/a	trigger	0
1230.095	0.5	1230095	untrained	32713	54	memtrain/o_145_1.jpg	photodiode	1
1230.895	0.5	1230895	trained	32745	22	memtrain/o_321_1.jpg	photodiode	1
1231.846	0.5	1231846	trained	32757	10	memtrain/o_111_2.jpg	photodiode	1
1232.647	0.5	1232647	untrained	32702	65	memtrain/o_337_2.jpg	photodiode	1
1233.498	0.5	1233498	catch	32671	n/a	catch_padded.jpg	photodiode	0
1233.869	0.0	1233869	response	6	n/a	n/a	trigger	0
1235.549	0.5	1235549	untrained	32707	60	memtrain/o_228_2.jpg	photodiode	1
1236.5	0.5	1236500	untrained	32715	52	memtrain/o_141_1.jpg	photodiode	1
1237.301	0.5	1237301	untrained	32683	84	memtrain/so_117_2.jpg	photodiode	1
1238.093	0.5	1238093	trained	32759	8	memtrain/o_094_1.jpg	photodiode	1
1238.944	0.5	1238944	catch	32671	n/a	catch_padded.jpg	photodiode	0
1239.329	0.0	1239329	response	6	n/a	n/a	trigger	0
1240.954	0.5	1240954	untrained	32679	88	memtrain/o_458_1.jpg	photodiode	1
1241.797	0.5	1241797	trained	32738	29	memtrain/o_416_1.jpg	photodiode	1
1242.647	0.5	1242647	trained	32734	33	memtrain/o_536_1.jpg	photodiode	1
1243.498	0.5	1243498	trained	32743	24	memtrain/o_357_1.jpg	photodiode	1
1244.399	0.5	1244399	trained	32730	37	memtrain/o_597_1.jpg	photodiode	1
1245.199	0.5	1245199	catch	32671	n/a	catch_padded.jpg	photodiode	0
1245.476	0.0	1245476	response	6	n/a	n/a	trigger	0
1247.151	0.5	1247151	trained	32766	1	memtrain/o_015_1.jpg	photodiode	1
1247.902	0.5	1247902	untrained	32699	68	memtrain/o_393_1.jpg	photodiode	1
1248.652	0.5	1248652	trained	32733	34	memtrain/o_558_2.jpg	photodiode	1
1249.453	0.5	1249453	trained	32750	17	memtrain/o_232_1.jpg	photodiode	1
1250.354	0.5	1250354	trained	32763	4	memtrain/o_042_1.jpg	photodiode	1
1251.104	0.5	1251104	catch	32671	n/a	catch_padded.jpg	photodiode	0
1251.23	0.0	1251230	response	6	n/a	n/a	trigger	0
1253.106	0.5	1253106	trained	32748	19	memtrain/o_284_2.jpg	photodiode	1
1253.957	0.5	1253957	trained	32744	23	memtrain/o_338_2.jpg	photodiode	1
1254.707	0.5	1254707	untrained	32686	81	memtrain/o_655_2.jpg	photodiode	1
1255.508	0.5	1255508	catch	32671	n/a	catch_padded.jpg	photodiode	0
1255.976	0.0	1255976	response	6	n/a	n/a	trigger	0
1257.56	0.5	1257560	untrained	32678	89	memtrain/o_469_1.jpg	photodiode	1
1258.311	0.5	1258311	trained	32720	47	memtrain/so_147_2.jpg	photodiode	1
1259.161	0.5	1259161	untrained	32714	53	memtrain/o_142_2.jpg	photodiode	1
1260.112	0.5	1260112	untrained	32692	75	memtrain/o_564_1.jpg	photodiode	1
1260.863	0.5	1260863	untrained	32677	90	memtrain/o_580_1.jpg	photodiode	1
1261.713	0.5	1261713	catch	32671	n/a	catch_padded.jpg	photodiode	0
1262.324	0.0	1262324	response	6	n/a	n/a	trigger	0
1263.815	0.5	1263815	trained	32721	46	memtrain/so_113_1.jpg	photodiode	1
1264.766	0.5	1264766	untrained	32684	83	memtrain/so_105_1.jpg	photodiode	1
1265.667	0.5	1265667	untrained	32675	92	memtrain/so_033_1.jpg	photodiode	1
1266.467	0.5	1266467	trained	32724	43	memtrain/so_043_2.jpg	photodiode	1
1267.268	0.5	1267268	trained	32754	13	memtrain/o_136_1.jpg	photodiode	1
1268.019	0.5	1268019	catch	32671	n/a	catch_padded.jpg	photodiode	0
1268.575	0.0	1268575	response	6	n/a	n/a	trigger	0
1270.071	0.5	1270071	trained	32753	14	memtrain/o_174_1.jpg	photodiode	1
1271.013	0.5	1271013	trained	32752	15	memtrain/o_195_1.jpg	photodiode	1
1271.914	0.5	1271914	untrained	32717	50	memtrain/o_057_2.jpg	photodiode	1
1272.714	0.5	1272714	trained	32758	9	memtrain/o_101_2.jpg	photodiode	1
1273.615	0.5	1273615	catch	32671	n/a	catch_padded.jpg	photodiode	0
1273.929	0.0	1273929	response	6	n/a	n/a	trigger	0
1275.717	0.5	1275717	trained	32723	44	memtrain/so_045_1.jpg	photodiode	1
1276.618	0.5	1276618	untrained	32687	80	memtrain/o_613_1.jpg	photodiode	1
1277.468	0.5	1277468	untrained	32674	93	memtrain/so_035_1.jpg	photodiode	1
1278.419	0.5	1278419	trained	32767	0	memtrain/o_006_1.jpg	photodiode	1
1279.22	0.5	1279220	catch	32671	n/a	catch_padded.jpg	photodiode	0
1279.517	0.0	1279517	response	6	n/a	n/a	trigger	0
1281.221	0.5	1281221	untrained	32710	57	memtrain/o_171_1.jpg	photodiode	1
1282.072	0.5	1282072	trained	32746	21	memtrain/o_319_1.jpg	photodiode	1
1282.823	0.5	1282823	trained	32740	27	memtrain/o_379_2.jpg	photodiode	1
1283.573	0.5	1283573	catch	32671	n/a	catch_padded.jpg	photodiode	0
1284.091	0.0	1284091	response	6	n/a	n/a	trigger	0
1285.625	0.5	1285625	trained	32749	18	memtrain/o_264_2.jpg	photodiode	1
1286.376	0.5	1286376	untrained	32685	82	memtrain/o_656_1.jpg	photodiode	1
1287.277	0.5	1287277	untrained	32709	58	memtrain/o_192_1.jpg	photodiode	1
1288.077	0.5	1288077	trained	32722	45	memtrain/so_090_2.jpg	photodiode	1
1288.878	0.5	1288878	catch	32671	n/a	catch_padded.jpg	photodiode	0
1289.256	0.0	1289256	response	6	n/a	n/a	trigger	0
1290.93	0.5	1290930	untrained	32712	55	memtrain/o_153_2.jpg	photodiode	1
1291.68	0.5	1291680	trained	32755	12	memtrain/o_127_2.jpg	photodiode	1
1292.531	0.5	1292531	trained	32732	35	memtrain/o_561_2.jpg	photodiode	1
1293.482	0.5	1293482	catch	32671	n/a	catch_padded.jpg	photodiode	0
1294.279	0.0	1294279	response	6	n/a	n/a	trigger	0
1295.433	0.5	1295433	trained	32739	28	memtrain/o_397_1.jpg	photodiode	1
1296.384	0.5	1296384	untrained	32690	77	memtrain/o_574_2.jpg	photodiode	1
1297.235	0.5	1297235	untrained	32700	67	memtrain/o_378_1.jpg	photodiode	1
1298.086	0.5	1298086	untrained	32704	63	memtrain/o_310_2.jpg	photodiode	1
1298.936	0.5	1298936	untrained	32706	61	memtrain/o_298_2.jpg	photodiode	1
1299.729	0.5	1299729	catch	32671	n/a	catch_padded.jpg	photodiode	0
1300.275	0.0	1300275	response	6	n/a	n/a	trigger	0
1301.681	0.5	1301681	untrained	32695	72	memtrain/o_490_1.jpg	photodiode	1
1302.631	0.5	1302631	untrained	32719	48	memtrain/o_019_2.jpg	photodiode	1
1303.482	0.5	1303482	trained	32726	41	memtrain/o_663_2.jpg	photodiode	1
1304.333	0.5	1304333	trained	32741	26	memtrain/o_376_1.jpg	photodiode	1
1305.234	0.5	1305234	untrained	32682	85	memtrain/o_218_1.jpg	photodiode	1
1306.184	0.5	1306184	catch	32671	n/a	catch_padded.jpg	photodiode	0
1307.05	0.0	1307050	response	6	n/a	n/a	trigger	0
1308.236	0.5	1308236	trained	32737	30	memtrain/o_437_2.jpg	photodiode	1
1309.087	0.5	1309087	untrained	32716	51	memtrain/o_103_2.jpg	photodiode	1
1309.988	0.5	1309988	trained	32736	31	memtrain/o_465_2.jpg	photodiode	1
1310.788	0.5	1310788	catch	32671	n/a	catch_padded.jpg	photodiode	0
1311.296	0.0	1311296	response	6	n/a	n/a	trigger	0
1312.84	0.5	1312840	trained	32731	36	memtrain/o_583_1.jpg	photodiode	1
1313.791	0.5	1313791	trained	32742	25	memtrain/o_358_2.jpg	photodiode	1
1314.592	0.5	1314592	untrained	32681	86	memtrain/o_288_1.jpg	photodiode	1
1315.442	0.5	1315442	catch	32671	n/a	catch_padded.jpg	photodiode	0
1316.213	0.0	1316213	response	6	n/a	n/a	trigger	0
1317.344	0.5	1317344	untrained	32689	78	memtrain/o_599_1.jpg	photodiode	1
1318.195	0.5	1318195	untrained	32672	95	memtrain/so_125_1.jpg	photodiode	1
1318.33	0.0	1318330	response	5	n/a	n/a	trigger	0
1319.145	0.5	1319145	untrained	32703	64	memtrain/o_334_2.jpg	photodiode	1
1319.946	0.5	1319946	trained	32760	7	memtrain/o_091_2.jpg	photodiode	1
1320.697	0.5	1320697	catch	32671	n/a	catch_padded.jpg	photodiode	0
1321.146	0.0	1321146	response	6	n/a	n/a	trigger	0
1322.648	0.5	1322648	untrained	32718	49	memtrain/o_054_2.jpg	photodiode	1
1323.449	0.5	1323449	trained	32729	38	memtrain/o_603_1.jpg	photodiode	1
1324.35	0.5	1324350	untrained	32688	79	memtrain/o_600_1.jpg	photodiode	1
1325.301	0.5	1325301	catch	32671	n/a	catch_padded.jpg	photodiode	0
1325.765	0.0	1325765	response	6	n/a	n/a	trigger	0
1327.252	0.5	1327252	untrained	32701	66	memtrain/o_342_2.jpg	photodiode	1
1328.003	0.5	1328003	trained	32765	2	memtrain/o_035_1.jpg	photodiode	1
1328.945	0.5	1328945	untrained	32698	69	memtrain/o_464_2.jpg	photodiode	1
1329.846	0.5	1329846	untrained	32676	91	memtrain/o_605_1.jpg	photodiode	1
1330.597	0.5	1330597	catch	32671	n/a	catch_padded.jpg	photodiode	0
1330.936	0.0	1330936	response	6	n/a	n/a	trigger	0
1332.648	0.5	1332648	untrained	32711	56	memtrain/o_163_2.jpg	photodiode	1
1333.449	0.5	1333449	trained	32735	32	memtrain/o_485_2.jpg	photodiode	1
1334.4	0.5	1334400	untrained	32672	95	memtrain/so_125_1.jpg	photodiode	1
1335.15	0.5	1335150	trained	32748	19	memtrain/o_284_2.jpg	photodiode	1
1336.001	0.5	1336001	trained	32758	9	memtrain/o_101_2.jpg	photodiode	1
1336.952	0.5	1336952	catch	32671	n/a	catch_padded.jpg	photodiode	0
1337.128	0.0	1337128	response	6	n/a	n/a	trigger	0
1338.854	0.5	1338854	trained	32725	42	memtrain/so_034_2.jpg	photodiode	1
1339.613	0.5	1339613	trained	32741	26	memtrain/o_376_1.jpg	photodiode	1
1340.355	0.5	1340355	trained	32726	41	memtrain/o_663_2.jpg	photodiode	1
1341.106	0.5	1341106	trained	32767	0	memtrain/o_006_1.jpg	photodiode	1
1342.056	0.5	1342056	untrained	32710	57	memtrain/o_171_1.jpg	photodiode	1
1343.007	0.5	1343007	catch	32671	n/a	catch_padded.jpg	photodiode	0
1343.273	0.0	1343273	response	6	n/a	n/a	trigger	0
1344.909	0.5	1344909	untrained	32716	51	memtrain/o_103_2.jpg	photodiode	1
1345.81	0.5	1345810	untrained	32702	65	memtrain/o_337_2.jpg	photodiode	1
1346.66	0.5	1346660	trained	32738	29	memtrain/o_416_1.jpg	photodiode	1
1347.461	0.5	1347461	trained	32721	46	memtrain/so_113_1.jpg	photodiode	1
1348.262	0.5	1348262	catch	32671	n/a	catch_padded.jpg	photodiode	0
1348.838	0.0	1348838	response	6	n/a	n/a	trigger	0
1350.163	0.5	1350163	trained	32763	4	memtrain/o_042_1.jpg	photodiode	1
1351.064	0.5	1351064	trained	32753	14	memtrain/o_174_1.jpg	photodiode	1
1351.865	0.5	1351865	untrained	32719	48	memtrain/o_019_2.jpg	photodiode	1
1352.715	0.5	1352715	trained	32754	13	memtrain/o_136_1.jpg	photodiode	1
1353.616	0.5	1353616	trained	32745	22	memtrain/o_321_1.jpg	photodiode	1
1354.567	0.5	1354567	catch	32671	n/a	catch_padded.jpg	photodiode	0
1354.966	0.0	1354966	response	6	n/a	n/a	trigger	0
1356.619	0.5	1356619	untrained	32693	74	memtrain/o_550_1.jpg	photodiode	1
1357.519	0.5	1357519	untrained	32706	61	memtrain/o_298_2.jpg	photodiode	1
1358.312	0.5	1358312	untrained	32705	62	memtrain/o_304_1.jpg	photodiode	1
1359.063	0.5	1359063	catch	32671	n/a	catch_padded.jpg	photodiode	0
1359.55	0.0	1359550	response	6	n/a	n/a	trigger	0
1361.164	0.5	1361164	untrained	32675	92	memtrain/so_033_1.jpg	photodiode	1
1361.915	0.5	1361915	untrained	32707	60	memtrain/o_228_2.jpg	photodiode	1
1362.716	0.5	1362716	trained	32746	21	memtrain/o_319_1.jpg	photodiode	1
1363.667	0.5	1363667	catch	32671	n/a	catch_padded.jpg	photodiode	0
1364.504	0.0	1364504	response	6	n/a	n/a	trigger	0
1365.668	0.5	1365668	untrained	32682	85	memtrain/o_218_1.jpg	photodiode	1
1366.185	0.0	1366185	response	5	n/a	n/a	trigger	0
1366.469	0.5	1366469	untrained	32691	76	memtrain/o_570_1.jpg	photodiode	1
1367.22	0.5	1367220	untrained	32678	89	memtrain/o_469_1.jpg	photodiode	1
1368.07	0.5	1368070	untrained	32692	75	memtrain/o_564_1.jpg	photodiode	1
1369.021	0.5	1369021	catch	32671	n/a	catch_padded.jpg	photodiode	0
1369.251	0.0	1369251	response	6	n/a	n/a	trigger	0
1371.073	0.5	1371073	untrained	32676	91	memtrain/o_605_1.jpg	photodiode	1
1372.024	0.5	1372024	untrained	32711	56	memtrain/o_163_2.jpg	photodiode	1
1372.974	0.5	1372974	untrained	32695	72	memtrain/o_490_1.jpg	photodiode	1
1373.825	0.5	1373825	catch	32671	n/a	catch_padded.jpg	photodiode	0
1375.877	0.5	1375877	trained	32762	5	memtrain/o_067_1.jpg	photodiode	1
1376.628	0.5	1376628	trained	32724	43	memtrain/so_043_2.jpg	photodiode	1
1377.378	0.5	1377378	untrained	32708	59	memtrain/o_201_2.jpg	photodiode	1
1378.129	0.5	1378129	catch	32671	n/a	catch_padded.jpg	photodiode	0
1378.509	0.0	1378509	response	6	n/a	n/a	trigger	0
1380.231	0.5	1380231	trained	32737	30	memtrain/o_437_2.jpg	photodiode	1
1380.981	0.5	1380981	trained	32766	1	memtrain/o_015_1.jpg	photodiode	1
1381.932	0.5	1381932	trained	32764	3	memtrain/o_040_2.jpg	photodiode	1
1382.683	0.5	1382683	untrained	32703	64	memtrain/o_334_2.jpg	photodiode	1
1383.533	0.5	1383533	trained	32756	11	memtrain/o_117_2.jpg	photodiode	1
1384.434	0.5	1384434	catch	32671	n/a	catch_padded.jpg	photodiode	0
1384.772	0.0	1384772	response	6	n/a	n/a	trigger	0
1386.427	0.5	1386427	trained	32722	45	memtrain/so_090_2.jpg	photodiode	1
1387.178	0.5	1387178	untrained	32673	94	memtrain/so_067_1.jpg	photodiode	1
1387.929	0.5	1387929	untrained	32701	66	memtrain/o_342_2.jpg	photodiode	1
1388.779	0.5	1388779	trained	32752	15	memtrain/o_195_1.jpg	photodiode	1
1389.68	0.5	1389680	trained	32730	37	memtrain/o_597_1.jpg	photodiode	1
1390.431	0.5	1390431	catch	32671	n/a	catch_padded.jpg	photodiode	0
1390.779	0.0	1390779	response	6	n/a	n/a	trigger	0
1392.332	0.5	1392332	untrained	32712	55	memtrain/o_153_2.jpg	photodiode	1
1393.283	0.5	1393283	trained	32743	24	memtrain/o_357_1.jpg	photodiode	1
1394.034	0.5	1394034	trained	32747	20	memtrain/o_290_1.jpg	photodiode	1
1394.784	0.5	1394784	untrained	32700	67	memtrain/o_378_1.jpg	photodiode	1
1395.735	0.5	1395735	catch	32671	n/a	catch_padded.jpg	photodiode	0
1396.088	0.0	1396088	response	6	n/a	n/a	trigger	0
1397.787	0.5	1397787	untrained	32681	86	memtrain/o_288_1.jpg	photodiode	1
1398.638	0.5	1398638	untrained	32685	82	memtrain/o_656_1.jpg	photodiode	1
1399.588	0.5	1399588	untrained	32715	52	memtrain/o_141_1.jpg	photodiode	1
1400.339	0.5	1400339	trained	32759	8	memtrain/o_094_1.jpg	photodiode	1
1401.24	0.5	1401240	catch	32671	n/a	catch_padded.jpg	photodiode	0
1401.618	0.0	1401618	response	6	n/a	n/a	trigger	0
1403.342	0.5	1403342	untrained	32713	54	memtrain/o_145_1.jpg	photodiode	1
1404.242	0.5	1404242	trained	32720	47	memtrain/so_147_2.jpg	photodiode	1
1405.043	0.5	1405043	untrained	32687	80	memtrain/o_613_1.jpg	photodiode	1
1405.894	0.5	1405894	catch	32671	n/a	catch_padded.jpg	photodiode	0
1406.346	0.0	1406346	response	6	n/a	n/a	trigger	0
1407.795	0.5	1407795	untrained	32690	77	memtrain/o_574_2.jpg	photodiode	1
1408.596	0.5	1408596	trained	32749	18	memtrain/o_264_2.jpg	photodiode	1
1409.347	0.5	1409347	untrained	32674	93	memtrain/so_035_1.jpg	photodiode	1
1410.298	0.5	1410298	trained	32727	40	memtrain/o_648_2.jpg	photodiode	1
1411.098	0.5	1411098	catch	32671	n/a	catch_padded.jpg	photodiode	0
1412.528	0.0	1412528	response	6	n/a	n/a	trigger	0
1413.2	0.5	1413200	trained	32734	33	memtrain/o_536_1.jpg	photodiode	1
1414.001	0.5	1414001	trained	32757	10	memtrain/o_111_2.jpg	photodiode	1
1414.801	0.5	1414801	trained	32728	39	memtrain/o_606_1.jpg	photodiode	1
1415.602	0.5	1415602	trained	32761	6	memtrain/o_076_1.jpg	photodiode	1
1416.445	0.5	1416445	catch	32671	n/a	catch_padded.jpg	photodiode	0
1416.853	0.0	1416853	response	6	n/a	n/a	trigger	0
1418.346	0.5	1418346	untrained	32694	73	memtrain/o_519_2.jpg	photodiode	1
1419.247	0.5	1419247	untrained	32717	50	memtrain/o_057_2.jpg	photodiode	1
1420.148	0.5	1420148	untrained	32697	70	memtrain/o_471_2.jpg	photodiode	1
1420.948	0.5	1420948	untrained	32680	87	memtrain/o_365_1.jpg	photodiode	1
1421.849	0.5	1421849	untrained	32709	58	memtrain/o_192_1.jpg	photodiode	1
1422.75	0.5	1422750	catch	32671	n/a	catch_padded.jpg	photodiode	0
1424.752	0.5	1424752	trained	32765	2	memtrain/o_035_1.jpg	photodiode	1
1425.652	0.5	1425652	trained	32760	7	memtrain/o_091_2.jpg	photodiode	1
1426.553	0.5	1426553	untrained	32698	69	memtrain/o_464_2.jpg	photodiode	1
1427.504	0.5	1427504	trained	32735	32	memtrain/o_485_2.jpg	photodiode	1
1428.255	0.5	1428255	catch	32671	n/a	catch_padded.jpg	photodiode	0
1428.655	0.0	1428655	response	6	n/a	n/a	trigger	0
1430.206	0.5	1430206	untrained	32683	84	memtrain/so_117_2.jpg	photodiode	1
1430.957	0.5	1430957	trained	32729	38	memtrain/o_603_1.jpg	photodiode	1
1431.908	0.5	1431908	trained	32732	35	memtrain/o_561_2.jpg	photodiode	1
1432.809	0.5	1432809	catch	32671	n/a	catch_padded.jpg	photodiode	0
1433.3	0.0	1433300	response	6	n/a	n/a	trigger	0
1434.76	0.5	1434760	untrained	32699	68	memtrain/o_393_1.jpg	photodiode	1
1435.711	0.5	1435711	untrained	32679	88	memtrain/o_458_1.jpg	photodiode	1
1436.612	0.5	1436612	trained	32739	28	memtrain/o_397_1.jpg	photodiode	1
1437.362	0.5	1437362	trained	32744	23	memtrain/o_338_2.jpg	photodiode	1
1438.313	0.5	1438313	trained	32740	27	memtrain/o_379_2.jpg	photodiode	1
1439.164	0.5	1439164	catch	32671	n/a	catch_padded.jpg	photodiode	0
1439.533	0.0	1439533	response	6	n/a	n/a	trigger	0
1441.116	0.5	1441116	trained	32731	36	memtrain/o_583_1.jpg	photodiode	1
1442.066	0.5	1442066	untrained	32696	71	memtrain/o_483_1.jpg	photodiode	1
1442.867	0.5	1442867	untrained	32714	53	memtrain/o_142_2.jpg	photodiode	1
1443.668	0.5	1443668	catch	32671	n/a	catch_padded.jpg	photodiode	0
1444.338	0.0	1444338	response	6	n/a	n/a	trigger	0
1445.719	0.5	1445719	untrained	32684	83	memtrain/so_105_1.jpg	photodiode	1
1446.612	0.5	1446612	untrained	32704	63	memtrain/o_310_2.jpg	photodiode	1
1447.521	0.5	1447521	trained	32723	44	memtrain/so_045_1.jpg	photodiode	1
1448.363	0.5	1448363	trained	32742	25	memtrain/o_358_2.jpg	photodiode	1
1449.214	0.5	1449214	trained	32751	16	memtrain/o_199_2.jpg	photodiode	1
1450.165	0.5	1450165	catch	32671	n/a	catch_padded.jpg	photodiode	0
1451.167	0.0	1451167	response	6	n/a	n/a	trigger	0
1452.216	0.5	1452216	trained	32733	34	memtrain/o_558_2.jpg	photodiode	1
1453.167	0.5	1453167	untrained	32718	49	memtrain/o_054_2.jpg	photodiode	1
1454.068	0.5	1454068	untrained	32689	78	memtrain/o_599_1.jpg	photodiode	1
1454.827	0.5	1454827	catch	32671	n/a	catch_padded.jpg	photodiode	0
1455.212	0.0	1455212	response	6	n/a	n/a	trigger	0
1456.82	0.5	1456820	untrained	32686	81	memtrain/o_655_2.jpg	photodiode	1
1457.621	0.5	1457621	trained	32736	31	memtrain/o_465_2.jpg	photodiode	1
1458.472	0.5	1458472	untrained	32688	79	memtrain/o_600_1.jpg	photodiode	1
1459.372	0.5	1459372	catch	32671	n/a	catch_padded.jpg	photodiode	0
1459.725	0.0	1459725	response	6	n/a	n/a	trigger	0
1461.374	0.5	1461374	trained	32750	17	memtrain/o_232_1.jpg	photodiode	1
1462.125	0.5	1462125	untrained	32677	90	memtrain/o_580_1.jpg	photodiode	1
1462.925	0.5	1462925	trained	32755	12	memtrain/o_127_2.jpg	photodiode	1
1463.776	0.5	1463776	catch	32671	n/a	catch_padded.jpg	photodiode	0
1464.089	0.0	1464089	response	6	n/a	n/a	trigger	0
1470.25	0.0	1470250	block_end	120	n/a	n/a	trigger	0
1490.175	0.0	1490175	block_onset	106	n/a	n/a	trigger	0
1492.234	0.5	1492234	trained	32751	16	memtrain/o_199_2.jpg	photodiode	1
1493.084	0.5	1493084	trained	32733	34	memtrain/o_558_2.jpg	photodiode	1
1493.985	0.5	1493985	trained	32743	24	memtrain/o_357_1.jpg	photodiode	1
1494.736	0.5	1494736	catch	32671	n/a	catch_padded.jpg	photodiode	0
1496.788	0.5	1496788	trained	32749	18	memtrain/o_264_2.jpg	photodiode	1
1497.638	0.5	1497638	untrained	32706	61	memtrain/o_298_2.jpg	photodiode	1
1498.539	0.5	1498539	trained	32748	19	memtrain/o_284_2.jpg	photodiode	1
1499.29	0.5	1499290	catch	32671	n/a	catch_padded.jpg	photodiode	0
1499.658	0.0	1499658	response	6	n/a	n/a	trigger	0
1501.283	0.5	1501283	untrained	32677	90	memtrain/o_580_1.jpg	photodiode	1
1502.084	0.5	1502084	untrained	32708	59	memtrain/o_201_2.jpg	photodiode	1
1502.935	0.5	1502935	trained	32753	14	memtrain/o_174_1.jpg	photodiode	1
1503.735	0.5	1503735	trained	32739	28	memtrain/o_397_1.jpg	photodiode	1
1504.586	0.5	1504586	catch	32671	n/a	catch_padded.jpg	photodiode	0
1504.887	0.0	1504887	response	6	n/a	n/a	trigger	0
1506.638	0.5	1506638	untrained	32698	69	memtrain/o_464_2.jpg	photodiode	1
1507.438	0.5	1507438	trained	32729	38	memtrain/o_603_1.jpg	photodiode	1
1508.339	0.5	1508339	untrained	32707	60	memtrain/o_228_2.jpg	photodiode	1
1509.14	0.5	1509140	catch	32671	n/a	catch_padded.jpg	photodiode	0
1509.526	0.0	1509526	response	6	n/a	n/a	trigger	0
1511.142	0.5	1511142	trained	32744	23	memtrain/o_338_2.jpg	photodiode	1
1512.092	0.5	1512092	trained	32750	17	memtrain/o_232_1.jpg	photodiode	1
1512.993	0.5	1512993	trained	32758	9	memtrain/o_101_2.jpg	photodiode	1
1513.794	0.5	1513794	untrained	32703	64	memtrain/o_334_2.jpg	photodiode	1
1514.695	0.5	1514695	untrained	32701	66	memtrain/o_342_2.jpg	photodiode	1
1515.495	0.5	1515495	catch	32671	n/a	catch_padded.jpg	photodiode	0
1515.816	0.0	1515816	response	6	n/a	n/a	trigger	0
1517.497	0.5	1517497	untrained	32705	62	memtrain/o_304_1.jpg	photodiode	1
1518.248	0.5	1518248	trained	32726	41	memtrain/o_663_2.jpg	photodiode	1
1519.148	0.5	1519148	trained	32760	7	memtrain/o_091_2.jpg	photodiode	1
1519.999	0.5	1519999	catch	32671	n/a	catch_padded.jpg	photodiode	0
1520.456	0.0	1520456	response	6	n/a	n/a	trigger	0
1521.951	0.5	1521951	trained	32730	37	memtrain/o_597_1.jpg	photodiode	1
1522.701	0.5	1522701	untrained	32717	50	memtrain/o_057_2.jpg	photodiode	1
1523.652	0.5	1523652	untrained	32682	85	memtrain/o_218_1.jpg	photodiode	1
1524.553	0.5	1524553	catch	32671	n/a	catch_padded.jpg	photodiode	0
1524.907	0.0	1524907	response	6	n/a	n/a	trigger	0
1526.555	0.5	1526555	trained	32734	33	memtrain/o_536_1.jpg	photodiode	1
1527.405	0.5	1527405	untrained	32710	57	memtrain/o_171_1.jpg	photodiode	1
1528.198	0.5	1528198	trained	32765	2	memtrain/o_035_1.jpg	photodiode	1
1528.998	0.5	1528998	untrained	32711	56	memtrain/o_163_2.jpg	photodiode	1
1529.749	0.5	1529749	catch	32671	n/a	catch_padded.jpg	photodiode	0
1530.101	0.0	1530101	response	6	n/a	n/a	trigger	0
1531.751	0.5	1531751	untrained	32689	78	memtrain/o_599_1.jpg	photodiode	1
1532.701	0.5	1532701	untrained	32674	93	memtrain/so_035_1.jpg	photodiode	1
1533.602	0.5	1533602	untrained	32694	73	memtrain/o_519_2.jpg	photodiode	1
1534.353	0.5	1534353	trained	32731	36	memtrain/o_583_1.jpg	photodiode	1
1535.153	0.5	1535153	untrained	32681	86	memtrain/o_288_1.jpg	photodiode	1
1536.054	0.5	1536054	catch	32671	n/a	catch_padded.jpg	photodiode	0
1536.408	0.0	1536408	response	6	n/a	n/a	trigger	0
1537.956	0.5	1537956	trained	32767	0	memtrain/o_006_1.jpg	photodiode	1
1538.807	0.5	1538807	trained	32737	30	memtrain/o_437_2.jpg	photodiode	1
1539.757	0.5	1539757	untrained	32692	75	memtrain/o_564_1.jpg	photodiode	1
1540.558	0.5	1540558	untrained	32718	49	memtrain/o_054_2.jpg	photodiode	1
1541.309	0.5	1541309	untrained	32690	77	memtrain/o_574_2.jpg	photodiode	1
1542.109	0.5	1542109	catch	32671	n/a	catch_padded.jpg	photodiode	0
1542.465	0.0	1542465	response	6	n/a	n/a	trigger	0
1544.211	0.5	1544211	untrained	32713	54	memtrain/o_145_1.jpg	photodiode	1
1545.162	0.5	1545162	trained	32764	3	memtrain/o_040_2.jpg	photodiode	1
1546.113	0.5	1546113	untrained	32687	80	memtrain/o_613_1.jpg	photodiode	1
1546.913	0.5	1546913	untrained	32693	74	memtrain/o_550_1.jpg	photodiode	1
1547.864	0.5	1547864	trained	32745	22	memtrain/o_321_1.jpg	photodiode	1
1548.715	0.5	1548715	catch	32671	n/a	catch_padded.jpg	photodiode	0
1549.01	0.0	1549010	response	6	n/a	n/a	trigger	0
1550.767	0.5	1550767	untrained	32673	94	memtrain/so_067_1.jpg	photodiode	1
1551.717	0.5	1551717	untrained	32704	63	memtrain/o_310_2.jpg	photodiode	1
1552.568	0.5	1552568	trained	32728	39	memtrain/o_606_1.jpg	photodiode	1
1553.519	0.5	1553519	catch	32671	n/a	catch_padded.jpg	photodiode	0
1554.041	0.0	1554041	response	6	n/a	n/a	trigger	0
1555.521	0.5	1555521	untrained	32684	83	memtrain/so_105_1.jpg	photodiode	1
1556.421	0.5	1556421	untrained	32695	72	memtrain/o_490_1.jpg	photodiode	1
1557.214	0.5	1557214	untrained	32702	65	memtrain/o_337_2.jpg	photodiode	1
1558.015	0.5	1558015	untrained	32699	68	memtrain/o_393_1.jpg	photodiode	1
1558.815	0.5	1558815	catch	32671	n/a	catch_padded.jpg	photodiode	0
1559.196	0.0	1559196	response	6	n/a	n/a	trigger	0
1560.767	0.5	1560767	untrained	32700	67	memtrain/o_378_1.jpg	photodiode	1
1561.568	0.5	1561568	trained	32759	8	memtrain/o_094_1.jpg	photodiode	1
1562.368	0.5	1562368	untrained	32678	89	memtrain/o_469_1.jpg	photodiode	1
1563.119	0.5	1563119	untrained	32685	82	memtrain/o_656_1.jpg	photodiode	1
1563.87	0.5	1563870	catch	32671	n/a	catch_padded.jpg	photodiode	0
1564.231	0.0	1564231	response	6	n/a	n/a	trigger	0
1565.821	0.5	1565821	untrained	32675	92	memtrain/so_033_1.jpg	photodiode	1
1566.772	0.5	1566772	untrained	32688	79	memtrain/o_600_1.jpg	photodiode	1
1567.673	0.5	1567673	trained	32757	10	memtrain/o_111_2.jpg	photodiode	1
1568.574	0.5	1568574	trained	32746	21	memtrain/o_319_1.jpg	photodiode	1
1569.474	0.5	1569474	catch	32671	n/a	catch_padded.jpg	photodiode	0
1569.755	0.0	1569755	response	6	n/a	n/a	trigger	0
1571.476	0.5	1571476	untrained	32714	53	memtrain/o_142_2.jpg	photodiode	1
1572.227	0.5	1572227	untrained	32683	84	memtrain/so_117_2.jpg	photodiode	1
1573.027	0.5	1573027	untrained	32676	91	memtrain/o_605_1.jpg	photodiode	1
1573.978	0.5	1573978	trained	32762	5	memtrain/o_067_1.jpg	photodiode	1
1574.829	0.5	1574829	catch	32671	n/a	catch_padded.jpg	photodiode	0
1575.197	0.0	1575197	response	6	n/a	n/a	trigger	0
1576.881	0.5	1576881	trained	32727	40	memtrain/o_648_2.jpg	photodiode	1
1577.681	0.5	1577681	trained	32738	29	memtrain/o_416_1.jpg	photodiode	1
1578.432	0.5	1578432	untrained	32715	52	memtrain/o_141_1.jpg	photodiode	1
1579.183	0.5	1579183	trained	32732	35	memtrain/o_561_2.jpg	photodiode	1
1579.933	0.5	1579933	untrained	32719	48	memtrain/o_019_2.jpg	photodiode	1
1580.884	0.5	1580884	catch	32671	n/a	catch_padded.jpg	photodiode	0
1581.122	0.0	1581122	response	6	n/a	n/a	trigger	0
1582.886	0.5	1582886	trained	32735	32	memtrain/o_485_2.jpg	photodiode	1
1583.837	0.5	1583837	trained	32755	12	memtrain/o_127_2.jpg	photodiode	1
1584.787	0.5	1584787	trained	32721	46	memtrain/so_113_1.jpg	photodiode	1
1585.638	0.5	1585638	trained	32766	1	memtrain/o_015_1.jpg	photodiode	1
1586.48	0.5	1586480	trained	32723	44	memtrain/so_045_1.jpg	photodiode	1
1587.381	0.5	1587381	catch	32671	n/a	catch_padded.jpg	photodiode	0
1587.673	0.0	1587673	response	6	n/a	n/a	trigger	0
1589.391	0.5	1589391	trained	32741	26	memtrain/o_376_1.jpg	photodiode	1
1590.183	0.5	1590183	untrained	32679	88	memtrain/o_458_1.jpg	photodiode	1
1591.134	0.5	1591134	trained	32754	13	memtrain/o_136_1.jpg	photodiode	1
1592.035	0.5	1592035	untrained	32709	58	memtrain/o_192_1.jpg	photodiode	1
1592.936	0.5	1592936	catch	32671	n/a	catch_padded.jpg	photodiode	0
1593.366	0.0	1593366	response	6	n/a	n/a	trigger	0
1595.038	0.5	1595038	trained	32725	42	memtrain/so_034_2.jpg	photodiode	1
1595.938	0.5	1595938	trained	32724	43	memtrain/so_043_2.jpg	photodiode	1
1596.739	0.5	1596739	untrained	32697	70	memtrain/o_471_2.jpg	photodiode	1
1597.69	0.5	1597690	catch	32671	n/a	catch_padded.jpg	photodiode	0
1598.117	0.0	1598117	response	6	n/a	n/a	trigger	0
1599.691	0.5	1599691	trained	32720	47	memtrain/so_147_2.jpg	photodiode	1
1600.442	0.5	1600442	untrained	32696	71	memtrain/o_483_1.jpg	photodiode	1
1601.243	0.5	1601243	trained	32752	15	memtrain/o_195_1.jpg	photodiode	1
1602.094	0.5	1602094	catch	32671	n/a	catch_padded.jpg	photodiode	0
1602.491	0.0	1602491	response	6	n/a	n/a	trigger	0
1604.145	0.5	1604145	untrained	32672	95	memtrain/so_125_1.jpg	photodiode	1
1605.096	0.5	1605096	untrained	32680	87	memtrain/o_365_1.jpg	photodiode	1
1605.997	0.5	1605997	trained	32763	4	memtrain/o_042_1.jpg	photodiode	1
1606.898	0.5	1606898	catch	32671	n/a	catch_padded.jpg	photodiode	0
1607.352	0.0	1607352	response	6	n/a	n/a	trigger	0
1608.999	0.5	1608999	untrained	32716	51	memtrain/o_103_2.jpg	photodiode	1
1609.75	0.5	1609750	trained	32736	31	memtrain/o_465_2.jpg	photodiode	1
1610.501	0.5	1610501	trained	32722	45	memtrain/so_090_2.jpg	photodiode	1
1611.301	0.5	1611301	trained	32747	20	memtrain/o_290_1.jpg	photodiode	1
1612.152	0.5	1612152	catch	32671	n/a	catch_padded.jpg	photodiode	0
1612.552	0.0	1612552	response	6	n/a	n/a	trigger	0
1614.254	0.5	1614254	trained	32740	27	memtrain/o_379_2.jpg	photodiode	1
1615.004	0.5	1615004	untrained	32686	81	memtrain/o_655_2.jpg	photodiode	1
1615.797	0.5	1615797	trained	32742	25	memtrain/o_358_2.jpg	photodiode	1
1616.748	0.5	1616748	untrained	32691	76	memtrain/o_570_1.jpg	photodiode	1
1617.498	0.5	1617498	trained	32756	11	memtrain/o_117_2.jpg	photodiode	1
1618.299	0.5	1618299	catch	32671	n/a	catch_padded.jpg	photodiode	0
1618.585	0.0	1618585	response	6	n/a	n/a	trigger	0
1620.351	0.5	1620351	untrained	32712	55	memtrain/o_153_2.jpg	photodiode	1
1621.302	0.5	1621302	trained	32761	6	memtrain/o_076_1.jpg	photodiode	1
1622.052	0.5	1622052	untrained	32701	66	memtrain/o_342_2.jpg	photodiode	1
1622.953	0.5	1622953	untrained	32673	94	memtrain/so_067_1.jpg	photodiode	1
1623.854	0.5	1623854	untrained	32712	55	memtrain/o_153_2.jpg	photodiode	1
1624.655	0.5	1624655	catch	32671	n/a	catch_padded.jpg	photodiode	0
1625.016	0.0	1625016	response	6	n/a	n/a	trigger	0
1626.656	0.5	1626656	untrained	32696	71	memtrain/o_483_1.jpg	photodiode	1
1627.407	0.5	1627407	trained	32739	28	memtrain/o_397_1.jpg	photodiode	1
1628.358	0.5	1628358	untrained	32680	87	memtrain/o_365_1.jpg	photodiode	1
1629.258	0.5	1629258	untrained	32716	51	memtrain/o_103_2.jpg	photodiode	1
1630.209	0.5	1630209	trained	32756	11	memtrain/o_117_2.jpg	photodiode	1
1630.96	0.5	1630960	catch	32671	n/a	catch_padded.jpg	photodiode	0
1631.217	0.0	1631217	response	6	n/a	n/a	trigger	0
1633.012	0.5	1633012	trained	32758	9	memtrain/o_101_2.jpg	photodiode	1
1633.762	0.5	1633762	untrained	32682	85	memtrain/o_218_1.jpg	photodiode	1
1634.613	0.5	1634613	untrained	32702	65	memtrain/o_337_2.jpg	photodiode	1
1635.364	0.5	1635364	trained	32727	40	memtrain/o_648_2.jpg	photodiode	1
1636.164	0.5	1636164	catch	32671	n/a	catch_padded.jpg	photodiode	0
1636.632	0.0	1636632	response	6	n/a	n/a	trigger	0
1638.216	0.5	1638216	trained	32752	15	memtrain/o_195_1.jpg	photodiode	1
1639.167	0.5	1639167	untrained	32695	72	memtrain/o_490_1.jpg	photodiode	1
1640.018	0.5	1640018	trained	32748	19	memtrain/o_284_2.jpg	photodiode	1
1640.768	0.5	1640768	catch	32671	n/a	catch_padded.jpg	photodiode	0
1641.215	0.0	1641215	response	6	n/a	n/a	trigger	0
1642.77	0.5	1642770	trained	32736	31	memtrain/o_465_2.jpg	photodiode	1
1643.621	0.5	1643621	untrained	32699	68	memtrain/o_393_1.jpg	photodiode	1
1644.363	0.5	1644363	trained	32724	43	memtrain/so_043_2.jpg	photodiode	1
1645.263	0.5	1645263	untrained	32685	82	memtrain/o_656_1.jpg	photodiode	1
1646.064	0.5	1646064	catch	32671	n/a	catch_padded.jpg	photodiode	0
1646.37	0.0	1646370	response	6	n/a	n/a	trigger	0
1648.066	0.5	1648066	trained	32728	39	memtrain/o_606_1.jpg	photodiode	1
1648.875	0.5	1648875	untrained	32715	52	memtrain/o_141_1.jpg	photodiode	1
1649.817	0.5	1649817	trained	32747	20	memtrain/o_290_1.jpg	photodiode	1
1650.668	0.5	1650668	trained	32735	32	memtrain/o_485_2.jpg	photodiode	1
1651.419	0.5	1651419	untrained	32703	64	memtrain/o_334_2.jpg	photodiode	1
1652.369	0.5	1652369	catch	32671	n/a	catch_padded.jpg	photodiode	0
1652.803	0.0	1652803	response	6	n/a	n/a	trigger	0
1654.371	0.5	1654371	untrained	32678	89	memtrain/o_469_1.jpg	photodiode	1
1655.172	0.5	1655172	untrained	32707	60	memtrain/o_228_2.jpg	photodiode	1
1656.123	0.5	1656123	trained	32749	18	memtrain/o_264_2.jpg	photodiode	1
1656.973	0.5	1656973	catch	32671	n/a	catch_padded.jpg	photodiode	0
1657.372	0.0	1657372	response	6	n/a	n/a	trigger	0
1658.925	0.5	1658925	untrained	32697	70	memtrain/o_471_2.jpg	photodiode	1
1659.776	0.5	1659776	trained	32750	17	memtrain/o_232_1.jpg	photodiode	1
1660.626	0.5	1660626	untrained	32718	49	memtrain/o_054_2.jpg	photodiode	1
1661.427	0.5	1661427	untrained	32717	50	memtrain/o_057_2.jpg	photodiode	1
1662.328	0.5	1662328	catch	32671	n/a	catch_padded.jpg	photodiode	0
1662.711	0.0	1662711	response	6	n/a	n/a	trigger	0
1664.43	0.5	1664430	trained	32765	2	memtrain/o_035_1.jpg	photodiode	1
1665.33	0.5	1665330	trained	32723	44	memtrain/so_045_1.jpg	photodiode	1
1666.181	0.5	1666181	untrained	32714	53	memtrain/o_142_2.jpg	photodiode	1
1667.132	0.5	1667132	trained	32751	16	memtrain/o_199_2.jpg	photodiode	1
1668.033	0.5	1668033	catch	32671	n/a	catch_padded.jpg	photodiode	0
1668.385	0.0	1668385	response	6	n/a	n/a	trigger	0
1669.934	0.5	1669934	untrained	32672	95	memtrain/so_125_1.jpg	photodiode	1
1670.685	0.5	1670685	trained	32754	13	memtrain/o_136_1.jpg	photodiode	1
1671.486	0.5	1671486	trained	32737	30	memtrain/o_437_2.jpg	photodiode	1
1672.436	0.5	1672436	trained	32745	22	memtrain/o_321_1.jpg	photodiode	1
1673.237	0.5	1673237	trained	32732	35	memtrain/o_561_2.jpg	photodiode	1
1674.18	0.5	1674180	catch	32671	n/a	catch_padded.jpg	photodiode	0
1674.558	0.0	1674558	response	6	n/a	n/a	trigger	0
1676.19	0.5	1676190	trained	32757	10	memtrain/o_111_2.jpg	photodiode	1
1676.982	0.5	1676982	trained	32729	38	memtrain/o_603_1.jpg	photodiode	1
1677.883	0.5	1677883	untrained	32675	92	memtrain/so_033_1.jpg	photodiode	1
1678.634	0.5	1678634	catch	32671	n/a	catch_padded.jpg	photodiode	0
1679.082	0.0	1679082	response	6	n/a	n/a	trigger	0
1680.735	0.5	1680735	trained	32744	23	memtrain/o_338_2.jpg	photodiode	1
1681.586	0.5	1681586	trained	32760	7	memtrain/o_091_2.jpg	photodiode	1
1682.337	0.5	1682337	untrained	32704	63	memtrain/o_310_2.jpg	photodiode	1
1683.137	0.5	1683137	trained	32761	6	memtrain/o_076_1.jpg	photodiode	1
1683.988	0.5	1683988	catch	32671	n/a	catch_padded.jpg	photodiode	0
1684.36	0.0	1684360	response	6	n/a	n/a	trigger	0
1684.461	0.0	1684461	response	254	n/a	n/a	trigger	0
1684.464	0.0	1684464	response	6	n/a	n/a	trigger	0
1686.09	0.5	1686090	trained	32725	42	memtrain/so_034_2.jpg	photodiode	1
1686.941	0.5	1686941	trained	32767	0	memtrain/o_006_1.jpg	photodiode	1
1687.691	0.5	1687691	trained	32746	21	memtrain/o_319_1.jpg	photodiode	1
1688.542	0.5	1688542	untrained	32700	67	memtrain/o_378_1.jpg	photodiode	1
1689.493	0.5	1689493	untrained	32708	59	memtrain/o_201_2.jpg	photodiode	1
1690.344	0.5	1690344	catch	32671	n/a	catch_padded.jpg	photodiode	0
1690.672	0.0	1690672	response	6	n/a	n/a	trigger	0
1692.295	0.5	1692295	trained	32720	47	memtrain/so_147_2.jpg	photodiode	1
1693.046	0.5	1693046	trained	32738	29	memtrain/o_416_1.jpg	photodiode	1
1693.847	0.5	1693847	untrained	32691	76	memtrain/o_570_1.jpg	photodiode	1
1694.697	0.5	1694697	untrained	32706	61	memtrain/o_298_2.jpg	photodiode	1
1695.598	0.5	1695598	catch	32671	n/a	catch_padded.jpg	photodiode	0
1695.964	0.0	1695964	response	6	n/a	n/a	trigger	0
1697.5	0.5	1697500	untrained	32686	81	memtrain/o_655_2.jpg	photodiode	1
1698.45	0.5	1698450	trained	32762	5	memtrain/o_067_1.jpg	photodiode	1
1699.251	0.5	1699251	trained	32755	12	memtrain/o_127_2.jpg	photodiode	1
1700.152	0.5	1700152	untrained	32719	48	memtrain/o_019_2.jpg	photodiode	1
1701.053	0.5	1701053	untrained	32709	58	memtrain/o_192_1.jpg	photodiode	1
1702.003	0.5	1702003	catch	32671	n/a	catch_padded.jpg	photodiode	0
1702.225	0.0	1702225	response	6	n/a	n/a	trigger	0
1703.897	0.5	1703897	trained	32763	4	memtrain/o_042_1.jpg	photodiode	1
1704.647	0.5	1704647	untrained	32677	90	memtrain/o_580_1.jpg	photodiode	1
1705.398	0.5	1705398	untrained	32683	84	memtrain/so_117_2.jpg	photodiode	1
1706.357	0.5	1706357	untrained	32689	78	memtrain/o_599_1.jpg	photodiode	1
1707.099	0.5	1707099	catch	32671	n/a	catch_padded.jpg	photodiode	0
1707.495	0.0	1707495	response	6	n/a	n/a	trigger	0
1709.051	0.5	1709051	untrained	32713	54	memtrain/o_145_1.jpg	photodiode	1
1709.802	0.5	1709802	untrained	32694	73	memtrain/o_519_2.jpg	photodiode	1
1710.552	0.5	1710552	untrained	32693	74	memtrain/o_550_1.jpg	photodiode	1
1711.453	0.5	1711453	catch	32671	n/a	catch_padded.jpg	photodiode	0
1711.912	0.0	1711912	response	6	n/a	n/a	trigger	0
1713.355	0.5	1713355	untrained	32674	93	memtrain/so_035_1.jpg	photodiode	1
1714.105	0.5	1714105	trained	32726	41	memtrain/o_663_2.jpg	photodiode	1
1714.856	0.5	1714856	untrained	32692	75	memtrain/o_564_1.jpg	photodiode	1
1715.707	0.5	1715707	catch	32671	n/a	catch_padded.jpg	photodiode	0
1716.07	0.0	1716070	response	6	n/a	n/a	trigger	0
1717.808	0.5	1717808	untrained	32698	69	memtrain/o_464_2.jpg	photodiode	1
1718.618	0.5	1718618	trained	32759	8	memtrain/o_094_1.jpg	photodiode	1
1719.51	0.5	1719510	trained	32740	27	memtrain/o_379_2.jpg	photodiode	1
1720.461	0.5	1720461	untrained	32705	62	memtrain/o_304_1.jpg	photodiode	1
1721.411	0.5	1721411	catch	32671	n/a	catch_padded.jpg	photodiode	0
1721.683	0.0	1721683	response	6	n/a	n/a	trigger	0
1723.513	0.5	1723513	trained	32733	34	memtrain/o_558_2.jpg	photodiode	1
1724.414	0.5	1724414	untrained	32690	77	memtrain/o_574_2.jpg	photodiode	1
1725.165	0.5	1725165	untrained	32684	83	memtrain/so_105_1.jpg	photodiode	1
1726.015	0.5	1726015	catch	32671	n/a	catch_padded.jpg	photodiode	0
1726.404	0.0	1726404	response	6	n/a	n/a	trigger	0
1727.917	0.5	1727917	untrained	32711	56	memtrain/o_163_2.jpg	photodiode	1
1728.718	0.5	1728718	trained	32721	46	memtrain/so_113_1.jpg	photodiode	1
1729.518	0.5	1729518	trained	32743	24	memtrain/o_357_1.jpg	photodiode	1
1730.419	0.5	1730419	trained	32730	37	memtrain/o_597_1.jpg	photodiode	1
1731.17	0.5	1731170	untrained	32687	80	memtrain/o_613_1.jpg	photodiode	1
1732.112	0.5	1732112	catch	32671	n/a	catch_padded.jpg	photodiode	0
1732.426	0.0	1732426	response	6	n/a	n/a	trigger	0
1734.014	0.5	1734014	trained	32722	45	memtrain/so_090_2.jpg	photodiode	1
1734.815	0.5	1734815	trained	32764	3	memtrain/o_040_2.jpg	photodiode	1
1735.665	0.5	1735665	trained	32731	36	memtrain/o_583_1.jpg	photodiode	1
1736.416	0.5	1736416	untrained	32688	79	memtrain/o_600_1.jpg	photodiode	1
1737.375	0.5	1737375	trained	32734	33	memtrain/o_536_1.jpg	photodiode	1
1738.217	0.5	1738217	catch	32671	n/a	catch_padded.jpg	photodiode	0
1738.598	0.0	1738598	response	6	n/a	n/a	trigger	0
1740.269	0.5	1740269	trained	32766	1	memtrain/o_015_1.jpg	photodiode	1
1741.17	0.5	1741170	trained	32741	26	memtrain/o_376_1.jpg	photodiode	1
1742.021	0.5	1742021	trained	32753	14	memtrain/o_174_1.jpg	photodiode	1
1742.972	0.5	1742972	untrained	32679	88	memtrain/o_458_1.jpg	photodiode	1
1743.922	0.5	1743922	untrained	32710	57	memtrain/o_171_1.jpg	photodiode	1
1744.723	0.5	1744723	catch	32671	n/a	catch_padded.jpg	photodiode	0
1745.072	0.0	1745072	response	6	n/a	n/a	trigger	0
1746.825	0.5	1746825	trained	32742	25	memtrain/o_358_2.jpg	photodiode	1
1747.726	0.5	1747726	untrained	32676	91	memtrain/o_605_1.jpg	photodiode	1
1748.626	0.5	1748626	untrained	32681	86	memtrain/o_288_1.jpg	photodiode	1
1749.527	0.5	1749527	catch	32671	n/a	catch_padded.jpg	photodiode	0
1750.02	0.0	1750020	response	6	n/a	n/a	trigger	0
1756.0	0.0	1756000	block_end	120	n/a	n/a	trigger	0
1851.726	0.0	1851726	response	6	n/a	n/a	trigger	0
1851.731	0.0	1851731	block_onset	107	n/a	n/a	trigger	0
1853.782	0.5	1853782	untrained	32689	78	memtrain/o_599_1.jpg	photodiode	1
1854.591	0.5	1854591	trained	32756	11	memtrain/o_117_2.jpg	photodiode	1
1855.392	0.5	1855392	trained	32736	31	memtrain/o_465_2.jpg	photodiode	1
1856.292	0.5	1856292	trained	32767	0	memtrain/o_006_1.jpg	photodiode	1
1857.135	0.5	1857135	trained	32739	28	memtrain/o_397_1.jpg	photodiode	1
1858.086	0.5	1858086	catch	32671	n/a	catch_padded.jpg	photodiode	0
1858.498	0.0	1858498	response	6	n/a	n/a	trigger	0
1860.138	0.5	1860138	trained	32744	23	memtrain/o_338_2.jpg	photodiode	1
1860.888	0.5	1860888	untrained	32701	66	memtrain/o_342_2.jpg	photodiode	1
1861.689	0.5	1861689	trained	32725	42	memtrain/so_034_2.jpg	photodiode	1
1862.64	0.5	1862640	untrained	32696	71	memtrain/o_483_1.jpg	photodiode	1
1863.39	0.5	1863390	catch	32671	n/a	catch_padded.jpg	photodiode	0
1863.829	0.0	1863829	response	6	n/a	n/a	trigger	0
1865.292	0.5	1865292	trained	32764	3	memtrain/o_040_2.jpg	photodiode	1
1866.193	0.5	1866193	trained	32757	10	memtrain/o_111_2.jpg	photodiode	1
1866.943	0.5	1866943	trained	32722	45	memtrain/so_090_2.jpg	photodiode	1
1867.844	0.5	1867844	catch	32671	n/a	catch_padded.jpg	photodiode	0
1868.442	0.0	1868442	response	6	n/a	n/a	trigger	0
1869.796	0.5	1869796	trained	32720	47	memtrain/so_147_2.jpg	photodiode	1
1870.546	0.5	1870546	untrained	32687	80	memtrain/o_613_1.jpg	photodiode	1
1871.297	0.5	1871297	trained	32743	24	memtrain/o_357_1.jpg	photodiode	1
1872.148	0.5	1872148	untrained	32698	69	memtrain/o_464_2.jpg	photodiode	1
1873.048	0.5	1873048	catch	32671	n/a	catch_padded.jpg	photodiode	0
1873.343	0.0	1873343	response	6	n/a	n/a	trigger	0
1874.95	0.5	1874950	untrained	32717	50	memtrain/o_057_2.jpg	photodiode	1
1875.751	0.5	1875751	trained	32754	13	memtrain/o_136_1.jpg	photodiode	1
1876.652	0.5	1876652	untrained	32700	67	memtrain/o_378_1.jpg	photodiode	1
1877.502	0.5	1877502	trained	32748	19	memtrain/o_284_2.jpg	photodiode	1
1878.253	0.5	1878253	untrained	32702	65	memtrain/o_337_2.jpg	photodiode	1
1879.004	0.5	1879004	catch	32671	n/a	catch_padded.jpg	photodiode	0
1879.321	0.0	1879321	response	6	n/a	n/a	trigger	0
1881.105	0.5	1881105	untrained	32672	95	memtrain/so_125_1.jpg	photodiode	1
1882.006	0.5	1882006	trained	32735	32	memtrain/o_485_2.jpg	photodiode	1
1882.268	0.0	1882268	response	5	n/a	n/a	trigger	0
1882.957	0.5	1882957	untrained	32678	89	memtrain/o_469_1.jpg	photodiode	1
1883.758	0.5	1883758	catch	32671	n/a	catch_padded.jpg	photodiode	0
1884.197	0.0	1884197	response	6	n/a	n/a	trigger	0
1885.809	0.5	1885809	trained	32760	7	memtrain/o_091_2.jpg	photodiode	1
1886.551	0.5	1886551	trained	32738	29	memtrain/o_416_1.jpg	photodiode	1
1887.352	0.5	1887352	untrained	32711	56	memtrain/o_163_2.jpg	photodiode	1
1888.253	0.5	1888253	trained	32729	38	memtrain/o_603_1.jpg	photodiode	1
1889.204	0.5	1889204	catch	32671	n/a	catch_padded.jpg	photodiode	0
1889.532	0.0	1889532	response	6	n/a	n/a	trigger	0
1891.155	0.5	1891155	untrained	32685	82	memtrain/o_656_1.jpg	photodiode	1
1892.106	0.5	1892106	untrained	32676	91	memtrain/o_605_1.jpg	photodiode	1
1892.957	0.5	1892957	trained	32731	36	memtrain/o_583_1.jpg	photodiode	1
1893.916	0.5	1893916	untrained	32690	77	memtrain/o_574_2.jpg	photodiode	1
1894.808	0.5	1894808	trained	32755	12	memtrain/o_127_2.jpg	photodiode	1
1895.609	0.5	1895609	catch	32671	n/a	catch_padded.jpg	photodiode	0
1895.961	0.0	1895961	response	6	n/a	n/a	trigger	0
1897.511	0.5	1897511	untrained	32675	92	memtrain/so_033_1.jpg	photodiode	1
1898.461	0.5	1898461	untrained	32692	75	memtrain/o_564_1.jpg	photodiode	1
1899.412	0.5	1899412	untrained	32681	86	memtrain/o_288_1.jpg	photodiode	1
1900.363	0.5	1900363	catch	32671	n/a	catch_padded.jpg	photodiode	0
1900.757	0.0	1900757	response	6	n/a	n/a	trigger	0
1902.265	0.5	1902265	trained	32741	26	memtrain/o_376_1.jpg	photodiode	1
1903.115	0.5	1903115	untrained	32686	81	memtrain/o_655_2.jpg	photodiode	1
1904.066	0.5	1904066	untrained	32677	90	memtrain/o_580_1.jpg	photodiode	1
1904.867	0.5	1904867	trained	32762	5	memtrain/o_067_1.jpg	photodiode	1
1905.768	0.5	1905768	trained	32733	34	memtrain/o_558_2.jpg	photodiode	1
1906.518	0.5	1906518	catch	32671	n/a	catch_padded.jpg	photodiode	0
1906.816	0.0	1906816	response	6	n/a	n/a	trigger	0
1908.52	0.5	1908520	trained	32721	46	memtrain/so_113_1.jpg	photodiode	1
1909.421	0.5	1909421	untrained	32704	63	memtrain/o_310_2.jpg	photodiode	1
1910.322	0.5	1910322	trained	32750	17	memtrain/o_232_1.jpg	photodiode	1
1911.172	0.5	1911172	catch	32671	n/a	catch_padded.jpg	photodiode	0
1911.568	0.0	1911568	response	6	n/a	n/a	trigger	0
1913.174	0.5	1913174	trained	32745	22	memtrain/o_321_1.jpg	photodiode	1
1913.975	0.5	1913975	untrained	32706	61	memtrain/o_298_2.jpg	photodiode	1
1914.875	0.5	1914875	trained	32766	1	memtrain/o_015_1.jpg	photodiode	1
1915.718	0.5	1915718	trained	32740	27	memtrain/o_379_2.jpg	photodiode	1
1916.527	0.5	1916527	catch	32671	n/a	catch_padded.jpg	photodiode	0
1916.845	0.0	1916845	response	6	n/a	n/a	trigger	0
1918.428	0.5	1918428	untrained	32691	76	memtrain/o_570_1.jpg	photodiode	1
1919.321	0.5	1919321	untrained	32710	57	memtrain/o_171_1.jpg	photodiode	1
1920.172	0.5	1920172	trained	32753	14	memtrain/o_174_1.jpg	photodiode	1
1920.972	0.5	1920972	trained	32730	37	memtrain/o_597_1.jpg	photodiode	1
1921.931	0.5	1921931	trained	32723	44	memtrain/so_045_1.jpg	photodiode	1
1922.824	0.5	1922824	catch	32671	n/a	catch_padded.jpg	photodiode	0
1923.143	0.0	1923143	response	6	n/a	n/a	trigger	0
1924.826	0.5	1924826	untrained	32709	58	memtrain/o_192_1.jpg	photodiode	1
1925.676	0.5	1925676	trained	32724	43	memtrain/so_043_2.jpg	photodiode	1
1926.427	0.5	1926427	untrained	32683	84	memtrain/so_117_2.jpg	photodiode	1
1927.378	0.5	1927378	untrained	32674	93	memtrain/so_035_1.jpg	photodiode	1
1928.179	0.5	1928179	catch	32671	n/a	catch_padded.jpg	photodiode	0
1928.532	0.0	1928532	response	6	n/a	n/a	trigger	0
1930.08	0.5	1930080	trained	32752	15	memtrain/o_195_1.jpg	photodiode	1
1930.931	0.5	1930931	untrained	32712	55	memtrain/o_153_2.jpg	photodiode	1
1931.882	0.5	1931882	untrained	32719	48	memtrain/o_019_2.jpg	photodiode	1
1932.682	0.5	1932682	catch	32671	n/a	catch_padded.jpg	photodiode	0
1933.131	0.0	1933131	response	6	n/a	n/a	trigger	0
1934.684	0.5	1934684	untrained	32680	87	memtrain/o_365_1.jpg	photodiode	1
1935.435	0.5	1935435	untrained	32679	88	memtrain/o_458_1.jpg	photodiode	1
1936.185	0.5	1936185	untrained	32695	72	memtrain/o_490_1.jpg	photodiode	1
1936.986	0.5	1936986	untrained	32718	49	memtrain/o_054_2.jpg	photodiode	1
1937.837	0.5	1937837	untrained	32688	79	memtrain/o_600_1.jpg	photodiode	1
1938.788	0.5	1938788	catch	32671	n/a	catch_padded.jpg	photodiode	0
1939.232	0.0	1939232	response	6	n/a	n/a	trigger	0
1940.789	0.5	1940789	untrained	32682	85	memtrain/o_218_1.jpg	photodiode	1
1941.74	0.5	1941740	trained	32746	21	memtrain/o_319_1.jpg	photodiode	1
1942.591	0.5	1942591	trained	32742	25	memtrain/o_358_2.jpg	photodiode	1
1943.341	0.5	1943341	trained	32751	16	memtrain/o_199_2.jpg	photodiode	1
1944.092	0.5	1944092	untrained	32673	94	memtrain/so_067_1.jpg	photodiode	1
1945.034	0.5	1945034	catch	32671	n/a	catch_padded.jpg	photodiode	0
1945.515	0.0	1945515	response	6	n/a	n/a	trigger	0
1947.086	0.5	1947086	untrained	32703	64	memtrain/o_334_2.jpg	photodiode	1
1947.937	0.5	1947937	trained	32737	30	memtrain/o_437_2.jpg	photodiode	1
1948.788	0.5	1948788	trained	32749	18	memtrain/o_264_2.jpg	photodiode	1
1949.688	0.5	1949688	untrained	32684	83	memtrain/so_105_1.jpg	photodiode	1
1950.589	0.5	1950589	catch	32671	n/a	catch_padded.jpg	photodiode	0
1950.999	0.0	1950999	response	6	n/a	n/a	trigger	0
1952.641	0.5	1952641	trained	32732	35	memtrain/o_561_2.jpg	photodiode	1
1953.592	0.5	1953592	untrained	32715	52	memtrain/o_141_1.jpg	photodiode	1
1954.542	0.5	1954542	trained	32747	20	memtrain/o_290_1.jpg	photodiode	1
1955.443	0.5	1955443	trained	32727	40	memtrain/o_648_2.jpg	photodiode	1
1956.344	0.5	1956344	untrained	32699	68	memtrain/o_393_1.jpg	photodiode	1
1957.295	0.5	1957295	catch	32671	n/a	catch_padded.jpg	photodiode	0
1957.605	0.0	1957605	response	6	n/a	n/a	trigger	0
1959.196	0.5	1959196	trained	32728	39	memtrain/o_606_1.jpg	photodiode	1
1959.997	0.5	1959997	untrained	32697	70	memtrain/o_471_2.jpg	photodiode	1
1960.748	0.5	1960748	untrained	32707	60	memtrain/o_228_2.jpg	photodiode	1
1961.498	0.5	1961498	catch	32671	n/a	catch_padded.jpg	photodiode	0
1961.972	0.0	1961972	response	6	n/a	n/a	trigger	0
1963.45	0.5	1963450	trained	32763	4	memtrain/o_042_1.jpg	photodiode	1
1964.301	0.5	1964301	untrained	32693	74	memtrain/o_550_1.jpg	photodiode	1
1965.201	0.5	1965201	trained	32765	2	memtrain/o_035_1.jpg	photodiode	1
1966.002	0.5	1966002	untrained	32694	73	memtrain/o_519_2.jpg	photodiode	1
1966.803	0.5	1966803	catch	32671	n/a	catch_padded.jpg	photodiode	0
1967.113	0.0	1967113	response	6	n/a	n/a	trigger	0
1968.754	0.5	1968754	trained	32734	33	memtrain/o_536_1.jpg	photodiode	1
1969.555	0.5	1969555	trained	32759	8	memtrain/o_094_1.jpg	photodiode	1
1970.356	0.5	1970356	trained	32758	9	memtrain/o_101_2.jpg	photodiode	1
1971.106	0.5	1971106	catch	32671	n/a	catch_padded.jpg	photodiode	0
1971.482	0.0	1971482	response	6	n/a	n/a	trigger	0
1973.158	0.5	1973158	trained	32726	41	memtrain/o_663_2.jpg	photodiode	1
1974.101	0.5	1974101	trained	32761	6	memtrain/o_076_1.jpg	photodiode	1
1974.851	0.5	1974851	untrained	32708	59	memtrain/o_201_2.jpg	photodiode	1
1975.702	0.5	1975702	untrained	32714	53	memtrain/o_142_2.jpg	photodiode	1
1976.453	0.5	1976453	untrained	32705	62	memtrain/o_304_1.jpg	photodiode	1
1977.304	0.5	1977304	catch	32671	n/a	catch_padded.jpg	photodiode	0
1977.593	0.0	1977593	response	6	n/a	n/a	trigger	0
1979.255	0.5	1979255	untrained	32713	54	memtrain/o_145_1.jpg	photodiode	1
1980.156	0.5	1980156	untrained	32716	51	memtrain/o_103_2.jpg	photodiode	1
1981.107	0.5	1981107	trained	32762	5	memtrain/o_067_1.jpg	photodiode	1
1982.058	0.5	1982058	untrained	32678	89	memtrain/o_469_1.jpg	photodiode	1
1982.908	0.5	1982908	catch	32671	n/a	catch_padded.jpg	photodiode	0
1983.306	0.0	1983306	response	6	n/a	n/a	trigger	0
1984.81	0.5	1984810	untrained	32712	55	memtrain/o_153_2.jpg	photodiode	1
1985.711	0.5	1985711	untrained	32688	79	memtrain/o_600_1.jpg	photodiode	1
1986.662	0.5	1986662	untrained	32685	82	memtrain/o_656_1.jpg	photodiode	1
1987.562	0.5	1987562	trained	32755	12	memtrain/o_127_2.jpg	photodiode	1
1988.413	0.5	1988413	catch	32671	n/a	catch_padded.jpg	photodiode	0
1988.77	0.0	1988770	response	6	n/a	n/a	trigger	0
1989.483	0.0	1989483	response	5	n/a	n/a	trigger	0
1990.365	0.5	1990365	trained	32721	46	memtrain/so_113_1.jpg	photodiode	1
1991.315	0.5	1991315	trained	32757	10	memtrain/o_111_2.jpg	photodiode	1
1992.116	0.5	1992116	trained	32720	47	memtrain/so_147_2.jpg	photodiode	1
1993.017	0.5	1993017	untrained	32677	90	memtrain/o_580_1.jpg	photodiode	1
1993.768	0.5	1993768	catch	32671	n/a	catch_padded.jpg	photodiode	0
1994.195	0.0	1994195	response	6	n/a	n/a	trigger	0
1995.769	0.5	1995769	untrained	32711	56	memtrain/o_163_2.jpg	photodiode	1
1996.57	0.5	1996570	untrained	32700	67	memtrain/o_378_1.jpg	photodiode	1
1997.521	0.5	1997521	untrained	32693	74	memtrain/o_550_1.jpg	photodiode	1
1998.321	0.5	1998321	catch	32671	n/a	catch_padded.jpg	photodiode	0
1998.777	0.0	1998777	response	6	n/a	n/a	trigger	0
2000.423	0.5	2000423	trained	32765	2	memtrain/o_035_1.jpg	photodiode	1
2001.374	0.5	2001374	trained	32733	34	memtrain/o_558_2.jpg	photodiode	1
2002.225	0.5	2002225	trained	32727	40	memtrain/o_648_2.jpg	photodiode	1
2002.967	0.5	2002967	catch	32671	n/a	catch_padded.jpg	photodiode	0
2003.4	0.0	2003400	response	6	n/a	n/a	trigger	0
2004.968	0.5	2004968	trained	32724	43	memtrain/so_043_2.jpg	photodiode	1
2005.819	0.5	2005819	trained	32766	1	memtrain/o_015_1.jpg	photodiode	1
2006.62	0.5	2006620	trained	32729	38	memtrain/o_603_1.jpg	photodiode	1
2007.571	0.5	2007571	untrained	32694	73	memtrain/o_519_2.jpg	photodiode	1
2008.421	0.5	2008421	catch	32671	n/a	catch_padded.jpg	photodiode	0
2008.782	0.0	2008782	response	6	n/a	n/a	trigger	0
2010.373	0.5	2010373	untrained	32684	83	memtrain/so_105_1.jpg	photodiode	1
2011.274	0.5	2011274	trained	32738	29	memtrain/o_416_1.jpg	photodiode	1
2012.125	0.5	2012125	untrained	32698	69	memtrain/o_464_2.jpg	photodiode	1
2013.025	0.5	2013025	untrained	32699	68	memtrain/o_393_1.jpg	photodiode	1
2013.776	0.5	2013776	catch	32671	n/a	catch_padded.jpg	photodiode	0
2014.165	0.0	2014165	response	6	n/a	n/a	trigger	0
2015.728	0.5	2015728	trained	32743	24	memtrain/o_357_1.jpg	photodiode	1
2016.678	0.5	2016678	trained	32753	14	memtrain/o_174_1.jpg	photodiode	1
2017.579	0.5	2017579	trained	32760	7	memtrain/o_091_2.jpg	photodiode	1
2018.48	0.5	2018480	trained	32745	22	memtrain/o_321_1.jpg	photodiode	1
2019.381	0.5	2019381	catch	32671	n/a	catch_padded.jpg	photodiode	0
2019.702	0.0	2019702	response	6	n/a	n/a	trigger	0
2021.332	0.5	2021332	trained	32722	45	memtrain/so_090_2.jpg	photodiode	1
2022.083	0.5	2022083	trained	32767	0	memtrain/o_006_1.jpg	photodiode	1
2022.834	0.5	2022834	untrained	32719	48	memtrain/o_019_2.jpg	photodiode	1
2023.784	0.5	2023784	trained	32737	30	memtrain/o_437_2.jpg	photodiode	1
2024.585	0.5	2024585	untrained	32673	94	memtrain/so_067_1.jpg	photodiode	1
2025.386	0.5	2025386	catch	32671	n/a	catch_padded.jpg	photodiode	0
2025.674	0.0	2025674	response	6	n/a	n/a	trigger	0
2027.287	0.5	2027287	untrained	32683	84	memtrain/so_117_2.jpg	photodiode	1
2028.038	0.5	2028038	untrained	32695	72	memtrain/o_490_1.jpg	photodiode	1
2028.839	0.5	2028839	untrained	32675	92	memtrain/so_033_1.jpg	photodiode	1
2029.739	0.5	2029739	untrained	32687	80	memtrain/o_613_1.jpg	photodiode	1
2030.59	0.5	2030590	catch	32671	n/a	catch_padded.jpg	photodiode	0
2030.978	0.0	2030978	response	6	n/a	n/a	trigger	0
2032.684	0.5	2032684	untrained	32686	81	memtrain/o_655_2.jpg	photodiode	1
2033.535	0.5	2033535	untrained	32682	85	memtrain/o_218_1.jpg	photodiode	1
2034.285	0.5	2034285	untrained	32708	59	memtrain/o_201_2.jpg	photodiode	1
2035.186	0.5	2035186	catch	32671	n/a	catch_padded.jpg	photodiode	0
2035.622	0.0	2035622	response	6	n/a	n/a	trigger	0
2037.238	0.5	2037238	untrained	32716	51	memtrain/o_103_2.jpg	photodiode	1
2037.988	0.5	2037988	trained	32751	16	memtrain/o_199_2.jpg	photodiode	1
2038.939	0.5	2038939	trained	32734	33	memtrain/o_536_1.jpg	photodiode	1
2039.79	0.5	2039790	untrained	32680	87	memtrain/o_365_1.jpg	photodiode	1
2040.741	0.5	2040741	untrained	32690	77	memtrain/o_574_2.jpg	photodiode	1
2041.541	0.5	2041541	catch	32671	n/a	catch_padded.jpg	photodiode	0
2041.836	0.0	2041836	response	6	n/a	n/a	trigger	0
2043.543	0.5	2043543	trained	32739	28	memtrain/o_397_1.jpg	photodiode	1
2044.494	0.5	2044494	trained	32763	4	memtrain/o_042_1.jpg	photodiode	1
2045.295	0.5	2045295	trained	32756	11	memtrain/o_117_2.jpg	photodiode	1
2046.195	0.5	2046195	untrained	32705	62	memtrain/o_304_1.jpg	photodiode	1
2047.146	0.5	2047146	catch	32671	n/a	catch_padded.jpg	photodiode	0
2047.592	0.0	2047592	response	6	n/a	n/a	trigger	0
2049.098	0.5	2049098	untrained	32674	93	memtrain/so_035_1.jpg	photodiode	1
2049.898	0.5	2049898	trained	32744	23	memtrain/o_338_2.jpg	photodiode	1
2050.849	0.5	2050849	trained	32730	37	memtrain/o_597_1.jpg	photodiode	1
2051.8	0.5	2051800	catch	32671	n/a	catch_padded.jpg	photodiode	0
2052.087	0.0	2052087	response	6	n/a	n/a	trigger	0
2053.702	0.5	2053702	untrained	32689	78	memtrain/o_599_1.jpg	photodiode	1
2054.452	0.5	2054452	untrained	32715	52	memtrain/o_141_1.jpg	photodiode	1
2055.303	0.5	2055303	untrained	32676	91	memtrain/o_605_1.jpg	photodiode	1
2056.154	0.5	2056154	untrained	32679	88	memtrain/o_458_1.jpg	photodiode	1
2056.904	0.5	2056904	untrained	32701	66	memtrain/o_342_2.jpg	photodiode	1
2057.705	0.5	2057705	catch	32671	n/a	catch_padded.jpg	photodiode	0
2058.06	0.0	2058060	response	6	n/a	n/a	trigger	0
2059.807	0.5	2059807	untrained	32717	50	memtrain/o_057_2.jpg	photodiode	1
2060.758	0.5	2060758	untrained	32697	70	memtrain/o_471_2.jpg	photodiode	1
2061.608	0.5	2061608	untrained	32704	63	memtrain/o_310_2.jpg	photodiode	1
2062.451	0.5	2062451	trained	32758	9	memtrain/o_101_2.jpg	photodiode	1
2063.251	0.5	2063251	untrained	32714	53	memtrain/o_142_2.jpg	photodiode	1
2064.002	0.5	2064002	catch	32671	n/a	catch_padded.jpg	photodiode	0
2064.361	0.0	2064361	response	6	n/a	n/a	trigger	0
2065.954	0.5	2065954	untrained	32692	75	memtrain/o_564_1.jpg	photodiode	1
2066.854	0.5	2066854	trained	32723	44	memtrain/so_045_1.jpg	photodiode	1
2067.605	0.5	2067605	untrained	32710	57	memtrain/o_171_1.jpg	photodiode	1
2068.406	0.5	2068406	catch	32671	n/a	catch_padded.jpg	photodiode	0
2068.818	0.0	2068818	response	6	n/a	n/a	trigger	0
2070.507	0.5	2070507	untrained	32718	49	memtrain/o_054_2.jpg	photodiode	1
2071.258	0.5	2071258	untrained	32691	76	memtrain/o_570_1.jpg	photodiode	1
2072.009	0.5	2072009	trained	32761	6	memtrain/o_076_1.jpg	photodiode	1
2072.959	0.5	2072959	trained	32750	17	memtrain/o_232_1.jpg	photodiode	1
2073.76	0.5	2073760	untrained	32706	61	memtrain/o_298_2.jpg	photodiode	1
2074.661	0.5	2074661	catch	32671	n/a	catch_padded.jpg	photodiode	0
2075.024	0.0	2075024	response	6	n/a	n/a	trigger	0
2076.563	0.5	2076563	trained	32748	19	memtrain/o_284_2.jpg	photodiode	1
2077.513	0.5	2077513	trained	32740	27	memtrain/o_379_2.jpg	photodiode	1
2078.414	0.5	2078414	trained	32731	36	memtrain/o_583_1.jpg	photodiode	1
2079.315	0.5	2079315	trained	32735	32	memtrain/o_485_2.jpg	photodiode	1
2080.216	0.5	2080216	trained	32736	31	memtrain/o_465_2.jpg	photodiode	1
2081.066	0.5	2081066	catch	32671	n/a	catch_padded.jpg	photodiode	0
2081.384	0.0	2081384	response	6	n/a	n/a	trigger	0
2082.968	0.5	2082968	untrained	32696	71	memtrain/o_483_1.jpg	photodiode	1
2083.869	0.5	2083869	trained	32764	3	memtrain/o_040_2.jpg	photodiode	1
2084.769	0.5	2084769	untrained	32703	64	memtrain/o_334_2.jpg	photodiode	1
2085.67	0.5	2085670	catch	32671	n/a	catch_padded.jpg	photodiode	0
2086.083	0.0	2086083	response	6	n/a	n/a	trigger	0
2087.672	0.5	2087672	untrained	32713	54	memtrain/o_145_1.jpg	photodiode	1
2088.473	0.5	2088473	trained	32732	35	memtrain/o_561_2.jpg	photodiode	1
2089.323	0.5	2089323	trained	32754	13	memtrain/o_136_1.jpg	photodiode	1
2090.266	0.5	2090266	trained	32728	39	memtrain/o_606_1.jpg	photodiode	1
2091.167	0.5	2091167	trained	32741	26	memtrain/o_376_1.jpg	photodiode	1
2092.118	0.5	2092118	catch	32671	n/a	catch_padded.jpg	photodiode	0
2092.478	0.0	2092478	response	6	n/a	n/a	trigger	0
2094.127	0.5	2094127	trained	32759	8	memtrain/o_094_1.jpg	photodiode	1
2095.02	0.5	2095020	trained	32726	41	memtrain/o_663_2.jpg	photodiode	1
2095.771	0.5	2095771	trained	32725	42	memtrain/so_034_2.jpg	photodiode	1
2096.722	0.5	2096722	trained	32747	20	memtrain/o_290_1.jpg	photodiode	1
2097.522	0.5	2097522	catch	32671	n/a	catch_padded.jpg	photodiode	0
2097.828	0.0	2097828	response	6	n/a	n/a	trigger	0
2099.624	0.5	2099624	trained	32749	18	memtrain/o_264_2.jpg	photodiode	1
2100.525	0.5	2100525	untrained	32707	60	memtrain/o_228_2.jpg	photodiode	1
2101.375	0.5	2101375	untrained	32681	86	memtrain/o_288_1.jpg	photodiode	1
2102.226	0.5	2102226	catch	32671	n/a	catch_padded.jpg	photodiode	0
2102.689	0.0	2102689	response	6	n/a	n/a	trigger	0
2104.228	0.5	2104228	trained	32752	15	memtrain/o_195_1.jpg	photodiode	1
2105.079	0.5	2105079	untrained	32702	65	memtrain/o_337_2.jpg	photodiode	1
2105.929	0.5	2105929	untrained	32672	95	memtrain/so_125_1.jpg	photodiode	1
2106.68	0.5	2106680	catch	32671	n/a	catch_padded.jpg	photodiode	0
2107.04	0.0	2107040	response	6	n/a	n/a	trigger	0
2108.682	0.5	2108682	trained	32746	21	memtrain/o_319_1.jpg	photodiode	1
2109.432	0.5	2109432	trained	32742	25	memtrain/o_358_2.jpg	photodiode	1
2110.233	0.5	2110233	untrained	32709	58	memtrain/o_192_1.jpg	photodiode	1
2111.034	0.5	2111034	catch	32671	n/a	catch_padded.jpg	photodiode	0
2111.377	0.0	2111377	response	6	n/a	n/a	trigger	0
2117.506	0.0	2117506	block_end	120	n/a	n/a	trigger	0
2155.717	0.0	2155717	response	6	n/a	n/a	trigger	0
2155.722	0.0	2155722	block_onset	108	n/a	n/a	trigger	0
2157.781	0.5	2157781	trained	32759	8	memtrain/o_094_1.jpg	photodiode	1
2158.682	0.5	2158682	untrained	32677	90	memtrain/o_580_1.jpg	photodiode	1
2159.433	0.5	2159433	untrained	32719	48	memtrain/o_019_2.jpg	photodiode	1
2160.233	0.5	2160233	untrained	32679	88	memtrain/o_458_1.jpg	photodiode	1
2161.184	0.5	2161184	catch	32671	n/a	catch_padded.jpg	photodiode	0
2161.513	0.0	2161513	response	6	n/a	n/a	trigger	0
2163.086	0.5	2163086	untrained	32676	91	memtrain/o_605_1.jpg	photodiode	1
2164.029	0.5	2164029	trained	32735	32	memtrain/o_485_2.jpg	photodiode	1
2164.879	0.5	2164879	trained	32755	12	memtrain/o_127_2.jpg	photodiode	1
2165.638	0.5	2165638	catch	32671	n/a	catch_padded.jpg	photodiode	0
2166.135	0.0	2166135	response	6	n/a	n/a	trigger	0
2167.532	0.5	2167532	untrained	32672	95	memtrain/so_125_1.jpg	photodiode	1
2168.332	0.5	2168332	untrained	32710	57	memtrain/o_171_1.jpg	photodiode	1
2169.083	0.5	2169083	untrained	32703	64	memtrain/o_334_2.jpg	photodiode	1
2169.984	0.5	2169984	trained	32763	4	memtrain/o_042_1.jpg	photodiode	1
2170.784	0.5	2170784	untrained	32697	70	memtrain/o_471_2.jpg	photodiode	1
2171.585	0.5	2171585	catch	32671	n/a	catch_padded.jpg	photodiode	0
2171.928	0.0	2171928	response	6	n/a	n/a	trigger	0
2173.537	0.5	2173537	untrained	32692	75	memtrain/o_564_1.jpg	photodiode	1
2174.337	0.5	2174337	untrained	32673	94	memtrain/so_067_1.jpg	photodiode	1
2175.238	0.5	2175238	untrained	32695	72	memtrain/o_490_1.jpg	photodiode	1
2176.139	0.5	2176139	trained	32736	31	memtrain/o_465_2.jpg	photodiode	1
2176.94	0.5	2176940	trained	32738	29	memtrain/o_416_1.jpg	photodiode	1
2177.89	0.5	2177890	catch	32671	n/a	catch_padded.jpg	photodiode	0
2178.291	0.0	2178291	response	6	n/a	n/a	trigger	0
2179.792	0.5	2179792	untrained	32708	59	memtrain/o_201_2.jpg	photodiode	1
2180.593	0.5	2180593	untrained	32685	82	memtrain/o_656_1.jpg	photodiode	1
2181.502	0.5	2181502	untrained	32689	78	memtrain/o_599_1.jpg	photodiode	1
2182.444	0.5	2182444	trained	32734	33	memtrain/o_536_1.jpg	photodiode	1
2183.345	0.5	2183345	untrained	32688	79	memtrain/o_600_1.jpg	photodiode	1
2184.296	0.5	2184296	catch	32671	n/a	catch_padded.jpg	photodiode	0
2184.503	0.0	2184503	response	6	n/a	n/a	trigger	0
2186.398	0.5	2186398	trained	32750	17	memtrain/o_232_1.jpg	photodiode	1
2187.348	0.5	2187348	untrained	32691	76	memtrain/o_570_1.jpg	photodiode	1
2188.299	0.5	2188299	trained	32739	28	memtrain/o_397_1.jpg	photodiode	1
2189.2	0.5	2189200	catch	32671	n/a	catch_padded.jpg	photodiode	0
2189.626	0.0	2189626	response	6	n/a	n/a	trigger	0
2191.302	0.5	2191302	untrained	32687	80	memtrain/o_613_1.jpg	photodiode	1
2192.202	0.5	2192202	untrained	32709	58	memtrain/o_192_1.jpg	photodiode	1
2193.045	0.5	2193045	trained	32764	3	memtrain/o_040_2.jpg	photodiode	1
2193.945	0.5	2193945	trained	32765	2	memtrain/o_035_1.jpg	photodiode	1
2194.746	0.5	2194746	catch	32671	n/a	catch_padded.jpg	photodiode	0
2195.073	0.0	2195073	response	6	n/a	n/a	trigger	0
2196.748	0.5	2196748	untrained	32694	73	memtrain/o_519_2.jpg	photodiode	1
2197.707	0.5	2197707	untrained	32681	86	memtrain/o_288_1.jpg	photodiode	1
2198.499	0.5	2198499	trained	32730	37	memtrain/o_597_1.jpg	photodiode	1
2199.4	0.5	2199400	trained	32740	27	memtrain/o_379_2.jpg	photodiode	1
2200.351	0.5	2200351	catch	32671	n/a	catch_padded.jpg	photodiode	0
2200.617	0.0	2200617	response	6	n/a	n/a	trigger	0
2202.302	0.5	2202302	untrained	32702	65	memtrain/o_337_2.jpg	photodiode	1
2203.153	0.5	2203153	trained	32747	20	memtrain/o_290_1.jpg	photodiode	1
2203.904	0.5	2203904	untrained	32696	71	memtrain/o_483_1.jpg	photodiode	1
2204.855	0.5	2204855	trained	32729	38	memtrain/o_603_1.jpg	photodiode	1
2205.755	0.5	2205755	trained	32725	42	memtrain/so_034_2.jpg	photodiode	1
2206.656	0.5	2206656	catch	32671	n/a	catch_padded.jpg	photodiode	0
2206.977	0.0	2206977	response	6	n/a	n/a	trigger	0
2208.658	0.5	2208658	untrained	32675	92	memtrain/so_033_1.jpg	photodiode	1
2209.509	0.5	2209509	untrained	32678	89	memtrain/o_469_1.jpg	photodiode	1
2210.459	0.5	2210459	trained	32743	24	memtrain/o_357_1.jpg	photodiode	1
2211.41	0.5	2211410	untrained	32686	81	memtrain/o_655_2.jpg	photodiode	1
2212.161	0.5	2212161	catch	32671	n/a	catch_padded.jpg	photodiode	0
2212.514	0.0	2212514	response	6	n/a	n/a	trigger	0
2214.163	0.5	2214163	untrained	32718	49	memtrain/o_054_2.jpg	photodiode	1
2214.913	0.5	2214913	trained	32726	41	memtrain/o_663_2.jpg	photodiode	1
2215.664	0.5	2215664	trained	32756	11	memtrain/o_117_2.jpg	photodiode	1
2216.414	0.5	2216414	trained	32757	10	memtrain/o_111_2.jpg	photodiode	1
2217.265	0.5	2217265	catch	32671	n/a	catch_padded.jpg	photodiode	0
2217.663	0.0	2217663	response	6	n/a	n/a	trigger	0
2219.217	0.5	2219217	untrained	32715	52	memtrain/o_141_1.jpg	photodiode	1
2220.118	0.5	2220118	untrained	32712	55	memtrain/o_153_2.jpg	photodiode	1
2220.968	0.5	2220968	trained	32742	25	memtrain/o_358_2.jpg	photodiode	1
2221.711	0.5	2221711	trained	32722	45	memtrain/so_090_2.jpg	photodiode	1
2222.562	0.5	2222562	catch	32671	n/a	catch_padded.jpg	photodiode	0
2223.019	0.0	2223019	response	6	n/a	n/a	trigger	0
2224.563	0.5	2224563	untrained	32706	61	memtrain/o_298_2.jpg	photodiode	1
2225.514	0.5	2225514	trained	32720	47	memtrain/so_147_2.jpg	photodiode	1
2226.465	0.5	2226465	trained	32721	46	memtrain/so_113_1.jpg	photodiode	1
2227.216	0.5	2227216	trained	32752	15	memtrain/o_195_1.jpg	photodiode	1
2228.016	0.5	2228016	catch	32671	n/a	catch_padded.jpg	photodiode	0
2228.465	0.0	2228465	response	6	n/a	n/a	trigger	0
2230.018	0.5	2230018	untrained	32683	84	memtrain/so_117_2.jpg	photodiode	1
2230.769	0.5	2230769	untrained	32705	62	memtrain/o_304_1.jpg	photodiode	1
2231.669	0.5	2231669	trained	32760	7	memtrain/o_091_2.jpg	photodiode	1
2232.42	0.5	2232420	trained	32748	19	memtrain/o_284_2.jpg	photodiode	1
2233.371	0.5	2233371	catch	32671	n/a	catch_padded.jpg	photodiode	0
2233.814	0.0	2233814	response	6	n/a	n/a	trigger	0
2235.272	0.5	2235272	untrained	32699	68	memtrain/o_393_1.jpg	photodiode	1
2236.223	0.5	2236223	untrained	32717	50	memtrain/o_057_2.jpg	photodiode	1
2237.124	0.5	2237124	trained	32758	9	memtrain/o_101_2.jpg	photodiode	1
2237.875	0.5	2237875	untrained	32690	77	memtrain/o_574_2.jpg	photodiode	1
2238.625	0.5	2238625	trained	32732	35	memtrain/o_561_2.jpg	photodiode	1
2239.526	0.5	2239526	catch	32671	n/a	catch_padded.jpg	photodiode	0
2239.844	0.0	2239844	response	6	n/a	n/a	trigger	0
2241.478	0.5	2241478	trained	32749	18	memtrain/o_264_2.jpg	photodiode	1
2242.228	0.5	2242228	trained	32737	30	memtrain/o_437_2.jpg	photodiode	1
2243.029	0.5	2243029	untrained	32714	53	memtrain/o_142_2.jpg	photodiode	1
2243.98	0.5	2243980	untrained	32707	60	memtrain/o_228_2.jpg	photodiode	1
2244.88	0.5	2244880	trained	32753	14	memtrain/o_174_1.jpg	photodiode	1
2245.731	0.5	2245731	catch	32671	n/a	catch_padded.jpg	photodiode	0
2246.177	0.0	2246177	response	6	n/a	n/a	trigger	0
2247.833	0.5	2247833	trained	32767	0	memtrain/o_006_1.jpg	photodiode	1
2248.734	0.5	2248734	trained	32733	34	memtrain/o_558_2.jpg	photodiode	1
2249.484	0.5	2249484	trained	32741	26	memtrain/o_376_1.jpg	photodiode	1
2250.335	0.5	2250335	catch	32671	n/a	catch_padded.jpg	photodiode	0
2250.786	0.0	2250786	response	6	n/a	n/a	trigger	0
2252.428	0.5	2252428	untrained	32713	54	memtrain/o_145_1.jpg	photodiode	1
2253.379	0.5	2253379	trained	32746	21	memtrain/o_319_1.jpg	photodiode	1
2254.28	0.5	2254280	untrained	32704	63	memtrain/o_310_2.jpg	photodiode	1
2255.031	0.5	2255031	catch	32671	n/a	catch_padded.jpg	photodiode	0
2255.558	0.0	2255558	response	6	n/a	n/a	trigger	0
2257.082	0.5	2257082	untrained	32684	83	memtrain/so_105_1.jpg	photodiode	1
2257.833	0.5	2257833	trained	32727	40	memtrain/o_648_2.jpg	photodiode	1
2258.684	0.5	2258684	trained	32724	43	memtrain/so_043_2.jpg	photodiode	1
2259.534	0.5	2259534	untrained	32698	69	memtrain/o_464_2.jpg	photodiode	1
2260.385	0.5	2260385	catch	32671	n/a	catch_padded.jpg	photodiode	0
2260.779	0.0	2260779	response	6	n/a	n/a	trigger	0
2261.434	0.0	2261434	response	5	n/a	n/a	trigger	0
2262.387	0.5	2262387	trained	32728	39	memtrain/o_606_1.jpg	photodiode	1
2263.187	0.5	2263187	trained	32723	44	memtrain/so_045_1.jpg	photodiode	1
2263.988	0.5	2263988	trained	32751	16	memtrain/o_199_2.jpg	photodiode	1
2264.789	0.5	2264789	trained	32762	5	memtrain/o_067_1.jpg	photodiode	1
2265.64	0.5	2265640	trained	32754	13	memtrain/o_136_1.jpg	photodiode	1
2266.44	0.5	2266440	catch	32671	n/a	catch_padded.jpg	photodiode	0
2266.718	0.0	2266718	response	6	n/a	n/a	trigger	0
2268.392	0.5	2268392	untrained	32716	51	memtrain/o_103_2.jpg	photodiode	1
2269.243	0.5	2269243	untrained	32701	66	memtrain/o_342_2.jpg	photodiode	1
2270.143	0.5	2270143	untrained	32674	93	memtrain/so_035_1.jpg	photodiode	1
2270.894	0.5	2270894	trained	32731	36	memtrain/o_583_1.jpg	photodiode	1
2271.184	0.0	2271184	response	5	n/a	n/a	trigger	0
2271.845	0.5	2271845	untrained	32711	56	memtrain/o_163_2.jpg	photodiode	1
2272.695	0.5	2272695	catch	32671	n/a	catch_padded.jpg	photodiode	0
2273.058	0.0	2273058	response	6	n/a	n/a	trigger	0
2274.647	0.5	2274647	trained	32744	23	memtrain/o_338_2.jpg	photodiode	1
2275.398	0.5	2275398	trained	32761	6	memtrain/o_076_1.jpg	photodiode	1
2276.349	0.5	2276349	untrained	32680	87	memtrain/o_365_1.jpg	photodiode	1
2277.149	0.5	2277149	catch	32671	n/a	catch_padded.jpg	photodiode	0
2277.628	0.0	2277628	response	6	n/a	n/a	trigger	0
2279.201	0.5	2279201	untrained	32700	67	memtrain/o_378_1.jpg	photodiode	1
2280.052	0.5	2280052	untrained	32693	74	memtrain/o_550_1.jpg	photodiode	1
2280.844	0.5	2280844	trained	32766	1	memtrain/o_015_1.jpg	photodiode	1
2281.795	0.5	2281795	untrained	32682	85	memtrain/o_218_1.jpg	photodiode	1
2282.746	0.5	2282746	trained	32745	22	memtrain/o_321_1.jpg	photodiode	1
2283.647	0.5	2283647	catch	32671	n/a	catch_padded.jpg	photodiode	0
2284.126	0.0	2284126	response	6	n/a	n/a	trigger	0
2285.698	0.5	2285698	trained	32743	24	memtrain/o_357_1.jpg	photodiode	1
2286.499	0.5	2286499	untrained	32717	50	memtrain/o_057_2.jpg	photodiode	1
2287.4	0.5	2287400	trained	32757	10	memtrain/o_111_2.jpg	photodiode	1
2288.251	0.5	2288251	untrained	32677	90	memtrain/o_580_1.jpg	photodiode	1
2289.201	0.5	2289201	trained	32730	37	memtrain/o_597_1.jpg	photodiode	1
2290.002	0.5	2290002	catch	32671	n/a	catch_padded.jpg	photodiode	0
2290.387	0.0	2290387	response	6	n/a	n/a	trigger	0
2292.004	0.5	2292004	untrained	32688	79	memtrain/o_600_1.jpg	photodiode	1
2292.754	0.5	2292754	untrained	32683	84	memtrain/so_117_2.jpg	photodiode	1
2293.555	0.5	2293555	untrained	32715	52	memtrain/o_141_1.jpg	photodiode	1
2294.356	0.5	2294356	catch	32671	n/a	catch_padded.jpg	photodiode	0
2294.843	0.0	2294843	response	6	n/a	n/a	trigger	0
2296.408	0.5	2296408	trained	32763	4	memtrain/o_042_1.jpg	photodiode	1
2297.258	0.5	2297258	untrained	32705	62	memtrain/o_304_1.jpg	photodiode	1
2298.109	0.5	2298109	untrained	32707	60	memtrain/o_228_2.jpg	photodiode	1
2299.06	0.5	2299060	trained	32762	5	memtrain/o_067_1.jpg	photodiode	1
2299.91	0.5	2299910	trained	32758	9	memtrain/o_101_2.jpg	photodiode	1
2300.711	0.5	2300711	catch	32671	n/a	catch_padded.jpg	photodiode	0
2301.097	0.0	2301097	response	6	n/a	n/a	trigger	0
2302.613	0.5	2302613	trained	32732	35	memtrain/o_561_2.jpg	photodiode	1
2303.514	0.5	2303514	untrained	32702	65	memtrain/o_337_2.jpg	photodiode	1
2304.464	0.5	2304464	trained	32733	34	memtrain/o_558_2.jpg	photodiode	1
2305.315	0.5	2305315	catch	32671	n/a	catch_padded.jpg	photodiode	0
2305.791	0.0	2305791	response	6	n/a	n/a	trigger	0
2307.317	0.5	2307317	untrained	32697	70	memtrain/o_471_2.jpg	photodiode	1
2308.117	0.5	2308117	trained	32753	14	memtrain/o_174_1.jpg	photodiode	1
2308.968	0.5	2308968	trained	32761	6	memtrain/o_076_1.jpg	photodiode	1
2309.769	0.5	2309769	catch	32671	n/a	catch_padded.jpg	photodiode	0
2310.179	0.0	2310179	response	6	n/a	n/a	trigger	0
2311.812	0.5	2311812	untrained	32691	76	memtrain/o_570_1.jpg	photodiode	1
2312.571	0.5	2312571	untrained	32672	95	memtrain/so_125_1.jpg	photodiode	1
2313.463	0.5	2313463	trained	32744	23	memtrain/o_338_2.jpg	photodiode	1
2314.264	0.5	2314264	untrained	32679	88	memtrain/o_458_1.jpg	photodiode	1
2315.065	0.5	2315065	trained	32764	3	memtrain/o_040_2.jpg	photodiode	1
2316.016	0.5	2316016	catch	32671	n/a	catch_padded.jpg	photodiode	0
2316.413	0.0	2316413	response	6	n/a	n/a	trigger	0
2318.017	0.5	2318017	trained	32756	11	memtrain/o_117_2.jpg	photodiode	1
2318.918	0.5	2318918	untrained	32680	87	memtrain/o_365_1.jpg	photodiode	1
2319.669	0.5	2319669	trained	32759	8	memtrain/o_094_1.jpg	photodiode	1
2320.569	0.5	2320569	untrained	32693	74	memtrain/o_550_1.jpg	photodiode	1
2321.47	0.5	2321470	catch	32671	n/a	catch_padded.jpg	photodiode	0
2321.82	0.0	2321820	response	6	n/a	n/a	trigger	0
2323.422	0.5	2323422	untrained	32682	85	memtrain/o_218_1.jpg	photodiode	1
2324.373	0.5	2324373	trained	32727	40	memtrain/o_648_2.jpg	photodiode	1
2325.273	0.5	2325273	untrained	32700	67	memtrain/o_378_1.jpg	photodiode	1
2326.024	0.5	2326024	trained	32722	45	memtrain/so_090_2.jpg	photodiode	1
2326.925	0.5	2326925	untrained	32711	56	memtrain/o_163_2.jpg	photodiode	1
2327.675	0.5	2327675	catch	32671	n/a	catch_padded.jpg	photodiode	0
2328.089	0.0	2328089	response	6	n/a	n/a	trigger	0
2329.777	0.5	2329777	trained	32725	42	memtrain/so_034_2.jpg	photodiode	1
2330.528	0.5	2330528	untrained	32684	83	memtrain/so_105_1.jpg	photodiode	1
2331.429	0.5	2331429	trained	32760	7	memtrain/o_091_2.jpg	photodiode	1
2332.379	0.5	2332379	catch	32671	n/a	catch_padded.jpg	photodiode	0
2332.935	0.0	2332935	response	6	n/a	n/a	trigger	0
2334.481	0.5	2334481	trained	32766	1	memtrain/o_015_1.jpg	photodiode	1
2335.432	0.5	2335432	trained	32726	41	memtrain/o_663_2.jpg	photodiode	1
2336.183	0.5	2336183	untrained	32703	64	memtrain/o_334_2.jpg	photodiode	1
2337.033	0.5	2337033	catch	32671	n/a	catch_padded.jpg	photodiode	0
2337.577	0.0	2337577	response	6	n/a	n/a	trigger	0
2339.077	0.5	2339077	untrained	32675	92	memtrain/so_033_1.jpg	photodiode	1
2339.878	0.5	2339878	untrained	32687	80	memtrain/o_613_1.jpg	photodiode	1
2340.829	0.5	2340829	untrained	32685	82	memtrain/o_656_1.jpg	photodiode	1
2341.629	0.5	2341629	untrained	32686	81	memtrain/o_655_2.jpg	photodiode	1
2342.38	0.5	2342380	catch	32671	n/a	catch_padded.jpg	photodiode	0
2342.695	0.0	2342695	response	6	n/a	n/a	trigger	0
2344.382	0.5	2344382	untrained	32698	69	memtrain/o_464_2.jpg	photodiode	1
2345.232	0.5	2345232	untrained	32699	68	memtrain/o_393_1.jpg	photodiode	1
2346.083	0.5	2346083	trained	32739	28	memtrain/o_397_1.jpg	photodiode	1
2347.034	0.5	2347034	trained	32765	2	memtrain/o_035_1.jpg	photodiode	1
2347.834	0.5	2347834	catch	32671	n/a	catch_padded.jpg	photodiode	0
2348.152	0.0	2348152	response	6	n/a	n/a	trigger	0
2349.836	0.5	2349836	untrained	32678	89	memtrain/o_469_1.jpg	photodiode	1
2350.637	0.5	2350637	untrained	32701	66	memtrain/o_342_2.jpg	photodiode	1
2351.588	0.5	2351588	untrained	32710	57	memtrain/o_171_1.jpg	photodiode	1
2352.338	0.5	2352338	trained	32738	29	memtrain/o_416_1.jpg	photodiode	1
2353.089	0.5	2353089	trained	32752	15	memtrain/o_195_1.jpg	photodiode	1
2354.04	0.5	2354040	catch	32671	n/a	catch_padded.jpg	photodiode	0
2354.33	0.0	2354330	response	6	n/a	n/a	trigger	0
2356.041	0.5	2356041	trained	32746	21	memtrain/o_319_1.jpg	photodiode	1
2356.942	0.5	2356942	untrained	32719	48	memtrain/o_019_2.jpg	photodiode	1
2357.693	0.5	2357693	untrained	32704	63	memtrain/o_310_2.jpg	photodiode	1
2358.443	0.5	2358443	catch	32671	n/a	catch_padded.jpg	photodiode	0
2359.538	0.0	2359538	response	6	n/a	n/a	trigger	0
2360.495	0.5	2360495	trained	32729	38	memtrain/o_603_1.jpg	photodiode	1
2361.246	0.5	2361246	untrained	32694	73	memtrain/o_519_2.jpg	photodiode	1
2362.147	0.5	2362147	trained	32751	16	memtrain/o_199_2.jpg	photodiode	1
2362.897	0.5	2362897	untrained	32706	61	memtrain/o_298_2.jpg	photodiode	1
2363.698	0.5	2363698	catch	32671	n/a	catch_padded.jpg	photodiode	0
2364.166	0.0	2364166	response	6	n/a	n/a	trigger	0
2365.6	0.5	2365600	untrained	32689	78	memtrain/o_599_1.jpg	photodiode	1
2366.5	0.5	2366500	trained	32735	32	memtrain/o_485_2.jpg	photodiode	1
2367.451	0.5	2367451	untrained	32676	91	memtrain/o_605_1.jpg	photodiode	1
2368.393	0.5	2368393	catch	32671	n/a	catch_padded.jpg	photodiode	0
2368.918	0.0	2368918	response	6	n/a	n/a	trigger	0
2370.395	0.5	2370395	trained	32724	43	memtrain/so_043_2.jpg	photodiode	1
2371.346	0.5	2371346	untrained	32716	51	memtrain/o_103_2.jpg	photodiode	1
2372.147	0.5	2372147	untrained	32713	54	memtrain/o_145_1.jpg	photodiode	1
2373.047	0.5	2373047	catch	32671	n/a	catch_padded.jpg	photodiode	0
2373.46	0.0	2373460	response	6	n/a	n/a	trigger	0
2374.999	0.5	2374999	trained	32741	26	memtrain/o_376_1.jpg	photodiode	1
2375.8	0.5	2375800	trained	32747	20	memtrain/o_290_1.jpg	photodiode	1
2376.75	0.5	2376750	untrained	32696	71	memtrain/o_483_1.jpg	photodiode	1
2377.601	0.5	2377601	catch	32671	n/a	catch_padded.jpg	photodiode	0
2378.022	0.0	2378022	response	6	n/a	n/a	trigger	0
2379.653	0.5	2379653	untrained	32674	93	memtrain/so_035_1.jpg	photodiode	1
2380.504	0.5	2380504	untrained	32714	53	memtrain/o_142_2.jpg	photodiode	1
2381.254	0.5	2381254	trained	32740	27	memtrain/o_379_2.jpg	photodiode	1
2382.055	0.5	2382055	untrained	32681	86	memtrain/o_288_1.jpg	photodiode	1
2382.806	0.5	2382806	trained	32749	18	memtrain/o_264_2.jpg	photodiode	1
2383.656	0.5	2383656	catch	32671	n/a	catch_padded.jpg	photodiode	0
2383.982	0.0	2383982	response	6	n/a	n/a	trigger	0
2385.658	0.5	2385658	trained	32742	25	memtrain/o_358_2.jpg	photodiode	1
2386.609	0.5	2386609	untrained	32709	58	memtrain/o_192_1.jpg	photodiode	1
2387.46	0.5	2387460	trained	32737	30	memtrain/o_437_2.jpg	photodiode	1
2388.26	0.5	2388260	trained	32745	22	memtrain/o_321_1.jpg	photodiode	1
2389.161	0.5	2389161	catch	32671	n/a	catch_padded.jpg	photodiode	0
2389.62	0.0	2389620	response	6	n/a	n/a	trigger	0
2391.263	0.5	2391263	untrained	32673	94	memtrain/so_067_1.jpg	photodiode	1
2392.013	0.5	2392013	trained	32736	31	memtrain/o_465_2.jpg	photodiode	1
2392.764	0.5	2392764	untrained	32692	75	memtrain/o_564_1.jpg	photodiode	1
2393.565	0.5	2393565	catch	32671	n/a	catch_padded.jpg	photodiode	0
2394.041	0.0	2394041	response	6	n/a	n/a	trigger	0
2395.566	0.5	2395566	untrained	32708	59	memtrain/o_201_2.jpg	photodiode	1
2396.467	0.5	2396467	untrained	32695	72	memtrain/o_490_1.jpg	photodiode	1
2397.26	0.5	2397260	trained	32754	13	memtrain/o_136_1.jpg	photodiode	1
2398.11	0.5	2398110	trained	32728	39	memtrain/o_606_1.jpg	photodiode	1
2399.011	0.5	2399011	trained	32734	33	memtrain/o_536_1.jpg	photodiode	1
2399.77	0.5	2399770	catch	32671	n/a	catch_padded.jpg	photodiode	0
2400.224	0.0	2400224	response	6	n/a	n/a	trigger	0
2401.713	0.5	2401713	trained	32723	44	memtrain/so_045_1.jpg	photodiode	1
2402.664	0.5	2402664	trained	32731	36	memtrain/o_583_1.jpg	photodiode	1
2403.565	0.5	2403565	untrained	32712	55	memtrain/o_153_2.jpg	photodiode	1
2404.416	0.5	2404416	trained	32767	0	memtrain/o_006_1.jpg	photodiode	1
2405.317	0.5	2405317	catch	32671	n/a	catch_padded.jpg	photodiode	0
2405.727	0.0	2405727	response	6	n/a	n/a	trigger	0
2407.318	0.5	2407318	trained	32721	46	memtrain/so_113_1.jpg	photodiode	1
2408.169	0.5	2408169	trained	32755	12	memtrain/o_127_2.jpg	photodiode	1
2409.07	0.5	2409070	trained	32748	19	memtrain/o_284_2.jpg	photodiode	1
2410.021	0.5	2410021	catch	32671	n/a	catch_padded.jpg	photodiode	0
2410.429	0.0	2410429	response	6	n/a	n/a	trigger	0
2412.122	0.5	2412122	untrained	32718	49	memtrain/o_054_2.jpg	photodiode	1
2412.873	0.5	2412873	untrained	32690	77	memtrain/o_574_2.jpg	photodiode	1
2413.674	0.5	2413674	trained	32750	17	memtrain/o_232_1.jpg	photodiode	1
2414.424	0.5	2414424	trained	32720	47	memtrain/so_147_2.jpg	photodiode	1
2415.225	0.5	2415225	catch	32671	n/a	catch_padded.jpg	photodiode	0
2415.573	0.0	2415573	response	6	n/a	n/a	trigger	0
2421.697	0.0	2421697	block_end	120	n/a	n/a	trigger	0
2522.017	0.0	2522017	response	6	n/a	n/a	trigger	0
2522.025	0.0	2522025	block_onset	109	n/a	n/a	trigger	0
2524.084	0.5	2524084	trained	32757	10	memtrain/o_111_2.jpg	photodiode	1
2525.035	0.5	2525035	trained	32746	21	memtrain/o_319_1.jpg	photodiode	1
2525.785	0.5	2525785	trained	32742	25	memtrain/o_358_2.jpg	photodiode	1
2526.586	0.5	2526586	trained	32721	46	memtrain/so_113_1.jpg	photodiode	1
2527.487	0.5	2527487	catch	32671	n/a	catch_padded.jpg	photodiode	0
2527.889	0.0	2527889	response	6	n/a	n/a	trigger	0
2529.53	0.5	2529530	untrained	32680	87	memtrain/o_365_1.jpg	photodiode	1
2530.281	0.5	2530281	untrained	32701	66	memtrain/o_342_2.jpg	photodiode	1
2531.181	0.5	2531181	trained	32755	12	memtrain/o_127_2.jpg	photodiode	1
2532.032	0.5	2532032	catch	32671	n/a	catch_padded.jpg	photodiode	0
2532.534	0.0	2532534	response	6	n/a	n/a	trigger	0
2534.034	0.5	2534034	untrained	32679	88	memtrain/o_458_1.jpg	photodiode	1
2534.885	0.5	2534885	untrained	32696	71	memtrain/o_483_1.jpg	photodiode	1
2535.785	0.5	2535785	untrained	32718	49	memtrain/o_054_2.jpg	photodiode	1
2536.536	0.5	2536536	untrained	32690	77	memtrain/o_574_2.jpg	photodiode	1
2537.387	0.5	2537387	trained	32766	1	memtrain/o_015_1.jpg	photodiode	1
2538.237	0.5	2538237	catch	32671	n/a	catch_padded.jpg	photodiode	0
2538.72	0.0	2538720	response	6	n/a	n/a	trigger	0
2539.086	0.0	2539086	response	5	n/a	n/a	trigger	0
2540.339	0.5	2540339	untrained	32691	76	memtrain/o_570_1.jpg	photodiode	1
2541.09	0.5	2541090	trained	32732	35	memtrain/o_561_2.jpg	photodiode	1
2541.84	0.5	2541840	untrained	32711	56	memtrain/o_163_2.jpg	photodiode	1
2542.591	0.5	2542591	catch	32671	n/a	catch_padded.jpg	photodiode	0
2543.169	0.0	2543169	response	6	n/a	n/a	trigger	0
2544.493	0.5	2544493	untrained	32709	58	memtrain/o_192_1.jpg	photodiode	1
2545.393	0.5	2545393	trained	32754	13	memtrain/o_136_1.jpg	photodiode	1
2546.344	0.5	2546344	untrained	32689	78	memtrain/o_599_1.jpg	photodiode	1
2547.095	0.5	2547095	untrained	32703	64	memtrain/o_334_2.jpg	photodiode	1
2547.946	0.5	2547946	catch	32671	n/a	catch_padded.jpg	photodiode	0
2548.268	0.0	2548268	response	6	n/a	n/a	trigger	0
2549.947	0.5	2549947	trained	32752	15	memtrain/o_195_1.jpg	photodiode	1
2550.698	0.5	2550698	untrained	32698	69	memtrain/o_464_2.jpg	photodiode	1
2551.449	0.5	2551449	trained	32763	4	memtrain/o_042_1.jpg	photodiode	1
2552.399	0.5	2552399	trained	32741	26	memtrain/o_376_1.jpg	photodiode	1
2553.3	0.5	2553300	trained	32767	0	memtrain/o_006_1.jpg	photodiode	1
2553.589	0.0	2553589	response	6	n/a	n/a	trigger	0
2553.846	0.0	2553846	response	254	n/a	n/a	trigger	0
2553.848	0.0	2553848	response	6	n/a	n/a	trigger	0
2554.212	0.0	2554212	response	6	n/a	n/a	trigger	0
2554.251	0.5	2554251	catch	32671	n/a	catch_padded.jpg	photodiode	0
2556.303	0.5	2556303	untrained	32695	72	memtrain/o_490_1.jpg	photodiode	1
2557.103	0.5	2557103	trained	32762	5	memtrain/o_067_1.jpg	photodiode	1
2558.054	0.5	2558054	trained	32753	14	memtrain/o_174_1.jpg	photodiode	1
2558.897	0.5	2558897	untrained	32674	93	memtrain/so_035_1.jpg	photodiode	1
2559.697	0.5	2559697	untrained	32685	82	memtrain/o_656_1.jpg	photodiode	1
2560.548	0.5	2560548	catch	32671	n/a	catch_padded.jpg	photodiode	0
2560.874	0.0	2560874	response	6	n/a	n/a	trigger	0
2562.65	0.5	2562650	untrained	32712	55	memtrain/o_153_2.jpg	photodiode	1
2563.401	0.5	2563401	untrained	32678	89	memtrain/o_469_1.jpg	photodiode	1
2564.151	0.5	2564151	untrained	32713	54	memtrain/o_145_1.jpg	photodiode	1
2565.102	0.5	2565102	trained	32724	43	memtrain/so_043_2.jpg	photodiode	1
2565.903	0.5	2565903	trained	32758	9	memtrain/o_101_2.jpg	photodiode	1
2566.753	0.5	2566753	catch	32671	n/a	catch_padded.jpg	photodiode	0
2567.088	0.0	2567088	response	6	n/a	n/a	trigger	0
2568.755	0.5	2568755	untrained	32715	52	memtrain/o_141_1.jpg	photodiode	1
2569.506	0.5	2569506	untrained	32681	86	memtrain/o_288_1.jpg	photodiode	1
2570.407	0.5	2570407	untrained	32688	79	memtrain/o_600_1.jpg	photodiode	1
2571.207	0.5	2571207	untrained	32684	83	memtrain/so_105_1.jpg	photodiode	1
2572.058	0.5	2572058	catch	32671	n/a	catch_padded.jpg	photodiode	0
2572.579	0.0	2572579	response	6	n/a	n/a	trigger	0
2573.96	0.5	2573960	untrained	32673	94	memtrain/so_067_1.jpg	photodiode	1
2574.86	0.5	2574860	trained	32726	41	memtrain/o_663_2.jpg	photodiode	1
2575.761	0.5	2575761	untrained	32676	91	memtrain/o_605_1.jpg	photodiode	1
2576.562	0.5	2576562	trained	32733	34	memtrain/o_558_2.jpg	photodiode	1
2577.362	0.5	2577362	catch	32671	n/a	catch_padded.jpg	photodiode	0
2577.788	0.0	2577788	response	6	n/a	n/a	trigger	0
2579.264	0.5	2579264	trained	32747	20	memtrain/o_290_1.jpg	photodiode	1
2580.165	0.5	2580165	trained	32749	18	memtrain/o_264_2.jpg	photodiode	1
2581.016	0.5	2581016	trained	32737	30	memtrain/o_437_2.jpg	photodiode	1
2581.916	0.5	2581916	trained	32727	40	memtrain/o_648_2.jpg	photodiode	1
2582.867	0.5	2582867	untrained	32705	62	memtrain/o_304_1.jpg	photodiode	1
2583.22	0.0	2583220	response	6	n/a	n/a	trigger	0
2583.668	0.5	2583668	catch	32671	n/a	catch_padded.jpg	photodiode	0
2583.9	0.0	2583900	response	6	n/a	n/a	trigger	0
2585.619	0.5	2585619	trained	32728	39	memtrain/o_606_1.jpg	photodiode	1
2586.37	0.5	2586370	untrained	32716	51	memtrain/o_103_2.jpg	photodiode	1
2587.112	0.5	2587112	trained	32745	22	memtrain/o_321_1.jpg	photodiode	1
2587.863	0.5	2587863	untrained	32683	84	memtrain/so_117_2.jpg	photodiode	1
2588.814	0.5	2588814	catch	32671	n/a	catch_padded.jpg	photodiode	0
2589.254	0.0	2589254	response	6	n/a	n/a	trigger	0
2590.765	0.5	2590765	untrained	32702	65	memtrain/o_337_2.jpg	photodiode	1
2591.516	0.5	2591516	trained	32760	7	memtrain/o_091_2.jpg	photodiode	1
2592.317	0.5	2592317	untrained	32693	74	memtrain/o_550_1.jpg	photodiode	1
2593.267	0.5	2593267	untrained	32694	73	memtrain/o_519_2.jpg	photodiode	1
2594.068	0.5	2594068	catch	32671	n/a	catch_padded.jpg	photodiode	0
2594.412	0.0	2594412	response	6	n/a	n/a	trigger	0
2596.02	0.5	2596020	trained	32729	38	memtrain/o_603_1.jpg	photodiode	1
2596.82	0.5	2596820	untrained	32672	95	memtrain/so_125_1.jpg	photodiode	1
2597.571	0.5	2597571	trained	32761	6	memtrain/o_076_1.jpg	photodiode	1
2598.422	0.5	2598422	untrained	32682	85	memtrain/o_218_1.jpg	photodiode	1
2599.373	0.5	2599373	untrained	32708	59	memtrain/o_201_2.jpg	photodiode	1
2599.731	0.0	2599731	response	6	n/a	n/a	trigger	0
2600.273	0.5	2600273	catch	32671	n/a	catch_padded.jpg	photodiode	0
2600.869	0.0	2600869	response	6	n/a	n/a	trigger	0
2602.375	0.5	2602375	trained	32738	29	memtrain/o_416_1.jpg	photodiode	1
2603.326	0.5	2603326	untrained	32697	70	memtrain/o_471_2.jpg	photodiode	1
2604.127	0.5	2604127	untrained	32686	81	memtrain/o_655_2.jpg	photodiode	1
2605.077	0.5	2605077	catch	32671	n/a	catch_padded.jpg	photodiode	0
2605.588	0.0	2605588	response	6	n/a	n/a	trigger	0
2607.179	0.5	2607179	trained	32725	42	memtrain/so_034_2.jpg	photodiode	1
2607.93	0.5	2607930	trained	32740	27	memtrain/o_379_2.jpg	photodiode	1
2608.73	0.5	2608730	untrained	32692	75	memtrain/o_564_1.jpg	photodiode	1
2609.481	0.5	2609481	untrained	32677	90	memtrain/o_580_1.jpg	photodiode	1
2610.332	0.5	2610332	catch	32671	n/a	catch_padded.jpg	photodiode	0
2610.658	0.0	2610658	response	6	n/a	n/a	trigger	0
2612.334	0.5	2612334	trained	32756	11	memtrain/o_117_2.jpg	photodiode	1
2613.184	0.5	2613184	trained	32739	28	memtrain/o_397_1.jpg	photodiode	1
2614.085	0.5	2614085	trained	32730	37	memtrain/o_597_1.jpg	photodiode	1
2614.986	0.5	2614986	trained	32736	31	memtrain/o_465_2.jpg	photodiode	1
2615.887	0.5	2615887	trained	32723	44	memtrain/so_045_1.jpg	photodiode	1
2616.729	0.5	2616729	catch	32671	n/a	catch_padded.jpg	photodiode	0
2617.103	0.0	2617103	response	6	n/a	n/a	trigger	0
2618.839	0.5	2618839	trained	32748	19	memtrain/o_284_2.jpg	photodiode	1
2619.732	0.5	2619732	untrained	32717	50	memtrain/o_057_2.jpg	photodiode	1
2620.582	0.5	2620582	trained	32751	16	memtrain/o_199_2.jpg	photodiode	1
2621.433	0.5	2621433	untrained	32699	68	memtrain/o_393_1.jpg	photodiode	1
2622.334	0.5	2622334	catch	32671	n/a	catch_padded.jpg	photodiode	0
2622.759	0.0	2622759	response	6	n/a	n/a	trigger	0
2624.436	0.5	2624436	trained	32720	47	memtrain/so_147_2.jpg	photodiode	1
2625.286	0.5	2625286	untrained	32719	48	memtrain/o_019_2.jpg	photodiode	1
2626.037	0.5	2626037	trained	32765	2	memtrain/o_035_1.jpg	photodiode	1
2626.888	0.5	2626888	catch	32671	n/a	catch_padded.jpg	photodiode	0
2627.506	0.0	2627506	response	6	n/a	n/a	trigger	0
2628.839	0.5	2628839	trained	32734	33	memtrain/o_536_1.jpg	photodiode	1
2629.69	0.5	2629690	trained	32731	36	memtrain/o_583_1.jpg	photodiode	1
2630.491	0.5	2630491	untrained	32704	63	memtrain/o_310_2.jpg	photodiode	1
2631.392	0.5	2631392	catch	32671	n/a	catch_padded.jpg	photodiode	0
2631.811	0.0	2631811	response	6	n/a	n/a	trigger	0
2633.443	0.5	2633443	trained	32722	45	memtrain/so_090_2.jpg	photodiode	1
2634.294	0.5	2634294	trained	32764	3	memtrain/o_040_2.jpg	photodiode	1
2635.195	0.5	2635195	trained	32744	23	memtrain/o_338_2.jpg	photodiode	1
2636.146	0.5	2636146	catch	32671	n/a	catch_padded.jpg	photodiode	0
2636.502	0.0	2636502	response	6	n/a	n/a	trigger	0
2638.047	0.5	2638047	untrained	32710	57	memtrain/o_171_1.jpg	photodiode	1
2638.898	0.5	2638898	untrained	32700	67	memtrain/o_378_1.jpg	photodiode	1
2639.699	0.5	2639699	trained	32743	24	memtrain/o_357_1.jpg	photodiode	1
2640.649	0.5	2640649	untrained	32706	61	memtrain/o_298_2.jpg	photodiode	1
2641.45	0.5	2641450	untrained	32714	53	memtrain/o_142_2.jpg	photodiode	1
2642.201	0.5	2642201	catch	32671	n/a	catch_padded.jpg	photodiode	0
2642.572	0.0	2642572	response	6	n/a	n/a	trigger	0
2644.303	0.5	2644303	untrained	32707	60	memtrain/o_228_2.jpg	photodiode	1
2645.053	0.5	2645053	trained	32750	17	memtrain/o_232_1.jpg	photodiode	1
2645.845	0.5	2645845	untrained	32675	92	memtrain/so_033_1.jpg	photodiode	1
2646.705	0.5	2646705	catch	32671	n/a	catch_padded.jpg	photodiode	0
2647.214	0.0	2647214	response	6	n/a	n/a	trigger	0
2648.648	0.5	2648648	trained	32759	8	memtrain/o_094_1.jpg	photodiode	1
2649.398	0.5	2649398	untrained	32687	80	memtrain/o_613_1.jpg	photodiode	1
2650.349	0.5	2650349	trained	32735	32	memtrain/o_485_2.jpg	photodiode	1
2651.25	0.5	2651250	trained	32724	43	memtrain/so_043_2.jpg	photodiode	1
2652.101	0.5	2652101	trained	32723	44	memtrain/so_045_1.jpg	photodiode	1
2653.051	0.5	2653051	catch	32671	n/a	catch_padded.jpg	photodiode	0
2653.379	0.0	2653379	response	6	n/a	n/a	trigger	0
2654.953	0.5	2654953	untrained	32714	53	memtrain/o_142_2.jpg	photodiode	1
2655.904	0.5	2655904	untrained	32695	72	memtrain/o_490_1.jpg	photodiode	1
2656.805	0.5	2656805	trained	32755	12	memtrain/o_127_2.jpg	photodiode	1
2657.655	0.5	2657655	catch	32671	n/a	catch_padded.jpg	photodiode	0
2658.121	0.0	2658121	response	6	n/a	n/a	trigger	0
2659.607	0.5	2659607	untrained	32693	74	memtrain/o_550_1.jpg	photodiode	1
2660.458	0.5	2660458	trained	32761	6	memtrain/o_076_1.jpg	photodiode	1
2661.258	0.5	2661258	trained	32741	26	memtrain/o_376_1.jpg	photodiode	1
2662.209	0.5	2662209	catch	32671	n/a	catch_padded.jpg	photodiode	0
2662.618	0.0	2662618	response	6	n/a	n/a	trigger	0
2664.161	0.5	2664161	untrained	32672	95	memtrain/so_125_1.jpg	photodiode	1
2664.911	0.5	2664911	untrained	32717	50	memtrain/o_057_2.jpg	photodiode	1
2665.712	0.5	2665712	untrained	32687	80	memtrain/o_613_1.jpg	photodiode	1
2666.463	0.5	2666463	catch	32671	n/a	catch_padded.jpg	photodiode	0
2667.011	0.0	2667011	response	6	n/a	n/a	trigger	0
2668.464	0.5	2668464	untrained	32712	55	memtrain/o_153_2.jpg	photodiode	1
2669.315	0.5	2669315	untrained	32675	92	memtrain/so_033_1.jpg	photodiode	1
2670.216	0.5	2670216	untrained	32715	52	memtrain/o_141_1.jpg	photodiode	1
2671.017	0.5	2671017	catch	32671	n/a	catch_padded.jpg	photodiode	0
2671.428	0.0	2671428	response	6	n/a	n/a	trigger	0
2673.018	0.5	2673018	trained	32752	15	memtrain/o_195_1.jpg	photodiode	1
2673.969	0.5	2673969	untrained	32707	60	memtrain/o_228_2.jpg	photodiode	1
2674.92	0.5	2674920	untrained	32713	54	memtrain/o_145_1.jpg	photodiode	1
2675.671	0.5	2675671	trained	32758	9	memtrain/o_101_2.jpg	photodiode	1
2676.471	0.5	2676471	untrained	32692	75	memtrain/o_564_1.jpg	photodiode	1
2677.264	0.5	2677264	catch	32671	n/a	catch_padded.jpg	photodiode	0
2677.368	0.0	2677368	response	6	n/a	n/a	trigger	0
2679.316	0.5	2679316	untrained	32699	68	memtrain/o_393_1.jpg	photodiode	1
2680.216	0.5	2680216	trained	32727	40	memtrain/o_648_2.jpg	photodiode	1
2681.167	0.5	2681167	trained	32734	33	memtrain/o_536_1.jpg	photodiode	1
2682.068	0.5	2682068	trained	32749	18	memtrain/o_264_2.jpg	photodiode	1
2682.919	0.5	2682919	trained	32754	13	memtrain/o_136_1.jpg	photodiode	1
2683.819	0.5	2683819	catch	32671	n/a	catch_padded.jpg	photodiode	0
2684.159	0.0	2684159	response	6	n/a	n/a	trigger	0
2685.771	0.5	2685771	untrained	32688	79	memtrain/o_600_1.jpg	photodiode	1
2686.672	0.5	2686672	trained	32747	20	memtrain/o_290_1.jpg	photodiode	1
2687.623	0.5	2687623	trained	32736	31	memtrain/o_465_2.jpg	photodiode	1
2688.473	0.5	2688473	catch	32671	n/a	catch_padded.jpg	photodiode	0
2688.941	0.0	2688941	response	6	n/a	n/a	trigger	0
2690.575	0.5	2690575	trained	32733	34	memtrain/o_558_2.jpg	photodiode	1
2691.526	0.5	2691526	untrained	32683	84	memtrain/so_117_2.jpg	photodiode	1
2692.277	0.5	2692277	untrained	32680	87	memtrain/o_365_1.jpg	photodiode	1
2693.177	0.5	2693177	untrained	32702	65	memtrain/o_337_2.jpg	photodiode	1
2693.978	0.5	2693978	catch	32671	n/a	catch_padded.jpg	photodiode	0
2694.372	0.0	2694372	response	6	n/a	n/a	trigger	0
2695.98	0.5	2695980	untrained	32679	88	memtrain/o_458_1.jpg	photodiode	1
2696.78	0.5	2696780	untrained	32676	91	memtrain/o_605_1.jpg	photodiode	1
2697.731	0.5	2697731	untrained	32689	78	memtrain/o_599_1.jpg	photodiode	1
2698.632	0.5	2698632	trained	32729	38	memtrain/o_603_1.jpg	photodiode	1
2699.483	0.5	2699483	catch	32671	n/a	catch_padded.jpg	photodiode	0
2699.848	0.0	2699848	response	6	n/a	n/a	trigger	0
2701.534	0.5	2701534	trained	32737	30	memtrain/o_437_2.jpg	photodiode	1
2702.435	0.5	2702435	untrained	32691	76	memtrain/o_570_1.jpg	photodiode	1
2703.236	0.5	2703236	untrained	32694	73	memtrain/o_519_2.jpg	photodiode	1
2704.087	0.5	2704087	untrained	32708	59	memtrain/o_201_2.jpg	photodiode	1
2704.887	0.5	2704887	trained	32740	27	memtrain/o_379_2.jpg	photodiode	1
2705.838	0.5	2705838	catch	32671	n/a	catch_padded.jpg	photodiode	0
2706.18	0.0	2706180	response	6	n/a	n/a	trigger	0
2707.931	0.5	2707931	trained	32751	16	memtrain/o_199_2.jpg	photodiode	1
2708.682	0.5	2708682	untrained	32709	58	memtrain/o_192_1.jpg	photodiode	1
2709.583	0.5	2709583	untrained	32681	86	memtrain/o_288_1.jpg	photodiode	1
2710.333	0.5	2710333	catch	32671	n/a	catch_padded.jpg	photodiode	0
2710.781	0.0	2710781	response	6	n/a	n/a	trigger	0
2712.335	0.5	2712335	trained	32745	22	memtrain/o_321_1.jpg	photodiode	1
2713.236	0.5	2713236	trained	32765	2	memtrain/o_035_1.jpg	photodiode	1
2713.986	0.5	2713986	untrained	32697	70	memtrain/o_471_2.jpg	photodiode	1
2714.737	0.5	2714737	untrained	32684	83	memtrain/so_105_1.jpg	photodiode	1
2715.538	0.5	2715538	catch	32671	n/a	catch_padded.jpg	photodiode	0
2716.041	0.0	2716041	response	6	n/a	n/a	trigger	0
2717.589	0.5	2717589	trained	32756	11	memtrain/o_117_2.jpg	photodiode	1
2718.34	0.5	2718340	trained	32738	29	memtrain/o_416_1.jpg	photodiode	1
2719.291	0.5	2719291	untrained	32696	71	memtrain/o_483_1.jpg	photodiode	1
2720.092	0.5	2720092	trained	32730	37	memtrain/o_597_1.jpg	photodiode	1
2721.042	0.5	2721042	trained	32732	35	memtrain/o_561_2.jpg	photodiode	1
2721.843	0.5	2721843	catch	32671	n/a	catch_padded.jpg	photodiode	0
2722.243	0.0	2722243	response	6	n/a	n/a	trigger	0
2723.895	0.5	2723895	trained	32748	19	memtrain/o_284_2.jpg	photodiode	1
2724.846	0.5	2724846	trained	32728	39	memtrain/o_606_1.jpg	photodiode	1
2725.646	0.5	2725646	untrained	32706	61	memtrain/o_298_2.jpg	photodiode	1
2726.397	0.5	2726397	untrained	32677	90	memtrain/o_580_1.jpg	photodiode	1
2727.248	0.5	2727248	catch	32671	n/a	catch_padded.jpg	photodiode	0
2727.764	0.0	2727764	response	6	n/a	n/a	trigger	0
2729.249	0.5	2729249	trained	32726	41	memtrain/o_663_2.jpg	photodiode	1
2730.0	0.5	2730000	trained	32720	47	memtrain/so_147_2.jpg	photodiode	1
2730.951	0.5	2730951	untrained	32698	69	memtrain/o_464_2.jpg	photodiode	1
2731.701	0.5	2731701	untrained	32710	57	memtrain/o_171_1.jpg	photodiode	1
2732.452	0.5	2732452	catch	32671	n/a	catch_padded.jpg	photodiode	0
2732.933	0.0	2732933	response	6	n/a	n/a	trigger	0
2734.404	0.5	2734404	trained	32763	4	memtrain/o_042_1.jpg	photodiode	1
2735.204	0.5	2735204	trained	32766	1	memtrain/o_015_1.jpg	photodiode	1
2736.147	0.5	2736147	trained	32731	36	memtrain/o_583_1.jpg	photodiode	1
2737.098	0.5	2737098	untrained	32719	48	memtrain/o_019_2.jpg	photodiode	1
2737.849	0.5	2737849	catch	32671	n/a	catch_padded.jpg	photodiode	0
2738.21	0.0	2738210	response	6	n/a	n/a	trigger	0
2739.858	0.5	2739858	untrained	32690	77	memtrain/o_574_2.jpg	photodiode	1
2740.601	0.5	2740601	untrained	32701	66	memtrain/o_342_2.jpg	photodiode	1
2741.351	0.5	2741351	trained	32762	5	memtrain/o_067_1.jpg	photodiode	1
2742.252	0.5	2742252	catch	32671	n/a	catch_padded.jpg	photodiode	0
2742.695	0.0	2742695	response	6	n/a	n/a	trigger	0
2744.304	0.5	2744304	untrained	32705	62	memtrain/o_304_1.jpg	photodiode	1
2745.205	0.5	2745205	untrained	32682	85	memtrain/o_218_1.jpg	photodiode	1
2746.106	0.5	2746106	trained	32750	17	memtrain/o_232_1.jpg	photodiode	1
2746.906	0.5	2746906	catch	32671	n/a	catch_padded.jpg	photodiode	0
2747.285	0.0	2747285	response	6	n/a	n/a	trigger	0
2748.858	0.5	2748858	untrained	32686	81	memtrain/o_655_2.jpg	photodiode	1
2749.608	0.5	2749608	trained	32735	32	memtrain/o_485_2.jpg	photodiode	1
2750.509	0.5	2750509	trained	32744	23	memtrain/o_338_2.jpg	photodiode	1
2751.36	0.5	2751360	catch	32671	n/a	catch_padded.jpg	photodiode	0
2751.695	0.0	2751695	response	6	n/a	n/a	trigger	0
2753.362	0.5	2753362	trained	32746	21	memtrain/o_319_1.jpg	photodiode	1
2754.212	0.5	2754212	untrained	32711	56	memtrain/o_163_2.jpg	photodiode	1
2755.013	0.5	2755013	trained	32759	8	memtrain/o_094_1.jpg	photodiode	1
2755.914	0.5	2755914	trained	32739	28	memtrain/o_397_1.jpg	photodiode	1
2756.21	0.0	2756210	response	6	n/a	n/a	trigger	0
2756.865	0.5	2756865	trained	32764	3	memtrain/o_040_2.jpg	photodiode	1
2756.872	0.0	2756872	response	6	n/a	n/a	trigger	0
2757.765	0.5	2757765	catch	32671	n/a	catch_padded.jpg	photodiode	0
2757.999	0.0	2757999	response	6	n/a	n/a	trigger	0
2759.867	0.5	2759867	untrained	32685	82	memtrain/o_656_1.jpg	photodiode	1
2760.718	0.5	2760718	trained	32760	7	memtrain/o_091_2.jpg	photodiode	1
2761.669	0.5	2761669	untrained	32703	64	memtrain/o_334_2.jpg	photodiode	1
2762.469	0.5	2762469	untrained	32704	63	memtrain/o_310_2.jpg	photodiode	1
2763.37	0.5	2763370	catch	32671	n/a	catch_padded.jpg	photodiode	0
2763.749	0.0	2763749	response	6	n/a	n/a	trigger	0
2765.413	0.5	2765413	untrained	32678	89	memtrain/o_469_1.jpg	photodiode	1
2766.164	0.5	2766164	trained	32743	24	memtrain/o_357_1.jpg	photodiode	1
2766.915	0.5	2766915	trained	32767	0	memtrain/o_006_1.jpg	photodiode	1
2767.715	0.5	2767715	trained	32742	25	memtrain/o_358_2.jpg	photodiode	1
2768.616	0.5	2768616	catch	32671	n/a	catch_padded.jpg	photodiode	0
2769.079	0.0	2769079	response	6	n/a	n/a	trigger	0
2770.718	0.5	2770718	trained	32725	42	memtrain/so_034_2.jpg	photodiode	1
2771.669	0.5	2771669	trained	32721	46	memtrain/so_113_1.jpg	photodiode	1
2772.469	0.5	2772469	untrained	32718	49	memtrain/o_054_2.jpg	photodiode	1
2773.42	0.5	2773420	trained	32753	14	memtrain/o_174_1.jpg	photodiode	1
2774.371	0.5	2774371	trained	32722	45	memtrain/so_090_2.jpg	photodiode	1
2775.222	0.5	2775222	catch	32671	n/a	catch_padded.jpg	photodiode	0
2775.609	0.0	2775609	response	6	n/a	n/a	trigger	0
2777.173	0.5	2777173	untrained	32674	93	memtrain/so_035_1.jpg	photodiode	1
2778.024	0.5	2778024	untrained	32700	67	memtrain/o_378_1.jpg	photodiode	1
2778.775	0.5	2778775	trained	32757	10	memtrain/o_111_2.jpg	photodiode	1
2779.725	0.5	2779725	untrained	32716	51	memtrain/o_103_2.jpg	photodiode	1
2780.526	0.5	2780526	untrained	32673	94	memtrain/so_067_1.jpg	photodiode	1
2781.377	0.5	2781377	catch	32671	n/a	catch_padded.jpg	photodiode	0
2781.679	0.0	2781679	response	6	n/a	n/a	trigger	0
2787.85	0.0	2787850	block_end	120	n/a	n/a	trigger	0
2828.675	0.0	2828675	response	5	n/a	n/a	trigger	0
2828.685	0.0	2828685	block_onset	110	n/a	n/a	trigger	0
2830.744	0.5	2830744	trained	32761	6	memtrain/o_076_1.jpg	photodiode	1
2831.645	0.5	2831645	untrained	32716	51	memtrain/o_103_2.jpg	photodiode	1
2832.495	0.5	2832495	trained	32726	41	memtrain/o_663_2.jpg	photodiode	1
2833.346	0.5	2833346	trained	32721	46	memtrain/so_113_1.jpg	photodiode	1
2834.297	0.5	2834297	trained	32740	27	memtrain/o_379_2.jpg	photodiode	1
2835.098	0.5	2835098	catch	32671	n/a	catch_padded.jpg	photodiode	0
2835.491	0.0	2835491	response	6	n/a	n/a	trigger	0
2837.091	0.5	2837091	trained	32766	1	memtrain/o_015_1.jpg	photodiode	1
2837.891	0.5	2837891	trained	32731	36	memtrain/o_583_1.jpg	photodiode	1
2838.792	0.5	2838792	trained	32746	21	memtrain/o_319_1.jpg	photodiode	1
2839.593	0.5	2839593	untrained	32676	91	memtrain/o_605_1.jpg	photodiode	1
2840.394	0.5	2840394	trained	32722	45	memtrain/so_090_2.jpg	photodiode	1
2841.294	0.5	2841294	catch	32671	n/a	catch_padded.jpg	photodiode	0
2841.679	0.0	2841679	response	6	n/a	n/a	trigger	0
2843.296	0.5	2843296	untrained	32686	81	memtrain/o_655_2.jpg	photodiode	1
2844.097	0.5	2844097	trained	32762	5	memtrain/o_067_1.jpg	photodiode	1
2844.947	0.5	2844947	trained	32738	29	memtrain/o_416_1.jpg	photodiode	1
2845.898	0.5	2845898	untrained	32685	82	memtrain/o_656_1.jpg	photodiode	1
2846.699	0.5	2846699	trained	32728	39	memtrain/o_606_1.jpg	photodiode	1
2847.5	0.5	2847500	catch	32671	n/a	catch_padded.jpg	photodiode	0
2847.867	0.0	2847867	response	6	n/a	n/a	trigger	0
2849.451	0.5	2849451	untrained	32679	88	memtrain/o_458_1.jpg	photodiode	1
2850.252	0.5	2850252	untrained	32704	63	memtrain/o_310_2.jpg	photodiode	1
2851.003	0.5	2851003	untrained	32680	87	memtrain/o_365_1.jpg	photodiode	1
2851.903	0.5	2851903	catch	32671	n/a	catch_padded.jpg	photodiode	0
2852.501	0.0	2852501	response	6	n/a	n/a	trigger	0
2853.805	0.5	2853805	untrained	32672	95	memtrain/so_125_1.jpg	photodiode	1
2854.706	0.5	2854706	untrained	32702	65	memtrain/o_337_2.jpg	photodiode	1
2855.606	0.5	2855606	untrained	32705	62	memtrain/o_304_1.jpg	photodiode	1
2856.457	0.5	2856457	catch	32671	n/a	catch_padded.jpg	photodiode	0
2856.939	0.0	2856939	response	6	n/a	n/a	trigger	0
2858.559	0.5	2858559	trained	32736	31	memtrain/o_465_2.jpg	photodiode	1
2859.51	0.5	2859510	trained	32743	24	memtrain/o_357_1.jpg	photodiode	1
2860.461	0.5	2860461	trained	32755	12	memtrain/o_127_2.jpg	photodiode	1
2861.211	0.5	2861211	trained	32727	40	memtrain/o_648_2.jpg	photodiode	1
2862.162	0.5	2862162	catch	32671	n/a	catch_padded.jpg	photodiode	0
2862.508	0.0	2862508	response	6	n/a	n/a	trigger	0
2864.114	0.5	2864114	untrained	32681	86	memtrain/o_288_1.jpg	photodiode	1
2864.914	0.5	2864914	untrained	32675	92	memtrain/so_033_1.jpg	photodiode	1
2865.865	0.5	2865865	untrained	32706	61	memtrain/o_298_2.jpg	photodiode	1
2866.758	0.5	2866758	untrained	32687	80	memtrain/o_613_1.jpg	photodiode	1
2867.709	0.5	2867709	catch	32671	n/a	catch_padded.jpg	photodiode	0
2868.125	0.0	2868125	response	6	n/a	n/a	trigger	0
2869.71	0.5	2869710	untrained	32689	78	memtrain/o_599_1.jpg	photodiode	1
2870.611	0.5	2870611	untrained	32697	70	memtrain/o_471_2.jpg	photodiode	1
2871.362	0.5	2871362	trained	32732	35	memtrain/o_561_2.jpg	photodiode	1
2872.263	0.5	2872263	untrained	32712	55	memtrain/o_153_2.jpg	photodiode	1
2873.213	0.5	2873213	catch	32671	n/a	catch_padded.jpg	photodiode	0
2873.656	0.0	2873656	response	6	n/a	n/a	trigger	0
2875.215	0.5	2875215	untrained	32677	90	memtrain/o_580_1.jpg	photodiode	1
2876.116	0.5	2876116	trained	32756	11	memtrain/o_117_2.jpg	photodiode	1
2876.966	0.5	2876966	untrained	32701	66	memtrain/o_342_2.jpg	photodiode	1
2877.917	0.5	2877917	untrained	32696	71	memtrain/o_483_1.jpg	photodiode	1
2878.768	0.5	2878768	trained	32724	43	memtrain/so_043_2.jpg	photodiode	1
2879.569	0.5	2879569	catch	32671	n/a	catch_padded.jpg	photodiode	0
2879.973	0.0	2879973	response	6	n/a	n/a	trigger	0
2881.52	0.5	2881520	untrained	32699	68	memtrain/o_393_1.jpg	photodiode	1
2882.421	0.5	2882421	trained	32730	37	memtrain/o_597_1.jpg	photodiode	1
2883.272	0.5	2883272	untrained	32718	49	memtrain/o_054_2.jpg	photodiode	1
2884.173	0.5	2884173	trained	32764	3	memtrain/o_040_2.jpg	photodiode	1
2885.123	0.5	2885123	catch	32671	n/a	catch_padded.jpg	photodiode	0
2885.443	0.0	2885443	response	6	n/a	n/a	trigger	0
2887.075	0.5	2887075	trained	32720	47	memtrain/so_147_2.jpg	photodiode	1
2887.926	0.5	2887926	untrained	32695	72	memtrain/o_490_1.jpg	photodiode	1
2888.827	0.5	2888827	untrained	32674	93	memtrain/so_035_1.jpg	photodiode	1
2889.727	0.5	2889727	trained	32735	32	memtrain/o_485_2.jpg	photodiode	1
2890.678	0.5	2890678	catch	32671	n/a	catch_padded.jpg	photodiode	0
2891.151	0.0	2891151	response	6	n/a	n/a	trigger	0
2892.73	0.5	2892730	untrained	32713	54	memtrain/o_145_1.jpg	photodiode	1
2893.681	0.5	2893681	trained	32729	38	memtrain/o_603_1.jpg	photodiode	1
2894.581	0.5	2894581	untrained	32678	89	memtrain/o_469_1.jpg	photodiode	1
2895.474	0.5	2895474	untrained	32688	79	memtrain/o_600_1.jpg	photodiode	1
2896.374	0.5	2896374	untrained	32691	76	memtrain/o_570_1.jpg	photodiode	1
2897.175	0.5	2897175	catch	32671	n/a	catch_padded.jpg	photodiode	0
2897.517	0.0	2897517	response	6	n/a	n/a	trigger	0
2899.277	0.5	2899277	trained	32750	17	memtrain/o_232_1.jpg	photodiode	1
2900.027	0.5	2900027	untrained	32700	67	memtrain/o_378_1.jpg	photodiode	1
2900.778	0.5	2900778	trained	32767	0	memtrain/o_006_1.jpg	photodiode	1
2901.679	0.5	2901679	untrained	32673	94	memtrain/so_067_1.jpg	photodiode	1
2902.63	0.5	2902630	trained	32739	28	memtrain/o_397_1.jpg	photodiode	1
2903.38	0.5	2903380	catch	32671	n/a	catch_padded.jpg	photodiode	0
2903.705	0.0	2903705	response	6	n/a	n/a	trigger	0
2905.282	0.5	2905282	trained	32733	34	memtrain/o_558_2.jpg	photodiode	1
2906.033	0.5	2906033	untrained	32719	48	memtrain/o_019_2.jpg	photodiode	1
2906.783	0.5	2906783	untrained	32708	59	memtrain/o_201_2.jpg	photodiode	1
2907.529	0.0	2907529	response	5	n/a	n/a	trigger	0
2907.734	0.5	2907734	untrained	32684	83	memtrain/so_105_1.jpg	photodiode	1
2908.585	0.5	2908585	catch	32671	n/a	catch_padded.jpg	photodiode	0
2909.331	0.0	2909331	response	6	n/a	n/a	trigger	0
2910.636	0.5	2910636	untrained	32714	53	memtrain/o_142_2.jpg	photodiode	1
2911.537	0.5	2911537	untrained	32710	57	memtrain/o_171_1.jpg	photodiode	1
2912.488	0.5	2912488	trained	32758	9	memtrain/o_101_2.jpg	photodiode	1
2913.439	0.5	2913439	untrained	32709	58	memtrain/o_192_1.jpg	photodiode	1
2914.29	0.5	2914290	untrained	32693	74	memtrain/o_550_1.jpg	photodiode	1
2915.24	0.5	2915240	catch	32671	n/a	catch_padded.jpg	photodiode	0
2915.492	0.0	2915492	response	6	n/a	n/a	trigger	0
2917.292	0.5	2917292	trained	32757	10	memtrain/o_111_2.jpg	photodiode	1
2918.143	0.5	2918143	untrained	32707	60	memtrain/o_228_2.jpg	photodiode	1
2918.994	0.5	2918994	trained	32725	42	memtrain/so_034_2.jpg	photodiode	1
2919.844	0.5	2919844	trained	32737	30	memtrain/o_437_2.jpg	photodiode	1
2920.645	0.5	2920645	catch	32671	n/a	catch_padded.jpg	photodiode	0
2921.011	0.0	2921011	response	6	n/a	n/a	trigger	0
2922.697	0.5	2922697	untrained	32683	84	memtrain/so_117_2.jpg	photodiode	1
2923.447	0.5	2923447	untrained	32711	56	memtrain/o_163_2.jpg	photodiode	1
2924.054	0.0	2924054	response	5	n/a	n/a	trigger	0
2924.348	0.5	2924348	untrained	32698	69	memtrain/o_464_2.jpg	photodiode	1
2925.091	0.5	2925091	catch	32671	n/a	catch_padded.jpg	photodiode	0
2925.635	0.0	2925635	response	6	n/a	n/a	trigger	0
2927.192	0.5	2927192	trained	32760	7	memtrain/o_091_2.jpg	photodiode	1
2928.043	0.5	2928043	trained	32749	18	memtrain/o_264_2.jpg	photodiode	1
2928.944	0.5	2928944	trained	32741	26	memtrain/o_376_1.jpg	photodiode	1
2929.695	0.5	2929695	catch	32671	n/a	catch_padded.jpg	photodiode	0
2930.054	0.0	2930054	response	6	n/a	n/a	trigger	0
2931.646	0.5	2931646	trained	32751	16	memtrain/o_199_2.jpg	photodiode	1
2932.497	0.5	2932497	trained	32734	33	memtrain/o_536_1.jpg	photodiode	1
2933.348	0.5	2933348	trained	32759	8	memtrain/o_094_1.jpg	photodiode	1
2934.198	0.5	2934198	trained	32747	20	memtrain/o_290_1.jpg	photodiode	1
2935.049	0.5	2935049	catch	32671	n/a	catch_padded.jpg	photodiode	0
2935.298	0.0	2935298	response	6	n/a	n/a	trigger	0
2936.951	0.5	2936951	trained	32753	14	memtrain/o_174_1.jpg	photodiode	1
2937.701	0.5	2937701	untrained	32694	73	memtrain/o_519_2.jpg	photodiode	1
2938.652	0.5	2938652	untrained	32703	64	memtrain/o_334_2.jpg	photodiode	1
2939.603	0.5	2939603	catch	32671	n/a	catch_padded.jpg	photodiode	0
2939.975	0.0	2939975	response	6	n/a	n/a	trigger	0
2941.605	0.5	2941605	trained	32752	15	memtrain/o_195_1.jpg	photodiode	1
2942.405	0.5	2942405	untrained	32692	75	memtrain/o_564_1.jpg	photodiode	1
2943.206	0.5	2943206	trained	32765	2	memtrain/o_035_1.jpg	photodiode	1
2943.957	0.5	2943957	untrained	32682	85	memtrain/o_218_1.jpg	photodiode	1
2944.757	0.5	2944757	catch	32671	n/a	catch_padded.jpg	photodiode	0
2944.912	0.0	2944912	response	6	n/a	n/a	trigger	0
2946.659	0.5	2946659	trained	32745	22	memtrain/o_321_1.jpg	photodiode	1
2947.61	0.5	2947610	trained	32742	25	memtrain/o_358_2.jpg	photodiode	1
2948.46	0.5	2948460	untrained	32690	77	memtrain/o_574_2.jpg	photodiode	1
2949.311	0.5	2949311	trained	32744	23	memtrain/o_338_2.jpg	photodiode	1
2950.162	0.5	2950162	trained	32723	44	memtrain/so_045_1.jpg	photodiode	1
2951.113	0.5	2951113	catch	32671	n/a	catch_padded.jpg	photodiode	0
2951.338	0.0	2951338	response	6	n/a	n/a	trigger	0
2953.014	0.5	2953014	trained	32748	19	memtrain/o_284_2.jpg	photodiode	1
2953.915	0.5	2953915	trained	32763	4	memtrain/o_042_1.jpg	photodiode	1
2954.757	0.5	2954757	trained	32754	13	memtrain/o_136_1.jpg	photodiode	1
2955.608	0.5	2955608	untrained	32715	52	memtrain/o_141_1.jpg	photodiode	1
2956.359	0.5	2956359	catch	32671	n/a	catch_padded.jpg	photodiode	0
2957.477	0.0	2957477	response	6	n/a	n/a	trigger	0
2958.46	0.5	2958460	untrained	32717	50	memtrain/o_057_2.jpg	photodiode	1
2959.211	0.5	2959211	untrained	32684	83	memtrain/so_105_1.jpg	photodiode	1
2960.062	0.5	2960062	trained	32727	40	memtrain/o_648_2.jpg	photodiode	1
2960.862	0.5	2960862	catch	32671	n/a	catch_padded.jpg	photodiode	0
2961.57	0.0	2961570	response	6	n/a	n/a	trigger	0
2962.814	0.5	2962814	untrained	32715	52	memtrain/o_141_1.jpg	photodiode	1
2963.565	0.5	2963565	untrained	32701	66	memtrain/o_342_2.jpg	photodiode	1
2964.516	0.5	2964516	untrained	32678	89	memtrain/o_469_1.jpg	photodiode	1
2965.316	0.5	2965316	untrained	32677	90	memtrain/o_580_1.jpg	photodiode	1
2966.067	0.5	2966067	catch	32671	n/a	catch_padded.jpg	photodiode	0
2966.441	0.0	2966441	response	6	n/a	n/a	trigger	0
2968.169	0.5	2968169	trained	32721	46	memtrain/so_113_1.jpg	photodiode	1
2969.119	0.5	2969119	untrained	32682	85	memtrain/o_218_1.jpg	photodiode	1
2969.97	0.5	2969970	untrained	32679	88	memtrain/o_458_1.jpg	photodiode	1
2970.771	0.5	2970771	untrained	32672	95	memtrain/so_125_1.jpg	photodiode	1
2971.571	0.5	2971571	trained	32753	14	memtrain/o_174_1.jpg	photodiode	1
2972.522	0.5	2972522	catch	32671	n/a	catch_padded.jpg	photodiode	0
2972.874	0.0	2972874	response	6	n/a	n/a	trigger	0
2974.474	0.5	2974474	untrained	32719	48	memtrain/o_019_2.jpg	photodiode	1
2975.375	0.5	2975375	untrained	32695	72	memtrain/o_490_1.jpg	photodiode	1
2976.326	0.5	2976326	trained	32734	33	memtrain/o_536_1.jpg	photodiode	1
2977.076	0.5	2977076	untrained	32703	64	memtrain/o_334_2.jpg	photodiode	1
2978.027	0.5	2978027	catch	32671	n/a	catch_padded.jpg	photodiode	0
2978.392	0.0	2978392	response	6	n/a	n/a	trigger	0
2980.079	0.5	2980079	untrained	32696	71	memtrain/o_483_1.jpg	photodiode	1
2980.979	0.5	2980979	trained	32728	39	memtrain/o_606_1.jpg	photodiode	1
2981.83	0.5	2981830	untrained	32718	49	memtrain/o_054_2.jpg	photodiode	1
2982.773	0.5	2982773	catch	32671	n/a	catch_padded.jpg	photodiode	0
2983.138	0.0	2983138	response	6	n/a	n/a	trigger	0
2984.674	0.5	2984674	untrained	32708	59	memtrain/o_201_2.jpg	photodiode	1
2985.425	0.5	2985425	untrained	32692	75	memtrain/o_564_1.jpg	photodiode	1
2986.176	0.5	2986176	untrained	32675	92	memtrain/so_033_1.jpg	photodiode	1
2987.085	0.5	2987085	catch	32671	n/a	catch_padded.jpg	photodiode	0
2987.507	0.0	2987507	response	6	n/a	n/a	trigger	0
2989.178	0.5	2989178	untrained	32690	77	memtrain/o_574_2.jpg	photodiode	1
2990.029	0.5	2990029	untrained	32714	53	memtrain/o_142_2.jpg	photodiode	1
2990.98	0.5	2990980	trained	32767	0	memtrain/o_006_1.jpg	photodiode	1
2991.73	0.5	2991730	trained	32720	47	memtrain/so_147_2.jpg	photodiode	1
2992.481	0.5	2992481	trained	32733	34	memtrain/o_558_2.jpg	photodiode	1
2993.332	0.5	2993332	catch	32671	n/a	catch_padded.jpg	photodiode	0
2993.503	0.0	2993503	response	6	n/a	n/a	trigger	0
2995.434	0.5	2995434	untrained	32694	73	memtrain/o_519_2.jpg	photodiode	1
2996.334	0.5	2996334	untrained	32686	81	memtrain/o_655_2.jpg	photodiode	1
2997.285	0.5	2997285	untrained	32711	56	memtrain/o_163_2.jpg	photodiode	1
2998.086	0.5	2998086	trained	32737	30	memtrain/o_437_2.jpg	photodiode	1
2998.887	0.5	2998887	trained	32760	7	memtrain/o_091_2.jpg	photodiode	1
2999.837	0.5	2999837	catch	32671	n/a	catch_padded.jpg	photodiode	0
3000.133	0.0	3000133	response	6	n/a	n/a	trigger	0
3001.789	0.5	3001789	trained	32752	15	memtrain/o_195_1.jpg	photodiode	1
3002.74	0.5	3002740	trained	32763	4	memtrain/o_042_1.jpg	photodiode	1
3003.54	0.5	3003540	trained	32741	26	memtrain/o_376_1.jpg	photodiode	1
3004.291	0.5	3004291	catch	32671	n/a	catch_padded.jpg	photodiode	0
3004.79	0.0	3004790	response	6	n/a	n/a	trigger	0
3006.293	0.5	3006293	untrained	32699	68	memtrain/o_393_1.jpg	photodiode	1
3007.194	0.5	3007194	trained	32726	41	memtrain/o_663_2.jpg	photodiode	1
3008.044	0.5	3008044	trained	32739	28	memtrain/o_397_1.jpg	photodiode	1
3008.895	0.5	3008895	trained	32745	22	memtrain/o_321_1.jpg	photodiode	1
3009.637	0.0	3009637	response	6	n/a	n/a	trigger	0
3009.696	0.5	3009696	catch	32671	n/a	catch_padded.jpg	photodiode	0
3011.589	0.5	3011589	trained	32724	43	memtrain/so_043_2.jpg	photodiode	1
3012.339	0.5	3012339	untrained	32689	78	memtrain/o_599_1.jpg	photodiode	1
3013.19	0.5	3013190	trained	32732	35	memtrain/o_561_2.jpg	photodiode	1
3014.041	0.5	3014041	untrained	32683	84	memtrain/so_117_2.jpg	photodiode	1
3014.791	0.5	3014791	untrained	32680	87	memtrain/o_365_1.jpg	photodiode	1
3015.055	0.0	3015055	response	6	n/a	n/a	trigger	0
3015.742	0.5	3015742	catch	32671	n/a	catch_padded.jpg	photodiode	0
3016.467	0.0	3016467	response	6	n/a	n/a	trigger	0
3017.844	0.5	3017844	trained	32756	11	memtrain/o_117_2.jpg	photodiode	1
3018.745	0.5	3018745	trained	32731	36	memtrain/o_583_1.jpg	photodiode	1
3019.545	0.5	3019545	trained	32758	9	memtrain/o_101_2.jpg	photodiode	1
3020.396	0.5	3020396	untrained	32710	57	memtrain/o_171_1.jpg	photodiode	1
3021.247	0.5	3021247	catch	32671	n/a	catch_padded.jpg	photodiode	0
3021.722	0.0	3021722	response	6	n/a	n/a	trigger	0
3023.299	0.5	3023299	untrained	32685	82	memtrain/o_656_1.jpg	photodiode	1
3024.049	0.5	3024049	trained	32735	32	memtrain/o_485_2.jpg	photodiode	1
3024.95	0.5	3024950	untrained	32707	60	memtrain/o_228_2.jpg	photodiode	1
3025.751	0.5	3025751	trained	32762	5	memtrain/o_067_1.jpg	photodiode	1
3026.501	0.5	3026501	trained	32729	38	memtrain/o_603_1.jpg	photodiode	1
3027.252	0.5	3027252	catch	32671	n/a	catch_padded.jpg	photodiode	0
3027.938	0.0	3027938	response	6	n/a	n/a	trigger	0
3029.204	0.5	3029204	trained	32743	24	memtrain/o_357_1.jpg	photodiode	1
3030.004	0.5	3030004	untrained	32705	62	memtrain/o_304_1.jpg	photodiode	1
3030.805	0.5	3030805	trained	32744	23	memtrain/o_338_2.jpg	photodiode	1
3031.706	0.5	3031706	trained	32748	19	memtrain/o_284_2.jpg	photodiode	1
3032.657	0.5	3032657	trained	32730	37	memtrain/o_597_1.jpg	photodiode	1
3033.557	0.5	3033557	catch	32671	n/a	catch_padded.jpg	photodiode	0
3033.961	0.0	3033961	response	6	n/a	n/a	trigger	0
3035.459	0.5	3035459	untrained	32681	86	memtrain/o_288_1.jpg	photodiode	1
3036.31	0.5	3036310	trained	32738	29	memtrain/o_416_1.jpg	photodiode	1
3037.11	0.5	3037110	trained	32757	10	memtrain/o_111_2.jpg	photodiode	1
3037.961	0.5	3037961	untrained	32700	67	memtrain/o_378_1.jpg	photodiode	1
3038.762	0.5	3038762	catch	32671	n/a	catch_padded.jpg	photodiode	0
3039.16	0.0	3039160	response	6	n/a	n/a	trigger	0
3040.814	0.5	3040814	trained	32759	8	memtrain/o_094_1.jpg	photodiode	1
3041.606	0.5	3041606	untrained	32704	63	memtrain/o_310_2.jpg	photodiode	1
3042.357	0.5	3042357	trained	32746	21	memtrain/o_319_1.jpg	photodiode	1
3043.157	0.5	3043157	untrained	32687	80	memtrain/o_613_1.jpg	photodiode	1
3043.958	0.5	3043958	catch	32671	n/a	catch_padded.jpg	photodiode	0
3044.285	0.0	3044285	response	6	n/a	n/a	trigger	0
3045.86	0.5	3045860	trained	32750	17	memtrain/o_232_1.jpg	photodiode	1
3046.811	0.5	3046811	trained	32740	27	memtrain/o_379_2.jpg	photodiode	1
3047.611	0.5	3047611	untrained	32688	79	memtrain/o_600_1.jpg	photodiode	1
3048.362	0.5	3048362	catch	32671	n/a	catch_padded.jpg	photodiode	0
3048.599	0.0	3048599	response	5	n/a	n/a	trigger	0
3048.88	0.0	3048880	response	6	n/a	n/a	trigger	0
3050.263	0.5	3050263	trained	32747	20	memtrain/o_290_1.jpg	photodiode	1
3051.214	0.5	3051214	untrained	32702	65	memtrain/o_337_2.jpg	photodiode	1
3052.115	0.5	3052115	trained	32723	44	memtrain/so_045_1.jpg	photodiode	1
3052.916	0.5	3052916	catch	32671	n/a	catch_padded.jpg	photodiode	0
3053.348	0.0	3053348	response	6	n/a	n/a	trigger	0
3054.817	0.5	3054817	trained	32725	42	memtrain/so_034_2.jpg	photodiode	1
3055.618	0.5	3055618	untrained	32712	55	memtrain/o_153_2.jpg	photodiode	1
3056.519	0.5	3056519	trained	32722	45	memtrain/so_090_2.jpg	photodiode	1
3057.269	0.5	3057269	trained	32749	18	memtrain/o_264_2.jpg	photodiode	1
3058.02	0.5	3058020	untrained	32706	61	memtrain/o_298_2.jpg	photodiode	1
3058.343	0.0	3058343	response	6	n/a	n/a	trigger	0
3058.971	0.5	3058971	catch	32671	n/a	catch_padded.jpg	photodiode	0
3059.087	0.0	3059087	response	6	n/a	n/a	trigger	0
3060.872	0.5	3060872	trained	32766	1	memtrain/o_015_1.jpg	photodiode	1
3061.673	0.5	3061673	untrained	32691	76	memtrain/o_570_1.jpg	photodiode	1
3062.524	0.5	3062524	untrained	32674	93	memtrain/so_035_1.jpg	photodiode	1
3063.475	0.5	3063475	catch	32671	n/a	catch_padded.jpg	photodiode	0
3064.053	0.0	3064053	response	6	n/a	n/a	trigger	0
3065.526	0.5	3065526	untrained	32698	69	memtrain/o_464_2.jpg	photodiode	1
3066.377	0.5	3066377	untrained	32676	91	memtrain/o_605_1.jpg	photodiode	1
3067.228	0.5	3067228	trained	32764	3	memtrain/o_040_2.jpg	photodiode	1
3067.978	0.5	3067978	catch	32671	n/a	catch_padded.jpg	photodiode	0
3068.445	0.0	3068445	response	6	n/a	n/a	trigger	0
3069.972	0.5	3069972	trained	32742	25	memtrain/o_358_2.jpg	photodiode	1
3070.872	0.5	3070872	trained	32736	31	memtrain/o_465_2.jpg	photodiode	1
3071.823	0.5	3071823	untrained	32713	54	memtrain/o_145_1.jpg	photodiode	1
3072.624	0.5	3072624	trained	32751	16	memtrain/o_199_2.jpg	photodiode	1
3073.374	0.5	3073374	trained	32754	13	memtrain/o_136_1.jpg	photodiode	1
3074.275	0.5	3074275	catch	32671	n/a	catch_padded.jpg	photodiode	0
3074.738	0.0	3074738	response	6	n/a	n/a	trigger	0
3076.327	0.5	3076327	untrained	32717	50	memtrain/o_057_2.jpg	photodiode	1
3077.078	0.5	3077078	trained	32761	6	memtrain/o_076_1.jpg	photodiode	1
3077.878	0.5	3077878	untrained	32716	51	memtrain/o_103_2.jpg	photodiode	1
3078.779	0.5	3078779	catch	32671	n/a	catch_padded.jpg	photodiode	0
3079.234	0.0	3079234	response	6	n/a	n/a	trigger	0
3080.781	0.5	3080781	trained	32755	12	memtrain/o_127_2.jpg	photodiode	1
3081.531	0.5	3081531	untrained	32709	58	memtrain/o_192_1.jpg	photodiode	1
3082.432	0.5	3082432	trained	32765	2	memtrain/o_035_1.jpg	photodiode	1
3083.383	0.5	3083383	catch	32671	n/a	catch_padded.jpg	photodiode	0
3083.828	0.0	3083828	response	6	n/a	n/a	trigger	0
3085.385	0.5	3085385	untrained	32673	94	memtrain/so_067_1.jpg	photodiode	1
3086.335	0.5	3086335	untrained	32693	74	memtrain/o_550_1.jpg	photodiode	1
3087.236	0.5	3087236	untrained	32697	70	memtrain/o_471_2.jpg	photodiode	1
3088.037	0.5	3088037	catch	32671	n/a	catch_padded.jpg	photodiode	0
3088.42	0.0	3088420	response	6	n/a	n/a	trigger	0
3094.51	0.0	3094510	block_end	120	n/a	n/a	trigger	0
3184.812	0.0	3184812	response	5	n/a	n/a	trigger	0
3184.82	0.0	3184820	block_onset	111	n/a	n/a	trigger	0
3186.879	0.5	3186879	trained	32749	18	memtrain/o_264_2.jpg	photodiode	1
3187.78	0.5	3187780	trained	32725	42	memtrain/so_034_2.jpg	photodiode	1
3188.631	0.5	3188631	trained	32726	41	memtrain/o_663_2.jpg	photodiode	1
3189.582	0.5	3189582	untrained	32690	77	memtrain/o_574_2.jpg	photodiode	1
3190.482	0.5	3190482	trained	32723	44	memtrain/so_045_1.jpg	photodiode	1
3191.375	0.5	3191375	catch	32671	n/a	catch_padded.jpg	photodiode	0
3193.376	0.5	3193376	trained	32722	45	memtrain/so_090_2.jpg	photodiode	1
3194.227	0.5	3194227	untrained	32688	79	memtrain/o_600_1.jpg	photodiode	1
3194.978	0.5	3194978	trained	32765	2	memtrain/o_035_1.jpg	photodiode	1
3195.728	0.5	3195728	catch	32671	n/a	catch_padded.jpg	photodiode	0
3196.786	0.0	3196786	response	6	n/a	n/a	trigger	0
3197.68	0.5	3197680	trained	32745	22	memtrain/o_321_1.jpg	photodiode	1
3198.581	0.5	3198581	untrained	32699	68	memtrain/o_393_1.jpg	photodiode	1
3199.531	0.5	3199531	trained	32767	0	memtrain/o_006_1.jpg	photodiode	1
3200.432	0.5	3200432	trained	32762	5	memtrain/o_067_1.jpg	photodiode	1
3201.383	0.5	3201383	catch	32671	n/a	catch_padded.jpg	photodiode	0
3201.8	0.0	3201800	response	6	n/a	n/a	trigger	0
3203.435	0.5	3203435	trained	32733	34	memtrain/o_558_2.jpg	photodiode	1
3204.185	0.5	3204185	trained	32757	10	memtrain/o_111_2.jpg	photodiode	1
3205.036	0.5	3205036	trained	32731	36	memtrain/o_583_1.jpg	photodiode	1
3205.937	0.5	3205937	catch	32671	n/a	catch_padded.jpg	photodiode	0
3206.295	0.0	3206295	response	6	n/a	n/a	trigger	0
3207.989	0.5	3207989	untrained	32691	76	memtrain/o_570_1.jpg	photodiode	1
3208.839	0.5	3208839	untrained	32709	58	memtrain/o_192_1.jpg	photodiode	1
3209.69	0.5	3209690	untrained	32693	74	memtrain/o_550_1.jpg	photodiode	1
3210.441	0.5	3210441	untrained	32678	89	memtrain/o_469_1.jpg	photodiode	1
3211.291	0.5	3211291	catch	32671	n/a	catch_padded.jpg	photodiode	0
3211.626	0.0	3211626	response	6	n/a	n/a	trigger	0
3213.243	0.5	3213243	untrained	32701	66	memtrain/o_342_2.jpg	photodiode	1
3214.144	0.5	3214144	untrained	32685	82	memtrain/o_656_1.jpg	photodiode	1
3215.045	0.5	3215045	untrained	32674	93	memtrain/so_035_1.jpg	photodiode	1
3215.845	0.5	3215845	catch	32671	n/a	catch_padded.jpg	photodiode	0
3216.296	0.0	3216296	response	6	n/a	n/a	trigger	0
3217.797	0.5	3217797	untrained	32705	62	memtrain/o_304_1.jpg	photodiode	1
3218.698	0.5	3218698	trained	32739	28	memtrain/o_397_1.jpg	photodiode	1
3219.498	0.5	3219498	untrained	32716	51	memtrain/o_103_2.jpg	photodiode	1
3220.341	0.5	3220341	catch	32671	n/a	catch_padded.jpg	photodiode	0
3220.728	0.0	3220728	response	6	n/a	n/a	trigger	0
3222.443	0.5	3222443	trained	32748	19	memtrain/o_284_2.jpg	photodiode	1
3223.344	0.5	3223344	untrained	32696	71	memtrain/o_483_1.jpg	photodiode	1
3224.144	0.5	3224144	trained	32742	25	memtrain/o_358_2.jpg	photodiode	1
3224.995	0.5	3224995	catch	32671	n/a	catch_padded.jpg	photodiode	0
3225.373	0.0	3225373	response	6	n/a	n/a	trigger	0
3226.997	0.5	3226997	trained	32730	37	memtrain/o_597_1.jpg	photodiode	1
3227.847	0.5	3227847	untrained	32684	83	memtrain/so_105_1.jpg	photodiode	1
3228.648	0.5	3228648	trained	32729	38	memtrain/o_603_1.jpg	photodiode	1
3229.449	0.5	3229449	untrained	32706	61	memtrain/o_298_2.jpg	photodiode	1
3230.199	0.5	3230199	catch	32671	n/a	catch_padded.jpg	photodiode	0
3230.596	0.0	3230596	response	6	n/a	n/a	trigger	0
3232.151	0.5	3232151	trained	32720	47	memtrain/so_147_2.jpg	photodiode	1
3232.902	0.5	3232902	trained	32744	23	memtrain/o_338_2.jpg	photodiode	1
3233.752	0.5	3233752	trained	32724	43	memtrain/so_043_2.jpg	photodiode	1
3234.653	0.5	3234653	catch	32671	n/a	catch_padded.jpg	photodiode	0
3234.992	0.0	3234992	response	6	n/a	n/a	trigger	0
3236.755	0.5	3236755	trained	32727	40	memtrain/o_648_2.jpg	photodiode	1
3237.706	0.5	3237706	untrained	32687	80	memtrain/o_613_1.jpg	photodiode	1
3238.657	0.5	3238657	trained	32740	27	memtrain/o_379_2.jpg	photodiode	1
3239.407	0.5	3239407	trained	32755	12	memtrain/o_127_2.jpg	photodiode	1
3240.358	0.5	3240358	catch	32671	n/a	catch_padded.jpg	photodiode	0
3240.867	0.0	3240867	response	6	n/a	n/a	trigger	0
3242.26	0.5	3242260	untrained	32719	48	memtrain/o_019_2.jpg	photodiode	1
3243.01	0.5	3243010	trained	32721	46	memtrain/so_113_1.jpg	photodiode	1
3243.911	0.5	3243911	untrained	32698	69	memtrain/o_464_2.jpg	photodiode	1
3244.662	0.5	3244662	untrained	32697	70	memtrain/o_471_2.jpg	photodiode	1
3245.612	0.5	3245612	trained	32746	21	memtrain/o_319_1.jpg	photodiode	1
3246.413	0.5	3246413	catch	32671	n/a	catch_padded.jpg	photodiode	0
3246.797	0.0	3246797	response	6	n/a	n/a	trigger	0
3248.415	0.5	3248415	untrained	32680	87	memtrain/o_365_1.jpg	photodiode	1
3249.257	0.5	3249257	trained	32751	16	memtrain/o_199_2.jpg	photodiode	1
3250.208	0.5	3250208	trained	32761	6	memtrain/o_076_1.jpg	photodiode	1
3251.067	0.5	3251067	trained	32750	17	memtrain/o_232_1.jpg	photodiode	1
3252.018	0.5	3252018	catch	32671	n/a	catch_padded.jpg	photodiode	0
3252.482	0.0	3252482	response	6	n/a	n/a	trigger	0
3254.011	0.5	3254011	untrained	32708	59	memtrain/o_201_2.jpg	photodiode	1
3254.862	0.5	3254862	untrained	32710	57	memtrain/o_171_1.jpg	photodiode	1
3255.712	0.5	3255712	trained	32760	7	memtrain/o_091_2.jpg	photodiode	1
3256.663	0.5	3256663	catch	32671	n/a	catch_padded.jpg	photodiode	0
3257.097	0.0	3257097	response	6	n/a	n/a	trigger	0
3258.715	0.5	3258715	trained	32743	24	memtrain/o_357_1.jpg	photodiode	1
3259.616	0.5	3259616	untrained	32712	55	memtrain/o_153_2.jpg	photodiode	1
3260.567	0.5	3260567	trained	32758	9	memtrain/o_101_2.jpg	photodiode	1
3261.367	0.5	3261367	untrained	32676	91	memtrain/o_605_1.jpg	photodiode	1
3262.268	0.5	3262268	untrained	32715	52	memtrain/o_141_1.jpg	photodiode	1
3263.219	0.5	3263219	catch	32671	n/a	catch_padded.jpg	photodiode	0
3263.488	0.0	3263488	response	6	n/a	n/a	trigger	0
3265.321	0.5	3265321	untrained	32714	53	memtrain/o_142_2.jpg	photodiode	1
3266.071	0.5	3266071	trained	32759	8	memtrain/o_094_1.jpg	photodiode	1
3267.022	0.5	3267022	trained	32756	11	memtrain/o_117_2.jpg	photodiode	1
3267.823	0.5	3267823	catch	32671	n/a	catch_padded.jpg	photodiode	0
3268.505	0.0	3268505	response	6	n/a	n/a	trigger	0
3269.774	0.5	3269774	untrained	32713	54	memtrain/o_145_1.jpg	photodiode	1
3270.575	0.5	3270575	untrained	32689	78	memtrain/o_599_1.jpg	photodiode	1
3271.426	0.5	3271426	trained	32741	26	memtrain/o_376_1.jpg	photodiode	1
3272.276	0.5	3272276	trained	32732	35	memtrain/o_561_2.jpg	photodiode	1
3273.177	0.5	3273177	trained	32752	15	memtrain/o_195_1.jpg	photodiode	1
3274.078	0.5	3274078	catch	32671	n/a	catch_padded.jpg	photodiode	0
3274.487	0.0	3274487	response	6	n/a	n/a	trigger	0
3276.03	0.5	3276030	trained	32734	33	memtrain/o_536_1.jpg	photodiode	1
3276.98	0.5	3276980	trained	32738	29	memtrain/o_416_1.jpg	photodiode	1
3277.731	0.5	3277731	untrained	32700	67	memtrain/o_378_1.jpg	photodiode	1
3278.524	0.5	3278524	untrained	32675	92	memtrain/so_033_1.jpg	photodiode	1
3279.332	0.5	3279332	catch	32671	n/a	catch_padded.jpg	photodiode	0
3279.721	0.0	3279721	response	6	n/a	n/a	trigger	0
3281.284	0.5	3281284	untrained	32707	60	memtrain/o_228_2.jpg	photodiode	1
3282.235	0.5	3282235	untrained	32702	65	memtrain/o_337_2.jpg	photodiode	1
3282.977	0.5	3282977	trained	32764	3	memtrain/o_040_2.jpg	photodiode	1
3283.778	0.5	3283778	catch	32671	n/a	catch_padded.jpg	photodiode	0
3285.73	0.5	3285730	untrained	32681	86	memtrain/o_288_1.jpg	photodiode	1
3286.681	0.5	3286681	untrained	32718	49	memtrain/o_054_2.jpg	photodiode	1
3287.431	0.5	3287431	untrained	32682	85	memtrain/o_218_1.jpg	photodiode	1
3288.382	0.5	3288382	trained	32728	39	memtrain/o_606_1.jpg	photodiode	1
3289.133	0.5	3289133	catch	32671	n/a	catch_padded.jpg	photodiode	0
3289.527	0.0	3289527	response	6	n/a	n/a	trigger	0
3291.034	0.5	3291034	untrained	32711	56	memtrain/o_163_2.jpg	photodiode	1
3291.835	0.5	3291835	trained	32754	13	memtrain/o_136_1.jpg	photodiode	1
3292.636	0.5	3292636	untrained	32704	63	memtrain/o_310_2.jpg	photodiode	1
3293.586	0.5	3293586	untrained	32695	72	memtrain/o_490_1.jpg	photodiode	1
3294.437	0.5	3294437	trained	32763	4	memtrain/o_042_1.jpg	photodiode	1
3295.238	0.5	3295238	catch	32671	n/a	catch_padded.jpg	photodiode	0
3295.894	0.0	3295894	response	6	n/a	n/a	trigger	0
3297.19	0.5	3297190	untrained	32683	84	memtrain/so_117_2.jpg	photodiode	1
3298.09	0.5	3298090	untrained	32677	90	memtrain/o_580_1.jpg	photodiode	1
3298.841	0.5	3298841	trained	32737	30	memtrain/o_437_2.jpg	photodiode	1
3299.642	0.5	3299642	trained	32735	32	memtrain/o_485_2.jpg	photodiode	1
3300.492	0.5	3300492	catch	32671	n/a	catch_padded.jpg	photodiode	0
3300.918	0.0	3300918	response	6	n/a	n/a	trigger	0
3302.544	0.5	3302544	trained	32736	31	memtrain/o_465_2.jpg	photodiode	1
3303.295	0.5	3303295	untrained	32717	50	memtrain/o_057_2.jpg	photodiode	1
3304.145	0.5	3304145	untrained	32686	81	memtrain/o_655_2.jpg	photodiode	1
3304.896	0.5	3304896	untrained	32694	73	memtrain/o_519_2.jpg	photodiode	1
3305.797	0.5	3305797	untrained	32673	94	memtrain/so_067_1.jpg	photodiode	1
3306.547	0.5	3306547	catch	32671	n/a	catch_padded.jpg	photodiode	0
3306.931	0.0	3306931	response	6	n/a	n/a	trigger	0
3308.499	0.5	3308499	trained	32753	14	memtrain/o_174_1.jpg	photodiode	1
3309.45	0.5	3309450	trained	32766	1	memtrain/o_015_1.jpg	photodiode	1
3310.292	0.5	3310292	untrained	32692	75	memtrain/o_564_1.jpg	photodiode	1
3311.193	0.5	3311193	untrained	32703	64	memtrain/o_334_2.jpg	photodiode	1
3311.943	0.5	3311943	untrained	32672	95	memtrain/so_125_1.jpg	photodiode	1
3312.844	0.5	3312844	catch	32671	n/a	catch_padded.jpg	photodiode	0
3313.256	0.0	3313256	response	6	n/a	n/a	trigger	0
3314.796	0.5	3314796	untrained	32679	88	memtrain/o_458_1.jpg	photodiode	1
3315.597	0.5	3315597	trained	32747	20	memtrain/o_290_1.jpg	photodiode	1
3316.547	0.5	3316547	untrained	32687	80	memtrain/o_613_1.jpg	photodiode	1
3317.348	0.5	3317348	trained	32730	37	memtrain/o_597_1.jpg	photodiode	1
3318.149	0.5	3318149	catch	32671	n/a	catch_padded.jpg	photodiode	0
3318.752	0.0	3318752	response	6	n/a	n/a	trigger	0
3320.15	0.5	3320150	trained	32733	34	memtrain/o_558_2.jpg	photodiode	1
3321.001	0.5	3321001	untrained	32674	93	memtrain/so_035_1.jpg	photodiode	1
3321.902	0.5	3321902	trained	32758	9	memtrain/o_101_2.jpg	photodiode	1
3322.803	0.5	3322803	untrained	32705	62	memtrain/o_304_1.jpg	photodiode	1
3323.553	0.5	3323553	trained	32744	23	memtrain/o_338_2.jpg	photodiode	1
3324.354	0.5	3324354	catch	32671	n/a	catch_padded.jpg	photodiode	0
3324.774	0.0	3324774	response	6	n/a	n/a	trigger	0
3326.456	0.5	3326456	untrained	32710	57	memtrain/o_171_1.jpg	photodiode	1
3327.256	0.5	3327256	trained	32753	14	memtrain/o_174_1.jpg	photodiode	1
3328.057	0.5	3328057	untrained	32691	76	memtrain/o_570_1.jpg	photodiode	1
3329.008	0.5	3329008	trained	32734	33	memtrain/o_536_1.jpg	photodiode	1
3329.759	0.5	3329759	trained	32747	20	memtrain/o_290_1.jpg	photodiode	1
3330.659	0.5	3330659	catch	32671	n/a	catch_padded.jpg	photodiode	0
3330.947	0.0	3330947	response	6	n/a	n/a	trigger	0
3332.711	0.5	3332711	untrained	32713	54	memtrain/o_145_1.jpg	photodiode	1
3333.512	0.5	3333512	trained	32728	39	memtrain/o_606_1.jpg	photodiode	1
3334.362	0.5	3334362	trained	32726	41	memtrain/o_663_2.jpg	photodiode	1
3335.113	0.5	3335113	trained	32746	21	memtrain/o_319_1.jpg	photodiode	1
3335.964	0.5	3335964	trained	32763	4	memtrain/o_042_1.jpg	photodiode	1
3336.714	0.5	3336714	catch	32671	n/a	catch_padded.jpg	photodiode	0
3337.082	0.0	3337082	response	6	n/a	n/a	trigger	0
3338.766	0.5	3338766	trained	32740	27	memtrain/o_379_2.jpg	photodiode	1
3339.559	0.5	3339559	trained	32750	17	memtrain/o_232_1.jpg	photodiode	1
3340.318	0.5	3340318	untrained	32706	61	memtrain/o_298_2.jpg	photodiode	1
3341.16	0.5	3341160	untrained	32704	63	memtrain/o_310_2.jpg	photodiode	1
3341.911	0.5	3341911	trained	32727	40	memtrain/o_648_2.jpg	photodiode	1
3342.761	0.5	3342761	catch	32671	n/a	catch_padded.jpg	photodiode	0
3343.143	0.0	3343143	response	6	n/a	n/a	trigger	0
3344.663	0.5	3344663	trained	32739	28	memtrain/o_397_1.jpg	photodiode	1
3345.514	0.5	3345514	untrained	32701	66	memtrain/o_342_2.jpg	photodiode	1
3346.365	0.5	3346365	trained	32731	36	memtrain/o_583_1.jpg	photodiode	1
3347.115	0.5	3347115	trained	32759	8	memtrain/o_094_1.jpg	photodiode	1
3347.916	0.5	3347916	trained	32741	26	memtrain/o_376_1.jpg	photodiode	1
3348.767	0.5	3348767	catch	32671	n/a	catch_padded.jpg	photodiode	0
3349.094	0.0	3349094	response	6	n/a	n/a	trigger	0
3350.818	0.5	3350818	trained	32735	32	memtrain/o_485_2.jpg	photodiode	1
3351.569	0.5	3351569	untrained	32681	86	memtrain/o_288_1.jpg	photodiode	1
3352.32	0.5	3352320	untrained	32688	79	memtrain/o_600_1.jpg	photodiode	1
3353.07	0.5	3353070	catch	32671	n/a	catch_padded.jpg	photodiode	0
3353.742	0.0	3353742	response	6	n/a	n/a	trigger	0
3355.022	0.5	3355022	trained	32748	19	memtrain/o_284_2.jpg	photodiode	1
3355.923	0.5	3355923	trained	32729	38	memtrain/o_603_1.jpg	photodiode	1
3356.873	0.5	3356873	untrained	32677	90	memtrain/o_580_1.jpg	photodiode	1
3357.724	0.5	3357724	trained	32757	10	memtrain/o_111_2.jpg	photodiode	1
3358.341	0.0	3358341	response	6	n/a	n/a	trigger	0
3358.575	0.5	3358575	untrained	32716	51	memtrain/o_103_2.jpg	photodiode	1
3359.426	0.5	3359426	catch	32671	n/a	catch_padded.jpg	photodiode	0
3359.708	0.0	3359708	response	6	n/a	n/a	trigger	0
3361.377	0.5	3361377	untrained	32719	48	memtrain/o_019_2.jpg	photodiode	1
3362.178	0.5	3362178	untrained	32673	94	memtrain/so_067_1.jpg	photodiode	1
3362.979	0.5	3362979	untrained	32679	88	memtrain/o_458_1.jpg	photodiode	1
3363.929	0.5	3363929	catch	32671	n/a	catch_padded.jpg	photodiode	0
3364.542	0.0	3364542	response	6	n/a	n/a	trigger	0
3365.981	0.5	3365981	untrained	32682	85	memtrain/o_218_1.jpg	photodiode	1
3366.732	0.5	3366732	untrained	32711	56	memtrain/o_163_2.jpg	photodiode	1
3367.482	0.5	3367482	trained	32725	42	memtrain/so_034_2.jpg	photodiode	1
3368.283	0.5	3368283	untrained	32676	91	memtrain/o_605_1.jpg	photodiode	1
3369.025	0.5	3369025	catch	32671	n/a	catch_padded.jpg	photodiode	0
3369.591	0.0	3369591	response	6	n/a	n/a	trigger	0
3371.027	0.5	3371027	trained	32745	22	memtrain/o_321_1.jpg	photodiode	1
3371.928	0.5	3371928	trained	32755	12	memtrain/o_127_2.jpg	photodiode	1
3372.878	0.5	3372878	untrained	32700	67	memtrain/o_378_1.jpg	photodiode	1
3373.779	0.5	3373779	catch	32671	n/a	catch_padded.jpg	photodiode	0
3374.326	0.0	3374326	response	6	n/a	n/a	trigger	0
3375.831	0.5	3375831	trained	32761	6	memtrain/o_076_1.jpg	photodiode	1
3376.682	0.5	3376682	untrained	32712	55	memtrain/o_153_2.jpg	photodiode	1
3377.582	0.5	3377582	untrained	32678	89	memtrain/o_469_1.jpg	photodiode	1
3378.333	0.5	3378333	catch	32671	n/a	catch_padded.jpg	photodiode	0
3378.958	0.0	3378958	response	6	n/a	n/a	trigger	0
3380.335	0.5	3380335	untrained	32715	52	memtrain/o_141_1.jpg	photodiode	1
3381.135	0.5	3381135	untrained	32693	74	memtrain/o_550_1.jpg	photodiode	1
3381.986	0.5	3381986	untrained	32689	78	memtrain/o_599_1.jpg	photodiode	1
3382.937	0.5	3382937	untrained	32695	72	memtrain/o_490_1.jpg	photodiode	1
3383.888	0.5	3383888	catch	32671	n/a	catch_padded.jpg	photodiode	0
3384.165	0.0	3384165	response	6	n/a	n/a	trigger	0
3385.89	0.5	3385890	trained	32721	46	memtrain/so_113_1.jpg	photodiode	1
3386.79	0.5	3386790	trained	32732	35	memtrain/o_561_2.jpg	photodiode	1
3387.691	0.5	3387691	untrained	32708	59	memtrain/o_201_2.jpg	photodiode	1
3388.542	0.5	3388542	catch	32671	n/a	catch_padded.jpg	photodiode	0
3389.015	0.0	3389015	response	6	n/a	n/a	trigger	0
3390.644	0.5	3390644	untrained	32714	53	memtrain/o_142_2.jpg	photodiode	1
3391.394	0.5	3391394	untrained	32683	84	memtrain/so_117_2.jpg	photodiode	1
3392.345	0.5	3392345	trained	32760	7	memtrain/o_091_2.jpg	photodiode	1
3393.296	0.5	3393296	untrained	32680	87	memtrain/o_365_1.jpg	photodiode	1
3394.197	0.5	3394197	catch	32671	n/a	catch_padded.jpg	photodiode	0
3394.504	0.0	3394504	response	6	n/a	n/a	trigger	0
3396.298	0.5	3396298	untrained	32690	77	memtrain/o_574_2.jpg	photodiode	1
3397.199	0.5	3397199	trained	32736	31	memtrain/o_465_2.jpg	photodiode	1
3398.092	0.5	3398092	trained	32762	5	memtrain/o_067_1.jpg	photodiode	1
3399.043	0.5	3399043	untrained	32718	49	memtrain/o_054_2.jpg	photodiode	1
3399.993	0.5	3399993	catch	32671	n/a	catch_padded.jpg	photodiode	0
3400.315	0.0	3400315	response	6	n/a	n/a	trigger	0
3401.945	0.5	3401945	untrained	32694	73	memtrain/o_519_2.jpg	photodiode	1
3402.796	0.5	3402796	untrained	32709	58	memtrain/o_192_1.jpg	photodiode	1
3403.546	0.5	3403546	untrained	32703	64	memtrain/o_334_2.jpg	photodiode	1
3404.305	0.5	3404305	trained	32742	25	memtrain/o_358_2.jpg	photodiode	1
3405.198	0.5	3405198	catch	32671	n/a	catch_padded.jpg	photodiode	0
3405.478	0.0	3405478	response	6	n/a	n/a	trigger	0
3407.3	0.5	3407300	trained	32724	43	memtrain/so_043_2.jpg	photodiode	1
3408.1	0.5	3408100	untrained	32707	60	memtrain/o_228_2.jpg	photodiode	1
3409.051	0.5	3409051	trained	32749	18	memtrain/o_264_2.jpg	photodiode	1
3409.952	0.5	3409952	catch	32671	n/a	catch_padded.jpg	photodiode	0
3410.89	0.0	3410890	response	6	n/a	n/a	trigger	0
3411.853	0.5	3411853	trained	32766	1	memtrain/o_015_1.jpg	photodiode	1
3412.754	0.5	3412754	trained	32754	13	memtrain/o_136_1.jpg	photodiode	1
3413.505	0.5	3413505	untrained	32684	83	memtrain/so_105_1.jpg	photodiode	1
3414.255	0.5	3414255	trained	32751	16	memtrain/o_199_2.jpg	photodiode	1
3415.206	0.5	3415206	catch	32671	n/a	catch_padded.jpg	photodiode	0
3415.655	0.0	3415655	response	6	n/a	n/a	trigger	0
3417.308	0.5	3417308	untrained	32675	92	memtrain/so_033_1.jpg	photodiode	1
3418.209	0.5	3418209	untrained	32699	68	memtrain/o_393_1.jpg	photodiode	1
3419.06	0.5	3419060	trained	32722	45	memtrain/so_090_2.jpg	photodiode	1
3420.01	0.5	3420010	untrained	32696	71	memtrain/o_483_1.jpg	photodiode	1
3420.911	0.5	3420911	untrained	32686	81	memtrain/o_655_2.jpg	photodiode	1
3421.662	0.5	3421662	catch	32671	n/a	catch_padded.jpg	photodiode	0
3422.007	0.0	3422007	response	6	n/a	n/a	trigger	0
3423.563	0.5	3423563	untrained	32685	82	memtrain/o_656_1.jpg	photodiode	1
3424.414	0.5	3424414	untrained	32702	65	memtrain/o_337_2.jpg	photodiode	1
3425.365	0.5	3425365	untrained	32717	50	memtrain/o_057_2.jpg	photodiode	1
3426.166	0.5	3426166	trained	32737	30	memtrain/o_437_2.jpg	photodiode	1
3427.058	0.5	3427058	catch	32671	n/a	catch_padded.jpg	photodiode	0
3427.489	0.0	3427489	response	6	n/a	n/a	trigger	0
3428.959	0.5	3428959	trained	32756	11	memtrain/o_117_2.jpg	photodiode	1
3429.91	0.5	3429910	trained	32764	3	memtrain/o_040_2.jpg	photodiode	1
3430.669	0.5	3430669	trained	32767	0	memtrain/o_006_1.jpg	photodiode	1
3431.612	0.5	3431612	catch	32671	n/a	catch_padded.jpg	photodiode	0
3432.16	0.0	3432160	response	6	n/a	n/a	trigger	0
3433.513	0.5	3433513	untrained	32697	70	memtrain/o_471_2.jpg	photodiode	1
3434.314	0.5	3434314	untrained	32698	69	memtrain/o_464_2.jpg	photodiode	1
3435.165	0.5	3435165	trained	32738	29	memtrain/o_416_1.jpg	photodiode	1
3436.015	0.5	3436015	trained	32765	2	memtrain/o_035_1.jpg	photodiode	1
3436.766	0.5	3436766	trained	32752	15	memtrain/o_195_1.jpg	photodiode	1
3437.667	0.5	3437667	catch	32671	n/a	catch_padded.jpg	photodiode	0
3438.007	0.0	3438007	response	6	n/a	n/a	trigger	0
3439.618	0.5	3439618	trained	32723	44	memtrain/so_045_1.jpg	photodiode	1
3440.569	0.5	3440569	untrained	32692	75	memtrain/o_564_1.jpg	photodiode	1
3441.52	0.5	3441520	untrained	32672	95	memtrain/so_125_1.jpg	photodiode	1
3442.471	0.5	3442471	trained	32720	47	memtrain/so_147_2.jpg	photodiode	1
3443.272	0.5	3443272	trained	32743	24	memtrain/o_357_1.jpg	photodiode	1
3444.222	0.5	3444222	catch	32671	n/a	catch_padded.jpg	photodiode	0
3444.485	0.0	3444485	response	6	n/a	n/a	trigger	0
3450.695	0.0	3450695	block_end	120	n/a	n/a	trigger	0
3451.168	0.0	3451168	response	5	n/a	n/a	trigger	0
3471.342	0.0	3471342	response	5	n/a	n/a	trigger	0
3471.346	0.0	3471346	block_onset	112	n/a	n/a	trigger	0
3473.406	0.5	3473406	untrained	32672	95	memtrain/so_125_1.jpg	photodiode	1
3474.206	0.5	3474206	untrained	32708	59	memtrain/o_201_2.jpg	photodiode	1
3475.057	0.5	3475057	untrained	32675	92	memtrain/so_033_1.jpg	photodiode	1
3475.799	0.5	3475799	untrained	32702	65	memtrain/o_337_2.jpg	photodiode	1
3476.6	0.5	3476600	untrained	32693	74	memtrain/o_550_1.jpg	photodiode	1
3477.4	0.5	3477400	catch	32671	n/a	catch_padded.jpg	photodiode	0
3479.302	0.5	3479302	trained	32737	30	memtrain/o_437_2.jpg	photodiode	1
3480.103	0.5	3480103	untrained	32707	60	memtrain/o_228_2.jpg	photodiode	1
3480.853	0.5	3480853	trained	32748	19	memtrain/o_284_2.jpg	photodiode	1
3481.604	0.5	3481604	trained	32749	18	memtrain/o_264_2.jpg	photodiode	1
3482.505	0.5	3482505	catch	32671	n/a	catch_padded.jpg	photodiode	0
3482.931	0.0	3482931	response	6	n/a	n/a	trigger	0
3484.406	0.5	3484406	untrained	32673	94	memtrain/so_067_1.jpg	photodiode	1
3485.157	0.5	3485157	trained	32739	28	memtrain/o_397_1.jpg	photodiode	1
3485.958	0.5	3485958	untrained	32698	69	memtrain/o_464_2.jpg	photodiode	1
3486.758	0.5	3486758	untrained	32697	70	memtrain/o_471_2.jpg	photodiode	1
3487.659	0.5	3487659	untrained	32703	64	memtrain/o_334_2.jpg	photodiode	1
3488.51	0.5	3488510	catch	32671	n/a	catch_padded.jpg	photodiode	0
3488.924	0.0	3488924	response	6	n/a	n/a	trigger	0
3490.62	0.5	3490620	trained	32757	10	memtrain/o_111_2.jpg	photodiode	1
3491.512	0.5	3491512	trained	32721	46	memtrain/so_113_1.jpg	photodiode	1
3492.463	0.5	3492463	untrained	32692	75	memtrain/o_564_1.jpg	photodiode	1
3493.264	0.5	3493264	catch	32671	n/a	catch_padded.jpg	photodiode	0
3493.708	0.0	3493708	response	6	n/a	n/a	trigger	0
3495.316	0.5	3495316	trained	32753	14	memtrain/o_174_1.jpg	photodiode	1
3496.266	0.5	3496266	trained	32750	17	memtrain/o_232_1.jpg	photodiode	1
3497.217	0.5	3497217	trained	32735	32	memtrain/o_485_2.jpg	photodiode	1
3498.018	0.5	3498018	catch	32671	n/a	catch_padded.jpg	photodiode	0
3498.53	0.0	3498530	response	6	n/a	n/a	trigger	0
3499.97	0.5	3499970	untrained	32691	76	memtrain/o_570_1.jpg	photodiode	1
3500.87	0.5	3500870	untrained	32699	68	memtrain/o_393_1.jpg	photodiode	1
3501.671	0.5	3501671	untrained	32684	83	memtrain/so_105_1.jpg	photodiode	1
3502.411	0.0	3502411	response	5	n/a	n/a	trigger	0
3502.472	0.5	3502472	trained	32762	5	memtrain/o_067_1.jpg	photodiode	1
3502.736	0.0	3502736	response	6	n/a	n/a	trigger	0
3503.423	0.5	3503423	catch	32671	n/a	catch_padded.jpg	photodiode	0
3504.137	0.0	3504137	response	6	n/a	n/a	trigger	0
3505.466	0.5	3505466	untrained	32686	81	memtrain/o_655_2.jpg	photodiode	1
3506.417	0.5	3506417	trained	32738	29	memtrain/o_416_1.jpg	photodiode	1
3507.368	0.5	3507368	trained	32720	47	memtrain/so_147_2.jpg	photodiode	1
3508.218	0.5	3508218	untrained	32690	77	memtrain/o_574_2.jpg	photodiode	1
3509.169	0.5	3509169	catch	32671	n/a	catch_padded.jpg	photodiode	0
3509.624	0.0	3509624	response	6	n/a	n/a	trigger	0
3511.221	0.5	3511221	untrained	32681	86	memtrain/o_288_1.jpg	photodiode	1
3512.072	0.5	3512072	untrained	32705	62	memtrain/o_304_1.jpg	photodiode	1
3512.881	0.5	3512881	trained	32724	43	memtrain/so_043_2.jpg	photodiode	1
3513.773	0.5	3513773	untrained	32677	90	memtrain/o_580_1.jpg	photodiode	1
3514.674	0.5	3514674	untrained	32685	82	memtrain/o_656_1.jpg	photodiode	1
3515.575	0.5	3515575	catch	32671	n/a	catch_padded.jpg	photodiode	0
3517.476	0.5	3517476	untrained	32718	49	memtrain/o_054_2.jpg	photodiode	1
3518.377	0.5	3518377	trained	32756	11	memtrain/o_117_2.jpg	photodiode	1
3519.228	0.5	3519228	untrained	32682	85	memtrain/o_218_1.jpg	photodiode	1
3520.079	0.5	3520079	trained	32733	34	memtrain/o_558_2.jpg	photodiode	1
3520.979	0.5	3520979	trained	32729	38	memtrain/o_603_1.jpg	photodiode	1
3521.93	0.5	3521930	catch	32671	n/a	catch_padded.jpg	photodiode	0
3522.326	0.0	3522326	response	6	n/a	n/a	trigger	0
3523.882	0.5	3523882	trained	32752	15	memtrain/o_195_1.jpg	photodiode	1
3524.783	0.5	3524783	trained	32730	37	memtrain/o_597_1.jpg	photodiode	1
3525.533	0.5	3525533	untrained	32694	73	memtrain/o_519_2.jpg	photodiode	1
3526.284	0.5	3526284	catch	32671	n/a	catch_padded.jpg	photodiode	0
3526.957	0.0	3526957	response	6	n/a	n/a	trigger	0
3528.336	0.5	3528336	trained	32765	2	memtrain/o_035_1.jpg	photodiode	1
3529.286	0.5	3529286	untrained	32676	91	memtrain/o_605_1.jpg	photodiode	1
3530.237	0.5	3530237	trained	32761	6	memtrain/o_076_1.jpg	photodiode	1
3531.038	0.5	3531038	catch	32671	n/a	catch_padded.jpg	photodiode	0
3532.989	0.5	3532989	trained	32754	13	memtrain/o_136_1.jpg	photodiode	1
3533.832	0.5	3533832	trained	32728	39	memtrain/o_606_1.jpg	photodiode	1
3534.632	0.5	3534632	trained	32731	36	memtrain/o_583_1.jpg	photodiode	1
3535.433	0.5	3535433	trained	32722	45	memtrain/so_090_2.jpg	photodiode	1
3536.334	0.5	3536334	untrained	32715	52	memtrain/o_141_1.jpg	photodiode	1
3536.604	0.0	3536604	response	6	n/a	n/a	trigger	0
3537.084	0.5	3537084	catch	32671	n/a	catch_padded.jpg	photodiode	0
3537.405	0.0	3537405	response	6	n/a	n/a	trigger	0
3539.086	0.5	3539086	untrained	32706	61	memtrain/o_298_2.jpg	photodiode	1
3540.037	0.5	3540037	trained	32766	1	memtrain/o_015_1.jpg	photodiode	1
3540.988	0.5	3540988	trained	32741	26	memtrain/o_376_1.jpg	photodiode	1
3541.938	0.5	3541938	trained	32747	20	memtrain/o_290_1.jpg	photodiode	1
3542.689	0.5	3542689	trained	32759	8	memtrain/o_094_1.jpg	photodiode	1
3543.64	0.5	3543640	catch	32671	n/a	catch_padded.jpg	photodiode	0
3543.924	0.0	3543924	response	6	n/a	n/a	trigger	0
3545.642	0.5	3545642	untrained	32701	66	memtrain/o_342_2.jpg	photodiode	1
3546.492	0.5	3546492	trained	32736	31	memtrain/o_465_2.jpg	photodiode	1
3547.243	0.5	3547243	trained	32743	24	memtrain/o_357_1.jpg	photodiode	1
3548.094	0.5	3548094	untrained	32719	48	memtrain/o_019_2.jpg	photodiode	1
3548.944	0.5	3548944	untrained	32709	58	memtrain/o_192_1.jpg	photodiode	1
3549.745	0.5	3549745	catch	32671	n/a	catch_padded.jpg	photodiode	0
3550.105	0.0	3550105	response	6	n/a	n/a	trigger	0
3551.847	0.5	3551847	trained	32727	40	memtrain/o_648_2.jpg	photodiode	1
3552.748	0.5	3552748	untrained	32680	87	memtrain/o_365_1.jpg	photodiode	1
3553.598	0.5	3553598	trained	32732	35	memtrain/o_561_2.jpg	photodiode	1
3554.499	0.5	3554499	catch	32671	n/a	catch_padded.jpg	photodiode	0
3554.941	0.0	3554941	response	6	n/a	n/a	trigger	0
3556.451	0.5	3556451	untrained	32711	56	memtrain/o_163_2.jpg	photodiode	1
3557.201	0.5	3557201	untrained	32712	55	memtrain/o_153_2.jpg	photodiode	1
3558.002	0.5	3558002	trained	32745	22	memtrain/o_321_1.jpg	photodiode	1
3558.853	0.5	3558853	untrained	32714	53	memtrain/o_142_2.jpg	photodiode	1
3559.654	0.5	3559654	catch	32671	n/a	catch_padded.jpg	photodiode	0
3559.939	0.0	3559939	response	6	n/a	n/a	trigger	0
3561.605	0.5	3561605	untrained	32688	79	memtrain/o_600_1.jpg	photodiode	1
3562.348	0.5	3562348	trained	32723	44	memtrain/so_045_1.jpg	photodiode	1
3563.307	0.5	3563307	trained	32725	42	memtrain/so_034_2.jpg	photodiode	1
3564.149	0.5	3564149	catch	32671	n/a	catch_padded.jpg	photodiode	0
3564.648	0.0	3564648	response	6	n/a	n/a	trigger	0
3566.101	0.5	3566101	trained	32740	27	memtrain/o_379_2.jpg	photodiode	1
3566.96	0.5	3566960	trained	32751	16	memtrain/o_199_2.jpg	photodiode	1
3567.802	0.5	3567802	untrained	32689	78	memtrain/o_599_1.jpg	photodiode	1
3568.603	0.5	3568603	catch	32671	n/a	catch_padded.jpg	photodiode	0
3569.114	0.0	3569114	response	6	n/a	n/a	trigger	0
3570.705	0.5	3570705	trained	32755	12	memtrain/o_127_2.jpg	photodiode	1
3571.556	0.5	3571556	trained	32726	41	memtrain/o_663_2.jpg	photodiode	1
3572.456	0.5	3572456	untrained	32679	88	memtrain/o_458_1.jpg	photodiode	1
3573.257	0.5	3573257	trained	32767	0	memtrain/o_006_1.jpg	photodiode	1
3574.208	0.5	3574208	trained	32763	4	memtrain/o_042_1.jpg	photodiode	1
3575.109	0.5	3575109	catch	32671	n/a	catch_padded.jpg	photodiode	0
3575.515	0.0	3575515	response	6	n/a	n/a	trigger	0
3577.21	0.5	3577210	untrained	32674	93	memtrain/so_035_1.jpg	photodiode	1
3578.111	0.5	3578111	untrained	32713	54	memtrain/o_145_1.jpg	photodiode	1
3579.012	0.5	3579012	untrained	32696	71	memtrain/o_483_1.jpg	photodiode	1
3579.813	0.5	3579813	catch	32671	n/a	catch_padded.jpg	photodiode	0
3581.714	0.5	3581714	untrained	32700	67	memtrain/o_378_1.jpg	photodiode	1
3582.665	0.5	3582665	untrained	32683	84	memtrain/so_117_2.jpg	photodiode	1
3583.566	0.5	3583566	untrained	32704	63	memtrain/o_310_2.jpg	photodiode	1
3584.039	0.0	3584039	response	5	n/a	n/a	trigger	0
3584.466	0.5	3584466	trained	32744	23	memtrain/o_338_2.jpg	photodiode	1
3585.267	0.5	3585267	catch	32671	n/a	catch_padded.jpg	photodiode	0
3585.68	0.0	3585680	response	6	n/a	n/a	trigger	0
3587.219	0.5	3587219	untrained	32687	80	memtrain/o_613_1.jpg	photodiode	1
3588.12	0.5	3588120	untrained	32716	51	memtrain/o_103_2.jpg	photodiode	1
3588.87	0.5	3588870	untrained	32695	72	memtrain/o_490_1.jpg	photodiode	1
3589.671	0.5	3589671	trained	32760	7	memtrain/o_091_2.jpg	photodiode	1
3590.622	0.5	3590622	trained	32746	21	memtrain/o_319_1.jpg	photodiode	1
3591.372	0.5	3591372	catch	32671	n/a	catch_padded.jpg	photodiode	0
3591.915	0.0	3591915	response	6	n/a	n/a	trigger	0
3593.274	0.5	3593274	untrained	32678	89	memtrain/o_469_1.jpg	photodiode	1
3594.075	0.5	3594075	trained	32734	33	memtrain/o_536_1.jpg	photodiode	1
3594.817	0.5	3594817	untrained	32717	50	memtrain/o_057_2.jpg	photodiode	1
3595.667	0.5	3595667	trained	32758	9	memtrain/o_101_2.jpg	photodiode	1
3596.568	0.5	3596568	untrained	32710	57	memtrain/o_171_1.jpg	photodiode	1
3597.319	0.5	3597319	catch	32671	n/a	catch_padded.jpg	photodiode	0
3597.783	0.0	3597783	response	6	n/a	n/a	trigger	0
3599.27	0.5	3599270	trained	32742	25	memtrain/o_358_2.jpg	photodiode	1
3600.071	0.5	3600071	trained	32764	3	memtrain/o_040_2.jpg	photodiode	1
3600.972	0.5	3600972	untrained	32697	70	memtrain/o_471_2.jpg	photodiode	1
3601.823	0.5	3601823	trained	32758	9	memtrain/o_101_2.jpg	photodiode	1
3602.673	0.5	3602673	trained	32742	25	memtrain/o_358_2.jpg	photodiode	1
3603.424	0.5	3603424	catch	32671	n/a	catch_padded.jpg	photodiode	0
3604.007	0.0	3604007	response	6	n/a	n/a	trigger	0
3605.526	0.5	3605526	trained	32761	6	memtrain/o_076_1.jpg	photodiode	1
3606.427	0.5	3606427	untrained	32709	58	memtrain/o_192_1.jpg	photodiode	1
3607.177	0.5	3607177	trained	32720	47	memtrain/so_147_2.jpg	photodiode	1
3608.078	0.5	3608078	trained	32727	40	memtrain/o_648_2.jpg	photodiode	1
3608.929	0.5	3608929	catch	32671	n/a	catch_padded.jpg	photodiode	0
3610.93	0.5	3610930	untrained	32716	51	memtrain/o_103_2.jpg	photodiode	1
3611.255	0.0	3611255	response	6	n/a	n/a	trigger	0
3611.831	0.5	3611831	untrained	32684	83	memtrain/so_105_1.jpg	photodiode	1
3612.214	0.0	3612214	response	6	n/a	n/a	trigger	0
3612.782	0.5	3612782	untrained	32708	59	memtrain/o_201_2.jpg	photodiode	1
3613.733	0.5	3613733	untrained	32718	49	memtrain/o_054_2.jpg	photodiode	1
3614.684	0.5	3614684	catch	32671	n/a	catch_padded.jpg	photodiode	0
3615.164	0.0	3615164	response	6	n/a	n/a	trigger	0
3616.635	0.5	3616635	untrained	32696	71	memtrain/o_483_1.jpg	photodiode	1
3617.436	0.5	3617436	trained	32752	15	memtrain/o_195_1.jpg	photodiode	1
3618.337	0.5	3618337	trained	32754	13	memtrain/o_136_1.jpg	photodiode	1
3619.287	0.5	3619287	trained	32728	39	memtrain/o_606_1.jpg	photodiode	1
3620.038	0.5	3620038	catch	32671	n/a	catch_padded.jpg	photodiode	0
3620.5	0.0	3620500	response	6	n/a	n/a	trigger	0
3621.94	0.5	3621940	trained	32724	43	memtrain/so_043_2.jpg	photodiode	1
3622.69	0.5	3622690	untrained	32691	76	memtrain/o_570_1.jpg	photodiode	1
3623.541	0.5	3623541	trained	32747	20	memtrain/o_290_1.jpg	photodiode	1
3624.334	0.5	3624334	untrained	32681	86	memtrain/o_288_1.jpg	photodiode	1
3625.184	0.5	3625184	catch	32671	n/a	catch_padded.jpg	photodiode	0
3625.579	0.0	3625579	response	6	n/a	n/a	trigger	0
3627.286	0.5	3627286	untrained	32673	94	memtrain/so_067_1.jpg	photodiode	1
3628.137	0.5	3628137	trained	32753	14	memtrain/o_174_1.jpg	photodiode	1
3628.988	0.5	3628988	untrained	32717	50	memtrain/o_057_2.jpg	photodiode	1
3629.888	0.5	3629888	untrained	32693	74	memtrain/o_550_1.jpg	photodiode	1
3630.639	0.5	3630639	trained	32735	32	memtrain/o_485_2.jpg	photodiode	1
3631.49	0.5	3631490	catch	32671	n/a	catch_padded.jpg	photodiode	0
3632.787	0.0	3632787	response	6	n/a	n/a	trigger	0
3633.441	0.5	3633441	untrained	32713	54	memtrain/o_145_1.jpg	photodiode	1
3634.281	0.0	3634281	response	5	n/a	n/a	trigger	0
3634.292	0.5	3634292	untrained	32685	82	memtrain/o_656_1.jpg	photodiode	1
3635.193	0.5	3635193	untrained	32688	79	memtrain/o_600_1.jpg	photodiode	1
3635.993	0.5	3635993	catch	32671	n/a	catch_padded.jpg	photodiode	0
3636.382	0.0	3636382	response	6	n/a	n/a	trigger	0
3637.895	0.5	3637895	untrained	32678	89	memtrain/o_469_1.jpg	photodiode	1
3638.796	0.5	3638796	trained	32746	21	memtrain/o_319_1.jpg	photodiode	1
3639.546	0.5	3639546	trained	32759	8	memtrain/o_094_1.jpg	photodiode	1
3640.297	0.5	3640297	untrained	32706	61	memtrain/o_298_2.jpg	photodiode	1
3641.248	0.5	3641248	catch	32671	n/a	catch_padded.jpg	photodiode	0
3641.637	0.0	3641637	response	6	n/a	n/a	trigger	0
3643.2	0.5	3643200	trained	32739	28	memtrain/o_397_1.jpg	photodiode	1
3644.0	0.5	3644000	untrained	32712	55	memtrain/o_153_2.jpg	photodiode	1
3644.751	0.5	3644751	trained	32738	29	memtrain/o_416_1.jpg	photodiode	1
3645.502	0.5	3645502	catch	32671	n/a	catch_padded.jpg	photodiode	0
3646.005	0.0	3646005	response	6	n/a	n/a	trigger	0
3647.503	0.5	3647503	trained	32723	44	memtrain/so_045_1.jpg	photodiode	1
3648.254	0.5	3648254	trained	32732	35	memtrain/o_561_2.jpg	photodiode	1
3649.155	0.5	3649155	trained	32733	34	memtrain/o_558_2.jpg	photodiode	1
3649.897	0.5	3649897	trained	32764	3	memtrain/o_040_2.jpg	photodiode	1
3650.856	0.5	3650856	catch	32671	n/a	catch_padded.jpg	photodiode	0
3651.235	0.0	3651235	response	6	n/a	n/a	trigger	0
3652.858	0.5	3652858	untrained	32702	65	memtrain/o_337_2.jpg	photodiode	1
3653.65	0.5	3653650	untrained	32680	87	memtrain/o_365_1.jpg	photodiode	1
3654.501	0.5	3654501	trained	32740	27	memtrain/o_379_2.jpg	photodiode	1
3655.351	0.5	3655351	trained	32725	42	memtrain/so_034_2.jpg	photodiode	1
3656.252	0.5	3656252	catch	32671	n/a	catch_padded.jpg	photodiode	0
3656.584	0.0	3656584	response	6	n/a	n/a	trigger	0
3658.354	0.5	3658354	trained	32767	0	memtrain/o_006_1.jpg	photodiode	1
3659.305	0.5	3659305	trained	32731	36	memtrain/o_583_1.jpg	photodiode	1
3660.055	0.5	3660055	untrained	32690	77	memtrain/o_574_2.jpg	photodiode	1
3661.006	0.5	3661006	catch	32671	n/a	catch_padded.jpg	photodiode	0
3661.94	0.0	3661940	response	6	n/a	n/a	trigger	0
3663.008	0.5	3663008	trained	32760	7	memtrain/o_091_2.jpg	photodiode	1
3663.859	0.5	3663859	untrained	32677	90	memtrain/o_580_1.jpg	photodiode	1
3664.609	0.5	3664609	untrained	32710	57	memtrain/o_171_1.jpg	photodiode	1
3665.51	0.5	3665510	trained	32756	11	memtrain/o_117_2.jpg	photodiode	1
3666.261	0.5	3666261	catch	32671	n/a	catch_padded.jpg	photodiode	0
3666.753	0.0	3666753	response	6	n/a	n/a	trigger	0
3668.162	0.5	3668162	untrained	32692	75	memtrain/o_564_1.jpg	photodiode	1
3669.113	0.5	3669113	trained	32721	46	memtrain/so_113_1.jpg	photodiode	1
3669.864	0.5	3669864	untrained	32719	48	memtrain/o_019_2.jpg	photodiode	1
3670.714	0.5	3670714	trained	32729	38	memtrain/o_603_1.jpg	photodiode	1
3671.565	0.5	3671565	untrained	32695	72	memtrain/o_490_1.jpg	photodiode	1
3672.466	0.5	3672466	catch	32671	n/a	catch_padded.jpg	photodiode	0
3672.67	0.0	3672670	response	6	n/a	n/a	trigger	0
3674.518	0.5	3674518	untrained	32703	64	memtrain/o_334_2.jpg	photodiode	1
3675.268	0.5	3675268	trained	32762	5	memtrain/o_067_1.jpg	photodiode	1
3676.219	0.5	3676219	untrained	32683	84	memtrain/so_117_2.jpg	photodiode	1
3677.17	0.5	3677170	untrained	32700	67	memtrain/o_378_1.jpg	photodiode	1
3678.021	0.5	3678021	trained	32734	33	memtrain/o_536_1.jpg	photodiode	1
3678.921	0.5	3678921	catch	32671	n/a	catch_padded.jpg	photodiode	0
3679.306	0.0	3679306	response	6	n/a	n/a	trigger	0
3680.923	0.5	3680923	untrained	32686	81	memtrain/o_655_2.jpg	photodiode	1
3681.674	0.5	3681674	untrained	32699	68	memtrain/o_393_1.jpg	photodiode	1
3682.516	0.5	3682516	trained	32763	4	memtrain/o_042_1.jpg	photodiode	1
3683.467	0.5	3683467	trained	32730	37	memtrain/o_597_1.jpg	photodiode	1
3684.368	0.5	3684368	catch	32671	n/a	catch_padded.jpg	photodiode	0
3684.735	0.0	3684735	response	6	n/a	n/a	trigger	0
3686.37	0.5	3686370	untrained	32679	88	memtrain/o_458_1.jpg	photodiode	1
3687.32	0.5	3687320	untrained	32687	80	memtrain/o_613_1.jpg	photodiode	1
3688.071	0.5	3688071	trained	32744	23	memtrain/o_338_2.jpg	photodiode	1
3688.822	0.5	3688822	untrained	32707	60	memtrain/o_228_2.jpg	photodiode	1
3689.772	0.5	3689772	catch	32671	n/a	catch_padded.jpg	photodiode	0
3690.138	0.0	3690138	response	6	n/a	n/a	trigger	0
3691.674	0.5	3691674	trained	32741	26	memtrain/o_376_1.jpg	photodiode	1
3692.533	0.5	3692533	trained	32722	45	memtrain/so_090_2.jpg	photodiode	1
3693.375	0.5	3693375	untrained	32674	93	memtrain/so_035_1.jpg	photodiode	1
3694.226	0.5	3694226	trained	32726	41	memtrain/o_663_2.jpg	photodiode	1
3695.127	0.5	3695127	catch	32671	n/a	catch_padded.jpg	photodiode	0
3695.486	0.0	3695486	response	6	n/a	n/a	trigger	0
3697.229	0.5	3697229	trained	32751	16	memtrain/o_199_2.jpg	photodiode	1
3698.029	0.5	3698029	untrained	32704	63	memtrain/o_310_2.jpg	photodiode	1
3698.98	0.5	3698980	untrained	32675	92	memtrain/so_033_1.jpg	photodiode	1
3699.881	0.5	3699881	catch	32671	n/a	catch_padded.jpg	photodiode	0
3700.39	0.0	3700390	response	6	n/a	n/a	trigger	0
3701.833	0.5	3701833	trained	32743	24	memtrain/o_357_1.jpg	photodiode	1
3702.733	0.5	3702733	trained	32757	10	memtrain/o_111_2.jpg	photodiode	1
3703.534	0.5	3703534	untrained	32715	52	memtrain/o_141_1.jpg	photodiode	1
3704.485	0.5	3704485	untrained	32705	62	memtrain/o_304_1.jpg	photodiode	1
3705.336	0.5	3705336	trained	32765	2	memtrain/o_035_1.jpg	photodiode	1
3706.286	0.5	3706286	catch	32671	n/a	catch_padded.jpg	photodiode	0
3706.557	0.0	3706557	response	6	n/a	n/a	trigger	0
3708.338	0.5	3708338	untrained	32689	78	memtrain/o_599_1.jpg	photodiode	1
3709.289	0.5	3709289	untrained	32676	91	memtrain/o_605_1.jpg	photodiode	1
3710.09	0.5	3710090	trained	32750	17	memtrain/o_232_1.jpg	photodiode	1
3711.04	0.5	3711040	catch	32671	n/a	catch_padded.jpg	photodiode	0
3711.555	0.0	3711555	response	6	n/a	n/a	trigger	0
3712.933	0.5	3712933	untrained	32714	53	memtrain/o_142_2.jpg	photodiode	1
3713.684	0.5	3713684	untrained	32682	85	memtrain/o_218_1.jpg	photodiode	1
3714.585	0.5	3714585	untrained	32672	95	memtrain/so_125_1.jpg	photodiode	1
3715.436	0.5	3715436	catch	32671	n/a	catch_padded.jpg	photodiode	0
3715.846	0.0	3715846	response	6	n/a	n/a	trigger	0
3717.487	0.5	3717487	trained	32737	30	memtrain/o_437_2.jpg	photodiode	1
3718.338	0.5	3718338	untrained	32694	73	memtrain/o_519_2.jpg	photodiode	1
3719.239	0.5	3719239	trained	32736	31	memtrain/o_465_2.jpg	photodiode	1
3719.989	0.5	3719989	trained	32749	18	memtrain/o_264_2.jpg	photodiode	1
3720.74	0.5	3720740	untrained	32701	66	memtrain/o_342_2.jpg	photodiode	1
3721.541	0.5	3721541	catch	32671	n/a	catch_padded.jpg	photodiode	0
3721.896	0.0	3721896	response	6	n/a	n/a	trigger	0
3723.593	0.5	3723593	trained	32748	19	memtrain/o_284_2.jpg	photodiode	1
3724.343	0.5	3724343	trained	32745	22	memtrain/o_321_1.jpg	photodiode	1
3725.144	0.5	3725144	trained	32766	1	memtrain/o_015_1.jpg	photodiode	1
3725.995	0.5	3725995	catch	32671	n/a	catch_padded.jpg	photodiode	0
3726.676	0.0	3726676	response	6	n/a	n/a	trigger	0
3727.946	0.5	3727946	trained	32755	12	memtrain/o_127_2.jpg	photodiode	1
3727.994	0.0	3727994	response	5	n/a	n/a	trigger	0
3728.897	0.5	3728897	untrained	32698	69	memtrain/o_464_2.jpg	photodiode	1
3729.848	0.5	3729848	untrained	32711	56	memtrain/o_163_2.jpg	photodiode	1
3730.649	0.5	3730649	catch	32671	n/a	catch_padded.jpg	photodiode	0
3737.121	0.0	3737121	block_end	120	n/a	n/a	trigger	0
3790.353	0.0	3790353	response	5	n/a	n/a	trigger	0
3790.358	0.0	3790358	block_onset	113	n/a	n/a	trigger	0
3792.409	0.5	3792409	untrained	32709	58	memtrain/o_192_1.jpg	photodiode	1
3793.368	0.5	3793368	trained	32756	11	memtrain/o_117_2.jpg	photodiode	1
3794.169	0.5	3794169	untrained	32683	84	memtrain/so_117_2.jpg	photodiode	1
3794.962	0.5	3794962	trained	32735	32	memtrain/o_485_2.jpg	photodiode	1
3795.812	0.5	3795812	catch	32671	n/a	catch_padded.jpg	photodiode	0
3796.184	0.0	3796184	response	6	n/a	n/a	trigger	0
3797.864	0.5	3797864	trained	32722	45	memtrain/so_090_2.jpg	photodiode	1
3798.665	0.5	3798665	untrained	32695	72	memtrain/o_490_1.jpg	photodiode	1
3799.566	0.5	3799566	trained	32731	36	memtrain/o_583_1.jpg	photodiode	1
3800.516	0.5	3800516	catch	32671	n/a	catch_padded.jpg	photodiode	0
3801.077	0.0	3801077	response	6	n/a	n/a	trigger	0
3802.418	0.5	3802418	trained	32742	25	memtrain/o_358_2.jpg	photodiode	1
3803.369	0.5	3803369	untrained	32707	60	memtrain/o_228_2.jpg	photodiode	1
3804.119	0.5	3804119	untrained	32694	73	memtrain/o_519_2.jpg	photodiode	1
3804.87	0.5	3804870	trained	32764	3	memtrain/o_040_2.jpg	photodiode	1
3805.821	0.5	3805821	trained	32749	18	memtrain/o_264_2.jpg	photodiode	1
3806.622	0.5	3806622	catch	32671	n/a	catch_padded.jpg	photodiode	0
3806.939	0.0	3806939	response	6	n/a	n/a	trigger	0
3808.723	0.5	3808723	untrained	32718	49	memtrain/o_054_2.jpg	photodiode	1
3809.532	0.5	3809532	trained	32765	2	memtrain/o_035_1.jpg	photodiode	1
3810.275	0.5	3810275	untrained	32686	81	memtrain/o_655_2.jpg	photodiode	1
3811.225	0.5	3811225	trained	32745	22	memtrain/o_321_1.jpg	photodiode	1
3812.026	0.5	3812026	untrained	32685	82	memtrain/o_656_1.jpg	photodiode	1
3812.877	0.5	3812877	catch	32671	n/a	catch_padded.jpg	photodiode	0
3813.27	0.0	3813270	response	6	n/a	n/a	trigger	0
3814.979	0.5	3814979	untrained	32717	50	memtrain/o_057_2.jpg	photodiode	1
3815.879	0.5	3815879	untrained	32703	64	memtrain/o_334_2.jpg	photodiode	1
3816.83	0.5	3816830	untrained	32715	52	memtrain/o_141_1.jpg	photodiode	1
3817.581	0.5	3817581	trained	32732	35	memtrain/o_561_2.jpg	photodiode	1
3818.432	0.5	3818432	catch	32671	n/a	catch_padded.jpg	photodiode	0
3818.823	0.0	3818823	response	6	n/a	n/a	trigger	0
3820.333	0.5	3820333	untrained	32716	51	memtrain/o_103_2.jpg	photodiode	1
3821.184	0.5	3821184	trained	32750	17	memtrain/o_232_1.jpg	photodiode	1
3822.085	0.5	3822085	untrained	32689	78	memtrain/o_599_1.jpg	photodiode	1
3822.835	0.5	3822835	catch	32671	n/a	catch_padded.jpg	photodiode	0
3823.419	0.0	3823419	response	6	n/a	n/a	trigger	0
3824.728	0.5	3824728	trained	32767	0	memtrain/o_006_1.jpg	photodiode	1
3825.529	0.5	3825529	trained	32740	27	memtrain/o_379_2.jpg	photodiode	1
3826.38	0.5	3826380	untrained	32681	86	memtrain/o_288_1.jpg	photodiode	1
3827.18	0.5	3827180	untrained	32697	70	memtrain/o_471_2.jpg	photodiode	1
3828.031	0.5	3828031	trained	32757	10	memtrain/o_111_2.jpg	photodiode	1
3828.932	0.5	3828932	catch	32671	n/a	catch_padded.jpg	photodiode	0
3829.312	0.0	3829312	response	6	n/a	n/a	trigger	0
3830.934	0.5	3830934	untrained	32711	56	memtrain/o_163_2.jpg	photodiode	1
3831.784	0.5	3831784	untrained	32688	79	memtrain/o_600_1.jpg	photodiode	1
3832.685	0.5	3832685	trained	32720	47	memtrain/so_147_2.jpg	photodiode	1
3833.536	0.5	3833536	trained	32733	34	memtrain/o_558_2.jpg	photodiode	1
3834.437	0.5	3834437	catch	32671	n/a	catch_padded.jpg	photodiode	0
3834.892	0.0	3834892	response	6	n/a	n/a	trigger	0
3836.388	0.5	3836388	untrained	32679	88	memtrain/o_458_1.jpg	photodiode	1
3837.339	0.5	3837339	untrained	32672	95	memtrain/so_125_1.jpg	photodiode	1
3838.19	0.5	3838190	trained	32739	28	memtrain/o_397_1.jpg	photodiode	1
3839.09	0.5	3839090	trained	32734	33	memtrain/o_536_1.jpg	photodiode	1
3840.041	0.5	3840041	catch	32671	n/a	catch_padded.jpg	photodiode	0
3840.42	0.0	3840420	response	6	n/a	n/a	trigger	0
3841.993	0.5	3841993	untrained	32713	54	memtrain/o_145_1.jpg	photodiode	1
3842.744	0.5	3842744	trained	32751	16	memtrain/o_199_2.jpg	photodiode	1
3843.494	0.5	3843494	trained	32727	40	memtrain/o_648_2.jpg	photodiode	1
3844.445	0.5	3844445	untrained	32674	93	memtrain/so_035_1.jpg	photodiode	1
3845.346	0.5	3845346	catch	32671	n/a	catch_padded.jpg	photodiode	0
3846.213	0.0	3846213	response	6	n/a	n/a	trigger	0
3847.347	0.5	3847347	untrained	32714	53	memtrain/o_142_2.jpg	photodiode	1
3848.148	0.5	3848148	untrained	32675	92	memtrain/so_033_1.jpg	photodiode	1
3849.099	0.5	3849099	trained	32741	26	memtrain/o_376_1.jpg	photodiode	1
3850.0	0.5	3850000	untrained	32705	62	memtrain/o_304_1.jpg	photodiode	1
3850.8	0.5	3850800	catch	32671	n/a	catch_padded.jpg	photodiode	0
3851.109	0.0	3851109	response	6	n/a	n/a	trigger	0
3852.802	0.5	3852802	trained	32743	24	memtrain/o_357_1.jpg	photodiode	1
3853.745	0.5	3853745	trained	32747	20	memtrain/o_290_1.jpg	photodiode	1
3854.545	0.5	3854545	untrained	32712	55	memtrain/o_153_2.jpg	photodiode	1
3855.396	0.5	3855396	trained	32752	15	memtrain/o_195_1.jpg	photodiode	1
3856.247	0.5	3856247	catch	32671	n/a	catch_padded.jpg	photodiode	0
3856.687	0.0	3856687	response	6	n/a	n/a	trigger	0
3858.349	0.5	3858349	trained	32736	31	memtrain/o_465_2.jpg	photodiode	1
3859.199	0.5	3859199	untrained	32676	91	memtrain/o_605_1.jpg	photodiode	1
3860.0	0.5	3860000	trained	32766	1	memtrain/o_015_1.jpg	photodiode	1
3860.751	0.5	3860751	untrained	32673	94	memtrain/so_067_1.jpg	photodiode	1
3861.651	0.5	3861651	catch	32671	n/a	catch_padded.jpg	photodiode	0
3862.05	0.0	3862050	response	6	n/a	n/a	trigger	0
3863.653	0.5	3863653	trained	32738	29	memtrain/o_416_1.jpg	photodiode	1
3864.454	0.5	3864454	trained	32755	12	memtrain/o_127_2.jpg	photodiode	1
3865.305	0.5	3865305	untrained	32687	80	memtrain/o_613_1.jpg	photodiode	1
3866.155	0.5	3866155	untrained	32677	90	memtrain/o_580_1.jpg	photodiode	1
3867.006	0.5	3867006	untrained	32690	77	memtrain/o_574_2.jpg	photodiode	1
3867.807	0.5	3867807	catch	32671	n/a	catch_padded.jpg	photodiode	0
3868.152	0.0	3868152	response	6	n/a	n/a	trigger	0
3869.808	0.5	3869808	untrained	32702	65	memtrain/o_337_2.jpg	photodiode	1
3870.609	0.5	3870609	untrained	32708	59	memtrain/o_201_2.jpg	photodiode	1
3871.41	0.5	3871410	trained	32726	41	memtrain/o_663_2.jpg	photodiode	1
3872.16	0.5	3872160	trained	32759	8	memtrain/o_094_1.jpg	photodiode	1
3872.911	0.5	3872911	trained	32763	4	memtrain/o_042_1.jpg	photodiode	1
3873.812	0.5	3873812	catch	32671	n/a	catch_padded.jpg	photodiode	0
3874.199	0.0	3874199	response	6	n/a	n/a	trigger	0
3875.864	0.5	3875864	untrained	32701	66	memtrain/o_342_2.jpg	photodiode	1
3876.814	0.5	3876814	untrained	32698	69	memtrain/o_464_2.jpg	photodiode	1
3877.615	0.5	3877615	untrained	32719	48	memtrain/o_019_2.jpg	photodiode	1
3878.516	0.5	3878516	untrained	32710	57	memtrain/o_171_1.jpg	photodiode	1
3879.467	0.5	3879467	trained	32724	43	memtrain/so_043_2.jpg	photodiode	1
3880.367	0.5	3880367	catch	32671	n/a	catch_padded.jpg	photodiode	0
3880.749	0.0	3880749	response	6	n/a	n/a	trigger	0
3882.461	0.5	3882461	trained	32746	21	memtrain/o_319_1.jpg	photodiode	1
3883.261	0.5	3883261	trained	32762	5	memtrain/o_067_1.jpg	photodiode	1
3884.012	0.5	3884012	trained	32744	23	memtrain/o_338_2.jpg	photodiode	1
3884.863	0.5	3884863	untrained	32691	76	memtrain/o_570_1.jpg	photodiode	1
3885.613	0.5	3885613	untrained	32682	85	memtrain/o_218_1.jpg	photodiode	1
3886.414	0.5	3886414	catch	32671	n/a	catch_padded.jpg	photodiode	0
3886.748	0.0	3886748	response	6	n/a	n/a	trigger	0
3888.316	0.5	3888316	trained	32754	13	memtrain/o_136_1.jpg	photodiode	1
3889.116	0.5	3889116	trained	32760	7	memtrain/o_091_2.jpg	photodiode	1
3889.967	0.5	3889967	untrained	32699	68	memtrain/o_393_1.jpg	photodiode	1
3890.818	0.5	3890818	trained	32721	46	memtrain/so_113_1.jpg	photodiode	1
3891.618	0.5	3891618	trained	32761	6	memtrain/o_076_1.jpg	photodiode	1
3892.023	0.0	3892023	response	5	n/a	n/a	trigger	0
3892.419	0.5	3892419	catch	32671	n/a	catch_padded.jpg	photodiode	0
3892.843	0.0	3892843	response	6	n/a	n/a	trigger	0
3894.521	0.5	3894521	trained	32729	38	memtrain/o_603_1.jpg	photodiode	1
3895.472	0.5	3895472	untrained	32692	75	memtrain/o_564_1.jpg	photodiode	1
3896.272	0.5	3896272	untrained	32704	63	memtrain/o_310_2.jpg	photodiode	1
3897.123	0.5	3897123	trained	32737	30	memtrain/o_437_2.jpg	photodiode	1
3898.074	0.5	3898074	catch	32671	n/a	catch_padded.jpg	photodiode	0
3898.605	0.0	3898605	response	6	n/a	n/a	trigger	0
3900.025	0.5	3900025	trained	32728	39	memtrain/o_606_1.jpg	photodiode	1
3900.926	0.5	3900926	trained	32725	42	memtrain/so_034_2.jpg	photodiode	1
3901.777	0.5	3901777	untrained	32706	61	memtrain/o_298_2.jpg	photodiode	1
3902.628	0.5	3902628	untrained	32678	89	memtrain/o_469_1.jpg	photodiode	1
3903.428	0.5	3903428	catch	32671	n/a	catch_padded.jpg	photodiode	0
3903.814	0.0	3903814	response	6	n/a	n/a	trigger	0
3905.48	0.5	3905480	trained	32723	44	memtrain/so_045_1.jpg	photodiode	1
3906.231	0.5	3906231	trained	32758	9	memtrain/o_101_2.jpg	photodiode	1
3906.981	0.5	3906981	trained	32730	37	memtrain/o_597_1.jpg	photodiode	1
3907.832	0.5	3907832	catch	32671	n/a	catch_padded.jpg	photodiode	0
3908.226	0.0	3908226	response	6	n/a	n/a	trigger	0
3909.834	0.5	3909834	untrained	32680	87	memtrain/o_365_1.jpg	photodiode	1
3910.684	0.5	3910684	untrained	32700	67	memtrain/o_378_1.jpg	photodiode	1
3911.627	0.5	3911627	untrained	32696	71	memtrain/o_483_1.jpg	photodiode	1
3912.378	0.5	3912378	catch	32671	n/a	catch_padded.jpg	photodiode	0
3912.79	0.0	3912790	response	6	n/a	n/a	trigger	0
3914.38	0.5	3914380	trained	32753	14	memtrain/o_174_1.jpg	photodiode	1
3915.23	0.5	3915230	untrained	32693	74	memtrain/o_550_1.jpg	photodiode	1
3916.131	0.5	3916131	trained	32748	19	memtrain/o_284_2.jpg	photodiode	1
3917.032	0.5	3917032	untrained	32684	83	memtrain/so_105_1.jpg	photodiode	1
3917.983	0.5	3917983	untrained	32701	66	memtrain/o_342_2.jpg	photodiode	1
3918.933	0.5	3918933	catch	32671	n/a	catch_padded.jpg	photodiode	0
3919.264	0.0	3919264	response	6	n/a	n/a	trigger	0
3921.035	0.5	3921035	trained	32744	23	memtrain/o_338_2.jpg	photodiode	1
3921.886	0.5	3921886	trained	32736	31	memtrain/o_465_2.jpg	photodiode	1
3922.737	0.5	3922737	untrained	32703	64	memtrain/o_334_2.jpg	photodiode	1
3923.687	0.5	3923687	untrained	32719	48	memtrain/o_019_2.jpg	photodiode	1
3924.538	0.5	3924538	catch	32671	n/a	catch_padded.jpg	photodiode	0
3924.849	0.0	3924849	response	6	n/a	n/a	trigger	0
3926.59	0.5	3926590	trained	32723	44	memtrain/so_045_1.jpg	photodiode	1
3927.541	0.5	3927541	untrained	32718	49	memtrain/o_054_2.jpg	photodiode	1
3928.341	0.5	3928341	untrained	32711	56	memtrain/o_163_2.jpg	photodiode	1
3929.292	0.5	3929292	untrained	32674	93	memtrain/so_035_1.jpg	photodiode	1
3930.243	0.5	3930243	catch	32671	n/a	catch_padded.jpg	photodiode	0
3930.566	0.0	3930566	response	6	n/a	n/a	trigger	0
3932.295	0.5	3932295	trained	32730	37	memtrain/o_597_1.jpg	photodiode	1
3933.095	0.5	3933095	trained	32729	38	memtrain/o_603_1.jpg	photodiode	1
3934.046	0.5	3934046	trained	32740	27	memtrain/o_379_2.jpg	photodiode	1
3934.997	0.5	3934997	untrained	32678	89	memtrain/o_469_1.jpg	photodiode	1
3935.948	0.5	3935948	trained	32745	22	memtrain/o_321_1.jpg	photodiode	1
3936.749	0.5	3936749	catch	32671	n/a	catch_padded.jpg	photodiode	0
3937.077	0.0	3937077	response	6	n/a	n/a	trigger	0
3938.65	0.5	3938650	untrained	32692	75	memtrain/o_564_1.jpg	photodiode	1
3939.451	0.5	3939451	untrained	32695	72	memtrain/o_490_1.jpg	photodiode	1
3940.352	0.5	3940352	untrained	32715	52	memtrain/o_141_1.jpg	photodiode	1
3941.244	0.5	3941244	trained	32737	30	memtrain/o_437_2.jpg	photodiode	1
3942.195	0.5	3942195	trained	32765	2	memtrain/o_035_1.jpg	photodiode	1
3942.943	0.0	3942943	response	6	n/a	n/a	trigger	0
3942.995	0.5	3942995	catch	32671	n/a	catch_padded.jpg	photodiode	0
3944.897	0.5	3944897	trained	32759	8	memtrain/o_094_1.jpg	photodiode	1
3945.798	0.5	3945798	trained	32742	25	memtrain/o_358_2.jpg	photodiode	1
3946.648	0.5	3946648	untrained	32688	79	memtrain/o_600_1.jpg	photodiode	1
3947.599	0.5	3947599	trained	32764	3	memtrain/o_040_2.jpg	photodiode	1
3948.5	0.5	3948500	untrained	32696	71	memtrain/o_483_1.jpg	photodiode	1
3949.261	0.0	3949261	response	6	n/a	n/a	trigger	0
3949.451	0.5	3949451	catch	32671	n/a	catch_padded.jpg	photodiode	0
3951.352	0.5	3951352	trained	32752	15	memtrain/o_195_1.jpg	photodiode	1
3952.203	0.5	3952203	trained	32734	33	memtrain/o_536_1.jpg	photodiode	1
3953.054	0.5	3953054	untrained	32709	58	memtrain/o_192_1.jpg	photodiode	1
3953.904	0.5	3953904	trained	32728	39	memtrain/o_606_1.jpg	photodiode	1
3954.664	0.5	3954664	untrained	32682	85	memtrain/o_218_1.jpg	photodiode	1
3955.456	0.5	3955456	catch	32671	n/a	catch_padded.jpg	photodiode	0
3955.892	0.0	3955892	response	6	n/a	n/a	trigger	0
3957.407	0.5	3957407	untrained	32712	55	memtrain/o_153_2.jpg	photodiode	1
3958.308	0.5	3958308	trained	32751	16	memtrain/o_199_2.jpg	photodiode	1
3959.109	0.5	3959109	trained	32726	41	memtrain/o_663_2.jpg	photodiode	1
3960.01	0.5	3960010	trained	32727	40	memtrain/o_648_2.jpg	photodiode	1
3960.76	0.5	3960760	catch	32671	n/a	catch_padded.jpg	photodiode	0
3961.144	0.0	3961144	response	6	n/a	n/a	trigger	0
3962.812	0.5	3962812	untrained	32680	87	memtrain/o_365_1.jpg	photodiode	1
3963.713	0.5	3963713	untrained	32708	59	memtrain/o_201_2.jpg	photodiode	1
3964.463	0.5	3964463	untrained	32698	69	memtrain/o_464_2.jpg	photodiode	1
3965.414	0.5	3965414	catch	32671	n/a	catch_padded.jpg	photodiode	0
3965.913	0.0	3965913	response	6	n/a	n/a	trigger	0
3967.466	0.5	3967466	untrained	32691	76	memtrain/o_570_1.jpg	photodiode	1
3968.317	0.5	3968317	trained	32748	19	memtrain/o_284_2.jpg	photodiode	1
3969.067	0.5	3969067	trained	32739	28	memtrain/o_397_1.jpg	photodiode	1
3969.86	0.5	3969860	trained	32749	18	memtrain/o_264_2.jpg	photodiode	1
3970.619	0.5	3970619	untrained	32690	77	memtrain/o_574_2.jpg	photodiode	1
3971.511	0.5	3971511	catch	32671	n/a	catch_padded.jpg	photodiode	0
3971.801	0.0	3971801	response	6	n/a	n/a	trigger	0
3973.413	0.5	3973413	untrained	32707	60	memtrain/o_228_2.jpg	photodiode	1
3974.214	0.5	3974214	trained	32746	21	memtrain/o_319_1.jpg	photodiode	1
3974.964	0.5	3974964	untrained	32710	57	memtrain/o_171_1.jpg	photodiode	1
3975.765	0.5	3975765	trained	32756	11	memtrain/o_117_2.jpg	photodiode	1
3976.616	0.5	3976616	untrained	32700	67	memtrain/o_378_1.jpg	photodiode	1
3976.917	0.0	3976917	response	6	n/a	n/a	trigger	0
3977.516	0.5	3977516	catch	32671	n/a	catch_padded.jpg	photodiode	0
3977.978	0.0	3977978	response	6	n/a	n/a	trigger	0
3979.418	0.5	3979418	trained	32760	7	memtrain/o_091_2.jpg	photodiode	1
3980.169	0.5	3980169	untrained	32686	81	memtrain/o_655_2.jpg	photodiode	1
3980.969	0.5	3980969	untrained	32679	88	memtrain/o_458_1.jpg	photodiode	1
3981.87	0.5	3981870	catch	32671	n/a	catch_padded.jpg	photodiode	0
3982.253	0.0	3982253	response	6	n/a	n/a	trigger	0
3983.772	0.5	3983772	trained	32761	6	memtrain/o_076_1.jpg	photodiode	1
3984.672	0.5	3984672	untrained	32675	92	memtrain/so_033_1.jpg	photodiode	1
3985.423	0.5	3985423	trained	32762	5	memtrain/o_067_1.jpg	photodiode	1
3986.174	0.5	3986174	trained	32753	14	memtrain/o_174_1.jpg	photodiode	1
3986.924	0.5	3986924	untrained	32681	86	memtrain/o_288_1.jpg	photodiode	1
3987.875	0.5	3987875	catch	32671	n/a	catch_padded.jpg	photodiode	0
3988.198	0.0	3988198	response	6	n/a	n/a	trigger	0
3989.777	0.5	3989777	untrained	32676	91	memtrain/o_605_1.jpg	photodiode	1
3990.577	0.5	3990577	trained	32758	9	memtrain/o_101_2.jpg	photodiode	1
3991.478	0.5	3991478	untrained	32673	94	memtrain/so_067_1.jpg	photodiode	1
3992.329	0.5	3992329	catch	32671	n/a	catch_padded.jpg	photodiode	0
3992.824	0.0	3992824	response	6	n/a	n/a	trigger	0
3994.431	0.5	3994431	trained	32724	43	memtrain/so_043_2.jpg	photodiode	1
3995.382	0.5	3995382	trained	32720	47	memtrain/so_147_2.jpg	photodiode	1
3996.332	0.5	3996332	trained	32741	26	memtrain/o_376_1.jpg	photodiode	1
3997.083	0.5	3997083	catch	32671	n/a	catch_padded.jpg	photodiode	0
3997.456	0.0	3997456	response	6	n/a	n/a	trigger	0
3999.026	0.5	3999026	untrained	32677	90	memtrain/o_580_1.jpg	photodiode	1
3999.777	0.5	3999777	untrained	32693	74	memtrain/o_550_1.jpg	photodiode	1
4000.627	0.5	4000627	trained	32735	32	memtrain/o_485_2.jpg	photodiode	1
4001.378	0.5	4001378	trained	32750	17	memtrain/o_232_1.jpg	photodiode	1
4002.279	0.5	4002279	catch	32671	n/a	catch_padded.jpg	photodiode	0
4002.57	0.0	4002570	response	6	n/a	n/a	trigger	0
4004.231	0.5	4004231	trained	32763	4	memtrain/o_042_1.jpg	photodiode	1
4005.131	0.5	4005131	untrained	32685	82	memtrain/o_656_1.jpg	photodiode	1
4005.982	0.5	4005982	trained	32754	13	memtrain/o_136_1.jpg	photodiode	1
4006.733	0.5	4006733	catch	32671	n/a	catch_padded.jpg	photodiode	0
4007.364	0.0	4007364	response	6	n/a	n/a	trigger	0
4008.634	0.5	4008634	trained	32766	1	memtrain/o_015_1.jpg	photodiode	1
4009.385	0.5	4009385	untrained	32694	73	memtrain/o_519_2.jpg	photodiode	1
4010.186	0.5	4010186	trained	32757	10	memtrain/o_111_2.jpg	photodiode	1
4011.136	0.5	4011136	untrained	32705	62	memtrain/o_304_1.jpg	photodiode	1
4011.987	0.5	4011987	catch	32671	n/a	catch_padded.jpg	photodiode	0
4012.333	0.0	4012333	response	6	n/a	n/a	trigger	0
4014.089	0.5	4014089	untrained	32684	83	memtrain/so_105_1.jpg	photodiode	1
4015.04	0.5	4015040	untrained	32683	84	memtrain/so_117_2.jpg	photodiode	1
4015.79	0.5	4015790	untrained	32697	70	memtrain/o_471_2.jpg	photodiode	1
4016.541	0.5	4016541	trained	32731	36	memtrain/o_583_1.jpg	photodiode	1
4017.342	0.5	4017342	catch	32671	n/a	catch_padded.jpg	photodiode	0
4017.662	0.0	4017662	response	6	n/a	n/a	trigger	0
4019.393	0.5	4019393	untrained	32687	80	memtrain/o_613_1.jpg	photodiode	1
4020.294	0.5	4020294	trained	32743	24	memtrain/o_357_1.jpg	photodiode	1
4021.195	0.5	4021195	untrained	32717	50	memtrain/o_057_2.jpg	photodiode	1
4022.046	0.5	4022046	catch	32671	n/a	catch_padded.jpg	photodiode	0
4022.467	0.0	4022467	response	6	n/a	n/a	trigger	0
4024.097	0.5	4024097	trained	32721	46	memtrain/so_113_1.jpg	photodiode	1
4024.998	0.5	4024998	trained	32767	0	memtrain/o_006_1.jpg	photodiode	1
4025.799	0.5	4025799	untrained	32689	78	memtrain/o_599_1.jpg	photodiode	1
4026.549	0.5	4026549	catch	32671	n/a	catch_padded.jpg	photodiode	0
4027.867	0.0	4027867	response	6	n/a	n/a	trigger	0
4028.643	0.5	4028643	untrained	32716	51	memtrain/o_103_2.jpg	photodiode	1
4029.394	0.5	4029394	trained	32733	34	memtrain/o_558_2.jpg	photodiode	1
4030.244	0.5	4030244	untrained	32713	54	memtrain/o_145_1.jpg	photodiode	1
4031.195	0.5	4031195	catch	32671	n/a	catch_padded.jpg	photodiode	0
4031.818	0.0	4031818	response	6	n/a	n/a	trigger	0
4033.297	0.5	4033297	trained	32725	42	memtrain/so_034_2.jpg	photodiode	1
4034.198	0.5	4034198	trained	32722	45	memtrain/so_090_2.jpg	photodiode	1
4035.099	0.5	4035099	untrained	32714	53	memtrain/o_142_2.jpg	photodiode	1
4035.857	0.5	4035857	catch	32671	n/a	catch_padded.jpg	photodiode	0
4036.515	0.0	4036515	response	6	n/a	n/a	trigger	0
4037.901	0.5	4037901	untrained	32702	65	memtrain/o_337_2.jpg	photodiode	1
4038.852	0.5	4038852	untrained	32672	95	memtrain/so_125_1.jpg	photodiode	1
4039.702	0.5	4039702	untrained	32699	68	memtrain/o_393_1.jpg	photodiode	1
4040.453	0.5	4040453	catch	32671	n/a	catch_padded.jpg	photodiode	0
4040.91	0.0	4040910	response	6	n/a	n/a	trigger	0
4042.405	0.5	4042405	trained	32732	35	memtrain/o_561_2.jpg	photodiode	1
4043.306	0.5	4043306	trained	32747	20	memtrain/o_290_1.jpg	photodiode	1
4044.256	0.5	4044256	trained	32738	29	memtrain/o_416_1.jpg	photodiode	1
4045.057	0.5	4045057	catch	32671	n/a	catch_padded.jpg	photodiode	0
4045.46	0.0	4045460	response	6	n/a	n/a	trigger	0
4047.159	0.5	4047159	trained	32755	12	memtrain/o_127_2.jpg	photodiode	1
4047.959	0.5	4047959	untrained	32704	63	memtrain/o_310_2.jpg	photodiode	1
4048.86	0.5	4048860	untrained	32706	61	memtrain/o_298_2.jpg	photodiode	1
4049.711	0.5	4049711	catch	32671	n/a	catch_padded.jpg	photodiode	0
4050.085	0.0	4050085	response	6	n/a	n/a	trigger	0
4056.183	0.0	4056183	block_end	120	n/a	n/a	trigger	0
4077.672	0.0	4077672	response	6	n/a	n/a	trigger	0
4077.677	0.0	4077677	block_onset	114	n/a	n/a	trigger	0
4079.728	0.5	4079728	trained	32762	5	memtrain/o_067_1.jpg	photodiode	1
4080.687	0.5	4080687	untrained	32692	75	memtrain/o_564_1.jpg	photodiode	1
4081.438	0.5	4081438	untrained	32676	91	memtrain/o_605_1.jpg	photodiode	1
4082.339	0.5	4082339	catch	32671	n/a	catch_padded.jpg	photodiode	0
4082.806	0.0	4082806	response	6	n/a	n/a	trigger	0
4084.432	0.5	4084432	untrained	32673	94	memtrain/so_067_1.jpg	photodiode	1
4085.182	0.5	4085182	trained	32746	21	memtrain/o_319_1.jpg	photodiode	1
4086.0	0.5	4086000	untrained	32682	85	memtrain/o_218_1.jpg	photodiode	1
4086.784	0.5	4086784	catch	32671	n/a	catch_padded.jpg	photodiode	0
4087.151	0.0	4087151	response	6	n/a	n/a	trigger	0
4088.735	0.5	4088735	trained	32766	1	memtrain/o_015_1.jpg	photodiode	1
4089.686	0.5	4089686	trained	32741	26	memtrain/o_376_1.jpg	photodiode	1
4090.537	0.5	4090537	trained	32745	22	memtrain/o_321_1.jpg	photodiode	1
4091.446	0.5	4091446	catch	32671	n/a	catch_padded.jpg	photodiode	0
4091.748	0.0	4091748	response	6	n/a	n/a	trigger	0
4093.389	0.5	4093389	untrained	32685	82	memtrain/o_656_1.jpg	photodiode	1
4094.34	0.5	4094340	untrained	32705	62	memtrain/o_304_1.jpg	photodiode	1
4095.291	0.5	4095291	trained	32743	24	memtrain/o_357_1.jpg	photodiode	1
4096.042	0.5	4096042	trained	32720	47	memtrain/so_147_2.jpg	photodiode	1
4096.412	0.0	4096412	response	6	n/a	n/a	trigger	0
4096.942	0.5	4096942	untrained	32703	64	memtrain/o_334_2.jpg	photodiode	1
4097.147	0.0	4097147	response	6	n/a	n/a	trigger	0
4097.743	0.5	4097743	catch	32671	n/a	catch_padded.jpg	photodiode	0
4098.247	0.0	4098247	response	6	n/a	n/a	trigger	0
4099.795	0.5	4099795	trained	32723	44	memtrain/so_045_1.jpg	photodiode	1
4100.696	0.5	4100696	trained	32740	27	memtrain/o_379_2.jpg	photodiode	1
4101.546	0.5	4101546	untrained	32698	69	memtrain/o_464_2.jpg	photodiode	1
4102.497	0.5	4102497	trained	32750	17	memtrain/o_232_1.jpg	photodiode	1
4103.348	0.5	4103348	trained	32734	33	memtrain/o_536_1.jpg	photodiode	1
4104.249	0.5	4104249	catch	32671	n/a	catch_padded.jpg	photodiode	0
4104.534	0.0	4104534	response	6	n/a	n/a	trigger	0
4106.3	0.5	4106300	untrained	32706	61	memtrain/o_298_2.jpg	photodiode	1
4107.151	0.5	4107151	untrained	32693	74	memtrain/o_550_1.jpg	photodiode	1
4107.952	0.5	4107952	untrained	32694	73	memtrain/o_519_2.jpg	photodiode	1
4108.903	0.5	4108903	trained	32749	18	memtrain/o_264_2.jpg	photodiode	1
4109.853	0.5	4109853	trained	32729	38	memtrain/o_603_1.jpg	photodiode	1
4110.654	0.5	4110654	catch	32671	n/a	catch_padded.jpg	photodiode	0
4111.029	0.0	4111029	response	6	n/a	n/a	trigger	0
4112.706	0.5	4112706	trained	32724	43	memtrain/so_043_2.jpg	photodiode	1
4113.598	0.5	4113598	trained	32730	37	memtrain/o_597_1.jpg	photodiode	1
4114.399	0.5	4114399	trained	32751	16	memtrain/o_199_2.jpg	photodiode	1
4115.2	0.5	4115200	trained	32752	15	memtrain/o_195_1.jpg	photodiode	1
4116.059	0.5	4116059	catch	32671	n/a	catch_padded.jpg	photodiode	0
4116.52	0.0	4116520	response	6	n/a	n/a	trigger	0
4118.152	0.5	4118152	untrained	32677	90	memtrain/o_580_1.jpg	photodiode	1
4119.103	0.5	4119103	trained	32727	40	memtrain/o_648_2.jpg	photodiode	1
4119.854	0.5	4119854	untrained	32681	86	memtrain/o_288_1.jpg	photodiode	1
4120.704	0.5	4120704	catch	32671	n/a	catch_padded.jpg	photodiode	0
4121.199	0.0	4121199	response	6	n/a	n/a	trigger	0
4122.806	0.5	4122806	untrained	32679	88	memtrain/o_458_1.jpg	photodiode	1
4123.557	0.5	4123557	trained	32738	29	memtrain/o_416_1.jpg	photodiode	1
4124.358	0.5	4124358	trained	32739	28	memtrain/o_397_1.jpg	photodiode	1
4125.308	0.5	4125308	catch	32671	n/a	catch_padded.jpg	photodiode	0
4125.68	0.0	4125680	response	6	n/a	n/a	trigger	0
4127.21	0.5	4127210	trained	32721	46	memtrain/so_113_1.jpg	photodiode	1
4127.961	0.5	4127961	trained	32764	3	memtrain/o_040_2.jpg	photodiode	1
4128.811	0.5	4128811	untrained	32686	81	memtrain/o_655_2.jpg	photodiode	1
4129.712	0.5	4129712	untrained	32702	65	memtrain/o_337_2.jpg	photodiode	1
4130.463	0.5	4130463	untrained	32713	54	memtrain/o_145_1.jpg	photodiode	1
4131.263	0.5	4131263	catch	32671	n/a	catch_padded.jpg	photodiode	0
4131.604	0.0	4131604	response	6	n/a	n/a	trigger	0
4133.265	0.5	4133265	untrained	32687	80	memtrain/o_613_1.jpg	photodiode	1
4134.216	0.5	4134216	untrained	32715	52	memtrain/o_141_1.jpg	photodiode	1
4135.117	0.5	4135117	untrained	32716	51	memtrain/o_103_2.jpg	photodiode	1
4135.967	0.5	4135967	trained	32744	23	memtrain/o_338_2.jpg	photodiode	1
4136.868	0.5	4136868	trained	32725	42	memtrain/so_034_2.jpg	photodiode	1
4137.819	0.5	4137819	catch	32671	n/a	catch_padded.jpg	photodiode	0
4138.314	0.0	4138314	response	6	n/a	n/a	trigger	0
4139.921	0.5	4139921	untrained	32712	55	memtrain/o_153_2.jpg	photodiode	1
4140.671	0.5	4140671	trained	32731	36	memtrain/o_583_1.jpg	photodiode	1
4141.614	0.5	4141614	trained	32728	39	memtrain/o_606_1.jpg	photodiode	1
4142.373	0.5	4142373	untrained	32711	56	memtrain/o_163_2.jpg	photodiode	1
4143.215	0.5	4143215	trained	32758	9	memtrain/o_101_2.jpg	photodiode	1
4144.016	0.5	4144016	catch	32671	n/a	catch_padded.jpg	photodiode	0
4144.429	0.0	4144429	response	6	n/a	n/a	trigger	0
4145.917	0.5	4145917	untrained	32718	49	memtrain/o_054_2.jpg	photodiode	1
4146.818	0.5	4146818	untrained	32710	57	memtrain/o_171_1.jpg	photodiode	1
4147.669	0.5	4147669	trained	32763	4	memtrain/o_042_1.jpg	photodiode	1
4148.62	0.5	4148620	catch	32671	n/a	catch_padded.jpg	photodiode	0
4149.115	0.0	4149115	response	6	n/a	n/a	trigger	0
4150.571	0.5	4150571	trained	32761	6	memtrain/o_076_1.jpg	photodiode	1
4151.472	0.5	4151472	untrained	32689	78	memtrain/o_599_1.jpg	photodiode	1
4152.323	0.5	4152323	untrained	32707	60	memtrain/o_228_2.jpg	photodiode	1
4153.274	0.5	4153274	catch	32671	n/a	catch_padded.jpg	photodiode	0
4153.666	0.0	4153666	response	6	n/a	n/a	trigger	0
4155.325	0.5	4155325	trained	32753	14	memtrain/o_174_1.jpg	photodiode	1
4156.076	0.5	4156076	trained	32748	19	memtrain/o_284_2.jpg	photodiode	1
4156.977	0.5	4156977	untrained	32674	93	memtrain/so_035_1.jpg	photodiode	1
4157.827	0.5	4157827	catch	32671	n/a	catch_padded.jpg	photodiode	0
4158.147	0.0	4158147	response	6	n/a	n/a	trigger	0
4159.729	0.5	4159729	untrained	32700	67	memtrain/o_378_1.jpg	photodiode	1
4160.63	0.5	4160630	untrained	32672	95	memtrain/so_125_1.jpg	photodiode	1
4161.481	0.5	4161481	untrained	32696	71	memtrain/o_483_1.jpg	photodiode	1
4162.281	0.5	4162281	trained	32760	7	memtrain/o_091_2.jpg	photodiode	1
4163.232	0.5	4163232	catch	32671	n/a	catch_padded.jpg	photodiode	0
4163.409	0.0	4163409	response	6	n/a	n/a	trigger	0
4165.334	0.5	4165334	untrained	32701	66	memtrain/o_342_2.jpg	photodiode	1
4166.134	0.5	4166134	untrained	32675	92	memtrain/so_033_1.jpg	photodiode	1
4166.885	0.5	4166885	trained	32726	41	memtrain/o_663_2.jpg	photodiode	1
4167.786	0.5	4167786	untrained	32708	59	memtrain/o_201_2.jpg	photodiode	1
4168.637	0.5	4168637	catch	32671	n/a	catch_padded.jpg	photodiode	0
4168.972	0.0	4168972	response	6	n/a	n/a	trigger	0
4170.588	0.5	4170588	untrained	32690	77	memtrain/o_574_2.jpg	photodiode	1
4171.481	0.5	4171481	untrained	32678	89	memtrain/o_469_1.jpg	photodiode	1
4172.432	0.5	4172432	trained	32722	45	memtrain/so_090_2.jpg	photodiode	1
4173.182	0.5	4173182	untrained	32680	87	memtrain/o_365_1.jpg	photodiode	1
4173.933	0.5	4173933	catch	32671	n/a	catch_padded.jpg	photodiode	0
4174.297	0.0	4174297	response	6	n/a	n/a	trigger	0
4175.835	0.5	4175835	trained	32735	32	memtrain/o_485_2.jpg	photodiode	1
4176.685	0.5	4176685	trained	32759	8	memtrain/o_094_1.jpg	photodiode	1
4177.586	0.5	4177586	untrained	32719	48	memtrain/o_019_2.jpg	photodiode	1
4178.387	0.5	4178387	untrained	32699	68	memtrain/o_393_1.jpg	photodiode	1
4179.187	0.5	4179187	catch	32671	n/a	catch_padded.jpg	photodiode	0
4179.527	0.0	4179527	response	6	n/a	n/a	trigger	0
4181.289	0.5	4181289	trained	32737	30	memtrain/o_437_2.jpg	photodiode	1
4182.24	0.5	4182240	trained	32736	31	memtrain/o_465_2.jpg	photodiode	1
4182.991	0.5	4182991	trained	32742	25	memtrain/o_358_2.jpg	photodiode	1
4183.741	0.5	4183741	trained	32765	2	memtrain/o_035_1.jpg	photodiode	1
4184.692	0.5	4184692	untrained	32691	76	memtrain/o_570_1.jpg	photodiode	1
4185.593	0.5	4185593	catch	32671	n/a	catch_padded.jpg	photodiode	0
4185.965	0.0	4185965	response	6	n/a	n/a	trigger	0
4187.553	0.5	4187553	untrained	32688	79	memtrain/o_600_1.jpg	photodiode	1
4188.495	0.5	4188495	untrained	32697	70	memtrain/o_471_2.jpg	photodiode	1
4189.246	0.5	4189246	untrained	32714	53	memtrain/o_142_2.jpg	photodiode	1
4190.147	0.5	4190147	trained	32767	0	memtrain/o_006_1.jpg	photodiode	1
4190.997	0.5	4190997	catch	32671	n/a	catch_padded.jpg	photodiode	0
4191.416	0.0	4191416	response	6	n/a	n/a	trigger	0
4192.949	0.5	4192949	untrained	32695	72	memtrain/o_490_1.jpg	photodiode	1
4193.9	0.5	4193900	trained	32733	34	memtrain/o_558_2.jpg	photodiode	1
4194.801	0.5	4194801	trained	32732	35	memtrain/o_561_2.jpg	photodiode	1
4195.601	0.5	4195601	trained	32756	11	memtrain/o_117_2.jpg	photodiode	1
4196.352	0.5	4196352	catch	32671	n/a	catch_padded.jpg	photodiode	0
4196.826	0.0	4196826	response	6	n/a	n/a	trigger	0
4198.304	0.5	4198304	untrained	32704	63	memtrain/o_310_2.jpg	photodiode	1
4199.054	0.5	4199054	trained	32755	12	memtrain/o_127_2.jpg	photodiode	1
4199.846	0.5	4199846	trained	32747	20	memtrain/o_290_1.jpg	photodiode	1
4200.597	0.5	4200597	untrained	32717	50	memtrain/o_057_2.jpg	photodiode	1
4201.548	0.5	4201548	catch	32671	n/a	catch_padded.jpg	photodiode	0
4201.987	0.0	4201987	response	6	n/a	n/a	trigger	0
4203.449	0.5	4203449	untrained	32683	84	memtrain/so_117_2.jpg	photodiode	1
4204.3	0.5	4204300	trained	32754	13	memtrain/o_136_1.jpg	photodiode	1
4205.051	0.5	4205051	untrained	32684	83	memtrain/so_105_1.jpg	photodiode	1
4205.851	0.5	4205851	trained	32757	10	memtrain/o_111_2.jpg	photodiode	1
4206.802	0.5	4206802	catch	32671	n/a	catch_padded.jpg	photodiode	0
4207.203	0.0	4207203	response	6	n/a	n/a	trigger	0
4208.704	0.5	4208704	untrained	32709	58	memtrain/o_192_1.jpg	photodiode	1
4209.555	0.5	4209555	untrained	32712	55	memtrain/o_153_2.jpg	photodiode	1
4210.305	0.5	4210305	trained	32741	26	memtrain/o_376_1.jpg	photodiode	1
4211.206	0.5	4211206	catch	32671	n/a	catch_padded.jpg	photodiode	0
4212.721	0.0	4212721	response	6	n/a	n/a	trigger	0
4213.308	0.5	4213308	trained	32763	4	memtrain/o_042_1.jpg	photodiode	1
4214.209	0.5	4214209	trained	32732	35	memtrain/o_561_2.jpg	photodiode	1
4215.109	0.5	4215109	untrained	32694	73	memtrain/o_519_2.jpg	photodiode	1
4215.86	0.5	4215860	catch	32671	n/a	catch_padded.jpg	photodiode	0
4217.762	0.5	4217762	untrained	32689	78	memtrain/o_599_1.jpg	photodiode	1
4218.662	0.5	4218662	trained	32731	36	memtrain/o_583_1.jpg	photodiode	1
4219.513	0.5	4219513	untrained	32706	61	memtrain/o_298_2.jpg	photodiode	1
4220.464	0.5	4220464	trained	32726	41	memtrain/o_663_2.jpg	photodiode	1
4221.315	0.5	4221315	catch	32671	n/a	catch_padded.jpg	photodiode	0
4221.713	0.0	4221713	response	6	n/a	n/a	trigger	0
4223.266	0.5	4223266	untrained	32717	50	memtrain/o_057_2.jpg	photodiode	1
4224.017	0.5	4224017	untrained	32718	49	memtrain/o_054_2.jpg	photodiode	1
4224.968	0.5	4224968	untrained	32710	57	memtrain/o_171_1.jpg	photodiode	1
4225.768	0.5	4225768	trained	32762	5	memtrain/o_067_1.jpg	photodiode	1
4226.719	0.5	4226719	catch	32671	n/a	catch_padded.jpg	photodiode	0
4227.069	0.0	4227069	response	6	n/a	n/a	trigger	0
4228.721	0.5	4228721	trained	32757	10	memtrain/o_111_2.jpg	photodiode	1
4229.614	0.5	4229614	untrained	32701	66	memtrain/o_342_2.jpg	photodiode	1
4230.414	0.5	4230414	trained	32725	42	memtrain/so_034_2.jpg	photodiode	1
4231.215	0.5	4231215	catch	32671	n/a	catch_padded.jpg	photodiode	0
4231.597	0.0	4231597	response	6	n/a	n/a	trigger	0
4233.116	0.5	4233116	trained	32724	43	memtrain/so_043_2.jpg	photodiode	1
4233.967	0.5	4233967	trained	32751	16	memtrain/o_199_2.jpg	photodiode	1
4234.818	0.5	4234818	untrained	32684	83	memtrain/so_105_1.jpg	photodiode	1
4235.569	0.5	4235569	trained	32765	2	memtrain/o_035_1.jpg	photodiode	1
4236.469	0.5	4236469	untrained	32708	59	memtrain/o_201_2.jpg	photodiode	1
4236.802	0.0	4236802	response	6	n/a	n/a	trigger	0
4237.42	0.5	4237420	catch	32671	n/a	catch_padded.jpg	photodiode	0
4237.7	0.0	4237700	response	6	n/a	n/a	trigger	0
4239.372	0.5	4239372	untrained	32709	58	memtrain/o_192_1.jpg	photodiode	1
4240.172	0.5	4240172	untrained	32705	62	memtrain/o_304_1.jpg	photodiode	1
4240.973	0.5	4240973	trained	32737	30	memtrain/o_437_2.jpg	photodiode	1
4241.824	0.5	4241824	catch	32671	n/a	catch_padded.jpg	photodiode	0
4243.027	0.0	4243027	response	6	n/a	n/a	trigger	0
4243.725	0.5	4243725	untrained	32672	95	memtrain/so_125_1.jpg	photodiode	1
4244.676	0.5	4244676	untrained	32685	82	memtrain/o_656_1.jpg	photodiode	1
4245.577	0.5	4245577	trained	32758	9	memtrain/o_101_2.jpg	photodiode	1
4246.378	0.5	4246378	untrained	32677	90	memtrain/o_580_1.jpg	photodiode	1
4247.178	0.5	4247178	trained	32752	15	memtrain/o_195_1.jpg	photodiode	1
4248.129	0.5	4248129	catch	32671	n/a	catch_padded.jpg	photodiode	0
4248.701	0.0	4248701	response	6	n/a	n/a	trigger	0
4250.131	0.5	4250131	untrained	32676	91	memtrain/o_605_1.jpg	photodiode	1
4250.882	0.5	4250882	trained	32729	38	memtrain/o_603_1.jpg	photodiode	1
4251.682	0.5	4251682	trained	32740	27	memtrain/o_379_2.jpg	photodiode	1
4252.533	0.5	4252533	trained	32722	45	memtrain/so_090_2.jpg	photodiode	1
4253.484	0.5	4253484	untrained	32683	84	memtrain/so_117_2.jpg	photodiode	1
4254.284	0.5	4254284	catch	32671	n/a	catch_padded.jpg	photodiode	0
4254.743	0.0	4254743	response	6	n/a	n/a	trigger	0
4254.806	0.0	4254806	response	254	n/a	n/a	trigger	0
4254.809	0.0	4254809	response	6	n/a	n/a	trigger	0
4256.286	0.5	4256286	untrained	32713	54	memtrain/o_145_1.jpg	photodiode	1
4257.087	0.5	4257087	trained	32742	25	memtrain/o_358_2.jpg	photodiode	1
4258.038	0.5	4258038	trained	32745	22	memtrain/o_321_1.jpg	photodiode	1
4258.93	0.5	4258930	trained	32760	7	memtrain/o_091_2.jpg	photodiode	1
4259.73	0.5	4259730	trained	32759	8	memtrain/o_094_1.jpg	photodiode	1
4260.481	0.5	4260481	catch	32671	n/a	catch_padded.jpg	photodiode	0
4261.028	0.0	4261028	response	6	n/a	n/a	trigger	0
4262.583	0.5	4262583	trained	32733	34	memtrain/o_558_2.jpg	photodiode	1
4263.434	0.5	4263434	untrained	32687	80	memtrain/o_613_1.jpg	photodiode	1
4264.334	0.5	4264334	trained	32767	0	memtrain/o_006_1.jpg	photodiode	1
4265.235	0.5	4265235	catch	32671	n/a	catch_padded.jpg	photodiode	0
4266.387	0.0	4266387	response	6	n/a	n/a	trigger	0
4267.187	0.5	4267187	trained	32723	44	memtrain/so_045_1.jpg	photodiode	1
4267.937	0.5	4267937	trained	32761	6	memtrain/o_076_1.jpg	photodiode	1
4268.838	0.5	4268838	trained	32736	31	memtrain/o_465_2.jpg	photodiode	1
4269.689	0.5	4269689	catch	32671	n/a	catch_padded.jpg	photodiode	0
4270.133	0.0	4270133	response	6	n/a	n/a	trigger	0
4271.641	0.5	4271641	trained	32750	17	memtrain/o_232_1.jpg	photodiode	1
4272.391	0.5	4272391	untrained	32691	76	memtrain/o_570_1.jpg	photodiode	1
4273.242	0.5	4273242	trained	32728	39	memtrain/o_606_1.jpg	photodiode	1
4273.993	0.5	4273993	untrained	32716	51	memtrain/o_103_2.jpg	photodiode	1
4274.943	0.5	4274943	trained	32753	14	memtrain/o_174_1.jpg	photodiode	1
4275.894	0.5	4275894	catch	32671	n/a	catch_padded.jpg	photodiode	0
4276.223	0.0	4276223	response	6	n/a	n/a	trigger	0
4277.896	0.5	4277896	trained	32764	3	memtrain/o_040_2.jpg	photodiode	1
4278.647	0.5	4278647	trained	32766	1	memtrain/o_015_1.jpg	photodiode	1
4279.597	0.5	4279597	untrained	32693	74	memtrain/o_550_1.jpg	photodiode	1
4280.398	0.5	4280398	trained	32755	12	memtrain/o_127_2.jpg	photodiode	1
4281.299	0.5	4281299	untrained	32715	52	memtrain/o_141_1.jpg	photodiode	1
4282.2	0.5	4282200	catch	32671	n/a	catch_padded.jpg	photodiode	0
4282.577	0.0	4282577	response	6	n/a	n/a	trigger	0
4284.151	0.5	4284151	untrained	32719	48	memtrain/o_019_2.jpg	photodiode	1
4285.052	0.5	4285052	trained	32734	33	memtrain/o_536_1.jpg	photodiode	1
4285.853	0.5	4285853	trained	32727	40	memtrain/o_648_2.jpg	photodiode	1
4286.753	0.5	4286753	trained	32721	46	memtrain/so_113_1.jpg	photodiode	1
4287.596	0.5	4287596	catch	32671	n/a	catch_padded.jpg	photodiode	0
4287.927	0.0	4287927	response	6	n/a	n/a	trigger	0
4289.498	0.5	4289498	untrained	32675	92	memtrain/so_033_1.jpg	photodiode	1
4290.348	0.5	4290348	untrained	32714	53	memtrain/o_142_2.jpg	photodiode	1
4291.299	0.5	4291299	untrained	32696	71	memtrain/o_483_1.jpg	photodiode	1
4292.15	0.5	4292150	catch	32671	n/a	catch_padded.jpg	photodiode	0
4292.576	0.0	4292576	response	6	n/a	n/a	trigger	0
4294.252	0.5	4294252	untrained	32673	94	memtrain/so_067_1.jpg	photodiode	1
4295.202	0.5	4295202	untrained	32695	72	memtrain/o_490_1.jpg	photodiode	1
4295.953	0.5	4295953	untrained	32678	89	memtrain/o_469_1.jpg	photodiode	1
4296.754	0.5	4296754	trained	32747	20	memtrain/o_290_1.jpg	photodiode	1
4297.604	0.5	4297604	catch	32671	n/a	catch_padded.jpg	photodiode	0
4298.272	0.0	4298272	response	6	n/a	n/a	trigger	0
4299.606	0.5	4299606	trained	32735	32	memtrain/o_485_2.jpg	photodiode	1
4300.407	0.5	4300407	untrained	32704	63	memtrain/o_310_2.jpg	photodiode	1
4301.258	0.5	4301258	untrained	32680	87	memtrain/o_365_1.jpg	photodiode	1
4302.158	0.5	4302158	trained	32738	29	memtrain/o_416_1.jpg	photodiode	1
4302.959	0.5	4302959	catch	32671	n/a	catch_padded.jpg	photodiode	0
4303.399	0.0	4303399	response	6	n/a	n/a	trigger	0
4304.961	0.5	4304961	untrained	32686	81	memtrain/o_655_2.jpg	photodiode	1
4305.711	0.5	4305711	trained	32739	28	memtrain/o_397_1.jpg	photodiode	1
4306.562	0.5	4306562	trained	32730	37	memtrain/o_597_1.jpg	photodiode	1
4307.513	0.5	4307513	trained	32756	11	memtrain/o_117_2.jpg	photodiode	1
4308.264	0.5	4308264	trained	32748	19	memtrain/o_284_2.jpg	photodiode	1
4309.214	0.5	4309214	catch	32671	n/a	catch_padded.jpg	photodiode	0
4309.573	0.0	4309573	response	6	n/a	n/a	trigger	0
4311.116	0.5	4311116	trained	32749	18	memtrain/o_264_2.jpg	photodiode	1
4311.917	0.5	4311917	untrained	32707	60	memtrain/o_228_2.jpg	photodiode	1
4312.817	0.5	4312817	trained	32743	24	memtrain/o_357_1.jpg	photodiode	1
4313.718	0.5	4313718	untrained	32681	86	memtrain/o_288_1.jpg	photodiode	1
4314.619	0.5	4314619	trained	32720	47	memtrain/so_147_2.jpg	photodiode	1
4315.57	0.5	4315570	catch	32671	n/a	catch_padded.jpg	photodiode	0
4315.923	0.0	4315923	response	6	n/a	n/a	trigger	0
4317.513	0.5	4317513	untrained	32679	88	memtrain/o_458_1.jpg	photodiode	1
4318.414	0.5	4318414	trained	32754	13	memtrain/o_136_1.jpg	photodiode	1
4319.264	0.5	4319264	trained	32746	21	memtrain/o_319_1.jpg	photodiode	1
4320.115	0.5	4320115	untrained	32682	85	memtrain/o_218_1.jpg	photodiode	1
4320.866	0.5	4320866	untrained	32697	70	memtrain/o_471_2.jpg	photodiode	1
4321.766	0.5	4321766	catch	32671	n/a	catch_padded.jpg	photodiode	0
4322.17	0.0	4322170	response	6	n/a	n/a	trigger	0
4323.768	0.5	4323768	untrained	32692	75	memtrain/o_564_1.jpg	photodiode	1
4324.619	0.5	4324619	untrained	32700	67	memtrain/o_378_1.jpg	photodiode	1
4325.369	0.5	4325369	untrained	32699	68	memtrain/o_393_1.jpg	photodiode	1
4326.27	0.5	4326270	untrained	32702	65	memtrain/o_337_2.jpg	photodiode	1
4327.071	0.5	4327071	catch	32671	n/a	catch_padded.jpg	photodiode	0
4327.511	0.0	4327511	response	6	n/a	n/a	trigger	0
4329.123	0.5	4329123	untrained	32688	79	memtrain/o_600_1.jpg	photodiode	1
4329.973	0.5	4329973	untrained	32690	77	memtrain/o_574_2.jpg	photodiode	1
4330.874	0.5	4330874	untrained	32703	64	memtrain/o_334_2.jpg	photodiode	1
4331.725	0.5	4331725	untrained	32711	56	memtrain/o_163_2.jpg	photodiode	1
4332.325	0.0	4332325	response	6	n/a	n/a	trigger	0
4332.676	0.5	4332676	catch	32671	n/a	catch_padded.jpg	photodiode	0
4332.955	0.0	4332955	response	6	n/a	n/a	trigger	0
4334.677	0.5	4334677	untrained	32698	69	memtrain/o_464_2.jpg	photodiode	1
4335.578	0.5	4335578	untrained	32674	93	memtrain/so_035_1.jpg	photodiode	1
4336.329	0.5	4336329	trained	32744	23	memtrain/o_338_2.jpg	photodiode	1
4337.179	0.5	4337179	catch	32671	n/a	catch_padded.jpg	photodiode	0
4337.671	0.0	4337671	response	6	n/a	n/a	trigger	0
4343.652	0.0	4343652	block_end	120	n/a	n/a	trigger	0
4347.882	0.0	4347882	response	6	n/a	n/a	trigger	0
4347.89	0.0	4347890	block_onset	115	n/a	n/a	trigger	0
4349.949	0.5	4349949	untrained	32703	64	memtrain/o_334_2.jpg	photodiode	1
4350.75	0.5	4350750	trained	32720	47	memtrain/so_147_2.jpg	photodiode	1
4351.5	0.5	4351500	untrained	32680	87	memtrain/o_365_1.jpg	photodiode	1
4352.351	0.5	4352351	trained	32746	21	memtrain/o_319_1.jpg	photodiode	1
4353.202	0.5	4353202	trained	32740	27	memtrain/o_379_2.jpg	photodiode	1
4354.152	0.5	4354152	catch	32671	n/a	catch_padded.jpg	photodiode	0
4354.497	0.0	4354497	response	6	n/a	n/a	trigger	0
4356.096	0.5	4356096	trained	32727	40	memtrain/o_648_2.jpg	photodiode	1
4356.996	0.5	4356996	untrained	32705	62	memtrain/o_304_1.jpg	photodiode	1
4357.747	0.5	4357747	trained	32734	33	memtrain/o_536_1.jpg	photodiode	1
4358.598	0.5	4358598	catch	32671	n/a	catch_padded.jpg	photodiode	0
4359.007	0.0	4359007	response	6	n/a	n/a	trigger	0
4360.549	0.5	4360549	untrained	32709	58	memtrain/o_192_1.jpg	photodiode	1
4361.4	0.5	4361400	trained	32745	22	memtrain/o_321_1.jpg	photodiode	1
4362.201	0.5	4362201	untrained	32696	71	memtrain/o_483_1.jpg	photodiode	1
4363.151	0.5	4363151	catch	32671	n/a	catch_padded.jpg	photodiode	0
4363.619	0.0	4363619	response	6	n/a	n/a	trigger	0
4365.153	0.5	4365153	trained	32763	4	memtrain/o_042_1.jpg	photodiode	1
4365.954	0.5	4365954	untrained	32688	79	memtrain/o_600_1.jpg	photodiode	1
4366.855	0.5	4366855	trained	32744	23	memtrain/o_338_2.jpg	photodiode	1
4367.705	0.5	4367705	untrained	32676	91	memtrain/o_605_1.jpg	photodiode	1
4368.606	0.5	4368606	trained	32736	31	memtrain/o_465_2.jpg	photodiode	1
4369.407	0.5	4369407	catch	32671	n/a	catch_padded.jpg	photodiode	0
4369.749	0.0	4369749	response	6	n/a	n/a	trigger	0
4371.459	0.5	4371459	untrained	32701	66	memtrain/o_342_2.jpg	photodiode	1
4372.209	0.5	4372209	untrained	32719	48	memtrain/o_019_2.jpg	photodiode	1
4373.11	0.5	4373110	untrained	32706	61	memtrain/o_298_2.jpg	photodiode	1
4373.861	0.5	4373861	catch	32671	n/a	catch_padded.jpg	photodiode	0
4374.372	0.0	4374372	response	6	n/a	n/a	trigger	0
4375.912	0.5	4375912	untrained	32672	95	memtrain/so_125_1.jpg	photodiode	1
4376.763	0.5	4376763	untrained	32700	67	memtrain/o_378_1.jpg	photodiode	1
4377.514	0.5	4377514	trained	32751	16	memtrain/o_199_2.jpg	photodiode	1
4378.364	0.5	4378364	untrained	32674	93	memtrain/so_035_1.jpg	photodiode	1
4379.265	0.5	4379265	trained	32730	37	memtrain/o_597_1.jpg	photodiode	1
4380.216	0.5	4380216	catch	32671	n/a	catch_padded.jpg	photodiode	0
4380.7	0.0	4380700	response	6	n/a	n/a	trigger	0
4382.218	0.5	4382218	untrained	32714	53	memtrain/o_142_2.jpg	photodiode	1
4383.168	0.5	4383168	untrained	32685	82	memtrain/o_656_1.jpg	photodiode	1
4384.069	0.5	4384069	trained	32742	25	memtrain/o_358_2.jpg	photodiode	1
4384.962	0.5	4384962	untrained	32687	80	memtrain/o_613_1.jpg	photodiode	1
4385.763	0.5	4385763	catch	32671	n/a	catch_padded.jpg	photodiode	0
4386.164	0.0	4386164	response	6	n/a	n/a	trigger	0
4387.714	0.5	4387714	untrained	32712	55	memtrain/o_153_2.jpg	photodiode	1
4388.465	0.5	4388465	trained	32757	10	memtrain/o_111_2.jpg	photodiode	1
4389.266	0.5	4389266	trained	32738	29	memtrain/o_416_1.jpg	photodiode	1
4390.166	0.5	4390166	catch	32671	n/a	catch_padded.jpg	photodiode	0
4390.645	0.0	4390645	response	6	n/a	n/a	trigger	0
4392.268	0.5	4392268	trained	32753	14	memtrain/o_174_1.jpg	photodiode	1
4393.069	0.5	4393069	untrained	32699	68	memtrain/o_393_1.jpg	photodiode	1
4393.919	0.5	4393919	untrained	32678	89	memtrain/o_469_1.jpg	photodiode	1
4394.67	0.5	4394670	catch	32671	n/a	catch_padded.jpg	photodiode	0
4395.086	0.0	4395086	response	6	n/a	n/a	trigger	0
4396.722	0.5	4396722	untrained	32697	70	memtrain/o_471_2.jpg	photodiode	1
4397.523	0.5	4397523	untrained	32681	86	memtrain/o_288_1.jpg	photodiode	1
4398.373	0.5	4398373	untrained	32718	49	memtrain/o_054_2.jpg	photodiode	1
4399.324	0.5	4399324	catch	32671	n/a	catch_padded.jpg	photodiode	0
4399.734	0.0	4399734	response	6	n/a	n/a	trigger	0
4401.326	0.5	4401326	untrained	32694	73	memtrain/o_519_2.jpg	photodiode	1
4402.227	0.5	4402227	untrained	32686	81	memtrain/o_655_2.jpg	photodiode	1
4402.977	0.5	4402977	untrained	32715	52	memtrain/o_141_1.jpg	photodiode	1
4403.728	0.5	4403728	catch	32671	n/a	catch_padded.jpg	photodiode	0
4404.25	0.0	4404250	response	6	n/a	n/a	trigger	0
4405.679	0.5	4405679	trained	32754	13	memtrain/o_136_1.jpg	photodiode	1
4406.43	0.5	4406430	untrained	32707	60	memtrain/o_228_2.jpg	photodiode	1
4407.331	0.5	4407331	untrained	32717	50	memtrain/o_057_2.jpg	photodiode	1
4408.182	0.5	4408182	trained	32731	36	memtrain/o_583_1.jpg	photodiode	1
4409.082	0.5	4409082	catch	32671	n/a	catch_padded.jpg	photodiode	0
4409.455	0.0	4409455	response	6	n/a	n/a	trigger	0
4410.677	0.0	4410677	response	5	n/a	n/a	trigger	0
4411.134	0.5	4411134	untrained	32698	69	memtrain/o_464_2.jpg	photodiode	1
4412.085	0.5	4412085	trained	32761	6	memtrain/o_076_1.jpg	photodiode	1
4412.836	0.5	4412836	trained	32726	41	memtrain/o_663_2.jpg	photodiode	1
4413.636	0.5	4413636	trained	32759	8	memtrain/o_094_1.jpg	photodiode	1
4414.537	0.5	4414537	trained	32750	17	memtrain/o_232_1.jpg	photodiode	1
4415.279	0.5	4415279	catch	32671	n/a	catch_padded.jpg	photodiode	0
4415.599	0.0	4415599	response	6	n/a	n/a	trigger	0
4417.381	0.5	4417381	untrained	32695	72	memtrain/o_490_1.jpg	photodiode	1
4418.232	0.5	4418232	trained	32732	35	memtrain/o_561_2.jpg	photodiode	1
4419.132	0.5	4419132	trained	32724	43	memtrain/so_043_2.jpg	photodiode	1
4419.933	0.5	4419933	trained	32760	7	memtrain/o_091_2.jpg	photodiode	1
4420.834	0.5	4420834	catch	32671	n/a	catch_padded.jpg	photodiode	0
4421.246	0.0	4421246	response	6	n/a	n/a	trigger	0
4422.835	0.5	4422835	untrained	32713	54	memtrain/o_145_1.jpg	photodiode	1
4423.786	0.5	4423786	untrained	32708	59	memtrain/o_201_2.jpg	photodiode	1
4424.737	0.5	4424737	trained	32733	34	memtrain/o_558_2.jpg	photodiode	1
4425.588	0.5	4425588	trained	32729	38	memtrain/o_603_1.jpg	photodiode	1
4426.338	0.5	4426338	catch	32671	n/a	catch_padded.jpg	photodiode	0
4426.804	0.0	4426804	response	6	n/a	n/a	trigger	0
4428.29	0.5	4428290	trained	32728	39	memtrain/o_606_1.jpg	photodiode	1
4429.141	0.5	4429141	trained	32722	45	memtrain/so_090_2.jpg	photodiode	1
4429.941	0.5	4429941	trained	32755	12	memtrain/o_127_2.jpg	photodiode	1
4430.792	0.5	4430792	untrained	32673	94	memtrain/so_067_1.jpg	photodiode	1
4431.643	0.5	4431643	catch	32671	n/a	catch_padded.jpg	photodiode	0
4432.032	0.0	4432032	response	6	n/a	n/a	trigger	0
4433.745	0.5	4433745	trained	32752	15	memtrain/o_195_1.jpg	photodiode	1
4434.645	0.5	4434645	untrained	32711	56	memtrain/o_163_2.jpg	photodiode	1
4435.496	0.5	4435496	trained	32764	3	memtrain/o_040_2.jpg	photodiode	1
4436.447	0.5	4436447	catch	32671	n/a	catch_padded.jpg	photodiode	0
4436.886	0.0	4436886	response	6	n/a	n/a	trigger	0
4438.399	0.5	4438399	untrained	32693	74	memtrain/o_550_1.jpg	photodiode	1
4439.199	0.5	4439199	trained	32748	19	memtrain/o_284_2.jpg	photodiode	1
4440.0	0.5	4440000	untrained	32677	90	memtrain/o_580_1.jpg	photodiode	1
4440.951	0.5	4440951	catch	32671	n/a	catch_padded.jpg	photodiode	0
4441.378	0.0	4441378	response	6	n/a	n/a	trigger	0
4442.894	0.5	4442894	trained	32767	0	memtrain/o_006_1.jpg	photodiode	1
4443.845	0.5	4443845	untrained	32702	65	memtrain/o_337_2.jpg	photodiode	1
4444.646	0.5	4444646	trained	32758	9	memtrain/o_101_2.jpg	photodiode	1
4445.497	0.5	4445497	untrained	32684	83	memtrain/so_105_1.jpg	photodiode	1
4446.447	0.5	4446447	catch	32671	n/a	catch_padded.jpg	photodiode	0
4446.757	0.0	4446757	response	6	n/a	n/a	trigger	0
4448.549	0.5	4448549	untrained	32716	51	memtrain/o_103_2.jpg	photodiode	1
4449.5	0.5	4449500	untrained	32690	77	memtrain/o_574_2.jpg	photodiode	1
4450.251	0.5	4450251	untrained	32683	84	memtrain/so_117_2.jpg	photodiode	1
4451.051	0.5	4451051	trained	32739	28	memtrain/o_397_1.jpg	photodiode	1
4452.002	0.5	4452002	trained	32721	46	memtrain/so_113_1.jpg	photodiode	1
4452.903	0.5	4452903	catch	32671	n/a	catch_padded.jpg	photodiode	0
4453.193	0.0	4453193	response	6	n/a	n/a	trigger	0
4454.905	0.5	4454905	untrained	32675	92	memtrain/so_033_1.jpg	photodiode	1
4455.855	0.5	4455855	untrained	32689	78	memtrain/o_599_1.jpg	photodiode	1
4456.606	0.5	4456606	trained	32765	2	memtrain/o_035_1.jpg	photodiode	1
4457.507	0.5	4457507	untrained	32692	75	memtrain/o_564_1.jpg	photodiode	1
4458.357	0.5	4458357	trained	32743	24	memtrain/o_357_1.jpg	photodiode	1
4459.208	0.5	4459208	catch	32671	n/a	catch_padded.jpg	photodiode	0
4459.587	0.0	4459587	response	6	n/a	n/a	trigger	0
4461.11	0.5	4461110	trained	32735	32	memtrain/o_485_2.jpg	photodiode	1
4461.86	0.5	4461860	trained	32749	18	memtrain/o_264_2.jpg	photodiode	1
4462.811	0.5	4462811	trained	32747	20	memtrain/o_290_1.jpg	photodiode	1
4463.762	0.5	4463762	untrained	32679	88	memtrain/o_458_1.jpg	photodiode	1
4463.924	0.0	4463924	response	5	n/a	n/a	trigger	0
4464.663	0.5	4464663	untrained	32704	63	memtrain/o_310_2.jpg	photodiode	1
4465.413	0.5	4465413	catch	32671	n/a	catch_padded.jpg	photodiode	0
4465.749	0.0	4465749	response	6	n/a	n/a	trigger	0
4467.365	0.5	4467365	untrained	32682	85	memtrain/o_218_1.jpg	photodiode	1
4468.216	0.5	4468216	trained	32762	5	memtrain/o_067_1.jpg	photodiode	1
4469.017	0.5	4469017	trained	32725	42	memtrain/so_034_2.jpg	photodiode	1
4469.867	0.5	4469867	trained	32766	1	memtrain/o_015_1.jpg	photodiode	1
4470.618	0.5	4470618	catch	32671	n/a	catch_padded.jpg	photodiode	0
4470.982	0.0	4470982	response	6	n/a	n/a	trigger	0
4472.661	0.5	4472661	trained	32737	30	memtrain/o_437_2.jpg	photodiode	1
4473.412	0.5	4473412	trained	32723	44	memtrain/so_045_1.jpg	photodiode	1
4474.362	0.5	4474362	trained	32756	11	memtrain/o_117_2.jpg	photodiode	1
4475.213	0.5	4475213	catch	32671	n/a	catch_padded.jpg	photodiode	0
4475.655	0.0	4475655	response	6	n/a	n/a	trigger	0
4477.115	0.5	4477115	untrained	32710	57	memtrain/o_171_1.jpg	photodiode	1
4478.016	0.5	4478016	untrained	32691	76	memtrain/o_570_1.jpg	photodiode	1
4478.916	0.5	4478916	trained	32741	26	memtrain/o_376_1.jpg	photodiode	1
4479.667	0.5	4479667	catch	32671	n/a	catch_padded.jpg	photodiode	0
4480.046	0.0	4480046	response	6	n/a	n/a	trigger	0
4481.769	0.5	4481769	trained	32752	15	memtrain/o_195_1.jpg	photodiode	1
4482.619	0.5	4482619	trained	32723	44	memtrain/so_045_1.jpg	photodiode	1
4483.47	0.5	4483470	trained	32725	42	memtrain/so_034_2.jpg	photodiode	1
4484.421	0.5	4484421	untrained	32709	58	memtrain/o_192_1.jpg	photodiode	1
4485.322	0.5	4485322	catch	32671	n/a	catch_padded.jpg	photodiode	0
4485.641	0.0	4485641	response	6	n/a	n/a	trigger	0
4487.323	0.5	4487323	untrained	32676	91	memtrain/o_605_1.jpg	photodiode	1
4488.274	0.5	4488274	trained	32757	10	memtrain/o_111_2.jpg	photodiode	1
4489.225	0.5	4489225	untrained	32675	92	memtrain/so_033_1.jpg	photodiode	1
4489.976	0.5	4489976	trained	32724	43	memtrain/so_043_2.jpg	photodiode	1
4490.826	0.5	4490826	catch	32671	n/a	catch_padded.jpg	photodiode	0
4491.148	0.0	4491148	response	6	n/a	n/a	trigger	0
4492.878	0.5	4492878	untrained	32682	85	memtrain/o_218_1.jpg	photodiode	1
4493.829	0.5	4493829	trained	32741	26	memtrain/o_376_1.jpg	photodiode	1
4494.68	0.5	4494680	trained	32766	1	memtrain/o_015_1.jpg	photodiode	1
4495.631	0.5	4495631	trained	32762	5	memtrain/o_067_1.jpg	photodiode	1
4496.481	0.5	4496481	trained	32746	21	memtrain/o_319_1.jpg	photodiode	1
4497.232	0.5	4497232	catch	32671	n/a	catch_padded.jpg	photodiode	0
4497.501	0.0	4497501	response	6	n/a	n/a	trigger	0
4499.133	0.5	4499133	untrained	32689	78	memtrain/o_599_1.jpg	photodiode	1
4500.084	0.5	4500084	untrained	32693	74	memtrain/o_550_1.jpg	photodiode	1
4500.935	0.5	4500935	untrained	32707	60	memtrain/o_228_2.jpg	photodiode	1
4501.878	0.5	4501878	catch	32671	n/a	catch_padded.jpg	photodiode	0
4502.288	0.0	4502288	response	6	n/a	n/a	trigger	0
4503.979	0.5	4503979	trained	32727	40	memtrain/o_648_2.jpg	photodiode	1
4504.73	0.5	4504730	trained	32731	36	memtrain/o_583_1.jpg	photodiode	1
4505.631	0.5	4505631	untrained	32718	49	memtrain/o_054_2.jpg	photodiode	1
4506.532	0.5	4506532	untrained	32691	76	memtrain/o_570_1.jpg	photodiode	1
4507.282	0.5	4507282	trained	32737	30	memtrain/o_437_2.jpg	photodiode	1
4508.233	0.5	4508233	catch	32671	n/a	catch_padded.jpg	photodiode	0
4508.574	0.0	4508574	response	6	n/a	n/a	trigger	0
4510.235	0.5	4510235	untrained	32699	68	memtrain/o_393_1.jpg	photodiode	1
4511.194	0.5	4511194	untrained	32719	48	memtrain/o_019_2.jpg	photodiode	1
4512.086	0.5	4512086	untrained	32700	67	memtrain/o_378_1.jpg	photodiode	1
4512.837	0.5	4512837	catch	32671	n/a	catch_padded.jpg	photodiode	0
4513.265	0.0	4513265	response	6	n/a	n/a	trigger	0
4514.739	0.5	4514739	trained	32761	6	memtrain/o_076_1.jpg	photodiode	1
4515.539	0.5	4515539	trained	32750	17	memtrain/o_232_1.jpg	photodiode	1
4516.39	0.5	4516390	untrained	32678	89	memtrain/o_469_1.jpg	photodiode	1
4517.141	0.5	4517141	trained	32743	24	memtrain/o_357_1.jpg	photodiode	1
4518.091	0.5	4518091	catch	32671	n/a	catch_padded.jpg	photodiode	0
4518.426	0.0	4518426	response	6	n/a	n/a	trigger	0
4520.093	0.5	4520093	trained	32720	47	memtrain/so_147_2.jpg	photodiode	1
4520.894	0.5	4520894	trained	32755	12	memtrain/o_127_2.jpg	photodiode	1
4521.845	0.5	4521845	untrained	32685	82	memtrain/o_656_1.jpg	photodiode	1
4522.745	0.5	4522745	trained	32732	35	memtrain/o_561_2.jpg	photodiode	1
4523.696	0.5	4523696	catch	32671	n/a	catch_padded.jpg	photodiode	0
4524.091	0.0	4524091	response	6	n/a	n/a	trigger	0
4525.798	0.5	4525798	untrained	32687	80	memtrain/o_613_1.jpg	photodiode	1
4526.599	0.5	4526599	untrained	32683	84	memtrain/so_117_2.jpg	photodiode	1
4527.499	0.5	4527499	untrained	32714	53	memtrain/o_142_2.jpg	photodiode	1
4528.25	0.5	4528250	catch	32671	n/a	catch_padded.jpg	photodiode	0
4528.681	0.0	4528681	response	6	n/a	n/a	trigger	0
4530.302	0.5	4530302	untrained	32698	69	memtrain/o_464_2.jpg	photodiode	1
4531.044	0.5	4531044	untrained	32680	87	memtrain/o_365_1.jpg	photodiode	1
4531.995	0.5	4531995	untrained	32673	94	memtrain/so_067_1.jpg	photodiode	1
4532.745	0.5	4532745	untrained	32708	59	memtrain/o_201_2.jpg	photodiode	1
4533.596	0.5	4533596	catch	32671	n/a	catch_padded.jpg	photodiode	0
4533.961	0.0	4533961	response	6	n/a	n/a	trigger	0
4535.498	0.5	4535498	trained	32721	46	memtrain/so_113_1.jpg	photodiode	1
4536.348	0.5	4536348	untrained	32702	65	memtrain/o_337_2.jpg	photodiode	1
4537.249	0.5	4537249	trained	32764	3	memtrain/o_040_2.jpg	photodiode	1
4538.1	0.5	4538100	untrained	32692	75	memtrain/o_564_1.jpg	photodiode	1
4538.85	0.5	4538850	trained	32726	41	memtrain/o_663_2.jpg	photodiode	1
4539.701	0.5	4539701	catch	32671	n/a	catch_padded.jpg	photodiode	0
4539.959	0.0	4539959	response	6	n/a	n/a	trigger	0
4541.603	0.5	4541603	untrained	32690	77	memtrain/o_574_2.jpg	photodiode	1
4542.403	0.5	4542403	trained	32754	13	memtrain/o_136_1.jpg	photodiode	1
4543.204	0.5	4543204	untrained	32674	93	memtrain/so_035_1.jpg	photodiode	1
4544.105	0.5	4544105	untrained	32711	56	memtrain/o_163_2.jpg	photodiode	1
4545.006	0.5	4545006	catch	32671	n/a	catch_padded.jpg	photodiode	0
4545.42	0.0	4545420	response	6	n/a	n/a	trigger	0
4546.907	0.5	4546907	untrained	32681	86	memtrain/o_288_1.jpg	photodiode	1
4547.658	0.5	4547658	trained	32759	8	memtrain/o_094_1.jpg	photodiode	1
4548.509	0.5	4548509	trained	32765	2	memtrain/o_035_1.jpg	photodiode	1
4549.309	0.5	4549309	trained	32733	34	memtrain/o_558_2.jpg	photodiode	1
4550.21	0.5	4550210	trained	32751	16	memtrain/o_199_2.jpg	photodiode	1
4551.111	0.5	4551111	catch	32671	n/a	catch_padded.jpg	photodiode	0
4551.484	0.0	4551484	response	6	n/a	n/a	trigger	0
4553.213	0.5	4553213	trained	32729	38	memtrain/o_603_1.jpg	photodiode	1
4554.013	0.5	4554013	untrained	32697	70	memtrain/o_471_2.jpg	photodiode	1
4554.964	0.5	4554964	untrained	32694	73	memtrain/o_519_2.jpg	photodiode	1
4555.815	0.5	4555815	untrained	32696	71	memtrain/o_483_1.jpg	photodiode	1
4556.666	0.5	4556666	catch	32671	n/a	catch_padded.jpg	photodiode	0
4556.963	0.0	4556963	response	6	n/a	n/a	trigger	0
4558.617	0.5	4558617	trained	32747	20	memtrain/o_290_1.jpg	photodiode	1
4559.36	0.5	4559360	untrained	32677	90	memtrain/o_580_1.jpg	photodiode	1
4560.261	0.5	4560261	trained	32728	39	memtrain/o_606_1.jpg	photodiode	1
4561.011	0.5	4561011	untrained	32712	55	memtrain/o_153_2.jpg	photodiode	1
4561.912	0.5	4561912	catch	32671	n/a	catch_padded.jpg	photodiode	0
4562.324	0.0	4562324	response	6	n/a	n/a	trigger	0
4563.864	0.5	4563864	trained	32744	23	memtrain/o_338_2.jpg	photodiode	1
4564.764	0.5	4564764	trained	32767	0	memtrain/o_006_1.jpg	photodiode	1
4565.615	0.5	4565615	trained	32745	22	memtrain/o_321_1.jpg	photodiode	1
4566.516	0.5	4566516	catch	32671	n/a	catch_padded.jpg	photodiode	0
4567.019	0.0	4567019	response	6	n/a	n/a	trigger	0
4568.467	0.5	4568467	trained	32749	18	memtrain/o_264_2.jpg	photodiode	1
4569.268	0.5	4569268	trained	32748	19	memtrain/o_284_2.jpg	photodiode	1
4570.069	0.5	4570069	trained	32734	33	memtrain/o_536_1.jpg	photodiode	1
4570.92	0.5	4570920	untrained	32703	64	memtrain/o_334_2.jpg	photodiode	1
4571.82	0.5	4571820	trained	32730	37	memtrain/o_597_1.jpg	photodiode	1
4572.129	0.0	4572129	response	6	n/a	n/a	trigger	0
4572.721	0.5	4572721	catch	32671	n/a	catch_padded.jpg	photodiode	0
4572.904	0.0	4572904	response	6	n/a	n/a	trigger	0
4574.823	0.5	4574823	untrained	32684	83	memtrain/so_105_1.jpg	photodiode	1
4575.574	0.5	4575574	untrained	32672	95	memtrain/so_125_1.jpg	photodiode	1
4576.524	0.5	4576524	untrained	32701	66	memtrain/o_342_2.jpg	photodiode	1
4577.375	0.5	4577375	catch	32671	n/a	catch_padded.jpg	photodiode	0
4577.854	0.0	4577854	response	6	n/a	n/a	trigger	0
4579.477	0.5	4579477	untrained	32706	61	memtrain/o_298_2.jpg	photodiode	1
4580.227	0.5	4580227	untrained	32715	52	memtrain/o_141_1.jpg	photodiode	1
4581.028	0.5	4581028	untrained	32704	63	memtrain/o_310_2.jpg	photodiode	1
4581.829	0.5	4581829	trained	32763	4	memtrain/o_042_1.jpg	photodiode	1
4582.63	0.5	4582630	untrained	32695	72	memtrain/o_490_1.jpg	photodiode	1
4583.53	0.5	4583530	catch	32671	n/a	catch_padded.jpg	photodiode	0
4583.922	0.0	4583922	response	6	n/a	n/a	trigger	0
4585.432	0.5	4585432	trained	32735	32	memtrain/o_485_2.jpg	photodiode	1
4586.333	0.5	4586333	untrained	32679	88	memtrain/o_458_1.jpg	photodiode	1
4587.083	0.5	4587083	trained	32758	9	memtrain/o_101_2.jpg	photodiode	1
4587.884	0.5	4587884	trained	32753	14	memtrain/o_174_1.jpg	photodiode	1
4588.735	0.5	4588735	untrained	32688	79	memtrain/o_600_1.jpg	photodiode	1
4589.677	0.5	4589677	catch	32671	n/a	catch_padded.jpg	photodiode	0
4589.981	0.0	4589981	response	6	n/a	n/a	trigger	0
4591.629	0.5	4591629	trained	32742	25	memtrain/o_358_2.jpg	photodiode	1
4592.379	0.5	4592379	trained	32740	27	memtrain/o_379_2.jpg	photodiode	1
4593.33	0.5	4593330	trained	32722	45	memtrain/so_090_2.jpg	photodiode	1
4594.081	0.5	4594081	untrained	32717	50	memtrain/o_057_2.jpg	photodiode	1
4594.881	0.5	4594881	catch	32671	n/a	catch_padded.jpg	photodiode	0
4595.301	0.0	4595301	response	6	n/a	n/a	trigger	0
4596.833	0.5	4596833	trained	32736	31	memtrain/o_465_2.jpg	photodiode	1
4597.634	0.5	4597634	untrained	32705	62	memtrain/o_304_1.jpg	photodiode	1
4598.384	0.5	4598384	trained	32739	28	memtrain/o_397_1.jpg	photodiode	1
4599.185	0.5	4599185	trained	32760	7	memtrain/o_091_2.jpg	photodiode	1
4599.986	0.5	4599986	untrained	32710	57	memtrain/o_171_1.jpg	photodiode	1
4600.936	0.5	4600936	catch	32671	n/a	catch_padded.jpg	photodiode	0
4601.171	0.0	4601171	response	6	n/a	n/a	trigger	0
4602.888	0.5	4602888	trained	32756	11	memtrain/o_117_2.jpg	photodiode	1
4603.689	0.5	4603689	untrained	32686	81	memtrain/o_655_2.jpg	photodiode	1
4604.59	0.5	4604590	untrained	32713	54	memtrain/o_145_1.jpg	photodiode	1
4605.34	0.5	4605340	trained	32738	29	memtrain/o_416_1.jpg	photodiode	1
4606.291	0.5	4606291	untrained	32716	51	memtrain/o_103_2.jpg	photodiode	1
4607.242	0.5	4607242	catch	32671	n/a	catch_padded.jpg	photodiode	0
4607.532	0.0	4607532	response	6	n/a	n/a	trigger	0
4613.714	0.0	4613714	block_end	120	n/a	n/a	trigger	0
