onset	duration	sample	trial_type	value	object_id	stimulus_id	onset_source	analysis_include
20.266	0.0	20266	response	7	n/a	n/a	trigger	0
20.272	0.0	20272	block_onset	101	n/a	n/a	trigger	0
22.326	0.5	22326	trained	32749	18	memtrain/o_264_2.jpg	photodiode	1
23.277	0.5	23277	untrained	32697	70	memtrain/o_471_2.jpg	photodiode	1
24.128	0.5	24128	trained	32764	3	memtrain/o_040_2.jpg	photodiode	1
25.028	0.5	25028	untrained	32708	59	memtrain/o_201_2.jpg	photodiode	1
25.879	0.5	25879	catch	32671	n/a	catch_padded.jpg	photodiode	0
26.288	0.0	26288	response	7	n/a	n/a	trigger	0
27.781	0.5	27781	untrained	32719	48	memtrain/o_019_2.jpg	photodiode	1
28.623	0.5	28623	trained	32731	36	memtrain/o_583_1.jpg	photodiode	1
29.374	0.5	29374	untrained	32705	62	memtrain/o_304_1.jpg	photodiode	1
30.225	0.5	30225	untrained	32716	51	memtrain/o_103_2.jpg	photodiode	1
31.125	0.5	31125	trained	32728	39	memtrain/o_606_1.jpg	photodiode	1
31.876	0.5	31876	catch	32671	n/a	catch_padded.jpg	photodiode	0
32.332	0.0	32332	response	7	n/a	n/a	trigger	0
33.828	0.5	33828	untrained	32674	93	memtrain/so_035_1.jpg	photodiode	1
34.578	0.5	34578	trained	32720	47	memtrain/so_147_2.jpg	photodiode	1
35.429	0.5	35429	untrained	32709	58	memtrain/o_192_1.jpg	photodiode	1
36.38	0.5	36380	trained	32723	44	memtrain/so_045_1.jpg	photodiode	1
37.281	0.5	37281	trained	32721	46	memtrain/so_113_1.jpg	photodiode	1
38.081	0.5	38081	catch	32671	n/a	catch_padded.jpg	photodiode	0
38.525	0.0	38525	response	7	n/a	n/a	trigger	0
40.083	0.5	40083	untrained	32701	66	memtrain/o_342_2.jpg	photodiode	1
40.884	0.5	40884	untrained	32677	90	memtrain/o_580_1.jpg	photodiode	1
41.784	0.5	41784	untrained	32712	55	memtrain/o_153_2.jpg	photodiode	1
42.735	0.5	42735	untrained	32713	54	memtrain/o_145_1.jpg	photodiode	1
43.586	0.5	43586	untrained	32707	60	memtrain/o_228_2.jpg	photodiode	1
44.537	0.5	44537	catch	32671	n/a	catch_padded.jpg	photodiode	0
45.03	0.0	45030	response	7	n/a	n/a	trigger	0
46.538	0.5	46538	untrained	32698	69	memtrain/o_464_2.jpg	photodiode	1
47.289	0.5	47289	untrained	32699	68	memtrain/o_393_1.jpg	photodiode	1
48.04	0.5	48040	trained	32742	25	memtrain/o_358_2.jpg	photodiode	1
48.94	0.5	48940	trained	32746	21	memtrain/o_319_1.jpg	photodiode	1
49.741	0.5	49741	catch	32671	n/a	catch_padded.jpg	photodiode	0
50.198	0.0	50198	response	7	n/a	n/a	trigger	0
51.643	0.5	51643	trained	32724	43	memtrain/so_043_2.jpg	photodiode	1
52.594	0.5	52594	trained	32763	4	memtrain/o_042_1.jpg	photodiode	1
53.544	0.5	53544	trained	32734	33	memtrain/o_536_1.jpg	photodiode	1
54.295	0.5	54295	catch	32671	n/a	catch_padded.jpg	photodiode	0
54.767	0.0	54767	response	7	n/a	n/a	trigger	0
56.197	0.5	56197	trained	32766	1	memtrain/o_015_1.jpg	photodiode	1
57.039	0.5	57039	untrained	32717	50	memtrain/o_057_2.jpg	photodiode	1
57.79	0.5	57790	untrained	32681	86	memtrain/o_288_1.jpg	photodiode	1
58.59	0.5	58590	catch	32671	n/a	catch_padded.jpg	photodiode	0
59.072	0.0	59072	response	7	n/a	n/a	trigger	0
60.542	0.5	60542	trained	32748	19	memtrain/o_284_2.jpg	photodiode	1
61.293	0.5	61293	trained	32759	8	memtrain/o_094_1.jpg	photodiode	1
62.143	0.5	62143	trained	32758	9	memtrain/o_101_2.jpg	photodiode	1
62.894	0.5	62894	untrained	32703	64	memtrain/o_334_2.jpg	photodiode	1
63.795	0.5	63795	catch	32671	n/a	catch_padded.jpg	photodiode	0
64.298	0.0	64298	response	7	n/a	n/a	trigger	0
65.696	0.5	65696	untrained	32675	92	memtrain/so_033_1.jpg	photodiode	1
66.547	0.5	66547	untrained	32673	94	memtrain/so_067_1.jpg	photodiode	1
67.448	0.5	67448	untrained	32672	95	memtrain/so_125_1.jpg	photodiode	1
68.399	0.5	68399	trained	32767	0	memtrain/o_006_1.jpg	photodiode	1
69.299	0.5	69299	catch	32671	n/a	catch_padded.jpg	photodiode	0
69.727	0.0	69727	response	7	n/a	n/a	trigger	0
71.301	0.5	71301	trained	32757	10	memtrain/o_111_2.jpg	photodiode	1
72.102	0.5	72102	untrained	32710	57	memtrain/o_171_1.jpg	photodiode	1
72.852	0.5	72852	trained	32736	31	memtrain/o_465_2.jpg	photodiode	1
73.653	0.5	73653	trained	32739	28	memtrain/o_397_1.jpg	photodiode	1
74.404	0.5	74404	untrained	32700	67	memtrain/o_378_1.jpg	photodiode	1
75.204	0.5	75204	catch	32671	n/a	catch_padded.jpg	photodiode	0
75.721	0.0	75721	response	7	n/a	n/a	trigger	0
77.156	0.5	77156	trained	32753	14	memtrain/o_174_1.jpg	photodiode	1
78.007	0.5	78007	trained	32756	11	memtrain/o_117_2.jpg	photodiode	1
78.757	0.5	78757	trained	32745	22	memtrain/o_321_1.jpg	photodiode	1
79.558	0.5	79558	catch	32671	n/a	catch_padded.jpg	photodiode	0
80.163	0.0	80163	response	7	n/a	n/a	trigger	0
81.66	0.5	81660	trained	32730	37	memtrain/o_597_1.jpg	photodiode	1
82.561	0.5	82561	untrained	32715	52	memtrain/o_141_1.jpg	photodiode	1
83.511	0.5	83511	trained	32722	45	memtrain/so_090_2.jpg	photodiode	1
84.262	0.5	84262	catch	32671	n/a	catch_padded.jpg	photodiode	0
84.721	0.0	84721	response	7	n/a	n/a	trigger	0
86.155	0.5	86155	untrained	32706	61	memtrain/o_298_2.jpg	photodiode	1
86.956	0.5	86956	trained	32725	42	memtrain/so_034_2.jpg	photodiode	1
87.757	0.5	87757	trained	32751	16	memtrain/o_199_2.jpg	photodiode	1
88.707	0.5	88707	catch	32671	n/a	catch_padded.jpg	photodiode	0
89.24	0.0	89240	response	7	n/a	n/a	trigger	0
90.659	0.5	90659	trained	32754	13	memtrain/o_136_1.jpg	photodiode	1
91.41	0.5	91410	trained	32755	12	memtrain/o_127_2.jpg	photodiode	1
92.311	0.5	92311	trained	32740	27	memtrain/o_379_2.jpg	photodiode	1
93.111	0.5	93111	catch	32671	n/a	catch_padded.jpg	photodiode	0
93.6	0.0	93600	response	7	n/a	n/a	trigger	0
95.013	0.5	95013	trained	32727	40	memtrain/o_648_2.jpg	photodiode	1
95.864	0.5	95864	untrained	32679	88	memtrain/o_458_1.jpg	photodiode	1
96.814	0.5	96814	untrained	32696	71	memtrain/o_483_1.jpg	photodiode	1
97.715	0.5	97715	untrained	32714	53	memtrain/o_142_2.jpg	photodiode	1
98.666	0.5	98666	trained	32762	5	memtrain/o_067_1.jpg	photodiode	1
99.567	0.5	99567	catch	32671	n/a	catch_padded.jpg	photodiode	0
100.046	0.0	100046	response	7	n/a	n/a	trigger	0
101.518	0.5	101518	untrained	32704	63	memtrain/o_310_2.jpg	photodiode	1
102.469	0.5	102469	untrained	32711	56	memtrain/o_163_2.jpg	photodiode	1
103.42	0.5	103420	untrained	32688	79	memtrain/o_600_1.jpg	photodiode	1
104.221	0.5	104221	catch	32671	n/a	catch_padded.jpg	photodiode	0
104.763	0.0	104763	response	7	n/a	n/a	trigger	0
106.222	0.5	106222	trained	32743	24	memtrain/o_357_1.jpg	photodiode	1
106.973	0.5	106973	untrained	32690	77	memtrain/o_574_2.jpg	photodiode	1
107.824	0.5	107824	trained	32750	17	memtrain/o_232_1.jpg	photodiode	1
108.674	0.5	108674	catch	32671	n/a	catch_padded.jpg	photodiode	0
109.13	0.0	109130	response	7	n/a	n/a	trigger	0
110.626	0.5	110626	untrained	32686	81	memtrain/o_655_2.jpg	photodiode	1
111.527	0.5	111527	trained	32726	41	memtrain/o_663_2.jpg	photodiode	1
112.378	0.5	112378	untrained	32676	91	memtrain/o_605_1.jpg	photodiode	1
113.128	0.5	113128	untrained	32684	83	memtrain/so_105_1.jpg	photodiode	1
114.029	0.5	114029	catch	32671	n/a	catch_padded.jpg	photodiode	0
114.479	0.0	114479	response	7	n/a	n/a	trigger	0
116.081	0.5	116081	untrained	32693	74	memtrain/o_550_1.jpg	photodiode	1
116.973	0.5	116973	trained	32747	20	memtrain/o_290_1.jpg	photodiode	1
117.774	0.5	117774	untrained	32678	89	memtrain/o_469_1.jpg	photodiode	1
118.524	0.5	118524	catch	32671	n/a	catch_padded.jpg	photodiode	0
119.0	0.0	119000	response	7	n/a	n/a	trigger	0
120.626	0.5	120626	trained	32732	35	memtrain/o_561_2.jpg	photodiode	1
121.377	0.5	121377	trained	32737	30	memtrain/o_437_2.jpg	photodiode	1
122.278	0.5	122278	trained	32738	29	memtrain/o_416_1.jpg	photodiode	1
123.228	0.5	123228	catch	32671	n/a	catch_padded.jpg	photodiode	0
123.677	0.0	123677	response	7	n/a	n/a	trigger	0
125.28	0.5	125280	untrained	32680	87	memtrain/o_365_1.jpg	photodiode	1
126.131	0.5	126131	trained	32741	26	memtrain/o_376_1.jpg	photodiode	1
127.082	0.5	127082	trained	32760	7	memtrain/o_091_2.jpg	photodiode	1
127.982	0.5	127982	trained	32735	32	memtrain/o_485_2.jpg	photodiode	1
128.833	0.5	128833	untrained	32682	85	memtrain/o_218_1.jpg	photodiode	1
129.584	0.5	129584	catch	32671	n/a	catch_padded.jpg	photodiode	0
129.976	0.0	129976	response	7	n/a	n/a	trigger	0
131.635	0.5	131635	untrained	32692	75	memtrain/o_564_1.jpg	photodiode	1
132.486	0.5	132486	untrained	32689	78	memtrain/o_599_1.jpg	photodiode	1
133.437	0.5	133437	untrained	32702	65	memtrain/o_337_2.jpg	photodiode	1
134.238	0.5	134238	catch	32671	n/a	catch_padded.jpg	photodiode	0
134.728	0.0	134728	response	7	n/a	n/a	trigger	0
136.289	0.5	136289	trained	32752	15	memtrain/o_195_1.jpg	photodiode	1
137.09	0.5	137090	trained	32761	6	memtrain/o_076_1.jpg	photodiode	1
137.891	0.5	137891	untrained	32687	80	memtrain/o_613_1.jpg	photodiode	1
138.691	0.5	138691	untrained	32685	82	memtrain/o_656_1.jpg	photodiode	1
139.442	0.5	139442	catch	32671	n/a	catch_padded.jpg	photodiode	0
139.933	0.0	139933	response	7	n/a	n/a	trigger	0
141.444	0.5	141444	trained	32729	38	memtrain/o_603_1.jpg	photodiode	1
142.244	0.5	142244	untrained	32718	49	memtrain/o_054_2.jpg	photodiode	1
143.195	0.5	143195	untrained	32683	84	memtrain/so_117_2.jpg	photodiode	1
143.946	0.5	143946	untrained	32691	76	memtrain/o_570_1.jpg	photodiode	1
144.897	0.5	144897	trained	32744	23	memtrain/o_338_2.jpg	photodiode	1
145.697	0.5	145697	catch	32671	n/a	catch_padded.jpg	photodiode	0
146.167	0.0	146167	response	7	n/a	n/a	trigger	0
147.599	0.5	147599	trained	32733	34	memtrain/o_558_2.jpg	photodiode	1
148.542	0.5	148542	untrained	32695	72	memtrain/o_490_1.jpg	photodiode	1
149.342	0.5	149342	untrained	32694	73	memtrain/o_519_2.jpg	photodiode	1
150.093	0.5	150093	trained	32765	2	memtrain/o_035_1.jpg	photodiode	1
150.843	0.5	150843	catch	32671	n/a	catch_padded.jpg	photodiode	0
151.281	0.0	151281	response	7	n/a	n/a	trigger	0
152.895	0.5	152895	trained	32744	23	memtrain/o_338_2.jpg	photodiode	1
153.746	0.5	153746	untrained	32677	90	memtrain/o_580_1.jpg	photodiode	1
154.647	0.5	154647	untrained	32699	68	memtrain/o_393_1.jpg	photodiode	1
155.397	0.5	155397	untrained	32682	85	memtrain/o_218_1.jpg	photodiode	1
156.248	0.5	156248	trained	32740	27	memtrain/o_379_2.jpg	photodiode	1
157.149	0.5	157149	catch	32671	n/a	catch_padded.jpg	photodiode	0
157.673	0.0	157673	response	7	n/a	n/a	trigger	0
159.251	0.5	159251	trained	32721	46	memtrain/so_113_1.jpg	photodiode	1
160.151	0.5	160151	untrained	32714	53	memtrain/o_142_2.jpg	photodiode	1
161.102	0.5	161102	untrained	32681	86	memtrain/o_288_1.jpg	photodiode	1
162.053	0.5	162053	trained	32729	38	memtrain/o_603_1.jpg	photodiode	1
162.804	0.5	162804	catch	32671	n/a	catch_padded.jpg	photodiode	0
163.257	0.0	163257	response	7	n/a	n/a	trigger	0
164.755	0.5	164755	trained	32756	11	memtrain/o_117_2.jpg	photodiode	1
165.506	0.5	165506	untrained	32706	61	memtrain/o_298_2.jpg	photodiode	1
166.357	0.5	166357	trained	32734	33	memtrain/o_536_1.jpg	photodiode	1
167.307	0.5	167307	untrained	32698	69	memtrain/o_464_2.jpg	photodiode	1
168.058	0.5	168058	untrained	32695	72	memtrain/o_490_1.jpg	photodiode	1
168.959	0.5	168959	catch	32671	n/a	catch_padded.jpg	photodiode	0
169.347	0.0	169347	response	7	n/a	n/a	trigger	0
170.961	0.5	170961	untrained	32675	92	memtrain/so_033_1.jpg	photodiode	1
171.761	0.5	171761	trained	32761	6	memtrain/o_076_1.jpg	photodiode	1
172.612	0.5	172612	trained	32749	18	memtrain/o_264_2.jpg	photodiode	1
173.513	0.5	173513	trained	32723	44	memtrain/so_045_1.jpg	photodiode	1
174.263	0.5	174263	catch	32671	n/a	catch_padded.jpg	photodiode	0
174.784	0.0	174784	response	7	n/a	n/a	trigger	0
176.157	0.5	176157	untrained	32703	64	memtrain/o_334_2.jpg	photodiode	1
176.957	0.5	176957	trained	32727	40	memtrain/o_648_2.jpg	photodiode	1
177.808	0.5	177808	trained	32747	20	memtrain/o_290_1.jpg	photodiode	1
178.659	0.5	178659	trained	32754	13	memtrain/o_136_1.jpg	photodiode	1
179.459	0.5	179459	trained	32765	2	memtrain/o_035_1.jpg	photodiode	1
180.41	0.5	180410	catch	32671	n/a	catch_padded.jpg	photodiode	0
180.975	0.0	180975	response	7	n/a	n/a	trigger	0
182.512	0.5	182512	trained	32743	24	memtrain/o_357_1.jpg	photodiode	1
183.413	0.5	183413	untrained	32719	48	memtrain/o_019_2.jpg	photodiode	1
184.263	0.5	184263	untrained	32697	70	memtrain/o_471_2.jpg	photodiode	1
185.164	0.5	185164	trained	32737	30	memtrain/o_437_2.jpg	photodiode	1
186.065	0.5	186065	trained	32741	26	memtrain/o_376_1.jpg	photodiode	1
187.016	0.5	187016	catch	32671	n/a	catch_padded.jpg	photodiode	0
187.544	0.0	187544	response	7	n/a	n/a	trigger	0
189.067	0.5	189067	trained	32758	9	memtrain/o_101_2.jpg	photodiode	1
190.018	0.5	190018	untrained	32683	84	memtrain/so_117_2.jpg	photodiode	1
190.769	0.5	190769	untrained	32713	54	memtrain/o_145_1.jpg	photodiode	1
191.62	0.5	191620	trained	32736	31	memtrain/o_465_2.jpg	photodiode	1
192.47	0.5	192470	catch	32671	n/a	catch_padded.jpg	photodiode	0
193.118	0.0	193118	response	7	n/a	n/a	trigger	0
194.522	0.5	194522	trained	32746	21	memtrain/o_319_1.jpg	photodiode	1
195.423	0.5	195423	untrained	32692	75	memtrain/o_564_1.jpg	photodiode	1
196.274	0.5	196274	trained	32720	47	memtrain/so_147_2.jpg	photodiode	1
197.124	0.5	197124	catch	32671	n/a	catch_padded.jpg	photodiode	0
197.686	0.0	197686	response	7	n/a	n/a	trigger	0
199.226	0.5	199226	trained	32760	7	memtrain/o_091_2.jpg	photodiode	1
200.177	0.5	200177	untrained	32708	59	memtrain/o_201_2.jpg	photodiode	1
201.128	0.5	201128	trained	32728	39	memtrain/o_606_1.jpg	photodiode	1
201.978	0.5	201978	catch	32671	n/a	catch_padded.jpg	photodiode	0
202.499	0.0	202499	response	7	n/a	n/a	trigger	0
204.03	0.5	204030	untrained	32707	60	memtrain/o_228_2.jpg	photodiode	1
204.973	0.5	204973	trained	32733	34	memtrain/o_558_2.jpg	photodiode	1
205.924	0.5	205924	untrained	32711	56	memtrain/o_163_2.jpg	photodiode	1
206.674	0.5	206674	catch	32671	n/a	catch_padded.jpg	photodiode	0
207.181	0.0	207181	response	7	n/a	n/a	trigger	0
208.726	0.5	208726	untrained	32705	62	memtrain/o_304_1.jpg	photodiode	1
209.577	0.5	209577	untrained	32716	51	memtrain/o_103_2.jpg	photodiode	1
210.327	0.5	210327	untrained	32684	83	memtrain/so_105_1.jpg	photodiode	1
211.278	0.5	211278	untrained	32693	74	memtrain/o_550_1.jpg	photodiode	1
212.079	0.5	212079	catch	32671	n/a	catch_padded.jpg	photodiode	0
212.634	0.0	212634	response	7	n/a	n/a	trigger	0
214.181	0.5	214181	untrained	32686	81	memtrain/o_655_2.jpg	photodiode	1
214.981	0.5	214981	untrained	32694	73	memtrain/o_519_2.jpg	photodiode	1
215.732	0.5	215732	untrained	32691	76	memtrain/o_570_1.jpg	photodiode	1
216.482	0.5	216482	trained	32739	28	memtrain/o_397_1.jpg	photodiode	1
217.333	0.5	217333	untrained	32704	63	memtrain/o_310_2.jpg	photodiode	1
218.184	0.5	218184	catch	32671	n/a	catch_padded.jpg	photodiode	0
218.812	0.0	218812	response	7	n/a	n/a	trigger	0
220.236	0.5	220236	trained	32722	45	memtrain/so_090_2.jpg	photodiode	1
221.186	0.5	221186	trained	32750	17	memtrain/o_232_1.jpg	photodiode	1
222.137	0.5	222137	untrained	32696	71	memtrain/o_483_1.jpg	photodiode	1
223.038	0.5	223038	catch	32671	n/a	catch_padded.jpg	photodiode	0
223.541	0.0	223541	response	7	n/a	n/a	trigger	0
224.94	0.5	224940	untrained	32701	66	memtrain/o_342_2.jpg	photodiode	1
225.79	0.5	225790	untrained	32674	93	memtrain/so_035_1.jpg	photodiode	1
226.591	0.5	226591	trained	32726	41	memtrain/o_663_2.jpg	photodiode	1
227.492	0.5	227492	untrained	32688	79	memtrain/o_600_1.jpg	photodiode	1
228.343	0.5	228343	catch	32671	n/a	catch_padded.jpg	photodiode	0
228.831	0.0	228831	response	7	n/a	n/a	trigger	0
230.294	0.5	230294	untrained	32672	95	memtrain/so_125_1.jpg	photodiode	1
231.195	0.5	231195	trained	32766	1	memtrain/o_015_1.jpg	photodiode	1
232.146	0.5	232146	untrained	32685	82	memtrain/o_656_1.jpg	photodiode	1
232.946	0.5	232946	trained	32759	8	memtrain/o_094_1.jpg	photodiode	1
233.689	0.5	233689	untrained	32700	67	memtrain/o_378_1.jpg	photodiode	1
234.498	0.5	234498	catch	32671	n/a	catch_padded.jpg	photodiode	0
234.918	0.0	234918	response	7	n/a	n/a	trigger	0
236.491	0.5	236491	trained	32732	35	memtrain/o_561_2.jpg	photodiode	1
237.392	0.5	237392	trained	32735	32	memtrain/o_485_2.jpg	photodiode	1
238.142	0.5	238142	untrained	32689	78	memtrain/o_599_1.jpg	photodiode	1
238.993	0.5	238993	untrained	32709	58	memtrain/o_192_1.jpg	photodiode	1
239.794	0.5	239794	catch	32671	n/a	catch_padded.jpg	photodiode	0
240.458	0.0	240458	response	7	n/a	n/a	trigger	0
241.695	0.5	241695	untrained	32718	49	memtrain/o_054_2.jpg	photodiode	1
242.496	0.5	242496	untrained	32680	87	memtrain/o_365_1.jpg	photodiode	1
243.297	0.5	243297	trained	32725	42	memtrain/so_034_2.jpg	photodiode	1
244.097	0.5	244097	trained	32724	43	memtrain/so_043_2.jpg	photodiode	1
244.998	0.5	244998	untrained	32710	57	memtrain/o_171_1.jpg	photodiode	1
245.949	0.5	245949	catch	32671	n/a	catch_padded.jpg	photodiode	0
246.423	0.0	246423	response	7	n/a	n/a	trigger	0
248.001	0.5	248001	untrained	32679	88	memtrain/o_458_1.jpg	photodiode	1
248.902	0.5	248902	trained	32730	37	memtrain/o_597_1.jpg	photodiode	1
249.802	0.5	249802	trained	32767	0	memtrain/o_006_1.jpg	photodiode	1
250.603	0.5	250603	trained	32751	16	memtrain/o_199_2.jpg	photodiode	1
251.404	0.5	251404	catch	32671	n/a	catch_padded.jpg	photodiode	0
251.955	0.0	251955	response	7	n/a	n/a	trigger	0
253.455	0.5	253455	untrained	32673	94	memtrain/so_067_1.jpg	photodiode	1
254.306	0.5	254306	trained	32745	22	memtrain/o_321_1.jpg	photodiode	1
255.157	0.5	255157	trained	32763	4	memtrain/o_042_1.jpg	photodiode	1
256.108	0.5	256108	trained	32764	3	memtrain/o_040_2.jpg	photodiode	1
257.058	0.5	257058	untrained	32717	50	memtrain/o_057_2.jpg	photodiode	1
258.009	0.5	258009	catch	32671	n/a	catch_padded.jpg	photodiode	0
258.425	0.0	258425	response	7	n/a	n/a	trigger	0
259.911	0.5	259911	trained	32752	15	memtrain/o_195_1.jpg	photodiode	1
260.762	0.5	260762	untrained	32702	65	memtrain/o_337_2.jpg	photodiode	1
261.562	0.5	261562	trained	32731	36	memtrain/o_583_1.jpg	photodiode	1
262.355	0.5	262355	trained	32755	12	memtrain/o_127_2.jpg	photodiode	1
263.314	0.5	263314	catch	32671	n/a	catch_padded.jpg	photodiode	0
263.852	0.0	263852	response	7	n/a	n/a	trigger	0
265.407	0.5	265407	trained	32742	25	memtrain/o_358_2.jpg	photodiode	1
266.258	0.5	266258	trained	32748	19	memtrain/o_284_2.jpg	photodiode	1
267.059	0.5	267059	untrained	32712	55	memtrain/o_153_2.jpg	photodiode	1
268.009	0.5	268009	untrained	32715	52	memtrain/o_141_1.jpg	photodiode	1
268.81	0.5	268810	untrained	32687	80	memtrain/o_613_1.jpg	photodiode	1
269.611	0.5	269611	catch	32671	n/a	catch_padded.jpg	photodiode	0
270.023	0.0	270023	response	7	n/a	n/a	trigger	0
271.663	0.5	271663	untrained	32690	77	memtrain/o_574_2.jpg	photodiode	1
272.513	0.5	272513	trained	32762	5	memtrain/o_067_1.jpg	photodiode	1
273.414	0.5	273414	untrained	32678	89	memtrain/o_469_1.jpg	photodiode	1
274.215	0.5	274215	catch	32671	n/a	catch_padded.jpg	photodiode	0
274.985	0.0	274985	response	7	n/a	n/a	trigger	0
276.116	0.5	276116	trained	32753	14	memtrain/o_174_1.jpg	photodiode	1
277.067	0.5	277067	untrained	32676	91	memtrain/o_605_1.jpg	photodiode	1
277.968	0.5	277968	trained	32738	29	memtrain/o_416_1.jpg	photodiode	1
278.919	0.5	278919	trained	32757	10	memtrain/o_111_2.jpg	photodiode	1
279.669	0.5	279669	catch	32671	n/a	catch_padded.jpg	photodiode	0
280.187	0.0	280187	response	7	n/a	n/a	trigger	0
282.145	0.0	282145	block_end	120	n/a	n/a	trigger	0
290.568	0.0	290568	response	7	n/a	n/a	trigger	0
290.576	0.0	290576	block_onset	102	n/a	n/a	trigger	0
292.63	0.5	292630	trained	32766	1	memtrain/o_015_1.jpg	photodiode	1
293.531	0.5	293531	untrained	32707	60	memtrain/o_228_2.jpg	photodiode	1
294.282	0.5	294282	untrained	32675	92	memtrain/so_033_1.jpg	photodiode	1
295.032	0.5	295032	untrained	32705	62	memtrain/o_304_1.jpg	photodiode	1
295.933	0.5	295933	trained	32764	3	memtrain/o_040_2.jpg	photodiode	1
296.784	0.5	296784	catch	32671	n/a	catch_padded.jpg	photodiode	0
297.251	0.0	297251	response	7	n/a	n/a	trigger	0
298.677	0.5	298677	untrained	32714	53	memtrain/o_142_2.jpg	photodiode	1
299.628	0.5	299628	trained	32742	25	memtrain/o_358_2.jpg	photodiode	1
300.379	0.5	300379	trained	32756	11	memtrain/o_117_2.jpg	photodiode	1
301.179	0.5	301179	trained	32735	32	memtrain/o_485_2.jpg	photodiode	1
302.13	0.5	302130	untrained	32682	85	memtrain/o_218_1.jpg	photodiode	1
302.981	0.5	302981	catch	32671	n/a	catch_padded.jpg	photodiode	0
303.377	0.0	303377	response	7	n/a	n/a	trigger	0
305.083	0.5	305083	trained	32753	14	memtrain/o_174_1.jpg	photodiode	1
305.933	0.5	305933	untrained	32692	75	memtrain/o_564_1.jpg	photodiode	1
306.884	0.5	306884	trained	32762	5	memtrain/o_067_1.jpg	photodiode	1
307.785	0.5	307785	untrained	32674	93	memtrain/so_035_1.jpg	photodiode	1
308.686	0.5	308686	catch	32671	n/a	catch_padded.jpg	photodiode	0
309.157	0.0	309157	response	7	n/a	n/a	trigger	0
310.737	0.5	310737	untrained	32695	72	memtrain/o_490_1.jpg	photodiode	1
311.688	0.5	311688	trained	32739	28	memtrain/o_397_1.jpg	photodiode	1
312.489	0.5	312489	untrained	32678	89	memtrain/o_469_1.jpg	photodiode	1
313.44	0.5	313440	untrained	32691	76	memtrain/o_570_1.jpg	photodiode	1
314.19	0.5	314190	catch	32671	n/a	catch_padded.jpg	photodiode	0
314.623	0.0	314623	response	7	n/a	n/a	trigger	0
316.292	0.5	316292	untrained	32712	55	memtrain/o_153_2.jpg	photodiode	1
317.143	0.5	317143	trained	32750	17	memtrain/o_232_1.jpg	photodiode	1
317.893	0.5	317893	untrained	32719	48	memtrain/o_019_2.jpg	photodiode	1
318.794	0.5	318794	trained	32744	23	memtrain/o_338_2.jpg	photodiode	1
319.695	0.5	319695	trained	32733	34	memtrain/o_558_2.jpg	photodiode	1
320.596	0.5	320596	catch	32671	n/a	catch_padded.jpg	photodiode	0
321.205	0.0	321205	response	7	n/a	n/a	trigger	0
322.597	0.5	322597	untrained	32698	69	memtrain/o_464_2.jpg	photodiode	1
323.548	0.5	323548	trained	32738	29	memtrain/o_416_1.jpg	photodiode	1
324.349	0.5	324349	untrained	32688	79	memtrain/o_600_1.jpg	photodiode	1
325.15	0.5	325150	trained	32746	21	memtrain/o_319_1.jpg	photodiode	1
326.05	0.5	326050	catch	32671	n/a	catch_padded.jpg	photodiode	0
326.504	0.0	326504	response	7	n/a	n/a	trigger	0
328.052	0.5	328052	untrained	32709	58	memtrain/o_192_1.jpg	photodiode	1
328.953	0.5	328953	untrained	32703	64	memtrain/o_334_2.jpg	photodiode	1
329.753	0.5	329753	untrained	32699	68	memtrain/o_393_1.jpg	photodiode	1
330.596	0.5	330596	trained	32726	41	memtrain/o_663_2.jpg	photodiode	1
331.447	0.5	331447	untrained	32704	63	memtrain/o_310_2.jpg	photodiode	1
332.247	0.5	332247	catch	32671	n/a	catch_padded.jpg	photodiode	0
332.741	0.0	332741	response	7	n/a	n/a	trigger	0
334.199	0.5	334199	untrained	32694	73	memtrain/o_519_2.jpg	photodiode	1
335.05	0.5	335050	untrained	32693	74	memtrain/o_550_1.jpg	photodiode	1
335.8	0.5	335800	trained	32757	10	memtrain/o_111_2.jpg	photodiode	1
336.601	0.5	336601	catch	32671	n/a	catch_padded.jpg	photodiode	0
337.108	0.0	337108	response	7	n/a	n/a	trigger	0
338.553	0.5	338553	trained	32749	18	memtrain/o_264_2.jpg	photodiode	1
339.303	0.5	339303	untrained	32673	94	memtrain/so_067_1.jpg	photodiode	1
340.262	0.5	340262	trained	32736	31	memtrain/o_465_2.jpg	photodiode	1
341.055	0.5	341055	trained	32748	19	memtrain/o_284_2.jpg	photodiode	1
341.805	0.5	341805	catch	32671	n/a	catch_padded.jpg	photodiode	0
342.291	0.0	342291	response	7	n/a	n/a	trigger	0
343.707	0.5	343707	untrained	32686	81	memtrain/o_655_2.jpg	photodiode	1
344.508	0.5	344508	trained	32729	38	memtrain/o_603_1.jpg	photodiode	1
345.408	0.5	345408	trained	32761	6	memtrain/o_076_1.jpg	photodiode	1
346.259	0.5	346259	catch	32671	n/a	catch_padded.jpg	photodiode	0
346.729	0.0	346729	response	7	n/a	n/a	trigger	0
348.161	0.5	348161	untrained	32697	70	memtrain/o_471_2.jpg	photodiode	1
349.062	0.5	349062	untrained	32715	52	memtrain/o_141_1.jpg	photodiode	1
349.862	0.5	349862	untrained	32680	87	memtrain/o_365_1.jpg	photodiode	1
350.663	0.5	350663	catch	32671	n/a	catch_padded.jpg	photodiode	0
351.162	0.0	351162	response	7	n/a	n/a	trigger	0
352.715	0.5	352715	untrained	32701	66	memtrain/o_342_2.jpg	photodiode	1
353.515	0.5	353515	trained	32740	27	memtrain/o_379_2.jpg	photodiode	1
354.416	0.5	354416	untrained	32681	86	memtrain/o_288_1.jpg	photodiode	1
355.317	0.5	355317	trained	32755	12	memtrain/o_127_2.jpg	photodiode	1
356.118	0.5	356118	catch	32671	n/a	catch_padded.jpg	photodiode	0
356.605	0.0	356605	response	7	n/a	n/a	trigger	0
358.069	0.5	358069	trained	32758	9	memtrain/o_101_2.jpg	photodiode	1
359.012	0.5	359012	untrained	32713	54	memtrain/o_145_1.jpg	photodiode	1
359.912	0.5	359912	trained	32732	35	memtrain/o_561_2.jpg	photodiode	1
360.813	0.5	360813	catch	32671	n/a	catch_padded.jpg	photodiode	0
361.417	0.0	361417	response	7	n/a	n/a	trigger	0
362.715	0.5	362715	untrained	32690	77	memtrain/o_574_2.jpg	photodiode	1
363.515	0.5	363515	untrained	32677	90	memtrain/o_580_1.jpg	photodiode	1
364.366	0.5	364366	untrained	32718	49	memtrain/o_054_2.jpg	photodiode	1
365.267	0.5	365267	catch	32671	n/a	catch_padded.jpg	photodiode	0
365.816	0.0	365816	response	7	n/a	n/a	trigger	0
367.219	0.5	367219	untrained	32717	50	memtrain/o_057_2.jpg	photodiode	1
368.119	0.5	368119	trained	32754	13	memtrain/o_136_1.jpg	photodiode	1
368.97	0.5	368970	untrained	32700	67	memtrain/o_378_1.jpg	photodiode	1
369.821	0.5	369821	trained	32751	16	memtrain/o_199_2.jpg	photodiode	1
370.671	0.5	370671	catch	32671	n/a	catch_padded.jpg	photodiode	0
371.231	0.0	371231	response	7	n/a	n/a	trigger	0
372.673	0.5	372673	trained	32760	7	memtrain/o_091_2.jpg	photodiode	1
373.574	0.5	373574	trained	32731	36	memtrain/o_583_1.jpg	photodiode	1
374.475	0.5	374475	untrained	32711	56	memtrain/o_163_2.jpg	photodiode	1
375.275	0.5	375275	trained	32737	30	memtrain/o_437_2.jpg	photodiode	1
376.026	0.5	376026	untrained	32696	71	memtrain/o_483_1.jpg	photodiode	1
376.927	0.5	376927	catch	32671	n/a	catch_padded.jpg	photodiode	0
377.347	0.0	377347	response	7	n/a	n/a	trigger	0
378.878	0.5	378878	trained	32763	4	memtrain/o_042_1.jpg	photodiode	1
379.679	0.5	379679	trained	32722	45	memtrain/so_090_2.jpg	photodiode	1
380.63	0.5	380630	trained	32765	2	memtrain/o_035_1.jpg	photodiode	1
381.531	0.5	381531	catch	32671	n/a	catch_padded.jpg	photodiode	0
382.041	0.0	382041	response	7	n/a	n/a	trigger	0
383.532	0.5	383532	untrained	32676	91	memtrain/o_605_1.jpg	photodiode	1
384.383	0.5	384383	trained	32730	37	memtrain/o_597_1.jpg	photodiode	1
385.134	0.5	385134	trained	32752	15	memtrain/o_195_1.jpg	photodiode	1
385.984	0.5	385984	catch	32671	n/a	catch_padded.jpg	photodiode	0
386.477	0.0	386477	response	7	n/a	n/a	trigger	0
388.028	0.5	388028	trained	32734	33	memtrain/o_536_1.jpg	photodiode	1
388.879	0.5	388879	untrained	32708	59	memtrain/o_201_2.jpg	photodiode	1
389.629	0.5	389629	untrained	32687	80	memtrain/o_613_1.jpg	photodiode	1
390.48	0.5	390480	catch	32671	n/a	catch_padded.jpg	photodiode	0
391.08	0.0	391080	response	7	n/a	n/a	trigger	0
392.532	0.5	392532	trained	32741	26	memtrain/o_376_1.jpg	photodiode	1
393.332	0.5	393332	untrained	32689	78	memtrain/o_599_1.jpg	photodiode	1
394.183	0.5	394183	untrained	32685	82	memtrain/o_656_1.jpg	photodiode	1
395.134	0.5	395134	trained	32745	22	memtrain/o_321_1.jpg	photodiode	1
395.885	0.5	395885	untrained	32684	83	memtrain/so_105_1.jpg	photodiode	1
396.635	0.5	396635	catch	32671	n/a	catch_padded.jpg	photodiode	0
397.124	0.0	397124	response	7	n/a	n/a	trigger	0
398.687	0.5	398687	untrained	32679	88	memtrain/o_458_1.jpg	photodiode	1
399.638	0.5	399638	trained	32725	42	memtrain/so_034_2.jpg	photodiode	1
400.438	0.5	400438	trained	32723	44	memtrain/so_045_1.jpg	photodiode	1
401.339	0.5	401339	trained	32743	24	memtrain/o_357_1.jpg	photodiode	1
402.14	0.5	402140	catch	32671	n/a	catch_padded.jpg	photodiode	0
402.668	0.0	402668	response	7	n/a	n/a	trigger	0
404.041	0.5	404041	trained	32747	20	memtrain/o_290_1.jpg	photodiode	1
404.942	0.5	404942	untrained	32702	65	memtrain/o_337_2.jpg	photodiode	1
405.893	0.5	405893	untrained	32706	61	memtrain/o_298_2.jpg	photodiode	1
406.644	0.5	406644	catch	32671	n/a	catch_padded.jpg	photodiode	0
407.12	0.0	407120	response	7	n/a	n/a	trigger	0
408.595	0.5	408595	trained	32759	8	memtrain/o_094_1.jpg	photodiode	1
409.396	0.5	409396	trained	32728	39	memtrain/o_606_1.jpg	photodiode	1
410.247	0.5	410247	untrained	32683	84	memtrain/so_117_2.jpg	photodiode	1
411.047	0.5	411047	untrained	32710	57	memtrain/o_171_1.jpg	photodiode	1
411.848	0.5	411848	catch	32671	n/a	catch_padded.jpg	photodiode	0
412.259	0.0	412259	response	7	n/a	n/a	trigger	0
413.95	0.5	413950	trained	32721	46	memtrain/so_113_1.jpg	photodiode	1
414.901	0.5	414901	untrained	32716	51	memtrain/o_103_2.jpg	photodiode	1
415.701	0.5	415701	untrained	32672	95	memtrain/so_125_1.jpg	photodiode	1
416.594	0.5	416594	trained	32724	43	memtrain/so_043_2.jpg	photodiode	1
417.503	0.5	417503	catch	32671	n/a	catch_padded.jpg	photodiode	0
417.933	0.0	417933	response	7	n/a	n/a	trigger	0
419.596	0.5	419596	trained	32727	40	memtrain/o_648_2.jpg	photodiode	1
420.355	0.5	420355	trained	32720	47	memtrain/so_147_2.jpg	photodiode	1
421.298	0.5	421298	trained	32767	0	memtrain/o_006_1.jpg	photodiode	1
422.098	0.5	422098	untrained	32695	72	memtrain/o_490_1.jpg	photodiode	1
422.849	0.5	422849	trained	32734	33	memtrain/o_536_1.jpg	photodiode	1
423.75	0.5	423750	catch	32671	n/a	catch_padded.jpg	photodiode	0
424.237	0.0	424237	response	7	n/a	n/a	trigger	0
425.701	0.5	425701	trained	32726	41	memtrain/o_663_2.jpg	photodiode	1
426.602	0.5	426602	trained	32750	17	memtrain/o_232_1.jpg	photodiode	1
427.453	0.5	427453	untrained	32690	77	memtrain/o_574_2.jpg	photodiode	1
428.204	0.5	428204	untrained	32708	59	memtrain/o_201_2.jpg	photodiode	1
429.004	0.5	429004	trained	32748	19	memtrain/o_284_2.jpg	photodiode	1
429.955	0.5	429955	catch	32671	n/a	catch_padded.jpg	photodiode	0
430.418	0.0	430418	response	7	n/a	n/a	trigger	0
432.057	0.5	432057	untrained	32694	73	memtrain/o_519_2.jpg	photodiode	1
432.807	0.5	432807	trained	32756	11	memtrain/o_117_2.jpg	photodiode	1
433.758	0.5	433758	untrained	32714	53	memtrain/o_142_2.jpg	photodiode	1
434.509	0.5	434509	trained	32738	29	memtrain/o_416_1.jpg	photodiode	1
435.26	0.5	435260	untrained	32702	65	memtrain/o_337_2.jpg	photodiode	1
436.11	0.5	436110	catch	32671	n/a	catch_padded.jpg	photodiode	0
436.588	0.0	436588	response	7	n/a	n/a	trigger	0
438.162	0.5	438162	untrained	32715	52	memtrain/o_141_1.jpg	photodiode	1
438.913	0.5	438913	untrained	32698	69	memtrain/o_464_2.jpg	photodiode	1
439.763	0.5	439763	trained	32751	16	memtrain/o_199_2.jpg	photodiode	1
440.514	0.5	440514	untrained	32717	50	memtrain/o_057_2.jpg	photodiode	1
441.265	0.5	441265	untrained	32718	49	memtrain/o_054_2.jpg	photodiode	1
442.165	0.5	442165	catch	32671	n/a	catch_padded.jpg	photodiode	0
442.73	0.0	442730	response	7	n/a	n/a	trigger	0
444.067	0.5	444067	trained	32766	1	memtrain/o_015_1.jpg	photodiode	1
444.818	0.5	444818	untrained	32707	60	memtrain/o_228_2.jpg	photodiode	1
445.768	0.5	445768	trained	32743	24	memtrain/o_357_1.jpg	photodiode	1
446.561	0.5	446561	trained	32742	25	memtrain/o_358_2.jpg	photodiode	1
447.512	0.5	447512	catch	32671	n/a	catch_padded.jpg	photodiode	0
448.003	0.0	448003	response	7	n/a	n/a	trigger	0
449.563	0.5	449563	trained	32732	35	memtrain/o_561_2.jpg	photodiode	1
450.364	0.5	450364	untrained	32689	78	memtrain/o_599_1.jpg	photodiode	1
451.215	0.5	451215	untrained	32684	83	memtrain/so_105_1.jpg	photodiode	1
451.965	0.5	451965	trained	32725	42	memtrain/so_034_2.jpg	photodiode	1
452.916	0.5	452916	trained	32753	14	memtrain/o_174_1.jpg	photodiode	1
453.717	0.5	453717	catch	32671	n/a	catch_padded.jpg	photodiode	0
454.19	0.0	454190	response	7	n/a	n/a	trigger	0
455.769	0.5	455769	trained	32764	3	memtrain/o_040_2.jpg	photodiode	1
456.628	0.5	456628	untrained	32686	81	memtrain/o_655_2.jpg	photodiode	1
457.47	0.5	457470	untrained	32691	76	memtrain/o_570_1.jpg	photodiode	1
458.421	0.5	458421	untrained	32704	63	memtrain/o_310_2.jpg	photodiode	1
459.172	0.5	459172	untrained	32700	67	memtrain/o_378_1.jpg	photodiode	1
460.122	0.5	460122	catch	32671	n/a	catch_padded.jpg	photodiode	0
460.619	0.0	460619	response	7	n/a	n/a	trigger	0
462.224	0.5	462224	trained	32728	39	memtrain/o_606_1.jpg	photodiode	1
462.975	0.5	462975	trained	32721	46	memtrain/so_113_1.jpg	photodiode	1
463.825	0.5	463825	untrained	32680	87	memtrain/o_365_1.jpg	photodiode	1
464.726	0.5	464726	untrained	32681	86	memtrain/o_288_1.jpg	photodiode	1
465.577	0.5	465577	catch	32671	n/a	catch_padded.jpg	photodiode	0
466.032	0.0	466032	response	7	n/a	n/a	trigger	0
467.679	0.5	467679	untrained	32678	89	memtrain/o_469_1.jpg	photodiode	1
468.63	0.5	468630	trained	32739	28	memtrain/o_397_1.jpg	photodiode	1
469.43	0.5	469430	trained	32759	8	memtrain/o_094_1.jpg	photodiode	1
470.281	0.5	470281	catch	32671	n/a	catch_padded.jpg	photodiode	0
470.833	0.0	470833	response	7	n/a	n/a	trigger	0
472.283	0.5	472283	trained	32733	34	memtrain/o_558_2.jpg	photodiode	1
473.133	0.5	473133	trained	32724	43	memtrain/so_043_2.jpg	photodiode	1
474.084	0.5	474084	untrained	32672	95	memtrain/so_125_1.jpg	photodiode	1
474.826	0.5	474826	catch	32671	n/a	catch_padded.jpg	photodiode	0
475.297	0.0	475297	response	7	n/a	n/a	trigger	0
476.928	0.5	476928	trained	32760	7	memtrain/o_091_2.jpg	photodiode	1
477.879	0.5	477879	trained	32736	31	memtrain/o_465_2.jpg	photodiode	1
478.73	0.5	478730	untrained	32693	74	memtrain/o_550_1.jpg	photodiode	1
479.48	0.5	479480	trained	32758	9	memtrain/o_101_2.jpg	photodiode	1
480.231	0.5	480231	untrained	32674	93	memtrain/so_035_1.jpg	photodiode	1
481.182	0.5	481182	catch	32671	n/a	catch_padded.jpg	photodiode	0
481.56	0.0	481560	response	7	n/a	n/a	trigger	0
483.284	0.5	483284	untrained	32716	51	memtrain/o_103_2.jpg	photodiode	1
484.134	0.5	484134	trained	32755	12	memtrain/o_127_2.jpg	photodiode	1
484.935	0.5	484935	trained	32746	21	memtrain/o_319_1.jpg	photodiode	1
485.786	0.5	485786	trained	32730	37	memtrain/o_597_1.jpg	photodiode	1
486.586	0.5	486586	catch	32671	n/a	catch_padded.jpg	photodiode	0
487.036	0.0	487036	response	7	n/a	n/a	trigger	0
488.688	0.5	488688	trained	32723	44	memtrain/so_045_1.jpg	photodiode	1
489.539	0.5	489539	trained	32747	20	memtrain/o_290_1.jpg	photodiode	1
490.49	0.5	490490	untrained	32679	88	memtrain/o_458_1.jpg	photodiode	1
491.39	0.5	491390	trained	32754	13	memtrain/o_136_1.jpg	photodiode	1
492.35	0.5	492350	untrained	32677	90	memtrain/o_580_1.jpg	photodiode	1
493.292	0.5	493292	catch	32671	n/a	catch_padded.jpg	photodiode	0
493.738	0.0	493738	response	7	n/a	n/a	trigger	0
495.294	0.5	495294	untrained	32701	66	memtrain/o_342_2.jpg	photodiode	1
496.195	0.5	496195	untrained	32712	55	memtrain/o_153_2.jpg	photodiode	1
497.095	0.5	497095	trained	32749	18	memtrain/o_264_2.jpg	photodiode	1
498.046	0.5	498046	trained	32763	4	memtrain/o_042_1.jpg	photodiode	1
498.897	0.5	498897	trained	32752	15	memtrain/o_195_1.jpg	photodiode	1
499.798	0.5	499798	catch	32671	n/a	catch_padded.jpg	photodiode	0
500.213	0.0	500213	response	7	n/a	n/a	trigger	0
501.699	0.5	501699	trained	32761	6	memtrain/o_076_1.jpg	photodiode	1
502.65	0.5	502650	trained	32729	38	memtrain/o_603_1.jpg	photodiode	1
503.551	0.5	503551	untrained	32682	85	memtrain/o_218_1.jpg	photodiode	1
504.443	0.5	504443	untrained	32687	80	memtrain/o_613_1.jpg	photodiode	1
505.252	0.5	505252	trained	32722	45	memtrain/so_090_2.jpg	photodiode	1
506.003	0.5	506003	catch	32671	n/a	catch_padded.jpg	photodiode	0
506.46	0.0	506460	response	7	n/a	n/a	trigger	0
508.055	0.5	508055	trained	32744	23	memtrain/o_338_2.jpg	photodiode	1
508.797	0.5	508797	trained	32727	40	memtrain/o_648_2.jpg	photodiode	1
509.648	0.5	509648	untrained	32706	61	memtrain/o_298_2.jpg	photodiode	1
510.398	0.5	510398	catch	32671	n/a	catch_padded.jpg	photodiode	0
510.976	0.0	510976	response	7	n/a	n/a	trigger	0
512.5	0.5	512500	untrained	32699	68	memtrain/o_393_1.jpg	photodiode	1
513.451	0.5	513451	trained	32737	30	memtrain/o_437_2.jpg	photodiode	1
514.352	0.5	514352	untrained	32692	75	memtrain/o_564_1.jpg	photodiode	1
515.102	0.5	515102	untrained	32710	57	memtrain/o_171_1.jpg	photodiode	1
516.053	0.5	516053	catch	32671	n/a	catch_padded.jpg	photodiode	0
516.491	0.0	516491	response	7	n/a	n/a	trigger	0
518.105	0.5	518105	untrained	32703	64	memtrain/o_334_2.jpg	photodiode	1
518.956	0.5	518956	trained	32767	0	memtrain/o_006_1.jpg	photodiode	1
519.706	0.5	519706	untrained	32697	70	memtrain/o_471_2.jpg	photodiode	1
520.457	0.5	520457	catch	32671	n/a	catch_padded.jpg	photodiode	0
521.0	0.0	521000	response	7	n/a	n/a	trigger	0
522.408	0.5	522408	untrained	32688	79	memtrain/o_600_1.jpg	photodiode	1
523.209	0.5	523209	untrained	32696	71	memtrain/o_483_1.jpg	photodiode	1
524.16	0.5	524160	untrained	32711	56	memtrain/o_163_2.jpg	photodiode	1
525.011	0.5	525011	untrained	32673	94	memtrain/so_067_1.jpg	photodiode	1
525.761	0.5	525761	catch	32671	n/a	catch_padded.jpg	photodiode	0
526.197	0.0	526197	response	7	n/a	n/a	trigger	0
527.713	0.5	527713	trained	32765	2	memtrain/o_035_1.jpg	photodiode	1
528.514	0.5	528514	trained	32731	36	memtrain/o_583_1.jpg	photodiode	1
529.414	0.5	529414	untrained	32719	48	memtrain/o_019_2.jpg	photodiode	1
530.315	0.5	530315	catch	32671	n/a	catch_padded.jpg	photodiode	0
530.741	0.0	530741	response	7	n/a	n/a	trigger	0
532.217	0.5	532217	untrained	32685	82	memtrain/o_656_1.jpg	photodiode	1
533.017	0.5	533017	trained	32741	26	memtrain/o_376_1.jpg	photodiode	1
533.818	0.5	533818	trained	32757	10	memtrain/o_111_2.jpg	photodiode	1
534.669	0.5	534669	catch	32671	n/a	catch_padded.jpg	photodiode	0
535.319	0.0	535319	response	7	n/a	n/a	trigger	0
536.562	0.5	536562	untrained	32676	91	memtrain/o_605_1.jpg	photodiode	1
537.513	0.5	537513	trained	32740	27	memtrain/o_379_2.jpg	photodiode	1
538.464	0.5	538464	untrained	32705	62	memtrain/o_304_1.jpg	photodiode	1
539.415	0.5	539415	catch	32671	n/a	catch_padded.jpg	photodiode	0
539.893	0.0	539893	response	7	n/a	n/a	trigger	0
541.416	0.5	541416	trained	32745	22	memtrain/o_321_1.jpg	photodiode	1
542.267	0.5	542267	untrained	32675	92	memtrain/so_033_1.jpg	photodiode	1
543.218	0.5	543218	untrained	32683	84	memtrain/so_117_2.jpg	photodiode	1
544.068	0.5	544068	trained	32735	32	memtrain/o_485_2.jpg	photodiode	1
544.869	0.5	544869	catch	32671	n/a	catch_padded.jpg	photodiode	0
545.302	0.0	545302	response	7	n/a	n/a	trigger	0
546.871	0.5	546871	trained	32762	5	memtrain/o_067_1.jpg	photodiode	1
547.722	0.5	547722	trained	32720	47	memtrain/so_147_2.jpg	photodiode	1
548.522	0.5	548522	untrained	32713	54	memtrain/o_145_1.jpg	photodiode	1
549.273	0.5	549273	untrained	32709	58	memtrain/o_192_1.jpg	photodiode	1
550.074	0.5	550074	catch	32671	n/a	catch_padded.jpg	photodiode	0
550.485	0.0	550485	response	7	n/a	n/a	trigger	0
552.55	0.0	552550	block_end	120	n/a	n/a	trigger	0
567.929	0.0	567929	response	7	n/a	n/a	trigger	0
567.936	0.0	567936	block_onset	103	n/a	n/a	trigger	0
569.99	0.5	569990	untrained	32682	85	memtrain/o_218_1.jpg	photodiode	1
570.941	0.5	570941	trained	32733	34	memtrain/o_558_2.jpg	photodiode	1
571.842	0.5	571842	untrained	32688	79	memtrain/o_600_1.jpg	photodiode	1
572.643	0.5	572643	trained	32722	45	memtrain/so_090_2.jpg	photodiode	1
573.393	0.5	573393	trained	32756	11	memtrain/o_117_2.jpg	photodiode	1
574.136	0.5	574136	catch	32671	n/a	catch_padded.jpg	photodiode	0
574.675	0.0	574675	response	7	n/a	n/a	trigger	0
576.087	0.5	576087	untrained	32693	74	memtrain/o_550_1.jpg	photodiode	1
576.888	0.5	576888	trained	32753	14	memtrain/o_174_1.jpg	photodiode	1
577.789	0.5	577789	untrained	32685	82	memtrain/o_656_1.jpg	photodiode	1
578.589	0.5	578589	catch	32671	n/a	catch_padded.jpg	photodiode	0
579.1	0.0	579100	response	7	n/a	n/a	trigger	0
580.591	0.5	580591	untrained	32715	52	memtrain/o_141_1.jpg	photodiode	1
581.492	0.5	581492	trained	32735	32	memtrain/o_485_2.jpg	photodiode	1
582.293	0.5	582293	untrained	32686	81	memtrain/o_655_2.jpg	photodiode	1
583.193	0.5	583193	untrained	32709	58	memtrain/o_192_1.jpg	photodiode	1
583.994	0.5	583994	catch	32671	n/a	catch_padded.jpg	photodiode	0
584.474	0.0	584474	response	7	n/a	n/a	trigger	0
585.996	0.5	585996	trained	32765	2	memtrain/o_035_1.jpg	photodiode	1
586.796	0.5	586796	untrained	32716	51	memtrain/o_103_2.jpg	photodiode	1
587.697	0.5	587697	trained	32759	8	memtrain/o_094_1.jpg	photodiode	1
588.498	0.5	588498	catch	32671	n/a	catch_padded.jpg	photodiode	0
588.985	0.0	588985	response	7	n/a	n/a	trigger	0
590.45	0.5	590450	trained	32732	35	memtrain/o_561_2.jpg	photodiode	1
591.2	0.5	591200	untrained	32676	91	memtrain/o_605_1.jpg	photodiode	1
592.151	0.5	592151	untrained	32711	56	memtrain/o_163_2.jpg	photodiode	1
593.002	0.5	593002	catch	32671	n/a	catch_padded.jpg	photodiode	0
593.457	0.0	593457	response	7	n/a	n/a	trigger	0
594.903	0.5	594903	untrained	32694	73	memtrain/o_519_2.jpg	photodiode	1
595.704	0.5	595704	trained	32752	15	memtrain/o_195_1.jpg	photodiode	1
596.505	0.5	596505	untrained	32699	68	memtrain/o_393_1.jpg	photodiode	1
597.355	0.5	597355	untrained	32712	55	memtrain/o_153_2.jpg	photodiode	1
598.206	0.5	598206	trained	32724	43	memtrain/so_043_2.jpg	photodiode	1
599.057	0.5	599057	catch	32671	n/a	catch_padded.jpg	photodiode	0
599.526	0.0	599526	response	7	n/a	n/a	trigger	0
601.159	0.5	601159	trained	32763	4	memtrain/o_042_1.jpg	photodiode	1
602.009	0.5	602009	untrained	32672	95	memtrain/so_125_1.jpg	photodiode	1
602.902	0.5	602902	untrained	32696	71	memtrain/o_483_1.jpg	photodiode	1
603.811	0.5	603811	trained	32757	10	memtrain/o_111_2.jpg	photodiode	1
604.762	0.5	604762	catch	32671	n/a	catch_padded.jpg	photodiode	0
605.309	0.0	605309	response	7	n/a	n/a	trigger	0
606.855	0.5	606855	trained	32744	23	memtrain/o_338_2.jpg	photodiode	1
607.756	0.5	607756	trained	32721	46	memtrain/so_113_1.jpg	photodiode	1
608.665	0.5	608665	trained	32739	28	memtrain/o_397_1.jpg	photodiode	1
609.557	0.5	609557	catch	32671	n/a	catch_padded.jpg	photodiode	0
610.237	0.0	610237	response	7	n/a	n/a	trigger	0
611.559	0.5	611559	trained	32751	16	memtrain/o_199_2.jpg	photodiode	1
612.31	0.5	612310	trained	32728	39	memtrain/o_606_1.jpg	photodiode	1
613.26	0.5	613260	trained	32738	29	memtrain/o_416_1.jpg	photodiode	1
614.111	0.5	614111	catch	32671	n/a	catch_padded.jpg	photodiode	0
614.603	0.0	614603	response	7	n/a	n/a	trigger	0
616.213	0.5	616213	untrained	32710	57	memtrain/o_171_1.jpg	photodiode	1
616.964	0.5	616964	untrained	32701	66	memtrain/o_342_2.jpg	photodiode	1
617.764	0.5	617764	untrained	32692	75	memtrain/o_564_1.jpg	photodiode	1
618.565	0.5	618565	untrained	32702	65	memtrain/o_337_2.jpg	photodiode	1
619.466	0.5	619466	catch	32671	n/a	catch_padded.jpg	photodiode	0
620.011	0.0	620011	response	7	n/a	n/a	trigger	0
621.467	0.5	621467	trained	32725	42	memtrain/so_034_2.jpg	photodiode	1
622.318	0.5	622318	trained	32742	25	memtrain/o_358_2.jpg	photodiode	1
623.269	0.5	623269	trained	32729	38	memtrain/o_603_1.jpg	photodiode	1
624.02	0.5	624020	trained	32746	21	memtrain/o_319_1.jpg	photodiode	1
624.97	0.5	624970	untrained	32700	67	memtrain/o_378_1.jpg	photodiode	1
625.771	0.5	625771	catch	32671	n/a	catch_padded.jpg	photodiode	0
626.248	0.0	626248	response	7	n/a	n/a	trigger	0
627.673	0.5	627673	untrained	32691	76	memtrain/o_570_1.jpg	photodiode	1
628.423	0.5	628423	untrained	32718	49	memtrain/o_054_2.jpg	photodiode	1
629.274	0.5	629274	trained	32760	7	memtrain/o_091_2.jpg	photodiode	1
630.225	0.5	630225	untrained	32698	69	memtrain/o_464_2.jpg	photodiode	1
631.025	0.5	631025	trained	32747	20	memtrain/o_290_1.jpg	photodiode	1
631.926	0.5	631926	catch	32671	n/a	catch_padded.jpg	photodiode	0
632.47	0.0	632470	response	7	n/a	n/a	trigger	0
633.928	0.5	633928	untrained	32681	86	memtrain/o_288_1.jpg	photodiode	1
634.829	0.5	634829	untrained	32717	50	memtrain/o_057_2.jpg	photodiode	1
635.571	0.5	635571	trained	32741	26	memtrain/o_376_1.jpg	photodiode	1
636.322	0.5	636322	untrained	32674	93	memtrain/so_035_1.jpg	photodiode	1
637.072	0.5	637072	trained	32766	1	memtrain/o_015_1.jpg	photodiode	1
637.873	0.5	637873	catch	32671	n/a	catch_padded.jpg	photodiode	0
638.361	0.0	638361	response	7	n/a	n/a	trigger	0
639.975	0.5	639975	trained	32762	5	memtrain/o_067_1.jpg	photodiode	1
640.776	0.5	640776	untrained	32687	80	memtrain/o_613_1.jpg	photodiode	1
641.726	0.5	641726	untrained	32680	87	memtrain/o_365_1.jpg	photodiode	1
642.477	0.5	642477	trained	32730	37	memtrain/o_597_1.jpg	photodiode	1
643.278	0.5	643278	catch	32671	n/a	catch_padded.jpg	photodiode	0
643.765	0.0	643765	response	7	n/a	n/a	trigger	0
645.229	0.5	645229	trained	32737	30	memtrain/o_437_2.jpg	photodiode	1
646.13	0.5	646130	untrained	32677	90	memtrain/o_580_1.jpg	photodiode	1
646.931	0.5	646931	untrained	32703	64	memtrain/o_334_2.jpg	photodiode	1
647.781	0.5	647781	trained	32755	12	memtrain/o_127_2.jpg	photodiode	1
648.532	0.5	648532	catch	32671	n/a	catch_padded.jpg	photodiode	0
648.965	0.0	648965	response	7	n/a	n/a	trigger	0
650.584	0.5	650584	untrained	32708	59	memtrain/o_201_2.jpg	photodiode	1
651.334	0.5	651334	trained	32749	18	memtrain/o_264_2.jpg	photodiode	1
652.285	0.5	652285	untrained	32707	60	memtrain/o_228_2.jpg	photodiode	1
653.186	0.5	653186	untrained	32673	94	memtrain/so_067_1.jpg	photodiode	1
653.937	0.5	653937	catch	32671	n/a	catch_padded.jpg	photodiode	0
654.462	0.0	654462	response	7	n/a	n/a	trigger	0
655.988	0.5	655988	untrained	32706	61	memtrain/o_298_2.jpg	photodiode	1
656.839	0.5	656839	untrained	32714	53	memtrain/o_142_2.jpg	photodiode	1
657.69	0.5	657690	trained	32740	27	memtrain/o_379_2.jpg	photodiode	1
658.541	0.5	658541	catch	32671	n/a	catch_padded.jpg	photodiode	0
659.187	0.0	659187	response	7	n/a	n/a	trigger	0
660.592	0.5	660592	untrained	32684	83	memtrain/so_105_1.jpg	photodiode	1
661.443	0.5	661443	trained	32720	47	memtrain/so_147_2.jpg	photodiode	1
662.394	0.5	662394	untrained	32705	62	memtrain/o_304_1.jpg	photodiode	1
663.345	0.5	663345	untrained	32679	88	memtrain/o_458_1.jpg	photodiode	1
664.087	0.5	664087	untrained	32697	70	memtrain/o_471_2.jpg	photodiode	1
664.837	0.5	664837	catch	32671	n/a	catch_padded.jpg	photodiode	0
665.337	0.0	665337	response	7	n/a	n/a	trigger	0
666.889	0.5	666889	trained	32727	40	memtrain/o_648_2.jpg	photodiode	1
667.69	0.5	667690	untrained	32678	89	memtrain/o_469_1.jpg	photodiode	1
668.441	0.5	668441	untrained	32683	84	memtrain/so_117_2.jpg	photodiode	1
669.391	0.5	669391	trained	32736	31	memtrain/o_465_2.jpg	photodiode	1
670.292	0.5	670292	catch	32671	n/a	catch_padded.jpg	photodiode	0
670.876	0.0	670876	response	7	n/a	n/a	trigger	0
672.344	0.5	672344	trained	32761	6	memtrain/o_076_1.jpg	photodiode	1
673.245	0.5	673245	trained	32764	3	memtrain/o_040_2.jpg	photodiode	1
674.045	0.5	674045	trained	32750	17	memtrain/o_232_1.jpg	photodiode	1
674.946	0.5	674946	catch	32671	n/a	catch_padded.jpg	photodiode	0
675.449	0.0	675449	response	7	n/a	n/a	trigger	0
677.048	0.5	677048	untrained	32675	92	memtrain/so_033_1.jpg	photodiode	1
677.949	0.5	677949	untrained	32690	77	memtrain/o_574_2.jpg	photodiode	1
678.849	0.5	678849	trained	32734	33	memtrain/o_536_1.jpg	photodiode	1
679.6	0.5	679600	catch	32671	n/a	catch_padded.jpg	photodiode	0
680.092	0.0	680092	response	7	n/a	n/a	trigger	0
681.602	0.5	681602	trained	32745	22	memtrain/o_321_1.jpg	photodiode	1
682.352	0.5	682352	trained	32758	9	memtrain/o_101_2.jpg	photodiode	1
683.253	0.5	683253	untrained	32704	63	memtrain/o_310_2.jpg	photodiode	1
684.104	0.5	684104	catch	32671	n/a	catch_padded.jpg	photodiode	0
684.651	0.0	684651	response	7	n/a	n/a	trigger	0
686.055	0.5	686055	trained	32767	0	memtrain/o_006_1.jpg	photodiode	1
686.956	0.5	686956	untrained	32695	72	memtrain/o_490_1.jpg	photodiode	1
687.707	0.5	687707	trained	32754	13	memtrain/o_136_1.jpg	photodiode	1
688.608	0.5	688608	untrained	32713	54	memtrain/o_145_1.jpg	photodiode	1
689.458	0.5	689458	catch	32671	n/a	catch_padded.jpg	photodiode	0
689.949	0.0	689949	response	7	n/a	n/a	trigger	0
691.46	0.5	691460	trained	32723	44	memtrain/so_045_1.jpg	photodiode	1
692.261	0.5	692261	trained	32748	19	memtrain/o_284_2.jpg	photodiode	1
693.103	0.5	693103	untrained	32719	48	memtrain/o_019_2.jpg	photodiode	1
694.054	0.5	694054	trained	32743	24	memtrain/o_357_1.jpg	photodiode	1
694.955	0.5	694955	trained	32731	36	memtrain/o_583_1.jpg	photodiode	1
695.805	0.5	695805	catch	32671	n/a	catch_padded.jpg	photodiode	0
696.405	0.0	696405	response	7	n/a	n/a	trigger	0
697.707	0.5	697707	untrained	32689	78	memtrain/o_599_1.jpg	photodiode	1
698.458	0.5	698458	trained	32726	41	memtrain/o_663_2.jpg	photodiode	1
699.208	0.5	699208	trained	32748	19	memtrain/o_284_2.jpg	photodiode	1
700.159	0.5	700159	trained	32738	29	memtrain/o_416_1.jpg	photodiode	1
701.06	0.5	701060	catch	32671	n/a	catch_padded.jpg	photodiode	0
701.631	0.0	701631	response	7	n/a	n/a	trigger	0
703.162	0.5	703162	trained	32767	0	memtrain/o_006_1.jpg	photodiode	1
704.021	0.5	704021	untrained	32682	85	memtrain/o_218_1.jpg	photodiode	1
704.913	0.5	704913	trained	32740	27	memtrain/o_379_2.jpg	photodiode	1
705.864	0.5	705864	catch	32671	n/a	catch_padded.jpg	photodiode	0
706.518	0.0	706518	response	7	n/a	n/a	trigger	0
707.766	0.5	707766	trained	32741	26	memtrain/o_376_1.jpg	photodiode	1
708.716	0.5	708716	trained	32745	22	memtrain/o_321_1.jpg	photodiode	1
709.567	0.5	709567	untrained	32692	75	memtrain/o_564_1.jpg	photodiode	1
710.418	0.5	710418	trained	32751	16	memtrain/o_199_2.jpg	photodiode	1
711.319	0.5	711319	untrained	32697	70	memtrain/o_471_2.jpg	photodiode	1
712.119	0.5	712119	catch	32671	n/a	catch_padded.jpg	photodiode	0
712.64	0.0	712640	response	7	n/a	n/a	trigger	0
714.071	0.5	714071	trained	32728	39	memtrain/o_606_1.jpg	photodiode	1
714.972	0.5	714972	untrained	32684	83	memtrain/so_105_1.jpg	photodiode	1
715.822	0.5	715822	untrained	32694	73	memtrain/o_519_2.jpg	photodiode	1
716.573	0.5	716573	untrained	32677	90	memtrain/o_580_1.jpg	photodiode	1
717.424	0.5	717424	trained	32733	34	memtrain/o_558_2.jpg	photodiode	1
718.275	0.5	718275	catch	32671	n/a	catch_padded.jpg	photodiode	0
718.973	0.0	718973	response	7	n/a	n/a	trigger	0
720.376	0.5	720376	untrained	32706	61	memtrain/o_298_2.jpg	photodiode	1
721.327	0.5	721327	untrained	32713	54	memtrain/o_145_1.jpg	photodiode	1
722.278	0.5	722278	untrained	32679	88	memtrain/o_458_1.jpg	photodiode	1
723.07	0.5	723070	trained	32724	43	memtrain/so_043_2.jpg	photodiode	1
723.929	0.5	723929	untrained	32718	49	memtrain/o_054_2.jpg	photodiode	1
724.672	0.5	724672	catch	32671	n/a	catch_padded.jpg	photodiode	0
725.245	0.0	725245	response	7	n/a	n/a	trigger	0
726.682	0.5	726682	trained	32720	47	memtrain/so_147_2.jpg	photodiode	1
727.574	0.5	727574	untrained	32701	66	memtrain/o_342_2.jpg	photodiode	1
728.475	0.5	728475	trained	32727	40	memtrain/o_648_2.jpg	photodiode	1
729.225	0.5	729225	untrained	32696	71	memtrain/o_483_1.jpg	photodiode	1
730.026	0.5	730026	catch	32671	n/a	catch_padded.jpg	photodiode	0
730.699	0.0	730699	response	7	n/a	n/a	trigger	0
731.928	0.5	731928	untrained	32680	87	memtrain/o_365_1.jpg	photodiode	1
732.728	0.5	732728	untrained	32675	92	memtrain/so_033_1.jpg	photodiode	1
733.679	0.5	733679	untrained	32673	94	memtrain/so_067_1.jpg	photodiode	1
734.43	0.5	734430	trained	32749	18	memtrain/o_264_2.jpg	photodiode	1
735.331	0.5	735331	trained	32737	30	memtrain/o_437_2.jpg	photodiode	1
736.081	0.5	736081	catch	32671	n/a	catch_padded.jpg	photodiode	0
736.917	0.0	736917	response	7	n/a	n/a	trigger	0
737.983	0.5	737983	untrained	32707	60	memtrain/o_228_2.jpg	photodiode	1
738.934	0.5	738934	trained	32757	10	memtrain/o_111_2.jpg	photodiode	1
739.884	0.5	739884	trained	32742	25	memtrain/o_358_2.jpg	photodiode	1
740.785	0.5	740785	catch	32671	n/a	catch_padded.jpg	photodiode	0
741.288	0.0	741288	response	7	n/a	n/a	trigger	0
742.737	0.5	742737	untrained	32681	86	memtrain/o_288_1.jpg	photodiode	1
743.588	0.5	743588	untrained	32698	69	memtrain/o_464_2.jpg	photodiode	1
744.538	0.5	744538	trained	32759	8	memtrain/o_094_1.jpg	photodiode	1
745.439	0.5	745439	untrained	32678	89	memtrain/o_469_1.jpg	photodiode	1
746.39	0.5	746390	trained	32726	41	memtrain/o_663_2.jpg	photodiode	1
747.191	0.5	747191	catch	32671	n/a	catch_padded.jpg	photodiode	0
747.624	0.0	747624	response	7	n/a	n/a	trigger	0
749.142	0.5	749142	untrained	32685	82	memtrain/o_656_1.jpg	photodiode	1
750.043	0.5	750043	untrained	32688	79	memtrain/o_600_1.jpg	photodiode	1
750.994	0.5	750994	trained	32739	28	memtrain/o_397_1.jpg	photodiode	1
751.836	0.5	751836	trained	32756	11	memtrain/o_117_2.jpg	photodiode	1
752.737	0.5	752737	trained	32732	35	memtrain/o_561_2.jpg	photodiode	1
753.688	0.5	753688	catch	32671	n/a	catch_padded.jpg	photodiode	0
754.156	0.0	754156	response	7	n/a	n/a	trigger	0
755.69	0.5	755690	untrained	32689	78	memtrain/o_599_1.jpg	photodiode	1
756.59	0.5	756590	trained	32752	15	memtrain/o_195_1.jpg	photodiode	1
757.541	0.5	757541	untrained	32716	51	memtrain/o_103_2.jpg	photodiode	1
758.392	0.5	758392	catch	32671	n/a	catch_padded.jpg	photodiode	0
758.975	0.0	758975	response	7	n/a	n/a	trigger	0
760.293	0.5	760293	trained	32730	37	memtrain/o_597_1.jpg	photodiode	1
761.044	0.5	761044	untrained	32700	67	memtrain/o_378_1.jpg	photodiode	1
761.895	0.5	761895	untrained	32695	72	memtrain/o_490_1.jpg	photodiode	1
762.846	0.5	762846	catch	32671	n/a	catch_padded.jpg	photodiode	0
763.431	0.0	763431	response	7	n/a	n/a	trigger	0
764.747	0.5	764747	trained	32744	23	memtrain/o_338_2.jpg	photodiode	1
765.648	0.5	765648	trained	32729	38	memtrain/o_603_1.jpg	photodiode	1
766.549	0.5	766549	untrained	32717	50	memtrain/o_057_2.jpg	photodiode	1
767.299	0.5	767299	catch	32671	n/a	catch_padded.jpg	photodiode	0
767.723	0.0	767723	response	7	n/a	n/a	trigger	0
769.301	0.5	769301	trained	32746	21	memtrain/o_319_1.jpg	photodiode	1
770.052	0.5	770052	untrained	32710	57	memtrain/o_171_1.jpg	photodiode	1
770.852	0.5	770852	untrained	32703	64	memtrain/o_334_2.jpg	photodiode	1
771.653	0.5	771653	untrained	32719	48	memtrain/o_019_2.jpg	photodiode	1
772.404	0.5	772404	catch	32671	n/a	catch_padded.jpg	photodiode	0
773.052	0.0	773052	response	7	n/a	n/a	trigger	0
774.456	0.5	774456	trained	32750	17	memtrain/o_232_1.jpg	photodiode	1
775.356	0.5	775356	trained	32725	42	memtrain/so_034_2.jpg	photodiode	1
776.307	0.5	776307	trained	32763	4	memtrain/o_042_1.jpg	photodiode	1
777.058	0.5	777058	untrained	32676	91	memtrain/o_605_1.jpg	photodiode	1
777.858	0.5	777858	untrained	32693	74	memtrain/o_550_1.jpg	photodiode	1
778.709	0.5	778709	catch	32671	n/a	catch_padded.jpg	photodiode	0
779.168	0.0	779168	response	7	n/a	n/a	trigger	0
780.661	0.5	780661	untrained	32672	95	memtrain/so_125_1.jpg	photodiode	1
781.603	0.5	781603	untrained	32715	52	memtrain/o_141_1.jpg	photodiode	1
782.562	0.5	782562	trained	32721	46	memtrain/so_113_1.jpg	photodiode	1
783.505	0.5	783505	untrained	32699	68	memtrain/o_393_1.jpg	photodiode	1
784.264	0.5	784264	catch	32671	n/a	catch_padded.jpg	photodiode	0
784.702	0.0	784702	response	7	n/a	n/a	trigger	0
786.357	0.5	786357	trained	32761	6	memtrain/o_076_1.jpg	photodiode	1
787.208	0.5	787208	untrained	32708	59	memtrain/o_201_2.jpg	photodiode	1
788.009	0.5	788009	untrained	32714	53	memtrain/o_142_2.jpg	photodiode	1
788.809	0.5	788809	untrained	32687	80	memtrain/o_613_1.jpg	photodiode	1
789.61	0.5	789610	catch	32671	n/a	catch_padded.jpg	photodiode	0
790.039	0.0	790039	response	7	n/a	n/a	trigger	0
791.562	0.5	791562	trained	32736	31	memtrain/o_465_2.jpg	photodiode	1
792.312	0.5	792312	untrained	32691	76	memtrain/o_570_1.jpg	photodiode	1
793.263	0.5	793263	untrained	32704	63	memtrain/o_310_2.jpg	photodiode	1
794.014	0.5	794014	catch	32671	n/a	catch_padded.jpg	photodiode	0
795.012	0.0	795012	response	7	n/a	n/a	trigger	0
796.115	0.5	796115	untrained	32674	93	memtrain/so_035_1.jpg	photodiode	1
796.916	0.5	796916	untrained	32686	81	memtrain/o_655_2.jpg	photodiode	1
797.817	0.5	797817	trained	32766	1	memtrain/o_015_1.jpg	photodiode	1
798.668	0.5	798668	trained	32734	33	memtrain/o_536_1.jpg	photodiode	1
799.468	0.5	799468	catch	32671	n/a	catch_padded.jpg	photodiode	0
799.968	0.0	799968	response	7	n/a	n/a	trigger	0
801.52	0.5	801520	trained	32760	7	memtrain/o_091_2.jpg	photodiode	1
802.371	0.5	802371	trained	32731	36	memtrain/o_583_1.jpg	photodiode	1
803.221	0.5	803221	untrained	32702	65	memtrain/o_337_2.jpg	photodiode	1
804.072	0.5	804072	trained	32762	5	memtrain/o_067_1.jpg	photodiode	1
804.873	0.5	804873	catch	32671	n/a	catch_padded.jpg	photodiode	0
805.262	0.0	805262	response	7	n/a	n/a	trigger	0
806.775	0.5	806775	trained	32753	14	memtrain/o_174_1.jpg	photodiode	1
807.625	0.5	807625	trained	32764	3	memtrain/o_040_2.jpg	photodiode	1
808.426	0.5	808426	trained	32743	24	memtrain/o_357_1.jpg	photodiode	1
809.377	0.5	809377	trained	32758	9	memtrain/o_101_2.jpg	photodiode	1
810.177	0.5	810177	trained	32735	32	memtrain/o_485_2.jpg	photodiode	1
810.978	0.5	810978	catch	32671	n/a	catch_padded.jpg	photodiode	0
811.592	0.0	811592	response	7	n/a	n/a	trigger	0
813.072	0.5	813072	untrained	32705	62	memtrain/o_304_1.jpg	photodiode	1
814.022	0.5	814022	untrained	32690	77	memtrain/o_574_2.jpg	photodiode	1
814.973	0.5	814973	trained	32722	45	memtrain/so_090_2.jpg	photodiode	1
815.824	0.5	815824	catch	32671	n/a	catch_padded.jpg	photodiode	0
816.304	0.0	816304	response	7	n/a	n/a	trigger	0
817.726	0.5	817726	untrained	32711	56	memtrain/o_163_2.jpg	photodiode	1
818.626	0.5	818626	untrained	32712	55	memtrain/o_153_2.jpg	photodiode	1
819.477	0.5	819477	trained	32754	13	memtrain/o_136_1.jpg	photodiode	1
820.428	0.5	820428	untrained	32709	58	memtrain/o_192_1.jpg	photodiode	1
821.228	0.5	821228	catch	32671	n/a	catch_padded.jpg	photodiode	0
821.646	0.0	821646	response	7	n/a	n/a	trigger	0
823.13	0.5	823130	trained	32723	44	memtrain/so_045_1.jpg	photodiode	1
824.081	0.5	824081	untrained	32683	84	memtrain/so_117_2.jpg	photodiode	1
824.832	0.5	824832	trained	32747	20	memtrain/o_290_1.jpg	photodiode	1
825.682	0.5	825682	trained	32755	12	memtrain/o_127_2.jpg	photodiode	1
826.483	0.5	826483	trained	32765	2	memtrain/o_035_1.jpg	photodiode	1
827.434	0.5	827434	catch	32671	n/a	catch_padded.jpg	photodiode	0
827.835	0.0	827835	response	7	n/a	n/a	trigger	0
829.909	0.0	829909	block_end	120	n/a	n/a	trigger	0
838.265	0.0	838265	response	7	n/a	n/a	trigger	0
838.273	0.0	838273	block_onset	104	n/a	n/a	trigger	0
840.328	0.5	840328	untrained	32690	77	memtrain/o_574_2.jpg	photodiode	1
841.279	0.5	841279	trained	32756	11	memtrain/o_117_2.jpg	photodiode	1
842.23	0.5	842230	untrained	32677	90	memtrain/o_580_1.jpg	photodiode	1
842.98	0.5	842980	untrained	32702	65	memtrain/o_337_2.jpg	photodiode	1
843.881	0.5	843881	untrained	32701	66	memtrain/o_342_2.jpg	photodiode	1
844.782	0.5	844782	catch	32671	n/a	catch_padded.jpg	photodiode	0
845.175	0.0	845175	response	7	n/a	n/a	trigger	0
846.675	0.5	846675	untrained	32716	51	memtrain/o_103_2.jpg	photodiode	1
847.476	0.5	847476	trained	32728	39	memtrain/o_606_1.jpg	photodiode	1
848.426	0.5	848426	untrained	32682	85	memtrain/o_218_1.jpg	photodiode	1
849.227	0.5	849227	trained	32753	14	memtrain/o_174_1.jpg	photodiode	1
850.078	0.5	850078	untrained	32693	74	memtrain/o_550_1.jpg	photodiode	1
850.879	0.5	850879	catch	32671	n/a	catch_padded.jpg	photodiode	0
851.286	0.0	851286	response	7	n/a	n/a	trigger	0
852.93	0.5	852930	trained	32722	45	memtrain/so_090_2.jpg	photodiode	1
853.781	0.5	853781	untrained	32717	50	memtrain/o_057_2.jpg	photodiode	1
854.582	0.5	854582	untrained	32697	70	memtrain/o_471_2.jpg	photodiode	1
855.332	0.5	855332	catch	32671	n/a	catch_padded.jpg	photodiode	0
857.384	0.5	857384	untrained	32711	56	memtrain/o_163_2.jpg	photodiode	1
858.235	0.5	858235	untrained	32715	52	memtrain/o_141_1.jpg	photodiode	1
859.086	0.5	859086	untrained	32712	55	memtrain/o_153_2.jpg	photodiode	1
859.886	0.5	859886	catch	32671	n/a	catch_padded.jpg	photodiode	0
860.266	0.0	860266	response	7	n/a	n/a	trigger	0
861.988	0.5	861988	untrained	32718	49	memtrain/o_054_2.jpg	photodiode	1
862.739	0.5	862739	untrained	32691	76	memtrain/o_570_1.jpg	photodiode	1
863.689	0.5	863689	trained	32759	8	memtrain/o_094_1.jpg	photodiode	1
864.59	0.5	864590	trained	32749	18	memtrain/o_264_2.jpg	photodiode	1
865.391	0.5	865391	untrained	32703	64	memtrain/o_334_2.jpg	photodiode	1
866.292	0.5	866292	catch	32671	n/a	catch_padded.jpg	photodiode	0
866.72	0.0	866720	response	7	n/a	n/a	trigger	0
868.193	0.5	868193	untrained	32709	58	memtrain/o_192_1.jpg	photodiode	1
869.044	0.5	869044	untrained	32707	60	memtrain/o_228_2.jpg	photodiode	1
869.995	0.5	869995	trained	32739	28	memtrain/o_397_1.jpg	photodiode	1
870.896	0.5	870896	untrained	32680	87	memtrain/o_365_1.jpg	photodiode	1
871.746	0.5	871746	trained	32720	47	memtrain/so_147_2.jpg	photodiode	1
872.697	0.5	872697	catch	32671	n/a	catch_padded.jpg	photodiode	0
873.19	0.0	873190	response	7	n/a	n/a	trigger	0
874.649	0.5	874649	trained	32738	29	memtrain/o_416_1.jpg	photodiode	1
875.399	0.5	875399	untrained	32719	48	memtrain/o_019_2.jpg	photodiode	1
876.242	0.5	876242	trained	32767	0	memtrain/o_006_1.jpg	photodiode	1
877.193	0.5	877193	trained	32733	34	memtrain/o_558_2.jpg	photodiode	1
878.093	0.5	878093	catch	32671	n/a	catch_padded.jpg	photodiode	0
878.534	0.0	878534	response	7	n/a	n/a	trigger	0
880.095	0.5	880095	untrained	32688	79	memtrain/o_600_1.jpg	photodiode	1
880.946	0.5	880946	untrained	32683	84	memtrain/so_117_2.jpg	photodiode	1
881.696	0.5	881696	trained	32729	38	memtrain/o_603_1.jpg	photodiode	1
882.447	0.5	882447	untrained	32679	88	memtrain/o_458_1.jpg	photodiode	1
883.398	0.5	883398	catch	32671	n/a	catch_padded.jpg	photodiode	0
883.851	0.0	883851	response	7	n/a	n/a	trigger	0
885.4	0.5	885400	trained	32727	40	memtrain/o_648_2.jpg	photodiode	1
886.2	0.5	886200	trained	32745	22	memtrain/o_321_1.jpg	photodiode	1
887.051	0.5	887051	trained	32731	36	memtrain/o_583_1.jpg	photodiode	1
887.852	0.5	887852	trained	32750	17	memtrain/o_232_1.jpg	photodiode	1
888.602	0.5	888602	trained	32761	6	memtrain/o_076_1.jpg	photodiode	1
889.353	0.5	889353	catch	32671	n/a	catch_padded.jpg	photodiode	0
889.799	0.0	889799	response	7	n/a	n/a	trigger	0
891.305	0.5	891305	untrained	32686	81	memtrain/o_655_2.jpg	photodiode	1
892.105	0.5	892105	trained	32760	7	memtrain/o_091_2.jpg	photodiode	1
892.906	0.5	892906	untrained	32685	82	memtrain/o_656_1.jpg	photodiode	1
893.807	0.5	893807	untrained	32696	71	memtrain/o_483_1.jpg	photodiode	1
894.707	0.5	894707	catch	32671	n/a	catch_padded.jpg	photodiode	0
895.197	0.0	895197	response	7	n/a	n/a	trigger	0
896.659	0.5	896659	trained	32748	19	memtrain/o_284_2.jpg	photodiode	1
897.61	0.5	897610	trained	32734	33	memtrain/o_536_1.jpg	photodiode	1
898.361	0.5	898361	untrained	32698	69	memtrain/o_464_2.jpg	photodiode	1
899.311	0.5	899311	trained	32732	35	memtrain/o_561_2.jpg	photodiode	1
900.262	0.5	900262	catch	32671	n/a	catch_padded.jpg	photodiode	0
901.493	0.0	901493	response	7	n/a	n/a	trigger	0
902.264	0.5	902264	untrained	32695	72	memtrain/o_490_1.jpg	photodiode	1
903.115	0.5	903115	untrained	32687	80	memtrain/o_613_1.jpg	photodiode	1
904.065	0.5	904065	trained	32737	30	memtrain/o_437_2.jpg	photodiode	1
904.916	0.5	904916	trained	32751	16	memtrain/o_199_2.jpg	photodiode	1
905.658	0.5	905658	catch	32671	n/a	catch_padded.jpg	photodiode	0
906.168	0.0	906168	response	7	n/a	n/a	trigger	0
907.56	0.5	907560	trained	32742	25	memtrain/o_358_2.jpg	photodiode	1
908.361	0.5	908361	untrained	32672	95	memtrain/so_125_1.jpg	photodiode	1
909.211	0.5	909211	trained	32752	15	memtrain/o_195_1.jpg	photodiode	1
910.02	0.5	910020	untrained	32681	86	memtrain/o_288_1.jpg	photodiode	1
910.913	0.5	910913	catch	32671	n/a	catch_padded.jpg	photodiode	0
911.79	0.0	911790	response	7	n/a	n/a	trigger	0
913.015	0.5	913015	untrained	32705	62	memtrain/o_304_1.jpg	photodiode	1
913.815	0.5	913815	trained	32747	20	memtrain/o_290_1.jpg	photodiode	1
914.766	0.5	914766	trained	32755	12	memtrain/o_127_2.jpg	photodiode	1
915.667	0.5	915667	untrained	32676	91	memtrain/o_605_1.jpg	photodiode	1
916.568	0.5	916568	catch	32671	n/a	catch_padded.jpg	photodiode	0
916.973	0.0	916973	response	7	n/a	n/a	trigger	0
918.519	0.5	918519	untrained	32713	54	memtrain/o_145_1.jpg	photodiode	1
919.42	0.5	919420	untrained	32699	68	memtrain/o_393_1.jpg	photodiode	1
920.321	0.5	920321	trained	32724	43	memtrain/so_043_2.jpg	photodiode	1
921.222	0.5	921222	trained	32723	44	memtrain/so_045_1.jpg	photodiode	1
922.022	0.5	922022	catch	32671	n/a	catch_padded.jpg	photodiode	0
922.56	0.0	922560	response	7	n/a	n/a	trigger	0
924.074	0.5	924074	trained	32758	9	memtrain/o_101_2.jpg	photodiode	1
924.875	0.5	924875	trained	32725	42	memtrain/so_034_2.jpg	photodiode	1
925.775	0.5	925775	untrained	32710	57	memtrain/o_171_1.jpg	photodiode	1
926.576	0.5	926576	trained	32735	32	memtrain/o_485_2.jpg	photodiode	1
927.477	0.5	927477	catch	32671	n/a	catch_padded.jpg	photodiode	0
927.92	0.0	927920	response	7	n/a	n/a	trigger	0
929.479	0.5	929479	untrained	32714	53	memtrain/o_142_2.jpg	photodiode	1
930.429	0.5	930429	untrained	32700	67	memtrain/o_378_1.jpg	photodiode	1
931.28	0.5	931280	trained	32726	41	memtrain/o_663_2.jpg	photodiode	1
932.031	0.5	932031	untrained	32674	93	memtrain/so_035_1.jpg	photodiode	1
932.781	0.5	932781	untrained	32684	83	memtrain/so_105_1.jpg	photodiode	1
933.532	0.5	933532	catch	32671	n/a	catch_padded.jpg	photodiode	0
933.988	0.0	933988	response	7	n/a	n/a	trigger	0
935.584	0.5	935584	trained	32746	21	memtrain/o_319_1.jpg	photodiode	1
936.535	0.5	936535	untrained	32704	63	memtrain/o_310_2.jpg	photodiode	1
937.477	0.5	937477	trained	32766	1	memtrain/o_015_1.jpg	photodiode	1
938.286	0.5	938286	catch	32671	n/a	catch_padded.jpg	photodiode	0
939.173	0.0	939173	response	7	n/a	n/a	trigger	0
940.229	0.5	940229	trained	32740	27	memtrain/o_379_2.jpg	photodiode	1
941.03	0.5	941030	trained	32730	37	memtrain/o_597_1.jpg	photodiode	1
941.931	0.5	941931	untrained	32678	89	memtrain/o_469_1.jpg	photodiode	1
942.832	0.5	942832	trained	32765	2	memtrain/o_035_1.jpg	photodiode	1
943.682	0.5	943682	trained	32754	13	memtrain/o_136_1.jpg	photodiode	1
944.633	0.5	944633	catch	32671	n/a	catch_padded.jpg	photodiode	0
945.066	0.0	945066	response	7	n/a	n/a	trigger	0
946.685	0.5	946685	untrained	32708	59	memtrain/o_201_2.jpg	photodiode	1
947.486	0.5	947486	trained	32743	24	memtrain/o_357_1.jpg	photodiode	1
948.436	0.5	948436	trained	32721	46	memtrain/so_113_1.jpg	photodiode	1
949.187	0.5	949187	trained	32762	5	memtrain/o_067_1.jpg	photodiode	1
950.038	0.5	950038	untrained	32706	61	memtrain/o_298_2.jpg	photodiode	1
950.938	0.5	950938	catch	32671	n/a	catch_padded.jpg	photodiode	0
951.371	0.0	951371	response	7	n/a	n/a	trigger	0
953.04	0.5	953040	trained	32744	23	memtrain/o_338_2.jpg	photodiode	1
953.841	0.5	953841	trained	32757	10	memtrain/o_111_2.jpg	photodiode	1
954.692	0.5	954692	trained	32736	31	memtrain/o_465_2.jpg	photodiode	1
955.442	0.5	955442	untrained	32689	78	memtrain/o_599_1.jpg	photodiode	1
956.293	0.5	956293	catch	32671	n/a	catch_padded.jpg	photodiode	0
956.688	0.0	956688	response	7	n/a	n/a	trigger	0
958.345	0.5	958345	untrained	32694	73	memtrain/o_519_2.jpg	photodiode	1
959.195	0.5	959195	trained	32763	4	memtrain/o_042_1.jpg	photodiode	1
959.946	0.5	959946	trained	32764	3	memtrain/o_040_2.jpg	photodiode	1
960.797	0.5	960797	untrained	32692	75	memtrain/o_564_1.jpg	photodiode	1
961.597	0.5	961597	untrained	32675	92	memtrain/so_033_1.jpg	photodiode	1
962.448	0.5	962448	catch	32671	n/a	catch_padded.jpg	photodiode	0
963.18	0.0	963180	response	7	n/a	n/a	trigger	0
964.35	0.5	964350	trained	32741	26	memtrain/o_376_1.jpg	photodiode	1
965.1	0.5	965100	untrained	32673	94	memtrain/so_067_1.jpg	photodiode	1
965.843	0.5	965843	untrained	32685	82	memtrain/o_656_1.jpg	photodiode	1
966.793	0.5	966793	catch	32671	n/a	catch_padded.jpg	photodiode	0
967.652	0.0	967652	response	7	n/a	n/a	trigger	0
968.895	0.5	968895	untrained	32714	53	memtrain/o_142_2.jpg	photodiode	1
969.846	0.5	969846	untrained	32693	74	memtrain/o_550_1.jpg	photodiode	1
970.747	0.5	970747	trained	32723	44	memtrain/so_045_1.jpg	photodiode	1
971.698	0.5	971698	catch	32671	n/a	catch_padded.jpg	photodiode	0
972.167	0.0	972167	response	7	n/a	n/a	trigger	0
973.749	0.5	973749	trained	32764	3	memtrain/o_040_2.jpg	photodiode	1
974.55	0.5	974550	trained	32735	32	memtrain/o_485_2.jpg	photodiode	1
975.351	0.5	975351	untrained	32705	62	memtrain/o_304_1.jpg	photodiode	1
976.101	0.5	976101	catch	32671	n/a	catch_padded.jpg	photodiode	0
976.622	0.0	976622	response	7	n/a	n/a	trigger	0
978.103	0.5	978103	trained	32745	22	memtrain/o_321_1.jpg	photodiode	1
978.954	0.5	978954	untrained	32684	83	memtrain/so_105_1.jpg	photodiode	1
979.805	0.5	979805	untrained	32706	61	memtrain/o_298_2.jpg	photodiode	1
980.555	0.5	980555	trained	32736	31	memtrain/o_465_2.jpg	photodiode	1
981.456	0.5	981456	catch	32671	n/a	catch_padded.jpg	photodiode	0
982.392	0.0	982392	response	7	n/a	n/a	trigger	0
983.458	0.5	983458	untrained	32701	66	memtrain/o_342_2.jpg	photodiode	1
984.358	0.5	984358	trained	32729	38	memtrain/o_603_1.jpg	photodiode	1
985.109	0.5	985109	untrained	32698	69	memtrain/o_464_2.jpg	photodiode	1
985.86	0.5	985860	catch	32671	n/a	catch_padded.jpg	photodiode	0
986.378	0.0	986378	response	7	n/a	n/a	trigger	0
987.961	0.5	987961	trained	32730	37	memtrain/o_597_1.jpg	photodiode	1
988.912	0.5	988912	untrained	32718	49	memtrain/o_054_2.jpg	photodiode	1
989.713	0.5	989713	trained	32749	18	memtrain/o_264_2.jpg	photodiode	1
990.564	0.5	990564	trained	32762	5	memtrain/o_067_1.jpg	photodiode	1
991.314	0.5	991314	untrained	32716	51	memtrain/o_103_2.jpg	photodiode	1
992.115	0.5	992115	catch	32671	n/a	catch_padded.jpg	photodiode	0
992.52	0.0	992520	response	7	n/a	n/a	trigger	0
994.017	0.5	994017	trained	32725	42	memtrain/so_034_2.jpg	photodiode	1
994.867	0.5	994867	trained	32739	28	memtrain/o_397_1.jpg	photodiode	1
995.718	0.5	995718	trained	32740	27	memtrain/o_379_2.jpg	photodiode	1
996.661	0.5	996661	catch	32671	n/a	catch_padded.jpg	photodiode	0
997.12	0.0	997120	response	7	n/a	n/a	trigger	0
998.612	0.5	998612	untrained	32674	93	memtrain/so_035_1.jpg	photodiode	1
999.563	0.5	999563	untrained	32680	87	memtrain/o_365_1.jpg	photodiode	1
1000.314	0.5	1000314	trained	32761	6	memtrain/o_076_1.jpg	photodiode	1
1001.114	0.5	1001114	trained	32741	26	memtrain/o_376_1.jpg	photodiode	1
1001.965	0.5	1001965	catch	32671	n/a	catch_padded.jpg	photodiode	0
1002.399	0.0	1002399	response	7	n/a	n/a	trigger	0
1004.067	0.5	1004067	untrained	32681	86	memtrain/o_288_1.jpg	photodiode	1
1004.817	0.5	1004817	trained	32728	39	memtrain/o_606_1.jpg	photodiode	1
1005.668	0.5	1005668	trained	32754	13	memtrain/o_136_1.jpg	photodiode	1
1006.569	0.5	1006569	untrained	32707	60	memtrain/o_228_2.jpg	photodiode	1
1007.52	0.5	1007520	catch	32671	n/a	catch_padded.jpg	photodiode	0
1007.903	0.0	1007903	response	7	n/a	n/a	trigger	0
1009.572	0.5	1009572	trained	32733	34	memtrain/o_558_2.jpg	photodiode	1
1010.322	0.5	1010322	trained	32760	7	memtrain/o_091_2.jpg	photodiode	1
1011.073	0.5	1011073	untrained	32713	54	memtrain/o_145_1.jpg	photodiode	1
1011.923	0.5	1011923	trained	32738	29	memtrain/o_416_1.jpg	photodiode	1
1012.774	0.5	1012774	trained	32757	10	memtrain/o_111_2.jpg	photodiode	1
1013.725	0.5	1013725	catch	32671	n/a	catch_padded.jpg	photodiode	0
1014.184	0.0	1014184	response	7	n/a	n/a	trigger	0
1015.677	0.5	1015677	trained	32747	20	memtrain/o_290_1.jpg	photodiode	1
1016.477	0.5	1016477	untrained	32719	48	memtrain/o_019_2.jpg	photodiode	1
1017.428	0.5	1017428	untrained	32703	64	memtrain/o_334_2.jpg	photodiode	1
1018.179	0.5	1018179	catch	32671	n/a	catch_padded.jpg	photodiode	0
1018.709	0.0	1018709	response	7	n/a	n/a	trigger	0
1020.18	0.5	1020180	untrained	32697	70	memtrain/o_471_2.jpg	photodiode	1
1021.131	0.5	1021131	untrained	32711	56	memtrain/o_163_2.jpg	photodiode	1
1021.982	0.5	1021982	trained	32734	33	memtrain/o_536_1.jpg	photodiode	1
1022.733	0.5	1022733	trained	32737	30	memtrain/o_437_2.jpg	photodiode	1
1023.583	0.5	1023583	catch	32671	n/a	catch_padded.jpg	photodiode	0
1024.075	0.0	1024075	response	7	n/a	n/a	trigger	0
1025.477	0.5	1025477	trained	32756	11	memtrain/o_117_2.jpg	photodiode	1
1026.277	0.5	1026277	untrained	32692	75	memtrain/o_564_1.jpg	photodiode	1
1027.078	0.5	1027078	untrained	32689	78	memtrain/o_599_1.jpg	photodiode	1
1028.029	0.5	1028029	catch	32671	n/a	catch_padded.jpg	photodiode	0
1028.636	0.0	1028636	response	7	n/a	n/a	trigger	0
1030.131	0.5	1030131	trained	32732	35	memtrain/o_561_2.jpg	photodiode	1
1030.881	0.5	1030881	untrained	32690	77	memtrain/o_574_2.jpg	photodiode	1
1031.782	0.5	1031782	trained	32750	17	memtrain/o_232_1.jpg	photodiode	1
1032.733	0.5	1032733	trained	32753	14	memtrain/o_174_1.jpg	photodiode	1
1033.533	0.5	1033533	catch	32671	n/a	catch_padded.jpg	photodiode	0
1033.913	0.0	1033913	response	7	n/a	n/a	trigger	0
1035.435	0.5	1035435	untrained	32710	57	memtrain/o_171_1.jpg	photodiode	1
1036.186	0.5	1036186	trained	32766	1	memtrain/o_015_1.jpg	photodiode	1
1036.986	0.5	1036986	trained	32758	9	memtrain/o_101_2.jpg	photodiode	1
1037.737	0.5	1037737	trained	32763	4	memtrain/o_042_1.jpg	photodiode	1
1038.538	0.5	1038538	trained	32752	15	memtrain/o_195_1.jpg	photodiode	1
1039.438	0.5	1039438	catch	32671	n/a	catch_padded.jpg	photodiode	0
1039.85	0.0	1039850	response	7	n/a	n/a	trigger	0
1041.54	0.5	1041540	untrained	32708	59	memtrain/o_201_2.jpg	photodiode	1
1042.441	0.5	1042441	untrained	32673	94	memtrain/so_067_1.jpg	photodiode	1
1043.242	0.5	1043242	untrained	32679	88	memtrain/o_458_1.jpg	photodiode	1
1044.142	0.5	1044142	catch	32671	n/a	catch_padded.jpg	photodiode	0
1044.584	0.0	1044584	response	7	n/a	n/a	trigger	0
1046.044	0.5	1046044	untrained	32691	76	memtrain/o_570_1.jpg	photodiode	1
1046.895	0.5	1046895	trained	32731	36	memtrain/o_583_1.jpg	photodiode	1
1047.846	0.5	1047846	trained	32767	0	memtrain/o_006_1.jpg	photodiode	1
1048.746	0.5	1048746	catch	32671	n/a	catch_padded.jpg	photodiode	0
1049.368	0.0	1049368	response	7	n/a	n/a	trigger	0
1050.698	0.5	1050698	untrained	32675	92	memtrain/so_033_1.jpg	photodiode	1
1051.449	0.5	1051449	trained	32743	24	memtrain/o_357_1.jpg	photodiode	1
1052.399	0.5	1052399	trained	32721	46	memtrain/so_113_1.jpg	photodiode	1
1053.25	0.5	1053250	trained	32751	16	memtrain/o_199_2.jpg	photodiode	1
1054.093	0.5	1054093	trained	32759	8	memtrain/o_094_1.jpg	photodiode	1
1054.893	0.5	1054893	catch	32671	n/a	catch_padded.jpg	photodiode	0
1055.449	0.0	1055449	response	7	n/a	n/a	trigger	0
1056.895	0.5	1056895	untrained	32704	63	memtrain/o_310_2.jpg	photodiode	1
1057.846	0.5	1057846	trained	32720	47	memtrain/so_147_2.jpg	photodiode	1
1058.596	0.5	1058596	untrained	32700	67	memtrain/o_378_1.jpg	photodiode	1
1059.497	0.5	1059497	untrained	32687	80	memtrain/o_613_1.jpg	photodiode	1
1060.348	0.5	1060348	untrained	32694	73	memtrain/o_519_2.jpg	photodiode	1
1061.249	0.5	1061249	catch	32671	n/a	catch_padded.jpg	photodiode	0
1062.032	0.0	1062032	response	7	n/a	n/a	trigger	0
1063.3	0.5	1063300	untrained	32712	55	memtrain/o_153_2.jpg	photodiode	1
1064.151	0.5	1064151	untrained	32688	79	memtrain/o_600_1.jpg	photodiode	1
1065.002	0.5	1065002	trained	32746	21	memtrain/o_319_1.jpg	photodiode	1
1065.803	0.5	1065803	catch	32671	n/a	catch_padded.jpg	photodiode	0
1067.704	0.5	1067704	untrained	32677	90	memtrain/o_580_1.jpg	photodiode	1
1068.655	0.5	1068655	trained	32748	19	memtrain/o_284_2.jpg	photodiode	1
1069.556	0.5	1069556	untrained	32695	72	memtrain/o_490_1.jpg	photodiode	1
1070.406	0.5	1070406	untrained	32717	50	memtrain/o_057_2.jpg	photodiode	1
1071.157	0.5	1071157	catch	32671	n/a	catch_padded.jpg	photodiode	0
1071.573	0.0	1071573	response	7	n/a	n/a	trigger	0
1073.109	0.5	1073109	untrained	32696	71	memtrain/o_483_1.jpg	photodiode	1
1074.009	0.5	1074009	untrained	32683	84	memtrain/so_117_2.jpg	photodiode	1
1074.76	0.5	1074760	trained	32726	41	memtrain/o_663_2.jpg	photodiode	1
1075.711	0.5	1075711	untrained	32682	85	memtrain/o_218_1.jpg	photodiode	1
1076.612	0.5	1076612	untrained	32699	68	memtrain/o_393_1.jpg	photodiode	1
1077.412	0.5	1077412	catch	32671	n/a	catch_padded.jpg	photodiode	0
1077.92	0.0	1077920	response	7	n/a	n/a	trigger	0
1079.514	0.5	1079514	trained	32727	40	memtrain/o_648_2.jpg	photodiode	1
1080.415	0.5	1080415	untrained	32702	65	memtrain/o_337_2.jpg	photodiode	1
1081.166	0.5	1081166	trained	32724	43	memtrain/so_043_2.jpg	photodiode	1
1082.066	0.5	1082066	untrained	32672	95	memtrain/so_125_1.jpg	photodiode	1
1082.909	0.5	1082909	untrained	32676	91	memtrain/o_605_1.jpg	photodiode	1
1083.709	0.5	1083709	catch	32671	n/a	catch_padded.jpg	photodiode	0
1084.243	0.0	1084243	response	7	n/a	n/a	trigger	0
1085.769	0.5	1085769	untrained	32709	58	memtrain/o_192_1.jpg	photodiode	1
1086.562	0.5	1086562	trained	32742	25	memtrain/o_358_2.jpg	photodiode	1
1087.312	0.5	1087312	untrained	32678	89	memtrain/o_469_1.jpg	photodiode	1
1088.263	0.5	1088263	catch	32671	n/a	catch_padded.jpg	photodiode	0
1089.246	0.0	1089246	response	7	n/a	n/a	trigger	0
1090.215	0.5	1090215	trained	32755	12	memtrain/o_127_2.jpg	photodiode	1
1091.166	0.5	1091166	untrained	32715	52	memtrain/o_141_1.jpg	photodiode	1
1092.066	0.5	1092066	trained	32722	45	memtrain/so_090_2.jpg	photodiode	1
1092.817	0.5	1092817	catch	32671	n/a	catch_padded.jpg	photodiode	0
1093.34	0.0	1093340	response	7	n/a	n/a	trigger	0
1094.869	0.5	1094869	untrained	32686	81	memtrain/o_655_2.jpg	photodiode	1
1095.82	0.5	1095820	trained	32744	23	memtrain/o_338_2.jpg	photodiode	1
1096.77	0.5	1096770	trained	32765	2	memtrain/o_035_1.jpg	photodiode	1
1097.621	0.5	1097621	catch	32671	n/a	catch_padded.jpg	photodiode	0
1098.092	0.0	1098092	response	7	n/a	n/a	trigger	0
1100.096	0.0	1100096	block_end	120	n/a	n/a	trigger	0
1118.108	0.0	1118108	response	7	n/a	n/a	trigger	0
1118.119	0.0	1118119	block_onset	105	n/a	n/a	trigger	0
1120.174	0.5	1120174	untrained	32707	60	memtrain/o_228_2.jpg	photodiode	1
1121.024	0.5	1121024	trained	32739	28	memtrain/o_397_1.jpg	photodiode	1
1121.825	0.5	1121825	untrained	32693	74	memtrain/o_550_1.jpg	photodiode	1
1122.626	0.5	1122626	trained	32732	35	memtrain/o_561_2.jpg	photodiode	1
1123.468	0.5	1123468	trained	32759	8	memtrain/o_094_1.jpg	photodiode	1
1124.377	0.5	1124377	catch	32671	n/a	catch_padded.jpg	photodiode	0
1124.817	0.0	1124817	response	7	n/a	n/a	trigger	0
1126.371	0.5	1126371	trained	32758	9	memtrain/o_101_2.jpg	photodiode	1
1127.321	0.5	1127321	trained	32754	13	memtrain/o_136_1.jpg	photodiode	1
1128.072	0.5	1128072	untrained	32698	69	memtrain/o_464_2.jpg	photodiode	1
1128.873	0.5	1128873	catch	32671	n/a	catch_padded.jpg	photodiode	0
1129.383	0.0	1129383	response	7	n/a	n/a	trigger	0
1130.824	0.5	1130824	trained	32730	37	memtrain/o_597_1.jpg	photodiode	1
1131.775	0.5	1131775	trained	32760	7	memtrain/o_091_2.jpg	photodiode	1
1132.626	0.5	1132626	untrained	32680	87	memtrain/o_365_1.jpg	photodiode	1
1133.376	0.5	1133376	untrained	32705	62	memtrain/o_304_1.jpg	photodiode	1
1134.327	0.5	1134327	trained	32753	14	memtrain/o_174_1.jpg	photodiode	1
1135.128	0.5	1135128	catch	32671	n/a	catch_padded.jpg	photodiode	0
1135.643	0.0	1135643	response	7	n/a	n/a	trigger	0
1137.13	0.5	1137130	trained	32745	22	memtrain/o_321_1.jpg	photodiode	1
1137.88	0.5	1137880	trained	32723	44	memtrain/so_045_1.jpg	photodiode	1
1138.731	0.5	1138731	trained	32720	47	memtrain/so_147_2.jpg	photodiode	1
1139.682	0.5	1139682	trained	32767	0	memtrain/o_006_1.jpg	photodiode	1
1140.482	0.5	1140482	trained	32751	16	memtrain/o_199_2.jpg	photodiode	1
1141.283	0.5	1141283	catch	32671	n/a	catch_padded.jpg	photodiode	0
1141.79	0.0	1141790	response	7	n/a	n/a	trigger	0
1143.335	0.5	1143335	trained	32731	36	memtrain/o_583_1.jpg	photodiode	1
1144.286	0.5	1144286	trained	32721	46	memtrain/so_113_1.jpg	photodiode	1
1145.136	0.5	1145136	untrained	32692	75	memtrain/o_564_1.jpg	photodiode	1
1145.937	0.5	1145937	untrained	32694	73	memtrain/o_519_2.jpg	photodiode	1
1146.738	0.5	1146738	trained	32762	5	memtrain/o_067_1.jpg	photodiode	1
1147.538	0.5	1147538	catch	32671	n/a	catch_padded.jpg	photodiode	0
1148.166	0.0	1148166	response	7	n/a	n/a	trigger	0
1149.59	0.5	1149590	trained	32742	25	memtrain/o_358_2.jpg	photodiode	1
1150.491	0.5	1150491	untrained	32717	50	memtrain/o_057_2.jpg	photodiode	1
1151.292	0.5	1151292	untrained	32675	92	memtrain/so_033_1.jpg	photodiode	1
1152.092	0.5	1152092	untrained	32700	67	memtrain/o_378_1.jpg	photodiode	1
1152.993	0.5	1152993	trained	32725	42	memtrain/so_034_2.jpg	photodiode	1
1153.894	0.5	1153894	catch	32671	n/a	catch_padded.jpg	photodiode	0
1154.328	0.0	1154328	response	7	n/a	n/a	trigger	0
1155.987	0.5	1155987	trained	32724	43	memtrain/so_043_2.jpg	photodiode	1
1156.938	0.5	1156938	untrained	32686	81	memtrain/o_655_2.jpg	photodiode	1
1157.739	0.5	1157739	trained	32750	17	memtrain/o_232_1.jpg	photodiode	1
1158.589	0.5	1158589	catch	32671	n/a	catch_padded.jpg	photodiode	0
1159.282	0.0	1159282	response	7	n/a	n/a	trigger	0
1160.641	0.5	1160641	untrained	32690	77	memtrain/o_574_2.jpg	photodiode	1
1161.392	0.5	1161392	trained	32766	1	memtrain/o_015_1.jpg	photodiode	1
1162.293	0.5	1162293	trained	32763	4	memtrain/o_042_1.jpg	photodiode	1
1163.143	0.5	1163143	catch	32671	n/a	catch_padded.jpg	photodiode	0
1163.815	0.0	1163815	response	7	n/a	n/a	trigger	0
1165.195	0.5	1165195	untrained	32689	78	memtrain/o_599_1.jpg	photodiode	1
1166.096	0.5	1166096	trained	32737	30	memtrain/o_437_2.jpg	photodiode	1
1166.846	0.5	1166846	untrained	32673	94	memtrain/so_067_1.jpg	photodiode	1
1167.797	0.5	1167797	untrained	32708	59	memtrain/o_201_2.jpg	photodiode	1
1168.748	0.5	1168748	untrained	32674	93	memtrain/so_035_1.jpg	photodiode	1
1169.549	0.5	1169549	catch	32671	n/a	catch_padded.jpg	photodiode	0
1170.021	0.0	1170021	response	7	n/a	n/a	trigger	0
1171.45	0.5	1171450	untrained	32709	58	memtrain/o_192_1.jpg	photodiode	1
1172.401	0.5	1172401	untrained	32691	76	memtrain/o_570_1.jpg	photodiode	1
1173.152	0.5	1173152	untrained	32711	56	memtrain/o_163_2.jpg	photodiode	1
1174.002	0.5	1174002	catch	32671	n/a	catch_padded.jpg	photodiode	0
1174.592	0.0	1174592	response	7	n/a	n/a	trigger	0
1175.954	0.5	1175954	untrained	32679	88	memtrain/o_458_1.jpg	photodiode	1
1176.755	0.5	1176755	trained	32743	24	memtrain/o_357_1.jpg	photodiode	1
1177.606	0.5	1177606	untrained	32713	54	memtrain/o_145_1.jpg	photodiode	1
1178.356	0.5	1178356	untrained	32716	51	memtrain/o_103_2.jpg	photodiode	1
1179.257	0.5	1179257	catch	32671	n/a	catch_padded.jpg	photodiode	0
1179.724	0.0	1179724	response	7	n/a	n/a	trigger	0
1181.159	0.5	1181159	untrained	32687	80	memtrain/o_613_1.jpg	photodiode	1
1182.109	0.5	1182109	untrained	32688	79	memtrain/o_600_1.jpg	photodiode	1
1182.91	0.5	1182910	trained	32740	27	memtrain/o_379_2.jpg	photodiode	1
1183.853	0.5	1183853	catch	32671	n/a	catch_padded.jpg	photodiode	0
1184.295	0.0	1184295	response	7	n/a	n/a	trigger	0
1185.854	0.5	1185854	untrained	32703	64	memtrain/o_334_2.jpg	photodiode	1
1186.705	0.5	1186705	trained	32734	33	memtrain/o_536_1.jpg	photodiode	1
1187.556	0.5	1187556	untrained	32682	85	memtrain/o_218_1.jpg	photodiode	1
1188.356	0.5	1188356	untrained	32684	83	memtrain/so_105_1.jpg	photodiode	1
1189.207	0.5	1189207	trained	32757	10	memtrain/o_111_2.jpg	photodiode	1
1190.108	0.5	1190108	catch	32671	n/a	catch_padded.jpg	photodiode	0
1190.807	0.0	1190807	response	7	n/a	n/a	trigger	0
1192.16	0.5	1192160	untrained	32702	65	memtrain/o_337_2.jpg	photodiode	1
1192.91	0.5	1192910	untrained	32672	95	memtrain/so_125_1.jpg	photodiode	1
1193.811	0.5	1193811	trained	32741	26	memtrain/o_376_1.jpg	photodiode	1
1194.712	0.5	1194712	untrained	32706	61	memtrain/o_298_2.jpg	photodiode	1
1195.462	0.5	1195462	trained	32726	41	memtrain/o_663_2.jpg	photodiode	1
1196.363	0.5	1196363	catch	32671	n/a	catch_padded.jpg	photodiode	0
1196.846	0.0	1196846	response	7	n/a	n/a	trigger	0
1198.415	0.5	1198415	untrained	32697	70	memtrain/o_471_2.jpg	photodiode	1
1199.166	0.5	1199166	untrained	32710	57	memtrain/o_171_1.jpg	photodiode	1
1199.916	0.5	1199916	untrained	32695	72	memtrain/o_490_1.jpg	photodiode	1
1200.717	0.5	1200717	catch	32671	n/a	catch_padded.jpg	photodiode	0
1201.179	0.0	1201179	response	7	n/a	n/a	trigger	0
1202.618	0.5	1202618	untrained	32676	91	memtrain/o_605_1.jpg	photodiode	1
1203.419	0.5	1203419	trained	32748	19	memtrain/o_284_2.jpg	photodiode	1
1204.27	0.5	1204270	trained	32744	23	memtrain/o_338_2.jpg	photodiode	1
1205.021	0.5	1205021	trained	32746	21	memtrain/o_319_1.jpg	photodiode	1
1205.871	0.5	1205871	trained	32727	40	memtrain/o_648_2.jpg	photodiode	1
1206.822	0.5	1206822	catch	32671	n/a	catch_padded.jpg	photodiode	0
1207.321	0.0	1207321	response	7	n/a	n/a	trigger	0
1208.724	0.5	1208724	trained	32735	32	memtrain/o_485_2.jpg	photodiode	1
1209.524	0.5	1209524	trained	32729	38	memtrain/o_603_1.jpg	photodiode	1
1210.425	0.5	1210425	untrained	32712	55	memtrain/o_153_2.jpg	photodiode	1
1211.276	0.5	1211276	untrained	32677	90	memtrain/o_580_1.jpg	photodiode	1
1212.177	0.5	1212177	catch	32671	n/a	catch_padded.jpg	photodiode	0
1212.779	0.0	1212779	response	7	n/a	n/a	trigger	0
1214.27	0.5	1214270	untrained	32696	71	memtrain/o_483_1.jpg	photodiode	1
1215.121	0.5	1215121	trained	32722	45	memtrain/so_090_2.jpg	photodiode	1
1216.071	0.5	1216071	trained	32765	2	memtrain/o_035_1.jpg	photodiode	1
1216.972	0.5	1216972	catch	32671	n/a	catch_padded.jpg	photodiode	0
1217.656	0.0	1217656	response	7	n/a	n/a	trigger	0
1218.924	0.5	1218924	untrained	32685	82	memtrain/o_656_1.jpg	photodiode	1
1219.725	0.5	1219725	untrained	32699	68	memtrain/o_393_1.jpg	photodiode	1
1220.625	0.5	1220625	trained	32756	11	memtrain/o_117_2.jpg	photodiode	1
1221.576	0.5	1221576	catch	32671	n/a	catch_padded.jpg	photodiode	0
1222.081	0.0	1222081	response	7	n/a	n/a	trigger	0
1223.578	0.5	1223578	trained	32738	29	memtrain/o_416_1.jpg	photodiode	1
1224.429	0.5	1224429	trained	32747	20	memtrain/o_290_1.jpg	photodiode	1
1225.229	0.5	1225229	untrained	32704	63	memtrain/o_310_2.jpg	photodiode	1
1226.08	0.5	1226080	untrained	32719	48	memtrain/o_019_2.jpg	photodiode	1
1226.931	0.5	1226931	catch	32671	n/a	catch_padded.jpg	photodiode	0
1227.431	0.0	1227431	response	7	n/a	n/a	trigger	0
1228.832	0.5	1228832	untrained	32681	86	memtrain/o_288_1.jpg	photodiode	1
1229.783	0.5	1229783	trained	32752	15	memtrain/o_195_1.jpg	photodiode	1
1230.634	0.5	1230634	trained	32736	31	memtrain/o_465_2.jpg	photodiode	1
1231.585	0.5	1231585	catch	32671	n/a	catch_padded.jpg	photodiode	0
1232.026	0.0	1232026	response	7	n/a	n/a	trigger	0
1233.686	0.5	1233686	trained	32728	39	memtrain/o_606_1.jpg	photodiode	1
1234.637	0.5	1234637	trained	32764	3	memtrain/o_040_2.jpg	photodiode	1
1235.588	0.5	1235588	untrained	32683	84	memtrain/so_117_2.jpg	photodiode	1
1236.539	0.5	1236539	untrained	32715	52	memtrain/o_141_1.jpg	photodiode	1
1237.49	0.5	1237490	untrained	32718	49	memtrain/o_054_2.jpg	photodiode	1
1238.24	0.5	1238240	catch	32671	n/a	catch_padded.jpg	photodiode	0
1238.678	0.0	1238678	response	7	n/a	n/a	trigger	0
1240.292	0.5	1240292	trained	32755	12	memtrain/o_127_2.jpg	photodiode	1
1241.043	0.5	1241043	trained	32749	18	memtrain/o_264_2.jpg	photodiode	1
1241.835	0.5	1241835	untrained	32714	53	memtrain/o_142_2.jpg	photodiode	1
1242.694	0.5	1242694	trained	32733	34	memtrain/o_558_2.jpg	photodiode	1
1243.587	0.5	1243587	catch	32671	n/a	catch_padded.jpg	photodiode	0
1244.126	0.0	1244126	response	7	n/a	n/a	trigger	0
1245.538	0.5	1245538	untrained	32701	66	memtrain/o_342_2.jpg	photodiode	1
1246.489	0.5	1246489	trained	32761	6	memtrain/o_076_1.jpg	photodiode	1
1247.44	0.5	1247440	untrained	32678	89	memtrain/o_469_1.jpg	photodiode	1
1248.19	0.5	1248190	catch	32671	n/a	catch_padded.jpg	photodiode	0
1248.668	0.0	1248668	response	7	n/a	n/a	trigger	0
1250.142	0.5	1250142	trained	32720	47	memtrain/so_147_2.jpg	photodiode	1
1250.893	0.5	1250893	untrained	32716	51	memtrain/o_103_2.jpg	photodiode	1
1251.643	0.5	1251643	trained	32753	14	memtrain/o_174_1.jpg	photodiode	1
1252.594	0.5	1252594	trained	32748	19	memtrain/o_284_2.jpg	photodiode	1
1253.345	0.5	1253345	untrained	32706	61	memtrain/o_298_2.jpg	photodiode	1
1254.146	0.5	1254146	catch	32671	n/a	catch_padded.jpg	photodiode	0
1254.625	0.0	1254625	response	7	n/a	n/a	trigger	0
1256.247	0.5	1256247	trained	32761	6	memtrain/o_076_1.jpg	photodiode	1
1257.098	0.5	1257098	untrained	32698	69	memtrain/o_464_2.jpg	photodiode	1
1257.949	0.5	1257949	untrained	32686	81	memtrain/o_655_2.jpg	photodiode	1
1258.9	0.5	1258900	untrained	32690	77	memtrain/o_574_2.jpg	photodiode	1
1259.8	0.5	1259800	catch	32671	n/a	catch_padded.jpg	photodiode	0
1260.282	0.0	1260282	response	7	n/a	n/a	trigger	0
1261.852	0.5	1261852	untrained	32680	87	memtrain/o_365_1.jpg	photodiode	1
1262.753	0.5	1262753	trained	32735	32	memtrain/o_485_2.jpg	photodiode	1
1263.503	0.5	1263503	untrained	32710	57	memtrain/o_171_1.jpg	photodiode	1
1264.304	0.5	1264304	catch	32671	n/a	catch_padded.jpg	photodiode	0
1264.826	0.0	1264826	response	7	n/a	n/a	trigger	0
1266.356	0.5	1266356	untrained	32703	64	memtrain/o_334_2.jpg	photodiode	1
1267.207	0.5	1267207	trained	32745	22	memtrain/o_321_1.jpg	photodiode	1
1268.107	0.5	1268107	untrained	32719	48	memtrain/o_019_2.jpg	photodiode	1
1269.058	0.5	1269058	trained	32752	15	memtrain/o_195_1.jpg	photodiode	1
1269.859	0.5	1269859	catch	32671	n/a	catch_padded.jpg	photodiode	0
1270.328	0.0	1270328	response	7	n/a	n/a	trigger	0
1271.902	0.5	1271902	trained	32742	25	memtrain/o_358_2.jpg	photodiode	1
1272.703	0.5	1272703	trained	32724	43	memtrain/so_043_2.jpg	photodiode	1
1273.453	0.5	1273453	trained	32722	45	memtrain/so_090_2.jpg	photodiode	1
1274.404	0.5	1274404	untrained	32675	92	memtrain/so_033_1.jpg	photodiode	1
1275.355	0.5	1275355	catch	32671	n/a	catch_padded.jpg	photodiode	0
1275.757	0.0	1275757	response	7	n/a	n/a	trigger	0
1277.257	0.5	1277257	trained	32734	33	memtrain/o_536_1.jpg	photodiode	1
1278.107	0.5	1278107	untrained	32697	70	memtrain/o_471_2.jpg	photodiode	1
1278.908	0.5	1278908	trained	32765	2	memtrain/o_035_1.jpg	photodiode	1
1279.809	0.5	1279809	trained	32764	3	memtrain/o_040_2.jpg	photodiode	1
1280.71	0.5	1280710	catch	32671	n/a	catch_padded.jpg	photodiode	0
1281.347	0.0	1281347	response	7	n/a	n/a	trigger	0
1282.761	0.5	1282761	trained	32727	40	memtrain/o_648_2.jpg	photodiode	1
1283.662	0.5	1283662	untrained	32711	56	memtrain/o_163_2.jpg	photodiode	1
1284.413	0.5	1284413	untrained	32713	54	memtrain/o_145_1.jpg	photodiode	1
1285.213	0.5	1285213	catch	32671	n/a	catch_padded.jpg	photodiode	0
1285.768	0.0	1285768	response	7	n/a	n/a	trigger	0
1287.115	0.5	1287115	trained	32757	10	memtrain/o_111_2.jpg	photodiode	1
1287.966	0.5	1287966	untrained	32718	49	memtrain/o_054_2.jpg	photodiode	1
1288.817	0.5	1288817	untrained	32673	94	memtrain/so_067_1.jpg	photodiode	1
1289.667	0.5	1289667	trained	32760	7	memtrain/o_091_2.jpg	photodiode	1
1290.468	0.5	1290468	catch	32671	n/a	catch_padded.jpg	photodiode	0
1290.474	0.0	1290474	response	7	n/a	n/a	trigger	0
1292.37	0.5	1292370	trained	32759	8	memtrain/o_094_1.jpg	photodiode	1
1293.12	0.5	1293120	trained	32736	31	memtrain/o_465_2.jpg	photodiode	1
1294.071	0.5	1294071	trained	32728	39	memtrain/o_606_1.jpg	photodiode	1
1294.922	0.5	1294922	trained	32732	35	memtrain/o_561_2.jpg	photodiode	1
1295.672	0.5	1295672	catch	32671	n/a	catch_padded.jpg	photodiode	0
1296.164	0.0	1296164	response	7	n/a	n/a	trigger	0
1297.724	0.5	1297724	trained	32740	27	memtrain/o_379_2.jpg	photodiode	1
1298.675	0.5	1298675	untrained	32672	95	memtrain/so_125_1.jpg	photodiode	1
1299.425	0.5	1299425	trained	32754	13	memtrain/o_136_1.jpg	photodiode	1
1300.376	0.5	1300376	untrained	32712	55	memtrain/o_153_2.jpg	photodiode	1
1301.177	0.5	1301177	catch	32671	n/a	catch_padded.jpg	photodiode	0
1301.851	0.0	1301851	response	7	n/a	n/a	trigger	0
1303.129	0.5	1303129	trained	32730	37	memtrain/o_597_1.jpg	photodiode	1
1303.971	0.5	1303971	trained	32733	34	memtrain/o_558_2.jpg	photodiode	1
1304.722	0.5	1304722	untrained	32704	63	memtrain/o_310_2.jpg	photodiode	1
1305.572	0.5	1305572	trained	32751	16	memtrain/o_199_2.jpg	photodiode	1
1306.423	0.5	1306423	catch	32671	n/a	catch_padded.jpg	photodiode	0
1306.946	0.0	1306946	response	7	n/a	n/a	trigger	0
1308.325	0.5	1308325	untrained	32701	66	memtrain/o_342_2.jpg	photodiode	1
1309.176	0.5	1309176	untrained	32677	90	memtrain/o_580_1.jpg	photodiode	1
1309.926	0.5	1309926	trained	32755	12	memtrain/o_127_2.jpg	photodiode	1
1310.677	0.5	1310677	trained	32731	36	memtrain/o_583_1.jpg	photodiode	1
1311.436	0.5	1311436	trained	32767	0	memtrain/o_006_1.jpg	photodiode	1
1312.178	0.5	1312178	catch	32671	n/a	catch_padded.jpg	photodiode	0
1312.671	0.0	1312671	response	7	n/a	n/a	trigger	0
1314.28	0.5	1314280	untrained	32689	78	memtrain/o_599_1.jpg	photodiode	1
1315.131	0.5	1315131	untrained	32676	91	memtrain/o_605_1.jpg	photodiode	1
1315.931	0.5	1315931	untrained	32679	88	memtrain/o_458_1.jpg	photodiode	1
1316.832	0.5	1316832	untrained	32705	62	memtrain/o_304_1.jpg	photodiode	1
1317.733	0.5	1317733	trained	32744	23	memtrain/o_338_2.jpg	photodiode	1
1318.634	0.5	1318634	catch	32671	n/a	catch_padded.jpg	photodiode	0
1319.205	0.0	1319205	response	7	n/a	n/a	trigger	0
1320.635	0.5	1320635	trained	32741	26	memtrain/o_376_1.jpg	photodiode	1
1321.586	0.5	1321586	trained	32758	9	memtrain/o_101_2.jpg	photodiode	1
1322.537	0.5	1322537	untrained	32708	59	memtrain/o_201_2.jpg	photodiode	1
1323.287	0.5	1323287	untrained	32715	52	memtrain/o_141_1.jpg	photodiode	1
1324.088	0.5	1324088	untrained	32682	85	memtrain/o_218_1.jpg	photodiode	1
1324.939	0.5	1324939	catch	32671	n/a	catch_padded.jpg	photodiode	0
1325.378	0.0	1325378	response	7	n/a	n/a	trigger	0
1326.991	0.5	1326991	untrained	32674	93	memtrain/so_035_1.jpg	photodiode	1
1327.941	0.5	1327941	trained	32746	21	memtrain/o_319_1.jpg	photodiode	1
1328.742	0.5	1328742	untrained	32707	60	memtrain/o_228_2.jpg	photodiode	1
1329.643	0.5	1329643	catch	32671	n/a	catch_padded.jpg	photodiode	0
1330.252	0.0	1330252	response	7	n/a	n/a	trigger	0
1331.745	0.5	1331745	trained	32721	46	memtrain/so_113_1.jpg	photodiode	1
1332.645	0.5	1332645	trained	32726	41	memtrain/o_663_2.jpg	photodiode	1
1333.488	0.5	1333488	untrained	32684	83	memtrain/so_105_1.jpg	photodiode	1
1334.238	0.5	1334238	catch	32671	n/a	catch_padded.jpg	photodiode	0
1334.736	0.0	1334736	response	7	n/a	n/a	trigger	0
1336.14	0.5	1336140	untrained	32695	72	memtrain/o_490_1.jpg	photodiode	1
1337.041	0.5	1337041	untrained	32687	80	memtrain/o_613_1.jpg	photodiode	1
1337.841	0.5	1337841	untrained	32694	73	memtrain/o_519_2.jpg	photodiode	1
1338.742	0.5	1338742	catch	32671	n/a	catch_padded.jpg	photodiode	0
1339.513	0.0	1339513	response	7	n/a	n/a	trigger	0
1340.844	0.5	1340844	untrained	32678	89	memtrain/o_469_1.jpg	photodiode	1
1341.745	0.5	1341745	untrained	32699	68	memtrain/o_393_1.jpg	photodiode	1
1342.696	0.5	1342696	trained	32766	1	memtrain/o_015_1.jpg	photodiode	1
1343.446	0.5	1343446	trained	32723	44	memtrain/so_045_1.jpg	photodiode	1
1344.397	0.5	1344397	catch	32671	n/a	catch_padded.jpg	photodiode	0
1344.925	0.0	1344925	response	7	n/a	n/a	trigger	0
1346.349	0.5	1346349	trained	32737	30	memtrain/o_437_2.jpg	photodiode	1
1347.199	0.5	1347199	untrained	32709	58	memtrain/o_192_1.jpg	photodiode	1
1348.1	0.5	1348100	untrained	32688	79	memtrain/o_600_1.jpg	photodiode	1
1349.059	0.5	1349059	trained	32762	5	memtrain/o_067_1.jpg	photodiode	1
1349.902	0.5	1349902	catch	32671	n/a	catch_padded.jpg	photodiode	0
1350.346	0.0	1350346	response	7	n/a	n/a	trigger	0
1351.853	0.5	1351853	untrained	32691	76	memtrain/o_570_1.jpg	photodiode	1
1352.654	0.5	1352654	trained	32725	42	memtrain/so_034_2.jpg	photodiode	1
1353.455	0.5	1353455	trained	32738	29	memtrain/o_416_1.jpg	photodiode	1
1354.405	0.5	1354405	untrained	32700	67	memtrain/o_378_1.jpg	photodiode	1
1355.156	0.5	1355156	trained	32756	11	memtrain/o_117_2.jpg	photodiode	1
1356.007	0.5	1356007	catch	32671	n/a	catch_padded.jpg	photodiode	0
1356.582	0.0	1356582	response	7	n/a	n/a	trigger	0
1358.009	0.5	1358009	trained	32729	38	memtrain/o_603_1.jpg	photodiode	1
1358.759	0.5	1358759	trained	32739	28	memtrain/o_397_1.jpg	photodiode	1
1359.71	0.5	1359710	trained	32749	18	memtrain/o_264_2.jpg	photodiode	1
1360.611	0.5	1360611	untrained	32681	86	memtrain/o_288_1.jpg	photodiode	1
1361.361	0.5	1361361	catch	32671	n/a	catch_padded.jpg	photodiode	0
1361.901	0.0	1361901	response	7	n/a	n/a	trigger	0
1363.305	0.5	1363305	untrained	32692	75	memtrain/o_564_1.jpg	photodiode	1
1364.105	0.5	1364105	untrained	32714	53	memtrain/o_142_2.jpg	photodiode	1
1365.056	0.5	1365056	untrained	32696	71	memtrain/o_483_1.jpg	photodiode	1
1365.807	0.5	1365807	untrained	32685	82	memtrain/o_656_1.jpg	photodiode	1
1366.608	0.5	1366608	untrained	32683	84	memtrain/so_117_2.jpg	photodiode	1
1367.458	0.5	1367458	catch	32671	n/a	catch_padded.jpg	photodiode	0
1367.885	0.0	1367885	response	7	n/a	n/a	trigger	0
1369.46	0.5	1369460	untrained	32693	74	memtrain/o_550_1.jpg	photodiode	1
1370.411	0.5	1370411	trained	32763	4	memtrain/o_042_1.jpg	photodiode	1
1371.211	0.5	1371211	trained	32743	24	memtrain/o_357_1.jpg	photodiode	1
1372.062	0.5	1372062	catch	32671	n/a	catch_padded.jpg	photodiode	0
1372.539	0.0	1372539	response	7	n/a	n/a	trigger	0
1374.114	0.5	1374114	trained	32750	17	memtrain/o_232_1.jpg	photodiode	1
1375.065	0.5	1375065	untrained	32702	65	memtrain/o_337_2.jpg	photodiode	1
1375.965	0.5	1375965	trained	32747	20	memtrain/o_290_1.jpg	photodiode	1
1376.716	0.5	1376716	untrained	32717	50	memtrain/o_057_2.jpg	photodiode	1
1377.617	0.5	1377617	catch	32671	n/a	catch_padded.jpg	photodiode	0
1378.091	0.0	1378091	response	7	n/a	n/a	trigger	0
1380.092	0.0	1380092	block_end	120	n/a	n/a	trigger	0
1399.784	0.0	1399784	response	7	n/a	n/a	trigger	0
1399.791	0.0	1399791	block_onset	106	n/a	n/a	trigger	0
1401.846	0.5	1401846	trained	32721	46	memtrain/so_113_1.jpg	photodiode	1
1402.696	0.5	1402696	untrained	32673	94	memtrain/so_067_1.jpg	photodiode	1
1403.647	0.5	1403647	trained	32730	37	memtrain/o_597_1.jpg	photodiode	1
1404.448	0.5	1404448	catch	32671	n/a	catch_padded.jpg	photodiode	0
1404.93	0.0	1404930	response	7	n/a	n/a	trigger	0
1406.5	0.5	1406500	untrained	32687	80	memtrain/o_613_1.jpg	photodiode	1
1407.35	0.5	1407350	untrained	32718	49	memtrain/o_054_2.jpg	photodiode	1
1408.243	0.5	1408243	untrained	32715	52	memtrain/o_141_1.jpg	photodiode	1
1409.094	0.5	1409094	untrained	32680	87	memtrain/o_365_1.jpg	photodiode	1
1410.044	0.5	1410044	untrained	32695	72	memtrain/o_490_1.jpg	photodiode	1
1410.795	0.5	1410795	catch	32671	n/a	catch_padded.jpg	photodiode	0
1411.201	0.0	1411201	response	7	n/a	n/a	trigger	0
1412.697	0.5	1412697	trained	32765	2	memtrain/o_035_1.jpg	photodiode	1
1413.547	0.5	1413547	untrained	32709	58	memtrain/o_192_1.jpg	photodiode	1
1414.498	0.5	1414498	trained	32756	11	memtrain/o_117_2.jpg	photodiode	1
1415.349	0.5	1415349	catch	32671	n/a	catch_padded.jpg	photodiode	0
1415.909	0.0	1415909	response	7	n/a	n/a	trigger	0
1417.301	0.5	1417301	trained	32722	45	memtrain/so_090_2.jpg	photodiode	1
1418.051	0.5	1418051	untrained	32700	67	memtrain/o_378_1.jpg	photodiode	1
1418.802	0.5	1418802	untrained	32679	88	memtrain/o_458_1.jpg	photodiode	1
1419.753	0.5	1419753	catch	32671	n/a	catch_padded.jpg	photodiode	0
1420.225	0.0	1420225	response	7	n/a	n/a	trigger	0
1421.854	0.5	1421854	trained	32749	18	memtrain/o_264_2.jpg	photodiode	1
1422.705	0.5	1422705	untrained	32706	61	memtrain/o_298_2.jpg	photodiode	1
1423.456	0.5	1423456	trained	32754	13	memtrain/o_136_1.jpg	photodiode	1
1424.256	0.5	1424256	untrained	32678	89	memtrain/o_469_1.jpg	photodiode	1
1425.107	0.5	1425107	catch	32671	n/a	catch_padded.jpg	photodiode	0
1425.827	0.0	1425827	response	7	n/a	n/a	trigger	0
1427.109	0.5	1427109	trained	32740	27	memtrain/o_379_2.jpg	photodiode	1
1427.96	0.5	1427960	untrained	32677	90	memtrain/o_580_1.jpg	photodiode	1
1428.91	0.5	1428910	untrained	32707	60	memtrain/o_228_2.jpg	photodiode	1
1429.811	0.5	1429811	trained	32752	15	memtrain/o_195_1.jpg	photodiode	1
1430.562	0.5	1430562	catch	32671	n/a	catch_padded.jpg	photodiode	0
1431.291	0.0	1431291	response	7	n/a	n/a	trigger	0
1432.563	0.5	1432563	untrained	32689	78	memtrain/o_599_1.jpg	photodiode	1
1433.364	0.5	1433364	trained	32745	22	memtrain/o_321_1.jpg	photodiode	1
1434.115	0.5	1434115	trained	32742	25	memtrain/o_358_2.jpg	photodiode	1
1435.066	0.5	1435066	untrained	32708	59	memtrain/o_201_2.jpg	photodiode	1
1436.016	0.5	1436016	trained	32748	19	memtrain/o_284_2.jpg	photodiode	1
1436.767	0.5	1436767	catch	32671	n/a	catch_padded.jpg	photodiode	0
1437.394	0.0	1437394	response	7	n/a	n/a	trigger	0
1438.81	0.5	1438810	trained	32739	28	memtrain/o_397_1.jpg	photodiode	1
1439.72	0.5	1439720	trained	32744	23	memtrain/o_338_2.jpg	photodiode	1
1440.662	0.5	1440662	trained	32723	44	memtrain/so_045_1.jpg	photodiode	1
1441.463	0.5	1441463	trained	32736	31	memtrain/o_465_2.jpg	photodiode	1
1442.413	0.5	1442413	untrained	32714	53	memtrain/o_142_2.jpg	photodiode	1
1443.264	0.5	1443264	catch	32671	n/a	catch_padded.jpg	photodiode	0
1443.771	0.0	1443771	response	7	n/a	n/a	trigger	0
1445.166	0.5	1445166	untrained	32711	56	memtrain/o_163_2.jpg	photodiode	1
1446.016	0.5	1446016	trained	32762	5	memtrain/o_067_1.jpg	photodiode	1
1446.817	0.5	1446817	trained	32724	43	memtrain/so_043_2.jpg	photodiode	1
1447.718	0.5	1447718	untrained	32683	84	memtrain/so_117_2.jpg	photodiode	1
1448.669	0.5	1448669	trained	32759	8	memtrain/o_094_1.jpg	photodiode	1
1449.569	0.5	1449569	catch	32671	n/a	catch_padded.jpg	photodiode	0
1450.038	0.0	1450038	response	7	n/a	n/a	trigger	0
1451.471	0.5	1451471	trained	32757	10	memtrain/o_111_2.jpg	photodiode	1
1452.272	0.5	1452272	untrained	32675	92	memtrain/so_033_1.jpg	photodiode	1
1453.072	0.5	1453072	trained	32763	4	memtrain/o_042_1.jpg	photodiode	1
1453.923	0.5	1453923	catch	32671	n/a	catch_padded.jpg	photodiode	0
1454.395	0.0	1454395	response	7	n/a	n/a	trigger	0
1455.975	0.5	1455975	trained	32764	3	memtrain/o_040_2.jpg	photodiode	1
1456.776	0.5	1456776	trained	32732	35	memtrain/o_561_2.jpg	photodiode	1
1457.676	0.5	1457676	untrained	32691	76	memtrain/o_570_1.jpg	photodiode	1
1458.477	0.5	1458477	catch	32671	n/a	catch_padded.jpg	photodiode	0
1458.966	0.0	1458966	response	7	n/a	n/a	trigger	0
1460.529	0.5	1460529	trained	32734	33	memtrain/o_536_1.jpg	photodiode	1
1461.279	0.5	1461279	trained	32761	6	memtrain/o_076_1.jpg	photodiode	1
1462.18	0.5	1462180	trained	32751	16	memtrain/o_199_2.jpg	photodiode	1
1463.031	0.5	1463031	trained	32741	26	memtrain/o_376_1.jpg	photodiode	1
1463.832	0.5	1463832	catch	32671	n/a	catch_padded.jpg	photodiode	0
1464.283	0.0	1464283	response	7	n/a	n/a	trigger	0
1465.933	0.5	1465933	untrained	32699	68	memtrain/o_393_1.jpg	photodiode	1
1466.684	0.5	1466684	untrained	32710	57	memtrain/o_171_1.jpg	photodiode	1
1467.526	0.5	1467526	trained	32725	42	memtrain/so_034_2.jpg	photodiode	1
1468.277	0.5	1468277	catch	32671	n/a	catch_padded.jpg	photodiode	0
1468.769	0.0	1468769	response	7	n/a	n/a	trigger	0
1470.229	0.5	1470229	untrained	32686	81	memtrain/o_655_2.jpg	photodiode	1
1471.079	0.5	1471079	trained	32733	34	memtrain/o_558_2.jpg	photodiode	1
1471.93	0.5	1471930	untrained	32682	85	memtrain/o_218_1.jpg	photodiode	1
1472.831	0.5	1472831	trained	32743	24	memtrain/o_357_1.jpg	photodiode	1
1473.782	0.5	1473782	untrained	32684	83	memtrain/so_105_1.jpg	photodiode	1
1474.582	0.5	1474582	catch	32671	n/a	catch_padded.jpg	photodiode	0
1475.064	0.0	1475064	response	7	n/a	n/a	trigger	0
1476.584	0.5	1476584	untrained	32685	82	memtrain/o_656_1.jpg	photodiode	1
1477.335	0.5	1477335	untrained	32702	65	memtrain/o_337_2.jpg	photodiode	1
1478.185	0.5	1478185	trained	32755	12	memtrain/o_127_2.jpg	photodiode	1
1479.136	0.5	1479136	trained	32731	36	memtrain/o_583_1.jpg	photodiode	1
1480.087	0.5	1480087	catch	32671	n/a	catch_padded.jpg	photodiode	0
1480.563	0.0	1480563	response	7	n/a	n/a	trigger	0
1481.989	0.5	1481989	trained	32738	29	memtrain/o_416_1.jpg	photodiode	1
1482.889	0.5	1482889	trained	32737	30	memtrain/o_437_2.jpg	photodiode	1
1483.84	0.5	1483840	untrained	32692	75	memtrain/o_564_1.jpg	photodiode	1
1484.741	0.5	1484741	untrained	32719	48	memtrain/o_019_2.jpg	photodiode	1
1485.592	0.5	1485592	catch	32671	n/a	catch_padded.jpg	photodiode	0
1486.126	0.0	1486126	response	7	n/a	n/a	trigger	0
1487.694	0.5	1487694	trained	32746	21	memtrain/o_319_1.jpg	photodiode	1
1488.644	0.5	1488644	untrained	32676	91	memtrain/o_605_1.jpg	photodiode	1
1489.495	0.5	1489495	untrained	32688	79	memtrain/o_600_1.jpg	photodiode	1
1490.296	0.5	1490296	trained	32766	1	memtrain/o_015_1.jpg	photodiode	1
1491.046	0.5	1491046	catch	32671	n/a	catch_padded.jpg	photodiode	0
1491.513	0.0	1491513	response	7	n/a	n/a	trigger	0
1493.048	0.5	1493048	untrained	32674	93	memtrain/so_035_1.jpg	photodiode	1
1493.999	0.5	1493999	trained	32753	14	memtrain/o_174_1.jpg	photodiode	1
1494.9	0.5	1494900	untrained	32694	73	memtrain/o_519_2.jpg	photodiode	1
1495.7	0.5	1495700	trained	32727	40	memtrain/o_648_2.jpg	photodiode	1
1496.551	0.5	1496551	catch	32671	n/a	catch_padded.jpg	photodiode	0
1496.959	0.0	1496959	response	7	n/a	n/a	trigger	0
1498.544	0.5	1498544	untrained	32717	50	memtrain/o_057_2.jpg	photodiode	1
1499.495	0.5	1499495	untrained	32698	69	memtrain/o_464_2.jpg	photodiode	1
1500.296	0.5	1500296	untrained	32696	71	memtrain/o_483_1.jpg	photodiode	1
1501.197	0.5	1501197	trained	32747	20	memtrain/o_290_1.jpg	photodiode	1
1501.997	0.5	1501997	catch	32671	n/a	catch_padded.jpg	photodiode	0
1502.525	0.0	1502525	response	7	n/a	n/a	trigger	0
1504.099	0.5	1504099	untrained	32672	95	memtrain/so_125_1.jpg	photodiode	1
1504.95	0.5	1504950	untrained	32681	86	memtrain/o_288_1.jpg	photodiode	1
1505.901	0.5	1505901	untrained	32716	51	memtrain/o_103_2.jpg	photodiode	1
1506.801	0.5	1506801	catch	32671	n/a	catch_padded.jpg	photodiode	0
1507.303	0.0	1507303	response	7	n/a	n/a	trigger	0
1508.853	0.5	1508853	untrained	32713	54	memtrain/o_145_1.jpg	photodiode	1
1509.654	0.5	1509654	untrained	32693	74	memtrain/o_550_1.jpg	photodiode	1
1510.504	0.5	1510504	untrained	32703	64	memtrain/o_334_2.jpg	photodiode	1
1511.305	0.5	1511305	trained	32760	7	memtrain/o_091_2.jpg	photodiode	1
1512.256	0.5	1512256	trained	32758	9	memtrain/o_101_2.jpg	photodiode	1
1513.157	0.5	1513157	catch	32671	n/a	catch_padded.jpg	photodiode	0
1513.537	0.0	1513537	response	7	n/a	n/a	trigger	0
1515.208	0.5	1515208	trained	32767	0	memtrain/o_006_1.jpg	photodiode	1
1515.959	0.5	1515959	untrained	32690	77	memtrain/o_574_2.jpg	photodiode	1
1516.76	0.5	1516760	trained	32728	39	memtrain/o_606_1.jpg	photodiode	1
1517.56	0.5	1517560	trained	32726	41	memtrain/o_663_2.jpg	photodiode	1
1518.511	0.5	1518511	catch	32671	n/a	catch_padded.jpg	photodiode	0
1518.999	0.0	1518999	response	7	n/a	n/a	trigger	0
1520.613	0.5	1520613	untrained	32712	55	memtrain/o_153_2.jpg	photodiode	1
1521.414	0.5	1521414	trained	32750	17	memtrain/o_232_1.jpg	photodiode	1
1522.264	0.5	1522264	trained	32720	47	memtrain/so_147_2.jpg	photodiode	1
1523.115	0.5	1523115	untrained	32704	63	memtrain/o_310_2.jpg	photodiode	1
1523.866	0.5	1523866	untrained	32701	66	memtrain/o_342_2.jpg	photodiode	1
1524.767	0.5	1524767	catch	32671	n/a	catch_padded.jpg	photodiode	0
1525.266	0.0	1525266	response	7	n/a	n/a	trigger	0
1526.76	0.5	1526760	trained	32729	38	memtrain/o_603_1.jpg	photodiode	1
1527.511	0.5	1527511	untrained	32697	70	memtrain/o_471_2.jpg	photodiode	1
1528.461	0.5	1528461	trained	32735	32	memtrain/o_485_2.jpg	photodiode	1
1529.212	0.5	1529212	untrained	32705	62	memtrain/o_304_1.jpg	photodiode	1
1530.163	0.5	1530163	untrained	32708	59	memtrain/o_201_2.jpg	photodiode	1
1531.064	0.5	1531064	catch	32671	n/a	catch_padded.jpg	photodiode	0
1531.519	0.0	1531519	response	7	n/a	n/a	trigger	0
1532.965	0.5	1532965	trained	32758	9	memtrain/o_101_2.jpg	photodiode	1
1533.766	0.5	1533766	trained	32742	25	memtrain/o_358_2.jpg	photodiode	1
1534.717	0.5	1534717	trained	32755	12	memtrain/o_127_2.jpg	photodiode	1
1535.617	0.5	1535617	catch	32671	n/a	catch_padded.jpg	photodiode	0
1536.119	0.0	1536119	response	7	n/a	n/a	trigger	0
1537.569	0.5	1537569	trained	32727	40	memtrain/o_648_2.jpg	photodiode	1
1538.47	0.5	1538470	trained	32759	8	memtrain/o_094_1.jpg	photodiode	1
1539.221	0.5	1539221	untrained	32694	73	memtrain/o_519_2.jpg	photodiode	1
1540.071	0.5	1540071	catch	32671	n/a	catch_padded.jpg	photodiode	0
1540.515	0.0	1540515	response	7	n/a	n/a	trigger	0
1541.973	0.5	1541973	trained	32743	24	memtrain/o_357_1.jpg	photodiode	1
1542.774	0.5	1542774	trained	32740	27	memtrain/o_379_2.jpg	photodiode	1
1543.624	0.5	1543624	untrained	32713	54	memtrain/o_145_1.jpg	photodiode	1
1544.525	0.5	1544525	trained	32725	42	memtrain/so_034_2.jpg	photodiode	1
1545.276	0.5	1545276	catch	32671	n/a	catch_padded.jpg	photodiode	0
1545.73	0.0	1545730	response	7	n/a	n/a	trigger	0
1547.377	0.5	1547377	trained	32764	3	memtrain/o_040_2.jpg	photodiode	1
1548.128	0.5	1548128	untrained	32700	67	memtrain/o_378_1.jpg	photodiode	1
1548.929	0.5	1548929	untrained	32690	77	memtrain/o_574_2.jpg	photodiode	1
1549.779	0.5	1549779	untrained	32719	48	memtrain/o_019_2.jpg	photodiode	1
1550.58	0.5	1550580	trained	32762	5	memtrain/o_067_1.jpg	photodiode	1
1551.481	0.5	1551481	catch	32671	n/a	catch_padded.jpg	photodiode	0
1551.877	0.0	1551877	response	7	n/a	n/a	trigger	0
1553.433	0.5	1553433	untrained	32706	61	memtrain/o_298_2.jpg	photodiode	1
1554.233	0.5	1554233	trained	32751	16	memtrain/o_199_2.jpg	photodiode	1
1554.984	0.5	1554984	untrained	32712	55	memtrain/o_153_2.jpg	photodiode	1
1555.826	0.5	1555826	trained	32754	13	memtrain/o_136_1.jpg	photodiode	1
1556.627	0.5	1556627	untrained	32677	90	memtrain/o_580_1.jpg	photodiode	1
1557.378	0.5	1557378	catch	32671	n/a	catch_padded.jpg	photodiode	0
1557.778	0.0	1557778	response	7	n/a	n/a	trigger	0
1559.429	0.5	1559429	untrained	32691	76	memtrain/o_570_1.jpg	photodiode	1
1560.238	0.5	1560238	trained	32757	10	memtrain/o_111_2.jpg	photodiode	1
1561.031	0.5	1561031	untrained	32685	82	memtrain/o_656_1.jpg	photodiode	1
1561.831	0.5	1561831	trained	32729	38	memtrain/o_603_1.jpg	photodiode	1
1562.582	0.5	1562582	trained	32721	46	memtrain/so_113_1.jpg	photodiode	1
1563.533	0.5	1563533	catch	32671	n/a	catch_padded.jpg	photodiode	0
1563.95	0.0	1563950	response	7	n/a	n/a	trigger	0
1565.584	0.5	1565584	untrained	32674	93	memtrain/so_035_1.jpg	photodiode	1
1566.335	0.5	1566335	trained	32756	11	memtrain/o_117_2.jpg	photodiode	1
1567.136	0.5	1567136	trained	32735	32	memtrain/o_485_2.jpg	photodiode	1
1568.087	0.5	1568087	trained	32749	18	memtrain/o_264_2.jpg	photodiode	1
1568.987	0.5	1568987	untrained	32718	49	memtrain/o_054_2.jpg	photodiode	1
1569.938	0.5	1569938	catch	32671	n/a	catch_padded.jpg	photodiode	0
1570.411	0.0	1570411	response	7	n/a	n/a	trigger	0
1572.04	0.5	1572040	untrained	32686	81	memtrain/o_655_2.jpg	photodiode	1
1572.891	0.5	1572891	untrained	32692	75	memtrain/o_564_1.jpg	photodiode	1
1573.791	0.5	1573791	untrained	32683	84	memtrain/so_117_2.jpg	photodiode	1
1574.742	0.5	1574742	untrained	32673	94	memtrain/so_067_1.jpg	photodiode	1
1575.493	0.5	1575493	catch	32671	n/a	catch_padded.jpg	photodiode	0
1575.906	0.0	1575906	response	7	n/a	n/a	trigger	0
1577.595	0.5	1577595	untrained	32693	74	memtrain/o_550_1.jpg	photodiode	1
1578.445	0.5	1578445	trained	32724	43	memtrain/so_043_2.jpg	photodiode	1
1579.396	0.5	1579396	trained	32733	34	memtrain/o_558_2.jpg	photodiode	1
1580.297	0.5	1580297	untrained	32714	53	memtrain/o_142_2.jpg	photodiode	1
1581.198	0.5	1581198	catch	32671	n/a	catch_padded.jpg	photodiode	0
1581.664	0.0	1581664	response	7	n/a	n/a	trigger	0
1583.099	0.5	1583099	trained	32752	15	memtrain/o_195_1.jpg	photodiode	1
1583.85	0.5	1583850	trained	32746	21	memtrain/o_319_1.jpg	photodiode	1
1584.651	0.5	1584651	untrained	32687	80	memtrain/o_613_1.jpg	photodiode	1
1585.593	0.5	1585593	catch	32671	n/a	catch_padded.jpg	photodiode	0
1586.097	0.0	1586097	response	7	n/a	n/a	trigger	0
1587.695	0.5	1587695	untrained	32675	92	memtrain/so_033_1.jpg	photodiode	1
1588.496	0.5	1588496	trained	32748	19	memtrain/o_284_2.jpg	photodiode	1
1589.396	0.5	1589396	trained	32765	2	memtrain/o_035_1.jpg	photodiode	1
1590.297	0.5	1590297	trained	32747	20	memtrain/o_290_1.jpg	photodiode	1
1591.048	0.5	1591048	catch	32671	n/a	catch_padded.jpg	photodiode	0
1591.568	0.0	1591568	response	7	n/a	n/a	trigger	0
1592.949	0.5	1592949	trained	32750	17	memtrain/o_232_1.jpg	photodiode	1
1593.75	0.5	1593750	untrained	32688	79	memtrain/o_600_1.jpg	photodiode	1
1594.651	0.5	1594651	trained	32728	39	memtrain/o_606_1.jpg	photodiode	1
1595.602	0.5	1595602	untrained	32684	83	memtrain/so_105_1.jpg	photodiode	1
1596.452	0.5	1596452	catch	32671	n/a	catch_padded.jpg	photodiode	0
1597.047	0.0	1597047	response	7	n/a	n/a	trigger	0
1598.454	0.5	1598454	trained	32731	36	memtrain/o_583_1.jpg	photodiode	1
1599.205	0.5	1599205	trained	32745	22	memtrain/o_321_1.jpg	photodiode	1
1600.105	0.5	1600105	untrained	32710	57	memtrain/o_171_1.jpg	photodiode	1
1600.856	0.5	1600856	untrained	32695	72	memtrain/o_490_1.jpg	photodiode	1
1601.757	0.5	1601757	catch	32671	n/a	catch_padded.jpg	photodiode	0
1602.342	0.0	1602342	response	7	n/a	n/a	trigger	0
1603.759	0.5	1603759	trained	32744	23	memtrain/o_338_2.jpg	photodiode	1
1604.509	0.5	1604509	untrained	32704	63	memtrain/o_310_2.jpg	photodiode	1
1605.41	0.5	1605410	trained	32726	41	memtrain/o_663_2.jpg	photodiode	1
1606.161	0.5	1606161	untrained	32717	50	memtrain/o_057_2.jpg	photodiode	1
1607.061	0.5	1607061	untrained	32678	89	memtrain/o_469_1.jpg	photodiode	1
1607.962	0.5	1607962	catch	32671	n/a	catch_padded.jpg	photodiode	0
1608.468	0.0	1608468	response	7	n/a	n/a	trigger	0
1609.914	0.5	1609914	untrained	32682	85	memtrain/o_218_1.jpg	photodiode	1
1610.815	0.5	1610815	trained	32738	29	memtrain/o_416_1.jpg	photodiode	1
1611.765	0.5	1611765	untrained	32715	52	memtrain/o_141_1.jpg	photodiode	1
1612.558	0.5	1612558	catch	32671	n/a	catch_padded.jpg	photodiode	0
1613.174	0.0	1613174	response	7	n/a	n/a	trigger	0
1614.509	0.5	1614509	untrained	32681	86	memtrain/o_288_1.jpg	photodiode	1
1615.469	0.5	1615469	untrained	32701	66	memtrain/o_342_2.jpg	photodiode	1
1616.311	0.5	1616311	trained	32737	30	memtrain/o_437_2.jpg	photodiode	1
1617.262	0.5	1617262	catch	32671	n/a	catch_padded.jpg	photodiode	0
1617.78	0.0	1617780	response	7	n/a	n/a	trigger	0
1619.163	0.5	1619163	trained	32736	31	memtrain/o_465_2.jpg	photodiode	1
1619.914	0.5	1619914	untrained	32707	60	memtrain/o_228_2.jpg	photodiode	1
1620.765	0.5	1620765	trained	32761	6	memtrain/o_076_1.jpg	photodiode	1
1621.565	0.5	1621565	catch	32671	n/a	catch_padded.jpg	photodiode	0
1622.073	0.0	1622073	response	7	n/a	n/a	trigger	0
1623.617	0.5	1623617	trained	32734	33	memtrain/o_536_1.jpg	photodiode	1
1624.368	0.5	1624368	trained	32739	28	memtrain/o_397_1.jpg	photodiode	1
1625.268	0.5	1625268	untrained	32680	87	memtrain/o_365_1.jpg	photodiode	1
1626.019	0.5	1626019	trained	32766	1	memtrain/o_015_1.jpg	photodiode	1
1626.97	0.5	1626970	catch	32671	n/a	catch_padded.jpg	photodiode	0
1627.42	0.0	1627420	response	7	n/a	n/a	trigger	0
1628.922	0.5	1628922	untrained	32699	68	memtrain/o_393_1.jpg	photodiode	1
1629.722	0.5	1629722	trained	32730	37	memtrain/o_597_1.jpg	photodiode	1
1630.523	0.5	1630523	trained	32767	0	memtrain/o_006_1.jpg	photodiode	1
1631.374	0.5	1631374	untrained	32689	78	memtrain/o_599_1.jpg	photodiode	1
1632.324	0.5	1632324	trained	32722	45	memtrain/so_090_2.jpg	photodiode	1
1633.175	0.5	1633175	catch	32671	n/a	catch_padded.jpg	photodiode	0
1633.691	0.0	1633691	response	7	n/a	n/a	trigger	0
1635.127	0.5	1635127	trained	32720	47	memtrain/so_147_2.jpg	photodiode	1
1635.877	0.5	1635877	trained	32753	14	memtrain/o_174_1.jpg	photodiode	1
1636.628	0.5	1636628	untrained	32698	69	memtrain/o_464_2.jpg	photodiode	1
1637.379	0.5	1637379	catch	32671	n/a	catch_padded.jpg	photodiode	0
1637.929	0.0	1637929	response	7	n/a	n/a	trigger	0
1639.33	0.5	1639330	untrained	32711	56	memtrain/o_163_2.jpg	photodiode	1
1640.081	0.5	1640081	trained	32741	26	memtrain/o_376_1.jpg	photodiode	1
1640.982	0.5	1640982	untrained	32705	62	memtrain/o_304_1.jpg	photodiode	1
1641.882	0.5	1641882	catch	32671	n/a	catch_padded.jpg	photodiode	0
1642.447	0.0	1642447	response	7	n/a	n/a	trigger	0
1643.884	0.5	1643884	untrained	32709	58	memtrain/o_192_1.jpg	photodiode	1
1644.785	0.5	1644785	untrained	32672	95	memtrain/so_125_1.jpg	photodiode	1
1645.527	0.5	1645527	untrained	32697	70	memtrain/o_471_2.jpg	photodiode	1
1646.278	0.5	1646278	catch	32671	n/a	catch_padded.jpg	photodiode	0
1646.757	0.0	1646757	response	7	n/a	n/a	trigger	0
1648.28	0.5	1648280	trained	32723	44	memtrain/so_045_1.jpg	photodiode	1
1649.13	0.5	1649130	trained	32732	35	memtrain/o_561_2.jpg	photodiode	1
1649.931	0.5	1649931	untrained	32716	51	memtrain/o_103_2.jpg	photodiode	1
1650.732	0.5	1650732	untrained	32696	71	memtrain/o_483_1.jpg	photodiode	1
1651.633	0.5	1651633	untrained	32676	91	memtrain/o_605_1.jpg	photodiode	1
1652.483	0.5	1652483	catch	32671	n/a	catch_padded.jpg	photodiode	0
1652.908	0.0	1652908	response	7	n/a	n/a	trigger	0
1654.585	0.5	1654585	untrained	32702	65	memtrain/o_337_2.jpg	photodiode	1
1655.486	0.5	1655486	untrained	32703	64	memtrain/o_334_2.jpg	photodiode	1
1656.437	0.5	1656437	untrained	32679	88	memtrain/o_458_1.jpg	photodiode	1
1657.387	0.5	1657387	trained	32763	4	memtrain/o_042_1.jpg	photodiode	1
1658.238	0.5	1658238	trained	32760	7	memtrain/o_091_2.jpg	photodiode	1
1659.189	0.5	1659189	catch	32671	n/a	catch_padded.jpg	photodiode	0
1659.628	0.0	1659628	response	7	n/a	n/a	trigger	0
1661.664	0.0	1661664	block_end	120	n/a	n/a	trigger	0
1676.934	0.0	1676934	response	7	n/a	n/a	trigger	0
1676.943	0.0	1676943	block_onset	107	n/a	n/a	trigger	0
1678.997	0.5	1678997	untrained	32706	61	memtrain/o_298_2.jpg	photodiode	1
1679.948	0.5	1679948	untrained	32673	94	memtrain/so_067_1.jpg	photodiode	1
1680.899	0.5	1680899	trained	32745	22	memtrain/o_321_1.jpg	photodiode	1
1681.7	0.5	1681700	trained	32722	45	memtrain/so_090_2.jpg	photodiode	1
1682.65	0.5	1682650	catch	32671	n/a	catch_padded.jpg	photodiode	0
1683.133	0.0	1683133	response	7	n/a	n/a	trigger	0
1684.744	0.5	1684744	untrained	32701	66	memtrain/o_342_2.jpg	photodiode	1
1685.645	0.5	1685645	trained	32767	0	memtrain/o_006_1.jpg	photodiode	1
1686.545	0.5	1686545	untrained	32699	68	memtrain/o_393_1.jpg	photodiode	1
1687.496	0.5	1687496	catch	32671	n/a	catch_padded.jpg	photodiode	0
1688.072	0.0	1688072	response	7	n/a	n/a	trigger	0
1689.498	0.5	1689498	untrained	32709	58	memtrain/o_192_1.jpg	photodiode	1
1690.249	0.5	1690249	trained	32739	28	memtrain/o_397_1.jpg	photodiode	1
1691.049	0.5	1691049	trained	32754	13	memtrain/o_136_1.jpg	photodiode	1
1691.95	0.5	1691950	catch	32671	n/a	catch_padded.jpg	photodiode	0
1692.37	0.0	1692370	response	7	n/a	n/a	trigger	0
1694.002	0.5	1694002	untrained	32705	62	memtrain/o_304_1.jpg	photodiode	1
1694.903	0.5	1694903	trained	32732	35	memtrain/o_561_2.jpg	photodiode	1
1695.703	0.5	1695703	untrained	32700	67	memtrain/o_378_1.jpg	photodiode	1
1696.654	0.5	1696654	catch	32671	n/a	catch_padded.jpg	photodiode	0
1697.054	0.0	1697054	response	7	n/a	n/a	trigger	0
1698.606	0.5	1698606	trained	32756	11	memtrain/o_117_2.jpg	photodiode	1
1699.406	0.5	1699406	untrained	32690	77	memtrain/o_574_2.jpg	photodiode	1
1700.157	0.5	1700157	trained	32763	4	memtrain/o_042_1.jpg	photodiode	1
1701.108	0.5	1701108	trained	32760	7	memtrain/o_091_2.jpg	photodiode	1
1702.009	0.5	1702009	catch	32671	n/a	catch_padded.jpg	photodiode	0
1702.377	0.0	1702377	response	7	n/a	n/a	trigger	0
1704.01	0.5	1704010	untrained	32684	83	memtrain/so_105_1.jpg	photodiode	1
1704.761	0.5	1704761	trained	32720	47	memtrain/so_147_2.jpg	photodiode	1
1705.562	0.5	1705562	trained	32758	9	memtrain/o_101_2.jpg	photodiode	1
1706.312	0.5	1706312	untrained	32679	88	memtrain/o_458_1.jpg	photodiode	1
1707.263	0.5	1707263	catch	32671	n/a	catch_padded.jpg	photodiode	0
1707.669	0.0	1707669	response	7	n/a	n/a	trigger	0
1709.215	0.5	1709215	untrained	32715	52	memtrain/o_141_1.jpg	photodiode	1
1710.065	0.5	1710065	untrained	32711	56	memtrain/o_163_2.jpg	photodiode	1
1710.866	0.5	1710866	untrained	32692	75	memtrain/o_564_1.jpg	photodiode	1
1711.767	0.5	1711767	trained	32733	34	memtrain/o_558_2.jpg	photodiode	1
1712.517	0.5	1712517	trained	32755	12	memtrain/o_127_2.jpg	photodiode	1
1713.46	0.5	1713460	catch	32671	n/a	catch_padded.jpg	photodiode	0
1713.956	0.0	1713956	response	7	n/a	n/a	trigger	0
1715.42	0.5	1715420	trained	32723	44	memtrain/so_045_1.jpg	photodiode	1
1716.212	0.5	1716212	trained	32748	19	memtrain/o_284_2.jpg	photodiode	1
1717.113	0.5	1717113	trained	32740	27	memtrain/o_379_2.jpg	photodiode	1
1718.014	0.5	1718014	catch	32671	n/a	catch_padded.jpg	photodiode	0
1718.428	0.0	1718428	response	7	n/a	n/a	trigger	0
1719.915	0.5	1719915	trained	32737	30	memtrain/o_437_2.jpg	photodiode	1
1720.866	0.5	1720866	trained	32727	40	memtrain/o_648_2.jpg	photodiode	1
1721.817	0.5	1721817	trained	32735	32	memtrain/o_485_2.jpg	photodiode	1
1722.768	0.5	1722768	trained	32730	37	memtrain/o_597_1.jpg	photodiode	1
1723.618	0.5	1723618	untrained	32686	81	memtrain/o_655_2.jpg	photodiode	1
1724.369	0.5	1724369	catch	32671	n/a	catch_padded.jpg	photodiode	0
1724.773	0.0	1724773	response	7	n/a	n/a	trigger	0
1726.421	0.5	1726421	trained	32738	29	memtrain/o_416_1.jpg	photodiode	1
1727.272	0.5	1727272	trained	32725	42	memtrain/so_034_2.jpg	photodiode	1
1728.072	0.5	1728072	untrained	32704	63	memtrain/o_310_2.jpg	photodiode	1
1728.873	0.5	1728873	catch	32671	n/a	catch_padded.jpg	photodiode	0
1729.332	0.0	1729332	response	7	n/a	n/a	trigger	0
1730.825	0.5	1730825	trained	32743	24	memtrain/o_357_1.jpg	photodiode	1
1731.625	0.5	1731625	untrained	32712	55	memtrain/o_153_2.jpg	photodiode	1
1732.376	0.5	1732376	untrained	32708	59	memtrain/o_201_2.jpg	photodiode	1
1733.127	0.5	1733127	untrained	32718	49	memtrain/o_054_2.jpg	photodiode	1
1734.077	0.5	1734077	untrained	32716	51	memtrain/o_103_2.jpg	photodiode	1
1734.978	0.5	1734978	catch	32671	n/a	catch_padded.jpg	photodiode	0
1735.386	0.0	1735386	response	7	n/a	n/a	trigger	0
1736.88	0.5	1736880	untrained	32675	92	memtrain/so_033_1.jpg	photodiode	1
1737.73	0.5	1737730	untrained	32683	84	memtrain/so_117_2.jpg	photodiode	1
1738.581	0.5	1738581	untrained	32696	71	memtrain/o_483_1.jpg	photodiode	1
1739.482	0.5	1739482	untrained	32687	80	memtrain/o_613_1.jpg	photodiode	1
1740.433	0.5	1740433	catch	32671	n/a	catch_padded.jpg	photodiode	0
1740.92	0.0	1740920	response	7	n/a	n/a	trigger	0
1742.376	0.5	1742376	untrained	32689	78	memtrain/o_599_1.jpg	photodiode	1
1743.135	0.5	1743135	trained	32757	10	memtrain/o_111_2.jpg	photodiode	1
1743.986	0.5	1743986	trained	32736	31	memtrain/o_465_2.jpg	photodiode	1
1744.778	0.5	1744778	catch	32671	n/a	catch_padded.jpg	photodiode	0
1745.271	0.0	1745271	response	7	n/a	n/a	trigger	0
1746.73	0.5	1746730	untrained	32693	74	memtrain/o_550_1.jpg	photodiode	1
1747.48	0.5	1747480	untrained	32717	50	memtrain/o_057_2.jpg	photodiode	1
1748.381	0.5	1748381	untrained	32719	48	memtrain/o_019_2.jpg	photodiode	1
1749.232	0.5	1749232	untrained	32694	73	memtrain/o_519_2.jpg	photodiode	1
1750.033	0.5	1750033	trained	32724	43	memtrain/so_043_2.jpg	photodiode	1
1750.983	0.5	1750983	catch	32671	n/a	catch_padded.jpg	photodiode	0
1751.507	0.0	1751507	response	7	n/a	n/a	trigger	0
1753.035	0.5	1753035	trained	32749	18	memtrain/o_264_2.jpg	photodiode	1
1753.836	0.5	1753836	untrained	32688	79	memtrain/o_600_1.jpg	photodiode	1
1754.586	0.5	1754586	trained	32751	16	memtrain/o_199_2.jpg	photodiode	1
1755.337	0.5	1755337	trained	32731	36	memtrain/o_583_1.jpg	photodiode	1
1756.088	0.5	1756088	trained	32765	2	memtrain/o_035_1.jpg	photodiode	1
1756.988	0.5	1756988	catch	32671	n/a	catch_padded.jpg	photodiode	0
1757.44	0.0	1757440	response	7	n/a	n/a	trigger	0
1759.09	0.5	1759090	untrained	32678	89	memtrain/o_469_1.jpg	photodiode	1
1759.991	0.5	1759991	trained	32752	15	memtrain/o_195_1.jpg	photodiode	1
1760.742	0.5	1760742	untrained	32672	95	memtrain/so_125_1.jpg	photodiode	1
1761.492	0.5	1761492	untrained	32676	91	memtrain/o_605_1.jpg	photodiode	1
1762.393	0.5	1762393	trained	32721	46	memtrain/so_113_1.jpg	photodiode	1
1763.144	0.5	1763144	catch	32671	n/a	catch_padded.jpg	photodiode	0
1763.611	0.0	1763611	response	7	n/a	n/a	trigger	0
1765.245	0.5	1765245	untrained	32698	69	memtrain/o_464_2.jpg	photodiode	1
1765.996	0.5	1765996	untrained	32710	57	memtrain/o_171_1.jpg	photodiode	1
1766.747	0.5	1766747	untrained	32681	86	memtrain/o_288_1.jpg	photodiode	1
1767.597	0.5	1767597	trained	32741	26	memtrain/o_376_1.jpg	photodiode	1
1768.548	0.5	1768548	catch	32671	n/a	catch_padded.jpg	photodiode	0
1769.004	0.0	1769004	response	7	n/a	n/a	trigger	0
1770.5	0.5	1770500	untrained	32695	72	memtrain/o_490_1.jpg	photodiode	1
1771.251	0.5	1771251	trained	32746	21	memtrain/o_319_1.jpg	photodiode	1
1772.001	0.5	1772001	trained	32759	8	memtrain/o_094_1.jpg	photodiode	1
1772.802	0.5	1772802	trained	32744	23	memtrain/o_338_2.jpg	photodiode	1
1773.553	0.5	1773553	trained	32764	3	memtrain/o_040_2.jpg	photodiode	1
1774.353	0.5	1774353	catch	32671	n/a	catch_padded.jpg	photodiode	0
1774.798	0.0	1774798	response	7	n/a	n/a	trigger	0
1776.397	0.5	1776397	untrained	32680	87	memtrain/o_365_1.jpg	photodiode	1
1777.197	0.5	1777197	untrained	32702	65	memtrain/o_337_2.jpg	photodiode	1
1778.148	0.5	1778148	trained	32742	25	memtrain/o_358_2.jpg	photodiode	1
1779.049	0.5	1779049	trained	32753	14	memtrain/o_174_1.jpg	photodiode	1
1779.9	0.5	1779900	untrained	32674	93	memtrain/so_035_1.jpg	photodiode	1
1780.7	0.5	1780700	catch	32671	n/a	catch_padded.jpg	photodiode	0
1781.18	0.0	1781180	response	7	n/a	n/a	trigger	0
1782.702	0.5	1782702	trained	32761	6	memtrain/o_076_1.jpg	photodiode	1
1783.603	0.5	1783603	untrained	32714	53	memtrain/o_142_2.jpg	photodiode	1
1784.353	0.5	1784353	trained	32729	38	memtrain/o_603_1.jpg	photodiode	1
1785.104	0.5	1785104	trained	32762	5	memtrain/o_067_1.jpg	photodiode	1
1785.855	0.5	1785855	catch	32671	n/a	catch_padded.jpg	photodiode	0
1786.324	0.0	1786324	response	7	n/a	n/a	trigger	0
1787.806	0.5	1787806	trained	32726	41	memtrain/o_663_2.jpg	photodiode	1
1788.707	0.5	1788707	trained	32728	39	memtrain/o_606_1.jpg	photodiode	1
1789.558	0.5	1789558	untrained	32713	54	memtrain/o_145_1.jpg	photodiode	1
1790.308	0.5	1790308	untrained	32703	64	memtrain/o_334_2.jpg	photodiode	1
1791.159	0.5	1791159	catch	32671	n/a	catch_padded.jpg	photodiode	0
1791.629	0.0	1791629	response	7	n/a	n/a	trigger	0
1793.261	0.5	1793261	untrained	32691	76	memtrain/o_570_1.jpg	photodiode	1
1794.011	0.5	1794011	untrained	32707	60	memtrain/o_228_2.jpg	photodiode	1
1794.812	0.5	1794812	trained	32734	33	memtrain/o_536_1.jpg	photodiode	1
1795.763	0.5	1795763	catch	32671	n/a	catch_padded.jpg	photodiode	0
1796.212	0.0	1796212	response	7	n/a	n/a	trigger	0
1797.865	0.5	1797865	trained	32766	1	memtrain/o_015_1.jpg	photodiode	1
1798.615	0.5	1798615	untrained	32697	70	memtrain/o_471_2.jpg	photodiode	1
1799.466	0.5	1799466	trained	32747	20	memtrain/o_290_1.jpg	photodiode	1
1800.317	0.5	1800317	untrained	32677	90	memtrain/o_580_1.jpg	photodiode	1
1801.067	0.5	1801067	untrained	32682	85	memtrain/o_218_1.jpg	photodiode	1
1802.018	0.5	1802018	catch	32671	n/a	catch_padded.jpg	photodiode	0
1802.509	0.0	1802509	response	7	n/a	n/a	trigger	0
1803.962	0.5	1803962	trained	32750	17	memtrain/o_232_1.jpg	photodiode	1
1804.912	0.5	1804912	untrained	32685	82	memtrain/o_656_1.jpg	photodiode	1
1805.872	0.5	1805872	trained	32721	46	memtrain/so_113_1.jpg	photodiode	1
1806.764	0.5	1806764	catch	32671	n/a	catch_padded.jpg	photodiode	0
1807.169	0.0	1807169	response	7	n/a	n/a	trigger	0
1808.766	0.5	1808766	trained	32728	39	memtrain/o_606_1.jpg	photodiode	1
1809.717	0.5	1809717	untrained	32676	91	memtrain/o_605_1.jpg	photodiode	1
1810.467	0.5	1810467	trained	32724	43	memtrain/so_043_2.jpg	photodiode	1
1811.268	0.5	1811268	untrained	32674	93	memtrain/so_035_1.jpg	photodiode	1
1812.219	0.5	1812219	trained	32759	8	memtrain/o_094_1.jpg	photodiode	1
1813.069	0.5	1813069	catch	32671	n/a	catch_padded.jpg	photodiode	0
1813.467	0.0	1813467	response	7	n/a	n/a	trigger	0
1815.129	0.5	1815129	trained	32740	27	memtrain/o_379_2.jpg	photodiode	1
1815.972	0.5	1815972	untrained	32673	94	memtrain/so_067_1.jpg	photodiode	1
1816.873	0.5	1816873	untrained	32701	66	memtrain/o_342_2.jpg	photodiode	1
1817.773	0.5	1817773	catch	32671	n/a	catch_padded.jpg	photodiode	0
1818.306	0.0	1818306	response	7	n/a	n/a	trigger	0
1819.875	0.5	1819875	trained	32723	44	memtrain/so_045_1.jpg	photodiode	1
1820.726	0.5	1820726	untrained	32672	95	memtrain/so_125_1.jpg	photodiode	1
1821.527	0.5	1821527	untrained	32700	67	memtrain/o_378_1.jpg	photodiode	1
1822.327	0.5	1822327	untrained	32688	79	memtrain/o_600_1.jpg	photodiode	1
1823.228	0.5	1823228	catch	32671	n/a	catch_padded.jpg	photodiode	0
1823.658	0.0	1823658	response	7	n/a	n/a	trigger	0
1825.18	0.5	1825180	untrained	32710	57	memtrain/o_171_1.jpg	photodiode	1
1825.98	0.5	1825980	untrained	32675	92	memtrain/so_033_1.jpg	photodiode	1
1826.731	0.5	1826731	trained	32743	24	memtrain/o_357_1.jpg	photodiode	1
1827.482	0.5	1827482	catch	32671	n/a	catch_padded.jpg	photodiode	0
1827.95	0.0	1827950	response	7	n/a	n/a	trigger	0
1829.433	0.5	1829433	trained	32736	31	memtrain/o_465_2.jpg	photodiode	1
1830.284	0.5	1830284	trained	32766	1	memtrain/o_015_1.jpg	photodiode	1
1831.185	0.5	1831185	trained	32756	11	memtrain/o_117_2.jpg	photodiode	1
1832.035	0.5	1832035	trained	32735	32	memtrain/o_485_2.jpg	photodiode	1
1832.878	0.5	1832878	catch	32671	n/a	catch_padded.jpg	photodiode	0
1833.273	0.0	1833273	response	7	n/a	n/a	trigger	0
1834.879	0.5	1834879	trained	32765	2	memtrain/o_035_1.jpg	photodiode	1
1835.83	0.5	1835830	trained	32761	6	memtrain/o_076_1.jpg	photodiode	1
1836.631	0.5	1836631	trained	32727	40	memtrain/o_648_2.jpg	photodiode	1
1837.482	0.5	1837482	untrained	32699	68	memtrain/o_393_1.jpg	photodiode	1
1838.232	0.5	1838232	untrained	32718	49	memtrain/o_054_2.jpg	photodiode	1
1839.091	0.5	1839091	catch	32671	n/a	catch_padded.jpg	photodiode	0
1839.56	0.0	1839560	response	7	n/a	n/a	trigger	0
1841.035	0.5	1841035	untrained	32686	81	memtrain/o_655_2.jpg	photodiode	1
1841.985	0.5	1841985	trained	32755	12	memtrain/o_127_2.jpg	photodiode	1
1842.886	0.5	1842886	trained	32738	29	memtrain/o_416_1.jpg	photodiode	1
1843.837	0.5	1843837	trained	32751	16	memtrain/o_199_2.jpg	photodiode	1
1844.738	0.5	1844738	untrained	32714	53	memtrain/o_142_2.jpg	photodiode	1
1845.589	0.5	1845589	catch	32671	n/a	catch_padded.jpg	photodiode	0
1846.018	0.0	1846018	response	7	n/a	n/a	trigger	0
1847.54	0.5	1847540	trained	32729	38	memtrain/o_603_1.jpg	photodiode	1
1848.441	0.5	1848441	untrained	32683	84	memtrain/so_117_2.jpg	photodiode	1
1849.192	0.5	1849192	trained	32730	37	memtrain/o_597_1.jpg	photodiode	1
1850.142	0.5	1850142	catch	32671	n/a	catch_padded.jpg	photodiode	0
1850.647	0.0	1850647	response	7	n/a	n/a	trigger	0
1852.144	0.5	1852144	untrained	32719	48	memtrain/o_019_2.jpg	photodiode	1
1852.995	0.5	1852995	untrained	32696	71	memtrain/o_483_1.jpg	photodiode	1
1853.846	0.5	1853846	trained	32744	23	memtrain/o_338_2.jpg	photodiode	1
1854.805	0.5	1854805	untrained	32715	52	memtrain/o_141_1.jpg	photodiode	1
1855.597	0.5	1855597	untrained	32698	69	memtrain/o_464_2.jpg	photodiode	1
1856.548	0.5	1856548	catch	32671	n/a	catch_padded.jpg	photodiode	0
1856.938	0.0	1856938	response	7	n/a	n/a	trigger	0
1858.449	0.5	1858449	untrained	32685	82	memtrain/o_656_1.jpg	photodiode	1
1859.35	0.5	1859350	trained	32725	42	memtrain/so_034_2.jpg	photodiode	1
1860.301	0.5	1860301	trained	32732	35	memtrain/o_561_2.jpg	photodiode	1
1861.152	0.5	1861152	untrained	32692	75	memtrain/o_564_1.jpg	photodiode	1
1862.052	0.5	1862052	untrained	32679	88	memtrain/o_458_1.jpg	photodiode	1
1862.795	0.5	1862795	catch	32671	n/a	catch_padded.jpg	photodiode	0
1863.24	0.0	1863240	response	7	n/a	n/a	trigger	0
1864.696	0.5	1864696	untrained	32707	60	memtrain/o_228_2.jpg	photodiode	1
1865.555	0.5	1865555	untrained	32694	73	memtrain/o_519_2.jpg	photodiode	1
1866.306	0.5	1866306	trained	32722	45	memtrain/so_090_2.jpg	photodiode	1
1867.099	0.5	1867099	untrained	32712	55	memtrain/o_153_2.jpg	photodiode	1
1867.907	0.5	1867907	untrained	32702	65	memtrain/o_337_2.jpg	photodiode	1
1868.85	0.5	1868850	catch	32671	n/a	catch_padded.jpg	photodiode	0
1869.282	0.0	1869282	response	7	n/a	n/a	trigger	0
1870.802	0.5	1870802	trained	32741	26	memtrain/o_376_1.jpg	photodiode	1
1871.552	0.5	1871552	untrained	32706	61	memtrain/o_298_2.jpg	photodiode	1
1872.453	0.5	1872453	trained	32720	47	memtrain/so_147_2.jpg	photodiode	1
1873.304	0.5	1873304	catch	32671	n/a	catch_padded.jpg	photodiode	0
1873.979	0.0	1873979	response	7	n/a	n/a	trigger	0
1875.356	0.5	1875356	trained	32734	33	memtrain/o_536_1.jpg	photodiode	1
1876.306	0.5	1876306	untrained	32681	86	memtrain/o_288_1.jpg	photodiode	1
1877.057	0.5	1877057	trained	32760	7	memtrain/o_091_2.jpg	photodiode	1
1877.958	0.5	1877958	trained	32767	0	memtrain/o_006_1.jpg	photodiode	1
1878.909	0.5	1878909	catch	32671	n/a	catch_padded.jpg	photodiode	0
1879.312	0.0	1879312	response	7	n/a	n/a	trigger	0
1880.91	0.5	1880910	trained	32747	20	memtrain/o_290_1.jpg	photodiode	1
1881.711	0.5	1881711	untrained	32682	85	memtrain/o_218_1.jpg	photodiode	1
1882.612	0.5	1882612	trained	32757	10	memtrain/o_111_2.jpg	photodiode	1
1883.462	0.5	1883462	untrained	32689	78	memtrain/o_599_1.jpg	photodiode	1
1884.413	0.5	1884413	catch	32671	n/a	catch_padded.jpg	photodiode	0
1884.824	0.0	1884824	response	7	n/a	n/a	trigger	0
1886.515	0.5	1886515	untrained	32705	62	memtrain/o_304_1.jpg	photodiode	1
1887.466	0.5	1887466	trained	32764	3	memtrain/o_040_2.jpg	photodiode	1
1888.317	0.5	1888317	untrained	32687	80	memtrain/o_613_1.jpg	photodiode	1
1889.067	0.5	1889067	untrained	32684	83	memtrain/so_105_1.jpg	photodiode	1
1890.018	0.5	1890018	catch	32671	n/a	catch_padded.jpg	photodiode	0
1890.516	0.0	1890516	response	7	n/a	n/a	trigger	0
1891.92	0.5	1891920	untrained	32717	50	memtrain/o_057_2.jpg	photodiode	1
1892.87	0.5	1892870	untrained	32695	72	memtrain/o_490_1.jpg	photodiode	1
1893.671	0.5	1893671	trained	32750	17	memtrain/o_232_1.jpg	photodiode	1
1894.413	0.5	1894413	untrained	32678	89	memtrain/o_469_1.jpg	photodiode	1
1895.314	0.5	1895314	catch	32671	n/a	catch_padded.jpg	photodiode	0
1895.704	0.0	1895704	response	7	n/a	n/a	trigger	0
1897.316	0.5	1897316	untrained	32680	87	memtrain/o_365_1.jpg	photodiode	1
1898.267	0.5	1898267	trained	32762	5	memtrain/o_067_1.jpg	photodiode	1
1899.167	0.5	1899167	trained	32737	30	memtrain/o_437_2.jpg	photodiode	1
1900.018	0.5	1900018	untrained	32677	90	memtrain/o_580_1.jpg	photodiode	1
1900.919	0.5	1900919	catch	32671	n/a	catch_padded.jpg	photodiode	0
1901.412	0.0	1901412	response	7	n/a	n/a	trigger	0
1902.92	0.5	1902920	untrained	32693	74	memtrain/o_550_1.jpg	photodiode	1
1903.821	0.5	1903821	trained	32763	4	memtrain/o_042_1.jpg	photodiode	1
1904.722	0.5	1904722	untrained	32711	56	memtrain/o_163_2.jpg	photodiode	1
1905.523	0.5	1905523	trained	32739	28	memtrain/o_397_1.jpg	photodiode	1
1906.323	0.5	1906323	trained	32752	15	memtrain/o_195_1.jpg	photodiode	1
1907.274	0.5	1907274	catch	32671	n/a	catch_padded.jpg	photodiode	0
1907.73	0.0	1907730	response	7	n/a	n/a	trigger	0
1909.176	0.5	1909176	trained	32731	36	memtrain/o_583_1.jpg	photodiode	1
1910.027	0.5	1910027	untrained	32697	70	memtrain/o_471_2.jpg	photodiode	1
1910.827	0.5	1910827	untrained	32691	76	memtrain/o_570_1.jpg	photodiode	1
1911.578	0.5	1911578	trained	32749	18	memtrain/o_264_2.jpg	photodiode	1
1912.479	0.5	1912479	catch	32671	n/a	catch_padded.jpg	photodiode	0
1912.927	0.0	1912927	response	7	n/a	n/a	trigger	0
1914.53	0.5	1914530	trained	32745	22	memtrain/o_321_1.jpg	photodiode	1
1915.281	0.5	1915281	untrained	32713	54	memtrain/o_145_1.jpg	photodiode	1
1916.132	0.5	1916132	trained	32742	25	memtrain/o_358_2.jpg	photodiode	1
1916.932	0.5	1916932	catch	32671	n/a	catch_padded.jpg	photodiode	0
1917.551	0.0	1917551	response	7	n/a	n/a	trigger	0
1918.934	0.5	1918934	untrained	32703	64	memtrain/o_334_2.jpg	photodiode	1
1919.777	0.5	1919777	trained	32754	13	memtrain/o_136_1.jpg	photodiode	1
1920.635	0.5	1920635	untrained	32709	58	memtrain/o_192_1.jpg	photodiode	1
1921.436	0.5	1921436	catch	32671	n/a	catch_padded.jpg	photodiode	0
1922.196	0.0	1922196	response	7	n/a	n/a	trigger	0
1923.43	0.5	1923430	trained	32746	21	memtrain/o_319_1.jpg	photodiode	1
1924.33	0.5	1924330	untrained	32704	63	memtrain/o_310_2.jpg	photodiode	1
1925.281	0.5	1925281	trained	32748	19	memtrain/o_284_2.jpg	photodiode	1
1926.232	0.5	1926232	catch	32671	n/a	catch_padded.jpg	photodiode	0
1927.07	0.0	1927070	response	7	n/a	n/a	trigger	0
1928.184	0.5	1928184	trained	32733	34	memtrain/o_558_2.jpg	photodiode	1
1929.034	0.5	1929034	trained	32758	9	memtrain/o_101_2.jpg	photodiode	1
1929.935	0.5	1929935	trained	32753	14	memtrain/o_174_1.jpg	photodiode	1
1930.786	0.5	1930786	untrained	32716	51	memtrain/o_103_2.jpg	photodiode	1
1931.687	0.5	1931687	catch	32671	n/a	catch_padded.jpg	photodiode	0
1932.115	0.0	1932115	response	7	n/a	n/a	trigger	0
1933.588	0.5	1933588	trained	32726	41	memtrain/o_663_2.jpg	photodiode	1
1934.489	0.5	1934489	untrained	32708	59	memtrain/o_201_2.jpg	photodiode	1
1935.34	0.5	1935340	untrained	32690	77	memtrain/o_574_2.jpg	photodiode	1
1936.24	0.5	1936240	catch	32671	n/a	catch_padded.jpg	photodiode	0
1936.685	0.0	1936685	response	7	n/a	n/a	trigger	0
1938.715	0.0	1938715	block_end	120	n/a	n/a	trigger	0
1989.734	0.0	1989734	response	7	n/a	n/a	trigger	0
1989.741	0.0	1989741	block_onset	108	n/a	n/a	trigger	0
1991.796	0.5	1991796	untrained	32675	92	memtrain/so_033_1.jpg	photodiode	1
1992.647	0.5	1992647	trained	32745	22	memtrain/o_321_1.jpg	photodiode	1
1993.597	0.5	1993597	trained	32748	19	memtrain/o_284_2.jpg	photodiode	1
1994.448	0.5	1994448	untrained	32698	69	memtrain/o_464_2.jpg	photodiode	1
1995.199	0.5	1995199	trained	32761	6	memtrain/o_076_1.jpg	photodiode	1
1996.099	0.5	1996099	catch	32671	n/a	catch_padded.jpg	photodiode	0
1996.575	0.0	1996575	response	7	n/a	n/a	trigger	0
1997.993	0.5	1997993	untrained	32706	61	memtrain/o_298_2.jpg	photodiode	1
1998.793	0.5	1998793	untrained	32680	87	memtrain/o_365_1.jpg	photodiode	1
1999.544	0.5	1999544	trained	32760	7	memtrain/o_091_2.jpg	photodiode	1
2000.345	0.5	2000345	catch	32671	n/a	catch_padded.jpg	photodiode	0
2000.769	0.0	2000769	response	7	n/a	n/a	trigger	0
2002.246	0.5	2002246	untrained	32682	85	memtrain/o_218_1.jpg	photodiode	1
2003.147	0.5	2003147	trained	32726	41	memtrain/o_663_2.jpg	photodiode	1
2004.048	0.5	2004048	untrained	32683	84	memtrain/so_117_2.jpg	photodiode	1
2004.899	0.5	2004899	untrained	32712	55	memtrain/o_153_2.jpg	photodiode	1
2005.699	0.5	2005699	catch	32671	n/a	catch_padded.jpg	photodiode	0
2006.125	0.0	2006125	response	7	n/a	n/a	trigger	0
2007.751	0.5	2007751	untrained	32708	59	memtrain/o_201_2.jpg	photodiode	1
2008.702	0.5	2008702	trained	32751	16	memtrain/o_199_2.jpg	photodiode	1
2009.453	0.5	2009453	untrained	32709	58	memtrain/o_192_1.jpg	photodiode	1
2010.403	0.5	2010403	trained	32723	44	memtrain/so_045_1.jpg	photodiode	1
2011.304	0.5	2011304	catch	32671	n/a	catch_padded.jpg	photodiode	0
2011.738	0.0	2011738	response	7	n/a	n/a	trigger	0
2013.406	0.5	2013406	trained	32739	28	memtrain/o_397_1.jpg	photodiode	1
2014.307	0.5	2014307	untrained	32684	83	memtrain/so_105_1.jpg	photodiode	1
2015.107	0.5	2015107	trained	32734	33	memtrain/o_536_1.jpg	photodiode	1
2016.058	0.5	2016058	trained	32764	3	memtrain/o_040_2.jpg	photodiode	1
2016.959	0.5	2016959	catch	32671	n/a	catch_padded.jpg	photodiode	0
2017.451	0.0	2017451	response	7	n/a	n/a	trigger	0
2019.011	0.5	2019011	untrained	32673	94	memtrain/so_067_1.jpg	photodiode	1
2019.811	0.5	2019811	trained	32753	14	memtrain/o_174_1.jpg	photodiode	1
2020.712	0.5	2020712	untrained	32687	80	memtrain/o_613_1.jpg	photodiode	1
2021.613	0.5	2021613	trained	32762	5	memtrain/o_067_1.jpg	photodiode	1
2022.414	0.5	2022414	trained	32766	1	memtrain/o_015_1.jpg	photodiode	1
2023.264	0.5	2023264	catch	32671	n/a	catch_padded.jpg	photodiode	0
2023.747	0.0	2023747	response	7	n/a	n/a	trigger	0
2025.366	0.5	2025366	untrained	32704	63	memtrain/o_310_2.jpg	photodiode	1
2026.317	0.5	2026317	untrained	32716	51	memtrain/o_103_2.jpg	photodiode	1
2027.118	0.5	2027118	untrained	32677	90	memtrain/o_580_1.jpg	photodiode	1
2027.868	0.5	2027868	trained	32730	37	memtrain/o_597_1.jpg	photodiode	1
2028.61	0.5	2028610	trained	32757	10	memtrain/o_111_2.jpg	photodiode	1
2029.511	0.5	2029511	catch	32671	n/a	catch_padded.jpg	photodiode	0
2029.978	0.0	2029978	response	7	n/a	n/a	trigger	0
2031.413	0.5	2031413	trained	32724	43	memtrain/so_043_2.jpg	photodiode	1
2032.163	0.5	2032163	trained	32720	47	memtrain/so_147_2.jpg	photodiode	1
2033.114	0.5	2033114	untrained	32710	57	memtrain/o_171_1.jpg	photodiode	1
2033.915	0.5	2033915	trained	32746	21	memtrain/o_319_1.jpg	photodiode	1
2034.766	0.5	2034766	trained	32756	11	memtrain/o_117_2.jpg	photodiode	1
2035.566	0.5	2035566	catch	32671	n/a	catch_padded.jpg	photodiode	0
2035.992	0.0	2035992	response	7	n/a	n/a	trigger	0
2037.468	0.5	2037468	untrained	32705	62	memtrain/o_304_1.jpg	photodiode	1
2038.269	0.5	2038269	trained	32763	4	memtrain/o_042_1.jpg	photodiode	1
2039.019	0.5	2039019	untrained	32714	53	memtrain/o_142_2.jpg	photodiode	1
2039.87	0.5	2039870	untrained	32676	91	memtrain/o_605_1.jpg	photodiode	1
2040.621	0.5	2040621	untrained	32696	71	memtrain/o_483_1.jpg	photodiode	1
2041.421	0.5	2041421	catch	32671	n/a	catch_padded.jpg	photodiode	0
2041.874	0.0	2041874	response	7	n/a	n/a	trigger	0
2043.423	0.5	2043423	trained	32736	31	memtrain/o_465_2.jpg	photodiode	1
2044.324	0.5	2044324	untrained	32711	56	memtrain/o_163_2.jpg	photodiode	1
2045.274	0.5	2045274	untrained	32715	52	memtrain/o_141_1.jpg	photodiode	1
2046.225	0.5	2046225	trained	32740	27	memtrain/o_379_2.jpg	photodiode	1
2047.026	0.5	2047026	trained	32731	36	memtrain/o_583_1.jpg	photodiode	1
2047.777	0.5	2047777	catch	32671	n/a	catch_padded.jpg	photodiode	0
2048.298	0.0	2048298	response	7	n/a	n/a	trigger	0
2049.828	0.5	2049828	trained	32732	35	memtrain/o_561_2.jpg	photodiode	1
2050.729	0.5	2050729	trained	32721	46	memtrain/so_113_1.jpg	photodiode	1
2051.48	0.5	2051480	untrained	32700	67	memtrain/o_378_1.jpg	photodiode	1
2052.23	0.5	2052230	untrained	32702	65	memtrain/o_337_2.jpg	photodiode	1
2053.181	0.5	2053181	catch	32671	n/a	catch_padded.jpg	photodiode	0
2053.708	0.0	2053708	response	7	n/a	n/a	trigger	0
2055.183	0.5	2055183	trained	32728	39	memtrain/o_606_1.jpg	photodiode	1
2056.084	0.5	2056084	trained	32752	15	memtrain/o_195_1.jpg	photodiode	1
2056.884	0.5	2056884	untrained	32693	74	memtrain/o_550_1.jpg	photodiode	1
2057.785	0.5	2057785	catch	32671	n/a	catch_padded.jpg	photodiode	0
2058.209	0.0	2058209	response	7	n/a	n/a	trigger	0
2059.728	0.5	2059728	trained	32722	45	memtrain/so_090_2.jpg	photodiode	1
2060.529	0.5	2060529	trained	32738	29	memtrain/o_416_1.jpg	photodiode	1
2061.43	0.5	2061430	untrained	32674	93	memtrain/so_035_1.jpg	photodiode	1
2062.281	0.5	2062281	catch	32671	n/a	catch_padded.jpg	photodiode	0
2062.722	0.0	2062722	response	7	n/a	n/a	trigger	0
2064.382	0.5	2064382	untrained	32690	77	memtrain/o_574_2.jpg	photodiode	1
2065.283	0.5	2065283	untrained	32695	72	memtrain/o_490_1.jpg	photodiode	1
2066.184	0.5	2066184	trained	32767	0	memtrain/o_006_1.jpg	photodiode	1
2066.985	0.5	2066985	catch	32671	n/a	catch_padded.jpg	photodiode	0
2067.39	0.0	2067390	response	7	n/a	n/a	trigger	0
2069.086	0.5	2069086	trained	32750	17	memtrain/o_232_1.jpg	photodiode	1
2069.937	0.5	2069937	untrained	32717	50	memtrain/o_057_2.jpg	photodiode	1
2070.888	0.5	2070888	trained	32741	26	memtrain/o_376_1.jpg	photodiode	1
2071.839	0.5	2071839	trained	32735	32	memtrain/o_485_2.jpg	photodiode	1
2072.589	0.5	2072589	trained	32758	9	memtrain/o_101_2.jpg	photodiode	1
2073.39	0.5	2073390	catch	32671	n/a	catch_padded.jpg	photodiode	0
2073.801	0.0	2073801	response	7	n/a	n/a	trigger	0
2075.492	0.5	2075492	trained	32737	30	memtrain/o_437_2.jpg	photodiode	1
2076.343	0.5	2076343	trained	32729	38	memtrain/o_603_1.jpg	photodiode	1
2077.243	0.5	2077243	untrained	32699	68	memtrain/o_393_1.jpg	photodiode	1
2078.094	0.5	2078094	catch	32671	n/a	catch_padded.jpg	photodiode	0
2078.576	0.0	2078576	response	7	n/a	n/a	trigger	0
2079.996	0.5	2079996	untrained	32697	70	memtrain/o_471_2.jpg	photodiode	1
2080.746	0.5	2080746	trained	32765	2	memtrain/o_035_1.jpg	photodiode	1
2081.547	0.5	2081547	trained	32725	42	memtrain/so_034_2.jpg	photodiode	1
2082.498	0.5	2082498	catch	32671	n/a	catch_padded.jpg	photodiode	0
2082.974	0.0	2082974	response	7	n/a	n/a	trigger	0
2084.6	0.5	2084600	untrained	32688	79	memtrain/o_600_1.jpg	photodiode	1
2085.4	0.5	2085400	trained	32742	25	memtrain/o_358_2.jpg	photodiode	1
2086.351	0.5	2086351	untrained	32686	81	memtrain/o_655_2.jpg	photodiode	1
2087.243	0.5	2087243	trained	32754	13	memtrain/o_136_1.jpg	photodiode	1
2088.044	0.5	2088044	catch	32671	n/a	catch_padded.jpg	photodiode	0
2088.458	0.0	2088458	response	7	n/a	n/a	trigger	0
2090.096	0.5	2090096	trained	32759	8	memtrain/o_094_1.jpg	photodiode	1
2090.947	0.5	2090947	untrained	32718	49	memtrain/o_054_2.jpg	photodiode	1
2091.897	0.5	2091897	untrained	32719	48	memtrain/o_019_2.jpg	photodiode	1
2092.748	0.5	2092748	trained	32743	24	memtrain/o_357_1.jpg	photodiode	1
2093.649	0.5	2093649	catch	32671	n/a	catch_padded.jpg	photodiode	0
2094.137	0.0	2094137	response	7	n/a	n/a	trigger	0
2095.651	0.5	2095651	trained	32744	23	memtrain/o_338_2.jpg	photodiode	1
2096.451	0.5	2096451	untrained	32694	73	memtrain/o_519_2.jpg	photodiode	1
2097.252	0.5	2097252	untrained	32672	95	memtrain/so_125_1.jpg	photodiode	1
2098.153	0.5	2098153	untrained	32703	64	memtrain/o_334_2.jpg	photodiode	1
2099.103	0.5	2099103	catch	32671	n/a	catch_padded.jpg	photodiode	0
2099.575	0.0	2099575	response	7	n/a	n/a	trigger	0
2101.005	0.5	2101005	trained	32755	12	memtrain/o_127_2.jpg	photodiode	1
2101.806	0.5	2101806	untrained	32678	89	memtrain/o_469_1.jpg	photodiode	1
2102.757	0.5	2102757	untrained	32713	54	memtrain/o_145_1.jpg	photodiode	1
2103.507	0.5	2103507	trained	32733	34	memtrain/o_558_2.jpg	photodiode	1
2104.358	0.5	2104358	catch	32671	n/a	catch_padded.jpg	photodiode	0
2104.864	0.0	2104864	response	7	n/a	n/a	trigger	0
2106.41	0.5	2106410	untrained	32689	78	memtrain/o_599_1.jpg	photodiode	1
2107.31	0.5	2107310	trained	32727	40	memtrain/o_648_2.jpg	photodiode	1
2108.211	0.5	2108211	untrained	32679	88	memtrain/o_458_1.jpg	photodiode	1
2109.062	0.5	2109062	trained	32749	18	memtrain/o_264_2.jpg	photodiode	1
2110.013	0.5	2110013	untrained	32681	86	memtrain/o_288_1.jpg	photodiode	1
2110.913	0.5	2110913	catch	32671	n/a	catch_padded.jpg	photodiode	0
2111.413	0.0	2111413	response	7	n/a	n/a	trigger	0
2112.915	0.5	2112915	untrained	32691	76	memtrain/o_570_1.jpg	photodiode	1
2113.716	0.5	2113716	untrained	32692	75	memtrain/o_564_1.jpg	photodiode	1
2114.567	0.5	2114567	untrained	32701	66	memtrain/o_342_2.jpg	photodiode	1
2115.317	0.5	2115317	untrained	32707	60	memtrain/o_228_2.jpg	photodiode	1
2116.11	0.5	2116110	trained	32747	20	memtrain/o_290_1.jpg	photodiode	1
2117.01	0.5	2117010	catch	32671	n/a	catch_padded.jpg	photodiode	0
2117.415	0.0	2117415	response	7	n/a	n/a	trigger	0
2119.062	0.5	2119062	untrained	32685	82	memtrain/o_656_1.jpg	photodiode	1
2119.863	0.5	2119863	trained	32721	46	memtrain/so_113_1.jpg	photodiode	1
2120.613	0.5	2120613	trained	32731	36	memtrain/o_583_1.jpg	photodiode	1
2121.564	0.5	2121564	catch	32671	n/a	catch_padded.jpg	photodiode	0
2122.076	0.0	2122076	response	7	n/a	n/a	trigger	0
2123.616	0.5	2123616	untrained	32694	73	memtrain/o_519_2.jpg	photodiode	1
2124.367	0.5	2124367	untrained	32716	51	memtrain/o_103_2.jpg	photodiode	1
2125.217	0.5	2125217	trained	32757	10	memtrain/o_111_2.jpg	photodiode	1
2126.068	0.5	2126068	catch	32671	n/a	catch_padded.jpg	photodiode	0
2126.587	0.0	2126587	response	7	n/a	n/a	trigger	0
2128.02	0.5	2128020	trained	32747	20	memtrain/o_290_1.jpg	photodiode	1
2128.87	0.5	2128870	untrained	32689	78	memtrain/o_599_1.jpg	photodiode	1
2129.621	0.5	2129621	trained	32733	34	memtrain/o_558_2.jpg	photodiode	1
2130.522	0.5	2130522	trained	32758	9	memtrain/o_101_2.jpg	photodiode	1
2131.473	0.5	2131473	catch	32671	n/a	catch_padded.jpg	photodiode	0
2131.948	0.0	2131948	response	7	n/a	n/a	trigger	0
2133.424	0.5	2133424	trained	32764	3	memtrain/o_040_2.jpg	photodiode	1
2134.175	0.5	2134175	trained	32750	17	memtrain/o_232_1.jpg	photodiode	1
2134.976	0.5	2134976	trained	32766	1	memtrain/o_015_1.jpg	photodiode	1
2135.826	0.5	2135826	catch	32671	n/a	catch_padded.jpg	photodiode	0
2136.312	0.0	2136312	response	7	n/a	n/a	trigger	0
2137.878	0.5	2137878	trained	32742	25	memtrain/o_358_2.jpg	photodiode	1
2138.729	0.5	2138729	untrained	32673	94	memtrain/so_067_1.jpg	photodiode	1
2139.529	0.5	2139529	trained	32737	30	memtrain/o_437_2.jpg	photodiode	1
2140.48	0.5	2140480	trained	32767	0	memtrain/o_006_1.jpg	photodiode	1
2141.231	0.5	2141231	catch	32671	n/a	catch_padded.jpg	photodiode	0
2141.65	0.0	2141650	response	7	n/a	n/a	trigger	0
2143.283	0.5	2143283	trained	32762	5	memtrain/o_067_1.jpg	photodiode	1
2144.033	0.5	2144033	untrained	32718	49	memtrain/o_054_2.jpg	photodiode	1
2144.876	0.5	2144876	trained	32732	35	memtrain/o_561_2.jpg	photodiode	1
2145.726	0.5	2145726	trained	32741	26	memtrain/o_376_1.jpg	photodiode	1
2146.577	0.5	2146577	trained	32761	6	memtrain/o_076_1.jpg	photodiode	1
2147.378	0.5	2147378	catch	32671	n/a	catch_padded.jpg	photodiode	0
2148.029	0.0	2148029	response	7	n/a	n/a	trigger	0
2149.288	0.5	2149288	untrained	32713	54	memtrain/o_145_1.jpg	photodiode	1
2150.18	0.5	2150180	trained	32727	40	memtrain/o_648_2.jpg	photodiode	1
2151.081	0.5	2151081	untrained	32672	95	memtrain/so_125_1.jpg	photodiode	1
2151.982	0.5	2151982	untrained	32684	83	memtrain/so_105_1.jpg	photodiode	1
2152.782	0.5	2152782	trained	32722	45	memtrain/so_090_2.jpg	photodiode	1
2153.633	0.5	2153633	catch	32671	n/a	catch_padded.jpg	photodiode	0
2154.129	0.0	2154129	response	7	n/a	n/a	trigger	0
2155.535	0.5	2155535	untrained	32703	64	memtrain/o_334_2.jpg	photodiode	1
2156.385	0.5	2156385	untrained	32679	88	memtrain/o_458_1.jpg	photodiode	1
2157.336	0.5	2157336	trained	32729	38	memtrain/o_603_1.jpg	photodiode	1
2158.187	0.5	2158187	catch	32671	n/a	catch_padded.jpg	photodiode	0
2158.814	0.0	2158814	response	7	n/a	n/a	trigger	0
2160.289	0.5	2160289	trained	32746	21	memtrain/o_319_1.jpg	photodiode	1
2161.089	0.5	2161089	untrained	32693	74	memtrain/o_550_1.jpg	photodiode	1
2161.89	0.5	2161890	untrained	32706	61	memtrain/o_298_2.jpg	photodiode	1
2162.741	0.5	2162741	trained	32738	29	memtrain/o_416_1.jpg	photodiode	1
2163.692	0.5	2163692	untrained	32674	93	memtrain/so_035_1.jpg	photodiode	1
2164.492	0.5	2164492	catch	32671	n/a	catch_padded.jpg	photodiode	0
2164.953	0.0	2164953	response	7	n/a	n/a	trigger	0
2166.444	0.5	2166444	untrained	32711	56	memtrain/o_163_2.jpg	photodiode	1
2167.345	0.5	2167345	untrained	32699	68	memtrain/o_393_1.jpg	photodiode	1
2168.195	0.5	2168195	untrained	32687	80	memtrain/o_613_1.jpg	photodiode	1
2169.046	0.5	2169046	catch	32671	n/a	catch_padded.jpg	photodiode	0
2169.54	0.0	2169540	response	7	n/a	n/a	trigger	0
2171.048	0.5	2171048	untrained	32698	69	memtrain/o_464_2.jpg	photodiode	1
2171.798	0.5	2171798	untrained	32685	82	memtrain/o_656_1.jpg	photodiode	1
2172.599	0.5	2172599	trained	32760	7	memtrain/o_091_2.jpg	photodiode	1
2173.5	0.5	2173500	trained	32740	27	memtrain/o_379_2.jpg	photodiode	1
2174.442	0.5	2174442	trained	32756	11	memtrain/o_117_2.jpg	photodiode	1
2175.393	0.5	2175393	catch	32671	n/a	catch_padded.jpg	photodiode	0
2175.819	0.0	2175819	response	7	n/a	n/a	trigger	0
2177.495	0.5	2177495	untrained	32677	90	memtrain/o_580_1.jpg	photodiode	1
2178.346	0.5	2178346	untrained	32683	84	memtrain/so_117_2.jpg	photodiode	1
2179.146	0.5	2179146	untrained	32704	63	memtrain/o_310_2.jpg	photodiode	1
2179.997	0.5	2179997	catch	32671	n/a	catch_padded.jpg	photodiode	0
2180.451	0.0	2180451	response	7	n/a	n/a	trigger	0
2181.999	0.5	2181999	untrained	32708	59	memtrain/o_201_2.jpg	photodiode	1
2182.8	0.5	2182800	trained	32723	44	memtrain/so_045_1.jpg	photodiode	1
2183.65	0.5	2183650	trained	32751	16	memtrain/o_199_2.jpg	photodiode	1
2184.551	0.5	2184551	trained	32745	22	memtrain/o_321_1.jpg	photodiode	1
2185.502	0.5	2185502	catch	32671	n/a	catch_padded.jpg	photodiode	0
2185.929	0.0	2185929	response	7	n/a	n/a	trigger	0
2187.403	0.5	2187403	trained	32736	31	memtrain/o_465_2.jpg	photodiode	1
2188.254	0.5	2188254	trained	32724	43	memtrain/so_043_2.jpg	photodiode	1
2189.155	0.5	2189155	untrained	32714	53	memtrain/o_142_2.jpg	photodiode	1
2190.006	0.5	2190006	catch	32671	n/a	catch_padded.jpg	photodiode	0
2190.71	0.0	2190710	response	7	n/a	n/a	trigger	0
2191.907	0.5	2191907	trained	32755	12	memtrain/o_127_2.jpg	photodiode	1
2192.708	0.5	2192708	untrained	32676	91	memtrain/o_605_1.jpg	photodiode	1
2193.659	0.5	2193659	untrained	32686	81	memtrain/o_655_2.jpg	photodiode	1
2194.409	0.5	2194409	trained	32734	33	memtrain/o_536_1.jpg	photodiode	1
2195.36	0.5	2195360	untrained	32690	77	memtrain/o_574_2.jpg	photodiode	1
2196.311	0.5	2196311	catch	32671	n/a	catch_padded.jpg	photodiode	0
2196.848	0.0	2196848	response	7	n/a	n/a	trigger	0
2198.213	0.5	2198213	untrained	32705	62	memtrain/o_304_1.jpg	photodiode	1
2199.063	0.5	2199063	untrained	32701	66	memtrain/o_342_2.jpg	photodiode	1
2199.814	0.5	2199814	untrained	32712	55	memtrain/o_153_2.jpg	photodiode	1
2200.565	0.5	2200565	trained	32754	13	memtrain/o_136_1.jpg	photodiode	1
2201.365	0.5	2201365	catch	32671	n/a	catch_padded.jpg	photodiode	0
2201.872	0.0	2201872	response	7	n/a	n/a	trigger	0
2203.308	0.5	2203308	untrained	32675	92	memtrain/so_033_1.jpg	photodiode	1
2204.118	0.5	2204118	trained	32728	39	memtrain/o_606_1.jpg	photodiode	1
2205.068	0.5	2205068	trained	32725	42	memtrain/so_034_2.jpg	photodiode	1
2206.011	0.5	2206011	trained	32749	18	memtrain/o_264_2.jpg	photodiode	1
2206.962	0.5	2206962	catch	32671	n/a	catch_padded.jpg	photodiode	0
2207.419	0.0	2207419	response	7	n/a	n/a	trigger	0
2208.863	0.5	2208863	untrained	32696	71	memtrain/o_483_1.jpg	photodiode	1
2209.772	0.5	2209772	untrained	32702	65	memtrain/o_337_2.jpg	photodiode	1
2210.715	0.5	2210715	untrained	32710	57	memtrain/o_171_1.jpg	photodiode	1
2211.666	0.5	2211666	untrained	32681	86	memtrain/o_288_1.jpg	photodiode	1
2212.566	0.5	2212566	untrained	32717	50	memtrain/o_057_2.jpg	photodiode	1
2213.317	0.5	2213317	catch	32671	n/a	catch_padded.jpg	photodiode	0
2213.839	0.0	2213839	response	7	n/a	n/a	trigger	0
2215.319	0.5	2215319	untrained	32682	85	memtrain/o_218_1.jpg	photodiode	1
2216.069	0.5	2216069	trained	32735	32	memtrain/o_485_2.jpg	photodiode	1
2217.02	0.5	2217020	trained	32765	2	memtrain/o_035_1.jpg	photodiode	1
2217.971	0.5	2217971	trained	32759	8	memtrain/o_094_1.jpg	photodiode	1
2218.722	0.5	2218722	catch	32671	n/a	catch_padded.jpg	photodiode	0
2219.286	0.0	2219286	response	7	n/a	n/a	trigger	0
2220.623	0.5	2220623	trained	32753	14	memtrain/o_174_1.jpg	photodiode	1
2221.524	0.5	2221524	untrained	32700	67	memtrain/o_378_1.jpg	photodiode	1
2222.375	0.5	2222375	untrained	32719	48	memtrain/o_019_2.jpg	photodiode	1
2223.175	0.5	2223175	catch	32671	n/a	catch_padded.jpg	photodiode	0
2223.688	0.0	2223688	response	7	n/a	n/a	trigger	0
2225.177	0.5	2225177	trained	32763	4	memtrain/o_042_1.jpg	photodiode	1
2225.928	0.5	2225928	trained	32726	41	memtrain/o_663_2.jpg	photodiode	1
2226.678	0.5	2226678	untrained	32709	58	memtrain/o_192_1.jpg	photodiode	1
2227.629	0.5	2227629	trained	32730	37	memtrain/o_597_1.jpg	photodiode	1
2228.48	0.5	2228480	catch	32671	n/a	catch_padded.jpg	photodiode	0
2228.996	0.0	2228996	response	7	n/a	n/a	trigger	0
2230.532	0.5	2230532	untrained	32697	70	memtrain/o_471_2.jpg	photodiode	1
2231.482	0.5	2231482	trained	32744	23	memtrain/o_338_2.jpg	photodiode	1
2232.233	0.5	2232233	untrained	32678	89	memtrain/o_469_1.jpg	photodiode	1
2233.184	0.5	2233184	untrained	32688	79	memtrain/o_600_1.jpg	photodiode	1
2233.934	0.5	2233934	catch	32671	n/a	catch_padded.jpg	photodiode	0
2234.385	0.0	2234385	response	7	n/a	n/a	trigger	0
2235.828	0.5	2235828	trained	32720	47	memtrain/so_147_2.jpg	photodiode	1
2236.779	0.5	2236779	trained	32752	15	memtrain/o_195_1.jpg	photodiode	1
2237.529	0.5	2237529	untrained	32691	76	memtrain/o_570_1.jpg	photodiode	1
2238.33	0.5	2238330	untrained	32680	87	memtrain/o_365_1.jpg	photodiode	1
2239.189	0.5	2239189	untrained	32692	75	memtrain/o_564_1.jpg	photodiode	1
2240.031	0.5	2240031	catch	32671	n/a	catch_padded.jpg	photodiode	0
2240.468	0.0	2240468	response	7	n/a	n/a	trigger	0
2242.033	0.5	2242033	trained	32743	24	memtrain/o_357_1.jpg	photodiode	1
2242.934	0.5	2242934	trained	32739	28	memtrain/o_397_1.jpg	photodiode	1
2243.885	0.5	2243885	trained	32748	19	memtrain/o_284_2.jpg	photodiode	1
2244.685	0.5	2244685	catch	32671	n/a	catch_padded.jpg	photodiode	0
2245.197	0.0	2245197	response	7	n/a	n/a	trigger	0
2246.587	0.5	2246587	untrained	32707	60	memtrain/o_228_2.jpg	photodiode	1
2247.388	0.5	2247388	untrained	32695	72	memtrain/o_490_1.jpg	photodiode	1
2248.188	0.5	2248188	untrained	32715	52	memtrain/o_141_1.jpg	photodiode	1
2249.089	0.5	2249089	catch	32671	n/a	catch_padded.jpg	photodiode	0
2249.573	0.0	2249573	response	7	n/a	n/a	trigger	0
2251.564	0.0	2251564	block_end	120	n/a	n/a	trigger	0
2270.219	0.0	2270219	response	7	n/a	n/a	trigger	0
2270.229	0.0	2270229	block_onset	109	n/a	n/a	trigger	0
2272.284	0.5	2272284	untrained	32687	80	memtrain/o_613_1.jpg	photodiode	1
2273.084	0.5	2273084	untrained	32693	74	memtrain/o_550_1.jpg	photodiode	1
2273.885	0.5	2273885	trained	32739	28	memtrain/o_397_1.jpg	photodiode	1
2274.836	0.5	2274836	trained	32746	21	memtrain/o_319_1.jpg	photodiode	1
2275.586	0.5	2275586	catch	32671	n/a	catch_padded.jpg	photodiode	0
2276.065	0.0	2276065	response	7	n/a	n/a	trigger	0
2277.688	0.5	2277688	trained	32747	20	memtrain/o_290_1.jpg	photodiode	1
2278.639	0.5	2278639	untrained	32689	78	memtrain/o_599_1.jpg	photodiode	1
2279.381	0.5	2279381	trained	32745	22	memtrain/o_321_1.jpg	photodiode	1
2280.232	0.5	2280232	trained	32762	5	memtrain/o_067_1.jpg	photodiode	1
2281.033	0.5	2281033	catch	32671	n/a	catch_padded.jpg	photodiode	0
2281.489	0.0	2281489	response	7	n/a	n/a	trigger	0
2283.085	0.5	2283085	trained	32720	47	memtrain/so_147_2.jpg	photodiode	1
2284.035	0.5	2284035	untrained	32707	60	memtrain/o_228_2.jpg	photodiode	1
2284.886	0.5	2284886	untrained	32683	84	memtrain/so_117_2.jpg	photodiode	1
2285.687	0.5	2285687	catch	32671	n/a	catch_padded.jpg	photodiode	0
2286.272	0.0	2286272	response	7	n/a	n/a	trigger	0
2287.789	0.5	2287789	trained	32735	32	memtrain/o_485_2.jpg	photodiode	1
2288.539	0.5	2288539	untrained	32691	76	memtrain/o_570_1.jpg	photodiode	1
2289.34	0.5	2289340	untrained	32681	86	memtrain/o_288_1.jpg	photodiode	1
2290.241	0.5	2290241	catch	32671	n/a	catch_padded.jpg	photodiode	0
2290.778	0.0	2290778	response	7	n/a	n/a	trigger	0
2292.142	0.5	2292142	untrained	32672	95	memtrain/so_125_1.jpg	photodiode	1
2293.043	0.5	2293043	untrained	32680	87	memtrain/o_365_1.jpg	photodiode	1
2293.844	0.5	2293844	trained	32743	24	memtrain/o_357_1.jpg	photodiode	1
2294.794	0.5	2294794	catch	32671	n/a	catch_padded.jpg	photodiode	0
2295.498	0.0	2295498	response	7	n/a	n/a	trigger	0
2296.746	0.5	2296746	trained	32754	13	memtrain/o_136_1.jpg	photodiode	1
2297.547	0.5	2297547	trained	32737	30	memtrain/o_437_2.jpg	photodiode	1
2298.448	0.5	2298448	trained	32757	10	memtrain/o_111_2.jpg	photodiode	1
2299.298	0.5	2299298	catch	32671	n/a	catch_padded.jpg	photodiode	0
2299.779	0.0	2299779	response	7	n/a	n/a	trigger	0
2301.2	0.5	2301200	trained	32731	36	memtrain/o_583_1.jpg	photodiode	1
2302.101	0.5	2302101	untrained	32696	71	memtrain/o_483_1.jpg	photodiode	1
2302.951	0.5	2302951	trained	32726	41	memtrain/o_663_2.jpg	photodiode	1
2303.752	0.5	2303752	trained	32724	43	memtrain/so_043_2.jpg	photodiode	1
2304.544	0.5	2304544	catch	32671	n/a	catch_padded.jpg	photodiode	0
2304.971	0.0	2304971	response	7	n/a	n/a	trigger	0
2306.454	0.5	2306454	trained	32740	27	memtrain/o_379_2.jpg	photodiode	1
2307.205	0.5	2307205	trained	32756	11	memtrain/o_117_2.jpg	photodiode	1
2308.097	0.5	2308097	trained	32755	12	memtrain/o_127_2.jpg	photodiode	1
2308.898	0.5	2308898	catch	32671	n/a	catch_padded.jpg	photodiode	0
2309.432	0.0	2309432	response	7	n/a	n/a	trigger	0
2310.95	0.5	2310950	untrained	32708	59	memtrain/o_201_2.jpg	photodiode	1
2311.8	0.5	2311800	untrained	32713	54	memtrain/o_145_1.jpg	photodiode	1
2312.551	0.5	2312551	trained	32727	40	memtrain/o_648_2.jpg	photodiode	1
2313.302	0.5	2313302	catch	32671	n/a	catch_padded.jpg	photodiode	0
2313.759	0.0	2313759	response	7	n/a	n/a	trigger	0
2315.404	0.5	2315404	untrained	32676	91	memtrain/o_605_1.jpg	photodiode	1
2316.204	0.5	2316204	trained	32749	18	memtrain/o_264_2.jpg	photodiode	1
2316.955	0.5	2316955	trained	32761	6	memtrain/o_076_1.jpg	photodiode	1
2317.806	0.5	2317806	untrained	32682	85	memtrain/o_218_1.jpg	photodiode	1
2318.556	0.5	2318556	catch	32671	n/a	catch_padded.jpg	photodiode	0
2319.027	0.0	2319027	response	7	n/a	n/a	trigger	0
2320.558	0.5	2320558	trained	32744	23	memtrain/o_338_2.jpg	photodiode	1
2321.309	0.5	2321309	untrained	32677	90	memtrain/o_580_1.jpg	photodiode	1
2322.109	0.5	2322109	trained	32736	31	memtrain/o_465_2.jpg	photodiode	1
2322.96	0.5	2322960	catch	32671	n/a	catch_padded.jpg	photodiode	0
2323.398	0.0	2323398	response	7	n/a	n/a	trigger	0
2325.012	0.5	2325012	untrained	32703	64	memtrain/o_334_2.jpg	photodiode	1
2325.912	0.5	2325912	untrained	32674	93	memtrain/so_035_1.jpg	photodiode	1
2326.863	0.5	2326863	trained	32733	34	memtrain/o_558_2.jpg	photodiode	1
2327.664	0.5	2327664	trained	32765	2	memtrain/o_035_1.jpg	photodiode	1
2328.515	0.5	2328515	trained	32752	15	memtrain/o_195_1.jpg	photodiode	1
2329.465	0.5	2329465	catch	32671	n/a	catch_padded.jpg	photodiode	0
2329.874	0.0	2329874	response	7	n/a	n/a	trigger	0
2331.367	0.5	2331367	trained	32742	25	memtrain/o_358_2.jpg	photodiode	1
2332.318	0.5	2332318	trained	32723	44	memtrain/so_045_1.jpg	photodiode	1
2333.219	0.5	2333219	untrained	32685	82	memtrain/o_656_1.jpg	photodiode	1
2334.169	0.5	2334169	untrained	32697	70	memtrain/o_471_2.jpg	photodiode	1
2335.07	0.5	2335070	trained	32763	4	memtrain/o_042_1.jpg	photodiode	1
2335.921	0.5	2335921	catch	32671	n/a	catch_padded.jpg	photodiode	0
2336.361	0.0	2336361	response	7	n/a	n/a	trigger	0
2337.864	0.5	2337864	untrained	32716	51	memtrain/o_103_2.jpg	photodiode	1
2338.765	0.5	2338765	trained	32751	16	memtrain/o_199_2.jpg	photodiode	1
2339.516	0.5	2339516	trained	32748	19	memtrain/o_284_2.jpg	photodiode	1
2340.266	0.5	2340266	untrained	32717	50	memtrain/o_057_2.jpg	photodiode	1
2341.017	0.5	2341017	untrained	32714	53	memtrain/o_142_2.jpg	photodiode	1
2341.968	0.5	2341968	catch	32671	n/a	catch_padded.jpg	photodiode	0
2342.577	0.0	2342577	response	7	n/a	n/a	trigger	0
2344.02	0.5	2344020	trained	32741	26	memtrain/o_376_1.jpg	photodiode	1
2344.87	0.5	2344870	untrained	32673	94	memtrain/so_067_1.jpg	photodiode	1
2345.721	0.5	2345721	untrained	32706	61	memtrain/o_298_2.jpg	photodiode	1
2346.572	0.5	2346572	trained	32721	46	memtrain/so_113_1.jpg	photodiode	1
2347.472	0.5	2347472	catch	32671	n/a	catch_padded.jpg	photodiode	0
2347.92	0.0	2347920	response	7	n/a	n/a	trigger	0
2349.474	0.5	2349474	trained	32753	14	memtrain/o_174_1.jpg	photodiode	1
2350.225	0.5	2350225	untrained	32694	73	memtrain/o_519_2.jpg	photodiode	1
2350.975	0.5	2350975	untrained	32692	75	memtrain/o_564_1.jpg	photodiode	1
2351.926	0.5	2351926	untrained	32715	52	memtrain/o_141_1.jpg	photodiode	1
2352.877	0.5	2352877	catch	32671	n/a	catch_padded.jpg	photodiode	0
2353.724	0.0	2353724	response	7	n/a	n/a	trigger	0
2354.829	0.5	2354829	untrained	32698	69	memtrain/o_464_2.jpg	photodiode	1
2355.629	0.5	2355629	trained	32750	17	memtrain/o_232_1.jpg	photodiode	1
2356.48	0.5	2356480	trained	32764	3	memtrain/o_040_2.jpg	photodiode	1
2357.281	0.5	2357281	trained	32738	29	memtrain/o_416_1.jpg	photodiode	1
2358.031	0.5	2358031	trained	32766	1	memtrain/o_015_1.jpg	photodiode	1
2358.932	0.5	2358932	catch	32671	n/a	catch_padded.jpg	photodiode	0
2359.371	0.0	2359371	response	7	n/a	n/a	trigger	0
2360.884	0.5	2360884	trained	32767	0	memtrain/o_006_1.jpg	photodiode	1
2361.684	0.5	2361684	trained	32729	38	memtrain/o_603_1.jpg	photodiode	1
2362.635	0.5	2362635	trained	32722	45	memtrain/so_090_2.jpg	photodiode	1
2363.386	0.5	2363386	untrained	32705	62	memtrain/o_304_1.jpg	photodiode	1
2364.137	0.5	2364137	untrained	32690	77	memtrain/o_574_2.jpg	photodiode	1
2364.887	0.5	2364887	catch	32671	n/a	catch_padded.jpg	photodiode	0
2365.405	0.0	2365405	response	7	n/a	n/a	trigger	0
2366.931	0.5	2366931	untrained	32704	63	memtrain/o_310_2.jpg	photodiode	1
2367.74	0.5	2367740	untrained	32688	79	memtrain/o_600_1.jpg	photodiode	1
2368.682	0.5	2368682	untrained	32675	92	memtrain/so_033_1.jpg	photodiode	1
2369.583	0.5	2369583	trained	32758	9	memtrain/o_101_2.jpg	photodiode	1
2370.534	0.5	2370534	catch	32671	n/a	catch_padded.jpg	photodiode	0
2371.093	0.0	2371093	response	7	n/a	n/a	trigger	0
2372.585	0.5	2372585	untrained	32679	88	memtrain/o_458_1.jpg	photodiode	1
2373.436	0.5	2373436	untrained	32678	89	memtrain/o_469_1.jpg	photodiode	1
2374.395	0.5	2374395	trained	32732	35	memtrain/o_561_2.jpg	photodiode	1
2375.188	0.5	2375188	untrained	32700	67	memtrain/o_378_1.jpg	photodiode	1
2375.988	0.5	2375988	trained	32730	37	memtrain/o_597_1.jpg	photodiode	1
2376.839	0.5	2376839	catch	32671	n/a	catch_padded.jpg	photodiode	0
2377.281	0.0	2377281	response	7	n/a	n/a	trigger	0
2378.741	0.5	2378741	untrained	32718	49	memtrain/o_054_2.jpg	photodiode	1
2379.541	0.5	2379541	trained	32725	42	memtrain/so_034_2.jpg	photodiode	1
2380.342	0.5	2380342	trained	32760	7	memtrain/o_091_2.jpg	photodiode	1
2381.243	0.5	2381243	catch	32671	n/a	catch_padded.jpg	photodiode	0
2381.732	0.0	2381732	response	7	n/a	n/a	trigger	0
2383.244	0.5	2383244	trained	32734	33	memtrain/o_536_1.jpg	photodiode	1
2384.045	0.5	2384045	untrained	32684	83	memtrain/so_105_1.jpg	photodiode	1
2384.996	0.5	2384996	trained	32728	39	memtrain/o_606_1.jpg	photodiode	1
2385.847	0.5	2385847	untrained	32686	81	memtrain/o_655_2.jpg	photodiode	1
2386.797	0.5	2386797	untrained	32709	58	memtrain/o_192_1.jpg	photodiode	1
2387.548	0.5	2387548	catch	32671	n/a	catch_padded.jpg	photodiode	0
2387.958	0.0	2387958	response	7	n/a	n/a	trigger	0
2389.5	0.5	2389500	untrained	32699	68	memtrain/o_393_1.jpg	photodiode	1
2390.4	0.5	2390400	untrained	32712	55	memtrain/o_153_2.jpg	photodiode	1
2391.301	0.5	2391301	untrained	32719	48	memtrain/o_019_2.jpg	photodiode	1
2392.052	0.5	2392052	untrained	32711	56	memtrain/o_163_2.jpg	photodiode	1
2392.953	0.5	2392953	trained	32759	8	memtrain/o_094_1.jpg	photodiode	1
2393.703	0.5	2393703	catch	32671	n/a	catch_padded.jpg	photodiode	0
2394.176	0.0	2394176	response	7	n/a	n/a	trigger	0
2395.697	0.5	2395697	untrained	32695	72	memtrain/o_490_1.jpg	photodiode	1
2396.597	0.5	2396597	untrained	32710	57	memtrain/o_171_1.jpg	photodiode	1
2397.398	0.5	2397398	untrained	32702	65	memtrain/o_337_2.jpg	photodiode	1
2398.249	0.5	2398249	untrained	32701	66	memtrain/o_342_2.jpg	photodiode	1
2399.2	0.5	2399200	catch	32671	n/a	catch_padded.jpg	photodiode	0
2399.747	0.0	2399747	response	7	n/a	n/a	trigger	0
2401.21	0.5	2401210	trained	32736	31	memtrain/o_465_2.jpg	photodiode	1
2402.152	0.5	2402152	trained	32723	44	memtrain/so_045_1.jpg	photodiode	1
2403.061	0.5	2403061	trained	32759	8	memtrain/o_094_1.jpg	photodiode	1
2403.954	0.5	2403954	untrained	32703	64	memtrain/o_334_2.jpg	photodiode	1
2404.854	0.5	2404854	trained	32767	0	memtrain/o_006_1.jpg	photodiode	1
2405.705	0.5	2405705	catch	32671	n/a	catch_padded.jpg	photodiode	0
2406.193	0.0	2406193	response	7	n/a	n/a	trigger	0
2407.707	0.5	2407707	untrained	32707	60	memtrain/o_228_2.jpg	photodiode	1
2408.558	0.5	2408558	untrained	32709	58	memtrain/o_192_1.jpg	photodiode	1
2409.508	0.5	2409508	trained	32737	30	memtrain/o_437_2.jpg	photodiode	1
2410.459	0.5	2410459	catch	32671	n/a	catch_padded.jpg	photodiode	0
2411.035	0.0	2411035	response	7	n/a	n/a	trigger	0
2412.361	0.5	2412361	trained	32722	45	memtrain/so_090_2.jpg	photodiode	1
2413.262	0.5	2413262	trained	32735	32	memtrain/o_485_2.jpg	photodiode	1
2414.012	0.5	2414012	untrained	32699	68	memtrain/o_393_1.jpg	photodiode	1
2414.813	0.5	2414813	untrained	32713	54	memtrain/o_145_1.jpg	photodiode	1
2415.664	0.5	2415664	catch	32671	n/a	catch_padded.jpg	photodiode	0
2416.073	0.0	2416073	response	7	n/a	n/a	trigger	0
2417.765	0.5	2417765	untrained	32693	74	memtrain/o_550_1.jpg	photodiode	1
2418.716	0.5	2418716	trained	32766	1	memtrain/o_015_1.jpg	photodiode	1
2419.667	0.5	2419667	trained	32764	3	memtrain/o_040_2.jpg	photodiode	1
2420.618	0.5	2420618	catch	32671	n/a	catch_padded.jpg	photodiode	0
2421.034	0.0	2421034	response	7	n/a	n/a	trigger	0
2422.569	0.5	2422569	untrained	32692	75	memtrain/o_564_1.jpg	photodiode	1
2423.32	0.5	2423320	untrained	32694	73	memtrain/o_519_2.jpg	photodiode	1
2424.212	0.5	2424212	untrained	32706	61	memtrain/o_298_2.jpg	photodiode	1
2425.113	0.5	2425113	catch	32671	n/a	catch_padded.jpg	photodiode	0
2425.618	0.0	2425618	response	7	n/a	n/a	trigger	0
2427.165	0.5	2427165	trained	32750	17	memtrain/o_232_1.jpg	photodiode	1
2428.116	0.5	2428116	untrained	32680	87	memtrain/o_365_1.jpg	photodiode	1
2428.916	0.5	2428916	untrained	32702	65	memtrain/o_337_2.jpg	photodiode	1
2429.767	0.5	2429767	trained	32757	10	memtrain/o_111_2.jpg	photodiode	1
2430.568	0.5	2430568	catch	32671	n/a	catch_padded.jpg	photodiode	0
2430.983	0.0	2430983	response	7	n/a	n/a	trigger	0
2432.57	0.5	2432570	untrained	32701	66	memtrain/o_342_2.jpg	photodiode	1
2433.42	0.5	2433420	untrained	32685	82	memtrain/o_656_1.jpg	photodiode	1
2434.221	0.5	2434221	trained	32760	7	memtrain/o_091_2.jpg	photodiode	1
2435.122	0.5	2435122	untrained	32688	79	memtrain/o_600_1.jpg	photodiode	1
2435.981	0.5	2435981	catch	32671	n/a	catch_padded.jpg	photodiode	0
2436.352	0.0	2436352	response	7	n/a	n/a	trigger	0
2437.874	0.5	2437874	untrained	32716	51	memtrain/o_103_2.jpg	photodiode	1
2438.825	0.5	2438825	untrained	32719	48	memtrain/o_019_2.jpg	photodiode	1
2439.575	0.5	2439575	untrained	32682	85	memtrain/o_218_1.jpg	photodiode	1
2440.526	0.5	2440526	untrained	32718	49	memtrain/o_054_2.jpg	photodiode	1
2441.427	0.5	2441427	catch	32671	n/a	catch_padded.jpg	photodiode	0
2441.835	0.0	2441835	response	7	n/a	n/a	trigger	0
2443.479	0.5	2443479	trained	32732	35	memtrain/o_561_2.jpg	photodiode	1
2444.43	0.5	2444430	untrained	32675	92	memtrain/so_033_1.jpg	photodiode	1
2445.18	0.5	2445180	trained	32725	42	memtrain/so_034_2.jpg	photodiode	1
2445.931	0.5	2445931	untrained	32700	67	memtrain/o_378_1.jpg	photodiode	1
2446.782	0.5	2446782	untrained	32704	63	memtrain/o_310_2.jpg	photodiode	1
2447.732	0.5	2447732	catch	32671	n/a	catch_padded.jpg	photodiode	0
2448.191	0.0	2448191	response	7	n/a	n/a	trigger	0
2449.784	0.5	2449784	untrained	32687	80	memtrain/o_613_1.jpg	photodiode	1
2450.635	0.5	2450635	trained	32751	16	memtrain/o_199_2.jpg	photodiode	1
2451.486	0.5	2451486	untrained	32678	89	memtrain/o_469_1.jpg	photodiode	1
2452.386	0.5	2452386	trained	32763	4	memtrain/o_042_1.jpg	photodiode	1
2453.329	0.5	2453329	trained	32762	5	memtrain/o_067_1.jpg	photodiode	1
2454.28	0.5	2454280	catch	32671	n/a	catch_padded.jpg	photodiode	0
2454.799	0.0	2454799	response	7	n/a	n/a	trigger	0
2456.331	0.5	2456331	trained	32749	18	memtrain/o_264_2.jpg	photodiode	1
2457.09	0.5	2457090	trained	32761	6	memtrain/o_076_1.jpg	photodiode	1
2458.033	0.5	2458033	untrained	32696	71	memtrain/o_483_1.jpg	photodiode	1
2458.834	0.5	2458834	untrained	32705	62	memtrain/o_304_1.jpg	photodiode	1
2459.642	0.5	2459642	catch	32671	n/a	catch_padded.jpg	photodiode	0
2460.066	0.0	2460066	response	7	n/a	n/a	trigger	0
2461.636	0.5	2461636	untrained	32697	70	memtrain/o_471_2.jpg	photodiode	1
2462.487	0.5	2462487	untrained	32674	93	memtrain/so_035_1.jpg	photodiode	1
2463.287	0.5	2463287	untrained	32717	50	memtrain/o_057_2.jpg	photodiode	1
2464.238	0.5	2464238	catch	32671	n/a	catch_padded.jpg	photodiode	0
2464.67	0.0	2464670	response	7	n/a	n/a	trigger	0
2466.34	0.5	2466340	trained	32721	46	memtrain/so_113_1.jpg	photodiode	1
2467.291	0.5	2467291	untrained	32698	69	memtrain/o_464_2.jpg	photodiode	1
2468.041	0.5	2468041	untrained	32673	94	memtrain/so_067_1.jpg	photodiode	1
2468.892	0.5	2468892	catch	32671	n/a	catch_padded.jpg	photodiode	0
2469.292	0.0	2469292	response	7	n/a	n/a	trigger	0
2470.844	0.5	2470844	trained	32756	11	memtrain/o_117_2.jpg	photodiode	1
2471.744	0.5	2471744	untrained	32710	57	memtrain/o_171_1.jpg	photodiode	1
2472.645	0.5	2472645	trained	32755	12	memtrain/o_127_2.jpg	photodiode	1
2473.546	0.5	2473546	untrained	32683	84	memtrain/so_117_2.jpg	photodiode	1
2474.397	0.5	2474397	trained	32745	22	memtrain/o_321_1.jpg	photodiode	1
2475.348	0.5	2475348	catch	32671	n/a	catch_padded.jpg	photodiode	0
2475.756	0.0	2475756	response	7	n/a	n/a	trigger	0
2477.399	0.5	2477399	untrained	32691	76	memtrain/o_570_1.jpg	photodiode	1
2478.25	0.5	2478250	untrained	32679	88	memtrain/o_458_1.jpg	photodiode	1
2479.101	0.5	2479101	trained	32741	26	memtrain/o_376_1.jpg	photodiode	1
2480.001	0.5	2480001	trained	32754	13	memtrain/o_136_1.jpg	photodiode	1
2480.852	0.5	2480852	trained	32728	39	memtrain/o_606_1.jpg	photodiode	1
2481.753	0.5	2481753	catch	32671	n/a	catch_padded.jpg	photodiode	0
2482.159	0.0	2482159	response	7	n/a	n/a	trigger	0
2483.655	0.5	2483655	trained	32733	34	memtrain/o_558_2.jpg	photodiode	1
2484.405	0.5	2484405	trained	32743	24	memtrain/o_357_1.jpg	photodiode	1
2485.197	0.5	2485197	trained	32742	25	memtrain/o_358_2.jpg	photodiode	1
2486.048	0.5	2486048	trained	32746	21	memtrain/o_319_1.jpg	photodiode	1
2486.949	0.5	2486949	catch	32671	n/a	catch_padded.jpg	photodiode	0
2487.375	0.0	2487375	response	7	n/a	n/a	trigger	0
2488.901	0.5	2488901	trained	32730	37	memtrain/o_597_1.jpg	photodiode	1
2489.851	0.5	2489851	untrained	32714	53	memtrain/o_142_2.jpg	photodiode	1
2490.802	0.5	2490802	trained	32753	14	memtrain/o_174_1.jpg	photodiode	1
2491.753	0.5	2491753	untrained	32711	56	memtrain/o_163_2.jpg	photodiode	1
2492.704	0.5	2492704	trained	32726	41	memtrain/o_663_2.jpg	photodiode	1
2493.505	0.5	2493505	catch	32671	n/a	catch_padded.jpg	photodiode	0
2493.95	0.0	2493950	response	7	n/a	n/a	trigger	0
2495.456	0.5	2495456	trained	32740	27	memtrain/o_379_2.jpg	photodiode	1
2496.307	0.5	2496307	untrained	32689	78	memtrain/o_599_1.jpg	photodiode	1
2497.158	0.5	2497158	untrained	32708	59	memtrain/o_201_2.jpg	photodiode	1
2498.108	0.5	2498108	catch	32671	n/a	catch_padded.jpg	photodiode	0
2498.676	0.0	2498676	response	7	n/a	n/a	trigger	0
2500.01	0.5	2500010	trained	32738	29	memtrain/o_416_1.jpg	photodiode	1
2500.911	0.5	2500911	untrained	32677	90	memtrain/o_580_1.jpg	photodiode	1
2501.812	0.5	2501812	untrained	32712	55	memtrain/o_153_2.jpg	photodiode	1
2502.712	0.5	2502712	trained	32747	20	memtrain/o_290_1.jpg	photodiode	1
2503.663	0.5	2503663	catch	32671	n/a	catch_padded.jpg	photodiode	0
2504.091	0.0	2504091	response	7	n/a	n/a	trigger	0
2505.565	0.5	2505565	untrained	32690	77	memtrain/o_574_2.jpg	photodiode	1
2506.315	0.5	2506315	trained	32744	23	memtrain/o_338_2.jpg	photodiode	1
2507.066	0.5	2507066	trained	32758	9	memtrain/o_101_2.jpg	photodiode	1
2507.917	0.5	2507917	trained	32727	40	memtrain/o_648_2.jpg	photodiode	1
2508.717	0.5	2508717	trained	32752	15	memtrain/o_195_1.jpg	photodiode	1
2509.618	0.5	2509618	catch	32671	n/a	catch_padded.jpg	photodiode	0
2510.017	0.0	2510017	response	7	n/a	n/a	trigger	0
2511.72	0.5	2511720	untrained	32715	52	memtrain/o_141_1.jpg	photodiode	1
2512.471	0.5	2512471	trained	32765	2	memtrain/o_035_1.jpg	photodiode	1
2513.221	0.5	2513221	untrained	32684	83	memtrain/so_105_1.jpg	photodiode	1
2513.972	0.5	2513972	catch	32671	n/a	catch_padded.jpg	photodiode	0
2514.478	0.0	2514478	response	7	n/a	n/a	trigger	0
2515.865	0.5	2515865	trained	32731	36	memtrain/o_583_1.jpg	photodiode	1
2516.724	0.5	2516724	trained	32739	28	memtrain/o_397_1.jpg	photodiode	1
2517.567	0.5	2517567	trained	32724	43	memtrain/so_043_2.jpg	photodiode	1
2518.317	0.5	2518317	untrained	32695	72	memtrain/o_490_1.jpg	photodiode	1
2519.068	0.5	2519068	catch	32671	n/a	catch_padded.jpg	photodiode	0
2519.503	0.0	2519503	response	7	n/a	n/a	trigger	0
2521.02	0.5	2521020	untrained	32672	95	memtrain/so_125_1.jpg	photodiode	1
2521.82	0.5	2521820	trained	32729	38	memtrain/o_603_1.jpg	photodiode	1
2522.621	0.5	2522621	untrained	32681	86	memtrain/o_288_1.jpg	photodiode	1
2523.422	0.5	2523422	untrained	32676	91	memtrain/o_605_1.jpg	photodiode	1
2524.372	0.5	2524372	untrained	32686	81	memtrain/o_655_2.jpg	photodiode	1
2525.173	0.5	2525173	catch	32671	n/a	catch_padded.jpg	photodiode	0
2525.507	0.0	2525507	response	7	n/a	n/a	trigger	0
2527.125	0.5	2527125	trained	32734	33	memtrain/o_536_1.jpg	photodiode	1
2528.026	0.5	2528026	trained	32720	47	memtrain/so_147_2.jpg	photodiode	1
2528.876	0.5	2528876	trained	32748	19	memtrain/o_284_2.jpg	photodiode	1
2529.727	0.5	2529727	catch	32671	n/a	catch_padded.jpg	photodiode	0
2530.156	0.0	2530156	response	7	n/a	n/a	trigger	0
2532.201	0.0	2532201	block_end	120	n/a	n/a	trigger	0
2547.246	0.0	2547246	response	7	n/a	n/a	trigger	0
2547.255	0.0	2547255	block_onset	110	n/a	n/a	trigger	0
2549.31	0.5	2549310	trained	32747	20	memtrain/o_290_1.jpg	photodiode	1
2550.061	0.5	2550061	trained	32736	31	memtrain/o_465_2.jpg	photodiode	1
2551.012	0.5	2551012	untrained	32711	56	memtrain/o_163_2.jpg	photodiode	1
2551.812	0.5	2551812	catch	32671	n/a	catch_padded.jpg	photodiode	0
2552.225	0.0	2552225	response	7	n/a	n/a	trigger	0
2553.756	0.5	2553756	trained	32722	45	memtrain/so_090_2.jpg	photodiode	1
2554.706	0.5	2554706	trained	32751	16	memtrain/o_199_2.jpg	photodiode	1
2555.657	0.5	2555657	trained	32723	44	memtrain/so_045_1.jpg	photodiode	1
2556.558	0.5	2556558	untrained	32675	92	memtrain/so_033_1.jpg	photodiode	1
2557.309	0.5	2557309	catch	32671	n/a	catch_padded.jpg	photodiode	0
2557.726	0.0	2557726	response	7	n/a	n/a	trigger	0
2559.41	0.5	2559410	untrained	32686	81	memtrain/o_655_2.jpg	photodiode	1
2560.361	0.5	2560361	trained	32742	25	memtrain/o_358_2.jpg	photodiode	1
2561.312	0.5	2561312	trained	32758	9	memtrain/o_101_2.jpg	photodiode	1
2562.213	0.5	2562213	untrained	32701	66	memtrain/o_342_2.jpg	photodiode	1
2563.013	0.5	2563013	catch	32671	n/a	catch_padded.jpg	photodiode	0
2563.42	0.0	2563420	response	7	n/a	n/a	trigger	0
2564.915	0.5	2564915	untrained	32719	48	memtrain/o_019_2.jpg	photodiode	1
2565.666	0.5	2565666	trained	32727	40	memtrain/o_648_2.jpg	photodiode	1
2566.566	0.5	2566566	trained	32728	39	memtrain/o_606_1.jpg	photodiode	1
2567.467	0.5	2567467	trained	32726	41	memtrain/o_663_2.jpg	photodiode	1
2568.318	0.5	2568318	trained	32753	14	memtrain/o_174_1.jpg	photodiode	1
2569.269	0.5	2569269	catch	32671	n/a	catch_padded.jpg	photodiode	0
2569.696	0.0	2569696	response	7	n/a	n/a	trigger	0
2571.371	0.5	2571371	trained	32756	11	memtrain/o_117_2.jpg	photodiode	1
2572.271	0.5	2572271	trained	32763	4	memtrain/o_042_1.jpg	photodiode	1
2573.072	0.5	2573072	untrained	32682	85	memtrain/o_218_1.jpg	photodiode	1
2573.823	0.5	2573823	untrained	32674	93	memtrain/so_035_1.jpg	photodiode	1
2574.773	0.5	2574773	trained	32725	42	memtrain/so_034_2.jpg	photodiode	1
2575.574	0.5	2575574	catch	32671	n/a	catch_padded.jpg	photodiode	0
2576.001	0.0	2576001	response	7	n/a	n/a	trigger	0
2577.676	0.5	2577676	trained	32737	30	memtrain/o_437_2.jpg	photodiode	1
2578.427	0.5	2578427	trained	32743	24	memtrain/o_357_1.jpg	photodiode	1
2579.277	0.5	2579277	untrained	32683	84	memtrain/so_117_2.jpg	photodiode	1
2580.178	0.5	2580178	catch	32671	n/a	catch_padded.jpg	photodiode	0
2580.702	0.0	2580702	response	7	n/a	n/a	trigger	0
2582.171	0.5	2582171	trained	32766	1	memtrain/o_015_1.jpg	photodiode	1
2583.122	0.5	2583122	untrained	32678	89	memtrain/o_469_1.jpg	photodiode	1
2584.031	0.5	2584031	trained	32733	34	memtrain/o_558_2.jpg	photodiode	1
2584.874	0.5	2584874	untrained	32714	53	memtrain/o_142_2.jpg	photodiode	1
2585.674	0.5	2585674	trained	32761	6	memtrain/o_076_1.jpg	photodiode	1
2586.575	0.5	2586575	catch	32671	n/a	catch_padded.jpg	photodiode	0
2586.952	0.0	2586952	response	7	n/a	n/a	trigger	0
2588.527	0.5	2588527	untrained	32703	64	memtrain/o_334_2.jpg	photodiode	1
2589.327	0.5	2589327	untrained	32684	83	memtrain/so_105_1.jpg	photodiode	1
2590.128	0.5	2590128	untrained	32705	62	memtrain/o_304_1.jpg	photodiode	1
2591.029	0.5	2591029	trained	32748	19	memtrain/o_284_2.jpg	photodiode	1
2591.88	0.5	2591880	trained	32767	0	memtrain/o_006_1.jpg	photodiode	1
2592.639	0.5	2592639	catch	32671	n/a	catch_padded.jpg	photodiode	0
2592.98	0.0	2592980	response	7	n/a	n/a	trigger	0
2594.532	0.5	2594532	untrained	32699	68	memtrain/o_393_1.jpg	photodiode	1
2595.433	0.5	2595433	trained	32744	23	memtrain/o_338_2.jpg	photodiode	1
2596.283	0.5	2596283	untrained	32704	63	memtrain/o_310_2.jpg	photodiode	1
2597.034	0.5	2597034	untrained	32689	78	memtrain/o_599_1.jpg	photodiode	1
2597.835	0.5	2597835	catch	32671	n/a	catch_padded.jpg	photodiode	0
2598.18	0.0	2598180	response	7	n/a	n/a	trigger	0
2599.936	0.5	2599936	untrained	32679	88	memtrain/o_458_1.jpg	photodiode	1
2600.687	0.5	2600687	untrained	32712	55	memtrain/o_153_2.jpg	photodiode	1
2601.638	0.5	2601638	trained	32738	29	memtrain/o_416_1.jpg	photodiode	1
2602.539	0.5	2602539	catch	32671	n/a	catch_padded.jpg	photodiode	0
2602.974	0.0	2602974	response	7	n/a	n/a	trigger	0
2604.44	0.5	2604440	untrained	32695	72	memtrain/o_490_1.jpg	photodiode	1
2605.341	0.5	2605341	untrained	32690	77	memtrain/o_574_2.jpg	photodiode	1
2606.242	0.5	2606242	untrained	32698	69	memtrain/o_464_2.jpg	photodiode	1
2607.143	0.5	2607143	trained	32762	5	memtrain/o_067_1.jpg	photodiode	1
2608.093	0.5	2608093	trained	32765	2	memtrain/o_035_1.jpg	photodiode	1
2608.944	0.5	2608944	catch	32671	n/a	catch_padded.jpg	photodiode	0
2609.296	0.0	2609296	response	7	n/a	n/a	trigger	0
2610.846	0.5	2610846	trained	32740	27	memtrain/o_379_2.jpg	photodiode	1
2611.646	0.5	2611646	trained	32764	3	memtrain/o_040_2.jpg	photodiode	1
2612.397	0.5	2612397	untrained	32707	60	memtrain/o_228_2.jpg	photodiode	1
2613.248	0.5	2613248	catch	32671	n/a	catch_padded.jpg	photodiode	0
2613.73	0.0	2613730	response	7	n/a	n/a	trigger	0
2615.241	0.5	2615241	untrained	32717	50	memtrain/o_057_2.jpg	photodiode	1
2616.042	0.5	2616042	trained	32757	10	memtrain/o_111_2.jpg	photodiode	1
2616.892	0.5	2616892	trained	32730	37	memtrain/o_597_1.jpg	photodiode	1
2617.743	0.5	2617743	catch	32671	n/a	catch_padded.jpg	photodiode	0
2618.342	0.0	2618342	response	7	n/a	n/a	trigger	0
2619.753	0.5	2619753	untrained	32680	87	memtrain/o_365_1.jpg	photodiode	1
2620.654	0.5	2620654	untrained	32676	91	memtrain/o_605_1.jpg	photodiode	1
2621.396	0.5	2621396	untrained	32681	86	memtrain/o_288_1.jpg	photodiode	1
2622.247	0.5	2622247	untrained	32715	52	memtrain/o_141_1.jpg	photodiode	1
2622.998	0.5	2622998	catch	32671	n/a	catch_padded.jpg	photodiode	0
2623.418	0.0	2623418	response	7	n/a	n/a	trigger	0
2625.049	0.5	2625049	trained	32746	21	memtrain/o_319_1.jpg	photodiode	1
2625.85	0.5	2625850	untrained	32677	90	memtrain/o_580_1.jpg	photodiode	1
2626.701	0.5	2626701	untrained	32700	67	memtrain/o_378_1.jpg	photodiode	1
2627.451	0.5	2627451	untrained	32685	82	memtrain/o_656_1.jpg	photodiode	1
2628.252	0.5	2628252	catch	32671	n/a	catch_padded.jpg	photodiode	0
2628.659	0.0	2628659	response	7	n/a	n/a	trigger	0
2630.204	0.5	2630204	trained	32749	18	memtrain/o_264_2.jpg	photodiode	1
2631.004	0.5	2631004	trained	32735	32	memtrain/o_485_2.jpg	photodiode	1
2631.905	0.5	2631905	untrained	32693	74	memtrain/o_550_1.jpg	photodiode	1
2632.656	0.5	2632656	untrained	32694	73	memtrain/o_519_2.jpg	photodiode	1
2633.507	0.5	2633507	trained	32741	26	memtrain/o_376_1.jpg	photodiode	1
2634.357	0.5	2634357	catch	32671	n/a	catch_padded.jpg	photodiode	0
2634.725	0.0	2634725	response	7	n/a	n/a	trigger	0
2636.409	0.5	2636409	trained	32724	43	memtrain/so_043_2.jpg	photodiode	1
2637.26	0.5	2637260	untrained	32706	61	memtrain/o_298_2.jpg	photodiode	1
2638.06	0.5	2638060	untrained	32718	49	memtrain/o_054_2.jpg	photodiode	1
2638.911	0.5	2638911	catch	32671	n/a	catch_padded.jpg	photodiode	0
2639.672	0.0	2639672	response	7	n/a	n/a	trigger	0
2640.813	0.5	2640813	trained	32745	22	memtrain/o_321_1.jpg	photodiode	1
2641.663	0.5	2641663	untrained	32692	75	memtrain/o_564_1.jpg	photodiode	1
2642.464	0.5	2642464	untrained	32708	59	memtrain/o_201_2.jpg	photodiode	1
2643.415	0.5	2643415	catch	32671	n/a	catch_padded.jpg	photodiode	0
2644.038	0.0	2644038	response	7	n/a	n/a	trigger	0
2645.458	0.5	2645458	trained	32732	35	memtrain/o_561_2.jpg	photodiode	1
2646.259	0.5	2646259	untrained	32687	80	memtrain/o_613_1.jpg	photodiode	1
2647.06	0.5	2647060	trained	32720	47	memtrain/so_147_2.jpg	photodiode	1
2647.961	0.5	2647961	catch	32671	n/a	catch_padded.jpg	photodiode	0
2648.327	0.0	2648327	response	7	n/a	n/a	trigger	0
2649.962	0.5	2649962	untrained	32713	54	memtrain/o_145_1.jpg	photodiode	1
2650.713	0.5	2650713	untrained	32688	79	memtrain/o_600_1.jpg	photodiode	1
2651.622	0.5	2651622	trained	32721	46	memtrain/so_113_1.jpg	photodiode	1
2652.414	0.5	2652414	catch	32671	n/a	catch_padded.jpg	photodiode	0
2653.033	0.0	2653033	response	7	n/a	n/a	trigger	0
2654.416	0.5	2654416	untrained	32716	51	memtrain/o_103_2.jpg	photodiode	1
2655.217	0.5	2655217	untrained	32697	70	memtrain/o_471_2.jpg	photodiode	1
2656.117	0.5	2656117	untrained	32672	95	memtrain/so_125_1.jpg	photodiode	1
2656.968	0.5	2656968	trained	32734	33	memtrain/o_536_1.jpg	photodiode	1
2657.719	0.5	2657719	catch	32671	n/a	catch_padded.jpg	photodiode	0
2658.112	0.0	2658112	response	7	n/a	n/a	trigger	0
2659.62	0.5	2659620	untrained	32709	58	memtrain/o_192_1.jpg	photodiode	1
2660.371	0.5	2660371	trained	32759	8	memtrain/o_094_1.jpg	photodiode	1
2661.322	0.5	2661322	trained	32760	7	memtrain/o_091_2.jpg	photodiode	1
2662.173	0.5	2662173	untrained	32673	94	memtrain/so_067_1.jpg	photodiode	1
2663.023	0.5	2663023	catch	32671	n/a	catch_padded.jpg	photodiode	0
2663.482	0.0	2663482	response	7	n/a	n/a	trigger	0
2665.075	0.5	2665075	trained	32739	28	memtrain/o_397_1.jpg	photodiode	1
2666.026	0.5	2666026	untrained	32702	65	memtrain/o_337_2.jpg	photodiode	1
2666.776	0.5	2666776	untrained	32710	57	memtrain/o_171_1.jpg	photodiode	1
2667.727	0.5	2667727	trained	32755	12	memtrain/o_127_2.jpg	photodiode	1
2668.478	0.5	2668478	trained	32754	13	memtrain/o_136_1.jpg	photodiode	1
2669.329	0.5	2669329	catch	32671	n/a	catch_padded.jpg	photodiode	0
2669.702	0.0	2669702	response	7	n/a	n/a	trigger	0
2671.38	0.5	2671380	trained	32752	15	memtrain/o_195_1.jpg	photodiode	1
2672.323	0.5	2672323	trained	32731	36	memtrain/o_583_1.jpg	photodiode	1
2673.174	0.5	2673174	untrained	32696	71	memtrain/o_483_1.jpg	photodiode	1
2673.974	0.5	2673974	catch	32671	n/a	catch_padded.jpg	photodiode	0
2674.407	0.0	2674407	response	7	n/a	n/a	trigger	0
2676.076	0.5	2676076	trained	32729	38	memtrain/o_603_1.jpg	photodiode	1
2676.877	0.5	2676877	trained	32750	17	memtrain/o_232_1.jpg	photodiode	1
2677.827	0.5	2677827	untrained	32691	76	memtrain/o_570_1.jpg	photodiode	1
2678.778	0.5	2678778	untrained	32705	62	memtrain/o_304_1.jpg	photodiode	1
2679.529	0.5	2679529	catch	32671	n/a	catch_padded.jpg	photodiode	0
2679.953	0.0	2679953	response	7	n/a	n/a	trigger	0
2681.631	0.5	2681631	untrained	32693	74	memtrain/o_550_1.jpg	photodiode	1
2682.431	0.5	2682431	trained	32761	6	memtrain/o_076_1.jpg	photodiode	1
2683.332	0.5	2683332	trained	32720	47	memtrain/so_147_2.jpg	photodiode	1
2684.183	0.5	2684183	trained	32723	44	memtrain/so_045_1.jpg	photodiode	1
2685.134	0.5	2685134	catch	32671	n/a	catch_padded.jpg	photodiode	0
2685.636	0.0	2685636	response	7	n/a	n/a	trigger	0
2687.035	0.5	2687035	untrained	32692	75	memtrain/o_564_1.jpg	photodiode	1
2687.986	0.5	2687986	trained	32738	29	memtrain/o_416_1.jpg	photodiode	1
2688.887	0.5	2688887	untrained	32703	64	memtrain/o_334_2.jpg	photodiode	1
2689.637	0.5	2689637	trained	32731	36	memtrain/o_583_1.jpg	photodiode	1
2690.438	0.5	2690438	trained	32721	46	memtrain/so_113_1.jpg	photodiode	1
2691.339	0.5	2691339	catch	32671	n/a	catch_padded.jpg	photodiode	0
2691.804	0.0	2691804	response	7	n/a	n/a	trigger	0
2693.441	0.5	2693441	trained	32751	16	memtrain/o_199_2.jpg	photodiode	1
2694.241	0.5	2694241	trained	32743	24	memtrain/o_357_1.jpg	photodiode	1
2695.142	0.5	2695142	trained	32725	42	memtrain/so_034_2.jpg	photodiode	1
2695.993	0.5	2695993	catch	32671	n/a	catch_padded.jpg	photodiode	0
2696.717	0.0	2696717	response	7	n/a	n/a	trigger	0
2698.045	0.5	2698045	untrained	32707	60	memtrain/o_228_2.jpg	photodiode	1
2698.795	0.5	2698795	untrained	32716	51	memtrain/o_103_2.jpg	photodiode	1
2699.746	0.5	2699746	untrained	32714	53	memtrain/o_142_2.jpg	photodiode	1
2700.497	0.5	2700497	trained	32759	8	memtrain/o_094_1.jpg	photodiode	1
2701.447	0.5	2701447	untrained	32706	61	memtrain/o_298_2.jpg	photodiode	1
2702.29	0.5	2702290	catch	32671	n/a	catch_padded.jpg	photodiode	0
2702.683	0.0	2702683	response	7	n/a	n/a	trigger	0
2704.292	0.5	2704292	untrained	32719	48	memtrain/o_019_2.jpg	photodiode	1
2705.192	0.5	2705192	trained	32755	12	memtrain/o_127_2.jpg	photodiode	1
2705.943	0.5	2705943	trained	32754	13	memtrain/o_136_1.jpg	photodiode	1
2706.794	0.5	2706794	catch	32671	n/a	catch_padded.jpg	photodiode	0
2707.227	0.0	2707227	response	7	n/a	n/a	trigger	0
2708.795	0.5	2708795	trained	32752	15	memtrain/o_195_1.jpg	photodiode	1
2709.546	0.5	2709546	untrained	32715	52	memtrain/o_141_1.jpg	photodiode	1
2710.497	0.5	2710497	untrained	32700	67	memtrain/o_378_1.jpg	photodiode	1
2711.348	0.5	2711348	untrained	32710	57	memtrain/o_171_1.jpg	photodiode	1
2712.248	0.5	2712248	trained	32764	3	memtrain/o_040_2.jpg	photodiode	1
2712.999	0.5	2712999	catch	32671	n/a	catch_padded.jpg	photodiode	0
2713.422	0.0	2713422	response	7	n/a	n/a	trigger	0
2714.951	0.5	2714951	untrained	32718	49	memtrain/o_054_2.jpg	photodiode	1
2715.751	0.5	2715751	trained	32763	4	memtrain/o_042_1.jpg	photodiode	1
2716.502	0.5	2716502	untrained	32698	69	memtrain/o_464_2.jpg	photodiode	1
2717.253	0.5	2717253	catch	32671	n/a	catch_padded.jpg	photodiode	0
2717.744	0.0	2717744	response	7	n/a	n/a	trigger	0
2719.304	0.5	2719304	trained	32744	23	memtrain/o_338_2.jpg	photodiode	1
2720.055	0.5	2720055	trained	32728	39	memtrain/o_606_1.jpg	photodiode	1
2721.006	0.5	2721006	untrained	32695	72	memtrain/o_490_1.jpg	photodiode	1
2721.756	0.5	2721756	untrained	32694	73	memtrain/o_519_2.jpg	photodiode	1
2722.557	0.5	2722557	catch	32671	n/a	catch_padded.jpg	photodiode	0
2723.006	0.0	2723006	response	7	n/a	n/a	trigger	0
2724.509	0.5	2724509	untrained	32709	58	memtrain/o_192_1.jpg	photodiode	1
2725.259	0.5	2725259	untrained	32713	54	memtrain/o_145_1.jpg	photodiode	1
2726.11	0.5	2726110	untrained	32696	71	memtrain/o_483_1.jpg	photodiode	1
2727.011	0.5	2727011	trained	32745	22	memtrain/o_321_1.jpg	photodiode	1
2727.82	0.5	2727820	untrained	32697	70	memtrain/o_471_2.jpg	photodiode	1
2728.762	0.5	2728762	catch	32671	n/a	catch_padded.jpg	photodiode	0
2729.284	0.0	2729284	response	7	n/a	n/a	trigger	0
2730.656	0.5	2730656	trained	32735	32	memtrain/o_485_2.jpg	photodiode	1
2731.606	0.5	2731606	trained	32746	21	memtrain/o_319_1.jpg	photodiode	1
2732.365	0.5	2732365	trained	32737	30	memtrain/o_437_2.jpg	photodiode	1
2733.158	0.5	2733158	untrained	32686	81	memtrain/o_655_2.jpg	photodiode	1
2734.008	0.5	2734008	catch	32671	n/a	catch_padded.jpg	photodiode	0
2734.468	0.0	2734468	response	7	n/a	n/a	trigger	0
2736.01	0.5	2736010	untrained	32690	77	memtrain/o_574_2.jpg	photodiode	1
2736.961	0.5	2736961	untrained	32680	87	memtrain/o_365_1.jpg	photodiode	1
2737.862	0.5	2737862	trained	32730	37	memtrain/o_597_1.jpg	photodiode	1
2738.812	0.5	2738812	trained	32748	19	memtrain/o_284_2.jpg	photodiode	1
2739.572	0.5	2739572	trained	32726	41	memtrain/o_663_2.jpg	photodiode	1
2740.314	0.5	2740314	catch	32671	n/a	catch_padded.jpg	photodiode	0
2740.685	0.0	2740685	response	7	n/a	n/a	trigger	0
2742.416	0.5	2742416	trained	32722	45	memtrain/so_090_2.jpg	photodiode	1
2743.366	0.5	2743366	untrained	32679	88	memtrain/o_458_1.jpg	photodiode	1
2744.167	0.5	2744167	untrained	32688	79	memtrain/o_600_1.jpg	photodiode	1
2745.018	0.5	2745018	trained	32729	38	memtrain/o_603_1.jpg	photodiode	1
2745.919	0.5	2745919	untrained	32678	89	memtrain/o_469_1.jpg	photodiode	1
2746.669	0.5	2746669	catch	32671	n/a	catch_padded.jpg	photodiode	0
2747.078	0.0	2747078	response	7	n/a	n/a	trigger	0
2748.571	0.5	2748571	trained	32749	18	memtrain/o_264_2.jpg	photodiode	1
2749.522	0.5	2749522	untrained	32717	50	memtrain/o_057_2.jpg	photodiode	1
2750.322	0.5	2750322	trained	32747	20	memtrain/o_290_1.jpg	photodiode	1
2751.173	0.5	2751173	untrained	32702	65	memtrain/o_337_2.jpg	photodiode	1
2751.924	0.5	2751924	trained	32732	35	memtrain/o_561_2.jpg	photodiode	1
2752.674	0.5	2752674	catch	32671	n/a	catch_padded.jpg	photodiode	0
2753.029	0.0	2753029	response	7	n/a	n/a	trigger	0
2754.626	0.5	2754626	untrained	32677	90	memtrain/o_580_1.jpg	photodiode	1
2755.477	0.5	2755477	trained	32742	25	memtrain/o_358_2.jpg	photodiode	1
2756.327	0.5	2756327	untrained	32708	59	memtrain/o_201_2.jpg	photodiode	1
2757.278	0.5	2757278	catch	32671	n/a	catch_padded.jpg	photodiode	0
2757.718	0.0	2757718	response	7	n/a	n/a	trigger	0
2759.33	0.5	2759330	trained	32767	0	memtrain/o_006_1.jpg	photodiode	1
2760.272	0.5	2760272	untrained	32674	93	memtrain/so_035_1.jpg	photodiode	1
2761.181	0.5	2761181	trained	32762	5	memtrain/o_067_1.jpg	photodiode	1
2762.024	0.5	2762024	untrained	32683	84	memtrain/so_117_2.jpg	photodiode	1
2762.925	0.5	2762925	catch	32671	n/a	catch_padded.jpg	photodiode	0
2763.347	0.0	2763347	response	7	n/a	n/a	trigger	0
2765.026	0.5	2765026	untrained	32701	66	memtrain/o_342_2.jpg	photodiode	1
2765.927	0.5	2765927	trained	32740	27	memtrain/o_379_2.jpg	photodiode	1
2766.778	0.5	2766778	trained	32741	26	memtrain/o_376_1.jpg	photodiode	1
2767.679	0.5	2767679	untrained	32681	86	memtrain/o_288_1.jpg	photodiode	1
2768.63	0.5	2768630	trained	32757	10	memtrain/o_111_2.jpg	photodiode	1
2769.58	0.5	2769580	catch	32671	n/a	catch_padded.jpg	photodiode	0
2769.946	0.0	2769946	response	7	n/a	n/a	trigger	0
2771.532	0.5	2771532	untrained	32687	80	memtrain/o_613_1.jpg	photodiode	1
2772.333	0.5	2772333	trained	32765	2	memtrain/o_035_1.jpg	photodiode	1
2773.233	0.5	2773233	untrained	32684	83	memtrain/so_105_1.jpg	photodiode	1
2774.034	0.5	2774034	untrained	32673	94	memtrain/so_067_1.jpg	photodiode	1
2774.885	0.5	2774885	catch	32671	n/a	catch_padded.jpg	photodiode	0
2775.533	0.0	2775533	response	7	n/a	n/a	trigger	0
2776.836	0.5	2776836	trained	32727	40	memtrain/o_648_2.jpg	photodiode	1
2777.637	0.5	2777637	trained	32733	34	memtrain/o_558_2.jpg	photodiode	1
2778.488	0.5	2778488	trained	32756	11	memtrain/o_117_2.jpg	photodiode	1
2779.289	0.5	2779289	untrained	32712	55	memtrain/o_153_2.jpg	photodiode	1
2780.189	0.5	2780189	untrained	32672	95	memtrain/so_125_1.jpg	photodiode	1
2780.99	0.5	2780990	catch	32671	n/a	catch_padded.jpg	photodiode	0
2781.4	0.0	2781400	response	7	n/a	n/a	trigger	0
2782.942	0.5	2782942	untrained	32689	78	memtrain/o_599_1.jpg	photodiode	1
2783.692	0.5	2783692	untrained	32691	76	memtrain/o_570_1.jpg	photodiode	1
2784.643	0.5	2784643	trained	32758	9	memtrain/o_101_2.jpg	photodiode	1
2785.494	0.5	2785494	untrained	32704	63	memtrain/o_310_2.jpg	photodiode	1
2786.345	0.5	2786345	catch	32671	n/a	catch_padded.jpg	photodiode	0
2786.906	0.0	2786906	response	7	n/a	n/a	trigger	0
2788.246	0.5	2788246	trained	32760	7	memtrain/o_091_2.jpg	photodiode	1
2789.147	0.5	2789147	trained	32724	43	memtrain/so_043_2.jpg	photodiode	1
2790.048	0.5	2790048	untrained	32711	56	memtrain/o_163_2.jpg	photodiode	1
2790.848	0.5	2790848	catch	32671	n/a	catch_padded.jpg	photodiode	0
2791.458	0.0	2791458	response	7	n/a	n/a	trigger	0
2792.792	0.5	2792792	trained	32739	28	memtrain/o_397_1.jpg	photodiode	1
2793.751	0.5	2793751	untrained	32676	91	memtrain/o_605_1.jpg	photodiode	1
2794.693	0.5	2794693	trained	32753	14	memtrain/o_174_1.jpg	photodiode	1
2795.594	0.5	2795594	trained	32750	17	memtrain/o_232_1.jpg	photodiode	1
2796.445	0.5	2796445	catch	32671	n/a	catch_padded.jpg	photodiode	0
2796.887	0.0	2796887	response	7	n/a	n/a	trigger	0
2798.546	0.5	2798546	untrained	32682	85	memtrain/o_218_1.jpg	photodiode	1
2799.397	0.5	2799397	trained	32766	1	memtrain/o_015_1.jpg	photodiode	1
2800.148	0.5	2800148	untrained	32685	82	memtrain/o_656_1.jpg	photodiode	1
2801.099	0.5	2801099	untrained	32699	68	memtrain/o_393_1.jpg	photodiode	1
2801.899	0.5	2801899	catch	32671	n/a	catch_padded.jpg	photodiode	0
2802.439	0.0	2802439	response	7	n/a	n/a	trigger	0
2803.851	0.5	2803851	trained	32736	31	memtrain/o_465_2.jpg	photodiode	1
2804.752	0.5	2804752	trained	32734	33	memtrain/o_536_1.jpg	photodiode	1
2805.652	0.5	2805652	untrained	32675	92	memtrain/so_033_1.jpg	photodiode	1
2806.603	0.5	2806603	catch	32671	n/a	catch_padded.jpg	photodiode	0
2807.142	0.0	2807142	response	7	n/a	n/a	trigger	0
2809.078	0.0	2809078	block_end	120	n/a	n/a	trigger	0
2832.039	0.0	2832039	response	7	n/a	n/a	trigger	0
2832.047	0.0	2832047	block_onset	111	n/a	n/a	trigger	0
2834.102	0.5	2834102	untrained	32675	92	memtrain/so_033_1.jpg	photodiode	1
2835.052	0.5	2835052	trained	32748	19	memtrain/o_284_2.jpg	photodiode	1
2835.903	0.5	2835903	untrained	32691	76	memtrain/o_570_1.jpg	photodiode	1
2836.854	0.5	2836854	untrained	32703	64	memtrain/o_334_2.jpg	photodiode	1
2837.755	0.5	2837755	catch	32671	n/a	catch_padded.jpg	photodiode	0
2838.209	0.0	2838209	response	7	n/a	n/a	trigger	0
2839.648	0.5	2839648	untrained	32686	81	memtrain/o_655_2.jpg	photodiode	1
2840.399	0.5	2840399	trained	32722	45	memtrain/so_090_2.jpg	photodiode	1
2841.249	0.5	2841249	trained	32721	46	memtrain/so_113_1.jpg	photodiode	1
2842.1	0.5	2842100	untrained	32707	60	memtrain/o_228_2.jpg	photodiode	1
2843.009	0.5	2843009	catch	32671	n/a	catch_padded.jpg	photodiode	0
2843.444	0.0	2843444	response	7	n/a	n/a	trigger	0
2844.952	0.5	2844952	trained	32744	23	memtrain/o_338_2.jpg	photodiode	1
2845.703	0.5	2845703	untrained	32677	90	memtrain/o_580_1.jpg	photodiode	1
2846.612	0.5	2846612	untrained	32714	53	memtrain/o_142_2.jpg	photodiode	1
2847.405	0.5	2847405	catch	32671	n/a	catch_padded.jpg	photodiode	0
2847.902	0.0	2847902	response	7	n/a	n/a	trigger	0
2849.356	0.5	2849356	untrained	32711	56	memtrain/o_163_2.jpg	photodiode	1
2850.157	0.5	2850157	untrained	32702	65	memtrain/o_337_2.jpg	photodiode	1
2850.908	0.5	2850908	untrained	32716	51	memtrain/o_103_2.jpg	photodiode	1
2851.808	0.5	2851808	untrained	32698	69	memtrain/o_464_2.jpg	photodiode	1
2852.709	0.5	2852709	untrained	32687	80	memtrain/o_613_1.jpg	photodiode	1
2853.66	0.5	2853660	catch	32671	n/a	catch_padded.jpg	photodiode	0
2854.072	0.0	2854072	response	7	n/a	n/a	trigger	0
2855.762	0.5	2855762	untrained	32679	88	memtrain/o_458_1.jpg	photodiode	1
2856.612	0.5	2856612	untrained	32712	55	memtrain/o_153_2.jpg	photodiode	1
2857.363	0.5	2857363	untrained	32699	68	memtrain/o_393_1.jpg	photodiode	1
2858.314	0.5	2858314	catch	32671	n/a	catch_padded.jpg	photodiode	0
2858.711	0.0	2858711	response	7	n/a	n/a	trigger	0
2860.316	0.5	2860316	trained	32733	34	memtrain/o_558_2.jpg	photodiode	1
2861.066	0.5	2861066	trained	32743	24	memtrain/o_357_1.jpg	photodiode	1
2862.017	0.5	2862017	untrained	32700	67	memtrain/o_378_1.jpg	photodiode	1
2862.868	0.5	2862868	trained	32758	9	memtrain/o_101_2.jpg	photodiode	1
2863.768	0.5	2863768	catch	32671	n/a	catch_padded.jpg	photodiode	0
2864.16	0.0	2864160	response	7	n/a	n/a	trigger	0
2865.82	0.5	2865820	untrained	32705	62	memtrain/o_304_1.jpg	photodiode	1
2866.721	0.5	2866721	untrained	32685	82	memtrain/o_656_1.jpg	photodiode	1
2867.513	0.5	2867513	trained	32762	5	memtrain/o_067_1.jpg	photodiode	1
2868.364	0.5	2868364	trained	32725	42	memtrain/so_034_2.jpg	photodiode	1
2869.315	0.5	2869315	catch	32671	n/a	catch_padded.jpg	photodiode	0
2869.769	0.0	2869769	response	7	n/a	n/a	trigger	0
2871.267	0.5	2871267	untrained	32684	83	memtrain/so_105_1.jpg	photodiode	1
2872.217	0.5	2872217	untrained	32719	48	memtrain/o_019_2.jpg	photodiode	1
2873.118	0.5	2873118	untrained	32701	66	memtrain/o_342_2.jpg	photodiode	1
2873.869	0.5	2873869	untrained	32695	72	memtrain/o_490_1.jpg	photodiode	1
2874.82	0.5	2874820	catch	32671	n/a	catch_padded.jpg	photodiode	0
2875.221	0.0	2875221	response	7	n/a	n/a	trigger	0
2876.771	0.5	2876771	untrained	32674	93	memtrain/so_035_1.jpg	photodiode	1
2877.622	0.5	2877622	trained	32766	1	memtrain/o_015_1.jpg	photodiode	1
2878.373	0.5	2878373	trained	32761	6	memtrain/o_076_1.jpg	photodiode	1
2879.273	0.5	2879273	catch	32671	n/a	catch_padded.jpg	photodiode	0
2879.65	0.0	2879650	response	7	n/a	n/a	trigger	0
2881.225	0.5	2881225	trained	32752	15	memtrain/o_195_1.jpg	photodiode	1
2882.076	0.5	2882076	trained	32753	14	memtrain/o_174_1.jpg	photodiode	1
2882.926	0.5	2882926	trained	32754	13	memtrain/o_136_1.jpg	photodiode	1
2883.677	0.5	2883677	catch	32671	n/a	catch_padded.jpg	photodiode	0
2884.05	0.0	2884050	response	7	n/a	n/a	trigger	0
2885.729	0.5	2885729	trained	32727	40	memtrain/o_648_2.jpg	photodiode	1
2886.58	0.5	2886580	trained	32736	31	memtrain/o_465_2.jpg	photodiode	1
2887.38	0.5	2887380	untrained	32697	70	memtrain/o_471_2.jpg	photodiode	1
2888.181	0.5	2888181	catch	32671	n/a	catch_padded.jpg	photodiode	0
2888.544	0.0	2888544	response	7	n/a	n/a	trigger	0
2890.283	0.5	2890283	untrained	32683	84	memtrain/so_117_2.jpg	photodiode	1
2891.133	0.5	2891133	trained	32731	36	memtrain/o_583_1.jpg	photodiode	1
2892.084	0.5	2892084	trained	32751	16	memtrain/o_199_2.jpg	photodiode	1
2892.885	0.5	2892885	trained	32735	32	memtrain/o_485_2.jpg	photodiode	1
2893.686	0.5	2893686	catch	32671	n/a	catch_padded.jpg	photodiode	0
2894.059	0.0	2894059	response	7	n/a	n/a	trigger	0
2895.579	0.5	2895579	trained	32723	44	memtrain/so_045_1.jpg	photodiode	1
2896.379	0.5	2896379	untrained	32672	95	memtrain/so_125_1.jpg	photodiode	1
2897.28	0.5	2897280	trained	32750	17	memtrain/o_232_1.jpg	photodiode	1
2898.031	0.5	2898031	trained	32747	20	memtrain/o_290_1.jpg	photodiode	1
2898.781	0.5	2898781	trained	32730	37	memtrain/o_597_1.jpg	photodiode	1
2899.582	0.5	2899582	catch	32671	n/a	catch_padded.jpg	photodiode	0
2900.076	0.0	2900076	response	7	n/a	n/a	trigger	0
2901.584	0.5	2901584	trained	32763	4	memtrain/o_042_1.jpg	photodiode	1
2902.535	0.5	2902535	untrained	32708	59	memtrain/o_201_2.jpg	photodiode	1
2903.485	0.5	2903485	trained	32728	39	memtrain/o_606_1.jpg	photodiode	1
2904.236	0.5	2904236	catch	32671	n/a	catch_padded.jpg	photodiode	0
2904.649	0.0	2904649	response	7	n/a	n/a	trigger	0
2906.238	0.5	2906238	untrained	32676	91	memtrain/o_605_1.jpg	photodiode	1
2907.038	0.5	2907038	trained	32726	41	memtrain/o_663_2.jpg	photodiode	1
2907.889	0.5	2907889	untrained	32673	94	memtrain/so_067_1.jpg	photodiode	1
2908.84	0.5	2908840	untrained	32680	87	memtrain/o_365_1.jpg	photodiode	1
2909.741	0.5	2909741	trained	32737	30	memtrain/o_437_2.jpg	photodiode	1
2910.491	0.5	2910491	catch	32671	n/a	catch_padded.jpg	photodiode	0
2910.947	0.0	2910947	response	7	n/a	n/a	trigger	0
2912.393	0.5	2912393	trained	32756	11	memtrain/o_117_2.jpg	photodiode	1
2913.344	0.5	2913344	untrained	32706	61	memtrain/o_298_2.jpg	photodiode	1
2914.295	0.5	2914295	untrained	32692	75	memtrain/o_564_1.jpg	photodiode	1
2915.145	0.5	2915145	catch	32671	n/a	catch_padded.jpg	photodiode	0
2915.575	0.0	2915575	response	7	n/a	n/a	trigger	0
2917.097	0.5	2917097	untrained	32682	85	memtrain/o_218_1.jpg	photodiode	1
2917.848	0.5	2917848	untrained	32688	79	memtrain/o_600_1.jpg	photodiode	1
2918.748	0.5	2918748	untrained	32694	73	memtrain/o_519_2.jpg	photodiode	1
2919.499	0.5	2919499	trained	32738	29	memtrain/o_416_1.jpg	photodiode	1
2920.35	0.5	2920350	untrained	32715	52	memtrain/o_141_1.jpg	photodiode	1
2921.15	0.5	2921150	catch	32671	n/a	catch_padded.jpg	photodiode	0
2921.524	0.0	2921524	response	7	n/a	n/a	trigger	0
2923.202	0.5	2923202	trained	32764	3	memtrain/o_040_2.jpg	photodiode	1
2923.953	0.5	2923953	trained	32720	47	memtrain/so_147_2.jpg	photodiode	1
2924.753	0.5	2924753	untrained	32696	71	memtrain/o_483_1.jpg	photodiode	1
2925.504	0.5	2925504	untrained	32681	86	memtrain/o_288_1.jpg	photodiode	1
2926.305	0.5	2926305	trained	32749	18	memtrain/o_264_2.jpg	photodiode	1
2927.256	0.5	2927256	catch	32671	n/a	catch_padded.jpg	photodiode	0
2927.729	0.0	2927729	response	7	n/a	n/a	trigger	0
2929.149	0.5	2929149	untrained	32713	54	memtrain/o_145_1.jpg	photodiode	1
2929.9	0.5	2929900	trained	32767	0	memtrain/o_006_1.jpg	photodiode	1
2930.65	0.5	2930650	trained	32739	28	memtrain/o_397_1.jpg	photodiode	1
2931.451	0.5	2931451	catch	32671	n/a	catch_padded.jpg	photodiode	0
2931.909	0.0	2931909	response	7	n/a	n/a	trigger	0
2933.352	0.5	2933352	trained	32734	33	memtrain/o_536_1.jpg	photodiode	1
2934.203	0.5	2934203	untrained	32717	50	memtrain/o_057_2.jpg	photodiode	1
2935.004	0.5	2935004	untrained	32678	89	memtrain/o_469_1.jpg	photodiode	1
2935.855	0.5	2935855	untrained	32693	74	memtrain/o_550_1.jpg	photodiode	1
2936.755	0.5	2936755	trained	32755	12	memtrain/o_127_2.jpg	photodiode	1
2937.706	0.5	2937706	catch	32671	n/a	catch_padded.jpg	photodiode	0
2938.069	0.0	2938069	response	7	n/a	n/a	trigger	0
2939.808	0.5	2939808	trained	32724	43	memtrain/so_043_2.jpg	photodiode	1
2940.559	0.5	2940559	trained	32760	7	memtrain/o_091_2.jpg	photodiode	1
2941.359	0.5	2941359	untrained	32710	57	memtrain/o_171_1.jpg	photodiode	1
2942.16	0.5	2942160	untrained	32689	78	memtrain/o_599_1.jpg	photodiode	1
2943.111	0.5	2943111	untrained	32704	63	memtrain/o_310_2.jpg	photodiode	1
2943.961	0.5	2943961	catch	32671	n/a	catch_padded.jpg	photodiode	0
2944.351	0.0	2944351	response	7	n/a	n/a	trigger	0
2945.963	0.5	2945963	untrained	32709	58	memtrain/o_192_1.jpg	photodiode	1
2946.864	0.5	2946864	untrained	32718	49	memtrain/o_054_2.jpg	photodiode	1
2947.665	0.5	2947665	untrained	32690	77	memtrain/o_574_2.jpg	photodiode	1
2948.615	0.5	2948615	trained	32740	27	memtrain/o_379_2.jpg	photodiode	1
2949.516	0.5	2949516	trained	32765	2	memtrain/o_035_1.jpg	photodiode	1
2950.417	0.5	2950417	catch	32671	n/a	catch_padded.jpg	photodiode	0
2950.766	0.0	2950766	response	7	n/a	n/a	trigger	0
2952.469	0.5	2952469	trained	32729	38	memtrain/o_603_1.jpg	photodiode	1
2953.219	0.5	2953219	trained	32759	8	memtrain/o_094_1.jpg	photodiode	1
2954.17	0.5	2954170	trained	32745	22	memtrain/o_321_1.jpg	photodiode	1
2955.121	0.5	2955121	trained	32741	26	memtrain/o_376_1.jpg	photodiode	1
2955.972	0.5	2955972	trained	32742	25	memtrain/o_358_2.jpg	photodiode	1
2956.922	0.5	2956922	catch	32671	n/a	catch_padded.jpg	photodiode	0
2957.301	0.0	2957301	response	7	n/a	n/a	trigger	0
2959.016	0.5	2959016	trained	32746	21	memtrain/o_319_1.jpg	photodiode	1
2959.817	0.5	2959817	trained	32732	35	memtrain/o_561_2.jpg	photodiode	1
2960.667	0.5	2960667	trained	32757	10	memtrain/o_111_2.jpg	photodiode	1
2961.618	0.5	2961618	catch	32671	n/a	catch_padded.jpg	photodiode	0
2962.032	0.0	2962032	response	7	n/a	n/a	trigger	0
2963.72	0.5	2963720	untrained	32709	58	memtrain/o_192_1.jpg	photodiode	1
2964.521	0.5	2964521	trained	32758	9	memtrain/o_101_2.jpg	photodiode	1
2965.321	0.5	2965321	untrained	32699	68	memtrain/o_393_1.jpg	photodiode	1
2966.122	0.5	2966122	trained	32762	5	memtrain/o_067_1.jpg	photodiode	1
2966.923	0.5	2966923	untrained	32674	93	memtrain/so_035_1.jpg	photodiode	1
2967.873	0.5	2967873	catch	32671	n/a	catch_padded.jpg	photodiode	0
2968.253	0.0	2968253	response	7	n/a	n/a	trigger	0
2969.925	0.5	2969925	trained	32741	26	memtrain/o_376_1.jpg	photodiode	1
2970.676	0.5	2970676	trained	32759	8	memtrain/o_094_1.jpg	photodiode	1
2971.576	0.5	2971576	trained	32760	7	memtrain/o_091_2.jpg	photodiode	1
2972.327	0.5	2972327	catch	32671	n/a	catch_padded.jpg	photodiode	0
2972.715	0.0	2972715	response	7	n/a	n/a	trigger	0
2974.229	0.5	2974229	trained	32720	47	memtrain/so_147_2.jpg	photodiode	1
2975.079	0.5	2975079	trained	32756	11	memtrain/o_117_2.jpg	photodiode	1
2976.03	0.5	2976030	trained	32723	44	memtrain/so_045_1.jpg	photodiode	1
2976.931	0.5	2976931	untrained	32679	88	memtrain/o_458_1.jpg	photodiode	1
2977.832	0.5	2977832	trained	32733	34	memtrain/o_558_2.jpg	photodiode	1
2978.783	0.5	2978783	catch	32671	n/a	catch_padded.jpg	photodiode	0
2979.212	0.0	2979212	response	7	n/a	n/a	trigger	0
2980.734	0.5	2980734	trained	32746	21	memtrain/o_319_1.jpg	photodiode	1
2981.535	0.5	2981535	trained	32736	31	memtrain/o_465_2.jpg	photodiode	1
2982.286	0.5	2982286	trained	32751	16	memtrain/o_199_2.jpg	photodiode	1
2983.036	0.5	2983036	untrained	32719	48	memtrain/o_019_2.jpg	photodiode	1
2983.887	0.5	2983887	untrained	32681	86	memtrain/o_288_1.jpg	photodiode	1
2984.738	0.5	2984738	catch	32671	n/a	catch_padded.jpg	photodiode	0
2985.126	0.0	2985126	response	7	n/a	n/a	trigger	0
2986.831	0.5	2986831	untrained	32683	84	memtrain/so_117_2.jpg	photodiode	1
2987.782	0.5	2987782	trained	32755	12	memtrain/o_127_2.jpg	photodiode	1
2988.583	0.5	2988583	untrained	32697	70	memtrain/o_471_2.jpg	photodiode	1
2989.433	0.5	2989433	untrained	32673	94	memtrain/so_067_1.jpg	photodiode	1
2990.334	0.5	2990334	catch	32671	n/a	catch_padded.jpg	photodiode	0
2991.509	0.0	2991509	response	7	n/a	n/a	trigger	0
2992.386	0.5	2992386	untrained	32693	74	memtrain/o_550_1.jpg	photodiode	1
2993.137	0.5	2993137	trained	32748	19	memtrain/o_284_2.jpg	photodiode	1
2994.087	0.5	2994087	trained	32740	27	memtrain/o_379_2.jpg	photodiode	1
2994.838	0.5	2994838	catch	32671	n/a	catch_padded.jpg	photodiode	0
2995.288	0.0	2995288	response	7	n/a	n/a	trigger	0
2996.84	0.5	2996840	untrained	32705	62	memtrain/o_304_1.jpg	photodiode	1
2997.74	0.5	2997740	untrained	32680	87	memtrain/o_365_1.jpg	photodiode	1
2998.491	0.5	2998491	untrained	32718	49	memtrain/o_054_2.jpg	photodiode	1
2999.392	0.5	2999392	untrained	32690	77	memtrain/o_574_2.jpg	photodiode	1
3000.343	0.5	3000343	catch	32671	n/a	catch_padded.jpg	photodiode	0
3000.802	0.0	3000802	response	7	n/a	n/a	trigger	0
3002.344	0.5	3002344	trained	32732	35	memtrain/o_561_2.jpg	photodiode	1
3003.295	0.5	3003295	untrained	32684	83	memtrain/so_105_1.jpg	photodiode	1
3004.096	0.5	3004096	untrained	32715	52	memtrain/o_141_1.jpg	photodiode	1
3004.997	0.5	3004997	trained	32734	33	memtrain/o_536_1.jpg	photodiode	1
3005.897	0.5	3005897	catch	32671	n/a	catch_padded.jpg	photodiode	0
3006.294	0.0	3006294	response	7	n/a	n/a	trigger	0
3007.899	0.5	3007899	untrained	32700	67	memtrain/o_378_1.jpg	photodiode	1
3008.8	0.5	3008800	trained	32754	13	memtrain/o_136_1.jpg	photodiode	1
3009.55	0.5	3009550	trained	32750	17	memtrain/o_232_1.jpg	photodiode	1
3010.451	0.5	3010451	untrained	32675	92	memtrain/so_033_1.jpg	photodiode	1
3011.402	0.5	3011402	catch	32671	n/a	catch_padded.jpg	photodiode	0
3011.808	0.0	3011808	response	7	n/a	n/a	trigger	0
3013.454	0.5	3013454	trained	32739	28	memtrain/o_397_1.jpg	photodiode	1
3014.254	0.5	3014254	untrained	32710	57	memtrain/o_171_1.jpg	photodiode	1
3015.155	0.5	3015155	untrained	32713	54	memtrain/o_145_1.jpg	photodiode	1
3015.906	0.5	3015906	untrained	32678	89	memtrain/o_469_1.jpg	photodiode	1
3016.848	0.5	3016848	trained	32765	2	memtrain/o_035_1.jpg	photodiode	1
3017.799	0.5	3017799	catch	32671	n/a	catch_padded.jpg	photodiode	0
3018.27	0.0	3018270	response	7	n/a	n/a	trigger	0
3019.801	0.5	3019801	untrained	32708	59	memtrain/o_201_2.jpg	photodiode	1
3020.601	0.5	3020601	untrained	32686	81	memtrain/o_655_2.jpg	photodiode	1
3021.502	0.5	3021502	untrained	32682	85	memtrain/o_218_1.jpg	photodiode	1
3022.253	0.5	3022253	trained	32725	42	memtrain/so_034_2.jpg	photodiode	1
3023.003	0.5	3023003	catch	32671	n/a	catch_padded.jpg	photodiode	0
3023.42	0.0	3023420	response	7	n/a	n/a	trigger	0
3024.905	0.5	3024905	untrained	32711	56	memtrain/o_163_2.jpg	photodiode	1
3025.756	0.5	3025756	untrained	32698	69	memtrain/o_464_2.jpg	photodiode	1
3026.657	0.5	3026657	untrained	32691	76	memtrain/o_570_1.jpg	photodiode	1
3027.457	0.5	3027457	trained	32761	6	memtrain/o_076_1.jpg	photodiode	1
3028.358	0.5	3028358	catch	32671	n/a	catch_padded.jpg	photodiode	0
3028.737	0.0	3028737	response	7	n/a	n/a	trigger	0
3030.36	0.5	3030360	trained	32745	22	memtrain/o_321_1.jpg	photodiode	1
3031.11	0.5	3031110	untrained	32688	79	memtrain/o_600_1.jpg	photodiode	1
3031.961	0.5	3031961	trained	32729	38	memtrain/o_603_1.jpg	photodiode	1
3032.712	0.5	3032712	catch	32671	n/a	catch_padded.jpg	photodiode	0
3033.112	0.0	3033112	response	7	n/a	n/a	trigger	0
3034.613	0.5	3034613	untrained	32717	50	memtrain/o_057_2.jpg	photodiode	1
3035.464	0.5	3035464	trained	32735	32	memtrain/o_485_2.jpg	photodiode	1
3036.265	0.5	3036265	trained	32727	40	memtrain/o_648_2.jpg	photodiode	1
3037.065	0.5	3037065	untrained	32716	51	memtrain/o_103_2.jpg	photodiode	1
3037.866	0.5	3037866	trained	32721	46	memtrain/so_113_1.jpg	photodiode	1
3038.717	0.5	3038717	catch	32671	n/a	catch_padded.jpg	photodiode	0
3039.164	0.0	3039164	response	7	n/a	n/a	trigger	0
3040.668	0.5	3040668	untrained	32706	61	memtrain/o_298_2.jpg	photodiode	1
3041.419	0.5	3041419	trained	32753	14	memtrain/o_174_1.jpg	photodiode	1
3042.17	0.5	3042170	untrained	32707	60	memtrain/o_228_2.jpg	photodiode	1
3043.12	0.5	3043120	catch	32671	n/a	catch_padded.jpg	photodiode	0
3043.631	0.0	3043631	response	7	n/a	n/a	trigger	0
3045.214	0.5	3045214	trained	32726	41	memtrain/o_663_2.jpg	photodiode	1
3046.065	0.5	3046065	trained	32752	15	memtrain/o_195_1.jpg	photodiode	1
3046.915	0.5	3046915	untrained	32676	91	memtrain/o_605_1.jpg	photodiode	1
3047.766	0.5	3047766	untrained	32704	63	memtrain/o_310_2.jpg	photodiode	1
3048.617	0.5	3048617	trained	32722	45	memtrain/so_090_2.jpg	photodiode	1
3049.568	0.5	3049568	catch	32671	n/a	catch_padded.jpg	photodiode	0
3049.956	0.0	3049956	response	7	n/a	n/a	trigger	0
3051.519	0.5	3051519	trained	32731	36	memtrain/o_583_1.jpg	photodiode	1
3052.42	0.5	3052420	untrained	32694	73	memtrain/o_519_2.jpg	photodiode	1
3053.171	0.5	3053171	untrained	32677	90	memtrain/o_580_1.jpg	photodiode	1
3053.971	0.5	3053971	catch	32671	n/a	catch_padded.jpg	photodiode	0
3054.404	0.0	3054404	response	7	n/a	n/a	trigger	0
3056.023	0.5	3056023	untrained	32672	95	memtrain/so_125_1.jpg	photodiode	1
3056.974	0.5	3056974	untrained	32695	72	memtrain/o_490_1.jpg	photodiode	1
3057.725	0.5	3057725	untrained	32696	71	memtrain/o_483_1.jpg	photodiode	1
3058.575	0.5	3058575	catch	32671	n/a	catch_padded.jpg	photodiode	0
3058.965	0.0	3058965	response	7	n/a	n/a	trigger	0
3060.577	0.5	3060577	untrained	32692	75	memtrain/o_564_1.jpg	photodiode	1
3061.478	0.5	3061478	untrained	32701	66	memtrain/o_342_2.jpg	photodiode	1
3062.379	0.5	3062379	untrained	32687	80	memtrain/o_613_1.jpg	photodiode	1
3063.279	0.5	3063279	trained	32749	18	memtrain/o_264_2.jpg	photodiode	1
3064.18	0.5	3064180	catch	32671	n/a	catch_padded.jpg	photodiode	0
3064.589	0.0	3064589	response	7	n/a	n/a	trigger	0
3066.182	0.5	3066182	trained	32766	1	memtrain/o_015_1.jpg	photodiode	1
3066.932	0.5	3066932	trained	32743	24	memtrain/o_357_1.jpg	photodiode	1
3067.883	0.5	3067883	trained	32747	20	memtrain/o_290_1.jpg	photodiode	1
3068.734	0.5	3068734	trained	32757	10	memtrain/o_111_2.jpg	photodiode	1
3069.535	0.5	3069535	trained	32730	37	memtrain/o_597_1.jpg	photodiode	1
3070.435	0.5	3070435	catch	32671	n/a	catch_padded.jpg	photodiode	0
3070.853	0.0	3070853	response	7	n/a	n/a	trigger	0
3072.387	0.5	3072387	untrained	32703	64	memtrain/o_334_2.jpg	photodiode	1
3073.338	0.5	3073338	untrained	32702	65	memtrain/o_337_2.jpg	photodiode	1
3074.23	0.5	3074230	trained	32744	23	memtrain/o_338_2.jpg	photodiode	1
3075.081	0.5	3075081	trained	32724	43	memtrain/so_043_2.jpg	photodiode	1
3076.04	0.5	3076040	catch	32671	n/a	catch_padded.jpg	photodiode	0
3076.479	0.0	3076479	response	7	n/a	n/a	trigger	0
3077.992	0.5	3077992	untrained	32689	78	memtrain/o_599_1.jpg	photodiode	1
3078.834	0.5	3078834	untrained	32712	55	memtrain/o_153_2.jpg	photodiode	1
3079.735	0.5	3079735	trained	32763	4	memtrain/o_042_1.jpg	photodiode	1
3080.694	0.5	3080694	trained	32738	29	memtrain/o_416_1.jpg	photodiode	1
3081.636	0.5	3081636	catch	32671	n/a	catch_padded.jpg	photodiode	0
3082.245	0.0	3082245	response	7	n/a	n/a	trigger	0
3083.638	0.5	3083638	trained	32737	30	memtrain/o_437_2.jpg	photodiode	1
3084.489	0.5	3084489	trained	32764	3	memtrain/o_040_2.jpg	photodiode	1
3085.24	0.5	3085240	trained	32742	25	memtrain/o_358_2.jpg	photodiode	1
3086.14	0.5	3086140	catch	32671	n/a	catch_padded.jpg	photodiode	0
3086.552	0.0	3086552	response	7	n/a	n/a	trigger	0
3088.092	0.5	3088092	trained	32728	39	memtrain/o_606_1.jpg	photodiode	1
3088.843	0.5	3088843	untrained	32714	53	memtrain/o_142_2.jpg	photodiode	1
3089.643	0.5	3089643	untrained	32685	82	memtrain/o_656_1.jpg	photodiode	1
3090.544	0.5	3090544	trained	32767	0	memtrain/o_006_1.jpg	photodiode	1
3091.345	0.5	3091345	catch	32671	n/a	catch_padded.jpg	photodiode	0
3091.695	0.0	3091695	response	7	n/a	n/a	trigger	0
3093.819	0.0	3093819	block_end	120	n/a	n/a	trigger	0
3112.204	0.0	3112204	response	7	n/a	n/a	trigger	0
3112.209	0.0	3112209	block_onset	112	n/a	n/a	trigger	0
3114.256	0.5	3114256	trained	32721	46	memtrain/so_113_1.jpg	photodiode	1
3115.115	0.5	3115115	untrained	32694	73	memtrain/o_519_2.jpg	photodiode	1
3115.966	0.5	3115966	trained	32736	31	memtrain/o_465_2.jpg	photodiode	1
3116.916	0.5	3116916	trained	32735	32	memtrain/o_485_2.jpg	photodiode	1
3117.659	0.5	3117659	trained	32767	0	memtrain/o_006_1.jpg	photodiode	1
3118.56	0.5	3118560	catch	32671	n/a	catch_padded.jpg	photodiode	0
3118.942	0.0	3118942	response	7	n/a	n/a	trigger	0
3120.611	0.5	3120611	untrained	32683	84	memtrain/so_117_2.jpg	photodiode	1
3121.562	0.5	3121562	trained	32761	6	memtrain/o_076_1.jpg	photodiode	1
3122.313	0.5	3122313	untrained	32710	57	memtrain/o_171_1.jpg	photodiode	1
3123.213	0.5	3123213	trained	32725	42	memtrain/so_034_2.jpg	photodiode	1
3124.014	0.5	3124014	catch	32671	n/a	catch_padded.jpg	photodiode	0
3124.409	0.0	3124409	response	7	n/a	n/a	trigger	0
3125.916	0.5	3125916	trained	32741	26	memtrain/o_376_1.jpg	photodiode	1
3126.666	0.5	3126666	untrained	32687	80	memtrain/o_613_1.jpg	photodiode	1
3127.567	0.5	3127567	trained	32766	1	memtrain/o_015_1.jpg	photodiode	1
3128.368	0.5	3128368	trained	32752	15	memtrain/o_195_1.jpg	photodiode	1
3129.269	0.5	3129269	catch	32671	n/a	catch_padded.jpg	photodiode	0
3129.668	0.0	3129668	response	7	n/a	n/a	trigger	0
3131.22	0.5	3131220	trained	32742	25	memtrain/o_358_2.jpg	photodiode	1
3132.021	0.5	3132021	untrained	32691	76	memtrain/o_570_1.jpg	photodiode	1
3132.822	0.5	3132822	untrained	32673	94	memtrain/so_067_1.jpg	photodiode	1
3133.672	0.5	3133672	trained	32734	33	memtrain/o_536_1.jpg	photodiode	1
3134.523	0.5	3134523	trained	32737	30	memtrain/o_437_2.jpg	photodiode	1
3135.374	0.5	3135374	catch	32671	n/a	catch_padded.jpg	photodiode	0
3135.696	0.0	3135696	response	7	n/a	n/a	trigger	0
3137.325	0.5	3137325	untrained	32686	81	memtrain/o_655_2.jpg	photodiode	1
3138.076	0.5	3138076	untrained	32690	77	memtrain/o_574_2.jpg	photodiode	1
3138.977	0.5	3138977	untrained	32700	67	memtrain/o_378_1.jpg	photodiode	1
3139.778	0.5	3139778	catch	32671	n/a	catch_padded.jpg	photodiode	0
3140.179	0.0	3140179	response	7	n/a	n/a	trigger	0
3141.879	0.5	3141879	untrained	32711	56	memtrain/o_163_2.jpg	photodiode	1
3142.78	0.5	3142780	trained	32726	41	memtrain/o_663_2.jpg	photodiode	1
3143.531	0.5	3143531	untrained	32685	82	memtrain/o_656_1.jpg	photodiode	1
3144.481	0.5	3144481	catch	32671	n/a	catch_padded.jpg	photodiode	0
3144.884	0.0	3144884	response	7	n/a	n/a	trigger	0
3146.575	0.5	3146575	trained	32759	8	memtrain/o_094_1.jpg	photodiode	1
3147.325	0.5	3147325	untrained	32695	72	memtrain/o_490_1.jpg	photodiode	1
3148.176	0.5	3148176	untrained	32705	62	memtrain/o_304_1.jpg	photodiode	1
3148.927	0.5	3148927	trained	32732	35	memtrain/o_561_2.jpg	photodiode	1
3149.728	0.5	3149728	trained	32733	34	memtrain/o_558_2.jpg	photodiode	1
3150.678	0.5	3150678	catch	32671	n/a	catch_padded.jpg	photodiode	0
3151.2	0.0	3151200	response	7	n/a	n/a	trigger	0
3152.73	0.5	3152730	untrained	32680	87	memtrain/o_365_1.jpg	photodiode	1
3153.481	0.5	3153481	trained	32740	27	memtrain/o_379_2.jpg	photodiode	1
3154.281	0.5	3154281	trained	32730	37	memtrain/o_597_1.jpg	photodiode	1
3155.082	0.5	3155082	untrained	32681	86	memtrain/o_288_1.jpg	photodiode	1
3155.833	0.5	3155833	catch	32671	n/a	catch_padded.jpg	photodiode	0
3156.276	0.0	3156276	response	7	n/a	n/a	trigger	0
3157.784	0.5	3157784	untrained	32698	69	memtrain/o_464_2.jpg	photodiode	1
3158.635	0.5	3158635	untrained	32679	88	memtrain/o_458_1.jpg	photodiode	1
3159.486	0.5	3159486	untrained	32719	48	memtrain/o_019_2.jpg	photodiode	1
3160.337	0.5	3160337	catch	32671	n/a	catch_padded.jpg	photodiode	0
3160.704	0.0	3160704	response	7	n/a	n/a	trigger	0
3162.388	0.5	3162388	untrained	32676	91	memtrain/o_605_1.jpg	photodiode	1
3163.239	0.5	3163239	trained	32753	14	memtrain/o_174_1.jpg	photodiode	1
3164.04	0.5	3164040	trained	32758	9	memtrain/o_101_2.jpg	photodiode	1
3164.79	0.5	3164790	trained	32764	3	memtrain/o_040_2.jpg	photodiode	1
3165.641	0.5	3165641	trained	32765	2	memtrain/o_035_1.jpg	photodiode	1
3166.592	0.5	3166592	catch	32671	n/a	catch_padded.jpg	photodiode	0
3167.099	0.0	3167099	response	7	n/a	n/a	trigger	0
3168.543	0.5	3168543	untrained	32704	63	memtrain/o_310_2.jpg	photodiode	1
3169.444	0.5	3169444	untrained	32703	64	memtrain/o_334_2.jpg	photodiode	1
3170.195	0.5	3170195	trained	32760	7	memtrain/o_091_2.jpg	photodiode	1
3170.996	0.5	3170996	trained	32750	17	memtrain/o_232_1.jpg	photodiode	1
3171.746	0.5	3171746	untrained	32674	93	memtrain/so_035_1.jpg	photodiode	1
3172.547	0.5	3172547	catch	32671	n/a	catch_padded.jpg	photodiode	0
3173.063	0.0	3173063	response	7	n/a	n/a	trigger	0
3174.549	0.5	3174549	trained	32745	22	memtrain/o_321_1.jpg	photodiode	1
3175.399	0.5	3175399	trained	32727	40	memtrain/o_648_2.jpg	photodiode	1
3176.142	0.5	3176142	trained	32746	21	memtrain/o_319_1.jpg	photodiode	1
3176.992	0.5	3176992	catch	32671	n/a	catch_padded.jpg	photodiode	0
3177.41	0.0	3177410	response	7	n/a	n/a	trigger	0
3178.894	0.5	3178894	untrained	32697	70	memtrain/o_471_2.jpg	photodiode	1
3179.645	0.5	3179645	untrained	32677	90	memtrain/o_580_1.jpg	photodiode	1
3180.545	0.5	3180545	untrained	32702	65	memtrain/o_337_2.jpg	photodiode	1
3181.446	0.5	3181446	untrained	32718	49	memtrain/o_054_2.jpg	photodiode	1
3182.197	0.5	3182197	catch	32671	n/a	catch_padded.jpg	photodiode	0
3182.689	0.0	3182689	response	7	n/a	n/a	trigger	0
3184.249	0.5	3184249	untrained	32692	75	memtrain/o_564_1.jpg	photodiode	1
3184.999	0.5	3184999	trained	32722	45	memtrain/so_090_2.jpg	photodiode	1
3185.75	0.5	3185750	trained	32728	39	memtrain/o_606_1.jpg	photodiode	1
3186.601	0.5	3186601	trained	32744	23	memtrain/o_338_2.jpg	photodiode	1
3187.551	0.5	3187551	catch	32671	n/a	catch_padded.jpg	photodiode	0
3188.035	0.0	3188035	response	7	n/a	n/a	trigger	0
3189.553	0.5	3189553	untrained	32675	92	memtrain/so_033_1.jpg	photodiode	1
3190.304	0.5	3190304	trained	32748	19	memtrain/o_284_2.jpg	photodiode	1
3191.054	0.5	3191054	untrained	32684	83	memtrain/so_105_1.jpg	photodiode	1
3191.855	0.5	3191855	untrained	32699	68	memtrain/o_393_1.jpg	photodiode	1
3192.706	0.5	3192706	trained	32720	47	memtrain/so_147_2.jpg	photodiode	1
3193.506	0.5	3193506	catch	32671	n/a	catch_padded.jpg	photodiode	0
3194.03	0.0	3194030	response	7	n/a	n/a	trigger	0
3195.558	0.5	3195558	trained	32751	16	memtrain/o_199_2.jpg	photodiode	1
3196.309	0.5	3196309	untrained	32682	85	memtrain/o_218_1.jpg	photodiode	1
3197.21	0.5	3197210	trained	32724	43	memtrain/so_043_2.jpg	photodiode	1
3198.06	0.5	3198060	untrained	32715	52	memtrain/o_141_1.jpg	photodiode	1
3198.811	0.5	3198811	catch	32671	n/a	catch_padded.jpg	photodiode	0
3199.303	0.0	3199303	response	7	n/a	n/a	trigger	0
3200.712	0.5	3200712	untrained	32696	71	memtrain/o_483_1.jpg	photodiode	1
3201.613	0.5	3201613	trained	32755	12	memtrain/o_127_2.jpg	photodiode	1
3202.564	0.5	3202564	untrained	32712	55	memtrain/o_153_2.jpg	photodiode	1
3203.515	0.5	3203515	untrained	32701	66	memtrain/o_342_2.jpg	photodiode	1
3204.316	0.5	3204316	untrained	32713	54	memtrain/o_145_1.jpg	photodiode	1
3205.058	0.5	3205058	catch	32671	n/a	catch_padded.jpg	photodiode	0
3205.466	0.0	3205466	response	7	n/a	n/a	trigger	0
3207.11	0.5	3207110	trained	32729	38	memtrain/o_603_1.jpg	photodiode	1
3207.91	0.5	3207910	trained	32756	11	memtrain/o_117_2.jpg	photodiode	1
3208.761	0.5	3208761	untrained	32689	78	memtrain/o_599_1.jpg	photodiode	1
3209.52	0.5	3209520	trained	32739	28	memtrain/o_397_1.jpg	photodiode	1
3210.362	0.5	3210362	catch	32671	n/a	catch_padded.jpg	photodiode	0
3210.847	0.0	3210847	response	7	n/a	n/a	trigger	0
3212.464	0.5	3212464	untrained	32709	58	memtrain/o_192_1.jpg	photodiode	1
3213.365	0.5	3213365	trained	32738	29	memtrain/o_416_1.jpg	photodiode	1
3214.115	0.5	3214115	untrained	32678	89	memtrain/o_469_1.jpg	photodiode	1
3214.866	0.5	3214866	catch	32671	n/a	catch_padded.jpg	photodiode	0
3215.338	0.0	3215338	response	7	n/a	n/a	trigger	0
3216.868	0.5	3216868	untrained	32706	61	memtrain/o_298_2.jpg	photodiode	1
3217.769	0.5	3217769	trained	32743	24	memtrain/o_357_1.jpg	photodiode	1
3218.619	0.5	3218619	untrained	32714	53	memtrain/o_142_2.jpg	photodiode	1
3219.57	0.5	3219570	catch	32671	n/a	catch_padded.jpg	photodiode	0
3220.179	0.0	3220179	response	7	n/a	n/a	trigger	0
3221.572	0.5	3221572	trained	32762	5	memtrain/o_067_1.jpg	photodiode	1
3222.473	0.5	3222473	untrained	32708	59	memtrain/o_201_2.jpg	photodiode	1
3223.423	0.5	3223423	trained	32723	44	memtrain/so_045_1.jpg	photodiode	1
3224.374	0.5	3224374	catch	32671	n/a	catch_padded.jpg	photodiode	0
3224.764	0.0	3224764	response	7	n/a	n/a	trigger	0
3226.326	0.5	3226326	untrained	32716	51	memtrain/o_103_2.jpg	photodiode	1
3227.277	0.5	3227277	trained	32757	10	memtrain/o_111_2.jpg	photodiode	1
3228.177	0.5	3228177	untrained	32672	95	memtrain/so_125_1.jpg	photodiode	1
3228.928	0.5	3228928	catch	32671	n/a	catch_padded.jpg	photodiode	0
3229.379	0.0	3229379	response	7	n/a	n/a	trigger	0
3231.03	0.5	3231030	trained	32731	36	memtrain/o_583_1.jpg	photodiode	1
3231.931	0.5	3231931	untrained	32688	79	memtrain/o_600_1.jpg	photodiode	1
3232.881	0.5	3232881	trained	32754	13	memtrain/o_136_1.jpg	photodiode	1
3233.732	0.5	3233732	untrained	32707	60	memtrain/o_228_2.jpg	photodiode	1
3234.675	0.5	3234675	catch	32671	n/a	catch_padded.jpg	photodiode	0
3235.079	0.0	3235079	response	7	n/a	n/a	trigger	0
3236.785	0.5	3236785	trained	32747	20	memtrain/o_290_1.jpg	photodiode	1
3237.727	0.5	3237727	trained	32749	18	memtrain/o_264_2.jpg	photodiode	1
3238.578	0.5	3238578	trained	32763	4	memtrain/o_042_1.jpg	photodiode	1
3239.529	0.5	3239529	catch	32671	n/a	catch_padded.jpg	photodiode	0
3239.928	0.0	3239928	response	7	n/a	n/a	trigger	0
3241.631	0.5	3241631	untrained	32693	74	memtrain/o_550_1.jpg	photodiode	1
3242.431	0.5	3242431	untrained	32717	50	memtrain/o_057_2.jpg	photodiode	1
3243.182	0.5	3243182	trained	32754	13	memtrain/o_136_1.jpg	photodiode	1
3243.932	0.5	3243932	catch	32671	n/a	catch_padded.jpg	photodiode	0
3244.329	0.0	3244329	response	7	n/a	n/a	trigger	0
3245.934	0.5	3245934	trained	32744	23	memtrain/o_338_2.jpg	photodiode	1
3246.835	0.5	3246835	trained	32729	38	memtrain/o_603_1.jpg	photodiode	1
3247.786	0.5	3247786	untrained	32713	54	memtrain/o_145_1.jpg	photodiode	1
3248.737	0.5	3248737	catch	32671	n/a	catch_padded.jpg	photodiode	0
3249.115	0.0	3249115	response	7	n/a	n/a	trigger	0
3250.688	0.5	3250688	untrained	32678	89	memtrain/o_469_1.jpg	photodiode	1
3251.539	0.5	3251539	trained	32732	35	memtrain/o_561_2.jpg	photodiode	1
3252.39	0.5	3252390	untrained	32680	87	memtrain/o_365_1.jpg	photodiode	1
3253.24	0.5	3253240	trained	32737	30	memtrain/o_437_2.jpg	photodiode	1
3254.191	0.5	3254191	untrained	32674	93	memtrain/so_035_1.jpg	photodiode	1
3254.992	0.5	3254992	catch	32671	n/a	catch_padded.jpg	photodiode	0
3255.453	0.0	3255453	response	7	n/a	n/a	trigger	0
3256.893	0.5	3256893	untrained	32714	53	memtrain/o_142_2.jpg	photodiode	1
3257.844	0.5	3257844	trained	32757	10	memtrain/o_111_2.jpg	photodiode	1
3258.745	0.5	3258745	untrained	32684	83	memtrain/so_105_1.jpg	photodiode	1
3259.546	0.5	3259546	trained	32743	24	memtrain/o_357_1.jpg	photodiode	1
3260.296	0.5	3260296	catch	32671	n/a	catch_padded.jpg	photodiode	0
3260.699	0.0	3260699	response	7	n/a	n/a	trigger	0
3262.198	0.5	3262198	trained	32734	33	memtrain/o_536_1.jpg	photodiode	1
3262.999	0.5	3262999	untrained	32718	49	memtrain/o_054_2.jpg	photodiode	1
3263.849	0.5	3263849	untrained	32703	64	memtrain/o_334_2.jpg	photodiode	1
3264.8	0.5	3264800	untrained	32676	91	memtrain/o_605_1.jpg	photodiode	1
3265.701	0.5	3265701	trained	32750	17	memtrain/o_232_1.jpg	photodiode	1
3266.543	0.5	3266543	catch	32671	n/a	catch_padded.jpg	photodiode	0
3266.946	0.0	3266946	response	7	n/a	n/a	trigger	0
3268.545	0.5	3268545	untrained	32689	78	memtrain/o_599_1.jpg	photodiode	1
3269.346	0.5	3269346	trained	32739	28	memtrain/o_397_1.jpg	photodiode	1
3270.096	0.5	3270096	trained	32725	42	memtrain/so_034_2.jpg	photodiode	1
3270.897	0.5	3270897	trained	32721	46	memtrain/so_113_1.jpg	photodiode	1
3271.848	0.5	3271848	catch	32671	n/a	catch_padded.jpg	photodiode	0
3272.309	0.0	3272309	response	7	n/a	n/a	trigger	0
3273.849	0.5	3273849	trained	32742	25	memtrain/o_358_2.jpg	photodiode	1
3274.75	0.5	3274750	untrained	32673	94	memtrain/so_067_1.jpg	photodiode	1
3275.651	0.5	3275651	trained	32730	37	memtrain/o_597_1.jpg	photodiode	1
3276.452	0.5	3276452	untrained	32682	85	memtrain/o_218_1.jpg	photodiode	1
3277.302	0.5	3277302	catch	32671	n/a	catch_padded.jpg	photodiode	0
3277.717	0.0	3277717	response	7	n/a	n/a	trigger	0
3279.304	0.5	3279304	untrained	32710	57	memtrain/o_171_1.jpg	photodiode	1
3280.105	0.5	3280105	trained	32759	8	memtrain/o_094_1.jpg	photodiode	1
3281.005	0.5	3281005	untrained	32700	67	memtrain/o_378_1.jpg	photodiode	1
3281.956	0.5	3281956	trained	32741	26	memtrain/o_376_1.jpg	photodiode	1
3282.857	0.5	3282857	trained	32748	19	memtrain/o_284_2.jpg	photodiode	1
3283.708	0.5	3283708	catch	32671	n/a	catch_padded.jpg	photodiode	0
3284.108	0.0	3284108	response	7	n/a	n/a	trigger	0
3285.709	0.5	3285709	trained	32751	16	memtrain/o_199_2.jpg	photodiode	1
3286.46	0.5	3286460	trained	32747	20	memtrain/o_290_1.jpg	photodiode	1
3287.311	0.5	3287311	untrained	32672	95	memtrain/so_125_1.jpg	photodiode	1
3288.262	0.5	3288262	untrained	32693	74	memtrain/o_550_1.jpg	photodiode	1
3289.112	0.5	3289112	catch	32671	n/a	catch_padded.jpg	photodiode	0
3289.449	0.0	3289449	response	7	n/a	n/a	trigger	0
3291.164	0.5	3291164	trained	32738	29	memtrain/o_416_1.jpg	photodiode	1
3291.915	0.5	3291915	untrained	32709	58	memtrain/o_192_1.jpg	photodiode	1
3292.816	0.5	3292816	untrained	32711	56	memtrain/o_163_2.jpg	photodiode	1
3293.716	0.5	3293716	catch	32671	n/a	catch_padded.jpg	photodiode	0
3294.213	0.0	3294213	response	7	n/a	n/a	trigger	0
3295.66	0.5	3295660	untrained	32698	69	memtrain/o_464_2.jpg	photodiode	1
3296.61	0.5	3296610	trained	32731	36	memtrain/o_583_1.jpg	photodiode	1
3297.561	0.5	3297561	untrained	32708	59	memtrain/o_201_2.jpg	photodiode	1
3298.512	0.5	3298512	trained	32752	15	memtrain/o_195_1.jpg	photodiode	1
3299.313	0.5	3299313	catch	32671	n/a	catch_padded.jpg	photodiode	0
3299.725	0.0	3299725	response	7	n/a	n/a	trigger	0
3301.364	0.5	3301364	untrained	32695	72	memtrain/o_490_1.jpg	photodiode	1
3302.265	0.5	3302265	untrained	32719	48	memtrain/o_019_2.jpg	photodiode	1
3303.216	0.5	3303216	trained	32720	47	memtrain/so_147_2.jpg	photodiode	1
3304.167	0.5	3304167	untrained	32696	71	memtrain/o_483_1.jpg	photodiode	1
3305.018	0.5	3305018	trained	32764	3	memtrain/o_040_2.jpg	photodiode	1
3305.968	0.5	3305968	catch	32671	n/a	catch_padded.jpg	photodiode	0
3306.376	0.0	3306376	response	7	n/a	n/a	trigger	0
3308.02	0.5	3308020	trained	32726	41	memtrain/o_663_2.jpg	photodiode	1
3308.821	0.5	3308821	trained	32745	22	memtrain/o_321_1.jpg	photodiode	1
3309.722	0.5	3309722	untrained	32699	68	memtrain/o_393_1.jpg	photodiode	1
3310.48	0.5	3310480	trained	32740	27	memtrain/o_379_2.jpg	photodiode	1
3311.223	0.5	3311223	trained	32736	31	memtrain/o_465_2.jpg	photodiode	1
3312.024	0.5	3312024	catch	32671	n/a	catch_padded.jpg	photodiode	0
3312.519	0.0	3312519	response	7	n/a	n/a	trigger	0
3313.925	0.5	3313925	untrained	32717	50	memtrain/o_057_2.jpg	photodiode	1
3314.876	0.5	3314876	trained	32746	21	memtrain/o_319_1.jpg	photodiode	1
3315.777	0.5	3315777	untrained	32702	65	memtrain/o_337_2.jpg	photodiode	1
3316.728	0.5	3316728	catch	32671	n/a	catch_padded.jpg	photodiode	0
3317.169	0.0	3317169	response	7	n/a	n/a	trigger	0
3318.679	0.5	3318679	trained	32735	32	memtrain/o_485_2.jpg	photodiode	1
3319.63	0.5	3319630	untrained	32690	77	memtrain/o_574_2.jpg	photodiode	1
3320.431	0.5	3320431	trained	32753	14	memtrain/o_174_1.jpg	photodiode	1
3321.231	0.5	3321231	catch	32671	n/a	catch_padded.jpg	photodiode	0
3321.675	0.0	3321675	response	7	n/a	n/a	trigger	0
3323.133	0.5	3323133	trained	32727	40	memtrain/o_648_2.jpg	photodiode	1
3323.934	0.5	3323934	trained	32722	45	memtrain/so_090_2.jpg	photodiode	1
3324.826	0.5	3324826	untrained	32697	70	memtrain/o_471_2.jpg	photodiode	1
3325.727	0.5	3325727	untrained	32683	84	memtrain/so_117_2.jpg	photodiode	1
3326.678	0.5	3326678	catch	32671	n/a	catch_padded.jpg	photodiode	0
3327.102	0.0	3327102	response	7	n/a	n/a	trigger	0
3328.629	0.5	3328629	trained	32758	9	memtrain/o_101_2.jpg	photodiode	1
3329.43	0.5	3329430	untrained	32706	61	memtrain/o_298_2.jpg	photodiode	1
3330.231	0.5	3330231	trained	32765	2	memtrain/o_035_1.jpg	photodiode	1
3331.031	0.5	3331031	trained	32724	43	memtrain/so_043_2.jpg	photodiode	1
3331.932	0.5	3331932	catch	32671	n/a	catch_padded.jpg	photodiode	0
3332.398	0.0	3332398	response	7	n/a	n/a	trigger	0
3333.884	0.5	3333884	trained	32767	0	memtrain/o_006_1.jpg	photodiode	1
3334.634	0.5	3334634	untrained	32685	82	memtrain/o_656_1.jpg	photodiode	1
3335.485	0.5	3335485	trained	32763	4	memtrain/o_042_1.jpg	photodiode	1
3336.336	0.5	3336336	trained	32749	18	memtrain/o_264_2.jpg	photodiode	1
3337.186	0.5	3337186	catch	32671	n/a	catch_padded.jpg	photodiode	0
3337.622	0.0	3337622	response	7	n/a	n/a	trigger	0
3339.238	0.5	3339238	untrained	32675	92	memtrain/so_033_1.jpg	photodiode	1
3339.989	0.5	3339989	trained	32723	44	memtrain/so_045_1.jpg	photodiode	1
3340.89	0.5	3340890	untrained	32677	90	memtrain/o_580_1.jpg	photodiode	1
3341.84	0.5	3341840	catch	32671	n/a	catch_padded.jpg	photodiode	0
3342.325	0.0	3342325	response	7	n/a	n/a	trigger	0
3343.842	0.5	3343842	untrained	32681	86	memtrain/o_288_1.jpg	photodiode	1
3344.743	0.5	3344743	untrained	32688	79	memtrain/o_600_1.jpg	photodiode	1
3345.544	0.5	3345544	untrained	32705	62	memtrain/o_304_1.jpg	photodiode	1
3346.344	0.5	3346344	trained	32733	34	memtrain/o_558_2.jpg	photodiode	1
3347.245	0.5	3347245	trained	32766	1	memtrain/o_015_1.jpg	photodiode	1
3347.996	0.5	3347996	catch	32671	n/a	catch_padded.jpg	photodiode	0
3348.513	0.0	3348513	response	7	n/a	n/a	trigger	0
3350.047	0.5	3350047	untrained	32694	73	memtrain/o_519_2.jpg	photodiode	1
3350.848	0.5	3350848	untrained	32712	55	memtrain/o_153_2.jpg	photodiode	1
3351.699	0.5	3351699	untrained	32679	88	memtrain/o_458_1.jpg	photodiode	1
3352.65	0.5	3352650	catch	32671	n/a	catch_padded.jpg	photodiode	0
3353.081	0.0	3353081	response	7	n/a	n/a	trigger	0
3354.643	0.5	3354643	untrained	32704	63	memtrain/o_310_2.jpg	photodiode	1
3355.594	0.5	3355594	trained	32761	6	memtrain/o_076_1.jpg	photodiode	1
3356.545	0.5	3356545	untrained	32692	75	memtrain/o_564_1.jpg	photodiode	1
3357.445	0.5	3357445	untrained	32687	80	memtrain/o_613_1.jpg	photodiode	1
3358.396	0.5	3358396	untrained	32691	76	memtrain/o_570_1.jpg	photodiode	1
3359.147	0.5	3359147	catch	32671	n/a	catch_padded.jpg	photodiode	0
3359.529	0.0	3359529	response	7	n/a	n/a	trigger	0
3361.149	0.5	3361149	untrained	32701	66	memtrain/o_342_2.jpg	photodiode	1
3362.099	0.5	3362099	trained	32762	5	memtrain/o_067_1.jpg	photodiode	1
3362.95	0.5	3362950	trained	32756	11	memtrain/o_117_2.jpg	photodiode	1
3363.851	0.5	3363851	trained	32760	7	memtrain/o_091_2.jpg	photodiode	1
3364.651	0.5	3364651	untrained	32716	51	memtrain/o_103_2.jpg	photodiode	1
3365.452	0.5	3365452	catch	32671	n/a	catch_padded.jpg	photodiode	0
3365.862	0.0	3365862	response	7	n/a	n/a	trigger	0
3367.404	0.5	3367404	trained	32728	39	memtrain/o_606_1.jpg	photodiode	1
3368.154	0.5	3368154	untrained	32686	81	memtrain/o_655_2.jpg	photodiode	1
3369.105	0.5	3369105	untrained	32715	52	memtrain/o_141_1.jpg	photodiode	1
3369.856	0.5	3369856	trained	32755	12	memtrain/o_127_2.jpg	photodiode	1
3370.807	0.5	3370807	untrained	32707	60	memtrain/o_228_2.jpg	photodiode	1
3371.707	0.5	3371707	catch	32671	n/a	catch_padded.jpg	photodiode	0
3372.157	0.0	3372157	response	7	n/a	n/a	trigger	0
3374.182	0.0	3374182	block_end	120	n/a	n/a	trigger	0
3397.902	0.0	3397902	response	7	n/a	n/a	trigger	0
3397.91	0.0	3397910	block_onset	113	n/a	n/a	trigger	0
3399.965	0.5	3399965	trained	32755	12	memtrain/o_127_2.jpg	photodiode	1
3400.916	0.5	3400916	untrained	32697	70	memtrain/o_471_2.jpg	photodiode	1
3401.666	0.5	3401666	trained	32764	3	memtrain/o_040_2.jpg	photodiode	1
3402.617	0.5	3402617	untrained	32717	50	memtrain/o_057_2.jpg	photodiode	1
3403.568	0.5	3403568	catch	32671	n/a	catch_padded.jpg	photodiode	0
3403.996	0.0	3403996	response	7	n/a	n/a	trigger	0
3405.469	0.5	3405469	trained	32754	13	memtrain/o_136_1.jpg	photodiode	1
3406.362	0.5	3406362	untrained	32710	57	memtrain/o_171_1.jpg	photodiode	1
3407.313	0.5	3407313	untrained	32699	68	memtrain/o_393_1.jpg	photodiode	1
3408.263	0.5	3408263	untrained	32713	54	memtrain/o_145_1.jpg	photodiode	1
3409.014	0.5	3409014	catch	32671	n/a	catch_padded.jpg	photodiode	0
3409.424	0.0	3409424	response	7	n/a	n/a	trigger	0
3410.916	0.5	3410916	trained	32731	36	memtrain/o_583_1.jpg	photodiode	1
3411.816	0.5	3411816	untrained	32703	64	memtrain/o_334_2.jpg	photodiode	1
3412.717	0.5	3412717	trained	32730	37	memtrain/o_597_1.jpg	photodiode	1
3413.668	0.5	3413668	trained	32744	23	memtrain/o_338_2.jpg	photodiode	1
3414.519	0.5	3414519	catch	32671	n/a	catch_padded.jpg	photodiode	0
3414.938	0.0	3414938	response	7	n/a	n/a	trigger	0
3416.62	0.5	3416620	untrained	32672	95	memtrain/so_125_1.jpg	photodiode	1
3417.521	0.5	3417521	trained	32728	39	memtrain/o_606_1.jpg	photodiode	1
3418.422	0.5	3418422	untrained	32683	84	memtrain/so_117_2.jpg	photodiode	1
3419.173	0.5	3419173	catch	32671	n/a	catch_padded.jpg	photodiode	0
3419.546	0.0	3419546	response	7	n/a	n/a	trigger	0
3421.074	0.5	3421074	trained	32726	41	memtrain/o_663_2.jpg	photodiode	1
3421.975	0.5	3421975	untrained	32704	63	memtrain/o_310_2.jpg	photodiode	1
3422.826	0.5	3422826	untrained	32706	61	memtrain/o_298_2.jpg	photodiode	1
3423.777	0.5	3423777	trained	32745	22	memtrain/o_321_1.jpg	photodiode	1
3424.577	0.5	3424577	catch	32671	n/a	catch_padded.jpg	photodiode	0
3424.911	0.0	3424911	response	7	n/a	n/a	trigger	0
3426.529	0.5	3426529	trained	32733	34	memtrain/o_558_2.jpg	photodiode	1
3427.279	0.5	3427279	trained	32746	21	memtrain/o_319_1.jpg	photodiode	1
3428.08	0.5	3428080	trained	32757	10	memtrain/o_111_2.jpg	photodiode	1
3428.881	0.5	3428881	catch	32671	n/a	catch_padded.jpg	photodiode	0
3429.262	0.0	3429262	response	7	n/a	n/a	trigger	0
3430.883	0.5	3430883	untrained	32684	83	memtrain/so_105_1.jpg	photodiode	1
3431.783	0.5	3431783	untrained	32689	78	memtrain/o_599_1.jpg	photodiode	1
3432.734	0.5	3432734	untrained	32708	59	memtrain/o_201_2.jpg	photodiode	1
3433.635	0.5	3433635	untrained	32682	85	memtrain/o_218_1.jpg	photodiode	1
3434.577	0.5	3434577	catch	32671	n/a	catch_padded.jpg	photodiode	0
3434.946	0.0	3434946	response	7	n/a	n/a	trigger	0
3436.579	0.5	3436579	untrained	32716	51	memtrain/o_103_2.jpg	photodiode	1
3437.43	0.5	3437430	trained	32729	38	memtrain/o_603_1.jpg	photodiode	1
3438.231	0.5	3438231	trained	32762	5	memtrain/o_067_1.jpg	photodiode	1
3439.181	0.5	3439181	catch	32671	n/a	catch_padded.jpg	photodiode	0
3439.552	0.0	3439552	response	7	n/a	n/a	trigger	0
3441.233	0.5	3441233	trained	32756	11	memtrain/o_117_2.jpg	photodiode	1
3442.184	0.5	3442184	trained	32753	14	memtrain/o_174_1.jpg	photodiode	1
3443.135	0.5	3443135	trained	32752	15	memtrain/o_195_1.jpg	photodiode	1
3444.035	0.5	3444035	untrained	32673	94	memtrain/so_067_1.jpg	photodiode	1
3444.786	0.5	3444786	catch	32671	n/a	catch_padded.jpg	photodiode	0
3445.159	0.0	3445159	response	7	n/a	n/a	trigger	0
3446.738	0.5	3446738	trained	32760	7	memtrain/o_091_2.jpg	photodiode	1
3447.588	0.5	3447588	untrained	32705	62	memtrain/o_304_1.jpg	photodiode	1
3448.339	0.5	3448339	trained	32734	33	memtrain/o_536_1.jpg	photodiode	1
3449.19	0.5	3449190	untrained	32693	74	memtrain/o_550_1.jpg	photodiode	1
3449.991	0.5	3449991	trained	32751	16	memtrain/o_199_2.jpg	photodiode	1
3450.891	0.5	3450891	catch	32671	n/a	catch_padded.jpg	photodiode	0
3451.292	0.0	3451292	response	7	n/a	n/a	trigger	0
3452.793	0.5	3452793	trained	32739	28	memtrain/o_397_1.jpg	photodiode	1
3453.544	0.5	3453544	untrained	32674	93	memtrain/so_035_1.jpg	photodiode	1
3454.394	0.5	3454394	untrained	32695	72	memtrain/o_490_1.jpg	photodiode	1
3455.145	0.5	3455145	trained	32765	2	memtrain/o_035_1.jpg	photodiode	1
3456.096	0.5	3456096	untrained	32688	79	memtrain/o_600_1.jpg	photodiode	1
3456.846	0.5	3456846	catch	32671	n/a	catch_padded.jpg	photodiode	0
3457.282	0.0	3457282	response	7	n/a	n/a	trigger	0
3458.848	0.5	3458848	trained	32761	6	memtrain/o_076_1.jpg	photodiode	1
3459.699	0.5	3459699	untrained	32714	53	memtrain/o_142_2.jpg	photodiode	1
3460.449	0.5	3460449	untrained	32718	49	memtrain/o_054_2.jpg	photodiode	1
3461.25	0.5	3461250	catch	32671	n/a	catch_padded.jpg	photodiode	0
3461.72	0.0	3461720	response	7	n/a	n/a	trigger	0
3463.243	0.5	3463243	trained	32736	31	memtrain/o_465_2.jpg	photodiode	1
3464.044	0.5	3464044	untrained	32694	73	memtrain/o_519_2.jpg	photodiode	1
3464.895	0.5	3464895	untrained	32712	55	memtrain/o_153_2.jpg	photodiode	1
3465.695	0.5	3465695	catch	32671	n/a	catch_padded.jpg	photodiode	0
3466.116	0.0	3466116	response	7	n/a	n/a	trigger	0
3467.647	0.5	3467647	trained	32735	32	memtrain/o_485_2.jpg	photodiode	1
3468.448	0.5	3468448	untrained	32700	67	memtrain/o_378_1.jpg	photodiode	1
3469.298	0.5	3469298	trained	32737	30	memtrain/o_437_2.jpg	photodiode	1
3470.199	0.5	3470199	untrained	32687	80	memtrain/o_613_1.jpg	photodiode	1
3470.95	0.5	3470950	catch	32671	n/a	catch_padded.jpg	photodiode	0
3471.337	0.0	3471337	response	7	n/a	n/a	trigger	0
3473.002	0.5	3473002	trained	32758	9	memtrain/o_101_2.jpg	photodiode	1
3473.952	0.5	3473952	trained	32738	29	memtrain/o_416_1.jpg	photodiode	1
3474.853	0.5	3474853	untrained	32696	71	memtrain/o_483_1.jpg	photodiode	1
3475.704	0.5	3475704	untrained	32675	92	memtrain/so_033_1.jpg	photodiode	1
3476.455	0.5	3476455	untrained	32690	77	memtrain/o_574_2.jpg	photodiode	1
3477.305	0.5	3477305	catch	32671	n/a	catch_padded.jpg	photodiode	0
3477.704	0.0	3477704	response	7	n/a	n/a	trigger	0
3479.407	0.5	3479407	trained	32763	4	memtrain/o_042_1.jpg	photodiode	1
3480.208	0.5	3480208	untrained	32676	91	memtrain/o_605_1.jpg	photodiode	1
3481.058	0.5	3481058	trained	32759	8	memtrain/o_094_1.jpg	photodiode	1
3481.859	0.5	3481859	untrained	32680	87	memtrain/o_365_1.jpg	photodiode	1
3482.76	0.5	3482760	catch	32671	n/a	catch_padded.jpg	photodiode	0
3483.141	0.0	3483141	response	7	n/a	n/a	trigger	0
3484.661	0.5	3484661	trained	32750	17	memtrain/o_232_1.jpg	photodiode	1
3485.512	0.5	3485512	untrained	32677	90	memtrain/o_580_1.jpg	photodiode	1
3486.313	0.5	3486313	trained	32720	47	memtrain/so_147_2.jpg	photodiode	1
3487.264	0.5	3487264	catch	32671	n/a	catch_padded.jpg	photodiode	0
3487.695	0.0	3487695	response	7	n/a	n/a	trigger	0
3489.315	0.5	3489315	untrained	32719	48	memtrain/o_019_2.jpg	photodiode	1
3490.216	0.5	3490216	trained	32747	20	memtrain/o_290_1.jpg	photodiode	1
3490.967	0.5	3490967	trained	32742	25	memtrain/o_358_2.jpg	photodiode	1
3491.809	0.5	3491809	catch	32671	n/a	catch_padded.jpg	photodiode	0
3492.225	0.0	3492225	response	7	n/a	n/a	trigger	0
3493.811	0.5	3493811	untrained	32692	75	memtrain/o_564_1.jpg	photodiode	1
3494.562	0.5	3494562	trained	32722	45	memtrain/so_090_2.jpg	photodiode	1
3495.462	0.5	3495462	trained	32767	0	memtrain/o_006_1.jpg	photodiode	1
3496.213	0.5	3496213	catch	32671	n/a	catch_padded.jpg	photodiode	0
3496.631	0.0	3496631	response	7	n/a	n/a	trigger	0
3498.115	0.5	3498115	untrained	32691	76	memtrain/o_570_1.jpg	photodiode	1
3498.915	0.5	3498915	untrained	32678	89	memtrain/o_469_1.jpg	photodiode	1
3499.666	0.5	3499666	untrained	32685	82	memtrain/o_656_1.jpg	photodiode	1
3500.467	0.5	3500467	untrained	32711	56	memtrain/o_163_2.jpg	photodiode	1
3501.217	0.5	3501217	catch	32671	n/a	catch_padded.jpg	photodiode	0
3501.577	0.0	3501577	response	7	n/a	n/a	trigger	0
3503.319	0.5	3503319	untrained	32715	52	memtrain/o_141_1.jpg	photodiode	1
3504.22	0.5	3504220	trained	32766	1	memtrain/o_015_1.jpg	photodiode	1
3505.071	0.5	3505071	trained	32741	26	memtrain/o_376_1.jpg	photodiode	1
3505.879	0.5	3505879	untrained	32698	69	memtrain/o_464_2.jpg	photodiode	1
3506.622	0.5	3506622	trained	32725	42	memtrain/so_034_2.jpg	photodiode	1
3507.423	0.5	3507423	catch	32671	n/a	catch_padded.jpg	photodiode	0
3507.816	0.0	3507816	response	7	n/a	n/a	trigger	0
3509.524	0.5	3509524	untrained	32701	66	memtrain/o_342_2.jpg	photodiode	1
3510.425	0.5	3510425	untrained	32686	81	memtrain/o_655_2.jpg	photodiode	1
3511.276	0.5	3511276	trained	32743	24	memtrain/o_357_1.jpg	photodiode	1
3512.177	0.5	3512177	catch	32671	n/a	catch_padded.jpg	photodiode	0
3512.596	0.0	3512596	response	7	n/a	n/a	trigger	0
3514.078	0.5	3514078	untrained	32709	58	memtrain/o_192_1.jpg	photodiode	1
3514.979	0.5	3514979	trained	32748	19	memtrain/o_284_2.jpg	photodiode	1
3515.93	0.5	3515930	untrained	32681	86	memtrain/o_288_1.jpg	photodiode	1
3516.78	0.5	3516780	trained	32721	46	memtrain/so_113_1.jpg	photodiode	1
3517.531	0.5	3517531	catch	32671	n/a	catch_padded.jpg	photodiode	0
3517.948	0.0	3517948	response	7	n/a	n/a	trigger	0
3519.533	0.5	3519533	untrained	32707	60	memtrain/o_228_2.jpg	photodiode	1
3520.333	0.5	3520333	untrained	32702	65	memtrain/o_337_2.jpg	photodiode	1
3521.134	0.5	3521134	trained	32727	40	memtrain/o_648_2.jpg	photodiode	1
3522.035	0.5	3522035	trained	32732	35	memtrain/o_561_2.jpg	photodiode	1
3522.936	0.5	3522936	trained	32723	44	memtrain/so_045_1.jpg	photodiode	1
3523.728	0.5	3523728	catch	32671	n/a	catch_padded.jpg	photodiode	0
3524.169	0.0	3524169	response	7	n/a	n/a	trigger	0
3525.68	0.5	3525680	trained	32749	18	memtrain/o_264_2.jpg	photodiode	1
3526.63	0.5	3526630	trained	32740	27	memtrain/o_379_2.jpg	photodiode	1
3527.581	0.5	3527581	untrained	32679	88	memtrain/o_458_1.jpg	photodiode	1
3528.382	0.5	3528382	trained	32724	43	memtrain/so_043_2.jpg	photodiode	1
3529.233	0.5	3529233	untrained	32678	89	memtrain/o_469_1.jpg	photodiode	1
3529.983	0.5	3529983	catch	32671	n/a	catch_padded.jpg	photodiode	0
3530.358	0.0	3530358	response	7	n/a	n/a	trigger	0
3531.935	0.5	3531935	trained	32741	26	memtrain/o_376_1.jpg	photodiode	1
3532.836	0.5	3532836	untrained	32690	77	memtrain/o_574_2.jpg	photodiode	1
3533.586	0.5	3533586	untrained	32703	64	memtrain/o_334_2.jpg	photodiode	1
3534.437	0.5	3534437	untrained	32714	53	memtrain/o_142_2.jpg	photodiode	1
3535.188	0.5	3535188	untrained	32706	61	memtrain/o_298_2.jpg	photodiode	1
3536.038	0.5	3536038	catch	32671	n/a	catch_padded.jpg	photodiode	0
3536.465	0.0	3536465	response	7	n/a	n/a	trigger	0
3538.04	0.5	3538040	untrained	32687	80	memtrain/o_613_1.jpg	photodiode	1
3538.841	0.5	3538841	untrained	32712	55	memtrain/o_153_2.jpg	photodiode	1
3539.742	0.5	3539742	untrained	32699	68	memtrain/o_393_1.jpg	photodiode	1
3540.492	0.5	3540492	catch	32671	n/a	catch_padded.jpg	photodiode	0
3540.961	0.0	3540961	response	7	n/a	n/a	trigger	0
3542.544	0.5	3542544	trained	32738	29	memtrain/o_416_1.jpg	photodiode	1
3543.445	0.5	3543445	trained	32732	35	memtrain/o_561_2.jpg	photodiode	1
3544.395	0.5	3544395	trained	32721	46	memtrain/so_113_1.jpg	photodiode	1
3545.146	0.5	3545146	trained	32750	17	memtrain/o_232_1.jpg	photodiode	1
3546.047	0.5	3546047	untrained	32692	75	memtrain/o_564_1.jpg	photodiode	1
3546.898	0.5	3546898	catch	32671	n/a	catch_padded.jpg	photodiode	0
3547.254	0.0	3547254	response	7	n/a	n/a	trigger	0
3548.849	0.5	3548849	trained	32756	11	memtrain/o_117_2.jpg	photodiode	1
3549.7	0.5	3549700	trained	32746	21	memtrain/o_319_1.jpg	photodiode	1
3550.651	0.5	3550651	untrained	32715	52	memtrain/o_141_1.jpg	photodiode	1
3551.451	0.5	3551451	catch	32671	n/a	catch_padded.jpg	photodiode	0
3551.882	0.0	3551882	response	7	n/a	n/a	trigger	0
3553.495	0.5	3553495	untrained	32673	94	memtrain/so_067_1.jpg	photodiode	1
3554.296	0.5	3554296	untrained	32676	91	memtrain/o_605_1.jpg	photodiode	1
3555.146	0.5	3555146	trained	32739	28	memtrain/o_397_1.jpg	photodiode	1
3555.947	0.5	3555947	untrained	32719	48	memtrain/o_019_2.jpg	photodiode	1
3556.748	0.5	3556748	catch	32671	n/a	catch_padded.jpg	photodiode	0
3557.183	0.0	3557183	response	7	n/a	n/a	trigger	0
3558.749	0.5	3558749	untrained	32677	90	memtrain/o_580_1.jpg	photodiode	1
3559.7	0.5	3559700	untrained	32718	49	memtrain/o_054_2.jpg	photodiode	1
3560.451	0.5	3560451	untrained	32694	73	memtrain/o_519_2.jpg	photodiode	1
3561.302	0.5	3561302	catch	32671	n/a	catch_padded.jpg	photodiode	0
3561.721	0.0	3561721	response	7	n/a	n/a	trigger	0
3563.203	0.5	3563203	trained	32726	41	memtrain/o_663_2.jpg	photodiode	1
3564.004	0.5	3564004	trained	32727	40	memtrain/o_648_2.jpg	photodiode	1
3564.855	0.5	3564855	trained	32725	42	memtrain/so_034_2.jpg	photodiode	1
3565.655	0.5	3565655	untrained	32675	92	memtrain/so_033_1.jpg	photodiode	1
3566.606	0.5	3566606	catch	32671	n/a	catch_padded.jpg	photodiode	0
3567.01	0.0	3567010	response	7	n/a	n/a	trigger	0
3568.508	0.5	3568508	untrained	32689	78	memtrain/o_599_1.jpg	photodiode	1
3569.358	0.5	3569358	trained	32749	18	memtrain/o_264_2.jpg	photodiode	1
3570.309	0.5	3570309	untrained	32679	88	memtrain/o_458_1.jpg	photodiode	1
3571.21	0.5	3571210	trained	32757	10	memtrain/o_111_2.jpg	photodiode	1
3571.961	0.5	3571961	untrained	32713	54	memtrain/o_145_1.jpg	photodiode	1
3572.861	0.5	3572861	catch	32671	n/a	catch_padded.jpg	photodiode	0
3573.206	0.0	3573206	response	7	n/a	n/a	trigger	0
3574.813	0.5	3574813	untrained	32698	69	memtrain/o_464_2.jpg	photodiode	1
3575.664	0.5	3575664	untrained	32672	95	memtrain/so_125_1.jpg	photodiode	1
3576.514	0.5	3576514	trained	32748	19	memtrain/o_284_2.jpg	photodiode	1
3577.265	0.5	3577265	trained	32737	30	memtrain/o_437_2.jpg	photodiode	1
3578.016	0.5	3578016	trained	32740	27	memtrain/o_379_2.jpg	photodiode	1
3578.967	0.5	3578967	catch	32671	n/a	catch_padded.jpg	photodiode	0
3579.312	0.0	3579312	response	7	n/a	n/a	trigger	0
3581.018	0.5	3581018	trained	32742	25	memtrain/o_358_2.jpg	photodiode	1
3581.961	0.5	3581961	trained	32734	33	memtrain/o_536_1.jpg	photodiode	1
3582.861	0.5	3582861	trained	32736	31	memtrain/o_465_2.jpg	photodiode	1
3583.812	0.5	3583812	trained	32766	1	memtrain/o_015_1.jpg	photodiode	1
3584.613	0.5	3584613	trained	32754	13	memtrain/o_136_1.jpg	photodiode	1
3585.414	0.5	3585414	catch	32671	n/a	catch_padded.jpg	photodiode	0
3585.809	0.0	3585809	response	7	n/a	n/a	trigger	0
3587.515	0.5	3587515	untrained	32707	60	memtrain/o_228_2.jpg	photodiode	1
3588.366	0.5	3588366	untrained	32685	82	memtrain/o_656_1.jpg	photodiode	1
3589.267	0.5	3589267	trained	32743	24	memtrain/o_357_1.jpg	photodiode	1
3590.017	0.5	3590017	trained	32762	5	memtrain/o_067_1.jpg	photodiode	1
3590.968	0.5	3590968	catch	32671	n/a	catch_padded.jpg	photodiode	0
3591.388	0.0	3591388	response	7	n/a	n/a	trigger	0
3593.02	0.5	3593020	trained	32765	2	memtrain/o_035_1.jpg	photodiode	1
3593.921	0.5	3593921	untrained	32702	65	memtrain/o_337_2.jpg	photodiode	1
3594.872	0.5	3594872	untrained	32674	93	memtrain/so_035_1.jpg	photodiode	1
3595.822	0.5	3595822	catch	32671	n/a	catch_padded.jpg	photodiode	0
3596.276	0.0	3596276	response	7	n/a	n/a	trigger	0
3597.924	0.5	3597924	untrained	32683	84	memtrain/so_117_2.jpg	photodiode	1
3598.875	0.5	3598875	untrained	32697	70	memtrain/o_471_2.jpg	photodiode	1
3599.776	0.5	3599776	trained	32720	47	memtrain/so_147_2.jpg	photodiode	1
3600.626	0.5	3600626	trained	32763	4	memtrain/o_042_1.jpg	photodiode	1
3601.427	0.5	3601427	catch	32671	n/a	catch_padded.jpg	photodiode	0
3601.858	0.0	3601858	response	7	n/a	n/a	trigger	0
3603.429	0.5	3603429	untrained	32700	67	memtrain/o_378_1.jpg	photodiode	1
3604.33	0.5	3604330	trained	32755	12	memtrain/o_127_2.jpg	photodiode	1
3605.13	0.5	3605130	trained	32761	6	memtrain/o_076_1.jpg	photodiode	1
3605.931	0.5	3605931	trained	32760	7	memtrain/o_091_2.jpg	photodiode	1
3606.782	0.5	3606782	catch	32671	n/a	catch_padded.jpg	photodiode	0
3607.19	0.0	3607190	response	7	n/a	n/a	trigger	0
3608.683	0.5	3608683	trained	32722	45	memtrain/so_090_2.jpg	photodiode	1
3609.484	0.5	3609484	trained	32747	20	memtrain/o_290_1.jpg	photodiode	1
3610.435	0.5	3610435	trained	32745	22	memtrain/o_321_1.jpg	photodiode	1
3611.227	0.5	3611227	catch	32671	n/a	catch_padded.jpg	photodiode	0
3611.633	0.0	3611633	response	7	n/a	n/a	trigger	0
3613.179	0.5	3613179	untrained	32696	71	memtrain/o_483_1.jpg	photodiode	1
3614.03	0.5	3614030	trained	32759	8	memtrain/o_094_1.jpg	photodiode	1
3614.839	0.5	3614839	trained	32723	44	memtrain/so_045_1.jpg	photodiode	1
3615.781	0.5	3615781	trained	32728	39	memtrain/o_606_1.jpg	photodiode	1
3616.632	0.5	3616632	trained	32733	34	memtrain/o_558_2.jpg	photodiode	1
3617.483	0.5	3617483	catch	32671	n/a	catch_padded.jpg	photodiode	0
3617.886	0.0	3617886	response	7	n/a	n/a	trigger	0
3619.534	0.5	3619534	untrained	32688	79	memtrain/o_600_1.jpg	photodiode	1
3620.435	0.5	3620435	trained	32753	14	memtrain/o_174_1.jpg	photodiode	1
3621.186	0.5	3621186	untrained	32705	62	memtrain/o_304_1.jpg	photodiode	1
3622.136	0.5	3622136	trained	32729	38	memtrain/o_603_1.jpg	photodiode	1
3622.887	0.5	3622887	catch	32671	n/a	catch_padded.jpg	photodiode	0
3623.314	0.0	3623314	response	7	n/a	n/a	trigger	0
3624.939	0.5	3624939	trained	32724	43	memtrain/so_043_2.jpg	photodiode	1
3625.84	0.5	3625840	untrained	32717	50	memtrain/o_057_2.jpg	photodiode	1
3626.79	0.5	3626790	untrained	32682	85	memtrain/o_218_1.jpg	photodiode	1
3627.541	0.5	3627541	untrained	32691	76	memtrain/o_570_1.jpg	photodiode	1
3628.292	0.5	3628292	trained	32767	0	memtrain/o_006_1.jpg	photodiode	1
3629.242	0.5	3629242	catch	32671	n/a	catch_padded.jpg	photodiode	0
3629.646	0.0	3629646	response	7	n/a	n/a	trigger	0
3631.294	0.5	3631294	trained	32764	3	memtrain/o_040_2.jpg	photodiode	1
3632.245	0.5	3632245	trained	32758	9	memtrain/o_101_2.jpg	photodiode	1
3633.096	0.5	3633096	untrained	32711	56	memtrain/o_163_2.jpg	photodiode	1
3633.946	0.5	3633946	untrained	32681	86	memtrain/o_288_1.jpg	photodiode	1
3634.897	0.5	3634897	untrained	32680	87	memtrain/o_365_1.jpg	photodiode	1
3635.748	0.5	3635748	catch	32671	n/a	catch_padded.jpg	photodiode	0
3636.175	0.0	3636175	response	7	n/a	n/a	trigger	0
3637.65	0.5	3637650	untrained	32704	63	memtrain/o_310_2.jpg	photodiode	1
3638.4	0.5	3638400	untrained	32710	57	memtrain/o_171_1.jpg	photodiode	1
3639.201	0.5	3639201	untrained	32716	51	memtrain/o_103_2.jpg	photodiode	1
3640.052	0.5	3640052	trained	32731	36	memtrain/o_583_1.jpg	photodiode	1
3640.794	0.5	3640794	untrained	32708	59	memtrain/o_201_2.jpg	photodiode	1
3641.595	0.5	3641595	catch	32671	n/a	catch_padded.jpg	photodiode	0
3642.045	0.0	3642045	response	7	n/a	n/a	trigger	0
3643.496	0.5	3643496	trained	32735	32	memtrain/o_485_2.jpg	photodiode	1
3644.247	0.5	3644247	trained	32752	15	memtrain/o_195_1.jpg	photodiode	1
3645.148	0.5	3645148	trained	32730	37	memtrain/o_597_1.jpg	photodiode	1
3646.048	0.5	3646048	catch	32671	n/a	catch_padded.jpg	photodiode	0
3646.474	0.0	3646474	response	7	n/a	n/a	trigger	0
3648.15	0.5	3648150	untrained	32693	74	memtrain/o_550_1.jpg	photodiode	1
3648.951	0.5	3648951	untrained	32684	83	memtrain/so_105_1.jpg	photodiode	1
3649.801	0.5	3649801	trained	32751	16	memtrain/o_199_2.jpg	photodiode	1
3650.752	0.5	3650752	catch	32671	n/a	catch_padded.jpg	photodiode	0
3651.135	0.0	3651135	response	7	n/a	n/a	trigger	0
3652.854	0.5	3652854	untrained	32701	66	memtrain/o_342_2.jpg	photodiode	1
3653.805	0.5	3653805	untrained	32695	72	memtrain/o_490_1.jpg	photodiode	1
3654.706	0.5	3654706	untrained	32686	81	memtrain/o_655_2.jpg	photodiode	1
3655.506	0.5	3655506	trained	32744	23	memtrain/o_338_2.jpg	photodiode	1
3656.407	0.5	3656407	untrained	32709	58	memtrain/o_192_1.jpg	photodiode	1
3657.208	0.5	3657208	catch	32671	n/a	catch_padded.jpg	photodiode	0
3657.582	0.0	3657582	response	7	n/a	n/a	trigger	0
3659.682	0.0	3659682	block_end	120	n/a	n/a	trigger	0
3673.476	0.0	3673476	response	7	n/a	n/a	trigger	0
3673.485	0.0	3673485	block_onset	114	n/a	n/a	trigger	0
3675.54	0.5	3675540	trained	32728	39	memtrain/o_606_1.jpg	photodiode	1
3676.341	0.5	3676341	untrained	32696	71	memtrain/o_483_1.jpg	photodiode	1
3677.141	0.5	3677141	untrained	32684	83	memtrain/so_105_1.jpg	photodiode	1
3678.042	0.5	3678042	untrained	32676	91	memtrain/o_605_1.jpg	photodiode	1
3678.993	0.5	3678993	catch	32671	n/a	catch_padded.jpg	photodiode	0
3679.387	0.0	3679387	response	7	n/a	n/a	trigger	0
3681.036	0.5	3681036	trained	32758	9	memtrain/o_101_2.jpg	photodiode	1
3681.987	0.5	3681987	untrained	32707	60	memtrain/o_228_2.jpg	photodiode	1
3682.788	0.5	3682788	untrained	32717	50	memtrain/o_057_2.jpg	photodiode	1
3683.689	0.5	3683689	trained	32759	8	memtrain/o_094_1.jpg	photodiode	1
3684.639	0.5	3684639	trained	32752	15	memtrain/o_195_1.jpg	photodiode	1
3685.49	0.5	3685490	catch	32671	n/a	catch_padded.jpg	photodiode	0
3685.921	0.0	3685921	response	7	n/a	n/a	trigger	0
3687.592	0.5	3687592	untrained	32700	67	memtrain/o_378_1.jpg	photodiode	1
3688.393	0.5	3688393	untrained	32704	63	memtrain/o_310_2.jpg	photodiode	1
3689.143	0.5	3689143	untrained	32705	62	memtrain/o_304_1.jpg	photodiode	1
3689.944	0.5	3689944	untrained	32682	85	memtrain/o_218_1.jpg	photodiode	1
3690.695	0.5	3690695	trained	32741	26	memtrain/o_376_1.jpg	photodiode	1
3691.554	0.5	3691554	catch	32671	n/a	catch_padded.jpg	photodiode	0
3692.058	0.0	3692058	response	7	n/a	n/a	trigger	0
3693.497	0.5	3693497	untrained	32708	59	memtrain/o_201_2.jpg	photodiode	1
3694.398	0.5	3694398	untrained	32714	53	memtrain/o_142_2.jpg	photodiode	1
3695.198	0.5	3695198	untrained	32697	70	memtrain/o_471_2.jpg	photodiode	1
3696.099	0.5	3696099	trained	32747	20	memtrain/o_290_1.jpg	photodiode	1
3697.0	0.5	3697000	catch	32671	n/a	catch_padded.jpg	photodiode	0
3697.429	0.0	3697429	response	7	n/a	n/a	trigger	0
3698.902	0.5	3698902	trained	32732	35	memtrain/o_561_2.jpg	photodiode	1
3699.652	0.5	3699652	trained	32764	3	memtrain/o_040_2.jpg	photodiode	1
3700.403	0.5	3700403	untrained	32701	66	memtrain/o_342_2.jpg	photodiode	1
3701.354	0.5	3701354	untrained	32710	57	memtrain/o_171_1.jpg	photodiode	1
3702.204	0.5	3702204	trained	32723	44	memtrain/so_045_1.jpg	photodiode	1
3703.005	0.5	3703005	catch	32671	n/a	catch_padded.jpg	photodiode	0
3703.435	0.0	3703435	response	7	n/a	n/a	trigger	0
3705.107	0.5	3705107	untrained	32690	77	memtrain/o_574_2.jpg	photodiode	1
3705.958	0.5	3705958	untrained	32686	81	memtrain/o_655_2.jpg	photodiode	1
3706.808	0.5	3706808	trained	32737	30	memtrain/o_437_2.jpg	photodiode	1
3707.709	0.5	3707709	catch	32671	n/a	catch_padded.jpg	photodiode	0
3708.139	0.0	3708139	response	7	n/a	n/a	trigger	0
3709.611	0.5	3709611	trained	32766	1	memtrain/o_015_1.jpg	photodiode	1
3710.361	0.5	3710361	untrained	32685	82	memtrain/o_656_1.jpg	photodiode	1
3711.254	0.5	3711254	untrained	32703	64	memtrain/o_334_2.jpg	photodiode	1
3712.004	0.5	3712004	untrained	32693	74	memtrain/o_550_1.jpg	photodiode	1
3712.855	0.5	3712855	untrained	32674	93	memtrain/so_035_1.jpg	photodiode	1
3713.806	0.5	3713806	catch	32671	n/a	catch_padded.jpg	photodiode	0
3714.225	0.0	3714225	response	7	n/a	n/a	trigger	0
3715.908	0.5	3715908	trained	32735	32	memtrain/o_485_2.jpg	photodiode	1
3716.758	0.5	3716758	untrained	32681	86	memtrain/o_288_1.jpg	photodiode	1
3717.659	0.5	3717659	trained	32767	0	memtrain/o_006_1.jpg	photodiode	1
3718.51	0.5	3718510	catch	32671	n/a	catch_padded.jpg	photodiode	0
3718.988	0.0	3718988	response	7	n/a	n/a	trigger	0
3720.561	0.5	3720561	trained	32748	19	memtrain/o_284_2.jpg	photodiode	1
3721.462	0.5	3721462	trained	32756	11	memtrain/o_117_2.jpg	photodiode	1
3722.363	0.5	3722363	untrained	32691	76	memtrain/o_570_1.jpg	photodiode	1
3723.114	0.5	3723114	trained	32736	31	memtrain/o_465_2.jpg	photodiode	1
3723.964	0.5	3723964	catch	32671	n/a	catch_padded.jpg	photodiode	0
3724.373	0.0	3724373	response	7	n/a	n/a	trigger	0
3725.916	0.5	3725916	trained	32724	43	memtrain/so_043_2.jpg	photodiode	1
3726.767	0.5	3726767	trained	32749	18	memtrain/o_264_2.jpg	photodiode	1
3727.617	0.5	3727617	trained	32755	12	memtrain/o_127_2.jpg	photodiode	1
3728.518	0.5	3728518	trained	32730	37	memtrain/o_597_1.jpg	photodiode	1
3729.269	0.5	3729269	catch	32671	n/a	catch_padded.jpg	photodiode	0
3729.771	0.0	3729771	response	7	n/a	n/a	trigger	0
3731.321	0.5	3731321	trained	32739	28	memtrain/o_397_1.jpg	photodiode	1
3732.271	0.5	3732271	trained	32722	45	memtrain/so_090_2.jpg	photodiode	1
3733.222	0.5	3733222	untrained	32672	95	memtrain/so_125_1.jpg	photodiode	1
3734.073	0.5	3734073	trained	32727	40	memtrain/o_648_2.jpg	photodiode	1
3734.974	0.5	3734974	untrained	32706	61	memtrain/o_298_2.jpg	photodiode	1
3735.724	0.5	3735724	catch	32671	n/a	catch_padded.jpg	photodiode	0
3736.087	0.0	3736087	response	7	n/a	n/a	trigger	0
3737.676	0.5	3737676	untrained	32709	58	memtrain/o_192_1.jpg	photodiode	1
3738.527	0.5	3738527	untrained	32695	72	memtrain/o_490_1.jpg	photodiode	1
3739.277	0.5	3739277	trained	32721	46	memtrain/so_113_1.jpg	photodiode	1
3740.07	0.5	3740070	catch	32671	n/a	catch_padded.jpg	photodiode	0
3740.743	0.0	3740743	response	7	n/a	n/a	trigger	0
3741.971	0.5	3741971	trained	32753	14	memtrain/o_174_1.jpg	photodiode	1
3742.822	0.5	3742822	untrained	32713	54	memtrain/o_145_1.jpg	photodiode	1
3743.723	0.5	3743723	trained	32765	2	memtrain/o_035_1.jpg	photodiode	1
3744.574	0.5	3744574	untrained	32702	65	memtrain/o_337_2.jpg	photodiode	1
3745.424	0.5	3745424	trained	32750	17	memtrain/o_232_1.jpg	photodiode	1
3746.225	0.5	3746225	catch	32671	n/a	catch_padded.jpg	photodiode	0
3746.606	0.0	3746606	response	7	n/a	n/a	trigger	0
3748.127	0.5	3748127	untrained	32715	52	memtrain/o_141_1.jpg	photodiode	1
3749.077	0.5	3749077	trained	32742	25	memtrain/o_358_2.jpg	photodiode	1
3749.878	0.5	3749878	trained	32725	42	memtrain/so_034_2.jpg	photodiode	1
3750.729	0.5	3750729	trained	32746	21	memtrain/o_319_1.jpg	photodiode	1
3751.63	0.5	3751630	trained	32743	24	memtrain/o_357_1.jpg	photodiode	1
3752.48	0.5	3752480	catch	32671	n/a	catch_padded.jpg	photodiode	0
3752.912	0.0	3752912	response	7	n/a	n/a	trigger	0
3754.582	0.5	3754582	untrained	32680	87	memtrain/o_365_1.jpg	photodiode	1
3755.533	0.5	3755533	untrained	32673	94	memtrain/so_067_1.jpg	photodiode	1
3756.484	0.5	3756484	trained	32740	27	memtrain/o_379_2.jpg	photodiode	1
3757.435	0.5	3757435	untrained	32694	73	memtrain/o_519_2.jpg	photodiode	1
3758.185	0.5	3758185	trained	32761	6	memtrain/o_076_1.jpg	photodiode	1
3759.036	0.5	3759036	catch	32671	n/a	catch_padded.jpg	photodiode	0
3759.42	0.0	3759420	response	7	n/a	n/a	trigger	0
3760.988	0.5	3760988	trained	32733	34	memtrain/o_558_2.jpg	photodiode	1
3761.938	0.5	3761938	untrained	32688	79	memtrain/o_600_1.jpg	photodiode	1
3762.789	0.5	3762789	trained	32734	33	memtrain/o_536_1.jpg	photodiode	1
3763.54	0.5	3763540	untrained	32699	68	memtrain/o_393_1.jpg	photodiode	1
3764.44	0.5	3764440	catch	32671	n/a	catch_padded.jpg	photodiode	0
3764.941	0.0	3764941	response	7	n/a	n/a	trigger	0
3766.392	0.5	3766392	trained	32757	10	memtrain/o_111_2.jpg	photodiode	1
3767.293	0.5	3767293	untrained	32687	80	memtrain/o_613_1.jpg	photodiode	1
3768.043	0.5	3768043	untrained	32712	55	memtrain/o_153_2.jpg	photodiode	1
3768.944	0.5	3768944	untrained	32675	92	memtrain/so_033_1.jpg	photodiode	1
3769.686	0.5	3769686	untrained	32698	69	memtrain/o_464_2.jpg	photodiode	1
3770.637	0.5	3770637	catch	32671	n/a	catch_padded.jpg	photodiode	0
3771.072	0.0	3771072	response	7	n/a	n/a	trigger	0
3772.739	0.5	3772739	untrained	32719	48	memtrain/o_019_2.jpg	photodiode	1
3773.54	0.5	3773540	untrained	32711	56	memtrain/o_163_2.jpg	photodiode	1
3774.39	0.5	3774390	trained	32744	23	memtrain/o_338_2.jpg	photodiode	1
3775.341	0.5	3775341	trained	32760	7	memtrain/o_091_2.jpg	photodiode	1
3776.142	0.5	3776142	catch	32671	n/a	catch_padded.jpg	photodiode	0
3776.596	0.0	3776596	response	7	n/a	n/a	trigger	0
3778.244	0.5	3778244	trained	32763	4	memtrain/o_042_1.jpg	photodiode	1
3779.144	0.5	3779144	untrained	32716	51	memtrain/o_103_2.jpg	photodiode	1
3780.095	0.5	3780095	trained	32738	29	memtrain/o_416_1.jpg	photodiode	1
3780.996	0.5	3780996	trained	32731	36	memtrain/o_583_1.jpg	photodiode	1
3781.847	0.5	3781847	catch	32671	n/a	catch_padded.jpg	photodiode	0
3782.278	0.0	3782278	response	7	n/a	n/a	trigger	0
3783.848	0.5	3783848	untrained	32678	89	memtrain/o_469_1.jpg	photodiode	1
3784.649	0.5	3784649	trained	32751	16	memtrain/o_199_2.jpg	photodiode	1
3785.5	0.5	3785500	untrained	32689	78	memtrain/o_599_1.jpg	photodiode	1
3786.251	0.5	3786251	catch	32671	n/a	catch_padded.jpg	photodiode	0
3787.164	0.0	3787164	response	7	n/a	n/a	trigger	0
3788.202	0.5	3788202	trained	32729	38	memtrain/o_603_1.jpg	photodiode	1
3789.153	0.5	3789153	untrained	32679	88	memtrain/o_458_1.jpg	photodiode	1
3790.104	0.5	3790104	untrained	32677	90	memtrain/o_580_1.jpg	photodiode	1
3790.904	0.5	3790904	catch	32671	n/a	catch_padded.jpg	photodiode	0
3791.361	0.0	3791361	response	7	n/a	n/a	trigger	0
3792.856	0.5	3792856	trained	32720	47	memtrain/so_147_2.jpg	photodiode	1
3793.807	0.5	3793807	trained	32745	22	memtrain/o_321_1.jpg	photodiode	1
3794.558	0.5	3794558	untrained	32692	75	memtrain/o_564_1.jpg	photodiode	1
3795.308	0.5	3795308	catch	32671	n/a	catch_padded.jpg	photodiode	0
3795.662	0.0	3795662	response	7	n/a	n/a	trigger	0
3797.26	0.5	3797260	untrained	32718	49	memtrain/o_054_2.jpg	photodiode	1
3798.211	0.5	3798211	trained	32726	41	memtrain/o_663_2.jpg	photodiode	1
3799.103	0.5	3799103	trained	32754	13	memtrain/o_136_1.jpg	photodiode	1
3800.004	0.5	3800004	untrained	32683	84	memtrain/so_117_2.jpg	photodiode	1
3800.955	0.5	3800955	trained	32762	5	memtrain/o_067_1.jpg	photodiode	1
3801.805	0.5	3801805	catch	32671	n/a	catch_padded.jpg	photodiode	0
3802.204	0.0	3802204	response	7	n/a	n/a	trigger	0
3803.857	0.5	3803857	trained	32744	23	memtrain/o_338_2.jpg	photodiode	1
3804.808	0.5	3804808	untrained	32698	69	memtrain/o_464_2.jpg	photodiode	1
3805.559	0.5	3805559	untrained	32685	82	memtrain/o_656_1.jpg	photodiode	1
3806.459	0.5	3806459	catch	32671	n/a	catch_padded.jpg	photodiode	0
3806.861	0.0	3806861	response	7	n/a	n/a	trigger	0
3808.361	0.5	3808361	untrained	32700	67	memtrain/o_378_1.jpg	photodiode	1
3809.212	0.5	3809212	untrained	32692	75	memtrain/o_564_1.jpg	photodiode	1
3810.062	0.5	3810062	untrained	32703	64	memtrain/o_334_2.jpg	photodiode	1
3810.913	0.5	3810913	untrained	32689	78	memtrain/o_599_1.jpg	photodiode	1
3811.664	0.5	3811664	trained	32764	3	memtrain/o_040_2.jpg	photodiode	1
3812.464	0.5	3812464	catch	32671	n/a	catch_padded.jpg	photodiode	0
3812.821	0.0	3812821	response	7	n/a	n/a	trigger	0
3814.416	0.5	3814416	trained	32738	29	memtrain/o_416_1.jpg	photodiode	1
3815.217	0.5	3815217	untrained	32679	88	memtrain/o_458_1.jpg	photodiode	1
3816.118	0.5	3816118	untrained	32710	57	memtrain/o_171_1.jpg	photodiode	1
3817.018	0.5	3817018	untrained	32683	84	memtrain/so_117_2.jpg	photodiode	1
3817.919	0.5	3817919	catch	32671	n/a	catch_padded.jpg	photodiode	0
3818.522	0.0	3818522	response	7	n/a	n/a	trigger	0
3820.021	0.5	3820021	trained	32728	39	memtrain/o_606_1.jpg	photodiode	1
3820.972	0.5	3820972	trained	32751	16	memtrain/o_199_2.jpg	photodiode	1
3821.772	0.5	3821772	trained	32743	24	memtrain/o_357_1.jpg	photodiode	1
3822.673	0.5	3822673	catch	32671	n/a	catch_padded.jpg	photodiode	0
3823.159	0.0	3823159	response	7	n/a	n/a	trigger	0
3824.575	0.5	3824575	trained	32747	20	memtrain/o_290_1.jpg	photodiode	1
3825.375	0.5	3825375	trained	32721	46	memtrain/so_113_1.jpg	photodiode	1
3826.276	0.5	3826276	untrained	32709	58	memtrain/o_192_1.jpg	photodiode	1
3827.227	0.5	3827227	trained	32756	11	memtrain/o_117_2.jpg	photodiode	1
3827.969	0.5	3827969	catch	32671	n/a	catch_padded.jpg	photodiode	0
3828.397	0.0	3828397	response	7	n/a	n/a	trigger	0
3830.021	0.5	3830021	untrained	32684	83	memtrain/so_105_1.jpg	photodiode	1
3830.772	0.5	3830772	trained	32740	27	memtrain/o_379_2.jpg	photodiode	1
3831.622	0.5	3831622	trained	32762	5	memtrain/o_067_1.jpg	photodiode	1
3832.423	0.5	3832423	trained	32729	38	memtrain/o_603_1.jpg	photodiode	1
3833.274	0.5	3833274	untrained	32680	87	memtrain/o_365_1.jpg	photodiode	1
3834.024	0.5	3834024	catch	32671	n/a	catch_padded.jpg	photodiode	0
3834.436	0.0	3834436	response	7	n/a	n/a	trigger	0
3835.976	0.5	3835976	trained	32724	43	memtrain/so_043_2.jpg	photodiode	1
3836.727	0.5	3836727	untrained	32691	76	memtrain/o_570_1.jpg	photodiode	1
3837.677	0.5	3837677	trained	32755	12	memtrain/o_127_2.jpg	photodiode	1
3838.578	0.5	3838578	catch	32671	n/a	catch_padded.jpg	photodiode	0
3838.96	0.0	3838960	response	7	n/a	n/a	trigger	0
3840.48	0.5	3840480	trained	32754	13	memtrain/o_136_1.jpg	photodiode	1
3841.23	0.5	3841230	untrained	32715	52	memtrain/o_141_1.jpg	photodiode	1
3842.081	0.5	3842081	untrained	32675	92	memtrain/so_033_1.jpg	photodiode	1
3843.032	0.5	3843032	trained	32741	26	memtrain/o_376_1.jpg	photodiode	1
3843.883	0.5	3843883	trained	32734	33	memtrain/o_536_1.jpg	photodiode	1
3844.733	0.5	3844733	catch	32671	n/a	catch_padded.jpg	photodiode	0
3845.278	0.0	3845278	response	7	n/a	n/a	trigger	0
3846.735	0.5	3846735	untrained	32711	56	memtrain/o_163_2.jpg	photodiode	1
3847.536	0.5	3847536	trained	32725	42	memtrain/so_034_2.jpg	photodiode	1
3848.286	0.5	3848286	trained	32727	40	memtrain/o_648_2.jpg	photodiode	1
3849.237	0.5	3849237	untrained	32697	70	memtrain/o_471_2.jpg	photodiode	1
3850.188	0.5	3850188	catch	32671	n/a	catch_padded.jpg	photodiode	0
3850.66	0.0	3850660	response	7	n/a	n/a	trigger	0
3852.09	0.5	3852090	trained	32722	45	memtrain/so_090_2.jpg	photodiode	1
3852.94	0.5	3852940	untrained	32714	53	memtrain/o_142_2.jpg	photodiode	1
3853.841	0.5	3853841	trained	32737	30	memtrain/o_437_2.jpg	photodiode	1
3854.792	0.5	3854792	untrained	32694	73	memtrain/o_519_2.jpg	photodiode	1
3855.743	0.5	3855743	untrained	32672	95	memtrain/so_125_1.jpg	photodiode	1
3856.694	0.5	3856694	catch	32671	n/a	catch_padded.jpg	photodiode	0
3857.09	0.0	3857090	response	7	n/a	n/a	trigger	0
3858.587	0.5	3858587	untrained	32677	90	memtrain/o_580_1.jpg	photodiode	1
3859.446	0.5	3859446	trained	32752	15	memtrain/o_195_1.jpg	photodiode	1
3860.188	0.5	3860188	untrained	32696	71	memtrain/o_483_1.jpg	photodiode	1
3860.939	0.5	3860939	trained	32758	9	memtrain/o_101_2.jpg	photodiode	1
3861.74	0.5	3861740	catch	32671	n/a	catch_padded.jpg	photodiode	0
3862.179	0.0	3862179	response	7	n/a	n/a	trigger	0
3863.641	0.5	3863641	untrained	32718	49	memtrain/o_054_2.jpg	photodiode	1
3864.492	0.5	3864492	trained	32753	14	memtrain/o_174_1.jpg	photodiode	1
3865.243	0.5	3865243	untrained	32676	91	memtrain/o_605_1.jpg	photodiode	1
3866.193	0.5	3866193	catch	32671	n/a	catch_padded.jpg	photodiode	0
3866.613	0.0	3866613	response	7	n/a	n/a	trigger	0
3868.295	0.5	3868295	untrained	32701	66	memtrain/o_342_2.jpg	photodiode	1
3869.146	0.5	3869146	trained	32723	44	memtrain/so_045_1.jpg	photodiode	1
3869.897	0.5	3869897	trained	32759	8	memtrain/o_094_1.jpg	photodiode	1
3870.747	0.5	3870747	trained	32739	28	memtrain/o_397_1.jpg	photodiode	1
3871.548	0.5	3871548	catch	32671	n/a	catch_padded.jpg	photodiode	0
3871.955	0.0	3871955	response	7	n/a	n/a	trigger	0
3873.6	0.5	3873600	untrained	32706	61	memtrain/o_298_2.jpg	photodiode	1
3874.55	0.5	3874550	trained	32732	35	memtrain/o_561_2.jpg	photodiode	1
3875.451	0.5	3875451	trained	32726	41	memtrain/o_663_2.jpg	photodiode	1
3876.352	0.5	3876352	trained	32750	17	memtrain/o_232_1.jpg	photodiode	1
3877.153	0.5	3877153	catch	32671	n/a	catch_padded.jpg	photodiode	0
3877.689	0.0	3877689	response	7	n/a	n/a	trigger	0
3879.204	0.5	3879204	untrained	32716	51	memtrain/o_103_2.jpg	photodiode	1
3880.105	0.5	3880105	untrained	32674	93	memtrain/so_035_1.jpg	photodiode	1
3880.906	0.5	3880906	trained	32748	19	memtrain/o_284_2.jpg	photodiode	1
3881.707	0.5	3881707	trained	32749	18	memtrain/o_264_2.jpg	photodiode	1
3882.607	0.5	3882607	catch	32671	n/a	catch_padded.jpg	photodiode	0
3883.005	0.0	3883005	response	7	n/a	n/a	trigger	0
3884.609	0.5	3884609	untrained	32690	77	memtrain/o_574_2.jpg	photodiode	1
3885.36	0.5	3885360	untrained	32678	89	memtrain/o_469_1.jpg	photodiode	1
3886.152	0.5	3886152	trained	32761	6	memtrain/o_076_1.jpg	photodiode	1
3886.961	0.5	3886961	catch	32671	n/a	catch_padded.jpg	photodiode	0
3887.416	0.0	3887416	response	7	n/a	n/a	trigger	0
3888.954	0.5	3888954	trained	32735	32	memtrain/o_485_2.jpg	photodiode	1
3889.755	0.5	3889755	trained	32765	2	memtrain/o_035_1.jpg	photodiode	1
3890.556	0.5	3890556	untrained	32705	62	memtrain/o_304_1.jpg	photodiode	1
3891.456	0.5	3891456	trained	32760	7	memtrain/o_091_2.jpg	photodiode	1
3892.357	0.5	3892357	catch	32671	n/a	catch_padded.jpg	photodiode	0
3892.767	0.0	3892767	response	7	n/a	n/a	trigger	0
3894.259	0.5	3894259	trained	32720	47	memtrain/so_147_2.jpg	photodiode	1
3895.109	0.5	3895109	untrained	32717	50	memtrain/o_057_2.jpg	photodiode	1
3895.91	0.5	3895910	untrained	32704	63	memtrain/o_310_2.jpg	photodiode	1
3896.811	0.5	3896811	catch	32671	n/a	catch_padded.jpg	photodiode	0
3897.27	0.0	3897270	response	7	n/a	n/a	trigger	0
3898.763	0.5	3898763	untrained	32687	80	memtrain/o_613_1.jpg	photodiode	1
3899.613	0.5	3899613	trained	32731	36	memtrain/o_583_1.jpg	photodiode	1
3900.414	0.5	3900414	untrained	32693	74	memtrain/o_550_1.jpg	photodiode	1
3901.165	0.5	3901165	untrained	32682	85	memtrain/o_218_1.jpg	photodiode	1
3902.115	0.5	3902115	catch	32671	n/a	catch_padded.jpg	photodiode	0
3902.608	0.0	3902608	response	7	n/a	n/a	trigger	0
3904.017	0.5	3904017	untrained	32681	86	memtrain/o_288_1.jpg	photodiode	1
3904.818	0.5	3904818	trained	32746	21	memtrain/o_319_1.jpg	photodiode	1
3905.618	0.5	3905618	trained	32763	4	memtrain/o_042_1.jpg	photodiode	1
3906.469	0.5	3906469	untrained	32713	54	memtrain/o_145_1.jpg	photodiode	1
3907.42	0.5	3907420	untrained	32673	94	memtrain/so_067_1.jpg	photodiode	1
3908.321	0.5	3908321	catch	32671	n/a	catch_padded.jpg	photodiode	0
3908.787	0.0	3908787	response	7	n/a	n/a	trigger	0
3910.222	0.5	3910222	trained	32733	34	memtrain/o_558_2.jpg	photodiode	1
3911.173	0.5	3911173	trained	32736	31	memtrain/o_465_2.jpg	photodiode	1
3912.124	0.5	3912124	untrained	32719	48	memtrain/o_019_2.jpg	photodiode	1
3912.925	0.5	3912925	catch	32671	n/a	catch_padded.jpg	photodiode	0
3913.312	0.0	3913312	response	7	n/a	n/a	trigger	0
3915.026	0.5	3915026	trained	32767	0	memtrain/o_006_1.jpg	photodiode	1
3915.927	0.5	3915927	trained	32745	22	memtrain/o_321_1.jpg	photodiode	1
3916.778	0.5	3916778	untrained	32686	81	memtrain/o_655_2.jpg	photodiode	1
3917.679	0.5	3917679	catch	32671	n/a	catch_padded.jpg	photodiode	0
3918.089	0.0	3918089	response	7	n/a	n/a	trigger	0
3919.572	0.5	3919572	trained	32757	10	memtrain/o_111_2.jpg	photodiode	1
3920.423	0.5	3920423	trained	32742	25	memtrain/o_358_2.jpg	photodiode	1
3921.223	0.5	3921223	untrained	32707	60	memtrain/o_228_2.jpg	photodiode	1
3921.974	0.5	3921974	catch	32671	n/a	catch_padded.jpg	photodiode	0
3922.42	0.0	3922420	response	7	n/a	n/a	trigger	0
3923.876	0.5	3923876	untrained	32712	55	memtrain/o_153_2.jpg	photodiode	1
3924.776	0.5	3924776	trained	32730	37	memtrain/o_597_1.jpg	photodiode	1
3925.727	0.5	3925727	trained	32766	1	memtrain/o_015_1.jpg	photodiode	1
3926.478	0.5	3926478	catch	32671	n/a	catch_padded.jpg	photodiode	0
3926.901	0.0	3926901	response	7	n/a	n/a	trigger	0
3928.429	0.5	3928429	untrained	32699	68	memtrain/o_393_1.jpg	photodiode	1
3929.28	0.5	3929280	untrained	32708	59	memtrain/o_201_2.jpg	photodiode	1
3930.231	0.5	3930231	untrained	32695	72	memtrain/o_490_1.jpg	photodiode	1
3931.082	0.5	3931082	untrained	32688	79	memtrain/o_600_1.jpg	photodiode	1
3931.982	0.5	3931982	untrained	32702	65	memtrain/o_337_2.jpg	photodiode	1
3932.933	0.5	3932933	catch	32671	n/a	catch_padded.jpg	photodiode	0
3933.432	0.0	3933432	response	7	n/a	n/a	trigger	0
3935.408	0.0	3935408	block_end	120	n/a	n/a	trigger	0
3948.093	0.0	3948093	response	7	n/a	n/a	trigger	0
3948.101	0.0	3948101	block_onset	115	n/a	n/a	trigger	0
3950.156	0.5	3950156	trained	32767	0	memtrain/o_006_1.jpg	photodiode	1
3950.907	0.5	3950907	untrained	32704	63	memtrain/o_310_2.jpg	photodiode	1
3951.808	0.5	3951808	untrained	32712	55	memtrain/o_153_2.jpg	photodiode	1
3952.608	0.5	3952608	trained	32737	30	memtrain/o_437_2.jpg	photodiode	1
3953.559	0.5	3953559	trained	32748	19	memtrain/o_284_2.jpg	photodiode	1
3954.41	0.5	3954410	catch	32671	n/a	catch_padded.jpg	photodiode	0
3954.827	0.0	3954827	response	7	n/a	n/a	trigger	0
3956.353	0.5	3956353	trained	32726	41	memtrain/o_663_2.jpg	photodiode	1
3957.254	0.5	3957254	untrained	32685	82	memtrain/o_656_1.jpg	photodiode	1
3958.105	0.5	3958105	trained	32753	14	memtrain/o_174_1.jpg	photodiode	1
3958.905	0.5	3958905	catch	32671	n/a	catch_padded.jpg	photodiode	0
3959.546	0.0	3959546	response	7	n/a	n/a	trigger	0
3960.857	0.5	3960857	trained	32756	11	memtrain/o_117_2.jpg	photodiode	1
3961.608	0.5	3961608	untrained	32673	94	memtrain/so_067_1.jpg	photodiode	1
3962.458	0.5	3962458	trained	32751	16	memtrain/o_199_2.jpg	photodiode	1
3963.359	0.5	3963359	catch	32671	n/a	catch_padded.jpg	photodiode	0
3963.831	0.0	3963831	response	7	n/a	n/a	trigger	0
3965.461	0.5	3965461	untrained	32696	71	memtrain/o_483_1.jpg	photodiode	1
3966.262	0.5	3966262	untrained	32705	62	memtrain/o_304_1.jpg	photodiode	1
3967.212	0.5	3967212	trained	32750	17	memtrain/o_232_1.jpg	photodiode	1
3968.013	0.5	3968013	catch	32671	n/a	catch_padded.jpg	photodiode	0
3968.433	0.0	3968433	response	7	n/a	n/a	trigger	0
3970.115	0.5	3970115	trained	32757	10	memtrain/o_111_2.jpg	photodiode	1
3970.966	0.5	3970966	trained	32766	1	memtrain/o_015_1.jpg	photodiode	1
3971.766	0.5	3971766	trained	32724	43	memtrain/so_043_2.jpg	photodiode	1
3972.667	0.5	3972667	trained	32742	25	memtrain/o_358_2.jpg	photodiode	1
3973.518	0.5	3973518	untrained	32692	75	memtrain/o_564_1.jpg	photodiode	1
3974.318	0.5	3974318	catch	32671	n/a	catch_padded.jpg	photodiode	0
3974.728	0.0	3974728	response	7	n/a	n/a	trigger	0
3976.22	0.5	3976220	trained	32761	6	memtrain/o_076_1.jpg	photodiode	1
3977.171	0.5	3977171	trained	32739	28	memtrain/o_397_1.jpg	photodiode	1
3978.072	0.5	3978072	untrained	32672	95	memtrain/so_125_1.jpg	photodiode	1
3978.822	0.5	3978822	untrained	32693	74	memtrain/o_550_1.jpg	photodiode	1
3979.773	0.5	3979773	untrained	32714	53	memtrain/o_142_2.jpg	photodiode	1
3980.674	0.5	3980674	catch	32671	n/a	catch_padded.jpg	photodiode	0
3981.075	0.0	3981075	response	7	n/a	n/a	trigger	0
3982.625	0.5	3982625	untrained	32681	86	memtrain/o_288_1.jpg	photodiode	1
3983.426	0.5	3983426	trained	32740	27	memtrain/o_379_2.jpg	photodiode	1
3984.177	0.5	3984177	trained	32734	33	memtrain/o_536_1.jpg	photodiode	1
3984.969	0.5	3984969	untrained	32686	81	memtrain/o_655_2.jpg	photodiode	1
3985.77	0.5	3985770	trained	32731	36	memtrain/o_583_1.jpg	photodiode	1
3986.57	0.5	3986570	catch	32671	n/a	catch_padded.jpg	photodiode	0
3986.961	0.0	3986961	response	7	n/a	n/a	trigger	0
3988.522	0.5	3988522	trained	32754	13	memtrain/o_136_1.jpg	photodiode	1
3989.323	0.5	3989323	untrained	32678	89	memtrain/o_469_1.jpg	photodiode	1
3990.073	0.5	3990073	untrained	32683	84	memtrain/so_117_2.jpg	photodiode	1
3990.874	0.5	3990874	catch	32671	n/a	catch_padded.jpg	photodiode	0
3991.284	0.0	3991284	response	7	n/a	n/a	trigger	0
3992.926	0.5	3992926	trained	32747	20	memtrain/o_290_1.jpg	photodiode	1
3993.826	0.5	3993826	trained	32736	31	memtrain/o_465_2.jpg	photodiode	1
3994.677	0.5	3994677	untrained	32708	59	memtrain/o_201_2.jpg	photodiode	1
3995.578	0.5	3995578	catch	32671	n/a	catch_padded.jpg	photodiode	0
3995.956	0.0	3995956	response	7	n/a	n/a	trigger	0
3997.53	0.5	3997530	untrained	32680	87	memtrain/o_365_1.jpg	photodiode	1
3998.38	0.5	3998380	untrained	32698	69	memtrain/o_464_2.jpg	photodiode	1
3999.331	0.5	3999331	trained	32755	12	memtrain/o_127_2.jpg	photodiode	1
4000.282	0.5	4000282	catch	32671	n/a	catch_padded.jpg	photodiode	0
4000.745	0.0	4000745	response	7	n/a	n/a	trigger	0
4002.284	0.5	4002284	untrained	32700	67	memtrain/o_378_1.jpg	photodiode	1
4003.034	0.5	4003034	trained	32721	46	memtrain/so_113_1.jpg	photodiode	1
4003.935	0.5	4003935	trained	32763	4	memtrain/o_042_1.jpg	photodiode	1
4004.786	0.5	4004786	trained	32743	24	memtrain/o_357_1.jpg	photodiode	1
4005.737	0.5	4005737	trained	32720	47	memtrain/so_147_2.jpg	photodiode	1
4006.587	0.5	4006587	catch	32671	n/a	catch_padded.jpg	photodiode	0
4006.935	0.0	4006935	response	7	n/a	n/a	trigger	0
4008.639	0.5	4008639	untrained	32687	80	memtrain/o_613_1.jpg	photodiode	1
4009.54	0.5	4009540	untrained	32709	58	memtrain/o_192_1.jpg	photodiode	1
4010.29	0.5	4010290	trained	32722	45	memtrain/so_090_2.jpg	photodiode	1
4011.041	0.5	4011041	untrained	32701	66	memtrain/o_342_2.jpg	photodiode	1
4011.942	0.5	4011942	catch	32671	n/a	catch_padded.jpg	photodiode	0
4012.329	0.0	4012329	response	7	n/a	n/a	trigger	0
4014.035	0.5	4014035	untrained	32690	77	memtrain/o_574_2.jpg	photodiode	1
4014.936	0.5	4014936	untrained	32674	93	memtrain/so_035_1.jpg	photodiode	1
4015.887	0.5	4015887	trained	32749	18	memtrain/o_264_2.jpg	photodiode	1
4016.738	0.5	4016738	untrained	32707	60	memtrain/o_228_2.jpg	photodiode	1
4017.688	0.5	4017688	trained	32738	29	memtrain/o_416_1.jpg	photodiode	1
4018.439	0.5	4018439	catch	32671	n/a	catch_padded.jpg	photodiode	0
4018.856	0.0	4018856	response	7	n/a	n/a	trigger	0
4020.341	0.5	4020341	untrained	32676	91	memtrain/o_605_1.jpg	photodiode	1
4021.091	0.5	4021091	untrained	32695	72	memtrain/o_490_1.jpg	photodiode	1
4021.942	0.5	4021942	trained	32729	38	memtrain/o_603_1.jpg	photodiode	1
4022.693	0.5	4022693	catch	32671	n/a	catch_padded.jpg	photodiode	0
4023.142	0.0	4023142	response	7	n/a	n/a	trigger	0
4024.594	0.5	4024594	trained	32725	42	memtrain/so_034_2.jpg	photodiode	1
4025.395	0.5	4025395	untrained	32706	61	memtrain/o_298_2.jpg	photodiode	1
4026.146	0.5	4026146	untrained	32711	56	memtrain/o_163_2.jpg	photodiode	1
4027.046	0.5	4027046	catch	32671	n/a	catch_padded.jpg	photodiode	0
4027.414	0.0	4027414	response	7	n/a	n/a	trigger	0
4028.948	0.5	4028948	untrained	32717	50	memtrain/o_057_2.jpg	photodiode	1
4029.749	0.5	4029749	untrained	32703	64	memtrain/o_334_2.jpg	photodiode	1
4030.549	0.5	4030549	trained	32727	40	memtrain/o_648_2.jpg	photodiode	1
4031.35	0.5	4031350	trained	32733	34	memtrain/o_558_2.jpg	photodiode	1
4032.251	0.5	4032251	catch	32671	n/a	catch_padded.jpg	photodiode	0
4032.667	0.0	4032667	response	7	n/a	n/a	trigger	0
4034.353	0.5	4034353	untrained	32691	76	memtrain/o_570_1.jpg	photodiode	1
4035.203	0.5	4035203	trained	32728	39	memtrain/o_606_1.jpg	photodiode	1
4036.054	0.5	4036054	untrained	32682	85	memtrain/o_218_1.jpg	photodiode	1
4036.955	0.5	4036955	catch	32671	n/a	catch_padded.jpg	photodiode	0
4037.361	0.0	4037361	response	7	n/a	n/a	trigger	0
4039.007	0.5	4039007	untrained	32684	83	memtrain/so_105_1.jpg	photodiode	1
4039.857	0.5	4039857	trained	32760	7	memtrain/o_091_2.jpg	photodiode	1
4040.708	0.5	4040708	untrained	32689	78	memtrain/o_599_1.jpg	photodiode	1
4041.509	0.5	4041509	trained	32762	5	memtrain/o_067_1.jpg	photodiode	1
4042.401	0.5	4042401	untrained	32716	51	memtrain/o_103_2.jpg	photodiode	1
4043.202	0.5	4043202	catch	32671	n/a	catch_padded.jpg	photodiode	0
4043.589	0.0	4043589	response	7	n/a	n/a	trigger	0
4045.303	0.5	4045303	trained	32735	32	memtrain/o_485_2.jpg	photodiode	1
4046.154	0.5	4046154	untrained	32675	92	memtrain/so_033_1.jpg	photodiode	1
4047.105	0.5	4047105	trained	32745	22	memtrain/o_321_1.jpg	photodiode	1
4048.056	0.5	4048056	untrained	32702	65	memtrain/o_337_2.jpg	photodiode	1
4048.856	0.5	4048856	catch	32671	n/a	catch_padded.jpg	photodiode	0
4049.26	0.0	4049260	response	7	n/a	n/a	trigger	0
4050.908	0.5	4050908	untrained	32679	88	memtrain/o_458_1.jpg	photodiode	1
4051.759	0.5	4051759	trained	32746	21	memtrain/o_319_1.jpg	photodiode	1
4052.51	0.5	4052510	trained	32752	15	memtrain/o_195_1.jpg	photodiode	1
4053.46	0.5	4053460	catch	32671	n/a	catch_padded.jpg	photodiode	0
4053.836	0.0	4053836	response	7	n/a	n/a	trigger	0
4055.512	0.5	4055512	untrained	32715	52	memtrain/o_141_1.jpg	photodiode	1
4056.413	0.5	4056413	untrained	32677	90	memtrain/o_580_1.jpg	photodiode	1
4057.264	0.5	4057264	untrained	32697	70	memtrain/o_471_2.jpg	photodiode	1
4058.214	0.5	4058214	trained	32764	3	memtrain/o_040_2.jpg	photodiode	1
4059.115	0.5	4059115	catch	32671	n/a	catch_padded.jpg	photodiode	0
4059.522	0.0	4059522	response	7	n/a	n/a	trigger	0
4061.017	0.5	4061017	trained	32765	2	memtrain/o_035_1.jpg	photodiode	1
4061.918	0.5	4061918	trained	32732	35	memtrain/o_561_2.jpg	photodiode	1
4062.668	0.5	4062668	trained	32758	9	memtrain/o_101_2.jpg	photodiode	1
4063.569	0.5	4063569	untrained	32699	68	memtrain/o_393_1.jpg	photodiode	1
4064.32	0.5	4064320	catch	32671	n/a	catch_padded.jpg	photodiode	0
4064.727	0.0	4064727	response	7	n/a	n/a	trigger	0
4066.421	0.5	4066421	trained	32741	26	memtrain/o_376_1.jpg	photodiode	1
4067.372	0.5	4067372	untrained	32718	49	memtrain/o_054_2.jpg	photodiode	1
4068.123	0.5	4068123	untrained	32688	79	memtrain/o_600_1.jpg	photodiode	1
4068.974	0.5	4068974	catch	32671	n/a	catch_padded.jpg	photodiode	0
4069.535	0.0	4069535	response	7	n/a	n/a	trigger	0
4071.075	0.5	4071075	trained	32723	44	memtrain/so_045_1.jpg	photodiode	1
4071.826	0.5	4071826	untrained	32713	54	memtrain/o_145_1.jpg	photodiode	1
4072.627	0.5	4072627	trained	32759	8	memtrain/o_094_1.jpg	photodiode	1
4073.477	0.5	4073477	trained	32744	23	memtrain/o_338_2.jpg	photodiode	1
4074.228	0.5	4074228	untrained	32719	48	memtrain/o_019_2.jpg	photodiode	1
4075.171	0.5	4075171	catch	32671	n/a	catch_padded.jpg	photodiode	0
4075.671	0.0	4075671	response	7	n/a	n/a	trigger	0
4077.122	0.5	4077122	untrained	32710	57	memtrain/o_171_1.jpg	photodiode	1
4077.873	0.5	4077873	trained	32730	37	memtrain/o_597_1.jpg	photodiode	1
4078.774	0.5	4078774	untrained	32694	73	memtrain/o_519_2.jpg	photodiode	1
4079.574	0.5	4079574	trained	32729	38	memtrain/o_603_1.jpg	photodiode	1
4080.525	0.5	4080525	trained	32732	35	memtrain/o_561_2.jpg	photodiode	1
4081.426	0.5	4081426	catch	32671	n/a	catch_padded.jpg	photodiode	0
4081.836	0.0	4081836	response	7	n/a	n/a	trigger	0
4083.327	0.5	4083327	untrained	32684	83	memtrain/so_105_1.jpg	photodiode	1
4084.228	0.5	4084228	untrained	32709	58	memtrain/o_192_1.jpg	photodiode	1
4085.129	0.5	4085129	untrained	32708	59	memtrain/o_201_2.jpg	photodiode	1
4085.93	0.5	4085930	catch	32671	n/a	catch_padded.jpg	photodiode	0
4086.333	0.0	4086333	response	7	n/a	n/a	trigger	0
4087.931	0.5	4087931	untrained	32705	62	memtrain/o_304_1.jpg	photodiode	1
4088.682	0.5	4088682	untrained	32711	56	memtrain/o_163_2.jpg	photodiode	1
4089.533	0.5	4089533	untrained	32676	91	memtrain/o_605_1.jpg	photodiode	1
4090.283	0.5	4090283	catch	32671	n/a	catch_padded.jpg	photodiode	0
4090.7	0.0	4090700	response	7	n/a	n/a	trigger	0
4092.185	0.5	4092185	trained	32733	34	memtrain/o_558_2.jpg	photodiode	1
4093.136	0.5	4093136	trained	32761	6	memtrain/o_076_1.jpg	photodiode	1
4093.936	0.5	4093936	trained	32726	41	memtrain/o_663_2.jpg	photodiode	1
4094.837	0.5	4094837	untrained	32683	84	memtrain/so_117_2.jpg	photodiode	1
4095.638	0.5	4095638	catch	32671	n/a	catch_padded.jpg	photodiode	0
4096.043	0.0	4096043	response	7	n/a	n/a	trigger	0
4097.74	0.5	4097740	trained	32737	30	memtrain/o_437_2.jpg	photodiode	1
4098.54	0.5	4098540	trained	32752	15	memtrain/o_195_1.jpg	photodiode	1
4099.491	0.5	4099491	trained	32742	25	memtrain/o_358_2.jpg	photodiode	1
4100.242	0.5	4100242	untrained	32700	67	memtrain/o_378_1.jpg	photodiode	1
4100.591	0.0	4100591	response	7	n/a	n/a	trigger	0
4100.992	0.5	4100992	catch	32671	n/a	catch_padded.jpg	photodiode	0
4101.529	0.0	4101529	response	7	n/a	n/a	trigger	0
4102.894	0.5	4102894	trained	32720	47	memtrain/so_147_2.jpg	photodiode	1
4103.745	0.5	4103745	untrained	32707	60	memtrain/o_228_2.jpg	photodiode	1
4104.587	0.5	4104587	trained	32725	42	memtrain/so_034_2.jpg	photodiode	1
4105.388	0.5	4105388	untrained	32699	68	memtrain/o_393_1.jpg	photodiode	1
4106.289	0.5	4106289	trained	32727	40	memtrain/o_648_2.jpg	photodiode	1
4107.189	0.5	4107189	catch	32671	n/a	catch_padded.jpg	photodiode	0
4107.586	0.0	4107586	response	7	n/a	n/a	trigger	0
4109.241	0.5	4109241	trained	32728	39	memtrain/o_606_1.jpg	photodiode	1
4110.092	0.5	4110092	untrained	32698	69	memtrain/o_464_2.jpg	photodiode	1
4110.892	0.5	4110892	untrained	32719	48	memtrain/o_019_2.jpg	photodiode	1
4111.693	0.5	4111693	untrained	32672	95	memtrain/so_125_1.jpg	photodiode	1
4112.494	0.5	4112494	trained	32740	27	memtrain/o_379_2.jpg	photodiode	1
4113.244	0.5	4113244	catch	32671	n/a	catch_padded.jpg	photodiode	0
4113.671	0.0	4113671	response	7	n/a	n/a	trigger	0
4115.146	0.5	4115146	trained	32746	21	memtrain/o_319_1.jpg	photodiode	1
4115.997	0.5	4115997	untrained	32692	75	memtrain/o_564_1.jpg	photodiode	1
4116.847	0.5	4116847	trained	32735	32	memtrain/o_485_2.jpg	photodiode	1
4117.698	0.5	4117698	trained	32762	5	memtrain/o_067_1.jpg	photodiode	1
4118.549	0.5	4118549	trained	32741	26	memtrain/o_376_1.jpg	photodiode	1
4119.4	0.5	4119400	catch	32671	n/a	catch_padded.jpg	photodiode	0
4119.777	0.0	4119777	response	7	n/a	n/a	trigger	0
4121.301	0.5	4121301	untrained	32718	49	memtrain/o_054_2.jpg	photodiode	1
4122.052	0.5	4122052	untrained	32710	57	memtrain/o_171_1.jpg	photodiode	1
4122.953	0.5	4122953	untrained	32703	64	memtrain/o_334_2.jpg	photodiode	1
4123.803	0.5	4123803	catch	32671	n/a	catch_padded.jpg	photodiode	0
4124.254	0.0	4124254	response	7	n/a	n/a	trigger	0
4125.855	0.5	4125855	trained	32757	10	memtrain/o_111_2.jpg	photodiode	1
4126.806	0.5	4126806	untrained	32673	94	memtrain/so_067_1.jpg	photodiode	1
4127.707	0.5	4127707	trained	32745	22	memtrain/o_321_1.jpg	photodiode	1
4128.657	0.5	4128657	trained	32755	12	memtrain/o_127_2.jpg	photodiode	1
4129.408	0.5	4129408	catch	32671	n/a	catch_padded.jpg	photodiode	0
4129.91	0.0	4129910	response	7	n/a	n/a	trigger	0
4131.46	0.5	4131460	untrained	32677	90	memtrain/o_580_1.jpg	photodiode	1
4132.21	0.5	4132210	untrained	32696	71	memtrain/o_483_1.jpg	photodiode	1
4133.003	0.5	4133003	untrained	32693	74	memtrain/o_550_1.jpg	photodiode	1
4133.854	0.5	4133854	catch	32671	n/a	catch_padded.jpg	photodiode	0
4134.331	0.0	4134331	response	7	n/a	n/a	trigger	0
4135.855	0.5	4135855	trained	32756	11	memtrain/o_117_2.jpg	photodiode	1
4136.656	0.5	4136656	trained	32723	44	memtrain/so_045_1.jpg	photodiode	1
4137.557	0.5	4137557	trained	32759	8	memtrain/o_094_1.jpg	photodiode	1
4138.307	0.5	4138307	trained	32751	16	memtrain/o_199_2.jpg	photodiode	1
4139.258	0.5	4139258	catch	32671	n/a	catch_padded.jpg	photodiode	0
4139.722	0.0	4139722	response	7	n/a	n/a	trigger	0
4141.268	0.5	4141268	untrained	32680	87	memtrain/o_365_1.jpg	photodiode	1
4142.211	0.5	4142211	trained	32750	17	memtrain/o_232_1.jpg	photodiode	1
4143.011	0.5	4143011	trained	32738	29	memtrain/o_416_1.jpg	photodiode	1
4143.962	0.5	4143962	trained	32747	20	memtrain/o_290_1.jpg	photodiode	1
4144.863	0.5	4144863	catch	32671	n/a	catch_padded.jpg	photodiode	0
4145.297	0.0	4145297	response	7	n/a	n/a	trigger	0
4146.865	0.5	4146865	untrained	32679	88	memtrain/o_458_1.jpg	photodiode	1
4147.715	0.5	4147715	untrained	32697	70	memtrain/o_471_2.jpg	photodiode	1
4148.516	0.5	4148516	trained	32736	31	memtrain/o_465_2.jpg	photodiode	1
4149.317	0.5	4149317	untrained	32682	85	memtrain/o_218_1.jpg	photodiode	1
4150.117	0.5	4150117	catch	32671	n/a	catch_padded.jpg	photodiode	0
4150.691	0.0	4150691	response	7	n/a	n/a	trigger	0
4152.169	0.5	4152169	trained	32743	24	memtrain/o_357_1.jpg	photodiode	1
4153.02	0.5	4153020	untrained	32712	55	memtrain/o_153_2.jpg	photodiode	1
4153.971	0.5	4153971	trained	32753	14	memtrain/o_174_1.jpg	photodiode	1
4154.771	0.5	4154771	trained	32734	33	memtrain/o_536_1.jpg	photodiode	1
4155.622	0.5	4155622	catch	32671	n/a	catch_padded.jpg	photodiode	0
4156.18	0.0	4156180	response	7	n/a	n/a	trigger	0
4157.524	0.5	4157524	untrained	32701	66	memtrain/o_342_2.jpg	photodiode	1
4158.424	0.5	4158424	trained	32721	46	memtrain/so_113_1.jpg	photodiode	1
4159.325	0.5	4159325	untrained	32715	52	memtrain/o_141_1.jpg	photodiode	1
4160.276	0.5	4160276	untrained	32694	73	memtrain/o_519_2.jpg	photodiode	1
4161.177	0.5	4161177	trained	32749	18	memtrain/o_264_2.jpg	photodiode	1
4162.119	0.5	4162119	catch	32671	n/a	catch_padded.jpg	photodiode	0
4162.684	0.0	4162684	response	7	n/a	n/a	trigger	0
4164.071	0.5	4164071	untrained	32686	81	memtrain/o_655_2.jpg	photodiode	1
4164.821	0.5	4164821	untrained	32689	78	memtrain/o_599_1.jpg	photodiode	1
4165.572	0.5	4165572	trained	32724	43	memtrain/so_043_2.jpg	photodiode	1
4166.323	0.5	4166323	untrained	32688	79	memtrain/o_600_1.jpg	photodiode	1
4167.073	0.5	4167073	catch	32671	n/a	catch_padded.jpg	photodiode	0
4167.567	0.0	4167567	response	7	n/a	n/a	trigger	0
4169.125	0.5	4169125	trained	32739	28	memtrain/o_397_1.jpg	photodiode	1
4169.876	0.5	4169876	untrained	32678	89	memtrain/o_469_1.jpg	photodiode	1
4170.777	0.5	4170777	untrained	32695	72	memtrain/o_490_1.jpg	photodiode	1
4171.727	0.5	4171727	untrained	32706	61	memtrain/o_298_2.jpg	photodiode	1
4172.528	0.5	4172528	untrained	32702	65	memtrain/o_337_2.jpg	photodiode	1
4173.329	0.5	4173329	catch	32671	n/a	catch_padded.jpg	photodiode	0
4173.893	0.0	4173893	response	7	n/a	n/a	trigger	0
4175.33	0.5	4175330	trained	32764	3	memtrain/o_040_2.jpg	photodiode	1
4176.181	0.5	4176181	untrained	32690	77	memtrain/o_574_2.jpg	photodiode	1
4177.132	0.5	4177132	trained	32748	19	memtrain/o_284_2.jpg	photodiode	1
4178.083	0.5	4178083	catch	32671	n/a	catch_padded.jpg	photodiode	0
4178.621	0.0	4178621	response	7	n/a	n/a	trigger	0
4180.185	0.5	4180185	untrained	32717	50	memtrain/o_057_2.jpg	photodiode	1
4180.985	0.5	4180985	trained	32763	4	memtrain/o_042_1.jpg	photodiode	1
4181.886	0.5	4181886	untrained	32685	82	memtrain/o_656_1.jpg	photodiode	1
4182.837	0.5	4182837	trained	32765	2	memtrain/o_035_1.jpg	photodiode	1
4183.738	0.5	4183738	catch	32671	n/a	catch_padded.jpg	photodiode	0
4184.155	0.0	4184155	response	7	n/a	n/a	trigger	0
4185.839	0.5	4185839	trained	32730	37	memtrain/o_597_1.jpg	photodiode	1
4186.79	0.5	4186790	untrained	32687	80	memtrain/o_613_1.jpg	photodiode	1
4187.641	0.5	4187641	trained	32722	45	memtrain/so_090_2.jpg	photodiode	1
4188.492	0.5	4188492	untrained	32704	63	memtrain/o_310_2.jpg	photodiode	1
4189.342	0.5	4189342	catch	32671	n/a	catch_padded.jpg	photodiode	0
4189.82	0.0	4189820	response	7	n/a	n/a	trigger	0
4191.436	0.5	4191436	trained	32766	1	memtrain/o_015_1.jpg	photodiode	1
4192.387	0.5	4192387	trained	32760	7	memtrain/o_091_2.jpg	photodiode	1
4193.137	0.5	4193137	trained	32758	9	memtrain/o_101_2.jpg	photodiode	1
4194.088	0.5	4194088	untrained	32713	54	memtrain/o_145_1.jpg	photodiode	1
4195.039	0.5	4195039	untrained	32674	93	memtrain/so_035_1.jpg	photodiode	1
4195.99	0.5	4195990	catch	32671	n/a	catch_padded.jpg	photodiode	0
4196.79	0.0	4196790	response	7	n/a	n/a	trigger	0
4198.091	0.5	4198091	untrained	32681	86	memtrain/o_288_1.jpg	photodiode	1
4198.892	0.5	4198892	trained	32754	13	memtrain/o_136_1.jpg	photodiode	1
4199.843	0.5	4199843	trained	32731	36	memtrain/o_583_1.jpg	photodiode	1
4200.644	0.5	4200644	untrained	32675	92	memtrain/so_033_1.jpg	photodiode	1
4201.494	0.5	4201494	catch	32671	n/a	catch_padded.jpg	photodiode	0
4202.019	0.0	4202019	response	7	n/a	n/a	trigger	0
4203.496	0.5	4203496	untrained	32691	76	memtrain/o_570_1.jpg	photodiode	1
4204.247	0.5	4204247	trained	32767	0	memtrain/o_006_1.jpg	photodiode	1
4204.997	0.5	4204997	untrained	32714	53	memtrain/o_142_2.jpg	photodiode	1
4205.748	0.5	4205748	trained	32744	23	memtrain/o_338_2.jpg	photodiode	1
4206.599	0.5	4206599	untrained	32716	51	memtrain/o_103_2.jpg	photodiode	1
4207.499	0.5	4207499	catch	32671	n/a	catch_padded.jpg	photodiode	0
4207.943	0.0	4207943	response	7	n/a	n/a	trigger	0
4209.974	0.0	4209974	block_end	120	n/a	n/a	trigger	0
