onset	duration	sample	trial_type	value	object_id	stimulus_id	onset_source	analysis_include
21.865	0.0	21865	response	6	n/a	n/a	trigger	0
21.87	0.0	21870	block_onset	101	n/a	n/a	trigger	0
23.93	0.5	23930	untrained	32702	65	memtrain/o_337_2.jpg	photodiode	1
24.731	0.5	24731	trained	32756	11	memtrain/o_117_2.jpg	photodiode	1
25.482	0.5	25482	trained	32747	20	memtrain/o_290_1.jpg	photodiode	1
26.432	0.5	26432	trained	32745	22	memtrain/o_321_1.jpg	photodiode	1
27.333	0.5	27333	catch	32671	n/a	catch_padded.jpg	photodiode	0
27.646	0.0	27646	response	6	n/a	n/a	trigger	0
29.326	0.5	29326	untrained	32703	64	memtrain/o_334_2.jpg	photodiode	1
30.077	0.5	30077	untrained	32687	80	memtrain/o_613_1.jpg	photodiode	1
30.878	0.5	30878	trained	32731	36	memtrain/o_583_1.jpg	photodiode	1
31.728	0.5	31728	catch	32671	n/a	catch_padded.jpg	photodiode	0
32.078	0.0	32078	response	6	n/a	n/a	trigger	0
33.739	0.5	33739	untrained	32672	95	memtrain/so_125_1.jpg	photodiode	1
34.481	0.5	34481	untrained	32691	76	memtrain/o_570_1.jpg	photodiode	1
35.39	0.5	35390	untrained	32709	58	memtrain/o_192_1.jpg	photodiode	1
36.132	0.5	36132	untrained	32684	83	memtrain/so_105_1.jpg	photodiode	1
37.033	0.5	37033	catch	32671	n/a	catch_padded.jpg	photodiode	0
37.317	0.0	37317	response	6	n/a	n/a	trigger	0
39.135	0.5	39135	untrained	32689	78	memtrain/o_599_1.jpg	photodiode	1
40.035	0.5	40035	trained	32766	1	memtrain/o_015_1.jpg	photodiode	1
40.836	0.5	40836	untrained	32681	86	memtrain/o_288_1.jpg	photodiode	1
41.787	0.5	41787	trained	32739	28	memtrain/o_397_1.jpg	photodiode	1
42.688	0.5	42688	untrained	32708	59	memtrain/o_201_2.jpg	photodiode	1
43.538	0.5	43538	catch	32671	n/a	catch_padded.jpg	photodiode	0
43.833	0.0	43833	response	6	n/a	n/a	trigger	0
45.54	0.5	45540	trained	32758	9	memtrain/o_101_2.jpg	photodiode	1
46.341	0.5	46341	untrained	32717	50	memtrain/o_057_2.jpg	photodiode	1
47.291	0.5	47291	trained	32762	5	memtrain/o_067_1.jpg	photodiode	1
48.042	0.5	48042	catch	32671	n/a	catch_padded.jpg	photodiode	0
48.401	0.0	48401	response	6	n/a	n/a	trigger	0
50.144	0.5	50144	trained	32743	24	memtrain/o_357_1.jpg	photodiode	1
50.945	0.5	50945	trained	32754	13	memtrain/o_136_1.jpg	photodiode	1
51.795	0.5	51795	untrained	32675	92	memtrain/so_033_1.jpg	photodiode	1
52.696	0.5	52696	catch	32671	n/a	catch_padded.jpg	photodiode	0
52.96	0.0	52960	response	6	n/a	n/a	trigger	0
54.698	0.5	54698	trained	32724	43	memtrain/so_043_2.jpg	photodiode	1
55.649	0.5	55649	untrained	32677	90	memtrain/o_580_1.jpg	photodiode	1
56.499	0.5	56499	trained	32763	4	memtrain/o_042_1.jpg	photodiode	1
57.442	0.5	57442	trained	32734	33	memtrain/o_536_1.jpg	photodiode	1
58.243	0.5	58243	catch	32671	n/a	catch_padded.jpg	photodiode	0
58.551	0.0	58551	response	6	n/a	n/a	trigger	0
60.345	0.5	60345	untrained	32694	73	memtrain/o_519_2.jpg	photodiode	1
61.095	0.5	61095	untrained	32688	79	memtrain/o_600_1.jpg	photodiode	1
61.846	0.5	61846	trained	32733	34	memtrain/o_558_2.jpg	photodiode	1
62.797	0.5	62797	trained	32746	21	memtrain/o_319_1.jpg	photodiode	1
63.647	0.5	63647	trained	32738	29	memtrain/o_416_1.jpg	photodiode	1
64.548	0.5	64548	catch	32671	n/a	catch_padded.jpg	photodiode	0
64.797	0.0	64797	response	6	n/a	n/a	trigger	0
66.45	0.5	66450	untrained	32706	61	memtrain/o_298_2.jpg	photodiode	1
67.3	0.5	67300	untrained	32685	82	memtrain/o_656_1.jpg	photodiode	1
68.051	0.5	68051	trained	32726	41	memtrain/o_663_2.jpg	photodiode	1
68.802	0.5	68802	untrained	32673	94	memtrain/so_067_1.jpg	photodiode	1
69.552	0.5	69552	catch	32671	n/a	catch_padded.jpg	photodiode	0
69.831	0.0	69831	response	6	n/a	n/a	trigger	0
71.504	0.5	71504	untrained	32679	88	memtrain/o_458_1.jpg	photodiode	1
72.255	0.5	72255	untrained	32713	54	memtrain/o_145_1.jpg	photodiode	1
73.155	0.5	73155	trained	32748	19	memtrain/o_284_2.jpg	photodiode	1
74.106	0.5	74106	trained	32759	8	memtrain/o_094_1.jpg	photodiode	1
74.857	0.5	74857	catch	32671	n/a	catch_padded.jpg	photodiode	0
75.19	0.0	75190	response	6	n/a	n/a	trigger	0
76.859	0.5	76859	trained	32729	38	memtrain/o_603_1.jpg	photodiode	1
77.759	0.5	77759	trained	32737	30	memtrain/o_437_2.jpg	photodiode	1
78.66	0.5	78660	untrained	32716	51	memtrain/o_103_2.jpg	photodiode	1
79.411	0.5	79411	trained	32741	26	memtrain/o_376_1.jpg	photodiode	1
80.261	0.5	80261	catch	32671	n/a	catch_padded.jpg	photodiode	0
80.536	0.0	80536	response	6	n/a	n/a	trigger	0
82.213	0.5	82213	untrained	32680	87	memtrain/o_365_1.jpg	photodiode	1
83.064	0.5	83064	trained	32735	32	memtrain/o_485_2.jpg	photodiode	1
83.814	0.5	83814	trained	32723	44	memtrain/so_045_1.jpg	photodiode	1
84.565	0.5	84565	untrained	32711	56	memtrain/o_163_2.jpg	photodiode	1
85.416	0.5	85416	untrained	32683	84	memtrain/so_117_2.jpg	photodiode	1
86.158	0.5	86158	catch	32671	n/a	catch_padded.jpg	photodiode	0
86.442	0.0	86442	response	6	n/a	n/a	trigger	0
88.159	0.5	88159	untrained	32712	55	memtrain/o_153_2.jpg	photodiode	1
89.11	0.5	89110	trained	32742	25	memtrain/o_358_2.jpg	photodiode	1
90.061	0.5	90061	untrained	32707	60	memtrain/o_228_2.jpg	photodiode	1
91.012	0.5	91012	untrained	32698	69	memtrain/o_464_2.jpg	photodiode	1
91.871	0.5	91871	untrained	32705	62	memtrain/o_304_1.jpg	photodiode	1
92.672	0.5	92672	catch	32671	n/a	catch_padded.jpg	photodiode	0
92.953	0.0	92953	response	6	n/a	n/a	trigger	0
94.765	0.5	94765	trained	32732	35	memtrain/o_561_2.jpg	photodiode	1
95.616	0.5	95616	trained	32750	17	memtrain/o_232_1.jpg	photodiode	1
96.466	0.5	96466	untrained	32678	89	memtrain/o_469_1.jpg	photodiode	1
97.417	0.5	97417	catch	32671	n/a	catch_padded.jpg	photodiode	0
97.762	0.0	97762	response	6	n/a	n/a	trigger	0
99.369	0.5	99369	trained	32736	31	memtrain/o_465_2.jpg	photodiode	1
100.17	0.5	100170	untrained	32692	75	memtrain/o_564_1.jpg	photodiode	1
100.97	0.5	100970	trained	32753	14	memtrain/o_174_1.jpg	photodiode	1
101.771	0.5	101771	untrained	32676	91	memtrain/o_605_1.jpg	photodiode	1
102.672	0.5	102672	trained	32752	15	memtrain/o_195_1.jpg	photodiode	1
103.472	0.5	103472	catch	32671	n/a	catch_padded.jpg	photodiode	0
103.77	0.0	103770	response	6	n/a	n/a	trigger	0
105.374	0.5	105374	untrained	32696	71	memtrain/o_483_1.jpg	photodiode	1
106.175	0.5	106175	untrained	32695	72	memtrain/o_490_1.jpg	photodiode	1
107.025	0.5	107025	untrained	32674	93	memtrain/so_035_1.jpg	photodiode	1
107.776	0.5	107776	catch	32671	n/a	catch_padded.jpg	photodiode	0
108.207	0.0	108207	response	6	n/a	n/a	trigger	0
109.728	0.5	109728	trained	32720	47	memtrain/so_147_2.jpg	photodiode	1
110.578	0.5	110578	trained	32740	27	memtrain/o_379_2.jpg	photodiode	1
111.479	0.5	111479	untrained	32700	67	memtrain/o_378_1.jpg	photodiode	1
112.38	0.5	112380	trained	32757	10	memtrain/o_111_2.jpg	photodiode	1
113.231	0.5	113231	catch	32671	n/a	catch_padded.jpg	photodiode	0
113.552	0.0	113552	response	6	n/a	n/a	trigger	0
115.324	0.5	115324	trained	32755	12	memtrain/o_127_2.jpg	photodiode	1
116.133	0.5	116133	trained	32765	2	memtrain/o_035_1.jpg	photodiode	1
117.076	0.5	117076	untrained	32682	85	memtrain/o_218_1.jpg	photodiode	1
118.027	0.5	118027	catch	32671	n/a	catch_padded.jpg	photodiode	0
118.368	0.0	118368	response	6	n/a	n/a	trigger	0
119.978	0.5	119978	untrained	32697	70	memtrain/o_471_2.jpg	photodiode	1
120.879	0.5	120879	trained	32751	16	memtrain/o_199_2.jpg	photodiode	1
121.78	0.5	121780	untrained	32710	57	memtrain/o_171_1.jpg	photodiode	1
122.581	0.5	122581	untrained	32715	52	memtrain/o_141_1.jpg	photodiode	1
123.481	0.5	123481	untrained	32704	63	memtrain/o_310_2.jpg	photodiode	1
124.332	0.5	124332	catch	32671	n/a	catch_padded.jpg	photodiode	0
124.634	0.0	124634	response	6	n/a	n/a	trigger	0
126.434	0.5	126434	untrained	32699	68	memtrain/o_393_1.jpg	photodiode	1
127.385	0.5	127385	untrained	32690	77	memtrain/o_574_2.jpg	photodiode	1
128.135	0.5	128135	trained	32730	37	memtrain/o_597_1.jpg	photodiode	1
129.036	0.5	129036	trained	32760	7	memtrain/o_091_2.jpg	photodiode	1
129.787	0.5	129787	catch	32671	n/a	catch_padded.jpg	photodiode	0
130.077	0.0	130077	response	6	n/a	n/a	trigger	0
131.889	0.5	131889	untrained	32714	53	memtrain/o_142_2.jpg	photodiode	1
132.689	0.5	132689	trained	32728	39	memtrain/o_606_1.jpg	photodiode	1
133.54	0.5	133540	untrained	32719	48	memtrain/o_019_2.jpg	photodiode	1
134.341	0.5	134341	catch	32671	n/a	catch_padded.jpg	photodiode	0
134.737	0.0	134737	response	6	n/a	n/a	trigger	0
136.242	0.5	136242	trained	32749	18	memtrain/o_264_2.jpg	photodiode	1
136.993	0.5	136993	trained	32722	45	memtrain/so_090_2.jpg	photodiode	1
137.944	0.5	137944	untrained	32686	81	memtrain/o_655_2.jpg	photodiode	1
138.844	0.5	138844	catch	32671	n/a	catch_padded.jpg	photodiode	0
139.145	0.0	139145	response	6	n/a	n/a	trigger	0
140.846	0.5	140846	trained	32761	6	memtrain/o_076_1.jpg	photodiode	1
141.747	0.5	141747	trained	32727	40	memtrain/o_648_2.jpg	photodiode	1
142.548	0.5	142548	trained	32744	23	memtrain/o_338_2.jpg	photodiode	1
143.398	0.5	143398	catch	32671	n/a	catch_padded.jpg	photodiode	0
143.684	0.0	143684	response	6	n/a	n/a	trigger	0
145.491	0.5	145491	trained	32767	0	memtrain/o_006_1.jpg	photodiode	1
146.392	0.5	146392	trained	32725	42	memtrain/so_034_2.jpg	photodiode	1
147.343	0.5	147343	untrained	32718	49	memtrain/o_054_2.jpg	photodiode	1
148.144	0.5	148144	untrained	32701	66	memtrain/o_342_2.jpg	photodiode	1
148.994	0.5	148994	trained	32764	3	memtrain/o_040_2.jpg	photodiode	1
149.895	0.5	149895	catch	32671	n/a	catch_padded.jpg	photodiode	0
150.233	0.0	150233	response	6	n/a	n/a	trigger	0
151.947	0.5	151947	trained	32721	46	memtrain/so_113_1.jpg	photodiode	1
152.748	0.5	152748	untrained	32693	74	memtrain/o_550_1.jpg	photodiode	1
153.598	0.5	153598	trained	32728	39	memtrain/o_606_1.jpg	photodiode	1
154.399	0.5	154399	untrained	32701	66	memtrain/o_342_2.jpg	photodiode	1
155.15	0.5	155150	catch	32671	n/a	catch_padded.jpg	photodiode	0
155.47	0.0	155470	response	6	n/a	n/a	trigger	0
157.201	0.5	157201	trained	32759	8	memtrain/o_094_1.jpg	photodiode	1
158.052	0.5	158052	untrained	32683	84	memtrain/so_117_2.jpg	photodiode	1
158.853	0.5	158853	trained	32733	34	memtrain/o_558_2.jpg	photodiode	1
159.804	0.5	159804	trained	32744	23	memtrain/o_338_2.jpg	photodiode	1
160.554	0.5	160554	trained	32756	11	memtrain/o_117_2.jpg	photodiode	1
161.355	0.5	161355	catch	32671	n/a	catch_padded.jpg	photodiode	0
161.623	0.0	161623	response	6	n/a	n/a	trigger	0
163.306	0.5	163306	trained	32734	33	memtrain/o_536_1.jpg	photodiode	1
164.207	0.5	164207	untrained	32713	54	memtrain/o_145_1.jpg	photodiode	1
165.108	0.5	165108	untrained	32697	70	memtrain/o_471_2.jpg	photodiode	1
165.909	0.5	165909	catch	32671	n/a	catch_padded.jpg	photodiode	0
166.232	0.0	166232	response	6	n/a	n/a	trigger	0
167.86	0.5	167860	untrained	32684	83	memtrain/so_105_1.jpg	photodiode	1
168.661	0.5	168661	trained	32737	30	memtrain/o_437_2.jpg	photodiode	1
169.412	0.5	169412	trained	32727	40	memtrain/o_648_2.jpg	photodiode	1
170.162	0.5	170162	catch	32671	n/a	catch_padded.jpg	photodiode	0
170.482	0.0	170482	response	6	n/a	n/a	trigger	0
172.064	0.5	172064	trained	32760	7	memtrain/o_091_2.jpg	photodiode	1
172.815	0.5	172815	untrained	32674	93	memtrain/so_035_1.jpg	photodiode	1
173.557	0.5	173557	trained	32755	12	memtrain/o_127_2.jpg	photodiode	1
174.408	0.5	174408	catch	32671	n/a	catch_padded.jpg	photodiode	0
174.724	0.0	174724	response	6	n/a	n/a	trigger	0
176.46	0.5	176460	untrained	32676	91	memtrain/o_605_1.jpg	photodiode	1
177.41	0.5	177410	untrained	32673	94	memtrain/so_067_1.jpg	photodiode	1
178.161	0.5	178161	untrained	32682	85	memtrain/o_218_1.jpg	photodiode	1
179.012	0.5	179012	catch	32671	n/a	catch_padded.jpg	photodiode	0
179.345	0.0	179345	response	6	n/a	n/a	trigger	0
181.014	0.5	181014	trained	32745	22	memtrain/o_321_1.jpg	photodiode	1
181.814	0.5	181814	trained	32730	37	memtrain/o_597_1.jpg	photodiode	1
182.765	0.5	182765	trained	32749	18	memtrain/o_264_2.jpg	photodiode	1
183.516	0.5	183516	trained	32742	25	memtrain/o_358_2.jpg	photodiode	1
184.266	0.5	184266	catch	32671	n/a	catch_padded.jpg	photodiode	0
184.578	0.0	184578	response	6	n/a	n/a	trigger	0
186.318	0.5	186318	trained	32736	31	memtrain/o_465_2.jpg	photodiode	1
187.169	0.5	187169	untrained	32712	55	memtrain/o_153_2.jpg	photodiode	1
187.919	0.5	187919	trained	32721	46	memtrain/so_113_1.jpg	photodiode	1
188.82	0.5	188820	untrained	32700	67	memtrain/o_378_1.jpg	photodiode	1
189.721	0.5	189721	catch	32671	n/a	catch_padded.jpg	photodiode	0
189.982	0.0	189982	response	6	n/a	n/a	trigger	0
191.723	0.5	191723	untrained	32677	90	memtrain/o_580_1.jpg	photodiode	1
192.623	0.5	192623	untrained	32690	77	memtrain/o_574_2.jpg	photodiode	1
193.474	0.5	193474	trained	32725	42	memtrain/so_034_2.jpg	photodiode	1
194.375	0.5	194375	untrained	32678	89	memtrain/o_469_1.jpg	photodiode	1
195.276	0.5	195276	catch	32671	n/a	catch_padded.jpg	photodiode	0
195.594	0.0	195594	response	6	n/a	n/a	trigger	0
197.377	0.5	197377	trained	32761	6	memtrain/o_076_1.jpg	photodiode	1
198.328	0.5	198328	trained	32752	15	memtrain/o_195_1.jpg	photodiode	1
199.229	0.5	199229	trained	32746	21	memtrain/o_319_1.jpg	photodiode	1
200.03	0.5	200030	catch	32671	n/a	catch_padded.jpg	photodiode	0
200.401	0.0	200401	response	6	n/a	n/a	trigger	0
202.131	0.5	202131	trained	32740	27	memtrain/o_379_2.jpg	photodiode	1
203.024	0.5	203024	trained	32751	16	memtrain/o_199_2.jpg	photodiode	1
203.774	0.5	203774	untrained	32702	65	memtrain/o_337_2.jpg	photodiode	1
204.725	0.5	204725	untrained	32681	86	memtrain/o_288_1.jpg	photodiode	1
205.526	0.5	205526	untrained	32698	69	memtrain/o_464_2.jpg	photodiode	1
206.426	0.5	206426	catch	32671	n/a	catch_padded.jpg	photodiode	0
206.754	0.0	206754	response	6	n/a	n/a	trigger	0
208.428	0.5	208428	trained	32748	19	memtrain/o_284_2.jpg	photodiode	1
209.279	0.5	209279	untrained	32695	72	memtrain/o_490_1.jpg	photodiode	1
210.13	0.5	210130	trained	32763	4	memtrain/o_042_1.jpg	photodiode	1
210.88	0.5	210880	trained	32735	32	memtrain/o_485_2.jpg	photodiode	1
211.831	0.5	211831	trained	32732	35	memtrain/o_561_2.jpg	photodiode	1
212.732	0.5	212732	catch	32671	n/a	catch_padded.jpg	photodiode	0
213.067	0.0	213067	response	6	n/a	n/a	trigger	0
214.783	0.5	214783	untrained	32718	49	memtrain/o_054_2.jpg	photodiode	1
215.693	0.5	215693	trained	32750	17	memtrain/o_232_1.jpg	photodiode	1
216.535	0.5	216535	trained	32723	44	memtrain/so_045_1.jpg	photodiode	1
217.386	0.5	217386	untrained	32686	81	memtrain/o_655_2.jpg	photodiode	1
218.286	0.5	218286	trained	32764	3	memtrain/o_040_2.jpg	photodiode	1
219.237	0.5	219237	catch	32671	n/a	catch_padded.jpg	photodiode	0
219.464	0.0	219464	response	6	n/a	n/a	trigger	0
221.339	0.5	221339	trained	32743	24	memtrain/o_357_1.jpg	photodiode	1
222.24	0.5	222240	untrained	32719	48	memtrain/o_019_2.jpg	photodiode	1
223.191	0.5	223191	untrained	32679	88	memtrain/o_458_1.jpg	photodiode	1
223.941	0.5	223941	untrained	32707	60	memtrain/o_228_2.jpg	photodiode	1
224.692	0.5	224692	trained	32729	38	memtrain/o_603_1.jpg	photodiode	1
225.443	0.5	225443	catch	32671	n/a	catch_padded.jpg	photodiode	0
225.731	0.0	225731	response	6	n/a	n/a	trigger	0
227.344	0.5	227344	untrained	32710	57	memtrain/o_171_1.jpg	photodiode	1
228.145	0.5	228145	untrained	32703	64	memtrain/o_334_2.jpg	photodiode	1
229.046	0.5	229046	trained	32724	43	memtrain/so_043_2.jpg	photodiode	1
229.996	0.5	229996	catch	32671	n/a	catch_padded.jpg	photodiode	0
230.486	0.0	230486	response	6	n/a	n/a	trigger	0
231.94	0.5	231940	untrained	32704	63	memtrain/o_310_2.jpg	photodiode	1
232.891	0.5	232891	trained	32720	47	memtrain/so_147_2.jpg	photodiode	1
233.792	0.5	233792	untrained	32680	87	memtrain/o_365_1.jpg	photodiode	1
234.642	0.5	234642	catch	32671	n/a	catch_padded.jpg	photodiode	0
234.936	0.0	234936	response	6	n/a	n/a	trigger	0
236.594	0.5	236594	untrained	32696	71	memtrain/o_483_1.jpg	photodiode	1
237.395	0.5	237395	untrained	32685	82	memtrain/o_656_1.jpg	photodiode	1
238.245	0.5	238245	trained	32738	29	memtrain/o_416_1.jpg	photodiode	1
239.046	0.5	239046	untrained	32687	80	memtrain/o_613_1.jpg	photodiode	1
239.797	0.5	239797	catch	32671	n/a	catch_padded.jpg	photodiode	0
240.092	0.0	240092	response	6	n/a	n/a	trigger	0
241.698	0.5	241698	untrained	32672	95	memtrain/so_125_1.jpg	photodiode	1
242.599	0.5	242599	untrained	32714	53	memtrain/o_142_2.jpg	photodiode	1
243.4	0.5	243400	trained	32765	2	memtrain/o_035_1.jpg	photodiode	1
244.25	0.5	244250	trained	32767	0	memtrain/o_006_1.jpg	photodiode	1
245.051	0.5	245051	catch	32671	n/a	catch_padded.jpg	photodiode	0
245.372	0.0	245372	response	6	n/a	n/a	trigger	0
247.003	0.5	247003	untrained	32692	75	memtrain/o_564_1.jpg	photodiode	1
247.803	0.5	247803	untrained	32709	58	memtrain/o_192_1.jpg	photodiode	1
248.654	0.5	248654	trained	32766	1	memtrain/o_015_1.jpg	photodiode	1
249.455	0.5	249455	untrained	32675	92	memtrain/so_033_1.jpg	photodiode	1
250.356	0.5	250356	untrained	32694	73	memtrain/o_519_2.jpg	photodiode	1
251.106	0.5	251106	catch	32671	n/a	catch_padded.jpg	photodiode	0
251.389	0.0	251389	response	6	n/a	n/a	trigger	0
253.208	0.5	253208	untrained	32689	78	memtrain/o_599_1.jpg	photodiode	1
254.109	0.5	254109	trained	32753	14	memtrain/o_174_1.jpg	photodiode	1
254.859	0.5	254859	trained	32726	41	memtrain/o_663_2.jpg	photodiode	1
255.81	0.5	255810	untrained	32693	74	memtrain/o_550_1.jpg	photodiode	1
256.761	0.5	256761	catch	32671	n/a	catch_padded.jpg	photodiode	0
257.041	0.0	257041	response	6	n/a	n/a	trigger	0
258.863	0.5	258863	untrained	32688	79	memtrain/o_600_1.jpg	photodiode	1
259.714	0.5	259714	untrained	32705	62	memtrain/o_304_1.jpg	photodiode	1
260.664	0.5	260664	trained	32747	20	memtrain/o_290_1.jpg	photodiode	1
261.506	0.5	261506	trained	32739	28	memtrain/o_397_1.jpg	photodiode	1
262.257	0.5	262257	untrained	32699	68	memtrain/o_393_1.jpg	photodiode	1
263.058	0.5	263058	catch	32671	n/a	catch_padded.jpg	photodiode	0
263.332	0.0	263332	response	6	n/a	n/a	trigger	0
265.059	0.5	265059	trained	32741	26	memtrain/o_376_1.jpg	photodiode	1
265.96	0.5	265960	trained	32758	9	memtrain/o_101_2.jpg	photodiode	1
266.711	0.5	266711	trained	32762	5	memtrain/o_067_1.jpg	photodiode	1
267.612	0.5	267612	trained	32722	45	memtrain/so_090_2.jpg	photodiode	1
268.362	0.5	268362	trained	32731	36	memtrain/o_583_1.jpg	photodiode	1
269.113	0.5	269113	catch	32671	n/a	catch_padded.jpg	photodiode	0
269.38	0.0	269380	response	6	n/a	n/a	trigger	0
271.165	0.5	271165	untrained	32717	50	memtrain/o_057_2.jpg	photodiode	1
271.965	0.5	271965	trained	32754	13	memtrain/o_136_1.jpg	photodiode	1
272.916	0.5	272916	untrained	32691	76	memtrain/o_570_1.jpg	photodiode	1
273.867	0.5	273867	untrained	32708	59	memtrain/o_201_2.jpg	photodiode	1
274.668	0.5	274668	untrained	32715	52	memtrain/o_141_1.jpg	photodiode	1
275.518	0.5	275518	catch	32671	n/a	catch_padded.jpg	photodiode	0
275.8	0.0	275800	response	6	n/a	n/a	trigger	0
277.62	0.5	277620	untrained	32711	56	memtrain/o_163_2.jpg	photodiode	1
278.471	0.5	278471	untrained	32716	51	memtrain/o_103_2.jpg	photodiode	1
279.271	0.5	279271	untrained	32706	61	memtrain/o_298_2.jpg	photodiode	1
280.222	0.5	280222	trained	32757	10	memtrain/o_111_2.jpg	photodiode	1
281.173	0.5	281173	catch	32671	n/a	catch_padded.jpg	photodiode	0
281.512	0.0	281512	response	6	n/a	n/a	trigger	0
283.643	0.0	283643	block_end	120	n/a	n/a	trigger	0
297.902	0.0	297902	response	6	n/a	n/a	trigger	0
297.904	0.0	297904	block_onset	102	n/a	n/a	trigger	0
299.964	0.5	299964	untrained	32688	79	memtrain/o_600_1.jpg	photodiode	1
300.765	0.5	300765	untrained	32702	65	memtrain/o_337_2.jpg	photodiode	1
301.707	0.5	301707	untrained	32676	91	memtrain/o_605_1.jpg	photodiode	1
302.458	0.5	302458	catch	32671	n/a	catch_padded.jpg	photodiode	0
302.793	0.0	302793	response	6	n/a	n/a	trigger	0
304.46	0.5	304460	trained	32756	11	memtrain/o_117_2.jpg	photodiode	1
305.21	0.5	305210	trained	32754	13	memtrain/o_136_1.jpg	photodiode	1
306.061	0.5	306061	untrained	32672	95	memtrain/so_125_1.jpg	photodiode	1
307.012	0.5	307012	catch	32671	n/a	catch_padded.jpg	photodiode	0
307.361	0.0	307361	response	6	n/a	n/a	trigger	0
309.063	0.5	309063	untrained	32698	69	memtrain/o_464_2.jpg	photodiode	1
309.814	0.5	309814	untrained	32681	86	memtrain/o_288_1.jpg	photodiode	1
310.665	0.5	310665	untrained	32703	64	memtrain/o_334_2.jpg	photodiode	1
311.566	0.5	311566	catch	32671	n/a	catch_padded.jpg	photodiode	0
311.897	0.0	311897	response	6	n/a	n/a	trigger	0
313.617	0.5	313617	trained	32765	2	memtrain/o_035_1.jpg	photodiode	1
314.518	0.5	314518	trained	32751	16	memtrain/o_199_2.jpg	photodiode	1
315.369	0.5	315369	untrained	32675	92	memtrain/so_033_1.jpg	photodiode	1
316.169	0.5	316169	catch	32671	n/a	catch_padded.jpg	photodiode	0
316.478	0.0	316478	response	6	n/a	n/a	trigger	0
318.221	0.5	318221	trained	32740	27	memtrain/o_379_2.jpg	photodiode	1
319.172	0.5	319172	untrained	32699	68	memtrain/o_393_1.jpg	photodiode	1
319.923	0.5	319923	untrained	32712	55	memtrain/o_153_2.jpg	photodiode	1
320.823	0.5	320823	trained	32720	47	memtrain/so_147_2.jpg	photodiode	1
321.624	0.5	321624	untrained	32685	82	memtrain/o_656_1.jpg	photodiode	1
322.575	0.5	322575	catch	32671	n/a	catch_padded.jpg	photodiode	0
322.784	0.0	322784	response	6	n/a	n/a	trigger	0
324.527	0.5	324527	untrained	32683	84	memtrain/so_117_2.jpg	photodiode	1
325.477	0.5	325477	untrained	32710	57	memtrain/o_171_1.jpg	photodiode	1
326.278	0.5	326278	trained	32723	44	memtrain/so_045_1.jpg	photodiode	1
327.079	0.5	327079	trained	32760	7	memtrain/o_091_2.jpg	photodiode	1
327.979	0.5	327979	untrained	32717	50	memtrain/o_057_2.jpg	photodiode	1
328.88	0.5	328880	catch	32671	n/a	catch_padded.jpg	photodiode	0
329.117	0.0	329117	response	6	n/a	n/a	trigger	0
330.824	0.5	330824	trained	32746	21	memtrain/o_319_1.jpg	photodiode	1
331.733	0.5	331733	trained	32724	43	memtrain/so_043_2.jpg	photodiode	1
332.683	0.5	332683	trained	32763	4	memtrain/o_042_1.jpg	photodiode	1
333.576	0.5	333576	trained	32766	1	memtrain/o_015_1.jpg	photodiode	1
334.327	0.5	334327	untrained	32684	83	memtrain/so_105_1.jpg	photodiode	1
335.228	0.5	335228	catch	32671	n/a	catch_padded.jpg	photodiode	0
335.479	0.0	335479	response	6	n/a	n/a	trigger	0
337.179	0.5	337179	trained	32767	0	memtrain/o_006_1.jpg	photodiode	1
337.98	0.5	337980	untrained	32711	56	memtrain/o_163_2.jpg	photodiode	1
338.831	0.5	338831	untrained	32709	58	memtrain/o_192_1.jpg	photodiode	1
339.731	0.5	339731	trained	32721	46	memtrain/so_113_1.jpg	photodiode	1
340.532	0.5	340532	catch	32671	n/a	catch_padded.jpg	photodiode	0
340.792	0.0	340792	response	6	n/a	n/a	trigger	0
342.534	0.5	342534	trained	32749	18	memtrain/o_264_2.jpg	photodiode	1
343.435	0.5	343435	untrained	32678	89	memtrain/o_469_1.jpg	photodiode	1
344.335	0.5	344335	untrained	32705	62	memtrain/o_304_1.jpg	photodiode	1
345.136	0.5	345136	untrained	32690	77	memtrain/o_574_2.jpg	photodiode	1
345.887	0.5	345887	untrained	32691	76	memtrain/o_570_1.jpg	photodiode	1
346.637	0.5	346637	catch	32671	n/a	catch_padded.jpg	photodiode	0
346.865	0.0	346865	response	6	n/a	n/a	trigger	0
348.589	0.5	348589	trained	32726	41	memtrain/o_663_2.jpg	photodiode	1
349.39	0.5	349390	trained	32764	3	memtrain/o_040_2.jpg	photodiode	1
350.29	0.5	350290	untrained	32679	88	memtrain/o_458_1.jpg	photodiode	1
351.091	0.5	351091	untrained	32719	48	memtrain/o_019_2.jpg	photodiode	1
351.992	0.5	351992	catch	32671	n/a	catch_padded.jpg	photodiode	0
352.291	0.0	352291	response	6	n/a	n/a	trigger	0
354.094	0.5	354094	trained	32731	36	memtrain/o_583_1.jpg	photodiode	1
354.894	0.5	354894	untrained	32715	52	memtrain/o_141_1.jpg	photodiode	1
355.795	0.5	355795	trained	32734	33	memtrain/o_536_1.jpg	photodiode	1
356.746	0.5	356746	trained	32744	23	memtrain/o_338_2.jpg	photodiode	1
357.496	0.5	357496	catch	32671	n/a	catch_padded.jpg	photodiode	0
357.842	0.0	357842	response	6	n/a	n/a	trigger	0
359.598	0.5	359598	trained	32737	30	memtrain/o_437_2.jpg	photodiode	1
360.499	0.5	360499	untrained	32706	61	memtrain/o_298_2.jpg	photodiode	1
361.25	0.5	361250	untrained	32701	66	memtrain/o_342_2.jpg	photodiode	1
362.05	0.5	362050	untrained	32693	74	memtrain/o_550_1.jpg	photodiode	1
362.892	0.5	362892	untrained	32686	81	memtrain/o_655_2.jpg	photodiode	1
363.693	0.5	363693	catch	32671	n/a	catch_padded.jpg	photodiode	0
364.008	0.0	364008	response	6	n/a	n/a	trigger	0
365.695	0.5	365695	untrained	32713	54	memtrain/o_145_1.jpg	photodiode	1
366.545	0.5	366545	trained	32729	38	memtrain/o_603_1.jpg	photodiode	1
367.396	0.5	367396	untrained	32677	90	memtrain/o_580_1.jpg	photodiode	1
368.347	0.5	368347	untrained	32695	72	memtrain/o_490_1.jpg	photodiode	1
369.098	0.5	369098	untrained	32680	87	memtrain/o_365_1.jpg	photodiode	1
369.948	0.5	369948	catch	32671	n/a	catch_padded.jpg	photodiode	0
370.223	0.0	370223	response	6	n/a	n/a	trigger	0
371.909	0.5	371909	untrained	32674	93	memtrain/so_035_1.jpg	photodiode	1
372.701	0.5	372701	untrained	32700	67	memtrain/o_378_1.jpg	photodiode	1
373.652	0.5	373652	trained	32742	25	memtrain/o_358_2.jpg	photodiode	1
374.602	0.5	374602	trained	32747	20	memtrain/o_290_1.jpg	photodiode	1
375.553	0.5	375553	catch	32671	n/a	catch_padded.jpg	photodiode	0
375.828	0.0	375828	response	6	n/a	n/a	trigger	0
377.655	0.5	377655	trained	32755	12	memtrain/o_127_2.jpg	photodiode	1
378.556	0.5	378556	untrained	32673	94	memtrain/so_067_1.jpg	photodiode	1
379.406	0.5	379406	trained	32739	28	memtrain/o_397_1.jpg	photodiode	1
380.157	0.5	380157	untrained	32689	78	memtrain/o_599_1.jpg	photodiode	1
380.908	0.5	380908	catch	32671	n/a	catch_padded.jpg	photodiode	0
381.212	0.0	381212	response	6	n/a	n/a	trigger	0
382.959	0.5	382959	trained	32757	10	memtrain/o_111_2.jpg	photodiode	1
383.86	0.5	383860	untrained	32708	59	memtrain/o_201_2.jpg	photodiode	1
384.611	0.5	384611	trained	32738	29	memtrain/o_416_1.jpg	photodiode	1
385.512	0.5	385512	untrained	32694	73	memtrain/o_519_2.jpg	photodiode	1
386.412	0.5	386412	catch	32671	n/a	catch_padded.jpg	photodiode	0
386.653	0.0	386653	response	6	n/a	n/a	trigger	0
388.464	0.5	388464	trained	32735	32	memtrain/o_485_2.jpg	photodiode	1
389.365	0.5	389365	trained	32725	42	memtrain/so_034_2.jpg	photodiode	1
390.316	0.5	390316	trained	32743	24	memtrain/o_357_1.jpg	photodiode	1
391.208	0.5	391208	trained	32761	6	memtrain/o_076_1.jpg	photodiode	1
391.959	0.5	391959	untrained	32707	60	memtrain/o_228_2.jpg	photodiode	1
392.818	0.5	392818	catch	32671	n/a	catch_padded.jpg	photodiode	0
393.15	0.0	393150	response	6	n/a	n/a	trigger	0
394.811	0.5	394811	untrained	32687	80	memtrain/o_613_1.jpg	photodiode	1
395.662	0.5	395662	untrained	32682	85	memtrain/o_218_1.jpg	photodiode	1
396.513	0.5	396513	untrained	32714	53	memtrain/o_142_2.jpg	photodiode	1
397.264	0.5	397264	trained	32736	31	memtrain/o_465_2.jpg	photodiode	1
398.114	0.5	398114	catch	32671	n/a	catch_padded.jpg	photodiode	0
398.362	0.0	398362	response	6	n/a	n/a	trigger	0
400.216	0.5	400216	trained	32759	8	memtrain/o_094_1.jpg	photodiode	1
401.067	0.5	401067	trained	32748	19	memtrain/o_284_2.jpg	photodiode	1
401.817	0.5	401817	trained	32722	45	memtrain/so_090_2.jpg	photodiode	1
402.768	0.5	402768	trained	32745	22	memtrain/o_321_1.jpg	photodiode	1
403.619	0.5	403619	untrained	32718	49	memtrain/o_054_2.jpg	photodiode	1
404.52	0.5	404520	catch	32671	n/a	catch_padded.jpg	photodiode	0
404.889	0.0	404889	response	6	n/a	n/a	trigger	0
406.421	0.5	406421	untrained	32716	51	memtrain/o_103_2.jpg	photodiode	1
407.322	0.5	407322	untrained	32692	75	memtrain/o_564_1.jpg	photodiode	1
408.223	0.5	408223	untrained	32697	70	memtrain/o_471_2.jpg	photodiode	1
409.023	0.5	409023	trained	32741	26	memtrain/o_376_1.jpg	photodiode	1
409.974	0.5	409974	catch	32671	n/a	catch_padded.jpg	photodiode	0
410.286	0.0	410286	response	6	n/a	n/a	trigger	0
411.926	0.5	411926	trained	32758	9	memtrain/o_101_2.jpg	photodiode	1
412.777	0.5	412777	trained	32762	5	memtrain/o_067_1.jpg	photodiode	1
413.527	0.5	413527	trained	32732	35	memtrain/o_561_2.jpg	photodiode	1
414.478	0.5	414478	trained	32727	40	memtrain/o_648_2.jpg	photodiode	1
415.279	0.5	415279	trained	32733	34	memtrain/o_558_2.jpg	photodiode	1
416.079	0.5	416079	catch	32671	n/a	catch_padded.jpg	photodiode	0
416.367	0.0	416367	response	6	n/a	n/a	trigger	0
417.981	0.5	417981	trained	32753	14	memtrain/o_174_1.jpg	photodiode	1
418.832	0.5	418832	trained	32750	17	memtrain/o_232_1.jpg	photodiode	1
419.683	0.5	419683	untrained	32704	63	memtrain/o_310_2.jpg	photodiode	1
420.475	0.5	420475	catch	32671	n/a	catch_padded.jpg	photodiode	0
420.837	0.0	420837	response	6	n/a	n/a	trigger	0
422.426	0.5	422426	untrained	32696	71	memtrain/o_483_1.jpg	photodiode	1
423.327	0.5	423327	trained	32730	37	memtrain/o_597_1.jpg	photodiode	1
424.178	0.5	424178	trained	32752	15	memtrain/o_195_1.jpg	photodiode	1
425.078	0.5	425078	catch	32671	n/a	catch_padded.jpg	photodiode	0
425.394	0.0	425394	response	6	n/a	n/a	trigger	0
427.13	0.5	427130	trained	32728	39	memtrain/o_606_1.jpg	photodiode	1
427.981	0.5	427981	untrained	32675	92	memtrain/so_033_1.jpg	photodiode	1
428.832	0.5	428832	trained	32738	29	memtrain/o_416_1.jpg	photodiode	1
429.782	0.5	429782	catch	32671	n/a	catch_padded.jpg	photodiode	0
430.075	0.0	430075	response	6	n/a	n/a	trigger	0
431.834	0.5	431834	trained	32750	17	memtrain/o_232_1.jpg	photodiode	1
432.735	0.5	432735	untrained	32717	50	memtrain/o_057_2.jpg	photodiode	1
433.486	0.5	433486	untrained	32682	85	memtrain/o_218_1.jpg	photodiode	1
434.236	0.5	434236	trained	32724	43	memtrain/so_043_2.jpg	photodiode	1
434.987	0.5	434987	catch	32671	n/a	catch_padded.jpg	photodiode	0
435.27	0.0	435270	response	6	n/a	n/a	trigger	0
437.039	0.5	437039	untrained	32711	56	memtrain/o_163_2.jpg	photodiode	1
437.889	0.5	437889	untrained	32718	49	memtrain/o_054_2.jpg	photodiode	1
438.64	0.5	438640	trained	32748	19	memtrain/o_284_2.jpg	photodiode	1
439.441	0.5	439441	trained	32727	40	memtrain/o_648_2.jpg	photodiode	1
440.391	0.5	440391	catch	32671	n/a	catch_padded.jpg	photodiode	0
440.627	0.0	440627	response	6	n/a	n/a	trigger	0
442.443	0.5	442443	untrained	32701	66	memtrain/o_342_2.jpg	photodiode	1
443.344	0.5	443344	trained	32742	25	memtrain/o_358_2.jpg	photodiode	1
444.295	0.5	444295	trained	32761	6	memtrain/o_076_1.jpg	photodiode	1
445.095	0.5	445095	catch	32671	n/a	catch_padded.jpg	photodiode	0
445.417	0.0	445417	response	6	n/a	n/a	trigger	0
446.997	0.5	446997	trained	32766	1	memtrain/o_015_1.jpg	photodiode	1
447.948	0.5	447948	trained	32755	12	memtrain/o_127_2.jpg	photodiode	1
448.899	0.5	448899	trained	32743	24	memtrain/o_357_1.jpg	photodiode	1
449.841	0.5	449841	untrained	32693	74	memtrain/o_550_1.jpg	photodiode	1
450.792	0.5	450792	catch	32671	n/a	catch_padded.jpg	photodiode	0
451.051	0.0	451051	response	6	n/a	n/a	trigger	0
452.744	0.5	452744	trained	32762	5	memtrain/o_067_1.jpg	photodiode	1
453.595	0.5	453595	untrained	32712	55	memtrain/o_153_2.jpg	photodiode	1
454.345	0.5	454345	trained	32758	9	memtrain/o_101_2.jpg	photodiode	1
455.246	0.5	455246	untrained	32684	83	memtrain/so_105_1.jpg	photodiode	1
456.047	0.5	456047	catch	32671	n/a	catch_padded.jpg	photodiode	0
456.347	0.0	456347	response	6	n/a	n/a	trigger	0
458.098	0.5	458098	trained	32756	11	memtrain/o_117_2.jpg	photodiode	1
459.049	0.5	459049	untrained	32713	54	memtrain/o_145_1.jpg	photodiode	1
460.0	0.5	460000	untrained	32676	91	memtrain/o_605_1.jpg	photodiode	1
460.751	0.5	460751	catch	32671	n/a	catch_padded.jpg	photodiode	0
461.111	0.0	461111	response	6	n/a	n/a	trigger	0
462.702	0.5	462702	untrained	32716	51	memtrain/o_103_2.jpg	photodiode	1
463.553	0.5	463553	trained	32749	18	memtrain/o_264_2.jpg	photodiode	1
464.304	0.5	464304	untrained	32696	71	memtrain/o_483_1.jpg	photodiode	1
465.154	0.5	465154	untrained	32705	62	memtrain/o_304_1.jpg	photodiode	1
466.105	0.5	466105	untrained	32694	73	memtrain/o_519_2.jpg	photodiode	1
466.956	0.5	466956	catch	32671	n/a	catch_padded.jpg	photodiode	0
467.235	0.0	467235	response	6	n/a	n/a	trigger	0
469.008	0.5	469008	untrained	32709	58	memtrain/o_192_1.jpg	photodiode	1
469.808	0.5	469808	untrained	32679	88	memtrain/o_458_1.jpg	photodiode	1
470.659	0.5	470659	trained	32721	46	memtrain/so_113_1.jpg	photodiode	1
471.46	0.5	471460	trained	32735	32	memtrain/o_485_2.jpg	photodiode	1
472.21	0.5	472210	trained	32753	14	memtrain/o_174_1.jpg	photodiode	1
472.961	0.5	472961	catch	32671	n/a	catch_padded.jpg	photodiode	0
473.199	0.0	473199	response	6	n/a	n/a	trigger	0
475.063	0.5	475063	untrained	32707	60	memtrain/o_228_2.jpg	photodiode	1
475.813	0.5	475813	untrained	32672	95	memtrain/so_125_1.jpg	photodiode	1
476.764	0.5	476764	trained	32723	44	memtrain/so_045_1.jpg	photodiode	1
477.615	0.5	477615	trained	32734	33	memtrain/o_536_1.jpg	photodiode	1
478.557	0.5	478557	trained	32722	45	memtrain/so_090_2.jpg	photodiode	1
479.358	0.5	479358	catch	32671	n/a	catch_padded.jpg	photodiode	0
479.619	0.0	479619	response	6	n/a	n/a	trigger	0
481.259	0.5	481259	untrained	32692	75	memtrain/o_564_1.jpg	photodiode	1
482.21	0.5	482210	trained	32763	4	memtrain/o_042_1.jpg	photodiode	1
483.061	0.5	483061	untrained	32690	77	memtrain/o_574_2.jpg	photodiode	1
483.862	0.5	483862	trained	32765	2	memtrain/o_035_1.jpg	photodiode	1
484.712	0.5	484712	catch	32671	n/a	catch_padded.jpg	photodiode	0
485.032	0.0	485032	response	6	n/a	n/a	trigger	0
486.814	0.5	486814	untrained	32695	72	memtrain/o_490_1.jpg	photodiode	1
487.765	0.5	487765	trained	32751	16	memtrain/o_199_2.jpg	photodiode	1
488.716	0.5	488716	trained	32745	22	memtrain/o_321_1.jpg	photodiode	1
489.516	0.5	489516	catch	32671	n/a	catch_padded.jpg	photodiode	0
489.861	0.0	489861	response	6	n/a	n/a	trigger	0
491.418	0.5	491418	trained	32725	42	memtrain/so_034_2.jpg	photodiode	1
492.219	0.5	492219	trained	32757	10	memtrain/o_111_2.jpg	photodiode	1
492.969	0.5	492969	trained	32726	41	memtrain/o_663_2.jpg	photodiode	1
493.77	0.5	493770	trained	32733	34	memtrain/o_558_2.jpg	photodiode	1
494.621	0.5	494621	untrained	32681	86	memtrain/o_288_1.jpg	photodiode	1
495.521	0.5	495521	catch	32671	n/a	catch_padded.jpg	photodiode	0
495.811	0.0	495811	response	6	n/a	n/a	trigger	0
497.523	0.5	497523	trained	32754	13	memtrain/o_136_1.jpg	photodiode	1
498.324	0.5	498324	untrained	32700	67	memtrain/o_378_1.jpg	photodiode	1
499.075	0.5	499075	trained	32764	3	memtrain/o_040_2.jpg	photodiode	1
499.875	0.5	499875	trained	32731	36	memtrain/o_583_1.jpg	photodiode	1
500.626	0.5	500626	catch	32671	n/a	catch_padded.jpg	photodiode	0
500.941	0.0	500941	response	6	n/a	n/a	trigger	0
502.527	0.5	502527	untrained	32688	79	memtrain/o_600_1.jpg	photodiode	1
503.278	0.5	503278	untrained	32678	89	memtrain/o_469_1.jpg	photodiode	1
504.179	0.5	504179	untrained	32683	84	memtrain/so_117_2.jpg	photodiode	1
504.929	0.5	504929	catch	32671	n/a	catch_padded.jpg	photodiode	0
505.419	0.0	505419	response	6	n/a	n/a	trigger	0
506.931	0.5	506931	trained	32732	35	memtrain/o_561_2.jpg	photodiode	1
507.732	0.5	507732	untrained	32698	69	memtrain/o_464_2.jpg	photodiode	1
508.482	0.5	508482	trained	32728	39	memtrain/o_606_1.jpg	photodiode	1
509.225	0.5	509225	catch	32671	n/a	catch_padded.jpg	photodiode	0
509.537	0.0	509537	response	6	n/a	n/a	trigger	0
511.127	0.5	511127	untrained	32703	64	memtrain/o_334_2.jpg	photodiode	1
511.977	0.5	511977	untrained	32699	68	memtrain/o_393_1.jpg	photodiode	1
512.728	0.5	512728	untrained	32704	63	memtrain/o_310_2.jpg	photodiode	1
513.529	0.5	513529	untrained	32677	90	memtrain/o_580_1.jpg	photodiode	1
514.48	0.5	514480	catch	32671	n/a	catch_padded.jpg	photodiode	0
514.711	0.0	514711	response	6	n/a	n/a	trigger	0
516.381	0.5	516381	untrained	32706	61	memtrain/o_298_2.jpg	photodiode	1
517.182	0.5	517182	untrained	32687	80	memtrain/o_613_1.jpg	photodiode	1
518.033	0.5	518033	trained	32730	37	memtrain/o_597_1.jpg	photodiode	1
518.933	0.5	518933	untrained	32715	52	memtrain/o_141_1.jpg	photodiode	1
519.684	0.5	519684	untrained	32702	65	memtrain/o_337_2.jpg	photodiode	1
520.585	0.5	520585	catch	32671	n/a	catch_padded.jpg	photodiode	0
520.833	0.0	520833	response	6	n/a	n/a	trigger	0
522.687	0.5	522687	untrained	32673	94	memtrain/so_067_1.jpg	photodiode	1
523.537	0.5	523537	trained	32767	0	memtrain/o_006_1.jpg	photodiode	1
524.438	0.5	524438	trained	32747	20	memtrain/o_290_1.jpg	photodiode	1
525.339	0.5	525339	trained	32746	21	memtrain/o_319_1.jpg	photodiode	1
526.29	0.5	526290	catch	32671	n/a	catch_padded.jpg	photodiode	0
526.571	0.0	526571	response	6	n/a	n/a	trigger	0
528.391	0.5	528391	trained	32736	31	memtrain/o_465_2.jpg	photodiode	1
529.242	0.5	529242	trained	32729	38	memtrain/o_603_1.jpg	photodiode	1
529.993	0.5	529993	trained	32759	8	memtrain/o_094_1.jpg	photodiode	1
530.743	0.5	530743	catch	32671	n/a	catch_padded.jpg	photodiode	0
531.022	0.0	531022	response	6	n/a	n/a	trigger	0
532.745	0.5	532745	untrained	32686	81	memtrain/o_655_2.jpg	photodiode	1
533.696	0.5	533696	trained	32739	28	memtrain/o_397_1.jpg	photodiode	1
534.497	0.5	534497	trained	32744	23	memtrain/o_338_2.jpg	photodiode	1
535.397	0.5	535397	untrained	32710	57	memtrain/o_171_1.jpg	photodiode	1
536.248	0.5	536248	untrained	32697	70	memtrain/o_471_2.jpg	photodiode	1
537.049	0.5	537049	catch	32671	n/a	catch_padded.jpg	photodiode	0
537.308	0.0	537308	response	6	n/a	n/a	trigger	0
539.05	0.5	539050	untrained	32674	93	memtrain/so_035_1.jpg	photodiode	1
539.993	0.5	539993	trained	32740	27	memtrain/o_379_2.jpg	photodiode	1
540.793	0.5	540793	untrained	32708	59	memtrain/o_201_2.jpg	photodiode	1
541.544	0.5	541544	untrained	32714	53	memtrain/o_142_2.jpg	photodiode	1
542.495	0.5	542495	trained	32720	47	memtrain/so_147_2.jpg	photodiode	1
543.445	0.5	543445	catch	32671	n/a	catch_padded.jpg	photodiode	0
543.697	0.0	543697	response	6	n/a	n/a	trigger	0
545.397	0.5	545397	trained	32760	7	memtrain/o_091_2.jpg	photodiode	1
546.298	0.5	546298	trained	32737	30	memtrain/o_437_2.jpg	photodiode	1
547.249	0.5	547249	untrained	32680	87	memtrain/o_365_1.jpg	photodiode	1
548.099	0.5	548099	catch	32671	n/a	catch_padded.jpg	photodiode	0
548.421	0.0	548421	response	6	n/a	n/a	trigger	0
550.201	0.5	550201	untrained	32691	76	memtrain/o_570_1.jpg	photodiode	1
551.002	0.5	551002	untrained	32719	48	memtrain/o_019_2.jpg	photodiode	1
551.853	0.5	551853	untrained	32685	82	memtrain/o_656_1.jpg	photodiode	1
552.603	0.5	552603	catch	32671	n/a	catch_padded.jpg	photodiode	0
552.915	0.0	552915	response	6	n/a	n/a	trigger	0
554.705	0.5	554705	trained	32741	26	memtrain/o_376_1.jpg	photodiode	1
555.556	0.5	555556	untrained	32689	78	memtrain/o_599_1.jpg	photodiode	1
556.507	0.5	556507	trained	32752	15	memtrain/o_195_1.jpg	photodiode	1
557.357	0.5	557357	catch	32671	n/a	catch_padded.jpg	photodiode	0
557.662	0.0	557662	response	6	n/a	n/a	trigger	0
559.827	0.0	559827	block_end	120	n/a	n/a	trigger	0
591.793	0.0	591793	response	6	n/a	n/a	trigger	0
591.804	0.0	591804	block_onset	103	n/a	n/a	trigger	0
593.864	0.5	593864	untrained	32691	76	memtrain/o_570_1.jpg	photodiode	1
594.814	0.5	594814	untrained	32699	68	memtrain/o_393_1.jpg	photodiode	1
595.615	0.5	595615	trained	32748	19	memtrain/o_284_2.jpg	photodiode	1
596.516	0.5	596516	trained	32750	17	memtrain/o_232_1.jpg	photodiode	1
597.308	0.5	597308	catch	32671	n/a	catch_padded.jpg	photodiode	0
597.609	0.0	597609	response	6	n/a	n/a	trigger	0
599.218	0.5	599218	trained	32731	36	memtrain/o_583_1.jpg	photodiode	1
600.16	0.5	600160	trained	32763	4	memtrain/o_042_1.jpg	photodiode	1
600.92	0.5	600920	trained	32735	32	memtrain/o_485_2.jpg	photodiode	1
601.812	0.5	601812	catch	32671	n/a	catch_padded.jpg	photodiode	0
602.142	0.0	602142	response	6	n/a	n/a	trigger	0
603.813	0.5	603813	trained	32729	38	memtrain/o_603_1.jpg	photodiode	1
604.614	0.5	604614	trained	32734	33	memtrain/o_536_1.jpg	photodiode	1
605.365	0.5	605365	trained	32738	29	memtrain/o_416_1.jpg	photodiode	1
606.165	0.5	606165	catch	32671	n/a	catch_padded.jpg	photodiode	0
606.492	0.0	606492	response	6	n/a	n/a	trigger	0
608.167	0.5	608167	untrained	32695	72	memtrain/o_490_1.jpg	photodiode	1
609.018	0.5	609018	trained	32752	15	memtrain/o_195_1.jpg	photodiode	1
609.818	0.5	609818	trained	32732	35	memtrain/o_561_2.jpg	photodiode	1
610.769	0.5	610769	trained	32758	9	memtrain/o_101_2.jpg	photodiode	1
611.52	0.5	611520	trained	32755	12	memtrain/o_127_2.jpg	photodiode	1
612.471	0.5	612471	catch	32671	n/a	catch_padded.jpg	photodiode	0
612.752	0.0	612752	response	6	n/a	n/a	trigger	0
614.522	0.5	614522	untrained	32706	61	memtrain/o_298_2.jpg	photodiode	1
615.423	0.5	615423	untrained	32700	67	memtrain/o_378_1.jpg	photodiode	1
616.274	0.5	616274	trained	32724	43	memtrain/so_043_2.jpg	photodiode	1
617.225	0.5	617225	trained	32762	5	memtrain/o_067_1.jpg	photodiode	1
618.125	0.5	618125	catch	32671	n/a	catch_padded.jpg	photodiode	0
618.478	0.0	618478	response	6	n/a	n/a	trigger	0
620.027	0.5	620027	trained	32759	8	memtrain/o_094_1.jpg	photodiode	1
620.978	0.5	620978	trained	32767	0	memtrain/o_006_1.jpg	photodiode	1
621.779	0.5	621779	untrained	32713	54	memtrain/o_145_1.jpg	photodiode	1
622.629	0.5	622629	catch	32671	n/a	catch_padded.jpg	photodiode	0
622.945	0.0	622945	response	6	n/a	n/a	trigger	0
624.681	0.5	624681	untrained	32709	58	memtrain/o_192_1.jpg	photodiode	1
625.482	0.5	625482	trained	32746	21	memtrain/o_319_1.jpg	photodiode	1
626.374	0.5	626374	untrained	32702	65	memtrain/o_337_2.jpg	photodiode	1
627.225	0.5	627225	trained	32753	14	memtrain/o_174_1.jpg	photodiode	1
628.134	0.5	628134	catch	32671	n/a	catch_padded.jpg	photodiode	0
628.372	0.0	628372	response	6	n/a	n/a	trigger	0
630.178	0.5	630178	trained	32754	13	memtrain/o_136_1.jpg	photodiode	1
631.086	0.5	631086	trained	32737	30	memtrain/o_437_2.jpg	photodiode	1
631.879	0.5	631879	untrained	32719	48	memtrain/o_019_2.jpg	photodiode	1
632.68	0.5	632680	untrained	32703	64	memtrain/o_334_2.jpg	photodiode	1
633.581	0.5	633581	trained	32742	25	memtrain/o_358_2.jpg	photodiode	1
634.531	0.5	634531	catch	32671	n/a	catch_padded.jpg	photodiode	0
634.806	0.0	634806	response	6	n/a	n/a	trigger	0
636.633	0.5	636633	untrained	32674	93	memtrain/so_035_1.jpg	photodiode	1
637.584	0.5	637584	untrained	32682	85	memtrain/o_218_1.jpg	photodiode	1
638.435	0.5	638435	untrained	32708	59	memtrain/o_201_2.jpg	photodiode	1
639.285	0.5	639285	untrained	32672	95	memtrain/so_125_1.jpg	photodiode	1
640.186	0.5	640186	catch	32671	n/a	catch_padded.jpg	photodiode	0
640.465	0.0	640465	response	6	n/a	n/a	trigger	0
642.188	0.5	642188	trained	32743	24	memtrain/o_357_1.jpg	photodiode	1
642.989	0.5	642989	untrained	32684	83	memtrain/so_105_1.jpg	photodiode	1
643.889	0.5	643889	trained	32726	41	memtrain/o_663_2.jpg	photodiode	1
644.79	0.5	644790	catch	32671	n/a	catch_padded.jpg	photodiode	0
645.166	0.0	645166	response	6	n/a	n/a	trigger	0
646.892	0.5	646892	trained	32733	34	memtrain/o_558_2.jpg	photodiode	1
647.642	0.5	647642	untrained	32716	51	memtrain/o_103_2.jpg	photodiode	1
648.543	0.5	648543	trained	32764	3	memtrain/o_040_2.jpg	photodiode	1
649.394	0.5	649394	catch	32671	n/a	catch_padded.jpg	photodiode	0
649.757	0.0	649757	response	6	n/a	n/a	trigger	0
651.496	0.5	651496	untrained	32677	90	memtrain/o_580_1.jpg	photodiode	1
652.447	0.5	652447	trained	32745	22	memtrain/o_321_1.jpg	photodiode	1
653.397	0.5	653397	trained	32722	45	memtrain/so_090_2.jpg	photodiode	1
654.298	0.5	654298	untrained	32714	53	memtrain/o_142_2.jpg	photodiode	1
655.199	0.5	655199	untrained	32678	89	memtrain/o_469_1.jpg	photodiode	1
655.95	0.5	655950	catch	32671	n/a	catch_padded.jpg	photodiode	0
656.221	0.0	656221	response	6	n/a	n/a	trigger	0
658.001	0.5	658001	untrained	32715	52	memtrain/o_141_1.jpg	photodiode	1
658.893	0.5	658893	untrained	32692	75	memtrain/o_564_1.jpg	photodiode	1
659.644	0.5	659644	trained	32736	31	memtrain/o_465_2.jpg	photodiode	1
660.395	0.5	660395	trained	32730	37	memtrain/o_597_1.jpg	photodiode	1
661.195	0.5	661195	catch	32671	n/a	catch_padded.jpg	photodiode	0
661.478	0.0	661478	response	6	n/a	n/a	trigger	0
663.197	0.5	663197	untrained	32679	88	memtrain/o_458_1.jpg	photodiode	1
664.098	0.5	664098	trained	32756	11	memtrain/o_117_2.jpg	photodiode	1
665.049	0.5	665049	untrained	32688	79	memtrain/o_600_1.jpg	photodiode	1
665.849	0.5	665849	trained	32747	20	memtrain/o_290_1.jpg	photodiode	1
666.8	0.5	666800	untrained	32687	80	memtrain/o_613_1.jpg	photodiode	1
667.651	0.5	667651	catch	32671	n/a	catch_padded.jpg	photodiode	0
667.894	0.0	667894	response	6	n/a	n/a	trigger	0
669.652	0.5	669652	untrained	32686	81	memtrain/o_655_2.jpg	photodiode	1
670.503	0.5	670503	untrained	32705	62	memtrain/o_304_1.jpg	photodiode	1
671.404	0.5	671404	untrained	32689	78	memtrain/o_599_1.jpg	photodiode	1
672.255	0.5	672255	catch	32671	n/a	catch_padded.jpg	photodiode	0
672.651	0.0	672651	response	6	n/a	n/a	trigger	0
674.206	0.5	674206	trained	32723	44	memtrain/so_045_1.jpg	photodiode	1
675.057	0.5	675057	untrained	32717	50	memtrain/o_057_2.jpg	photodiode	1
675.808	0.5	675808	untrained	32673	94	memtrain/so_067_1.jpg	photodiode	1
676.758	0.5	676758	catch	32671	n/a	catch_padded.jpg	photodiode	0
677.058	0.0	677058	response	6	n/a	n/a	trigger	0
678.66	0.5	678660	untrained	32680	87	memtrain/o_365_1.jpg	photodiode	1
679.511	0.5	679511	trained	32761	6	memtrain/o_076_1.jpg	photodiode	1
680.261	0.5	680261	trained	32728	39	memtrain/o_606_1.jpg	photodiode	1
681.012	0.5	681012	trained	32740	27	memtrain/o_379_2.jpg	photodiode	1
681.813	0.5	681813	untrained	32697	70	memtrain/o_471_2.jpg	photodiode	1
682.563	0.5	682563	catch	32671	n/a	catch_padded.jpg	photodiode	0
682.899	0.0	682899	response	6	n/a	n/a	trigger	0
684.465	0.5	684465	untrained	32683	84	memtrain/so_117_2.jpg	photodiode	1
685.266	0.5	685266	untrained	32712	55	memtrain/o_153_2.jpg	photodiode	1
686.016	0.5	686016	untrained	32711	56	memtrain/o_163_2.jpg	photodiode	1
686.767	0.5	686767	catch	32671	n/a	catch_padded.jpg	photodiode	0
687.121	0.0	687121	response	6	n/a	n/a	trigger	0
688.769	0.5	688769	untrained	32675	92	memtrain/so_033_1.jpg	photodiode	1
689.711	0.5	689711	untrained	32696	71	memtrain/o_483_1.jpg	photodiode	1
690.512	0.5	690512	untrained	32690	77	memtrain/o_574_2.jpg	photodiode	1
691.363	0.5	691363	trained	32741	26	memtrain/o_376_1.jpg	photodiode	1
692.214	0.5	692214	catch	32671	n/a	catch_padded.jpg	photodiode	0
692.489	0.0	692489	response	6	n/a	n/a	trigger	0
694.265	0.5	694265	trained	32720	47	memtrain/so_147_2.jpg	photodiode	1
695.066	0.5	695066	trained	32744	23	memtrain/o_338_2.jpg	photodiode	1
695.967	0.5	695967	untrained	32698	69	memtrain/o_464_2.jpg	photodiode	1
696.868	0.5	696868	catch	32671	n/a	catch_padded.jpg	photodiode	0
697.191	0.0	697191	response	6	n/a	n/a	trigger	0
698.769	0.5	698769	untrained	32718	49	memtrain/o_054_2.jpg	photodiode	1
699.72	0.5	699720	untrained	32681	86	memtrain/o_288_1.jpg	photodiode	1
700.571	0.5	700571	trained	32721	46	memtrain/so_113_1.jpg	photodiode	1
701.421	0.5	701421	trained	32751	16	memtrain/o_199_2.jpg	photodiode	1
702.172	0.5	702172	catch	32671	n/a	catch_padded.jpg	photodiode	0
702.465	0.0	702465	response	6	n/a	n/a	trigger	0
704.274	0.5	704274	trained	32757	10	memtrain/o_111_2.jpg	photodiode	1
705.225	0.5	705225	untrained	32701	66	memtrain/o_342_2.jpg	photodiode	1
706.125	0.5	706125	trained	32725	42	memtrain/so_034_2.jpg	photodiode	1
707.076	0.5	707076	catch	32671	n/a	catch_padded.jpg	photodiode	0
707.369	0.0	707369	response	6	n/a	n/a	trigger	0
709.028	0.5	709028	untrained	32710	57	memtrain/o_171_1.jpg	photodiode	1
709.879	0.5	709879	untrained	32707	60	memtrain/o_228_2.jpg	photodiode	1
710.629	0.5	710629	trained	32766	1	memtrain/o_015_1.jpg	photodiode	1
711.58	0.5	711580	untrained	32676	91	memtrain/o_605_1.jpg	photodiode	1
712.381	0.5	712381	untrained	32693	74	memtrain/o_550_1.jpg	photodiode	1
713.281	0.5	713281	catch	32671	n/a	catch_padded.jpg	photodiode	0
713.529	0.0	713529	response	6	n/a	n/a	trigger	0
715.383	0.5	715383	trained	32739	28	memtrain/o_397_1.jpg	photodiode	1
716.234	0.5	716234	trained	32760	7	memtrain/o_091_2.jpg	photodiode	1
717.035	0.5	717035	trained	32727	40	memtrain/o_648_2.jpg	photodiode	1
717.827	0.5	717827	untrained	32694	73	memtrain/o_519_2.jpg	photodiode	1
718.577	0.5	718577	catch	32671	n/a	catch_padded.jpg	photodiode	0
718.887	0.0	718887	response	6	n/a	n/a	trigger	0
720.479	0.5	720479	trained	32749	18	memtrain/o_264_2.jpg	photodiode	1
721.38	0.5	721380	trained	32765	2	memtrain/o_035_1.jpg	photodiode	1
722.18	0.5	722180	untrained	32704	63	memtrain/o_310_2.jpg	photodiode	1
722.931	0.5	722931	catch	32671	n/a	catch_padded.jpg	photodiode	0
723.303	0.0	723303	response	6	n/a	n/a	trigger	0
724.833	0.5	724833	untrained	32685	82	memtrain/o_656_1.jpg	photodiode	1
725.583	0.5	725583	trained	32748	19	memtrain/o_284_2.jpg	photodiode	1
726.434	0.5	726434	untrained	32692	75	memtrain/o_564_1.jpg	photodiode	1
727.385	0.5	727385	catch	32671	n/a	catch_padded.jpg	photodiode	0
727.703	0.0	727703	response	6	n/a	n/a	trigger	0
729.336	0.5	729336	untrained	32711	56	memtrain/o_163_2.jpg	photodiode	1
730.137	0.5	730137	untrained	32678	89	memtrain/o_469_1.jpg	photodiode	1
730.938	0.5	730938	untrained	32707	60	memtrain/o_228_2.jpg	photodiode	1
731.889	0.5	731889	untrained	32698	69	memtrain/o_464_2.jpg	photodiode	1
732.639	0.5	732639	untrained	32675	92	memtrain/so_033_1.jpg	photodiode	1
733.39	0.5	733390	catch	32671	n/a	catch_padded.jpg	photodiode	0
733.677	0.0	733677	response	6	n/a	n/a	trigger	0
735.492	0.5	735492	untrained	32680	87	memtrain/o_365_1.jpg	photodiode	1
736.292	0.5	736292	trained	32720	47	memtrain/so_147_2.jpg	photodiode	1
737.193	0.5	737193	trained	32734	33	memtrain/o_536_1.jpg	photodiode	1
738.144	0.5	738144	trained	32731	36	memtrain/o_583_1.jpg	photodiode	1
739.045	0.5	739045	catch	32671	n/a	catch_padded.jpg	photodiode	0
739.363	0.0	739363	response	6	n/a	n/a	trigger	0
741.096	0.5	741096	untrained	32677	90	memtrain/o_580_1.jpg	photodiode	1
741.897	0.5	741897	trained	32741	26	memtrain/o_376_1.jpg	photodiode	1
742.748	0.5	742748	trained	32728	39	memtrain/o_606_1.jpg	photodiode	1
743.699	0.5	743699	trained	32755	12	memtrain/o_127_2.jpg	photodiode	1
744.449	0.5	744449	untrained	32687	80	memtrain/o_613_1.jpg	photodiode	1
745.25	0.5	745250	catch	32671	n/a	catch_padded.jpg	photodiode	0
745.523	0.0	745523	response	6	n/a	n/a	trigger	0
747.202	0.5	747202	untrained	32706	61	memtrain/o_298_2.jpg	photodiode	1
748.152	0.5	748152	trained	32737	30	memtrain/o_437_2.jpg	photodiode	1
748.945	0.5	748945	trained	32762	5	memtrain/o_067_1.jpg	photodiode	1
749.746	0.5	749746	trained	32767	0	memtrain/o_006_1.jpg	photodiode	1
750.596	0.5	750596	untrained	32693	74	memtrain/o_550_1.jpg	photodiode	1
751.497	0.5	751497	catch	32671	n/a	catch_padded.jpg	photodiode	0
751.764	0.0	751764	response	6	n/a	n/a	trigger	0
753.599	0.5	753599	untrained	32690	77	memtrain/o_574_2.jpg	photodiode	1
754.5	0.5	754500	trained	32745	22	memtrain/o_321_1.jpg	photodiode	1
755.25	0.5	755250	untrained	32686	81	memtrain/o_655_2.jpg	photodiode	1
756.151	0.5	756151	untrained	32691	76	memtrain/o_570_1.jpg	photodiode	1
757.002	0.5	757002	untrained	32700	67	memtrain/o_378_1.jpg	photodiode	1
757.853	0.5	757853	catch	32671	n/a	catch_padded.jpg	photodiode	0
758.145	0.0	758145	response	6	n/a	n/a	trigger	0
759.804	0.5	759804	trained	32749	18	memtrain/o_264_2.jpg	photodiode	1
760.605	0.5	760605	trained	32765	2	memtrain/o_035_1.jpg	photodiode	1
761.556	0.5	761556	trained	32743	24	memtrain/o_357_1.jpg	photodiode	1
762.406	0.5	762406	untrained	32674	93	memtrain/so_035_1.jpg	photodiode	1
763.357	0.5	763357	trained	32739	28	memtrain/o_397_1.jpg	photodiode	1
764.108	0.5	764108	catch	32671	n/a	catch_padded.jpg	photodiode	0
764.388	0.0	764388	response	6	n/a	n/a	trigger	0
766.16	0.5	766160	trained	32732	35	memtrain/o_561_2.jpg	photodiode	1
766.216	0.0	766216	response	5	n/a	n/a	trigger	0
767.01	0.5	767010	trained	32738	29	memtrain/o_416_1.jpg	photodiode	1
767.911	0.5	767911	untrained	32709	58	memtrain/o_192_1.jpg	photodiode	1
768.712	0.5	768712	catch	32671	n/a	catch_padded.jpg	photodiode	0
769.045	0.0	769045	response	6	n/a	n/a	trigger	0
770.713	0.5	770713	untrained	32705	62	memtrain/o_304_1.jpg	photodiode	1
771.464	0.5	771464	untrained	32717	50	memtrain/o_057_2.jpg	photodiode	1
772.315	0.5	772315	trained	32722	45	memtrain/so_090_2.jpg	photodiode	1
773.065	0.5	773065	trained	32759	8	memtrain/o_094_1.jpg	photodiode	1
773.816	0.5	773816	trained	32753	14	memtrain/o_174_1.jpg	photodiode	1
774.717	0.5	774717	catch	32671	n/a	catch_padded.jpg	photodiode	0
774.977	0.0	774977	response	6	n/a	n/a	trigger	0
776.66	0.5	776660	trained	32754	13	memtrain/o_136_1.jpg	photodiode	1
777.611	0.5	777611	untrained	32695	72	memtrain/o_490_1.jpg	photodiode	1
778.561	0.5	778561	trained	32761	6	memtrain/o_076_1.jpg	photodiode	1
779.312	0.5	779312	trained	32744	23	memtrain/o_338_2.jpg	photodiode	1
780.063	0.5	780063	catch	32671	n/a	catch_padded.jpg	photodiode	0
780.375	0.0	780375	response	6	n/a	n/a	trigger	0
781.964	0.5	781964	untrained	32710	57	memtrain/o_171_1.jpg	photodiode	1
782.715	0.5	782715	untrained	32703	64	memtrain/o_334_2.jpg	photodiode	1
783.466	0.5	783466	trained	32723	44	memtrain/so_045_1.jpg	photodiode	1
784.416	0.5	784416	catch	32671	n/a	catch_padded.jpg	photodiode	0
784.744	0.0	784744	response	6	n/a	n/a	trigger	0
786.518	0.5	786518	trained	32727	40	memtrain/o_648_2.jpg	photodiode	1
787.269	0.5	787269	trained	32742	25	memtrain/o_358_2.jpg	photodiode	1
788.17	0.5	788170	trained	32751	16	memtrain/o_199_2.jpg	photodiode	1
788.92	0.5	788920	untrained	32694	73	memtrain/o_519_2.jpg	photodiode	1
789.671	0.5	789671	untrained	32712	55	memtrain/o_153_2.jpg	photodiode	1
790.522	0.5	790522	catch	32671	n/a	catch_padded.jpg	photodiode	0
790.8	0.0	790800	response	6	n/a	n/a	trigger	0
792.623	0.5	792623	untrained	32715	52	memtrain/o_141_1.jpg	photodiode	1
793.574	0.5	793574	trained	32766	1	memtrain/o_015_1.jpg	photodiode	1
794.425	0.5	794425	untrained	32685	82	memtrain/o_656_1.jpg	photodiode	1
795.326	0.5	795326	trained	32750	17	memtrain/o_232_1.jpg	photodiode	1
796.076	0.5	796076	catch	32671	n/a	catch_padded.jpg	photodiode	0
796.422	0.0	796422	response	6	n/a	n/a	trigger	0
798.028	0.5	798028	trained	32756	11	memtrain/o_117_2.jpg	photodiode	1
798.829	0.5	798829	untrained	32714	53	memtrain/o_142_2.jpg	photodiode	1
799.779	0.5	799779	untrained	32713	54	memtrain/o_145_1.jpg	photodiode	1
800.53	0.5	800530	untrained	32704	63	memtrain/o_310_2.jpg	photodiode	1
801.331	0.5	801331	catch	32671	n/a	catch_padded.jpg	photodiode	0
801.64	0.0	801640	response	6	n/a	n/a	trigger	0
803.282	0.5	803282	untrained	32719	48	memtrain/o_019_2.jpg	photodiode	1
804.225	0.5	804225	trained	32763	4	memtrain/o_042_1.jpg	photodiode	1
805.026	0.5	805026	untrained	32696	71	memtrain/o_483_1.jpg	photodiode	1
805.927	0.5	805927	untrained	32688	79	memtrain/o_600_1.jpg	photodiode	1
806.677	0.5	806677	trained	32725	42	memtrain/so_034_2.jpg	photodiode	1
807.528	0.5	807528	catch	32671	n/a	catch_padded.jpg	photodiode	0
807.813	0.0	807813	response	6	n/a	n/a	trigger	0
809.63	0.5	809630	untrained	32684	83	memtrain/so_105_1.jpg	photodiode	1
810.531	0.5	810531	trained	32730	37	memtrain/o_597_1.jpg	photodiode	1
811.331	0.5	811331	trained	32736	31	memtrain/o_465_2.jpg	photodiode	1
812.082	0.5	812082	untrained	32676	91	memtrain/o_605_1.jpg	photodiode	1
812.933	0.5	812933	catch	32671	n/a	catch_padded.jpg	photodiode	0
813.26	0.0	813260	response	6	n/a	n/a	trigger	0
814.984	0.5	814984	trained	32729	38	memtrain/o_603_1.jpg	photodiode	1
815.785	0.5	815785	untrained	32672	95	memtrain/so_125_1.jpg	photodiode	1
816.736	0.5	816736	trained	32740	27	memtrain/o_379_2.jpg	photodiode	1
817.486	0.5	817486	trained	32752	15	memtrain/o_195_1.jpg	photodiode	1
818.237	0.5	818237	untrained	32697	70	memtrain/o_471_2.jpg	photodiode	1
818.988	0.5	818988	catch	32671	n/a	catch_padded.jpg	photodiode	0
819.249	0.0	819249	response	6	n/a	n/a	trigger	0
821.039	0.5	821039	untrained	32682	85	memtrain/o_218_1.jpg	photodiode	1
821.84	0.5	821840	untrained	32689	78	memtrain/o_599_1.jpg	photodiode	1
822.791	0.5	822791	trained	32724	43	memtrain/so_043_2.jpg	photodiode	1
823.692	0.5	823692	catch	32671	n/a	catch_padded.jpg	photodiode	0
824.005	0.0	824005	response	6	n/a	n/a	trigger	0
825.693	0.5	825693	untrained	32673	94	memtrain/so_067_1.jpg	photodiode	1
826.544	0.5	826544	untrained	32718	49	memtrain/o_054_2.jpg	photodiode	1
827.345	0.5	827345	untrained	32681	86	memtrain/o_288_1.jpg	photodiode	1
828.196	0.5	828196	catch	32671	n/a	catch_padded.jpg	photodiode	0
828.519	0.0	828519	response	6	n/a	n/a	trigger	0
830.297	0.5	830297	untrained	32679	88	memtrain/o_458_1.jpg	photodiode	1
831.098	0.5	831098	untrained	32716	51	memtrain/o_103_2.jpg	photodiode	1
831.949	0.5	831949	trained	32747	20	memtrain/o_290_1.jpg	photodiode	1
832.749	0.5	832749	trained	32735	32	memtrain/o_485_2.jpg	photodiode	1
833.541	0.5	833541	catch	32671	n/a	catch_padded.jpg	photodiode	0
833.86	0.0	833860	response	6	n/a	n/a	trigger	0
835.643	0.5	835643	trained	32764	3	memtrain/o_040_2.jpg	photodiode	1
836.503	0.5	836503	untrained	32708	59	memtrain/o_201_2.jpg	photodiode	1
837.345	0.5	837345	untrained	32701	66	memtrain/o_342_2.jpg	photodiode	1
838.295	0.5	838295	trained	32721	46	memtrain/so_113_1.jpg	photodiode	1
839.146	0.5	839146	catch	32671	n/a	catch_padded.jpg	photodiode	0
839.397	0.0	839397	response	6	n/a	n/a	trigger	0
841.198	0.5	841198	untrained	32702	65	memtrain/o_337_2.jpg	photodiode	1
842.149	0.5	842149	trained	32758	9	memtrain/o_101_2.jpg	photodiode	1
842.999	0.5	842999	trained	32733	34	memtrain/o_558_2.jpg	photodiode	1
843.85	0.5	843850	trained	32746	21	memtrain/o_319_1.jpg	photodiode	1
844.751	0.5	844751	catch	32671	n/a	catch_padded.jpg	photodiode	0
845.024	0.0	845024	response	6	n/a	n/a	trigger	0
846.803	0.5	846803	untrained	32699	68	memtrain/o_393_1.jpg	photodiode	1
847.703	0.5	847703	trained	32757	10	memtrain/o_111_2.jpg	photodiode	1
848.604	0.5	848604	untrained	32683	84	memtrain/so_117_2.jpg	photodiode	1
849.405	0.5	849405	trained	32726	41	memtrain/o_663_2.jpg	photodiode	1
850.356	0.5	850356	trained	32760	7	memtrain/o_091_2.jpg	photodiode	1
851.206	0.5	851206	catch	32671	n/a	catch_padded.jpg	photodiode	0
851.472	0.0	851472	response	6	n/a	n/a	trigger	0
853.677	0.0	853677	block_end	120	n/a	n/a	trigger	0
887.711	0.0	887711	response	6	n/a	n/a	trigger	0
887.721	0.0	887721	block_onset	104	n/a	n/a	trigger	0
889.781	0.5	889781	trained	32759	8	memtrain/o_094_1.jpg	photodiode	1
890.682	0.5	890682	trained	32761	6	memtrain/o_076_1.jpg	photodiode	1
891.633	0.5	891633	trained	32725	42	memtrain/so_034_2.jpg	photodiode	1
892.533	0.5	892533	trained	32729	38	memtrain/o_603_1.jpg	photodiode	1
893.434	0.5	893434	trained	32752	15	memtrain/o_195_1.jpg	photodiode	1
894.335	0.5	894335	catch	32671	n/a	catch_padded.jpg	photodiode	0
894.61	0.0	894610	response	6	n/a	n/a	trigger	0
896.278	0.5	896278	trained	32762	5	memtrain/o_067_1.jpg	photodiode	1
897.179	0.5	897179	untrained	32674	93	memtrain/so_035_1.jpg	photodiode	1
898.079	0.5	898079	untrained	32709	58	memtrain/o_192_1.jpg	photodiode	1
898.93	0.5	898930	catch	32671	n/a	catch_padded.jpg	photodiode	0
899.33	0.0	899330	response	6	n/a	n/a	trigger	0
900.932	0.5	900932	untrained	32702	65	memtrain/o_337_2.jpg	photodiode	1
901.783	0.5	901783	untrained	32675	92	memtrain/so_033_1.jpg	photodiode	1
902.683	0.5	902683	untrained	32712	55	memtrain/o_153_2.jpg	photodiode	1
903.634	0.5	903634	catch	32671	n/a	catch_padded.jpg	photodiode	0
903.959	0.0	903959	response	6	n/a	n/a	trigger	0
905.636	0.5	905636	trained	32736	31	memtrain/o_465_2.jpg	photodiode	1
906.587	0.5	906587	trained	32754	13	memtrain/o_136_1.jpg	photodiode	1
907.387	0.5	907387	untrained	32700	67	memtrain/o_378_1.jpg	photodiode	1
908.238	0.5	908238	trained	32734	33	memtrain/o_536_1.jpg	photodiode	1
909.089	0.5	909089	untrained	32683	84	memtrain/so_117_2.jpg	photodiode	1
909.839	0.5	909839	catch	32671	n/a	catch_padded.jpg	photodiode	0
910.106	0.0	910106	response	6	n/a	n/a	trigger	0
911.741	0.5	911741	untrained	32694	73	memtrain/o_519_2.jpg	photodiode	1
912.592	0.5	912592	untrained	32716	51	memtrain/o_103_2.jpg	photodiode	1
913.493	0.5	913493	untrained	32687	80	memtrain/o_613_1.jpg	photodiode	1
914.393	0.5	914393	untrained	32701	66	memtrain/o_342_2.jpg	photodiode	1
915.344	0.5	915344	catch	32671	n/a	catch_padded.jpg	photodiode	0
915.62	0.0	915620	response	6	n/a	n/a	trigger	0
917.246	0.5	917246	untrained	32696	71	memtrain/o_483_1.jpg	photodiode	1
918.146	0.5	918146	trained	32741	26	memtrain/o_376_1.jpg	photodiode	1
918.997	0.5	918997	trained	32765	2	memtrain/o_035_1.jpg	photodiode	1
919.948	0.5	919948	trained	32739	28	memtrain/o_397_1.jpg	photodiode	1
920.849	0.5	920849	untrained	32680	87	memtrain/o_365_1.jpg	photodiode	1
921.75	0.5	921750	catch	32671	n/a	catch_padded.jpg	photodiode	0
922.032	0.0	922032	response	6	n/a	n/a	trigger	0
923.843	0.5	923843	untrained	32677	90	memtrain/o_580_1.jpg	photodiode	1
924.694	0.5	924694	trained	32740	27	memtrain/o_379_2.jpg	photodiode	1
925.545	0.5	925545	untrained	32710	57	memtrain/o_171_1.jpg	photodiode	1
926.395	0.5	926395	catch	32671	n/a	catch_padded.jpg	photodiode	0
926.738	0.0	926738	response	6	n/a	n/a	trigger	0
928.497	0.5	928497	untrained	32673	94	memtrain/so_067_1.jpg	photodiode	1
929.248	0.5	929248	untrained	32719	48	memtrain/o_019_2.jpg	photodiode	1
930.099	0.5	930099	trained	32756	11	memtrain/o_117_2.jpg	photodiode	1
930.849	0.5	930849	untrained	32692	75	memtrain/o_564_1.jpg	photodiode	1
931.6	0.5	931600	untrained	32691	76	memtrain/o_570_1.jpg	photodiode	1
932.451	0.5	932451	catch	32671	n/a	catch_padded.jpg	photodiode	0
932.673	0.0	932673	response	6	n/a	n/a	trigger	0
934.402	0.5	934402	trained	32738	29	memtrain/o_416_1.jpg	photodiode	1
935.203	0.5	935203	untrained	32698	69	memtrain/o_464_2.jpg	photodiode	1
936.154	0.5	936154	untrained	32707	60	memtrain/o_228_2.jpg	photodiode	1
937.105	0.5	937105	untrained	32676	91	memtrain/o_605_1.jpg	photodiode	1
937.855	0.5	937855	catch	32671	n/a	catch_padded.jpg	photodiode	0
938.135	0.0	938135	response	6	n/a	n/a	trigger	0
939.807	0.5	939807	trained	32723	44	memtrain/so_045_1.jpg	photodiode	1
940.708	0.5	940708	trained	32763	4	memtrain/o_042_1.jpg	photodiode	1
941.658	0.5	941658	untrained	32717	50	memtrain/o_057_2.jpg	photodiode	1
942.609	0.5	942609	catch	32671	n/a	catch_padded.jpg	photodiode	0
942.943	0.0	942943	response	6	n/a	n/a	trigger	0
944.711	0.5	944711	untrained	32684	83	memtrain/so_105_1.jpg	photodiode	1
945.512	0.5	945512	trained	32733	34	memtrain/o_558_2.jpg	photodiode	1
946.462	0.5	946462	untrained	32693	74	memtrain/o_550_1.jpg	photodiode	1
947.363	0.5	947363	untrained	32705	62	memtrain/o_304_1.jpg	photodiode	1
948.214	0.5	948214	catch	32671	n/a	catch_padded.jpg	photodiode	0
948.564	0.0	948564	response	6	n/a	n/a	trigger	0
950.166	0.5	950166	trained	32727	40	memtrain/o_648_2.jpg	photodiode	1
951.066	0.5	951066	trained	32720	47	memtrain/so_147_2.jpg	photodiode	1
951.867	0.5	951867	trained	32753	14	memtrain/o_174_1.jpg	photodiode	1
952.618	0.5	952618	catch	32671	n/a	catch_padded.jpg	photodiode	0
952.956	0.0	952956	response	6	n/a	n/a	trigger	0
954.669	0.5	954669	untrained	32715	52	memtrain/o_141_1.jpg	photodiode	1
955.411	0.5	955411	untrained	32711	56	memtrain/o_163_2.jpg	photodiode	1
956.171	0.5	956171	trained	32747	20	memtrain/o_290_1.jpg	photodiode	1
956.963	0.5	956963	catch	32671	n/a	catch_padded.jpg	photodiode	0
957.3	0.0	957300	response	6	n/a	n/a	trigger	0
958.864	0.5	958864	trained	32745	22	memtrain/o_321_1.jpg	photodiode	1
959.815	0.5	959815	untrained	32688	79	memtrain/o_600_1.jpg	photodiode	1
960.666	0.5	960666	trained	32751	16	memtrain/o_199_2.jpg	photodiode	1
961.517	0.5	961517	trained	32742	25	memtrain/o_358_2.jpg	photodiode	1
962.467	0.5	962467	catch	32671	n/a	catch_padded.jpg	photodiode	0
962.721	0.0	962721	response	6	n/a	n/a	trigger	0
964.419	0.5	964419	untrained	32708	59	memtrain/o_201_2.jpg	photodiode	1
965.27	0.5	965270	untrained	32695	72	memtrain/o_490_1.jpg	photodiode	1
966.221	0.5	966221	untrained	32699	68	memtrain/o_393_1.jpg	photodiode	1
967.121	0.5	967121	untrained	32703	64	memtrain/o_334_2.jpg	photodiode	1
967.922	0.5	967922	catch	32671	n/a	catch_padded.jpg	photodiode	0
968.21	0.0	968210	response	6	n/a	n/a	trigger	0
969.974	0.5	969974	trained	32722	45	memtrain/so_090_2.jpg	photodiode	1
970.824	0.5	970824	trained	32766	1	memtrain/o_015_1.jpg	photodiode	1
971.675	0.5	971675	trained	32743	24	memtrain/o_357_1.jpg	photodiode	1
972.576	0.5	972576	catch	32671	n/a	catch_padded.jpg	photodiode	0
972.972	0.0	972972	response	6	n/a	n/a	trigger	0
974.628	0.5	974628	untrained	32678	89	memtrain/o_469_1.jpg	photodiode	1
975.478	0.5	975478	untrained	32685	82	memtrain/o_656_1.jpg	photodiode	1
976.329	0.5	976329	untrained	32704	63	memtrain/o_310_2.jpg	photodiode	1
977.18	0.5	977180	untrained	32672	95	memtrain/so_125_1.jpg	photodiode	1
978.031	0.5	978031	trained	32721	46	memtrain/so_113_1.jpg	photodiode	1
978.981	0.5	978981	catch	32671	n/a	catch_padded.jpg	photodiode	0
979.21	0.0	979210	response	6	n/a	n/a	trigger	0
980.933	0.5	980933	trained	32730	37	memtrain/o_597_1.jpg	photodiode	1
981.876	0.5	981876	trained	32732	35	memtrain/o_561_2.jpg	photodiode	1
982.777	0.5	982777	untrained	32679	88	memtrain/o_458_1.jpg	photodiode	1
983.727	0.5	983727	trained	32748	19	memtrain/o_284_2.jpg	photodiode	1
984.628	0.5	984628	untrained	32706	61	memtrain/o_298_2.jpg	photodiode	1
985.429	0.5	985429	catch	32671	n/a	catch_padded.jpg	photodiode	0
985.74	0.0	985740	response	6	n/a	n/a	trigger	0
987.531	0.5	987531	untrained	32682	85	memtrain/o_218_1.jpg	photodiode	1
988.331	0.5	988331	trained	32757	10	memtrain/o_111_2.jpg	photodiode	1
989.132	0.5	989132	trained	32755	12	memtrain/o_127_2.jpg	photodiode	1
989.983	0.5	989983	untrained	32714	53	memtrain/o_142_2.jpg	photodiode	1
990.883	0.5	990883	catch	32671	n/a	catch_padded.jpg	photodiode	0
991.226	0.0	991226	response	6	n/a	n/a	trigger	0
992.835	0.5	992835	trained	32767	0	memtrain/o_006_1.jpg	photodiode	1
993.586	0.5	993586	untrained	32681	86	memtrain/o_288_1.jpg	photodiode	1
994.487	0.5	994487	trained	32728	39	memtrain/o_606_1.jpg	photodiode	1
995.437	0.5	995437	trained	32735	32	memtrain/o_485_2.jpg	photodiode	1
996.188	0.5	996188	catch	32671	n/a	catch_padded.jpg	photodiode	0
996.533	0.0	996533	response	6	n/a	n/a	trigger	0
998.24	0.5	998240	trained	32746	21	memtrain/o_319_1.jpg	photodiode	1
998.99	0.5	998990	trained	32737	30	memtrain/o_437_2.jpg	photodiode	1
999.891	0.5	999891	trained	32760	7	memtrain/o_091_2.jpg	photodiode	1
1000.642	0.5	1000642	catch	32671	n/a	catch_padded.jpg	photodiode	0
1001.01	0.0	1001010	response	6	n/a	n/a	trigger	0
1002.694	0.5	1002694	untrained	32689	78	memtrain/o_599_1.jpg	photodiode	1
1003.544	0.5	1003544	untrained	32713	54	memtrain/o_145_1.jpg	photodiode	1
1004.445	0.5	1004445	untrained	32686	81	memtrain/o_655_2.jpg	photodiode	1
1005.196	0.5	1005196	catch	32671	n/a	catch_padded.jpg	photodiode	0
1005.494	0.0	1005494	response	6	n/a	n/a	trigger	0
1007.097	0.5	1007097	trained	32726	41	memtrain/o_663_2.jpg	photodiode	1
1007.898	0.5	1007898	trained	32764	3	memtrain/o_040_2.jpg	photodiode	1
1008.849	0.5	1008849	trained	32758	9	memtrain/o_101_2.jpg	photodiode	1
1009.649	0.5	1009649	untrained	32697	70	memtrain/o_471_2.jpg	photodiode	1
1010.6	0.5	1010600	catch	32671	n/a	catch_padded.jpg	photodiode	0
1010.967	0.0	1010967	response	6	n/a	n/a	trigger	0
1012.493	0.5	1012493	trained	32731	36	memtrain/o_583_1.jpg	photodiode	1
1013.294	0.5	1013294	trained	32724	43	memtrain/so_043_2.jpg	photodiode	1
1014.245	0.5	1014245	untrained	32690	77	memtrain/o_574_2.jpg	photodiode	1
1015.145	0.5	1015145	trained	32749	18	memtrain/o_264_2.jpg	photodiode	1
1015.896	0.5	1015896	catch	32671	n/a	catch_padded.jpg	photodiode	0
1016.205	0.0	1016205	response	6	n/a	n/a	trigger	0
1017.848	0.5	1017848	untrained	32718	49	memtrain/o_054_2.jpg	photodiode	1
1018.648	0.5	1018648	trained	32744	23	memtrain/o_338_2.jpg	photodiode	1
1019.599	0.5	1019599	trained	32750	17	memtrain/o_232_1.jpg	photodiode	1
1020.4	0.5	1020400	trained	32755	12	memtrain/o_127_2.jpg	photodiode	1
1021.201	0.5	1021201	untrained	32687	80	memtrain/o_613_1.jpg	photodiode	1
1022.001	0.5	1022001	catch	32671	n/a	catch_padded.jpg	photodiode	0
1022.284	0.0	1022284	response	6	n/a	n/a	trigger	0
1024.053	0.5	1024053	untrained	32684	83	memtrain/so_105_1.jpg	photodiode	1
1024.904	0.5	1024904	trained	32722	45	memtrain/so_090_2.jpg	photodiode	1
1025.804	0.5	1025804	trained	32759	8	memtrain/o_094_1.jpg	photodiode	1
1026.705	0.5	1026705	catch	32671	n/a	catch_padded.jpg	photodiode	0
1027.02	0.0	1027020	response	6	n/a	n/a	trigger	0
1028.657	0.5	1028657	untrained	32673	94	memtrain/so_067_1.jpg	photodiode	1
1029.508	0.5	1029508	trained	32723	44	memtrain/so_045_1.jpg	photodiode	1
1030.408	0.5	1030408	trained	32764	3	memtrain/o_040_2.jpg	photodiode	1
1031.359	0.5	1031359	catch	32671	n/a	catch_padded.jpg	photodiode	0
1031.619	0.0	1031619	response	6	n/a	n/a	trigger	0
1033.411	0.5	1033411	untrained	32676	91	memtrain/o_605_1.jpg	photodiode	1
1034.312	0.5	1034312	trained	32752	15	memtrain/o_195_1.jpg	photodiode	1
1035.112	0.5	1035112	untrained	32702	65	memtrain/o_337_2.jpg	photodiode	1
1035.863	0.5	1035863	trained	32745	22	memtrain/o_321_1.jpg	photodiode	1
1036.814	0.5	1036814	catch	32671	n/a	catch_padded.jpg	photodiode	0
1037.093	0.0	1037093	response	6	n/a	n/a	trigger	0
1038.815	0.5	1038815	trained	32765	2	memtrain/o_035_1.jpg	photodiode	1
1039.566	0.5	1039566	trained	32725	42	memtrain/so_034_2.jpg	photodiode	1
1040.517	0.5	1040517	trained	32728	39	memtrain/o_606_1.jpg	photodiode	1
1041.41	0.5	1041410	untrained	32686	81	memtrain/o_655_2.jpg	photodiode	1
1042.16	0.5	1042160	untrained	32704	63	memtrain/o_310_2.jpg	photodiode	1
1043.011	0.5	1043011	catch	32671	n/a	catch_padded.jpg	photodiode	0
1043.308	0.0	1043308	response	6	n/a	n/a	trigger	0
1044.913	0.5	1044913	untrained	32703	64	memtrain/o_334_2.jpg	photodiode	1
1045.713	0.5	1045713	trained	32762	5	memtrain/o_067_1.jpg	photodiode	1
1046.614	0.5	1046614	untrained	32691	76	memtrain/o_570_1.jpg	photodiode	1
1047.565	0.5	1047565	untrained	32698	69	memtrain/o_464_2.jpg	photodiode	1
1048.524	0.5	1048524	untrained	32699	68	memtrain/o_393_1.jpg	photodiode	1
1049.266	0.5	1049266	catch	32671	n/a	catch_padded.jpg	photodiode	0
1049.581	0.0	1049581	response	6	n/a	n/a	trigger	0
1051.318	0.5	1051318	untrained	32675	92	memtrain/so_033_1.jpg	photodiode	1
1052.169	0.5	1052169	untrained	32679	88	memtrain/o_458_1.jpg	photodiode	1
1053.12	0.5	1053120	trained	32734	33	memtrain/o_536_1.jpg	photodiode	1
1054.07	0.5	1054070	trained	32720	47	memtrain/so_147_2.jpg	photodiode	1
1055.021	0.5	1055021	catch	32671	n/a	catch_padded.jpg	photodiode	0
1055.26	0.0	1055260	response	6	n/a	n/a	trigger	0
1056.973	0.5	1056973	untrained	32683	84	memtrain/so_117_2.jpg	photodiode	1
1057.824	0.5	1057824	trained	32726	41	memtrain/o_663_2.jpg	photodiode	1
1058.674	0.5	1058674	trained	32724	43	memtrain/so_043_2.jpg	photodiode	1
1059.625	0.5	1059625	catch	32671	n/a	catch_padded.jpg	photodiode	0
1059.927	0.0	1059927	response	6	n/a	n/a	trigger	0
1061.527	0.5	1061527	trained	32744	23	memtrain/o_338_2.jpg	photodiode	1
1062.277	0.5	1062277	untrained	32706	61	memtrain/o_298_2.jpg	photodiode	1
1063.028	0.5	1063028	trained	32758	9	memtrain/o_101_2.jpg	photodiode	1
1063.879	0.5	1063879	trained	32757	10	memtrain/o_111_2.jpg	photodiode	1
1064.729	0.5	1064729	catch	32671	n/a	catch_padded.jpg	photodiode	0
1064.978	0.0	1064978	response	6	n/a	n/a	trigger	0
1066.631	0.5	1066631	trained	32739	28	memtrain/o_397_1.jpg	photodiode	1
1067.382	0.5	1067382	trained	32741	26	memtrain/o_376_1.jpg	photodiode	1
1068.132	0.5	1068132	trained	32747	20	memtrain/o_290_1.jpg	photodiode	1
1068.883	0.5	1068883	trained	32727	40	memtrain/o_648_2.jpg	photodiode	1
1069.725	0.5	1069725	catch	32671	n/a	catch_padded.jpg	photodiode	0
1069.951	0.0	1069951	response	6	n/a	n/a	trigger	0
1071.827	0.5	1071827	untrained	32693	74	memtrain/o_550_1.jpg	photodiode	1
1072.627	0.5	1072627	untrained	32689	78	memtrain/o_599_1.jpg	photodiode	1
1073.528	0.5	1073528	trained	32750	17	memtrain/o_232_1.jpg	photodiode	1
1074.329	0.5	1074329	untrained	32707	60	memtrain/o_228_2.jpg	photodiode	1
1075.08	0.5	1075080	trained	32767	0	memtrain/o_006_1.jpg	photodiode	1
1075.88	0.5	1075880	catch	32671	n/a	catch_padded.jpg	photodiode	0
1076.142	0.0	1076142	response	6	n/a	n/a	trigger	0
1077.982	0.5	1077982	untrained	32674	93	memtrain/so_035_1.jpg	photodiode	1
1078.933	0.5	1078933	untrained	32692	75	memtrain/o_564_1.jpg	photodiode	1
1079.733	0.5	1079733	untrained	32714	53	memtrain/o_142_2.jpg	photodiode	1
1080.684	0.5	1080684	untrained	32705	62	memtrain/o_304_1.jpg	photodiode	1
1081.635	0.5	1081635	trained	32760	7	memtrain/o_091_2.jpg	photodiode	1
1082.436	0.5	1082436	catch	32671	n/a	catch_padded.jpg	photodiode	0
1082.69	0.0	1082690	response	6	n/a	n/a	trigger	0
1084.387	0.5	1084387	trained	32733	34	memtrain/o_558_2.jpg	photodiode	1
1085.188	0.5	1085188	untrained	32716	51	memtrain/o_103_2.jpg	photodiode	1
1085.989	0.5	1085989	untrained	32717	50	memtrain/o_057_2.jpg	photodiode	1
1086.84	0.5	1086840	untrained	32708	59	memtrain/o_201_2.jpg	photodiode	1
1087.59	0.5	1087590	trained	32730	37	memtrain/o_597_1.jpg	photodiode	1
1088.441	0.5	1088441	catch	32671	n/a	catch_padded.jpg	photodiode	0
1088.705	0.0	1088705	response	6	n/a	n/a	trigger	0
1090.393	0.5	1090393	untrained	32678	89	memtrain/o_469_1.jpg	photodiode	1
1091.243	0.5	1091243	untrained	32694	73	memtrain/o_519_2.jpg	photodiode	1
1092.103	0.5	1092103	trained	32736	31	memtrain/o_465_2.jpg	photodiode	1
1092.845	0.5	1092845	untrained	32696	71	memtrain/o_483_1.jpg	photodiode	1
1093.595	0.5	1093595	trained	32756	11	memtrain/o_117_2.jpg	photodiode	1
1094.396	0.5	1094396	catch	32671	n/a	catch_padded.jpg	photodiode	0
1094.653	0.0	1094653	response	6	n/a	n/a	trigger	0
1096.348	0.5	1096348	trained	32766	1	memtrain/o_015_1.jpg	photodiode	1
1097.198	0.5	1097198	trained	32751	16	memtrain/o_199_2.jpg	photodiode	1
1097.949	0.5	1097949	untrained	32685	82	memtrain/o_656_1.jpg	photodiode	1
1098.75	0.5	1098750	untrained	32718	49	memtrain/o_054_2.jpg	photodiode	1
1099.692	0.5	1099692	untrained	32700	67	memtrain/o_378_1.jpg	photodiode	1
1100.493	0.5	1100493	catch	32671	n/a	catch_padded.jpg	photodiode	0
1100.691	0.0	1100691	response	6	n/a	n/a	trigger	0
1102.545	0.5	1102545	untrained	32695	72	memtrain/o_490_1.jpg	photodiode	1
1103.404	0.5	1103404	trained	32746	21	memtrain/o_319_1.jpg	photodiode	1
1104.196	0.5	1104196	untrained	32682	85	memtrain/o_218_1.jpg	photodiode	1
1105.097	0.5	1105097	catch	32671	n/a	catch_padded.jpg	photodiode	0
1105.545	0.0	1105545	response	6	n/a	n/a	trigger	0
1107.157	0.5	1107157	trained	32740	27	memtrain/o_379_2.jpg	photodiode	1
1107.899	0.5	1107899	untrained	32697	70	memtrain/o_471_2.jpg	photodiode	1
1108.75	0.5	1108750	untrained	32690	77	memtrain/o_574_2.jpg	photodiode	1
1109.701	0.5	1109701	catch	32671	n/a	catch_padded.jpg	photodiode	0
1110.053	0.0	1110053	response	6	n/a	n/a	trigger	0
1111.753	0.5	1111753	untrained	32709	58	memtrain/o_192_1.jpg	photodiode	1
1112.703	0.5	1112703	trained	32735	32	memtrain/o_485_2.jpg	photodiode	1
1113.504	0.5	1113504	trained	32748	19	memtrain/o_284_2.jpg	photodiode	1
1114.455	0.5	1114455	untrained	32712	55	memtrain/o_153_2.jpg	photodiode	1
1115.206	0.5	1115206	catch	32671	n/a	catch_padded.jpg	photodiode	0
1115.505	0.0	1115505	response	6	n/a	n/a	trigger	0
1117.307	0.5	1117307	trained	32743	24	memtrain/o_357_1.jpg	photodiode	1
1118.208	0.5	1118208	untrained	32711	56	memtrain/o_163_2.jpg	photodiode	1
1119.159	0.5	1119159	untrained	32713	54	memtrain/o_145_1.jpg	photodiode	1
1120.11	0.5	1120110	untrained	32701	66	memtrain/o_342_2.jpg	photodiode	1
1120.86	0.5	1120860	catch	32671	n/a	catch_padded.jpg	photodiode	0
1121.132	0.0	1121132	response	6	n/a	n/a	trigger	0
1122.812	0.5	1122812	trained	32742	25	memtrain/o_358_2.jpg	photodiode	1
1123.613	0.5	1123613	untrained	32681	86	memtrain/o_288_1.jpg	photodiode	1
1124.363	0.5	1124363	trained	32753	14	memtrain/o_174_1.jpg	photodiode	1
1125.114	0.5	1125114	untrained	32688	79	memtrain/o_600_1.jpg	photodiode	1
1125.865	0.5	1125865	trained	32732	35	memtrain/o_561_2.jpg	photodiode	1
1126.815	0.5	1126815	catch	32671	n/a	catch_padded.jpg	photodiode	0
1127.042	0.0	1127042	response	6	n/a	n/a	trigger	0
1128.808	0.5	1128808	trained	32721	46	memtrain/so_113_1.jpg	photodiode	1
1129.668	0.5	1129668	trained	32754	13	memtrain/o_136_1.jpg	photodiode	1
1130.51	0.5	1130510	trained	32761	6	memtrain/o_076_1.jpg	photodiode	1
1131.261	0.5	1131261	catch	32671	n/a	catch_padded.jpg	photodiode	0
1131.661	0.0	1131661	response	6	n/a	n/a	trigger	0
1133.212	0.5	1133212	trained	32737	30	memtrain/o_437_2.jpg	photodiode	1
1134.113	0.5	1134113	trained	32763	4	memtrain/o_042_1.jpg	photodiode	1
1134.964	0.5	1134964	untrained	32710	57	memtrain/o_171_1.jpg	photodiode	1
1135.864	0.5	1135864	catch	32671	n/a	catch_padded.jpg	photodiode	0
1136.151	0.0	1136151	response	6	n/a	n/a	trigger	0
1137.966	0.5	1137966	untrained	32672	95	memtrain/so_125_1.jpg	photodiode	1
1138.717	0.5	1138717	untrained	32715	52	memtrain/o_141_1.jpg	photodiode	1
1139.467	0.5	1139467	trained	32731	36	memtrain/o_583_1.jpg	photodiode	1
1140.368	0.5	1140368	trained	32738	29	memtrain/o_416_1.jpg	photodiode	1
1141.169	0.5	1141169	catch	32671	n/a	catch_padded.jpg	photodiode	0
1141.667	0.0	1141667	response	6	n/a	n/a	trigger	0
1143.071	0.5	1143071	trained	32749	18	memtrain/o_264_2.jpg	photodiode	1
1143.821	0.5	1143821	trained	32729	38	memtrain/o_603_1.jpg	photodiode	1
1144.672	0.5	1144672	untrained	32677	90	memtrain/o_580_1.jpg	photodiode	1
1145.573	0.5	1145573	untrained	32680	87	memtrain/o_365_1.jpg	photodiode	1
1146.423	0.5	1146423	untrained	32719	48	memtrain/o_019_2.jpg	photodiode	1
1147.174	0.5	1147174	catch	32671	n/a	catch_padded.jpg	photodiode	0
1147.522	0.0	1147522	response	6	n/a	n/a	trigger	0
1149.644	0.0	1149644	block_end	120	n/a	n/a	trigger	0
1161.096	0.0	1161096	response	6	n/a	n/a	trigger	0
1161.103	0.0	1161103	block_onset	105	n/a	n/a	trigger	0
1163.163	0.5	1163163	trained	32750	17	memtrain/o_232_1.jpg	photodiode	1
1164.064	0.5	1164064	trained	32740	27	memtrain/o_379_2.jpg	photodiode	1
1165.014	0.5	1165014	trained	32758	9	memtrain/o_101_2.jpg	photodiode	1
1165.915	0.5	1165915	untrained	32678	89	memtrain/o_469_1.jpg	photodiode	1
1166.866	0.5	1166866	catch	32671	n/a	catch_padded.jpg	photodiode	0
1167.172	0.0	1167172	response	6	n/a	n/a	trigger	0
1168.759	0.5	1168759	untrained	32719	48	memtrain/o_019_2.jpg	photodiode	1
1169.66	0.5	1169660	trained	32735	32	memtrain/o_485_2.jpg	photodiode	1
1170.46	0.5	1170460	untrained	32684	83	memtrain/so_105_1.jpg	photodiode	1
1171.211	0.5	1171211	untrained	32707	60	memtrain/o_228_2.jpg	photodiode	1
1172.12	0.5	1172120	trained	32764	3	memtrain/o_040_2.jpg	photodiode	1
1173.013	0.5	1173013	catch	32671	n/a	catch_padded.jpg	photodiode	0
1173.242	0.0	1173242	response	6	n/a	n/a	trigger	0
1175.114	0.5	1175114	trained	32745	22	memtrain/o_321_1.jpg	photodiode	1
1176.015	0.5	1176015	trained	32724	43	memtrain/so_043_2.jpg	photodiode	1
1176.766	0.5	1176766	untrained	32675	92	memtrain/so_033_1.jpg	photodiode	1
1177.616	0.5	1177616	untrained	32683	84	memtrain/so_117_2.jpg	photodiode	1
1178.567	0.5	1178567	trained	32753	14	memtrain/o_174_1.jpg	photodiode	1
1179.468	0.5	1179468	catch	32671	n/a	catch_padded.jpg	photodiode	0
1179.713	0.0	1179713	response	6	n/a	n/a	trigger	0
1181.52	0.5	1181520	untrained	32712	55	memtrain/o_153_2.jpg	photodiode	1
1182.371	0.5	1182371	untrained	32690	77	memtrain/o_574_2.jpg	photodiode	1
1183.271	0.5	1183271	untrained	32706	61	memtrain/o_298_2.jpg	photodiode	1
1184.222	0.5	1184222	trained	32767	0	memtrain/o_006_1.jpg	photodiode	1
1184.973	0.5	1184973	trained	32731	36	memtrain/o_583_1.jpg	photodiode	1
1185.773	0.5	1185773	catch	32671	n/a	catch_padded.jpg	photodiode	0
1186.058	0.0	1186058	response	6	n/a	n/a	trigger	0
1187.875	0.5	1187875	untrained	32704	63	memtrain/o_310_2.jpg	photodiode	1
1188.626	0.5	1188626	untrained	32699	68	memtrain/o_393_1.jpg	photodiode	1
1189.577	0.5	1189577	untrained	32695	72	memtrain/o_490_1.jpg	photodiode	1
1190.477	0.5	1190477	trained	32748	19	memtrain/o_284_2.jpg	photodiode	1
1191.378	0.5	1191378	untrained	32717	50	memtrain/o_057_2.jpg	photodiode	1
1192.229	0.5	1192229	catch	32671	n/a	catch_padded.jpg	photodiode	0
1192.447	0.0	1192447	response	6	n/a	n/a	trigger	0
1194.181	0.5	1194181	trained	32742	25	memtrain/o_358_2.jpg	photodiode	1
1194.931	0.5	1194931	trained	32739	28	memtrain/o_397_1.jpg	photodiode	1
1195.732	0.5	1195732	trained	32733	34	memtrain/o_558_2.jpg	photodiode	1
1196.533	0.5	1196533	catch	32671	n/a	catch_padded.jpg	photodiode	0
1196.855	0.0	1196855	response	6	n/a	n/a	trigger	0
1198.426	0.5	1198426	trained	32723	44	memtrain/so_045_1.jpg	photodiode	1
1199.277	0.5	1199277	untrained	32673	94	memtrain/so_067_1.jpg	photodiode	1
1200.228	0.5	1200228	untrained	32693	74	memtrain/o_550_1.jpg	photodiode	1
1200.978	0.5	1200978	trained	32746	21	memtrain/o_319_1.jpg	photodiode	1
1201.829	0.5	1201829	untrained	32702	65	memtrain/o_337_2.jpg	photodiode	1
1202.68	0.5	1202680	catch	32671	n/a	catch_padded.jpg	photodiode	0
1202.914	0.0	1202914	response	6	n/a	n/a	trigger	0
1204.731	0.5	1204731	trained	32726	41	memtrain/o_663_2.jpg	photodiode	1
1205.532	0.5	1205532	untrained	32692	75	memtrain/o_564_1.jpg	photodiode	1
1206.483	0.5	1206483	trained	32765	2	memtrain/o_035_1.jpg	photodiode	1
1207.434	0.5	1207434	catch	32671	n/a	catch_padded.jpg	photodiode	0
1207.798	0.0	1207798	response	6	n/a	n/a	trigger	0
1209.385	0.5	1209385	untrained	32715	52	memtrain/o_141_1.jpg	photodiode	1
1210.236	0.5	1210236	untrained	32713	54	memtrain/o_145_1.jpg	photodiode	1
1210.987	0.5	1210987	untrained	32700	67	memtrain/o_378_1.jpg	photodiode	1
1211.837	0.5	1211837	untrained	32679	88	memtrain/o_458_1.jpg	photodiode	1
1212.738	0.5	1212738	catch	32671	n/a	catch_padded.jpg	photodiode	0
1212.97	0.0	1212970	response	6	n/a	n/a	trigger	0
1214.69	0.5	1214690	untrained	32672	95	memtrain/so_125_1.jpg	photodiode	1
1215.491	0.5	1215491	untrained	32708	59	memtrain/o_201_2.jpg	photodiode	1
1216.241	0.5	1216241	untrained	32682	85	memtrain/o_218_1.jpg	photodiode	1
1217.192	0.5	1217192	trained	32732	35	memtrain/o_561_2.jpg	photodiode	1
1217.943	0.5	1217943	trained	32759	8	memtrain/o_094_1.jpg	photodiode	1
1218.743	0.5	1218743	catch	32671	n/a	catch_padded.jpg	photodiode	0
1218.951	0.0	1218951	response	6	n/a	n/a	trigger	0
1220.845	0.5	1220845	trained	32741	26	memtrain/o_376_1.jpg	photodiode	1
1221.696	0.5	1221696	trained	32762	5	memtrain/o_067_1.jpg	photodiode	1
1222.497	0.5	1222497	untrained	32687	80	memtrain/o_613_1.jpg	photodiode	1
1223.397	0.5	1223397	untrained	32703	64	memtrain/o_334_2.jpg	photodiode	1
1224.348	0.5	1224348	untrained	32688	79	memtrain/o_600_1.jpg	photodiode	1
1225.099	0.5	1225099	catch	32671	n/a	catch_padded.jpg	photodiode	0
1225.469	0.0	1225469	response	6	n/a	n/a	trigger	0
1227.092	0.5	1227092	untrained	32674	93	memtrain/so_035_1.jpg	photodiode	1
1227.951	0.5	1227951	untrained	32698	69	memtrain/o_464_2.jpg	photodiode	1
1228.743	0.5	1228743	trained	32725	42	memtrain/so_034_2.jpg	photodiode	1
1229.594	0.5	1229594	trained	32720	47	memtrain/so_147_2.jpg	photodiode	1
1230.545	0.5	1230545	untrained	32718	49	memtrain/o_054_2.jpg	photodiode	1
1231.495	0.5	1231495	catch	32671	n/a	catch_padded.jpg	photodiode	0
1231.789	0.0	1231789	response	6	n/a	n/a	trigger	0
1233.547	0.5	1233547	untrained	32680	87	memtrain/o_365_1.jpg	photodiode	1
1234.498	0.5	1234498	untrained	32691	76	memtrain/o_570_1.jpg	photodiode	1
1235.399	0.5	1235399	untrained	32685	82	memtrain/o_656_1.jpg	photodiode	1
1236.3	0.5	1236300	catch	32671	n/a	catch_padded.jpg	photodiode	0
1236.663	0.0	1236663	response	6	n/a	n/a	trigger	0
1238.301	0.5	1238301	untrained	32686	81	memtrain/o_655_2.jpg	photodiode	1
1239.252	0.5	1239252	untrained	32705	62	memtrain/o_304_1.jpg	photodiode	1
1240.153	0.5	1240153	untrained	32677	90	memtrain/o_580_1.jpg	photodiode	1
1240.954	0.5	1240954	trained	32737	30	memtrain/o_437_2.jpg	photodiode	1
1241.804	0.5	1241804	catch	32671	n/a	catch_padded.jpg	photodiode	0
1242.1	0.0	1242100	response	6	n/a	n/a	trigger	0
1243.806	0.5	1243806	trained	32756	11	memtrain/o_117_2.jpg	photodiode	1
1244.657	0.5	1244657	trained	32734	33	memtrain/o_536_1.jpg	photodiode	1
1245.607	0.5	1245607	trained	32736	31	memtrain/o_465_2.jpg	photodiode	1
1246.508	0.5	1246508	trained	32752	15	memtrain/o_195_1.jpg	photodiode	1
1247.459	0.5	1247459	catch	32671	n/a	catch_padded.jpg	photodiode	0
1247.701	0.0	1247701	response	6	n/a	n/a	trigger	0
1249.561	0.5	1249561	trained	32766	1	memtrain/o_015_1.jpg	photodiode	1
1250.361	0.5	1250361	trained	32730	37	memtrain/o_597_1.jpg	photodiode	1
1251.212	0.5	1251212	trained	32761	6	memtrain/o_076_1.jpg	photodiode	1
1252.163	0.5	1252163	trained	32743	24	memtrain/o_357_1.jpg	photodiode	1
1253.014	0.5	1253014	catch	32671	n/a	catch_padded.jpg	photodiode	0
1253.333	0.0	1253333	response	6	n/a	n/a	trigger	0
1255.116	0.5	1255116	trained	32738	29	memtrain/o_416_1.jpg	photodiode	1
1255.866	0.5	1255866	untrained	32681	86	memtrain/o_288_1.jpg	photodiode	1
1256.617	0.5	1256617	trained	32751	16	memtrain/o_199_2.jpg	photodiode	1
1257.409	0.5	1257409	catch	32671	n/a	catch_padded.jpg	photodiode	0
1257.747	0.0	1257747	response	6	n/a	n/a	trigger	0
1259.411	0.5	1259411	untrained	32716	51	memtrain/o_103_2.jpg	photodiode	1
1260.162	0.5	1260162	untrained	32694	73	memtrain/o_519_2.jpg	photodiode	1
1260.912	0.5	1260912	trained	32744	23	memtrain/o_338_2.jpg	photodiode	1
1261.713	0.5	1261713	untrained	32714	53	memtrain/o_142_2.jpg	photodiode	1
1262.564	0.5	1262564	catch	32671	n/a	catch_padded.jpg	photodiode	0
1262.856	0.0	1262856	response	6	n/a	n/a	trigger	0
1264.465	0.5	1264465	trained	32749	18	memtrain/o_264_2.jpg	photodiode	1
1265.416	0.5	1265416	trained	32721	46	memtrain/so_113_1.jpg	photodiode	1
1266.167	0.5	1266167	untrained	32711	56	memtrain/o_163_2.jpg	photodiode	1
1267.068	0.5	1267068	trained	32729	38	memtrain/o_603_1.jpg	photodiode	1
1267.968	0.5	1267968	catch	32671	n/a	catch_padded.jpg	photodiode	0
1268.31	0.0	1268310	response	6	n/a	n/a	trigger	0
1269.87	0.5	1269870	trained	32747	20	memtrain/o_290_1.jpg	photodiode	1
1270.771	0.5	1270771	untrained	32696	71	memtrain/o_483_1.jpg	photodiode	1
1271.571	0.5	1271571	untrained	32709	58	memtrain/o_192_1.jpg	photodiode	1
1272.322	0.5	1272322	untrained	32710	57	memtrain/o_171_1.jpg	photodiode	1
1273.173	0.5	1273173	catch	32671	n/a	catch_padded.jpg	photodiode	0
1273.436	0.0	1273436	response	6	n/a	n/a	trigger	0
1275.074	0.5	1275074	trained	32755	12	memtrain/o_127_2.jpg	photodiode	1
1275.975	0.5	1275975	trained	32757	10	memtrain/o_111_2.jpg	photodiode	1
1276.726	0.5	1276726	trained	32722	45	memtrain/so_090_2.jpg	photodiode	1
1277.476	0.5	1277476	catch	32671	n/a	catch_padded.jpg	photodiode	0
1277.897	0.0	1277897	response	6	n/a	n/a	trigger	0
1279.528	0.5	1279528	untrained	32697	70	memtrain/o_471_2.jpg	photodiode	1
1280.279	0.5	1280279	trained	32760	7	memtrain/o_091_2.jpg	photodiode	1
1281.18	0.5	1281180	trained	32727	40	memtrain/o_648_2.jpg	photodiode	1
1281.98	0.5	1281980	catch	32671	n/a	catch_padded.jpg	photodiode	0
1282.329	0.0	1282329	response	6	n/a	n/a	trigger	0
1283.982	0.5	1283982	trained	32763	4	memtrain/o_042_1.jpg	photodiode	1
1284.724	0.5	1284724	untrained	32701	66	memtrain/o_342_2.jpg	photodiode	1
1285.575	0.5	1285575	untrained	32676	91	memtrain/o_605_1.jpg	photodiode	1
1286.525	0.5	1286525	catch	32671	n/a	catch_padded.jpg	photodiode	0
1286.856	0.0	1286856	response	6	n/a	n/a	trigger	0
1288.627	0.5	1288627	untrained	32689	78	memtrain/o_599_1.jpg	photodiode	1
1289.428	0.5	1289428	trained	32754	13	memtrain/o_136_1.jpg	photodiode	1
1290.329	0.5	1290329	trained	32728	39	memtrain/o_606_1.jpg	photodiode	1
1291.229	0.5	1291229	trained	32733	34	memtrain/o_558_2.jpg	photodiode	1
1292.18	0.5	1292180	trained	32735	32	memtrain/o_485_2.jpg	photodiode	1
1293.09	0.5	1293090	catch	32671	n/a	catch_padded.jpg	photodiode	0
1293.309	0.0	1293309	response	6	n/a	n/a	trigger	0
1295.033	0.5	1295033	untrained	32712	55	memtrain/o_153_2.jpg	photodiode	1
1295.833	0.5	1295833	untrained	32703	64	memtrain/o_334_2.jpg	photodiode	1
1296.684	0.5	1296684	untrained	32674	93	memtrain/so_035_1.jpg	photodiode	1
1297.435	0.5	1297435	catch	32671	n/a	catch_padded.jpg	photodiode	0
1297.767	0.0	1297767	response	6	n/a	n/a	trigger	0
1299.486	0.5	1299486	untrained	32718	49	memtrain/o_054_2.jpg	photodiode	1
1300.437	0.5	1300437	untrained	32694	73	memtrain/o_519_2.jpg	photodiode	1
1301.188	0.5	1301188	trained	32746	21	memtrain/o_319_1.jpg	photodiode	1
1302.039	0.5	1302039	trained	32765	2	memtrain/o_035_1.jpg	photodiode	1
1302.789	0.5	1302789	catch	32671	n/a	catch_padded.jpg	photodiode	0
1303.072	0.0	1303072	response	6	n/a	n/a	trigger	0
1304.891	0.5	1304891	trained	32730	37	memtrain/o_597_1.jpg	photodiode	1
1305.842	0.5	1305842	untrained	32706	61	memtrain/o_298_2.jpg	photodiode	1
1306.743	0.5	1306743	untrained	32707	60	memtrain/o_228_2.jpg	photodiode	1
1307.643	0.5	1307643	untrained	32687	80	memtrain/o_613_1.jpg	photodiode	1
1308.594	0.5	1308594	catch	32671	n/a	catch_padded.jpg	photodiode	0
1308.886	0.0	1308886	response	6	n/a	n/a	trigger	0
1310.646	0.5	1310646	trained	32749	18	memtrain/o_264_2.jpg	photodiode	1
1311.497	0.5	1311497	untrained	32688	79	memtrain/o_600_1.jpg	photodiode	1
1312.447	0.5	1312447	trained	32760	7	memtrain/o_091_2.jpg	photodiode	1
1313.298	0.5	1313298	untrained	32691	76	memtrain/o_570_1.jpg	photodiode	1
1314.041	0.5	1314041	untrained	32696	71	memtrain/o_483_1.jpg	photodiode	1
1314.942	0.5	1314942	catch	32671	n/a	catch_padded.jpg	photodiode	0
1315.187	0.0	1315187	response	6	n/a	n/a	trigger	0
1316.951	0.5	1316951	untrained	32693	74	memtrain/o_550_1.jpg	photodiode	1
1317.744	0.5	1317744	trained	32740	27	memtrain/o_379_2.jpg	photodiode	1
1318.695	0.5	1318695	trained	32721	46	memtrain/so_113_1.jpg	photodiode	1
1319.445	0.5	1319445	catch	32671	n/a	catch_padded.jpg	photodiode	0
1319.802	0.0	1319802	response	6	n/a	n/a	trigger	0
1321.497	0.5	1321497	trained	32762	5	memtrain/o_067_1.jpg	photodiode	1
1322.398	0.5	1322398	trained	32720	47	memtrain/so_147_2.jpg	photodiode	1
1323.299	0.5	1323299	untrained	32680	87	memtrain/o_365_1.jpg	photodiode	1
1324.157	0.5	1324157	trained	32755	12	memtrain/o_127_2.jpg	photodiode	1
1325.0	0.5	1325000	trained	32723	44	memtrain/so_045_1.jpg	photodiode	1
1325.751	0.5	1325751	catch	32671	n/a	catch_padded.jpg	photodiode	0
1326.02	0.0	1326020	response	6	n/a	n/a	trigger	0
1327.853	0.5	1327853	trained	32757	10	memtrain/o_111_2.jpg	photodiode	1
1328.803	0.5	1328803	trained	32728	39	memtrain/o_606_1.jpg	photodiode	1
1329.604	0.5	1329604	untrained	32709	58	memtrain/o_192_1.jpg	photodiode	1
1330.405	0.5	1330405	untrained	32699	68	memtrain/o_393_1.jpg	photodiode	1
1331.205	0.5	1331205	untrained	32672	95	memtrain/so_125_1.jpg	photodiode	1
1332.106	0.5	1332106	catch	32671	n/a	catch_padded.jpg	photodiode	0
1332.333	0.0	1332333	response	6	n/a	n/a	trigger	0
1334.058	0.5	1334058	trained	32758	9	memtrain/o_101_2.jpg	photodiode	1
1334.858	0.5	1334858	untrained	32697	70	memtrain/o_471_2.jpg	photodiode	1
1335.709	0.5	1335709	untrained	32682	85	memtrain/o_218_1.jpg	photodiode	1
1336.46	0.5	1336460	catch	32671	n/a	catch_padded.jpg	photodiode	0
1336.982	0.0	1336982	response	6	n/a	n/a	trigger	0
1338.562	0.5	1338562	untrained	32692	75	memtrain/o_564_1.jpg	photodiode	1
1339.362	0.5	1339362	untrained	32695	72	memtrain/o_490_1.jpg	photodiode	1
1340.113	0.5	1340113	trained	32738	29	memtrain/o_416_1.jpg	photodiode	1
1340.964	0.5	1340964	trained	32764	3	memtrain/o_040_2.jpg	photodiode	1
1341.764	0.5	1341764	trained	32763	4	memtrain/o_042_1.jpg	photodiode	1
1342.565	0.5	1342565	catch	32671	n/a	catch_padded.jpg	photodiode	0
1342.808	0.0	1342808	response	6	n/a	n/a	trigger	0
1344.667	0.5	1344667	trained	32739	28	memtrain/o_397_1.jpg	photodiode	1
1345.509	0.5	1345509	trained	32726	41	memtrain/o_663_2.jpg	photodiode	1
1346.31	0.5	1346310	untrained	32677	90	memtrain/o_580_1.jpg	photodiode	1
1347.06	0.5	1347060	trained	32732	35	memtrain/o_561_2.jpg	photodiode	1
1347.911	0.5	1347911	trained	32731	36	memtrain/o_583_1.jpg	photodiode	1
1348.661	0.5	1348661	catch	32671	n/a	catch_padded.jpg	photodiode	0
1349.015	0.0	1349015	response	6	n/a	n/a	trigger	0
1350.563	0.5	1350563	trained	32766	1	memtrain/o_015_1.jpg	photodiode	1
1351.464	0.5	1351464	trained	32737	30	memtrain/o_437_2.jpg	photodiode	1
1352.365	0.5	1352365	untrained	32690	77	memtrain/o_574_2.jpg	photodiode	1
1353.215	0.5	1353215	catch	32671	n/a	catch_padded.jpg	photodiode	0
1353.498	0.0	1353498	response	6	n/a	n/a	trigger	0
1355.317	0.5	1355317	trained	32754	13	memtrain/o_136_1.jpg	photodiode	1
1356.268	0.5	1356268	trained	32745	22	memtrain/o_321_1.jpg	photodiode	1
1357.169	0.5	1357169	untrained	32678	89	memtrain/o_469_1.jpg	photodiode	1
1357.969	0.5	1357969	catch	32671	n/a	catch_padded.jpg	photodiode	0
1358.285	0.0	1358285	response	6	n/a	n/a	trigger	0
1359.921	0.5	1359921	trained	32727	40	memtrain/o_648_2.jpg	photodiode	1
1360.722	0.5	1360722	trained	32750	17	memtrain/o_232_1.jpg	photodiode	1
1361.673	0.5	1361673	trained	32756	11	memtrain/o_117_2.jpg	photodiode	1
1362.423	0.5	1362423	untrained	32686	81	memtrain/o_655_2.jpg	photodiode	1
1363.374	0.5	1363374	trained	32729	38	memtrain/o_603_1.jpg	photodiode	1
1364.325	0.5	1364325	catch	32671	n/a	catch_padded.jpg	photodiode	0
1364.549	0.0	1364549	response	6	n/a	n/a	trigger	0
1366.427	0.5	1366427	untrained	32684	83	memtrain/so_105_1.jpg	photodiode	1
1367.277	0.5	1367277	untrained	32683	84	memtrain/so_117_2.jpg	photodiode	1
1368.078	0.5	1368078	untrained	32673	94	memtrain/so_067_1.jpg	photodiode	1
1368.879	0.5	1368879	catch	32671	n/a	catch_padded.jpg	photodiode	0
1369.205	0.0	1369205	response	6	n/a	n/a	trigger	0
1370.78	0.5	1370780	untrained	32702	65	memtrain/o_337_2.jpg	photodiode	1
1371.581	0.5	1371581	trained	32767	0	memtrain/o_006_1.jpg	photodiode	1
1372.474	0.5	1372474	untrained	32700	67	memtrain/o_378_1.jpg	photodiode	1
1373.425	0.5	1373425	trained	32722	45	memtrain/so_090_2.jpg	photodiode	1
1374.275	0.5	1374275	untrained	32705	62	memtrain/o_304_1.jpg	photodiode	1
1375.126	0.5	1375126	catch	32671	n/a	catch_padded.jpg	photodiode	0
1375.454	0.0	1375454	response	6	n/a	n/a	trigger	0
1377.228	0.5	1377228	trained	32736	31	memtrain/o_465_2.jpg	photodiode	1
1378.078	0.5	1378078	untrained	32716	51	memtrain/o_103_2.jpg	photodiode	1
1378.887	0.5	1378887	untrained	32708	59	memtrain/o_201_2.jpg	photodiode	1
1379.68	0.5	1379680	catch	32671	n/a	catch_padded.jpg	photodiode	0
1379.965	0.0	1379965	response	6	n/a	n/a	trigger	0
1381.631	0.5	1381631	trained	32759	8	memtrain/o_094_1.jpg	photodiode	1
1382.382	0.5	1382382	untrained	32679	88	memtrain/o_458_1.jpg	photodiode	1
1383.133	0.5	1383133	trained	32743	24	memtrain/o_357_1.jpg	photodiode	1
1383.983	0.5	1383983	untrained	32698	69	memtrain/o_464_2.jpg	photodiode	1
1384.884	0.5	1384884	catch	32671	n/a	catch_padded.jpg	photodiode	0
1385.212	0.0	1385212	response	6	n/a	n/a	trigger	0
1386.836	0.5	1386836	trained	32752	15	memtrain/o_195_1.jpg	photodiode	1
1387.587	0.5	1387587	untrained	32719	48	memtrain/o_019_2.jpg	photodiode	1
1388.337	0.5	1388337	untrained	32701	66	memtrain/o_342_2.jpg	photodiode	1
1389.088	0.5	1389088	untrained	32685	82	memtrain/o_656_1.jpg	photodiode	1
1390.039	0.5	1390039	catch	32671	n/a	catch_padded.jpg	photodiode	0
1390.378	0.0	1390378	response	6	n/a	n/a	trigger	0
1391.94	0.5	1391940	trained	32761	6	memtrain/o_076_1.jpg	photodiode	1
1392.841	0.5	1392841	untrained	32710	57	memtrain/o_171_1.jpg	photodiode	1
1393.692	0.5	1393692	untrained	32676	91	memtrain/o_605_1.jpg	photodiode	1
1394.592	0.5	1394592	trained	32724	43	memtrain/so_043_2.jpg	photodiode	1
1395.393	0.5	1395393	catch	32671	n/a	catch_padded.jpg	photodiode	0
1395.706	0.0	1395706	response	6	n/a	n/a	trigger	0
1397.345	0.5	1397345	trained	32747	20	memtrain/o_290_1.jpg	photodiode	1
1398.196	0.5	1398196	untrained	32717	50	memtrain/o_057_2.jpg	photodiode	1
1399.046	0.5	1399046	trained	32725	42	memtrain/so_034_2.jpg	photodiode	1
1399.797	0.5	1399797	trained	32751	16	memtrain/o_199_2.jpg	photodiode	1
1400.748	0.5	1400748	catch	32671	n/a	catch_padded.jpg	photodiode	0
1401.005	0.0	1401005	response	6	n/a	n/a	trigger	0
1402.841	0.5	1402841	trained	32734	33	memtrain/o_536_1.jpg	photodiode	1
1403.792	0.5	1403792	trained	32753	14	memtrain/o_174_1.jpg	photodiode	1
1404.642	0.5	1404642	untrained	32689	78	memtrain/o_599_1.jpg	photodiode	1
1405.452	0.5	1405452	trained	32742	25	memtrain/o_358_2.jpg	photodiode	1
1406.244	0.5	1406244	catch	32671	n/a	catch_padded.jpg	photodiode	0
1406.597	0.0	1406597	response	6	n/a	n/a	trigger	0
1408.195	0.5	1408195	untrained	32681	86	memtrain/o_288_1.jpg	photodiode	1
1409.046	0.5	1409046	untrained	32715	52	memtrain/o_141_1.jpg	photodiode	1
1409.897	0.5	1409897	trained	32748	19	memtrain/o_284_2.jpg	photodiode	1
1410.798	0.5	1410798	catch	32671	n/a	catch_padded.jpg	photodiode	0
1411.197	0.0	1411197	response	6	n/a	n/a	trigger	0
1412.799	0.5	1412799	trained	32741	26	memtrain/o_376_1.jpg	photodiode	1
1413.65	0.5	1413650	untrained	32675	92	memtrain/so_033_1.jpg	photodiode	1
1414.401	0.5	1414401	untrained	32711	56	memtrain/o_163_2.jpg	photodiode	1
1415.151	0.5	1415151	catch	32671	n/a	catch_padded.jpg	photodiode	0
1415.5	0.0	1415500	response	6	n/a	n/a	trigger	0
1417.203	0.5	1417203	untrained	32714	53	memtrain/o_142_2.jpg	photodiode	1
1418.004	0.5	1418004	untrained	32713	54	memtrain/o_145_1.jpg	photodiode	1
1418.904	0.5	1418904	untrained	32704	63	memtrain/o_310_2.jpg	photodiode	1
1419.655	0.5	1419655	trained	32744	23	memtrain/o_338_2.jpg	photodiode	1
1420.456	0.5	1420456	catch	32671	n/a	catch_padded.jpg	photodiode	0
1420.703	0.0	1420703	response	6	n/a	n/a	trigger	0
1422.926	0.0	1422926	block_end	120	n/a	n/a	trigger	0
1469.349	0.0	1469349	response	6	n/a	n/a	trigger	0
1469.356	0.0	1469356	block_onset	106	n/a	n/a	trigger	0
1471.416	0.5	1471416	trained	32765	2	memtrain/o_035_1.jpg	photodiode	1
1472.216	0.5	1472216	untrained	32684	83	memtrain/so_105_1.jpg	photodiode	1
1473.067	0.5	1473067	untrained	32673	94	memtrain/so_067_1.jpg	photodiode	1
1473.918	0.5	1473918	trained	32744	23	memtrain/o_338_2.jpg	photodiode	1
1474.869	0.5	1474869	trained	32723	44	memtrain/so_045_1.jpg	photodiode	1
1475.669	0.5	1475669	catch	32671	n/a	catch_padded.jpg	photodiode	0
1475.959	0.0	1475959	response	6	n/a	n/a	trigger	0
1477.721	0.5	1477721	untrained	32714	53	memtrain/o_142_2.jpg	photodiode	1
1478.564	0.5	1478564	untrained	32681	86	memtrain/o_288_1.jpg	photodiode	1
1479.414	0.5	1479414	untrained	32685	82	memtrain/o_656_1.jpg	photodiode	1
1480.223	0.5	1480223	catch	32671	n/a	catch_padded.jpg	photodiode	0
1480.562	0.0	1480562	response	6	n/a	n/a	trigger	0
1482.267	0.5	1482267	untrained	32702	65	memtrain/o_337_2.jpg	photodiode	1
1483.017	0.5	1483017	untrained	32709	58	memtrain/o_192_1.jpg	photodiode	1
1483.768	0.5	1483768	trained	32721	46	memtrain/so_113_1.jpg	photodiode	1
1484.569	0.5	1484569	untrained	32706	61	memtrain/o_298_2.jpg	photodiode	1
1485.419	0.5	1485419	trained	32755	12	memtrain/o_127_2.jpg	photodiode	1
1486.22	0.5	1486220	catch	32671	n/a	catch_padded.jpg	photodiode	0
1486.532	0.0	1486532	response	6	n/a	n/a	trigger	0
1488.172	0.5	1488172	untrained	32686	81	memtrain/o_655_2.jpg	photodiode	1
1488.922	0.5	1488922	untrained	32677	90	memtrain/o_580_1.jpg	photodiode	1
1489.673	0.5	1489673	trained	32758	9	memtrain/o_101_2.jpg	photodiode	1
1490.574	0.5	1490574	trained	32734	33	memtrain/o_536_1.jpg	photodiode	1
1491.425	0.5	1491425	trained	32743	24	memtrain/o_357_1.jpg	photodiode	1
1492.275	0.5	1492275	catch	32671	n/a	catch_padded.jpg	photodiode	0
1492.525	0.0	1492525	response	6	n/a	n/a	trigger	0
1494.177	0.5	1494177	untrained	32678	89	memtrain/o_469_1.jpg	photodiode	1
1495.028	0.5	1495028	untrained	32717	50	memtrain/o_057_2.jpg	photodiode	1
1495.978	0.5	1495978	trained	32748	19	memtrain/o_284_2.jpg	photodiode	1
1496.879	0.5	1496879	catch	32671	n/a	catch_padded.jpg	photodiode	0
1497.25	0.0	1497250	response	6	n/a	n/a	trigger	0
1498.881	0.5	1498881	untrained	32712	55	memtrain/o_153_2.jpg	photodiode	1
1499.631	0.5	1499631	untrained	32680	87	memtrain/o_365_1.jpg	photodiode	1
1500.382	0.5	1500382	trained	32722	45	memtrain/so_090_2.jpg	photodiode	1
1501.283	0.5	1501283	untrained	32694	73	memtrain/o_519_2.jpg	photodiode	1
1502.034	0.5	1502034	catch	32671	n/a	catch_padded.jpg	photodiode	0
1502.349	0.0	1502349	response	6	n/a	n/a	trigger	0
1504.135	0.5	1504135	trained	32767	0	memtrain/o_006_1.jpg	photodiode	1
1504.886	0.5	1504886	trained	32736	31	memtrain/o_465_2.jpg	photodiode	1
1505.637	0.5	1505637	untrained	32703	64	memtrain/o_334_2.jpg	photodiode	1
1506.529	0.5	1506529	untrained	32679	88	memtrain/o_458_1.jpg	photodiode	1
1507.329	0.5	1507329	trained	32747	20	memtrain/o_290_1.jpg	photodiode	1
1508.13	0.5	1508130	catch	32671	n/a	catch_padded.jpg	photodiode	0
1508.358	0.0	1508358	response	6	n/a	n/a	trigger	0
1510.132	0.5	1510132	trained	32746	21	memtrain/o_319_1.jpg	photodiode	1
1510.882	0.5	1510882	trained	32729	38	memtrain/o_603_1.jpg	photodiode	1
1511.783	0.5	1511783	untrained	32690	77	memtrain/o_574_2.jpg	photodiode	1
1512.584	0.5	1512584	catch	32671	n/a	catch_padded.jpg	photodiode	0
1512.961	0.0	1512961	response	6	n/a	n/a	trigger	0
1514.485	0.5	1514485	trained	32753	14	memtrain/o_174_1.jpg	photodiode	1
1515.386	0.5	1515386	untrained	32708	59	memtrain/o_201_2.jpg	photodiode	1
1516.287	0.5	1516287	trained	32724	43	memtrain/so_043_2.jpg	photodiode	1
1517.038	0.5	1517038	trained	32727	40	memtrain/o_648_2.jpg	photodiode	1
1517.988	0.5	1517988	trained	32763	4	memtrain/o_042_1.jpg	photodiode	1
1518.839	0.5	1518839	catch	32671	n/a	catch_padded.jpg	photodiode	0
1519.165	0.0	1519165	response	6	n/a	n/a	trigger	0
1520.941	0.5	1520941	untrained	32692	75	memtrain/o_564_1.jpg	photodiode	1
1521.692	0.5	1521692	trained	32741	26	memtrain/o_376_1.jpg	photodiode	1
1522.492	0.5	1522492	trained	32764	3	memtrain/o_040_2.jpg	photodiode	1
1523.393	0.5	1523393	catch	32671	n/a	catch_padded.jpg	photodiode	0
1523.742	0.0	1523742	response	6	n/a	n/a	trigger	0
1525.495	0.5	1525495	trained	32728	39	memtrain/o_606_1.jpg	photodiode	1
1526.396	0.5	1526396	untrained	32688	79	memtrain/o_600_1.jpg	photodiode	1
1527.296	0.5	1527296	trained	32760	7	memtrain/o_091_2.jpg	photodiode	1
1528.147	0.5	1528147	trained	32749	18	memtrain/o_264_2.jpg	photodiode	1
1528.898	0.5	1528898	catch	32671	n/a	catch_padded.jpg	photodiode	0
1529.172	0.0	1529172	response	6	n/a	n/a	trigger	0
1530.849	0.5	1530849	untrained	32672	95	memtrain/so_125_1.jpg	photodiode	1
1531.75	0.5	1531750	untrained	32676	91	memtrain/o_605_1.jpg	photodiode	1
1532.551	0.5	1532551	trained	32762	5	memtrain/o_067_1.jpg	photodiode	1
1533.301	0.5	1533301	trained	32726	41	memtrain/o_663_2.jpg	photodiode	1
1534.202	0.5	1534202	catch	32671	n/a	catch_padded.jpg	photodiode	0
1534.422	0.0	1534422	response	6	n/a	n/a	trigger	0
1536.196	0.5	1536196	untrained	32675	92	memtrain/so_033_1.jpg	photodiode	1
1537.047	0.5	1537047	trained	32750	17	memtrain/o_232_1.jpg	photodiode	1
1537.847	0.5	1537847	untrained	32711	56	memtrain/o_163_2.jpg	photodiode	1
1538.648	0.5	1538648	trained	32720	47	memtrain/so_147_2.jpg	photodiode	1
1539.499	0.5	1539499	trained	32738	29	memtrain/o_416_1.jpg	photodiode	1
1540.249	0.5	1540249	catch	32671	n/a	catch_padded.jpg	photodiode	0
1540.499	0.0	1540499	response	6	n/a	n/a	trigger	0
1542.151	0.5	1542151	trained	32732	35	memtrain/o_561_2.jpg	photodiode	1
1543.052	0.5	1543052	untrained	32713	54	memtrain/o_145_1.jpg	photodiode	1
1543.902	0.5	1543902	trained	32730	37	memtrain/o_597_1.jpg	photodiode	1
1544.703	0.5	1544703	trained	32756	11	memtrain/o_117_2.jpg	photodiode	1
1545.604	0.5	1545604	catch	32671	n/a	catch_padded.jpg	photodiode	0
1545.881	0.0	1545881	response	6	n/a	n/a	trigger	0
1547.555	0.5	1547555	untrained	32719	48	memtrain/o_019_2.jpg	photodiode	1
1548.306	0.5	1548306	untrained	32715	52	memtrain/o_141_1.jpg	photodiode	1
1549.207	0.5	1549207	untrained	32707	60	memtrain/o_228_2.jpg	photodiode	1
1550.008	0.5	1550008	untrained	32701	66	memtrain/o_342_2.jpg	photodiode	1
1550.858	0.5	1550858	trained	32740	27	memtrain/o_379_2.jpg	photodiode	1
1551.609	0.5	1551609	catch	32671	n/a	catch_padded.jpg	photodiode	0
1551.928	0.0	1551928	response	6	n/a	n/a	trigger	0
1553.611	0.5	1553611	trained	32751	16	memtrain/o_199_2.jpg	photodiode	1
1554.561	0.5	1554561	untrained	32693	74	memtrain/o_550_1.jpg	photodiode	1
1555.412	0.5	1555412	untrained	32696	71	memtrain/o_483_1.jpg	photodiode	1
1556.163	0.5	1556163	catch	32671	n/a	catch_padded.jpg	photodiode	0
1556.586	0.0	1556586	response	6	n/a	n/a	trigger	0
1558.265	0.5	1558265	untrained	32674	93	memtrain/so_035_1.jpg	photodiode	1
1559.065	0.5	1559065	untrained	32718	49	memtrain/o_054_2.jpg	photodiode	1
1560.016	0.5	1560016	trained	32745	22	memtrain/o_321_1.jpg	photodiode	1
1560.867	0.5	1560867	catch	32671	n/a	catch_padded.jpg	photodiode	0
1561.241	0.0	1561241	response	6	n/a	n/a	trigger	0
1562.969	0.5	1562969	trained	32739	28	memtrain/o_397_1.jpg	photodiode	1
1563.919	0.5	1563919	trained	32735	32	memtrain/o_485_2.jpg	photodiode	1
1564.661	0.5	1564661	trained	32752	15	memtrain/o_195_1.jpg	photodiode	1
1565.562	0.5	1565562	untrained	32683	84	memtrain/so_117_2.jpg	photodiode	1
1566.363	0.5	1566363	untrained	32704	63	memtrain/o_310_2.jpg	photodiode	1
1567.163	0.5	1567163	catch	32671	n/a	catch_padded.jpg	photodiode	0
1567.495	0.0	1567495	response	6	n/a	n/a	trigger	0
1569.115	0.5	1569115	trained	32766	1	memtrain/o_015_1.jpg	photodiode	1
1570.016	0.5	1570016	trained	32754	13	memtrain/o_136_1.jpg	photodiode	1
1570.917	0.5	1570917	untrained	32710	57	memtrain/o_171_1.jpg	photodiode	1
1571.867	0.5	1571867	untrained	32691	76	memtrain/o_570_1.jpg	photodiode	1
1572.818	0.5	1572818	catch	32671	n/a	catch_padded.jpg	photodiode	0
1573.038	0.0	1573038	response	6	n/a	n/a	trigger	0
1574.87	0.5	1574870	untrained	32689	78	memtrain/o_599_1.jpg	photodiode	1
1575.721	0.5	1575721	trained	32733	34	memtrain/o_558_2.jpg	photodiode	1
1576.671	0.5	1576671	untrained	32716	51	memtrain/o_103_2.jpg	photodiode	1
1577.572	0.5	1577572	untrained	32700	67	memtrain/o_378_1.jpg	photodiode	1
1578.523	0.5	1578523	catch	32671	n/a	catch_padded.jpg	photodiode	0
1578.745	0.0	1578745	response	6	n/a	n/a	trigger	0
1580.425	0.5	1580425	trained	32759	8	memtrain/o_094_1.jpg	photodiode	1
1581.225	0.5	1581225	untrained	32698	69	memtrain/o_464_2.jpg	photodiode	1
1582.076	0.5	1582076	trained	32731	36	memtrain/o_583_1.jpg	photodiode	1
1582.977	0.5	1582977	catch	32671	n/a	catch_padded.jpg	photodiode	0
1583.294	0.0	1583294	response	6	n/a	n/a	trigger	0
1584.979	0.5	1584979	untrained	32682	85	memtrain/o_218_1.jpg	photodiode	1
1585.779	0.5	1585779	untrained	32705	62	memtrain/o_304_1.jpg	photodiode	1
1586.63	0.5	1586630	trained	32742	25	memtrain/o_358_2.jpg	photodiode	1
1587.381	0.5	1587381	catch	32671	n/a	catch_padded.jpg	photodiode	0
1587.708	0.0	1587708	response	6	n/a	n/a	trigger	0
1589.482	0.5	1589482	untrained	32699	68	memtrain/o_393_1.jpg	photodiode	1
1590.433	0.5	1590433	trained	32737	30	memtrain/o_437_2.jpg	photodiode	1
1591.284	0.5	1591284	trained	32761	6	memtrain/o_076_1.jpg	photodiode	1
1592.135	0.5	1592135	trained	32757	10	memtrain/o_111_2.jpg	photodiode	1
1592.935	0.5	1592935	catch	32671	n/a	catch_padded.jpg	photodiode	0
1593.171	0.0	1593171	response	6	n/a	n/a	trigger	0
1595.029	0.5	1595029	untrained	32695	72	memtrain/o_490_1.jpg	photodiode	1
1595.93	0.5	1595930	untrained	32687	80	memtrain/o_613_1.jpg	photodiode	1
1596.881	0.5	1596881	untrained	32697	70	memtrain/o_471_2.jpg	photodiode	1
1597.831	0.5	1597831	trained	32725	42	memtrain/so_034_2.jpg	photodiode	1
1598.782	0.5	1598782	trained	32755	12	memtrain/o_127_2.jpg	photodiode	1
1599.733	0.5	1599733	catch	32671	n/a	catch_padded.jpg	photodiode	0
1599.932	0.0	1599932	response	6	n/a	n/a	trigger	0
1601.835	0.5	1601835	trained	32734	33	memtrain/o_536_1.jpg	photodiode	1
1602.585	0.5	1602585	untrained	32699	68	memtrain/o_393_1.jpg	photodiode	1
1603.486	0.5	1603486	trained	32754	13	memtrain/o_136_1.jpg	photodiode	1
1604.287	0.5	1604287	catch	32671	n/a	catch_padded.jpg	photodiode	0
1604.663	0.0	1604663	response	6	n/a	n/a	trigger	0
1606.239	0.5	1606239	trained	32736	31	memtrain/o_465_2.jpg	photodiode	1
1607.039	0.5	1607039	untrained	32674	93	memtrain/so_035_1.jpg	photodiode	1
1607.99	0.5	1607990	untrained	32678	89	memtrain/o_469_1.jpg	photodiode	1
1608.941	0.5	1608941	catch	32671	n/a	catch_padded.jpg	photodiode	0
1609.274	0.0	1609274	response	6	n/a	n/a	trigger	0
1610.943	0.5	1610943	untrained	32701	66	memtrain/o_342_2.jpg	photodiode	1
1611.693	0.5	1611693	untrained	32672	95	memtrain/so_125_1.jpg	photodiode	1
1612.644	0.5	1612644	trained	32728	39	memtrain/o_606_1.jpg	photodiode	1
1613.495	0.5	1613495	catch	32671	n/a	catch_padded.jpg	photodiode	0
1613.851	0.0	1613851	response	6	n/a	n/a	trigger	0
1615.546	0.5	1615546	untrained	32692	75	memtrain/o_564_1.jpg	photodiode	1
1616.297	0.5	1616297	untrained	32706	61	memtrain/o_298_2.jpg	photodiode	1
1617.198	0.5	1617198	trained	32735	32	memtrain/o_485_2.jpg	photodiode	1
1618.149	0.5	1618149	untrained	32698	69	memtrain/o_464_2.jpg	photodiode	1
1619.049	0.5	1619049	catch	32671	n/a	catch_padded.jpg	photodiode	0
1619.248	0.0	1619248	response	6	n/a	n/a	trigger	0
1621.151	0.5	1621151	untrained	32682	85	memtrain/o_218_1.jpg	photodiode	1
1622.002	0.5	1622002	trained	32742	25	memtrain/o_358_2.jpg	photodiode	1
1622.803	0.5	1622803	trained	32733	34	memtrain/o_558_2.jpg	photodiode	1
1623.745	0.5	1623745	catch	32671	n/a	catch_padded.jpg	photodiode	0
1623.995	0.0	1623995	response	6	n/a	n/a	trigger	0
1625.796	0.5	1625796	trained	32763	4	memtrain/o_042_1.jpg	photodiode	1
1626.647	0.5	1626647	untrained	32690	77	memtrain/o_574_2.jpg	photodiode	1
1627.498	0.5	1627498	trained	32750	17	memtrain/o_232_1.jpg	photodiode	1
1628.449	0.5	1628449	untrained	32710	57	memtrain/o_171_1.jpg	photodiode	1
1629.299	0.5	1629299	catch	32671	n/a	catch_padded.jpg	photodiode	0
1629.609	0.0	1629609	response	6	n/a	n/a	trigger	0
1631.31	0.5	1631310	untrained	32681	86	memtrain/o_288_1.jpg	photodiode	1
1632.252	0.5	1632252	trained	32760	7	memtrain/o_091_2.jpg	photodiode	1
1633.203	0.5	1633203	trained	32748	19	memtrain/o_284_2.jpg	photodiode	1
1633.953	0.5	1633953	untrained	32711	56	memtrain/o_163_2.jpg	photodiode	1
1634.854	0.5	1634854	untrained	32717	50	memtrain/o_057_2.jpg	photodiode	1
1635.705	0.5	1635705	catch	32671	n/a	catch_padded.jpg	photodiode	0
1636.065	0.0	1636065	response	6	n/a	n/a	trigger	0
1637.757	0.5	1637757	untrained	32708	59	memtrain/o_201_2.jpg	photodiode	1
1638.607	0.5	1638607	trained	32726	41	memtrain/o_663_2.jpg	photodiode	1
1639.567	0.5	1639567	trained	32751	16	memtrain/o_199_2.jpg	photodiode	1
1640.309	0.5	1640309	untrained	32715	52	memtrain/o_141_1.jpg	photodiode	1
1641.059	0.5	1641059	catch	32671	n/a	catch_padded.jpg	photodiode	0
1641.351	0.0	1641351	response	6	n/a	n/a	trigger	0
1643.111	0.5	1643111	trained	32756	11	memtrain/o_117_2.jpg	photodiode	1
1643.962	0.5	1643962	trained	32764	3	memtrain/o_040_2.jpg	photodiode	1
1644.863	0.5	1644863	untrained	32688	79	memtrain/o_600_1.jpg	photodiode	1
1645.663	0.5	1645663	catch	32671	n/a	catch_padded.jpg	photodiode	0
1646.041	0.0	1646041	response	6	n/a	n/a	trigger	0
1647.665	0.5	1647665	trained	32744	23	memtrain/o_338_2.jpg	photodiode	1
1648.516	0.5	1648516	untrained	32687	80	memtrain/o_613_1.jpg	photodiode	1
1649.316	0.5	1649316	trained	32740	27	memtrain/o_379_2.jpg	photodiode	1
1650.217	0.5	1650217	untrained	32718	49	memtrain/o_054_2.jpg	photodiode	1
1651.068	0.5	1651068	untrained	32714	53	memtrain/o_142_2.jpg	photodiode	1
1651.811	0.5	1651811	catch	32671	n/a	catch_padded.jpg	photodiode	0
1652.049	0.0	1652049	response	6	n/a	n/a	trigger	0
1653.862	0.5	1653862	untrained	32705	62	memtrain/o_304_1.jpg	photodiode	1
1654.813	0.5	1654813	trained	32761	6	memtrain/o_076_1.jpg	photodiode	1
1655.664	0.5	1655664	trained	32753	14	memtrain/o_174_1.jpg	photodiode	1
1656.414	0.5	1656414	untrained	32704	63	memtrain/o_310_2.jpg	photodiode	1
1657.365	0.5	1657365	trained	32729	38	memtrain/o_603_1.jpg	photodiode	1
1658.166	0.5	1658166	catch	32671	n/a	catch_padded.jpg	photodiode	0
1658.337	0.0	1658337	response	6	n/a	n/a	trigger	0
1660.118	0.5	1660118	untrained	32673	94	memtrain/so_067_1.jpg	photodiode	1
1661.018	0.5	1661018	untrained	32684	83	memtrain/so_105_1.jpg	photodiode	1
1661.969	0.5	1661969	untrained	32679	88	memtrain/o_458_1.jpg	photodiode	1
1662.92	0.5	1662920	untrained	32703	64	memtrain/o_334_2.jpg	photodiode	1
1663.771	0.5	1663771	catch	32671	n/a	catch_padded.jpg	photodiode	0
1664.089	0.0	1664089	response	6	n/a	n/a	trigger	0
1665.872	0.5	1665872	untrained	32696	71	memtrain/o_483_1.jpg	photodiode	1
1666.773	0.5	1666773	untrained	32686	81	memtrain/o_655_2.jpg	photodiode	1
1667.524	0.5	1667524	trained	32757	10	memtrain/o_111_2.jpg	photodiode	1
1668.325	0.5	1668325	catch	32671	n/a	catch_padded.jpg	photodiode	0
1668.659	0.0	1668659	response	6	n/a	n/a	trigger	0
1670.226	0.5	1670226	untrained	32689	78	memtrain/o_599_1.jpg	photodiode	1
1670.977	0.5	1670977	trained	32743	24	memtrain/o_357_1.jpg	photodiode	1
1671.727	0.5	1671727	trained	32741	26	memtrain/o_376_1.jpg	photodiode	1
1672.578	0.5	1672578	trained	32721	46	memtrain/so_113_1.jpg	photodiode	1
1673.429	0.5	1673429	catch	32671	n/a	catch_padded.jpg	photodiode	0
1673.699	0.0	1673699	response	6	n/a	n/a	trigger	0
1675.431	0.5	1675431	untrained	32685	82	memtrain/o_656_1.jpg	photodiode	1
1676.381	0.5	1676381	untrained	32707	60	memtrain/o_228_2.jpg	photodiode	1
1677.332	0.5	1677332	trained	32731	36	memtrain/o_583_1.jpg	photodiode	1
1678.133	0.5	1678133	catch	32671	n/a	catch_padded.jpg	photodiode	0
1678.445	0.0	1678445	response	6	n/a	n/a	trigger	0
1680.185	0.5	1680185	untrained	32677	90	memtrain/o_580_1.jpg	photodiode	1
1680.927	0.5	1680927	untrained	32702	65	memtrain/o_337_2.jpg	photodiode	1
1681.827	0.5	1681827	trained	32766	1	memtrain/o_015_1.jpg	photodiode	1
1682.578	0.5	1682578	trained	32730	37	memtrain/o_597_1.jpg	photodiode	1
1683.379	0.5	1683379	catch	32671	n/a	catch_padded.jpg	photodiode	0
1683.641	0.0	1683641	response	6	n/a	n/a	trigger	0
1685.33	0.5	1685330	trained	32722	45	memtrain/so_090_2.jpg	photodiode	1
1686.131	0.5	1686131	untrained	32719	48	memtrain/o_019_2.jpg	photodiode	1
1686.982	0.5	1686982	trained	32724	43	memtrain/so_043_2.jpg	photodiode	1
1687.932	0.5	1687932	trained	32767	0	memtrain/o_006_1.jpg	photodiode	1
1688.833	0.5	1688833	catch	32671	n/a	catch_padded.jpg	photodiode	0
1689.167	0.0	1689167	response	6	n/a	n/a	trigger	0
1690.785	0.5	1690785	untrained	32694	73	memtrain/o_519_2.jpg	photodiode	1
1691.686	0.5	1691686	trained	32745	22	memtrain/o_321_1.jpg	photodiode	1
1692.636	0.5	1692636	trained	32762	5	memtrain/o_067_1.jpg	photodiode	1
1693.537	0.5	1693537	untrained	32683	84	memtrain/so_117_2.jpg	photodiode	1
1694.288	0.5	1694288	untrained	32697	70	memtrain/o_471_2.jpg	photodiode	1
1695.039	0.5	1695039	catch	32671	n/a	catch_padded.jpg	photodiode	0
1695.27	0.0	1695270	response	6	n/a	n/a	trigger	0
1696.94	0.5	1696940	untrained	32716	51	memtrain/o_103_2.jpg	photodiode	1
1697.691	0.5	1697691	trained	32720	47	memtrain/so_147_2.jpg	photodiode	1
1698.491	0.5	1698491	untrained	32691	76	memtrain/o_570_1.jpg	photodiode	1
1699.392	0.5	1699392	untrained	32695	72	memtrain/o_490_1.jpg	photodiode	1
1700.243	0.5	1700243	trained	32738	29	memtrain/o_416_1.jpg	photodiode	1
1701.044	0.5	1701044	catch	32671	n/a	catch_padded.jpg	photodiode	0
1701.433	0.0	1701433	response	6	n/a	n/a	trigger	0
1702.995	0.5	1702995	trained	32749	18	memtrain/o_264_2.jpg	photodiode	1
1703.896	0.5	1703896	untrained	32693	74	memtrain/o_550_1.jpg	photodiode	1
1704.847	0.5	1704847	trained	32765	2	memtrain/o_035_1.jpg	photodiode	1
1705.648	0.5	1705648	trained	32752	15	memtrain/o_195_1.jpg	photodiode	1
1706.448	0.5	1706448	untrained	32680	87	memtrain/o_365_1.jpg	photodiode	1
1707.199	0.5	1707199	catch	32671	n/a	catch_padded.jpg	photodiode	0
1707.449	0.0	1707449	response	6	n/a	n/a	trigger	0
1709.15	0.5	1709150	trained	32758	9	memtrain/o_101_2.jpg	photodiode	1
1709.951	0.5	1709951	untrained	32676	91	memtrain/o_605_1.jpg	photodiode	1
1710.894	0.5	1710894	untrained	32675	92	memtrain/so_033_1.jpg	photodiode	1
1711.695	0.5	1711695	trained	32746	21	memtrain/o_319_1.jpg	photodiode	1
1712.445	0.5	1712445	catch	32671	n/a	catch_padded.jpg	photodiode	0
1712.814	0.0	1712814	response	6	n/a	n/a	trigger	0
1714.547	0.5	1714547	untrained	32709	58	memtrain/o_192_1.jpg	photodiode	1
1715.456	0.5	1715456	untrained	32700	67	memtrain/o_378_1.jpg	photodiode	1
1716.198	0.5	1716198	trained	32737	30	memtrain/o_437_2.jpg	photodiode	1
1717.149	0.5	1717149	trained	32723	44	memtrain/so_045_1.jpg	photodiode	1
1718.1	0.5	1718100	catch	32671	n/a	catch_padded.jpg	photodiode	0
1718.397	0.0	1718397	response	6	n/a	n/a	trigger	0
1720.152	0.5	1720152	trained	32727	40	memtrain/o_648_2.jpg	photodiode	1
1720.952	0.5	1720952	trained	32725	42	memtrain/so_034_2.jpg	photodiode	1
1721.586	0.0	1721586	response	5	n/a	n/a	trigger	0
1721.703	0.5	1721703	trained	32759	8	memtrain/o_094_1.jpg	photodiode	1
1722.454	0.5	1722454	catch	32671	n/a	catch_padded.jpg	photodiode	0
1722.826	0.0	1722826	response	6	n/a	n/a	trigger	0
1724.455	0.5	1724455	trained	32732	35	memtrain/o_561_2.jpg	photodiode	1
1725.306	0.5	1725306	untrained	32713	54	memtrain/o_145_1.jpg	photodiode	1
1726.257	0.5	1726257	trained	32747	20	memtrain/o_290_1.jpg	photodiode	1
1727.158	0.5	1727158	trained	32739	28	memtrain/o_397_1.jpg	photodiode	1
1727.958	0.5	1727958	untrained	32712	55	memtrain/o_153_2.jpg	photodiode	1
1728.709	0.5	1728709	catch	32671	n/a	catch_padded.jpg	photodiode	0
1728.966	0.0	1728966	response	6	n/a	n/a	trigger	0
1731.179	0.0	1731179	block_end	120	n/a	n/a	trigger	0
1757.296	0.0	1757296	response	6	n/a	n/a	trigger	0
1757.3	0.0	1757300	block_onset	107	n/a	n/a	trigger	0
1759.36	0.5	1759360	trained	32760	7	memtrain/o_091_2.jpg	photodiode	1
1760.311	0.5	1760311	trained	32727	40	memtrain/o_648_2.jpg	photodiode	1
1761.061	0.5	1761061	untrained	32707	60	memtrain/o_228_2.jpg	photodiode	1
1761.962	0.5	1761962	trained	32738	29	memtrain/o_416_1.jpg	photodiode	1
1762.863	0.5	1762863	catch	32671	n/a	catch_padded.jpg	photodiode	0
1763.115	0.0	1763115	response	6	n/a	n/a	trigger	0
1764.906	0.5	1764906	trained	32761	6	memtrain/o_076_1.jpg	photodiode	1
1765.757	0.5	1765757	untrained	32673	94	memtrain/so_067_1.jpg	photodiode	1
1766.708	0.5	1766708	untrained	32709	58	memtrain/o_192_1.jpg	photodiode	1
1767.567	0.5	1767567	untrained	32712	55	memtrain/o_153_2.jpg	photodiode	1
1768.417	0.5	1768417	catch	32671	n/a	catch_padded.jpg	photodiode	0
1768.757	0.0	1768757	response	6	n/a	n/a	trigger	0
1770.411	0.5	1770411	untrained	32710	57	memtrain/o_171_1.jpg	photodiode	1
1771.312	0.5	1771312	trained	32746	21	memtrain/o_319_1.jpg	photodiode	1
1772.163	0.5	1772163	untrained	32715	52	memtrain/o_141_1.jpg	photodiode	1
1773.063	0.5	1773063	trained	32754	13	memtrain/o_136_1.jpg	photodiode	1
1773.864	0.5	1773864	untrained	32697	70	memtrain/o_471_2.jpg	photodiode	1
1774.765	0.5	1774765	catch	32671	n/a	catch_padded.jpg	photodiode	0
1774.885	0.0	1774885	response	6	n/a	n/a	trigger	0
1776.666	0.5	1776666	untrained	32708	59	memtrain/o_201_2.jpg	photodiode	1
1777.567	0.5	1777567	trained	32723	44	memtrain/so_045_1.jpg	photodiode	1
1778.518	0.5	1778518	untrained	32690	77	memtrain/o_574_2.jpg	photodiode	1
1779.419	0.5	1779419	catch	32671	n/a	catch_padded.jpg	photodiode	0
1779.757	0.0	1779757	response	6	n/a	n/a	trigger	0
1781.521	0.5	1781521	untrained	32695	72	memtrain/o_490_1.jpg	photodiode	1
1782.471	0.5	1782471	untrained	32702	65	memtrain/o_337_2.jpg	photodiode	1
1783.422	0.5	1783422	trained	32736	31	memtrain/o_465_2.jpg	photodiode	1
1784.173	0.5	1784173	catch	32671	n/a	catch_padded.jpg	photodiode	0
1784.504	0.0	1784504	response	6	n/a	n/a	trigger	0
1786.124	0.5	1786124	trained	32764	3	memtrain/o_040_2.jpg	photodiode	1
1786.975	0.5	1786975	untrained	32672	95	memtrain/so_125_1.jpg	photodiode	1
1787.776	0.5	1787776	trained	32752	15	memtrain/o_195_1.jpg	photodiode	1
1788.677	0.5	1788677	untrained	32678	89	memtrain/o_469_1.jpg	photodiode	1
1789.477	0.5	1789477	trained	32749	18	memtrain/o_264_2.jpg	photodiode	1
1790.428	0.5	1790428	catch	32671	n/a	catch_padded.jpg	photodiode	0
1790.642	0.0	1790642	response	6	n/a	n/a	trigger	0
1792.43	0.5	1792430	untrained	32716	51	memtrain/o_103_2.jpg	photodiode	1
1793.23	0.5	1793230	untrained	32698	69	memtrain/o_464_2.jpg	photodiode	1
1793.972	0.5	1793972	trained	32720	47	memtrain/so_147_2.jpg	photodiode	1
1794.923	0.5	1794923	untrained	32683	84	memtrain/so_117_2.jpg	photodiode	1
1795.724	0.5	1795724	catch	32671	n/a	catch_padded.jpg	photodiode	0
1796.028	0.0	1796028	response	6	n/a	n/a	trigger	0
1797.726	0.5	1797726	untrained	32718	49	memtrain/o_054_2.jpg	photodiode	1
1798.676	0.5	1798676	trained	32757	10	memtrain/o_111_2.jpg	photodiode	1
1799.427	0.5	1799427	untrained	32679	88	memtrain/o_458_1.jpg	photodiode	1
1800.378	0.5	1800378	catch	32671	n/a	catch_padded.jpg	photodiode	0
1800.719	0.0	1800719	response	6	n/a	n/a	trigger	0
1802.329	0.5	1802329	untrained	32689	78	memtrain/o_599_1.jpg	photodiode	1
1803.23	0.5	1803230	trained	32743	24	memtrain/o_357_1.jpg	photodiode	1
1803.981	0.5	1803981	untrained	32674	93	memtrain/so_035_1.jpg	photodiode	1
1804.882	0.5	1804882	untrained	32706	61	memtrain/o_298_2.jpg	photodiode	1
1805.682	0.5	1805682	untrained	32682	85	memtrain/o_218_1.jpg	photodiode	1
1805.974	0.0	1805974	response	6	n/a	n/a	trigger	0
1806.533	0.5	1806533	catch	32671	n/a	catch_padded.jpg	photodiode	0
1806.883	0.0	1806883	response	6	n/a	n/a	trigger	0
1808.485	0.5	1808485	trained	32740	27	memtrain/o_379_2.jpg	photodiode	1
1809.235	0.5	1809235	trained	32751	16	memtrain/o_199_2.jpg	photodiode	1
1810.186	0.5	1810186	trained	32744	23	memtrain/o_338_2.jpg	photodiode	1
1810.937	0.5	1810937	trained	32739	28	memtrain/o_397_1.jpg	photodiode	1
1811.687	0.5	1811687	catch	32671	n/a	catch_padded.jpg	photodiode	0
1811.979	0.0	1811979	response	6	n/a	n/a	trigger	0
1813.639	0.5	1813639	trained	32765	2	memtrain/o_035_1.jpg	photodiode	1
1814.59	0.5	1814590	trained	32756	11	memtrain/o_117_2.jpg	photodiode	1
1815.491	0.5	1815491	trained	32724	43	memtrain/so_043_2.jpg	photodiode	1
1816.391	0.5	1816391	trained	32735	32	memtrain/o_485_2.jpg	photodiode	1
1817.292	0.5	1817292	trained	32734	33	memtrain/o_536_1.jpg	photodiode	1
1818.243	0.5	1818243	catch	32671	n/a	catch_padded.jpg	photodiode	0
1818.522	0.0	1818522	response	6	n/a	n/a	trigger	0
1820.245	0.5	1820245	untrained	32686	81	memtrain/o_655_2.jpg	photodiode	1
1821.045	0.5	1821045	untrained	32680	87	memtrain/o_365_1.jpg	photodiode	1
1821.996	0.5	1821996	untrained	32711	56	memtrain/o_163_2.jpg	photodiode	1
1822.839	0.5	1822839	untrained	32685	82	memtrain/o_656_1.jpg	photodiode	1
1823.59	0.5	1823590	trained	32762	5	memtrain/o_067_1.jpg	photodiode	1
1824.39	0.5	1824390	catch	32671	n/a	catch_padded.jpg	photodiode	0
1824.629	0.0	1824629	response	6	n/a	n/a	trigger	0
1826.392	0.5	1826392	trained	32758	9	memtrain/o_101_2.jpg	photodiode	1
1827.343	0.5	1827343	untrained	32691	76	memtrain/o_570_1.jpg	photodiode	1
1828.143	0.5	1828143	trained	32750	17	memtrain/o_232_1.jpg	photodiode	1
1829.044	0.5	1829044	catch	32671	n/a	catch_padded.jpg	photodiode	0
1829.376	0.0	1829376	response	6	n/a	n/a	trigger	0
1830.996	0.5	1830996	untrained	32713	54	memtrain/o_145_1.jpg	photodiode	1
1831.796	0.5	1831796	trained	32725	42	memtrain/so_034_2.jpg	photodiode	1
1832.697	0.5	1832697	untrained	32714	53	memtrain/o_142_2.jpg	photodiode	1
1833.498	0.5	1833498	catch	32671	n/a	catch_padded.jpg	photodiode	0
1833.83	0.0	1833830	response	6	n/a	n/a	trigger	0
1835.6	0.5	1835600	untrained	32694	73	memtrain/o_519_2.jpg	photodiode	1
1836.5	0.5	1836500	trained	32742	25	memtrain/o_358_2.jpg	photodiode	1
1837.301	0.5	1837301	untrained	32688	79	memtrain/o_600_1.jpg	photodiode	1
1838.052	0.5	1838052	untrained	32687	80	memtrain/o_613_1.jpg	photodiode	1
1838.852	0.5	1838852	catch	32671	n/a	catch_padded.jpg	photodiode	0
1839.126	0.0	1839126	response	6	n/a	n/a	trigger	0
1840.854	0.5	1840854	untrained	32701	66	memtrain/o_342_2.jpg	photodiode	1
1841.755	0.5	1841755	trained	32748	19	memtrain/o_284_2.jpg	photodiode	1
1842.556	0.5	1842556	trained	32741	26	memtrain/o_376_1.jpg	photodiode	1
1843.456	0.5	1843456	trained	32766	1	memtrain/o_015_1.jpg	photodiode	1
1844.357	0.5	1844357	untrained	32675	92	memtrain/so_033_1.jpg	photodiode	1
1845.108	0.5	1845108	catch	32671	n/a	catch_padded.jpg	photodiode	0
1845.441	0.0	1845441	response	6	n/a	n/a	trigger	0
1847.21	0.5	1847210	untrained	32703	64	memtrain/o_334_2.jpg	photodiode	1
1848.16	0.5	1848160	untrained	32719	48	memtrain/o_019_2.jpg	photodiode	1
1849.011	0.5	1849011	untrained	32705	62	memtrain/o_304_1.jpg	photodiode	1
1849.812	0.5	1849812	catch	32671	n/a	catch_padded.jpg	photodiode	0
1850.264	0.0	1850264	response	6	n/a	n/a	trigger	0
1851.813	0.5	1851813	trained	32733	34	memtrain/o_558_2.jpg	photodiode	1
1852.756	0.5	1852756	untrained	32704	63	memtrain/o_310_2.jpg	photodiode	1
1853.706	0.5	1853706	trained	32745	22	memtrain/o_321_1.jpg	photodiode	1
1854.557	0.5	1854557	untrained	32693	74	memtrain/o_550_1.jpg	photodiode	1
1855.408	0.5	1855408	trained	32763	4	memtrain/o_042_1.jpg	photodiode	1
1856.209	0.5	1856209	catch	32671	n/a	catch_padded.jpg	photodiode	0
1856.528	0.0	1856528	response	6	n/a	n/a	trigger	0
1858.31	0.5	1858310	trained	32731	36	memtrain/o_583_1.jpg	photodiode	1
1859.261	0.5	1859261	trained	32747	20	memtrain/o_290_1.jpg	photodiode	1
1860.162	0.5	1860162	untrained	32684	83	memtrain/so_105_1.jpg	photodiode	1
1861.063	0.5	1861063	catch	32671	n/a	catch_padded.jpg	photodiode	0
1861.384	0.0	1861384	response	6	n/a	n/a	trigger	0
1863.014	0.5	1863014	untrained	32677	90	memtrain/o_580_1.jpg	photodiode	1
1863.915	0.5	1863915	untrained	32692	75	memtrain/o_564_1.jpg	photodiode	1
1864.666	0.5	1864666	trained	32730	37	memtrain/o_597_1.jpg	photodiode	1
1865.516	0.5	1865516	catch	32671	n/a	catch_padded.jpg	photodiode	0
1865.886	0.0	1865886	response	6	n/a	n/a	trigger	0
1867.418	0.5	1867418	trained	32753	14	memtrain/o_174_1.jpg	photodiode	1
1868.169	0.5	1868169	trained	32767	0	memtrain/o_006_1.jpg	photodiode	1
1869.019	0.5	1869019	trained	32721	46	memtrain/so_113_1.jpg	photodiode	1
1869.97	0.5	1869970	untrained	32717	50	memtrain/o_057_2.jpg	photodiode	1
1870.871	0.5	1870871	untrained	32699	68	memtrain/o_393_1.jpg	photodiode	1
1871.822	0.5	1871822	catch	32671	n/a	catch_padded.jpg	photodiode	0
1872.071	0.0	1872071	response	6	n/a	n/a	trigger	0
1873.924	0.5	1873924	untrained	32700	67	memtrain/o_378_1.jpg	photodiode	1
1874.724	0.5	1874724	trained	32729	38	memtrain/o_603_1.jpg	photodiode	1
1875.475	0.5	1875475	trained	32728	39	memtrain/o_606_1.jpg	photodiode	1
1876.376	0.5	1876376	untrained	32676	91	memtrain/o_605_1.jpg	photodiode	1
1877.226	0.5	1877226	trained	32722	45	memtrain/so_090_2.jpg	photodiode	1
1878.177	0.5	1878177	catch	32671	n/a	catch_padded.jpg	photodiode	0
1878.423	0.0	1878423	response	6	n/a	n/a	trigger	0
1880.079	0.5	1880079	untrained	32681	86	memtrain/o_288_1.jpg	photodiode	1
1880.929	0.5	1880929	trained	32755	12	memtrain/o_127_2.jpg	photodiode	1
1881.68	0.5	1881680	trained	32737	30	memtrain/o_437_2.jpg	photodiode	1
1882.523	0.5	1882523	catch	32671	n/a	catch_padded.jpg	photodiode	0
1882.862	0.0	1882862	response	6	n/a	n/a	trigger	0
1884.525	0.5	1884525	trained	32726	41	memtrain/o_663_2.jpg	photodiode	1
1885.375	0.5	1885375	trained	32732	35	memtrain/o_561_2.jpg	photodiode	1
1886.276	0.5	1886276	untrained	32696	71	memtrain/o_483_1.jpg	photodiode	1
1887.077	0.5	1887077	trained	32759	8	memtrain/o_094_1.jpg	photodiode	1
1887.877	0.5	1887877	catch	32671	n/a	catch_padded.jpg	photodiode	0
1888.162	0.0	1888162	response	6	n/a	n/a	trigger	0
1889.779	0.5	1889779	trained	32756	11	memtrain/o_117_2.jpg	photodiode	1
1890.63	0.5	1890630	trained	32745	22	memtrain/o_321_1.jpg	photodiode	1
1891.581	0.5	1891581	untrained	32692	75	memtrain/o_564_1.jpg	photodiode	1
1892.431	0.5	1892431	untrained	32688	79	memtrain/o_600_1.jpg	photodiode	1
1893.182	0.5	1893182	untrained	32719	48	memtrain/o_019_2.jpg	photodiode	1
1894.083	0.5	1894083	catch	32671	n/a	catch_padded.jpg	photodiode	0
1894.352	0.0	1894352	response	6	n/a	n/a	trigger	0
1895.984	0.5	1895984	untrained	32706	61	memtrain/o_298_2.jpg	photodiode	1
1896.885	0.5	1896885	untrained	32674	93	memtrain/so_035_1.jpg	photodiode	1
1897.786	0.5	1897786	trained	32761	6	memtrain/o_076_1.jpg	photodiode	1
1898.536	0.5	1898536	catch	32671	n/a	catch_padded.jpg	photodiode	0
1898.893	0.0	1898893	response	6	n/a	n/a	trigger	0
1900.638	0.5	1900638	trained	32765	2	memtrain/o_035_1.jpg	photodiode	1
1901.439	0.5	1901439	untrained	32698	69	memtrain/o_464_2.jpg	photodiode	1
1902.29	0.5	1902290	trained	32751	16	memtrain/o_199_2.jpg	photodiode	1
1903.09	0.5	1903090	catch	32671	n/a	catch_padded.jpg	photodiode	0
1903.431	0.0	1903431	response	6	n/a	n/a	trigger	0
1905.042	0.5	1905042	trained	32732	35	memtrain/o_561_2.jpg	photodiode	1
1905.843	0.5	1905843	untrained	32713	54	memtrain/o_145_1.jpg	photodiode	1
1906.593	0.5	1906593	trained	32747	20	memtrain/o_290_1.jpg	photodiode	1
1907.394	0.5	1907394	untrained	32677	90	memtrain/o_580_1.jpg	photodiode	1
1908.345	0.5	1908345	catch	32671	n/a	catch_padded.jpg	photodiode	0
1908.58	0.0	1908580	response	6	n/a	n/a	trigger	0
1910.288	0.5	1910288	trained	32758	9	memtrain/o_101_2.jpg	photodiode	1
1911.238	0.5	1911238	trained	32722	45	memtrain/so_090_2.jpg	photodiode	1
1912.189	0.5	1912189	trained	32733	34	memtrain/o_558_2.jpg	photodiode	1
1912.94	0.5	1912940	catch	32671	n/a	catch_padded.jpg	photodiode	0
1913.346	0.0	1913346	response	6	n/a	n/a	trigger	0
1914.842	0.5	1914842	untrained	32672	95	memtrain/so_125_1.jpg	photodiode	1
1915.642	0.5	1915642	untrained	32680	87	memtrain/o_365_1.jpg	photodiode	1
1916.493	0.5	1916493	untrained	32709	58	memtrain/o_192_1.jpg	photodiode	1
1917.294	0.5	1917294	catch	32671	n/a	catch_padded.jpg	photodiode	0
1917.713	0.0	1917713	response	6	n/a	n/a	trigger	0
1919.295	0.5	1919295	untrained	32691	76	memtrain/o_570_1.jpg	photodiode	1
1920.096	0.5	1920096	untrained	32685	82	memtrain/o_656_1.jpg	photodiode	1
1920.947	0.5	1920947	untrained	32675	92	memtrain/so_033_1.jpg	photodiode	1
1921.697	0.5	1921697	untrained	32715	52	memtrain/o_141_1.jpg	photodiode	1
1922.648	0.5	1922648	catch	32671	n/a	catch_padded.jpg	photodiode	0
1922.932	0.0	1922932	response	6	n/a	n/a	trigger	0
1924.55	0.5	1924550	trained	32738	29	memtrain/o_416_1.jpg	photodiode	1
1925.401	0.5	1925401	untrained	32678	89	memtrain/o_469_1.jpg	photodiode	1
1926.251	0.5	1926251	trained	32727	40	memtrain/o_648_2.jpg	photodiode	1
1927.152	0.5	1927152	catch	32671	n/a	catch_padded.jpg	photodiode	0
1927.517	0.0	1927517	response	6	n/a	n/a	trigger	0
1929.204	0.5	1929204	untrained	32673	94	memtrain/so_067_1.jpg	photodiode	1
1930.004	0.5	1930004	untrained	32689	78	memtrain/o_599_1.jpg	photodiode	1
1930.805	0.5	1930805	untrained	32707	60	memtrain/o_228_2.jpg	photodiode	1
1931.706	0.5	1931706	catch	32671	n/a	catch_padded.jpg	photodiode	0
1932.054	0.0	1932054	response	6	n/a	n/a	trigger	0
1933.607	0.5	1933607	trained	32753	14	memtrain/o_174_1.jpg	photodiode	1
1934.358	0.5	1934358	untrained	32701	66	memtrain/o_342_2.jpg	photodiode	1
1935.309	0.5	1935309	trained	32737	30	memtrain/o_437_2.jpg	photodiode	1
1936.21	0.5	1936210	untrained	32684	83	memtrain/so_105_1.jpg	photodiode	1
1937.11	0.5	1937110	trained	32743	24	memtrain/o_357_1.jpg	photodiode	1
1937.961	0.5	1937961	catch	32671	n/a	catch_padded.jpg	photodiode	0
1938.325	0.0	1938325	response	6	n/a	n/a	trigger	0
1940.055	0.5	1940055	untrained	32676	91	memtrain/o_605_1.jpg	photodiode	1
1940.856	0.5	1940856	untrained	32718	49	memtrain/o_054_2.jpg	photodiode	1
1941.806	0.5	1941806	untrained	32695	72	memtrain/o_490_1.jpg	photodiode	1
1942.607	0.5	1942607	trained	32736	31	memtrain/o_465_2.jpg	photodiode	1
1943.508	0.5	1943508	trained	32748	19	memtrain/o_284_2.jpg	photodiode	1
1944.459	0.5	1944459	catch	32671	n/a	catch_padded.jpg	photodiode	0
1944.769	0.0	1944769	response	6	n/a	n/a	trigger	0
1946.41	0.5	1946410	untrained	32679	88	memtrain/o_458_1.jpg	photodiode	1
1947.311	0.5	1947311	trained	32754	13	memtrain/o_136_1.jpg	photodiode	1
1948.062	0.5	1948062	trained	32746	21	memtrain/o_319_1.jpg	photodiode	1
1948.962	0.5	1948962	trained	32720	47	memtrain/so_147_2.jpg	photodiode	1
1949.713	0.5	1949713	catch	32671	n/a	catch_padded.jpg	photodiode	0
1950.037	0.0	1950037	response	6	n/a	n/a	trigger	0
1951.815	0.5	1951815	untrained	32716	51	memtrain/o_103_2.jpg	photodiode	1
1952.716	0.5	1952716	untrained	32711	56	memtrain/o_163_2.jpg	photodiode	1
1953.566	0.5	1953566	trained	32766	1	memtrain/o_015_1.jpg	photodiode	1
1954.467	0.5	1954467	untrained	32697	70	memtrain/o_471_2.jpg	photodiode	1
1955.268	0.5	1955268	catch	32671	n/a	catch_padded.jpg	photodiode	0
1955.623	0.0	1955623	response	6	n/a	n/a	trigger	0
1957.37	0.5	1957370	trained	32739	28	memtrain/o_397_1.jpg	photodiode	1
1958.32	0.5	1958320	trained	32767	0	memtrain/o_006_1.jpg	photodiode	1
1959.221	0.5	1959221	trained	32721	46	memtrain/so_113_1.jpg	photodiode	1
1960.072	0.5	1960072	untrained	32699	68	memtrain/o_393_1.jpg	photodiode	1
1960.923	0.5	1960923	catch	32671	n/a	catch_padded.jpg	photodiode	0
1961.328	0.0	1961328	response	6	n/a	n/a	trigger	0
1963.024	0.5	1963024	untrained	32704	63	memtrain/o_310_2.jpg	photodiode	1
1963.775	0.5	1963775	untrained	32714	53	memtrain/o_142_2.jpg	photodiode	1
1964.626	0.5	1964626	trained	32759	8	memtrain/o_094_1.jpg	photodiode	1
1965.577	0.5	1965577	untrained	32686	81	memtrain/o_655_2.jpg	photodiode	1
1966.427	0.5	1966427	catch	32671	n/a	catch_padded.jpg	photodiode	0
1966.817	0.0	1966817	response	6	n/a	n/a	trigger	0
1968.529	0.5	1968529	trained	32750	17	memtrain/o_232_1.jpg	photodiode	1
1969.321	0.5	1969321	untrained	32710	57	memtrain/o_171_1.jpg	photodiode	1
1970.122	0.5	1970122	untrained	32681	86	memtrain/o_288_1.jpg	photodiode	1
1971.023	0.5	1971023	untrained	32708	59	memtrain/o_201_2.jpg	photodiode	1
1971.773	0.5	1971773	catch	32671	n/a	catch_padded.jpg	photodiode	0
1972.179	0.0	1972179	response	6	n/a	n/a	trigger	0
1973.875	0.5	1973875	trained	32725	42	memtrain/so_034_2.jpg	photodiode	1
1974.676	0.5	1974676	trained	32764	3	memtrain/o_040_2.jpg	photodiode	1
1975.526	0.5	1975526	untrained	32702	65	memtrain/o_337_2.jpg	photodiode	1
1976.277	0.5	1976277	catch	32671	n/a	catch_padded.jpg	photodiode	0
1976.799	0.0	1976799	response	6	n/a	n/a	trigger	0
1978.279	0.5	1978279	trained	32723	44	memtrain/so_045_1.jpg	photodiode	1
1979.029	0.5	1979029	untrained	32683	84	memtrain/so_117_2.jpg	photodiode	1
1979.78	0.5	1979780	trained	32730	37	memtrain/o_597_1.jpg	photodiode	1
1980.531	0.5	1980531	trained	32752	15	memtrain/o_195_1.jpg	photodiode	1
1981.381	0.5	1981381	trained	32744	23	memtrain/o_338_2.jpg	photodiode	1
1982.241	0.5	1982241	catch	32671	n/a	catch_padded.jpg	photodiode	0
1982.557	0.0	1982557	response	6	n/a	n/a	trigger	0
1984.284	0.5	1984284	untrained	32700	67	memtrain/o_378_1.jpg	photodiode	1
1985.034	0.5	1985034	trained	32724	43	memtrain/so_043_2.jpg	photodiode	1
1985.935	0.5	1985935	untrained	32690	77	memtrain/o_574_2.jpg	photodiode	1
1986.836	0.5	1986836	untrained	32682	85	memtrain/o_218_1.jpg	photodiode	1
1987.787	0.5	1987787	trained	32762	5	memtrain/o_067_1.jpg	photodiode	1
1988.637	0.5	1988637	catch	32671	n/a	catch_padded.jpg	photodiode	0
1988.927	0.0	1988927	response	6	n/a	n/a	trigger	0
1990.739	0.5	1990739	trained	32760	7	memtrain/o_091_2.jpg	photodiode	1
1991.69	0.5	1991690	trained	32728	39	memtrain/o_606_1.jpg	photodiode	1
1992.591	0.5	1992591	trained	32735	32	memtrain/o_485_2.jpg	photodiode	1
1993.341	0.5	1993341	untrained	32696	71	memtrain/o_483_1.jpg	photodiode	1
1994.142	0.5	1994142	catch	32671	n/a	catch_padded.jpg	photodiode	0
1994.511	0.0	1994511	response	6	n/a	n/a	trigger	0
1996.044	0.5	1996044	trained	32741	26	memtrain/o_376_1.jpg	photodiode	1
1996.894	0.5	1996894	untrained	32687	80	memtrain/o_613_1.jpg	photodiode	1
1997.737	0.5	1997737	trained	32731	36	memtrain/o_583_1.jpg	photodiode	1
1998.638	0.5	1998638	trained	32726	41	memtrain/o_663_2.jpg	photodiode	1
1999.389	0.5	1999389	catch	32671	n/a	catch_padded.jpg	photodiode	0
1999.754	0.0	1999754	response	6	n/a	n/a	trigger	0
2001.39	0.5	2001390	trained	32740	27	memtrain/o_379_2.jpg	photodiode	1
2002.141	0.5	2002141	untrained	32693	74	memtrain/o_550_1.jpg	photodiode	1
2002.9	0.5	2002900	trained	32742	25	memtrain/o_358_2.jpg	photodiode	1
2003.642	0.5	2003642	untrained	32703	64	memtrain/o_334_2.jpg	photodiode	1
2004.393	0.5	2004393	trained	32755	12	memtrain/o_127_2.jpg	photodiode	1
2005.194	0.5	2005194	catch	32671	n/a	catch_padded.jpg	photodiode	0
2005.472	0.0	2005472	response	6	n/a	n/a	trigger	0
2007.095	0.5	2007095	untrained	32705	62	memtrain/o_304_1.jpg	photodiode	1
2008.046	0.5	2008046	untrained	32717	50	memtrain/o_057_2.jpg	photodiode	1
2008.897	0.5	2008897	trained	32729	38	memtrain/o_603_1.jpg	photodiode	1
2009.647	0.5	2009647	trained	32749	18	memtrain/o_264_2.jpg	photodiode	1
2010.598	0.5	2010598	untrained	32712	55	memtrain/o_153_2.jpg	photodiode	1
2011.499	0.5	2011499	catch	32671	n/a	catch_padded.jpg	photodiode	0
2011.829	0.0	2011829	response	6	n/a	n/a	trigger	0
2013.4	0.5	2013400	trained	32757	10	memtrain/o_111_2.jpg	photodiode	1
2014.301	0.5	2014301	untrained	32694	73	memtrain/o_519_2.jpg	photodiode	1
2015.102	0.5	2015102	trained	32763	4	memtrain/o_042_1.jpg	photodiode	1
2015.903	0.5	2015903	trained	32734	33	memtrain/o_536_1.jpg	photodiode	1
2016.703	0.5	2016703	catch	32671	n/a	catch_padded.jpg	photodiode	0
2016.99	0.0	2016990	response	6	n/a	n/a	trigger	0
2019.173	0.0	2019173	block_end	120	n/a	n/a	trigger	0
2052.132	0.0	2052132	response	6	n/a	n/a	trigger	0
2052.142	0.0	2052142	block_onset	108	n/a	n/a	trigger	0
2054.202	0.5	2054202	untrained	32704	63	memtrain/o_310_2.jpg	photodiode	1
2055.153	0.5	2055153	trained	32746	21	memtrain/o_319_1.jpg	photodiode	1
2055.953	0.5	2055953	trained	32723	44	memtrain/so_045_1.jpg	photodiode	1
2056.754	0.5	2056754	catch	32671	n/a	catch_padded.jpg	photodiode	0
2057.1	0.0	2057100	response	6	n/a	n/a	trigger	0
2058.856	0.5	2058856	untrained	32680	87	memtrain/o_365_1.jpg	photodiode	1
2059.598	0.5	2059598	trained	32739	28	memtrain/o_397_1.jpg	photodiode	1
2060.498	0.5	2060498	trained	32744	23	memtrain/o_338_2.jpg	photodiode	1
2061.458	0.5	2061458	catch	32671	n/a	catch_padded.jpg	photodiode	0
2061.826	0.0	2061826	response	6	n/a	n/a	trigger	0
2063.551	0.5	2063551	trained	32730	37	memtrain/o_597_1.jpg	photodiode	1
2064.402	0.5	2064402	trained	32751	16	memtrain/o_199_2.jpg	photodiode	1
2065.202	0.5	2065202	trained	32724	43	memtrain/so_043_2.jpg	photodiode	1
2066.003	0.5	2066003	untrained	32677	90	memtrain/o_580_1.jpg	photodiode	1
2066.754	0.5	2066754	untrained	32697	70	memtrain/o_471_2.jpg	photodiode	1
2067.654	0.5	2067654	catch	32671	n/a	catch_padded.jpg	photodiode	0
2067.961	0.0	2067961	response	6	n/a	n/a	trigger	0
2069.606	0.5	2069606	trained	32738	29	memtrain/o_416_1.jpg	photodiode	1
2070.457	0.5	2070457	untrained	32707	60	memtrain/o_228_2.jpg	photodiode	1
2071.358	0.5	2071358	trained	32725	42	memtrain/so_034_2.jpg	photodiode	1
2072.108	0.5	2072108	untrained	32709	58	memtrain/o_192_1.jpg	photodiode	1
2072.859	0.5	2072859	untrained	32712	55	memtrain/o_153_2.jpg	photodiode	1
2073.76	0.5	2073760	catch	32671	n/a	catch_padded.jpg	photodiode	0
2073.988	0.0	2073988	response	6	n/a	n/a	trigger	0
2075.861	0.5	2075861	trained	32750	17	memtrain/o_232_1.jpg	photodiode	1
2076.662	0.5	2076662	untrained	32674	93	memtrain/so_035_1.jpg	photodiode	1
2077.413	0.5	2077413	trained	32766	1	memtrain/o_015_1.jpg	photodiode	1
2078.364	0.5	2078364	trained	32728	39	memtrain/o_606_1.jpg	photodiode	1
2079.214	0.5	2079214	trained	32745	22	memtrain/o_321_1.jpg	photodiode	1
2080.065	0.5	2080065	catch	32671	n/a	catch_padded.jpg	photodiode	0
2080.382	0.0	2080382	response	6	n/a	n/a	trigger	0
2082.067	0.5	2082067	trained	32726	41	memtrain/o_663_2.jpg	photodiode	1
2082.817	0.5	2082817	trained	32734	33	memtrain/o_536_1.jpg	photodiode	1
2083.618	0.5	2083618	untrained	32698	69	memtrain/o_464_2.jpg	photodiode	1
2084.519	0.5	2084519	trained	32754	13	memtrain/o_136_1.jpg	photodiode	1
2085.42	0.5	2085420	untrained	32691	76	memtrain/o_570_1.jpg	photodiode	1
2086.22	0.5	2086220	catch	32671	n/a	catch_padded.jpg	photodiode	0
2086.482	0.0	2086482	response	6	n/a	n/a	trigger	0
2088.264	0.5	2088264	trained	32727	40	memtrain/o_648_2.jpg	photodiode	1
2089.165	0.5	2089165	untrained	32681	86	memtrain/o_288_1.jpg	photodiode	1
2090.065	0.5	2090065	untrained	32692	75	memtrain/o_564_1.jpg	photodiode	1
2090.916	0.5	2090916	untrained	32675	92	memtrain/so_033_1.jpg	photodiode	1
2091.867	0.5	2091867	catch	32671	n/a	catch_padded.jpg	photodiode	0
2092.131	0.0	2092131	response	6	n/a	n/a	trigger	0
2093.819	0.5	2093819	untrained	32679	88	memtrain/o_458_1.jpg	photodiode	1
2094.619	0.5	2094619	trained	32757	10	memtrain/o_111_2.jpg	photodiode	1
2095.52	0.5	2095520	untrained	32688	79	memtrain/o_600_1.jpg	photodiode	1
2096.271	0.5	2096271	trained	32763	4	memtrain/o_042_1.jpg	photodiode	1
2097.171	0.5	2097171	catch	32671	n/a	catch_padded.jpg	photodiode	0
2097.455	0.0	2097455	response	6	n/a	n/a	trigger	0
2099.123	0.5	2099123	untrained	32682	85	memtrain/o_218_1.jpg	photodiode	1
2100.074	0.5	2100074	untrained	32701	66	memtrain/o_342_2.jpg	photodiode	1
2100.825	0.5	2100825	trained	32740	27	memtrain/o_379_2.jpg	photodiode	1
2101.675	0.5	2101675	untrained	32702	65	memtrain/o_337_2.jpg	photodiode	1
2102.426	0.5	2102426	untrained	32689	78	memtrain/o_599_1.jpg	photodiode	1
2103.277	0.5	2103277	catch	32671	n/a	catch_padded.jpg	photodiode	0
2103.364	0.0	2103364	response	6	n/a	n/a	trigger	0
2105.286	0.5	2105286	untrained	32708	59	memtrain/o_201_2.jpg	photodiode	1
2106.179	0.5	2106179	untrained	32719	48	memtrain/o_019_2.jpg	photodiode	1
2107.08	0.5	2107080	trained	32764	3	memtrain/o_040_2.jpg	photodiode	1
2108.031	0.5	2108031	untrained	32703	64	memtrain/o_334_2.jpg	photodiode	1
2108.931	0.5	2108931	trained	32760	7	memtrain/o_091_2.jpg	photodiode	1
2109.732	0.5	2109732	catch	32671	n/a	catch_padded.jpg	photodiode	0
2110.028	0.0	2110028	response	6	n/a	n/a	trigger	0
2111.834	0.5	2111834	trained	32743	24	memtrain/o_357_1.jpg	photodiode	1
2112.635	0.5	2112635	untrained	32684	83	memtrain/so_105_1.jpg	photodiode	1
2113.485	0.5	2113485	trained	32758	9	memtrain/o_101_2.jpg	photodiode	1
2114.336	0.5	2114336	catch	32671	n/a	catch_padded.jpg	photodiode	0
2114.719	0.0	2114719	response	6	n/a	n/a	trigger	0
2116.438	0.5	2116438	trained	32747	20	memtrain/o_290_1.jpg	photodiode	1
2117.188	0.5	2117188	trained	32721	46	memtrain/so_113_1.jpg	photodiode	1
2117.93	0.5	2117930	trained	32736	31	memtrain/o_465_2.jpg	photodiode	1
2118.681	0.5	2118681	untrained	32705	62	memtrain/o_304_1.jpg	photodiode	1
2119.59	0.5	2119590	catch	32671	n/a	catch_padded.jpg	photodiode	0
2119.849	0.0	2119849	response	6	n/a	n/a	trigger	0
2121.492	0.5	2121492	untrained	32694	73	memtrain/o_519_2.jpg	photodiode	1
2122.334	0.5	2122334	untrained	32717	50	memtrain/o_057_2.jpg	photodiode	1
2123.185	0.5	2123185	untrained	32696	71	memtrain/o_483_1.jpg	photodiode	1
2123.986	0.5	2123986	trained	32765	2	memtrain/o_035_1.jpg	photodiode	1
2124.836	0.5	2124836	untrained	32715	52	memtrain/o_141_1.jpg	photodiode	1
2125.637	0.5	2125637	catch	32671	n/a	catch_padded.jpg	photodiode	0
2125.91	0.0	2125910	response	6	n/a	n/a	trigger	0
2127.689	0.5	2127689	untrained	32711	56	memtrain/o_163_2.jpg	photodiode	1
2128.589	0.5	2128589	trained	32722	45	memtrain/so_090_2.jpg	photodiode	1
2129.44	0.5	2129440	trained	32761	6	memtrain/o_076_1.jpg	photodiode	1
2130.341	0.5	2130341	untrained	32686	81	memtrain/o_655_2.jpg	photodiode	1
2131.092	0.5	2131092	catch	32671	n/a	catch_padded.jpg	photodiode	0
2131.439	0.0	2131439	response	6	n/a	n/a	trigger	0
2133.043	0.5	2133043	trained	32753	14	memtrain/o_174_1.jpg	photodiode	1
2133.994	0.5	2133994	trained	32729	38	memtrain/o_603_1.jpg	photodiode	1
2134.745	0.5	2134745	trained	32767	0	memtrain/o_006_1.jpg	photodiode	1
2135.495	0.5	2135495	untrained	32690	77	memtrain/o_574_2.jpg	photodiode	1
2136.446	0.5	2136446	trained	32759	8	memtrain/o_094_1.jpg	photodiode	1
2137.347	0.5	2137347	catch	32671	n/a	catch_padded.jpg	photodiode	0
2137.612	0.0	2137612	response	6	n/a	n/a	trigger	0
2139.449	0.5	2139449	trained	32762	5	memtrain/o_067_1.jpg	photodiode	1
2140.349	0.5	2140349	trained	32748	19	memtrain/o_284_2.jpg	photodiode	1
2141.3	0.5	2141300	untrained	32713	54	memtrain/o_145_1.jpg	photodiode	1
2142.051	0.5	2142051	untrained	32687	80	memtrain/o_613_1.jpg	photodiode	1
2142.952	0.5	2142952	catch	32671	n/a	catch_padded.jpg	photodiode	0
2143.297	0.0	2143297	response	6	n/a	n/a	trigger	0
2144.953	0.5	2144953	trained	32732	35	memtrain/o_561_2.jpg	photodiode	1
2145.754	0.5	2145754	trained	32731	36	memtrain/o_583_1.jpg	photodiode	1
2146.505	0.5	2146505	untrained	32695	72	memtrain/o_490_1.jpg	photodiode	1
2147.347	0.5	2147347	catch	32671	n/a	catch_padded.jpg	photodiode	0
2147.768	0.0	2147768	response	6	n/a	n/a	trigger	0
2149.457	0.5	2149457	untrained	32710	57	memtrain/o_171_1.jpg	photodiode	1
2150.25	0.5	2150250	untrained	32676	91	memtrain/o_605_1.jpg	photodiode	1
2151.151	0.5	2151151	trained	32737	30	memtrain/o_437_2.jpg	photodiode	1
2152.001	0.5	2152001	untrained	32706	61	memtrain/o_298_2.jpg	photodiode	1
2152.802	0.5	2152802	catch	32671	n/a	catch_padded.jpg	photodiode	0
2153.093	0.0	2153093	response	6	n/a	n/a	trigger	0
2154.754	0.5	2154754	untrained	32718	49	memtrain/o_054_2.jpg	photodiode	1
2155.554	0.5	2155554	trained	32735	32	memtrain/o_485_2.jpg	photodiode	1
2156.355	0.5	2156355	untrained	32714	53	memtrain/o_142_2.jpg	photodiode	1
2157.306	0.5	2157306	trained	32742	25	memtrain/o_358_2.jpg	photodiode	1
2158.056	0.5	2158056	catch	32671	n/a	catch_padded.jpg	photodiode	0
2158.394	0.0	2158394	response	6	n/a	n/a	trigger	0
2160.058	0.5	2160058	untrained	32672	95	memtrain/so_125_1.jpg	photodiode	1
2161.009	0.5	2161009	trained	32733	34	memtrain/o_558_2.jpg	photodiode	1
2161.91	0.5	2161910	untrained	32673	94	memtrain/so_067_1.jpg	photodiode	1
2162.81	0.5	2162810	catch	32671	n/a	catch_padded.jpg	photodiode	0
2163.167	0.0	2163167	response	6	n/a	n/a	trigger	0
2164.712	0.5	2164712	untrained	32685	82	memtrain/o_656_1.jpg	photodiode	1
2165.613	0.5	2165613	untrained	32716	51	memtrain/o_103_2.jpg	photodiode	1
2166.564	0.5	2166564	trained	32755	12	memtrain/o_127_2.jpg	photodiode	1
2167.464	0.5	2167464	trained	32756	11	memtrain/o_117_2.jpg	photodiode	1
2168.265	0.5	2168265	trained	32752	15	memtrain/o_195_1.jpg	photodiode	1
2169.016	0.5	2169016	catch	32671	n/a	catch_padded.jpg	photodiode	0
2169.325	0.0	2169325	response	6	n/a	n/a	trigger	0
2171.017	0.5	2171017	untrained	32678	89	memtrain/o_469_1.jpg	photodiode	1
2171.818	0.5	2171818	untrained	32699	68	memtrain/o_393_1.jpg	photodiode	1
2172.619	0.5	2172619	untrained	32683	84	memtrain/so_117_2.jpg	photodiode	1
2173.47	0.5	2173470	trained	32749	18	memtrain/o_264_2.jpg	photodiode	1
2174.37	0.5	2174370	catch	32671	n/a	catch_padded.jpg	photodiode	0
2174.685	0.0	2174685	response	6	n/a	n/a	trigger	0
2176.472	0.5	2176472	untrained	32693	74	memtrain/o_550_1.jpg	photodiode	1
2177.423	0.5	2177423	untrained	32700	67	memtrain/o_378_1.jpg	photodiode	1
2178.224	0.5	2178224	trained	32741	26	memtrain/o_376_1.jpg	photodiode	1
2179.016	0.5	2179016	catch	32671	n/a	catch_padded.jpg	photodiode	0
2179.41	0.0	2179410	response	6	n/a	n/a	trigger	0
2180.917	0.5	2180917	trained	32720	47	memtrain/so_147_2.jpg	photodiode	1
2181.768	0.5	2181768	untrained	32697	70	memtrain/o_471_2.jpg	photodiode	1
2182.619	0.5	2182619	trained	32726	41	memtrain/o_663_2.jpg	photodiode	1
2183.469	0.5	2183469	trained	32749	18	memtrain/o_264_2.jpg	photodiode	1
2184.27	0.5	2184270	catch	32671	n/a	catch_padded.jpg	photodiode	0
2184.578	0.0	2184578	response	6	n/a	n/a	trigger	0
2186.372	0.5	2186372	untrained	32682	85	memtrain/o_218_1.jpg	photodiode	1
2187.172	0.5	2187172	trained	32737	30	memtrain/o_437_2.jpg	photodiode	1
2188.023	0.5	2188023	untrained	32688	79	memtrain/o_600_1.jpg	photodiode	1
2188.824	0.5	2188824	trained	32745	22	memtrain/o_321_1.jpg	photodiode	1
2189.775	0.5	2189775	trained	32751	16	memtrain/o_199_2.jpg	photodiode	1
2190.725	0.5	2190725	catch	32671	n/a	catch_padded.jpg	photodiode	0
2190.964	0.0	2190964	response	6	n/a	n/a	trigger	0
2192.827	0.5	2192827	trained	32757	10	memtrain/o_111_2.jpg	photodiode	1
2193.578	0.5	2193578	untrained	32694	73	memtrain/o_519_2.jpg	photodiode	1
2194.329	0.5	2194329	trained	32736	31	memtrain/o_465_2.jpg	photodiode	1
2195.229	0.5	2195229	catch	32671	n/a	catch_padded.jpg	photodiode	0
2195.551	0.0	2195551	response	6	n/a	n/a	trigger	0
2197.131	0.5	2197131	trained	32756	11	memtrain/o_117_2.jpg	photodiode	1
2197.932	0.5	2197932	untrained	32719	48	memtrain/o_019_2.jpg	photodiode	1
2198.882	0.5	2198882	untrained	32675	92	memtrain/so_033_1.jpg	photodiode	1
2199.783	0.5	2199783	catch	32671	n/a	catch_padded.jpg	photodiode	0
2200.061	0.0	2200061	response	6	n/a	n/a	trigger	0
2201.885	0.5	2201885	trained	32754	13	memtrain/o_136_1.jpg	photodiode	1
2202.636	0.5	2202636	trained	32722	45	memtrain/so_090_2.jpg	photodiode	1
2203.486	0.5	2203486	untrained	32692	75	memtrain/o_564_1.jpg	photodiode	1
2204.387	0.5	2204387	untrained	32705	62	memtrain/o_304_1.jpg	photodiode	1
2205.18	0.5	2205180	untrained	32676	91	memtrain/o_605_1.jpg	photodiode	1
2206.088	0.5	2206088	catch	32671	n/a	catch_padded.jpg	photodiode	0
2206.323	0.0	2206323	response	6	n/a	n/a	trigger	0
2207.982	0.5	2207982	untrained	32699	68	memtrain/o_393_1.jpg	photodiode	1
2208.933	0.5	2208933	untrained	32707	60	memtrain/o_228_2.jpg	photodiode	1
2209.784	0.5	2209784	trained	32725	42	memtrain/so_034_2.jpg	photodiode	1
2210.684	0.5	2210684	trained	32763	4	memtrain/o_042_1.jpg	photodiode	1
2211.635	0.5	2211635	catch	32671	n/a	catch_padded.jpg	photodiode	0
2211.861	0.0	2211861	response	6	n/a	n/a	trigger	0
2213.637	0.5	2213637	untrained	32698	69	memtrain/o_464_2.jpg	photodiode	1
2214.438	0.5	2214438	untrained	32687	80	memtrain/o_613_1.jpg	photodiode	1
2215.388	0.5	2215388	trained	32765	2	memtrain/o_035_1.jpg	photodiode	1
2216.339	0.5	2216339	catch	32671	n/a	catch_padded.jpg	photodiode	0
2216.741	0.0	2216741	response	6	n/a	n/a	trigger	0
2218.441	0.5	2218441	untrained	32704	63	memtrain/o_310_2.jpg	photodiode	1
2219.342	0.5	2219342	trained	32746	21	memtrain/o_319_1.jpg	photodiode	1
2220.092	0.5	2220092	trained	32758	9	memtrain/o_101_2.jpg	photodiode	1
2220.843	0.5	2220843	trained	32732	35	memtrain/o_561_2.jpg	photodiode	1
2221.694	0.5	2221694	trained	32767	0	memtrain/o_006_1.jpg	photodiode	1
2221.924	0.0	2221924	response	6	n/a	n/a	trigger	0
2222.594	0.5	2222594	catch	32671	n/a	catch_padded.jpg	photodiode	0
2222.683	0.0	2222683	response	6	n/a	n/a	trigger	0
2224.496	0.5	2224496	untrained	32686	81	memtrain/o_655_2.jpg	photodiode	1
2225.397	0.5	2225397	trained	32741	26	memtrain/o_376_1.jpg	photodiode	1
2226.147	0.5	2226147	trained	32728	39	memtrain/o_606_1.jpg	photodiode	1
2227.098	0.5	2227098	catch	32671	n/a	catch_padded.jpg	photodiode	0
2227.481	0.0	2227481	response	6	n/a	n/a	trigger	0
2229.0	0.5	2229000	untrained	32712	55	memtrain/o_153_2.jpg	photodiode	1
2229.801	0.5	2229801	trained	32730	37	memtrain/o_597_1.jpg	photodiode	1
2230.601	0.5	2230601	trained	32738	29	memtrain/o_416_1.jpg	photodiode	1
2231.352	0.5	2231352	trained	32766	1	memtrain/o_015_1.jpg	photodiode	1
2232.203	0.5	2232203	catch	32671	n/a	catch_padded.jpg	photodiode	0
2232.54	0.0	2232540	response	6	n/a	n/a	trigger	0
2234.254	0.5	2234254	trained	32727	40	memtrain/o_648_2.jpg	photodiode	1
2235.055	0.5	2235055	untrained	32702	65	memtrain/o_337_2.jpg	photodiode	1
2235.806	0.5	2235806	trained	32764	3	memtrain/o_040_2.jpg	photodiode	1
2236.556	0.5	2236556	catch	32671	n/a	catch_padded.jpg	photodiode	0
2236.907	0.0	2236907	response	6	n/a	n/a	trigger	0
2238.449	0.5	2238449	trained	32740	27	memtrain/o_379_2.jpg	photodiode	1
2239.25	0.5	2239250	untrained	32690	77	memtrain/o_574_2.jpg	photodiode	1
2240.051	0.5	2240051	trained	32743	24	memtrain/o_357_1.jpg	photodiode	1
2240.851	0.5	2240851	catch	32671	n/a	catch_padded.jpg	photodiode	0
2241.2	0.0	2241200	response	6	n/a	n/a	trigger	0
2242.853	0.5	2242853	trained	32733	34	memtrain/o_558_2.jpg	photodiode	1
2243.654	0.5	2243654	untrained	32695	72	memtrain/o_490_1.jpg	photodiode	1
2244.504	0.5	2244504	trained	32734	33	memtrain/o_536_1.jpg	photodiode	1
2245.405	0.5	2245405	catch	32671	n/a	catch_padded.jpg	photodiode	0
2245.702	0.0	2245702	response	6	n/a	n/a	trigger	0
2247.507	0.5	2247507	untrained	32700	67	memtrain/o_378_1.jpg	photodiode	1
2248.308	0.5	2248308	untrained	32677	90	memtrain/o_580_1.jpg	photodiode	1
2249.108	0.5	2249108	untrained	32701	66	memtrain/o_342_2.jpg	photodiode	1
2250.059	0.5	2250059	catch	32671	n/a	catch_padded.jpg	photodiode	0
2250.37	0.0	2250370	response	6	n/a	n/a	trigger	0
2251.961	0.5	2251961	untrained	32715	52	memtrain/o_141_1.jpg	photodiode	1
2252.811	0.5	2252811	untrained	32684	83	memtrain/so_105_1.jpg	photodiode	1
2253.712	0.5	2253712	untrained	32706	61	memtrain/o_298_2.jpg	photodiode	1
2254.613	0.5	2254613	catch	32671	n/a	catch_padded.jpg	photodiode	0
2254.924	0.0	2254924	response	6	n/a	n/a	trigger	0
2256.615	0.5	2256615	trained	32759	8	memtrain/o_094_1.jpg	photodiode	1
2257.365	0.5	2257365	trained	32723	44	memtrain/so_045_1.jpg	photodiode	1
2258.216	0.5	2258216	untrained	32716	51	memtrain/o_103_2.jpg	photodiode	1
2259.117	0.5	2259117	untrained	32693	74	memtrain/o_550_1.jpg	photodiode	1
2260.018	0.5	2260018	untrained	32689	78	memtrain/o_599_1.jpg	photodiode	1
2260.968	0.5	2260968	catch	32671	n/a	catch_padded.jpg	photodiode	0
2261.181	0.0	2261181	response	6	n/a	n/a	trigger	0
2262.92	0.5	2262920	trained	32729	38	memtrain/o_603_1.jpg	photodiode	1
2263.771	0.5	2263771	trained	32731	36	memtrain/o_583_1.jpg	photodiode	1
2264.521	0.5	2264521	trained	32747	20	memtrain/o_290_1.jpg	photodiode	1
2265.372	0.5	2265372	untrained	32673	94	memtrain/so_067_1.jpg	photodiode	1
2266.115	0.5	2266115	catch	32671	n/a	catch_padded.jpg	photodiode	0
2266.452	0.0	2266452	response	6	n/a	n/a	trigger	0
2268.216	0.5	2268216	untrained	32711	56	memtrain/o_163_2.jpg	photodiode	1
2269.067	0.5	2269067	untrained	32713	54	memtrain/o_145_1.jpg	photodiode	1
2270.018	0.5	2270018	trained	32742	25	memtrain/o_358_2.jpg	photodiode	1
2270.869	0.5	2270869	catch	32671	n/a	catch_padded.jpg	photodiode	0
2271.205	0.0	2271205	response	6	n/a	n/a	trigger	0
2272.77	0.5	2272770	trained	32720	47	memtrain/so_147_2.jpg	photodiode	1
2273.571	0.5	2273571	untrained	32709	58	memtrain/o_192_1.jpg	photodiode	1
2274.322	0.5	2274322	trained	32735	32	memtrain/o_485_2.jpg	photodiode	1
2275.222	0.5	2275222	untrained	32717	50	memtrain/o_057_2.jpg	photodiode	1
2276.123	0.5	2276123	catch	32671	n/a	catch_padded.jpg	photodiode	0
2276.435	0.0	2276435	response	6	n/a	n/a	trigger	0
2278.075	0.5	2278075	trained	32755	12	memtrain/o_127_2.jpg	photodiode	1
2278.926	0.5	2278926	trained	32753	14	memtrain/o_174_1.jpg	photodiode	1
2279.876	0.5	2279876	trained	32724	43	memtrain/so_043_2.jpg	photodiode	1
2280.827	0.5	2280827	untrained	32708	59	memtrain/o_201_2.jpg	photodiode	1
2281.778	0.5	2281778	catch	32671	n/a	catch_padded.jpg	photodiode	0
2282.111	0.0	2282111	response	6	n/a	n/a	trigger	0
2283.68	0.5	2283680	untrained	32691	76	memtrain/o_570_1.jpg	photodiode	1
2284.43	0.5	2284430	untrained	32714	53	memtrain/o_142_2.jpg	photodiode	1
2285.231	0.5	2285231	untrained	32703	64	memtrain/o_334_2.jpg	photodiode	1
2286.082	0.5	2286082	untrained	32696	71	memtrain/o_483_1.jpg	photodiode	1
2286.882	0.5	2286882	catch	32671	n/a	catch_padded.jpg	photodiode	0
2287.169	0.0	2287169	response	6	n/a	n/a	trigger	0
2288.884	0.5	2288884	trained	32761	6	memtrain/o_076_1.jpg	photodiode	1
2289.785	0.5	2289785	untrained	32685	82	memtrain/o_656_1.jpg	photodiode	1
2290.636	0.5	2290636	untrained	32681	86	memtrain/o_288_1.jpg	photodiode	1
2291.586	0.5	2291586	untrained	32674	93	memtrain/so_035_1.jpg	photodiode	1
2292.337	0.5	2292337	untrained	32710	57	memtrain/o_171_1.jpg	photodiode	1
2293.288	0.5	2293288	catch	32671	n/a	catch_padded.jpg	photodiode	0
2293.575	0.0	2293575	response	6	n/a	n/a	trigger	0
2295.181	0.5	2295181	untrained	32683	84	memtrain/so_117_2.jpg	photodiode	1
2296.081	0.5	2296081	untrained	32680	87	memtrain/o_365_1.jpg	photodiode	1
2296.982	0.5	2296982	trained	32750	17	memtrain/o_232_1.jpg	photodiode	1
2297.733	0.5	2297733	untrained	32672	95	memtrain/so_125_1.jpg	photodiode	1
2298.684	0.5	2298684	catch	32671	n/a	catch_padded.jpg	photodiode	0
2299.025	0.0	2299025	response	6	n/a	n/a	trigger	0
2300.735	0.5	2300735	trained	32752	15	memtrain/o_195_1.jpg	photodiode	1
2301.586	0.5	2301586	trained	32760	7	memtrain/o_091_2.jpg	photodiode	1
2302.537	0.5	2302537	trained	32748	19	memtrain/o_284_2.jpg	photodiode	1
2303.288	0.5	2303288	untrained	32679	88	memtrain/o_458_1.jpg	photodiode	1
2304.088	0.5	2304088	trained	32762	5	memtrain/o_067_1.jpg	photodiode	1
2305.039	0.5	2305039	catch	32671	n/a	catch_padded.jpg	photodiode	0
2305.354	0.0	2305354	response	6	n/a	n/a	trigger	0
2307.041	0.5	2307041	untrained	32718	49	memtrain/o_054_2.jpg	photodiode	1
2307.992	0.5	2307992	trained	32739	28	memtrain/o_397_1.jpg	photodiode	1
2308.842	0.5	2308842	untrained	32678	89	memtrain/o_469_1.jpg	photodiode	1
2309.793	0.5	2309793	trained	32721	46	memtrain/so_113_1.jpg	photodiode	1
2310.644	0.5	2310644	trained	32744	23	memtrain/o_338_2.jpg	photodiode	1
2311.495	0.5	2311495	catch	32671	n/a	catch_padded.jpg	photodiode	0
2311.816	0.0	2311816	response	6	n/a	n/a	trigger	0
2313.965	0.0	2313965	block_end	120	n/a	n/a	trigger	0
2326.825	0.0	2326825	block_onset	109	n/a	n/a	trigger	0
2328.885	0.5	2328885	trained	32747	20	memtrain/o_290_1.jpg	photodiode	1
2329.635	0.5	2329635	untrained	32698	69	memtrain/o_464_2.jpg	photodiode	1
2330.536	0.5	2330536	untrained	32700	67	memtrain/o_378_1.jpg	photodiode	1
2331.337	0.5	2331337	trained	32726	41	memtrain/o_663_2.jpg	photodiode	1
2332.129	0.5	2332129	untrained	32685	82	memtrain/o_656_1.jpg	photodiode	1
2332.929	0.5	2332929	catch	32671	n/a	catch_padded.jpg	photodiode	0
2333.345	0.0	2333345	response	6	n/a	n/a	trigger	0
2334.881	0.5	2334881	trained	32744	23	memtrain/o_338_2.jpg	photodiode	1
2335.632	0.5	2335632	untrained	32713	54	memtrain/o_145_1.jpg	photodiode	1
2336.582	0.5	2336582	trained	32748	19	memtrain/o_284_2.jpg	photodiode	1
2337.333	0.5	2337333	catch	32671	n/a	catch_padded.jpg	photodiode	0
2337.751	0.0	2337751	response	6	n/a	n/a	trigger	0
2339.385	0.5	2339385	trained	32760	7	memtrain/o_091_2.jpg	photodiode	1
2340.135	0.5	2340135	trained	32766	1	memtrain/o_015_1.jpg	photodiode	1
2340.986	0.5	2340986	trained	32727	40	memtrain/o_648_2.jpg	photodiode	1
2341.837	0.5	2341837	trained	32762	5	memtrain/o_067_1.jpg	photodiode	1
2342.788	0.5	2342788	trained	32754	13	memtrain/o_136_1.jpg	photodiode	1
2343.739	0.5	2343739	catch	32671	n/a	catch_padded.jpg	photodiode	0
2344.001	0.0	2344001	response	6	n/a	n/a	trigger	0
2345.79	0.5	2345790	untrained	32719	48	memtrain/o_019_2.jpg	photodiode	1
2346.541	0.5	2346541	untrained	32699	68	memtrain/o_393_1.jpg	photodiode	1
2347.292	0.5	2347292	untrained	32681	86	memtrain/o_288_1.jpg	photodiode	1
2348.042	0.5	2348042	trained	32751	16	memtrain/o_199_2.jpg	photodiode	1
2348.843	0.5	2348843	catch	32671	n/a	catch_padded.jpg	photodiode	0
2349.179	0.0	2349179	response	6	n/a	n/a	trigger	0
2350.945	0.5	2350945	untrained	32714	53	memtrain/o_142_2.jpg	photodiode	1
2351.745	0.5	2351745	untrained	32701	66	memtrain/o_342_2.jpg	photodiode	1
2352.596	0.5	2352596	trained	32742	25	memtrain/o_358_2.jpg	photodiode	1
2353.547	0.5	2353547	catch	32671	n/a	catch_padded.jpg	photodiode	0
2353.93	0.0	2353930	response	6	n/a	n/a	trigger	0
2355.549	0.5	2355549	untrained	32702	65	memtrain/o_337_2.jpg	photodiode	1
2356.399	0.5	2356399	trained	32738	29	memtrain/o_416_1.jpg	photodiode	1
2357.3	0.5	2357300	untrained	32678	89	memtrain/o_469_1.jpg	photodiode	1
2358.101	0.5	2358101	catch	32671	n/a	catch_padded.jpg	photodiode	0
2358.528	0.0	2358528	response	6	n/a	n/a	trigger	0
2360.052	0.5	2360052	untrained	32674	93	memtrain/so_035_1.jpg	photodiode	1
2360.953	0.5	2360953	untrained	32677	90	memtrain/o_580_1.jpg	photodiode	1
2361.896	0.5	2361896	trained	32752	15	memtrain/o_195_1.jpg	photodiode	1
2362.647	0.5	2362647	catch	32671	n/a	catch_padded.jpg	photodiode	0
2362.98	0.0	2362980	response	6	n/a	n/a	trigger	0
2364.748	0.5	2364748	untrained	32709	58	memtrain/o_192_1.jpg	photodiode	1
2365.599	0.5	2365599	trained	32756	11	memtrain/o_117_2.jpg	photodiode	1
2366.4	0.5	2366400	trained	32725	42	memtrain/so_034_2.jpg	photodiode	1
2367.2	0.5	2367200	untrained	32715	52	memtrain/o_141_1.jpg	photodiode	1
2368.151	0.5	2368151	trained	32723	44	memtrain/so_045_1.jpg	photodiode	1
2369.102	0.5	2369102	catch	32671	n/a	catch_padded.jpg	photodiode	0
2369.37	0.0	2369370	response	6	n/a	n/a	trigger	0
2371.154	0.5	2371154	untrained	32718	49	memtrain/o_054_2.jpg	photodiode	1
2372.004	0.5	2372004	untrained	32673	94	memtrain/so_067_1.jpg	photodiode	1
2372.855	0.5	2372855	trained	32722	45	memtrain/so_090_2.jpg	photodiode	1
2373.756	0.5	2373756	catch	32671	n/a	catch_padded.jpg	photodiode	0
2374.192	0.0	2374192	response	6	n/a	n/a	trigger	0
2375.808	0.5	2375808	untrained	32706	61	memtrain/o_298_2.jpg	photodiode	1
2376.708	0.5	2376708	untrained	32691	76	memtrain/o_570_1.jpg	photodiode	1
2377.609	0.5	2377609	trained	32741	26	memtrain/o_376_1.jpg	photodiode	1
2378.41	0.5	2378410	untrained	32707	60	memtrain/o_228_2.jpg	photodiode	1
2379.311	0.5	2379311	catch	32671	n/a	catch_padded.jpg	photodiode	0
2379.622	0.0	2379622	response	6	n/a	n/a	trigger	0
2381.212	0.5	2381212	trained	32755	12	memtrain/o_127_2.jpg	photodiode	1
2382.163	0.5	2382163	untrained	32684	83	memtrain/so_105_1.jpg	photodiode	1
2383.014	0.5	2383014	untrained	32675	92	memtrain/so_033_1.jpg	photodiode	1
2383.865	0.5	2383865	trained	32743	24	memtrain/o_357_1.jpg	photodiode	1
2384.765	0.5	2384765	catch	32671	n/a	catch_padded.jpg	photodiode	0
2385.155	0.0	2385155	response	6	n/a	n/a	trigger	0
2386.817	0.5	2386817	untrained	32680	87	memtrain/o_365_1.jpg	photodiode	1
2387.618	0.5	2387618	trained	32720	47	memtrain/so_147_2.jpg	photodiode	1
2388.518	0.5	2388518	untrained	32696	71	memtrain/o_483_1.jpg	photodiode	1
2389.369	0.5	2389369	trained	32733	34	memtrain/o_558_2.jpg	photodiode	1
2390.27	0.5	2390270	catch	32671	n/a	catch_padded.jpg	photodiode	0
2390.588	0.0	2390588	response	6	n/a	n/a	trigger	0
2392.372	0.5	2392372	trained	32721	46	memtrain/so_113_1.jpg	photodiode	1
2393.314	0.5	2393314	trained	32745	22	memtrain/o_321_1.jpg	photodiode	1
2394.215	0.5	2394215	trained	32758	9	memtrain/o_101_2.jpg	photodiode	1
2395.065	0.5	2395065	catch	32671	n/a	catch_padded.jpg	photodiode	0
2395.405	0.0	2395405	response	6	n/a	n/a	trigger	0
2396.967	0.5	2396967	untrained	32694	73	memtrain/o_519_2.jpg	photodiode	1
2397.768	0.5	2397768	untrained	32690	77	memtrain/o_574_2.jpg	photodiode	1
2398.618	0.5	2398618	untrained	32703	64	memtrain/o_334_2.jpg	photodiode	1
2399.519	0.5	2399519	trained	32749	18	memtrain/o_264_2.jpg	photodiode	1
2400.27	0.5	2400270	trained	32735	32	memtrain/o_485_2.jpg	photodiode	1
2401.171	0.5	2401171	catch	32671	n/a	catch_padded.jpg	photodiode	0
2401.461	0.0	2401461	response	6	n/a	n/a	trigger	0
2403.122	0.5	2403122	trained	32730	37	memtrain/o_597_1.jpg	photodiode	1
2404.023	0.5	2404023	untrained	32683	84	memtrain/so_117_2.jpg	photodiode	1
2404.824	0.5	2404824	trained	32757	10	memtrain/o_111_2.jpg	photodiode	1
2405.674	0.5	2405674	untrained	32710	57	memtrain/o_171_1.jpg	photodiode	1
2406.425	0.5	2406425	catch	32671	n/a	catch_padded.jpg	photodiode	0
2406.749	0.0	2406749	response	6	n/a	n/a	trigger	0
2408.327	0.5	2408327	trained	32746	21	memtrain/o_319_1.jpg	photodiode	1
2409.177	0.5	2409177	untrained	32687	80	memtrain/o_613_1.jpg	photodiode	1
2409.978	0.5	2409978	untrained	32716	51	memtrain/o_103_2.jpg	photodiode	1
2410.779	0.5	2410779	untrained	32697	70	memtrain/o_471_2.jpg	photodiode	1
2411.629	0.5	2411629	catch	32671	n/a	catch_padded.jpg	photodiode	0
2411.95	0.0	2411950	response	6	n/a	n/a	trigger	0
2413.531	0.5	2413531	untrained	32672	95	memtrain/so_125_1.jpg	photodiode	1
2414.282	0.5	2414282	trained	32740	27	memtrain/o_379_2.jpg	photodiode	1
2415.232	0.5	2415232	trained	32731	36	memtrain/o_583_1.jpg	photodiode	1
2416.083	0.5	2416083	untrained	32705	62	memtrain/o_304_1.jpg	photodiode	1
2416.984	0.5	2416984	trained	32750	17	memtrain/o_232_1.jpg	photodiode	1
2417.835	0.5	2417835	catch	32671	n/a	catch_padded.jpg	photodiode	0
2418.211	0.0	2418211	response	6	n/a	n/a	trigger	0
2419.786	0.5	2419786	trained	32763	4	memtrain/o_042_1.jpg	photodiode	1
2420.679	0.5	2420679	trained	32765	2	memtrain/o_035_1.jpg	photodiode	1
2421.63	0.5	2421630	untrained	32686	81	memtrain/o_655_2.jpg	photodiode	1
2422.381	0.5	2422381	catch	32671	n/a	catch_padded.jpg	photodiode	0
2422.786	0.0	2422786	response	6	n/a	n/a	trigger	0
2424.482	0.5	2424482	trained	32759	8	memtrain/o_094_1.jpg	photodiode	1
2425.233	0.5	2425233	untrained	32688	79	memtrain/o_600_1.jpg	photodiode	1
2425.984	0.5	2425984	trained	32732	35	memtrain/o_561_2.jpg	photodiode	1
2426.834	0.5	2426834	trained	32753	14	memtrain/o_174_1.jpg	photodiode	1
2427.593	0.5	2427593	catch	32671	n/a	catch_padded.jpg	photodiode	0
2427.947	0.0	2427947	response	6	n/a	n/a	trigger	0
2429.637	0.5	2429637	trained	32736	31	memtrain/o_465_2.jpg	photodiode	1
2430.537	0.5	2430537	trained	32734	33	memtrain/o_536_1.jpg	photodiode	1
2431.488	0.5	2431488	trained	32739	28	memtrain/o_397_1.jpg	photodiode	1
2432.239	0.5	2432239	untrained	32712	55	memtrain/o_153_2.jpg	photodiode	1
2433.19	0.5	2433190	untrained	32717	50	memtrain/o_057_2.jpg	photodiode	1
2434.141	0.5	2434141	catch	32671	n/a	catch_padded.jpg	photodiode	0
2434.492	0.0	2434492	response	6	n/a	n/a	trigger	0
2436.092	0.5	2436092	trained	32764	3	memtrain/o_040_2.jpg	photodiode	1
2436.843	0.5	2436843	untrained	32679	88	memtrain/o_458_1.jpg	photodiode	1
2437.744	0.5	2437744	untrained	32708	59	memtrain/o_201_2.jpg	photodiode	1
2438.644	0.5	2438644	trained	32729	38	memtrain/o_603_1.jpg	photodiode	1
2439.545	0.5	2439545	trained	32737	30	memtrain/o_437_2.jpg	photodiode	1
2440.496	0.5	2440496	catch	32671	n/a	catch_padded.jpg	photodiode	0
2440.79	0.0	2440790	response	6	n/a	n/a	trigger	0
2442.498	0.5	2442498	untrained	32711	56	memtrain/o_163_2.jpg	photodiode	1
2443.448	0.5	2443448	untrained	32682	85	memtrain/o_218_1.jpg	photodiode	1
2444.199	0.5	2444199	untrained	32693	74	memtrain/o_550_1.jpg	photodiode	1
2444.95	0.5	2444950	catch	32671	n/a	catch_padded.jpg	photodiode	0
2445.387	0.0	2445387	response	6	n/a	n/a	trigger	0
2446.951	0.5	2446951	untrained	32704	63	memtrain/o_310_2.jpg	photodiode	1
2447.852	0.5	2447852	untrained	32692	75	memtrain/o_564_1.jpg	photodiode	1
2448.744	0.5	2448744	untrained	32695	72	memtrain/o_490_1.jpg	photodiode	1
2449.545	0.5	2449545	untrained	32676	91	memtrain/o_605_1.jpg	photodiode	1
2450.396	0.5	2450396	trained	32728	39	memtrain/o_606_1.jpg	photodiode	1
2451.196	0.5	2451196	catch	32671	n/a	catch_padded.jpg	photodiode	0
2451.531	0.0	2451531	response	6	n/a	n/a	trigger	0
2453.157	0.5	2453157	untrained	32689	78	memtrain/o_599_1.jpg	photodiode	1
2453.899	0.5	2453899	trained	32761	6	memtrain/o_076_1.jpg	photodiode	1
2454.849	0.5	2454849	trained	32767	0	memtrain/o_006_1.jpg	photodiode	1
2455.8	0.5	2455800	trained	32724	43	memtrain/so_043_2.jpg	photodiode	1
2456.551	0.5	2456551	trained	32745	22	memtrain/o_321_1.jpg	photodiode	1
2457.502	0.5	2457502	catch	32671	n/a	catch_padded.jpg	photodiode	0
2457.863	0.0	2457863	response	6	n/a	n/a	trigger	0
2459.453	0.5	2459453	trained	32732	35	memtrain/o_561_2.jpg	photodiode	1
2460.254	0.5	2460254	trained	32724	43	memtrain/so_043_2.jpg	photodiode	1
2461.205	0.5	2461205	trained	32722	45	memtrain/so_090_2.jpg	photodiode	1
2462.056	0.5	2462056	trained	32725	42	memtrain/so_034_2.jpg	photodiode	1
2462.906	0.5	2462906	catch	32671	n/a	catch_padded.jpg	photodiode	0
2463.271	0.0	2463271	response	6	n/a	n/a	trigger	0
2464.908	0.5	2464908	trained	32756	11	memtrain/o_117_2.jpg	photodiode	1
2465.859	0.5	2465859	untrained	32713	54	memtrain/o_145_1.jpg	photodiode	1
2466.81	0.5	2466810	trained	32736	31	memtrain/o_465_2.jpg	photodiode	1
2467.66	0.5	2467660	trained	32744	23	memtrain/o_338_2.jpg	photodiode	1
2468.411	0.5	2468411	trained	32761	6	memtrain/o_076_1.jpg	photodiode	1
2469.212	0.5	2469212	catch	32671	n/a	catch_padded.jpg	photodiode	0
2469.514	0.0	2469514	response	6	n/a	n/a	trigger	0
2471.213	0.5	2471213	trained	32742	25	memtrain/o_358_2.jpg	photodiode	1
2471.964	0.5	2471964	untrained	32718	49	memtrain/o_054_2.jpg	photodiode	1
2472.765	0.5	2472765	trained	32758	9	memtrain/o_101_2.jpg	photodiode	1
2473.615	0.5	2473615	trained	32734	33	memtrain/o_536_1.jpg	photodiode	1
2474.516	0.5	2474516	catch	32671	n/a	catch_padded.jpg	photodiode	0
2474.848	0.0	2474848	response	6	n/a	n/a	trigger	0
2476.568	0.5	2476568	trained	32723	44	memtrain/so_045_1.jpg	photodiode	1
2477.469	0.5	2477469	untrained	32679	88	memtrain/o_458_1.jpg	photodiode	1
2478.211	0.5	2478211	untrained	32687	80	memtrain/o_613_1.jpg	photodiode	1
2479.112	0.5	2479112	trained	32760	7	memtrain/o_091_2.jpg	photodiode	1
2479.963	0.5	2479963	catch	32671	n/a	catch_padded.jpg	photodiode	0
2480.333	0.0	2480333	response	6	n/a	n/a	trigger	0
2482.022	0.5	2482022	untrained	32699	68	memtrain/o_393_1.jpg	photodiode	1
2482.865	0.5	2482865	trained	32720	47	memtrain/so_147_2.jpg	photodiode	1
2483.666	0.5	2483666	untrained	32698	69	memtrain/o_464_2.jpg	photodiode	1
2484.416	0.5	2484416	untrained	32672	95	memtrain/so_125_1.jpg	photodiode	1
2485.267	0.5	2485267	catch	32671	n/a	catch_padded.jpg	photodiode	0
2485.658	0.0	2485658	response	6	n/a	n/a	trigger	0
2487.169	0.5	2487169	trained	32759	8	memtrain/o_094_1.jpg	photodiode	1
2487.969	0.5	2487969	untrained	32710	57	memtrain/o_171_1.jpg	photodiode	1
2488.72	0.5	2488720	untrained	32700	67	memtrain/o_378_1.jpg	photodiode	1
2489.471	0.5	2489471	untrained	32694	73	memtrain/o_519_2.jpg	photodiode	1
2490.221	0.5	2490221	trained	32730	37	memtrain/o_597_1.jpg	photodiode	1
2491.122	0.5	2491122	catch	32671	n/a	catch_padded.jpg	photodiode	0
2491.405	0.0	2491405	response	6	n/a	n/a	trigger	0
2493.074	0.5	2493074	untrained	32688	79	memtrain/o_600_1.jpg	photodiode	1
2493.824	0.5	2493824	untrained	32695	72	memtrain/o_490_1.jpg	photodiode	1
2494.775	0.5	2494775	trained	32754	13	memtrain/o_136_1.jpg	photodiode	1
2495.676	0.5	2495676	untrained	32676	91	memtrain/o_605_1.jpg	photodiode	1
2496.527	0.5	2496527	catch	32671	n/a	catch_padded.jpg	photodiode	0
2496.929	0.0	2496929	response	6	n/a	n/a	trigger	0
2498.578	0.5	2498578	trained	32731	36	memtrain/o_583_1.jpg	photodiode	1
2499.329	0.5	2499329	trained	32741	26	memtrain/o_376_1.jpg	photodiode	1
2500.18	0.5	2500180	untrained	32691	76	memtrain/o_570_1.jpg	photodiode	1
2501.031	0.5	2501031	catch	32671	n/a	catch_padded.jpg	photodiode	0
2501.43	0.0	2501430	response	6	n/a	n/a	trigger	0
2502.982	0.5	2502982	trained	32755	12	memtrain/o_127_2.jpg	photodiode	1
2503.783	0.5	2503783	untrained	32701	66	memtrain/o_342_2.jpg	photodiode	1
2504.734	0.5	2504734	untrained	32692	75	memtrain/o_564_1.jpg	photodiode	1
2505.634	0.5	2505634	untrained	32704	63	memtrain/o_310_2.jpg	photodiode	1
2506.535	0.5	2506535	catch	32671	n/a	catch_padded.jpg	photodiode	0
2506.842	0.0	2506842	response	6	n/a	n/a	trigger	0
2508.528	0.5	2508528	untrained	32705	62	memtrain/o_304_1.jpg	photodiode	1
2509.338	0.5	2509338	trained	32767	0	memtrain/o_006_1.jpg	photodiode	1
2510.238	0.5	2510238	trained	32738	29	memtrain/o_416_1.jpg	photodiode	1
2511.08	0.5	2511080	untrained	32683	84	memtrain/so_117_2.jpg	photodiode	1
2512.031	0.5	2512031	catch	32671	n/a	catch_padded.jpg	photodiode	0
2512.405	0.0	2512405	response	6	n/a	n/a	trigger	0
2514.133	0.5	2514133	trained	32737	30	memtrain/o_437_2.jpg	photodiode	1
2515.092	0.5	2515092	trained	32747	20	memtrain/o_290_1.jpg	photodiode	1
2515.985	0.5	2515985	untrained	32715	52	memtrain/o_141_1.jpg	photodiode	1
2516.735	0.5	2516735	catch	32671	n/a	catch_padded.jpg	photodiode	0
2517.223	0.0	2517223	response	6	n/a	n/a	trigger	0
2518.737	0.5	2518737	trained	32729	38	memtrain/o_603_1.jpg	photodiode	1
2519.488	0.5	2519488	untrained	32681	86	memtrain/o_288_1.jpg	photodiode	1
2520.338	0.5	2520338	untrained	32702	65	memtrain/o_337_2.jpg	photodiode	1
2521.139	0.5	2521139	trained	32739	28	memtrain/o_397_1.jpg	photodiode	1
2522.09	0.5	2522090	untrained	32677	90	memtrain/o_580_1.jpg	photodiode	1
2522.89	0.5	2522890	catch	32671	n/a	catch_padded.jpg	photodiode	0
2523.197	0.0	2523197	response	6	n/a	n/a	trigger	0
2524.942	0.5	2524942	trained	32752	15	memtrain/o_195_1.jpg	photodiode	1
2525.743	0.5	2525743	trained	32753	14	memtrain/o_174_1.jpg	photodiode	1
2526.694	0.5	2526694	trained	32740	27	memtrain/o_379_2.jpg	photodiode	1
2527.644	0.5	2527644	catch	32671	n/a	catch_padded.jpg	photodiode	0
2527.989	0.0	2527989	response	6	n/a	n/a	trigger	0
2529.596	0.5	2529596	untrained	32712	55	memtrain/o_153_2.jpg	photodiode	1
2530.447	0.5	2530447	untrained	32674	93	memtrain/so_035_1.jpg	photodiode	1
2531.298	0.5	2531298	untrained	32709	58	memtrain/o_192_1.jpg	photodiode	1
2532.198	0.5	2532198	catch	32671	n/a	catch_padded.jpg	photodiode	0
2532.559	0.0	2532559	response	6	n/a	n/a	trigger	0
2534.15	0.5	2534150	trained	32763	4	memtrain/o_042_1.jpg	photodiode	1
2535.101	0.5	2535101	untrained	32708	59	memtrain/o_201_2.jpg	photodiode	1
2535.952	0.5	2535952	trained	32743	24	memtrain/o_357_1.jpg	photodiode	1
2536.902	0.5	2536902	untrained	32673	94	memtrain/so_067_1.jpg	photodiode	1
2537.703	0.5	2537703	catch	32671	n/a	catch_padded.jpg	photodiode	0
2538.034	0.0	2538034	response	6	n/a	n/a	trigger	0
2539.747	0.5	2539747	untrained	32685	82	memtrain/o_656_1.jpg	photodiode	1
2540.505	0.5	2540505	untrained	32693	74	memtrain/o_550_1.jpg	photodiode	1
2541.448	0.5	2541448	untrained	32714	53	memtrain/o_142_2.jpg	photodiode	1
2542.249	0.5	2542249	untrained	32682	85	memtrain/o_218_1.jpg	photodiode	1
2542.999	0.5	2542999	catch	32671	n/a	catch_padded.jpg	photodiode	0
2543.415	0.0	2543415	response	6	n/a	n/a	trigger	0
2545.051	0.5	2545051	untrained	32696	71	memtrain/o_483_1.jpg	photodiode	1
2545.802	0.5	2545802	trained	32728	39	memtrain/o_606_1.jpg	photodiode	1
2546.603	0.5	2546603	untrained	32716	51	memtrain/o_103_2.jpg	photodiode	1
2547.453	0.5	2547453	trained	32750	17	memtrain/o_232_1.jpg	photodiode	1
2548.404	0.5	2548404	trained	32751	16	memtrain/o_199_2.jpg	photodiode	1
2549.205	0.5	2549205	catch	32671	n/a	catch_padded.jpg	photodiode	0
2549.533	0.0	2549533	response	6	n/a	n/a	trigger	0
2551.106	0.5	2551106	untrained	32707	60	memtrain/o_228_2.jpg	photodiode	1
2552.057	0.5	2552057	trained	32748	19	memtrain/o_284_2.jpg	photodiode	1
2553.008	0.5	2553008	untrained	32690	77	memtrain/o_574_2.jpg	photodiode	1
2553.959	0.5	2553959	untrained	32719	48	memtrain/o_019_2.jpg	photodiode	1
2554.759	0.5	2554759	trained	32749	18	memtrain/o_264_2.jpg	photodiode	1
2555.51	0.5	2555510	catch	32671	n/a	catch_padded.jpg	photodiode	0
2555.878	0.0	2555878	response	6	n/a	n/a	trigger	0
2557.612	0.5	2557612	untrained	32703	64	memtrain/o_334_2.jpg	photodiode	1
2558.413	0.5	2558413	untrained	32678	89	memtrain/o_469_1.jpg	photodiode	1
2559.213	0.5	2559213	trained	32735	32	memtrain/o_485_2.jpg	photodiode	1
2560.014	0.5	2560014	catch	32671	n/a	catch_padded.jpg	photodiode	0
2560.38	0.0	2560380	response	6	n/a	n/a	trigger	0
2561.916	0.5	2561916	trained	32762	5	memtrain/o_067_1.jpg	photodiode	1
2562.766	0.5	2562766	trained	32757	10	memtrain/o_111_2.jpg	photodiode	1
2563.717	0.5	2563717	trained	32721	46	memtrain/so_113_1.jpg	photodiode	1
2564.668	0.5	2564668	untrained	32675	92	memtrain/so_033_1.jpg	photodiode	1
2565.619	0.5	2565619	untrained	32706	61	memtrain/o_298_2.jpg	photodiode	1
2566.569	0.5	2566569	catch	32671	n/a	catch_padded.jpg	photodiode	0
2566.91	0.0	2566910	response	6	n/a	n/a	trigger	0
2568.671	0.5	2568671	untrained	32717	50	memtrain/o_057_2.jpg	photodiode	1
2569.413	0.5	2569413	untrained	32697	70	memtrain/o_471_2.jpg	photodiode	1
2570.164	0.5	2570164	untrained	32711	56	memtrain/o_163_2.jpg	photodiode	1
2571.115	0.5	2571115	untrained	32680	87	memtrain/o_365_1.jpg	photodiode	1
2572.015	0.5	2572015	trained	32746	21	memtrain/o_319_1.jpg	photodiode	1
2572.866	0.5	2572866	catch	32671	n/a	catch_padded.jpg	photodiode	0
2573.258	0.0	2573258	response	6	n/a	n/a	trigger	0
2574.877	0.5	2574877	trained	32764	3	memtrain/o_040_2.jpg	photodiode	1
2575.769	0.5	2575769	untrained	32689	78	memtrain/o_599_1.jpg	photodiode	1
2576.519	0.5	2576519	trained	32765	2	memtrain/o_035_1.jpg	photodiode	1
2577.37	0.5	2577370	catch	32671	n/a	catch_padded.jpg	photodiode	0
2577.773	0.0	2577773	response	6	n/a	n/a	trigger	0
2579.322	0.5	2579322	trained	32727	40	memtrain/o_648_2.jpg	photodiode	1
2580.072	0.5	2580072	trained	32733	34	memtrain/o_558_2.jpg	photodiode	1
2580.873	0.5	2580873	untrained	32684	83	memtrain/so_105_1.jpg	photodiode	1
2581.674	0.5	2581674	catch	32671	n/a	catch_padded.jpg	photodiode	0
2581.974	0.0	2581974	response	6	n/a	n/a	trigger	0
2583.725	0.5	2583725	untrained	32686	81	memtrain/o_655_2.jpg	photodiode	1
2584.626	0.5	2584626	trained	32726	41	memtrain/o_663_2.jpg	photodiode	1
2585.477	0.5	2585477	trained	32766	1	memtrain/o_015_1.jpg	photodiode	1
2586.328	0.5	2586328	catch	32671	n/a	catch_padded.jpg	photodiode	0
2586.658	0.0	2586658	response	6	n/a	n/a	trigger	0
2588.797	0.0	2588797	block_end	120	n/a	n/a	trigger	0
2621.903	0.0	2621903	response	6	n/a	n/a	trigger	0
2621.908	0.0	2621908	block_onset	110	n/a	n/a	trigger	0
2623.968	0.5	2623968	untrained	32710	57	memtrain/o_171_1.jpg	photodiode	1
2624.869	0.5	2624869	untrained	32688	79	memtrain/o_600_1.jpg	photodiode	1
2625.67	0.5	2625670	untrained	32719	48	memtrain/o_019_2.jpg	photodiode	1
2626.52	0.5	2626520	untrained	32694	73	memtrain/o_519_2.jpg	photodiode	1
2627.462	0.5	2627462	trained	32759	8	memtrain/o_094_1.jpg	photodiode	1
2628.413	0.5	2628413	catch	32671	n/a	catch_padded.jpg	photodiode	0
2628.733	0.0	2628733	response	6	n/a	n/a	trigger	0
2630.365	0.5	2630365	untrained	32673	94	memtrain/so_067_1.jpg	photodiode	1
2631.316	0.5	2631316	untrained	32714	53	memtrain/o_142_2.jpg	photodiode	1
2632.216	0.5	2632216	untrained	32711	56	memtrain/o_163_2.jpg	photodiode	1
2633.017	0.5	2633017	untrained	32701	66	memtrain/o_342_2.jpg	photodiode	1
2633.768	0.5	2633768	untrained	32707	60	memtrain/o_228_2.jpg	photodiode	1
2634.719	0.5	2634719	catch	32671	n/a	catch_padded.jpg	photodiode	0
2635.063	0.0	2635063	response	6	n/a	n/a	trigger	0
2636.77	0.5	2636770	trained	32765	2	memtrain/o_035_1.jpg	photodiode	1
2637.571	0.5	2637571	untrained	32718	49	memtrain/o_054_2.jpg	photodiode	1
2638.322	0.5	2638322	untrained	32706	61	memtrain/o_298_2.jpg	photodiode	1
2639.122	0.5	2639122	untrained	32686	81	memtrain/o_655_2.jpg	photodiode	1
2640.073	0.5	2640073	trained	32721	46	memtrain/so_113_1.jpg	photodiode	1
2640.974	0.5	2640974	catch	32671	n/a	catch_padded.jpg	photodiode	0
2641.247	0.0	2641247	response	6	n/a	n/a	trigger	0
2643.026	0.5	2643026	trained	32762	5	memtrain/o_067_1.jpg	photodiode	1
2643.776	0.5	2643776	trained	32743	24	memtrain/o_357_1.jpg	photodiode	1
2644.727	0.5	2644727	trained	32748	19	memtrain/o_284_2.jpg	photodiode	1
2645.628	0.5	2645628	untrained	32696	71	memtrain/o_483_1.jpg	photodiode	1
2646.529	0.5	2646529	trained	32749	18	memtrain/o_264_2.jpg	photodiode	1
2647.279	0.5	2647279	catch	32671	n/a	catch_padded.jpg	photodiode	0
2647.536	0.0	2647536	response	6	n/a	n/a	trigger	0
2649.331	0.5	2649331	trained	32727	40	memtrain/o_648_2.jpg	photodiode	1
2650.132	0.5	2650132	trained	32763	4	memtrain/o_042_1.jpg	photodiode	1
2650.932	0.5	2650932	untrained	32687	80	memtrain/o_613_1.jpg	photodiode	1
2651.783	0.5	2651783	catch	32671	n/a	catch_padded.jpg	photodiode	0
2652.164	0.0	2652164	response	6	n/a	n/a	trigger	0
2653.685	0.5	2653685	untrained	32681	86	memtrain/o_288_1.jpg	photodiode	1
2654.535	0.5	2654535	trained	32758	9	memtrain/o_101_2.jpg	photodiode	1
2655.336	0.5	2655336	trained	32751	16	memtrain/o_199_2.jpg	photodiode	1
2656.087	0.5	2656087	untrained	32704	63	memtrain/o_310_2.jpg	photodiode	1
2656.829	0.5	2656829	trained	32725	42	memtrain/so_034_2.jpg	photodiode	1
2657.78	0.5	2657780	catch	32671	n/a	catch_padded.jpg	photodiode	0
2658.092	0.0	2658092	response	6	n/a	n/a	trigger	0
2659.832	0.5	2659832	trained	32752	15	memtrain/o_195_1.jpg	photodiode	1
2660.683	0.5	2660683	untrained	32680	87	memtrain/o_365_1.jpg	photodiode	1
2661.533	0.5	2661533	untrained	32676	91	memtrain/o_605_1.jpg	photodiode	1
2662.284	0.5	2662284	untrained	32703	64	memtrain/o_334_2.jpg	photodiode	1
2663.185	0.5	2663185	trained	32753	14	memtrain/o_174_1.jpg	photodiode	1
2664.035	0.5	2664035	catch	32671	n/a	catch_padded.jpg	photodiode	0
2664.337	0.0	2664337	response	6	n/a	n/a	trigger	0
2665.987	0.5	2665987	untrained	32699	68	memtrain/o_393_1.jpg	photodiode	1
2666.788	0.5	2666788	untrained	32683	84	memtrain/so_117_2.jpg	photodiode	1
2667.638	0.5	2667638	trained	32746	21	memtrain/o_319_1.jpg	photodiode	1
2667.774	0.0	2667774	response	5	n/a	n/a	trigger	0
2668.489	0.5	2668489	catch	32671	n/a	catch_padded.jpg	photodiode	0
2668.86	0.0	2668860	response	6	n/a	n/a	trigger	0
2670.391	0.5	2670391	trained	32757	10	memtrain/o_111_2.jpg	photodiode	1
2671.242	0.5	2671242	trained	32736	31	memtrain/o_465_2.jpg	photodiode	1
2672.192	0.5	2672192	untrained	32677	90	memtrain/o_580_1.jpg	photodiode	1
2672.993	0.5	2672993	trained	32750	17	memtrain/o_232_1.jpg	photodiode	1
2673.894	0.5	2673894	catch	32671	n/a	catch_padded.jpg	photodiode	0
2674.215	0.0	2674215	response	6	n/a	n/a	trigger	0
2675.795	0.5	2675795	untrained	32684	83	memtrain/so_105_1.jpg	photodiode	1
2676.746	0.5	2676746	trained	32764	3	memtrain/o_040_2.jpg	photodiode	1
2677.547	0.5	2677547	trained	32726	41	memtrain/o_663_2.jpg	photodiode	1
2678.398	0.5	2678398	catch	32671	n/a	catch_padded.jpg	photodiode	0
2678.791	0.0	2678791	response	6	n/a	n/a	trigger	0
2680.499	0.5	2680499	untrained	32691	76	memtrain/o_570_1.jpg	photodiode	1
2681.3	0.5	2681300	untrained	32675	92	memtrain/so_033_1.jpg	photodiode	1
2682.101	0.5	2682101	trained	32724	43	memtrain/so_043_2.jpg	photodiode	1
2683.052	0.5	2683052	untrained	32693	74	memtrain/o_550_1.jpg	photodiode	1
2683.852	0.5	2683852	untrained	32695	72	memtrain/o_490_1.jpg	photodiode	1
2684.753	0.5	2684753	catch	32671	n/a	catch_padded.jpg	photodiode	0
2685.089	0.0	2685089	response	6	n/a	n/a	trigger	0
2686.796	0.5	2686796	untrained	32715	52	memtrain/o_141_1.jpg	photodiode	1
2687.697	0.5	2687697	untrained	32689	78	memtrain/o_599_1.jpg	photodiode	1
2688.498	0.5	2688498	untrained	32692	75	memtrain/o_564_1.jpg	photodiode	1
2689.348	0.5	2689348	catch	32671	n/a	catch_padded.jpg	photodiode	0
2689.694	0.0	2689694	response	6	n/a	n/a	trigger	0
2691.4	0.5	2691400	untrained	32716	51	memtrain/o_103_2.jpg	photodiode	1
2692.351	0.5	2692351	trained	32744	23	memtrain/o_338_2.jpg	photodiode	1
2693.151	0.5	2693151	untrained	32705	62	memtrain/o_304_1.jpg	photodiode	1
2693.902	0.5	2693902	trained	32722	45	memtrain/so_090_2.jpg	photodiode	1
2694.703	0.5	2694703	catch	32671	n/a	catch_padded.jpg	photodiode	0
2695.021	0.0	2695021	response	6	n/a	n/a	trigger	0
2696.604	0.5	2696604	trained	32745	22	memtrain/o_321_1.jpg	photodiode	1
2697.505	0.5	2697505	untrained	32717	50	memtrain/o_057_2.jpg	photodiode	1
2698.356	0.5	2698356	trained	32734	33	memtrain/o_536_1.jpg	photodiode	1
2699.257	0.5	2699257	untrained	32700	67	memtrain/o_378_1.jpg	photodiode	1
2700.107	0.5	2700107	catch	32671	n/a	catch_padded.jpg	photodiode	0
2700.453	0.0	2700453	response	6	n/a	n/a	trigger	0
2702.009	0.5	2702009	trained	32735	32	memtrain/o_485_2.jpg	photodiode	1
2702.81	0.5	2702810	trained	32747	20	memtrain/o_290_1.jpg	photodiode	1
2703.61	0.5	2703610	trained	32742	25	memtrain/o_358_2.jpg	photodiode	1
2704.411	0.5	2704411	catch	32671	n/a	catch_padded.jpg	photodiode	0
2704.791	0.0	2704791	response	6	n/a	n/a	trigger	0
2706.413	0.5	2706413	trained	32760	7	memtrain/o_091_2.jpg	photodiode	1
2707.263	0.5	2707263	trained	32754	13	memtrain/o_136_1.jpg	photodiode	1
2708.014	0.5	2708014	untrained	32698	69	memtrain/o_464_2.jpg	photodiode	1
2708.765	0.5	2708765	catch	32671	n/a	catch_padded.jpg	photodiode	0
2709.171	0.0	2709171	response	6	n/a	n/a	trigger	0
2710.816	0.5	2710816	trained	32755	12	memtrain/o_127_2.jpg	photodiode	1
2711.567	0.5	2711567	trained	32766	1	memtrain/o_015_1.jpg	photodiode	1
2712.468	0.5	2712468	trained	32739	28	memtrain/o_397_1.jpg	photodiode	1
2713.319	0.5	2713319	trained	32731	36	memtrain/o_583_1.jpg	photodiode	1
2714.219	0.5	2714219	trained	32740	27	memtrain/o_379_2.jpg	photodiode	1
2715.12	0.5	2715120	catch	32671	n/a	catch_padded.jpg	photodiode	0
2715.397	0.0	2715397	response	6	n/a	n/a	trigger	0
2717.172	0.5	2717172	trained	32741	26	memtrain/o_376_1.jpg	photodiode	1
2717.914	0.5	2717914	untrained	32674	93	memtrain/so_035_1.jpg	photodiode	1
2718.715	0.5	2718715	trained	32767	0	memtrain/o_006_1.jpg	photodiode	1
2719.466	0.5	2719466	trained	32761	6	memtrain/o_076_1.jpg	photodiode	1
2720.367	0.5	2720367	trained	32729	38	memtrain/o_603_1.jpg	photodiode	1
2721.317	0.5	2721317	catch	32671	n/a	catch_padded.jpg	photodiode	0
2721.674	0.0	2721674	response	6	n/a	n/a	trigger	0
2723.269	0.5	2723269	trained	32732	35	memtrain/o_561_2.jpg	photodiode	1
2724.17	0.5	2724170	untrained	32682	85	memtrain/o_218_1.jpg	photodiode	1
2724.97	0.5	2724970	untrained	32697	70	memtrain/o_471_2.jpg	photodiode	1
2725.929	0.5	2725929	catch	32671	n/a	catch_padded.jpg	photodiode	0
2726.342	0.0	2726342	response	6	n/a	n/a	trigger	0
2727.823	0.5	2727823	trained	32756	11	memtrain/o_117_2.jpg	photodiode	1
2728.774	0.5	2728774	untrained	32685	82	memtrain/o_656_1.jpg	photodiode	1
2729.674	0.5	2729674	untrained	32672	95	memtrain/so_125_1.jpg	photodiode	1
2730.525	0.5	2730525	trained	32733	34	memtrain/o_558_2.jpg	photodiode	1
2731.276	0.5	2731276	catch	32671	n/a	catch_padded.jpg	photodiode	0
2731.598	0.0	2731598	response	6	n/a	n/a	trigger	0
2733.177	0.5	2733177	trained	32728	39	memtrain/o_606_1.jpg	photodiode	1
2733.978	0.5	2733978	untrained	32679	88	memtrain/o_458_1.jpg	photodiode	1
2734.929	0.5	2734929	trained	32730	37	memtrain/o_597_1.jpg	photodiode	1
2735.68	0.5	2735680	catch	32671	n/a	catch_padded.jpg	photodiode	0
2736.081	0.0	2736081	response	6	n/a	n/a	trigger	0
2737.681	0.5	2737681	untrained	32678	89	memtrain/o_469_1.jpg	photodiode	1
2738.532	0.5	2738532	trained	32720	47	memtrain/so_147_2.jpg	photodiode	1
2739.483	0.5	2739483	trained	32738	29	memtrain/o_416_1.jpg	photodiode	1
2740.434	0.5	2740434	untrained	32713	54	memtrain/o_145_1.jpg	photodiode	1
2741.384	0.5	2741384	untrained	32712	55	memtrain/o_153_2.jpg	photodiode	1
2742.185	0.5	2742185	catch	32671	n/a	catch_padded.jpg	photodiode	0
2742.55	0.0	2742550	response	6	n/a	n/a	trigger	0
2744.137	0.5	2744137	untrained	32690	77	memtrain/o_574_2.jpg	photodiode	1
2744.929	0.5	2744929	untrained	32702	65	memtrain/o_337_2.jpg	photodiode	1
2745.829	0.5	2745829	untrained	32709	58	memtrain/o_192_1.jpg	photodiode	1
2746.58	0.5	2746580	catch	32671	n/a	catch_padded.jpg	photodiode	0
2747.002	0.0	2747002	response	6	n/a	n/a	trigger	0
2748.682	0.5	2748682	untrained	32708	59	memtrain/o_201_2.jpg	photodiode	1
2749.633	0.5	2749633	trained	32737	30	memtrain/o_437_2.jpg	photodiode	1
2750.383	0.5	2750383	trained	32723	44	memtrain/so_045_1.jpg	photodiode	1
2751.184	0.5	2751184	trained	32758	9	memtrain/o_101_2.jpg	photodiode	1
2752.035	0.5	2752035	trained	32729	38	memtrain/o_603_1.jpg	photodiode	1
2752.785	0.5	2752785	catch	32671	n/a	catch_padded.jpg	photodiode	0
2753.107	0.0	2753107	response	6	n/a	n/a	trigger	0
2754.837	0.5	2754837	trained	32735	32	memtrain/o_485_2.jpg	photodiode	1
2755.588	0.5	2755588	trained	32753	14	memtrain/o_174_1.jpg	photodiode	1
2756.338	0.5	2756338	untrained	32698	69	memtrain/o_464_2.jpg	photodiode	1
2757.289	0.5	2757289	untrained	32679	88	memtrain/o_458_1.jpg	photodiode	1
2758.14	0.5	2758140	catch	32671	n/a	catch_padded.jpg	photodiode	0
2758.523	0.0	2758523	response	6	n/a	n/a	trigger	0
2760.242	0.5	2760242	trained	32746	21	memtrain/o_319_1.jpg	photodiode	1
2761.142	0.5	2761142	trained	32734	33	memtrain/o_536_1.jpg	photodiode	1
2761.993	0.5	2761993	trained	32731	36	memtrain/o_583_1.jpg	photodiode	1
2762.844	0.5	2762844	catch	32671	n/a	catch_padded.jpg	photodiode	0
2763.24	0.0	2763240	response	6	n/a	n/a	trigger	0
2764.846	0.5	2764846	trained	32739	28	memtrain/o_397_1.jpg	photodiode	1
2765.646	0.5	2765646	trained	32748	19	memtrain/o_284_2.jpg	photodiode	1
2766.497	0.5	2766497	untrained	32692	75	memtrain/o_564_1.jpg	photodiode	1
2767.298	0.5	2767298	trained	32727	40	memtrain/o_648_2.jpg	photodiode	1
2768.098	0.5	2768098	trained	32741	26	memtrain/o_376_1.jpg	photodiode	1
2768.949	0.5	2768949	catch	32671	n/a	catch_padded.jpg	photodiode	0
2769.24	0.0	2769240	response	6	n/a	n/a	trigger	0
2770.851	0.5	2770851	untrained	32689	78	memtrain/o_599_1.jpg	photodiode	1
2771.701	0.5	2771701	trained	32765	2	memtrain/o_035_1.jpg	photodiode	1
2772.502	0.5	2772502	trained	32766	1	memtrain/o_015_1.jpg	photodiode	1
2773.353	0.5	2773353	untrained	32686	81	memtrain/o_655_2.jpg	photodiode	1
2774.246	0.5	2774246	catch	32671	n/a	catch_padded.jpg	photodiode	0
2774.552	0.0	2774552	response	6	n/a	n/a	trigger	0
2776.247	0.5	2776247	untrained	32706	61	memtrain/o_298_2.jpg	photodiode	1
2777.206	0.5	2777206	untrained	32672	95	memtrain/so_125_1.jpg	photodiode	1
2778.099	0.5	2778099	trained	32740	27	memtrain/o_379_2.jpg	photodiode	1
2778.849	0.5	2778849	untrained	32697	70	memtrain/o_471_2.jpg	photodiode	1
2779.75	0.5	2779750	catch	32671	n/a	catch_padded.jpg	photodiode	0
2780.062	0.0	2780062	response	6	n/a	n/a	trigger	0
2781.802	0.5	2781802	trained	32726	41	memtrain/o_663_2.jpg	photodiode	1
2782.753	0.5	2782753	untrained	32695	72	memtrain/o_490_1.jpg	photodiode	1
2783.704	0.5	2783704	trained	32761	6	memtrain/o_076_1.jpg	photodiode	1
2784.554	0.5	2784554	catch	32671	n/a	catch_padded.jpg	photodiode	0
2784.895	0.0	2784895	response	6	n/a	n/a	trigger	0
2786.506	0.5	2786506	untrained	32705	62	memtrain/o_304_1.jpg	photodiode	1
2787.457	0.5	2787457	untrained	32709	58	memtrain/o_192_1.jpg	photodiode	1
2788.408	0.5	2788408	trained	32762	5	memtrain/o_067_1.jpg	photodiode	1
2789.258	0.5	2789258	untrained	32685	82	memtrain/o_656_1.jpg	photodiode	1
2790.059	0.5	2790059	catch	32671	n/a	catch_padded.jpg	photodiode	0
2790.399	0.0	2790399	response	6	n/a	n/a	trigger	0
2792.011	0.5	2792011	untrained	32703	64	memtrain/o_334_2.jpg	photodiode	1
2792.761	0.5	2792761	untrained	32707	60	memtrain/o_228_2.jpg	photodiode	1
2793.662	0.5	2793662	trained	32733	34	memtrain/o_558_2.jpg	photodiode	1
2794.513	0.5	2794513	trained	32757	10	memtrain/o_111_2.jpg	photodiode	1
2795.414	0.5	2795414	catch	32671	n/a	catch_padded.jpg	photodiode	0
2795.847	0.0	2795847	response	6	n/a	n/a	trigger	0
2797.315	0.5	2797315	trained	32747	20	memtrain/o_290_1.jpg	photodiode	1
2798.216	0.5	2798216	trained	32767	0	memtrain/o_006_1.jpg	photodiode	1
2798.967	0.5	2798967	untrained	32691	76	memtrain/o_570_1.jpg	photodiode	1
2799.867	0.5	2799867	catch	32671	n/a	catch_padded.jpg	photodiode	0
2800.244	0.0	2800244	response	6	n/a	n/a	trigger	0
2801.869	0.5	2801869	untrained	32684	83	memtrain/so_105_1.jpg	photodiode	1
2802.67	0.5	2802670	trained	32723	44	memtrain/so_045_1.jpg	photodiode	1
2803.512	0.5	2803512	trained	32756	11	memtrain/o_117_2.jpg	photodiode	1
2804.412	0.5	2804412	untrained	32676	91	memtrain/o_605_1.jpg	photodiode	1
2805.313	0.5	2805313	catch	32671	n/a	catch_padded.jpg	photodiode	0
2805.637	0.0	2805637	response	6	n/a	n/a	trigger	0
2807.315	0.5	2807315	untrained	32688	79	memtrain/o_600_1.jpg	photodiode	1
2808.216	0.5	2808216	untrained	32694	73	memtrain/o_519_2.jpg	photodiode	1
2808.966	0.5	2808966	trained	32751	16	memtrain/o_199_2.jpg	photodiode	1
2809.767	0.5	2809767	untrained	32716	51	memtrain/o_103_2.jpg	photodiode	1
2810.718	0.5	2810718	catch	32671	n/a	catch_padded.jpg	photodiode	0
2811.016	0.0	2811016	response	6	n/a	n/a	trigger	0
2812.77	0.5	2812770	untrained	32693	74	memtrain/o_550_1.jpg	photodiode	1
2813.72	0.5	2813720	untrained	32675	92	memtrain/so_033_1.jpg	photodiode	1
2814.621	0.5	2814621	untrained	32682	85	memtrain/o_218_1.jpg	photodiode	1
2815.572	0.5	2815572	trained	32760	7	memtrain/o_091_2.jpg	photodiode	1
2816.523	0.5	2816523	catch	32671	n/a	catch_padded.jpg	photodiode	0
2816.767	0.0	2816767	response	6	n/a	n/a	trigger	0
2818.524	0.5	2818524	untrained	32699	68	memtrain/o_393_1.jpg	photodiode	1
2819.275	0.5	2819275	trained	32742	25	memtrain/o_358_2.jpg	photodiode	1
2820.226	0.5	2820226	trained	32764	3	memtrain/o_040_2.jpg	photodiode	1
2821.027	0.5	2821027	trained	32754	13	memtrain/o_136_1.jpg	photodiode	1
2821.777	0.5	2821777	catch	32671	n/a	catch_padded.jpg	photodiode	0
2822.119	0.0	2822119	response	6	n/a	n/a	trigger	0
2823.779	0.5	2823779	untrained	32700	67	memtrain/o_378_1.jpg	photodiode	1
2824.58	0.5	2824580	untrained	32701	66	memtrain/o_342_2.jpg	photodiode	1
2825.33	0.5	2825330	trained	32720	47	memtrain/so_147_2.jpg	photodiode	1
2826.081	0.5	2826081	catch	32671	n/a	catch_padded.jpg	photodiode	0
2826.414	0.0	2826414	response	6	n/a	n/a	trigger	0
2828.183	0.5	2828183	trained	32749	18	memtrain/o_264_2.jpg	photodiode	1
2828.933	0.5	2828933	trained	32725	42	memtrain/so_034_2.jpg	photodiode	1
2829.884	0.5	2829884	untrained	32690	77	memtrain/o_574_2.jpg	photodiode	1
2830.835	0.5	2830835	catch	32671	n/a	catch_padded.jpg	photodiode	0
2831.213	0.0	2831213	response	6	n/a	n/a	trigger	0
2832.829	0.5	2832829	untrained	32714	53	memtrain/o_142_2.jpg	photodiode	1
2833.579	0.5	2833579	trained	32744	23	memtrain/o_338_2.jpg	photodiode	1
2834.53	0.5	2834530	untrained	32674	93	memtrain/so_035_1.jpg	photodiode	1
2835.489	0.5	2835489	trained	32745	22	memtrain/o_321_1.jpg	photodiode	1
2836.382	0.5	2836382	catch	32671	n/a	catch_padded.jpg	photodiode	0
2836.743	0.0	2836743	response	6	n/a	n/a	trigger	0
2838.483	0.5	2838483	untrained	32681	86	memtrain/o_288_1.jpg	photodiode	1
2839.234	0.5	2839234	trained	32736	31	memtrain/o_465_2.jpg	photodiode	1
2840.185	0.5	2840185	untrained	32710	57	memtrain/o_171_1.jpg	photodiode	1
2841.036	0.5	2841036	trained	32743	24	memtrain/o_357_1.jpg	photodiode	1
2841.836	0.5	2841836	trained	32759	8	memtrain/o_094_1.jpg	photodiode	1
2842.687	0.5	2842687	catch	32671	n/a	catch_padded.jpg	photodiode	0
2842.977	0.0	2842977	response	6	n/a	n/a	trigger	0
2844.589	0.5	2844589	trained	32730	37	memtrain/o_597_1.jpg	photodiode	1
2845.439	0.5	2845439	untrained	32673	94	memtrain/so_067_1.jpg	photodiode	1
2846.24	0.5	2846240	trained	32755	12	memtrain/o_127_2.jpg	photodiode	1
2847.091	0.5	2847091	trained	32724	43	memtrain/so_043_2.jpg	photodiode	1
2847.841	0.5	2847841	catch	32671	n/a	catch_padded.jpg	photodiode	0
2848.204	0.0	2848204	response	6	n/a	n/a	trigger	0
2849.893	0.5	2849893	untrained	32718	49	memtrain/o_054_2.jpg	photodiode	1
2850.844	0.5	2850844	untrained	32717	50	memtrain/o_057_2.jpg	photodiode	1
2851.645	0.5	2851645	trained	32728	39	memtrain/o_606_1.jpg	photodiode	1
2852.495	0.5	2852495	untrained	32677	90	memtrain/o_580_1.jpg	photodiode	1
2853.446	0.5	2853446	trained	32722	45	memtrain/so_090_2.jpg	photodiode	1
2854.397	0.5	2854397	catch	32671	n/a	catch_padded.jpg	photodiode	0
2854.723	0.0	2854723	response	6	n/a	n/a	trigger	0
2856.298	0.5	2856298	untrained	32704	63	memtrain/o_310_2.jpg	photodiode	1
2857.149	0.5	2857149	untrained	32711	56	memtrain/o_163_2.jpg	photodiode	1
2857.9	0.5	2857900	trained	32737	30	memtrain/o_437_2.jpg	photodiode	1
2858.7	0.5	2858700	untrained	32687	80	memtrain/o_613_1.jpg	photodiode	1
2859.601	0.5	2859601	catch	32671	n/a	catch_padded.jpg	photodiode	0
2859.971	0.0	2859971	response	6	n/a	n/a	trigger	0
2861.703	0.5	2861703	untrained	32715	52	memtrain/o_141_1.jpg	photodiode	1
2862.645	0.5	2862645	untrained	32678	89	memtrain/o_469_1.jpg	photodiode	1
2863.496	0.5	2863496	untrained	32719	48	memtrain/o_019_2.jpg	photodiode	1
2864.397	0.5	2864397	trained	32763	4	memtrain/o_042_1.jpg	photodiode	1
2865.347	0.5	2865347	untrained	32713	54	memtrain/o_145_1.jpg	photodiode	1
2866.248	0.5	2866248	catch	32671	n/a	catch_padded.jpg	photodiode	0
2866.551	0.0	2866551	response	6	n/a	n/a	trigger	0
2868.15	0.5	2868150	untrained	32702	65	memtrain/o_337_2.jpg	photodiode	1
2868.951	0.5	2868951	untrained	32708	59	memtrain/o_201_2.jpg	photodiode	1
2869.901	0.5	2869901	untrained	32683	84	memtrain/so_117_2.jpg	photodiode	1
2870.752	0.5	2870752	catch	32671	n/a	catch_padded.jpg	photodiode	0
2871.13	0.0	2871130	response	6	n/a	n/a	trigger	0
2872.704	0.5	2872704	trained	32738	29	memtrain/o_416_1.jpg	photodiode	1
2873.604	0.5	2873604	trained	32750	17	memtrain/o_232_1.jpg	photodiode	1
2874.455	0.5	2874455	untrained	32680	87	memtrain/o_365_1.jpg	photodiode	1
2875.406	0.5	2875406	catch	32671	n/a	catch_padded.jpg	photodiode	0
2875.804	0.0	2875804	response	6	n/a	n/a	trigger	0
2877.458	0.5	2877458	untrained	32696	71	memtrain/o_483_1.jpg	photodiode	1
2878.258	0.5	2878258	trained	32732	35	memtrain/o_561_2.jpg	photodiode	1
2879.009	0.5	2879009	trained	32752	15	memtrain/o_195_1.jpg	photodiode	1
2879.81	0.5	2879810	trained	32721	46	memtrain/so_113_1.jpg	photodiode	1
2880.56	0.5	2880560	untrained	32712	55	memtrain/o_153_2.jpg	photodiode	1
2881.311	0.5	2881311	catch	32671	n/a	catch_padded.jpg	photodiode	0
2881.678	0.0	2881678	response	6	n/a	n/a	trigger	0
2883.781	0.0	2883781	block_end	120	n/a	n/a	trigger	0
2906.381	0.0	2906381	response	5	n/a	n/a	trigger	0
2906.391	0.0	2906391	block_onset	111	n/a	n/a	trigger	0
2908.451	0.5	2908451	untrained	32679	88	memtrain/o_458_1.jpg	photodiode	0
2909.401	0.5	2909401	trained	32760	7	memtrain/o_091_2.jpg	photodiode	0
2910.252	0.5	2910252	untrained	32680	87	memtrain/o_365_1.jpg	photodiode	0
2911.203	0.5	2911203	catch	32671	n/a	catch_padded.jpg	photodiode	0
2913.097	0.5	2913097	untrained	32685	82	memtrain/o_656_1.jpg	photodiode	0
2913.847	0.5	2913847	trained	32739	28	memtrain/o_397_1.jpg	photodiode	0
2914.606	0.5	2914606	trained	32745	22	memtrain/o_321_1.jpg	photodiode	0
2915.549	0.5	2915549	catch	32671	n/a	catch_padded.jpg	photodiode	0
2917.5	0.5	2917500	untrained	32687	80	memtrain/o_613_1.jpg	photodiode	0
2918.451	0.5	2918451	trained	32738	29	memtrain/o_416_1.jpg	photodiode	0
2919.391	0.5	2919391	trained	32763	4	memtrain/o_042_1.jpg	photodiode	0
2920.235	0.5	2920235	trained	32748	19	memtrain/o_284_2.jpg	photodiode	0
2921.02	0.5	2921020	untrained	32693	74	memtrain/o_550_1.jpg	photodiode	0
2921.754	0.5	2921754	catch	32671	n/a	catch_padded.jpg	photodiode	0
2923.756	0.5	2923756	trained	32743	24	memtrain/o_357_1.jpg	photodiode	0
2924.706	0.5	2924706	untrained	32690	77	memtrain/o_574_2.jpg	photodiode	0
2925.457	0.5	2925457	trained	32730	37	memtrain/o_597_1.jpg	photodiode	0
2926.208	0.5	2926208	untrained	32675	92	memtrain/so_033_1.jpg	photodiode	0
2927.167	0.5	2927167	trained	32755	12	memtrain/o_127_2.jpg	photodiode	0
2928.009	0.5	2928009	catch	32671	n/a	catch_padded.jpg	photodiode	0
2991.29	0.0	2991290	response	6	n/a	n/a	trigger	0
2991.297	0.0	2991297	block_onset	111	n/a	n/a	trigger	0
2993.356	0.5	2993356	untrained	32679	88	memtrain/o_458_1.jpg	photodiode	1
2994.307	0.5	2994307	trained	32760	7	memtrain/o_091_2.jpg	photodiode	1
2995.158	0.5	2995158	untrained	32680	87	memtrain/o_365_1.jpg	photodiode	1
2996.108	0.5	2996108	catch	32671	n/a	catch_padded.jpg	photodiode	0
2996.473	0.0	2996473	response	6	n/a	n/a	trigger	0
2998.01	0.5	2998010	untrained	32685	82	memtrain/o_656_1.jpg	photodiode	1
2998.761	0.5	2998761	trained	32739	28	memtrain/o_397_1.jpg	photodiode	1
2999.503	0.5	2999503	trained	32745	22	memtrain/o_321_1.jpg	photodiode	1
3000.462	0.5	3000462	catch	32671	n/a	catch_padded.jpg	photodiode	0
3000.795	0.0	3000795	response	6	n/a	n/a	trigger	0
3002.414	0.5	3002414	untrained	32687	80	memtrain/o_613_1.jpg	photodiode	1
3003.356	0.5	3003356	trained	32738	29	memtrain/o_416_1.jpg	photodiode	1
3004.307	0.5	3004307	trained	32763	4	memtrain/o_042_1.jpg	photodiode	1
3005.158	0.5	3005158	trained	32748	19	memtrain/o_284_2.jpg	photodiode	1
3005.909	0.5	3005909	untrained	32693	74	memtrain/o_550_1.jpg	photodiode	1
3006.659	0.5	3006659	catch	32671	n/a	catch_padded.jpg	photodiode	0
3006.992	0.0	3006992	response	6	n/a	n/a	trigger	0
3008.661	0.5	3008661	trained	32743	24	memtrain/o_357_1.jpg	photodiode	1
3009.612	0.5	3009612	untrained	32690	77	memtrain/o_574_2.jpg	photodiode	1
3010.362	0.5	3010362	trained	32730	37	memtrain/o_597_1.jpg	photodiode	1
3011.113	0.5	3011113	untrained	32675	92	memtrain/so_033_1.jpg	photodiode	1
3012.064	0.5	3012064	trained	32755	12	memtrain/o_127_2.jpg	photodiode	1
3012.915	0.5	3012915	catch	32671	n/a	catch_padded.jpg	photodiode	0
3013.366	0.0	3013366	response	6	n/a	n/a	trigger	0
3014.816	0.5	3014816	trained	32742	25	memtrain/o_358_2.jpg	photodiode	1
3015.617	0.5	3015617	trained	32750	17	memtrain/o_232_1.jpg	photodiode	1
3016.568	0.5	3016568	untrained	32704	63	memtrain/o_310_2.jpg	photodiode	1
3017.468	0.5	3017468	untrained	32689	78	memtrain/o_599_1.jpg	photodiode	1
3018.319	0.5	3018319	trained	32729	38	memtrain/o_603_1.jpg	photodiode	1
3019.22	0.5	3019220	catch	32671	n/a	catch_padded.jpg	photodiode	0
3019.483	0.0	3019483	response	6	n/a	n/a	trigger	0
3021.222	0.5	3021222	untrained	32705	62	memtrain/o_304_1.jpg	photodiode	1
3022.122	0.5	3022122	untrained	32718	49	memtrain/o_054_2.jpg	photodiode	1
3023.023	0.5	3023023	untrained	32713	54	memtrain/o_145_1.jpg	photodiode	1
3023.924	0.5	3023924	catch	32671	n/a	catch_padded.jpg	photodiode	0
3024.276	0.0	3024276	response	6	n/a	n/a	trigger	0
3025.826	0.5	3025826	trained	32732	35	memtrain/o_561_2.jpg	photodiode	1
3026.576	0.5	3026576	trained	32728	39	memtrain/o_606_1.jpg	photodiode	1
3027.477	0.5	3027477	trained	32765	2	memtrain/o_035_1.jpg	photodiode	1
3028.269	0.5	3028269	untrained	32695	72	memtrain/o_490_1.jpg	photodiode	1
3029.078	0.5	3029078	trained	32747	20	memtrain/o_290_1.jpg	photodiode	1
3029.929	0.5	3029929	catch	32671	n/a	catch_padded.jpg	photodiode	0
3030.297	0.0	3030297	response	6	n/a	n/a	trigger	0
3031.831	0.5	3031831	untrained	32701	66	memtrain/o_342_2.jpg	photodiode	1
3032.631	0.5	3032631	trained	32759	8	memtrain/o_094_1.jpg	photodiode	1
3033.423	0.5	3033423	untrained	32686	81	memtrain/o_655_2.jpg	photodiode	1
3034.374	0.5	3034374	trained	32761	6	memtrain/o_076_1.jpg	photodiode	1
3035.325	0.5	3035325	untrained	32696	71	memtrain/o_483_1.jpg	photodiode	1
3036.126	0.5	3036126	catch	32671	n/a	catch_padded.jpg	photodiode	0
3036.452	0.0	3036452	response	6	n/a	n/a	trigger	0
3038.077	0.5	3038077	trained	32737	30	memtrain/o_437_2.jpg	photodiode	1
3038.928	0.5	3038928	untrained	32715	52	memtrain/o_141_1.jpg	photodiode	1
3039.729	0.5	3039729	untrained	32673	94	memtrain/so_067_1.jpg	photodiode	1
3040.679	0.5	3040679	untrained	32678	89	memtrain/o_469_1.jpg	photodiode	1
3041.48	0.5	3041480	untrained	32708	59	memtrain/o_201_2.jpg	photodiode	1
3042.281	0.5	3042281	catch	32671	n/a	catch_padded.jpg	photodiode	0
3042.693	0.0	3042693	response	6	n/a	n/a	trigger	0
3044.232	0.5	3044232	trained	32764	3	memtrain/o_040_2.jpg	photodiode	1
3045.133	0.5	3045133	untrained	32677	90	memtrain/o_580_1.jpg	photodiode	1
3045.934	0.5	3045934	untrained	32688	79	memtrain/o_600_1.jpg	photodiode	1
3046.835	0.5	3046835	untrained	32698	69	memtrain/o_464_2.jpg	photodiode	1
3047.735	0.5	3047735	catch	32671	n/a	catch_padded.jpg	photodiode	0
3048.051	0.0	3048051	response	6	n/a	n/a	trigger	0
3049.637	0.5	3049637	untrained	32700	67	memtrain/o_378_1.jpg	photodiode	1
3050.538	0.5	3050538	untrained	32683	84	memtrain/so_117_2.jpg	photodiode	1
3051.439	0.5	3051439	untrained	32694	73	memtrain/o_519_2.jpg	photodiode	1
3052.239	0.5	3052239	catch	32671	n/a	catch_padded.jpg	photodiode	0
3052.698	0.0	3052698	response	6	n/a	n/a	trigger	0
3054.141	0.5	3054141	trained	32767	0	memtrain/o_006_1.jpg	photodiode	1
3054.992	0.5	3054992	untrained	32672	95	memtrain/so_125_1.jpg	photodiode	1
3055.942	0.5	3055942	untrained	32699	68	memtrain/o_393_1.jpg	photodiode	1
3056.843	0.5	3056843	trained	32731	36	memtrain/o_583_1.jpg	photodiode	1
3057.694	0.5	3057694	trained	32752	15	memtrain/o_195_1.jpg	photodiode	1
3058.495	0.5	3058495	catch	32671	n/a	catch_padded.jpg	photodiode	0
3058.872	0.0	3058872	response	6	n/a	n/a	trigger	0
3060.396	0.5	3060396	trained	32756	11	memtrain/o_117_2.jpg	photodiode	1
3061.347	0.5	3061347	trained	32749	18	memtrain/o_264_2.jpg	photodiode	1
3062.19	0.5	3062190	untrained	32709	58	memtrain/o_192_1.jpg	photodiode	1
3062.94	0.5	3062940	trained	32746	21	memtrain/o_319_1.jpg	photodiode	1
3063.891	0.5	3063891	catch	32671	n/a	catch_padded.jpg	photodiode	0
3064.18	0.0	3064180	response	6	n/a	n/a	trigger	0
3065.993	0.5	3065993	untrained	32703	64	memtrain/o_334_2.jpg	photodiode	1
3066.744	0.5	3066744	trained	32754	13	memtrain/o_136_1.jpg	photodiode	1
3067.494	0.5	3067494	untrained	32681	86	memtrain/o_288_1.jpg	photodiode	1
3068.395	0.5	3068395	untrained	32716	51	memtrain/o_103_2.jpg	photodiode	1
3069.196	0.5	3069196	catch	32671	n/a	catch_padded.jpg	photodiode	0
3069.503	0.0	3069503	response	6	n/a	n/a	trigger	0
3071.097	0.5	3071097	trained	32725	42	memtrain/so_034_2.jpg	photodiode	1
3071.998	0.5	3071998	untrained	32711	56	memtrain/o_163_2.jpg	photodiode	1
3072.849	0.5	3072849	trained	32744	23	memtrain/o_338_2.jpg	photodiode	1
3073.649	0.5	3073649	untrained	32676	91	memtrain/o_605_1.jpg	photodiode	1
3074.4	0.5	3074400	trained	32722	45	memtrain/so_090_2.jpg	photodiode	1
3075.251	0.5	3075251	catch	32671	n/a	catch_padded.jpg	photodiode	0
3075.528	0.0	3075528	response	6	n/a	n/a	trigger	0
3077.152	0.5	3077152	untrained	32714	53	memtrain/o_142_2.jpg	photodiode	1
3077.953	0.5	3077953	trained	32720	47	memtrain/so_147_2.jpg	photodiode	1
3078.754	0.5	3078754	untrained	32717	50	memtrain/o_057_2.jpg	photodiode	1
3079.604	0.5	3079604	trained	32726	41	memtrain/o_663_2.jpg	photodiode	1
3080.555	0.5	3080555	untrained	32691	76	memtrain/o_570_1.jpg	photodiode	1
3081.406	0.5	3081406	catch	32671	n/a	catch_padded.jpg	photodiode	0
3081.762	0.0	3081762	response	6	n/a	n/a	trigger	0
3083.508	0.5	3083508	trained	32766	1	memtrain/o_015_1.jpg	photodiode	1
3084.459	0.5	3084459	untrained	32684	83	memtrain/so_105_1.jpg	photodiode	1
3085.309	0.5	3085309	trained	32723	44	memtrain/so_045_1.jpg	photodiode	1
3086.11	0.5	3086110	untrained	32719	48	memtrain/o_019_2.jpg	photodiode	1
3086.861	0.5	3086861	catch	32671	n/a	catch_padded.jpg	photodiode	0
3087.229	0.0	3087229	response	6	n/a	n/a	trigger	0
3088.954	0.5	3088954	trained	32735	32	memtrain/o_485_2.jpg	photodiode	1
3089.804	0.5	3089804	untrained	32706	61	memtrain/o_298_2.jpg	photodiode	1
3090.564	0.5	3090564	trained	32741	26	memtrain/o_376_1.jpg	photodiode	1
3091.506	0.5	3091506	trained	32727	40	memtrain/o_648_2.jpg	photodiode	1
3092.307	0.5	3092307	catch	32671	n/a	catch_padded.jpg	photodiode	0
3092.622	0.0	3092622	response	6	n/a	n/a	trigger	0
3094.358	0.5	3094358	untrained	32674	93	memtrain/so_035_1.jpg	photodiode	1
3095.109	0.5	3095109	trained	32734	33	memtrain/o_536_1.jpg	photodiode	1
3095.96	0.5	3095960	untrained	32697	70	memtrain/o_471_2.jpg	photodiode	1
3096.81	0.5	3096810	untrained	32710	57	memtrain/o_171_1.jpg	photodiode	1
3097.661	0.5	3097661	catch	32671	n/a	catch_padded.jpg	photodiode	0
3097.959	0.0	3097959	response	6	n/a	n/a	trigger	0
3099.763	0.5	3099763	untrained	32712	55	memtrain/o_153_2.jpg	photodiode	1
3100.664	0.5	3100664	trained	32753	14	memtrain/o_174_1.jpg	photodiode	1
3101.464	0.5	3101464	trained	32758	9	memtrain/o_101_2.jpg	photodiode	1
3102.365	0.5	3102365	trained	32757	10	memtrain/o_111_2.jpg	photodiode	1
3103.216	0.5	3103216	catch	32671	n/a	catch_padded.jpg	photodiode	0
3103.571	0.0	3103571	response	6	n/a	n/a	trigger	0
3105.218	0.5	3105218	trained	32721	46	memtrain/so_113_1.jpg	photodiode	1
3106.018	0.5	3106018	untrained	32682	85	memtrain/o_218_1.jpg	photodiode	1
3106.969	0.5	3106969	trained	32724	43	memtrain/so_043_2.jpg	photodiode	1
3107.87	0.5	3107870	untrained	32692	75	memtrain/o_564_1.jpg	photodiode	1
3108.771	0.5	3108771	catch	32671	n/a	catch_padded.jpg	photodiode	0
3109.038	0.0	3109038	response	6	n/a	n/a	trigger	0
3110.822	0.5	3110822	trained	32733	34	memtrain/o_558_2.jpg	photodiode	1
3111.573	0.5	3111573	untrained	32707	60	memtrain/o_228_2.jpg	photodiode	1
3112.374	0.5	3112374	trained	32736	31	memtrain/o_465_2.jpg	photodiode	1
3113.274	0.5	3113274	trained	32762	5	memtrain/o_067_1.jpg	photodiode	1
3114.225	0.5	3114225	catch	32671	n/a	catch_padded.jpg	photodiode	0
3114.549	0.0	3114549	response	6	n/a	n/a	trigger	0
3116.177	0.5	3116177	trained	32751	16	memtrain/o_199_2.jpg	photodiode	1
3116.977	0.5	3116977	trained	32740	27	memtrain/o_379_2.jpg	photodiode	1
3117.878	0.5	3117878	untrained	32702	65	memtrain/o_337_2.jpg	photodiode	1
3118.821	0.5	3118821	catch	32671	n/a	catch_padded.jpg	photodiode	0
3119.213	0.0	3119213	response	6	n/a	n/a	trigger	0
3120.723	0.5	3120723	trained	32742	25	memtrain/o_358_2.jpg	photodiode	1
3121.523	0.5	3121523	untrained	32697	70	memtrain/o_471_2.jpg	photodiode	1
3122.474	0.5	3122474	untrained	32707	60	memtrain/o_228_2.jpg	photodiode	1
3123.225	0.5	3123225	untrained	32708	59	memtrain/o_201_2.jpg	photodiode	1
3123.975	0.5	3123975	catch	32671	n/a	catch_padded.jpg	photodiode	0
3124.302	0.0	3124302	response	6	n/a	n/a	trigger	0
3126.077	0.5	3126077	untrained	32702	65	memtrain/o_337_2.jpg	photodiode	1
3126.878	0.5	3126878	untrained	32693	74	memtrain/o_550_1.jpg	photodiode	1
3127.629	0.5	3127629	untrained	32712	55	memtrain/o_153_2.jpg	photodiode	1
3128.479	0.5	3128479	catch	32671	n/a	catch_padded.jpg	photodiode	0
3128.85	0.0	3128850	response	6	n/a	n/a	trigger	0
3130.431	0.5	3130431	trained	32767	0	memtrain/o_006_1.jpg	photodiode	1
3131.232	0.5	3131232	trained	32763	4	memtrain/o_042_1.jpg	photodiode	1
3132.182	0.5	3132182	untrained	32695	72	memtrain/o_490_1.jpg	photodiode	1
3132.983	0.5	3132983	untrained	32680	87	memtrain/o_365_1.jpg	photodiode	1
3133.934	0.5	3133934	untrained	32700	67	memtrain/o_378_1.jpg	photodiode	1
3134.785	0.5	3134785	catch	32671	n/a	catch_padded.jpg	photodiode	0
3135.047	0.0	3135047	response	6	n/a	n/a	trigger	0
3136.836	0.5	3136836	trained	32755	12	memtrain/o_127_2.jpg	photodiode	1
3137.587	0.5	3137587	trained	32721	46	memtrain/so_113_1.jpg	photodiode	1
3138.488	0.5	3138488	trained	32741	26	memtrain/o_376_1.jpg	photodiode	1
3139.288	0.5	3139288	trained	32748	19	memtrain/o_284_2.jpg	photodiode	1
3140.139	0.5	3140139	untrained	32714	53	memtrain/o_142_2.jpg	photodiode	1
3140.94	0.5	3140940	catch	32671	n/a	catch_padded.jpg	photodiode	0
3141.334	0.0	3141334	response	6	n/a	n/a	trigger	0
3142.992	0.5	3142992	trained	32723	44	memtrain/so_045_1.jpg	photodiode	1
3143.842	0.5	3143842	trained	32745	22	memtrain/o_321_1.jpg	photodiode	1
3144.593	0.5	3144593	untrained	32694	73	memtrain/o_519_2.jpg	photodiode	1
3145.494	0.5	3145494	catch	32671	n/a	catch_padded.jpg	photodiode	0
3145.879	0.0	3145879	response	6	n/a	n/a	trigger	0
3147.437	0.5	3147437	untrained	32686	81	memtrain/o_655_2.jpg	photodiode	1
3148.237	0.5	3148237	untrained	32681	86	memtrain/o_288_1.jpg	photodiode	1
3149.188	0.5	3149188	untrained	32682	85	memtrain/o_218_1.jpg	photodiode	1
3149.939	0.5	3149939	catch	32671	n/a	catch_padded.jpg	photodiode	0
3150.327	0.0	3150327	response	6	n/a	n/a	trigger	0
3151.89	0.5	3151890	trained	32731	36	memtrain/o_583_1.jpg	photodiode	1
3152.691	0.5	3152691	untrained	32701	66	memtrain/o_342_2.jpg	photodiode	1
3153.642	0.5	3153642	untrained	32709	58	memtrain/o_192_1.jpg	photodiode	1
3154.493	0.5	3154493	catch	32671	n/a	catch_padded.jpg	photodiode	0
3154.853	0.0	3154853	response	6	n/a	n/a	trigger	0
3156.544	0.5	3156544	trained	32732	35	memtrain/o_561_2.jpg	photodiode	1
3157.345	0.5	3157345	untrained	32699	68	memtrain/o_393_1.jpg	photodiode	1
3158.296	0.5	3158296	untrained	32677	90	memtrain/o_580_1.jpg	photodiode	1
3159.197	0.5	3159197	trained	32729	38	memtrain/o_603_1.jpg	photodiode	1
3160.097	0.5	3160097	trained	32756	11	memtrain/o_117_2.jpg	photodiode	1
3160.948	0.5	3160948	catch	32671	n/a	catch_padded.jpg	photodiode	0
3161.24	0.0	3161240	response	6	n/a	n/a	trigger	0
3163.0	0.5	3163000	trained	32758	9	memtrain/o_101_2.jpg	photodiode	1
3163.951	0.5	3163951	trained	32744	23	memtrain/o_338_2.jpg	photodiode	1
3164.701	0.5	3164701	untrained	32672	95	memtrain/so_125_1.jpg	photodiode	1
3165.502	0.5	3165502	trained	32753	14	memtrain/o_174_1.jpg	photodiode	1
3166.403	0.5	3166403	untrained	32717	50	memtrain/o_057_2.jpg	photodiode	1
3167.354	0.5	3167354	catch	32671	n/a	catch_padded.jpg	photodiode	0
3167.67	0.0	3167670	response	6	n/a	n/a	trigger	0
3169.455	0.5	3169455	untrained	32685	82	memtrain/o_656_1.jpg	photodiode	1
3170.406	0.5	3170406	trained	32766	1	memtrain/o_015_1.jpg	photodiode	1
3171.257	0.5	3171257	untrained	32718	49	memtrain/o_054_2.jpg	photodiode	1
3172.158	0.5	3172158	trained	32762	5	memtrain/o_067_1.jpg	photodiode	1
3172.908	0.5	3172908	catch	32671	n/a	catch_padded.jpg	photodiode	0
3173.276	0.0	3173276	response	6	n/a	n/a	trigger	0
3174.81	0.5	3174810	trained	32746	21	memtrain/o_319_1.jpg	photodiode	1
3175.561	0.5	3175561	trained	32728	39	memtrain/o_606_1.jpg	photodiode	1
3176.411	0.5	3176411	untrained	32679	88	memtrain/o_458_1.jpg	photodiode	1
3177.154	0.5	3177154	catch	32671	n/a	catch_padded.jpg	photodiode	0
3177.536	0.0	3177536	response	6	n/a	n/a	trigger	0
3179.206	0.5	3179206	trained	32740	27	memtrain/o_379_2.jpg	photodiode	1
3180.156	0.5	3180156	trained	32752	15	memtrain/o_195_1.jpg	photodiode	1
3181.007	0.5	3181007	untrained	32713	54	memtrain/o_145_1.jpg	photodiode	1
3181.908	0.5	3181908	untrained	32698	69	memtrain/o_464_2.jpg	photodiode	1
3182.809	0.5	3182809	catch	32671	n/a	catch_padded.jpg	photodiode	0
3183.104	0.0	3183104	response	6	n/a	n/a	trigger	0
3184.81	0.5	3184810	trained	32735	32	memtrain/o_485_2.jpg	photodiode	1
3185.661	0.5	3185661	untrained	32691	76	memtrain/o_570_1.jpg	photodiode	1
3186.612	0.5	3186612	untrained	32676	91	memtrain/o_605_1.jpg	photodiode	1
3187.363	0.5	3187363	catch	32671	n/a	catch_padded.jpg	photodiode	0
3187.716	0.0	3187716	response	6	n/a	n/a	trigger	0
3189.264	0.5	3189264	trained	32722	45	memtrain/so_090_2.jpg	photodiode	1
3190.115	0.5	3190115	untrained	32719	48	memtrain/o_019_2.jpg	photodiode	1
3190.865	0.5	3190865	untrained	32704	63	memtrain/o_310_2.jpg	photodiode	1
3191.616	0.5	3191616	trained	32751	16	memtrain/o_199_2.jpg	photodiode	1
3192.417	0.5	3192417	trained	32749	18	memtrain/o_264_2.jpg	photodiode	1
3193.318	0.5	3193318	catch	32671	n/a	catch_padded.jpg	photodiode	0
3193.592	0.0	3193592	response	6	n/a	n/a	trigger	0
3195.269	0.5	3195269	trained	32743	24	memtrain/o_357_1.jpg	photodiode	1
3196.07	0.5	3196070	untrained	32684	83	memtrain/so_105_1.jpg	photodiode	1
3196.921	0.5	3196921	untrained	32674	93	memtrain/so_035_1.jpg	photodiode	1
3197.771	0.5	3197771	trained	32738	29	memtrain/o_416_1.jpg	photodiode	1
3198.572	0.5	3198572	trained	32730	37	memtrain/o_597_1.jpg	photodiode	1
3199.323	0.5	3199323	catch	32671	n/a	catch_padded.jpg	photodiode	0
3199.704	0.0	3199704	response	6	n/a	n/a	trigger	0
3201.224	0.5	3201224	trained	32750	17	memtrain/o_232_1.jpg	photodiode	1
3202.175	0.5	3202175	untrained	32683	84	memtrain/so_117_2.jpg	photodiode	1
3203.126	0.5	3203126	trained	32720	47	memtrain/so_147_2.jpg	photodiode	1
3204.077	0.5	3204077	catch	32671	n/a	catch_padded.jpg	photodiode	0
3204.434	0.0	3204434	response	6	n/a	n/a	trigger	0
3205.978	0.5	3205978	trained	32761	6	memtrain/o_076_1.jpg	photodiode	1
3206.82	0.5	3206820	untrained	32703	64	memtrain/o_334_2.jpg	photodiode	1
3207.771	0.5	3207771	untrained	32715	52	memtrain/o_141_1.jpg	photodiode	1
3208.722	0.5	3208722	catch	32671	n/a	catch_padded.jpg	photodiode	0
3209.088	0.0	3209088	response	6	n/a	n/a	trigger	0
3209.885	0.0	3209885	response	5	n/a	n/a	trigger	0
3210.824	0.5	3210824	untrained	32716	51	memtrain/o_103_2.jpg	photodiode	1
3211.775	0.5	3211775	untrained	32692	75	memtrain/o_564_1.jpg	photodiode	1
3212.675	0.5	3212675	untrained	32696	71	memtrain/o_483_1.jpg	photodiode	1
3213.576	0.5	3213576	untrained	32688	79	memtrain/o_600_1.jpg	photodiode	1
3214.527	0.5	3214527	catch	32671	n/a	catch_padded.jpg	photodiode	0
3214.904	0.0	3214904	response	6	n/a	n/a	trigger	0
3216.479	0.5	3216479	trained	32759	8	memtrain/o_094_1.jpg	photodiode	1
3217.379	0.5	3217379	untrained	32687	80	memtrain/o_613_1.jpg	photodiode	1
3218.28	0.5	3218280	trained	32733	34	memtrain/o_558_2.jpg	photodiode	1
3219.181	0.5	3219181	catch	32671	n/a	catch_padded.jpg	photodiode	0
3219.569	0.0	3219569	response	6	n/a	n/a	trigger	0
3221.283	0.5	3221283	trained	32760	7	memtrain/o_091_2.jpg	photodiode	1
3222.233	0.5	3222233	trained	32734	33	memtrain/o_536_1.jpg	photodiode	1
3223.134	0.5	3223134	trained	32727	40	memtrain/o_648_2.jpg	photodiode	1
3223.985	0.5	3223985	catch	32671	n/a	catch_padded.jpg	photodiode	0
3224.292	0.0	3224292	response	6	n/a	n/a	trigger	0
3225.887	0.5	3225887	untrained	32711	56	memtrain/o_163_2.jpg	photodiode	1
3226.787	0.5	3226787	trained	32737	30	memtrain/o_437_2.jpg	photodiode	1
3227.738	0.5	3227738	trained	32754	13	memtrain/o_136_1.jpg	photodiode	1
3228.639	0.5	3228639	trained	32726	41	memtrain/o_663_2.jpg	photodiode	1
3229.389	0.5	3229389	catch	32671	n/a	catch_padded.jpg	photodiode	0
3229.635	0.0	3229635	response	6	n/a	n/a	trigger	0
3231.391	0.5	3231391	trained	32736	31	memtrain/o_465_2.jpg	photodiode	1
3232.292	0.5	3232292	untrained	32706	61	memtrain/o_298_2.jpg	photodiode	1
3233.143	0.5	3233143	untrained	32689	78	memtrain/o_599_1.jpg	photodiode	1
3233.943	0.5	3233943	untrained	32710	57	memtrain/o_171_1.jpg	photodiode	1
3234.744	0.5	3234744	catch	32671	n/a	catch_padded.jpg	photodiode	0
3235.049	0.0	3235049	response	6	n/a	n/a	trigger	0
3236.738	0.5	3236738	untrained	32690	77	memtrain/o_574_2.jpg	photodiode	1
3237.638	0.5	3237638	trained	32757	10	memtrain/o_111_2.jpg	photodiode	1
3238.539	0.5	3238539	untrained	32705	62	memtrain/o_304_1.jpg	photodiode	1
3239.29	0.5	3239290	trained	32764	3	memtrain/o_040_2.jpg	photodiode	1
3240.141	0.5	3240141	trained	32739	28	memtrain/o_397_1.jpg	photodiode	1
3240.891	0.5	3240891	catch	32671	n/a	catch_padded.jpg	photodiode	0
3241.15	0.0	3241150	response	6	n/a	n/a	trigger	0
3242.943	0.5	3242943	trained	32725	42	memtrain/so_034_2.jpg	photodiode	1
3243.744	0.5	3243744	untrained	32673	94	memtrain/so_067_1.jpg	photodiode	1
3244.594	0.5	3244594	trained	32747	20	memtrain/o_290_1.jpg	photodiode	1
3245.345	0.5	3245345	untrained	32678	89	memtrain/o_469_1.jpg	photodiode	1
3246.204	0.5	3246204	catch	32671	n/a	catch_padded.jpg	photodiode	0
3246.67	0.0	3246670	response	6	n/a	n/a	trigger	0
3248.205	0.5	3248205	untrained	32675	92	memtrain/so_033_1.jpg	photodiode	1
3249.048	0.5	3249048	trained	32724	43	memtrain/so_043_2.jpg	photodiode	1
3249.899	0.5	3249899	trained	32765	2	memtrain/o_035_1.jpg	photodiode	1
3250.7	0.5	3250700	catch	32671	n/a	catch_padded.jpg	photodiode	0
3251.073	0.0	3251073	response	6	n/a	n/a	trigger	0
3253.17	0.0	3253170	block_end	120	n/a	n/a	trigger	0
3263.274	0.0	3263274	response	6	n/a	n/a	trigger	0
3263.286	0.0	3263286	block_onset	112	n/a	n/a	trigger	0
3265.345	0.5	3265345	trained	32737	30	memtrain/o_437_2.jpg	photodiode	1
3266.146	0.5	3266146	untrained	32709	58	memtrain/o_192_1.jpg	photodiode	1
3267.047	0.5	3267047	trained	32720	47	memtrain/so_147_2.jpg	photodiode	1
3267.897	0.5	3267897	untrained	32694	73	memtrain/o_519_2.jpg	photodiode	1
3268.798	0.5	3268798	trained	32729	38	memtrain/o_603_1.jpg	photodiode	1
3269.649	0.5	3269649	catch	32671	n/a	catch_padded.jpg	photodiode	0
3269.894	0.0	3269894	response	6	n/a	n/a	trigger	0
3271.692	0.5	3271692	trained	32721	46	memtrain/so_113_1.jpg	photodiode	1
3272.643	0.5	3272643	trained	32759	8	memtrain/o_094_1.jpg	photodiode	1
3273.452	0.5	3273452	untrained	32714	53	memtrain/o_142_2.jpg	photodiode	1
3274.344	0.5	3274344	trained	32734	33	memtrain/o_536_1.jpg	photodiode	1
3275.195	0.5	3275195	catch	32671	n/a	catch_padded.jpg	photodiode	0
3275.572	0.0	3275572	response	6	n/a	n/a	trigger	0
3277.097	0.5	3277097	trained	32739	28	memtrain/o_397_1.jpg	photodiode	1
3278.047	0.5	3278047	trained	32731	36	memtrain/o_583_1.jpg	photodiode	1
3278.798	0.5	3278798	trained	32747	20	memtrain/o_290_1.jpg	photodiode	1
3279.749	0.5	3279749	trained	32765	2	memtrain/o_035_1.jpg	photodiode	1
3280.65	0.5	3280650	catch	32671	n/a	catch_padded.jpg	photodiode	0
3281.026	0.0	3281026	response	6	n/a	n/a	trigger	0
3282.601	0.5	3282601	trained	32752	15	memtrain/o_195_1.jpg	photodiode	1
3283.452	0.5	3283452	trained	32745	22	memtrain/o_321_1.jpg	photodiode	1
3284.203	0.5	3284203	trained	32736	31	memtrain/o_465_2.jpg	photodiode	1
3285.103	0.5	3285103	trained	32753	14	memtrain/o_174_1.jpg	photodiode	1
3285.954	0.5	3285954	untrained	32717	50	memtrain/o_057_2.jpg	photodiode	1
3286.705	0.5	3286705	catch	32671	n/a	catch_padded.jpg	photodiode	0
3286.985	0.0	3286985	response	6	n/a	n/a	trigger	0
3288.606	0.5	3288606	untrained	32698	69	memtrain/o_464_2.jpg	photodiode	1
3289.557	0.5	3289557	untrained	32716	51	memtrain/o_103_2.jpg	photodiode	1
3290.408	0.5	3290408	trained	32757	10	memtrain/o_111_2.jpg	photodiode	1
3291.209	0.5	3291209	untrained	32702	65	memtrain/o_337_2.jpg	photodiode	1
3292.109	0.5	3292109	untrained	32701	66	memtrain/o_342_2.jpg	photodiode	1
3292.91	0.5	3292910	catch	32671	n/a	catch_padded.jpg	photodiode	0
3293.25	0.0	3293250	response	6	n/a	n/a	trigger	0
3294.812	0.5	3294812	trained	32761	6	memtrain/o_076_1.jpg	photodiode	1
3295.662	0.5	3295662	untrained	32715	52	memtrain/o_141_1.jpg	photodiode	1
3296.563	0.5	3296563	untrained	32678	89	memtrain/o_469_1.jpg	photodiode	1
3297.464	0.5	3297464	trained	32750	17	memtrain/o_232_1.jpg	photodiode	1
3298.415	0.5	3298415	untrained	32685	82	memtrain/o_656_1.jpg	photodiode	1
3299.265	0.5	3299265	catch	32671	n/a	catch_padded.jpg	photodiode	0
3299.665	0.0	3299665	response	6	n/a	n/a	trigger	0
3301.359	0.5	3301359	trained	32746	21	memtrain/o_319_1.jpg	photodiode	1
3302.16	0.5	3302160	untrained	32691	76	memtrain/o_570_1.jpg	photodiode	1
3303.011	0.5	3303011	trained	32763	4	memtrain/o_042_1.jpg	photodiode	1
3303.861	0.5	3303861	trained	32732	35	memtrain/o_561_2.jpg	photodiode	1
3304.612	0.5	3304612	catch	32671	n/a	catch_padded.jpg	photodiode	0
3305.038	0.0	3305038	response	6	n/a	n/a	trigger	0
3306.664	0.5	3306664	trained	32723	44	memtrain/so_045_1.jpg	photodiode	1
3307.614	0.5	3307614	trained	32766	1	memtrain/o_015_1.jpg	photodiode	1
3308.465	0.5	3308465	trained	32762	5	memtrain/o_067_1.jpg	photodiode	1
3309.366	0.5	3309366	untrained	32719	48	memtrain/o_019_2.jpg	photodiode	1
3310.167	0.5	3310167	catch	32671	n/a	catch_padded.jpg	photodiode	0
3310.52	0.0	3310520	response	6	n/a	n/a	trigger	0
3312.268	0.5	3312268	untrained	32687	80	memtrain/o_613_1.jpg	photodiode	1
3313.169	0.5	3313169	untrained	32699	68	memtrain/o_393_1.jpg	photodiode	1
3314.12	0.5	3314120	untrained	32686	81	memtrain/o_655_2.jpg	photodiode	1
3314.921	0.5	3314921	untrained	32680	87	memtrain/o_365_1.jpg	photodiode	1
3315.671	0.5	3315671	catch	32671	n/a	catch_padded.jpg	photodiode	0
3316.081	0.0	3316081	response	6	n/a	n/a	trigger	0
3317.723	0.5	3317723	trained	32726	41	memtrain/o_663_2.jpg	photodiode	1
3318.524	0.5	3318524	trained	32724	43	memtrain/so_043_2.jpg	photodiode	1
3319.324	0.5	3319324	trained	32735	32	memtrain/o_485_2.jpg	photodiode	1
3320.175	0.5	3320175	trained	32722	45	memtrain/so_090_2.jpg	photodiode	1
3321.126	0.5	3321126	catch	32671	n/a	catch_padded.jpg	photodiode	0
3321.468	0.0	3321468	response	6	n/a	n/a	trigger	0
3323.178	0.5	3323178	trained	32754	13	memtrain/o_136_1.jpg	photodiode	1
3324.128	0.5	3324128	trained	32730	37	memtrain/o_597_1.jpg	photodiode	1
3324.979	0.5	3324979	untrained	32696	71	memtrain/o_483_1.jpg	photodiode	1
3325.78	0.5	3325780	untrained	32708	59	memtrain/o_201_2.jpg	photodiode	1
3326.581	0.5	3326581	trained	32767	0	memtrain/o_006_1.jpg	photodiode	1
3327.331	0.5	3327331	catch	32671	n/a	catch_padded.jpg	photodiode	0
3327.712	0.0	3327712	response	6	n/a	n/a	trigger	0
3329.333	0.5	3329333	untrained	32693	74	memtrain/o_550_1.jpg	photodiode	1
3330.134	0.5	3330134	untrained	32672	95	memtrain/so_125_1.jpg	photodiode	1
3330.876	0.5	3330876	untrained	32711	56	memtrain/o_163_2.jpg	photodiode	1
3331.826	0.5	3331826	trained	32749	18	memtrain/o_264_2.jpg	photodiode	1
3332.577	0.5	3332577	catch	32671	n/a	catch_padded.jpg	photodiode	0
3332.95	0.0	3332950	response	6	n/a	n/a	trigger	0
3334.679	0.5	3334679	trained	32725	42	memtrain/so_034_2.jpg	photodiode	1
3335.63	0.5	3335630	untrained	32681	86	memtrain/o_288_1.jpg	photodiode	1
3336.58	0.5	3336580	trained	32751	16	memtrain/o_199_2.jpg	photodiode	1
3337.331	0.5	3337331	untrained	32689	78	memtrain/o_599_1.jpg	photodiode	1
3338.232	0.5	3338232	trained	32743	24	memtrain/o_357_1.jpg	photodiode	1
3339.032	0.5	3339032	catch	32671	n/a	catch_padded.jpg	photodiode	0
3339.348	0.0	3339348	response	6	n/a	n/a	trigger	0
3341.034	0.5	3341034	untrained	32700	67	memtrain/o_378_1.jpg	photodiode	1
3341.835	0.5	3341835	trained	32755	12	memtrain/o_127_2.jpg	photodiode	1
3342.686	0.5	3342686	untrained	32682	85	memtrain/o_218_1.jpg	photodiode	1
3343.486	0.5	3343486	untrained	32675	92	memtrain/so_033_1.jpg	photodiode	1
3344.387	0.5	3344387	untrained	32676	91	memtrain/o_605_1.jpg	photodiode	1
3345.138	0.5	3345138	catch	32671	n/a	catch_padded.jpg	photodiode	0
3345.428	0.0	3345428	response	6	n/a	n/a	trigger	0
3347.139	0.5	3347139	untrained	32710	57	memtrain/o_171_1.jpg	photodiode	1
3347.94	0.5	3347940	trained	32738	29	memtrain/o_416_1.jpg	photodiode	1
3348.841	0.5	3348841	trained	32740	27	memtrain/o_379_2.jpg	photodiode	1
3349.742	0.5	3349742	untrained	32677	90	memtrain/o_580_1.jpg	photodiode	1
3350.492	0.5	3350492	catch	32671	n/a	catch_padded.jpg	photodiode	0
3350.827	0.0	3350827	response	6	n/a	n/a	trigger	0
3352.494	0.5	3352494	untrained	32712	55	memtrain/o_153_2.jpg	photodiode	1
3353.295	0.5	3353295	trained	32733	34	memtrain/o_558_2.jpg	photodiode	1
3354.095	0.5	3354095	untrained	32690	77	memtrain/o_574_2.jpg	photodiode	1
3354.996	0.5	3354996	untrained	32679	88	memtrain/o_458_1.jpg	photodiode	1
3355.747	0.5	3355747	catch	32671	n/a	catch_padded.jpg	photodiode	0
3356.075	0.0	3356075	response	6	n/a	n/a	trigger	0
3357.848	0.5	3357848	untrained	32695	72	memtrain/o_490_1.jpg	photodiode	1
3358.699	0.5	3358699	untrained	32713	54	memtrain/o_145_1.jpg	photodiode	1
3359.592	0.5	3359592	trained	32744	23	memtrain/o_338_2.jpg	photodiode	1
3360.543	0.5	3360543	catch	32671	n/a	catch_padded.jpg	photodiode	0
3360.86	0.0	3360860	response	6	n/a	n/a	trigger	0
3362.544	0.5	3362544	untrained	32673	94	memtrain/so_067_1.jpg	photodiode	1
3363.295	0.5	3363295	untrained	32683	84	memtrain/so_117_2.jpg	photodiode	1
3364.196	0.5	3364196	trained	32727	40	memtrain/o_648_2.jpg	photodiode	1
3365.147	0.5	3365147	trained	32764	3	memtrain/o_040_2.jpg	photodiode	1
3365.997	0.5	3365997	trained	32741	26	memtrain/o_376_1.jpg	photodiode	1
3366.898	0.5	3366898	catch	32671	n/a	catch_padded.jpg	photodiode	0
3367.366	0.0	3367366	response	6	n/a	n/a	trigger	0
3368.95	0.5	3368950	untrained	32704	63	memtrain/o_310_2.jpg	photodiode	1
3369.851	0.5	3369851	untrained	32692	75	memtrain/o_564_1.jpg	photodiode	1
3370.601	0.5	3370601	untrained	32705	62	memtrain/o_304_1.jpg	photodiode	1
3371.452	0.5	3371452	untrained	32718	49	memtrain/o_054_2.jpg	photodiode	1
3372.303	0.5	3372303	catch	32671	n/a	catch_padded.jpg	photodiode	0
3372.709	0.0	3372709	response	6	n/a	n/a	trigger	0
3374.304	0.5	3374304	untrained	32674	93	memtrain/so_035_1.jpg	photodiode	1
3375.055	0.5	3375055	untrained	32697	70	memtrain/o_471_2.jpg	photodiode	1
3376.006	0.5	3376006	trained	32756	11	memtrain/o_117_2.jpg	photodiode	1
3376.857	0.5	3376857	catch	32671	n/a	catch_padded.jpg	photodiode	0
3377.231	0.0	3377231	response	6	n/a	n/a	trigger	0
3378.858	0.5	3378858	untrained	32706	61	memtrain/o_298_2.jpg	photodiode	1
3379.759	0.5	3379759	untrained	32684	83	memtrain/so_105_1.jpg	photodiode	1
3380.61	0.5	3380610	untrained	32703	64	memtrain/o_334_2.jpg	photodiode	1
3381.561	0.5	3381561	trained	32758	9	memtrain/o_101_2.jpg	photodiode	1
3382.361	0.5	3382361	catch	32671	n/a	catch_padded.jpg	photodiode	0
3382.657	0.0	3382657	response	6	n/a	n/a	trigger	0
3384.263	0.5	3384263	trained	32760	7	memtrain/o_091_2.jpg	photodiode	1
3385.164	0.5	3385164	trained	32728	39	memtrain/o_606_1.jpg	photodiode	1
3385.914	0.5	3385914	untrained	32688	79	memtrain/o_600_1.jpg	photodiode	1
3386.865	0.5	3386865	catch	32671	n/a	catch_padded.jpg	photodiode	0
3387.198	0.0	3387198	response	6	n/a	n/a	trigger	0
3388.758	0.5	3388758	untrained	32707	60	memtrain/o_228_2.jpg	photodiode	1
3389.659	0.5	3389659	trained	32748	19	memtrain/o_284_2.jpg	photodiode	1
3390.559	0.5	3390559	trained	32742	25	memtrain/o_358_2.jpg	photodiode	1
3391.51	0.5	3391510	trained	32766	1	memtrain/o_015_1.jpg	photodiode	1
3392.461	0.5	3392461	catch	32671	n/a	catch_padded.jpg	photodiode	0
3392.772	0.0	3392772	response	6	n/a	n/a	trigger	0
3394.563	0.5	3394563	trained	32753	14	memtrain/o_174_1.jpg	photodiode	1
3395.514	0.5	3395514	trained	32727	40	memtrain/o_648_2.jpg	photodiode	1
3396.314	0.5	3396314	untrained	32712	55	memtrain/o_153_2.jpg	photodiode	1
3397.065	0.5	3397065	catch	32671	n/a	catch_padded.jpg	photodiode	0
3397.429	0.0	3397429	response	6	n/a	n/a	trigger	0
3399.167	0.5	3399167	untrained	32708	59	memtrain/o_201_2.jpg	photodiode	1
3400.118	0.5	3400118	trained	32738	29	memtrain/o_416_1.jpg	photodiode	1
3400.868	0.5	3400868	trained	32747	20	memtrain/o_290_1.jpg	photodiode	1
3401.619	0.5	3401619	untrained	32705	62	memtrain/o_304_1.jpg	photodiode	1
3402.378	0.5	3402378	trained	32723	44	memtrain/so_045_1.jpg	photodiode	1
3403.251	0.0	3403251	response	6	n/a	n/a	trigger	0
3403.32	0.5	3403320	catch	32671	n/a	catch_padded.jpg	photodiode	0
3403.688	0.0	3403688	response	6	n/a	n/a	trigger	0
3405.272	0.5	3405272	untrained	32715	52	memtrain/o_141_1.jpg	photodiode	1
3406.023	0.5	3406023	untrained	32677	90	memtrain/o_580_1.jpg	photodiode	1
3406.773	0.5	3406773	untrained	32676	91	memtrain/o_605_1.jpg	photodiode	1
3407.524	0.5	3407524	catch	32671	n/a	catch_padded.jpg	photodiode	0
3407.938	0.0	3407938	response	6	n/a	n/a	trigger	0
3409.526	0.5	3409526	trained	32725	42	memtrain/so_034_2.jpg	photodiode	1
3410.376	0.5	3410376	untrained	32699	68	memtrain/o_393_1.jpg	photodiode	1
3411.227	0.5	3411227	trained	32762	5	memtrain/o_067_1.jpg	photodiode	1
3412.028	0.5	3412028	trained	32744	23	memtrain/o_338_2.jpg	photodiode	1
3412.878	0.5	3412878	catch	32671	n/a	catch_padded.jpg	photodiode	0
3413.146	0.0	3413146	response	6	n/a	n/a	trigger	0
3414.88	0.5	3414880	trained	32758	9	memtrain/o_101_2.jpg	photodiode	1
3415.681	0.5	3415681	untrained	32709	58	memtrain/o_192_1.jpg	photodiode	1
3416.582	0.5	3416582	trained	32752	15	memtrain/o_195_1.jpg	photodiode	1
3417.474	0.5	3417474	catch	32671	n/a	catch_padded.jpg	photodiode	0
3417.856	0.0	3417856	response	6	n/a	n/a	trigger	0
3419.426	0.5	3419426	untrained	32706	61	memtrain/o_298_2.jpg	photodiode	1
3420.327	0.5	3420327	untrained	32682	85	memtrain/o_218_1.jpg	photodiode	1
3421.278	0.5	3421278	trained	32726	41	memtrain/o_663_2.jpg	photodiode	1
3422.128	0.5	3422128	catch	32671	n/a	catch_padded.jpg	photodiode	0
3422.446	0.0	3422446	response	6	n/a	n/a	trigger	0
3424.03	0.5	3424030	untrained	32703	64	memtrain/o_334_2.jpg	photodiode	1
3424.831	0.5	3424831	trained	32743	24	memtrain/o_357_1.jpg	photodiode	1
3425.581	0.5	3425581	trained	32755	12	memtrain/o_127_2.jpg	photodiode	1
3426.482	0.5	3426482	untrained	32717	50	memtrain/o_057_2.jpg	photodiode	1
3427.283	0.5	3427283	catch	32671	n/a	catch_padded.jpg	photodiode	0
3427.586	0.0	3427586	response	6	n/a	n/a	trigger	0
3429.284	0.5	3429284	trained	32729	38	memtrain/o_603_1.jpg	photodiode	1
3430.235	0.5	3430235	untrained	32688	79	memtrain/o_600_1.jpg	photodiode	1
3431.036	0.5	3431036	trained	32748	19	memtrain/o_284_2.jpg	photodiode	1
3431.987	0.5	3431987	catch	32671	n/a	catch_padded.jpg	photodiode	0
3432.386	0.0	3432386	response	6	n/a	n/a	trigger	0
3434.088	0.5	3434088	trained	32742	25	memtrain/o_358_2.jpg	photodiode	1
3435.039	0.5	3435039	trained	32754	13	memtrain/o_136_1.jpg	photodiode	1
3435.84	0.5	3435840	trained	32764	3	memtrain/o_040_2.jpg	photodiode	1
3436.691	0.5	3436691	catch	32671	n/a	catch_padded.jpg	photodiode	0
3437.033	0.0	3437033	response	6	n/a	n/a	trigger	0
3438.692	0.5	3438692	trained	32733	34	memtrain/o_558_2.jpg	photodiode	1
3439.493	0.5	3439493	untrained	32716	51	memtrain/o_103_2.jpg	photodiode	1
3440.294	0.5	3440294	untrained	32713	54	memtrain/o_145_1.jpg	photodiode	1
3441.244	0.5	3441244	catch	32671	n/a	catch_padded.jpg	photodiode	0
3441.559	0.0	3441559	response	6	n/a	n/a	trigger	0
3443.346	0.5	3443346	trained	32741	26	memtrain/o_376_1.jpg	photodiode	1
3444.247	0.5	3444247	untrained	32697	70	memtrain/o_471_2.jpg	photodiode	1
3445.198	0.5	3445198	trained	32728	39	memtrain/o_606_1.jpg	photodiode	1
3445.998	0.5	3445998	catch	32671	n/a	catch_padded.jpg	photodiode	0
3446.451	0.0	3446451	response	6	n/a	n/a	trigger	0
3448.042	0.5	3448042	untrained	32685	82	memtrain/o_656_1.jpg	photodiode	1
3448.942	0.5	3448942	trained	32722	45	memtrain/so_090_2.jpg	photodiode	1
3449.693	0.5	3449693	trained	32756	11	memtrain/o_117_2.jpg	photodiode	1
3450.594	0.5	3450594	catch	32671	n/a	catch_padded.jpg	photodiode	0
3450.94	0.0	3450940	response	6	n/a	n/a	trigger	0
3452.645	0.5	3452645	untrained	32707	60	memtrain/o_228_2.jpg	photodiode	1
3453.546	0.5	3453546	untrained	32711	56	memtrain/o_163_2.jpg	photodiode	1
3454.347	0.5	3454347	untrained	32693	74	memtrain/o_550_1.jpg	photodiode	1
3455.098	0.5	3455098	catch	32671	n/a	catch_padded.jpg	photodiode	0
3455.527	0.0	3455527	response	6	n/a	n/a	trigger	0
3456.999	0.5	3456999	untrained	32672	95	memtrain/so_125_1.jpg	photodiode	1
3457.8	0.5	3457800	trained	32739	28	memtrain/o_397_1.jpg	photodiode	1
3458.55	0.5	3458550	untrained	32689	78	memtrain/o_599_1.jpg	photodiode	1
3459.351	0.5	3459351	untrained	32691	76	memtrain/o_570_1.jpg	photodiode	1
3460.252	0.5	3460252	catch	32671	n/a	catch_padded.jpg	photodiode	0
3460.579	0.0	3460579	response	6	n/a	n/a	trigger	0
3462.254	0.5	3462254	trained	32750	17	memtrain/o_232_1.jpg	photodiode	1
3463.204	0.5	3463204	untrained	32714	53	memtrain/o_142_2.jpg	photodiode	1
3464.005	0.5	3464005	untrained	32718	49	memtrain/o_054_2.jpg	photodiode	1
3464.956	0.5	3464956	catch	32671	n/a	catch_padded.jpg	photodiode	0
3465.364	0.0	3465364	response	6	n/a	n/a	trigger	0
3466.908	0.5	3466908	trained	32721	46	memtrain/so_113_1.jpg	photodiode	1
3467.658	0.5	3467658	untrained	32704	63	memtrain/o_310_2.jpg	photodiode	1
3468.459	0.5	3468459	untrained	32680	87	memtrain/o_365_1.jpg	photodiode	1
3469.31	0.5	3469310	untrained	32692	75	memtrain/o_564_1.jpg	photodiode	1
3470.21	0.5	3470210	untrained	32698	69	memtrain/o_464_2.jpg	photodiode	1
3470.961	0.5	3470961	catch	32671	n/a	catch_padded.jpg	photodiode	0
3471.299	0.0	3471299	response	6	n/a	n/a	trigger	0
3473.063	0.5	3473063	untrained	32694	73	memtrain/o_519_2.jpg	photodiode	1
3473.964	0.5	3473964	untrained	32696	71	memtrain/o_483_1.jpg	photodiode	1
3474.714	0.5	3474714	trained	32759	8	memtrain/o_094_1.jpg	photodiode	1
3475.657	0.5	3475657	untrained	32683	84	memtrain/so_117_2.jpg	photodiode	1
3476.558	0.5	3476558	catch	32671	n/a	catch_padded.jpg	photodiode	0
3476.904	0.0	3476904	response	6	n/a	n/a	trigger	0
3478.517	0.5	3478517	trained	32763	4	memtrain/o_042_1.jpg	photodiode	1
3479.46	0.5	3479460	trained	32735	32	memtrain/o_485_2.jpg	photodiode	1
3480.411	0.5	3480411	untrained	32673	94	memtrain/so_067_1.jpg	photodiode	1
3481.362	0.5	3481362	trained	32737	30	memtrain/o_437_2.jpg	photodiode	1
3482.263	0.5	3482263	trained	32745	22	memtrain/o_321_1.jpg	photodiode	1
3483.113	0.5	3483113	catch	32671	n/a	catch_padded.jpg	photodiode	0
3483.538	0.0	3483538	response	6	n/a	n/a	trigger	0
3485.065	0.5	3485065	trained	32740	27	memtrain/o_379_2.jpg	photodiode	1
3485.866	0.5	3485866	untrained	32702	65	memtrain/o_337_2.jpg	photodiode	1
3486.666	0.5	3486666	trained	32730	37	memtrain/o_597_1.jpg	photodiode	1
3487.417	0.5	3487417	trained	32736	31	memtrain/o_465_2.jpg	photodiode	1
3488.218	0.5	3488218	trained	32724	43	memtrain/so_043_2.jpg	photodiode	1
3489.118	0.5	3489118	catch	32671	n/a	catch_padded.jpg	photodiode	0
3489.429	0.0	3489429	response	6	n/a	n/a	trigger	0
3491.02	0.5	3491020	trained	32761	6	memtrain/o_076_1.jpg	photodiode	1
3491.971	0.5	3491971	trained	32767	0	memtrain/o_006_1.jpg	photodiode	1
3492.721	0.5	3492721	untrained	32678	89	memtrain/o_469_1.jpg	photodiode	1
3493.522	0.5	3493522	catch	32671	n/a	catch_padded.jpg	photodiode	0
3493.93	0.0	3493930	response	6	n/a	n/a	trigger	0
3495.524	0.5	3495524	trained	32720	47	memtrain/so_147_2.jpg	photodiode	1
3496.325	0.5	3496325	untrained	32686	81	memtrain/o_655_2.jpg	photodiode	1
3497.225	0.5	3497225	trained	32765	2	memtrain/o_035_1.jpg	photodiode	1
3498.076	0.5	3498076	trained	32731	36	memtrain/o_583_1.jpg	photodiode	1
3498.877	0.5	3498877	trained	32734	33	memtrain/o_536_1.jpg	photodiode	1
3499.627	0.5	3499627	catch	32671	n/a	catch_padded.jpg	photodiode	0
3499.971	0.0	3499971	response	6	n/a	n/a	trigger	0
3501.629	0.5	3501629	trained	32760	7	memtrain/o_091_2.jpg	photodiode	1
3502.58	0.5	3502580	untrained	32695	72	memtrain/o_490_1.jpg	photodiode	1
3503.531	0.5	3503531	untrained	32684	83	memtrain/so_105_1.jpg	photodiode	1
3504.481	0.5	3504481	trained	32732	35	memtrain/o_561_2.jpg	photodiode	1
3505.232	0.5	3505232	untrained	32690	77	memtrain/o_574_2.jpg	photodiode	1
3506.133	0.5	3506133	catch	32671	n/a	catch_padded.jpg	photodiode	0
3506.532	0.0	3506532	response	6	n/a	n/a	trigger	0
3508.076	0.5	3508076	untrained	32701	66	memtrain/o_342_2.jpg	photodiode	1
3508.927	0.5	3508927	untrained	32679	88	memtrain/o_458_1.jpg	photodiode	1
3509.677	0.5	3509677	untrained	32719	48	memtrain/o_019_2.jpg	photodiode	1
3510.528	0.5	3510528	untrained	32674	93	memtrain/so_035_1.jpg	photodiode	1
3511.279	0.5	3511279	untrained	32700	67	memtrain/o_378_1.jpg	photodiode	1
3512.129	0.5	3512129	catch	32671	n/a	catch_padded.jpg	photodiode	0
3512.396	0.0	3512396	response	6	n/a	n/a	trigger	0
3514.231	0.5	3514231	untrained	32710	57	memtrain/o_171_1.jpg	photodiode	1
3515.082	0.5	3515082	trained	32746	21	memtrain/o_319_1.jpg	photodiode	1
3515.832	0.5	3515832	trained	32757	10	memtrain/o_111_2.jpg	photodiode	1
3516.733	0.5	3516733	untrained	32687	80	memtrain/o_613_1.jpg	photodiode	1
3517.584	0.5	3517584	untrained	32675	92	memtrain/so_033_1.jpg	photodiode	1
3518.335	0.5	3518335	catch	32671	n/a	catch_padded.jpg	photodiode	0
3518.805	0.0	3518805	response	6	n/a	n/a	trigger	0
3520.236	0.5	3520236	untrained	32681	86	memtrain/o_288_1.jpg	photodiode	1
3521.087	0.5	3521087	trained	32749	18	memtrain/o_264_2.jpg	photodiode	1
3521.988	0.5	3521988	trained	32751	16	memtrain/o_199_2.jpg	photodiode	1
3522.788	0.5	3522788	catch	32671	n/a	catch_padded.jpg	photodiode	0
3523.236	0.0	3523236	response	6	n/a	n/a	trigger	0
3525.258	0.0	3525258	block_end	120	n/a	n/a	trigger	0
3529.443	0.0	3529443	response	6	n/a	n/a	trigger	0
3529.453	0.0	3529453	block_onset	113	n/a	n/a	trigger	0
3531.504	0.5	3531504	trained	32726	41	memtrain/o_663_2.jpg	photodiode	1
3532.413	0.5	3532413	trained	32735	32	memtrain/o_485_2.jpg	photodiode	1
3533.264	0.5	3533264	untrained	32700	67	memtrain/o_378_1.jpg	photodiode	1
3534.065	0.5	3534065	trained	32743	24	memtrain/o_357_1.jpg	photodiode	1
3534.965	0.5	3534965	catch	32671	n/a	catch_padded.jpg	photodiode	0
3535.296	0.0	3535296	response	6	n/a	n/a	trigger	0
3536.959	0.5	3536959	untrained	32681	86	memtrain/o_288_1.jpg	photodiode	1
3537.818	0.5	3537818	untrained	32704	63	memtrain/o_310_2.jpg	photodiode	1
3538.61	0.5	3538610	trained	32737	30	memtrain/o_437_2.jpg	photodiode	1
3539.361	0.5	3539361	catch	32671	n/a	catch_padded.jpg	photodiode	0
3539.767	0.0	3539767	response	6	n/a	n/a	trigger	0
3541.413	0.5	3541413	untrained	32719	48	memtrain/o_019_2.jpg	photodiode	1
3542.263	0.5	3542263	untrained	32698	69	memtrain/o_464_2.jpg	photodiode	1
3543.214	0.5	3543214	untrained	32701	66	memtrain/o_342_2.jpg	photodiode	1
3544.065	0.5	3544065	catch	32671	n/a	catch_padded.jpg	photodiode	0
3544.404	0.0	3544404	response	6	n/a	n/a	trigger	0
3546.167	0.5	3546167	trained	32767	0	memtrain/o_006_1.jpg	photodiode	1
3547.018	0.5	3547018	trained	32722	45	memtrain/so_090_2.jpg	photodiode	1
3547.918	0.5	3547918	trained	32721	46	memtrain/so_113_1.jpg	photodiode	1
3548.719	0.5	3548719	trained	32729	38	memtrain/o_603_1.jpg	photodiode	1
3549.52	0.5	3549520	trained	32727	40	memtrain/o_648_2.jpg	photodiode	1
3550.47	0.5	3550470	catch	32671	n/a	catch_padded.jpg	photodiode	0
3550.767	0.0	3550767	response	6	n/a	n/a	trigger	0
3552.472	0.5	3552472	trained	32744	23	memtrain/o_338_2.jpg	photodiode	1
3553.323	0.5	3553323	untrained	32684	83	memtrain/so_105_1.jpg	photodiode	1
3554.224	0.5	3554224	untrained	32705	62	memtrain/o_304_1.jpg	photodiode	1
3555.174	0.5	3555174	untrained	32685	82	memtrain/o_656_1.jpg	photodiode	1
3556.125	0.5	3556125	catch	32671	n/a	catch_padded.jpg	photodiode	0
3556.584	0.0	3556584	response	6	n/a	n/a	trigger	0
3558.227	0.5	3558227	trained	32746	21	memtrain/o_319_1.jpg	photodiode	1
3558.978	0.5	3558978	untrained	32692	75	memtrain/o_564_1.jpg	photodiode	1
3559.778	0.5	3559778	untrained	32680	87	memtrain/o_365_1.jpg	photodiode	1
3560.529	0.5	3560529	trained	32750	17	memtrain/o_232_1.jpg	photodiode	1
3561.48	0.5	3561480	trained	32733	34	memtrain/o_558_2.jpg	photodiode	1
3562.381	0.5	3562381	catch	32671	n/a	catch_padded.jpg	photodiode	0
3562.677	0.0	3562677	response	6	n/a	n/a	trigger	0
3564.282	0.5	3564282	untrained	32688	79	memtrain/o_600_1.jpg	photodiode	1
3565.224	0.5	3565224	untrained	32690	77	memtrain/o_574_2.jpg	photodiode	1
3566.175	0.5	3566175	trained	32766	1	memtrain/o_015_1.jpg	photodiode	1
3566.976	0.5	3566976	catch	32671	n/a	catch_padded.jpg	photodiode	0
3567.337	0.0	3567337	response	6	n/a	n/a	trigger	0
3568.877	0.5	3568877	untrained	32709	58	memtrain/o_192_1.jpg	photodiode	1
3569.678	0.5	3569678	untrained	32673	94	memtrain/so_067_1.jpg	photodiode	1
3570.579	0.5	3570579	untrained	32702	65	memtrain/o_337_2.jpg	photodiode	1
3571.48	0.5	3571480	trained	32754	13	memtrain/o_136_1.jpg	photodiode	1
3572.23	0.5	3572230	catch	32671	n/a	catch_padded.jpg	photodiode	0
3572.572	0.0	3572572	response	6	n/a	n/a	trigger	0
3574.332	0.5	3574332	untrained	32687	80	memtrain/o_613_1.jpg	photodiode	1
3575.133	0.5	3575133	untrained	32706	61	memtrain/o_298_2.jpg	photodiode	1
3576.033	0.5	3576033	trained	32759	8	memtrain/o_094_1.jpg	photodiode	1
3576.784	0.5	3576784	untrained	32675	92	memtrain/so_033_1.jpg	photodiode	1
3577.535	0.5	3577535	trained	32742	25	memtrain/o_358_2.jpg	photodiode	1
3578.285	0.5	3578285	catch	32671	n/a	catch_padded.jpg	photodiode	0
3578.629	0.0	3578629	response	6	n/a	n/a	trigger	0
3580.337	0.5	3580337	untrained	32674	93	memtrain/so_035_1.jpg	photodiode	1
3581.238	0.5	3581238	trained	32723	44	memtrain/so_045_1.jpg	photodiode	1
3582.039	0.5	3582039	trained	32725	42	memtrain/so_034_2.jpg	photodiode	1
3582.789	0.5	3582789	trained	32753	14	memtrain/o_174_1.jpg	photodiode	1
3583.59	0.5	3583590	trained	32749	18	memtrain/o_264_2.jpg	photodiode	1
3584.441	0.5	3584441	catch	32671	n/a	catch_padded.jpg	photodiode	0
3584.848	0.0	3584848	response	6	n/a	n/a	trigger	0
3586.542	0.5	3586542	trained	32732	35	memtrain/o_561_2.jpg	photodiode	1
3587.443	0.5	3587443	untrained	32676	91	memtrain/o_605_1.jpg	photodiode	1
3588.344	0.5	3588344	trained	32756	11	memtrain/o_117_2.jpg	photodiode	1
3589.295	0.5	3589295	catch	32671	n/a	catch_padded.jpg	photodiode	0
3589.795	0.0	3589795	response	6	n/a	n/a	trigger	0
3591.246	0.5	3591246	trained	32739	28	memtrain/o_397_1.jpg	photodiode	1
3592.097	0.5	3592097	untrained	32694	73	memtrain/o_519_2.jpg	photodiode	1
3592.898	0.5	3592898	trained	32760	7	memtrain/o_091_2.jpg	photodiode	1
3593.849	0.5	3593849	trained	32761	6	memtrain/o_076_1.jpg	photodiode	1
3594.691	0.5	3594691	trained	32728	39	memtrain/o_606_1.jpg	photodiode	1
3595.542	0.5	3595542	catch	32671	n/a	catch_padded.jpg	photodiode	0
3595.931	0.0	3595931	response	6	n/a	n/a	trigger	0
3597.444	0.5	3597444	trained	32734	33	memtrain/o_536_1.jpg	photodiode	1
3598.394	0.5	3598394	untrained	32682	85	memtrain/o_218_1.jpg	photodiode	1
3599.145	0.5	3599145	untrained	32697	70	memtrain/o_471_2.jpg	photodiode	1
3599.996	0.5	3599996	trained	32731	36	memtrain/o_583_1.jpg	photodiode	1
3600.746	0.5	3600746	untrained	32715	52	memtrain/o_141_1.jpg	photodiode	1
3601.547	0.5	3601547	catch	32671	n/a	catch_padded.jpg	photodiode	0
3601.911	0.0	3601911	response	6	n/a	n/a	trigger	0
3603.449	0.5	3603449	trained	32755	12	memtrain/o_127_2.jpg	photodiode	1
3604.199	0.5	3604199	trained	32765	2	memtrain/o_035_1.jpg	photodiode	1
3605.05	0.5	3605050	untrained	32689	78	memtrain/o_599_1.jpg	photodiode	1
3605.951	0.5	3605951	untrained	32716	51	memtrain/o_103_2.jpg	photodiode	1
3606.802	0.5	3606802	untrained	32683	84	memtrain/so_117_2.jpg	photodiode	1
3607.552	0.5	3607552	catch	32671	n/a	catch_padded.jpg	photodiode	0
3607.894	0.0	3607894	response	6	n/a	n/a	trigger	0
3609.504	0.5	3609504	trained	32763	4	memtrain/o_042_1.jpg	photodiode	1
3610.254	0.5	3610254	trained	32730	37	memtrain/o_597_1.jpg	photodiode	1
3611.155	0.5	3611155	untrained	32677	90	memtrain/o_580_1.jpg	photodiode	1
3611.906	0.5	3611906	catch	32671	n/a	catch_padded.jpg	photodiode	0
3612.3	0.0	3612300	response	6	n/a	n/a	trigger	0
3613.858	0.5	3613858	untrained	32678	89	memtrain/o_469_1.jpg	photodiode	1
3614.808	0.5	3614808	trained	32738	29	memtrain/o_416_1.jpg	photodiode	1
3615.659	0.5	3615659	trained	32752	15	memtrain/o_195_1.jpg	photodiode	1
3616.46	0.5	3616460	catch	32671	n/a	catch_padded.jpg	photodiode	0
3616.828	0.0	3616828	response	6	n/a	n/a	trigger	0
3618.361	0.5	3618361	trained	32747	20	memtrain/o_290_1.jpg	photodiode	1
3619.212	0.5	3619212	untrained	32672	95	memtrain/so_125_1.jpg	photodiode	1
3620.013	0.5	3620013	untrained	32703	64	memtrain/o_334_2.jpg	photodiode	1
3620.763	0.5	3620763	trained	32748	19	memtrain/o_284_2.jpg	photodiode	1
3621.714	0.5	3621714	catch	32671	n/a	catch_padded.jpg	photodiode	0
3622.048	0.0	3622048	response	6	n/a	n/a	trigger	0
3623.816	0.5	3623816	untrained	32699	68	memtrain/o_393_1.jpg	photodiode	1
3624.717	0.5	3624717	untrained	32710	57	memtrain/o_171_1.jpg	photodiode	1
3625.609	0.5	3625609	untrained	32696	71	memtrain/o_483_1.jpg	photodiode	1
3626.46	0.5	3626460	untrained	32707	60	memtrain/o_228_2.jpg	photodiode	1
3627.31	0.5	3627310	catch	32671	n/a	catch_padded.jpg	photodiode	0
3627.705	0.0	3627705	response	6	n/a	n/a	trigger	0
3629.212	0.5	3629212	untrained	32679	88	memtrain/o_458_1.jpg	photodiode	1
3630.063	0.5	3630063	untrained	32718	49	memtrain/o_054_2.jpg	photodiode	1
3630.863	0.5	3630863	untrained	32708	59	memtrain/o_201_2.jpg	photodiode	1
3631.814	0.5	3631814	untrained	32693	74	memtrain/o_550_1.jpg	photodiode	1
3632.615	0.5	3632615	catch	32671	n/a	catch_padded.jpg	photodiode	0
3632.953	0.0	3632953	response	6	n/a	n/a	trigger	0
3634.566	0.5	3634566	trained	32736	31	memtrain/o_465_2.jpg	photodiode	1
3635.467	0.5	3635467	untrained	32714	53	memtrain/o_142_2.jpg	photodiode	1
3636.418	0.5	3636418	trained	32720	47	memtrain/so_147_2.jpg	photodiode	1
3637.269	0.5	3637269	trained	32758	9	memtrain/o_101_2.jpg	photodiode	1
3638.219	0.5	3638219	catch	32671	n/a	catch_padded.jpg	photodiode	0
3638.541	0.0	3638541	response	6	n/a	n/a	trigger	0
3640.121	0.5	3640121	untrained	32712	55	memtrain/o_153_2.jpg	photodiode	1
3640.972	0.5	3640972	trained	32745	22	memtrain/o_321_1.jpg	photodiode	1
3641.773	0.5	3641773	untrained	32711	56	memtrain/o_163_2.jpg	photodiode	1
3642.573	0.5	3642573	catch	32671	n/a	catch_padded.jpg	photodiode	0
3642.922	0.0	3642922	response	6	n/a	n/a	trigger	0
3644.475	0.5	3644475	untrained	32691	76	memtrain/o_570_1.jpg	photodiode	1
3645.275	0.5	3645275	trained	32757	10	memtrain/o_111_2.jpg	photodiode	1
3646.176	0.5	3646176	trained	32764	3	memtrain/o_040_2.jpg	photodiode	1
3647.127	0.5	3647127	trained	32741	26	memtrain/o_376_1.jpg	photodiode	1
3648.078	0.5	3648078	trained	32724	43	memtrain/so_043_2.jpg	photodiode	1
3648.929	0.5	3648929	catch	32671	n/a	catch_padded.jpg	photodiode	0
3649.161	0.0	3649161	response	6	n/a	n/a	trigger	0
3650.88	0.5	3650880	trained	32740	27	memtrain/o_379_2.jpg	photodiode	1
3651.781	0.5	3651781	untrained	32695	72	memtrain/o_490_1.jpg	photodiode	1
3652.732	0.5	3652732	untrained	32713	54	memtrain/o_145_1.jpg	photodiode	1
3653.482	0.5	3653482	trained	32762	5	memtrain/o_067_1.jpg	photodiode	1
3654.425	0.5	3654425	untrained	32686	81	memtrain/o_655_2.jpg	photodiode	1
3655.276	0.5	3655276	catch	32671	n/a	catch_padded.jpg	photodiode	0
3655.618	0.0	3655618	response	6	n/a	n/a	trigger	0
3657.228	0.5	3657228	trained	32751	16	memtrain/o_199_2.jpg	photodiode	1
3658.178	0.5	3658178	untrained	32717	50	memtrain/o_057_2.jpg	photodiode	1
3658.979	0.5	3658979	untrained	32672	95	memtrain/so_125_1.jpg	photodiode	1
3659.78	0.5	3659780	trained	32748	19	memtrain/o_284_2.jpg	photodiode	1
3660.63	0.5	3660630	untrained	32693	74	memtrain/o_550_1.jpg	photodiode	1
3661.431	0.5	3661431	catch	32671	n/a	catch_padded.jpg	photodiode	0
3661.789	0.0	3661789	response	6	n/a	n/a	trigger	0
3663.333	0.5	3663333	untrained	32706	61	memtrain/o_298_2.jpg	photodiode	1
3664.184	0.5	3664184	trained	32737	30	memtrain/o_437_2.jpg	photodiode	1
3665.034	0.5	3665034	trained	32736	31	memtrain/o_465_2.jpg	photodiode	1
3665.935	0.5	3665935	catch	32671	n/a	catch_padded.jpg	photodiode	0
3666.349	0.0	3666349	response	6	n/a	n/a	trigger	0
3667.837	0.5	3667837	trained	32742	25	memtrain/o_358_2.jpg	photodiode	1
3668.637	0.5	3668637	trained	32758	9	memtrain/o_101_2.jpg	photodiode	1
3669.588	0.5	3669588	untrained	32678	89	memtrain/o_469_1.jpg	photodiode	1
3670.339	0.5	3670339	catch	32671	n/a	catch_padded.jpg	photodiode	0
3670.757	0.0	3670757	response	6	n/a	n/a	trigger	0
3672.29	0.5	3672290	untrained	32704	63	memtrain/o_310_2.jpg	photodiode	1
3673.141	0.5	3673141	trained	32738	29	memtrain/o_416_1.jpg	photodiode	1
3674.092	0.5	3674092	untrained	32675	92	memtrain/so_033_1.jpg	photodiode	1
3675.043	0.5	3675043	catch	32671	n/a	catch_padded.jpg	photodiode	0
3675.45	0.0	3675450	response	6	n/a	n/a	trigger	0
3677.145	0.5	3677145	untrained	32699	68	memtrain/o_393_1.jpg	photodiode	1
3677.895	0.5	3677895	trained	32760	7	memtrain/o_091_2.jpg	photodiode	1
3678.846	0.5	3678846	trained	32755	12	memtrain/o_127_2.jpg	photodiode	1
3679.597	0.5	3679597	untrained	32705	62	memtrain/o_304_1.jpg	photodiode	1
3680.389	0.5	3680389	catch	32671	n/a	catch_padded.jpg	photodiode	0
3680.728	0.0	3680728	response	6	n/a	n/a	trigger	0
3682.399	0.5	3682399	untrained	32680	87	memtrain/o_365_1.jpg	photodiode	1
3683.3	0.5	3683300	trained	32762	5	memtrain/o_067_1.jpg	photodiode	1
3684.092	0.5	3684092	trained	32756	11	memtrain/o_117_2.jpg	photodiode	1
3685.043	0.5	3685043	untrained	32711	56	memtrain/o_163_2.jpg	photodiode	1
3685.893	0.5	3685893	untrained	32713	54	memtrain/o_145_1.jpg	photodiode	1
3686.694	0.5	3686694	catch	32671	n/a	catch_padded.jpg	photodiode	0
3687.027	0.0	3687027	response	6	n/a	n/a	trigger	0
3688.696	0.5	3688696	trained	32731	36	memtrain/o_583_1.jpg	photodiode	1
3689.646	0.5	3689646	untrained	32685	82	memtrain/o_656_1.jpg	photodiode	1
3690.456	0.5	3690456	trained	32722	45	memtrain/so_090_2.jpg	photodiode	1
3691.348	0.5	3691348	untrained	32692	75	memtrain/o_564_1.jpg	photodiode	1
3692.249	0.5	3692249	untrained	32689	78	memtrain/o_599_1.jpg	photodiode	1
3692.999	0.5	3692999	catch	32671	n/a	catch_padded.jpg	photodiode	0
3693.328	0.0	3693328	response	6	n/a	n/a	trigger	0
3695.051	0.5	3695051	untrained	32674	93	memtrain/so_035_1.jpg	photodiode	1
3695.852	0.5	3695852	trained	32725	42	memtrain/so_034_2.jpg	photodiode	1
3696.702	0.5	3696702	untrained	32719	48	memtrain/o_019_2.jpg	photodiode	1
3697.553	0.5	3697553	trained	32747	20	memtrain/o_290_1.jpg	photodiode	1
3698.404	0.5	3698404	catch	32671	n/a	catch_padded.jpg	photodiode	0
3698.77	0.0	3698770	response	6	n/a	n/a	trigger	0
3700.456	0.5	3700456	trained	32754	13	memtrain/o_136_1.jpg	photodiode	1
3701.256	0.5	3701256	trained	32751	16	memtrain/o_199_2.jpg	photodiode	1
3702.107	0.5	3702107	trained	32744	23	memtrain/o_338_2.jpg	photodiode	1
3702.958	0.5	3702958	untrained	32718	49	memtrain/o_054_2.jpg	photodiode	1
3703.858	0.5	3703858	catch	32671	n/a	catch_padded.jpg	photodiode	0
3704.217	0.0	3704217	response	6	n/a	n/a	trigger	0
3705.91	0.5	3705910	trained	32766	1	memtrain/o_015_1.jpg	photodiode	1
3706.661	0.5	3706661	untrained	32700	67	memtrain/o_378_1.jpg	photodiode	1
3707.562	0.5	3707562	trained	32729	38	memtrain/o_603_1.jpg	photodiode	1
3708.362	0.5	3708362	untrained	32682	85	memtrain/o_218_1.jpg	photodiode	1
3709.313	0.5	3709313	trained	32735	32	memtrain/o_485_2.jpg	photodiode	1
3710.064	0.5	3710064	catch	32671	n/a	catch_padded.jpg	photodiode	0
3710.392	0.0	3710392	response	6	n/a	n/a	trigger	0
3712.166	0.5	3712166	untrained	32676	91	memtrain/o_605_1.jpg	photodiode	1
3713.108	0.5	3713108	trained	32765	2	memtrain/o_035_1.jpg	photodiode	1
3713.859	0.5	3713859	untrained	32714	53	memtrain/o_142_2.jpg	photodiode	1
3714.71	0.5	3714710	untrained	32712	55	memtrain/o_153_2.jpg	photodiode	1
3715.51	0.5	3715510	untrained	32688	79	memtrain/o_600_1.jpg	photodiode	1
3716.311	0.5	3716311	catch	32671	n/a	catch_padded.jpg	photodiode	0
3716.654	0.0	3716654	response	6	n/a	n/a	trigger	0
3718.363	0.5	3718363	untrained	32686	81	memtrain/o_655_2.jpg	photodiode	1
3719.213	0.5	3719213	untrained	32703	64	memtrain/o_334_2.jpg	photodiode	1
3720.014	0.5	3720014	untrained	32697	70	memtrain/o_471_2.jpg	photodiode	1
3720.865	0.5	3720865	trained	32753	14	memtrain/o_174_1.jpg	photodiode	1
3721.616	0.5	3721616	catch	32671	n/a	catch_padded.jpg	photodiode	0
3721.982	0.0	3721982	response	6	n/a	n/a	trigger	0
3723.517	0.5	3723517	untrained	32679	88	memtrain/o_458_1.jpg	photodiode	1
3724.368	0.5	3724368	trained	32763	4	memtrain/o_042_1.jpg	photodiode	1
3725.119	0.5	3725119	trained	32745	22	memtrain/o_321_1.jpg	photodiode	1
3725.969	0.5	3725969	catch	32671	n/a	catch_padded.jpg	photodiode	0
3726.35	0.0	3726350	response	6	n/a	n/a	trigger	0
3727.871	0.5	3727871	untrained	32694	73	memtrain/o_519_2.jpg	photodiode	1
3728.672	0.5	3728672	trained	32723	44	memtrain/so_045_1.jpg	photodiode	1
3729.572	0.5	3729572	untrained	32709	58	memtrain/o_192_1.jpg	photodiode	1
3730.323	0.5	3730323	untrained	32715	52	memtrain/o_141_1.jpg	photodiode	1
3731.274	0.5	3731274	catch	32671	n/a	catch_padded.jpg	photodiode	0
3731.613	0.0	3731613	response	6	n/a	n/a	trigger	0
3733.275	0.5	3733275	trained	32743	24	memtrain/o_357_1.jpg	photodiode	1
3734.176	0.5	3734176	untrained	32681	86	memtrain/o_288_1.jpg	photodiode	1
3735.127	0.5	3735127	trained	32734	33	memtrain/o_536_1.jpg	photodiode	1
3736.028	0.5	3736028	catch	32671	n/a	catch_padded.jpg	photodiode	0
3736.432	0.0	3736432	response	6	n/a	n/a	trigger	0
3738.13	0.5	3738130	untrained	32717	50	memtrain/o_057_2.jpg	photodiode	1
3738.88	0.5	3738880	untrained	32707	60	memtrain/o_228_2.jpg	photodiode	1
3739.781	0.5	3739781	trained	32752	15	memtrain/o_195_1.jpg	photodiode	1
3740.682	0.5	3740682	trained	32733	34	memtrain/o_558_2.jpg	photodiode	1
3741.482	0.5	3741482	catch	32671	n/a	catch_padded.jpg	photodiode	0
3741.788	0.0	3741788	response	6	n/a	n/a	trigger	0
3743.584	0.5	3743584	untrained	32687	80	memtrain/o_613_1.jpg	photodiode	1
3744.526	0.5	3744526	untrained	32698	69	memtrain/o_464_2.jpg	photodiode	1
3745.477	0.5	3745477	trained	32764	3	memtrain/o_040_2.jpg	photodiode	1
3746.378	0.5	3746378	trained	32724	43	memtrain/so_043_2.jpg	photodiode	1
3747.329	0.5	3747329	trained	32761	6	memtrain/o_076_1.jpg	photodiode	1
3748.288	0.5	3748288	catch	32671	n/a	catch_padded.jpg	photodiode	0
3748.596	0.0	3748596	response	6	n/a	n/a	trigger	0
3750.331	0.5	3750331	trained	32728	39	memtrain/o_606_1.jpg	photodiode	1
3751.182	0.5	3751182	untrained	32695	72	memtrain/o_490_1.jpg	photodiode	1
3752.133	0.5	3752133	trained	32750	17	memtrain/o_232_1.jpg	photodiode	1
3752.983	0.5	3752983	trained	32730	37	memtrain/o_597_1.jpg	photodiode	1
3753.884	0.5	3753884	catch	32671	n/a	catch_padded.jpg	photodiode	0
3754.277	0.0	3754277	response	6	n/a	n/a	trigger	0
3755.936	0.5	3755936	untrained	32677	90	memtrain/o_580_1.jpg	photodiode	1
3756.787	0.5	3756787	trained	32721	46	memtrain/so_113_1.jpg	photodiode	1
3757.687	0.5	3757687	trained	32727	40	memtrain/o_648_2.jpg	photodiode	1
3758.588	0.5	3758588	catch	32671	n/a	catch_padded.jpg	photodiode	0
3758.959	0.0	3758959	response	6	n/a	n/a	trigger	0
3760.64	0.5	3760640	untrained	32691	76	memtrain/o_570_1.jpg	photodiode	1
3761.391	0.5	3761391	trained	32759	8	memtrain/o_094_1.jpg	photodiode	1
3762.291	0.5	3762291	trained	32726	41	memtrain/o_663_2.jpg	photodiode	1
3763.042	0.5	3763042	trained	32746	21	memtrain/o_319_1.jpg	photodiode	1
3763.943	0.5	3763943	untrained	32673	94	memtrain/so_067_1.jpg	photodiode	1
3764.693	0.5	3764693	catch	32671	n/a	catch_padded.jpg	photodiode	0
3765.063	0.0	3765063	response	6	n/a	n/a	trigger	0
3766.645	0.5	3766645	trained	32749	18	memtrain/o_264_2.jpg	photodiode	1
3767.496	0.5	3767496	untrained	32683	84	memtrain/so_117_2.jpg	photodiode	1
3768.397	0.5	3768397	untrained	32708	59	memtrain/o_201_2.jpg	photodiode	1
3769.147	0.5	3769147	catch	32671	n/a	catch_padded.jpg	photodiode	0
3769.511	0.0	3769511	response	6	n/a	n/a	trigger	0
3771.249	0.5	3771249	trained	32757	10	memtrain/o_111_2.jpg	photodiode	1
3771.992	0.5	3771992	trained	32767	0	memtrain/o_006_1.jpg	photodiode	1
3772.742	0.5	3772742	untrained	32690	77	memtrain/o_574_2.jpg	photodiode	1
3773.693	0.5	3773693	catch	32671	n/a	catch_padded.jpg	photodiode	0
3774.087	0.0	3774087	response	6	n/a	n/a	trigger	0
3775.645	0.5	3775645	trained	32741	26	memtrain/o_376_1.jpg	photodiode	1
3776.595	0.5	3776595	untrained	32710	57	memtrain/o_171_1.jpg	photodiode	1
3777.396	0.5	3777396	trained	32720	47	memtrain/so_147_2.jpg	photodiode	1
3778.247	0.5	3778247	catch	32671	n/a	catch_padded.jpg	photodiode	0
3778.616	0.0	3778616	response	6	n/a	n/a	trigger	0
3780.199	0.5	3780199	untrained	32684	83	memtrain/so_105_1.jpg	photodiode	1
3780.949	0.5	3780949	untrained	32701	66	memtrain/o_342_2.jpg	photodiode	1
3781.85	0.5	3781850	untrained	32716	51	memtrain/o_103_2.jpg	photodiode	1
3782.701	0.5	3782701	untrained	32702	65	memtrain/o_337_2.jpg	photodiode	1
3783.451	0.5	3783451	catch	32671	n/a	catch_padded.jpg	photodiode	0
3783.806	0.0	3783806	response	6	n/a	n/a	trigger	0
3785.353	0.5	3785353	untrained	32696	71	memtrain/o_483_1.jpg	photodiode	1
3786.154	0.5	3786154	trained	32740	27	memtrain/o_379_2.jpg	photodiode	1
3787.054	0.5	3787054	trained	32739	28	memtrain/o_397_1.jpg	photodiode	1
3788.005	0.5	3788005	trained	32732	35	memtrain/o_561_2.jpg	photodiode	1
3788.806	0.5	3788806	catch	32671	n/a	catch_padded.jpg	photodiode	0
3789.189	0.0	3789189	response	6	n/a	n/a	trigger	0
3791.276	0.0	3791276	block_end	120	n/a	n/a	trigger	0
3800.056	0.0	3800056	response	6	n/a	n/a	trigger	0
3800.066	0.0	3800066	block_onset	114	n/a	n/a	trigger	0
3802.125	0.5	3802125	trained	32765	2	memtrain/o_035_1.jpg	photodiode	1
3803.026	0.5	3803026	untrained	32676	91	memtrain/o_605_1.jpg	photodiode	1
3803.777	0.5	3803777	untrained	32707	60	memtrain/o_228_2.jpg	photodiode	1
3804.527	0.5	3804527	untrained	32715	52	memtrain/o_141_1.jpg	photodiode	1
3805.478	0.5	3805478	catch	32671	n/a	catch_padded.jpg	photodiode	0
3805.803	0.0	3805803	response	6	n/a	n/a	trigger	0
3807.48	0.5	3807480	untrained	32674	93	memtrain/so_035_1.jpg	photodiode	1
3808.422	0.5	3808422	untrained	32710	57	memtrain/o_171_1.jpg	photodiode	1
3809.381	0.5	3809381	trained	32741	26	memtrain/o_376_1.jpg	photodiode	1
3810.124	0.5	3810124	untrained	32718	49	memtrain/o_054_2.jpg	photodiode	1
3810.925	0.5	3810925	trained	32737	30	memtrain/o_437_2.jpg	photodiode	1
3811.775	0.5	3811775	catch	32671	n/a	catch_padded.jpg	photodiode	0
3812.114	0.0	3812114	response	6	n/a	n/a	trigger	0
3813.827	0.5	3813827	trained	32744	23	memtrain/o_338_2.jpg	photodiode	1
3814.728	0.5	3814728	trained	32761	6	memtrain/o_076_1.jpg	photodiode	1
3815.579	0.5	3815579	trained	32752	15	memtrain/o_195_1.jpg	photodiode	1
3816.379	0.5	3816379	untrained	32704	63	memtrain/o_310_2.jpg	photodiode	1
3817.23	0.5	3817230	catch	32671	n/a	catch_padded.jpg	photodiode	0
3817.558	0.0	3817558	response	6	n/a	n/a	trigger	0
3819.232	0.5	3819232	untrained	32713	54	memtrain/o_145_1.jpg	photodiode	1
3820.032	0.5	3820032	untrained	32695	72	memtrain/o_490_1.jpg	photodiode	1
3820.933	0.5	3820933	trained	32735	32	memtrain/o_485_2.jpg	photodiode	1
3821.784	0.5	3821784	catch	32671	n/a	catch_padded.jpg	photodiode	0
3822.155	0.0	3822155	response	6	n/a	n/a	trigger	0
3823.886	0.5	3823886	trained	32730	37	memtrain/o_597_1.jpg	photodiode	1
3824.736	0.5	3824736	untrained	32680	87	memtrain/o_365_1.jpg	photodiode	1
3825.687	0.5	3825687	untrained	32700	67	memtrain/o_378_1.jpg	photodiode	1
3826.638	0.5	3826638	catch	32671	n/a	catch_padded.jpg	photodiode	0
3827.01	0.0	3827010	response	6	n/a	n/a	trigger	0
3828.64	0.5	3828640	untrained	32716	51	memtrain/o_103_2.jpg	photodiode	1
3829.59	0.5	3829590	trained	32739	28	memtrain/o_397_1.jpg	photodiode	1
3830.541	0.5	3830541	untrained	32703	64	memtrain/o_334_2.jpg	photodiode	1
3831.492	0.5	3831492	untrained	32685	82	memtrain/o_656_1.jpg	photodiode	1
3832.293	0.5	3832293	catch	32671	n/a	catch_padded.jpg	photodiode	0
3832.63	0.0	3832630	response	6	n/a	n/a	trigger	0
3834.194	0.5	3834194	untrained	32701	66	memtrain/o_342_2.jpg	photodiode	1
3835.095	0.5	3835095	trained	32753	14	memtrain/o_174_1.jpg	photodiode	1
3835.946	0.5	3835946	untrained	32690	77	memtrain/o_574_2.jpg	photodiode	1
3836.688	0.5	3836688	catch	32671	n/a	catch_padded.jpg	photodiode	0
3837.095	0.0	3837095	response	6	n/a	n/a	trigger	0
3838.79	0.5	3838790	untrained	32697	70	memtrain/o_471_2.jpg	photodiode	1
3839.74	0.5	3839740	trained	32758	9	memtrain/o_101_2.jpg	photodiode	1
3840.641	0.5	3840641	untrained	32682	85	memtrain/o_218_1.jpg	photodiode	1
3841.392	0.5	3841392	untrained	32677	90	memtrain/o_580_1.jpg	photodiode	1
3842.293	0.5	3842293	trained	32742	25	memtrain/o_358_2.jpg	photodiode	1
3843.043	0.5	3843043	catch	32671	n/a	catch_padded.jpg	photodiode	0
3843.405	0.0	3843405	response	6	n/a	n/a	trigger	0
3845.095	0.5	3845095	trained	32766	1	memtrain/o_015_1.jpg	photodiode	1
3845.896	0.5	3845896	trained	32748	19	memtrain/o_284_2.jpg	photodiode	1
3846.796	0.5	3846796	trained	32754	13	memtrain/o_136_1.jpg	photodiode	1
3847.756	0.5	3847756	catch	32671	n/a	catch_padded.jpg	photodiode	0
3848.142	0.0	3848142	response	6	n/a	n/a	trigger	0
3849.699	0.5	3849699	untrained	32694	73	memtrain/o_519_2.jpg	photodiode	1
3850.449	0.5	3850449	untrained	32717	50	memtrain/o_057_2.jpg	photodiode	1
3851.3	0.5	3851300	trained	32760	7	memtrain/o_091_2.jpg	photodiode	1
3852.201	0.5	3852201	untrained	32712	55	memtrain/o_153_2.jpg	photodiode	1
3853.002	0.5	3853002	untrained	32698	69	memtrain/o_464_2.jpg	photodiode	1
3853.802	0.5	3853802	catch	32671	n/a	catch_padded.jpg	photodiode	0
3854.118	0.0	3854118	response	6	n/a	n/a	trigger	0
3855.754	0.5	3855754	untrained	32683	84	memtrain/so_117_2.jpg	photodiode	1
3856.655	0.5	3856655	trained	32724	43	memtrain/so_043_2.jpg	photodiode	1
3857.455	0.5	3857455	untrained	32675	92	memtrain/so_033_1.jpg	photodiode	1
3858.306	0.5	3858306	untrained	32672	95	memtrain/so_125_1.jpg	photodiode	1
3859.057	0.5	3859057	trained	32722	45	memtrain/so_090_2.jpg	photodiode	1
3860.008	0.5	3860008	catch	32671	n/a	catch_padded.jpg	photodiode	0
3860.298	0.0	3860298	response	6	n/a	n/a	trigger	0
3862.059	0.5	3862059	trained	32729	38	memtrain/o_603_1.jpg	photodiode	1
3862.91	0.5	3862910	untrained	32714	53	memtrain/o_142_2.jpg	photodiode	1
3863.861	0.5	3863861	untrained	32693	74	memtrain/o_550_1.jpg	photodiode	1
3864.712	0.5	3864712	trained	32720	47	memtrain/so_147_2.jpg	photodiode	1
3865.462	0.5	3865462	untrained	32692	75	memtrain/o_564_1.jpg	photodiode	1
3866.205	0.5	3866205	catch	32671	n/a	catch_padded.jpg	photodiode	0
3866.557	0.0	3866557	response	6	n/a	n/a	trigger	0
3868.164	0.5	3868164	trained	32757	10	memtrain/o_111_2.jpg	photodiode	1
3868.907	0.5	3868907	untrained	32684	83	memtrain/so_105_1.jpg	photodiode	1
3869.708	0.5	3869708	untrained	32687	80	memtrain/o_613_1.jpg	photodiode	1
3870.609	0.5	3870609	trained	32732	35	memtrain/o_561_2.jpg	photodiode	1
3871.509	0.5	3871509	catch	32671	n/a	catch_padded.jpg	photodiode	0
3871.884	0.0	3871884	response	6	n/a	n/a	trigger	0
3873.511	0.5	3873511	trained	32746	21	memtrain/o_319_1.jpg	photodiode	1
3874.312	0.5	3874312	trained	32733	34	memtrain/o_558_2.jpg	photodiode	1
3875.162	0.5	3875162	untrained	32681	86	memtrain/o_288_1.jpg	photodiode	1
3875.913	0.5	3875913	untrained	32691	76	memtrain/o_570_1.jpg	photodiode	1
3876.664	0.5	3876664	catch	32671	n/a	catch_padded.jpg	photodiode	0
3876.995	0.0	3876995	response	6	n/a	n/a	trigger	0
3878.565	0.5	3878565	trained	32728	39	memtrain/o_606_1.jpg	photodiode	1
3879.466	0.5	3879466	trained	32725	42	memtrain/so_034_2.jpg	photodiode	1
3880.417	0.5	3880417	trained	32756	11	memtrain/o_117_2.jpg	photodiode	1
3881.268	0.5	3881268	catch	32671	n/a	catch_padded.jpg	photodiode	0
3881.648	0.0	3881648	response	6	n/a	n/a	trigger	0
3883.369	0.5	3883369	trained	32731	36	memtrain/o_583_1.jpg	photodiode	1
3884.32	0.5	3884320	untrained	32679	88	memtrain/o_458_1.jpg	photodiode	1
3885.221	0.5	3885221	trained	32750	17	memtrain/o_232_1.jpg	photodiode	1
3886.172	0.5	3886172	trained	32759	8	memtrain/o_094_1.jpg	photodiode	1
3887.123	0.5	3887123	catch	32671	n/a	catch_padded.jpg	photodiode	0
3887.476	0.0	3887476	response	6	n/a	n/a	trigger	0
3889.224	0.5	3889224	untrained	32686	81	memtrain/o_655_2.jpg	photodiode	1
3890.175	0.5	3890175	trained	32740	27	memtrain/o_379_2.jpg	photodiode	1
3890.926	0.5	3890926	untrained	32689	78	memtrain/o_599_1.jpg	photodiode	1
3891.676	0.5	3891676	trained	32736	31	memtrain/o_465_2.jpg	photodiode	1
3892.427	0.5	3892427	untrained	32673	94	memtrain/so_067_1.jpg	photodiode	1
3893.278	0.5	3893278	catch	32671	n/a	catch_padded.jpg	photodiode	0
3893.623	0.0	3893623	response	6	n/a	n/a	trigger	0
3895.371	0.5	3895371	trained	32747	20	memtrain/o_290_1.jpg	photodiode	1
3896.172	0.5	3896172	trained	32762	5	memtrain/o_067_1.jpg	photodiode	1
3896.972	0.5	3896972	trained	32721	46	memtrain/so_113_1.jpg	photodiode	1
3897.873	0.5	3897873	trained	32743	24	memtrain/o_357_1.jpg	photodiode	1
3898.824	0.5	3898824	untrained	32709	58	memtrain/o_192_1.jpg	photodiode	1
3899.574	0.5	3899574	catch	32671	n/a	catch_padded.jpg	photodiode	0
3899.894	0.0	3899894	response	6	n/a	n/a	trigger	0
3901.476	0.5	3901476	trained	32745	22	memtrain/o_321_1.jpg	photodiode	1
3902.327	0.5	3902327	untrained	32719	48	memtrain/o_019_2.jpg	photodiode	1
3903.278	0.5	3903278	trained	32734	33	memtrain/o_536_1.jpg	photodiode	1
3904.028	0.5	3904028	untrained	32702	65	memtrain/o_337_2.jpg	photodiode	1
3904.879	0.5	3904879	catch	32671	n/a	catch_padded.jpg	photodiode	0
3905.173	0.0	3905173	response	6	n/a	n/a	trigger	0
3906.781	0.5	3906781	trained	32767	0	memtrain/o_006_1.jpg	photodiode	1
3907.531	0.5	3907531	trained	32726	41	memtrain/o_663_2.jpg	photodiode	1
3908.332	0.5	3908332	untrained	32678	89	memtrain/o_469_1.jpg	photodiode	1
3909.233	0.5	3909233	untrained	32699	68	memtrain/o_393_1.jpg	photodiode	1
3910.083	0.5	3910083	trained	32738	29	memtrain/o_416_1.jpg	photodiode	1
3910.934	0.5	3910934	catch	32671	n/a	catch_padded.jpg	photodiode	0
3911.228	0.0	3911228	response	6	n/a	n/a	trigger	0
3912.936	0.5	3912936	trained	32727	40	memtrain/o_648_2.jpg	photodiode	1
3913.736	0.5	3913736	trained	32755	12	memtrain/o_127_2.jpg	photodiode	1
3914.537	0.5	3914537	untrained	32696	71	memtrain/o_483_1.jpg	photodiode	1
3915.388	0.5	3915388	catch	32671	n/a	catch_padded.jpg	photodiode	0
3915.762	0.0	3915762	response	6	n/a	n/a	trigger	0
3917.44	0.5	3917440	trained	32764	3	memtrain/o_040_2.jpg	photodiode	1
3918.34	0.5	3918340	untrained	32711	56	memtrain/o_163_2.jpg	photodiode	1
3919.291	0.5	3919291	untrained	32688	79	memtrain/o_600_1.jpg	photodiode	1
3920.092	0.5	3920092	trained	32749	18	memtrain/o_264_2.jpg	photodiode	1
3921.043	0.5	3921043	catch	32671	n/a	catch_padded.jpg	photodiode	0
3921.43	0.0	3921430	response	6	n/a	n/a	trigger	0
3923.044	0.5	3923044	untrained	32706	61	memtrain/o_298_2.jpg	photodiode	1
3923.987	0.5	3923987	trained	32763	4	memtrain/o_042_1.jpg	photodiode	1
3924.938	0.5	3924938	untrained	32705	62	memtrain/o_304_1.jpg	photodiode	1
3925.789	0.5	3925789	untrained	32708	59	memtrain/o_201_2.jpg	photodiode	1
3926.589	0.5	3926589	catch	32671	n/a	catch_padded.jpg	photodiode	0
3926.975	0.0	3926975	response	6	n/a	n/a	trigger	0
3928.541	0.5	3928541	trained	32751	16	memtrain/o_199_2.jpg	photodiode	1
3929.442	0.5	3929442	trained	32723	44	memtrain/so_045_1.jpg	photodiode	1
3930.351	0.5	3930351	untrained	32716	51	memtrain/o_103_2.jpg	photodiode	1
3931.243	0.5	3931243	trained	32735	32	memtrain/o_485_2.jpg	photodiode	1
3932.094	0.5	3932094	trained	32729	38	memtrain/o_603_1.jpg	photodiode	1
3933.045	0.5	3933045	catch	32671	n/a	catch_padded.jpg	photodiode	0
3933.35	0.0	3933350	response	6	n/a	n/a	trigger	0
3934.946	0.5	3934946	trained	32757	10	memtrain/o_111_2.jpg	photodiode	1
3935.897	0.5	3935897	untrained	32688	79	memtrain/o_600_1.jpg	photodiode	1
3936.698	0.5	3936698	untrained	32697	70	memtrain/o_471_2.jpg	photodiode	1
3937.499	0.5	3937499	catch	32671	n/a	catch_padded.jpg	photodiode	0
3937.932	0.0	3937932	response	6	n/a	n/a	trigger	0
3939.6	0.5	3939600	untrained	32703	64	memtrain/o_334_2.jpg	photodiode	1
3940.401	0.5	3940401	trained	32739	28	memtrain/o_397_1.jpg	photodiode	1
3941.302	0.5	3941302	untrained	32681	86	memtrain/o_288_1.jpg	photodiode	1
3942.153	0.5	3942153	catch	32671	n/a	catch_padded.jpg	photodiode	0
3942.561	0.0	3942561	response	6	n/a	n/a	trigger	0
3944.204	0.5	3944204	untrained	32679	88	memtrain/o_458_1.jpg	photodiode	1
3945.005	0.5	3945005	trained	32744	23	memtrain/o_338_2.jpg	photodiode	1
3945.856	0.5	3945856	trained	32753	14	memtrain/o_174_1.jpg	photodiode	1
3946.756	0.5	3946756	catch	32671	n/a	catch_padded.jpg	photodiode	0
3947.149	0.0	3947149	response	6	n/a	n/a	trigger	0
3948.758	0.5	3948758	untrained	32675	92	memtrain/so_033_1.jpg	photodiode	1
3949.709	0.5	3949709	trained	32761	6	memtrain/o_076_1.jpg	photodiode	1
3950.56	0.5	3950560	untrained	32690	77	memtrain/o_574_2.jpg	photodiode	1
3951.41	0.5	3951410	untrained	32705	62	memtrain/o_304_1.jpg	photodiode	1
3952.211	0.5	3952211	untrained	32683	84	memtrain/so_117_2.jpg	photodiode	1
3952.962	0.5	3952962	catch	32671	n/a	catch_padded.jpg	photodiode	0
3953.299	0.0	3953299	response	6	n/a	n/a	trigger	0
3955.055	0.5	3955055	untrained	32676	91	memtrain/o_605_1.jpg	photodiode	1
3955.855	0.5	3955855	untrained	32682	85	memtrain/o_218_1.jpg	photodiode	1
3956.806	0.5	3956806	untrained	32695	72	memtrain/o_490_1.jpg	photodiode	1
3957.657	0.5	3957657	untrained	32702	65	memtrain/o_337_2.jpg	photodiode	1
3958.508	0.5	3958508	catch	32671	n/a	catch_padded.jpg	photodiode	0
3958.854	0.0	3958854	response	6	n/a	n/a	trigger	0
3960.509	0.5	3960509	trained	32726	41	memtrain/o_663_2.jpg	photodiode	1
3961.31	0.5	3961310	trained	32731	36	memtrain/o_583_1.jpg	photodiode	1
3962.211	0.5	3962211	trained	32747	20	memtrain/o_290_1.jpg	photodiode	1
3962.97	0.5	3962970	untrained	32684	83	memtrain/so_105_1.jpg	photodiode	1
3963.712	0.5	3963712	trained	32724	43	memtrain/so_043_2.jpg	photodiode	1
3964.613	0.5	3964613	catch	32671	n/a	catch_padded.jpg	photodiode	0
3964.981	0.0	3964981	response	6	n/a	n/a	trigger	0
3966.615	0.5	3966615	untrained	32714	53	memtrain/o_142_2.jpg	photodiode	1
3967.565	0.5	3967565	untrained	32699	68	memtrain/o_393_1.jpg	photodiode	1
3968.316	0.5	3968316	untrained	32686	81	memtrain/o_655_2.jpg	photodiode	1
3969.217	0.5	3969217	trained	32748	19	memtrain/o_284_2.jpg	photodiode	1
3969.967	0.5	3969967	untrained	32692	75	memtrain/o_564_1.jpg	photodiode	1
3970.768	0.5	3970768	catch	32671	n/a	catch_padded.jpg	photodiode	0
3971.096	0.0	3971096	response	6	n/a	n/a	trigger	0
3972.77	0.5	3972770	trained	32749	18	memtrain/o_264_2.jpg	photodiode	1
3973.721	0.5	3973721	trained	32721	46	memtrain/so_113_1.jpg	photodiode	1
3974.471	0.5	3974471	trained	32762	5	memtrain/o_067_1.jpg	photodiode	1
3975.222	0.5	3975222	untrained	32711	56	memtrain/o_163_2.jpg	photodiode	1
3976.123	0.5	3976123	catch	32671	n/a	catch_padded.jpg	photodiode	0
3976.545	0.0	3976545	response	6	n/a	n/a	trigger	0
3978.224	0.5	3978224	trained	32740	27	memtrain/o_379_2.jpg	photodiode	1
3978.975	0.5	3978975	trained	32722	45	memtrain/so_090_2.jpg	photodiode	1
3979.726	0.5	3979726	untrained	32707	60	memtrain/o_228_2.jpg	photodiode	1
3980.677	0.5	3980677	catch	32671	n/a	catch_padded.jpg	photodiode	0
3981.174	0.0	3981174	response	6	n/a	n/a	trigger	0
3982.678	0.5	3982678	trained	32760	7	memtrain/o_091_2.jpg	photodiode	1
3983.521	0.5	3983521	trained	32736	31	memtrain/o_465_2.jpg	photodiode	1
3984.372	0.5	3984372	trained	32738	29	memtrain/o_416_1.jpg	photodiode	1
3985.172	0.5	3985172	catch	32671	n/a	catch_padded.jpg	photodiode	0
3985.572	0.0	3985572	response	6	n/a	n/a	trigger	0
3987.224	0.5	3987224	trained	32734	33	memtrain/o_536_1.jpg	photodiode	1
3987.975	0.5	3987975	trained	32752	15	memtrain/o_195_1.jpg	photodiode	1
3988.926	0.5	3988926	trained	32741	26	memtrain/o_376_1.jpg	photodiode	1
3989.776	0.5	3989776	untrained	32701	66	memtrain/o_342_2.jpg	photodiode	1
3990.577	0.5	3990577	untrained	32708	59	memtrain/o_201_2.jpg	photodiode	1
3991.428	0.5	3991428	catch	32671	n/a	catch_padded.jpg	photodiode	0
3991.844	0.0	3991844	response	6	n/a	n/a	trigger	0
3993.379	0.5	3993379	trained	32742	25	memtrain/o_358_2.jpg	photodiode	1
3994.13	0.5	3994130	trained	32763	4	memtrain/o_042_1.jpg	photodiode	1
3994.931	0.5	3994931	untrained	32713	54	memtrain/o_145_1.jpg	photodiode	1
3995.731	0.5	3995731	catch	32671	n/a	catch_padded.jpg	photodiode	0
3996.171	0.0	3996171	response	6	n/a	n/a	trigger	0
3997.733	0.5	3997733	untrained	32687	80	memtrain/o_613_1.jpg	photodiode	1
3998.634	0.5	3998634	untrained	32719	48	memtrain/o_019_2.jpg	photodiode	1
3999.434	0.5	3999434	trained	32733	34	memtrain/o_558_2.jpg	photodiode	1
4000.185	0.5	4000185	catch	32671	n/a	catch_padded.jpg	photodiode	0
4000.531	0.0	4000531	response	6	n/a	n/a	trigger	0
4002.137	0.5	4002137	untrained	32717	50	memtrain/o_057_2.jpg	photodiode	1
4002.937	0.5	4002937	trained	32745	22	memtrain/o_321_1.jpg	photodiode	1
4003.738	0.5	4003738	untrained	32677	90	memtrain/o_580_1.jpg	photodiode	1
4004.639	0.5	4004639	catch	32671	n/a	catch_padded.jpg	photodiode	0
4005.015	0.0	4005015	response	6	n/a	n/a	trigger	0
4006.691	0.5	4006691	trained	32723	44	memtrain/so_045_1.jpg	photodiode	1
4007.441	0.5	4007441	trained	32746	21	memtrain/o_319_1.jpg	photodiode	1
4008.392	0.5	4008392	trained	32765	2	memtrain/o_035_1.jpg	photodiode	1
4009.193	0.5	4009193	trained	32756	11	memtrain/o_117_2.jpg	photodiode	1
4010.144	0.5	4010144	untrained	32678	89	memtrain/o_469_1.jpg	photodiode	1
4011.044	0.5	4011044	catch	32671	n/a	catch_padded.jpg	photodiode	0
4011.373	0.0	4011373	response	6	n/a	n/a	trigger	0
4012.987	0.5	4012987	untrained	32696	71	memtrain/o_483_1.jpg	photodiode	1
4013.847	0.5	4013847	trained	32758	9	memtrain/o_101_2.jpg	photodiode	1
4014.789	0.5	4014789	untrained	32715	52	memtrain/o_141_1.jpg	photodiode	1
4015.69	0.5	4015690	trained	32755	12	memtrain/o_127_2.jpg	photodiode	1
4016.49	0.5	4016490	catch	32671	n/a	catch_padded.jpg	photodiode	0
4016.842	0.0	4016842	response	6	n/a	n/a	trigger	0
4018.392	0.5	4018392	untrained	32673	94	memtrain/so_067_1.jpg	photodiode	1
4019.343	0.5	4019343	untrained	32698	69	memtrain/o_464_2.jpg	photodiode	1
4020.243	0.5	4020243	trained	32727	40	memtrain/o_648_2.jpg	photodiode	1
4021.144	0.5	4021144	untrained	32685	82	memtrain/o_656_1.jpg	photodiode	1
4021.945	0.5	4021945	catch	32671	n/a	catch_padded.jpg	photodiode	0
4022.292	0.0	4022292	response	6	n/a	n/a	trigger	0
4023.846	0.5	4023846	untrained	32691	76	memtrain/o_570_1.jpg	photodiode	1
4024.597	0.5	4024597	trained	32728	39	memtrain/o_606_1.jpg	photodiode	1
4025.398	0.5	4025398	trained	32730	37	memtrain/o_597_1.jpg	photodiode	1
4026.148	0.5	4026148	untrained	32693	74	memtrain/o_550_1.jpg	photodiode	1
4027.049	0.5	4027049	trained	32759	8	memtrain/o_094_1.jpg	photodiode	1
4027.95	0.5	4027950	catch	32671	n/a	catch_padded.jpg	photodiode	0
4028.26	0.0	4028260	response	6	n/a	n/a	trigger	0
4029.952	0.5	4029952	untrained	32694	73	memtrain/o_519_2.jpg	photodiode	1
4030.852	0.5	4030852	untrained	32710	57	memtrain/o_171_1.jpg	photodiode	1
4031.803	0.5	4031803	trained	32720	47	memtrain/so_147_2.jpg	photodiode	1
4032.754	0.5	4032754	catch	32671	n/a	catch_padded.jpg	photodiode	0
4033.1	0.0	4033100	response	6	n/a	n/a	trigger	0
4034.806	0.5	4034806	trained	32766	1	memtrain/o_015_1.jpg	photodiode	1
4035.757	0.5	4035757	trained	32743	24	memtrain/o_357_1.jpg	photodiode	1
4036.557	0.5	4036557	trained	32751	16	memtrain/o_199_2.jpg	photodiode	1
4037.308	0.5	4037308	trained	32764	3	memtrain/o_040_2.jpg	photodiode	1
4038.209	0.5	4038209	catch	32671	n/a	catch_padded.jpg	photodiode	0
4038.554	0.0	4038554	response	6	n/a	n/a	trigger	0
4040.11	0.5	4040110	untrained	32674	93	memtrain/so_035_1.jpg	photodiode	1
4040.903	0.5	4040903	untrained	32672	95	memtrain/so_125_1.jpg	photodiode	1
4041.754	0.5	4041754	untrained	32709	58	memtrain/o_192_1.jpg	photodiode	1
4042.654	0.5	4042654	untrained	32704	63	memtrain/o_310_2.jpg	photodiode	1
4043.405	0.5	4043405	catch	32671	n/a	catch_padded.jpg	photodiode	0
4043.744	0.0	4043744	response	6	n/a	n/a	trigger	0
4045.407	0.5	4045407	untrained	32689	78	memtrain/o_599_1.jpg	photodiode	1
4046.308	0.5	4046308	trained	32750	17	memtrain/o_232_1.jpg	photodiode	1
4047.058	0.5	4047058	trained	32737	30	memtrain/o_437_2.jpg	photodiode	1
4047.809	0.5	4047809	catch	32671	n/a	catch_padded.jpg	photodiode	0
4048.246	0.0	4048246	response	6	n/a	n/a	trigger	0
4049.71	0.5	4049710	untrained	32718	49	memtrain/o_054_2.jpg	photodiode	1
4050.661	0.5	4050661	trained	32754	13	memtrain/o_136_1.jpg	photodiode	1
4051.562	0.5	4051562	untrained	32680	87	memtrain/o_365_1.jpg	photodiode	1
4052.413	0.5	4052413	trained	32732	35	memtrain/o_561_2.jpg	photodiode	1
4053.364	0.5	4053364	trained	32767	0	memtrain/o_006_1.jpg	photodiode	1
4054.264	0.5	4054264	catch	32671	n/a	catch_padded.jpg	photodiode	0
4054.674	0.0	4054674	response	6	n/a	n/a	trigger	0
4056.216	0.5	4056216	untrained	32700	67	memtrain/o_378_1.jpg	photodiode	1
4056.967	0.5	4056967	trained	32725	42	memtrain/so_034_2.jpg	photodiode	1
4057.817	0.5	4057817	untrained	32706	61	memtrain/o_298_2.jpg	photodiode	1
4058.718	0.5	4058718	untrained	32712	55	memtrain/o_153_2.jpg	photodiode	1
4059.519	0.5	4059519	catch	32671	n/a	catch_padded.jpg	photodiode	0
4059.878	0.0	4059878	response	6	n/a	n/a	trigger	0
4061.989	0.0	4061989	block_end	120	n/a	n/a	trigger	0
4071.609	0.0	4071609	response	6	n/a	n/a	trigger	0
4071.613	0.0	4071613	block_onset	115	n/a	n/a	trigger	0
4073.672	0.5	4073672	trained	32729	38	memtrain/o_603_1.jpg	photodiode	1
4074.573	0.5	4074573	trained	32726	41	memtrain/o_663_2.jpg	photodiode	1
4075.424	0.5	4075424	trained	32721	46	memtrain/so_113_1.jpg	photodiode	1
4076.366	0.5	4076366	untrained	32717	50	memtrain/o_057_2.jpg	photodiode	1
4077.217	0.5	4077217	catch	32671	n/a	catch_padded.jpg	photodiode	0
4077.542	0.0	4077542	response	6	n/a	n/a	trigger	0
4079.319	0.5	4079319	trained	32756	11	memtrain/o_117_2.jpg	photodiode	1
4080.22	0.5	4080220	untrained	32686	81	memtrain/o_655_2.jpg	photodiode	1
4081.17	0.5	4081170	trained	32758	9	memtrain/o_101_2.jpg	photodiode	1
4082.071	0.5	4082071	catch	32671	n/a	catch_padded.jpg	photodiode	0
4082.452	0.0	4082452	response	6	n/a	n/a	trigger	0
4084.023	0.5	4084023	trained	32736	31	memtrain/o_465_2.jpg	photodiode	1
4084.974	0.5	4084974	trained	32724	43	memtrain/so_043_2.jpg	photodiode	1
4085.874	0.5	4085874	trained	32730	37	memtrain/o_597_1.jpg	photodiode	1
4086.775	0.5	4086775	untrained	32711	56	memtrain/o_163_2.jpg	photodiode	1
4087.726	0.5	4087726	catch	32671	n/a	catch_padded.jpg	photodiode	0
4088.053	0.0	4088053	response	6	n/a	n/a	trigger	0
4089.678	0.5	4089678	trained	32763	4	memtrain/o_042_1.jpg	photodiode	1
4090.628	0.5	4090628	untrained	32702	65	memtrain/o_337_2.jpg	photodiode	1
4091.379	0.5	4091379	untrained	32706	61	memtrain/o_298_2.jpg	photodiode	1
4092.13	0.5	4092130	catch	32671	n/a	catch_padded.jpg	photodiode	0
4092.483	0.0	4092483	response	6	n/a	n/a	trigger	0
4094.181	0.5	4094181	trained	32745	22	memtrain/o_321_1.jpg	photodiode	1
4094.982	0.5	4094982	trained	32727	40	memtrain/o_648_2.jpg	photodiode	1
4095.883	0.5	4095883	trained	32760	7	memtrain/o_091_2.jpg	photodiode	1
4096.634	0.5	4096634	trained	32767	0	memtrain/o_006_1.jpg	photodiode	1
4097.484	0.5	4097484	catch	32671	n/a	catch_padded.jpg	photodiode	0
4097.839	0.0	4097839	response	6	n/a	n/a	trigger	0
4099.586	0.5	4099586	trained	32737	30	memtrain/o_437_2.jpg	photodiode	1
4100.387	0.5	4100387	trained	32749	18	memtrain/o_264_2.jpg	photodiode	1
4101.338	0.5	4101338	untrained	32709	58	memtrain/o_192_1.jpg	photodiode	1
4102.088	0.5	4102088	trained	32744	23	memtrain/o_338_2.jpg	photodiode	1
4102.989	0.5	4102989	catch	32671	n/a	catch_padded.jpg	photodiode	0
4103.366	0.0	4103366	response	6	n/a	n/a	trigger	0
4104.941	0.5	4104941	untrained	32705	62	memtrain/o_304_1.jpg	photodiode	1
4105.841	0.5	4105841	trained	32740	27	memtrain/o_379_2.jpg	photodiode	1
4106.683	0.5	4106683	untrained	32713	54	memtrain/o_145_1.jpg	photodiode	1
4107.484	0.5	4107484	untrained	32677	90	memtrain/o_580_1.jpg	photodiode	1
4108.293	0.5	4108293	catch	32671	n/a	catch_padded.jpg	photodiode	0
4108.635	0.0	4108635	response	6	n/a	n/a	trigger	0
4110.186	0.5	4110186	untrained	32707	60	memtrain/o_228_2.jpg	photodiode	1
4111.037	0.5	4111037	untrained	32714	53	memtrain/o_142_2.jpg	photodiode	1
4111.788	0.5	4111788	untrained	32683	84	memtrain/so_117_2.jpg	photodiode	1
4112.538	0.5	4112538	trained	32723	44	memtrain/so_045_1.jpg	photodiode	1
4113.398	0.5	4113398	untrained	32708	59	memtrain/o_201_2.jpg	photodiode	1
4114.34	0.5	4114340	catch	32671	n/a	catch_padded.jpg	photodiode	0
4114.669	0.0	4114669	response	6	n/a	n/a	trigger	0
4116.292	0.5	4116292	trained	32725	42	memtrain/so_034_2.jpg	photodiode	1
4117.092	0.5	4117092	trained	32752	15	memtrain/o_195_1.jpg	photodiode	1
4117.843	0.5	4117843	untrained	32718	49	memtrain/o_054_2.jpg	photodiode	1
4118.794	0.5	4118794	untrained	32715	52	memtrain/o_141_1.jpg	photodiode	1
4119.594	0.5	4119594	trained	32759	8	memtrain/o_094_1.jpg	photodiode	1
4120.395	0.5	4120395	catch	32671	n/a	catch_padded.jpg	photodiode	0
4120.766	0.0	4120766	response	6	n/a	n/a	trigger	0
4122.347	0.5	4122347	untrained	32675	92	memtrain/so_033_1.jpg	photodiode	1
4123.197	0.5	4123197	trained	32735	32	memtrain/o_485_2.jpg	photodiode	1
4124.098	0.5	4124098	trained	32750	17	memtrain/o_232_1.jpg	photodiode	1
4125.049	0.5	4125049	untrained	32696	71	memtrain/o_483_1.jpg	photodiode	1
4125.958	0.5	4125958	catch	32671	n/a	catch_padded.jpg	photodiode	0
4126.464	0.0	4126464	response	6	n/a	n/a	trigger	0
4127.951	0.5	4127951	untrained	32704	63	memtrain/o_310_2.jpg	photodiode	1
4128.752	0.5	4128752	trained	32722	45	memtrain/so_090_2.jpg	photodiode	1
4129.553	0.5	4129553	trained	32762	5	memtrain/o_067_1.jpg	photodiode	1
4130.303	0.5	4130303	untrained	32679	88	memtrain/o_458_1.jpg	photodiode	1
4131.104	0.5	4131104	trained	32755	12	memtrain/o_127_2.jpg	photodiode	1
4131.955	0.5	4131955	catch	32671	n/a	catch_padded.jpg	photodiode	0
4132.308	0.0	4132308	response	6	n/a	n/a	trigger	0
4133.906	0.5	4133906	untrained	32712	55	memtrain/o_153_2.jpg	photodiode	1
4134.657	0.5	4134657	untrained	32684	83	memtrain/so_105_1.jpg	photodiode	1
4135.5	0.5	4135500	trained	32738	29	memtrain/o_416_1.jpg	photodiode	1
4136.351	0.5	4136351	untrained	32687	80	memtrain/o_613_1.jpg	photodiode	1
4137.101	0.5	4137101	catch	32671	n/a	catch_padded.jpg	photodiode	0
4137.448	0.0	4137448	response	6	n/a	n/a	trigger	0
4139.003	0.5	4139003	untrained	32682	85	memtrain/o_218_1.jpg	photodiode	1
4139.904	0.5	4139904	trained	32743	24	memtrain/o_357_1.jpg	photodiode	1
4140.854	0.5	4140854	trained	32746	21	memtrain/o_319_1.jpg	photodiode	1
4141.755	0.5	4141755	catch	32671	n/a	catch_padded.jpg	photodiode	0
4142.114	0.0	4142114	response	6	n/a	n/a	trigger	0
4143.807	0.5	4143807	trained	32728	39	memtrain/o_606_1.jpg	photodiode	1
4144.708	0.5	4144708	trained	32733	34	memtrain/o_558_2.jpg	photodiode	1
4145.658	0.5	4145658	untrained	32689	78	memtrain/o_599_1.jpg	photodiode	1
4146.409	0.5	4146409	trained	32747	20	memtrain/o_290_1.jpg	photodiode	1
4147.26	0.5	4147260	catch	32671	n/a	catch_padded.jpg	photodiode	0
4147.571	0.0	4147571	response	6	n/a	n/a	trigger	0
4149.362	0.5	4149362	untrained	32701	66	memtrain/o_342_2.jpg	photodiode	1
4150.262	0.5	4150262	trained	32720	47	memtrain/so_147_2.jpg	photodiode	1
4151.013	0.5	4151013	untrained	32688	79	memtrain/o_600_1.jpg	photodiode	1
4151.814	0.5	4151814	untrained	32710	57	memtrain/o_171_1.jpg	photodiode	1
4152.564	0.5	4152564	trained	32753	14	memtrain/o_174_1.jpg	photodiode	1
4153.315	0.5	4153315	catch	32671	n/a	catch_padded.jpg	photodiode	0
4153.605	0.0	4153605	response	6	n/a	n/a	trigger	0
4155.417	0.5	4155417	trained	32765	2	memtrain/o_035_1.jpg	photodiode	1
4156.167	0.5	4156167	trained	32734	33	memtrain/o_536_1.jpg	photodiode	1
4157.018	0.5	4157018	untrained	32716	51	memtrain/o_103_2.jpg	photodiode	1
4157.769	0.5	4157769	untrained	32673	94	memtrain/so_067_1.jpg	photodiode	1
4158.619	0.5	4158619	catch	32671	n/a	catch_padded.jpg	photodiode	0
4158.94	0.0	4158940	response	6	n/a	n/a	trigger	0
4159.21	0.0	4159210	response	5	n/a	n/a	trigger	0
4160.571	0.5	4160571	untrained	32703	64	memtrain/o_334_2.jpg	photodiode	1
4161.322	0.5	4161322	trained	32754	13	memtrain/o_136_1.jpg	photodiode	1
4162.222	0.5	4162222	untrained	32691	76	memtrain/o_570_1.jpg	photodiode	1
4162.973	0.5	4162973	catch	32671	n/a	catch_padded.jpg	photodiode	0
4163.306	0.0	4163306	response	6	n/a	n/a	trigger	0
4164.866	0.5	4164866	trained	32741	26	memtrain/o_376_1.jpg	photodiode	1
4165.826	0.5	4165826	untrained	32700	67	memtrain/o_378_1.jpg	photodiode	1
4166.718	0.5	4166718	untrained	32676	91	memtrain/o_605_1.jpg	photodiode	1
4167.518	0.5	4167518	untrained	32695	72	memtrain/o_490_1.jpg	photodiode	1
4168.269	0.5	4168269	catch	32671	n/a	catch_padded.jpg	photodiode	0
4168.635	0.0	4168635	response	6	n/a	n/a	trigger	0
4170.171	0.5	4170171	trained	32731	36	memtrain/o_583_1.jpg	photodiode	1
4171.021	0.5	4171021	untrained	32719	48	memtrain/o_019_2.jpg	photodiode	1
4171.872	0.5	4171872	trained	32742	25	memtrain/o_358_2.jpg	photodiode	1
4172.623	0.5	4172623	trained	32766	1	memtrain/o_015_1.jpg	photodiode	1
4173.523	0.5	4173523	trained	32761	6	memtrain/o_076_1.jpg	photodiode	1
4174.324	0.5	4174324	catch	32671	n/a	catch_padded.jpg	photodiode	0
4174.648	0.0	4174648	response	6	n/a	n/a	trigger	0
4176.226	0.5	4176226	trained	32748	19	memtrain/o_284_2.jpg	photodiode	1
4176.976	0.5	4176976	untrained	32685	82	memtrain/o_656_1.jpg	photodiode	1
4177.827	0.5	4177827	untrained	32678	89	memtrain/o_469_1.jpg	photodiode	1
4178.628	0.5	4178628	untrained	32699	68	memtrain/o_393_1.jpg	photodiode	1
4179.428	0.5	4179428	catch	32671	n/a	catch_padded.jpg	photodiode	0
4179.818	0.0	4179818	response	6	n/a	n/a	trigger	0
4181.48	0.5	4181480	untrained	32674	93	memtrain/so_035_1.jpg	photodiode	1
4182.281	0.5	4182281	untrained	32692	75	memtrain/o_564_1.jpg	photodiode	1
4183.182	0.5	4183182	untrained	32681	86	memtrain/o_288_1.jpg	photodiode	1
4183.932	0.5	4183932	untrained	32693	74	memtrain/o_550_1.jpg	photodiode	1
4184.833	0.5	4184833	trained	32739	28	memtrain/o_397_1.jpg	photodiode	1
4185.684	0.5	4185684	catch	32671	n/a	catch_padded.jpg	photodiode	0
4185.979	0.0	4185979	response	6	n/a	n/a	trigger	0
4187.735	0.5	4187735	untrained	32697	70	memtrain/o_471_2.jpg	photodiode	1
4188.486	0.5	4188486	trained	32751	16	memtrain/o_199_2.jpg	photodiode	1
4189.387	0.5	4189387	trained	32757	10	memtrain/o_111_2.jpg	photodiode	1
4190.238	0.5	4190238	untrained	32694	73	memtrain/o_519_2.jpg	photodiode	1
4191.138	0.5	4191138	catch	32671	n/a	catch_padded.jpg	photodiode	0
4191.489	0.0	4191489	response	6	n/a	n/a	trigger	0
4193.04	0.5	4193040	untrained	32690	77	memtrain/o_574_2.jpg	photodiode	1
4193.883	0.5	4193883	untrained	32698	69	memtrain/o_464_2.jpg	photodiode	1
4194.841	0.5	4194841	untrained	32680	87	memtrain/o_365_1.jpg	photodiode	1
4195.684	0.5	4195684	trained	32732	35	memtrain/o_561_2.jpg	photodiode	1
4196.535	0.5	4196535	untrained	32672	95	memtrain/so_125_1.jpg	photodiode	1
4197.336	0.5	4197336	catch	32671	n/a	catch_padded.jpg	photodiode	0
4197.606	0.0	4197606	response	6	n/a	n/a	trigger	0
4199.437	0.5	4199437	trained	32764	3	memtrain/o_040_2.jpg	photodiode	1
4200.288	0.5	4200288	trained	32736	31	memtrain/o_465_2.jpg	photodiode	1
4201.239	0.5	4201239	untrained	32706	61	memtrain/o_298_2.jpg	photodiode	1
4202.14	0.5	4202140	catch	32671	n/a	catch_padded.jpg	photodiode	0
4202.657	0.0	4202657	response	6	n/a	n/a	trigger	0
4204.191	0.5	4204191	untrained	32686	81	memtrain/o_655_2.jpg	photodiode	1
4205.142	0.5	4205142	trained	32754	13	memtrain/o_136_1.jpg	photodiode	1
4205.993	0.5	4205993	untrained	32715	52	memtrain/o_141_1.jpg	photodiode	1
4206.744	0.5	4206744	untrained	32703	64	memtrain/o_334_2.jpg	photodiode	1
4207.644	0.5	4207644	trained	32725	42	memtrain/so_034_2.jpg	photodiode	1
4208.595	0.5	4208595	catch	32671	n/a	catch_padded.jpg	photodiode	0
4208.903	0.0	4208903	response	6	n/a	n/a	trigger	0
4210.497	0.5	4210497	trained	32745	22	memtrain/o_321_1.jpg	photodiode	1
4211.347	0.5	4211347	untrained	32700	67	memtrain/o_378_1.jpg	photodiode	1
4212.198	0.5	4212198	untrained	32701	66	memtrain/o_342_2.jpg	photodiode	1
4213.149	0.5	4213149	untrained	32683	84	memtrain/so_117_2.jpg	photodiode	1
4213.95	0.5	4213950	untrained	32693	74	memtrain/o_550_1.jpg	photodiode	1
4214.9	0.5	4214900	catch	32671	n/a	catch_padded.jpg	photodiode	0
4215.284	0.0	4215284	response	6	n/a	n/a	trigger	0
4216.902	0.5	4216902	untrained	32697	70	memtrain/o_471_2.jpg	photodiode	1
4217.653	0.5	4217653	untrained	32678	89	memtrain/o_469_1.jpg	photodiode	1
4218.453	0.5	4218453	trained	32749	18	memtrain/o_264_2.jpg	photodiode	1
4219.404	0.5	4219404	catch	32671	n/a	catch_padded.jpg	photodiode	0
4219.886	0.0	4219886	response	6	n/a	n/a	trigger	0
4221.406	0.5	4221406	trained	32750	17	memtrain/o_232_1.jpg	photodiode	1
4222.248	0.5	4222248	untrained	32685	82	memtrain/o_656_1.jpg	photodiode	1
4223.149	0.5	4223149	trained	32748	19	memtrain/o_284_2.jpg	photodiode	1
4224.008	0.5	4224008	trained	32757	10	memtrain/o_111_2.jpg	photodiode	1
4224.85	0.5	4224850	untrained	32718	49	memtrain/o_054_2.jpg	photodiode	1
4225.701	0.5	4225701	catch	32671	n/a	catch_padded.jpg	photodiode	0
4226.134	0.0	4226134	response	6	n/a	n/a	trigger	0
4227.753	0.5	4227753	untrained	32717	50	memtrain/o_057_2.jpg	photodiode	1
4228.503	0.5	4228503	trained	32743	24	memtrain/o_357_1.jpg	photodiode	1
4229.254	0.5	4229254	untrained	32694	73	memtrain/o_519_2.jpg	photodiode	1
4230.155	0.5	4230155	trained	32740	27	memtrain/o_379_2.jpg	photodiode	1
4230.955	0.5	4230955	catch	32671	n/a	catch_padded.jpg	photodiode	0
4231.365	0.0	4231365	response	6	n/a	n/a	trigger	0
4233.057	0.5	4233057	untrained	32705	62	memtrain/o_304_1.jpg	photodiode	1
4233.958	0.5	4233958	trained	32730	37	memtrain/o_597_1.jpg	photodiode	1
4234.809	0.5	4234809	trained	32723	44	memtrain/so_045_1.jpg	photodiode	1
4235.659	0.5	4235659	trained	32761	6	memtrain/o_076_1.jpg	photodiode	1
4236.61	0.5	4236610	trained	32762	5	memtrain/o_067_1.jpg	photodiode	1
4237.511	0.5	4237511	catch	32671	n/a	catch_padded.jpg	photodiode	0
4237.887	0.0	4237887	response	6	n/a	n/a	trigger	0
4239.563	0.5	4239563	trained	32746	21	memtrain/o_319_1.jpg	photodiode	1
4240.363	0.5	4240363	untrained	32687	80	memtrain/o_613_1.jpg	photodiode	1
4241.214	0.5	4241214	trained	32722	45	memtrain/so_090_2.jpg	photodiode	1
4242.115	0.5	4242115	catch	32671	n/a	catch_padded.jpg	photodiode	0
4242.617	0.0	4242617	response	6	n/a	n/a	trigger	0
4244.217	0.5	4244217	trained	32735	32	memtrain/o_485_2.jpg	photodiode	1
4245.117	0.5	4245117	untrained	32713	54	memtrain/o_145_1.jpg	photodiode	1
4246.018	0.5	4246018	trained	32731	36	memtrain/o_583_1.jpg	photodiode	1
4246.969	0.5	4246969	untrained	32676	91	memtrain/o_605_1.jpg	photodiode	1
4247.92	0.5	4247920	untrained	32680	87	memtrain/o_365_1.jpg	photodiode	1
4248.871	0.5	4248871	catch	32671	n/a	catch_padded.jpg	photodiode	0
4249.231	0.0	4249231	response	6	n/a	n/a	trigger	0
4250.972	0.5	4250972	trained	32726	41	memtrain/o_663_2.jpg	photodiode	1
4251.873	0.5	4251873	trained	32729	38	memtrain/o_603_1.jpg	photodiode	1
4252.666	0.5	4252666	trained	32739	28	memtrain/o_397_1.jpg	photodiode	1
4253.416	0.5	4253416	untrained	32714	53	memtrain/o_142_2.jpg	photodiode	1
4254.367	0.5	4254367	trained	32753	14	memtrain/o_174_1.jpg	photodiode	1
4255.326	0.5	4255326	catch	32671	n/a	catch_padded.jpg	photodiode	0
4255.779	0.0	4255779	response	6	n/a	n/a	trigger	0
4257.42	0.5	4257420	untrained	32702	65	memtrain/o_337_2.jpg	photodiode	1
4258.271	0.5	4258271	trained	32767	0	memtrain/o_006_1.jpg	photodiode	1
4259.071	0.5	4259071	trained	32755	12	memtrain/o_127_2.jpg	photodiode	1
4260.022	0.5	4260022	untrained	32704	63	memtrain/o_310_2.jpg	photodiode	1
4260.873	0.5	4260873	catch	32671	n/a	catch_padded.jpg	photodiode	0
4261.266	0.0	4261266	response	6	n/a	n/a	trigger	0
4262.925	0.5	4262925	trained	32765	2	memtrain/o_035_1.jpg	photodiode	1
4263.725	0.5	4263725	trained	32737	30	memtrain/o_437_2.jpg	photodiode	1
4264.576	0.5	4264576	untrained	32695	72	memtrain/o_490_1.jpg	photodiode	1
4265.477	0.5	4265477	catch	32671	n/a	catch_padded.jpg	photodiode	0
4265.935	0.0	4265935	response	6	n/a	n/a	trigger	0
4267.378	0.5	4267378	untrained	32711	56	memtrain/o_163_2.jpg	photodiode	1
4268.129	0.5	4268129	trained	32727	40	memtrain/o_648_2.jpg	photodiode	1
4268.88	0.5	4268880	untrained	32677	90	memtrain/o_580_1.jpg	photodiode	1
4269.63	0.5	4269630	catch	32671	n/a	catch_padded.jpg	photodiode	0
4269.977	0.0	4269977	response	6	n/a	n/a	trigger	0
4271.582	0.5	4271582	trained	32732	35	memtrain/o_561_2.jpg	photodiode	1
4272.533	0.5	4272533	trained	32724	43	memtrain/so_043_2.jpg	photodiode	1
4273.433	0.5	4273433	untrained	32692	75	memtrain/o_564_1.jpg	photodiode	1
4274.184	0.5	4274184	trained	32759	8	memtrain/o_094_1.jpg	photodiode	1
4275.035	0.5	4275035	trained	32766	1	memtrain/o_015_1.jpg	photodiode	1
4275.835	0.5	4275835	catch	32671	n/a	catch_padded.jpg	photodiode	0
4276.215	0.0	4276215	response	6	n/a	n/a	trigger	0
4277.937	0.5	4277937	trained	32720	47	memtrain/so_147_2.jpg	photodiode	1
4278.688	0.5	4278688	trained	32764	3	memtrain/o_040_2.jpg	photodiode	1
4279.439	0.5	4279439	untrained	32710	57	memtrain/o_171_1.jpg	photodiode	1
4280.231	0.5	4280231	untrained	32690	77	memtrain/o_574_2.jpg	photodiode	1
4281.181	0.5	4281181	untrained	32689	78	memtrain/o_599_1.jpg	photodiode	1
4281.982	0.5	4281982	catch	32671	n/a	catch_padded.jpg	photodiode	0
4282.352	0.0	4282352	response	6	n/a	n/a	trigger	0
4284.084	0.5	4284084	untrained	32682	85	memtrain/o_218_1.jpg	photodiode	1
4285.035	0.5	4285035	untrained	32675	92	memtrain/so_033_1.jpg	photodiode	1
4285.785	0.5	4285785	trained	32747	20	memtrain/o_290_1.jpg	photodiode	1
4286.536	0.5	4286536	catch	32671	n/a	catch_padded.jpg	photodiode	0
4286.966	0.0	4286966	response	6	n/a	n/a	trigger	0
4288.488	0.5	4288488	untrained	32707	60	memtrain/o_228_2.jpg	photodiode	1
4289.288	0.5	4289288	untrained	32716	51	memtrain/o_103_2.jpg	photodiode	1
4290.189	0.5	4290189	untrained	32712	55	memtrain/o_153_2.jpg	photodiode	1
4291.04	0.5	4291040	catch	32671	n/a	catch_padded.jpg	photodiode	0
4291.399	0.0	4291399	response	6	n/a	n/a	trigger	0
4292.991	0.5	4292991	trained	32734	33	memtrain/o_536_1.jpg	photodiode	1
4293.792	0.5	4293792	untrained	32696	71	memtrain/o_483_1.jpg	photodiode	1
4294.693	0.5	4294693	trained	32752	15	memtrain/o_195_1.jpg	photodiode	1
4295.644	0.5	4295644	catch	32671	n/a	catch_padded.jpg	photodiode	0
4295.974	0.0	4295974	response	6	n/a	n/a	trigger	0
4297.695	0.5	4297695	trained	32741	26	memtrain/o_376_1.jpg	photodiode	1
4298.596	0.5	4298596	trained	32763	4	memtrain/o_042_1.jpg	photodiode	1
4299.547	0.5	4299547	trained	32760	7	memtrain/o_091_2.jpg	photodiode	1
4300.298	0.5	4300298	catch	32671	n/a	catch_padded.jpg	photodiode	0
4300.712	0.0	4300712	response	6	n/a	n/a	trigger	0
4302.249	0.5	4302249	untrained	32708	59	memtrain/o_201_2.jpg	photodiode	1
4303.1	0.5	4303100	trained	32758	9	memtrain/o_101_2.jpg	photodiode	1
4303.901	0.5	4303901	untrained	32672	95	memtrain/so_125_1.jpg	photodiode	1
4304.651	0.5	4304651	trained	32744	23	memtrain/o_338_2.jpg	photodiode	1
4305.502	0.5	4305502	catch	32671	n/a	catch_padded.jpg	photodiode	0
4305.888	0.0	4305888	response	6	n/a	n/a	trigger	0
4307.504	0.5	4307504	untrained	32684	83	memtrain/so_105_1.jpg	photodiode	1
4308.254	0.5	4308254	untrained	32698	69	memtrain/o_464_2.jpg	photodiode	1
4309.055	0.5	4309055	untrained	32674	93	memtrain/so_035_1.jpg	photodiode	1
4310.006	0.5	4310006	catch	32671	n/a	catch_padded.jpg	photodiode	0
4310.438	0.0	4310438	response	6	n/a	n/a	trigger	0
4311.957	0.5	4311957	trained	32756	11	memtrain/o_117_2.jpg	photodiode	1
4312.808	0.5	4312808	trained	32728	39	memtrain/o_606_1.jpg	photodiode	1
4313.601	0.5	4313601	untrained	32673	94	memtrain/so_067_1.jpg	photodiode	1
4314.502	0.5	4314502	catch	32671	n/a	catch_padded.jpg	photodiode	0
4314.824	0.0	4314824	response	6	n/a	n/a	trigger	0
4316.503	0.5	4316503	untrained	32681	86	memtrain/o_288_1.jpg	photodiode	1
4317.304	0.5	4317304	untrained	32719	48	memtrain/o_019_2.jpg	photodiode	1
4318.105	0.5	4318105	trained	32751	16	memtrain/o_199_2.jpg	photodiode	1
4318.905	0.5	4318905	catch	32671	n/a	catch_padded.jpg	photodiode	0
4319.302	0.0	4319302	response	6	n/a	n/a	trigger	0
4320.865	0.5	4320865	trained	32721	46	memtrain/so_113_1.jpg	photodiode	1
4321.808	0.5	4321808	untrained	32688	79	memtrain/o_600_1.jpg	photodiode	1
4322.558	0.5	4322558	untrained	32709	58	memtrain/o_192_1.jpg	photodiode	1
4323.459	0.5	4323459	trained	32738	29	memtrain/o_416_1.jpg	photodiode	1
4324.41	0.5	4324410	trained	32742	25	memtrain/o_358_2.jpg	photodiode	1
4325.361	0.5	4325361	catch	32671	n/a	catch_padded.jpg	photodiode	0
4325.714	0.0	4325714	response	6	n/a	n/a	trigger	0
4327.362	0.5	4327362	untrained	32679	88	memtrain/o_458_1.jpg	photodiode	1
4328.263	0.5	4328263	untrained	32691	76	memtrain/o_570_1.jpg	photodiode	1
4329.214	0.5	4329214	untrained	32699	68	memtrain/o_393_1.jpg	photodiode	1
4330.065	0.5	4330065	trained	32733	34	memtrain/o_558_2.jpg	photodiode	1
4331.016	0.5	4331016	catch	32671	n/a	catch_padded.jpg	photodiode	0
4331.381	0.0	4331381	response	6	n/a	n/a	trigger	0
4333.486	0.0	4333486	block_end	120	n/a	n/a	trigger	0
