onset	duration	sample	trial_type	value	object_id	stimulus_id	onset_source	analysis_include
34.941	0.0	34941	response	6	n/a	n/a	trigger	0
34.95	0.0	34950	block_onset	101	n/a	n/a	trigger	0
37.005	0.5	37005	trained	32745	22	memtrain/o_321_1.jpg	photodiode	1
37.856	0.5	37856	trained	32741	26	memtrain/o_376_1.jpg	photodiode	1
38.707	0.5	38707	trained	32766	1	memtrain/o_015_1.jpg	photodiode	1
39.657	0.5	39657	trained	32767	0	memtrain/o_006_1.jpg	photodiode	1
40.408	0.5	40408	catch	32671	n/a	catch_padded.jpg	photodiode	0
40.819	0.0	40819	response	6	n/a	n/a	trigger	0
42.36	0.5	42360	untrained	32691	76	memtrain/o_570_1.jpg	photodiode	1
43.311	0.5	43311	untrained	32713	54	memtrain/o_145_1.jpg	photodiode	1
44.053	0.5	44053	untrained	32673	94	memtrain/so_067_1.jpg	photodiode	1
45.003	0.5	45003	catch	32671	n/a	catch_padded.jpg	photodiode	0
45.364	0.0	45364	response	6	n/a	n/a	trigger	0
46.914	0.5	46914	trained	32726	41	memtrain/o_663_2.jpg	photodiode	1
47.856	0.5	47856	trained	32729	38	memtrain/o_603_1.jpg	photodiode	1
48.707	0.5	48707	trained	32736	31	memtrain/o_465_2.jpg	photodiode	1
49.507	0.5	49507	catch	32671	n/a	catch_padded.jpg	photodiode	0
49.901	0.0	49901	response	6	n/a	n/a	trigger	0
51.509	0.5	51509	untrained	32717	50	memtrain/o_057_2.jpg	photodiode	1
52.41	0.5	52410	trained	32739	28	memtrain/o_397_1.jpg	photodiode	1
53.26	0.5	53260	trained	32743	24	memtrain/o_357_1.jpg	photodiode	1
54.061	0.5	54061	trained	32760	7	memtrain/o_091_2.jpg	photodiode	1
54.962	0.5	54962	trained	32724	43	memtrain/so_043_2.jpg	photodiode	1
55.713	0.5	55713	catch	32671	n/a	catch_padded.jpg	photodiode	0
56.047	0.0	56047	response	6	n/a	n/a	trigger	0
57.764	0.5	57764	trained	32738	29	memtrain/o_416_1.jpg	photodiode	1
58.565	0.5	58565	untrained	32705	62	memtrain/o_304_1.jpg	photodiode	1
59.466	0.5	59466	untrained	32710	57	memtrain/o_171_1.jpg	photodiode	1
60.216	0.5	60216	trained	32732	35	memtrain/o_561_2.jpg	photodiode	1
60.967	0.5	60967	catch	32671	n/a	catch_padded.jpg	photodiode	0
61.337	0.0	61337	response	6	n/a	n/a	trigger	0
63.019	0.5	63019	trained	32730	37	memtrain/o_597_1.jpg	photodiode	1
63.97	0.5	63970	untrained	32712	55	memtrain/o_153_2.jpg	photodiode	1
64.82	0.5	64820	trained	32750	17	memtrain/o_232_1.jpg	photodiode	1
65.671	0.5	65671	catch	32671	n/a	catch_padded.jpg	photodiode	0
66.037	0.0	66037	response	6	n/a	n/a	trigger	0
67.723	0.5	67723	trained	32720	47	memtrain/so_147_2.jpg	photodiode	1
68.573	0.5	68573	untrained	32692	75	memtrain/o_564_1.jpg	photodiode	1
69.474	0.5	69474	untrained	32674	93	memtrain/so_035_1.jpg	photodiode	1
70.275	0.5	70275	trained	32740	27	memtrain/o_379_2.jpg	photodiode	1
71.026	0.5	71026	catch	32671	n/a	catch_padded.jpg	photodiode	0
71.286	0.0	71286	response	6	n/a	n/a	trigger	0
73.019	0.5	73019	trained	32746	21	memtrain/o_319_1.jpg	photodiode	1
73.87	0.5	73870	untrained	32700	67	memtrain/o_378_1.jpg	photodiode	1
74.821	0.5	74821	trained	32752	15	memtrain/o_195_1.jpg	photodiode	1
75.721	0.5	75721	untrained	32708	59	memtrain/o_201_2.jpg	photodiode	1
76.672	0.5	76672	untrained	32679	88	memtrain/o_458_1.jpg	photodiode	1
77.523	0.5	77523	catch	32671	n/a	catch_padded.jpg	photodiode	0
77.857	0.0	77857	response	6	n/a	n/a	trigger	0
79.575	0.5	79575	trained	32749	18	memtrain/o_264_2.jpg	photodiode	1
80.475	0.5	80475	untrained	32697	70	memtrain/o_471_2.jpg	photodiode	1
81.426	0.5	81426	untrained	32676	91	memtrain/o_605_1.jpg	photodiode	1
82.227	0.5	82227	catch	32671	n/a	catch_padded.jpg	photodiode	0
82.575	0.0	82575	response	6	n/a	n/a	trigger	0
84.128	0.5	84128	trained	32761	6	memtrain/o_076_1.jpg	photodiode	1
84.929	0.5	84929	untrained	32695	72	memtrain/o_490_1.jpg	photodiode	1
85.73	0.5	85730	untrained	32719	48	memtrain/o_019_2.jpg	photodiode	1
86.53	0.5	86530	trained	32765	2	memtrain/o_035_1.jpg	photodiode	1
87.381	0.5	87381	catch	32671	n/a	catch_padded.jpg	photodiode	0
87.693	0.0	87693	response	6	n/a	n/a	trigger	0
89.383	0.5	89383	untrained	32696	71	memtrain/o_483_1.jpg	photodiode	1
90.334	0.5	90334	untrained	32699	68	memtrain/o_393_1.jpg	photodiode	1
91.134	0.5	91134	trained	32755	12	memtrain/o_127_2.jpg	photodiode	1
92.085	0.5	92085	untrained	32709	58	memtrain/o_192_1.jpg	photodiode	1
93.036	0.5	93036	catch	32671	n/a	catch_padded.jpg	photodiode	0
93.332	0.0	93332	response	6	n/a	n/a	trigger	0
95.138	0.5	95138	untrained	32681	86	memtrain/o_288_1.jpg	photodiode	1
95.938	0.5	95938	untrained	32702	65	memtrain/o_337_2.jpg	photodiode	1
96.739	0.5	96739	trained	32754	13	memtrain/o_136_1.jpg	photodiode	1
97.64	0.5	97640	catch	32671	n/a	catch_padded.jpg	photodiode	0
97.991	0.0	97991	response	6	n/a	n/a	trigger	0
99.592	0.5	99592	trained	32735	32	memtrain/o_485_2.jpg	photodiode	1
100.392	0.5	100392	trained	32764	3	memtrain/o_040_2.jpg	photodiode	1
101.143	0.5	101143	trained	32728	39	memtrain/o_606_1.jpg	photodiode	1
102.035	0.5	102035	trained	32762	5	memtrain/o_067_1.jpg	photodiode	1
102.886	0.5	102886	catch	32671	n/a	catch_padded.jpg	photodiode	0
103.223	0.0	103223	response	6	n/a	n/a	trigger	0
104.946	0.5	104946	trained	32727	40	memtrain/o_648_2.jpg	photodiode	1
105.688	0.5	105688	untrained	32689	78	memtrain/o_599_1.jpg	photodiode	1
106.539	0.5	106539	trained	32763	4	memtrain/o_042_1.jpg	photodiode	1
107.34	0.5	107340	untrained	32684	83	memtrain/so_105_1.jpg	photodiode	1
108.24	0.5	108240	trained	32758	9	memtrain/o_101_2.jpg	photodiode	1
109.041	0.5	109041	catch	32671	n/a	catch_padded.jpg	photodiode	0
109.342	0.0	109342	response	6	n/a	n/a	trigger	0
111.093	0.5	111093	untrained	32704	63	memtrain/o_310_2.jpg	photodiode	1
111.893	0.5	111893	trained	32737	30	memtrain/o_437_2.jpg	photodiode	1
112.844	0.5	112844	untrained	32718	49	memtrain/o_054_2.jpg	photodiode	1
113.695	0.5	113695	catch	32671	n/a	catch_padded.jpg	photodiode	0
114.168	0.0	114168	response	6	n/a	n/a	trigger	0
115.755	0.5	115755	trained	32757	10	memtrain/o_111_2.jpg	photodiode	1
116.698	0.5	116698	trained	32723	44	memtrain/so_045_1.jpg	photodiode	1
117.448	0.5	117448	untrained	32680	87	memtrain/o_365_1.jpg	photodiode	1
118.349	0.5	118349	untrained	32707	60	memtrain/o_228_2.jpg	photodiode	1
119.25	0.5	119250	untrained	32686	81	memtrain/o_655_2.jpg	photodiode	1
120.15	0.5	120150	catch	32671	n/a	catch_padded.jpg	photodiode	0
120.432	0.0	120432	response	6	n/a	n/a	trigger	0
122.152	0.5	122152	trained	32753	14	memtrain/o_174_1.jpg	photodiode	1
123.053	0.5	123053	trained	32742	25	memtrain/o_358_2.jpg	photodiode	1
123.904	0.5	123904	untrained	32706	61	memtrain/o_298_2.jpg	photodiode	1
124.854	0.5	124854	catch	32671	n/a	catch_padded.jpg	photodiode	0
125.255	0.0	125255	response	6	n/a	n/a	trigger	0
126.756	0.5	126756	trained	32748	19	memtrain/o_284_2.jpg	photodiode	1
127.707	0.5	127707	untrained	32685	82	memtrain/o_656_1.jpg	photodiode	1
128.608	0.5	128608	untrained	32682	85	memtrain/o_218_1.jpg	photodiode	1
129.508	0.5	129508	trained	32759	8	memtrain/o_094_1.jpg	photodiode	1
130.359	0.5	130359	untrained	32698	69	memtrain/o_464_2.jpg	photodiode	1
131.102	0.5	131102	catch	32671	n/a	catch_padded.jpg	photodiode	0
131.37	0.0	131370	response	6	n/a	n/a	trigger	0
133.212	0.5	133212	untrained	32683	84	memtrain/so_117_2.jpg	photodiode	1
134.054	0.5	134054	untrained	32678	89	memtrain/o_469_1.jpg	photodiode	1
134.805	0.5	134805	trained	32722	45	memtrain/so_090_2.jpg	photodiode	1
135.655	0.5	135655	untrained	32716	51	memtrain/o_103_2.jpg	photodiode	1
136.506	0.5	136506	trained	32733	34	memtrain/o_558_2.jpg	photodiode	1
137.257	0.5	137257	catch	32671	n/a	catch_padded.jpg	photodiode	0
137.532	0.0	137532	response	6	n/a	n/a	trigger	0
139.158	0.5	139158	untrained	32693	74	memtrain/o_550_1.jpg	photodiode	1
140.059	0.5	140059	trained	32731	36	memtrain/o_583_1.jpg	photodiode	1
140.96	0.5	140960	trained	32756	11	memtrain/o_117_2.jpg	photodiode	1
141.911	0.5	141911	catch	32671	n/a	catch_padded.jpg	photodiode	0
142.201	0.0	142201	response	6	n/a	n/a	trigger	0
143.862	0.5	143862	untrained	32703	64	memtrain/o_334_2.jpg	photodiode	1
144.713	0.5	144713	untrained	32715	52	memtrain/o_141_1.jpg	photodiode	1
145.664	0.5	145664	untrained	32694	73	memtrain/o_519_2.jpg	photodiode	1
146.515	0.5	146515	trained	32751	16	memtrain/o_199_2.jpg	photodiode	1
147.465	0.5	147465	untrained	32701	66	memtrain/o_342_2.jpg	photodiode	1
148.366	0.5	148366	catch	32671	n/a	catch_padded.jpg	photodiode	0
148.532	0.0	148532	response	6	n/a	n/a	trigger	0
150.268	0.5	150268	untrained	32688	79	memtrain/o_600_1.jpg	photodiode	1
151.069	0.5	151069	untrained	32690	77	memtrain/o_574_2.jpg	photodiode	1
151.919	0.5	151919	untrained	32711	56	memtrain/o_163_2.jpg	photodiode	1
152.87	0.5	152870	untrained	32714	53	memtrain/o_142_2.jpg	photodiode	1
153.821	0.5	153821	untrained	32675	92	memtrain/so_033_1.jpg	photodiode	1
154.622	0.5	154622	catch	32671	n/a	catch_padded.jpg	photodiode	0
154.811	0.0	154811	response	6	n/a	n/a	trigger	0
156.573	0.5	156573	trained	32734	33	memtrain/o_536_1.jpg	photodiode	1
157.424	0.5	157424	trained	32725	42	memtrain/so_034_2.jpg	photodiode	1
158.375	0.5	158375	untrained	32677	90	memtrain/o_580_1.jpg	photodiode	1
159.125	0.5	159125	catch	32671	n/a	catch_padded.jpg	photodiode	0
159.347	0.0	159347	response	6	n/a	n/a	trigger	0
161.127	0.5	161127	untrained	32672	95	memtrain/so_125_1.jpg	photodiode	1
162.069	0.5	162069	untrained	32687	80	memtrain/o_613_1.jpg	photodiode	1
162.87	0.5	162870	trained	32721	46	memtrain/so_113_1.jpg	photodiode	1
163.821	0.5	163821	catch	32671	n/a	catch_padded.jpg	photodiode	0
164.143	0.0	164143	response	6	n/a	n/a	trigger	0
165.772	0.5	165772	trained	32747	20	memtrain/o_290_1.jpg	photodiode	1
166.523	0.5	166523	trained	32744	23	memtrain/o_338_2.jpg	photodiode	1
167.324	0.5	167324	untrained	32693	74	memtrain/o_550_1.jpg	photodiode	1
168.174	0.5	168174	catch	32671	n/a	catch_padded.jpg	photodiode	0
168.474	0.0	168474	response	6	n/a	n/a	trigger	0
170.126	0.5	170126	trained	32763	4	memtrain/o_042_1.jpg	photodiode	1
170.877	0.5	170877	trained	32721	46	memtrain/so_113_1.jpg	photodiode	1
171.627	0.5	171627	trained	32753	14	memtrain/o_174_1.jpg	photodiode	1
172.578	0.5	172578	trained	32740	27	memtrain/o_379_2.jpg	photodiode	1
173.329	0.5	173329	trained	32767	0	memtrain/o_006_1.jpg	photodiode	1
174.08	0.5	174080	catch	32671	n/a	catch_padded.jpg	photodiode	0
174.369	0.0	174369	response	6	n/a	n/a	trigger	0
175.981	0.5	175981	trained	32747	20	memtrain/o_290_1.jpg	photodiode	1
176.782	0.5	176782	untrained	32704	63	memtrain/o_310_2.jpg	photodiode	1
177.633	0.5	177633	trained	32761	6	memtrain/o_076_1.jpg	photodiode	1
178.533	0.5	178533	untrained	32677	90	memtrain/o_580_1.jpg	photodiode	1
179.484	0.5	179484	trained	32755	12	memtrain/o_127_2.jpg	photodiode	1
180.235	0.5	180235	catch	32671	n/a	catch_padded.jpg	photodiode	0
180.447	0.0	180447	response	6	n/a	n/a	trigger	0
182.337	0.5	182337	untrained	32706	61	memtrain/o_298_2.jpg	photodiode	1
183.137	0.5	183137	trained	32760	7	memtrain/o_091_2.jpg	photodiode	1
183.888	0.5	183888	untrained	32692	75	memtrain/o_564_1.jpg	photodiode	1
184.739	0.5	184739	trained	32737	30	memtrain/o_437_2.jpg	photodiode	1
185.639	0.5	185639	catch	32671	n/a	catch_padded.jpg	photodiode	0
186.043	0.0	186043	response	6	n/a	n/a	trigger	0
187.641	0.5	187641	untrained	32711	56	memtrain/o_163_2.jpg	photodiode	1
188.592	0.5	188592	untrained	32689	78	memtrain/o_599_1.jpg	photodiode	1
189.493	0.5	189493	untrained	32707	60	memtrain/o_228_2.jpg	photodiode	1
190.393	0.5	190393	trained	32744	23	memtrain/o_338_2.jpg	photodiode	1
191.144	0.5	191144	catch	32671	n/a	catch_padded.jpg	photodiode	0
191.484	0.0	191484	response	6	n/a	n/a	trigger	0
193.246	0.5	193246	trained	32762	5	memtrain/o_067_1.jpg	photodiode	1
194.188	0.5	194188	untrained	32688	79	memtrain/o_600_1.jpg	photodiode	1
194.947	0.5	194947	trained	32766	1	memtrain/o_015_1.jpg	photodiode	1
195.84	0.5	195840	trained	32765	2	memtrain/o_035_1.jpg	photodiode	1
196.59	0.5	196590	untrained	32717	50	memtrain/o_057_2.jpg	photodiode	1
197.491	0.5	197491	catch	32671	n/a	catch_padded.jpg	photodiode	0
197.807	0.0	197807	response	6	n/a	n/a	trigger	0
199.393	0.5	199393	trained	32732	35	memtrain/o_561_2.jpg	photodiode	1
200.143	0.5	200143	trained	32727	40	memtrain/o_648_2.jpg	photodiode	1
200.944	0.5	200944	trained	32728	39	memtrain/o_606_1.jpg	photodiode	1
201.795	0.5	201795	trained	32730	37	memtrain/o_597_1.jpg	photodiode	1
202.545	0.5	202545	catch	32671	n/a	catch_padded.jpg	photodiode	0
202.88	0.0	202880	response	6	n/a	n/a	trigger	0
204.497	0.5	204497	untrained	32685	82	memtrain/o_656_1.jpg	photodiode	1
205.298	0.5	205298	untrained	32712	55	memtrain/o_153_2.jpg	photodiode	1
206.098	0.5	206098	untrained	32718	49	memtrain/o_054_2.jpg	photodiode	1
206.999	0.5	206999	trained	32757	10	memtrain/o_111_2.jpg	photodiode	1
207.85	0.5	207850	catch	32671	n/a	catch_padded.jpg	photodiode	0
208.141	0.0	208141	response	6	n/a	n/a	trigger	0
209.752	0.5	209752	trained	32754	13	memtrain/o_136_1.jpg	photodiode	1
210.552	0.5	210552	trained	32735	32	memtrain/o_485_2.jpg	photodiode	1
211.453	0.5	211453	untrained	32687	80	memtrain/o_613_1.jpg	photodiode	1
212.304	0.5	212304	trained	32749	18	memtrain/o_264_2.jpg	photodiode	1
213.104	0.5	213104	trained	32748	19	memtrain/o_284_2.jpg	photodiode	1
213.251	0.0	213251	response	6	n/a	n/a	trigger	0
213.955	0.5	213955	catch	32671	n/a	catch_padded.jpg	photodiode	0
214.39	0.0	214390	response	6	n/a	n/a	trigger	0
216.007	0.5	216007	untrained	32697	70	memtrain/o_471_2.jpg	photodiode	1
216.808	0.5	216808	trained	32745	22	memtrain/o_321_1.jpg	photodiode	1
217.758	0.5	217758	untrained	32681	86	memtrain/o_288_1.jpg	photodiode	1
218.659	0.5	218659	catch	32671	n/a	catch_padded.jpg	photodiode	0
219.065	0.0	219065	response	6	n/a	n/a	trigger	0
220.561	0.5	220561	untrained	32699	68	memtrain/o_393_1.jpg	photodiode	1
221.361	0.5	221361	trained	32752	15	memtrain/o_195_1.jpg	photodiode	1
222.304	0.5	222304	untrained	32705	62	memtrain/o_304_1.jpg	photodiode	1
223.054	0.5	223054	trained	32724	43	memtrain/so_043_2.jpg	photodiode	1
224.005	0.5	224005	catch	32671	n/a	catch_padded.jpg	photodiode	0
224.331	0.0	224331	response	6	n/a	n/a	trigger	0
225.957	0.5	225957	untrained	32691	76	memtrain/o_570_1.jpg	photodiode	1
226.858	0.5	226858	untrained	32700	67	memtrain/o_378_1.jpg	photodiode	1
227.708	0.5	227708	untrained	32690	77	memtrain/o_574_2.jpg	photodiode	1
228.459	0.5	228459	catch	32671	n/a	catch_padded.jpg	photodiode	0
228.78	0.0	228780	response	6	n/a	n/a	trigger	0
230.561	0.5	230561	trained	32733	34	memtrain/o_558_2.jpg	photodiode	1
231.512	0.5	231512	trained	32722	45	memtrain/so_090_2.jpg	photodiode	1
232.362	0.5	232362	trained	32729	38	memtrain/o_603_1.jpg	photodiode	1
233.213	0.5	233213	catch	32671	n/a	catch_padded.jpg	photodiode	0
233.601	0.0	233601	response	6	n/a	n/a	trigger	0
235.315	0.5	235315	trained	32734	33	memtrain/o_536_1.jpg	photodiode	1
236.216	0.5	236216	untrained	32703	64	memtrain/o_334_2.jpg	photodiode	1
237.166	0.5	237166	trained	32751	16	memtrain/o_199_2.jpg	photodiode	1
237.917	0.5	237917	untrained	32674	93	memtrain/so_035_1.jpg	photodiode	1
238.668	0.5	238668	trained	32764	3	memtrain/o_040_2.jpg	photodiode	1
239.468	0.5	239468	catch	32671	n/a	catch_padded.jpg	photodiode	0
239.814	0.0	239814	response	6	n/a	n/a	trigger	0
241.42	0.5	241420	untrained	32702	65	memtrain/o_337_2.jpg	photodiode	1
242.221	0.5	242221	trained	32746	21	memtrain/o_319_1.jpg	photodiode	1
242.971	0.5	242971	trained	32726	41	memtrain/o_663_2.jpg	photodiode	1
243.872	0.5	243872	catch	32671	n/a	catch_padded.jpg	photodiode	0
244.335	0.0	244335	response	6	n/a	n/a	trigger	0
245.774	0.5	245774	trained	32756	11	memtrain/o_117_2.jpg	photodiode	1
246.674	0.5	246674	untrained	32701	66	memtrain/o_342_2.jpg	photodiode	1
247.425	0.5	247425	untrained	32675	92	memtrain/so_033_1.jpg	photodiode	1
248.176	0.5	248176	untrained	32714	53	memtrain/o_142_2.jpg	photodiode	1
249.026	0.5	249026	untrained	32710	57	memtrain/o_171_1.jpg	photodiode	1
249.969	0.5	249969	catch	32671	n/a	catch_padded.jpg	photodiode	0
250.278	0.0	250278	response	6	n/a	n/a	trigger	0
252.029	0.5	252029	trained	32725	42	memtrain/so_034_2.jpg	photodiode	1
252.871	0.5	252871	trained	32742	25	memtrain/o_358_2.jpg	photodiode	1
253.672	0.5	253672	untrained	32686	81	memtrain/o_655_2.jpg	photodiode	1
254.423	0.5	254423	untrained	32708	59	memtrain/o_201_2.jpg	photodiode	1
255.324	0.5	255324	catch	32671	n/a	catch_padded.jpg	photodiode	0
255.694	0.0	255694	response	6	n/a	n/a	trigger	0
257.433	0.5	257433	trained	32736	31	memtrain/o_465_2.jpg	photodiode	1
258.376	0.5	258376	trained	32739	28	memtrain/o_397_1.jpg	photodiode	1
259.127	0.5	259127	untrained	32683	84	memtrain/so_117_2.jpg	photodiode	1
259.877	0.5	259877	catch	32671	n/a	catch_padded.jpg	photodiode	0
260.247	0.0	260247	response	6	n/a	n/a	trigger	0
261.929	0.5	261929	trained	32759	8	memtrain/o_094_1.jpg	photodiode	1
262.83	0.5	262830	untrained	32678	89	memtrain/o_469_1.jpg	photodiode	1
263.681	0.5	263681	untrained	32709	58	memtrain/o_192_1.jpg	photodiode	1
264.631	0.5	264631	trained	32738	29	memtrain/o_416_1.jpg	photodiode	1
265.582	0.5	265582	untrained	32719	48	memtrain/o_019_2.jpg	photodiode	1
266.383	0.5	266383	catch	32671	n/a	catch_padded.jpg	photodiode	0
266.735	0.0	266735	response	6	n/a	n/a	trigger	0
268.335	0.5	268335	trained	32750	17	memtrain/o_232_1.jpg	photodiode	1
269.235	0.5	269235	untrained	32695	72	memtrain/o_490_1.jpg	photodiode	1
270.086	0.5	270086	untrained	32713	54	memtrain/o_145_1.jpg	photodiode	1
270.887	0.5	270887	untrained	32682	85	memtrain/o_218_1.jpg	photodiode	1
271.687	0.5	271687	catch	32671	n/a	catch_padded.jpg	photodiode	0
272.042	0.0	272042	response	6	n/a	n/a	trigger	0
273.739	0.5	273739	trained	32731	36	memtrain/o_583_1.jpg	photodiode	1
274.64	0.5	274640	untrained	32696	71	memtrain/o_483_1.jpg	photodiode	1
275.441	0.5	275441	untrained	32715	52	memtrain/o_141_1.jpg	photodiode	1
276.241	0.5	276241	trained	32741	26	memtrain/o_376_1.jpg	photodiode	1
277.192	0.5	277192	catch	32671	n/a	catch_padded.jpg	photodiode	0
277.559	0.0	277559	response	6	n/a	n/a	trigger	0
279.094	0.5	279094	untrained	32672	95	memtrain/so_125_1.jpg	photodiode	1
279.936	0.5	279936	untrained	32680	87	memtrain/o_365_1.jpg	photodiode	1
280.795	0.5	280795	trained	32758	9	memtrain/o_101_2.jpg	photodiode	1
281.546	0.5	281546	untrained	32673	94	memtrain/so_067_1.jpg	photodiode	1
282.388	0.5	282388	catch	32671	n/a	catch_padded.jpg	photodiode	0
282.735	0.0	282735	response	6	n/a	n/a	trigger	0
284.34	0.5	284340	untrained	32716	51	memtrain/o_103_2.jpg	photodiode	1
285.29	0.5	285290	trained	32720	47	memtrain/so_147_2.jpg	photodiode	1
286.091	0.5	286091	untrained	32694	73	memtrain/o_519_2.jpg	photodiode	1
286.992	0.5	286992	untrained	32676	91	memtrain/o_605_1.jpg	photodiode	1
287.943	0.5	287943	untrained	32698	69	memtrain/o_464_2.jpg	photodiode	1
288.893	0.5	288893	catch	32671	n/a	catch_padded.jpg	photodiode	0
289.257	0.0	289257	response	6	n/a	n/a	trigger	0
290.895	0.5	290895	trained	32743	24	memtrain/o_357_1.jpg	photodiode	1
291.746	0.5	291746	untrained	32679	88	memtrain/o_458_1.jpg	photodiode	1
292.597	0.5	292597	untrained	32684	83	memtrain/so_105_1.jpg	photodiode	1
293.497	0.5	293497	trained	32723	44	memtrain/so_045_1.jpg	photodiode	1
294.248	0.5	294248	catch	32671	n/a	catch_padded.jpg	photodiode	0
294.615	0.0	294615	response	6	n/a	n/a	trigger	0
296.723	0.0	296723	block_end	120	n/a	n/a	trigger	0
308.358	0.0	308358	response	6	n/a	n/a	trigger	0
308.365	0.0	308365	block_onset	102	n/a	n/a	trigger	0
310.412	0.5	310412	untrained	32710	57	memtrain/o_171_1.jpg	photodiode	1
311.371	0.5	311371	trained	32726	41	memtrain/o_663_2.jpg	photodiode	1
312.322	0.5	312322	untrained	32699	68	memtrain/o_393_1.jpg	photodiode	1
313.173	0.5	313173	catch	32671	n/a	catch_padded.jpg	photodiode	0
313.535	0.0	313535	response	6	n/a	n/a	trigger	0
315.224	0.5	315224	untrained	32711	56	memtrain/o_163_2.jpg	photodiode	1
316.167	0.5	316167	untrained	32700	67	memtrain/o_378_1.jpg	photodiode	1
316.967	0.5	316967	untrained	32719	48	memtrain/o_019_2.jpg	photodiode	1
317.818	0.5	317818	untrained	32687	80	memtrain/o_613_1.jpg	photodiode	1
318.719	0.5	318719	catch	32671	n/a	catch_padded.jpg	photodiode	0
319.097	0.0	319097	response	6	n/a	n/a	trigger	0
320.67	0.5	320670	untrained	32715	52	memtrain/o_141_1.jpg	photodiode	1
321.571	0.5	321571	trained	32752	15	memtrain/o_195_1.jpg	photodiode	1
322.522	0.5	322522	trained	32759	8	memtrain/o_094_1.jpg	photodiode	1
323.323	0.5	323323	catch	32671	n/a	catch_padded.jpg	photodiode	0
323.669	0.0	323669	response	6	n/a	n/a	trigger	0
325.374	0.5	325374	untrained	32703	64	memtrain/o_334_2.jpg	photodiode	1
326.125	0.5	326125	trained	32758	9	memtrain/o_101_2.jpg	photodiode	1
326.976	0.5	326976	trained	32739	28	memtrain/o_397_1.jpg	photodiode	1
327.877	0.5	327877	catch	32671	n/a	catch_padded.jpg	photodiode	0
328.203	0.0	328203	response	6	n/a	n/a	trigger	0
329.878	0.5	329878	untrained	32683	84	memtrain/so_117_2.jpg	photodiode	1
330.679	0.5	330679	untrained	32695	72	memtrain/o_490_1.jpg	photodiode	1
331.58	0.5	331580	trained	32748	19	memtrain/o_284_2.jpg	photodiode	1
332.48	0.5	332480	untrained	32705	62	memtrain/o_304_1.jpg	photodiode	1
333.281	0.5	333281	catch	32671	n/a	catch_padded.jpg	photodiode	0
333.605	0.0	333605	response	6	n/a	n/a	trigger	0
335.333	0.5	335333	trained	32736	31	memtrain/o_465_2.jpg	photodiode	1
336.083	0.5	336083	trained	32760	7	memtrain/o_091_2.jpg	photodiode	1
336.884	0.5	336884	untrained	32681	86	memtrain/o_288_1.jpg	photodiode	1
337.685	0.5	337685	catch	32671	n/a	catch_padded.jpg	photodiode	0
338.087	0.0	338087	response	6	n/a	n/a	trigger	0
339.687	0.5	339687	untrained	32697	70	memtrain/o_471_2.jpg	photodiode	1
340.637	0.5	340637	trained	32734	33	memtrain/o_536_1.jpg	photodiode	1
341.538	0.5	341538	untrained	32673	94	memtrain/so_067_1.jpg	photodiode	1
342.339	0.5	342339	untrained	32675	92	memtrain/so_033_1.jpg	photodiode	1
343.29	0.5	343290	untrained	32688	79	memtrain/o_600_1.jpg	photodiode	1
344.24	0.5	344240	catch	32671	n/a	catch_padded.jpg	photodiode	0
344.587	0.0	344587	response	6	n/a	n/a	trigger	0
346.242	0.5	346242	trained	32767	0	memtrain/o_006_1.jpg	photodiode	1
346.985	0.5	346985	untrained	32698	69	memtrain/o_464_2.jpg	photodiode	1
347.835	0.5	347835	untrained	32706	61	memtrain/o_298_2.jpg	photodiode	1
348.786	0.5	348786	trained	32724	43	memtrain/so_043_2.jpg	photodiode	1
349.737	0.5	349737	trained	32735	32	memtrain/o_485_2.jpg	photodiode	1
350.638	0.5	350638	catch	32671	n/a	catch_padded.jpg	photodiode	0
350.929	0.0	350929	response	6	n/a	n/a	trigger	0
352.748	0.5	352748	untrained	32713	54	memtrain/o_145_1.jpg	photodiode	1
353.59	0.5	353590	untrained	32684	83	memtrain/so_105_1.jpg	photodiode	1
354.341	0.5	354341	untrained	32692	75	memtrain/o_564_1.jpg	photodiode	1
355.141	0.5	355141	catch	32671	n/a	catch_padded.jpg	photodiode	0
355.481	0.0	355481	response	6	n/a	n/a	trigger	0
357.043	0.5	357043	untrained	32674	93	memtrain/so_035_1.jpg	photodiode	1
357.894	0.5	357894	untrained	32708	59	memtrain/o_201_2.jpg	photodiode	1
358.694	0.5	358694	trained	32762	5	memtrain/o_067_1.jpg	photodiode	1
359.545	0.5	359545	trained	32761	6	memtrain/o_076_1.jpg	photodiode	1
360.296	0.5	360296	catch	32671	n/a	catch_padded.jpg	photodiode	0
360.626	0.0	360626	response	6	n/a	n/a	trigger	0
362.398	0.5	362398	untrained	32714	53	memtrain/o_142_2.jpg	photodiode	1
363.298	0.5	363298	trained	32738	29	memtrain/o_416_1.jpg	photodiode	1
364.249	0.5	364249	trained	32737	30	memtrain/o_437_2.jpg	photodiode	1
365.05	0.5	365050	trained	32722	45	memtrain/so_090_2.jpg	photodiode	1
365.901	0.5	365901	untrained	32707	60	memtrain/o_228_2.jpg	photodiode	1
366.651	0.5	366651	catch	32671	n/a	catch_padded.jpg	photodiode	0
366.967	0.0	366967	response	6	n/a	n/a	trigger	0
368.653	0.5	368653	untrained	32678	89	memtrain/o_469_1.jpg	photodiode	1
369.404	0.5	369404	untrained	32690	77	memtrain/o_574_2.jpg	photodiode	1
370.304	0.5	370304	untrained	32712	55	memtrain/o_153_2.jpg	photodiode	1
371.105	0.5	371105	untrained	32694	73	memtrain/o_519_2.jpg	photodiode	1
371.856	0.5	371856	trained	32725	42	memtrain/so_034_2.jpg	photodiode	1
372.656	0.5	372656	catch	32671	n/a	catch_padded.jpg	photodiode	0
372.955	0.0	372955	response	6	n/a	n/a	trigger	0
374.75	0.5	374750	untrained	32672	95	memtrain/so_125_1.jpg	photodiode	1
375.709	0.5	375709	trained	32766	1	memtrain/o_015_1.jpg	photodiode	1
376.651	0.5	376651	untrained	32677	90	memtrain/o_580_1.jpg	photodiode	1
377.552	0.5	377552	trained	32747	20	memtrain/o_290_1.jpg	photodiode	1
378.403	0.5	378403	catch	32671	n/a	catch_padded.jpg	photodiode	0
378.774	0.0	378774	response	6	n/a	n/a	trigger	0
380.354	0.5	380354	untrained	32689	78	memtrain/o_599_1.jpg	photodiode	1
381.105	0.5	381105	trained	32756	11	memtrain/o_117_2.jpg	photodiode	1
381.956	0.5	381956	untrained	32686	81	memtrain/o_655_2.jpg	photodiode	1
382.907	0.5	382907	trained	32763	4	memtrain/o_042_1.jpg	photodiode	1
383.657	0.5	383657	catch	32671	n/a	catch_padded.jpg	photodiode	0
384.029	0.0	384029	response	6	n/a	n/a	trigger	0
385.559	0.5	385559	trained	32728	39	memtrain/o_606_1.jpg	photodiode	1
386.359	0.5	386359	untrained	32680	87	memtrain/o_365_1.jpg	photodiode	1
387.11	0.5	387110	trained	32744	23	memtrain/o_338_2.jpg	photodiode	1
387.911	0.5	387911	untrained	32676	91	memtrain/o_605_1.jpg	photodiode	1
388.661	0.5	388661	catch	32671	n/a	catch_padded.jpg	photodiode	0
388.986	0.0	388986	response	6	n/a	n/a	trigger	0
390.713	0.5	390713	untrained	32685	82	memtrain/o_656_1.jpg	photodiode	1
391.564	0.5	391564	trained	32742	25	memtrain/o_358_2.jpg	photodiode	1
392.465	0.5	392465	trained	32754	13	memtrain/o_136_1.jpg	photodiode	1
393.365	0.5	393365	trained	32757	10	memtrain/o_111_2.jpg	photodiode	1
394.216	0.5	394216	trained	32729	38	memtrain/o_603_1.jpg	photodiode	1
395.067	0.5	395067	catch	32671	n/a	catch_padded.jpg	photodiode	0
395.369	0.0	395369	response	6	n/a	n/a	trigger	0
397.069	0.5	397069	trained	32733	34	memtrain/o_558_2.jpg	photodiode	1
397.819	0.5	397819	untrained	32693	74	memtrain/o_550_1.jpg	photodiode	1
398.77	0.5	398770	trained	32765	2	memtrain/o_035_1.jpg	photodiode	1
399.671	0.5	399671	untrained	32702	65	memtrain/o_337_2.jpg	photodiode	1
400.521	0.5	400521	catch	32671	n/a	catch_padded.jpg	photodiode	0
400.918	0.0	400918	response	6	n/a	n/a	trigger	0
402.473	0.5	402473	untrained	32682	85	memtrain/o_218_1.jpg	photodiode	1
403.374	0.5	403374	untrained	32691	76	memtrain/o_570_1.jpg	photodiode	1
404.216	0.5	404216	trained	32751	16	memtrain/o_199_2.jpg	photodiode	1
405.167	0.5	405167	catch	32671	n/a	catch_padded.jpg	photodiode	0
405.522	0.0	405522	response	6	n/a	n/a	trigger	0
407.269	0.5	407269	trained	32764	3	memtrain/o_040_2.jpg	photodiode	1
408.02	0.5	408020	trained	32740	27	memtrain/o_379_2.jpg	photodiode	1
408.92	0.5	408920	trained	32730	37	memtrain/o_597_1.jpg	photodiode	1
409.729	0.5	409729	catch	32671	n/a	catch_padded.jpg	photodiode	0
410.069	0.0	410069	response	6	n/a	n/a	trigger	0
411.773	0.5	411773	trained	32749	18	memtrain/o_264_2.jpg	photodiode	1
412.674	0.5	412674	untrained	32679	88	memtrain/o_458_1.jpg	photodiode	1
413.574	0.5	413574	trained	32721	46	memtrain/so_113_1.jpg	photodiode	1
414.425	0.5	414425	trained	32720	47	memtrain/so_147_2.jpg	photodiode	1
415.376	0.5	415376	trained	32723	44	memtrain/so_045_1.jpg	photodiode	1
416.177	0.5	416177	catch	32671	n/a	catch_padded.jpg	photodiode	0
416.445	0.0	416445	response	6	n/a	n/a	trigger	0
418.128	0.5	418128	untrained	32709	58	memtrain/o_192_1.jpg	photodiode	1
418.979	0.5	418979	trained	32727	40	memtrain/o_648_2.jpg	photodiode	1
419.78	0.5	419780	trained	32745	22	memtrain/o_321_1.jpg	photodiode	1
420.58	0.5	420580	untrained	32717	50	memtrain/o_057_2.jpg	photodiode	1
421.381	0.5	421381	catch	32671	n/a	catch_padded.jpg	photodiode	0
421.784	0.0	421784	response	6	n/a	n/a	trigger	0
423.383	0.5	423383	trained	32750	17	memtrain/o_232_1.jpg	photodiode	1
424.333	0.5	424333	trained	32753	14	memtrain/o_174_1.jpg	photodiode	1
425.084	0.5	425084	untrained	32696	71	memtrain/o_483_1.jpg	photodiode	1
425.935	0.5	425935	catch	32671	n/a	catch_padded.jpg	photodiode	0
426.261	0.0	426261	response	6	n/a	n/a	trigger	0
427.836	0.5	427836	trained	32743	24	memtrain/o_357_1.jpg	photodiode	1
428.787	0.5	428787	untrained	32718	49	memtrain/o_054_2.jpg	photodiode	1
429.538	0.5	429538	trained	32732	35	memtrain/o_561_2.jpg	photodiode	1
430.339	0.5	430339	trained	32731	36	memtrain/o_583_1.jpg	photodiode	1
431.289	0.5	431289	catch	32671	n/a	catch_padded.jpg	photodiode	0
431.751	0.0	431751	response	6	n/a	n/a	trigger	0
433.391	0.5	433391	trained	32741	26	memtrain/o_376_1.jpg	photodiode	1
434.242	0.5	434242	untrained	32701	66	memtrain/o_342_2.jpg	photodiode	1
435.184	0.5	435184	untrained	32704	63	memtrain/o_310_2.jpg	photodiode	1
436.035	0.5	436035	trained	32755	12	memtrain/o_127_2.jpg	photodiode	1
436.886	0.5	436886	untrained	32716	51	memtrain/o_103_2.jpg	photodiode	1
437.736	0.5	437736	catch	32671	n/a	catch_padded.jpg	photodiode	0
438.053	0.0	438053	response	6	n/a	n/a	trigger	0
439.797	0.5	439797	trained	32746	21	memtrain/o_319_1.jpg	photodiode	1
440.639	0.5	440639	trained	32722	45	memtrain/so_090_2.jpg	photodiode	1
441.389	0.5	441389	trained	32727	40	memtrain/o_648_2.jpg	photodiode	1
442.19	0.5	442190	trained	32748	19	memtrain/o_284_2.jpg	photodiode	1
442.941	0.5	442941	catch	32671	n/a	catch_padded.jpg	photodiode	0
443.352	0.0	443352	response	6	n/a	n/a	trigger	0
445.042	0.5	445042	untrained	32707	60	memtrain/o_228_2.jpg	photodiode	1
445.993	0.5	445993	trained	32730	37	memtrain/o_597_1.jpg	photodiode	1
446.944	0.5	446944	trained	32762	5	memtrain/o_067_1.jpg	photodiode	1
447.745	0.5	447745	trained	32726	41	memtrain/o_663_2.jpg	photodiode	1
448.596	0.5	448596	trained	32751	16	memtrain/o_199_2.jpg	photodiode	1
449.496	0.5	449496	catch	32671	n/a	catch_padded.jpg	photodiode	0
449.771	0.0	449771	response	6	n/a	n/a	trigger	0
451.598	0.5	451598	trained	32741	26	memtrain/o_376_1.jpg	photodiode	1
452.349	0.5	452349	trained	32736	31	memtrain/o_465_2.jpg	photodiode	1
453.199	0.5	453199	trained	32752	15	memtrain/o_195_1.jpg	photodiode	1
453.95	0.5	453950	catch	32671	n/a	catch_padded.jpg	photodiode	0
454.367	0.0	454367	response	6	n/a	n/a	trigger	0
456.002	0.5	456002	trained	32732	35	memtrain/o_561_2.jpg	photodiode	1
456.802	0.5	456802	trained	32729	38	memtrain/o_603_1.jpg	photodiode	1
457.753	0.5	457753	trained	32753	14	memtrain/o_174_1.jpg	photodiode	1
458.704	0.5	458704	trained	32758	9	memtrain/o_101_2.jpg	photodiode	1
459.505	0.5	459505	untrained	32686	81	memtrain/o_655_2.jpg	photodiode	1
460.305	0.5	460305	catch	32671	n/a	catch_padded.jpg	photodiode	0
460.61	0.0	460610	response	6	n/a	n/a	trigger	0
462.207	0.5	462207	trained	32743	24	memtrain/o_357_1.jpg	photodiode	1
463.008	0.5	463008	untrained	32682	85	memtrain/o_218_1.jpg	photodiode	1
463.8	0.5	463800	untrained	32676	91	memtrain/o_605_1.jpg	photodiode	1
464.701	0.5	464701	trained	32754	13	memtrain/o_136_1.jpg	photodiode	1
465.652	0.5	465652	untrained	32715	52	memtrain/o_141_1.jpg	photodiode	1
466.402	0.5	466402	catch	32671	n/a	catch_padded.jpg	photodiode	0
466.602	0.0	466602	response	6	n/a	n/a	trigger	0
468.304	0.5	468304	trained	32733	34	memtrain/o_558_2.jpg	photodiode	1
469.255	0.5	469255	untrained	32702	65	memtrain/o_337_2.jpg	photodiode	1
470.005	0.5	470005	untrained	32680	87	memtrain/o_365_1.jpg	photodiode	1
470.856	0.5	470856	untrained	32687	80	memtrain/o_613_1.jpg	photodiode	1
471.757	0.5	471757	trained	32735	32	memtrain/o_485_2.jpg	photodiode	1
472.658	0.5	472658	catch	32671	n/a	catch_padded.jpg	photodiode	0
472.921	0.0	472921	response	6	n/a	n/a	trigger	0
474.559	0.5	474559	untrained	32677	90	memtrain/o_580_1.jpg	photodiode	1
475.51	0.5	475510	untrained	32716	51	memtrain/o_103_2.jpg	photodiode	1
476.311	0.5	476311	untrained	32681	86	memtrain/o_288_1.jpg	photodiode	1
477.061	0.5	477061	trained	32737	30	memtrain/o_437_2.jpg	photodiode	1
477.912	0.5	477912	catch	32671	n/a	catch_padded.jpg	photodiode	0
478.242	0.0	478242	response	6	n/a	n/a	trigger	0
480.014	0.5	480014	untrained	32695	72	memtrain/o_490_1.jpg	photodiode	1
480.865	0.5	480865	trained	32761	6	memtrain/o_076_1.jpg	photodiode	1
481.665	0.5	481665	untrained	32718	49	memtrain/o_054_2.jpg	photodiode	1
482.516	0.5	482516	catch	32671	n/a	catch_padded.jpg	photodiode	0
482.901	0.0	482901	response	6	n/a	n/a	trigger	0
484.618	0.5	484618	trained	32739	28	memtrain/o_397_1.jpg	photodiode	1
485.419	0.5	485419	trained	32723	44	memtrain/so_045_1.jpg	photodiode	1
486.169	0.5	486169	untrained	32719	48	memtrain/o_019_2.jpg	photodiode	1
487.07	0.5	487070	untrained	32684	83	memtrain/so_105_1.jpg	photodiode	1
487.971	0.5	487971	catch	32671	n/a	catch_padded.jpg	photodiode	0
488.28	0.0	488280	response	6	n/a	n/a	trigger	0
489.972	0.5	489972	untrained	32703	64	memtrain/o_334_2.jpg	photodiode	1
490.723	0.5	490723	untrained	32688	79	memtrain/o_600_1.jpg	photodiode	1
491.465	0.5	491465	untrained	32674	93	memtrain/so_035_1.jpg	photodiode	1
492.216	0.5	492216	catch	32671	n/a	catch_padded.jpg	photodiode	0
492.731	0.0	492731	response	6	n/a	n/a	trigger	0
494.117	0.5	494117	untrained	32690	77	memtrain/o_574_2.jpg	photodiode	1
494.918	0.5	494918	untrained	32712	55	memtrain/o_153_2.jpg	photodiode	1
495.719	0.5	495719	trained	32746	21	memtrain/o_319_1.jpg	photodiode	1
496.578	0.5	496578	untrained	32692	75	memtrain/o_564_1.jpg	photodiode	1
497.47	0.5	497470	trained	32760	7	memtrain/o_091_2.jpg	photodiode	1
498.271	0.5	498271	catch	32671	n/a	catch_padded.jpg	photodiode	0
498.554	0.0	498554	response	6	n/a	n/a	trigger	0
500.173	0.5	500173	untrained	32693	74	memtrain/o_550_1.jpg	photodiode	1
500.923	0.5	500923	untrained	32710	57	memtrain/o_171_1.jpg	photodiode	1
501.824	0.5	501824	untrained	32679	88	memtrain/o_458_1.jpg	photodiode	1
502.775	0.5	502775	untrained	32717	50	memtrain/o_057_2.jpg	photodiode	1
503.575	0.5	503575	untrained	32689	78	memtrain/o_599_1.jpg	photodiode	1
504.476	0.5	504476	catch	32671	n/a	catch_padded.jpg	photodiode	0
504.664	0.0	504664	response	6	n/a	n/a	trigger	0
506.578	0.5	506578	untrained	32708	59	memtrain/o_201_2.jpg	photodiode	1
507.329	0.5	507329	trained	32724	43	memtrain/so_043_2.jpg	photodiode	1
508.279	0.5	508279	trained	32756	11	memtrain/o_117_2.jpg	photodiode	1
509.18	0.5	509180	catch	32671	n/a	catch_padded.jpg	photodiode	0
509.585	0.0	509585	response	6	n/a	n/a	trigger	0
511.182	0.5	511182	untrained	32705	62	memtrain/o_304_1.jpg	photodiode	1
512.083	0.5	512083	trained	32764	3	memtrain/o_040_2.jpg	photodiode	1
513.033	0.5	513033	trained	32747	20	memtrain/o_290_1.jpg	photodiode	1
513.834	0.5	513834	catch	32671	n/a	catch_padded.jpg	photodiode	0
514.199	0.0	514199	response	6	n/a	n/a	trigger	0
515.836	0.5	515836	untrained	32704	63	memtrain/o_310_2.jpg	photodiode	1
516.737	0.5	516737	trained	32738	29	memtrain/o_416_1.jpg	photodiode	1
517.537	0.5	517537	trained	32744	23	memtrain/o_338_2.jpg	photodiode	1
518.388	0.5	518388	catch	32671	n/a	catch_padded.jpg	photodiode	0
518.691	0.0	518691	response	6	n/a	n/a	trigger	0
520.29	0.5	520290	untrained	32706	61	memtrain/o_298_2.jpg	photodiode	1
521.232	0.5	521232	untrained	32673	94	memtrain/so_067_1.jpg	photodiode	1
522.133	0.5	522133	trained	32759	8	memtrain/o_094_1.jpg	photodiode	1
523.092	0.5	523092	catch	32671	n/a	catch_padded.jpg	photodiode	0
523.379	0.0	523379	response	6	n/a	n/a	trigger	0
525.035	0.5	525035	trained	32720	47	memtrain/so_147_2.jpg	photodiode	1
525.786	0.5	525786	trained	32765	2	memtrain/o_035_1.jpg	photodiode	1
526.637	0.5	526637	untrained	32685	82	memtrain/o_656_1.jpg	photodiode	1
527.387	0.5	527387	untrained	32696	71	memtrain/o_483_1.jpg	photodiode	1
528.296	0.5	528296	catch	32671	n/a	catch_padded.jpg	photodiode	0
528.57	0.0	528570	response	6	n/a	n/a	trigger	0
530.198	0.5	530198	untrained	32701	66	memtrain/o_342_2.jpg	photodiode	1
531.141	0.5	531141	trained	32749	18	memtrain/o_264_2.jpg	photodiode	1
531.891	0.5	531891	untrained	32714	53	memtrain/o_142_2.jpg	photodiode	1
532.642	0.5	532642	trained	32755	12	memtrain/o_127_2.jpg	photodiode	1
533.493	0.5	533493	catch	32671	n/a	catch_padded.jpg	photodiode	0
533.759	0.0	533759	response	6	n/a	n/a	trigger	0
535.544	0.5	535544	untrained	32694	73	memtrain/o_519_2.jpg	photodiode	1
536.295	0.5	536295	untrained	32700	67	memtrain/o_378_1.jpg	photodiode	1
537.096	0.5	537096	untrained	32672	95	memtrain/so_125_1.jpg	photodiode	1
537.996	0.5	537996	untrained	32698	69	memtrain/o_464_2.jpg	photodiode	1
538.947	0.5	538947	untrained	32713	54	memtrain/o_145_1.jpg	photodiode	1
539.698	0.5	539698	catch	32671	n/a	catch_padded.jpg	photodiode	0
539.895	0.0	539895	response	6	n/a	n/a	trigger	0
541.7	0.5	541700	untrained	32683	84	memtrain/so_117_2.jpg	photodiode	1
542.6	0.5	542600	trained	32740	27	memtrain/o_379_2.jpg	photodiode	1
543.501	0.5	543501	trained	32757	10	memtrain/o_111_2.jpg	photodiode	1
544.452	0.5	544452	untrained	32711	56	memtrain/o_163_2.jpg	photodiode	1
545.303	0.5	545303	trained	32721	46	memtrain/so_113_1.jpg	photodiode	1
546.091	0.0	546091	response	6	n/a	n/a	trigger	0
546.153	0.5	546153	catch	32671	n/a	catch_padded.jpg	photodiode	0
548.255	0.5	548255	trained	32766	1	memtrain/o_015_1.jpg	photodiode	1
549.006	0.5	549006	untrained	32675	92	memtrain/so_033_1.jpg	photodiode	1
549.857	0.5	549857	trained	32745	22	memtrain/o_321_1.jpg	photodiode	1
550.749	0.5	550749	untrained	32709	58	memtrain/o_192_1.jpg	photodiode	1
551.65	0.5	551650	catch	32671	n/a	catch_padded.jpg	photodiode	0
551.975	0.0	551975	response	6	n/a	n/a	trigger	0
553.601	0.5	553601	trained	32731	36	memtrain/o_583_1.jpg	photodiode	1
554.402	0.5	554402	untrained	32699	68	memtrain/o_393_1.jpg	photodiode	1
555.303	0.5	555303	trained	32734	33	memtrain/o_536_1.jpg	photodiode	1
556.053	0.5	556053	trained	32728	39	memtrain/o_606_1.jpg	photodiode	1
556.854	0.5	556854	catch	32671	n/a	catch_padded.jpg	photodiode	0
557.133	0.0	557133	response	6	n/a	n/a	trigger	0
558.956	0.5	558956	untrained	32678	89	memtrain/o_469_1.jpg	photodiode	1
559.806	0.5	559806	untrained	32691	76	memtrain/o_570_1.jpg	photodiode	1
560.557	0.5	560557	trained	32742	25	memtrain/o_358_2.jpg	photodiode	1
561.458	0.5	561458	catch	32671	n/a	catch_padded.jpg	photodiode	0
561.717	0.0	561717	response	6	n/a	n/a	trigger	0
563.46	0.5	563460	trained	32725	42	memtrain/so_034_2.jpg	photodiode	1
564.36	0.5	564360	trained	32763	4	memtrain/o_042_1.jpg	photodiode	1
565.311	0.5	565311	untrained	32697	70	memtrain/o_471_2.jpg	photodiode	1
566.112	0.5	566112	trained	32767	0	memtrain/o_006_1.jpg	photodiode	1
566.912	0.5	566912	trained	32750	17	memtrain/o_232_1.jpg	photodiode	1
567.813	0.5	567813	catch	32671	n/a	catch_padded.jpg	photodiode	0
568.01	0.0	568010	response	6	n/a	n/a	trigger	0
570.287	0.0	570287	block_end	120	n/a	n/a	trigger	0
592.785	0.0	592785	response	6	n/a	n/a	trigger	0
592.789	0.0	592789	block_onset	103	n/a	n/a	trigger	0
594.836	0.5	594836	untrained	32691	76	memtrain/o_570_1.jpg	photodiode	1
595.745	0.5	595745	untrained	32700	67	memtrain/o_378_1.jpg	photodiode	1
596.546	0.5	596546	untrained	32707	60	memtrain/o_228_2.jpg	photodiode	1
597.397	0.5	597397	catch	32671	n/a	catch_padded.jpg	photodiode	0
597.732	0.0	597732	response	6	n/a	n/a	trigger	0
599.399	0.5	599399	untrained	32709	58	memtrain/o_192_1.jpg	photodiode	1
600.249	0.5	600249	trained	32734	33	memtrain/o_536_1.jpg	photodiode	1
601.041	0.5	601041	trained	32749	18	memtrain/o_264_2.jpg	photodiode	1
601.801	0.5	601801	catch	32671	n/a	catch_padded.jpg	photodiode	0
602.195	0.0	602195	response	6	n/a	n/a	trigger	0
603.902	0.5	603902	trained	32733	34	memtrain/o_558_2.jpg	photodiode	1
604.745	0.5	604745	trained	32762	5	memtrain/o_067_1.jpg	photodiode	1
605.495	0.5	605495	trained	32753	14	memtrain/o_174_1.jpg	photodiode	1
606.246	0.5	606246	catch	32671	n/a	catch_padded.jpg	photodiode	0
606.552	0.0	606552	response	6	n/a	n/a	trigger	0
608.147	0.5	608147	untrained	32672	95	memtrain/so_125_1.jpg	photodiode	1
609.098	0.5	609098	trained	32748	19	memtrain/o_284_2.jpg	photodiode	1
609.899	0.5	609899	untrained	32694	73	memtrain/o_519_2.jpg	photodiode	1
610.7	0.5	610700	catch	32671	n/a	catch_padded.jpg	photodiode	0
611.01	0.0	611010	response	6	n/a	n/a	trigger	0
612.801	0.5	612801	untrained	32702	65	memtrain/o_337_2.jpg	photodiode	1
613.552	0.5	613552	untrained	32696	71	memtrain/o_483_1.jpg	photodiode	1
614.453	0.5	614453	untrained	32683	84	memtrain/so_117_2.jpg	photodiode	1
615.203	0.5	615203	untrained	32698	69	memtrain/o_464_2.jpg	photodiode	1
616.154	0.5	616154	catch	32671	n/a	catch_padded.jpg	photodiode	0
616.434	0.0	616434	response	6	n/a	n/a	trigger	0
618.106	0.5	618106	trained	32722	45	memtrain/so_090_2.jpg	photodiode	1
618.856	0.5	618856	trained	32720	47	memtrain/so_147_2.jpg	photodiode	1
619.807	0.5	619807	untrained	32703	64	memtrain/o_334_2.jpg	photodiode	1
620.558	0.5	620558	trained	32731	36	memtrain/o_583_1.jpg	photodiode	1
621.409	0.5	621409	trained	32759	8	memtrain/o_094_1.jpg	photodiode	1
622.259	0.5	622259	catch	32671	n/a	catch_padded.jpg	photodiode	0
622.479	0.0	622479	response	6	n/a	n/a	trigger	0
624.311	0.5	624311	trained	32737	30	memtrain/o_437_2.jpg	photodiode	1
625.162	0.5	625162	untrained	32679	88	memtrain/o_458_1.jpg	photodiode	1
625.963	0.5	625963	untrained	32699	68	memtrain/o_393_1.jpg	photodiode	1
626.863	0.5	626863	trained	32738	29	memtrain/o_416_1.jpg	photodiode	1
627.714	0.5	627714	catch	32671	n/a	catch_padded.jpg	photodiode	0
628.041	0.0	628041	response	6	n/a	n/a	trigger	0
629.657	0.5	629657	untrained	32681	86	memtrain/o_288_1.jpg	photodiode	1
630.458	0.5	630458	trained	32724	43	memtrain/so_043_2.jpg	photodiode	1
631.209	0.5	631209	trained	32766	1	memtrain/o_015_1.jpg	photodiode	1
632.06	0.5	632060	untrained	32706	61	memtrain/o_298_2.jpg	photodiode	1
633.01	0.5	633010	catch	32671	n/a	catch_padded.jpg	photodiode	0
633.328	0.0	633328	response	6	n/a	n/a	trigger	0
635.062	0.5	635062	trained	32735	32	memtrain/o_485_2.jpg	photodiode	1
636.013	0.5	636013	trained	32721	46	memtrain/so_113_1.jpg	photodiode	1
636.814	0.5	636814	untrained	32711	56	memtrain/o_163_2.jpg	photodiode	1
637.564	0.5	637564	trained	32764	3	memtrain/o_040_2.jpg	photodiode	1
638.415	0.5	638415	catch	32671	n/a	catch_padded.jpg	photodiode	0
638.694	0.0	638694	response	6	n/a	n/a	trigger	0
640.367	0.5	640367	untrained	32701	66	memtrain/o_342_2.jpg	photodiode	1
641.167	0.5	641167	trained	32726	41	memtrain/o_663_2.jpg	photodiode	1
642.118	0.5	642118	untrained	32710	57	memtrain/o_171_1.jpg	photodiode	1
642.969	0.5	642969	untrained	32677	90	memtrain/o_580_1.jpg	photodiode	1
643.928	0.5	643928	trained	32758	9	memtrain/o_101_2.jpg	photodiode	1
644.77	0.5	644770	catch	32671	n/a	catch_padded.jpg	photodiode	0
644.963	0.0	644963	response	6	n/a	n/a	trigger	0
646.872	0.5	646872	trained	32746	21	memtrain/o_319_1.jpg	photodiode	1
647.723	0.5	647723	untrained	32697	70	memtrain/o_471_2.jpg	photodiode	1
648.523	0.5	648523	trained	32742	25	memtrain/o_358_2.jpg	photodiode	1
649.474	0.5	649474	catch	32671	n/a	catch_padded.jpg	photodiode	0
649.84	0.0	649840	response	6	n/a	n/a	trigger	0
651.376	0.5	651376	trained	32739	28	memtrain/o_397_1.jpg	photodiode	1
652.327	0.5	652327	trained	32750	17	memtrain/o_232_1.jpg	photodiode	1
653.077	0.5	653077	trained	32743	24	memtrain/o_357_1.jpg	photodiode	1
653.828	0.5	653828	trained	32741	26	memtrain/o_376_1.jpg	photodiode	1
654.679	0.5	654679	untrained	32708	59	memtrain/o_201_2.jpg	photodiode	1
655.579	0.5	655579	catch	32671	n/a	catch_padded.jpg	photodiode	0
655.816	0.0	655816	response	6	n/a	n/a	trigger	0
657.481	0.5	657481	trained	32754	13	memtrain/o_136_1.jpg	photodiode	1
658.282	0.5	658282	untrained	32716	51	memtrain/o_103_2.jpg	photodiode	1
659.174	0.5	659174	untrained	32684	83	memtrain/so_105_1.jpg	photodiode	1
659.983	0.5	659983	trained	32761	6	memtrain/o_076_1.jpg	photodiode	1
660.725	0.5	660725	catch	32671	n/a	catch_padded.jpg	photodiode	0
661.088	0.0	661088	response	6	n/a	n/a	trigger	0
662.777	0.5	662777	trained	32744	23	memtrain/o_338_2.jpg	photodiode	1
663.628	0.5	663628	trained	32729	38	memtrain/o_603_1.jpg	photodiode	1
664.478	0.5	664478	untrained	32705	62	memtrain/o_304_1.jpg	photodiode	1
665.438	0.5	665438	untrained	32712	55	memtrain/o_153_2.jpg	photodiode	1
666.18	0.5	666180	catch	32671	n/a	catch_padded.jpg	photodiode	0
666.513	0.0	666513	response	6	n/a	n/a	trigger	0
668.282	0.5	668282	untrained	32673	94	memtrain/so_067_1.jpg	photodiode	1
669.232	0.5	669232	trained	32728	39	memtrain/o_606_1.jpg	photodiode	1
670.083	0.5	670083	untrained	32685	82	memtrain/o_656_1.jpg	photodiode	1
670.834	0.5	670834	untrained	32686	81	memtrain/o_655_2.jpg	photodiode	1
671.585	0.5	671585	catch	32671	n/a	catch_padded.jpg	photodiode	0
671.873	0.0	671873	response	6	n/a	n/a	trigger	0
673.586	0.5	673586	untrained	32719	48	memtrain/o_019_2.jpg	photodiode	1
674.537	0.5	674537	trained	32747	20	memtrain/o_290_1.jpg	photodiode	1
675.488	0.5	675488	untrained	32718	49	memtrain/o_054_2.jpg	photodiode	1
676.339	0.5	676339	catch	32671	n/a	catch_padded.jpg	photodiode	0
676.662	0.0	676662	response	6	n/a	n/a	trigger	0
678.44	0.5	678440	untrained	32674	93	memtrain/so_035_1.jpg	photodiode	1
679.291	0.5	679291	untrained	32682	85	memtrain/o_218_1.jpg	photodiode	1
680.192	0.5	680192	untrained	32714	53	memtrain/o_142_2.jpg	photodiode	1
680.942	0.5	680942	catch	32671	n/a	catch_padded.jpg	photodiode	0
681.317	0.0	681317	response	6	n/a	n/a	trigger	0
682.894	0.5	682894	trained	32767	0	memtrain/o_006_1.jpg	photodiode	1
683.695	0.5	683695	trained	32736	31	memtrain/o_465_2.jpg	photodiode	1
684.596	0.5	684596	untrained	32717	50	memtrain/o_057_2.jpg	photodiode	1
685.546	0.5	685546	trained	32760	7	memtrain/o_091_2.jpg	photodiode	1
686.297	0.5	686297	trained	32723	44	memtrain/so_045_1.jpg	photodiode	1
687.098	0.5	687098	catch	32671	n/a	catch_padded.jpg	photodiode	0
687.309	0.0	687309	response	6	n/a	n/a	trigger	0
689.199	0.5	689199	untrained	32715	52	memtrain/o_141_1.jpg	photodiode	1
689.95	0.5	689950	untrained	32693	74	memtrain/o_550_1.jpg	photodiode	1
690.743	0.5	690743	trained	32755	12	memtrain/o_127_2.jpg	photodiode	1
691.543	0.5	691543	catch	32671	n/a	catch_padded.jpg	photodiode	0
691.858	0.0	691858	response	6	n/a	n/a	trigger	0
693.495	0.5	693495	untrained	32692	75	memtrain/o_564_1.jpg	photodiode	1
694.246	0.5	694246	trained	32757	10	memtrain/o_111_2.jpg	photodiode	1
695.146	0.5	695146	untrained	32678	89	memtrain/o_469_1.jpg	photodiode	1
695.897	0.5	695897	catch	32671	n/a	catch_padded.jpg	photodiode	0
696.224	0.0	696224	response	6	n/a	n/a	trigger	0
697.999	0.5	697999	trained	32756	11	memtrain/o_117_2.jpg	photodiode	1
698.958	0.5	698958	untrained	32680	87	memtrain/o_365_1.jpg	photodiode	1
699.9	0.5	699900	trained	32725	42	memtrain/so_034_2.jpg	photodiode	1
700.851	0.5	700851	untrained	32695	72	memtrain/o_490_1.jpg	photodiode	1
701.702	0.5	701702	catch	32671	n/a	catch_padded.jpg	photodiode	0
702.073	0.0	702073	response	6	n/a	n/a	trigger	0
703.754	0.5	703754	trained	32732	35	memtrain/o_561_2.jpg	photodiode	1
704.504	0.5	704504	untrained	32689	78	memtrain/o_599_1.jpg	photodiode	1
705.355	0.5	705355	untrained	32704	63	memtrain/o_310_2.jpg	photodiode	1
706.256	0.5	706256	trained	32745	22	memtrain/o_321_1.jpg	photodiode	1
707.006	0.5	707006	catch	32671	n/a	catch_padded.jpg	photodiode	0
707.373	0.0	707373	response	6	n/a	n/a	trigger	0
709.058	0.5	709058	trained	32765	2	memtrain/o_035_1.jpg	photodiode	1
709.859	0.5	709859	trained	32763	4	memtrain/o_042_1.jpg	photodiode	1
710.81	0.5	710810	untrained	32688	79	memtrain/o_600_1.jpg	photodiode	1
711.61	0.5	711610	catch	32671	n/a	catch_padded.jpg	photodiode	0
711.941	0.0	711941	response	6	n/a	n/a	trigger	0
713.562	0.5	713562	untrained	32675	92	memtrain/so_033_1.jpg	photodiode	1
714.413	0.5	714413	untrained	32687	80	memtrain/o_613_1.jpg	photodiode	1
715.213	0.5	715213	trained	32727	40	memtrain/o_648_2.jpg	photodiode	1
716.164	0.5	716164	untrained	32690	77	memtrain/o_574_2.jpg	photodiode	1
717.056	0.5	717056	untrained	32713	54	memtrain/o_145_1.jpg	photodiode	1
717.807	0.5	717807	catch	32671	n/a	catch_padded.jpg	photodiode	0
718.047	0.0	718047	response	6	n/a	n/a	trigger	0
719.717	0.5	719717	trained	32730	37	memtrain/o_597_1.jpg	photodiode	1
720.609	0.5	720609	untrained	32676	91	memtrain/o_605_1.jpg	photodiode	1
721.51	0.5	721510	trained	32751	16	memtrain/o_199_2.jpg	photodiode	1
722.461	0.5	722461	trained	32740	27	memtrain/o_379_2.jpg	photodiode	1
723.362	0.5	723362	trained	32752	15	memtrain/o_195_1.jpg	photodiode	1
724.162	0.5	724162	catch	32671	n/a	catch_padded.jpg	photodiode	0
724.533	0.0	724533	response	6	n/a	n/a	trigger	0
726.214	0.5	726214	trained	32726	41	memtrain/o_663_2.jpg	photodiode	1
727.065	0.5	727065	trained	32762	5	memtrain/o_067_1.jpg	photodiode	1
727.966	0.5	727966	untrained	32706	61	memtrain/o_298_2.jpg	photodiode	1
728.816	0.5	728816	untrained	32682	85	memtrain/o_218_1.jpg	photodiode	1
729.617	0.5	729617	untrained	32681	86	memtrain/o_288_1.jpg	photodiode	1
730.418	0.5	730418	catch	32671	n/a	catch_padded.jpg	photodiode	0
730.76	0.0	730760	response	6	n/a	n/a	trigger	0
732.319	0.5	732319	untrained	32673	94	memtrain/so_067_1.jpg	photodiode	1
733.07	0.5	733070	trained	32736	31	memtrain/o_465_2.jpg	photodiode	1
733.921	0.5	733921	untrained	32702	65	memtrain/o_337_2.jpg	photodiode	1
734.771	0.5	734771	trained	32761	6	memtrain/o_076_1.jpg	photodiode	1
735.622	0.5	735622	catch	32671	n/a	catch_padded.jpg	photodiode	0
736.054	0.0	736054	response	6	n/a	n/a	trigger	0
737.624	0.5	737624	trained	32734	33	memtrain/o_536_1.jpg	photodiode	1
738.575	0.5	738575	untrained	32697	70	memtrain/o_471_2.jpg	photodiode	1
739.525	0.5	739525	trained	32753	14	memtrain/o_174_1.jpg	photodiode	1
740.326	0.5	740326	trained	32723	44	memtrain/so_045_1.jpg	photodiode	1
741.127	0.5	741127	catch	32671	n/a	catch_padded.jpg	photodiode	0
741.462	0.0	741462	response	6	n/a	n/a	trigger	0
743.179	0.5	743179	trained	32737	30	memtrain/o_437_2.jpg	photodiode	1
744.079	0.5	744079	trained	32735	32	memtrain/o_485_2.jpg	photodiode	1
745.03	0.5	745030	untrained	32713	54	memtrain/o_145_1.jpg	photodiode	1
745.981	0.5	745981	untrained	32683	84	memtrain/so_117_2.jpg	photodiode	1
746.924	0.5	746924	trained	32744	23	memtrain/o_338_2.jpg	photodiode	1
747.824	0.5	747824	catch	32671	n/a	catch_padded.jpg	photodiode	0
748.064	0.0	748064	response	6	n/a	n/a	trigger	0
749.926	0.5	749926	trained	32739	28	memtrain/o_397_1.jpg	photodiode	1
750.777	0.5	750777	trained	32756	11	memtrain/o_117_2.jpg	photodiode	1
751.678	0.5	751678	trained	32728	39	memtrain/o_606_1.jpg	photodiode	1
752.478	0.5	752478	untrained	32685	82	memtrain/o_656_1.jpg	photodiode	1
753.229	0.5	753229	catch	32671	n/a	catch_padded.jpg	photodiode	0
753.696	0.0	753696	response	6	n/a	n/a	trigger	0
755.281	0.5	755281	untrained	32672	95	memtrain/so_125_1.jpg	photodiode	1
756.031	0.5	756031	trained	32766	1	memtrain/o_015_1.jpg	photodiode	1
756.982	0.5	756982	trained	32741	26	memtrain/o_376_1.jpg	photodiode	1
757.833	0.5	757833	catch	32671	n/a	catch_padded.jpg	photodiode	0
758.263	0.0	758263	response	6	n/a	n/a	trigger	0
759.734	0.5	759734	untrained	32675	92	memtrain/so_033_1.jpg	photodiode	1
760.585	0.5	760585	untrained	32715	52	memtrain/o_141_1.jpg	photodiode	1
761.436	0.5	761436	untrained	32694	73	memtrain/o_519_2.jpg	photodiode	1
762.237	0.5	762237	untrained	32691	76	memtrain/o_570_1.jpg	photodiode	1
762.987	0.5	762987	trained	32733	34	memtrain/o_558_2.jpg	photodiode	1
763.838	0.5	763838	catch	32671	n/a	catch_padded.jpg	photodiode	0
764.041	0.0	764041	response	6	n/a	n/a	trigger	0
765.94	0.5	765940	untrained	32714	53	memtrain/o_142_2.jpg	photodiode	1
766.79	0.5	766790	trained	32727	40	memtrain/o_648_2.jpg	photodiode	1
767.641	0.5	767641	untrained	32700	67	memtrain/o_378_1.jpg	photodiode	1
768.492	0.5	768492	untrained	32684	83	memtrain/so_105_1.jpg	photodiode	1
769.443	0.5	769443	trained	32743	24	memtrain/o_357_1.jpg	photodiode	1
770.293	0.5	770293	catch	32671	n/a	catch_padded.jpg	photodiode	0
770.525	0.0	770525	response	6	n/a	n/a	trigger	0
772.345	0.5	772345	untrained	32696	71	memtrain/o_483_1.jpg	photodiode	1
773.246	0.5	773246	untrained	32703	64	memtrain/o_334_2.jpg	photodiode	1
774.147	0.5	774147	trained	32750	17	memtrain/o_232_1.jpg	photodiode	1
774.897	0.5	774897	catch	32671	n/a	catch_padded.jpg	photodiode	0
775.229	0.0	775229	response	6	n/a	n/a	trigger	0
776.89	0.5	776890	untrained	32674	93	memtrain/so_035_1.jpg	photodiode	1
777.791	0.5	777791	untrained	32717	50	memtrain/o_057_2.jpg	photodiode	1
778.642	0.5	778642	trained	32746	21	memtrain/o_319_1.jpg	photodiode	1
779.443	0.5	779443	untrained	32689	78	memtrain/o_599_1.jpg	photodiode	1
780.293	0.5	780293	catch	32671	n/a	catch_padded.jpg	photodiode	0
780.633	0.0	780633	response	6	n/a	n/a	trigger	0
782.245	0.5	782245	untrained	32688	79	memtrain/o_600_1.jpg	photodiode	1
783.196	0.5	783196	untrained	32693	74	memtrain/o_550_1.jpg	photodiode	1
784.097	0.5	784097	untrained	32719	48	memtrain/o_019_2.jpg	photodiode	1
785.047	0.5	785047	trained	32724	43	memtrain/so_043_2.jpg	photodiode	1
785.798	0.5	785798	untrained	32710	57	memtrain/o_171_1.jpg	photodiode	1
786.699	0.5	786699	catch	32671	n/a	catch_padded.jpg	photodiode	0
786.951	0.0	786951	response	6	n/a	n/a	trigger	0
788.801	0.5	788801	untrained	32711	56	memtrain/o_163_2.jpg	photodiode	1
789.701	0.5	789701	untrained	32704	63	memtrain/o_310_2.jpg	photodiode	1
790.452	0.5	790452	untrained	32708	59	memtrain/o_201_2.jpg	photodiode	1
791.203	0.5	791203	trained	32755	12	memtrain/o_127_2.jpg	photodiode	1
792.153	0.5	792153	catch	32671	n/a	catch_padded.jpg	photodiode	0
792.488	0.0	792488	response	6	n/a	n/a	trigger	0
794.205	0.5	794205	trained	32767	0	memtrain/o_006_1.jpg	photodiode	1
795.156	0.5	795156	trained	32725	42	memtrain/so_034_2.jpg	photodiode	1
796.107	0.5	796107	trained	32765	2	memtrain/o_035_1.jpg	photodiode	1
796.907	0.5	796907	catch	32671	n/a	catch_padded.jpg	photodiode	0
797.204	0.0	797204	response	6	n/a	n/a	trigger	0
798.859	0.5	798859	trained	32759	8	memtrain/o_094_1.jpg	photodiode	1
799.81	0.5	799810	trained	32738	29	memtrain/o_416_1.jpg	photodiode	1
800.56	0.5	800560	trained	32732	35	memtrain/o_561_2.jpg	photodiode	1
801.311	0.5	801311	catch	32671	n/a	catch_padded.jpg	photodiode	0
801.65	0.0	801650	response	6	n/a	n/a	trigger	0
803.363	0.5	803363	untrained	32699	68	memtrain/o_393_1.jpg	photodiode	1
804.164	0.5	804164	trained	32720	47	memtrain/so_147_2.jpg	photodiode	1
805.064	0.5	805064	untrained	32716	51	memtrain/o_103_2.jpg	photodiode	1
805.907	0.5	805907	untrained	32712	55	memtrain/o_153_2.jpg	photodiode	1
806.808	0.5	806808	catch	32671	n/a	catch_padded.jpg	photodiode	0
807.15	0.0	807150	response	6	n/a	n/a	trigger	0
808.759	0.5	808759	untrained	32687	80	memtrain/o_613_1.jpg	photodiode	1
809.71	0.5	809710	untrained	32698	69	memtrain/o_464_2.jpg	photodiode	1
810.461	0.5	810461	trained	32747	20	memtrain/o_290_1.jpg	photodiode	1
811.361	0.5	811361	catch	32671	n/a	catch_padded.jpg	photodiode	0
811.696	0.0	811696	response	6	n/a	n/a	trigger	0
813.313	0.5	813313	untrained	32686	81	memtrain/o_655_2.jpg	photodiode	1
814.064	0.5	814064	trained	32748	19	memtrain/o_284_2.jpg	photodiode	1
814.814	0.5	814814	trained	32754	13	memtrain/o_136_1.jpg	photodiode	1
815.715	0.5	815715	untrained	32677	90	memtrain/o_580_1.jpg	photodiode	1
816.616	0.5	816616	trained	32740	27	memtrain/o_379_2.jpg	photodiode	1
817.517	0.5	817517	catch	32671	n/a	catch_padded.jpg	photodiode	0
817.861	0.0	817861	response	6	n/a	n/a	trigger	0
819.468	0.5	819468	untrained	32676	91	memtrain/o_605_1.jpg	photodiode	1
820.219	0.5	820219	trained	32749	18	memtrain/o_264_2.jpg	photodiode	1
821.07	0.5	821070	trained	32745	22	memtrain/o_321_1.jpg	photodiode	1
821.82	0.5	821820	trained	32742	25	memtrain/o_358_2.jpg	photodiode	1
822.771	0.5	822771	untrained	32692	75	memtrain/o_564_1.jpg	photodiode	1
823.572	0.5	823572	catch	32671	n/a	catch_padded.jpg	photodiode	0
823.899	0.0	823899	response	6	n/a	n/a	trigger	0
825.624	0.5	825624	untrained	32707	60	memtrain/o_228_2.jpg	photodiode	1
826.524	0.5	826524	trained	32730	37	memtrain/o_597_1.jpg	photodiode	1
827.325	0.5	827325	untrained	32680	87	memtrain/o_365_1.jpg	photodiode	1
828.226	0.5	828226	trained	32760	7	memtrain/o_091_2.jpg	photodiode	1
829.026	0.5	829026	trained	32757	10	memtrain/o_111_2.jpg	photodiode	1
829.827	0.5	829827	catch	32671	n/a	catch_padded.jpg	photodiode	0
830.173	0.0	830173	response	6	n/a	n/a	trigger	0
831.929	0.5	831929	trained	32763	4	memtrain/o_042_1.jpg	photodiode	1
832.83	0.5	832830	trained	32752	15	memtrain/o_195_1.jpg	photodiode	1
833.63	0.5	833630	untrained	32695	72	memtrain/o_490_1.jpg	photodiode	1
834.523	0.5	834523	catch	32671	n/a	catch_padded.jpg	photodiode	0
834.892	0.0	834892	response	6	n/a	n/a	trigger	0
836.524	0.5	836524	untrained	32678	89	memtrain/o_469_1.jpg	photodiode	1
837.425	0.5	837425	trained	32764	3	memtrain/o_040_2.jpg	photodiode	1
838.376	0.5	838376	untrained	32718	49	memtrain/o_054_2.jpg	photodiode	1
839.227	0.5	839227	untrained	32701	66	memtrain/o_342_2.jpg	photodiode	1
839.986	0.5	839986	untrained	32690	77	memtrain/o_574_2.jpg	photodiode	1
840.878	0.5	840878	catch	32671	n/a	catch_padded.jpg	photodiode	0
841.195	0.0	841195	response	6	n/a	n/a	trigger	0
842.88	0.5	842880	trained	32722	45	memtrain/so_090_2.jpg	photodiode	1
843.78	0.5	843780	untrained	32709	58	memtrain/o_192_1.jpg	photodiode	1
844.581	0.5	844581	trained	32758	9	memtrain/o_101_2.jpg	photodiode	1
845.332	0.5	845332	trained	32751	16	memtrain/o_199_2.jpg	photodiode	1
846.132	0.5	846132	trained	32721	46	memtrain/so_113_1.jpg	photodiode	1
846.983	0.5	846983	catch	32671	n/a	catch_padded.jpg	photodiode	0
847.249	0.0	847249	response	6	n/a	n/a	trigger	0
849.085	0.5	849085	untrained	32679	88	memtrain/o_458_1.jpg	photodiode	1
849.886	0.5	849886	untrained	32705	62	memtrain/o_304_1.jpg	photodiode	1
850.636	0.5	850636	trained	32731	36	memtrain/o_583_1.jpg	photodiode	1
851.387	0.5	851387	trained	32729	38	memtrain/o_603_1.jpg	photodiode	1
852.188	0.5	852188	catch	32671	n/a	catch_padded.jpg	photodiode	0
852.515	0.0	852515	response	6	n/a	n/a	trigger	0
854.662	0.0	854662	block_end	120	n/a	n/a	trigger	0
919.36	0.0	919360	response	6	n/a	n/a	trigger	0
919.366	0.0	919366	block_onset	104	n/a	n/a	trigger	0
921.421	0.5	921421	trained	32727	40	memtrain/o_648_2.jpg	photodiode	1
922.222	0.5	922222	trained	32763	4	memtrain/o_042_1.jpg	photodiode	1
923.173	0.5	923173	trained	32721	46	memtrain/so_113_1.jpg	photodiode	1
923.924	0.5	923924	trained	32732	35	memtrain/o_561_2.jpg	photodiode	1
924.724	0.5	924724	catch	32671	n/a	catch_padded.jpg	photodiode	0
925.076	0.0	925076	response	6	n/a	n/a	trigger	0
926.626	0.5	926626	untrained	32688	79	memtrain/o_600_1.jpg	photodiode	1
927.527	0.5	927527	untrained	32672	95	memtrain/so_125_1.jpg	photodiode	1
928.469	0.5	928469	trained	32722	45	memtrain/so_090_2.jpg	photodiode	1
929.328	0.5	929328	catch	32671	n/a	catch_padded.jpg	photodiode	0
929.654	0.0	929654	response	6	n/a	n/a	trigger	0
931.221	0.5	931221	trained	32737	30	memtrain/o_437_2.jpg	photodiode	1
932.022	0.5	932022	trained	32733	34	memtrain/o_558_2.jpg	photodiode	1
932.973	0.5	932973	untrained	32675	92	memtrain/so_033_1.jpg	photodiode	1
933.723	0.5	933723	trained	32743	24	memtrain/o_357_1.jpg	photodiode	1
934.674	0.5	934674	trained	32720	47	memtrain/so_147_2.jpg	photodiode	1
935.625	0.5	935625	catch	32671	n/a	catch_padded.jpg	photodiode	0
935.896	0.0	935896	response	6	n/a	n/a	trigger	0
937.677	0.5	937677	trained	32725	42	memtrain/so_034_2.jpg	photodiode	1
938.427	0.5	938427	trained	32757	10	memtrain/o_111_2.jpg	photodiode	1
939.228	0.5	939228	trained	32735	32	memtrain/o_485_2.jpg	photodiode	1
940.087	0.5	940087	trained	32760	7	memtrain/o_091_2.jpg	photodiode	1
941.03	0.5	941030	catch	32671	n/a	catch_padded.jpg	photodiode	0
941.392	0.0	941392	response	6	n/a	n/a	trigger	0
943.131	0.5	943131	trained	32738	29	memtrain/o_416_1.jpg	photodiode	1
944.032	0.5	944032	trained	32764	3	memtrain/o_040_2.jpg	photodiode	1
944.883	0.5	944883	untrained	32683	84	memtrain/so_117_2.jpg	photodiode	1
945.633	0.5	945633	catch	32671	n/a	catch_padded.jpg	photodiode	0
945.976	0.0	945976	response	6	n/a	n/a	trigger	0
947.535	0.5	947535	trained	32752	15	memtrain/o_195_1.jpg	photodiode	1
948.286	0.5	948286	untrained	32681	86	memtrain/o_288_1.jpg	photodiode	1
949.136	0.5	949136	untrained	32710	57	memtrain/o_171_1.jpg	photodiode	1
949.937	0.5	949937	trained	32762	5	memtrain/o_067_1.jpg	photodiode	1
950.838	0.5	950838	untrained	32719	48	memtrain/o_019_2.jpg	photodiode	1
951.739	0.5	951739	catch	32671	n/a	catch_padded.jpg	photodiode	0
951.941	0.0	951941	response	6	n/a	n/a	trigger	0
953.64	0.5	953640	trained	32766	1	memtrain/o_015_1.jpg	photodiode	1
954.441	0.5	954441	untrained	32691	76	memtrain/o_570_1.jpg	photodiode	1
955.192	0.5	955192	untrained	32673	94	memtrain/so_067_1.jpg	photodiode	1
956.042	0.5	956042	catch	32671	n/a	catch_padded.jpg	photodiode	0
956.439	0.0	956439	response	6	n/a	n/a	trigger	0
958.144	0.5	958144	trained	32758	9	memtrain/o_101_2.jpg	photodiode	1
959.045	0.5	959045	untrained	32679	88	memtrain/o_458_1.jpg	photodiode	1
959.845	0.5	959845	trained	32754	13	memtrain/o_136_1.jpg	photodiode	1
960.788	0.5	960788	untrained	32674	93	memtrain/so_035_1.jpg	photodiode	1
961.739	0.5	961739	untrained	32695	72	memtrain/o_490_1.jpg	photodiode	1
962.69	0.5	962690	catch	32671	n/a	catch_padded.jpg	photodiode	0
962.989	0.0	962989	response	6	n/a	n/a	trigger	0
964.591	0.5	964591	trained	32741	26	memtrain/o_376_1.jpg	photodiode	1
965.442	0.5	965442	untrained	32705	62	memtrain/o_304_1.jpg	photodiode	1
966.293	0.5	966293	untrained	32686	81	memtrain/o_655_2.jpg	photodiode	1
967.194	0.5	967194	trained	32767	0	memtrain/o_006_1.jpg	photodiode	1
967.994	0.5	967994	catch	32671	n/a	catch_padded.jpg	photodiode	0
968.367	0.0	968367	response	6	n/a	n/a	trigger	0
970.046	0.5	970046	untrained	32718	49	memtrain/o_054_2.jpg	photodiode	1
970.947	0.5	970947	trained	32759	8	memtrain/o_094_1.jpg	photodiode	1
971.898	0.5	971898	trained	32745	22	memtrain/o_321_1.jpg	photodiode	1
972.848	0.5	972848	untrained	32689	78	memtrain/o_599_1.jpg	photodiode	1
973.749	0.5	973749	trained	32756	11	memtrain/o_117_2.jpg	photodiode	1
974.6	0.5	974600	catch	32671	n/a	catch_padded.jpg	photodiode	0
974.916	0.0	974916	response	6	n/a	n/a	trigger	0
976.652	0.5	976652	untrained	32708	59	memtrain/o_201_2.jpg	photodiode	1
977.452	0.5	977452	trained	32740	27	memtrain/o_379_2.jpg	photodiode	1
978.403	0.5	978403	untrained	32684	83	memtrain/so_105_1.jpg	photodiode	1
979.204	0.5	979204	catch	32671	n/a	catch_padded.jpg	photodiode	0
979.625	0.0	979625	response	6	n/a	n/a	trigger	0
981.205	0.5	981205	trained	32734	33	memtrain/o_536_1.jpg	photodiode	1
982.006	0.5	982006	trained	32736	31	memtrain/o_465_2.jpg	photodiode	1
982.857	0.5	982857	trained	32765	2	memtrain/o_035_1.jpg	photodiode	1
983.607	0.5	983607	trained	32742	25	memtrain/o_358_2.jpg	photodiode	1
984.458	0.5	984458	untrained	32682	85	memtrain/o_218_1.jpg	photodiode	1
985.4	0.5	985400	catch	32671	n/a	catch_padded.jpg	photodiode	0
985.726	0.0	985726	response	6	n/a	n/a	trigger	0
987.411	0.5	987411	trained	32744	23	memtrain/o_338_2.jpg	photodiode	1
988.211	0.5	988211	trained	32753	14	memtrain/o_174_1.jpg	photodiode	1
988.962	0.5	988962	untrained	32696	71	memtrain/o_483_1.jpg	photodiode	1
989.854	0.5	989854	trained	32726	41	memtrain/o_663_2.jpg	photodiode	1
990.655	0.5	990655	trained	32749	18	memtrain/o_264_2.jpg	photodiode	1
991.556	0.5	991556	catch	32671	n/a	catch_padded.jpg	photodiode	0
991.889	0.0	991889	response	6	n/a	n/a	trigger	0
993.457	0.5	993457	untrained	32699	68	memtrain/o_393_1.jpg	photodiode	1
994.266	0.5	994266	untrained	32677	90	memtrain/o_580_1.jpg	photodiode	1
995.209	0.5	995209	trained	32739	28	memtrain/o_397_1.jpg	photodiode	1
996.009	0.5	996009	catch	32671	n/a	catch_padded.jpg	photodiode	0
996.452	0.0	996452	response	6	n/a	n/a	trigger	0
998.111	0.5	998111	untrained	32704	63	memtrain/o_310_2.jpg	photodiode	1
998.912	0.5	998912	untrained	32714	53	memtrain/o_142_2.jpg	photodiode	1
999.763	0.5	999763	trained	32724	43	memtrain/so_043_2.jpg	photodiode	1
1000.713	0.5	1000713	untrained	32700	67	memtrain/o_378_1.jpg	photodiode	1
1001.564	0.5	1001564	catch	32671	n/a	catch_padded.jpg	photodiode	0
1001.875	0.0	1001875	response	6	n/a	n/a	trigger	0
1003.616	0.5	1003616	untrained	32715	52	memtrain/o_141_1.jpg	photodiode	1
1004.367	0.5	1004367	untrained	32676	91	memtrain/o_605_1.jpg	photodiode	1
1005.217	0.5	1005217	trained	32723	44	memtrain/so_045_1.jpg	photodiode	1
1005.968	0.5	1005968	untrained	32701	66	memtrain/o_342_2.jpg	photodiode	1
1006.719	0.5	1006719	trained	32746	21	memtrain/o_319_1.jpg	photodiode	1
1007.569	0.5	1007569	catch	32671	n/a	catch_padded.jpg	photodiode	0
1007.809	0.0	1007809	response	6	n/a	n/a	trigger	0
1009.571	0.5	1009571	trained	32747	20	memtrain/o_290_1.jpg	photodiode	1
1010.322	0.5	1010322	trained	32755	12	memtrain/o_127_2.jpg	photodiode	1
1011.272	0.5	1011272	untrained	32678	89	memtrain/o_469_1.jpg	photodiode	1
1012.173	0.5	1012173	trained	32750	17	memtrain/o_232_1.jpg	photodiode	1
1013.074	0.5	1013074	catch	32671	n/a	catch_padded.jpg	photodiode	0
1013.42	0.0	1013420	response	6	n/a	n/a	trigger	0
1015.026	0.5	1015026	untrained	32716	51	memtrain/o_103_2.jpg	photodiode	1
1015.776	0.5	1015776	untrained	32713	54	memtrain/o_145_1.jpg	photodiode	1
1016.527	0.5	1016527	trained	32729	38	memtrain/o_603_1.jpg	photodiode	1
1017.277	0.5	1017277	untrained	32697	70	memtrain/o_471_2.jpg	photodiode	1
1018.07	0.5	1018070	catch	32671	n/a	catch_padded.jpg	photodiode	0
1018.37	0.0	1018370	response	6	n/a	n/a	trigger	0
1020.18	0.5	1020180	untrained	32706	61	memtrain/o_298_2.jpg	photodiode	1
1021.073	0.5	1021073	untrained	32698	69	memtrain/o_464_2.jpg	photodiode	1
1021.973	0.5	1021973	untrained	32703	64	memtrain/o_334_2.jpg	photodiode	1
1022.724	0.5	1022724	trained	32748	19	memtrain/o_284_2.jpg	photodiode	1
1023.683	0.5	1023683	catch	32671	n/a	catch_padded.jpg	photodiode	0
1024.029	0.0	1024029	response	6	n/a	n/a	trigger	0
1025.726	0.5	1025726	trained	32751	16	memtrain/o_199_2.jpg	photodiode	1
1026.677	0.5	1026677	untrained	32712	55	memtrain/o_153_2.jpg	photodiode	1
1027.628	0.5	1027628	untrained	32693	74	memtrain/o_550_1.jpg	photodiode	1
1028.579	0.5	1028579	catch	32671	n/a	catch_padded.jpg	photodiode	0
1029.026	0.0	1029026	response	6	n/a	n/a	trigger	0
1030.631	0.5	1030631	untrained	32702	65	memtrain/o_337_2.jpg	photodiode	1
1031.531	0.5	1031531	trained	32731	36	memtrain/o_583_1.jpg	photodiode	1
1032.432	0.5	1032432	untrained	32692	75	memtrain/o_564_1.jpg	photodiode	1
1033.283	0.5	1033283	trained	32728	39	memtrain/o_606_1.jpg	photodiode	1
1034.134	0.5	1034134	catch	32671	n/a	catch_padded.jpg	photodiode	0
1034.489	0.0	1034489	response	6	n/a	n/a	trigger	0
1036.035	0.5	1036035	untrained	32707	60	memtrain/o_228_2.jpg	photodiode	1
1036.786	0.5	1036786	untrained	32711	56	memtrain/o_163_2.jpg	photodiode	1
1037.637	0.5	1037637	trained	32761	6	memtrain/o_076_1.jpg	photodiode	1
1038.437	0.5	1038437	catch	32671	n/a	catch_padded.jpg	photodiode	0
1038.83	0.0	1038830	response	6	n/a	n/a	trigger	0
1040.339	0.5	1040339	untrained	32685	82	memtrain/o_656_1.jpg	photodiode	1
1041.14	0.5	1041140	untrained	32687	80	memtrain/o_613_1.jpg	photodiode	1
1041.89	0.5	1041890	untrained	32690	77	memtrain/o_574_2.jpg	photodiode	1
1042.791	0.5	1042791	untrained	32680	87	memtrain/o_365_1.jpg	photodiode	1
1043.642	0.5	1043642	catch	32671	n/a	catch_padded.jpg	photodiode	0
1043.971	0.0	1043971	response	6	n/a	n/a	trigger	0
1045.643	0.5	1045643	untrained	32709	58	memtrain/o_192_1.jpg	photodiode	1
1046.544	0.5	1046544	trained	32730	37	memtrain/o_597_1.jpg	photodiode	1
1047.386	0.5	1047386	untrained	32717	50	memtrain/o_057_2.jpg	photodiode	1
1048.237	0.5	1048237	untrained	32694	73	memtrain/o_519_2.jpg	photodiode	1
1049.088	0.5	1049088	trained	32767	0	memtrain/o_006_1.jpg	photodiode	1
1049.938	0.5	1049938	catch	32671	n/a	catch_padded.jpg	photodiode	0
1050.191	0.0	1050191	response	6	n/a	n/a	trigger	0
1051.84	0.5	1051840	trained	32738	29	memtrain/o_416_1.jpg	photodiode	1
1052.641	0.5	1052641	trained	32744	23	memtrain/o_338_2.jpg	photodiode	1
1053.592	0.5	1053592	trained	32751	16	memtrain/o_199_2.jpg	photodiode	1
1054.492	0.5	1054492	untrained	32698	69	memtrain/o_464_2.jpg	photodiode	1
1055.343	0.5	1055343	catch	32671	n/a	catch_padded.jpg	photodiode	0
1055.673	0.0	1055673	response	6	n/a	n/a	trigger	0
1057.245	0.5	1057245	trained	32756	11	memtrain/o_117_2.jpg	photodiode	1
1057.995	0.5	1057995	untrained	32685	82	memtrain/o_656_1.jpg	photodiode	1
1058.796	0.5	1058796	trained	32726	41	memtrain/o_663_2.jpg	photodiode	1
1059.697	0.5	1059697	catch	32671	n/a	catch_padded.jpg	photodiode	0
1060.215	0.0	1060215	response	6	n/a	n/a	trigger	0
1061.648	0.5	1061648	trained	32754	13	memtrain/o_136_1.jpg	photodiode	1
1062.599	0.5	1062599	untrained	32672	95	memtrain/so_125_1.jpg	photodiode	1
1063.55	0.5	1063550	untrained	32703	64	memtrain/o_334_2.jpg	photodiode	1
1064.401	0.5	1064401	trained	32729	38	memtrain/o_603_1.jpg	photodiode	1
1065.302	0.5	1065302	untrained	32716	51	memtrain/o_103_2.jpg	photodiode	1
1066.202	0.5	1066202	catch	32671	n/a	catch_padded.jpg	photodiode	0
1066.408	0.0	1066408	response	6	n/a	n/a	trigger	0
1068.104	0.5	1068104	untrained	32677	90	memtrain/o_580_1.jpg	photodiode	1
1069.055	0.5	1069055	trained	32732	35	memtrain/o_561_2.jpg	photodiode	1
1069.955	0.5	1069955	trained	32736	31	memtrain/o_465_2.jpg	photodiode	1
1070.856	0.5	1070856	trained	32748	19	memtrain/o_284_2.jpg	photodiode	1
1071.707	0.5	1071707	untrained	32686	81	memtrain/o_655_2.jpg	photodiode	1
1072.508	0.5	1072508	catch	32671	n/a	catch_padded.jpg	photodiode	0
1072.824	0.0	1072824	response	6	n/a	n/a	trigger	0
1074.509	0.5	1074509	untrained	32695	72	memtrain/o_490_1.jpg	photodiode	1
1075.36	0.5	1075360	untrained	32684	83	memtrain/so_105_1.jpg	photodiode	1
1076.111	0.5	1076111	untrained	32701	66	memtrain/o_342_2.jpg	photodiode	1
1077.062	0.5	1077062	trained	32757	10	memtrain/o_111_2.jpg	photodiode	1
1077.804	0.5	1077804	trained	32741	26	memtrain/o_376_1.jpg	photodiode	1
1078.755	0.5	1078755	catch	32671	n/a	catch_padded.jpg	photodiode	0
1079.022	0.0	1079022	response	6	n/a	n/a	trigger	0
1080.756	0.5	1080756	trained	32739	28	memtrain/o_397_1.jpg	photodiode	1
1081.607	0.5	1081607	untrained	32683	84	memtrain/so_117_2.jpg	photodiode	1
1082.566	0.5	1082566	trained	32759	8	memtrain/o_094_1.jpg	photodiode	1
1083.359	0.5	1083359	catch	32671	n/a	catch_padded.jpg	photodiode	0
1083.753	0.0	1083753	response	6	n/a	n/a	trigger	0
1085.31	0.5	1085310	untrained	32676	91	memtrain/o_605_1.jpg	photodiode	1
1086.111	0.5	1086111	trained	32743	24	memtrain/o_357_1.jpg	photodiode	1
1086.912	0.5	1086912	untrained	32680	87	memtrain/o_365_1.jpg	photodiode	1
1087.762	0.5	1087762	trained	32724	43	memtrain/so_043_2.jpg	photodiode	1
1088.563	0.5	1088563	catch	32671	n/a	catch_padded.jpg	photodiode	0
1088.917	0.0	1088917	response	6	n/a	n/a	trigger	0
1090.665	0.5	1090665	untrained	32692	75	memtrain/o_564_1.jpg	photodiode	1
1091.616	0.5	1091616	untrained	32707	60	memtrain/o_228_2.jpg	photodiode	1
1092.366	0.5	1092366	untrained	32687	80	memtrain/o_613_1.jpg	photodiode	1
1093.267	0.5	1093267	trained	32734	33	memtrain/o_536_1.jpg	photodiode	1
1094.068	0.5	1094068	catch	32671	n/a	catch_padded.jpg	photodiode	0
1094.48	0.0	1094480	response	6	n/a	n/a	trigger	0
1096.119	0.5	1096119	untrained	32693	74	memtrain/o_550_1.jpg	photodiode	1
1097.02	0.5	1097020	trained	32730	37	memtrain/o_597_1.jpg	photodiode	1
1097.821	0.5	1097821	untrained	32675	92	memtrain/so_033_1.jpg	photodiode	1
1098.572	0.5	1098572	catch	32671	n/a	catch_padded.jpg	photodiode	0
1098.981	0.0	1098981	response	6	n/a	n/a	trigger	0
1100.573	0.5	1100573	untrained	32691	76	memtrain/o_570_1.jpg	photodiode	1
1101.524	0.5	1101524	trained	32758	9	memtrain/o_101_2.jpg	photodiode	1
1102.325	0.5	1102325	trained	32750	17	memtrain/o_232_1.jpg	photodiode	1
1103.125	0.5	1103125	trained	32753	14	memtrain/o_174_1.jpg	photodiode	1
1104.076	0.5	1104076	catch	32671	n/a	catch_padded.jpg	photodiode	0
1104.354	0.0	1104354	response	6	n/a	n/a	trigger	0
1106.019	0.5	1106019	trained	32722	45	memtrain/so_090_2.jpg	photodiode	1
1106.92	0.5	1106920	untrained	32714	53	memtrain/o_142_2.jpg	photodiode	1
1107.821	0.5	1107821	untrained	32705	62	memtrain/o_304_1.jpg	photodiode	1
1108.572	0.5	1108572	catch	32671	n/a	catch_padded.jpg	photodiode	0
1108.99	0.0	1108990	response	6	n/a	n/a	trigger	0
1110.673	0.5	1110673	trained	32728	39	memtrain/o_606_1.jpg	photodiode	1
1111.524	0.5	1111524	trained	32760	7	memtrain/o_091_2.jpg	photodiode	1
1112.325	0.5	1112325	untrained	32694	73	memtrain/o_519_2.jpg	photodiode	1
1113.276	0.5	1113276	catch	32671	n/a	catch_padded.jpg	photodiode	0
1113.745	0.0	1113745	response	6	n/a	n/a	trigger	0
1115.277	0.5	1115277	trained	32731	36	memtrain/o_583_1.jpg	photodiode	1
1116.178	0.5	1116178	untrained	32704	63	memtrain/o_310_2.jpg	photodiode	1
1117.079	0.5	1117079	trained	32737	30	memtrain/o_437_2.jpg	photodiode	1
1118.03	0.5	1118030	catch	32671	n/a	catch_padded.jpg	photodiode	0
1118.42	0.0	1118420	response	6	n/a	n/a	trigger	0
1120.081	0.5	1120081	trained	32762	5	memtrain/o_067_1.jpg	photodiode	1
1120.932	0.5	1120932	trained	32721	46	memtrain/so_113_1.jpg	photodiode	1
1121.833	0.5	1121833	untrained	32681	86	memtrain/o_288_1.jpg	photodiode	1
1122.683	0.5	1122683	catch	32671	n/a	catch_padded.jpg	photodiode	0
1123.149	0.0	1123149	response	6	n/a	n/a	trigger	0
1124.585	0.5	1124585	trained	32764	3	memtrain/o_040_2.jpg	photodiode	1
1125.536	0.5	1125536	trained	32740	27	memtrain/o_379_2.jpg	photodiode	1
1126.487	0.5	1126487	untrained	32711	56	memtrain/o_163_2.jpg	photodiode	1
1127.438	0.5	1127438	untrained	32699	68	memtrain/o_393_1.jpg	photodiode	1
1128.238	0.5	1128238	untrained	32678	89	memtrain/o_469_1.jpg	photodiode	1
1128.989	0.5	1128989	catch	32671	n/a	catch_padded.jpg	photodiode	0
1129.22	0.0	1129220	response	6	n/a	n/a	trigger	0
1131.091	0.5	1131091	trained	32755	12	memtrain/o_127_2.jpg	photodiode	1
1131.891	0.5	1131891	untrained	32696	71	memtrain/o_483_1.jpg	photodiode	1
1132.742	0.5	1132742	trained	32735	32	memtrain/o_485_2.jpg	photodiode	1
1133.543	0.5	1133543	untrained	32689	78	memtrain/o_599_1.jpg	photodiode	1
1134.335	0.5	1134335	untrained	32679	88	memtrain/o_458_1.jpg	photodiode	1
1135.144	0.5	1135144	catch	32671	n/a	catch_padded.jpg	photodiode	0
1135.437	0.0	1135437	response	6	n/a	n/a	trigger	0
1137.138	0.5	1137138	untrained	32682	85	memtrain/o_218_1.jpg	photodiode	1
1138.088	0.5	1138088	trained	32746	21	memtrain/o_319_1.jpg	photodiode	1
1138.839	0.5	1138839	untrained	32688	79	memtrain/o_600_1.jpg	photodiode	1
1139.79	0.5	1139790	untrained	32697	70	memtrain/o_471_2.jpg	photodiode	1
1140.691	0.5	1140691	catch	32671	n/a	catch_padded.jpg	photodiode	0
1141.072	0.0	1141072	response	6	n/a	n/a	trigger	0
1142.742	0.5	1142742	untrained	32673	94	memtrain/so_067_1.jpg	photodiode	1
1143.593	0.5	1143593	untrained	32706	61	memtrain/o_298_2.jpg	photodiode	1
1144.394	0.5	1144394	untrained	32710	57	memtrain/o_171_1.jpg	photodiode	1
1145.194	0.5	1145194	untrained	32700	67	memtrain/o_378_1.jpg	photodiode	1
1145.945	0.5	1145945	untrained	32712	55	memtrain/o_153_2.jpg	photodiode	1
1146.796	0.5	1146796	catch	32671	n/a	catch_padded.jpg	photodiode	0
1147.043	0.0	1147043	response	6	n/a	n/a	trigger	0
1148.697	0.5	1148697	trained	32745	22	memtrain/o_321_1.jpg	photodiode	1
1149.548	0.5	1149548	trained	32733	34	memtrain/o_558_2.jpg	photodiode	1
1150.299	0.5	1150299	trained	32725	42	memtrain/so_034_2.jpg	photodiode	1
1151.049	0.5	1151049	untrained	32690	77	memtrain/o_574_2.jpg	photodiode	1
1151.9	0.5	1151900	catch	32671	n/a	catch_padded.jpg	photodiode	0
1152.211	0.0	1152211	response	6	n/a	n/a	trigger	0
1153.802	0.5	1153802	trained	32752	15	memtrain/o_195_1.jpg	photodiode	1
1154.552	0.5	1154552	untrained	32715	52	memtrain/o_141_1.jpg	photodiode	1
1155.403	0.5	1155403	trained	32761	6	memtrain/o_076_1.jpg	photodiode	1
1156.204	0.5	1156204	trained	32720	47	memtrain/so_147_2.jpg	photodiode	1
1157.004	0.5	1157004	trained	32765	2	memtrain/o_035_1.jpg	photodiode	1
1157.755	0.5	1157755	catch	32671	n/a	catch_padded.jpg	photodiode	0
1158.116	0.0	1158116	response	6	n/a	n/a	trigger	0
1159.757	0.5	1159757	untrained	32674	93	memtrain/so_035_1.jpg	photodiode	1
1160.708	0.5	1160708	untrained	32717	50	memtrain/o_057_2.jpg	photodiode	1
1161.608	0.5	1161608	trained	32749	18	memtrain/o_264_2.jpg	photodiode	1
1162.409	0.5	1162409	trained	32763	4	memtrain/o_042_1.jpg	photodiode	1
1163.16	0.5	1163160	untrained	32702	65	memtrain/o_337_2.jpg	photodiode	1
1164.01	0.5	1164010	catch	32671	n/a	catch_padded.jpg	photodiode	0
1164.312	0.0	1164312	response	6	n/a	n/a	trigger	0
1165.953	0.5	1165953	trained	32727	40	memtrain/o_648_2.jpg	photodiode	1
1166.854	0.5	1166854	trained	32766	1	memtrain/o_015_1.jpg	photodiode	1
1167.755	0.5	1167755	untrained	32713	54	memtrain/o_145_1.jpg	photodiode	1
1168.656	0.5	1168656	untrained	32708	59	memtrain/o_201_2.jpg	photodiode	1
1169.557	0.5	1169557	catch	32671	n/a	catch_padded.jpg	photodiode	0
1169.876	0.0	1169876	response	6	n/a	n/a	trigger	0
1171.608	0.5	1171608	untrained	32709	58	memtrain/o_192_1.jpg	photodiode	1
1172.409	0.5	1172409	untrained	32718	49	memtrain/o_054_2.jpg	photodiode	1
1173.36	0.5	1173360	trained	32723	44	memtrain/so_045_1.jpg	photodiode	1
1174.261	0.5	1174261	catch	32671	n/a	catch_padded.jpg	photodiode	0
1174.805	0.0	1174805	response	6	n/a	n/a	trigger	0
1176.162	0.5	1176162	trained	32747	20	memtrain/o_290_1.jpg	photodiode	1
1177.113	0.5	1177113	untrained	32719	48	memtrain/o_019_2.jpg	photodiode	1
1177.864	0.5	1177864	trained	32742	25	memtrain/o_358_2.jpg	photodiode	1
1178.664	0.5	1178664	catch	32671	n/a	catch_padded.jpg	photodiode	0
1179.039	0.0	1179039	response	6	n/a	n/a	trigger	0
1181.14	0.0	1181140	block_end	120	n/a	n/a	trigger	0
1326.625	0.0	1326625	response	6	n/a	n/a	trigger	0
1326.636	0.0	1326636	block_onset	105	n/a	n/a	trigger	0
1328.691	0.5	1328691	untrained	32713	54	memtrain/o_145_1.jpg	photodiode	1
1329.442	0.5	1329442	untrained	32709	58	memtrain/o_192_1.jpg	photodiode	1
1330.293	0.5	1330293	untrained	32689	78	memtrain/o_599_1.jpg	photodiode	1
1331.093	0.5	1331093	untrained	32695	72	memtrain/o_490_1.jpg	photodiode	1
1332.044	0.5	1332044	catch	32671	n/a	catch_padded.jpg	photodiode	0
1332.317	0.0	1332317	response	6	n/a	n/a	trigger	0
1334.096	0.5	1334096	trained	32745	22	memtrain/o_321_1.jpg	photodiode	1
1334.989	0.5	1334989	trained	32750	17	memtrain/o_232_1.jpg	photodiode	1
1335.939	0.5	1335939	untrained	32678	89	memtrain/o_469_1.jpg	photodiode	1
1336.79	0.5	1336790	catch	32671	n/a	catch_padded.jpg	photodiode	0
1337.106	0.0	1337106	response	6	n/a	n/a	trigger	0
1338.742	0.5	1338742	trained	32748	19	memtrain/o_284_2.jpg	photodiode	1
1339.643	0.5	1339643	trained	32763	4	memtrain/o_042_1.jpg	photodiode	1
1340.393	0.5	1340393	trained	32724	43	memtrain/so_043_2.jpg	photodiode	1
1341.294	0.5	1341294	trained	32739	28	memtrain/o_397_1.jpg	photodiode	1
1342.195	0.5	1342195	untrained	32707	60	memtrain/o_228_2.jpg	photodiode	1
1343.146	0.5	1343146	catch	32671	n/a	catch_padded.jpg	photodiode	0
1343.365	0.0	1343365	response	6	n/a	n/a	trigger	0
1345.097	0.5	1345097	trained	32740	27	memtrain/o_379_2.jpg	photodiode	1
1345.998	0.5	1345998	untrained	32710	57	memtrain/o_171_1.jpg	photodiode	1
1346.799	0.5	1346799	untrained	32680	87	memtrain/o_365_1.jpg	photodiode	1
1347.599	0.5	1347599	trained	32720	47	memtrain/so_147_2.jpg	photodiode	1
1348.35	0.5	1348350	catch	32671	n/a	catch_padded.jpg	photodiode	0
1348.619	0.0	1348619	response	6	n/a	n/a	trigger	0
1350.352	0.5	1350352	untrained	32686	81	memtrain/o_655_2.jpg	photodiode	1
1351.252	0.5	1351252	trained	32721	46	memtrain/so_113_1.jpg	photodiode	1
1352.153	0.5	1352153	trained	32730	37	memtrain/o_597_1.jpg	photodiode	1
1353.054	0.5	1353054	trained	32766	1	memtrain/o_015_1.jpg	photodiode	1
1353.805	0.5	1353805	trained	32729	38	memtrain/o_603_1.jpg	photodiode	1
1354.555	0.5	1354555	catch	32671	n/a	catch_padded.jpg	photodiode	0
1354.804	0.0	1354804	response	6	n/a	n/a	trigger	0
1356.665	0.5	1356665	untrained	32702	65	memtrain/o_337_2.jpg	photodiode	1
1357.508	0.5	1357508	trained	32723	44	memtrain/so_045_1.jpg	photodiode	1
1358.258	0.5	1358258	untrained	32696	71	memtrain/o_483_1.jpg	photodiode	1
1359.009	0.5	1359009	trained	32754	13	memtrain/o_136_1.jpg	photodiode	1
1359.86	0.5	1359860	catch	32671	n/a	catch_padded.jpg	photodiode	0
1360.218	0.0	1360218	response	6	n/a	n/a	trigger	0
1361.811	0.5	1361811	untrained	32679	88	memtrain/o_458_1.jpg	photodiode	1
1362.762	0.5	1362762	trained	32731	36	memtrain/o_583_1.jpg	photodiode	1
1363.704	0.5	1363704	trained	32727	40	memtrain/o_648_2.jpg	photodiode	1
1364.455	0.5	1364455	trained	32753	14	memtrain/o_174_1.jpg	photodiode	1
1365.206	0.5	1365206	catch	32671	n/a	catch_padded.jpg	photodiode	0
1365.473	0.0	1365473	response	6	n/a	n/a	trigger	0
1367.207	0.5	1367207	untrained	32677	90	memtrain/o_580_1.jpg	photodiode	1
1368.108	0.5	1368108	trained	32743	24	memtrain/o_357_1.jpg	photodiode	1
1369.059	0.5	1369059	trained	32756	11	memtrain/o_117_2.jpg	photodiode	1
1369.918	0.5	1369918	catch	32671	n/a	catch_padded.jpg	photodiode	0
1370.227	0.0	1370227	response	6	n/a	n/a	trigger	0
1372.011	0.5	1372011	trained	32746	21	memtrain/o_319_1.jpg	photodiode	1
1372.962	0.5	1372962	untrained	32706	61	memtrain/o_298_2.jpg	photodiode	1
1373.913	0.5	1373913	trained	32747	20	memtrain/o_290_1.jpg	photodiode	1
1374.822	0.5	1374822	catch	32671	n/a	catch_padded.jpg	photodiode	0
1375.227	0.0	1375227	response	6	n/a	n/a	trigger	0
1376.816	0.5	1376816	trained	32752	15	memtrain/o_195_1.jpg	photodiode	1
1377.716	0.5	1377716	untrained	32691	76	memtrain/o_570_1.jpg	photodiode	1
1378.517	0.5	1378517	untrained	32675	92	memtrain/so_033_1.jpg	photodiode	1
1379.318	0.5	1379318	catch	32671	n/a	catch_padded.jpg	photodiode	0
1379.715	0.0	1379715	response	6	n/a	n/a	trigger	0
1381.319	0.5	1381319	trained	32757	10	memtrain/o_111_2.jpg	photodiode	1
1382.12	0.5	1382120	trained	32728	39	memtrain/o_606_1.jpg	photodiode	1
1383.071	0.5	1383071	trained	32734	33	memtrain/o_536_1.jpg	photodiode	1
1383.872	0.5	1383872	untrained	32714	53	memtrain/o_142_2.jpg	photodiode	1
1384.722	0.5	1384722	trained	32767	0	memtrain/o_006_1.jpg	photodiode	1
1385.061	0.0	1385061	response	6	n/a	n/a	trigger	0
1385.351	0.0	1385351	response	6	n/a	n/a	trigger	0
1385.473	0.5	1385473	catch	32671	n/a	catch_padded.jpg	photodiode	0
1387.425	0.5	1387425	trained	32762	5	memtrain/o_067_1.jpg	photodiode	1
1388.375	0.5	1388375	untrained	32698	69	memtrain/o_464_2.jpg	photodiode	1
1389.126	0.5	1389126	trained	32759	8	memtrain/o_094_1.jpg	photodiode	1
1390.077	0.5	1390077	catch	32671	n/a	catch_padded.jpg	photodiode	0
1390.477	0.0	1390477	response	6	n/a	n/a	trigger	0
1392.179	0.5	1392179	untrained	32687	80	memtrain/o_613_1.jpg	photodiode	1
1392.921	0.5	1392921	untrained	32697	70	memtrain/o_471_2.jpg	photodiode	1
1393.78	0.5	1393780	untrained	32683	84	memtrain/so_117_2.jpg	photodiode	1
1394.731	0.5	1394731	untrained	32718	49	memtrain/o_054_2.jpg	photodiode	1
1395.673	0.5	1395673	catch	32671	n/a	catch_padded.jpg	photodiode	0
1395.968	0.0	1395968	response	6	n/a	n/a	trigger	0
1397.775	0.5	1397775	untrained	32682	85	memtrain/o_218_1.jpg	photodiode	1
1398.526	0.5	1398526	untrained	32719	48	memtrain/o_019_2.jpg	photodiode	1
1399.276	0.5	1399276	untrained	32705	62	memtrain/o_304_1.jpg	photodiode	1
1400.035	0.5	1400035	untrained	32672	95	memtrain/so_125_1.jpg	photodiode	1
1400.928	0.5	1400928	trained	32733	34	memtrain/o_558_2.jpg	photodiode	1
1401.829	0.5	1401829	catch	32671	n/a	catch_padded.jpg	photodiode	0
1402.116	0.0	1402116	response	6	n/a	n/a	trigger	0
1403.93	0.5	1403930	untrained	32692	75	memtrain/o_564_1.jpg	photodiode	1
1404.781	0.5	1404781	untrained	32700	67	memtrain/o_378_1.jpg	photodiode	1
1405.632	0.5	1405632	untrained	32684	83	memtrain/so_105_1.jpg	photodiode	1
1406.483	0.5	1406483	trained	32749	18	memtrain/o_264_2.jpg	photodiode	1
1407.383	0.5	1407383	trained	32764	3	memtrain/o_040_2.jpg	photodiode	1
1408.284	0.5	1408284	catch	32671	n/a	catch_padded.jpg	photodiode	0
1408.538	0.0	1408538	response	6	n/a	n/a	trigger	0
1410.186	0.5	1410186	untrained	32690	77	memtrain/o_574_2.jpg	photodiode	1
1411.136	0.5	1411136	trained	32755	12	memtrain/o_127_2.jpg	photodiode	1
1412.037	0.5	1412037	untrained	32685	82	memtrain/o_656_1.jpg	photodiode	1
1412.938	0.5	1412938	untrained	32676	91	memtrain/o_605_1.jpg	photodiode	1
1413.689	0.5	1413689	catch	32671	n/a	catch_padded.jpg	photodiode	0
1414.162	0.0	1414162	response	6	n/a	n/a	trigger	0
1415.59	0.5	1415590	trained	32722	45	memtrain/so_090_2.jpg	photodiode	1
1416.391	0.5	1416391	untrained	32712	55	memtrain/o_153_2.jpg	photodiode	1
1417.342	0.5	1417342	trained	32758	9	memtrain/o_101_2.jpg	photodiode	1
1418.243	0.5	1418243	trained	32765	2	memtrain/o_035_1.jpg	photodiode	1
1419.093	0.5	1419093	untrained	32699	68	memtrain/o_393_1.jpg	photodiode	1
1420.044	0.5	1420044	catch	32671	n/a	catch_padded.jpg	photodiode	0
1420.379	0.0	1420379	response	6	n/a	n/a	trigger	0
1422.096	0.5	1422096	untrained	32711	56	memtrain/o_163_2.jpg	photodiode	1
1422.988	0.5	1422988	trained	32744	23	memtrain/o_338_2.jpg	photodiode	1
1423.797	0.5	1423797	trained	32732	35	memtrain/o_561_2.jpg	photodiode	1
1424.589	0.5	1424589	untrained	32701	66	memtrain/o_342_2.jpg	photodiode	1
1425.39	0.5	1425390	catch	32671	n/a	catch_padded.jpg	photodiode	0
1425.774	0.0	1425774	response	6	n/a	n/a	trigger	0
1427.342	0.5	1427342	untrained	32716	51	memtrain/o_103_2.jpg	photodiode	1
1428.192	0.5	1428192	untrained	32717	50	memtrain/o_057_2.jpg	photodiode	1
1428.943	0.5	1428943	trained	32735	32	memtrain/o_485_2.jpg	photodiode	1
1429.894	0.5	1429894	untrained	32708	59	memtrain/o_201_2.jpg	photodiode	1
1430.745	0.5	1430745	catch	32671	n/a	catch_padded.jpg	photodiode	0
1431.099	0.0	1431099	response	6	n/a	n/a	trigger	0
1432.696	0.5	1432696	untrained	32715	52	memtrain/o_141_1.jpg	photodiode	1
1433.497	0.5	1433497	trained	32736	31	memtrain/o_465_2.jpg	photodiode	1
1434.298	0.5	1434298	trained	32751	16	memtrain/o_199_2.jpg	photodiode	1
1435.048	0.5	1435048	trained	32725	42	memtrain/so_034_2.jpg	photodiode	1
1435.999	0.5	1435999	catch	32671	n/a	catch_padded.jpg	photodiode	0
1436.441	0.0	1436441	response	6	n/a	n/a	trigger	0
1438.101	0.5	1438101	untrained	32674	93	memtrain/so_035_1.jpg	photodiode	1
1439.002	0.5	1439002	trained	32741	26	memtrain/o_376_1.jpg	photodiode	1
1439.952	0.5	1439952	untrained	32688	79	memtrain/o_600_1.jpg	photodiode	1
1440.903	0.5	1440903	catch	32671	n/a	catch_padded.jpg	photodiode	0
1441.393	0.0	1441393	response	6	n/a	n/a	trigger	0
1442.805	0.5	1442805	untrained	32681	86	memtrain/o_288_1.jpg	photodiode	1
1443.756	0.5	1443756	untrained	32693	74	memtrain/o_550_1.jpg	photodiode	1
1444.606	0.5	1444606	trained	32760	7	memtrain/o_091_2.jpg	photodiode	1
1445.507	0.5	1445507	catch	32671	n/a	catch_padded.jpg	photodiode	0
1445.874	0.0	1445874	response	6	n/a	n/a	trigger	0
1447.509	0.5	1447509	untrained	32704	63	memtrain/o_310_2.jpg	photodiode	1
1448.41	0.5	1448410	untrained	32694	73	memtrain/o_519_2.jpg	photodiode	1
1449.21	0.5	1449210	trained	32726	41	memtrain/o_663_2.jpg	photodiode	1
1449.961	0.5	1449961	trained	32761	6	memtrain/o_076_1.jpg	photodiode	1
1450.904	0.5	1450904	catch	32671	n/a	catch_padded.jpg	photodiode	0
1451.267	0.0	1451267	response	6	n/a	n/a	trigger	0
1452.863	0.5	1452863	trained	32742	25	memtrain/o_358_2.jpg	photodiode	1
1453.756	0.5	1453756	untrained	32703	64	memtrain/o_334_2.jpg	photodiode	1
1454.657	0.5	1454657	trained	32738	29	memtrain/o_416_1.jpg	photodiode	1
1455.407	0.5	1455407	catch	32671	n/a	catch_padded.jpg	photodiode	0
1455.841	0.0	1455841	response	6	n/a	n/a	trigger	0
1457.309	0.5	1457309	untrained	32673	94	memtrain/so_067_1.jpg	photodiode	1
1458.21	0.5	1458210	trained	32737	30	memtrain/o_437_2.jpg	photodiode	1
1459.06	0.5	1459060	untrained	32697	70	memtrain/o_471_2.jpg	photodiode	1
1459.961	0.5	1459961	untrained	32673	94	memtrain/so_067_1.jpg	photodiode	1
1460.912	0.5	1460912	trained	32756	11	memtrain/o_117_2.jpg	photodiode	1
1461.763	0.5	1461763	catch	32671	n/a	catch_padded.jpg	photodiode	0
1462.166	0.0	1462166	response	6	n/a	n/a	trigger	0
1463.865	0.5	1463865	untrained	32677	90	memtrain/o_580_1.jpg	photodiode	1
1464.815	0.5	1464815	trained	32723	44	memtrain/so_045_1.jpg	photodiode	1
1465.666	0.5	1465666	untrained	32703	64	memtrain/o_334_2.jpg	photodiode	1
1466.417	0.5	1466417	catch	32671	n/a	catch_padded.jpg	photodiode	0
1467.043	0.0	1467043	response	6	n/a	n/a	trigger	0
1468.468	0.5	1468468	trained	32725	42	memtrain/so_034_2.jpg	photodiode	1
1469.369	0.5	1469369	untrained	32706	61	memtrain/o_298_2.jpg	photodiode	1
1470.17	0.5	1470170	trained	32755	12	memtrain/o_127_2.jpg	photodiode	1
1470.92	0.5	1470920	trained	32740	27	memtrain/o_379_2.jpg	photodiode	1
1471.721	0.5	1471721	trained	32747	20	memtrain/o_290_1.jpg	photodiode	1
1472.572	0.5	1472572	catch	32671	n/a	catch_padded.jpg	photodiode	0
1472.884	0.0	1472884	response	6	n/a	n/a	trigger	0
1474.474	0.5	1474474	trained	32766	1	memtrain/o_015_1.jpg	photodiode	1
1475.224	0.5	1475224	untrained	32686	81	memtrain/o_655_2.jpg	photodiode	1
1476.075	0.5	1476075	untrained	32707	60	memtrain/o_228_2.jpg	photodiode	1
1476.876	0.5	1476876	untrained	32685	82	memtrain/o_656_1.jpg	photodiode	1
1477.676	0.5	1477676	untrained	32682	85	memtrain/o_218_1.jpg	photodiode	1
1478.527	0.5	1478527	catch	32671	n/a	catch_padded.jpg	photodiode	0
1478.911	0.0	1478911	response	6	n/a	n/a	trigger	0
1480.629	0.5	1480629	untrained	32714	53	memtrain/o_142_2.jpg	photodiode	1
1481.479	0.5	1481479	trained	32736	31	memtrain/o_465_2.jpg	photodiode	1
1482.422	0.5	1482422	trained	32728	39	memtrain/o_606_1.jpg	photodiode	1
1483.323	0.5	1483323	untrained	32696	71	memtrain/o_483_1.jpg	photodiode	1
1484.073	0.5	1484073	catch	32671	n/a	catch_padded.jpg	photodiode	0
1484.414	0.0	1484414	response	6	n/a	n/a	trigger	0
1486.183	0.5	1486183	untrained	32711	56	memtrain/o_163_2.jpg	photodiode	1
1486.984	0.5	1486984	untrained	32689	78	memtrain/o_599_1.jpg	photodiode	1
1487.835	0.5	1487835	trained	32733	34	memtrain/o_558_2.jpg	photodiode	1
1488.777	0.5	1488777	untrained	32684	83	memtrain/so_105_1.jpg	photodiode	1
1489.528	0.5	1489528	untrained	32676	91	memtrain/o_605_1.jpg	photodiode	1
1490.429	0.5	1490429	catch	32671	n/a	catch_padded.jpg	photodiode	0
1490.666	0.0	1490666	response	6	n/a	n/a	trigger	0
1492.38	0.5	1492380	trained	32734	33	memtrain/o_536_1.jpg	photodiode	1
1493.131	0.5	1493131	untrained	32692	75	memtrain/o_564_1.jpg	photodiode	1
1493.881	0.5	1493881	untrained	32690	77	memtrain/o_574_2.jpg	photodiode	1
1494.632	0.5	1494632	untrained	32705	62	memtrain/o_304_1.jpg	photodiode	1
1495.483	0.5	1495483	untrained	32691	76	memtrain/o_570_1.jpg	photodiode	1
1496.334	0.5	1496334	catch	32671	n/a	catch_padded.jpg	photodiode	0
1496.611	0.0	1496611	response	6	n/a	n/a	trigger	0
1498.435	0.5	1498435	untrained	32678	89	memtrain/o_469_1.jpg	photodiode	1
1499.186	0.5	1499186	untrained	32718	49	memtrain/o_054_2.jpg	photodiode	1
1499.987	0.5	1499987	trained	32748	19	memtrain/o_284_2.jpg	photodiode	1
1500.887	0.5	1500887	catch	32671	n/a	catch_padded.jpg	photodiode	0
1501.31	0.0	1501310	response	6	n/a	n/a	trigger	0
1502.939	0.5	1502939	untrained	32672	95	memtrain/so_125_1.jpg	photodiode	1
1503.89	0.5	1503890	trained	32739	28	memtrain/o_397_1.jpg	photodiode	1
1504.841	0.5	1504841	trained	32721	46	memtrain/so_113_1.jpg	photodiode	1
1505.641	0.5	1505641	untrained	32719	48	memtrain/o_019_2.jpg	photodiode	1
1506.392	0.5	1506392	catch	32671	n/a	catch_padded.jpg	photodiode	0
1506.719	0.0	1506719	response	6	n/a	n/a	trigger	0
1508.394	0.5	1508394	trained	32761	6	memtrain/o_076_1.jpg	photodiode	1
1509.244	0.5	1509244	untrained	32709	58	memtrain/o_192_1.jpg	photodiode	1
1510.095	0.5	1510095	trained	32746	21	memtrain/o_319_1.jpg	photodiode	1
1510.946	0.5	1510946	trained	32744	23	memtrain/o_338_2.jpg	photodiode	1
1511.688	0.5	1511688	catch	32671	n/a	catch_padded.jpg	photodiode	0
1511.957	0.0	1511957	response	6	n/a	n/a	trigger	0
1513.748	0.5	1513748	untrained	32687	80	memtrain/o_613_1.jpg	photodiode	1
1514.541	0.5	1514541	untrained	32675	92	memtrain/so_033_1.jpg	photodiode	1
1515.442	0.5	1515442	untrained	32702	65	memtrain/o_337_2.jpg	photodiode	1
1516.192	0.5	1516192	trained	32751	16	memtrain/o_199_2.jpg	photodiode	1
1516.993	0.5	1516993	catch	32671	n/a	catch_padded.jpg	photodiode	0
1517.339	0.0	1517339	response	6	n/a	n/a	trigger	0
1518.945	0.5	1518945	trained	32763	4	memtrain/o_042_1.jpg	photodiode	1
1519.795	0.5	1519795	untrained	32700	67	memtrain/o_378_1.jpg	photodiode	1
1520.596	0.5	1520596	trained	32752	15	memtrain/o_195_1.jpg	photodiode	1
1521.497	0.5	1521497	catch	32671	n/a	catch_padded.jpg	photodiode	0
1521.837	0.0	1521837	response	6	n/a	n/a	trigger	0
1523.548	0.5	1523548	trained	32722	45	memtrain/so_090_2.jpg	photodiode	1
1524.499	0.5	1524499	untrained	32713	54	memtrain/o_145_1.jpg	photodiode	1
1525.4	0.5	1525400	trained	32720	47	memtrain/so_147_2.jpg	photodiode	1
1526.251	0.5	1526251	catch	32671	n/a	catch_padded.jpg	photodiode	0
1526.522	0.0	1526522	response	6	n/a	n/a	trigger	0
1528.152	0.5	1528152	trained	32760	7	memtrain/o_091_2.jpg	photodiode	1
1529.003	0.5	1529003	untrained	32695	72	memtrain/o_490_1.jpg	photodiode	1
1529.904	0.5	1529904	trained	32724	43	memtrain/so_043_2.jpg	photodiode	1
1530.704	0.5	1530704	trained	32762	5	memtrain/o_067_1.jpg	photodiode	1
1531.455	0.5	1531455	catch	32671	n/a	catch_padded.jpg	photodiode	0
1531.765	0.0	1531765	response	6	n/a	n/a	trigger	0
1533.557	0.5	1533557	trained	32745	22	memtrain/o_321_1.jpg	photodiode	1
1534.358	0.5	1534358	untrained	32701	66	memtrain/o_342_2.jpg	photodiode	1
1535.158	0.5	1535158	untrained	32717	50	memtrain/o_057_2.jpg	photodiode	1
1536.009	0.5	1536009	untrained	32712	55	memtrain/o_153_2.jpg	photodiode	1
1536.86	0.5	1536860	catch	32671	n/a	catch_padded.jpg	photodiode	0
1537.147	0.0	1537147	response	6	n/a	n/a	trigger	0
1538.761	0.5	1538761	untrained	32680	87	memtrain/o_365_1.jpg	photodiode	1
1539.612	0.5	1539612	trained	32738	29	memtrain/o_416_1.jpg	photodiode	1
1540.413	0.5	1540413	untrained	32683	84	memtrain/so_117_2.jpg	photodiode	1
1541.263	0.5	1541263	trained	32767	0	memtrain/o_006_1.jpg	photodiode	1
1542.206	0.5	1542206	trained	32726	41	memtrain/o_663_2.jpg	photodiode	1
1543.006	0.5	1543006	catch	32671	n/a	catch_padded.jpg	photodiode	0
1543.25	0.0	1543250	response	6	n/a	n/a	trigger	0
1544.917	0.5	1544917	untrained	32693	74	memtrain/o_550_1.jpg	photodiode	1
1545.859	0.5	1545859	untrained	32699	68	memtrain/o_393_1.jpg	photodiode	1
1546.609	0.5	1546609	trained	32749	18	memtrain/o_264_2.jpg	photodiode	1
1547.46	0.5	1547460	trained	32731	36	memtrain/o_583_1.jpg	photodiode	1
1548.361	0.5	1548361	trained	32730	37	memtrain/o_597_1.jpg	photodiode	1
1549.262	0.5	1549262	catch	32671	n/a	catch_padded.jpg	photodiode	0
1549.623	0.0	1549623	response	6	n/a	n/a	trigger	0
1551.364	0.5	1551364	untrained	32679	88	memtrain/o_458_1.jpg	photodiode	1
1552.164	0.5	1552164	trained	32727	40	memtrain/o_648_2.jpg	photodiode	1
1553.015	0.5	1553015	trained	32754	13	memtrain/o_136_1.jpg	photodiode	1
1553.766	0.5	1553766	catch	32671	n/a	catch_padded.jpg	photodiode	0
1554.209	0.0	1554209	response	6	n/a	n/a	trigger	0
1555.717	0.5	1555717	trained	32757	10	memtrain/o_111_2.jpg	photodiode	1
1556.568	0.5	1556568	trained	32737	30	memtrain/o_437_2.jpg	photodiode	1
1557.369	0.5	1557369	trained	32743	24	memtrain/o_357_1.jpg	photodiode	1
1558.119	0.5	1558119	catch	32671	n/a	catch_padded.jpg	photodiode	0
1558.594	0.0	1558594	response	6	n/a	n/a	trigger	0
1560.121	0.5	1560121	trained	32729	38	memtrain/o_603_1.jpg	photodiode	1
1560.922	0.5	1560922	trained	32750	17	memtrain/o_232_1.jpg	photodiode	1
1561.872	0.5	1561872	untrained	32710	57	memtrain/o_171_1.jpg	photodiode	1
1562.673	0.5	1562673	untrained	32674	93	memtrain/so_035_1.jpg	photodiode	1
1563.624	0.5	1563624	untrained	32694	73	memtrain/o_519_2.jpg	photodiode	1
1564.425	0.5	1564425	catch	32671	n/a	catch_padded.jpg	photodiode	0
1564.706	0.0	1564706	response	6	n/a	n/a	trigger	0
1566.526	0.5	1566526	untrained	32708	59	memtrain/o_201_2.jpg	photodiode	1
1567.327	0.5	1567327	trained	32735	32	memtrain/o_485_2.jpg	photodiode	1
1568.078	0.5	1568078	trained	32753	14	memtrain/o_174_1.jpg	photodiode	1
1568.928	0.5	1568928	catch	32671	n/a	catch_padded.jpg	photodiode	0
1569.305	0.0	1569305	response	6	n/a	n/a	trigger	0
1570.972	0.5	1570972	trained	32759	8	memtrain/o_094_1.jpg	photodiode	1
1571.723	0.5	1571723	untrained	32715	52	memtrain/o_141_1.jpg	photodiode	1
1572.523	0.5	1572523	trained	32765	2	memtrain/o_035_1.jpg	photodiode	1
1573.424	0.5	1573424	untrained	32681	86	memtrain/o_288_1.jpg	photodiode	1
1574.325	0.5	1574325	untrained	32698	69	memtrain/o_464_2.jpg	photodiode	1
1575.276	0.5	1575276	catch	32671	n/a	catch_padded.jpg	photodiode	0
1575.48	0.0	1575480	response	6	n/a	n/a	trigger	0
1577.227	0.5	1577227	trained	32764	3	memtrain/o_040_2.jpg	photodiode	1
1578.136	0.5	1578136	untrained	32716	51	memtrain/o_103_2.jpg	photodiode	1
1578.979	0.5	1578979	untrained	32688	79	memtrain/o_600_1.jpg	photodiode	1
1579.88	0.5	1579880	untrained	32704	63	memtrain/o_310_2.jpg	photodiode	1
1580.63	0.5	1580630	trained	32758	9	memtrain/o_101_2.jpg	photodiode	1
1581.531	0.5	1581531	catch	32671	n/a	catch_padded.jpg	photodiode	0
1581.799	0.0	1581799	response	6	n/a	n/a	trigger	0
1583.533	0.5	1583533	trained	32732	35	memtrain/o_561_2.jpg	photodiode	1
1584.283	0.5	1584283	trained	32741	26	memtrain/o_376_1.jpg	photodiode	1
1585.084	0.5	1585084	trained	32742	25	memtrain/o_358_2.jpg	photodiode	1
1585.935	0.5	1585935	catch	32671	n/a	catch_padded.jpg	photodiode	0
1586.435	0.0	1586435	response	6	n/a	n/a	trigger	0
1588.409	0.0	1588409	block_end	120	n/a	n/a	trigger	0
1994.454	0.0	1994454	response	6	n/a	n/a	trigger	0
1994.46	0.0	1994460	block_onset	106	n/a	n/a	trigger	0
1996.516	0.5	1996516	trained	32739	28	memtrain/o_397_1.jpg	photodiode	1
1997.467	0.5	1997467	untrained	32674	93	memtrain/so_035_1.jpg	photodiode	1
1998.217	0.5	1998217	trained	32745	22	memtrain/o_321_1.jpg	photodiode	1
1999.168	0.5	1999168	catch	32671	n/a	catch_padded.jpg	photodiode	0
1999.573	0.0	1999573	response	6	n/a	n/a	trigger	0
2001.12	0.5	2001120	trained	32742	25	memtrain/o_358_2.jpg	photodiode	1
2002.021	0.5	2002021	untrained	32689	78	memtrain/o_599_1.jpg	photodiode	1
2002.863	0.5	2002863	trained	32734	33	memtrain/o_536_1.jpg	photodiode	1
2003.814	0.5	2003814	catch	32671	n/a	catch_padded.jpg	photodiode	0
2004.121	0.0	2004121	response	6	n/a	n/a	trigger	0
2005.774	0.5	2005774	untrained	32703	64	memtrain/o_334_2.jpg	photodiode	1
2006.666	0.5	2006666	trained	32764	3	memtrain/o_040_2.jpg	photodiode	1
2007.567	0.5	2007567	untrained	32682	85	memtrain/o_218_1.jpg	photodiode	1
2008.317	0.5	2008317	trained	32746	21	memtrain/o_319_1.jpg	photodiode	1
2009.118	0.5	2009118	catch	32671	n/a	catch_padded.jpg	photodiode	0
2009.375	0.0	2009375	response	6	n/a	n/a	trigger	0
2011.02	0.5	2011020	trained	32730	37	memtrain/o_597_1.jpg	photodiode	1
2011.971	0.5	2011971	untrained	32693	74	memtrain/o_550_1.jpg	photodiode	1
2012.921	0.5	2012921	trained	32731	36	memtrain/o_583_1.jpg	photodiode	1
2013.772	0.5	2013772	catch	32671	n/a	catch_padded.jpg	photodiode	0
2014.141	0.0	2014141	response	6	n/a	n/a	trigger	0
2015.674	0.5	2015674	trained	32753	14	memtrain/o_174_1.jpg	photodiode	1
2016.524	0.5	2016524	untrained	32696	71	memtrain/o_483_1.jpg	photodiode	1
2017.375	0.5	2017375	trained	32720	47	memtrain/so_147_2.jpg	photodiode	1
2018.276	0.5	2018276	catch	32671	n/a	catch_padded.jpg	photodiode	0
2018.569	0.0	2018569	response	6	n/a	n/a	trigger	0
2020.178	0.5	2020178	untrained	32686	81	memtrain/o_655_2.jpg	photodiode	1
2020.928	0.5	2020928	trained	32754	13	memtrain/o_136_1.jpg	photodiode	1
2021.779	0.5	2021779	untrained	32715	52	memtrain/o_141_1.jpg	photodiode	1
2022.58	0.5	2022580	untrained	32681	86	memtrain/o_288_1.jpg	photodiode	1
2023.48	0.5	2023480	catch	32671	n/a	catch_padded.jpg	photodiode	0
2023.77	0.0	2023770	response	6	n/a	n/a	trigger	0
2025.382	0.5	2025382	trained	32732	35	memtrain/o_561_2.jpg	photodiode	1
2026.333	0.5	2026333	untrained	32701	66	memtrain/o_342_2.jpg	photodiode	1
2027.133	0.5	2027133	untrained	32695	72	memtrain/o_490_1.jpg	photodiode	1
2027.984	0.5	2027984	untrained	32699	68	memtrain/o_393_1.jpg	photodiode	1
2028.935	0.5	2028935	catch	32671	n/a	catch_padded.jpg	photodiode	0
2029.207	0.0	2029207	response	6	n/a	n/a	trigger	0
2030.887	0.5	2030887	trained	32733	34	memtrain/o_558_2.jpg	photodiode	1
2031.787	0.5	2031787	untrained	32691	76	memtrain/o_570_1.jpg	photodiode	1
2032.58	0.5	2032580	trained	32721	46	memtrain/so_113_1.jpg	photodiode	1
2033.331	0.5	2033331	untrained	32702	65	memtrain/o_337_2.jpg	photodiode	1
2034.131	0.5	2034131	untrained	32700	67	memtrain/o_378_1.jpg	photodiode	1
2034.882	0.5	2034882	catch	32671	n/a	catch_padded.jpg	photodiode	0
2035.132	0.0	2035132	response	6	n/a	n/a	trigger	0
2036.884	0.5	2036884	untrained	32709	58	memtrain/o_192_1.jpg	photodiode	1
2037.834	0.5	2037834	untrained	32672	95	memtrain/so_125_1.jpg	photodiode	1
2038.735	0.5	2038735	untrained	32705	62	memtrain/o_304_1.jpg	photodiode	1
2039.586	0.5	2039586	untrained	32694	73	memtrain/o_519_2.jpg	photodiode	1
2040.537	0.5	2040537	catch	32671	n/a	catch_padded.jpg	photodiode	0
2040.834	0.0	2040834	response	6	n/a	n/a	trigger	0
2042.588	0.5	2042588	untrained	32698	69	memtrain/o_464_2.jpg	photodiode	1
2043.439	0.5	2043439	trained	32728	39	memtrain/o_606_1.jpg	photodiode	1
2044.39	0.5	2044390	untrained	32690	77	memtrain/o_574_2.jpg	photodiode	1
2045.241	0.5	2045241	trained	32722	45	memtrain/so_090_2.jpg	photodiode	1
2046.091	0.5	2046091	trained	32765	2	memtrain/o_035_1.jpg	photodiode	1
2046.842	0.5	2046842	catch	32671	n/a	catch_padded.jpg	photodiode	0
2047.06	0.0	2047060	response	6	n/a	n/a	trigger	0
2048.794	0.5	2048794	trained	32747	20	memtrain/o_290_1.jpg	photodiode	1
2049.594	0.5	2049594	untrained	32711	56	memtrain/o_163_2.jpg	photodiode	1
2050.445	0.5	2050445	untrained	32718	49	memtrain/o_054_2.jpg	photodiode	1
2051.396	0.5	2051396	trained	32727	40	memtrain/o_648_2.jpg	photodiode	1
2052.197	0.5	2052197	catch	32671	n/a	catch_padded.jpg	photodiode	0
2052.529	0.0	2052529	response	6	n/a	n/a	trigger	0
2054.298	0.5	2054298	trained	32744	23	memtrain/o_338_2.jpg	photodiode	1
2055.199	0.5	2055199	trained	32724	43	memtrain/so_043_2.jpg	photodiode	1
2056.15	0.5	2056150	trained	32751	16	memtrain/o_199_2.jpg	photodiode	1
2057.051	0.5	2057051	untrained	32717	50	memtrain/o_057_2.jpg	photodiode	1
2058.001	0.5	2058001	untrained	32685	82	memtrain/o_656_1.jpg	photodiode	1
2058.952	0.5	2058952	catch	32671	n/a	catch_padded.jpg	photodiode	0
2059.223	0.0	2059223	response	6	n/a	n/a	trigger	0
2060.854	0.5	2060854	trained	32743	24	memtrain/o_357_1.jpg	photodiode	1
2061.755	0.5	2061755	trained	32759	8	memtrain/o_094_1.jpg	photodiode	1
2062.597	0.5	2062597	untrained	32679	88	memtrain/o_458_1.jpg	photodiode	1
2063.347	0.5	2063347	catch	32671	n/a	catch_padded.jpg	photodiode	0
2063.764	0.0	2063764	response	6	n/a	n/a	trigger	0
2065.249	0.5	2065249	untrained	32687	80	memtrain/o_613_1.jpg	photodiode	1
2066.2	0.5	2066200	untrained	32708	59	memtrain/o_201_2.jpg	photodiode	1
2067.101	0.5	2067101	trained	32763	4	memtrain/o_042_1.jpg	photodiode	1
2067.851	0.5	2067851	trained	32729	38	memtrain/o_603_1.jpg	photodiode	1
2068.752	0.5	2068752	catch	32671	n/a	catch_padded.jpg	photodiode	0
2069.032	0.0	2069032	response	6	n/a	n/a	trigger	0
2070.804	0.5	2070804	untrained	32688	79	memtrain/o_600_1.jpg	photodiode	1
2071.655	0.5	2071655	trained	32736	31	memtrain/o_465_2.jpg	photodiode	1
2072.505	0.5	2072505	trained	32758	9	memtrain/o_101_2.jpg	photodiode	1
2073.456	0.5	2073456	untrained	32710	57	memtrain/o_171_1.jpg	photodiode	1
2074.307	0.5	2074307	untrained	32684	83	memtrain/so_105_1.jpg	photodiode	1
2075.157	0.5	2075157	catch	32671	n/a	catch_padded.jpg	photodiode	0
2075.358	0.0	2075358	response	6	n/a	n/a	trigger	0
2077.209	0.5	2077209	trained	32760	7	memtrain/o_091_2.jpg	photodiode	1
2078.01	0.5	2078010	untrained	32676	91	memtrain/o_605_1.jpg	photodiode	1
2078.911	0.5	2078911	trained	32725	42	memtrain/so_034_2.jpg	photodiode	1
2079.711	0.5	2079711	untrained	32716	51	memtrain/o_103_2.jpg	photodiode	1
2080.462	0.5	2080462	trained	32752	15	memtrain/o_195_1.jpg	photodiode	1
2081.363	0.5	2081363	catch	32671	n/a	catch_padded.jpg	photodiode	0
2081.746	0.0	2081746	response	6	n/a	n/a	trigger	0
2083.465	0.5	2083465	trained	32750	17	memtrain/o_232_1.jpg	photodiode	1
2084.365	0.5	2084365	untrained	32712	55	memtrain/o_153_2.jpg	photodiode	1
2085.116	0.5	2085116	trained	32762	5	memtrain/o_067_1.jpg	photodiode	1
2085.967	0.5	2085967	catch	32671	n/a	catch_padded.jpg	photodiode	0
2086.511	0.0	2086511	response	6	n/a	n/a	trigger	0
2088.018	0.5	2088018	trained	32749	18	memtrain/o_264_2.jpg	photodiode	1
2088.969	0.5	2088969	trained	32726	41	memtrain/o_663_2.jpg	photodiode	1
2089.712	0.5	2089712	untrained	32675	92	memtrain/so_033_1.jpg	photodiode	1
2090.562	0.5	2090562	trained	32723	44	memtrain/so_045_1.jpg	photodiode	1
2091.313	0.5	2091313	catch	32671	n/a	catch_padded.jpg	photodiode	0
2091.622	0.0	2091622	response	6	n/a	n/a	trigger	0
2093.315	0.5	2093315	untrained	32714	53	memtrain/o_142_2.jpg	photodiode	1
2094.115	0.5	2094115	untrained	32692	75	memtrain/o_564_1.jpg	photodiode	1
2094.966	0.5	2094966	trained	32738	29	memtrain/o_416_1.jpg	photodiode	1
2095.767	0.5	2095767	untrained	32677	90	memtrain/o_580_1.jpg	photodiode	1
2096.718	0.5	2096718	catch	32671	n/a	catch_padded.jpg	photodiode	0
2097.061	0.0	2097061	response	6	n/a	n/a	trigger	0
2098.769	0.5	2098769	trained	32767	0	memtrain/o_006_1.jpg	photodiode	1
2099.57	0.5	2099570	trained	32748	19	memtrain/o_284_2.jpg	photodiode	1
2100.321	0.5	2100321	trained	32766	1	memtrain/o_015_1.jpg	photodiode	1
2101.121	0.5	2101121	untrained	32719	48	memtrain/o_019_2.jpg	photodiode	1
2101.972	0.5	2101972	trained	32735	32	memtrain/o_485_2.jpg	photodiode	1
2102.773	0.5	2102773	catch	32671	n/a	catch_padded.jpg	photodiode	0
2102.907	0.0	2102907	response	6	n/a	n/a	trigger	0
2104.724	0.5	2104724	trained	32755	12	memtrain/o_127_2.jpg	photodiode	1
2105.525	0.5	2105525	untrained	32680	87	memtrain/o_365_1.jpg	photodiode	1
2106.276	0.5	2106276	untrained	32707	60	memtrain/o_228_2.jpg	photodiode	1
2107.026	0.5	2107026	trained	32756	11	memtrain/o_117_2.jpg	photodiode	1
2107.877	0.5	2107877	untrained	32697	70	memtrain/o_471_2.jpg	photodiode	1
2108.678	0.5	2108678	catch	32671	n/a	catch_padded.jpg	photodiode	0
2108.977	0.0	2108977	response	6	n/a	n/a	trigger	0
2110.78	0.5	2110780	trained	32741	26	memtrain/o_376_1.jpg	photodiode	1
2111.63	0.5	2111630	trained	32740	27	memtrain/o_379_2.jpg	photodiode	1
2112.381	0.5	2112381	untrained	32678	89	memtrain/o_469_1.jpg	photodiode	1
2113.232	0.5	2113232	catch	32671	n/a	catch_padded.jpg	photodiode	0
2113.65	0.0	2113650	response	6	n/a	n/a	trigger	0
2115.133	0.5	2115133	trained	32737	30	memtrain/o_437_2.jpg	photodiode	1
2115.884	0.5	2115884	untrained	32704	63	memtrain/o_310_2.jpg	photodiode	1
2116.685	0.5	2116685	trained	32757	10	memtrain/o_111_2.jpg	photodiode	1
2117.535	0.5	2117535	untrained	32713	54	memtrain/o_145_1.jpg	photodiode	1
2118.336	0.5	2118336	catch	32671	n/a	catch_padded.jpg	photodiode	0
2118.712	0.0	2118712	response	6	n/a	n/a	trigger	0
2120.329	0.5	2120329	untrained	32673	94	memtrain/so_067_1.jpg	photodiode	1
2121.23	0.5	2121230	trained	32761	6	memtrain/o_076_1.jpg	photodiode	1
2122.031	0.5	2122031	untrained	32706	61	memtrain/o_298_2.jpg	photodiode	1
2122.831	0.5	2122831	catch	32671	n/a	catch_padded.jpg	photodiode	0
2123.38	0.0	2123380	response	6	n/a	n/a	trigger	0
2124.933	0.5	2124933	untrained	32683	84	memtrain/so_117_2.jpg	photodiode	1
2125.884	0.5	2125884	trained	32722	45	memtrain/so_090_2.jpg	photodiode	1
2126.835	0.5	2126835	trained	32724	43	memtrain/so_043_2.jpg	photodiode	1
2127.635	0.5	2127635	trained	32741	26	memtrain/o_376_1.jpg	photodiode	1
2128.486	0.5	2128486	catch	32671	n/a	catch_padded.jpg	photodiode	0
2128.738	0.0	2128738	response	6	n/a	n/a	trigger	0
2130.438	0.5	2130438	trained	32763	4	memtrain/o_042_1.jpg	photodiode	1
2131.338	0.5	2131338	trained	32742	25	memtrain/o_358_2.jpg	photodiode	1
2132.289	0.5	2132289	untrained	32697	70	memtrain/o_471_2.jpg	photodiode	1
2133.09	0.5	2133090	trained	32743	24	memtrain/o_357_1.jpg	photodiode	1
2133.941	0.5	2133941	untrained	32702	65	memtrain/o_337_2.jpg	photodiode	1
2134.841	0.5	2134841	catch	32671	n/a	catch_padded.jpg	photodiode	0
2135.024	0.0	2135024	response	6	n/a	n/a	trigger	0
2136.743	0.5	2136743	trained	32739	28	memtrain/o_397_1.jpg	photodiode	1
2137.694	0.5	2137694	untrained	32715	52	memtrain/o_141_1.jpg	photodiode	1
2138.444	0.5	2138444	trained	32727	40	memtrain/o_648_2.jpg	photodiode	1
2139.195	0.5	2139195	untrained	32696	71	memtrain/o_483_1.jpg	photodiode	1
2140.146	0.5	2140146	untrained	32707	60	memtrain/o_228_2.jpg	photodiode	1
2141.047	0.5	2141047	catch	32671	n/a	catch_padded.jpg	photodiode	0
2141.416	0.0	2141416	response	6	n/a	n/a	trigger	0
2143.048	0.5	2143048	trained	32764	3	memtrain/o_040_2.jpg	photodiode	1
2143.999	0.5	2143999	trained	32747	20	memtrain/o_290_1.jpg	photodiode	1
2144.95	0.5	2144950	untrained	32689	78	memtrain/o_599_1.jpg	photodiode	1
2145.701	0.5	2145701	untrained	32685	82	memtrain/o_656_1.jpg	photodiode	1
2146.501	0.5	2146501	untrained	32678	89	memtrain/o_469_1.jpg	photodiode	1
2147.352	0.5	2147352	catch	32671	n/a	catch_padded.jpg	photodiode	0
2147.644	0.0	2147644	response	6	n/a	n/a	trigger	0
2149.254	0.5	2149254	trained	32752	15	memtrain/o_195_1.jpg	photodiode	1
2150.154	0.5	2150154	trained	32734	33	memtrain/o_536_1.jpg	photodiode	1
2151.047	0.5	2151047	trained	32762	5	memtrain/o_067_1.jpg	photodiode	1
2151.848	0.5	2151848	untrained	32688	79	memtrain/o_600_1.jpg	photodiode	1
2152.748	0.5	2152748	untrained	32698	69	memtrain/o_464_2.jpg	photodiode	1
2153.549	0.5	2153549	catch	32671	n/a	catch_padded.jpg	photodiode	0
2153.775	0.0	2153775	response	6	n/a	n/a	trigger	0
2155.451	0.5	2155451	trained	32726	41	memtrain/o_663_2.jpg	photodiode	1
2156.301	0.5	2156301	trained	32751	16	memtrain/o_199_2.jpg	photodiode	1
2157.202	0.5	2157202	trained	32730	37	memtrain/o_597_1.jpg	photodiode	1
2158.003	0.5	2158003	trained	32736	31	memtrain/o_465_2.jpg	photodiode	1
2158.954	0.5	2158954	untrained	32719	48	memtrain/o_019_2.jpg	photodiode	1
2159.804	0.5	2159804	catch	32671	n/a	catch_padded.jpg	photodiode	0
2160.168	0.0	2160168	response	6	n/a	n/a	trigger	0
2161.856	0.5	2161856	untrained	32693	74	memtrain/o_550_1.jpg	photodiode	1
2162.807	0.5	2162807	trained	32721	46	memtrain/so_113_1.jpg	photodiode	1
2163.708	0.5	2163708	untrained	32674	93	memtrain/so_035_1.jpg	photodiode	1
2164.608	0.5	2164608	catch	32671	n/a	catch_padded.jpg	photodiode	0
2164.924	0.0	2164924	response	6	n/a	n/a	trigger	0
2166.71	0.5	2166710	untrained	32703	64	memtrain/o_334_2.jpg	photodiode	1
2167.661	0.5	2167661	untrained	32701	66	memtrain/o_342_2.jpg	photodiode	1
2168.512	0.5	2168512	untrained	32708	59	memtrain/o_201_2.jpg	photodiode	1
2169.312	0.5	2169312	untrained	32700	67	memtrain/o_378_1.jpg	photodiode	1
2170.263	0.5	2170263	catch	32671	n/a	catch_padded.jpg	photodiode	0
2170.591	0.0	2170591	response	6	n/a	n/a	trigger	0
2172.315	0.5	2172315	trained	32746	21	memtrain/o_319_1.jpg	photodiode	1
2173.116	0.5	2173116	untrained	32677	90	memtrain/o_580_1.jpg	photodiode	1
2174.016	0.5	2174016	trained	32740	27	memtrain/o_379_2.jpg	photodiode	1
2174.767	0.5	2174767	trained	32766	1	memtrain/o_015_1.jpg	photodiode	1
2175.618	0.5	2175618	catch	32671	n/a	catch_padded.jpg	photodiode	0
2176.095	0.0	2176095	response	6	n/a	n/a	trigger	0
2177.511	0.5	2177511	untrained	32704	63	memtrain/o_310_2.jpg	photodiode	1
2178.262	0.5	2178262	trained	32759	8	memtrain/o_094_1.jpg	photodiode	1
2179.021	0.5	2179021	untrained	32681	86	memtrain/o_288_1.jpg	photodiode	1
2179.921	0.5	2179921	catch	32671	n/a	catch_padded.jpg	photodiode	0
2180.337	0.0	2180337	response	6	n/a	n/a	trigger	0
2182.023	0.5	2182023	trained	32744	23	memtrain/o_338_2.jpg	photodiode	1
2182.815	0.5	2182815	trained	32749	18	memtrain/o_264_2.jpg	photodiode	1
2183.716	0.5	2183716	trained	32735	32	memtrain/o_485_2.jpg	photodiode	1
2184.517	0.5	2184517	catch	32671	n/a	catch_padded.jpg	photodiode	0
2184.729	0.0	2184729	response	6	n/a	n/a	trigger	0
2186.468	0.5	2186468	trained	32750	17	memtrain/o_232_1.jpg	photodiode	1
2187.419	0.5	2187419	untrained	32712	55	memtrain/o_153_2.jpg	photodiode	1
2188.37	0.5	2188370	untrained	32682	85	memtrain/o_218_1.jpg	photodiode	1
2189.271	0.5	2189271	untrained	32680	87	memtrain/o_365_1.jpg	photodiode	1
2190.122	0.5	2190122	untrained	32687	80	memtrain/o_613_1.jpg	photodiode	1
2191.022	0.5	2191022	catch	32671	n/a	catch_padded.jpg	photodiode	0
2191.276	0.0	2191276	response	6	n/a	n/a	trigger	0
2192.974	0.5	2192974	untrained	32709	58	memtrain/o_192_1.jpg	photodiode	1
2193.875	0.5	2193875	untrained	32695	72	memtrain/o_490_1.jpg	photodiode	1
2194.826	0.5	2194826	trained	32755	12	memtrain/o_127_2.jpg	photodiode	1
2195.676	0.5	2195676	untrained	32711	56	memtrain/o_163_2.jpg	photodiode	1
2196.577	0.5	2196577	trained	32745	22	memtrain/o_321_1.jpg	photodiode	1
2197.428	0.5	2197428	catch	32671	n/a	catch_padded.jpg	photodiode	0
2197.649	0.0	2197649	response	6	n/a	n/a	trigger	0
2199.53	0.5	2199530	trained	32728	39	memtrain/o_606_1.jpg	photodiode	1
2200.38	0.5	2200380	trained	32720	47	memtrain/so_147_2.jpg	photodiode	1
2201.231	0.5	2201231	trained	32748	19	memtrain/o_284_2.jpg	photodiode	1
2201.982	0.5	2201982	untrained	32714	53	memtrain/o_142_2.jpg	photodiode	1
2202.782	0.5	2202782	catch	32671	n/a	catch_padded.jpg	photodiode	0
2203.118	0.0	2203118	response	6	n/a	n/a	trigger	0
2204.784	0.5	2204784	untrained	32716	51	memtrain/o_103_2.jpg	photodiode	1
2205.535	0.5	2205535	untrained	32717	50	memtrain/o_057_2.jpg	photodiode	1
2206.335	0.5	2206335	trained	32760	7	memtrain/o_091_2.jpg	photodiode	1
2207.078	0.5	2207078	catch	32671	n/a	catch_padded.jpg	photodiode	0
2207.62	0.0	2207620	response	6	n/a	n/a	trigger	0
2208.988	0.5	2208988	untrained	32706	61	memtrain/o_298_2.jpg	photodiode	1
2209.73	0.5	2209730	trained	32738	29	memtrain/o_416_1.jpg	photodiode	1
2210.531	0.5	2210531	untrained	32713	54	memtrain/o_145_1.jpg	photodiode	1
2211.482	0.5	2211482	trained	32729	38	memtrain/o_603_1.jpg	photodiode	1
2212.382	0.5	2212382	catch	32671	n/a	catch_padded.jpg	photodiode	0
2212.652	0.0	2212652	response	6	n/a	n/a	trigger	0
2214.384	0.5	2214384	trained	32731	36	memtrain/o_583_1.jpg	photodiode	1
2215.335	0.5	2215335	untrained	32686	81	memtrain/o_655_2.jpg	photodiode	1
2216.286	0.5	2216286	untrained	32699	68	memtrain/o_393_1.jpg	photodiode	1
2217.136	0.5	2217136	untrained	32679	88	memtrain/o_458_1.jpg	photodiode	1
2218.037	0.5	2218037	catch	32671	n/a	catch_padded.jpg	photodiode	0
2218.442	0.0	2218442	response	6	n/a	n/a	trigger	0
2219.939	0.5	2219939	trained	32756	11	memtrain/o_117_2.jpg	photodiode	1
2220.689	0.5	2220689	trained	32757	10	memtrain/o_111_2.jpg	photodiode	1
2221.49	0.5	2221490	untrained	32705	62	memtrain/o_304_1.jpg	photodiode	1
2222.291	0.5	2222291	catch	32671	n/a	catch_padded.jpg	photodiode	0
2222.715	0.0	2222715	response	6	n/a	n/a	trigger	0
2224.192	0.5	2224192	trained	32737	30	memtrain/o_437_2.jpg	photodiode	1
2224.943	0.5	2224943	trained	32733	34	memtrain/o_558_2.jpg	photodiode	1
2225.894	0.5	2225894	trained	32723	44	memtrain/so_045_1.jpg	photodiode	1
2226.694	0.5	2226694	trained	32758	9	memtrain/o_101_2.jpg	photodiode	1
2227.445	0.5	2227445	trained	32753	14	memtrain/o_174_1.jpg	photodiode	1
2228.396	0.5	2228396	catch	32671	n/a	catch_padded.jpg	photodiode	0
2228.502	0.0	2228502	response	6	n/a	n/a	trigger	0
2230.448	0.5	2230448	untrained	32675	92	memtrain/so_033_1.jpg	photodiode	1
2231.348	0.5	2231348	untrained	32673	94	memtrain/so_067_1.jpg	photodiode	1
2232.249	0.5	2232249	untrained	32694	73	memtrain/o_519_2.jpg	photodiode	1
2233.0	0.5	2233000	untrained	32672	95	memtrain/so_125_1.jpg	photodiode	1
2233.951	0.5	2233951	catch	32671	n/a	catch_padded.jpg	photodiode	0
2234.242	0.0	2234242	response	6	n/a	n/a	trigger	0
2235.902	0.5	2235902	untrained	32676	91	memtrain/o_605_1.jpg	photodiode	1
2236.753	0.5	2236753	trained	32732	35	memtrain/o_561_2.jpg	photodiode	1
2237.645	0.5	2237645	untrained	32691	76	memtrain/o_570_1.jpg	photodiode	1
2238.546	0.5	2238546	untrained	32683	84	memtrain/so_117_2.jpg	photodiode	1
2239.397	0.5	2239397	trained	32754	13	memtrain/o_136_1.jpg	photodiode	1
2240.197	0.5	2240197	catch	32671	n/a	catch_padded.jpg	photodiode	0
2240.553	0.0	2240553	response	6	n/a	n/a	trigger	0
2242.299	0.5	2242299	untrained	32690	77	memtrain/o_574_2.jpg	photodiode	1
2243.1	0.5	2243100	trained	32765	2	memtrain/o_035_1.jpg	photodiode	1
2244.001	0.5	2244001	untrained	32684	83	memtrain/so_105_1.jpg	photodiode	1
2244.851	0.5	2244851	catch	32671	n/a	catch_padded.jpg	photodiode	0
2245.288	0.0	2245288	response	6	n/a	n/a	trigger	0
2246.853	0.5	2246853	trained	32767	0	memtrain/o_006_1.jpg	photodiode	1
2247.804	0.5	2247804	untrained	32718	49	memtrain/o_054_2.jpg	photodiode	1
2248.554	0.5	2248554	trained	32761	6	memtrain/o_076_1.jpg	photodiode	1
2249.455	0.5	2249455	catch	32671	n/a	catch_padded.jpg	photodiode	0
2249.796	0.0	2249796	response	6	n/a	n/a	trigger	0
2251.557	0.5	2251557	untrained	32692	75	memtrain/o_564_1.jpg	photodiode	1
2252.408	0.5	2252408	untrained	32710	57	memtrain/o_171_1.jpg	photodiode	1
2253.158	0.5	2253158	trained	32725	42	memtrain/so_034_2.jpg	photodiode	1
2253.909	0.5	2253909	catch	32671	n/a	catch_padded.jpg	photodiode	0
2254.294	0.0	2254294	response	6	n/a	n/a	trigger	0
2256.383	0.0	2256383	block_end	120	n/a	n/a	trigger	0
2327.25	0.0	2327250	response	6	n/a	n/a	trigger	0
2327.259	0.0	2327259	block_onset	107	n/a	n/a	trigger	0
2329.315	0.5	2329315	trained	32759	8	memtrain/o_094_1.jpg	photodiode	1
2330.065	0.5	2330065	trained	32738	29	memtrain/o_416_1.jpg	photodiode	1
2330.816	0.5	2330816	trained	32722	45	memtrain/so_090_2.jpg	photodiode	1
2331.767	0.5	2331767	catch	32671	n/a	catch_padded.jpg	photodiode	0
2332.15	0.0	2332150	response	6	n/a	n/a	trigger	0
2333.769	0.5	2333769	untrained	32711	56	memtrain/o_163_2.jpg	photodiode	1
2334.669	0.5	2334669	trained	32753	14	memtrain/o_174_1.jpg	photodiode	1
2335.47	0.5	2335470	trained	32751	16	memtrain/o_199_2.jpg	photodiode	1
2336.362	0.5	2336362	catch	32671	n/a	catch_padded.jpg	photodiode	0
2336.635	0.0	2336635	response	6	n/a	n/a	trigger	0
2338.264	0.5	2338264	untrained	32703	64	memtrain/o_334_2.jpg	photodiode	1
2339.064	0.5	2339064	untrained	32713	54	memtrain/o_145_1.jpg	photodiode	1
2339.865	0.5	2339865	untrained	32715	52	memtrain/o_141_1.jpg	photodiode	1
2340.716	0.5	2340716	untrained	32698	69	memtrain/o_464_2.jpg	photodiode	1
2341.517	0.5	2341517	catch	32671	n/a	catch_padded.jpg	photodiode	0
2341.769	0.0	2341769	response	6	n/a	n/a	trigger	0
2343.418	0.5	2343418	trained	32767	0	memtrain/o_006_1.jpg	photodiode	1
2344.369	0.5	2344369	untrained	32681	86	memtrain/o_288_1.jpg	photodiode	1
2345.32	0.5	2345320	trained	32762	5	memtrain/o_067_1.jpg	photodiode	1
2346.171	0.5	2346171	trained	32720	47	memtrain/so_147_2.jpg	photodiode	1
2346.971	0.5	2346971	untrained	32679	88	memtrain/o_458_1.jpg	photodiode	1
2347.722	0.5	2347722	catch	32671	n/a	catch_padded.jpg	photodiode	0
2347.982	0.0	2347982	response	6	n/a	n/a	trigger	0
2349.774	0.5	2349774	trained	32752	15	memtrain/o_195_1.jpg	photodiode	1
2350.574	0.5	2350574	untrained	32714	53	memtrain/o_142_2.jpg	photodiode	1
2351.425	0.5	2351425	untrained	32702	65	memtrain/o_337_2.jpg	photodiode	1
2352.176	0.5	2352176	untrained	32674	93	memtrain/so_035_1.jpg	photodiode	1
2353.026	0.5	2353026	catch	32671	n/a	catch_padded.jpg	photodiode	0
2353.343	0.0	2353343	response	6	n/a	n/a	trigger	0
2354.928	0.5	2354928	trained	32723	44	memtrain/so_045_1.jpg	photodiode	1
2355.829	0.5	2355829	trained	32760	7	memtrain/o_091_2.jpg	photodiode	1
2356.729	0.5	2356729	trained	32721	46	memtrain/so_113_1.jpg	photodiode	1
2357.68	0.5	2357680	untrained	32701	66	memtrain/o_342_2.jpg	photodiode	1
2358.531	0.5	2358531	trained	32756	11	memtrain/o_117_2.jpg	photodiode	1
2359.432	0.5	2359432	catch	32671	n/a	catch_padded.jpg	photodiode	0
2359.608	0.0	2359608	response	6	n/a	n/a	trigger	0
2361.433	0.5	2361433	untrained	32716	51	memtrain/o_103_2.jpg	photodiode	1
2362.384	0.5	2362384	untrained	32697	70	memtrain/o_471_2.jpg	photodiode	1
2363.285	0.5	2363285	trained	32726	41	memtrain/o_663_2.jpg	photodiode	1
2364.086	0.5	2364086	trained	32742	25	memtrain/o_358_2.jpg	photodiode	1
2364.978	0.5	2364978	catch	32671	n/a	catch_padded.jpg	photodiode	0
2365.324	0.0	2365324	response	6	n/a	n/a	trigger	0
2366.93	0.5	2366930	untrained	32710	57	memtrain/o_171_1.jpg	photodiode	1
2367.681	0.5	2367681	trained	32764	3	memtrain/o_040_2.jpg	photodiode	1
2368.531	0.5	2368531	untrained	32704	63	memtrain/o_310_2.jpg	photodiode	1
2369.282	0.5	2369282	catch	32671	n/a	catch_padded.jpg	photodiode	0
2369.675	0.0	2369675	response	6	n/a	n/a	trigger	0
2371.384	0.5	2371384	trained	32755	12	memtrain/o_127_2.jpg	photodiode	1
2372.335	0.5	2372335	trained	32747	20	memtrain/o_290_1.jpg	photodiode	1
2373.185	0.5	2373185	untrained	32719	48	memtrain/o_019_2.jpg	photodiode	1
2373.986	0.5	2373986	trained	32724	43	memtrain/so_043_2.jpg	photodiode	1
2374.787	0.5	2374787	untrained	32691	76	memtrain/o_570_1.jpg	photodiode	1
2375.587	0.5	2375587	catch	32671	n/a	catch_padded.jpg	photodiode	0
2375.833	0.0	2375833	response	6	n/a	n/a	trigger	0
2377.639	0.5	2377639	untrained	32700	67	memtrain/o_378_1.jpg	photodiode	1
2378.54	0.5	2378540	trained	32730	37	memtrain/o_597_1.jpg	photodiode	1
2379.34	0.5	2379340	untrained	32712	55	memtrain/o_153_2.jpg	photodiode	1
2380.091	0.5	2380091	trained	32735	32	memtrain/o_485_2.jpg	photodiode	1
2380.842	0.5	2380842	catch	32671	n/a	catch_padded.jpg	photodiode	0
2381.135	0.0	2381135	response	6	n/a	n/a	trigger	0
2382.793	0.5	2382793	untrained	32677	90	memtrain/o_580_1.jpg	photodiode	1
2383.644	0.5	2383644	untrained	32693	74	memtrain/o_550_1.jpg	photodiode	1
2384.595	0.5	2384595	trained	32754	13	memtrain/o_136_1.jpg	photodiode	1
2385.546	0.5	2385546	catch	32671	n/a	catch_padded.jpg	photodiode	0
2385.856	0.0	2385856	response	6	n/a	n/a	trigger	0
2387.547	0.5	2387547	untrained	32690	77	memtrain/o_574_2.jpg	photodiode	1
2388.498	0.5	2388498	untrained	32692	75	memtrain/o_564_1.jpg	photodiode	1
2389.249	0.5	2389249	trained	32743	24	memtrain/o_357_1.jpg	photodiode	1
2390.1	0.5	2390100	untrained	32689	78	memtrain/o_599_1.jpg	photodiode	1
2390.85	0.5	2390850	trained	32744	23	memtrain/o_338_2.jpg	photodiode	1
2391.601	0.5	2391601	catch	32671	n/a	catch_padded.jpg	photodiode	0
2391.864	0.0	2391864	response	6	n/a	n/a	trigger	0
2393.703	0.5	2393703	untrained	32696	71	memtrain/o_483_1.jpg	photodiode	1
2394.603	0.5	2394603	trained	32758	9	memtrain/o_101_2.jpg	photodiode	1
2395.446	0.5	2395446	trained	32727	40	memtrain/o_648_2.jpg	photodiode	1
2396.196	0.5	2396196	trained	32733	34	memtrain/o_558_2.jpg	photodiode	1
2397.047	0.5	2397047	catch	32671	n/a	catch_padded.jpg	photodiode	0
2397.333	0.0	2397333	response	6	n/a	n/a	trigger	0
2399.149	0.5	2399149	untrained	32673	94	memtrain/so_067_1.jpg	photodiode	1
2400.1	0.5	2400100	trained	32737	30	memtrain/o_437_2.jpg	photodiode	1
2401.0	0.5	2401000	untrained	32694	73	memtrain/o_519_2.jpg	photodiode	1
2401.951	0.5	2401951	catch	32671	n/a	catch_padded.jpg	photodiode	0
2402.495	0.0	2402495	response	6	n/a	n/a	trigger	0
2404.053	0.5	2404053	untrained	32706	61	memtrain/o_298_2.jpg	photodiode	1
2404.854	0.5	2404854	untrained	32672	95	memtrain/so_125_1.jpg	photodiode	1
2405.754	0.5	2405754	untrained	32699	68	memtrain/o_393_1.jpg	photodiode	1
2406.655	0.5	2406655	untrained	32684	83	memtrain/so_105_1.jpg	photodiode	1
2407.506	0.5	2407506	catch	32671	n/a	catch_padded.jpg	photodiode	0
2407.785	0.0	2407785	response	6	n/a	n/a	trigger	0
2409.508	0.5	2409508	untrained	32682	85	memtrain/o_218_1.jpg	photodiode	1
2410.258	0.5	2410258	untrained	32688	79	memtrain/o_600_1.jpg	photodiode	1
2411.109	0.5	2411109	untrained	32718	49	memtrain/o_054_2.jpg	photodiode	1
2411.86	0.5	2411860	untrained	32708	59	memtrain/o_201_2.jpg	photodiode	1
2412.71	0.5	2412710	trained	32731	36	memtrain/o_583_1.jpg	photodiode	1
2413.661	0.5	2413661	catch	32671	n/a	catch_padded.jpg	photodiode	0
2413.848	0.0	2413848	response	6	n/a	n/a	trigger	0
2415.613	0.5	2415613	untrained	32717	50	memtrain/o_057_2.jpg	photodiode	1
2416.363	0.5	2416363	untrained	32686	81	memtrain/o_655_2.jpg	photodiode	1
2417.114	0.5	2417114	untrained	32709	58	memtrain/o_192_1.jpg	photodiode	1
2417.915	0.5	2417915	trained	32728	39	memtrain/o_606_1.jpg	photodiode	1
2418.815	0.5	2418815	untrained	32680	87	memtrain/o_365_1.jpg	photodiode	1
2419.666	0.5	2419666	catch	32671	n/a	catch_padded.jpg	photodiode	0
2419.922	0.0	2419922	response	6	n/a	n/a	trigger	0
2421.668	0.5	2421668	trained	32748	19	memtrain/o_284_2.jpg	photodiode	1
2422.519	0.5	2422519	untrained	32675	92	memtrain/so_033_1.jpg	photodiode	1
2423.369	0.5	2423369	untrained	32683	84	memtrain/so_117_2.jpg	photodiode	1
2424.212	0.5	2424212	untrained	32676	91	memtrain/o_605_1.jpg	photodiode	1
2425.121	0.5	2425121	catch	32671	n/a	catch_padded.jpg	photodiode	0
2425.378	0.0	2425378	response	6	n/a	n/a	trigger	0
2427.064	0.5	2427064	trained	32740	27	memtrain/o_379_2.jpg	photodiode	1
2427.865	0.5	2427865	trained	32763	4	memtrain/o_042_1.jpg	photodiode	1
2428.666	0.5	2428666	trained	32765	2	memtrain/o_035_1.jpg	photodiode	1
2429.616	0.5	2429616	catch	32671	n/a	catch_padded.jpg	photodiode	0
2430.102	0.0	2430102	response	6	n/a	n/a	trigger	0
2431.568	0.5	2431568	trained	32734	33	memtrain/o_536_1.jpg	photodiode	1
2432.469	0.5	2432469	untrained	32685	82	memtrain/o_656_1.jpg	photodiode	1
2433.219	0.5	2433219	trained	32741	26	memtrain/o_376_1.jpg	photodiode	1
2434.02	0.5	2434020	trained	32761	6	memtrain/o_076_1.jpg	photodiode	1
2434.921	0.5	2434921	catch	32671	n/a	catch_padded.jpg	photodiode	0
2435.316	0.0	2435316	response	6	n/a	n/a	trigger	0
2436.823	0.5	2436823	trained	32757	10	memtrain/o_111_2.jpg	photodiode	1
2437.773	0.5	2437773	trained	32766	1	memtrain/o_015_1.jpg	photodiode	1
2438.724	0.5	2438724	trained	32729	38	memtrain/o_603_1.jpg	photodiode	1
2439.475	0.5	2439475	catch	32671	n/a	catch_padded.jpg	photodiode	0
2439.818	0.0	2439818	response	6	n/a	n/a	trigger	0
2441.376	0.5	2441376	untrained	32705	62	memtrain/o_304_1.jpg	photodiode	1
2442.327	0.5	2442327	trained	32732	35	memtrain/o_561_2.jpg	photodiode	1
2443.128	0.5	2443128	trained	32746	21	memtrain/o_319_1.jpg	photodiode	1
2443.979	0.5	2443979	trained	32745	22	memtrain/o_321_1.jpg	photodiode	1
2444.779	0.5	2444779	untrained	32707	60	memtrain/o_228_2.jpg	photodiode	1
2445.73	0.5	2445730	catch	32671	n/a	catch_padded.jpg	photodiode	0
2445.961	0.0	2445961	response	6	n/a	n/a	trigger	0
2447.682	0.5	2447682	untrained	32687	80	memtrain/o_613_1.jpg	photodiode	1
2448.432	0.5	2448432	untrained	32678	89	memtrain/o_469_1.jpg	photodiode	1
2449.283	0.5	2449283	untrained	32695	72	memtrain/o_490_1.jpg	photodiode	1
2450.084	0.5	2450084	trained	32749	18	memtrain/o_264_2.jpg	photodiode	1
2450.884	0.5	2450884	catch	32671	n/a	catch_padded.jpg	photodiode	0
2451.173	0.0	2451173	response	6	n/a	n/a	trigger	0
2452.786	0.5	2452786	trained	32739	28	memtrain/o_397_1.jpg	photodiode	1
2453.587	0.5	2453587	trained	32750	17	memtrain/o_232_1.jpg	photodiode	1
2454.479	0.5	2454479	trained	32736	31	memtrain/o_465_2.jpg	photodiode	1
2455.38	0.5	2455380	catch	32671	n/a	catch_padded.jpg	photodiode	0
2455.787	0.0	2455787	response	6	n/a	n/a	trigger	0
2457.381	0.5	2457381	trained	32725	42	memtrain/so_034_2.jpg	photodiode	1
2458.132	0.5	2458132	trained	32730	37	memtrain/o_597_1.jpg	photodiode	1
2458.983	0.5	2458983	trained	32746	21	memtrain/o_319_1.jpg	photodiode	1
2459.884	0.5	2459884	catch	32671	n/a	catch_padded.jpg	photodiode	0
2460.415	0.0	2460415	response	6	n/a	n/a	trigger	0
2461.785	0.5	2461785	untrained	32691	76	memtrain/o_570_1.jpg	photodiode	1
2462.736	0.5	2462736	trained	32764	3	memtrain/o_040_2.jpg	photodiode	1
2463.537	0.5	2463537	untrained	32683	84	memtrain/so_117_2.jpg	photodiode	1
2464.337	0.5	2464337	untrained	32686	81	memtrain/o_655_2.jpg	photodiode	1
2465.288	0.5	2465288	trained	32734	33	memtrain/o_536_1.jpg	photodiode	1
2466.039	0.5	2466039	catch	32671	n/a	catch_padded.jpg	photodiode	0
2466.272	0.0	2466272	response	6	n/a	n/a	trigger	0
2468.141	0.5	2468141	untrained	32681	86	memtrain/o_288_1.jpg	photodiode	1
2469.091	0.5	2469091	trained	32763	4	memtrain/o_042_1.jpg	photodiode	1
2469.992	0.5	2469992	untrained	32698	69	memtrain/o_464_2.jpg	photodiode	1
2470.943	0.5	2470943	untrained	32701	66	memtrain/o_342_2.jpg	photodiode	1
2471.794	0.5	2471794	trained	32750	17	memtrain/o_232_1.jpg	photodiode	1
2472.644	0.5	2472644	catch	32671	n/a	catch_padded.jpg	photodiode	0
2472.863	0.0	2472863	response	6	n/a	n/a	trigger	0
2474.696	0.5	2474696	untrained	32673	94	memtrain/so_067_1.jpg	photodiode	1
2475.597	0.5	2475597	trained	32727	40	memtrain/o_648_2.jpg	photodiode	1
2476.348	0.5	2476348	trained	32743	24	memtrain/o_357_1.jpg	photodiode	1
2477.098	0.5	2477098	untrained	32707	60	memtrain/o_228_2.jpg	photodiode	1
2477.949	0.5	2477949	trained	32728	39	memtrain/o_606_1.jpg	photodiode	1
2478.8	0.5	2478800	catch	32671	n/a	catch_padded.jpg	photodiode	0
2479.078	0.0	2479078	response	6	n/a	n/a	trigger	0
2480.801	0.5	2480801	trained	32758	9	memtrain/o_101_2.jpg	photodiode	1
2481.594	0.5	2481594	untrained	32709	58	memtrain/o_192_1.jpg	photodiode	1
2482.403	0.5	2482403	trained	32737	30	memtrain/o_437_2.jpg	photodiode	1
2483.345	0.5	2483345	untrained	32687	80	memtrain/o_613_1.jpg	photodiode	1
2484.196	0.5	2484196	untrained	32677	90	memtrain/o_580_1.jpg	photodiode	1
2484.947	0.5	2484947	catch	32671	n/a	catch_padded.jpg	photodiode	0
2485.225	0.0	2485225	response	6	n/a	n/a	trigger	0
2486.898	0.5	2486898	untrained	32712	55	memtrain/o_153_2.jpg	photodiode	1
2487.799	0.5	2487799	untrained	32684	83	memtrain/so_105_1.jpg	photodiode	1
2488.7	0.5	2488700	untrained	32680	87	memtrain/o_365_1.jpg	photodiode	1
2489.651	0.5	2489651	untrained	32715	52	memtrain/o_141_1.jpg	photodiode	1
2490.451	0.5	2490451	catch	32671	n/a	catch_padded.jpg	photodiode	0
2490.769	0.0	2490769	response	6	n/a	n/a	trigger	0
2492.453	0.5	2492453	trained	32741	26	memtrain/o_376_1.jpg	photodiode	1
2493.304	0.5	2493304	trained	32738	29	memtrain/o_416_1.jpg	photodiode	1
2494.255	0.5	2494255	trained	32755	12	memtrain/o_127_2.jpg	photodiode	1
2495.055	0.5	2495055	untrained	32676	91	memtrain/o_605_1.jpg	photodiode	1
2496.006	0.5	2496006	trained	32740	27	memtrain/o_379_2.jpg	photodiode	1
2496.807	0.5	2496807	catch	32671	n/a	catch_padded.jpg	photodiode	0
2497.105	0.0	2497105	response	6	n/a	n/a	trigger	0
2498.908	0.5	2498908	untrained	32703	64	memtrain/o_334_2.jpg	photodiode	1
2499.759	0.5	2499759	trained	32732	35	memtrain/o_561_2.jpg	photodiode	1
2500.66	0.5	2500660	untrained	32692	75	memtrain/o_564_1.jpg	photodiode	1
2501.611	0.5	2501611	trained	32721	46	memtrain/so_113_1.jpg	photodiode	1
2502.562	0.5	2502562	catch	32671	n/a	catch_padded.jpg	photodiode	0
2502.814	0.0	2502814	response	6	n/a	n/a	trigger	0
2504.463	0.5	2504463	trained	32766	1	memtrain/o_015_1.jpg	photodiode	1
2505.414	0.5	2505414	trained	32749	18	memtrain/o_264_2.jpg	photodiode	1
2506.265	0.5	2506265	trained	32747	20	memtrain/o_290_1.jpg	photodiode	1
2507.015	0.5	2507015	catch	32671	n/a	catch_padded.jpg	photodiode	0
2507.312	0.0	2507312	response	6	n/a	n/a	trigger	0
2508.967	0.5	2508967	trained	32739	28	memtrain/o_397_1.jpg	photodiode	1
2509.868	0.5	2509868	untrained	32705	62	memtrain/o_304_1.jpg	photodiode	1
2510.668	0.5	2510668	untrained	32690	77	memtrain/o_574_2.jpg	photodiode	1
2511.561	0.5	2511561	untrained	32702	65	memtrain/o_337_2.jpg	photodiode	1
2512.311	0.5	2512311	catch	32671	n/a	catch_padded.jpg	photodiode	0
2512.647	0.0	2512647	response	6	n/a	n/a	trigger	0
2514.322	0.5	2514322	trained	32736	31	memtrain/o_465_2.jpg	photodiode	1
2515.114	0.5	2515114	trained	32729	38	memtrain/o_603_1.jpg	photodiode	1
2516.065	0.5	2516065	untrained	32708	59	memtrain/o_201_2.jpg	photodiode	1
2516.965	0.5	2516965	trained	32760	7	memtrain/o_091_2.jpg	photodiode	1
2517.716	0.5	2517716	untrained	32714	53	memtrain/o_142_2.jpg	photodiode	1
2518.667	0.5	2518667	catch	32671	n/a	catch_padded.jpg	photodiode	0
2518.943	0.0	2518943	response	6	n/a	n/a	trigger	0
2520.727	0.5	2520727	trained	32765	2	memtrain/o_035_1.jpg	photodiode	1
2521.619	0.5	2521619	trained	32759	8	memtrain/o_094_1.jpg	photodiode	1
2522.37	0.5	2522370	untrained	32716	51	memtrain/o_103_2.jpg	photodiode	1
2523.221	0.5	2523221	catch	32671	n/a	catch_padded.jpg	photodiode	0
2523.692	0.0	2523692	response	6	n/a	n/a	trigger	0
2525.322	0.5	2525322	untrained	32675	92	memtrain/so_033_1.jpg	photodiode	1
2526.223	0.5	2526223	trained	32725	42	memtrain/so_034_2.jpg	photodiode	1
2527.174	0.5	2527174	untrained	32693	74	memtrain/o_550_1.jpg	photodiode	1
2528.125	0.5	2528125	catch	32671	n/a	catch_padded.jpg	photodiode	0
2528.586	0.0	2528586	response	6	n/a	n/a	trigger	0
2530.076	0.5	2530076	untrained	32697	70	memtrain/o_471_2.jpg	photodiode	1
2530.827	0.5	2530827	trained	32767	0	memtrain/o_006_1.jpg	photodiode	1
2531.678	0.5	2531678	untrained	32685	82	memtrain/o_656_1.jpg	photodiode	1
2532.428	0.5	2532428	catch	32671	n/a	catch_padded.jpg	photodiode	0
2532.734	0.0	2532734	response	6	n/a	n/a	trigger	0
2534.38	0.5	2534380	untrained	32718	49	memtrain/o_054_2.jpg	photodiode	1
2535.331	0.5	2535331	untrained	32674	93	memtrain/so_035_1.jpg	photodiode	1
2536.081	0.5	2536081	untrained	32706	61	memtrain/o_298_2.jpg	photodiode	1
2536.932	0.5	2536932	untrained	32710	57	memtrain/o_171_1.jpg	photodiode	1
2537.833	0.5	2537833	catch	32671	n/a	catch_padded.jpg	photodiode	0
2538.085	0.0	2538085	response	6	n/a	n/a	trigger	0
2539.885	0.5	2539885	untrained	32713	54	memtrain/o_145_1.jpg	photodiode	1
2540.627	0.5	2540627	trained	32731	36	memtrain/o_583_1.jpg	photodiode	1
2541.478	0.5	2541478	untrained	32696	71	memtrain/o_483_1.jpg	photodiode	1
2542.379	0.5	2542379	trained	32748	19	memtrain/o_284_2.jpg	photodiode	1
2543.279	0.5	2543279	trained	32745	22	memtrain/o_321_1.jpg	photodiode	1
2544.03	0.5	2544030	catch	32671	n/a	catch_padded.jpg	photodiode	0
2544.337	0.0	2544337	response	6	n/a	n/a	trigger	0
2545.94	0.5	2545940	trained	32762	5	memtrain/o_067_1.jpg	photodiode	1
2546.782	0.5	2546782	trained	32757	10	memtrain/o_111_2.jpg	photodiode	1
2547.533	0.5	2547533	trained	32752	15	memtrain/o_195_1.jpg	photodiode	1
2548.284	0.5	2548284	trained	32726	41	memtrain/o_663_2.jpg	photodiode	1
2549.084	0.5	2549084	catch	32671	n/a	catch_padded.jpg	photodiode	0
2549.407	0.0	2549407	response	6	n/a	n/a	trigger	0
2551.036	0.5	2551036	trained	32723	44	memtrain/so_045_1.jpg	photodiode	1
2551.837	0.5	2551837	trained	32742	25	memtrain/o_358_2.jpg	photodiode	1
2552.737	0.5	2552737	trained	32761	6	memtrain/o_076_1.jpg	photodiode	1
2553.588	0.5	2553588	untrained	32694	73	memtrain/o_519_2.jpg	photodiode	1
2554.339	0.5	2554339	catch	32671	n/a	catch_padded.jpg	photodiode	0
2554.698	0.0	2554698	response	6	n/a	n/a	trigger	0
2556.441	0.5	2556441	trained	32751	16	memtrain/o_199_2.jpg	photodiode	1
2557.391	0.5	2557391	untrained	32699	68	memtrain/o_393_1.jpg	photodiode	1
2558.242	0.5	2558242	untrained	32717	50	memtrain/o_057_2.jpg	photodiode	1
2559.193	0.5	2559193	trained	32733	34	memtrain/o_558_2.jpg	photodiode	1
2559.944	0.5	2559944	trained	32744	23	memtrain/o_338_2.jpg	photodiode	1
2560.844	0.5	2560844	catch	32671	n/a	catch_padded.jpg	photodiode	0
2561.16	0.0	2561160	response	6	n/a	n/a	trigger	0
2562.846	0.5	2562846	untrained	32688	79	memtrain/o_600_1.jpg	photodiode	1
2563.747	0.5	2563747	untrained	32678	89	memtrain/o_469_1.jpg	photodiode	1
2564.698	0.5	2564698	trained	32735	32	memtrain/o_485_2.jpg	photodiode	1
2565.498	0.5	2565498	untrained	32704	63	memtrain/o_310_2.jpg	photodiode	1
2566.299	0.5	2566299	untrained	32695	72	memtrain/o_490_1.jpg	photodiode	1
2567.1	0.5	2567100	catch	32671	n/a	catch_padded.jpg	photodiode	0
2567.467	0.0	2567467	response	6	n/a	n/a	trigger	0
2569.201	0.5	2569201	untrained	32679	88	memtrain/o_458_1.jpg	photodiode	1
2570.094	0.5	2570094	untrained	32719	48	memtrain/o_019_2.jpg	photodiode	1
2570.894	0.5	2570894	trained	32754	13	memtrain/o_136_1.jpg	photodiode	1
2571.795	0.5	2571795	catch	32671	n/a	catch_padded.jpg	photodiode	0
2572.292	0.0	2572292	response	6	n/a	n/a	trigger	0
2573.697	0.5	2573697	trained	32756	11	memtrain/o_117_2.jpg	photodiode	1
2574.447	0.5	2574447	trained	32724	43	memtrain/so_043_2.jpg	photodiode	1
2575.348	0.5	2575348	untrained	32700	67	memtrain/o_378_1.jpg	photodiode	1
2576.249	0.5	2576249	catch	32671	n/a	catch_padded.jpg	photodiode	0
2576.535	0.0	2576535	response	6	n/a	n/a	trigger	0
2578.301	0.5	2578301	trained	32722	45	memtrain/so_090_2.jpg	photodiode	1
2579.151	0.5	2579151	trained	32720	47	memtrain/so_147_2.jpg	photodiode	1
2580.002	0.5	2580002	untrained	32711	56	memtrain/o_163_2.jpg	photodiode	1
2580.953	0.5	2580953	catch	32671	n/a	catch_padded.jpg	photodiode	0
2581.511	0.0	2581511	response	6	n/a	n/a	trigger	0
2583.005	0.5	2583005	trained	32753	14	memtrain/o_174_1.jpg	photodiode	1
2583.905	0.5	2583905	untrained	32672	95	memtrain/so_125_1.jpg	photodiode	1
2584.706	0.5	2584706	untrained	32689	78	memtrain/o_599_1.jpg	photodiode	1
2585.657	0.5	2585657	untrained	32682	85	memtrain/o_218_1.jpg	photodiode	1
2586.558	0.5	2586558	catch	32671	n/a	catch_padded.jpg	photodiode	0
2586.924	0.0	2586924	response	6	n/a	n/a	trigger	0
2589.032	0.0	2589032	block_end	120	n/a	n/a	trigger	0
2782.728	0.0	2782728	response	6	n/a	n/a	trigger	0
2782.737	0.0	2782737	block_onset	108	n/a	n/a	trigger	0
2784.784	0.5	2784784	untrained	32712	55	memtrain/o_153_2.jpg	photodiode	1
2785.593	0.5	2785593	trained	32729	38	memtrain/o_603_1.jpg	photodiode	1
2786.394	0.5	2786394	trained	32746	21	memtrain/o_319_1.jpg	photodiode	1
2787.344	0.5	2787344	untrained	32695	72	memtrain/o_490_1.jpg	photodiode	1
2788.137	0.5	2788137	trained	32742	25	memtrain/o_358_2.jpg	photodiode	1
2788.888	0.5	2788888	catch	32671	n/a	catch_padded.jpg	photodiode	0
2789.167	0.0	2789167	response	6	n/a	n/a	trigger	0
2790.797	0.5	2790797	trained	32721	46	memtrain/so_113_1.jpg	photodiode	1
2791.69	0.5	2791690	trained	32725	42	memtrain/so_034_2.jpg	photodiode	1
2792.491	0.5	2792491	untrained	32715	52	memtrain/o_141_1.jpg	photodiode	1
2793.391	0.5	2793391	catch	32671	n/a	catch_padded.jpg	photodiode	0
2793.856	0.0	2793856	response	6	n/a	n/a	trigger	0
2795.493	0.5	2795493	untrained	32690	77	memtrain/o_574_2.jpg	photodiode	1
2796.294	0.5	2796294	trained	32760	7	memtrain/o_091_2.jpg	photodiode	1
2797.245	0.5	2797245	untrained	32703	64	memtrain/o_334_2.jpg	photodiode	1
2798.145	0.5	2798145	trained	32734	33	memtrain/o_536_1.jpg	photodiode	1
2798.996	0.5	2798996	catch	32671	n/a	catch_padded.jpg	photodiode	0
2799.235	0.0	2799235	response	6	n/a	n/a	trigger	0
2800.998	0.5	2800998	untrained	32719	48	memtrain/o_019_2.jpg	photodiode	1
2801.749	0.5	2801749	trained	32731	36	memtrain/o_583_1.jpg	photodiode	1
2802.699	0.5	2802699	untrained	32710	57	memtrain/o_171_1.jpg	photodiode	1
2803.45	0.5	2803450	catch	32671	n/a	catch_padded.jpg	photodiode	0
2803.806	0.0	2803806	response	6	n/a	n/a	trigger	0
2805.402	0.5	2805402	untrained	32681	86	memtrain/o_288_1.jpg	photodiode	1
2806.202	0.5	2806202	trained	32752	15	memtrain/o_195_1.jpg	photodiode	1
2806.953	0.5	2806953	trained	32766	1	memtrain/o_015_1.jpg	photodiode	1
2807.904	0.5	2807904	catch	32671	n/a	catch_padded.jpg	photodiode	0
2808.184	0.0	2808184	response	6	n/a	n/a	trigger	0
2809.905	0.5	2809905	untrained	32686	81	memtrain/o_655_2.jpg	photodiode	1
2810.656	0.5	2810656	trained	32749	18	memtrain/o_264_2.jpg	photodiode	1
2811.457	0.5	2811457	untrained	32685	82	memtrain/o_656_1.jpg	photodiode	1
2812.257	0.5	2812257	trained	32767	0	memtrain/o_006_1.jpg	photodiode	1
2813.008	0.5	2813008	catch	32671	n/a	catch_padded.jpg	photodiode	0
2813.317	0.0	2813317	response	6	n/a	n/a	trigger	0
2815.01	0.5	2815010	untrained	32678	89	memtrain/o_469_1.jpg	photodiode	1
2815.911	0.5	2815911	trained	32756	11	memtrain/o_117_2.jpg	photodiode	1
2816.861	0.5	2816861	trained	32763	4	memtrain/o_042_1.jpg	photodiode	1
2817.754	0.5	2817754	trained	32745	22	memtrain/o_321_1.jpg	photodiode	1
2818.604	0.5	2818604	trained	32720	47	memtrain/so_147_2.jpg	photodiode	1
2819.51	0.0	2819510	response	6	n/a	n/a	trigger	0
2819.555	0.5	2819555	catch	32671	n/a	catch_padded.jpg	photodiode	0
2821.607	0.5	2821607	trained	32761	6	memtrain/o_076_1.jpg	photodiode	1
2822.458	0.5	2822458	trained	32751	16	memtrain/o_199_2.jpg	photodiode	1
2823.208	0.5	2823208	trained	32758	9	memtrain/o_101_2.jpg	photodiode	1
2824.059	0.5	2824059	untrained	32702	65	memtrain/o_337_2.jpg	photodiode	1
2824.96	0.5	2824960	catch	32671	n/a	catch_padded.jpg	photodiode	0
2825.329	0.0	2825329	response	6	n/a	n/a	trigger	0
2827.011	0.5	2827011	trained	32750	17	memtrain/o_232_1.jpg	photodiode	1
2827.912	0.5	2827912	trained	32737	30	memtrain/o_437_2.jpg	photodiode	1
2828.763	0.5	2828763	trained	32722	45	memtrain/so_090_2.jpg	photodiode	1
2829.614	0.5	2829614	trained	32762	5	memtrain/o_067_1.jpg	photodiode	1
2830.464	0.5	2830464	untrained	32718	49	memtrain/o_054_2.jpg	photodiode	1
2831.315	0.5	2831315	catch	32671	n/a	catch_padded.jpg	photodiode	0
2831.343	0.0	2831343	response	6	n/a	n/a	trigger	0
2833.417	0.5	2833417	untrained	32711	56	memtrain/o_163_2.jpg	photodiode	1
2834.268	0.5	2834268	untrained	32707	60	memtrain/o_228_2.jpg	photodiode	1
2835.168	0.5	2835168	trained	32738	29	memtrain/o_416_1.jpg	photodiode	1
2835.919	0.5	2835919	untrained	32701	66	memtrain/o_342_2.jpg	photodiode	1
2836.87	0.5	2836870	untrained	32672	95	memtrain/so_125_1.jpg	photodiode	1
2837.821	0.5	2837821	catch	32671	n/a	catch_padded.jpg	photodiode	0
2838.025	0.0	2838025	response	6	n/a	n/a	trigger	0
2839.822	0.5	2839822	trained	32736	31	memtrain/o_465_2.jpg	photodiode	1
2840.723	0.5	2840723	untrained	32679	88	memtrain/o_458_1.jpg	photodiode	1
2841.674	0.5	2841674	untrained	32676	91	memtrain/o_605_1.jpg	photodiode	1
2842.575	0.5	2842575	trained	32747	20	memtrain/o_290_1.jpg	photodiode	1
2843.525	0.5	2843525	catch	32671	n/a	catch_padded.jpg	photodiode	0
2843.868	0.0	2843868	response	6	n/a	n/a	trigger	0
2845.627	0.5	2845627	trained	32727	40	memtrain/o_648_2.jpg	photodiode	1
2846.428	0.5	2846428	untrained	32692	75	memtrain/o_564_1.jpg	photodiode	1
2847.27	0.5	2847270	untrained	32693	74	memtrain/o_550_1.jpg	photodiode	1
2848.071	0.5	2848071	catch	32671	n/a	catch_padded.jpg	photodiode	0
2848.404	0.0	2848404	response	6	n/a	n/a	trigger	0
2850.181	0.5	2850181	untrained	32680	87	memtrain/o_365_1.jpg	photodiode	1
2850.924	0.5	2850924	untrained	32675	92	memtrain/so_033_1.jpg	photodiode	1
2851.674	0.5	2851674	untrained	32683	84	memtrain/so_117_2.jpg	photodiode	1
2852.575	0.5	2852575	trained	32724	43	memtrain/so_043_2.jpg	photodiode	1
2853.426	0.5	2853426	catch	32671	n/a	catch_padded.jpg	photodiode	0
2853.725	0.0	2853725	response	6	n/a	n/a	trigger	0
2855.327	0.5	2855327	untrained	32688	79	memtrain/o_600_1.jpg	photodiode	1
2856.278	0.5	2856278	untrained	32705	62	memtrain/o_304_1.jpg	photodiode	1
2857.179	0.5	2857179	untrained	32717	50	memtrain/o_057_2.jpg	photodiode	1
2857.98	0.5	2857980	catch	32671	n/a	catch_padded.jpg	photodiode	0
2858.367	0.0	2858367	response	6	n/a	n/a	trigger	0
2859.981	0.5	2859981	untrained	32709	58	memtrain/o_192_1.jpg	photodiode	1
2860.932	0.5	2860932	untrained	32684	83	memtrain/so_105_1.jpg	photodiode	1
2861.833	0.5	2861833	untrained	32699	68	memtrain/o_393_1.jpg	photodiode	1
2862.633	0.5	2862633	trained	32743	24	memtrain/o_357_1.jpg	photodiode	1
2863.484	0.5	2863484	trained	32757	10	memtrain/o_111_2.jpg	photodiode	1
2864.435	0.5	2864435	catch	32671	n/a	catch_padded.jpg	photodiode	0
2864.792	0.0	2864792	response	6	n/a	n/a	trigger	0
2866.537	0.5	2866537	untrained	32689	78	memtrain/o_599_1.jpg	photodiode	1
2867.438	0.5	2867438	trained	32754	13	memtrain/o_136_1.jpg	photodiode	1
2868.388	0.5	2868388	untrained	32714	53	memtrain/o_142_2.jpg	photodiode	1
2869.289	0.5	2869289	untrained	32697	70	memtrain/o_471_2.jpg	photodiode	1
2870.09	0.5	2870090	catch	32671	n/a	catch_padded.jpg	photodiode	0
2870.446	0.0	2870446	response	6	n/a	n/a	trigger	0
2871.991	0.5	2871991	trained	32764	3	memtrain/o_040_2.jpg	photodiode	1
2872.892	0.5	2872892	untrained	32673	94	memtrain/so_067_1.jpg	photodiode	1
2873.643	0.5	2873643	untrained	32682	85	memtrain/o_218_1.jpg	photodiode	1
2874.443	0.5	2874443	untrained	32708	59	memtrain/o_201_2.jpg	photodiode	1
2875.244	0.5	2875244	untrained	32706	61	memtrain/o_298_2.jpg	photodiode	1
2876.186	0.5	2876186	catch	32671	n/a	catch_padded.jpg	photodiode	0
2876.579	0.0	2876579	response	6	n/a	n/a	trigger	0
2878.147	0.5	2878147	untrained	32700	67	memtrain/o_378_1.jpg	photodiode	1
2878.939	0.5	2878939	trained	32726	41	memtrain/o_663_2.jpg	photodiode	1
2879.89	0.5	2879890	untrained	32694	73	memtrain/o_519_2.jpg	photodiode	1
2880.74	0.5	2880740	trained	32732	35	memtrain/o_561_2.jpg	photodiode	1
2881.591	0.5	2881591	catch	32671	n/a	catch_padded.jpg	photodiode	0
2881.95	0.0	2881950	response	6	n/a	n/a	trigger	0
2883.593	0.5	2883593	untrained	32677	90	memtrain/o_580_1.jpg	photodiode	1
2884.544	0.5	2884544	trained	32739	28	memtrain/o_397_1.jpg	photodiode	1
2885.294	0.5	2885294	trained	32728	39	memtrain/o_606_1.jpg	photodiode	1
2886.245	0.5	2886245	catch	32671	n/a	catch_padded.jpg	photodiode	0
2886.613	0.0	2886613	response	6	n/a	n/a	trigger	0
2888.147	0.5	2888147	trained	32744	23	memtrain/o_338_2.jpg	photodiode	1
2888.947	0.5	2888947	untrained	32713	54	memtrain/o_145_1.jpg	photodiode	1
2889.748	0.5	2889748	untrained	32716	51	memtrain/o_103_2.jpg	photodiode	1
2890.549	0.5	2890549	catch	32671	n/a	catch_padded.jpg	photodiode	0
2891.014	0.0	2891014	response	6	n/a	n/a	trigger	0
2892.65	0.5	2892650	untrained	32704	63	memtrain/o_310_2.jpg	photodiode	1
2893.501	0.5	2893501	untrained	32698	69	memtrain/o_464_2.jpg	photodiode	1
2894.302	0.5	2894302	trained	32741	26	memtrain/o_376_1.jpg	photodiode	1
2895.052	0.5	2895052	trained	32733	34	memtrain/o_558_2.jpg	photodiode	1
2895.803	0.5	2895803	untrained	32696	71	memtrain/o_483_1.jpg	photodiode	1
2896.554	0.5	2896554	catch	32671	n/a	catch_padded.jpg	photodiode	0
2896.897	0.0	2896897	response	6	n/a	n/a	trigger	0
2898.605	0.5	2898605	trained	32735	32	memtrain/o_485_2.jpg	photodiode	1
2899.556	0.5	2899556	trained	32765	2	memtrain/o_035_1.jpg	photodiode	1
2900.407	0.5	2900407	trained	32723	44	memtrain/so_045_1.jpg	photodiode	1
2901.208	0.5	2901208	trained	32740	27	memtrain/o_379_2.jpg	photodiode	1
2902.108	0.5	2902108	catch	32671	n/a	catch_padded.jpg	photodiode	0
2902.436	0.0	2902436	response	6	n/a	n/a	trigger	0
2904.16	0.5	2904160	trained	32748	19	memtrain/o_284_2.jpg	photodiode	1
2904.961	0.5	2904961	trained	32759	8	memtrain/o_094_1.jpg	photodiode	1
2905.862	0.5	2905862	untrained	32687	80	memtrain/o_613_1.jpg	photodiode	1
2906.762	0.5	2906762	trained	32753	14	memtrain/o_174_1.jpg	photodiode	1
2907.513	0.5	2907513	trained	32755	12	memtrain/o_127_2.jpg	photodiode	1
2908.406	0.5	2908406	catch	32671	n/a	catch_padded.jpg	photodiode	0
2908.758	0.0	2908758	response	6	n/a	n/a	trigger	0
2910.507	0.5	2910507	trained	32730	37	memtrain/o_597_1.jpg	photodiode	1
2911.458	0.5	2911458	untrained	32691	76	memtrain/o_570_1.jpg	photodiode	1
2912.309	0.5	2912309	untrained	32674	93	memtrain/so_035_1.jpg	photodiode	1
2913.06	0.5	2913060	catch	32671	n/a	catch_padded.jpg	photodiode	0
2913.397	0.0	2913397	response	6	n/a	n/a	trigger	0
2914.961	0.5	2914961	untrained	32704	63	memtrain/o_310_2.jpg	photodiode	1
2915.812	0.5	2915812	untrained	32708	59	memtrain/o_201_2.jpg	photodiode	1
2916.613	0.5	2916613	trained	32746	21	memtrain/o_319_1.jpg	photodiode	1
2917.463	0.5	2917463	catch	32671	n/a	catch_padded.jpg	photodiode	0
2917.82	0.0	2917820	response	6	n/a	n/a	trigger	0
2919.365	0.5	2919365	untrained	32719	48	memtrain/o_019_2.jpg	photodiode	1
2920.116	0.5	2920116	untrained	32690	77	memtrain/o_574_2.jpg	photodiode	1
2920.866	0.5	2920866	trained	32737	30	memtrain/o_437_2.jpg	photodiode	1
2921.617	0.5	2921617	catch	32671	n/a	catch_padded.jpg	photodiode	0
2922.045	0.0	2922045	response	6	n/a	n/a	trigger	0
2923.568	0.5	2923568	trained	32744	23	memtrain/o_338_2.jpg	photodiode	1
2924.469	0.5	2924469	trained	32736	31	memtrain/o_465_2.jpg	photodiode	1
2925.37	0.5	2925370	trained	32752	15	memtrain/o_195_1.jpg	photodiode	1
2926.121	0.5	2926121	catch	32671	n/a	catch_padded.jpg	photodiode	0
2926.462	0.0	2926462	response	6	n/a	n/a	trigger	0
2928.222	0.5	2928222	trained	32728	39	memtrain/o_606_1.jpg	photodiode	1
2929.173	0.5	2929173	trained	32756	11	memtrain/o_117_2.jpg	photodiode	1
2930.024	0.5	2930024	untrained	32687	80	memtrain/o_613_1.jpg	photodiode	1
2930.925	0.5	2930925	untrained	32683	84	memtrain/so_117_2.jpg	photodiode	1
2931.825	0.5	2931825	catch	32671	n/a	catch_padded.jpg	photodiode	0
2932.122	0.0	2932122	response	6	n/a	n/a	trigger	0
2933.927	0.5	2933927	trained	32720	47	memtrain/so_147_2.jpg	photodiode	1
2934.678	0.5	2934678	untrained	32678	89	memtrain/o_469_1.jpg	photodiode	1
2935.579	0.5	2935579	trained	32751	16	memtrain/o_199_2.jpg	photodiode	1
2936.529	0.5	2936529	untrained	32692	75	memtrain/o_564_1.jpg	photodiode	1
2937.43	0.5	2937430	untrained	32700	67	memtrain/o_378_1.jpg	photodiode	1
2938.222	0.5	2938222	catch	32671	n/a	catch_padded.jpg	photodiode	0
2938.626	0.0	2938626	response	6	n/a	n/a	trigger	0
2940.274	0.5	2940274	trained	32759	8	memtrain/o_094_1.jpg	photodiode	1
2941.075	0.5	2941075	untrained	32698	69	memtrain/o_464_2.jpg	photodiode	1
2942.034	0.5	2942034	untrained	32675	92	memtrain/so_033_1.jpg	photodiode	1
2942.776	0.5	2942776	catch	32671	n/a	catch_padded.jpg	photodiode	0
2943.2	0.0	2943200	response	6	n/a	n/a	trigger	0
2944.828	0.5	2944828	trained	32745	22	memtrain/o_321_1.jpg	photodiode	1
2945.579	0.5	2945579	untrained	32688	79	memtrain/o_600_1.jpg	photodiode	1
2946.329	0.5	2946329	trained	32741	26	memtrain/o_376_1.jpg	photodiode	1
2947.08	0.5	2947080	untrained	32710	57	memtrain/o_171_1.jpg	photodiode	1
2947.981	0.5	2947981	catch	32671	n/a	catch_padded.jpg	photodiode	0
2948.281	0.0	2948281	response	6	n/a	n/a	trigger	0
2949.932	0.5	2949932	trained	32765	2	memtrain/o_035_1.jpg	photodiode	1
2950.733	0.5	2950733	trained	32727	40	memtrain/o_648_2.jpg	photodiode	1
2951.634	0.5	2951634	untrained	32707	60	memtrain/o_228_2.jpg	photodiode	1
2952.434	0.5	2952434	trained	32753	14	memtrain/o_174_1.jpg	photodiode	1
2953.285	0.5	2953285	untrained	32681	86	memtrain/o_288_1.jpg	photodiode	1
2954.236	0.5	2954236	catch	32671	n/a	catch_padded.jpg	photodiode	0
2954.501	0.0	2954501	response	6	n/a	n/a	trigger	0
2956.188	0.5	2956188	trained	32757	10	memtrain/o_111_2.jpg	photodiode	1
2957.138	0.5	2957138	trained	32755	12	memtrain/o_127_2.jpg	photodiode	1
2957.989	0.5	2957989	untrained	32673	94	memtrain/so_067_1.jpg	photodiode	1
2958.84	0.5	2958840	trained	32754	13	memtrain/o_136_1.jpg	photodiode	1
2959.791	0.5	2959791	untrained	32696	71	memtrain/o_483_1.jpg	photodiode	1
2960.541	0.5	2960541	catch	32671	n/a	catch_padded.jpg	photodiode	0
2960.813	0.0	2960813	response	6	n/a	n/a	trigger	0
2962.543	0.5	2962543	untrained	32694	73	memtrain/o_519_2.jpg	photodiode	1
2963.344	0.5	2963344	trained	32732	35	memtrain/o_561_2.jpg	photodiode	1
2964.144	0.5	2964144	untrained	32711	56	memtrain/o_163_2.jpg	photodiode	1
2964.995	0.5	2964995	trained	32734	33	memtrain/o_536_1.jpg	photodiode	1
2965.846	0.5	2965846	catch	32671	n/a	catch_padded.jpg	photodiode	0
2966.215	0.0	2966215	response	6	n/a	n/a	trigger	0
2967.939	0.5	2967939	trained	32758	9	memtrain/o_101_2.jpg	photodiode	1
2968.89	0.5	2968890	trained	32761	6	memtrain/o_076_1.jpg	photodiode	1
2969.791	0.5	2969791	trained	32722	45	memtrain/so_090_2.jpg	photodiode	1
2970.542	0.5	2970542	untrained	32686	81	memtrain/o_655_2.jpg	photodiode	1
2971.342	0.5	2971342	catch	32671	n/a	catch_padded.jpg	photodiode	0
2971.663	0.0	2971663	response	6	n/a	n/a	trigger	0
2973.302	0.5	2973302	untrained	32674	93	memtrain/so_035_1.jpg	photodiode	1
2974.095	0.5	2974095	untrained	32699	68	memtrain/o_393_1.jpg	photodiode	1
2974.945	0.5	2974945	trained	32726	41	memtrain/o_663_2.jpg	photodiode	1
2975.846	0.5	2975846	untrained	32689	78	memtrain/o_599_1.jpg	photodiode	1
2976.697	0.5	2976697	untrained	32718	49	memtrain/o_054_2.jpg	photodiode	1
2977.447	0.5	2977447	catch	32671	n/a	catch_padded.jpg	photodiode	0
2977.679	0.0	2977679	response	6	n/a	n/a	trigger	0
2979.549	0.5	2979549	untrained	32717	50	memtrain/o_057_2.jpg	photodiode	1
2980.4	0.5	2980400	untrained	32705	62	memtrain/o_304_1.jpg	photodiode	1
2981.301	0.5	2981301	untrained	32677	90	memtrain/o_580_1.jpg	photodiode	1
2982.151	0.5	2982151	catch	32671	n/a	catch_padded.jpg	photodiode	0
2982.454	0.0	2982454	response	6	n/a	n/a	trigger	0
2984.153	0.5	2984153	untrained	32697	70	memtrain/o_471_2.jpg	photodiode	1
2985.054	0.5	2985054	trained	32749	18	memtrain/o_264_2.jpg	photodiode	1
2985.955	0.5	2985955	untrained	32685	82	memtrain/o_656_1.jpg	photodiode	1
2986.755	0.5	2986755	trained	32731	36	memtrain/o_583_1.jpg	photodiode	1
2987.656	0.5	2987656	untrained	32695	72	memtrain/o_490_1.jpg	photodiode	1
2988.407	0.5	2988407	catch	32671	n/a	catch_padded.jpg	photodiode	0
2988.733	0.0	2988733	response	6	n/a	n/a	trigger	0
2990.408	0.5	2990408	trained	32740	27	memtrain/o_379_2.jpg	photodiode	1
2991.259	0.5	2991259	trained	32721	46	memtrain/so_113_1.jpg	photodiode	1
2992.21	0.5	2992210	untrained	32691	76	memtrain/o_570_1.jpg	photodiode	1
2993.011	0.5	2993011	catch	32671	n/a	catch_padded.jpg	photodiode	0
2993.459	0.0	2993459	response	6	n/a	n/a	trigger	0
2994.962	0.5	2994962	untrained	32709	58	memtrain/o_192_1.jpg	photodiode	1
2995.905	0.5	2995905	untrained	32701	66	memtrain/o_342_2.jpg	photodiode	1
2996.805	0.5	2996805	untrained	32679	88	memtrain/o_458_1.jpg	photodiode	1
2997.556	0.5	2997556	untrained	32682	85	memtrain/o_218_1.jpg	photodiode	1
2998.507	0.5	2998507	untrained	32672	95	memtrain/so_125_1.jpg	photodiode	1
2999.358	0.5	2999358	catch	32671	n/a	catch_padded.jpg	photodiode	0
2999.615	0.0	2999615	response	6	n/a	n/a	trigger	0
3001.309	0.5	3001309	untrained	32713	54	memtrain/o_145_1.jpg	photodiode	1
3002.21	0.5	3002210	untrained	32712	55	memtrain/o_153_2.jpg	photodiode	1
3003.161	0.5	3003161	trained	32762	5	memtrain/o_067_1.jpg	photodiode	1
3003.911	0.5	3003911	untrained	32715	52	memtrain/o_141_1.jpg	photodiode	1
3004.662	0.5	3004662	catch	32671	n/a	catch_padded.jpg	photodiode	0
3004.973	0.0	3004973	response	6	n/a	n/a	trigger	0
3006.564	0.5	3006564	trained	32763	4	memtrain/o_042_1.jpg	photodiode	1
3007.514	0.5	3007514	trained	32750	17	memtrain/o_232_1.jpg	photodiode	1
3008.365	0.5	3008365	trained	32767	0	memtrain/o_006_1.jpg	photodiode	1
3009.216	0.5	3009216	trained	32729	38	memtrain/o_603_1.jpg	photodiode	1
3010.167	0.5	3010167	trained	32730	37	memtrain/o_597_1.jpg	photodiode	1
3010.917	0.5	3010917	catch	32671	n/a	catch_padded.jpg	photodiode	0
3011.18	0.0	3011180	response	6	n/a	n/a	trigger	0
3012.969	0.5	3012969	untrained	32703	64	memtrain/o_334_2.jpg	photodiode	1
3013.77	0.5	3013770	trained	32747	20	memtrain/o_290_1.jpg	photodiode	1
3014.57	0.5	3014570	untrained	32706	61	memtrain/o_298_2.jpg	photodiode	1
3015.371	0.5	3015371	untrained	32680	87	memtrain/o_365_1.jpg	photodiode	1
3016.322	0.5	3016322	trained	32743	24	memtrain/o_357_1.jpg	photodiode	1
3017.173	0.5	3017173	catch	32671	n/a	catch_padded.jpg	photodiode	0
3017.49	0.0	3017490	response	6	n/a	n/a	trigger	0
3019.174	0.5	3019174	untrained	32716	51	memtrain/o_103_2.jpg	photodiode	1
3020.025	0.5	3020025	untrained	32676	91	memtrain/o_605_1.jpg	photodiode	1
3020.976	0.5	3020976	trained	32738	29	memtrain/o_416_1.jpg	photodiode	1
3021.726	0.5	3021726	trained	32724	43	memtrain/so_043_2.jpg	photodiode	1
3022.577	0.5	3022577	catch	32671	n/a	catch_padded.jpg	photodiode	0
3022.954	0.0	3022954	response	6	n/a	n/a	trigger	0
3024.671	0.5	3024671	trained	32766	1	memtrain/o_015_1.jpg	photodiode	1
3025.572	0.5	3025572	untrained	32693	74	memtrain/o_550_1.jpg	photodiode	1
3026.322	0.5	3026322	untrained	32684	83	memtrain/so_105_1.jpg	photodiode	1
3027.223	0.5	3027223	catch	32671	n/a	catch_padded.jpg	photodiode	0
3027.683	0.0	3027683	response	6	n/a	n/a	trigger	0
3029.233	0.5	3029233	trained	32735	32	memtrain/o_485_2.jpg	photodiode	1
3030.125	0.5	3030125	untrained	32714	53	memtrain/o_142_2.jpg	photodiode	1
3030.876	0.5	3030876	trained	32742	25	memtrain/o_358_2.jpg	photodiode	1
3031.727	0.5	3031727	untrained	32702	65	memtrain/o_337_2.jpg	photodiode	1
3032.527	0.5	3032527	catch	32671	n/a	catch_padded.jpg	photodiode	0
3032.873	0.0	3032873	response	6	n/a	n/a	trigger	0
3034.479	0.5	3034479	trained	32733	34	memtrain/o_558_2.jpg	photodiode	1
3035.28	0.5	3035280	trained	32760	7	memtrain/o_091_2.jpg	photodiode	1
3036.08	0.5	3036080	trained	32739	28	memtrain/o_397_1.jpg	photodiode	1
3036.831	0.5	3036831	trained	32725	42	memtrain/so_034_2.jpg	photodiode	1
3037.782	0.5	3037782	catch	32671	n/a	catch_padded.jpg	photodiode	0
3038.125	0.0	3038125	response	6	n/a	n/a	trigger	0
3039.684	0.5	3039684	trained	32748	19	memtrain/o_284_2.jpg	photodiode	1
3040.434	0.5	3040434	trained	32764	3	memtrain/o_040_2.jpg	photodiode	1
3041.185	0.5	3041185	trained	32723	44	memtrain/so_045_1.jpg	photodiode	1
3042.086	0.5	3042086	catch	32671	n/a	catch_padded.jpg	photodiode	0
3042.377	0.0	3042377	response	6	n/a	n/a	trigger	0
3044.559	0.0	3044559	block_end	120	n/a	n/a	trigger	0
3232.057	0.0	3232057	response	6	n/a	n/a	trigger	0
3232.068	0.0	3232068	block_onset	109	n/a	n/a	trigger	0
3234.115	0.5	3234115	untrained	32719	48	memtrain/o_019_2.jpg	photodiode	1
3234.974	0.5	3234974	trained	32743	24	memtrain/o_357_1.jpg	photodiode	1
3235.875	0.5	3235875	untrained	32700	67	memtrain/o_378_1.jpg	photodiode	1
3236.775	0.5	3236775	untrained	32711	56	memtrain/o_163_2.jpg	photodiode	1
3237.576	0.5	3237576	trained	32728	39	memtrain/o_606_1.jpg	photodiode	1
3238.477	0.5	3238477	catch	32671	n/a	catch_padded.jpg	photodiode	0
3238.756	0.0	3238756	response	6	n/a	n/a	trigger	0
3240.57	0.5	3240570	trained	32722	45	memtrain/so_090_2.jpg	photodiode	1
3241.321	0.5	3241321	trained	32759	8	memtrain/o_094_1.jpg	photodiode	1
3242.072	0.5	3242072	trained	32762	5	memtrain/o_067_1.jpg	photodiode	1
3242.822	0.5	3242822	trained	32739	28	memtrain/o_397_1.jpg	photodiode	1
3243.773	0.5	3243773	trained	32729	38	memtrain/o_603_1.jpg	photodiode	1
3244.574	0.5	3244574	catch	32671	n/a	catch_padded.jpg	photodiode	0
3244.877	0.0	3244877	response	6	n/a	n/a	trigger	0
3246.534	0.5	3246534	untrained	32672	95	memtrain/so_125_1.jpg	photodiode	1
3247.426	0.5	3247426	untrained	32698	69	memtrain/o_464_2.jpg	photodiode	1
3248.377	0.5	3248377	untrained	32712	55	memtrain/o_153_2.jpg	photodiode	1
3249.328	0.5	3249328	untrained	32681	86	memtrain/o_288_1.jpg	photodiode	1
3250.079	0.5	3250079	catch	32671	n/a	catch_padded.jpg	photodiode	0
3250.492	0.0	3250492	response	6	n/a	n/a	trigger	0
3252.08	0.5	3252080	trained	32754	13	memtrain/o_136_1.jpg	photodiode	1
3252.981	0.5	3252981	untrained	32694	73	memtrain/o_519_2.jpg	photodiode	1
3253.782	0.5	3253782	trained	32732	35	memtrain/o_561_2.jpg	photodiode	1
3254.682	0.5	3254682	untrained	32718	49	memtrain/o_054_2.jpg	photodiode	1
3255.583	0.5	3255583	trained	32747	20	memtrain/o_290_1.jpg	photodiode	1
3256.384	0.5	3256384	catch	32671	n/a	catch_padded.jpg	photodiode	0
3256.703	0.0	3256703	response	6	n/a	n/a	trigger	0
3258.285	0.5	3258285	untrained	32682	85	memtrain/o_218_1.jpg	photodiode	1
3259.186	0.5	3259186	trained	32740	27	memtrain/o_379_2.jpg	photodiode	1
3259.937	0.5	3259937	trained	32724	43	memtrain/so_043_2.jpg	photodiode	1
3260.838	0.5	3260838	untrained	32689	78	memtrain/o_599_1.jpg	photodiode	1
3261.638	0.5	3261638	catch	32671	n/a	catch_padded.jpg	photodiode	0
3262.05	0.0	3262050	response	6	n/a	n/a	trigger	0
3263.59	0.5	3263590	trained	32749	18	memtrain/o_264_2.jpg	photodiode	1
3264.441	0.5	3264441	untrained	32676	91	memtrain/o_605_1.jpg	photodiode	1
3265.191	0.5	3265191	untrained	32691	76	memtrain/o_570_1.jpg	photodiode	1
3265.942	0.5	3265942	trained	32756	11	memtrain/o_117_2.jpg	photodiode	1
3266.693	0.5	3266693	untrained	32695	72	memtrain/o_490_1.jpg	photodiode	1
3267.493	0.5	3267493	catch	32671	n/a	catch_padded.jpg	photodiode	0
3267.821	0.0	3267821	response	6	n/a	n/a	trigger	0
3269.537	0.5	3269537	untrained	32713	54	memtrain/o_145_1.jpg	photodiode	1
3270.387	0.5	3270387	trained	32731	36	memtrain/o_583_1.jpg	photodiode	1
3271.288	0.5	3271288	untrained	32685	82	memtrain/o_656_1.jpg	photodiode	1
3272.097	0.5	3272097	untrained	32686	81	memtrain/o_655_2.jpg	photodiode	1
3273.039	0.5	3273039	catch	32671	n/a	catch_padded.jpg	photodiode	0
3273.34	0.0	3273340	response	6	n/a	n/a	trigger	0
3275.0	0.5	3275000	untrained	32687	80	memtrain/o_613_1.jpg	photodiode	1
3275.892	0.5	3275892	untrained	32705	62	memtrain/o_304_1.jpg	photodiode	1
3276.643	0.5	3276643	trained	32757	10	memtrain/o_111_2.jpg	photodiode	1
3277.493	0.5	3277493	catch	32671	n/a	catch_padded.jpg	photodiode	0
3277.948	0.0	3277948	response	6	n/a	n/a	trigger	0
3279.595	0.5	3279595	untrained	32704	63	memtrain/o_310_2.jpg	photodiode	1
3280.546	0.5	3280546	untrained	32702	65	memtrain/o_337_2.jpg	photodiode	1
3281.497	0.5	3281497	trained	32750	17	memtrain/o_232_1.jpg	photodiode	1
3282.347	0.5	3282347	catch	32671	n/a	catch_padded.jpg	photodiode	0
3282.713	0.0	3282713	response	6	n/a	n/a	trigger	0
3284.399	0.5	3284399	untrained	32684	83	memtrain/so_105_1.jpg	photodiode	1
3285.15	0.5	3285150	untrained	32701	66	memtrain/o_342_2.jpg	photodiode	1
3286.101	0.5	3286101	trained	32735	32	memtrain/o_485_2.jpg	photodiode	1
3287.001	0.5	3287001	catch	32671	n/a	catch_padded.jpg	photodiode	0
3287.366	0.0	3287366	response	6	n/a	n/a	trigger	0
3289.103	0.5	3289103	trained	32727	40	memtrain/o_648_2.jpg	photodiode	1
3289.854	0.5	3289854	trained	32741	26	memtrain/o_376_1.jpg	photodiode	1
3290.704	0.5	3290704	trained	32733	34	memtrain/o_558_2.jpg	photodiode	1
3291.555	0.5	3291555	catch	32671	n/a	catch_padded.jpg	photodiode	0
3291.935	0.0	3291935	response	6	n/a	n/a	trigger	0
3293.557	0.5	3293557	trained	32755	12	memtrain/o_127_2.jpg	photodiode	1
3294.408	0.5	3294408	trained	32738	29	memtrain/o_416_1.jpg	photodiode	1
3295.158	0.5	3295158	trained	32761	6	memtrain/o_076_1.jpg	photodiode	1
3295.959	0.5	3295959	trained	32751	16	memtrain/o_199_2.jpg	photodiode	1
3296.91	0.5	3296910	catch	32671	n/a	catch_padded.jpg	photodiode	0
3297.246	0.0	3297246	response	6	n/a	n/a	trigger	0
3298.961	0.5	3298961	trained	32720	47	memtrain/so_147_2.jpg	photodiode	1
3299.904	0.5	3299904	untrained	32715	52	memtrain/o_141_1.jpg	photodiode	1
3300.663	0.5	3300663	untrained	32678	89	memtrain/o_469_1.jpg	photodiode	1
3301.455	0.5	3301455	untrained	32673	94	memtrain/so_067_1.jpg	photodiode	1
3302.406	0.5	3302406	catch	32671	n/a	catch_padded.jpg	photodiode	0
3302.689	0.0	3302689	response	6	n/a	n/a	trigger	0
3304.408	0.5	3304408	untrained	32706	61	memtrain/o_298_2.jpg	photodiode	1
3305.359	0.5	3305359	untrained	32709	58	memtrain/o_192_1.jpg	photodiode	1
3306.159	0.5	3306159	untrained	32674	93	memtrain/so_035_1.jpg	photodiode	1
3306.91	0.5	3306910	trained	32767	0	memtrain/o_006_1.jpg	photodiode	1
3307.711	0.5	3307711	catch	32671	n/a	catch_padded.jpg	photodiode	0
3308.033	0.0	3308033	response	6	n/a	n/a	trigger	0
3309.662	0.5	3309662	untrained	32716	51	memtrain/o_103_2.jpg	photodiode	1
3310.413	0.5	3310413	untrained	32680	87	memtrain/o_365_1.jpg	photodiode	1
3311.214	0.5	3311214	trained	32753	14	memtrain/o_174_1.jpg	photodiode	1
3312.114	0.5	3312114	catch	32671	n/a	catch_padded.jpg	photodiode	0
3312.538	0.0	3312538	response	6	n/a	n/a	trigger	0
3314.016	0.5	3314016	untrained	32688	79	memtrain/o_600_1.jpg	photodiode	1
3314.917	0.5	3314917	trained	32742	25	memtrain/o_358_2.jpg	photodiode	1
3315.768	0.5	3315768	trained	32734	33	memtrain/o_536_1.jpg	photodiode	1
3316.618	0.5	3316618	trained	32721	46	memtrain/so_113_1.jpg	photodiode	1
3317.519	0.5	3317519	catch	32671	n/a	catch_padded.jpg	photodiode	0
3317.77	0.0	3317770	response	6	n/a	n/a	trigger	0
3319.621	0.5	3319621	trained	32763	4	memtrain/o_042_1.jpg	photodiode	1
3320.522	0.5	3320522	trained	32736	31	memtrain/o_465_2.jpg	photodiode	1
3321.272	0.5	3321272	untrained	32703	64	memtrain/o_334_2.jpg	photodiode	1
3322.023	0.5	3322023	untrained	32677	90	memtrain/o_580_1.jpg	photodiode	1
3322.974	0.5	3322974	trained	32726	41	memtrain/o_663_2.jpg	photodiode	1
3323.874	0.5	3323874	catch	32671	n/a	catch_padded.jpg	photodiode	0
3324.134	0.0	3324134	response	6	n/a	n/a	trigger	0
3325.776	0.5	3325776	trained	32758	9	memtrain/o_101_2.jpg	photodiode	1
3326.677	0.5	3326677	untrained	32707	60	memtrain/o_228_2.jpg	photodiode	1
3327.619	0.5	3327619	trained	32746	21	memtrain/o_319_1.jpg	photodiode	1
3328.378	0.5	3328378	catch	32671	n/a	catch_padded.jpg	photodiode	0
3329.288	0.0	3329288	response	6	n/a	n/a	trigger	0
3330.471	0.5	3330471	untrained	32683	84	memtrain/so_117_2.jpg	photodiode	1
3331.272	0.5	3331272	trained	32737	30	memtrain/o_437_2.jpg	photodiode	1
3332.223	0.5	3332223	untrained	32717	50	memtrain/o_057_2.jpg	photodiode	1
3332.982	0.5	3332982	trained	32760	7	memtrain/o_091_2.jpg	photodiode	1
3333.774	0.5	3333774	catch	32671	n/a	catch_padded.jpg	photodiode	0
3334.036	0.0	3334036	response	6	n/a	n/a	trigger	0
3335.776	0.5	3335776	trained	32725	42	memtrain/so_034_2.jpg	photodiode	1
3336.635	0.5	3336635	untrained	32679	88	memtrain/o_458_1.jpg	photodiode	1
3337.578	0.5	3337578	trained	32744	23	memtrain/o_338_2.jpg	photodiode	1
3338.528	0.5	3338528	catch	32671	n/a	catch_padded.jpg	photodiode	0
3338.924	0.0	3338924	response	6	n/a	n/a	trigger	0
3340.48	0.5	3340480	untrained	32699	68	memtrain/o_393_1.jpg	photodiode	1
3341.281	0.5	3341281	untrained	32696	71	memtrain/o_483_1.jpg	photodiode	1
3342.231	0.5	3342231	untrained	32693	74	memtrain/o_550_1.jpg	photodiode	1
3343.132	0.5	3343132	untrained	32714	53	memtrain/o_142_2.jpg	photodiode	1
3343.933	0.5	3343933	catch	32671	n/a	catch_padded.jpg	photodiode	0
3344.251	0.0	3344251	response	6	n/a	n/a	trigger	0
3345.935	0.5	3345935	trained	32745	22	memtrain/o_321_1.jpg	photodiode	1
3346.685	0.5	3346685	trained	32723	44	memtrain/so_045_1.jpg	photodiode	1
3347.436	0.5	3347436	trained	32748	19	memtrain/o_284_2.jpg	photodiode	1
3348.237	0.5	3348237	trained	32752	15	memtrain/o_195_1.jpg	photodiode	1
3349.087	0.5	3349087	catch	32671	n/a	catch_padded.jpg	photodiode	0
3349.342	0.0	3349342	response	6	n/a	n/a	trigger	0
3351.189	0.5	3351189	untrained	32675	92	memtrain/so_033_1.jpg	photodiode	1
3352.14	0.5	3352140	untrained	32690	77	memtrain/o_574_2.jpg	photodiode	1
3353.041	0.5	3353041	untrained	32697	70	memtrain/o_471_2.jpg	photodiode	1
3353.891	0.5	3353891	catch	32671	n/a	catch_padded.jpg	photodiode	0
3354.28	0.0	3354280	response	6	n/a	n/a	trigger	0
3355.793	0.5	3355793	trained	32730	37	memtrain/o_597_1.jpg	photodiode	1
3356.744	0.5	3356744	untrained	32692	75	memtrain/o_564_1.jpg	photodiode	1
3357.645	0.5	3357645	untrained	32710	57	memtrain/o_171_1.jpg	photodiode	1
3358.445	0.5	3358445	catch	32671	n/a	catch_padded.jpg	photodiode	0
3358.688	0.0	3358688	response	6	n/a	n/a	trigger	0
3360.489	0.5	3360489	trained	32764	3	memtrain/o_040_2.jpg	photodiode	1
3361.39	0.5	3361390	trained	32765	2	memtrain/o_035_1.jpg	photodiode	1
3362.19	0.5	3362190	trained	32766	1	memtrain/o_015_1.jpg	photodiode	1
3362.991	0.5	3362991	untrained	32708	59	memtrain/o_201_2.jpg	photodiode	1
3363.8	0.5	3363800	catch	32671	n/a	catch_padded.jpg	photodiode	0
3364.131	0.0	3364131	response	6	n/a	n/a	trigger	0
3365.893	0.5	3365893	untrained	32709	58	memtrain/o_192_1.jpg	photodiode	1
3366.694	0.5	3366694	untrained	32698	69	memtrain/o_464_2.jpg	photodiode	1
3367.595	0.5	3367595	untrained	32710	57	memtrain/o_171_1.jpg	photodiode	1
3368.554	0.5	3368554	catch	32671	n/a	catch_padded.jpg	photodiode	0
3368.776	0.0	3368776	response	6	n/a	n/a	trigger	0
3370.547	0.5	3370547	untrained	32712	55	memtrain/o_153_2.jpg	photodiode	1
3371.398	0.5	3371398	trained	32766	1	memtrain/o_015_1.jpg	photodiode	1
3372.249	0.5	3372249	untrained	32695	72	memtrain/o_490_1.jpg	photodiode	1
3373.15	0.5	3373150	untrained	32689	78	memtrain/o_599_1.jpg	photodiode	1
3373.9	0.5	3373900	untrained	32701	66	memtrain/o_342_2.jpg	photodiode	1
3374.851	0.5	3374851	catch	32671	n/a	catch_padded.jpg	photodiode	0
3375.204	0.0	3375204	response	6	n/a	n/a	trigger	0
3376.953	0.5	3376953	untrained	32673	94	memtrain/so_067_1.jpg	photodiode	1
3377.803	0.5	3377803	trained	32751	16	memtrain/o_199_2.jpg	photodiode	1
3378.704	0.5	3378704	trained	32752	15	memtrain/o_195_1.jpg	photodiode	1
3379.655	0.5	3379655	trained	32748	19	memtrain/o_284_2.jpg	photodiode	1
3380.506	0.5	3380506	untrained	32694	73	memtrain/o_519_2.jpg	photodiode	1
3381.407	0.5	3381407	catch	32671	n/a	catch_padded.jpg	photodiode	0
3381.8	0.0	3381800	response	6	n/a	n/a	trigger	0
3383.308	0.5	3383308	untrained	32684	83	memtrain/so_105_1.jpg	photodiode	1
3384.109	0.5	3384109	trained	32753	14	memtrain/o_174_1.jpg	photodiode	1
3385.01	0.5	3385010	trained	32735	32	memtrain/o_485_2.jpg	photodiode	1
3385.81	0.5	3385810	catch	32671	n/a	catch_padded.jpg	photodiode	0
3386.269	0.0	3386269	response	6	n/a	n/a	trigger	0
3387.803	0.5	3387803	untrained	32693	74	memtrain/o_550_1.jpg	photodiode	1
3388.554	0.5	3388554	trained	32727	40	memtrain/o_648_2.jpg	photodiode	1
3389.405	0.5	3389405	untrained	32716	51	memtrain/o_103_2.jpg	photodiode	1
3390.155	0.5	3390155	trained	32736	31	memtrain/o_465_2.jpg	photodiode	1
3390.915	0.5	3390915	untrained	32691	76	memtrain/o_570_1.jpg	photodiode	1
3391.857	0.5	3391857	catch	32671	n/a	catch_padded.jpg	photodiode	0
3392.14	0.0	3392140	response	6	n/a	n/a	trigger	0
3393.909	0.5	3393909	untrained	32702	65	memtrain/o_337_2.jpg	photodiode	1
3394.709	0.5	3394709	trained	32737	30	memtrain/o_437_2.jpg	photodiode	1
3395.51	0.5	3395510	untrained	32713	54	memtrain/o_145_1.jpg	photodiode	1
3396.411	0.5	3396411	untrained	32692	75	memtrain/o_564_1.jpg	photodiode	1
3397.261	0.5	3397261	untrained	32681	86	memtrain/o_288_1.jpg	photodiode	1
3398.012	0.5	3398012	catch	32671	n/a	catch_padded.jpg	photodiode	0
3398.367	0.0	3398367	response	6	n/a	n/a	trigger	0
3399.914	0.5	3399914	trained	32724	43	memtrain/so_043_2.jpg	photodiode	1
3400.764	0.5	3400764	trained	32756	11	memtrain/o_117_2.jpg	photodiode	1
3401.615	0.5	3401615	trained	32767	0	memtrain/o_006_1.jpg	photodiode	1
3402.466	0.5	3402466	trained	32754	13	memtrain/o_136_1.jpg	photodiode	1
3403.267	0.5	3403267	trained	32726	41	memtrain/o_663_2.jpg	photodiode	1
3404.067	0.5	3404067	catch	32671	n/a	catch_padded.jpg	photodiode	0
3404.465	0.0	3404465	response	6	n/a	n/a	trigger	0
3406.119	0.5	3406119	untrained	32688	79	memtrain/o_600_1.jpg	photodiode	1
3407.07	0.5	3407070	trained	32744	23	memtrain/o_338_2.jpg	photodiode	1
3407.92	0.5	3407920	untrained	32683	84	memtrain/so_117_2.jpg	photodiode	1
3408.771	0.5	3408771	untrained	32686	81	memtrain/o_655_2.jpg	photodiode	1
3409.722	0.5	3409722	catch	32671	n/a	catch_padded.jpg	photodiode	0
3410.173	0.0	3410173	response	6	n/a	n/a	trigger	0
3411.774	0.5	3411774	untrained	32679	88	memtrain/o_458_1.jpg	photodiode	1
3412.524	0.5	3412524	trained	32747	20	memtrain/o_290_1.jpg	photodiode	1
3413.325	0.5	3413325	untrained	32705	62	memtrain/o_304_1.jpg	photodiode	1
3414.076	0.5	3414076	trained	32739	28	memtrain/o_397_1.jpg	photodiode	1
3414.826	0.5	3414826	untrained	32719	48	memtrain/o_019_2.jpg	photodiode	1
3415.719	0.5	3415719	catch	32671	n/a	catch_padded.jpg	photodiode	0
3416.013	0.0	3416013	response	6	n/a	n/a	trigger	0
3417.729	0.5	3417729	trained	32763	4	memtrain/o_042_1.jpg	photodiode	1
3418.571	0.5	3418571	trained	32750	17	memtrain/o_232_1.jpg	photodiode	1
3419.48	0.5	3419480	trained	32740	27	memtrain/o_379_2.jpg	photodiode	1
3420.223	0.5	3420223	untrained	32672	95	memtrain/so_125_1.jpg	photodiode	1
3421.023	0.5	3421023	untrained	32717	50	memtrain/o_057_2.jpg	photodiode	1
3421.874	0.5	3421874	catch	32671	n/a	catch_padded.jpg	photodiode	0
3422.233	0.0	3422233	response	6	n/a	n/a	trigger	0
3423.826	0.5	3423826	trained	32755	12	memtrain/o_127_2.jpg	photodiode	1
3424.727	0.5	3424727	untrained	32714	53	memtrain/o_142_2.jpg	photodiode	1
3425.627	0.5	3425627	untrained	32680	87	memtrain/o_365_1.jpg	photodiode	1
3426.578	0.5	3426578	catch	32671	n/a	catch_padded.jpg	photodiode	0
3427.032	0.0	3427032	response	6	n/a	n/a	trigger	0
3428.53	0.5	3428530	untrained	32676	91	memtrain/o_605_1.jpg	photodiode	1
3429.28	0.5	3429280	trained	32722	45	memtrain/so_090_2.jpg	photodiode	1
3430.081	0.5	3430081	trained	32760	7	memtrain/o_091_2.jpg	photodiode	1
3431.032	0.5	3431032	untrained	32700	67	memtrain/o_378_1.jpg	photodiode	1
3431.883	0.5	3431883	catch	32671	n/a	catch_padded.jpg	photodiode	0
3432.119	0.0	3432119	response	6	n/a	n/a	trigger	0
3433.934	0.5	3433934	untrained	32674	93	memtrain/so_035_1.jpg	photodiode	1
3434.885	0.5	3434885	trained	32757	10	memtrain/o_111_2.jpg	photodiode	1
3435.836	0.5	3435836	untrained	32678	89	memtrain/o_469_1.jpg	photodiode	1
3436.587	0.5	3436587	trained	32730	37	memtrain/o_597_1.jpg	photodiode	1
3437.387	0.5	3437387	trained	32732	35	memtrain/o_561_2.jpg	photodiode	1
3438.188	0.5	3438188	catch	32671	n/a	catch_padded.jpg	photodiode	0
3438.69	0.0	3438690	response	6	n/a	n/a	trigger	0
3440.298	0.5	3440298	trained	32745	22	memtrain/o_321_1.jpg	photodiode	1
3441.149	0.5	3441149	trained	32725	42	memtrain/so_034_2.jpg	photodiode	1
3442.041	0.5	3442041	trained	32746	21	memtrain/o_319_1.jpg	photodiode	1
3442.792	0.5	3442792	catch	32671	n/a	catch_padded.jpg	photodiode	0
3443.124	0.0	3443124	response	6	n/a	n/a	trigger	0
3444.894	0.5	3444894	untrained	32703	64	memtrain/o_334_2.jpg	photodiode	1
3445.636	0.5	3445636	untrained	32697	70	memtrain/o_471_2.jpg	photodiode	1
3446.436	0.5	3446436	trained	32741	26	memtrain/o_376_1.jpg	photodiode	1
3447.287	0.5	3447287	catch	32671	n/a	catch_padded.jpg	photodiode	0
3447.703	0.0	3447703	response	6	n/a	n/a	trigger	0
3449.397	0.5	3449397	trained	32764	3	memtrain/o_040_2.jpg	photodiode	1
3450.34	0.5	3450340	untrained	32682	85	memtrain/o_218_1.jpg	photodiode	1
3451.291	0.5	3451291	trained	32765	2	memtrain/o_035_1.jpg	photodiode	1
3452.141	0.5	3452141	trained	32761	6	memtrain/o_076_1.jpg	photodiode	1
3452.992	0.5	3452992	untrained	32707	60	memtrain/o_228_2.jpg	photodiode	1
3453.843	0.5	3453843	catch	32671	n/a	catch_padded.jpg	photodiode	0
3454.176	0.0	3454176	response	6	n/a	n/a	trigger	0
3455.794	0.5	3455794	trained	32749	18	memtrain/o_264_2.jpg	photodiode	1
3456.695	0.5	3456695	trained	32742	25	memtrain/o_358_2.jpg	photodiode	1
3457.546	0.5	3457546	trained	32723	44	memtrain/so_045_1.jpg	photodiode	1
3458.297	0.5	3458297	catch	32671	n/a	catch_padded.jpg	photodiode	0
3458.715	0.0	3458715	response	6	n/a	n/a	trigger	0
3460.298	0.5	3460298	untrained	32715	52	memtrain/o_141_1.jpg	photodiode	1
3461.249	0.5	3461249	trained	32733	34	memtrain/o_558_2.jpg	photodiode	1
3462.15	0.5	3462150	untrained	32699	68	memtrain/o_393_1.jpg	photodiode	1
3462.95	0.5	3462950	untrained	32685	82	memtrain/o_656_1.jpg	photodiode	1
3463.751	0.5	3463751	catch	32671	n/a	catch_padded.jpg	photodiode	0
3464.027	0.0	3464027	response	6	n/a	n/a	trigger	0
3465.803	0.5	3465803	untrained	32704	63	memtrain/o_310_2.jpg	photodiode	1
3466.554	0.5	3466554	untrained	32696	71	memtrain/o_483_1.jpg	photodiode	1
3467.354	0.5	3467354	trained	32728	39	memtrain/o_606_1.jpg	photodiode	1
3468.155	0.5	3468155	trained	32738	29	memtrain/o_416_1.jpg	photodiode	1
3469.006	0.5	3469006	untrained	32675	92	memtrain/so_033_1.jpg	photodiode	1
3469.806	0.5	3469806	catch	32671	n/a	catch_padded.jpg	photodiode	0
3470.094	0.0	3470094	response	6	n/a	n/a	trigger	0
3471.708	0.5	3471708	trained	32734	33	memtrain/o_536_1.jpg	photodiode	1
3472.609	0.5	3472609	untrained	32718	49	memtrain/o_054_2.jpg	photodiode	1
3473.459	0.5	3473459	untrained	32706	61	memtrain/o_298_2.jpg	photodiode	1
3474.31	0.5	3474310	untrained	32711	56	memtrain/o_163_2.jpg	photodiode	1
3475.253	0.5	3475253	catch	32671	n/a	catch_padded.jpg	photodiode	0
3475.601	0.0	3475601	response	6	n/a	n/a	trigger	0
3477.162	0.5	3477162	trained	32758	9	memtrain/o_101_2.jpg	photodiode	1
3478.055	0.5	3478055	untrained	32687	80	memtrain/o_613_1.jpg	photodiode	1
3479.006	0.5	3479006	trained	32743	24	memtrain/o_357_1.jpg	photodiode	1
3479.857	0.5	3479857	trained	32729	38	memtrain/o_603_1.jpg	photodiode	1
3480.707	0.5	3480707	trained	32720	47	memtrain/so_147_2.jpg	photodiode	1
3481.458	0.5	3481458	catch	32671	n/a	catch_padded.jpg	photodiode	0
3481.827	0.0	3481827	response	6	n/a	n/a	trigger	0
3483.36	0.5	3483360	untrained	32708	59	memtrain/o_201_2.jpg	photodiode	1
3484.31	0.5	3484310	trained	32759	8	memtrain/o_094_1.jpg	photodiode	1
3485.211	0.5	3485211	trained	32731	36	memtrain/o_583_1.jpg	photodiode	1
3486.112	0.5	3486112	untrained	32690	77	memtrain/o_574_2.jpg	photodiode	1
3486.963	0.5	3486963	catch	32671	n/a	catch_padded.jpg	photodiode	0
3487.3	0.0	3487300	response	6	n/a	n/a	trigger	0
3489.064	0.5	3489064	trained	32721	46	memtrain/so_113_1.jpg	photodiode	1
3489.815	0.5	3489815	trained	32762	5	memtrain/o_067_1.jpg	photodiode	1
3490.566	0.5	3490566	untrained	32677	90	memtrain/o_580_1.jpg	photodiode	1
3491.516	0.5	3491516	catch	32671	n/a	catch_padded.jpg	photodiode	0
3491.831	0.0	3491831	response	6	n/a	n/a	trigger	0
3493.99	0.0	3493990	block_end	120	n/a	n/a	trigger	0
3705.662	0.0	3705662	response	6	n/a	n/a	trigger	0
3705.669	0.0	3705669	block_onset	110	n/a	n/a	trigger	0
3707.716	0.5	3707716	untrained	32714	53	memtrain/o_142_2.jpg	photodiode	1
3708.625	0.5	3708625	trained	32744	23	memtrain/o_338_2.jpg	photodiode	1
3709.526	0.5	3709526	untrained	32715	52	memtrain/o_141_1.jpg	photodiode	1
3710.327	0.5	3710327	catch	32671	n/a	catch_padded.jpg	photodiode	0
3710.622	0.0	3710622	response	6	n/a	n/a	trigger	0
3712.228	0.5	3712228	untrained	32709	58	memtrain/o_192_1.jpg	photodiode	1
3713.121	0.5	3713121	trained	32764	3	memtrain/o_040_2.jpg	photodiode	1
3713.972	0.5	3713972	untrained	32688	79	memtrain/o_600_1.jpg	photodiode	1
3714.872	0.5	3714872	catch	32671	n/a	catch_padded.jpg	photodiode	0
3715.192	0.0	3715192	response	6	n/a	n/a	trigger	0
3716.824	0.5	3716824	untrained	32692	75	memtrain/o_564_1.jpg	photodiode	1
3717.575	0.5	3717575	trained	32731	36	memtrain/o_583_1.jpg	photodiode	1
3718.526	0.5	3718526	untrained	32718	49	memtrain/o_054_2.jpg	photodiode	1
3719.435	0.5	3719435	trained	32755	12	memtrain/o_127_2.jpg	photodiode	1
3720.227	0.5	3720227	untrained	32708	59	memtrain/o_201_2.jpg	photodiode	1
3720.978	0.5	3720978	catch	32671	n/a	catch_padded.jpg	photodiode	0
3721.226	0.0	3721226	response	6	n/a	n/a	trigger	0
3722.929	0.5	3722929	untrained	32673	94	memtrain/so_067_1.jpg	photodiode	1
3723.78	0.5	3723780	untrained	32711	56	memtrain/o_163_2.jpg	photodiode	1
3724.631	0.5	3724631	trained	32748	19	memtrain/o_284_2.jpg	photodiode	1
3725.481	0.5	3725481	trained	32740	27	memtrain/o_379_2.jpg	photodiode	1
3726.382	0.5	3726382	untrained	32683	84	memtrain/so_117_2.jpg	photodiode	1
3727.333	0.5	3727333	catch	32671	n/a	catch_padded.jpg	photodiode	0
3727.643	0.0	3727643	response	6	n/a	n/a	trigger	0
3729.435	0.5	3729435	untrained	32672	95	memtrain/so_125_1.jpg	photodiode	1
3730.236	0.5	3730236	untrained	32707	60	memtrain/o_228_2.jpg	photodiode	1
3731.186	0.5	3731186	trained	32738	29	memtrain/o_416_1.jpg	photodiode	1
3731.987	0.5	3731987	catch	32671	n/a	catch_padded.jpg	photodiode	0
3732.317	0.0	3732317	response	6	n/a	n/a	trigger	0
3733.989	0.5	3733989	untrained	32699	68	memtrain/o_393_1.jpg	photodiode	1
3734.889	0.5	3734889	trained	32721	46	memtrain/so_113_1.jpg	photodiode	1
3735.69	0.5	3735690	trained	32760	7	memtrain/o_091_2.jpg	photodiode	1
3736.591	0.5	3736591	untrained	32695	72	memtrain/o_490_1.jpg	photodiode	1
3737.392	0.5	3737392	catch	32671	n/a	catch_padded.jpg	photodiode	0
3737.786	0.0	3737786	response	6	n/a	n/a	trigger	0
3739.393	0.5	3739393	untrained	32705	62	memtrain/o_304_1.jpg	photodiode	1
3740.244	0.5	3740244	untrained	32719	48	memtrain/o_019_2.jpg	photodiode	1
3741.036	0.5	3741036	trained	32729	38	memtrain/o_603_1.jpg	photodiode	1
3741.887	0.5	3741887	untrained	32685	82	memtrain/o_656_1.jpg	photodiode	1
3742.838	0.5	3742838	untrained	32716	51	memtrain/o_103_2.jpg	photodiode	1
3743.588	0.5	3743588	catch	32671	n/a	catch_padded.jpg	photodiode	0
3743.893	0.0	3743893	response	6	n/a	n/a	trigger	0
3745.498	0.5	3745498	untrained	32712	55	memtrain/o_153_2.jpg	photodiode	1
3746.341	0.5	3746341	untrained	32678	89	memtrain/o_469_1.jpg	photodiode	1
3747.141	0.5	3747141	trained	32726	41	memtrain/o_663_2.jpg	photodiode	1
3748.042	0.5	3748042	trained	32762	5	memtrain/o_067_1.jpg	photodiode	1
3748.993	0.5	3748993	catch	32671	n/a	catch_padded.jpg	photodiode	0
3749.332	0.0	3749332	response	6	n/a	n/a	trigger	0
3750.945	0.5	3750945	trained	32757	10	memtrain/o_111_2.jpg	photodiode	1
3751.845	0.5	3751845	trained	32728	39	memtrain/o_606_1.jpg	photodiode	1
3752.796	0.5	3752796	trained	32756	11	memtrain/o_117_2.jpg	photodiode	1
3753.747	0.5	3753747	trained	32759	8	memtrain/o_094_1.jpg	photodiode	1
3754.548	0.5	3754548	catch	32671	n/a	catch_padded.jpg	photodiode	0
3754.882	0.0	3754882	response	6	n/a	n/a	trigger	0
3756.649	0.5	3756649	trained	32758	9	memtrain/o_101_2.jpg	photodiode	1
3757.4	0.5	3757400	trained	32724	43	memtrain/so_043_2.jpg	photodiode	1
3758.201	0.5	3758201	untrained	32696	71	memtrain/o_483_1.jpg	photodiode	1
3759.051	0.5	3759051	trained	32735	32	memtrain/o_485_2.jpg	photodiode	1
3759.952	0.5	3759952	trained	32750	17	memtrain/o_232_1.jpg	photodiode	1
3760.803	0.5	3760803	catch	32671	n/a	catch_padded.jpg	photodiode	0
3760.992	0.0	3760992	response	6	n/a	n/a	trigger	0
3762.755	0.5	3762755	trained	32725	42	memtrain/so_034_2.jpg	photodiode	1
3763.605	0.5	3763605	trained	32763	4	memtrain/o_042_1.jpg	photodiode	1
3764.556	0.5	3764556	untrained	32700	67	memtrain/o_378_1.jpg	photodiode	1
3765.307	0.5	3765307	untrained	32704	63	memtrain/o_310_2.jpg	photodiode	1
3766.157	0.5	3766157	untrained	32675	92	memtrain/so_033_1.jpg	photodiode	1
3767.108	0.5	3767108	catch	32671	n/a	catch_padded.jpg	photodiode	0
3767.386	0.0	3767386	response	6	n/a	n/a	trigger	0
3769.21	0.5	3769210	untrained	32702	65	memtrain/o_337_2.jpg	photodiode	1
3770.061	0.5	3770061	untrained	32679	88	memtrain/o_458_1.jpg	photodiode	1
3770.962	0.5	3770962	trained	32752	15	memtrain/o_195_1.jpg	photodiode	1
3771.704	0.5	3771704	untrained	32687	80	memtrain/o_613_1.jpg	photodiode	1
3772.463	0.5	3772463	catch	32671	n/a	catch_padded.jpg	photodiode	0
3772.8	0.0	3772800	response	6	n/a	n/a	trigger	0
3774.515	0.5	3774515	trained	32753	14	memtrain/o_174_1.jpg	photodiode	1
3775.407	0.5	3775407	trained	32734	33	memtrain/o_536_1.jpg	photodiode	1
3776.308	0.5	3776308	untrained	32710	57	memtrain/o_171_1.jpg	photodiode	1
3777.059	0.5	3777059	untrained	32717	50	memtrain/o_057_2.jpg	photodiode	1
3777.909	0.5	3777909	untrained	32694	73	memtrain/o_519_2.jpg	photodiode	1
3778.71	0.5	3778710	catch	32671	n/a	catch_padded.jpg	photodiode	0
3779.05	0.0	3779050	response	6	n/a	n/a	trigger	0
3780.662	0.5	3780662	untrained	32677	90	memtrain/o_580_1.jpg	photodiode	1
3781.612	0.5	3781612	untrained	32689	78	memtrain/o_599_1.jpg	photodiode	1
3782.463	0.5	3782463	untrained	32680	87	memtrain/o_365_1.jpg	photodiode	1
3783.264	0.5	3783264	trained	32722	45	memtrain/so_090_2.jpg	photodiode	1
3784.165	0.5	3784165	catch	32671	n/a	catch_padded.jpg	photodiode	0
3784.893	0.0	3784893	response	6	n/a	n/a	trigger	0
3786.166	0.5	3786166	trained	32751	16	memtrain/o_199_2.jpg	photodiode	1
3787.117	0.5	3787117	trained	32761	6	memtrain/o_076_1.jpg	photodiode	1
3787.968	0.5	3787968	untrained	32674	93	memtrain/so_035_1.jpg	photodiode	1
3788.919	0.5	3788919	catch	32671	n/a	catch_padded.jpg	photodiode	0
3789.352	0.0	3789352	response	6	n/a	n/a	trigger	0
3790.87	0.5	3790870	trained	32741	26	memtrain/o_376_1.jpg	photodiode	1
3791.771	0.5	3791771	untrained	32681	86	memtrain/o_288_1.jpg	photodiode	1
3792.722	0.5	3792722	untrained	32691	76	memtrain/o_570_1.jpg	photodiode	1
3793.472	0.5	3793472	untrained	32690	77	memtrain/o_574_2.jpg	photodiode	1
3794.373	0.5	3794373	trained	32746	21	memtrain/o_319_1.jpg	photodiode	1
3795.274	0.5	3795274	catch	32671	n/a	catch_padded.jpg	photodiode	0
3795.596	0.0	3795596	response	6	n/a	n/a	trigger	0
3797.226	0.5	3797226	trained	32765	2	memtrain/o_035_1.jpg	photodiode	1
3798.026	0.5	3798026	trained	32736	31	memtrain/o_465_2.jpg	photodiode	1
3798.919	0.5	3798919	untrained	32697	70	memtrain/o_471_2.jpg	photodiode	1
3799.819	0.5	3799819	untrained	32684	83	memtrain/so_105_1.jpg	photodiode	1
3800.67	0.5	3800670	trained	32720	47	memtrain/so_147_2.jpg	photodiode	1
3801.629	0.5	3801629	catch	32671	n/a	catch_padded.jpg	photodiode	0
3801.929	0.0	3801929	response	6	n/a	n/a	trigger	0
3803.673	0.5	3803673	trained	32730	37	memtrain/o_597_1.jpg	photodiode	1
3804.482	0.5	3804482	trained	32747	20	memtrain/o_290_1.jpg	photodiode	1
3805.424	0.5	3805424	trained	32737	30	memtrain/o_437_2.jpg	photodiode	1
3806.225	0.5	3806225	trained	32767	0	memtrain/o_006_1.jpg	photodiode	1
3807.025	0.5	3807025	catch	32671	n/a	catch_padded.jpg	photodiode	0
3807.312	0.0	3807312	response	6	n/a	n/a	trigger	0
3808.927	0.5	3808927	untrained	32693	74	memtrain/o_550_1.jpg	photodiode	1
3809.728	0.5	3809728	untrained	32703	64	memtrain/o_334_2.jpg	photodiode	1
3810.478	0.5	3810478	trained	32739	28	memtrain/o_397_1.jpg	photodiode	1
3811.288	0.5	3811288	catch	32671	n/a	catch_padded.jpg	photodiode	0
3811.741	0.0	3811741	response	6	n/a	n/a	trigger	0
3813.281	0.5	3813281	untrained	32713	54	memtrain/o_145_1.jpg	photodiode	1
3814.232	0.5	3814232	trained	32742	25	memtrain/o_358_2.jpg	photodiode	1
3814.982	0.5	3814982	trained	32732	35	memtrain/o_561_2.jpg	photodiode	1
3815.833	0.5	3815833	catch	32671	n/a	catch_padded.jpg	photodiode	0
3816.222	0.0	3816222	response	6	n/a	n/a	trigger	0
3817.935	0.5	3817935	trained	32749	18	memtrain/o_264_2.jpg	photodiode	1
3818.885	0.5	3818885	trained	32766	1	memtrain/o_015_1.jpg	photodiode	1
3819.836	0.5	3819836	trained	32727	40	memtrain/o_648_2.jpg	photodiode	1
3820.637	0.5	3820637	untrained	32706	61	memtrain/o_298_2.jpg	photodiode	1
3821.388	0.5	3821388	catch	32671	n/a	catch_padded.jpg	photodiode	0
3821.687	0.0	3821687	response	6	n/a	n/a	trigger	0
3823.289	0.5	3823289	untrained	32698	69	memtrain/o_464_2.jpg	photodiode	1
3824.09	0.5	3824090	trained	32743	24	memtrain/o_357_1.jpg	photodiode	1
3824.841	0.5	3824841	untrained	32686	81	memtrain/o_655_2.jpg	photodiode	1
3825.641	0.5	3825641	catch	32671	n/a	catch_padded.jpg	photodiode	0
3826.018	0.0	3826018	response	6	n/a	n/a	trigger	0
3827.743	0.5	3827743	trained	32733	34	memtrain/o_558_2.jpg	photodiode	1
3828.485	0.5	3828485	untrained	32701	66	memtrain/o_342_2.jpg	photodiode	1
3829.344	0.5	3829344	untrained	32676	91	memtrain/o_605_1.jpg	photodiode	1
3830.195	0.5	3830195	trained	32723	44	memtrain/so_045_1.jpg	photodiode	1
3831.088	0.5	3831088	untrained	32682	85	memtrain/o_218_1.jpg	photodiode	1
3831.888	0.5	3831888	catch	32671	n/a	catch_padded.jpg	photodiode	0
3832.125	0.0	3832125	response	6	n/a	n/a	trigger	0
3833.94	0.5	3833940	trained	32754	13	memtrain/o_136_1.jpg	photodiode	1
3834.741	0.5	3834741	trained	32745	22	memtrain/o_321_1.jpg	photodiode	1
3835.591	0.5	3835591	untrained	32713	54	memtrain/o_145_1.jpg	photodiode	1
3836.542	0.5	3836542	untrained	32689	78	memtrain/o_599_1.jpg	photodiode	1
3837.293	0.5	3837293	trained	32745	22	memtrain/o_321_1.jpg	photodiode	1
3838.144	0.5	3838144	catch	32671	n/a	catch_padded.jpg	photodiode	0
3838.386	0.0	3838386	response	6	n/a	n/a	trigger	0
3840.195	0.5	3840195	untrained	32673	94	memtrain/so_067_1.jpg	photodiode	1
3841.046	0.5	3841046	untrained	32700	67	memtrain/o_378_1.jpg	photodiode	1
3841.997	0.5	3841997	trained	32740	27	memtrain/o_379_2.jpg	photodiode	1
3842.748	0.5	3842748	catch	32671	n/a	catch_padded.jpg	photodiode	0
3843.142	0.0	3843142	response	6	n/a	n/a	trigger	0
3844.849	0.5	3844849	untrained	32675	92	memtrain/so_033_1.jpg	photodiode	1
3845.7	0.5	3845700	trained	32760	7	memtrain/o_091_2.jpg	photodiode	1
3846.551	0.5	3846551	untrained	32718	49	memtrain/o_054_2.jpg	photodiode	1
3847.452	0.5	3847452	trained	32767	0	memtrain/o_006_1.jpg	photodiode	1
3848.202	0.5	3848202	catch	32671	n/a	catch_padded.jpg	photodiode	0
3848.438	0.0	3848438	response	6	n/a	n/a	trigger	0
3850.304	0.5	3850304	trained	32744	23	memtrain/o_338_2.jpg	photodiode	1
3851.155	0.5	3851155	untrained	32702	65	memtrain/o_337_2.jpg	photodiode	1
3851.905	0.5	3851905	untrained	32694	73	memtrain/o_519_2.jpg	photodiode	1
3852.656	0.5	3852656	catch	32671	n/a	catch_padded.jpg	photodiode	0
3853.117	0.0	3853117	response	6	n/a	n/a	trigger	0
3854.608	0.5	3854608	trained	32748	19	memtrain/o_284_2.jpg	photodiode	1
3855.358	0.5	3855358	untrained	32698	69	memtrain/o_464_2.jpg	photodiode	1
3856.109	0.5	3856109	trained	32723	44	memtrain/so_045_1.jpg	photodiode	1
3857.06	0.5	3857060	trained	32727	40	memtrain/o_648_2.jpg	photodiode	1
3857.81	0.5	3857810	catch	32671	n/a	catch_padded.jpg	photodiode	0
3858.095	0.0	3858095	response	6	n/a	n/a	trigger	0
3859.862	0.5	3859862	trained	32749	18	memtrain/o_264_2.jpg	photodiode	1
3860.704	0.5	3860704	trained	32725	42	memtrain/so_034_2.jpg	photodiode	1
3861.605	0.5	3861605	trained	32738	29	memtrain/o_416_1.jpg	photodiode	1
3862.556	0.5	3862556	catch	32671	n/a	catch_padded.jpg	photodiode	0
3862.933	0.0	3862933	response	6	n/a	n/a	trigger	0
3864.558	0.5	3864558	untrained	32682	85	memtrain/o_218_1.jpg	photodiode	1
3865.358	0.5	3865358	trained	32747	20	memtrain/o_290_1.jpg	photodiode	1
3866.259	0.5	3866259	trained	32721	46	memtrain/so_113_1.jpg	photodiode	1
3867.11	0.5	3867110	untrained	32717	50	memtrain/o_057_2.jpg	photodiode	1
3867.86	0.5	3867860	catch	32671	n/a	catch_padded.jpg	photodiode	0
3868.155	0.0	3868155	response	6	n/a	n/a	trigger	0
3869.862	0.5	3869862	trained	32741	26	memtrain/o_376_1.jpg	photodiode	1
3870.813	0.5	3870813	untrained	32714	53	memtrain/o_142_2.jpg	photodiode	1
3871.664	0.5	3871664	untrained	32707	60	memtrain/o_228_2.jpg	photodiode	1
3872.564	0.5	3872564	trained	32761	6	memtrain/o_076_1.jpg	photodiode	1
3873.515	0.5	3873515	catch	32671	n/a	catch_padded.jpg	photodiode	0
3873.851	0.0	3873851	response	6	n/a	n/a	trigger	0
3875.617	0.5	3875617	trained	32739	28	memtrain/o_397_1.jpg	photodiode	1
3876.468	0.5	3876468	untrained	32708	59	memtrain/o_201_2.jpg	photodiode	1
3877.218	0.5	3877218	untrained	32697	70	memtrain/o_471_2.jpg	photodiode	1
3877.969	0.5	3877969	catch	32671	n/a	catch_padded.jpg	photodiode	0
3878.418	0.0	3878418	response	6	n/a	n/a	trigger	0
3879.87	0.5	3879870	trained	32755	12	memtrain/o_127_2.jpg	photodiode	1
3880.771	0.5	3880771	untrained	32704	63	memtrain/o_310_2.jpg	photodiode	1
3881.722	0.5	3881722	untrained	32681	86	memtrain/o_288_1.jpg	photodiode	1
3882.673	0.5	3882673	trained	32757	10	memtrain/o_111_2.jpg	photodiode	1
3883.524	0.5	3883524	catch	32671	n/a	catch_padded.jpg	photodiode	0
3883.865	0.0	3883865	response	6	n/a	n/a	trigger	0
3885.425	0.5	3885425	untrained	32678	89	memtrain/o_469_1.jpg	photodiode	1
3886.326	0.5	3886326	untrained	32683	84	memtrain/so_117_2.jpg	photodiode	1
3887.227	0.5	3887227	untrained	32690	77	memtrain/o_574_2.jpg	photodiode	1
3888.027	0.5	3888027	untrained	32680	87	memtrain/o_365_1.jpg	photodiode	1
3888.77	0.5	3888770	untrained	32691	76	memtrain/o_570_1.jpg	photodiode	1
3889.671	0.5	3889671	catch	32671	n/a	catch_padded.jpg	photodiode	0
3889.919	0.0	3889919	response	6	n/a	n/a	trigger	0
3891.58	0.5	3891580	trained	32742	25	memtrain/o_358_2.jpg	photodiode	1
3892.523	0.5	3892523	trained	32720	47	memtrain/so_147_2.jpg	photodiode	1
3893.374	0.5	3893374	trained	32730	37	memtrain/o_597_1.jpg	photodiode	1
3894.325	0.5	3894325	untrained	32674	93	memtrain/so_035_1.jpg	photodiode	1
3895.175	0.5	3895175	catch	32671	n/a	catch_padded.jpg	photodiode	0
3895.523	0.0	3895523	response	6	n/a	n/a	trigger	0
3897.177	0.5	3897177	trained	32724	43	memtrain/so_043_2.jpg	photodiode	1
3897.978	0.5	3897978	untrained	32677	90	memtrain/o_580_1.jpg	photodiode	1
3898.828	0.5	3898828	untrained	32715	52	memtrain/o_141_1.jpg	photodiode	1
3899.779	0.5	3899779	trained	32762	5	memtrain/o_067_1.jpg	photodiode	1
3900.63	0.5	3900630	catch	32671	n/a	catch_padded.jpg	photodiode	0
3901.145	0.0	3901145	response	6	n/a	n/a	trigger	0
3902.732	0.5	3902732	untrained	32679	88	memtrain/o_458_1.jpg	photodiode	1
3903.532	0.5	3903532	untrained	32712	55	memtrain/o_153_2.jpg	photodiode	1
3904.333	0.5	3904333	trained	32732	35	memtrain/o_561_2.jpg	photodiode	1
3905.234	0.5	3905234	catch	32671	n/a	catch_padded.jpg	photodiode	0
3905.672	0.0	3905672	response	6	n/a	n/a	trigger	0
3907.336	0.5	3907336	untrained	32701	66	memtrain/o_342_2.jpg	photodiode	1
3908.236	0.5	3908236	trained	32736	31	memtrain/o_465_2.jpg	photodiode	1
3909.187	0.5	3909187	untrained	32672	95	memtrain/so_125_1.jpg	photodiode	1
3910.088	0.5	3910088	untrained	32686	81	memtrain/o_655_2.jpg	photodiode	1
3910.889	0.5	3910889	untrained	32685	82	memtrain/o_656_1.jpg	photodiode	1
3911.789	0.5	3911789	catch	32671	n/a	catch_padded.jpg	photodiode	0
3912.022	0.0	3912022	response	6	n/a	n/a	trigger	0
3913.691	0.5	3913691	untrained	32705	62	memtrain/o_304_1.jpg	photodiode	1
3914.492	0.5	3914492	trained	32759	8	memtrain/o_094_1.jpg	photodiode	1
3915.392	0.5	3915392	trained	32766	1	memtrain/o_015_1.jpg	photodiode	1
3916.343	0.5	3916343	trained	32746	21	memtrain/o_319_1.jpg	photodiode	1
3917.094	0.5	3917094	untrained	32699	68	memtrain/o_393_1.jpg	photodiode	1
3917.995	0.5	3917995	catch	32671	n/a	catch_padded.jpg	photodiode	0
3918.359	0.0	3918359	response	6	n/a	n/a	trigger	0
3919.988	0.5	3919988	untrained	32706	61	memtrain/o_298_2.jpg	photodiode	1
3920.889	0.5	3920889	untrained	32692	75	memtrain/o_564_1.jpg	photodiode	1
3921.639	0.5	3921639	untrained	32695	72	memtrain/o_490_1.jpg	photodiode	1
3922.39	0.5	3922390	trained	32726	41	memtrain/o_663_2.jpg	photodiode	1
3923.241	0.5	3923241	untrained	32696	71	memtrain/o_483_1.jpg	photodiode	1
3924.091	0.5	3924091	catch	32671	n/a	catch_padded.jpg	photodiode	0
3924.33	0.0	3924330	response	6	n/a	n/a	trigger	0
3926.093	0.5	3926093	trained	32735	32	memtrain/o_485_2.jpg	photodiode	1
3926.894	0.5	3926894	trained	32752	15	memtrain/o_195_1.jpg	photodiode	1
3927.845	0.5	3927845	trained	32751	16	memtrain/o_199_2.jpg	photodiode	1
3928.595	0.5	3928595	trained	32753	14	memtrain/o_174_1.jpg	photodiode	1
3929.496	0.5	3929496	trained	32763	4	memtrain/o_042_1.jpg	photodiode	1
3930.297	0.5	3930297	catch	32671	n/a	catch_padded.jpg	photodiode	0
3930.679	0.0	3930679	response	6	n/a	n/a	trigger	0
3932.198	0.5	3932198	trained	32756	11	memtrain/o_117_2.jpg	photodiode	1
3932.949	0.5	3932949	trained	32764	3	memtrain/o_040_2.jpg	photodiode	1
3933.9	0.5	3933900	untrained	32709	58	memtrain/o_192_1.jpg	photodiode	1
3934.75	0.5	3934750	trained	32737	30	memtrain/o_437_2.jpg	photodiode	1
3935.651	0.5	3935651	trained	32743	24	memtrain/o_357_1.jpg	photodiode	1
3936.602	0.5	3936602	catch	32671	n/a	catch_padded.jpg	photodiode	0
3936.808	0.0	3936808	response	6	n/a	n/a	trigger	0
3938.504	0.5	3938504	trained	32750	17	memtrain/o_232_1.jpg	photodiode	1
3939.304	0.5	3939304	untrained	32719	48	memtrain/o_019_2.jpg	photodiode	1
3940.205	0.5	3940205	trained	32728	39	memtrain/o_606_1.jpg	photodiode	1
3941.006	0.5	3941006	trained	32722	45	memtrain/so_090_2.jpg	photodiode	1
3941.906	0.5	3941906	catch	32671	n/a	catch_padded.jpg	photodiode	0
3942.312	0.0	3942312	response	6	n/a	n/a	trigger	0
3944.008	0.5	3944008	untrained	32688	79	memtrain/o_600_1.jpg	photodiode	1
3944.809	0.5	3944809	untrained	32703	64	memtrain/o_334_2.jpg	photodiode	1
3945.71	0.5	3945710	untrained	32676	91	memtrain/o_605_1.jpg	photodiode	1
3946.61	0.5	3946610	catch	32671	n/a	catch_padded.jpg	photodiode	0
3947.004	0.0	3947004	response	6	n/a	n/a	trigger	0
3948.662	0.5	3948662	untrained	32710	57	memtrain/o_171_1.jpg	photodiode	1
3949.455	0.5	3949455	untrained	32693	74	memtrain/o_550_1.jpg	photodiode	1
3950.205	0.5	3950205	trained	32731	36	memtrain/o_583_1.jpg	photodiode	1
3950.956	0.5	3950956	catch	32671	n/a	catch_padded.jpg	photodiode	0
3951.422	0.0	3951422	response	6	n/a	n/a	trigger	0
3953.058	0.5	3953058	untrained	32684	83	memtrain/so_105_1.jpg	photodiode	1
3953.808	0.5	3953808	untrained	32687	80	memtrain/o_613_1.jpg	photodiode	1
3954.609	0.5	3954609	untrained	32711	56	memtrain/o_163_2.jpg	photodiode	1
3955.36	0.5	3955360	catch	32671	n/a	catch_padded.jpg	photodiode	0
3955.677	0.0	3955677	response	6	n/a	n/a	trigger	0
3957.311	0.5	3957311	trained	32765	2	memtrain/o_035_1.jpg	photodiode	1
3958.112	0.5	3958112	trained	32733	34	memtrain/o_558_2.jpg	photodiode	1
3959.063	0.5	3959063	trained	32729	38	memtrain/o_603_1.jpg	photodiode	1
3959.813	0.5	3959813	catch	32671	n/a	catch_padded.jpg	photodiode	0
3960.356	0.0	3960356	response	6	n/a	n/a	trigger	0
3961.715	0.5	3961715	trained	32754	13	memtrain/o_136_1.jpg	photodiode	1
3962.566	0.5	3962566	trained	32758	9	memtrain/o_101_2.jpg	photodiode	1
3963.517	0.5	3963517	trained	32734	33	memtrain/o_536_1.jpg	photodiode	1
3964.317	0.5	3964317	untrained	32716	51	memtrain/o_103_2.jpg	photodiode	1
3965.068	0.5	3965068	catch	32671	n/a	catch_padded.jpg	photodiode	0
3965.364	0.0	3965364	response	6	n/a	n/a	trigger	0
3967.542	0.0	3967542	block_end	120	n/a	n/a	trigger	0
4030.863	0.0	4030863	response	7	n/a	n/a	trigger	0
4030.87	0.0	4030870	block_onset	111	n/a	n/a	trigger	0
4032.917	0.5	4032917	untrained	32718	49	memtrain/o_054_2.jpg	photodiode	1
4033.776	0.5	4033776	trained	32743	24	memtrain/o_357_1.jpg	photodiode	1
4034.527	0.5	4034527	untrained	32693	74	memtrain/o_550_1.jpg	photodiode	1
4035.327	0.5	4035327	catch	32671	n/a	catch_padded.jpg	photodiode	0
4036.934	0.0	4036934	response	6	n/a	n/a	trigger	0
4037.229	0.5	4037229	untrained	32680	87	memtrain/o_365_1.jpg	photodiode	1
4037.98	0.5	4037980	untrained	32684	83	memtrain/so_105_1.jpg	photodiode	1
4038.88	0.5	4038880	untrained	32713	54	memtrain/o_145_1.jpg	photodiode	1
4039.673	0.5	4039673	untrained	32678	89	memtrain/o_469_1.jpg	photodiode	1
4040.623	0.5	4040623	trained	32730	37	memtrain/o_597_1.jpg	photodiode	1
4041.483	0.5	4041483	catch	32671	n/a	catch_padded.jpg	photodiode	0
4041.796	0.0	4041796	response	6	n/a	n/a	trigger	0
4043.426	0.5	4043426	trained	32759	8	memtrain/o_094_1.jpg	photodiode	1
4044.226	0.5	4044226	untrained	32681	86	memtrain/o_288_1.jpg	photodiode	1
4045.177	0.5	4045177	trained	32723	44	memtrain/so_045_1.jpg	photodiode	1
4045.928	0.5	4045928	trained	32751	16	memtrain/o_199_2.jpg	photodiode	1
4046.779	0.5	4046779	untrained	32689	78	memtrain/o_599_1.jpg	photodiode	1
4047.629	0.5	4047629	catch	32671	n/a	catch_padded.jpg	photodiode	0
4047.853	0.0	4047853	response	6	n/a	n/a	trigger	0
4049.631	0.5	4049631	untrained	32688	79	memtrain/o_600_1.jpg	photodiode	1
4050.582	0.5	4050582	untrained	32711	56	memtrain/o_163_2.jpg	photodiode	1
4051.333	0.5	4051333	untrained	32698	69	memtrain/o_464_2.jpg	photodiode	1
4052.233	0.5	4052233	catch	32671	n/a	catch_padded.jpg	photodiode	0
4052.559	0.0	4052559	response	6	n/a	n/a	trigger	0
4054.235	0.5	4054235	trained	32767	0	memtrain/o_006_1.jpg	photodiode	1
4055.136	0.5	4055136	untrained	32694	73	memtrain/o_519_2.jpg	photodiode	1
4055.936	0.5	4055936	trained	32731	36	memtrain/o_583_1.jpg	photodiode	1
4056.696	0.5	4056696	untrained	32675	92	memtrain/so_033_1.jpg	photodiode	1
4057.588	0.5	4057588	catch	32671	n/a	catch_padded.jpg	photodiode	0
4057.879	0.0	4057879	response	6	n/a	n/a	trigger	0
4059.489	0.5	4059489	trained	32761	6	memtrain/o_076_1.jpg	photodiode	1
4060.44	0.5	4060440	trained	32724	43	memtrain/so_043_2.jpg	photodiode	1
4061.191	0.5	4061191	trained	32732	35	memtrain/o_561_2.jpg	photodiode	1
4062.042	0.5	4062042	untrained	32695	72	memtrain/o_490_1.jpg	photodiode	1
4062.892	0.5	4062892	untrained	32703	64	memtrain/o_334_2.jpg	photodiode	1
4063.793	0.5	4063793	catch	32671	n/a	catch_padded.jpg	photodiode	0
4064.097	0.0	4064097	response	6	n/a	n/a	trigger	0
4065.695	0.5	4065695	trained	32729	38	memtrain/o_603_1.jpg	photodiode	1
4066.445	0.5	4066445	untrained	32672	95	memtrain/so_125_1.jpg	photodiode	1
4067.346	0.5	4067346	trained	32738	29	memtrain/o_416_1.jpg	photodiode	1
4068.139	0.5	4068139	untrained	32702	65	memtrain/o_337_2.jpg	photodiode	1
4069.089	0.5	4069089	catch	32671	n/a	catch_padded.jpg	photodiode	0
4069.316	0.0	4069316	response	6	n/a	n/a	trigger	0
4071.149	0.5	4071149	untrained	32715	52	memtrain/o_141_1.jpg	photodiode	1
4071.892	0.5	4071892	trained	32764	3	memtrain/o_040_2.jpg	photodiode	1
4072.793	0.5	4072793	trained	32734	33	memtrain/o_536_1.jpg	photodiode	1
4073.543	0.5	4073543	trained	32758	9	memtrain/o_101_2.jpg	photodiode	1
4074.494	0.5	4074494	catch	32671	n/a	catch_padded.jpg	photodiode	0
4074.744	0.0	4074744	response	6	n/a	n/a	trigger	0
4076.596	0.5	4076596	trained	32721	46	memtrain/so_113_1.jpg	photodiode	1
4077.446	0.5	4077446	untrained	32707	60	memtrain/o_228_2.jpg	photodiode	1
4078.197	0.5	4078197	trained	32752	15	memtrain/o_195_1.jpg	photodiode	1
4079.048	0.5	4079048	catch	32671	n/a	catch_padded.jpg	photodiode	0
4079.307	0.0	4079307	response	6	n/a	n/a	trigger	0
4081.05	0.5	4081050	trained	32754	13	memtrain/o_136_1.jpg	photodiode	1
4081.85	0.5	4081850	untrained	32690	77	memtrain/o_574_2.jpg	photodiode	1
4082.751	0.5	4082751	untrained	32701	66	memtrain/o_342_2.jpg	photodiode	1
4083.702	0.5	4083702	trained	32749	18	memtrain/o_264_2.jpg	photodiode	1
4084.603	0.5	4084603	catch	32671	n/a	catch_padded.jpg	photodiode	0
4084.793	0.0	4084793	response	6	n/a	n/a	trigger	0
4086.704	0.5	4086704	untrained	32709	58	memtrain/o_192_1.jpg	photodiode	1
4087.605	0.5	4087605	trained	32735	32	memtrain/o_485_2.jpg	photodiode	1
4088.406	0.5	4088406	untrained	32673	94	memtrain/so_067_1.jpg	photodiode	1
4089.256	0.5	4089256	untrained	32705	62	memtrain/o_304_1.jpg	photodiode	1
4090.057	0.5	4090057	untrained	32691	76	memtrain/o_570_1.jpg	photodiode	1
4090.908	0.5	4090908	catch	32671	n/a	catch_padded.jpg	photodiode	0
4091.114	0.0	4091114	response	6	n/a	n/a	trigger	0
4092.809	0.5	4092809	trained	32727	40	memtrain/o_648_2.jpg	photodiode	1
4093.66	0.5	4093660	trained	32739	28	memtrain/o_397_1.jpg	photodiode	1
4094.402	0.5	4094402	trained	32728	39	memtrain/o_606_1.jpg	photodiode	1
4095.212	0.5	4095212	catch	32671	n/a	catch_padded.jpg	photodiode	0
4095.601	0.0	4095601	response	6	n/a	n/a	trigger	0
4097.163	0.5	4097163	untrained	32679	88	memtrain/o_458_1.jpg	photodiode	1
4098.055	0.5	4098055	untrained	32717	50	memtrain/o_057_2.jpg	photodiode	1
4098.806	0.5	4098806	untrained	32683	84	memtrain/so_117_2.jpg	photodiode	1
4099.607	0.5	4099607	catch	32671	n/a	catch_padded.jpg	photodiode	0
4099.916	0.0	4099916	response	6	n/a	n/a	trigger	0
4101.508	0.5	4101508	untrained	32677	90	memtrain/o_580_1.jpg	photodiode	1
4102.359	0.5	4102359	trained	32756	11	memtrain/o_117_2.jpg	photodiode	1
4103.11	0.5	4103110	untrained	32687	80	memtrain/o_613_1.jpg	photodiode	1
4103.96	0.5	4103960	catch	32671	n/a	catch_padded.jpg	photodiode	0
4104.292	0.0	4104292	response	6	n/a	n/a	trigger	0
4105.962	0.5	4105962	trained	32763	4	memtrain/o_042_1.jpg	photodiode	1
4106.813	0.5	4106813	untrained	32699	68	memtrain/o_393_1.jpg	photodiode	1
4107.714	0.5	4107714	untrained	32714	53	memtrain/o_142_2.jpg	photodiode	1
4108.514	0.5	4108514	catch	32671	n/a	catch_padded.jpg	photodiode	0
4108.822	0.0	4108822	response	6	n/a	n/a	trigger	0
4110.466	0.5	4110466	untrained	32712	55	memtrain/o_153_2.jpg	photodiode	1
4111.267	0.5	4111267	trained	32762	5	memtrain/o_067_1.jpg	photodiode	1
4112.067	0.5	4112067	trained	32747	20	memtrain/o_290_1.jpg	photodiode	1
4112.918	0.5	4112918	trained	32740	27	memtrain/o_379_2.jpg	photodiode	1
4113.869	0.5	4113869	catch	32671	n/a	catch_padded.jpg	photodiode	0
4114.126	0.0	4114126	response	6	n/a	n/a	trigger	0
4115.77	0.5	4115770	trained	32745	22	memtrain/o_321_1.jpg	photodiode	1
4116.571	0.5	4116571	trained	32765	2	memtrain/o_035_1.jpg	photodiode	1
4117.372	0.5	4117372	trained	32766	1	memtrain/o_015_1.jpg	photodiode	1
4118.223	0.5	4118223	catch	32671	n/a	catch_padded.jpg	photodiode	0
4118.509	0.0	4118509	response	6	n/a	n/a	trigger	0
4120.224	0.5	4120224	trained	32736	31	memtrain/o_465_2.jpg	photodiode	1
4120.975	0.5	4120975	trained	32725	42	memtrain/so_034_2.jpg	photodiode	1
4121.776	0.5	4121776	untrained	32697	70	memtrain/o_471_2.jpg	photodiode	1
4122.576	0.5	4122576	catch	32671	n/a	catch_padded.jpg	photodiode	0
4122.841	0.0	4122841	response	6	n/a	n/a	trigger	0
4124.578	0.5	4124578	trained	32753	14	memtrain/o_174_1.jpg	photodiode	1
4125.479	0.5	4125479	untrained	32685	82	memtrain/o_656_1.jpg	photodiode	1
4126.221	0.5	4126221	untrained	32676	91	memtrain/o_605_1.jpg	photodiode	1
4127.072	0.5	4127072	untrained	32696	71	memtrain/o_483_1.jpg	photodiode	1
4127.923	0.5	4127923	trained	32744	23	memtrain/o_338_2.jpg	photodiode	1
4128.823	0.5	4128823	catch	32671	n/a	catch_padded.jpg	photodiode	0
4129.025	0.0	4129025	response	6	n/a	n/a	trigger	0
4130.725	0.5	4130725	trained	32737	30	memtrain/o_437_2.jpg	photodiode	1
4131.676	0.5	4131676	trained	32757	10	memtrain/o_111_2.jpg	photodiode	1
4132.627	0.5	4132627	trained	32720	47	memtrain/so_147_2.jpg	photodiode	1
4133.377	0.5	4133377	catch	32671	n/a	catch_padded.jpg	photodiode	0
4133.769	0.0	4133769	response	6	n/a	n/a	trigger	0
4135.279	0.5	4135279	trained	32746	21	memtrain/o_319_1.jpg	photodiode	1
4136.23	0.5	4136230	untrained	32692	75	memtrain/o_564_1.jpg	photodiode	1
4136.98	0.5	4136980	trained	32733	34	memtrain/o_558_2.jpg	photodiode	1
4137.848	0.5	4137848	untrained	32700	67	memtrain/o_378_1.jpg	photodiode	1
4138.732	0.5	4138732	trained	32760	7	memtrain/o_091_2.jpg	photodiode	1
4139.532	0.5	4139532	catch	32671	n/a	catch_padded.jpg	photodiode	0
4139.761	0.0	4139761	response	6	n/a	n/a	trigger	0
4141.484	0.5	4141484	untrained	32719	48	memtrain/o_019_2.jpg	photodiode	1
4142.385	0.5	4142385	untrained	32706	61	memtrain/o_298_2.jpg	photodiode	1
4143.286	0.5	4143286	trained	32750	17	memtrain/o_232_1.jpg	photodiode	1
4144.086	0.5	4144086	catch	32671	n/a	catch_padded.jpg	photodiode	0
4144.403	0.0	4144403	response	6	n/a	n/a	trigger	0
4146.138	0.5	4146138	untrained	32716	51	memtrain/o_103_2.jpg	photodiode	1
4146.989	0.5	4146989	trained	32741	26	memtrain/o_376_1.jpg	photodiode	1
4147.739	0.5	4147739	untrained	32686	81	memtrain/o_655_2.jpg	photodiode	1
4148.49	0.5	4148490	untrained	32710	57	memtrain/o_171_1.jpg	photodiode	1
4149.441	0.5	4149441	untrained	32704	63	memtrain/o_310_2.jpg	photodiode	1
4150.342	0.5	4150342	catch	32671	n/a	catch_padded.jpg	photodiode	0
4150.558	0.0	4150558	response	6	n/a	n/a	trigger	0
4152.443	0.5	4152443	trained	32755	12	memtrain/o_127_2.jpg	photodiode	1
4153.344	0.5	4153344	trained	32726	41	memtrain/o_663_2.jpg	photodiode	1
4154.295	0.5	4154295	untrained	32708	59	memtrain/o_201_2.jpg	photodiode	1
4155.246	0.5	4155246	untrained	32682	85	memtrain/o_218_1.jpg	photodiode	1
4156.088	0.5	4156088	catch	32671	n/a	catch_padded.jpg	photodiode	0
4156.424	0.0	4156424	response	6	n/a	n/a	trigger	0
4158.14	0.5	4158140	trained	32722	45	memtrain/so_090_2.jpg	photodiode	1
4159.04	0.5	4159040	trained	32748	19	memtrain/o_284_2.jpg	photodiode	1
4159.991	0.5	4159991	untrained	32674	93	memtrain/so_035_1.jpg	photodiode	1
4160.942	0.5	4160942	catch	32671	n/a	catch_padded.jpg	photodiode	0
4161.237	0.0	4161237	response	6	n/a	n/a	trigger	0
4162.944	0.5	4162944	trained	32742	25	memtrain/o_358_2.jpg	photodiode	1
4163.845	0.5	4163845	untrained	32678	89	memtrain/o_469_1.jpg	photodiode	1
4164.645	0.5	4164645	untrained	32689	78	memtrain/o_599_1.jpg	photodiode	1
4165.496	0.5	4165496	untrained	32679	88	memtrain/o_458_1.jpg	photodiode	1
4166.397	0.5	4166397	untrained	32718	49	memtrain/o_054_2.jpg	photodiode	1
4167.197	0.5	4167197	catch	32671	n/a	catch_padded.jpg	photodiode	0
4167.523	0.0	4167523	response	6	n/a	n/a	trigger	0
4169.299	0.5	4169299	untrained	32715	52	memtrain/o_141_1.jpg	photodiode	1
4170.25	0.5	4170250	trained	32740	27	memtrain/o_379_2.jpg	photodiode	1
4171.001	0.5	4171001	trained	32741	26	memtrain/o_376_1.jpg	photodiode	1
4171.751	0.5	4171751	catch	32671	n/a	catch_padded.jpg	photodiode	0
4172.069	0.0	4172069	response	6	n/a	n/a	trigger	0
4173.703	0.5	4173703	trained	32731	36	memtrain/o_583_1.jpg	photodiode	1
4174.504	0.5	4174504	untrained	32686	81	memtrain/o_655_2.jpg	photodiode	1
4175.354	0.5	4175354	untrained	32688	79	memtrain/o_600_1.jpg	photodiode	1
4176.105	0.5	4176105	trained	32757	10	memtrain/o_111_2.jpg	photodiode	1
4176.956	0.5	4176956	catch	32671	n/a	catch_padded.jpg	photodiode	0
4177.258	0.0	4177258	response	6	n/a	n/a	trigger	0
4178.857	0.5	4178857	untrained	32709	58	memtrain/o_192_1.jpg	photodiode	1
4179.758	0.5	4179758	untrained	32704	63	memtrain/o_310_2.jpg	photodiode	1
4180.709	0.5	4180709	untrained	32697	70	memtrain/o_471_2.jpg	photodiode	1
4181.56	0.5	4181560	untrained	32711	56	memtrain/o_163_2.jpg	photodiode	1
4182.36	0.5	4182360	catch	32671	n/a	catch_padded.jpg	photodiode	0
4182.636	0.0	4182636	response	6	n/a	n/a	trigger	0
4184.312	0.5	4184312	untrained	32699	68	memtrain/o_393_1.jpg	photodiode	1
4185.154	0.5	4185154	trained	32763	4	memtrain/o_042_1.jpg	photodiode	1
4186.055	0.5	4186055	untrained	32672	95	memtrain/so_125_1.jpg	photodiode	1
4186.806	0.5	4186806	trained	32747	20	memtrain/o_290_1.jpg	photodiode	1
4187.707	0.5	4187707	catch	32671	n/a	catch_padded.jpg	photodiode	0
4187.966	0.0	4187966	response	6	n/a	n/a	trigger	0
4189.808	0.5	4189808	trained	32733	34	memtrain/o_558_2.jpg	photodiode	1
4190.759	0.5	4190759	untrained	32700	67	memtrain/o_378_1.jpg	photodiode	1
4191.66	0.5	4191660	untrained	32719	48	memtrain/o_019_2.jpg	photodiode	1
4192.561	0.5	4192561	untrained	32713	54	memtrain/o_145_1.jpg	photodiode	1
4193.361	0.5	4193361	trained	32754	13	memtrain/o_136_1.jpg	photodiode	1
4194.162	0.5	4194162	catch	32671	n/a	catch_padded.jpg	photodiode	0
4194.443	0.0	4194443	response	6	n/a	n/a	trigger	0
4196.264	0.5	4196264	untrained	32707	60	memtrain/o_228_2.jpg	photodiode	1
4197.165	0.5	4197165	trained	32732	35	memtrain/o_561_2.jpg	photodiode	1
4198.115	0.5	4198115	untrained	32714	53	memtrain/o_142_2.jpg	photodiode	1
4198.966	0.5	4198966	untrained	32692	75	memtrain/o_564_1.jpg	photodiode	1
4199.867	0.5	4199867	catch	32671	n/a	catch_padded.jpg	photodiode	0
4200.177	0.0	4200177	response	6	n/a	n/a	trigger	0
4201.819	0.5	4201819	untrained	32702	65	memtrain/o_337_2.jpg	photodiode	1
4202.669	0.5	4202669	untrained	32698	69	memtrain/o_464_2.jpg	photodiode	1
4203.57	0.5	4203570	trained	32730	37	memtrain/o_597_1.jpg	photodiode	1
4204.521	0.5	4204521	untrained	32674	93	memtrain/so_035_1.jpg	photodiode	1
4205.472	0.5	4205472	untrained	32682	85	memtrain/o_218_1.jpg	photodiode	1
4206.372	0.5	4206372	catch	32671	n/a	catch_padded.jpg	photodiode	0
4206.774	0.0	4206774	response	6	n/a	n/a	trigger	0
4208.374	0.5	4208374	trained	32734	33	memtrain/o_536_1.jpg	photodiode	1
4209.325	0.5	4209325	trained	32738	29	memtrain/o_416_1.jpg	photodiode	1
4210.076	0.5	4210076	trained	32737	30	memtrain/o_437_2.jpg	photodiode	1
4210.926	0.5	4210926	trained	32722	45	memtrain/so_090_2.jpg	photodiode	1
4211.677	0.5	4211677	catch	32671	n/a	catch_padded.jpg	photodiode	0
4211.949	0.0	4211949	response	6	n/a	n/a	trigger	0
4213.729	0.5	4213729	untrained	32691	76	memtrain/o_570_1.jpg	photodiode	1
4214.679	0.5	4214679	trained	32762	5	memtrain/o_067_1.jpg	photodiode	1
4215.522	0.5	4215522	untrained	32677	90	memtrain/o_580_1.jpg	photodiode	1
4216.372	0.5	4216372	trained	32723	44	memtrain/so_045_1.jpg	photodiode	1
4217.323	0.5	4217323	catch	32671	n/a	catch_padded.jpg	photodiode	0
4217.773	0.0	4217773	response	6	n/a	n/a	trigger	0
4219.225	0.5	4219225	trained	32746	21	memtrain/o_319_1.jpg	photodiode	1
4220.076	0.5	4220076	untrained	32676	91	memtrain/o_605_1.jpg	photodiode	1
4220.976	0.5	4220976	untrained	32708	59	memtrain/o_201_2.jpg	photodiode	1
4221.877	0.5	4221877	catch	32671	n/a	catch_padded.jpg	photodiode	0
4222.256	0.0	4222256	response	6	n/a	n/a	trigger	0
4223.979	0.5	4223979	untrained	32701	66	memtrain/o_342_2.jpg	photodiode	1
4224.93	0.5	4224930	trained	32758	9	memtrain/o_101_2.jpg	photodiode	1
4225.68	0.5	4225680	untrained	32710	57	memtrain/o_171_1.jpg	photodiode	1
4226.431	0.5	4226431	trained	32724	43	memtrain/so_043_2.jpg	photodiode	1
4227.232	0.5	4227232	untrained	32675	92	memtrain/so_033_1.jpg	photodiode	1
4228.082	0.5	4228082	catch	32671	n/a	catch_padded.jpg	photodiode	0
4228.279	0.0	4228279	response	6	n/a	n/a	trigger	0
4230.084	0.5	4230084	trained	32751	16	memtrain/o_199_2.jpg	photodiode	1
4230.835	0.5	4230835	untrained	32706	61	memtrain/o_298_2.jpg	photodiode	1
4231.635	0.5	4231635	trained	32749	18	memtrain/o_264_2.jpg	photodiode	1
4232.586	0.5	4232586	untrained	32696	71	memtrain/o_483_1.jpg	photodiode	1
4233.487	0.5	4233487	catch	32671	n/a	catch_padded.jpg	photodiode	0
4233.838	0.0	4233838	response	6	n/a	n/a	trigger	0
4235.539	0.5	4235539	untrained	32687	80	memtrain/o_613_1.jpg	photodiode	1
4236.289	0.5	4236289	untrained	32690	77	memtrain/o_574_2.jpg	photodiode	1
4237.19	0.5	4237190	trained	32739	28	memtrain/o_397_1.jpg	photodiode	1
4238.091	0.5	4238091	catch	32671	n/a	catch_padded.jpg	photodiode	0
4238.564	0.0	4238564	response	6	n/a	n/a	trigger	0
4240.042	0.5	4240042	trained	32743	24	memtrain/o_357_1.jpg	photodiode	1
4240.993	0.5	4240993	untrained	32712	55	memtrain/o_153_2.jpg	photodiode	1
4241.744	0.5	4241744	trained	32760	7	memtrain/o_091_2.jpg	photodiode	1
4242.595	0.5	4242595	trained	32752	15	memtrain/o_195_1.jpg	photodiode	1
4243.387	0.5	4243387	catch	32671	n/a	catch_padded.jpg	photodiode	0
4243.724	0.0	4243724	response	6	n/a	n/a	trigger	0
4245.489	0.5	4245489	trained	32755	12	memtrain/o_127_2.jpg	photodiode	1
4246.448	0.5	4246448	untrained	32694	73	memtrain/o_519_2.jpg	photodiode	1
4247.24	0.5	4247240	trained	32721	46	memtrain/so_113_1.jpg	photodiode	1
4248.041	0.5	4248041	trained	32725	42	memtrain/so_034_2.jpg	photodiode	1
4248.792	0.5	4248792	trained	32729	38	memtrain/o_603_1.jpg	photodiode	1
4249.743	0.5	4249743	catch	32671	n/a	catch_padded.jpg	photodiode	0
4249.955	0.0	4249955	response	6	n/a	n/a	trigger	0
4251.844	0.5	4251844	trained	32720	47	memtrain/so_147_2.jpg	photodiode	1
4252.795	0.5	4252795	trained	32726	41	memtrain/o_663_2.jpg	photodiode	1
4253.646	0.5	4253646	untrained	32685	82	memtrain/o_656_1.jpg	photodiode	1
4254.396	0.5	4254396	trained	32744	23	memtrain/o_338_2.jpg	photodiode	1
4255.347	0.5	4255347	trained	32745	22	memtrain/o_321_1.jpg	photodiode	1
4256.148	0.5	4256148	catch	32671	n/a	catch_padded.jpg	photodiode	0
4256.356	0.0	4256356	response	6	n/a	n/a	trigger	0
4258.1	0.5	4258100	trained	32759	8	memtrain/o_094_1.jpg	photodiode	1
4259.05	0.5	4259050	trained	32767	0	memtrain/o_006_1.jpg	photodiode	1
4260.001	0.5	4260001	untrained	32680	87	memtrain/o_365_1.jpg	photodiode	1
4260.802	0.5	4260802	trained	32728	39	memtrain/o_606_1.jpg	photodiode	1
4261.753	0.5	4261753	trained	32750	17	memtrain/o_232_1.jpg	photodiode	1
4262.503	0.5	4262503	catch	32671	n/a	catch_padded.jpg	photodiode	0
4262.727	0.0	4262727	response	6	n/a	n/a	trigger	0
4264.505	0.5	4264505	untrained	32693	74	memtrain/o_550_1.jpg	photodiode	1
4265.406	0.5	4265406	untrained	32683	84	memtrain/so_117_2.jpg	photodiode	1
4266.156	0.5	4266156	trained	32753	14	memtrain/o_174_1.jpg	photodiode	1
4267.107	0.5	4267107	untrained	32673	94	memtrain/so_067_1.jpg	photodiode	1
4267.908	0.5	4267908	trained	32735	32	memtrain/o_485_2.jpg	photodiode	1
4268.659	0.5	4268659	catch	32671	n/a	catch_padded.jpg	photodiode	0
4268.87	0.0	4268870	response	6	n/a	n/a	trigger	0
4270.71	0.5	4270710	trained	32766	1	memtrain/o_015_1.jpg	photodiode	1
4271.511	0.5	4271511	trained	32748	19	memtrain/o_284_2.jpg	photodiode	1
4272.303	0.5	4272303	untrained	32716	51	memtrain/o_103_2.jpg	photodiode	1
4273.062	0.5	4273062	untrained	32717	50	memtrain/o_057_2.jpg	photodiode	1
4273.905	0.5	4273905	catch	32671	n/a	catch_padded.jpg	photodiode	0
4274.23	0.0	4274230	response	6	n/a	n/a	trigger	0
4275.906	0.5	4275906	trained	32756	11	memtrain/o_117_2.jpg	photodiode	1
4276.807	0.5	4276807	trained	32736	31	memtrain/o_465_2.jpg	photodiode	1
4277.758	0.5	4277758	trained	32765	2	memtrain/o_035_1.jpg	photodiode	1
4278.659	0.5	4278659	catch	32671	n/a	catch_padded.jpg	photodiode	0
4279.037	0.0	4279037	response	6	n/a	n/a	trigger	0
4280.71	0.5	4280710	untrained	32684	83	memtrain/so_105_1.jpg	photodiode	1
4281.461	0.5	4281461	trained	32764	3	memtrain/o_040_2.jpg	photodiode	1
4282.412	0.5	4282412	untrained	32695	72	memtrain/o_490_1.jpg	photodiode	1
4283.212	0.5	4283212	trained	32727	40	memtrain/o_648_2.jpg	photodiode	1
4283.963	0.5	4283963	catch	32671	n/a	catch_padded.jpg	photodiode	0
4284.311	0.0	4284311	response	6	n/a	n/a	trigger	0
4285.915	0.5	4285915	trained	32761	6	memtrain/o_076_1.jpg	photodiode	1
4286.715	0.5	4286715	trained	32742	25	memtrain/o_358_2.jpg	photodiode	1
4287.566	0.5	4287566	untrained	32703	64	memtrain/o_334_2.jpg	photodiode	1
4288.367	0.5	4288367	untrained	32705	62	memtrain/o_304_1.jpg	photodiode	1
4289.267	0.5	4289267	untrained	32681	86	memtrain/o_288_1.jpg	photodiode	1
4290.218	0.5	4290218	catch	32671	n/a	catch_padded.jpg	photodiode	0
4290.485	0.0	4290485	response	6	n/a	n/a	trigger	0
4292.692	0.0	4292692	block_end	120	n/a	n/a	trigger	0
4400.746	0.0	4400746	response	6	n/a	n/a	trigger	0
4400.75	0.0	4400750	block_onset	112	n/a	n/a	trigger	0
4402.797	0.5	4402797	trained	32753	14	memtrain/o_174_1.jpg	photodiode	1
4403.756	0.5	4403756	untrained	32698	69	memtrain/o_464_2.jpg	photodiode	1
4404.507	0.5	4404507	untrained	32712	55	memtrain/o_153_2.jpg	photodiode	1
4405.258	0.5	4405258	untrained	32677	90	memtrain/o_580_1.jpg	photodiode	1
4406.15	0.5	4406150	catch	32671	n/a	catch_padded.jpg	photodiode	0
4406.528	0.0	4406528	response	6	n/a	n/a	trigger	0
4408.152	0.5	4408152	trained	32728	39	memtrain/o_606_1.jpg	photodiode	1
4409.002	0.5	4409002	trained	32749	18	memtrain/o_264_2.jpg	photodiode	1
4409.803	0.5	4409803	trained	32755	12	memtrain/o_127_2.jpg	photodiode	1
4410.754	0.5	4410754	catch	32671	n/a	catch_padded.jpg	photodiode	0
4411.116	0.0	4411116	response	6	n/a	n/a	trigger	0
4412.806	0.5	4412806	untrained	32676	91	memtrain/o_605_1.jpg	photodiode	1
4413.756	0.5	4413756	untrained	32706	61	memtrain/o_298_2.jpg	photodiode	1
4414.557	0.5	4414557	trained	32723	44	memtrain/so_045_1.jpg	photodiode	1
4415.358	0.5	4415358	untrained	32716	51	memtrain/o_103_2.jpg	photodiode	1
4416.158	0.5	4416158	trained	32765	2	memtrain/o_035_1.jpg	photodiode	1
4416.909	0.5	4416909	catch	32671	n/a	catch_padded.jpg	photodiode	0
4417.199	0.0	4417199	response	6	n/a	n/a	trigger	0
4418.911	0.5	4418911	trained	32747	20	memtrain/o_290_1.jpg	photodiode	1
4419.711	0.5	4419711	untrained	32714	53	memtrain/o_142_2.jpg	photodiode	1
4420.612	0.5	4420612	untrained	32681	86	memtrain/o_288_1.jpg	photodiode	1
4421.513	0.5	4421513	untrained	32692	75	memtrain/o_564_1.jpg	photodiode	1
4422.264	0.5	4422264	catch	32671	n/a	catch_padded.jpg	photodiode	0
4422.574	0.0	4422574	response	6	n/a	n/a	trigger	0
4424.365	0.5	4424365	untrained	32703	64	memtrain/o_334_2.jpg	photodiode	1
4425.116	0.5	4425116	untrained	32710	57	memtrain/o_171_1.jpg	photodiode	1
4426.017	0.5	4426017	untrained	32697	70	memtrain/o_471_2.jpg	photodiode	1
4426.817	0.5	4426817	catch	32671	n/a	catch_padded.jpg	photodiode	0
4427.135	0.0	4427135	response	6	n/a	n/a	trigger	0
4428.719	0.5	4428719	untrained	32682	85	memtrain/o_218_1.jpg	photodiode	1
4429.47	0.5	4429470	untrained	32684	83	memtrain/so_105_1.jpg	photodiode	1
4430.37	0.5	4430370	trained	32748	19	memtrain/o_284_2.jpg	photodiode	1
4431.221	0.5	4431221	catch	32671	n/a	catch_padded.jpg	photodiode	0
4431.587	0.0	4431587	response	6	n/a	n/a	trigger	0
4433.223	0.5	4433223	trained	32727	40	memtrain/o_648_2.jpg	photodiode	1
4433.974	0.5	4433974	untrained	32691	76	memtrain/o_570_1.jpg	photodiode	1
4434.724	0.5	4434724	trained	32757	10	memtrain/o_111_2.jpg	photodiode	1
4435.525	0.5	4435525	trained	32737	30	memtrain/o_437_2.jpg	photodiode	1
4436.426	0.5	4436426	catch	32671	n/a	catch_padded.jpg	photodiode	0
4436.749	0.0	4436749	response	6	n/a	n/a	trigger	0
4438.519	0.5	4438519	trained	32734	33	memtrain/o_536_1.jpg	photodiode	1
4439.42	0.5	4439420	untrained	32696	71	memtrain/o_483_1.jpg	photodiode	1
4440.271	0.5	4440271	trained	32743	24	memtrain/o_357_1.jpg	photodiode	1
4441.021	0.5	4441021	untrained	32701	66	memtrain/o_342_2.jpg	photodiode	1
4441.822	0.5	4441822	untrained	32709	58	memtrain/o_192_1.jpg	photodiode	1
4442.573	0.5	4442573	catch	32671	n/a	catch_padded.jpg	photodiode	0
4442.784	0.0	4442784	response	6	n/a	n/a	trigger	0
4444.524	0.5	4444524	untrained	32690	77	memtrain/o_574_2.jpg	photodiode	1
4445.425	0.5	4445425	untrained	32695	72	memtrain/o_490_1.jpg	photodiode	1
4446.176	0.5	4446176	trained	32739	28	memtrain/o_397_1.jpg	photodiode	1
4446.926	0.5	4446926	catch	32671	n/a	catch_padded.jpg	photodiode	0
4447.374	0.0	4447374	response	6	n/a	n/a	trigger	0
4448.878	0.5	4448878	trained	32762	5	memtrain/o_067_1.jpg	photodiode	1
4449.779	0.5	4449779	trained	32745	22	memtrain/o_321_1.jpg	photodiode	1
4450.529	0.5	4450529	untrained	32674	93	memtrain/so_035_1.jpg	photodiode	1
4451.48	0.5	4451480	trained	32758	9	memtrain/o_101_2.jpg	photodiode	1
4452.381	0.5	4452381	catch	32671	n/a	catch_padded.jpg	photodiode	0
4452.689	0.0	4452689	response	6	n/a	n/a	trigger	0
4454.483	0.5	4454483	untrained	32687	80	memtrain/o_613_1.jpg	photodiode	1
4455.383	0.5	4455383	untrained	32717	50	memtrain/o_057_2.jpg	photodiode	1
4456.184	0.5	4456184	untrained	32707	60	memtrain/o_228_2.jpg	photodiode	1
4457.035	0.5	4457035	untrained	32718	49	memtrain/o_054_2.jpg	photodiode	1
4457.986	0.5	4457986	catch	32671	n/a	catch_padded.jpg	photodiode	0
4458.22	0.0	4458220	response	6	n/a	n/a	trigger	0
4459.987	0.5	4459987	untrained	32689	78	memtrain/o_599_1.jpg	photodiode	1
4460.938	0.5	4460938	trained	32744	23	memtrain/o_338_2.jpg	photodiode	1
4461.839	0.5	4461839	trained	32738	29	memtrain/o_416_1.jpg	photodiode	1
4462.69	0.5	4462690	catch	32671	n/a	catch_padded.jpg	photodiode	0
4462.974	0.0	4462974	response	6	n/a	n/a	trigger	0
4464.641	0.5	4464641	untrained	32675	92	memtrain/so_033_1.jpg	photodiode	1
4465.392	0.5	4465392	trained	32763	4	memtrain/o_042_1.jpg	photodiode	1
4466.284	0.5	4466284	trained	32766	1	memtrain/o_015_1.jpg	photodiode	1
4467.035	0.5	4467035	trained	32731	36	memtrain/o_583_1.jpg	photodiode	1
4467.886	0.5	4467886	trained	32761	6	memtrain/o_076_1.jpg	photodiode	1
4468.813	0.0	4468813	response	6	n/a	n/a	trigger	0
4468.836	0.5	4468836	catch	32671	n/a	catch_padded.jpg	photodiode	0
4470.938	0.5	4470938	trained	32730	37	memtrain/o_597_1.jpg	photodiode	1
4471.839	0.5	4471839	untrained	32683	84	memtrain/so_117_2.jpg	photodiode	1
4472.59	0.5	4472590	trained	32746	21	memtrain/o_319_1.jpg	photodiode	1
4473.44	0.5	4473440	trained	32736	31	memtrain/o_465_2.jpg	photodiode	1
4474.341	0.5	4474341	catch	32671	n/a	catch_padded.jpg	photodiode	0
4474.646	0.0	4474646	response	6	n/a	n/a	trigger	0
4476.293	0.5	4476293	untrained	32693	74	memtrain/o_550_1.jpg	photodiode	1
4477.043	0.5	4477043	trained	32740	27	memtrain/o_379_2.jpg	photodiode	1
4477.994	0.5	4477994	untrained	32711	56	memtrain/o_163_2.jpg	photodiode	1
4478.745	0.5	4478745	trained	32764	3	memtrain/o_040_2.jpg	photodiode	1
4479.495	0.5	4479495	catch	32671	n/a	catch_padded.jpg	photodiode	0
4479.772	0.0	4479772	response	6	n/a	n/a	trigger	0
4481.397	0.5	4481397	trained	32750	17	memtrain/o_232_1.jpg	photodiode	1
4482.198	0.5	4482198	trained	32741	26	memtrain/o_376_1.jpg	photodiode	1
4482.998	0.5	4482998	trained	32759	8	memtrain/o_094_1.jpg	photodiode	1
4483.749	0.5	4483749	trained	32742	25	memtrain/o_358_2.jpg	photodiode	1
4484.65	0.5	4484650	catch	32671	n/a	catch_padded.jpg	photodiode	0
4484.904	0.0	4484904	response	6	n/a	n/a	trigger	0
4486.651	0.5	4486651	untrained	32702	65	memtrain/o_337_2.jpg	photodiode	1
4487.602	0.5	4487602	untrained	32704	63	memtrain/o_310_2.jpg	photodiode	1
4488.353	0.5	4488353	trained	32752	15	memtrain/o_195_1.jpg	photodiode	1
4489.104	0.5	4489104	trained	32754	13	memtrain/o_136_1.jpg	photodiode	1
4490.054	0.5	4490054	catch	32671	n/a	catch_padded.jpg	photodiode	0
4490.303	0.0	4490303	response	6	n/a	n/a	trigger	0
4492.056	0.5	4492056	untrained	32708	59	memtrain/o_201_2.jpg	photodiode	1
4492.907	0.5	4492907	trained	32767	0	memtrain/o_006_1.jpg	photodiode	1
4493.707	0.5	4493707	untrained	32678	89	memtrain/o_469_1.jpg	photodiode	1
4494.458	0.5	4494458	catch	32671	n/a	catch_padded.jpg	photodiode	0
4494.835	0.0	4494835	response	6	n/a	n/a	trigger	0
4496.352	0.5	4496352	trained	32724	43	memtrain/so_043_2.jpg	photodiode	1
4497.202	0.5	4497202	trained	32732	35	memtrain/o_561_2.jpg	photodiode	1
4498.153	0.5	4498153	untrained	32673	94	memtrain/so_067_1.jpg	photodiode	1
4499.112	0.5	4499112	untrained	32705	62	memtrain/o_304_1.jpg	photodiode	1
4499.905	0.5	4499905	untrained	32699	68	memtrain/o_393_1.jpg	photodiode	1
4500.755	0.5	4500755	catch	32671	n/a	catch_padded.jpg	photodiode	0
4500.97	0.0	4500970	response	6	n/a	n/a	trigger	0
4502.857	0.5	4502857	trained	32751	16	memtrain/o_199_2.jpg	photodiode	1
4503.608	0.5	4503608	untrained	32680	87	memtrain/o_365_1.jpg	photodiode	1
4504.458	0.5	4504458	untrained	32715	52	memtrain/o_141_1.jpg	photodiode	1
4505.259	0.5	4505259	catch	32671	n/a	catch_padded.jpg	photodiode	0
4505.645	0.0	4505645	response	6	n/a	n/a	trigger	0
4507.361	0.5	4507361	untrained	32700	67	memtrain/o_378_1.jpg	photodiode	1
4508.312	0.5	4508312	trained	32722	45	memtrain/so_090_2.jpg	photodiode	1
4509.162	0.5	4509162	trained	32721	46	memtrain/so_113_1.jpg	photodiode	1
4510.063	0.5	4510063	trained	32733	34	memtrain/o_558_2.jpg	photodiode	1
4510.964	0.5	4510964	untrained	32694	73	memtrain/o_519_2.jpg	photodiode	1
4511.815	0.5	4511815	catch	32671	n/a	catch_padded.jpg	photodiode	0
4511.959	0.0	4511959	response	6	n/a	n/a	trigger	0
4513.816	0.5	4513816	untrained	32688	79	memtrain/o_600_1.jpg	photodiode	1
4514.717	0.5	4514717	untrained	32719	48	memtrain/o_019_2.jpg	photodiode	1
4515.668	0.5	4515668	trained	32756	11	memtrain/o_117_2.jpg	photodiode	1
4516.569	0.5	4516569	catch	32671	n/a	catch_padded.jpg	photodiode	0
4516.968	0.0	4516968	response	6	n/a	n/a	trigger	0
4518.52	0.5	4518520	trained	32729	38	memtrain/o_603_1.jpg	photodiode	1
4519.371	0.5	4519371	trained	32726	41	memtrain/o_663_2.jpg	photodiode	1
4520.172	0.5	4520172	trained	32760	7	memtrain/o_091_2.jpg	photodiode	1
4521.123	0.5	4521123	untrained	32672	95	memtrain/so_125_1.jpg	photodiode	1
4522.023	0.5	4522023	catch	32671	n/a	catch_padded.jpg	photodiode	0
4522.344	0.0	4522344	response	6	n/a	n/a	trigger	0
4524.075	0.5	4524075	trained	32735	32	memtrain/o_485_2.jpg	photodiode	1
4524.817	0.5	4524817	untrained	32713	54	memtrain/o_145_1.jpg	photodiode	1
4525.626	0.5	4525626	untrained	32679	88	memtrain/o_458_1.jpg	photodiode	1
4526.377	0.5	4526377	catch	32671	n/a	catch_padded.jpg	photodiode	0
4526.734	0.0	4526734	response	6	n/a	n/a	trigger	0
4528.32	0.5	4528320	trained	32725	42	memtrain/so_034_2.jpg	photodiode	1
4529.271	0.5	4529271	trained	32720	47	memtrain/so_147_2.jpg	photodiode	1
4530.072	0.5	4530072	untrained	32685	82	memtrain/o_656_1.jpg	photodiode	1
4530.872	0.5	4530872	untrained	32686	81	memtrain/o_655_2.jpg	photodiode	1
4531.773	0.5	4531773	catch	32671	n/a	catch_padded.jpg	photodiode	0
4532.03	0.0	4532030	response	6	n/a	n/a	trigger	0
4533.725	0.5	4533725	untrained	32695	72	memtrain/o_490_1.jpg	photodiode	1
4534.525	0.5	4534525	trained	32743	24	memtrain/o_357_1.jpg	photodiode	1
4535.476	0.5	4535476	trained	32757	10	memtrain/o_111_2.jpg	photodiode	1
4536.377	0.5	4536377	untrained	32689	78	memtrain/o_599_1.jpg	photodiode	1
4537.278	0.5	4537278	catch	32671	n/a	catch_padded.jpg	photodiode	0
4537.507	0.0	4537507	response	6	n/a	n/a	trigger	0
4539.38	0.5	4539380	trained	32733	34	memtrain/o_558_2.jpg	photodiode	1
4540.18	0.5	4540180	untrained	32687	80	memtrain/o_613_1.jpg	photodiode	1
4541.081	0.5	4541081	untrained	32718	49	memtrain/o_054_2.jpg	photodiode	1
4542.032	0.5	4542032	catch	32671	n/a	catch_padded.jpg	photodiode	0
4542.335	0.0	4542335	response	6	n/a	n/a	trigger	0
4543.933	0.5	4543933	untrained	32685	82	memtrain/o_656_1.jpg	photodiode	1
4544.834	0.5	4544834	untrained	32710	57	memtrain/o_171_1.jpg	photodiode	1
4545.685	0.5	4545685	untrained	32696	71	memtrain/o_483_1.jpg	photodiode	1
4546.536	0.5	4546536	untrained	32702	65	memtrain/o_337_2.jpg	photodiode	1
4547.436	0.5	4547436	catch	32671	n/a	catch_padded.jpg	photodiode	0
4547.636	0.0	4547636	response	6	n/a	n/a	trigger	0
4549.438	0.5	4549438	untrained	32675	92	memtrain/so_033_1.jpg	photodiode	1
4550.239	0.5	4550239	trained	32721	46	memtrain/so_113_1.jpg	photodiode	1
4551.19	0.5	4551190	untrained	32704	63	memtrain/o_310_2.jpg	photodiode	1
4551.99	0.5	4551990	trained	32765	2	memtrain/o_035_1.jpg	photodiode	1
4552.783	0.5	4552783	catch	32671	n/a	catch_padded.jpg	photodiode	0
4553.067	0.0	4553067	response	6	n/a	n/a	trigger	0
4554.684	0.5	4554684	untrained	32678	89	memtrain/o_469_1.jpg	photodiode	1
4555.485	0.5	4555485	untrained	32709	58	memtrain/o_192_1.jpg	photodiode	1
4556.336	0.5	4556336	trained	32727	40	memtrain/o_648_2.jpg	photodiode	1
4557.186	0.5	4557186	catch	32671	n/a	catch_padded.jpg	photodiode	0
4557.534	0.0	4557534	response	6	n/a	n/a	trigger	0
4559.196	0.5	4559196	trained	32751	16	memtrain/o_199_2.jpg	photodiode	1
4559.989	0.5	4559989	untrained	32707	60	memtrain/o_228_2.jpg	photodiode	1
4560.89	0.5	4560890	untrained	32686	81	memtrain/o_655_2.jpg	photodiode	1
4561.74	0.5	4561740	untrained	32699	68	memtrain/o_393_1.jpg	photodiode	1
4562.541	0.5	4562541	trained	32732	35	memtrain/o_561_2.jpg	photodiode	1
4563.492	0.5	4563492	catch	32671	n/a	catch_padded.jpg	photodiode	0
4563.538	0.0	4563538	response	6	n/a	n/a	trigger	0
4565.393	0.5	4565393	untrained	32679	88	memtrain/o_458_1.jpg	photodiode	1
4566.294	0.5	4566294	trained	32767	0	memtrain/o_006_1.jpg	photodiode	1
4567.045	0.5	4567045	trained	32766	1	memtrain/o_015_1.jpg	photodiode	1
4567.896	0.5	4567896	catch	32671	n/a	catch_padded.jpg	photodiode	0
4568.274	0.0	4568274	response	6	n/a	n/a	trigger	0
4569.897	0.5	4569897	trained	32756	11	memtrain/o_117_2.jpg	photodiode	1
4570.848	0.5	4570848	untrained	32683	84	memtrain/so_117_2.jpg	photodiode	1
4571.649	0.5	4571649	trained	32744	23	memtrain/o_338_2.jpg	photodiode	1
4572.499	0.5	4572499	untrained	32711	56	memtrain/o_163_2.jpg	photodiode	1
4573.4	0.5	4573400	trained	32750	17	memtrain/o_232_1.jpg	photodiode	1
4574.251	0.5	4574251	catch	32671	n/a	catch_padded.jpg	photodiode	0
4574.422	0.0	4574422	response	6	n/a	n/a	trigger	0
4576.353	0.5	4576353	trained	32760	7	memtrain/o_091_2.jpg	photodiode	1
4577.303	0.5	4577303	trained	32735	32	memtrain/o_485_2.jpg	photodiode	1
4578.054	0.5	4578054	trained	32747	20	memtrain/o_290_1.jpg	photodiode	1
4578.955	0.5	4578955	untrained	32719	48	memtrain/o_019_2.jpg	photodiode	1
4579.906	0.5	4579906	untrained	32682	85	memtrain/o_218_1.jpg	photodiode	1
4580.706	0.5	4580706	catch	32671	n/a	catch_padded.jpg	photodiode	0
4580.834	0.0	4580834	response	6	n/a	n/a	trigger	0
4582.8	0.5	4582800	trained	32754	13	memtrain/o_136_1.jpg	photodiode	1
4583.6	0.5	4583600	untrained	32672	95	memtrain/so_125_1.jpg	photodiode	1
4584.351	0.5	4584351	untrained	32673	94	memtrain/so_067_1.jpg	photodiode	1
4585.152	0.5	4585152	trained	32745	22	memtrain/o_321_1.jpg	photodiode	1
4586.052	0.5	4586052	trained	32740	27	memtrain/o_379_2.jpg	photodiode	1
4586.853	0.5	4586853	catch	32671	n/a	catch_padded.jpg	photodiode	0
4586.955	0.0	4586955	response	6	n/a	n/a	trigger	0
4588.905	0.5	4588905	untrained	32693	74	memtrain/o_550_1.jpg	photodiode	1
4589.756	0.5	4589756	trained	32723	44	memtrain/so_045_1.jpg	photodiode	1
4590.506	0.5	4590506	trained	32729	38	memtrain/o_603_1.jpg	photodiode	1
4591.307	0.5	4591307	untrained	32690	77	memtrain/o_574_2.jpg	photodiode	1
4592.208	0.5	4592208	catch	32671	n/a	catch_padded.jpg	photodiode	0
4592.553	0.0	4592553	response	6	n/a	n/a	trigger	0
4594.259	0.5	4594259	untrained	32705	62	memtrain/o_304_1.jpg	photodiode	1
4595.11	0.5	4595110	untrained	32674	93	memtrain/so_035_1.jpg	photodiode	1
4596.011	0.5	4596011	trained	32759	8	memtrain/o_094_1.jpg	photodiode	1
4596.962	0.5	4596962	untrained	32708	59	memtrain/o_201_2.jpg	photodiode	1
4597.221	0.0	4597221	response	6	n/a	n/a	trigger	0
4597.812	0.5	4597812	catch	32671	n/a	catch_padded.jpg	photodiode	0
4599.814	0.5	4599814	untrained	32700	67	memtrain/o_378_1.jpg	photodiode	1
4600.765	0.5	4600765	untrained	32694	73	memtrain/o_519_2.jpg	photodiode	1
4601.666	0.5	4601666	untrained	32680	87	memtrain/o_365_1.jpg	photodiode	1
4602.416	0.5	4602416	catch	32671	n/a	catch_padded.jpg	photodiode	0
4602.783	0.0	4602783	response	6	n/a	n/a	trigger	0
4604.518	0.5	4604518	trained	32722	45	memtrain/so_090_2.jpg	photodiode	1
4605.469	0.5	4605469	untrained	32684	83	memtrain/so_105_1.jpg	photodiode	1
4606.32	0.5	4606320	trained	32737	30	memtrain/o_437_2.jpg	photodiode	1
4607.27	0.5	4607270	catch	32671	n/a	catch_padded.jpg	photodiode	0
4607.618	0.0	4607618	response	6	n/a	n/a	trigger	0
4609.322	0.5	4609322	untrained	32716	51	memtrain/o_103_2.jpg	photodiode	1
4610.273	0.5	4610273	trained	32752	15	memtrain/o_195_1.jpg	photodiode	1
4611.024	0.5	4611024	untrained	32712	55	memtrain/o_153_2.jpg	photodiode	1
4611.966	0.5	4611966	trained	32755	12	memtrain/o_127_2.jpg	photodiode	1
4612.825	0.5	4612825	trained	32742	25	memtrain/o_358_2.jpg	photodiode	1
4613.618	0.5	4613618	catch	32671	n/a	catch_padded.jpg	photodiode	0
4613.797	0.0	4613797	response	6	n/a	n/a	trigger	0
4615.719	0.5	4615719	trained	32748	19	memtrain/o_284_2.jpg	photodiode	1
4616.52	0.5	4616520	untrained	32706	61	memtrain/o_298_2.jpg	photodiode	1
4617.471	0.5	4617471	trained	32746	21	memtrain/o_319_1.jpg	photodiode	1
4618.222	0.5	4618222	untrained	32676	91	memtrain/o_605_1.jpg	photodiode	1
4619.022	0.5	4619022	untrained	32698	69	memtrain/o_464_2.jpg	photodiode	1
4619.973	0.5	4619973	catch	32671	n/a	catch_padded.jpg	photodiode	0
4620.106	0.0	4620106	response	6	n/a	n/a	trigger	0
4621.875	0.5	4621875	trained	32726	41	memtrain/o_663_2.jpg	photodiode	1
4622.775	0.5	4622775	untrained	32715	52	memtrain/o_141_1.jpg	photodiode	1
4623.626	0.5	4623626	trained	32741	26	memtrain/o_376_1.jpg	photodiode	1
4624.477	0.5	4624477	trained	32763	4	memtrain/o_042_1.jpg	photodiode	1
4625.328	0.5	4625328	untrained	32713	54	memtrain/o_145_1.jpg	photodiode	1
4626.228	0.5	4626228	catch	32671	n/a	catch_padded.jpg	photodiode	0
4626.328	0.0	4626328	response	6	n/a	n/a	trigger	0
4628.288	0.5	4628288	trained	32739	28	memtrain/o_397_1.jpg	photodiode	1
4629.031	0.5	4629031	trained	32720	47	memtrain/so_147_2.jpg	photodiode	1
4629.831	0.5	4629831	trained	32764	3	memtrain/o_040_2.jpg	photodiode	1
4630.682	0.5	4630682	catch	32671	n/a	catch_padded.jpg	photodiode	0
4631.065	0.0	4631065	response	6	n/a	n/a	trigger	0
4632.592	0.5	4632592	untrained	32688	79	memtrain/o_600_1.jpg	photodiode	1
4633.484	0.5	4633484	trained	32724	43	memtrain/so_043_2.jpg	photodiode	1
4634.435	0.5	4634435	untrained	32681	86	memtrain/o_288_1.jpg	photodiode	1
4635.286	0.5	4635286	trained	32736	31	memtrain/o_465_2.jpg	photodiode	1
4636.037	0.5	4636037	trained	32728	39	memtrain/o_606_1.jpg	photodiode	1
4636.887	0.5	4636887	catch	32671	n/a	catch_padded.jpg	photodiode	0
4637.188	0.0	4637188	response	6	n/a	n/a	trigger	0
4638.839	0.5	4638839	untrained	32691	76	memtrain/o_570_1.jpg	photodiode	1
4639.69	0.5	4639690	untrained	32703	64	memtrain/o_334_2.jpg	photodiode	1
4640.532	0.5	4640532	untrained	32717	50	memtrain/o_057_2.jpg	photodiode	1
4641.483	0.5	4641483	trained	32749	18	memtrain/o_264_2.jpg	photodiode	1
4642.233	0.5	4642233	untrained	32677	90	memtrain/o_580_1.jpg	photodiode	1
4643.084	0.5	4643084	catch	32671	n/a	catch_padded.jpg	photodiode	0
4643.43	0.0	4643430	response	6	n/a	n/a	trigger	0
4645.136	0.5	4645136	trained	32758	9	memtrain/o_101_2.jpg	photodiode	1
4645.886	0.5	4645886	trained	32730	37	memtrain/o_597_1.jpg	photodiode	1
4646.687	0.5	4646687	trained	32725	42	memtrain/so_034_2.jpg	photodiode	1
4647.588	0.5	4647588	trained	32762	5	memtrain/o_067_1.jpg	photodiode	1
4648.389	0.5	4648389	untrained	32714	53	memtrain/o_142_2.jpg	photodiode	1
4649.139	0.5	4649139	catch	32671	n/a	catch_padded.jpg	photodiode	0
4649.479	0.0	4649479	response	6	n/a	n/a	trigger	0
4651.041	0.5	4651041	untrained	32701	66	memtrain/o_342_2.jpg	photodiode	1
4651.892	0.5	4651892	trained	32761	6	memtrain/o_076_1.jpg	photodiode	1
4652.842	0.5	4652842	trained	32738	29	memtrain/o_416_1.jpg	photodiode	1
4653.643	0.5	4653643	catch	32671	n/a	catch_padded.jpg	photodiode	0
4654.022	0.0	4654022	response	6	n/a	n/a	trigger	0
4655.545	0.5	4655545	untrained	32697	70	memtrain/o_471_2.jpg	photodiode	1
4656.495	0.5	4656495	trained	32734	33	memtrain/o_536_1.jpg	photodiode	1
4657.396	0.5	4657396	trained	32753	14	memtrain/o_174_1.jpg	photodiode	1
4658.347	0.5	4658347	untrained	32692	75	memtrain/o_564_1.jpg	photodiode	1
4659.298	0.5	4659298	trained	32731	36	memtrain/o_583_1.jpg	photodiode	1
4660.099	0.5	4660099	catch	32671	n/a	catch_padded.jpg	photodiode	0
4660.292	0.0	4660292	response	6	n/a	n/a	trigger	0
4662.572	0.0	4662572	block_end	120	n/a	n/a	trigger	0
4679.731	0.0	4679731	response	6	n/a	n/a	trigger	0
4679.745	0.0	4679745	block_onset	113	n/a	n/a	trigger	0
4681.8	0.5	4681800	trained	32755	12	memtrain/o_127_2.jpg	photodiode	1
4682.701	0.5	4682701	untrained	32698	69	memtrain/o_464_2.jpg	photodiode	1
4683.652	0.5	4683652	trained	32757	10	memtrain/o_111_2.jpg	photodiode	1
4684.402	0.5	4684402	catch	32671	n/a	catch_padded.jpg	photodiode	0
4684.778	0.0	4684778	response	6	n/a	n/a	trigger	0
4686.304	0.5	4686304	untrained	32693	74	memtrain/o_550_1.jpg	photodiode	1
4687.105	0.5	4687105	untrained	32708	59	memtrain/o_201_2.jpg	photodiode	1
4688.005	0.5	4688005	untrained	32709	58	memtrain/o_192_1.jpg	photodiode	1
4688.798	0.5	4688798	untrained	32679	88	memtrain/o_458_1.jpg	photodiode	1
4689.599	0.5	4689599	catch	32671	n/a	catch_padded.jpg	photodiode	0
4689.876	0.0	4689876	response	6	n/a	n/a	trigger	0
4691.65	0.5	4691650	trained	32760	7	memtrain/o_091_2.jpg	photodiode	1
4692.501	0.5	4692501	untrained	32689	78	memtrain/o_599_1.jpg	photodiode	1
4693.352	0.5	4693352	untrained	32685	82	memtrain/o_656_1.jpg	photodiode	1
4694.203	0.5	4694203	trained	32765	2	memtrain/o_035_1.jpg	photodiode	1
4695.003	0.5	4695003	catch	32671	n/a	catch_padded.jpg	photodiode	0
4695.323	0.0	4695323	response	6	n/a	n/a	trigger	0
4697.055	0.5	4697055	untrained	32716	51	memtrain/o_103_2.jpg	photodiode	1
4697.906	0.5	4697906	trained	32742	25	memtrain/o_358_2.jpg	photodiode	1
4698.806	0.5	4698806	trained	32748	19	memtrain/o_284_2.jpg	photodiode	1
4699.657	0.5	4699657	untrained	32710	57	memtrain/o_171_1.jpg	photodiode	1
4700.558	0.5	4700558	catch	32671	n/a	catch_padded.jpg	photodiode	0
4700.946	0.0	4700946	response	6	n/a	n/a	trigger	0
4702.46	0.5	4702460	untrained	32678	89	memtrain/o_469_1.jpg	photodiode	1
4703.36	0.5	4703360	untrained	32697	70	memtrain/o_471_2.jpg	photodiode	1
4704.311	0.5	4704311	untrained	32712	55	memtrain/o_153_2.jpg	photodiode	1
4705.112	0.5	4705112	catch	32671	n/a	catch_padded.jpg	photodiode	0
4705.492	0.0	4705492	response	6	n/a	n/a	trigger	0
4707.164	0.5	4707164	untrained	32674	93	memtrain/so_035_1.jpg	photodiode	1
4708.114	0.5	4708114	trained	32737	30	memtrain/o_437_2.jpg	photodiode	1
4708.965	0.5	4708965	trained	32744	23	memtrain/o_338_2.jpg	photodiode	1
4709.866	0.5	4709866	catch	32671	n/a	catch_padded.jpg	photodiode	0
4710.208	0.0	4710208	response	6	n/a	n/a	trigger	0
4711.918	0.5	4711918	trained	32753	14	memtrain/o_174_1.jpg	photodiode	1
4712.718	0.5	4712718	trained	32752	15	memtrain/o_195_1.jpg	photodiode	1
4713.569	0.5	4713569	trained	32730	37	memtrain/o_597_1.jpg	photodiode	1
4714.47	0.5	4714470	trained	32767	0	memtrain/o_006_1.jpg	photodiode	1
4715.27	0.5	4715270	trained	32763	4	memtrain/o_042_1.jpg	photodiode	1
4716.171	0.5	4716171	catch	32671	n/a	catch_padded.jpg	photodiode	0
4716.235	0.0	4716235	response	6	n/a	n/a	trigger	0
4718.223	0.5	4718223	untrained	32717	50	memtrain/o_057_2.jpg	photodiode	1
4719.115	0.5	4719115	untrained	32687	80	memtrain/o_613_1.jpg	photodiode	1
4719.916	0.5	4719916	trained	32720	47	memtrain/so_147_2.jpg	photodiode	1
4720.867	0.5	4720867	catch	32671	n/a	catch_padded.jpg	photodiode	0
4721.289	0.0	4721289	response	6	n/a	n/a	trigger	0
4722.777	0.5	4722777	trained	32736	31	memtrain/o_465_2.jpg	photodiode	1
4723.719	0.5	4723719	trained	32721	46	memtrain/so_113_1.jpg	photodiode	1
4724.47	0.5	4724470	trained	32743	24	memtrain/o_357_1.jpg	photodiode	1
4725.27	0.5	4725270	trained	32724	43	memtrain/so_043_2.jpg	photodiode	1
4726.071	0.5	4726071	untrained	32680	87	memtrain/o_365_1.jpg	photodiode	1
4727.022	0.5	4727022	catch	32671	n/a	catch_padded.jpg	photodiode	0
4727.266	0.0	4727266	response	6	n/a	n/a	trigger	0
4729.024	0.5	4729024	untrained	32705	62	memtrain/o_304_1.jpg	photodiode	1
4729.774	0.5	4729774	untrained	32711	56	memtrain/o_163_2.jpg	photodiode	1
4730.725	0.5	4730725	untrained	32700	67	memtrain/o_378_1.jpg	photodiode	1
4731.626	0.5	4731626	untrained	32703	64	memtrain/o_334_2.jpg	photodiode	1
4732.527	0.5	4732527	trained	32722	45	memtrain/so_090_2.jpg	photodiode	1
4733.377	0.5	4733377	catch	32671	n/a	catch_padded.jpg	photodiode	0
4733.595	0.0	4733595	response	6	n/a	n/a	trigger	0
4735.329	0.5	4735329	untrained	32690	77	memtrain/o_574_2.jpg	photodiode	1
4736.13	0.5	4736130	untrained	32692	75	memtrain/o_564_1.jpg	photodiode	1
4736.93	0.5	4736930	trained	32741	26	memtrain/o_376_1.jpg	photodiode	1
4737.681	0.5	4737681	catch	32671	n/a	catch_padded.jpg	photodiode	0
4738.18	0.0	4738180	response	6	n/a	n/a	trigger	0
4739.583	0.5	4739583	untrained	32686	81	memtrain/o_655_2.jpg	photodiode	1
4740.433	0.5	4740433	trained	32750	17	memtrain/o_232_1.jpg	photodiode	1
4741.334	0.5	4741334	untrained	32672	95	memtrain/so_125_1.jpg	photodiode	1
4742.135	0.5	4742135	catch	32671	n/a	catch_padded.jpg	photodiode	0
4742.581	0.0	4742581	response	6	n/a	n/a	trigger	0
4744.036	0.5	4744036	trained	32729	38	memtrain/o_603_1.jpg	photodiode	1
4744.887	0.5	4744887	untrained	32701	66	memtrain/o_342_2.jpg	photodiode	1
4745.638	0.5	4745638	trained	32734	33	memtrain/o_536_1.jpg	photodiode	1
4746.538	0.5	4746538	catch	32671	n/a	catch_padded.jpg	photodiode	0
4746.911	0.0	4746911	response	6	n/a	n/a	trigger	0
4748.582	0.5	4748582	untrained	32707	60	memtrain/o_228_2.jpg	photodiode	1
4749.391	0.5	4749391	trained	32762	5	memtrain/o_067_1.jpg	photodiode	1
4750.233	0.5	4750233	untrained	32704	63	memtrain/o_310_2.jpg	photodiode	1
4751.042	0.5	4751042	trained	32726	41	memtrain/o_663_2.jpg	photodiode	1
4751.785	0.5	4751785	catch	32671	n/a	catch_padded.jpg	photodiode	0
4752.117	0.0	4752117	response	6	n/a	n/a	trigger	0
4753.886	0.5	4753886	untrained	32681	86	memtrain/o_288_1.jpg	photodiode	1
4754.795	0.5	4754795	trained	32745	22	memtrain/o_321_1.jpg	photodiode	1
4755.738	0.5	4755738	untrained	32714	53	memtrain/o_142_2.jpg	photodiode	1
4756.639	0.5	4756639	untrained	32691	76	memtrain/o_570_1.jpg	photodiode	1
4757.44	0.5	4757440	untrained	32675	92	memtrain/so_033_1.jpg	photodiode	1
4758.34	0.5	4758340	catch	32671	n/a	catch_padded.jpg	photodiode	0
4758.5	0.0	4758500	response	6	n/a	n/a	trigger	0
4760.442	0.5	4760442	trained	32740	27	memtrain/o_379_2.jpg	photodiode	1
4761.243	0.5	4761243	untrained	32694	73	memtrain/o_519_2.jpg	photodiode	1
4762.194	0.5	4762194	trained	32731	36	memtrain/o_583_1.jpg	photodiode	1
4763.094	0.5	4763094	trained	32758	9	memtrain/o_101_2.jpg	photodiode	1
4763.845	0.5	4763845	catch	32671	n/a	catch_padded.jpg	photodiode	0
4764.271	0.0	4764271	response	6	n/a	n/a	trigger	0
4765.847	0.5	4765847	trained	32728	39	memtrain/o_606_1.jpg	photodiode	1
4766.597	0.5	4766597	untrained	32713	54	memtrain/o_145_1.jpg	photodiode	1
4767.548	0.5	4767548	untrained	32682	85	memtrain/o_218_1.jpg	photodiode	1
4768.299	0.5	4768299	trained	32733	34	memtrain/o_558_2.jpg	photodiode	1
4769.25	0.5	4769250	untrained	32715	52	memtrain/o_141_1.jpg	photodiode	1
4770.0	0.5	4770000	catch	32671	n/a	catch_padded.jpg	photodiode	0
4770.331	0.0	4770331	response	6	n/a	n/a	trigger	0
4771.902	0.5	4771902	untrained	32699	68	memtrain/o_393_1.jpg	photodiode	1
4772.853	0.5	4772853	trained	32735	32	memtrain/o_485_2.jpg	photodiode	1
4773.803	0.5	4773803	trained	32739	28	memtrain/o_397_1.jpg	photodiode	1
4774.754	0.5	4774754	catch	32671	n/a	catch_padded.jpg	photodiode	0
4775.088	0.0	4775088	response	6	n/a	n/a	trigger	0
4776.756	0.5	4776756	trained	32732	35	memtrain/o_561_2.jpg	photodiode	1
4777.598	0.5	4777598	untrained	32684	83	memtrain/so_105_1.jpg	photodiode	1
4778.399	0.5	4778399	untrained	32706	61	memtrain/o_298_2.jpg	photodiode	1
4779.35	0.5	4779350	trained	32727	40	memtrain/o_648_2.jpg	photodiode	1
4780.2	0.5	4780200	trained	32747	20	memtrain/o_290_1.jpg	photodiode	1
4781.051	0.5	4781051	catch	32671	n/a	catch_padded.jpg	photodiode	0
4781.225	0.0	4781225	response	6	n/a	n/a	trigger	0
4783.053	0.5	4783053	trained	32749	18	memtrain/o_264_2.jpg	photodiode	1
4783.903	0.5	4783903	untrained	32683	84	memtrain/so_117_2.jpg	photodiode	1
4784.854	0.5	4784854	untrained	32695	72	memtrain/o_490_1.jpg	photodiode	1
4785.605	0.5	4785605	untrained	32677	90	memtrain/o_580_1.jpg	photodiode	1
4786.556	0.5	4786556	catch	32671	n/a	catch_padded.jpg	photodiode	0
4786.952	0.0	4786952	response	6	n/a	n/a	trigger	0
4788.607	0.5	4788607	untrained	32688	79	memtrain/o_600_1.jpg	photodiode	1
4789.558	0.5	4789558	untrained	32696	71	memtrain/o_483_1.jpg	photodiode	1
4790.459	0.5	4790459	trained	32761	6	memtrain/o_076_1.jpg	photodiode	1
4791.36	0.5	4791360	untrained	32702	65	memtrain/o_337_2.jpg	photodiode	1
4792.21	0.5	4792210	trained	32746	21	memtrain/o_319_1.jpg	photodiode	1
4792.961	0.5	4792961	catch	32671	n/a	catch_padded.jpg	photodiode	0
4793.196	0.0	4793196	response	6	n/a	n/a	trigger	0
4794.963	0.5	4794963	trained	32766	1	memtrain/o_015_1.jpg	photodiode	1
4795.814	0.5	4795814	untrained	32676	91	memtrain/o_605_1.jpg	photodiode	1
4796.764	0.5	4796764	trained	32764	3	memtrain/o_040_2.jpg	photodiode	1
4797.515	0.5	4797515	untrained	32718	49	memtrain/o_054_2.jpg	photodiode	1
4798.266	0.5	4798266	trained	32754	13	memtrain/o_136_1.jpg	photodiode	1
4799.016	0.5	4799016	catch	32671	n/a	catch_padded.jpg	photodiode	0
4799.303	0.0	4799303	response	6	n/a	n/a	trigger	0
4801.118	0.5	4801118	trained	32756	11	memtrain/o_117_2.jpg	photodiode	1
4801.919	0.5	4801919	trained	32725	42	memtrain/so_034_2.jpg	photodiode	1
4802.669	0.5	4802669	untrained	32719	48	memtrain/o_019_2.jpg	photodiode	1
4803.52	0.5	4803520	trained	32759	8	memtrain/o_094_1.jpg	photodiode	1
4804.471	0.5	4804471	trained	32723	44	memtrain/so_045_1.jpg	photodiode	1
4805.272	0.5	4805272	catch	32671	n/a	catch_padded.jpg	photodiode	0
4805.553	0.0	4805553	response	6	n/a	n/a	trigger	0
4807.332	0.5	4807332	trained	32738	29	memtrain/o_416_1.jpg	photodiode	1
4808.216	0.5	4808216	untrained	32673	94	memtrain/so_067_1.jpg	photodiode	1
4809.067	0.5	4809067	trained	32751	16	memtrain/o_199_2.jpg	photodiode	1
4809.967	0.5	4809967	untrained	32708	59	memtrain/o_201_2.jpg	photodiode	1
4810.918	0.5	4810918	catch	32671	n/a	catch_padded.jpg	photodiode	0
4811.278	0.0	4811278	response	6	n/a	n/a	trigger	0
4812.97	0.5	4812970	trained	32746	21	memtrain/o_319_1.jpg	photodiode	1
4813.771	0.5	4813771	untrained	32719	48	memtrain/o_019_2.jpg	photodiode	1
4814.621	0.5	4814621	trained	32745	22	memtrain/o_321_1.jpg	photodiode	1
4815.422	0.5	4815422	catch	32671	n/a	catch_padded.jpg	photodiode	0
4815.807	0.0	4815807	response	6	n/a	n/a	trigger	0
4817.524	0.5	4817524	untrained	32718	49	memtrain/o_054_2.jpg	photodiode	1
4818.324	0.5	4818324	trained	32765	2	memtrain/o_035_1.jpg	photodiode	1
4819.275	0.5	4819275	trained	32723	44	memtrain/so_045_1.jpg	photodiode	1
4820.026	0.5	4820026	catch	32671	n/a	catch_padded.jpg	photodiode	0
4820.303	0.0	4820303	response	6	n/a	n/a	trigger	0
4821.927	0.5	4821927	untrained	32685	82	memtrain/o_656_1.jpg	photodiode	1
4822.678	0.5	4822678	untrained	32678	89	memtrain/o_469_1.jpg	photodiode	1
4823.479	0.5	4823479	untrained	32706	61	memtrain/o_298_2.jpg	photodiode	1
4824.38	0.5	4824380	untrained	32691	76	memtrain/o_570_1.jpg	photodiode	1
4825.23	0.5	4825230	catch	32671	n/a	catch_padded.jpg	photodiode	0
4825.525	0.0	4825525	response	6	n/a	n/a	trigger	0
4827.332	0.5	4827332	trained	32754	13	memtrain/o_136_1.jpg	photodiode	1
4828.083	0.5	4828083	trained	32744	23	memtrain/o_338_2.jpg	photodiode	1
4828.933	0.5	4828933	untrained	32716	51	memtrain/o_103_2.jpg	photodiode	1
4829.684	0.5	4829684	untrained	32673	94	memtrain/so_067_1.jpg	photodiode	1
4830.535	0.5	4830535	untrained	32694	73	memtrain/o_519_2.jpg	photodiode	1
4831.386	0.5	4831386	catch	32671	n/a	catch_padded.jpg	photodiode	0
4831.637	0.0	4831637	response	6	n/a	n/a	trigger	0
4833.437	0.5	4833437	untrained	32702	65	memtrain/o_337_2.jpg	photodiode	1
4834.38	0.5	4834380	untrained	32682	85	memtrain/o_218_1.jpg	photodiode	1
4835.13	0.5	4835130	untrained	32689	78	memtrain/o_599_1.jpg	photodiode	1
4836.081	0.5	4836081	untrained	32695	72	memtrain/o_490_1.jpg	photodiode	1
4836.94	0.5	4836940	trained	32737	30	memtrain/o_437_2.jpg	photodiode	1
4837.832	0.5	4837832	catch	32671	n/a	catch_padded.jpg	photodiode	0
4838.132	0.0	4838132	response	6	n/a	n/a	trigger	0
4839.834	0.5	4839834	untrained	32714	53	memtrain/o_142_2.jpg	photodiode	1
4840.635	0.5	4840635	trained	32720	47	memtrain/so_147_2.jpg	photodiode	1
4841.486	0.5	4841486	trained	32766	1	memtrain/o_015_1.jpg	photodiode	1
4842.436	0.5	4842436	trained	32730	37	memtrain/o_597_1.jpg	photodiode	1
4843.187	0.5	4843187	catch	32671	n/a	catch_padded.jpg	photodiode	0
4843.517	0.0	4843517	response	6	n/a	n/a	trigger	0
4845.089	0.5	4845089	trained	32750	17	memtrain/o_232_1.jpg	photodiode	1
4845.989	0.5	4845989	trained	32736	31	memtrain/o_465_2.jpg	photodiode	1
4846.84	0.5	4846840	trained	32747	20	memtrain/o_290_1.jpg	photodiode	1
4847.691	0.5	4847691	trained	32756	11	memtrain/o_117_2.jpg	photodiode	1
4848.441	0.5	4848441	catch	32671	n/a	catch_padded.jpg	photodiode	0
4848.734	0.0	4848734	response	6	n/a	n/a	trigger	0
4850.493	0.5	4850493	trained	32763	4	memtrain/o_042_1.jpg	photodiode	1
4851.444	0.5	4851444	trained	32757	10	memtrain/o_111_2.jpg	photodiode	1
4852.245	0.5	4852245	trained	32764	3	memtrain/o_040_2.jpg	photodiode	1
4852.995	0.5	4852995	untrained	32688	79	memtrain/o_600_1.jpg	photodiode	1
4853.746	0.5	4853746	untrained	32713	54	memtrain/o_145_1.jpg	photodiode	1
4854.697	0.5	4854697	catch	32671	n/a	catch_padded.jpg	photodiode	0
4854.866	0.0	4854866	response	6	n/a	n/a	trigger	0
4856.799	0.5	4856799	trained	32731	36	memtrain/o_583_1.jpg	photodiode	1
4857.549	0.5	4857549	trained	32727	40	memtrain/o_648_2.jpg	photodiode	1
4858.35	0.5	4858350	untrained	32684	83	memtrain/so_105_1.jpg	photodiode	1
4859.151	0.5	4859151	untrained	32701	66	memtrain/o_342_2.jpg	photodiode	1
4860.101	0.5	4860101	catch	32671	n/a	catch_padded.jpg	photodiode	0
4860.504	0.0	4860504	response	6	n/a	n/a	trigger	0
4862.053	0.5	4862053	untrained	32707	60	memtrain/o_228_2.jpg	photodiode	1
4862.804	0.5	4862804	trained	32734	33	memtrain/o_536_1.jpg	photodiode	1
4863.596	0.5	4863596	trained	32739	28	memtrain/o_397_1.jpg	photodiode	1
4864.497	0.5	4864497	catch	32671	n/a	catch_padded.jpg	photodiode	0
4864.923	0.0	4864923	response	6	n/a	n/a	trigger	0
4866.507	0.5	4866507	untrained	32704	63	memtrain/o_310_2.jpg	photodiode	1
4867.399	0.5	4867399	untrained	32676	91	memtrain/o_605_1.jpg	photodiode	1
4868.258	0.5	4868258	untrained	32705	62	memtrain/o_304_1.jpg	photodiode	1
4869.151	0.5	4869151	trained	32748	19	memtrain/o_284_2.jpg	photodiode	1
4870.052	0.5	4870052	untrained	32692	75	memtrain/o_564_1.jpg	photodiode	1
4870.902	0.5	4870902	catch	32671	n/a	catch_padded.jpg	photodiode	0
4871.158	0.0	4871158	response	6	n/a	n/a	trigger	0
4872.804	0.5	4872804	untrained	32710	57	memtrain/o_171_1.jpg	photodiode	1
4873.755	0.5	4873755	trained	32724	43	memtrain/so_043_2.jpg	photodiode	1
4874.706	0.5	4874706	trained	32749	18	memtrain/o_264_2.jpg	photodiode	1
4875.656	0.5	4875656	trained	32752	15	memtrain/o_195_1.jpg	photodiode	1
4876.557	0.5	4876557	catch	32671	n/a	catch_padded.jpg	photodiode	0
4876.888	0.0	4876888	response	6	n/a	n/a	trigger	0
4878.459	0.5	4878459	trained	32738	29	memtrain/o_416_1.jpg	photodiode	1
4879.209	0.5	4879209	trained	32728	39	memtrain/o_606_1.jpg	photodiode	1
4880.16	0.5	4880160	untrained	32672	95	memtrain/so_125_1.jpg	photodiode	1
4880.961	0.5	4880961	trained	32740	27	memtrain/o_379_2.jpg	photodiode	1
4881.812	0.5	4881812	untrained	32699	68	memtrain/o_393_1.jpg	photodiode	1
4882.712	0.5	4882712	catch	32671	n/a	catch_padded.jpg	photodiode	0
4883.013	0.0	4883013	response	6	n/a	n/a	trigger	0
4884.614	0.5	4884614	untrained	32715	52	memtrain/o_141_1.jpg	photodiode	1
4885.415	0.5	4885415	trained	32767	0	memtrain/o_006_1.jpg	photodiode	1
4886.165	0.5	4886165	untrained	32698	69	memtrain/o_464_2.jpg	photodiode	1
4887.016	0.5	4887016	trained	32755	12	memtrain/o_127_2.jpg	photodiode	1
4887.817	0.5	4887817	catch	32671	n/a	catch_padded.jpg	photodiode	0
4888.299	0.0	4888299	response	6	n/a	n/a	trigger	0
4889.918	0.5	4889918	untrained	32675	92	memtrain/so_033_1.jpg	photodiode	1
4890.669	0.5	4890669	trained	32742	25	memtrain/o_358_2.jpg	photodiode	1
4891.62	0.5	4891620	trained	32753	14	memtrain/o_174_1.jpg	photodiode	1
4892.571	0.5	4892571	catch	32671	n/a	catch_padded.jpg	photodiode	0
4892.92	0.0	4892920	response	6	n/a	n/a	trigger	0
4894.522	0.5	4894522	trained	32725	42	memtrain/so_034_2.jpg	photodiode	1
4895.315	0.5	4895315	trained	32743	24	memtrain/o_357_1.jpg	photodiode	1
4896.115	0.5	4896115	untrained	32717	50	memtrain/o_057_2.jpg	photodiode	1
4897.016	0.5	4897016	untrained	32711	56	memtrain/o_163_2.jpg	photodiode	1
4897.867	0.5	4897867	catch	32671	n/a	catch_padded.jpg	photodiode	0
4898.183	0.0	4898183	response	6	n/a	n/a	trigger	0
4899.918	0.5	4899918	untrained	32709	58	memtrain/o_192_1.jpg	photodiode	1
4900.819	0.5	4900819	untrained	32700	67	memtrain/o_378_1.jpg	photodiode	1
4901.62	0.5	4901620	trained	32721	46	memtrain/so_113_1.jpg	photodiode	1
4902.471	0.5	4902471	catch	32671	n/a	catch_padded.jpg	photodiode	0
4902.802	0.0	4902802	response	6	n/a	n/a	trigger	0
4904.422	0.5	4904422	untrained	32679	88	memtrain/o_458_1.jpg	photodiode	1
4905.223	0.5	4905223	untrained	32693	74	memtrain/o_550_1.jpg	photodiode	1
4906.174	0.5	4906174	untrained	32687	80	memtrain/o_613_1.jpg	photodiode	1
4907.024	0.5	4907024	trained	32759	8	memtrain/o_094_1.jpg	photodiode	1
4907.975	0.5	4907975	catch	32671	n/a	catch_padded.jpg	photodiode	0
4908.31	0.0	4908310	response	6	n/a	n/a	trigger	0
4909.927	0.5	4909927	untrained	32681	86	memtrain/o_288_1.jpg	photodiode	1
4910.728	0.5	4910728	trained	32751	16	memtrain/o_199_2.jpg	photodiode	1
4911.578	0.5	4911578	trained	32732	35	memtrain/o_561_2.jpg	photodiode	1
4912.379	0.5	4912379	untrained	32697	70	memtrain/o_471_2.jpg	photodiode	1
4913.18	0.5	4913180	catch	32671	n/a	catch_padded.jpg	photodiode	0
4913.443	0.0	4913443	response	6	n/a	n/a	trigger	0
4915.081	0.5	4915081	untrained	32690	77	memtrain/o_574_2.jpg	photodiode	1
4915.832	0.5	4915832	trained	32762	5	memtrain/o_067_1.jpg	photodiode	1
4916.633	0.5	4916633	untrained	32683	84	memtrain/so_117_2.jpg	photodiode	1
4917.583	0.5	4917583	untrained	32696	71	memtrain/o_483_1.jpg	photodiode	1
4918.384	0.5	4918384	untrained	32677	90	memtrain/o_580_1.jpg	photodiode	1
4919.285	0.5	4919285	catch	32671	n/a	catch_padded.jpg	photodiode	0
4919.515	0.0	4919515	response	6	n/a	n/a	trigger	0
4921.287	0.5	4921287	trained	32735	32	memtrain/o_485_2.jpg	photodiode	1
4922.237	0.5	4922237	trained	32726	41	memtrain/o_663_2.jpg	photodiode	1
4922.988	0.5	4922988	trained	32758	9	memtrain/o_101_2.jpg	photodiode	1
4923.739	0.5	4923739	catch	32671	n/a	catch_padded.jpg	photodiode	0
4924.086	0.0	4924086	response	6	n/a	n/a	trigger	0
4925.732	0.5	4925732	untrained	32686	81	memtrain/o_655_2.jpg	photodiode	1
4926.533	0.5	4926533	untrained	32712	55	memtrain/o_153_2.jpg	photodiode	1
4927.434	0.5	4927434	trained	32729	38	memtrain/o_603_1.jpg	photodiode	1
4928.284	0.5	4928284	trained	32733	34	memtrain/o_558_2.jpg	photodiode	1
4929.135	0.5	4929135	untrained	32703	64	memtrain/o_334_2.jpg	photodiode	1
4929.886	0.5	4929886	catch	32671	n/a	catch_padded.jpg	photodiode	0
4930.173	0.0	4930173	response	6	n/a	n/a	trigger	0
4931.837	0.5	4931837	untrained	32680	87	memtrain/o_365_1.jpg	photodiode	1
4932.788	0.5	4932788	untrained	32674	93	memtrain/so_035_1.jpg	photodiode	1
4933.739	0.5	4933739	trained	32761	6	memtrain/o_076_1.jpg	photodiode	1
4934.64	0.5	4934640	catch	32671	n/a	catch_padded.jpg	photodiode	0
4935.015	0.0	4935015	response	6	n/a	n/a	trigger	0
4936.741	0.5	4936741	trained	32760	7	memtrain/o_091_2.jpg	photodiode	1
4937.492	0.5	4937492	trained	32722	45	memtrain/so_090_2.jpg	photodiode	1
4938.343	0.5	4938343	trained	32741	26	memtrain/o_376_1.jpg	photodiode	1
4939.093	0.5	4939093	catch	32671	n/a	catch_padded.jpg	photodiode	0
4939.329	0.0	4939329	response	6	n/a	n/a	trigger	0
4941.567	0.0	4941567	block_end	120	n/a	n/a	trigger	0
5141.519	0.0	5141519	response	6	n/a	n/a	trigger	0
5141.528	0.0	5141528	block_onset	114	n/a	n/a	trigger	0
5143.575	0.5	5143575	trained	32760	7	memtrain/o_091_2.jpg	photodiode	1
5144.484	0.5	5144484	trained	32733	34	memtrain/o_558_2.jpg	photodiode	1
5145.385	0.5	5145385	untrained	32708	59	memtrain/o_201_2.jpg	photodiode	1
5146.286	0.5	5146286	trained	32749	18	memtrain/o_264_2.jpg	photodiode	1
5147.136	0.5	5147136	untrained	32686	81	memtrain/o_655_2.jpg	photodiode	1
5148.087	0.5	5148087	catch	32671	n/a	catch_padded.jpg	photodiode	0
5148.302	0.0	5148302	response	6	n/a	n/a	trigger	0
5150.189	0.5	5150189	untrained	32712	55	memtrain/o_153_2.jpg	photodiode	1
5150.931	0.5	5150931	trained	32731	36	memtrain/o_583_1.jpg	photodiode	1
5151.732	0.5	5151732	untrained	32690	77	memtrain/o_574_2.jpg	photodiode	1
5152.683	0.5	5152683	untrained	32696	71	memtrain/o_483_1.jpg	photodiode	1
5153.533	0.5	5153533	untrained	32695	72	memtrain/o_490_1.jpg	photodiode	1
5154.284	0.5	5154284	catch	32671	n/a	catch_padded.jpg	photodiode	0
5154.665	0.0	5154665	response	6	n/a	n/a	trigger	0
5156.236	0.5	5156236	untrained	32707	60	memtrain/o_228_2.jpg	photodiode	1
5157.036	0.5	5157036	trained	32743	24	memtrain/o_357_1.jpg	photodiode	1
5157.937	0.5	5157937	untrained	32716	51	memtrain/o_103_2.jpg	photodiode	1
5158.838	0.5	5158838	trained	32762	5	memtrain/o_067_1.jpg	photodiode	1
5159.689	0.5	5159689	catch	32671	n/a	catch_padded.jpg	photodiode	0
5160.003	0.0	5160003	response	6	n/a	n/a	trigger	0
5161.79	0.5	5161790	trained	32722	45	memtrain/so_090_2.jpg	photodiode	1
5162.591	0.5	5162591	trained	32757	10	memtrain/o_111_2.jpg	photodiode	1
5163.342	0.5	5163342	trained	32741	26	memtrain/o_376_1.jpg	photodiode	1
5164.293	0.5	5164293	trained	32728	39	memtrain/o_606_1.jpg	photodiode	1
5165.043	0.5	5165043	catch	32671	n/a	catch_padded.jpg	photodiode	0
5165.355	0.0	5165355	response	6	n/a	n/a	trigger	0
5167.045	0.5	5167045	trained	32723	44	memtrain/so_045_1.jpg	photodiode	1
5167.896	0.5	5167896	untrained	32704	63	memtrain/o_310_2.jpg	photodiode	1
5168.746	0.5	5168746	trained	32748	19	memtrain/o_284_2.jpg	photodiode	1
5169.647	0.5	5169647	untrained	32698	69	memtrain/o_464_2.jpg	photodiode	1
5170.598	0.5	5170598	catch	32671	n/a	catch_padded.jpg	photodiode	0
5170.899	0.0	5170899	response	6	n/a	n/a	trigger	0
5172.6	0.5	5172600	untrained	32693	74	memtrain/o_550_1.jpg	photodiode	1
5173.5	0.5	5173500	untrained	32714	53	memtrain/o_142_2.jpg	photodiode	1
5174.251	0.5	5174251	trained	32766	1	memtrain/o_015_1.jpg	photodiode	1
5175.052	0.5	5175052	catch	32671	n/a	catch_padded.jpg	photodiode	0
5175.516	0.0	5175516	response	6	n/a	n/a	trigger	0
5176.953	0.5	5176953	untrained	32674	93	memtrain/so_035_1.jpg	photodiode	1
5177.854	0.5	5177854	untrained	32706	61	memtrain/o_298_2.jpg	photodiode	1
5178.747	0.5	5178747	untrained	32709	58	memtrain/o_192_1.jpg	photodiode	1
5179.597	0.5	5179597	untrained	32705	62	memtrain/o_304_1.jpg	photodiode	1
5180.448	0.5	5180448	untrained	32680	87	memtrain/o_365_1.jpg	photodiode	1
5181.249	0.5	5181249	catch	32671	n/a	catch_padded.jpg	photodiode	0
5181.556	0.0	5181556	response	6	n/a	n/a	trigger	0
5183.2	0.5	5183200	untrained	32681	86	memtrain/o_288_1.jpg	photodiode	1
5184.151	0.5	5184151	trained	32744	23	memtrain/o_338_2.jpg	photodiode	1
5184.952	0.5	5184952	trained	32725	42	memtrain/so_034_2.jpg	photodiode	1
5185.853	0.5	5185853	trained	32750	17	memtrain/o_232_1.jpg	photodiode	1
5186.603	0.5	5186603	catch	32671	n/a	catch_padded.jpg	photodiode	0
5186.875	0.0	5186875	response	6	n/a	n/a	trigger	0
5188.555	0.5	5188555	trained	32720	47	memtrain/so_147_2.jpg	photodiode	1
5189.456	0.5	5189456	untrained	32701	66	memtrain/o_342_2.jpg	photodiode	1
5190.256	0.5	5190256	untrained	32675	92	memtrain/so_033_1.jpg	photodiode	1
5191.007	0.5	5191007	catch	32671	n/a	catch_padded.jpg	photodiode	0
5191.374	0.0	5191374	response	6	n/a	n/a	trigger	0
5192.909	0.5	5192909	untrained	32691	76	memtrain/o_570_1.jpg	photodiode	1
5193.659	0.5	5193659	trained	32724	43	memtrain/so_043_2.jpg	photodiode	1
5194.41	0.5	5194410	trained	32763	4	memtrain/o_042_1.jpg	photodiode	1
5195.211	0.5	5195211	trained	32734	33	memtrain/o_536_1.jpg	photodiode	1
5196.111	0.5	5196111	trained	32764	3	memtrain/o_040_2.jpg	photodiode	1
5197.012	0.5	5197012	catch	32671	n/a	catch_padded.jpg	photodiode	0
5197.386	0.0	5197386	response	6	n/a	n/a	trigger	0
5199.114	0.5	5199114	trained	32758	9	memtrain/o_101_2.jpg	photodiode	1
5199.915	0.5	5199915	untrained	32700	67	memtrain/o_378_1.jpg	photodiode	1
5200.715	0.5	5200715	trained	32753	14	memtrain/o_174_1.jpg	photodiode	1
5201.566	0.5	5201566	untrained	32710	57	memtrain/o_171_1.jpg	photodiode	1
5202.317	0.5	5202317	catch	32671	n/a	catch_padded.jpg	photodiode	0
5202.613	0.0	5202613	response	6	n/a	n/a	trigger	0
5204.268	0.5	5204268	untrained	32719	48	memtrain/o_019_2.jpg	photodiode	1
5205.169	0.5	5205169	untrained	32677	90	memtrain/o_580_1.jpg	photodiode	1
5206.12	0.5	5206120	trained	32730	37	memtrain/o_597_1.jpg	photodiode	1
5206.971	0.5	5206971	trained	32745	22	memtrain/o_321_1.jpg	photodiode	1
5207.713	0.5	5207713	catch	32671	n/a	catch_padded.jpg	photodiode	0
5208.022	0.0	5208022	response	6	n/a	n/a	trigger	0
5209.714	0.5	5209714	trained	32736	31	memtrain/o_465_2.jpg	photodiode	1
5210.565	0.5	5210565	untrained	32702	65	memtrain/o_337_2.jpg	photodiode	1
5211.416	0.5	5211416	untrained	32673	94	memtrain/so_067_1.jpg	photodiode	1
5212.216	0.5	5212216	catch	32671	n/a	catch_padded.jpg	photodiode	0
5212.629	0.0	5212629	response	6	n/a	n/a	trigger	0
5214.118	0.5	5214118	untrained	32672	95	memtrain/so_125_1.jpg	photodiode	1
5214.869	0.5	5214869	untrained	32676	91	memtrain/o_605_1.jpg	photodiode	1
5215.82	0.5	5215820	trained	32746	21	memtrain/o_319_1.jpg	photodiode	1
5216.67	0.5	5216670	untrained	32717	50	memtrain/o_057_2.jpg	photodiode	1
5217.621	0.5	5217621	catch	32671	n/a	catch_padded.jpg	photodiode	0
5217.964	0.0	5217964	response	6	n/a	n/a	trigger	0
5219.623	0.5	5219623	untrained	32718	49	memtrain/o_054_2.jpg	photodiode	1
5220.473	0.5	5220473	trained	32721	46	memtrain/so_113_1.jpg	photodiode	1
5221.274	0.5	5221274	trained	32738	29	memtrain/o_416_1.jpg	photodiode	1
5222.025	0.5	5222025	trained	32732	35	memtrain/o_561_2.jpg	photodiode	1
5222.775	0.5	5222775	catch	32671	n/a	catch_padded.jpg	photodiode	0
5223.022	0.0	5223022	response	6	n/a	n/a	trigger	0
5224.877	0.5	5224877	untrained	32684	83	memtrain/so_105_1.jpg	photodiode	1
5225.628	0.5	5225628	untrained	32689	78	memtrain/o_599_1.jpg	photodiode	1
5226.529	0.5	5226529	untrained	32697	70	memtrain/o_471_2.jpg	photodiode	1
5227.329	0.5	5227329	untrained	32699	68	memtrain/o_393_1.jpg	photodiode	1
5228.28	0.5	5228280	catch	32671	n/a	catch_padded.jpg	photodiode	0
5228.602	0.0	5228602	response	6	n/a	n/a	trigger	0
5230.382	0.5	5230382	trained	32737	30	memtrain/o_437_2.jpg	photodiode	1
5231.183	0.5	5231183	trained	32726	41	memtrain/o_663_2.jpg	photodiode	1
5232.083	0.5	5232083	untrained	32713	54	memtrain/o_145_1.jpg	photodiode	1
5232.834	0.5	5232834	trained	32759	8	memtrain/o_094_1.jpg	photodiode	1
5233.685	0.5	5233685	untrained	32692	75	memtrain/o_564_1.jpg	photodiode	1
5234.535	0.5	5234535	catch	32671	n/a	catch_padded.jpg	photodiode	0
5234.73	0.0	5234730	response	6	n/a	n/a	trigger	0
5236.529	0.5	5236529	untrained	32682	85	memtrain/o_218_1.jpg	photodiode	1
5237.48	0.5	5237480	trained	32755	12	memtrain/o_127_2.jpg	photodiode	1
5238.38	0.5	5238380	trained	32756	11	memtrain/o_117_2.jpg	photodiode	1
5239.181	0.5	5239181	catch	32671	n/a	catch_padded.jpg	photodiode	0
5239.642	0.0	5239642	response	6	n/a	n/a	trigger	0
5241.083	0.5	5241083	untrained	32678	89	memtrain/o_469_1.jpg	photodiode	1
5241.883	0.5	5241883	untrained	32683	84	memtrain/so_117_2.jpg	photodiode	1
5242.684	0.5	5242684	trained	32742	25	memtrain/o_358_2.jpg	photodiode	1
5243.535	0.5	5243535	catch	32671	n/a	catch_padded.jpg	photodiode	0
5243.884	0.0	5243884	response	6	n/a	n/a	trigger	0
5245.487	0.5	5245487	trained	32747	20	memtrain/o_290_1.jpg	photodiode	1
5246.237	0.5	5246237	trained	32752	15	memtrain/o_195_1.jpg	photodiode	1
5247.038	0.5	5247038	untrained	32679	88	memtrain/o_458_1.jpg	photodiode	1
5247.838	0.5	5247838	catch	32671	n/a	catch_padded.jpg	photodiode	0
5248.141	0.0	5248141	response	6	n/a	n/a	trigger	0
5249.79	0.5	5249790	trained	32727	40	memtrain/o_648_2.jpg	photodiode	1
5250.641	0.5	5250641	trained	32761	6	memtrain/o_076_1.jpg	photodiode	1
5251.392	0.5	5251392	untrained	32711	56	memtrain/o_163_2.jpg	photodiode	1
5252.242	0.5	5252242	catch	32671	n/a	catch_padded.jpg	photodiode	0
5252.573	0.0	5252573	response	6	n/a	n/a	trigger	0
5254.344	0.5	5254344	trained	32765	2	memtrain/o_035_1.jpg	photodiode	1
5255.195	0.5	5255195	untrained	32688	79	memtrain/o_600_1.jpg	photodiode	1
5255.995	0.5	5255995	trained	32735	32	memtrain/o_485_2.jpg	photodiode	1
5256.746	0.5	5256746	catch	32671	n/a	catch_padded.jpg	photodiode	0
5257.045	0.0	5257045	response	6	n/a	n/a	trigger	0
5258.748	0.5	5258748	trained	32751	16	memtrain/o_199_2.jpg	photodiode	1
5259.649	0.5	5259649	untrained	32703	64	memtrain/o_334_2.jpg	photodiode	1
5260.449	0.5	5260449	trained	32740	27	memtrain/o_379_2.jpg	photodiode	1
5261.2	0.5	5261200	trained	32729	38	memtrain/o_603_1.jpg	photodiode	1
5262.001	0.5	5262001	trained	32739	28	memtrain/o_397_1.jpg	photodiode	1
5262.851	0.5	5262851	catch	32671	n/a	catch_padded.jpg	photodiode	0
5263.082	0.0	5263082	response	6	n/a	n/a	trigger	0
5264.753	0.5	5264753	untrained	32694	73	memtrain/o_519_2.jpg	photodiode	1
5265.495	0.5	5265495	untrained	32687	80	memtrain/o_613_1.jpg	photodiode	1
5266.354	0.5	5266354	untrained	32685	82	memtrain/o_656_1.jpg	photodiode	1
5267.246	0.5	5267246	catch	32671	n/a	catch_padded.jpg	photodiode	0
5267.635	0.0	5267635	response	6	n/a	n/a	trigger	0
5269.148	0.5	5269148	trained	32767	0	memtrain/o_006_1.jpg	photodiode	1
5270.099	0.5	5270099	untrained	32715	52	memtrain/o_141_1.jpg	photodiode	1
5270.85	0.5	5270850	trained	32754	13	memtrain/o_136_1.jpg	photodiode	1
5271.75	0.5	5271750	catch	32671	n/a	catch_padded.jpg	photodiode	0
5272.061	0.0	5272061	response	6	n/a	n/a	trigger	0
5273.702	0.5	5273702	trained	32741	26	memtrain/o_376_1.jpg	photodiode	1
5274.653	0.5	5274653	trained	32732	35	memtrain/o_561_2.jpg	photodiode	1
5275.553	0.5	5275553	untrained	32699	68	memtrain/o_393_1.jpg	photodiode	1
5276.454	0.5	5276454	untrained	32706	61	memtrain/o_298_2.jpg	photodiode	1
5277.255	0.5	5277255	trained	32748	19	memtrain/o_284_2.jpg	photodiode	1
5278.006	0.5	5278006	catch	32671	n/a	catch_padded.jpg	photodiode	0
5278.245	0.0	5278245	response	6	n/a	n/a	trigger	0
5280.007	0.5	5280007	untrained	32719	48	memtrain/o_019_2.jpg	photodiode	1
5280.958	0.5	5280958	untrained	32690	77	memtrain/o_574_2.jpg	photodiode	1
5281.859	0.5	5281859	trained	32752	15	memtrain/o_195_1.jpg	photodiode	1
5282.81	0.5	5282810	untrained	32682	85	memtrain/o_218_1.jpg	photodiode	1
5283.61	0.5	5283610	trained	32758	9	memtrain/o_101_2.jpg	photodiode	1
5284.461	0.5	5284461	catch	32671	n/a	catch_padded.jpg	photodiode	0
5284.797	0.0	5284797	response	6	n/a	n/a	trigger	0
5286.363	0.5	5286363	trained	32765	2	memtrain/o_035_1.jpg	photodiode	1
5287.313	0.5	5287313	trained	32721	46	memtrain/so_113_1.jpg	photodiode	1
5288.064	0.5	5288064	trained	32762	5	memtrain/o_067_1.jpg	photodiode	1
5288.965	0.5	5288965	catch	32671	n/a	catch_padded.jpg	photodiode	0
5289.279	0.0	5289279	response	6	n/a	n/a	trigger	0
5290.866	0.5	5290866	untrained	32684	83	memtrain/so_105_1.jpg	photodiode	1
5291.767	0.5	5291767	trained	32735	32	memtrain/o_485_2.jpg	photodiode	1
5292.668	0.5	5292668	trained	32728	39	memtrain/o_606_1.jpg	photodiode	1
5293.569	0.5	5293569	trained	32738	29	memtrain/o_416_1.jpg	photodiode	1
5294.52	0.5	5294520	untrained	32678	89	memtrain/o_469_1.jpg	photodiode	1
5294.829	0.0	5294829	response	6	n/a	n/a	trigger	0
5295.362	0.5	5295362	catch	32671	n/a	catch_padded.jpg	photodiode	0
5297.314	0.5	5297314	trained	32733	34	memtrain/o_558_2.jpg	photodiode	1
5298.215	0.5	5298215	untrained	32717	50	memtrain/o_057_2.jpg	photodiode	1
5298.965	0.5	5298965	trained	32734	33	memtrain/o_536_1.jpg	photodiode	1
5299.766	0.5	5299766	untrained	32708	59	memtrain/o_201_2.jpg	photodiode	1
5300.717	0.5	5300717	catch	32671	n/a	catch_padded.jpg	photodiode	0
5301.044	0.0	5301044	response	6	n/a	n/a	trigger	0
5302.618	0.5	5302618	trained	32766	1	memtrain/o_015_1.jpg	photodiode	1
5303.519	0.5	5303519	trained	32725	42	memtrain/so_034_2.jpg	photodiode	1
5304.27	0.5	5304270	untrained	32698	69	memtrain/o_464_2.jpg	photodiode	1
5305.22	0.5	5305220	untrained	32710	57	memtrain/o_171_1.jpg	photodiode	1
5306.071	0.5	5306071	untrained	32712	55	memtrain/o_153_2.jpg	photodiode	1
5306.922	0.5	5306922	catch	32671	n/a	catch_padded.jpg	photodiode	0
5307.171	0.0	5307171	response	6	n/a	n/a	trigger	0
5309.024	0.5	5309024	trained	32757	10	memtrain/o_111_2.jpg	photodiode	1
5309.924	0.5	5309924	trained	32736	31	memtrain/o_465_2.jpg	photodiode	1
5310.825	0.5	5310825	untrained	32687	80	memtrain/o_613_1.jpg	photodiode	1
5311.776	0.5	5311776	catch	32671	n/a	catch_padded.jpg	photodiode	0
5312.147	0.0	5312147	response	6	n/a	n/a	trigger	0
5313.678	0.5	5313678	untrained	32713	54	memtrain/o_145_1.jpg	photodiode	1
5314.478	0.5	5314478	untrained	32695	72	memtrain/o_490_1.jpg	photodiode	1
5315.229	0.5	5315229	trained	32726	41	memtrain/o_663_2.jpg	photodiode	1
5316.03	0.5	5316030	untrained	32683	84	memtrain/so_117_2.jpg	photodiode	1
5316.88	0.5	5316880	untrained	32672	95	memtrain/so_125_1.jpg	photodiode	1
5317.731	0.5	5317731	catch	32671	n/a	catch_padded.jpg	photodiode	0
5318.113	0.0	5318113	response	6	n/a	n/a	trigger	0
5319.783	0.5	5319783	untrained	32700	67	memtrain/o_378_1.jpg	photodiode	1
5320.684	0.5	5320684	untrained	32688	79	memtrain/o_600_1.jpg	photodiode	1
5321.634	0.5	5321634	untrained	32716	51	memtrain/o_103_2.jpg	photodiode	1
5322.535	0.5	5322535	catch	32671	n/a	catch_padded.jpg	photodiode	0
5322.845	0.0	5322845	response	6	n/a	n/a	trigger	0
5324.478	0.5	5324478	untrained	32677	90	memtrain/o_580_1.jpg	photodiode	1
5325.229	0.5	5325229	trained	32745	22	memtrain/o_321_1.jpg	photodiode	1
5326.03	0.5	5326030	untrained	32714	53	memtrain/o_142_2.jpg	photodiode	1
5326.93	0.5	5326930	untrained	32711	56	memtrain/o_163_2.jpg	photodiode	1
5327.731	0.5	5327731	catch	32671	n/a	catch_padded.jpg	photodiode	0
5328.06	0.0	5328060	response	6	n/a	n/a	trigger	0
5329.833	0.5	5329833	trained	32731	36	memtrain/o_583_1.jpg	photodiode	1
5330.684	0.5	5330684	trained	32744	23	memtrain/o_338_2.jpg	photodiode	1
5331.434	0.5	5331434	untrained	32674	93	memtrain/so_035_1.jpg	photodiode	1
5332.285	0.5	5332285	catch	32671	n/a	catch_padded.jpg	photodiode	0
5332.704	0.0	5332704	response	6	n/a	n/a	trigger	0
5334.287	0.5	5334287	trained	32747	20	memtrain/o_290_1.jpg	photodiode	1
5335.137	0.5	5335137	trained	32753	14	memtrain/o_174_1.jpg	photodiode	1
5335.888	0.5	5335888	untrained	32694	73	memtrain/o_519_2.jpg	photodiode	1
5336.689	0.5	5336689	trained	32740	27	memtrain/o_379_2.jpg	photodiode	1
5337.639	0.5	5337639	trained	32722	45	memtrain/so_090_2.jpg	photodiode	1
5338.39	0.5	5338390	catch	32671	n/a	catch_padded.jpg	photodiode	0
5338.592	0.0	5338592	response	6	n/a	n/a	trigger	0
5340.342	0.5	5340342	untrained	32673	94	memtrain/so_067_1.jpg	photodiode	1
5341.242	0.5	5341242	trained	32729	38	memtrain/o_603_1.jpg	photodiode	1
5342.193	0.5	5342193	untrained	32680	87	memtrain/o_365_1.jpg	photodiode	1
5343.094	0.5	5343094	untrained	32715	52	memtrain/o_141_1.jpg	photodiode	1
5343.945	0.5	5343945	trained	32727	40	memtrain/o_648_2.jpg	photodiode	1
5344.796	0.5	5344796	catch	32671	n/a	catch_padded.jpg	photodiode	0
5345.111	0.0	5345111	response	6	n/a	n/a	trigger	0
5346.847	0.5	5346847	trained	32764	3	memtrain/o_040_2.jpg	photodiode	1
5347.698	0.5	5347698	trained	32749	18	memtrain/o_264_2.jpg	photodiode	1
5348.449	0.5	5348449	trained	32724	43	memtrain/so_043_2.jpg	photodiode	1
5349.299	0.5	5349299	untrained	32701	66	memtrain/o_342_2.jpg	photodiode	1
5350.2	0.5	5350200	trained	32756	11	memtrain/o_117_2.jpg	photodiode	1
5351.151	0.5	5351151	catch	32671	n/a	catch_padded.jpg	photodiode	0
5351.517	0.0	5351517	response	6	n/a	n/a	trigger	0
5353.253	0.5	5353253	untrained	32696	71	memtrain/o_483_1.jpg	photodiode	1
5354.195	0.5	5354195	trained	32760	7	memtrain/o_091_2.jpg	photodiode	1
5354.996	0.5	5354996	trained	32737	30	memtrain/o_437_2.jpg	photodiode	1
5355.847	0.5	5355847	catch	32671	n/a	catch_padded.jpg	photodiode	0
5356.505	0.0	5356505	response	6	n/a	n/a	trigger	0
5357.798	0.5	5357798	trained	32763	4	memtrain/o_042_1.jpg	photodiode	1
5358.749	0.5	5358749	trained	32761	6	memtrain/o_076_1.jpg	photodiode	1
5359.7	0.5	5359700	trained	32720	47	memtrain/so_147_2.jpg	photodiode	1
5360.451	0.5	5360451	untrained	32686	81	memtrain/o_655_2.jpg	photodiode	1
5361.301	0.5	5361301	catch	32671	n/a	catch_padded.jpg	photodiode	0
5361.562	0.0	5361562	response	6	n/a	n/a	trigger	0
5363.253	0.5	5363253	trained	32750	17	memtrain/o_232_1.jpg	photodiode	1
5364.204	0.5	5364204	trained	32743	24	memtrain/o_357_1.jpg	photodiode	1
5365.105	0.5	5365105	untrained	32704	63	memtrain/o_310_2.jpg	photodiode	1
5366.005	0.5	5366005	untrained	32685	82	memtrain/o_656_1.jpg	photodiode	1
5366.806	0.5	5366806	untrained	32702	65	memtrain/o_337_2.jpg	photodiode	1
5367.557	0.5	5367557	catch	32671	n/a	catch_padded.jpg	photodiode	0
5367.771	0.0	5367771	response	6	n/a	n/a	trigger	0
5369.658	0.5	5369658	trained	32751	16	memtrain/o_199_2.jpg	photodiode	1
5370.559	0.5	5370559	untrained	32691	76	memtrain/o_570_1.jpg	photodiode	1
5371.31	0.5	5371310	untrained	32676	91	memtrain/o_605_1.jpg	photodiode	1
5372.261	0.5	5372261	trained	32767	0	memtrain/o_006_1.jpg	photodiode	1
5373.161	0.5	5373161	catch	32671	n/a	catch_padded.jpg	photodiode	0
5373.449	0.0	5373449	response	6	n/a	n/a	trigger	0
5375.163	0.5	5375163	trained	32723	44	memtrain/so_045_1.jpg	photodiode	1
5376.114	0.5	5376114	untrained	32697	70	memtrain/o_471_2.jpg	photodiode	1
5377.015	0.5	5377015	untrained	32689	78	memtrain/o_599_1.jpg	photodiode	1
5377.915	0.5	5377915	untrained	32703	64	memtrain/o_334_2.jpg	photodiode	1
5378.766	0.5	5378766	catch	32671	n/a	catch_padded.jpg	photodiode	0
5379.041	0.0	5379041	response	6	n/a	n/a	trigger	0
5380.868	0.5	5380868	untrained	32681	86	memtrain/o_288_1.jpg	photodiode	1
5381.819	0.5	5381819	trained	32742	25	memtrain/o_358_2.jpg	photodiode	1
5382.619	0.5	5382619	trained	32754	13	memtrain/o_136_1.jpg	photodiode	1
5383.362	0.5	5383362	catch	32671	n/a	catch_padded.jpg	photodiode	0
5383.699	0.0	5383699	response	6	n/a	n/a	trigger	0
5385.363	0.5	5385363	trained	32730	37	memtrain/o_597_1.jpg	photodiode	1
5386.314	0.5	5386314	untrained	32718	49	memtrain/o_054_2.jpg	photodiode	1
5387.115	0.5	5387115	trained	32739	28	memtrain/o_397_1.jpg	photodiode	1
5388.066	0.5	5388066	untrained	32705	62	memtrain/o_304_1.jpg	photodiode	1
5388.966	0.5	5388966	catch	32671	n/a	catch_padded.jpg	photodiode	0
5389.252	0.0	5389252	response	6	n/a	n/a	trigger	0
5390.918	0.5	5390918	untrained	32707	60	memtrain/o_228_2.jpg	photodiode	1
5391.669	0.5	5391669	untrained	32693	74	memtrain/o_550_1.jpg	photodiode	1
5392.619	0.5	5392619	untrained	32675	92	memtrain/so_033_1.jpg	photodiode	1
5393.57	0.5	5393570	trained	32746	21	memtrain/o_319_1.jpg	photodiode	1
5394.371	0.5	5394371	catch	32671	n/a	catch_padded.jpg	photodiode	0
5394.672	0.0	5394672	response	6	n/a	n/a	trigger	0
5396.423	0.5	5396423	untrained	32692	75	memtrain/o_564_1.jpg	photodiode	1
5397.173	0.5	5397173	trained	32759	8	memtrain/o_094_1.jpg	photodiode	1
5398.074	0.5	5398074	trained	32755	12	memtrain/o_127_2.jpg	photodiode	1
5399.025	0.5	5399025	untrained	32709	58	memtrain/o_192_1.jpg	photodiode	1
5399.976	0.5	5399976	untrained	32679	88	memtrain/o_458_1.jpg	photodiode	1
5400.826	0.5	5400826	catch	32671	n/a	catch_padded.jpg	photodiode	0
5401.025	0.0	5401025	response	6	n/a	n/a	trigger	0
5403.3	0.0	5403300	block_end	120	n/a	n/a	trigger	0
5637.154	0.0	5637154	response	6	n/a	n/a	trigger	0
5637.165	0.0	5637165	block_onset	115	n/a	n/a	trigger	0
5639.22	0.5	5639220	untrained	32695	72	memtrain/o_490_1.jpg	photodiode	1
5640.071	0.5	5640071	untrained	32701	66	memtrain/o_342_2.jpg	photodiode	1
5640.822	0.5	5640822	untrained	32675	92	memtrain/so_033_1.jpg	photodiode	1
5641.772	0.5	5641772	catch	32671	n/a	catch_padded.jpg	photodiode	0
5642.084	0.0	5642084	response	6	n/a	n/a	trigger	0
5643.824	0.5	5643824	untrained	32672	95	memtrain/so_125_1.jpg	photodiode	1
5644.766	0.5	5644766	trained	32721	46	memtrain/so_113_1.jpg	photodiode	1
5645.667	0.5	5645667	untrained	32712	55	memtrain/o_153_2.jpg	photodiode	1
5646.418	0.5	5646418	catch	32671	n/a	catch_padded.jpg	photodiode	0
5646.733	0.0	5646733	response	6	n/a	n/a	trigger	0
5648.37	0.5	5648370	untrained	32677	90	memtrain/o_580_1.jpg	photodiode	1
5649.17	0.5	5649170	untrained	32707	60	memtrain/o_228_2.jpg	photodiode	1
5649.921	0.5	5649921	untrained	32705	62	memtrain/o_304_1.jpg	photodiode	1
5650.872	0.5	5650872	catch	32671	n/a	catch_padded.jpg	photodiode	0
5651.197	0.0	5651197	response	6	n/a	n/a	trigger	0
5652.823	0.5	5652823	untrained	32702	65	memtrain/o_337_2.jpg	photodiode	1
5653.774	0.5	5653774	untrained	32717	50	memtrain/o_057_2.jpg	photodiode	1
5654.575	0.5	5654575	untrained	32715	52	memtrain/o_141_1.jpg	photodiode	1
5655.375	0.5	5655375	catch	32671	n/a	catch_padded.jpg	photodiode	0
5655.715	0.0	5655715	response	6	n/a	n/a	trigger	0
5657.427	0.5	5657427	trained	32746	21	memtrain/o_319_1.jpg	photodiode	1
5658.378	0.5	5658378	untrained	32691	76	memtrain/o_570_1.jpg	photodiode	1
5659.229	0.5	5659229	untrained	32679	88	memtrain/o_458_1.jpg	photodiode	1
5660.129	0.5	5660129	catch	32671	n/a	catch_padded.jpg	photodiode	0
5660.463	0.0	5660463	response	6	n/a	n/a	trigger	0
5662.031	0.5	5662031	trained	32756	11	memtrain/o_117_2.jpg	photodiode	1
5662.832	0.5	5662832	trained	32761	6	memtrain/o_076_1.jpg	photodiode	1
5663.632	0.5	5663632	trained	32733	34	memtrain/o_558_2.jpg	photodiode	1
5664.533	0.5	5664533	trained	32736	31	memtrain/o_465_2.jpg	photodiode	1
5665.284	0.5	5665284	catch	32671	n/a	catch_padded.jpg	photodiode	0
5665.606	0.0	5665606	response	6	n/a	n/a	trigger	0
5667.235	0.5	5667235	untrained	32681	86	memtrain/o_288_1.jpg	photodiode	1
5668.036	0.5	5668036	untrained	32714	53	memtrain/o_142_2.jpg	photodiode	1
5668.937	0.5	5668937	trained	32764	3	memtrain/o_040_2.jpg	photodiode	1
5669.788	0.5	5669788	trained	32727	40	memtrain/o_648_2.jpg	photodiode	1
5670.638	0.5	5670638	catch	32671	n/a	catch_padded.jpg	photodiode	0
5670.926	0.0	5670926	response	6	n/a	n/a	trigger	0
5672.59	0.5	5672590	untrained	32685	82	memtrain/o_656_1.jpg	photodiode	1
5673.391	0.5	5673391	trained	32738	29	memtrain/o_416_1.jpg	photodiode	1
5674.133	0.5	5674133	trained	32751	16	memtrain/o_199_2.jpg	photodiode	1
5674.884	0.5	5674884	trained	32759	8	memtrain/o_094_1.jpg	photodiode	1
5675.735	0.5	5675735	catch	32671	n/a	catch_padded.jpg	photodiode	0
5676.027	0.0	5676027	response	6	n/a	n/a	trigger	0
5677.736	0.5	5677736	untrained	32694	73	memtrain/o_519_2.jpg	photodiode	1
5678.637	0.5	5678637	untrained	32684	83	memtrain/so_105_1.jpg	photodiode	1
5679.588	0.5	5679588	trained	32729	38	memtrain/o_603_1.jpg	photodiode	1
5680.338	0.5	5680338	catch	32671	n/a	catch_padded.jpg	photodiode	0
5680.696	0.0	5680696	response	6	n/a	n/a	trigger	0
5682.44	0.5	5682440	trained	32760	7	memtrain/o_091_2.jpg	photodiode	1
5683.191	0.5	5683191	untrained	32674	93	memtrain/so_035_1.jpg	photodiode	1
5683.941	0.5	5683941	untrained	32703	64	memtrain/o_334_2.jpg	photodiode	1
5684.842	0.5	5684842	catch	32671	n/a	catch_padded.jpg	photodiode	0
5685.084	0.0	5685084	response	6	n/a	n/a	trigger	0
5686.794	0.5	5686794	trained	32748	19	memtrain/o_284_2.jpg	photodiode	1
5687.745	0.5	5687745	untrained	32693	74	memtrain/o_550_1.jpg	photodiode	1
5688.595	0.5	5688595	trained	32742	25	memtrain/o_358_2.jpg	photodiode	1
5689.346	0.5	5689346	trained	32743	24	memtrain/o_357_1.jpg	photodiode	1
5690.147	0.5	5690147	untrained	32676	91	memtrain/o_605_1.jpg	photodiode	1
5691.098	0.5	5691098	catch	32671	n/a	catch_padded.jpg	photodiode	0
5691.236	0.0	5691236	response	6	n/a	n/a	trigger	0
5693.099	0.5	5693099	trained	32726	41	memtrain/o_663_2.jpg	photodiode	1
5693.95	0.5	5693950	untrained	32704	63	memtrain/o_310_2.jpg	photodiode	1
5694.701	0.5	5694701	untrained	32690	77	memtrain/o_574_2.jpg	photodiode	1
5695.551	0.5	5695551	catch	32671	n/a	catch_padded.jpg	photodiode	0
5695.856	0.0	5695856	response	6	n/a	n/a	trigger	0
5697.453	0.5	5697453	trained	32753	14	memtrain/o_174_1.jpg	photodiode	1
5698.304	0.5	5698304	trained	32723	44	memtrain/so_045_1.jpg	photodiode	1
5699.054	0.5	5699054	untrained	32719	48	memtrain/o_019_2.jpg	photodiode	1
5699.855	0.5	5699855	catch	32671	n/a	catch_padded.jpg	photodiode	0
5700.14	0.0	5700140	response	6	n/a	n/a	trigger	0
5701.957	0.5	5701957	trained	32737	30	memtrain/o_437_2.jpg	photodiode	1
5702.858	0.5	5702858	untrained	32686	81	memtrain/o_655_2.jpg	photodiode	1
5703.75	0.5	5703750	untrained	32706	61	memtrain/o_298_2.jpg	photodiode	1
5704.6	0.5	5704600	untrained	32689	78	memtrain/o_599_1.jpg	photodiode	1
5705.551	0.5	5705551	untrained	32678	89	memtrain/o_469_1.jpg	photodiode	1
5706.502	0.5	5706502	catch	32671	n/a	catch_padded.jpg	photodiode	0
5706.713	0.0	5706713	response	6	n/a	n/a	trigger	0
5708.504	0.5	5708504	untrained	32680	87	memtrain/o_365_1.jpg	photodiode	1
5709.254	0.5	5709254	untrained	32708	59	memtrain/o_201_2.jpg	photodiode	1
5710.105	0.5	5710105	trained	32755	12	memtrain/o_127_2.jpg	photodiode	1
5711.056	0.5	5711056	trained	32735	32	memtrain/o_485_2.jpg	photodiode	1
5711.857	0.5	5711857	catch	32671	n/a	catch_padded.jpg	photodiode	0
5712.139	0.0	5712139	response	6	n/a	n/a	trigger	0
5713.758	0.5	5713758	trained	32731	36	memtrain/o_583_1.jpg	photodiode	1
5714.659	0.5	5714659	untrained	32683	84	memtrain/so_117_2.jpg	photodiode	1
5715.51	0.5	5715510	trained	32767	0	memtrain/o_006_1.jpg	photodiode	1
5716.31	0.5	5716310	catch	32671	n/a	catch_padded.jpg	photodiode	0
5716.725	0.0	5716725	response	6	n/a	n/a	trigger	0
5718.362	0.5	5718362	untrained	32692	75	memtrain/o_564_1.jpg	photodiode	1
5719.213	0.5	5719213	untrained	32682	85	memtrain/o_218_1.jpg	photodiode	1
5720.164	0.5	5720164	trained	32757	10	memtrain/o_111_2.jpg	photodiode	1
5720.964	0.5	5720964	trained	32740	27	memtrain/o_379_2.jpg	photodiode	1
5721.815	0.5	5721815	catch	32671	n/a	catch_padded.jpg	photodiode	0
5722.076	0.0	5722076	response	6	n/a	n/a	trigger	0
5723.867	0.5	5723867	trained	32763	4	memtrain/o_042_1.jpg	photodiode	1
5724.768	0.5	5724768	trained	32730	37	memtrain/o_597_1.jpg	photodiode	1
5725.718	0.5	5725718	untrained	32713	54	memtrain/o_145_1.jpg	photodiode	1
5726.619	0.5	5726619	trained	32741	26	memtrain/o_376_1.jpg	photodiode	1
5727.37	0.5	5727370	trained	32734	33	memtrain/o_536_1.jpg	photodiode	1
5728.221	0.5	5728221	catch	32671	n/a	catch_padded.jpg	photodiode	0
5728.588	0.0	5728588	response	6	n/a	n/a	trigger	0
5730.272	0.5	5730272	trained	32752	15	memtrain/o_195_1.jpg	photodiode	1
5731.223	0.5	5731223	untrained	32687	80	memtrain/o_613_1.jpg	photodiode	1
5732.116	0.5	5732116	trained	32728	39	memtrain/o_606_1.jpg	photodiode	1
5732.866	0.5	5732866	trained	32745	22	memtrain/o_321_1.jpg	photodiode	1
5733.617	0.5	5733617	trained	32747	20	memtrain/o_290_1.jpg	photodiode	1
5734.418	0.5	5734418	catch	32671	n/a	catch_padded.jpg	photodiode	0
5734.629	0.0	5734629	response	6	n/a	n/a	trigger	0
5736.528	0.5	5736528	untrained	32698	69	memtrain/o_464_2.jpg	photodiode	1
5737.27	0.5	5737270	trained	32758	9	memtrain/o_101_2.jpg	photodiode	1
5738.121	0.5	5738121	trained	32762	5	memtrain/o_067_1.jpg	photodiode	1
5739.072	0.5	5739072	catch	32671	n/a	catch_padded.jpg	photodiode	0
5739.509	0.0	5739509	response	6	n/a	n/a	trigger	0
5741.123	0.5	5741123	trained	32744	23	memtrain/o_338_2.jpg	photodiode	1
5741.874	0.5	5741874	untrained	32718	49	memtrain/o_054_2.jpg	photodiode	1
5742.775	0.5	5742775	trained	32725	42	memtrain/so_034_2.jpg	photodiode	1
5743.525	0.5	5743525	catch	32671	n/a	catch_padded.jpg	photodiode	0
5743.931	0.0	5743931	response	6	n/a	n/a	trigger	0
5745.627	0.5	5745627	untrained	32710	57	memtrain/o_171_1.jpg	photodiode	1
5746.528	0.5	5746528	untrained	32716	51	memtrain/o_103_2.jpg	photodiode	1
5747.479	0.5	5747479	untrained	32699	68	memtrain/o_393_1.jpg	photodiode	1
5748.279	0.5	5748279	untrained	32711	56	memtrain/o_163_2.jpg	photodiode	1
5749.08	0.5	5749080	trained	32754	13	memtrain/o_136_1.jpg	photodiode	1
5749.981	0.5	5749981	catch	32671	n/a	catch_padded.jpg	photodiode	0
5750.23	0.0	5750230	response	6	n/a	n/a	trigger	0
5751.932	0.5	5751932	trained	32724	43	memtrain/so_043_2.jpg	photodiode	1
5752.733	0.5	5752733	trained	32722	45	memtrain/so_090_2.jpg	photodiode	1
5753.484	0.5	5753484	untrained	32700	67	memtrain/o_378_1.jpg	photodiode	1
5754.234	0.5	5754234	trained	32739	28	memtrain/o_397_1.jpg	photodiode	1
5755.035	0.5	5755035	catch	32671	n/a	catch_padded.jpg	photodiode	0
5755.339	0.0	5755339	response	6	n/a	n/a	trigger	0
5757.087	0.5	5757087	trained	32720	47	memtrain/so_147_2.jpg	photodiode	1
5758.038	0.5	5758038	untrained	32709	58	memtrain/o_192_1.jpg	photodiode	1
5758.888	0.5	5758888	untrained	32673	94	memtrain/so_067_1.jpg	photodiode	1
5759.789	0.5	5759789	untrained	32696	71	memtrain/o_483_1.jpg	photodiode	1
5760.731	0.5	5760731	catch	32671	n/a	catch_padded.jpg	photodiode	0
5761.056	0.0	5761056	response	6	n/a	n/a	trigger	0
5762.683	0.5	5762683	trained	32766	1	memtrain/o_015_1.jpg	photodiode	1
5763.534	0.5	5763534	trained	32732	35	memtrain/o_561_2.jpg	photodiode	1
5764.384	0.5	5764384	trained	32749	18	memtrain/o_264_2.jpg	photodiode	1
5765.185	0.5	5765185	untrained	32688	79	memtrain/o_600_1.jpg	photodiode	1
5766.036	0.5	5766036	catch	32671	n/a	catch_padded.jpg	photodiode	0
5766.309	0.0	5766309	response	6	n/a	n/a	trigger	0
5767.988	0.5	5767988	trained	32750	17	memtrain/o_232_1.jpg	photodiode	1
5768.938	0.5	5768938	trained	32765	2	memtrain/o_035_1.jpg	photodiode	1
5769.839	0.5	5769839	untrained	32697	70	memtrain/o_471_2.jpg	photodiode	1
5770.69	0.5	5770690	catch	32671	n/a	catch_padded.jpg	photodiode	0
5771.016	0.0	5771016	response	6	n/a	n/a	trigger	0
5772.792	0.5	5772792	trained	32755	12	memtrain/o_127_2.jpg	photodiode	1
5773.642	0.5	5773642	trained	32747	20	memtrain/o_290_1.jpg	photodiode	1
5774.493	0.5	5774493	untrained	32674	93	memtrain/so_035_1.jpg	photodiode	1
5775.394	0.5	5775394	untrained	32684	83	memtrain/so_105_1.jpg	photodiode	1
5776.194	0.5	5776194	trained	32751	16	memtrain/o_199_2.jpg	photodiode	1
5776.945	0.5	5776945	catch	32671	n/a	catch_padded.jpg	photodiode	0
5777.234	0.0	5777234	response	6	n/a	n/a	trigger	0
5778.947	0.5	5778947	trained	32758	9	memtrain/o_101_2.jpg	photodiode	1
5779.898	0.5	5779898	trained	32744	23	memtrain/o_338_2.jpg	photodiode	1
5780.648	0.5	5780648	trained	32763	4	memtrain/o_042_1.jpg	photodiode	1
5781.399	0.5	5781399	trained	32724	43	memtrain/so_043_2.jpg	photodiode	1
5782.3	0.5	5782300	trained	32757	10	memtrain/o_111_2.jpg	photodiode	1
5783.1	0.5	5783100	catch	32671	n/a	catch_padded.jpg	photodiode	0
5783.375	0.0	5783375	response	6	n/a	n/a	trigger	0
5785.152	0.5	5785152	untrained	32693	74	memtrain/o_550_1.jpg	photodiode	1
5785.903	0.5	5785903	untrained	32690	77	memtrain/o_574_2.jpg	photodiode	1
5786.753	0.5	5786753	trained	32761	6	memtrain/o_076_1.jpg	photodiode	1
5787.604	0.5	5787604	untrained	32676	91	memtrain/o_605_1.jpg	photodiode	1
5788.405	0.5	5788405	trained	32732	35	memtrain/o_561_2.jpg	photodiode	1
5789.256	0.5	5789256	catch	32671	n/a	catch_padded.jpg	photodiode	0
5789.552	0.0	5789552	response	6	n/a	n/a	trigger	0
5791.307	0.5	5791307	trained	32729	38	memtrain/o_603_1.jpg	photodiode	1
5792.2	0.5	5792200	trained	32745	22	memtrain/o_321_1.jpg	photodiode	1
5793.101	0.5	5793101	trained	32764	3	memtrain/o_040_2.jpg	photodiode	1
5794.051	0.5	5794051	catch	32671	n/a	catch_padded.jpg	photodiode	0
5794.49	0.0	5794490	response	6	n/a	n/a	trigger	0
5795.953	0.5	5795953	untrained	32677	90	memtrain/o_580_1.jpg	photodiode	1
5796.804	0.5	5796804	trained	32746	21	memtrain/o_319_1.jpg	photodiode	1
5797.705	0.5	5797705	untrained	32708	59	memtrain/o_201_2.jpg	photodiode	1
5798.655	0.5	5798655	untrained	32714	53	memtrain/o_142_2.jpg	photodiode	1
5799.606	0.5	5799606	catch	32671	n/a	catch_padded.jpg	photodiode	0
5799.892	0.0	5799892	response	6	n/a	n/a	trigger	0
5801.508	0.5	5801508	trained	32737	30	memtrain/o_437_2.jpg	photodiode	1
5802.308	0.5	5802308	trained	32740	27	memtrain/o_379_2.jpg	photodiode	1
5803.259	0.5	5803259	untrained	32704	63	memtrain/o_310_2.jpg	photodiode	1
5804.06	0.5	5804060	trained	32743	24	memtrain/o_357_1.jpg	photodiode	1
5804.961	0.5	5804961	untrained	32694	73	memtrain/o_519_2.jpg	photodiode	1
5805.761	0.5	5805761	catch	32671	n/a	catch_padded.jpg	photodiode	0
5805.96	0.0	5805960	response	6	n/a	n/a	trigger	0
5807.863	0.5	5807863	trained	32760	7	memtrain/o_091_2.jpg	photodiode	1
5808.614	0.5	5808614	trained	32756	11	memtrain/o_117_2.jpg	photodiode	1
5809.515	0.5	5809515	trained	32728	39	memtrain/o_606_1.jpg	photodiode	1
5810.465	0.5	5810465	trained	32734	33	memtrain/o_536_1.jpg	photodiode	1
5811.366	0.5	5811366	catch	32671	n/a	catch_padded.jpg	photodiode	0
5811.738	0.0	5811738	response	6	n/a	n/a	trigger	0
5813.368	0.5	5813368	untrained	32715	52	memtrain/o_141_1.jpg	photodiode	1
5814.269	0.5	5814269	trained	32725	42	memtrain/so_034_2.jpg	photodiode	1
5815.169	0.5	5815169	untrained	32685	82	memtrain/o_656_1.jpg	photodiode	1
5816.12	0.5	5816120	trained	32753	14	memtrain/o_174_1.jpg	photodiode	1
5817.071	0.5	5817071	untrained	32701	66	memtrain/o_342_2.jpg	photodiode	1
5817.822	0.5	5817822	catch	32671	n/a	catch_padded.jpg	photodiode	0
5818.169	0.0	5818169	response	6	n/a	n/a	trigger	0
5819.723	0.5	5819723	untrained	32687	80	memtrain/o_613_1.jpg	photodiode	1
5820.615	0.5	5820615	trained	32765	2	memtrain/o_035_1.jpg	photodiode	1
5821.366	0.5	5821366	trained	32726	41	memtrain/o_663_2.jpg	photodiode	1
5822.267	0.5	5822267	untrained	32698	69	memtrain/o_464_2.jpg	photodiode	1
5823.168	0.5	5823168	catch	32671	n/a	catch_padded.jpg	photodiode	0
5823.573	0.0	5823573	response	6	n/a	n/a	trigger	0
5825.069	0.5	5825069	untrained	32675	92	memtrain/so_033_1.jpg	photodiode	1
5826.02	0.5	5826020	untrained	32688	79	memtrain/o_600_1.jpg	photodiode	1
5826.821	0.5	5826821	untrained	32673	94	memtrain/so_067_1.jpg	photodiode	1
5827.671	0.5	5827671	trained	32736	31	memtrain/o_465_2.jpg	photodiode	1
5828.522	0.5	5828522	catch	32671	n/a	catch_padded.jpg	photodiode	0
5828.788	0.0	5828788	response	6	n/a	n/a	trigger	0
5830.624	0.5	5830624	untrained	32710	57	memtrain/o_171_1.jpg	photodiode	1
5831.425	0.5	5831425	untrained	32709	58	memtrain/o_192_1.jpg	photodiode	1
5832.225	0.5	5832225	untrained	32679	88	memtrain/o_458_1.jpg	photodiode	1
5833.026	0.5	5833026	untrained	32716	51	memtrain/o_103_2.jpg	photodiode	1
5833.927	0.5	5833927	catch	32671	n/a	catch_padded.jpg	photodiode	0
5834.27	0.0	5834270	response	6	n/a	n/a	trigger	0
5835.878	0.5	5835878	untrained	32683	84	memtrain/so_117_2.jpg	photodiode	1
5836.629	0.5	5836629	untrained	32678	89	memtrain/o_469_1.jpg	photodiode	1
5837.38	0.5	5837380	trained	32762	5	memtrain/o_067_1.jpg	photodiode	1
5838.23	0.5	5838230	untrained	32691	76	memtrain/o_570_1.jpg	photodiode	1
5839.181	0.5	5839181	trained	32739	28	memtrain/o_397_1.jpg	photodiode	1
5840.082	0.5	5840082	catch	32671	n/a	catch_padded.jpg	photodiode	0
5840.356	0.0	5840356	response	6	n/a	n/a	trigger	0
5842.184	0.5	5842184	untrained	32689	78	memtrain/o_599_1.jpg	photodiode	1
5842.984	0.5	5842984	trained	32731	36	memtrain/o_583_1.jpg	photodiode	1
5843.935	0.5	5843935	untrained	32692	75	memtrain/o_564_1.jpg	photodiode	1
5844.686	0.5	5844686	untrained	32695	72	memtrain/o_490_1.jpg	photodiode	1
5845.637	0.5	5845637	untrained	32706	61	memtrain/o_298_2.jpg	photodiode	1
5846.387	0.5	5846387	catch	32671	n/a	catch_padded.jpg	photodiode	0
5846.713	0.0	5846713	response	6	n/a	n/a	trigger	0
5848.331	0.5	5848331	untrained	32719	48	memtrain/o_019_2.jpg	photodiode	1
5849.232	0.5	5849232	untrained	32682	85	memtrain/o_218_1.jpg	photodiode	1
5850.132	0.5	5850132	untrained	32700	67	memtrain/o_378_1.jpg	photodiode	1
5850.933	0.5	5850933	trained	32741	26	memtrain/o_376_1.jpg	photodiode	1
5851.834	0.5	5851834	catch	32671	n/a	catch_padded.jpg	photodiode	0
5852.217	0.0	5852217	response	6	n/a	n/a	trigger	0
5853.844	0.5	5853844	untrained	32680	87	memtrain/o_365_1.jpg	photodiode	1
5854.736	0.5	5854736	untrained	32702	65	memtrain/o_337_2.jpg	photodiode	1
5855.487	0.5	5855487	untrained	32713	54	memtrain/o_145_1.jpg	photodiode	1
5856.338	0.5	5856338	untrained	32681	86	memtrain/o_288_1.jpg	photodiode	1
5857.288	0.5	5857288	trained	32730	37	memtrain/o_597_1.jpg	photodiode	1
5858.239	0.5	5858239	catch	32671	n/a	catch_padded.jpg	photodiode	0
5858.548	0.0	5858548	response	6	n/a	n/a	trigger	0
5860.341	0.5	5860341	trained	32759	8	memtrain/o_094_1.jpg	photodiode	1
5861.092	0.5	5861092	untrained	32696	71	memtrain/o_483_1.jpg	photodiode	1
5862.042	0.5	5862042	untrained	32697	70	memtrain/o_471_2.jpg	photodiode	1
5862.943	0.5	5862943	trained	32733	34	memtrain/o_558_2.jpg	photodiode	1
5863.894	0.5	5863894	catch	32671	n/a	catch_padded.jpg	photodiode	0
5864.222	0.0	5864222	response	6	n/a	n/a	trigger	0
5865.846	0.5	5865846	trained	32754	13	memtrain/o_136_1.jpg	photodiode	1
5866.746	0.5	5866746	trained	32723	44	memtrain/so_045_1.jpg	photodiode	1
5867.597	0.5	5867597	untrained	32705	62	memtrain/o_304_1.jpg	photodiode	1
5868.348	0.5	5868348	trained	32766	1	memtrain/o_015_1.jpg	photodiode	1
5869.098	0.5	5869098	trained	32752	15	memtrain/o_195_1.jpg	photodiode	1
5869.949	0.5	5869949	catch	32671	n/a	catch_padded.jpg	photodiode	0
5870.229	0.0	5870229	response	6	n/a	n/a	trigger	0
5871.951	0.5	5871951	trained	32721	46	memtrain/so_113_1.jpg	photodiode	1
5872.902	0.5	5872902	untrained	32717	50	memtrain/o_057_2.jpg	photodiode	1
5873.652	0.5	5873652	untrained	32699	68	memtrain/o_393_1.jpg	photodiode	1
5874.503	0.5	5874503	trained	32738	29	memtrain/o_416_1.jpg	photodiode	1
5875.254	0.5	5875254	untrained	32707	60	memtrain/o_228_2.jpg	photodiode	1
5876.204	0.5	5876204	catch	32671	n/a	catch_padded.jpg	photodiode	0
5876.569	0.0	5876569	response	6	n/a	n/a	trigger	0
5878.198	0.5	5878198	untrained	32718	49	memtrain/o_054_2.jpg	photodiode	1
5878.998	0.5	5878998	untrained	32672	95	memtrain/so_125_1.jpg	photodiode	1
5879.858	0.5	5879858	untrained	32703	64	memtrain/o_334_2.jpg	photodiode	1
5880.75	0.5	5880750	catch	32671	n/a	catch_padded.jpg	photodiode	0
5881.185	0.0	5881185	response	6	n/a	n/a	trigger	0
5882.701	0.5	5882701	trained	32749	18	memtrain/o_264_2.jpg	photodiode	1
5883.552	0.5	5883552	trained	32727	40	memtrain/o_648_2.jpg	photodiode	1
5884.503	0.5	5884503	untrained	32712	55	memtrain/o_153_2.jpg	photodiode	1
5885.304	0.5	5885304	trained	32720	47	memtrain/so_147_2.jpg	photodiode	1
5886.254	0.5	5886254	trained	32735	32	memtrain/o_485_2.jpg	photodiode	1
5887.055	0.5	5887055	catch	32671	n/a	catch_padded.jpg	photodiode	0
5887.172	0.0	5887172	response	6	n/a	n/a	trigger	0
5889.057	0.5	5889057	trained	32722	45	memtrain/so_090_2.jpg	photodiode	1
5889.807	0.5	5889807	trained	32767	0	memtrain/o_006_1.jpg	photodiode	1
5890.558	0.5	5890558	trained	32748	19	memtrain/o_284_2.jpg	photodiode	1
5891.309	0.5	5891309	catch	32671	n/a	catch_padded.jpg	photodiode	0
5891.852	0.0	5891852	response	6	n/a	n/a	trigger	0
5893.26	0.5	5893260	untrained	32711	56	memtrain/o_163_2.jpg	photodiode	1
5894.111	0.5	5894111	trained	32750	17	memtrain/o_232_1.jpg	photodiode	1
5894.962	0.5	5894962	trained	32742	25	memtrain/o_358_2.jpg	photodiode	1
5895.763	0.5	5895763	untrained	32686	81	memtrain/o_655_2.jpg	photodiode	1
5896.613	0.5	5896613	catch	32671	n/a	catch_padded.jpg	photodiode	0
5896.925	0.0	5896925	response	6	n/a	n/a	trigger	0
5899.087	0.0	5899087	block_end	120	n/a	n/a	trigger	0
